400 400
7817 6985 7979 7530 7968 7175 7960 8102 7901 7973 7503 8089 7859 7782 7770 7730 7593 7756 8056 7729 7532 7772 7943 7271 7738 7916 8183 7016 7672 7900 7237 7860 7346 7819 7558 7775 7762 7892 7768 7833 6660 7756 7537 7436 7594 7480 8290 7808 7385 7626 8158 7923 7962 8373 7418 7940 8033 7976 7803 7725 7635 7641 7358 7955 7205 7896 8174 7583 7653 7995 7663 7787 7537 7750 7983 7784 7239 7768 7340 7997 7622 7793 8044 8190 7871 7825 7551 7744 7943 8301 7677 7687 7592 7917 7500 7858 7726 8168 7405 7606 7800 8066 8109 7699 7446 7778 7247 7952 7857 7915 7601 7487 7750 8085 7329 7600 7522 7644 7726 7727 7673 7571 7436 7363 7488 7515 8208 7562 7692 7520 7835 7676 7647 8208 8254 7936 7786 7156 7872 7507 7919 7929 7739 7575 7857 7460 7780 7814 7603 7580 7813 7872 7985 7969 7714 7689 8165 7486 7219 7559 7608 7668 8074 7972 7169 7303 7718 7340 7757 7974 8180 8045 7944 7336 7768 7794 8316 8121 7372 7685 8032 7869 7364 7085 7898 7318 7912 7665 7523 7507 7998 7477 7636 7539 7107 7444 8354 8088 7648 7560 7716 7510 7439 8109 7989 7686 7283 8145 7630 7768 7440 7879 7859 7767 7288 7323 7982 7886 7446 7920 8013 7758 7739 8425 7660 7490 7744 8038 7715 7540 7326 7607 7528 7382 7753 7473 7853 8002 7912 8267 7414 7612 7649 7367 7931 7903 8335 7521 7253 7700 7698 8117 7895 7626 7746 8075 7707 7646 7699 7705 7168 7375 8262 7956 7546 7643 7765 7798 7666 7085 7036 7270 7543 7630 7353 7876 7798 7462 8151 7135 7796 7655 7546 7611 7836 7637 7506 7467 7609 7894 8094 7849 7989 7903 7331 7698 8069 7530 7330 7702 7429 7659 7617 8150 7419 7275 8042 8366 8163 7957 7300 7703 7539 7206 7556 7288 7296 7888 7792 7626 7350 7437 7674 7859 7614 7812 7787 7930 7420 7364 7545 8160 7779 7502 7469 7958 8149 7135 8035 7757 7880 8392 7696 7228 7842 7870 7638 7932 7277 7090 7307 7711 7559 7751 7508 7752 7636 7657 8037 7456 7880 8377 7601 7649 8070 7513 7131 7586 7886 7547 7998 8261 8044 7515 7876 7584 7232 7594 7592 7697 7822 7550 7478 7470 7279 7718 8149 7641 7604 7502 7855 8103 7409 7472 8437 7414 8028 7897 7308 7690 
7677 7567 7965 7837 7953 7455 7892 8047 7627 7570 7704 8129 8234 7633 8040 7812 7404 7840 8092 7745 7957 7820 7839 7589 8044 8135 8265 7459 7783 8202 7348 7979 8142 8062 7687 7936 7647 7837 8027 7730 6785 8094 7254 7518 7906 7893 8016 7467 7459 7752 8117 8214 7969 8125 7301 7957 7822 7722 7769 8106 7630 7698 7264 8053 7306 7740 8090 7999 7732 7917 7722 7894 7561 7645 7489 7952 7428 8096 7396 8036 7870 8315 8023 8118 8358 7935 7975 7709 8158 7872 7841 7716 7538 7975 7859 7923 7617 8254 7936 7698 7652 7998 8087 7653 7410 7467 7544 8259 7976 7973 7256 7759 7928 7910 7769 7711 7830 7438 7482 7616 8187 7707 7519 7202 7596 7758 8572 7581 7769 7607 7776 7474 7596 8094 8282 7924 7623 7652 7812 7564 7853 8096 8216 7331 8039 7382 7971 7769 7439 7823 8065 7905 7571 8195 7892 7995 8252 7742 7389 7799 7780 7801 7848 8217 7101 7468 8025 7513 8000 8169 8365 7916 8119 7588 7941 8234 7918 8388 7435 7951 8277 7792 7572 7665 7823 7221 8061 7908 7430 7408 8134 7820 7438 7448 7470 7417 8378 7856 7923 7461 7672 7284 7637 8169 7986 7559 7784 8327 7673 7727 7604 7242 7824 7932 7458 7923 8363 7786 7712 7580 8038 7827 7703 8334 8075 7395 7909 7841 7597 8016 7604 7345 7874 7392 7975 7553 7969 8215 8258 7906 7905 7573 7664 7765 7883 7617 8180 7650 7491 7859 7926 8149 7846 7263 7870 8164 8020 7869 7736 7618 7240 7846 8352 8041 7262 7720 8071 7730 7603 7145 7139 7533 7553 7582 7628 8137 8165 7583 8463 7853 8152 7968 7421 7816 8261 7771 7873 7917 7717 7908 8175 7960 8155 7865 7697 7906 7457 7550 7421 8010 7371 7962 7920 7721 7639 7435 8261 8291 8087 7999 7727 7883 7553 7580 7488 7342 7379 8138 7970 7677 7369 7804 7630 7883 7640 7693 7754 7847 7213 7775 7446 8286 7997 7877 7548 8169 8097 7681 8250 7825 7743 8158 7759 7429 7883 7751 7830 8060 7518 7177 7493 7662 7860 7851 7317 7773 7652 7764 8319 7820 7669 8362 7830 7912 7928 7648 7409 7444 8024 7568 8096 8136 7843 7695 7834 7682 7476 7994 7672 7640 7817 7614 7518 7453 7394 7703 8269 7675 7484 7646 8082 7868 7786 8047 8247 7595 8283 8278 7349 7923 
8389 8280 8449 8936 8331 8063 8464 8646 8690 8318 8303 8726 8547 8219 8657 8553 8481 8889 8916 8390 8818 8490 8297 8209 8081 8671 9036 8146 8431 8596 8071 8456 8195 8792 8462 8133 8437 8653 8684 8792 7956 8364 7880 8390 8622 8183 8998 8679 8211 8425 8689 8771 8550 9268 7893 8284 8265 8582 8842 8293 8552 8167 8209 8831 7962 8408 9016 8516 8264 8809 8356 8595 8142 8415 8935 8684 7993 8760 8325 8551 8694 9135 8114 8745 8847 8578 8588 8635 8798 8833 8584 8675 8342 8230 8529 8451 8442 9170 8360 8819 8768 8792 8940 8255 8187 8531 7867 8552 8713 8973 8424 7940 8470 8512 8201 8522 8194 8471 8515 8389 8637 8224 8463 8283 8670 8384 9006 8277 8476 8229 8611 8160 7918 8864 9217 8650 8400 8237 8837 7900 8486 9247 8962 8220 8904 8285 8587 8609 8475 8331 8517 8570 9019 8716 8558 8487 9001 8044 7976 8652 8321 8180 8928 8731 8052 7848 8592 8179 8783 9062 9152 8464 8596 8167 8647 8786 8914 9007 7913 8652 8911 8575 7950 8277 8628 7726 8467 8501 8198 8021 8666 8945 8216 7918 7956 8118 8837 8505 8812 8123 8478 8544 8479 8769 8664 8361 8456 9117 8454 8258 8275 8320 8697 8548 8299 8823 8689 8559 8148 8635 8974 8259 8752 8890 8378 8219 8409 8894 8354 8325 8309 8310 8209 7984 8637 8135 8864 8938 8491 8847 8494 8819 8060 7880 8454 8660 8711 8060 8082 8416 8300 9172 8566 8272 8643 8796 8380 8791 8234 8180 8108 8737 9083 8473 8272 8475 8570 8817 8080 7430 7916 7510 8492 8635 8328 8509 8529 8468 9032 8613 8786 8928 8301 8319 8718 8026 8336 8447 8221 8747 8779 8747 8973 8494 7857 8352 8598 8661 8070 9125 8311 8580 8042 8708 8373 7713 8838 8778 8771 8527 8622 8614 8311 8500 8432 8183 8537 8785 8427 8153 7914 8499 8063 8470 8327 8445 8722 8330 8150 8342 8341 8946 8532 8552 8424 8695 9025 8788 9204 8375 8572 9073 8663 7908 8586 8593 8463 8609 8605 7774 7982 8263 8288 8733 8286 8601 8620 8477 8941 8402 8543 9082 8199 8222 8832 7915 7992 8101 8519 8272 8728 8805 8786 8407 8713 8515 8237 8463 8574 8573 8506 8136 8295 8175 7910 8171 8932 8261 8159 8591 8216 8563 8858 8422 8793 8374 9177 8818 8302 8415 
8697 8390 8777 9040 9066 8365 8495 8932 8555 8334 8418 9017 8889 8810 9032 8622 8364 8684 9485 8606 8663 8740 8558 8204 8609 8558 9094 8166 8704 8694 8113 8584 8518 8802 8623 8499 8524 8858 9100 9115 8153 8437 8385 8482 8455 8075 9026 8454 8087 8406 8922 8596 8555 9079 8312 8525 8670 8342 8532 8649 8442 8309 8088 8334 8081 8606 8739 8632 8755 8860 8518 8545 8675 8513 8949 9005 8242 8551 8117 8277 8413 9511 8758 9019 9349 8359 8829 8485 8779 8862 8613 8392 8312 8399 8704 8559 8525 9184 8421 8853 8746 8862 8734 8236 8191 8795 8294 8786 9437 9255 8602 8465 8887 8461 8729 8549 8306 8304 8763 8199 8774 9180 8469 8324 8383 8562 9102 8592 9100 8313 8467 8355 8255 9140 9383 8576 8604 8409 8674 8124 8990 9002 9152 8324 8911 8426 8766 9093 8145 8634 8709 8930 8931 8830 8599 8543 9049 8523 8283 8613 8448 8693 8524 8692 8210 8076 8978 8105 8526 8928 9160 8595 8496 8470 8445 9030 8877 9115 8093 9033 8823 8466 8574 8271 8916 8030 8757 9033 8327 7916 8678 8851 8703 8441 8105 8262 9107 8933 9015 8405 8121 8742 8524 9085 9049 8491 8477 9364 8643 8655 8388 8298 8518 8635 8460 8682 8883 8886 8735 8322 8973 8539 8873 9324 8275 8224 8704 9131 8367 8470 8784 7969 8549 8437 8567 8204 8918 9005 9096 8853 8901 8540 8203 8413 8760 8799 8876 8499 8352 8486 8630 8915 8694 8484 8755 8938 8862 8951 8412 8495 8265 8925 9327 8823 8390 8477 8704 9042 8503 8221 7870 7817 8359 8396 8292 8696 8712 8233 9085 8515 8804 8640 8332 8579 9044 8454 8764 8453 8248 8725 9220 8779 8636 8712 8050 8441 8800 8640 8498 8669 8278 8413 8317 8813 8554 8502 9025 9097 8966 8672 8244 8416 8740 8203 8770 8666 8268 8782 8772 8546 8265 8721 8468 8623 8243 8275 8702 8501 8218 8774 8673 8915 8620 8390 8754 8983 9139 8421 8917 8686 9172 9251 8398 8001 8458 8728 8451 9263 8240 7791 8424 8275 8391 9017 8563 8779 8498 8604 8885 8273 8930 9132 8284 8747 8777 8176 8240 8215 8588 8159 8901 9123 9081 8270 8414 8420 8373 8882 8591 8582 8512 8478 8477 8254 8407 8501 9208 8447 8351 8724 8875 8874 8723 8578 9206 8002 9297 9055 8205 8413 
8304 8020 8480 8725 8595 8017 7869 8395 8345 8132 8169 8468 8262 8351 8468 8149 8100 8410 8671 8173 8389 8088 8170 8078 8361 8344 8652 7814 8128 8488 7752 8317 7831 8385 8371 8379 8357 8343 8682 8613 7327 8034 7816 8148 8379 8042 8682 8482 7792 7961 8430 8557 8294 8804 8212 8143 8233 8480 8513 8400 8430 8011 7964 8476 7671 8345 8525 8257 7877 8304 7845 8257 8231 8308 8418 8430 7860 8320 8179 8384 8423 8916 8304 8402 8615 8062 8427 8436 8808 8311 8548 8030 8381 8420 8345 8255 8332 8323 7835 8458 8313 8464 8984 8234 8144 8379 7747 8534 8297 8428 8390 7788 8138 8308 8116 8270 8229 8100 8411 7920 8369 8035 8149 7751 7944 7965 8907 8150 8278 8022 8801 7840 8075 8693 8724 8170 8435 8287 8482 7810 8744 8695 8393 8263 8891 7792 8314 8410 8045 8207 8389 8141 8569 8696 8441 8073 8403 8361 7849 8283 8529 8258 8325 8515 8020 7781 8767 8219 8517 8434 9062 8216 8219 7950 8286 8514 8590 8953 7929 8295 8349 8044 7937 7978 8346 7690 8332 8115 7673 8106 8495 8361 8024 8006 8127 7721 8906 8469 8563 8012 8543 7887 8352 8866 8686 8026 7987 8736 8136 8165 8035 7904 8144 8391 7787 8439 8563 8320 8108 8122 8404 8049 8229 8511 8469 7667 8141 8740 8177 8533 8305 7803 8328 7897 8178 7761 8536 8600 8671 8512 8405 8317 8240 7855 8257 8381 8746 8023 8189 8354 8337 9104 8547 7924 8318 8722 8083 8137 7908 7851 7720 8176 9001 8449 7615 8443 8378 8478 8052 7371 7647 7706 8116 8146 7853 8339 7976 8075 8920 8175 8728 8492 7925 8360 8603 8143 8521 8364 8447 8306 8725 8132 8682 8596 8284 8143 8314 8120 8023 8492 7969 7934 8116 8340 7997 7613 8527 8627 8462 8420 7933 8294 8227 8283 8142 7897 7971 8829 8480 8198 7769 8234 7743 8619 8062 7992 8485 7999 7994 8465 8188 8613 8349 8174 8006 8693 8964 8141 8641 8386 8443 8714 8121 7813 8299 8128 8577 8592 7890 7756 8065 8117 8063 8633 7533 8505 8233 8242 8784 8330 8345 8715 8327 8463 8467 8004 7794 7610 8306 8117 8730 8758 8714 8289 8711 8297 7941 8218 8017 8159 8327 7997 8092 7859 7876 8097 8641 7932 7742 8624 8148 8520 8019 8230 8409 8179 8546 8751 7863 8226 
8556 8318 8753 8643 8444 8504 8491 8932 8187 8090 8484 8866 8229 8312 8315 8265 8294 8855 9187 8540 8419 8425 8762 8368 8292 8517 9005 8013 8289 8816 8046 8395 8164 8819 8533 8237 8771 8217 8891 8706 7770 8283 8219 8188 8251 8479 8880 8695 7978 8302 8794 8973 8779 9059 8298 8625 8516 8189 8799 8694 8522 8373 7966 8602 7932 8614 8881 8318 8369 9066 8445 8338 7957 8479 8725 8859 7759 8540 7887 8294 8780 8993 8615 8750 8800 8528 8442 8200 8669 8706 8583 8325 8563 8575 8309 8556 8358 8401 8275 8463 8633 9080 8650 8085 7698 8126 8155 8604 8784 8860 8329 8536 8595 8623 8392 8332 8684 8754 8561 8464 8504 8690 8382 8242 8440 8357 9092 8086 8461 8457 8581 8276 8125 9014 9071 8508 8536 8331 8634 8062 8589 8691 8336 8538 8690 8111 8261 8582 7874 8349 8518 8648 8502 9089 8512 8375 8871 7907 8186 8656 8317 8340 8712 8495 8067 7965 8855 8323 8360 8368 8858 8257 8612 8340 8250 8546 8940 8876 8177 8532 8871 8605 7980 7970 8684 7916 8574 8540 8110 8118 8618 8417 8484 8226 8022 8353 8760 8789 8474 8677 8397 8352 8251 8888 8721 8085 8281 8891 8321 8078 8365 8091 8367 8458 7882 8278 8501 8542 7939 8482 8925 8218 8508 8917 8598 8459 8702 9041 8396 8746 8590 7942 8047 8189 8542 7866 8624 8546 8722 8943 8254 8289 8129 8013 8527 8589 8709 8204 8187 8427 8670 9403 8471 8214 8794 8681 8444 8359 8141 8317 7890 8399 9077 8491 8073 8372 8706 8774 8261 8153 7662 8031 8536 8217 7814 8529 8634 8576 8923 8393 8796 8552 8044 8191 8671 8665 8349 8623 8539 8789 8836 8920 8554 8473 8099 8448 8488 8309 8074 8939 8107 8183 8339 8537 8428 7999 8747 8964 8641 8445 8155 8726 8605 8435 8254 7859 8005 8940 8574 8455 8084 8447 8218 8223 8253 8083 8334 8292 8243 8397 8056 8774 8732 8448 8370 8749 9007 8352 8899 8565 8710 9033 8330 7999 8869 8367 8651 8680 8224 7885 7933 8259 8720 8711 8088 8943 8572 8116 8747 8498 8646 9275 8477 8466 8707 8047 8033 8465 8802 8113 8776 8688 8967 8312 8500 8572 8497 8131 8416 8595 8508 8523 8163 8123 7764 8336 9002 8106 8263 8114 8207 8320 8186 8482 8904 8346 9212 8675 8153 8508 
7967 7523 7974 8547 8127 7787 8051 7954 7989 7671 7376 8631 8183 8046 7969 7989 7702 8071 8750 8015 8106 8300 8057 7704 8026 8026 8383 7742 8042 8199 7299 7749 7960 8328 8001 7781 8165 8140 8256 8052 7363 7828 7750 7793 7823 7796 8210 8045 7498 8009 8190 7936 7528 8521 7916 7700 7830 8156 8221 8081 8126 7886 7715 8345 7436 7965 8510 7937 7988 8549 8016 7749 7717 7958 8063 8260 7579 7836 7700 7997 8055 8334 7980 8120 8249 8256 8103 7802 8276 8243 7935 7726 7822 7770 8080 7678 7944 7983 7606 7804 8018 8203 8458 7717 7521 7881 7722 8189 8225 8101 7831 7611 8331 8106 7984 7864 8048 7927 7993 7747 8287 8080 7861 7776 7845 7970 8544 7614 8255 7706 8163 8065 7662 8597 8375 7980 8143 7631 8466 7522 8606 8333 7761 7559 8208 7877 7980 8050 7652 7841 8517 8124 8109 8171 7859 8001 8390 7552 7873 7812 8022 7888 8135 8013 7500 7515 8315 7724 7808 7964 8288 8240 8048 7649 8074 8198 8285 8870 7353 8016 8295 7726 7872 7517 8097 7213 7881 8118 7458 7440 7887 8460 7878 7783 7397 7888 8459 8308 8224 7836 7982 7994 7926 8275 8115 7544 7682 8607 7811 7740 7989 7867 8124 7906 7398 8144 7903 8052 7663 8113 8435 8059 7880 8529 7943 7527 7755 8468 7822 7867 8184 7951 8031 7600 8021 7442 8338 8122 8334 8363 7777 7869 7495 7584 8318 8137 7930 7943 7908 8329 7816 8574 7608 7589 8091 8331 8394 8090 7820 7822 7676 8337 8146 8013 7819 7979 7798 8465 7704 7587 7158 7316 8150 7778 7762 7882 8069 8021 8396 7902 8061 8330 7625 7852 8725 7683 7772 7797 8083 8077 8290 8072 8178 7952 7439 7846 7915 7768 7946 8339 7719 7773 7902 8235 7940 7568 8538 8375 8251 7777 7659 7806 7669 7842 7832 7625 7869 8302 8012 7971 7730 8136 7933 7964 7976 7879 8362 7776 7773 7873 7707 7968 8244 7926 7981 8194 8462 7911 8267 8150 8416 8470 7649 7525 8094 8146 7907 8242 7638 7510 7626 7823 8259 7886 7770 8319 8146 7753 8280 7867 8199 8596 7680 7769 8294 7749 7677 7773 8350 7880 8204 8587 8441 7698 8174 8133 7940 8390 7625 8027 8203 8195 7719 7480 7445 7935 8176 7603 7863 7977 7736 8164 7600 8157 8198 7529 8425 8343 7820 7927 
7808 7553 8071 8041 8090 7626 8014 8241 7787 7919 7843 8559 8041 7993 8253 7896 7873 8033 8581 7916 7851 8129 8078 7691 7921 8169 8259 7464 7905 8286 7351 7550 7752 8126 7861 7603 7899 7748 8200 8050 6834 7710 7585 7807 7826 7795 8553 7918 7496 7820 8580 8202 8051 8565 8190 8023 7736 7907 8593 8403 8099 7930 7340 8218 7267 8159 8268 7711 7810 8342 7692 7667 7780 8022 8199 8216 7439 7975 7702 7743 7920 8249 8259 8230 8471 8141 7852 7921 8113 8342 8310 7751 7494 7980 7878 8106 7916 8505 7707 8052 8002 8246 8196 7734 7692 7663 7900 8165 8471 7983 7830 7754 8018 8105 8033 8238 7746 7957 8394 7904 8160 7793 7940 7549 8099 8347 8638 7789 8028 7541 8196 8102 7755 8488 8623 7888 8061 7687 8163 7601 8424 8479 8115 7670 8303 7719 7950 8168 7379 7938 8357 8087 8190 8404 7896 8105 8146 7319 7850 8194 7593 7951 8205 8253 7392 7544 8505 7697 7849 8214 8724 7992 8087 7751 8443 8237 8466 8175 7807 8085 8402 8055 8065 7220 7910 7328 8119 8004 7785 7595 7901 8088 7785 7718 7585 7415 8371 7785 8159 7712 7566 7704 7979 8497 8317 7968 7872 8153 7961 7881 8105 7720 7813 8146 7662 8052 8206 8100 7757 7713 8223 7561 7781 8685 7984 7460 8223 8332 7702 8023 7921 7666 7837 7148 7857 7459 8210 7788 8206 8259 8383 7583 7856 7850 7797 7808 8445 7768 7683 7850 8034 8537 7901 7587 8168 8066 7926 7899 7856 7842 7439 8058 8637 8281 7542 7943 8006 8284 7516 7514 7420 7328 8069 7935 7744 8347 8208 7983 8549 7781 8585 8375 7446 7799 8096 7794 8304 7774 7599 8393 8228 8080 7957 7880 7475 7882 7950 7762 7757 8449 7528 7911 7695 8269 7643 7761 8359 8351 8216 7977 7658 7709 8090 7708 7920 7750 7939 8454 8143 8014 7454 8226 7580 8257 7609 8162 7909 8055 7990 8269 7671 8071 7998 7864 7906 8197 8180 8069 8632 8025 7958 8723 8012 7141 7787 7874 8059 8462 7500 7493 7678 7639 7849 8127 8106 8224 8067 7816 8366 7948 7942 8412 7788 7957 8169 7776 7445 7566 8071 7489 8361 8103 8091 7718 8058 8053 7539 7866 8140 7900 8531 8014 7631 7630 7237 7897 8680 7887 7840 7816 7923 8051 7771 7902 8466 8105 8557 8441 7917 7923 
8203 8231 8255 8460 8465 7937 8283 8429 8118 8286 8175 8636 8282 8434 8287 8539 8126 8423 8911 8436 8415 8057 8081 8160 8354 8390 8612 7964 8293 8324 7877 8088 8172 8270 8258 8098 8123 8433 8538 8364 7398 8017 7851 8050 8304 7943 9001 8410 7643 8040 8698 8876 8113 8722 7831 8356 8045 7897 8300 8880 8206 8203 7993 8441 7614 8425 8898 8611 8201 8374 8409 7897 7796 8346 8608 8527 7694 8188 8049 8356 8263 8563 8146 8427 8936 8510 8097 8270 8617 8884 8945 8439 8387 8373 8430 8276 8352 8375 7679 8012 8600 8539 8618 8157 7829 8195 7969 8239 8488 8592 7975 7799 8347 8507 8176 8373 8309 8309 8302 8037 8625 8323 8010 8107 8222 8320 8899 8351 8246 7867 8322 8204 7858 8853 8744 8360 8294 8308 8630 7960 8455 8665 8183 7840 8666 8039 8006 8329 8206 8284 8343 8529 8577 8485 8294 8096 8791 7720 8102 8222 8033 8334 8642 8539 7644 7963 8274 7855 8185 8404 8917 8000 8002 8158 8359 8477 8742 8923 7810 8350 8384 8446 7897 7592 8372 7659 7756 8355 8235 7679 8185 8466 7979 7866 7780 8319 8402 8378 8450 8273 8040 8042 8459 8880 8677 8143 7889 8691 8220 8193 8116 8058 8377 8316 7730 8175 8466 8301 7947 8201 8657 8219 8441 8891 8367 7914 8327 8810 8400 8255 8149 7921 8365 7896 8289 7696 8643 8502 8473 8619 8233 7662 7909 8023 8282 8291 8601 8305 7925 8219 8301 8901 8069 8150 8657 8683 8247 8357 8119 8284 8034 8044 8696 8201 7922 8222 8251 8711 7876 7800 7620 7542 8067 8217 7586 8503 8197 8033 8813 8133 8602 8166 8019 8142 8319 8330 8339 8239 8234 8307 8640 8301 8359 8289 7932 8274 8242 8099 7969 8699 7875 8167 8102 8613 7772 7820 8431 8803 8462 8288 7854 8401 8205 8262 8526 7824 7993 8390 8323 8068 7970 8360 7956 8274 8077 8103 8540 7824 7954 8321 8163 8575 8428 8149 8574 8254 8859 8419 8719 8577 8785 8846 8213 7579 8384 8291 8342 8565 7858 7637 7808 8018 7915 8357 8124 8559 8260 8055 8786 8306 8206 9250 8159 8388 8383 7882 8033 7759 8676 8036 8549 8462 8761 8257 8191 8395 8055 8254 8232 8189 8203 8307 7892 8278 7814 8002 8853 7854 8045 8328 7917 8451 8140 8685 8503 8077 8355 8741 7958 8540 
8070 7549 8186 7963 8220 7689 8151 8280 8019 7781 7898 7889 7994 8180 8257 7768 7618 8212 8584 7860 7951 7785 7984 7954 8092 8396 7955 7450 7905 8504 7431 7838 7999 8051 7961 7890 7773 7874 7914 7830 7283 7800 7069 7552 7672 7583 8195 8044 7391 7958 8232 8209 7997 8643 7776 7725 7907 7735 8186 7858 8080 7656 7235 8075 7211 7818 8412 7874 7829 7860 7986 7690 7637 8089 8234 8236 7458 8020 7679 7803 7895 8386 8168 8416 8463 7689 8226 7891 8189 8108 7983 7528 7600 7651 7753 8008 7753 8111 7690 7986 7919 8345 8153 7844 7625 7778 7455 8089 8123 7887 7667 7735 7669 8125 7841 7906 7939 8054 7968 8062 7931 7906 7788 7640 7433 7773 8288 7634 8063 8112 8066 8061 7634 8327 8432 7833 7786 7900 8387 7706 8124 8333 8210 7702 8161 7627 8004 7703 7586 7714 7894 8057 8208 8058 8006 8103 8109 7400 7499 8061 7700 8025 8072 8373 7527 7814 8037 7492 8149 8399 8652 7812 8259 7597 8129 8280 8350 8827 7709 8081 8497 8190 7681 7433 8326 7375 7943 8083 7799 7547 7969 7769 7768 7451 7564 7684 8207 8076 8192 7680 7527 7459 8098 8511 8284 7624 7690 8557 7770 7648 7604 7677 8133 8245 7252 7613 8349 7760 7732 7653 8409 8069 8014 8266 7947 7678 7955 8157 7641 8024 7567 8021 7634 7506 7800 7463 8120 8310 8395 7804 7753 7805 7769 7325 8236 7815 7944 7972 7464 8063 7882 8513 8122 7515 8160 7896 7735 7688 7669 7632 7281 7989 8141 7725 7743 7827 7911 8042 7678 7648 7302 7287 7391 7784 7741 8157 7943 8033 8398 7561 8178 8333 7706 7740 8162 7671 7829 7973 7929 8072 8254 8066 8243 7868 7720 7638 8058 7663 7759 8037 7521 7868 7884 8011 7847 7384 8183 8439 8007 7764 7708 7898 7867 7795 7681 7764 7870 8262 7984 7938 7691 8029 7807 7967 7828 7494 8156 8255 7418 8054 7931 8365 8134 7723 7860 7983 8513 8082 8162 8450 8161 8566 7794 7260 8029 8248 7304 7961 7620 7155 7536 7759 7813 7979 7481 8049 7836 8097 8275 7873 7763 8663 7932 7967 8047 7766 7573 7841 7911 7424 8123 8210 8294 7841 8277 7885 7894 8202 8065 8076 8151 8231 7539 7472 7491 7727 8280 7693 7845 7994 7985 7931 7500 8033 8364 7713 8754 8208 7778 8064 
8274 7687 8408 8107 8680 7524 8155 8228 8182 7633 8157 8396 8140 7779 8306 8180 7855 8315 8752 8238 7707 8367 8227 7958 8159 8267 8651 7874 8133 7935 7752 7893 8033 8283 8072 8176 8077 7993 8250 8322 7260 7762 7892 7604 7922 7902 8515 7756 7776 7743 8519 8392 8065 8329 7772 8118 8193 8029 7836 8540 8169 7898 7572 8267 7478 8196 8942 7851 7962 8406 7946 8148 7909 7925 8386 8349 7755 7948 7841 7970 8737 8684 8299 8230 8758 7816 8205 8219 8669 7994 8188 7975 7803 8047 8477 7852 8123 8539 7759 8190 8356 8278 8404 7913 7875 8344 7827 8000 8759 8307 8063 8007 8264 8223 8155 7826 7678 7957 8190 7884 8277 8253 7898 7944 7789 7851 8768 8379 8466 8032 8283 7744 7993 8283 8838 8451 8331 7991 8570 8008 8289 8731 8269 8006 8465 8017 7946 7900 7952 7889 7986 8314 8297 8437 8146 8140 8158 8151 8057 7846 7804 8275 8561 8390 7710 7544 8491 7888 8355 8293 8867 8177 8079 8085 8394 8409 8408 8322 7769 7919 8519 8124 7854 7625 8235 7489 8071 8176 7600 7629 8302 8038 8001 7886 7629 8233 8515 8175 8641 8169 7826 7791 8043 8132 7791 8257 8151 8458 8161 8019 7750 7351 8059 8084 7833 7990 8379 8278 8106 7972 8737 7989 7965 8538 8097 7608 7970 8790 8084 8369 8083 7628 7764 7394 8110 7726 8181 8408 8446 8246 8266 8136 7925 8107 8065 8198 8239 7723 7786 8023 8333 8654 8313 7788 8287 8144 7986 8411 8264 7776 7611 8242 8572 8480 7829 8110 8337 8144 7680 7775 7582 7263 7941 7963 7445 8480 8165 7920 8661 7702 8249 8195 7676 8039 8197 7565 8147 7890 8012 8249 8704 8268 8182 7793 7661 7908 7994 7804 7879 8284 7688 7431 7680 8127 7677 7879 8131 8301 8759 7829 7849 7782 7984 8421 7745 7923 7587 8123 8077 8167 7691 8201 7845 8394 7488 7971 7981 7901 8030 8262 7862 8641 7845 8269 8449 8256 8519 8129 8446 8180 8141 8486 7884 7617 8148 8174 8306 8739 7744 7562 7790 7875 7923 7822 7779 8214 8354 8223 8719 8061 8089 8773 8111 7767 8120 8216 7993 7855 8197 7962 8231 8569 8590 7772 8144 8060 7839 8084 8074 8174 8187 8005 7723 7521 7591 7896 8254 8073 7863 8212 8122 8478 7966 8269 9038 8069 8739 8370 7971 8266 
7758 7440 8029 8246 7744 7540 7807 8005 7852 7780 7760 7978 7878 7961 8218 8104 7871 7868 8242 8102 7836 7847 7687 7818 8032 7838 8160 7761 8004 8203 7424 8059 7731 7956 7589 7823 7675 8295 8063 8197 7508 7846 7340 7631 7935 7859 8308 7945 7646 7890 8111 7856 8014 8302 7794 7852 8055 7979 8085 8131 7878 7811 7788 7853 7356 7927 8365 7986 7933 8631 7984 7748 7822 8054 8008 8279 7362 8079 7755 7988 8062 8172 7897 8040 8222 7657 8085 8082 8411 7866 7981 7870 7570 7855 7941 7888 8072 8112 7521 8047 7903 8570 7874 7593 7579 7949 7704 8186 8279 8353 8187 7699 8153 8013 7712 7675 7711 7850 7808 8023 8194 8021 7948 7801 7734 7744 8631 7982 7922 7852 8120 7661 7588 8495 8748 8081 8021 7885 8537 7314 8273 8352 7889 7677 8290 7627 7993 8025 7683 7847 8103 7892 7958 7955 8272 8099 8277 7323 7244 7736 7567 7847 8255 8230 7543 7678 7923 7856 7766 8085 8519 8055 8079 7805 8112 7906 8197 8810 7598 7948 8306 7860 7886 7585 8022 7495 7945 7834 7611 7678 7875 8013 7841 7703 7504 7606 8458 8045 8087 7599 7818 7640 7769 8333 8193 7889 7873 8618 7874 7979 7732 7402 7779 8084 7671 7753 8121 7903 7617 8005 7960 7569 7940 8194 8001 7618 7604 8429 7578 7971 7532 7442 7761 7703 7935 7805 8225 8102 8005 8451 8078 7616 7650 7519 8159 8222 8024 7609 7402 8048 7965 8375 7987 7591 8132 8443 7654 8041 7664 7697 7469 8050 8314 8116 7512 7972 8131 8195 7893 7373 7395 7440 8226 7714 7245 8085 7737 7562 8326 8181 7873 7993 7561 7849 8125 7603 7925 7754 7755 7875 8422 8133 8245 7755 7552 7738 7716 7892 7803 7980 7253 7745 7860 7843 7939 7485 8188 8626 8188 7740 7737 7862 7878 7816 7797 7316 7621 7984 8191 7638 7402 8196 7704 7948 7634 7557 8057 7740 7622 7901 7738 8264 7886 7932 7957 8091 8564 7698 8457 7887 8146 8257 7622 7160 8096 7781 8053 8258 7427 7533 7491 7386 7913 8244 7378 8191 7632 7942 8349 7717 7442 8347 7806 8165 7699 7683 7255 7617 8232 7877 8350 8159 8159 8039 7600 7947 7578 8141 7694 8029 7965 7978 7514 7852 7404 8384 8363 7647 7703 7853 7747 7804 8115 7729 8586 7602 8558 7973 7968 7929 
8034 8179 8530 8474 8474 7893 8187 8429 8233 8273 8013 8540 8226 8568 8419 8364 8127 8446 8990 8159 8160 8367 8370 8059 8168 8325 8433 7850 8210 8484 7768 8221 8278 8604 8214 8169 8482 8614 8526 8603 7248 7773 7943 7887 8262 8035 8776 8217 7494 8454 8357 8743 8052 8525 8032 8061 8046 8075 8642 8387 8177 7918 7885 8288 7664 8349 8771 8340 8460 8818 8119 7933 7861 8338 8236 8313 7631 8252 8094 8413 8275 8989 8052 8631 8942 8348 8274 8501 8440 8760 8716 7928 7833 8381 8621 8172 8193 8682 7799 8155 8489 8241 8436 8080 7823 8248 7935 8260 8678 7988 8426 7832 8353 8278 8264 8334 8101 8369 8456 8068 8669 8353 8035 7889 8158 8238 8975 8407 8201 7843 8452 8255 8043 8635 8874 8183 8544 8412 8709 7837 8392 8855 8364 8200 8681 7860 8346 8481 7923 8133 8243 8694 8314 8739 8371 8350 8636 7542 7627 8482 8021 8275 8555 8314 7825 7827 8537 8157 8127 8090 8611 8174 8630 8217 8283 8260 8927 8964 7742 8409 8694 8449 8172 7544 8302 7809 8338 8521 8242 7507 8280 8409 8271 7953 7639 8070 8654 8396 8493 7974 8042 8011 8601 8354 8588 8293 8089 8826 8089 7927 7837 7999 8342 8349 7772 8477 8287 8181 7863 8459 8677 8057 8087 8649 8216 8156 8381 8509 8257 8449 8326 8086 8305 8081 8449 7649 8432 8443 8638 8542 8440 7965 8315 7912 8539 8289 8527 7910 7844 8245 8578 8896 8141 8040 8370 8396 8313 8246 8143 7950 7774 8025 8994 8059 7977 8260 8383 8393 8029 7752 7710 7666 8105 8309 8049 8608 8152 8091 8742 8194 8550 8471 7873 8160 8520 7736 8457 8257 8236 8424 8581 8334 8512 8048 7634 8045 8311 8117 8190 8568 7846 8389 7960 8381 7869 8225 8378 8793 8331 8166 8200 8150 7980 7823 8572 7983 7839 8276 8050 8055 7909 8236 7952 8387 8033 7895 8341 7990 7996 8439 8115 8521 8349 8384 8392 8559 8814 8034 8421 8196 8493 9095 8332 7272 8647 8356 8165 8639 8042 7814 7841 7976 8356 8557 8134 8989 8517 8190 8959 7949 8428 8618 8406 8139 8201 8044 8082 8092 8350 8281 8730 8129 8587 8313 8511 8228 8272 8551 8147 8199 8523 8043 8062 7862 7885 8182 8579 8091 7913 8411 8178 8410 7987 8244 8416 8110 8448 8477 8138 8080 
8654 8146 8604 9144 8893 8270 8410 8472 8650 8336 8596 8688 8589 8591 8807 8890 8517 8805 9254 8611 8512 8627 8850 8363 8714 9080 8732 8366 8591 8963 8107 8708 8358 8787 8513 8370 8834 8667 9234 9011 7967 8407 8365 8499 8415 8482 9218 8398 8041 8388 9310 9026 8438 8939 8510 8480 8799 8576 8779 9098 8841 8491 8100 8753 8101 8616 9038 8515 8617 8925 8602 8498 8332 8730 9144 9117 7770 8444 8288 8462 8923 9445 8866 8758 9116 8241 8785 8747 8782 8890 8934 8326 8458 8742 8764 8758 8441 8933 8282 8900 8715 8917 8774 8414 8324 8819 8295 8850 8966 8900 8232 8372 8850 9037 8662 8695 8358 8667 8798 8258 8737 8857 8387 8332 8215 8494 9609 8313 8706 8509 8751 8419 8689 8984 9156 8856 9085 8504 9007 8193 8905 9314 8773 8080 8933 8817 8542 8364 8231 8421 8732 8576 8986 9167 8961 8602 8563 8110 8505 8709 8388 8525 8650 8738 8114 8045 8843 8427 8720 8603 9223 8612 8950 8368 8790 8659 9139 9216 8289 8811 8955 8369 8622 7888 8650 7685 8775 8759 8375 8167 8655 8939 8564 8499 8481 8241 8515 8944 8784 8687 8386 8701 8668 8840 8869 8630 8766 9143 8492 8310 8470 8553 8702 8639 8262 8939 8708 8851 8304 8725 9032 8205 8741 9286 8842 8134 8842 8888 8605 8849 8717 8466 8709 8300 8758 8217 9081 8807 9009 8718 8464 8622 8817 8456 8679 8828 8915 8597 8336 8646 8813 9288 8398 8273 8801 8692 8586 8492 8378 8613 8253 8886 9489 8857 8278 8427 9066 8796 8362 8146 8036 8256 8708 8593 8231 9040 8882 8350 9461 8674 8839 9170 8616 8590 9002 8571 8577 8401 8411 8727 8887 8895 8749 8485 7951 8362 8569 8685 8613 8480 8509 8228 8631 8744 8637 8433 9305 9177 8730 8316 8515 8782 8565 8494 8383 8117 8215 8634 8509 8648 8141 8643 8294 8884 8386 8687 8800 8602 8317 8749 8755 8840 9002 8558 8621 8874 9044 8382 9017 8850 8846 9216 8601 7809 8464 8675 8410 9004 8542 8024 8300 8444 8765 8770 8561 8729 8654 8451 8916 8498 8738 9234 8366 8907 8754 8236 8269 8506 8634 8564 8933 8719 9218 8445 8503 8846 8223 8950 8289 8511 8762 8444 8271 8291 8212 8586 9291 8406 8626 8543 8628 8724 8721 8778 9354 8356 9299 8993 8157 8624 
8532 7800 8157 8584 8418 8151 8220 8218 8538 7981 7737 8269 8376 8184 8307 7848 8135 8359 8737 7852 8119 8079 8135 7971 7936 8443 8096 7706 7865 8280 7754 7997 7962 8398 8368 7979 7846 8107 8399 8525 7399 8028 7609 7455 7970 7919 8859 8229 7897 7908 8609 8690 8071 8628 7904 8175 8100 8037 8332 8410 7995 7919 7531 8433 7848 7995 8482 8067 7824 8598 8083 7895 7692 8400 8623 8203 7540 7928 7608 8004 8508 8550 7842 8622 8427 8109 8248 8221 8252 8579 8307 7964 8123 8021 8095 8313 7877 8549 7650 8014 8465 8500 8267 8289 7888 8137 7751 8392 8398 8207 8124 7628 8426 8433 8312 8380 7950 7849 8153 8055 8363 7963 7923 7525 7832 8207 8666 7918 7897 7929 8189 7899 8082 8401 8816 8406 8276 7646 8475 7837 9072 8751 8334 7791 8508 7948 7881 8105 7624 7794 8217 8144 8251 8397 8247 8258 8580 7853 7801 8001 8347 8180 8400 8650 7323 7598 8088 7917 8323 8275 8946 8563 8186 8345 8226 8413 8522 8831 7909 8070 8168 8406 8007 7570 8711 7689 8116 8041 7809 7852 7967 8088 8125 7333 7842 7902 8319 8465 8040 7866 8535 7725 7758 8641 8216 8174 7734 8389 8021 8091 7498 7991 8168 8176 7818 8341 8203 8217 7748 8196 8593 7837 8025 8369 8307 7535 8248 8342 8172 8262 8049 7670 7963 7760 8224 7433 8245 8047 8308 8400 8257 8011 7877 7801 8498 8146 8420 7955 8034 8336 8142 8524 7922 8148 8437 8441 8008 8246 8132 8003 7823 8107 8844 8284 8309 7937 8488 8088 7653 7826 7532 7155 8081 8168 7726 8333 8464 7896 8766 7647 8321 8374 7884 8247 8442 8182 8073 7964 8064 8087 8269 8215 8357 8404 7966 7937 8654 7987 8169 8476 7638 8699 7949 8087 7761 7435 8384 8505 8561 8202 7988 8189 7991 7970 7705 7613 8118 8462 8495 7894 7766 8025 7603 8668 8241 8088 8231 7970 7789 8313 7745 8489 8541 7886 8272 8601 8612 7654 8383 8102 8421 8832 7860 7441 8219 8181 8388 8531 7987 7251 7934 8050 8039 8470 7946 8278 8447 8103 8157 8137 8374 8840 8069 8236 7984 7917 7754 7896 8589 7686 8565 8343 8432 8318 8842 7908 8048 8174 8018 8190 8027 8051 7792 7885 7530 7925 8578 8122 8213 8361 7892 8367 8022 8221 8548 7713 8561 8539 7685 8301 
8003 8011 7922 8223 8345 8062 8152 8404 7940 7802 8034 8305 8200 8489 8235 8156 8085 8390 8711 8115 8223 8264 8286 7873 8161 8298 8401 7632 7880 8152 7487 8401 8167 8518 8007 7925 8219 8063 8606 8403 7526 7868 7890 7671 8171 8221 8636 8144 7549 7843 8389 8310 7965 8697 8054 7974 8230 8127 7959 8229 8324 8124 7817 8437 7616 8007 8651 8493 8080 8504 7952 8106 7698 8277 8552 8343 7614 8021 7783 8267 8270 8609 8097 8448 8839 8062 7784 8205 8496 8031 8271 7955 8089 8038 8336 8224 8046 8113 7795 8261 8196 8262 8303 8079 7879 8299 8043 8612 8396 8417 8323 8038 8235 8455 8214 8085 8224 7958 8547 7827 8212 8547 7937 7991 7890 8146 8827 8097 7983 8097 8309 7885 7959 8361 8851 8181 8286 7874 8407 7942 8647 8255 8253 7665 8376 7618 8092 8317 7705 7760 8288 8293 8447 8373 8116 8244 8309 8076 7640 7930 7735 8351 8311 8441 7828 7828 8307 8012 8168 8641 8853 8370 7965 8035 8424 8652 8608 8925 7697 8674 8006 8180 7926 7712 8378 7807 8241 7891 8297 7705 8373 8194 8096 7913 7381 8040 8477 8436 8213 8043 8230 7871 7917 8694 8546 8158 8319 8429 7979 8079 7945 7863 7844 8181 7638 7820 8274 8305 7889 8041 8795 7720 8097 8566 8236 7833 8228 8570 7924 8312 8060 7824 8186 8005 8147 7802 8606 8379 8610 8327 8151 7956 7885 7854 8241 8126 8505 8152 7727 8181 8384 8821 8276 7719 8321 8362 8012 8250 8129 8091 7820 8114 8784 7924 7820 8150 8016 8427 7930 7536 7435 7314 8094 7980 7583 8345 7997 8080 8609 8333 8186 8174 8155 7792 8421 8067 8162 8112 7999 8189 8492 8147 8053 8381 7942 8132 8409 8120 7976 8213 7933 8118 8122 8058 7924 7827 8100 8605 8722 8090 7941 7969 7881 8225 7887 7567 8101 8468 8187 7873 7874 8127 7543 8327 7869 8019 8370 8079 7914 8136 7963 8371 8237 7893 8390 8223 8558 8020 8583 8317 8293 8720 7939 7025 8170 8252 7812 8641 7792 7333 8195 7838 7985 8481 8085 8522 8285 8376 8350 8324 8129 8482 8170 8153 8315 7890 7579 7788 8601 8086 8440 8633 8490 8123 8318 8312 7924 8090 7836 8163 7993 8145 7455 7806 7852 7930 8899 7926 7694 8056 8223 8522 7768 8173 8500 7880 8756 8552 7907 8178 
8379 8073 8196 8561 8607 8158 8083 8593 7797 8203 8066 8609 8367 8288 8243 8053 8086 8236 8578 8134 8198 8260 8166 8082 7977 8426 8499 7917 7998 8450 7625 8458 8263 8523 8395 8398 8229 8191 8648 8459 7338 8077 8020 7602 8405 8010 8716 8305 7916 8108 8527 8516 8270 8656 8286 8183 8376 7938 8219 8331 8424 7889 7759 8656 7866 8285 8433 8428 8147 8344 8159 8086 8067 8310 8178 8416 7621 8331 8106 8525 8181 8791 8353 8434 8750 8474 8164 8177 8364 8732 8492 7689 7629 8136 8303 8119 8288 8650 7812 8348 8302 8488 8180 8332 7939 8360 8119 8176 8651 8671 8213 8057 8374 8117 8336 8079 7872 7942 8564 7769 8374 8453 8171 7808 8180 7957 8702 7728 8288 8179 8425 8046 7968 8541 8478 8330 8173 8105 8824 7587 8638 8713 8299 7913 8523 8027 8321 8429 8090 8207 8396 8484 8495 8794 8430 8205 8251 8102 7924 8311 8298 7918 8263 8674 7538 8078 8447 8189 8202 8438 8808 8029 8172 8212 8269 8506 8435 8616 8192 8342 8520 8252 8014 7876 8734 7240 8334 8436 8006 7974 8165 8464 8087 8031 7948 7858 8791 8597 8593 7841 8204 7644 8222 8814 8567 7867 7983 8725 8131 8047 8156 7747 8130 8121 7649 8359 8458 8439 7860 8164 8574 7948 8451 8847 8175 7810 8263 8578 8058 8254 8397 7841 8075 7660 8557 7871 8369 8279 8767 8284 8512 8224 8012 7815 8335 8482 8249 8169 7575 8155 8138 8798 8279 8109 8260 8537 8565 8099 7637 8165 7998 8226 8761 8480 8052 8231 8197 8422 7827 7655 7348 7557 8027 8175 7755 8171 8308 7887 8586 8213 8689 8491 7460 8170 8674 8356 8344 8252 8175 8363 8580 8190 8340 8144 7730 8134 8412 8428 7599 8666 7702 8233 8483 8413 8061 7849 8641 8513 8235 8437 7828 7948 7949 8130 8084 8014 7927 8685 8337 8404 8032 8100 7912 8201 8259 8172 8354 7845 7711 8323 8208 8680 8079 7917 8162 8382 8554 8059 8563 8030 8546 8799 8121 7175 8419 8370 8406 8570 7710 7640 7975 7786 8156 8582 7977 8243 8536 8283 8411 8336 8053 8822 8013 8293 8363 7636 7635 7739 8648 8095 8923 8275 8565 8296 8629 8254 7902 8537 8073 8228 8272 8103 7642 7764 7945 8187 8863 8143 7966 7961 8514 8477 7876 8377 8660 7867 8737 8689 7714 8239 
7908 7479 8325 8009 8104 7454 7769 8005 7904 7890 7718 8169 8143 8048 8203 7808 7679 8373 8397 7834 7764 8010 8022 7624 7989 8092 8166 7476 7827 8140 7593 8001 7999 8201 7952 7933 7515 8037 7837 7994 7136 7574 7522 7518 8103 7847 8447 7819 7809 7708 8113 8545 7951 8183 7817 7962 8127 7852 7984 7862 7779 7518 7563 8093 7167 7925 8069 7868 7761 7996 7834 7919 7740 8031 8447 7935 7607 8039 7845 7989 8253 8323 8061 8582 8468 7911 8005 7713 8269 8569 8085 7908 7941 7900 7919 8077 8014 8270 7469 8001 8198 8059 8056 7769 7410 7851 7742 8178 8341 8171 7633 7724 8046 7825 8100 7425 7867 7781 7957 7770 8363 8459 8040 7835 7693 7802 8789 7755 8221 7975 7757 7711 7828 8275 8422 7917 7897 7538 8307 7348 7805 8184 8037 7457 8088 7659 7996 7564 7715 7905 7926 7992 7905 8452 8042 7855 8345 7573 7616 7648 7806 7829 7824 8266 7593 7743 7728 7568 8060 8209 8702 8051 7760 7761 7857 8148 8446 8178 7561 7952 8152 8032 7971 7690 8241 7461 7713 8200 7644 7476 7936 8294 7751 7761 7435 7797 8375 8038 8017 7665 7783 7351 7640 8032 7851 7932 8100 8577 7708 7974 7606 7487 7940 8083 7529 8005 8198 8108 7583 7976 7910 7914 7868 8490 7880 7364 8054 8013 7933 7764 8061 7372 7887 7858 8139 7397 8232 8059 8229 7962 7910 7779 7808 7693 8254 7783 8392 7470 7625 8020 7873 8047 7576 7749 7950 7911 7849 8145 7710 7796 7112 7713 8618 8114 7811 7669 8437 7857 7522 7602 7180 7136 7904 8084 7637 8175 8156 7686 8299 7710 8249 8348 7515 7881 8324 7626 7631 7555 7977 8202 8313 8017 8080 7895 7625 7968 8097 7930 7409 8287 7492 7987 7928 8189 7756 7582 8407 8285 8106 7997 7752 7729 7525 7648 7860 7883 7845 8052 8227 7958 7908 7945 7418 8239 7808 7926 8144 7686 7424 8006 7441 8176 7945 7927 8224 8189 8021 7713 8471 7849 8162 8347 7885 7228 8389 7993 8043 8724 7774 7092 7606 7498 8209 8225 7500 8043 8024 7772 8293 7873 8141 8413 7901 7886 8093 7747 7505 7784 8015 7828 8523 8101 8169 7620 7804 7762 7693 8068 7878 7931 7971 7792 7488 7623 7460 7777 8389 7901 7786 8025 8135 8045 7734 7830 8327 7423 8402 8284 7711 8244 
7923 7857 8388 8402 8238 8028 8006 8468 8125 7781 7775 8340 8074 7995 8428 7998 8032 8497 8678 8151 8306 8117 8116 7591 8049 8173 8697 7654 8251 8532 7274 8394 8237 8207 7895 7885 8455 8088 8491 8323 7662 8089 7758 7840 8300 7798 8370 8221 7779 8085 8521 8338 8043 8529 8024 8156 7710 7934 8339 8253 8111 7964 7906 8625 7593 8250 8589 7644 8556 8135 8032 7688 8186 7978 8338 8442 7578 8196 8009 8044 8434 8668 8030 8352 8352 8272 8562 8103 8593 8214 8323 7765 8116 8024 7668 8307 8316 8594 7826 8378 8354 8538 8461 8224 7810 7941 7981 8087 8644 8434 8129 7919 8290 8109 8314 7963 7965 7893 8540 8032 8644 8132 8051 8008 8153 8068 8929 8062 8204 8234 8171 8082 7459 8493 8621 8108 8324 7872 8546 7970 8544 8593 8055 7751 8334 7796 8221 8114 7545 8141 8388 8298 8526 8494 8278 8173 8494 7719 7795 8051 8002 8017 8368 8578 7624 7492 8536 8069 8283 8538 8849 8333 8202 7661 8054 8356 8634 8836 7625 7977 8547 8123 8183 7616 8260 7693 8005 8426 7428 7746 8328 8327 7900 7641 7703 7700 8428 8309 8066 7920 7977 8039 7900 8537 8416 7925 8130 8345 8248 7839 7734 7806 8280 7977 7841 8364 8402 7972 7848 8006 8832 7850 8201 8753 8028 7614 8318 8391 8036 8384 8637 7511 7840 7691 8044 7688 8557 8174 8111 8043 8158 8005 7984 7706 7981 8195 8649 7814 7876 8106 8347 8645 8408 7829 8681 8054 7868 8160 8068 7811 7784 8361 8783 8446 7885 7833 8182 8102 7731 7612 7800 7251 7807 7954 7596 8619 8324 7741 8663 8172 7977 8564 7907 7871 8387 7860 8136 8363 8128 8445 8643 8106 8603 8114 7703 8023 8086 7851 7720 8415 8049 8031 8093 8471 7930 7767 8512 8396 8348 8082 7842 8082 7825 8020 7699 7983 7673 8427 7968 8196 7832 7984 7914 7964 7867 8172 8362 7952 7950 8209 8057 8492 8004 7821 7971 8566 8976 7975 8486 8264 8442 8678 7817 7893 7826 8504 8267 8382 7453 7604 7845 8045 8511 8187 7814 8316 8192 8106 8662 8033 7873 8417 8032 8061 8272 7613 7340 7531 8222 7900 8628 8496 8228 7816 8239 8063 7700 8068 7998 8182 8520 8045 8023 7920 7574 8095 8277 7977 8180 8172 7920 8281 7861 7871 8384 7928 8818 8721 7875 7933 
8092 7617 8269 8505 8185 7947 7919 8259 8103 7846 8040 8782 8403 7823 8388 8069 7849 8151 8744 7749 7940 8429 8058 7790 8327 8259 8447 7712 8493 8251 7532 8069 8207 8187 7970 8160 7947 7884 8023 8273 7473 7867 7602 7768 7861 7682 8773 8081 7677 7863 8347 8505 8143 8387 7578 7931 7872 7915 8213 8287 8062 7895 7926 8238 7607 8236 8563 7868 8018 8440 7849 8139 7760 8417 8029 8315 7617 7781 7834 7956 8095 8906 8191 8610 8414 8105 8330 8033 8442 8090 8342 8175 7943 8309 8009 8060 8092 8413 7708 7988 8081 8246 8303 7766 7764 8202 7860 8347 8436 8244 7948 7782 8564 7710 7896 7942 7930 7960 8057 7990 8577 8290 7760 7640 7908 7988 8819 8123 8007 7786 8202 7571 7818 8337 8734 8191 8154 7841 8358 7734 8295 8568 8225 7610 8017 7790 8114 7968 7722 8128 8208 8219 7928 8451 7959 8163 8805 7713 7815 7921 8113 8070 8301 7940 7709 7526 8521 7881 8186 8512 8456 8378 8201 8079 8103 8358 8497 8572 7639 8280 8543 7893 7863 8002 8322 7513 8185 8387 7587 7794 8284 8175 7843 7781 7730 7974 8436 8166 8222 7929 7940 7696 7971 8547 8204 7828 7641 8701 7997 7925 7583 7469 7963 7746 7995 8056 8132 8224 7565 7876 8350 8010 8159 8583 8238 7572 8020 8461 8080 8076 8198 7858 8066 7750 8304 7545 8380 8178 8396 8141 8203 7860 7780 7871 8301 8436 8428 7787 7282 7997 8160 8543 8101 7811 8155 8359 7961 8289 7928 7778 7632 7878 8650 8245 7509 8110 8185 8333 7786 7669 7685 7427 7788 7938 7637 8488 8288 7515 8555 8019 8241 8461 7697 8072 8461 7863 7847 8288 8136 8095 8534 8106 8102 7961 7707 7473 7903 8074 8021 8229 7385 8078 8035 8385 7980 7565 8361 8454 8397 8264 7453 7957 7806 8272 7920 7652 7827 8257 8469 7677 7948 8291 7333 8363 8036 8113 8316 7810 7924 8141 7936 8405 8144 8028 8002 8178 8580 8265 8663 7964 8255 8718 7914 7569 7937 8142 8093 8567 7577 7553 8052 7760 8085 8007 7646 8088 8210 7874 8389 7864 7944 8665 8057 8006 8368 7777 7840 7681 8321 7909 8301 8618 8355 7740 7985 8119 7718 7970 8128 7793 8189 7754 7699 7742 7655 7951 8570 7776 7955 8028 7947 7879 8123 8402 8196 7864 8733 8864 7862 8012 
8178 7918 8527 8706 8861 8077 8266 8588 8374 8348 8249 8671 8311 8126 8494 8339 7993 8328 9086 8212 8318 8280 8332 7974 8271 8500 8608 7996 8270 8616 7711 8231 8491 8435 8199 8228 8611 8227 8369 8352 7636 7965 8271 7647 8166 8080 8846 8109 7777 8127 8723 9029 8260 8601 8524 8351 8703 8244 8570 8821 8119 8218 7976 8243 7795 8072 8717 8195 8423 8233 8219 8256 8132 8417 8472 8673 7920 8552 7961 8325 8589 8893 8216 8570 8943 8205 8364 8101 8559 8704 8573 8324 8258 8393 8103 8774 8223 8589 7891 8203 8580 8603 8588 8425 8056 8229 7899 8581 8676 8553 7990 8309 8557 8223 8395 8452 8164 8330 8379 8139 8504 8408 7975 8036 8380 8332 8899 8143 8676 8267 8366 7891 8296 8740 9011 8233 8571 8265 8565 8000 8635 8629 8299 7861 8660 8093 8375 8550 7860 8247 8121 8566 8373 9020 8580 8317 8493 7958 7825 8192 8074 8246 8441 8758 7636 7919 8621 8445 8367 8262 8937 8473 8490 8006 8327 8266 8758 8975 7792 8321 8502 8584 8190 7758 8447 7751 8275 8402 8238 8018 8365 8401 8441 8466 8050 8019 8813 8561 8489 8350 8466 8167 8422 8744 8476 8213 7995 8799 8419 8235 8378 7975 8420 8344 8067 8351 8526 8471 8236 8262 8558 8474 8637 9065 8214 8262 8439 8753 8059 8226 8389 8099 8230 7875 8405 7837 8788 8982 8872 8448 8404 8229 8032 7864 8358 8468 8793 8241 8176 8609 8669 8825 8497 8201 8378 8516 8544 8511 8403 8060 7728 8057 9119 8516 7561 8093 8176 8470 8133 7752 7952 7642 8156 8433 8168 8746 8573 8036 9011 8003 8530 8708 7900 8327 8818 8266 8297 8337 8043 8387 8569 8195 8336 8083 7698 8065 8177 8606 8190 8294 8201 8276 8221 8045 8061 8280 8681 8830 8804 8328 8082 8255 8156 8205 8169 8018 7812 8709 8527 8298 7700 8412 7914 8686 8274 8239 8656 8199 8058 8318 8292 9023 8412 8249 8118 8915 8862 7875 8559 8295 8374 8843 8295 7985 8501 8494 8316 8899 7957 8153 8167 8174 8125 8254 7895 8384 8524 7863 8542 8144 8420 8900 8361 8596 8159 7908 8261 7813 8593 8046 8887 8475 8515 8293 8453 8299 8119 8525 8316 8373 8489 8017 7987 7870 7972 7953 8716 8179 8132 8433 8316 8598 8151 8430 8843 8134 8653 8478 8065 8342 
8228 8169 8630 8316 8402 7918 8182 8766 8294 7882 8250 8637 8293 8193 8344 8523 8148 7933 8791 8202 8150 8053 8216 7994 8289 8321 8587 7836 8396 8757 7635 8015 8341 8354 7962 8412 8193 8140 8314 8563 7474 8090 7665 7823 8426 8399 8675 8044 7934 8005 8518 8436 7939 8827 8240 8016 8320 7955 8365 8572 8346 7937 7696 8543 7944 8375 8756 8278 8121 8689 8179 8129 8067 8035 8519 8550 7827 8452 8003 8147 8670 8669 8113 8648 8825 8135 8281 8323 8614 8358 8750 8242 7946 8505 8028 7978 8000 8472 7839 8437 8335 8619 8378 8186 7946 8175 8136 8477 8777 8150 7989 7928 8329 8128 8386 8007 8133 8015 8269 8316 8468 8150 7697 7989 8224 7938 9015 8225 8315 8005 8335 7989 7720 8685 9001 8321 8223 8313 8571 8041 8772 8475 8264 7857 8523 7658 8091 8371 7858 8091 8456 8488 8131 8524 8264 8174 8399 8003 8176 8015 7946 7883 8172 8170 7727 7551 8405 8106 8599 8156 9071 8340 8550 8104 8270 8472 8479 8863 7970 8535 8695 8643 8128 7908 8325 7931 8049 8475 7916 7693 8552 8383 7860 8413 7456 7876 8554 8356 7961 8233 8290 8155 8275 8683 8643 7816 8013 8393 8307 8234 8048 8226 8226 8562 7755 8635 8460 8151 7991 8273 8599 8144 8445 8668 8296 7960 8220 8342 8325 8577 8367 8120 8143 7921 8239 7719 8376 8098 8697 8431 8281 8453 7966 8064 8395 7872 8474 8074 8132 8162 8212 8612 8111 8038 8422 8036 8213 8135 8052 7937 7723 8213 8952 8404 7569 8180 8319 8273 8158 7930 7511 7350 7879 8100 7861 8730 8186 8243 8836 7969 8296 8476 7674 7934 8201 8406 8191 8144 8123 8207 8708 7873 8457 8330 7741 7956 8090 8355 7800 8768 7612 8303 8154 8437 8109 7605 8382 8352 8986 8239 8130 8235 8394 7965 7896 8103 8067 8804 8240 8087 7737 8179 7907 8378 7748 7934 8350 8176 8188 7955 7885 8351 8309 8025 8109 8379 8926 7883 8709 8081 8528 8593 7960 7552 8243 8273 8235 8713 8008 7514 8056 7990 8002 8349 8156 8571 8428 8229 8435 7990 8486 8814 8183 8329 8517 8147 7601 7828 8262 8026 8304 8292 8704 8389 8266 8206 8380 8207 7921 8283 8171 8175 8002 7791 7842 7944 8566 8023 8269 8241 8310 8495 7775 8382 8627 7710 8957 8321 7843 8220 
8104 7485 8234 8688 8282 7506 8017 8314 7911 7918 7817 8610 8438 8113 8195 7929 8008 8258 8440 7910 7978 8027 8092 7992 7980 8323 8288 7627 8232 8159 7339 8001 7856 8219 7837 7933 8030 8172 8439 8381 7147 7743 7742 7412 7991 7668 8651 8145 7396 7828 8335 8064 8116 8341 7826 7747 8302 7961 8113 7999 8065 7892 7687 8143 7623 7859 8604 7928 7867 8365 8001 8177 7928 8104 8394 8619 7799 8349 7775 7807 8098 8408 8119 8355 8694 8215 8144 8269 8378 8235 8364 7849 7728 8158 8130 8076 7929 8586 7842 8444 8245 8509 8324 7671 7587 8315 7630 8054 8555 8109 7937 8042 8474 8119 8012 7862 8114 8242 8338 8356 8502 8079 8065 7586 7768 8379 8492 8151 8218 7772 7904 7768 8114 8425 8621 8403 8025 8075 8346 8015 8433 8426 8095 7682 8667 7728 8319 8233 7656 8076 7948 8413 8194 8156 8449 8085 8308 7817 8052 7794 7921 8097 8196 8421 7543 7540 8111 7984 8298 8397 8898 8196 7916 7950 7977 8457 8572 9091 7932 8285 8424 8228 7591 7758 8140 7826 8091 8129 7694 7590 7964 8231 8162 7987 7618 7905 8619 8225 8255 8082 7740 7577 7945 8386 8234 7863 7963 8796 8177 8006 7735 7705 7856 8354 7686 8064 8331 8078 7692 8325 8471 7825 8239 8806 8066 7914 7970 8530 8039 8028 7840 7715 8076 7760 8009 7537 7915 8446 8490 8148 8254 8337 7643 7687 7995 8270 8492 7741 7687 7823 8097 8950 8062 7596 8085 8240 7996 7982 7793 8057 7328 8191 8542 7964 7844 8146 8050 8212 7370 7588 7423 7449 8100 8005 7939 8470 8191 7988 8495 7887 8043 8695 7822 7965 8271 7924 8257 8200 8084 8334 8310 7937 8097 7824 7565 8029 8085 8035 8209 8222 7550 7876 7841 8316 7953 7650 8604 8544 8063 8056 7840 7888 7923 7595 7880 7776 8131 8250 8259 7960 7474 8191 7678 8174 8007 7835 8178 8010 7381 8344 7699 8279 8057 7962 8270 8130 8337 7687 8569 7925 8499 9115 8087 7304 8314 8212 8059 8292 7355 7345 8110 7667 8018 8450 8074 8077 7968 8131 8456 8023 7843 8716 8046 7962 7961 8107 7946 7919 8099 8103 8613 8107 8189 7931 8204 7992 8034 8486 8105 8059 8169 8014 7895 8130 7798 8009 8591 7859 7911 8120 7933 8251 7931 8051 8586 8002 8356 8347 7784 8210 
7986 8005 8223 8412 8274 7624 7893 8335 7905 7859 7953 8587 8221 7968 8079 7962 7822 8015 8694 8061 7737 8004 8099 7985 8005 8365 8508 7768 7887 8213 7739 7998 7851 8141 7954 8082 8048 8341 8330 8370 7303 7931 7548 7658 7778 7790 8557 7690 7314 7819 8337 8174 8022 8608 7647 7698 8088 8114 8436 8230 8253 8055 7626 8237 7592 8380 8216 8283 7970 8473 8096 8103 7759 8095 8314 8529 7280 8075 7727 8003 8274 8534 8110 8113 8351 7876 7951 7606 7966 8291 8329 8001 8032 8096 7844 8256 7882 8000 7575 7889 8072 8185 8103 7540 7924 8063 7866 8235 8160 7895 7858 8067 8137 8273 8065 7744 7696 7947 7966 7675 8495 8163 7766 7763 7620 8005 8815 8267 8053 7895 8046 7624 7624 8322 8722 7920 8225 8161 8489 7878 8649 8312 7902 8055 8547 7741 8014 8163 7300 8130 8222 8407 7906 8489 8079 7929 8553 7572 7406 8030 7904 7852 8019 8141 7646 7707 8101 7908 7840 8181 8518 8410 7955 8025 7742 8187 8369 8853 7615 8106 8273 8030 8067 7655 7999 7578 7760 8436 7546 7621 8297 8170 8001 7808 7286 7446 8370 8306 8092 8004 8176 7928 7995 8552 8567 7942 7979 8617 8053 8053 7841 7714 8348 8044 7714 7863 8018 7859 7706 8324 8268 7767 7923 8467 7909 7709 7938 8439 7747 7941 8358 7829 8237 7826 8307 7616 7952 8125 8420 8300 8068 7941 7684 7696 8321 8210 8525 7454 7923 8168 7993 8557 7756 8073 8287 8368 7904 7965 7809 7929 7591 7792 8808 8239 7382 7911 8270 8367 7914 7531 7490 7575 8185 8027 7478 8128 8175 7872 8694 7802 7990 8154 7941 7988 8399 7788 7736 7675 8028 8171 8436 8022 8224 8174 7446 8028 7879 7937 7841 8092 7341 7880 8102 8382 7870 7246 8498 8241 8256 7947 7939 8081 7548 7897 7644 7698 7912 8265 8156 7895 7750 7895 7671 8256 7381 7932 8435 7756 7840 8035 7724 8145 8047 7846 8029 8142 8886 7876 8363 8372 8645 8615 7906 7251 8467 8167 8197 8265 7599 7519 7616 7885 8101 7987 7867 8089 7891 8039 8313 8138 8290 8455 7821 7997 7630 7732 7686 7656 8362 7828 8443 8349 8538 8090 8025 7935 7570 8028 8115 8031 8023 8032 7945 7785 7497 7796 8317 7905 7709 7917 8103 8505 7852 8010 8340 7571 8379 8651 8226 8278 
8725 8141 8942 8781 8668 8519 8791 8889 8654 8288 8159 8784 8643 8608 8810 8954 8420 8531 9161 8873 8556 8683 8411 8106 8760 8776 9067 8421 8618 9140 8054 8645 8731 8844 8793 8514 8605 8629 8950 8972 7943 8496 8189 8290 8506 8651 9384 8534 8407 8354 9024 9171 8367 9284 8296 8598 8886 8555 8763 8960 8845 8457 8104 8885 8185 8796 9054 8689 8679 8842 8742 8414 8336 8907 8713 8750 7928 8755 8354 8823 8621 9146 8773 8810 9305 8816 8738 9030 9251 9320 8920 8722 8561 8606 8816 8787 8664 8824 8265 8545 9032 8855 9090 8709 8427 8974 8573 8588 8721 9066 8548 8490 8736 8795 8285 8587 8756 8459 8989 8636 8948 8475 8334 8286 8347 8533 9289 8135 8696 8511 8824 8365 7992 9272 9199 8843 8364 8544 9078 8548 8831 8909 8840 8641 8826 8181 8598 8762 8354 8339 8915 8449 8720 9146 8609 8432 9051 8134 8286 8484 8541 8562 9079 9123 8225 8347 9034 8436 8788 8692 9353 8438 8557 8496 8501 8926 9075 9139 8204 8847 8851 8686 8330 8098 9029 8055 8594 8672 8353 8144 8582 8676 8294 8460 8232 8486 8942 8931 8791 8463 8420 8419 8730 9231 8905 8377 8515 9128 8818 8547 8472 8856 9113 8779 8184 8470 9001 8685 8485 8592 9119 8471 8661 9114 8797 8283 8576 9166 8820 8593 8670 8383 8469 8163 8693 8157 8808 9111 9298 9036 8586 8552 8409 8419 8792 8900 9146 8522 8131 8551 8312 9076 8390 8464 8958 8883 8753 8974 8062 8737 8527 8718 9010 8822 8436 8358 8656 9086 8075 7804 7873 8008 8650 8826 8342 8653 9010 8536 9121 8411 8869 8958 8196 8605 8824 8742 8740 8802 8453 8769 8950 8715 8987 8632 8133 8270 8754 8483 8303 8972 8234 8250 8723 8721 8451 8203 9045 9212 8911 8462 8461 8766 8407 8570 8558 8261 8289 8864 8895 8813 8287 8822 8038 8764 8479 8776 8942 8256 8507 8580 8515 8968 8991 8213 8788 8857 9015 8548 9148 8794 8996 9059 8290 8438 8538 8918 8661 9084 8379 8123 8179 8732 8743 8733 8259 8708 8578 8377 8946 8645 8909 9276 8469 8486 9063 8432 8041 8402 8967 8358 9193 8884 9289 8631 8679 8512 8786 8706 8557 8743 8567 8268 8215 8259 8335 8644 9001 8389 8542 8246 8774 8714 8506 8640 9252 8235 8986 8985 7878 8468 
8532 8190 8610 8349 8365 8024 8383 8424 8360 8302 8178 8800 8384 8443 8618 8400 8364 8440 8763 8186 8176 8364 8318 8318 8469 8577 8637 8314 8218 8084 7908 8471 8336 8962 8028 8348 8262 8416 8557 8395 7653 7998 8072 7982 8160 8199 8872 8148 8096 8016 8720 8603 8229 9070 8189 8144 8319 8132 8310 8533 8364 8186 7866 8765 7852 8239 8913 8485 8046 8437 8332 8094 7885 8340 8615 8410 7759 8435 7785 8128 8477 8823 8214 8541 8876 8479 8364 8461 8938 8623 8529 8115 7970 8134 8426 8372 8514 8625 8176 8388 8561 8719 8697 8286 7914 8427 7982 8541 8810 8499 8009 8066 8409 8463 8282 8318 8228 7923 8062 8091 8332 8575 8082 7592 8046 7953 9098 8210 8580 8267 8519 8222 8228 8645 8848 8420 8328 8021 8918 8304 8575 8451 8465 7958 8594 7889 8340 8553 7933 8031 8157 8442 8174 8682 8376 7943 8800 8358 7981 8384 8047 8161 8503 8744 8039 8089 8546 7686 8377 8953 9064 8199 8533 7817 8269 8807 8623 8896 7850 8455 8466 8159 8211 7985 8358 7844 8526 8528 8145 7791 8395 8488 8019 7910 7942 8093 8994 8664 8408 8126 8325 8022 8299 8883 8853 8112 8280 8835 8269 8199 7732 7902 8628 8364 7640 8307 8505 8640 8153 8091 8702 8205 8219 8641 7995 8095 8286 8680 8220 8309 8218 7841 8015 7949 8531 7645 8704 8611 8862 8452 8231 8191 7995 8097 8155 8481 8421 7948 8155 8202 8197 9088 8323 8724 8351 8738 8084 8422 8041 8286 7790 8494 8915 8816 7838 8201 8127 8577 7948 7946 7749 7676 8161 7887 7888 8525 8418 8099 8934 8222 8668 8657 7757 8387 8597 8375 8272 8245 8136 8452 8634 8391 8208 8030 7728 8246 8001 8229 8235 8494 8285 8322 8325 8391 8294 7923 8744 8893 8691 8369 8307 8178 8174 8214 7951 8296 7965 8607 8364 7973 8058 8377 7921 8385 8248 8064 8310 7830 7803 8256 8112 8671 8649 8354 8306 8535 8766 8173 8658 8288 8645 8874 8020 7822 8439 8406 8276 8600 7909 7460 8039 8136 8576 8279 7974 8681 8464 8490 8719 8359 8476 8861 7954 8481 8423 8288 7745 7938 8643 8154 8866 8661 8652 8083 8279 8034 8118 8642 8063 8248 8113 8422 8027 7983 7874 8303 8885 8200 8040 8267 7993 8692 8242 8214 8675 8009 8630 8721 8059 8551 
8119 7651 8062 8206 8219 7782 8133 8589 8197 8076 7876 8385 8387 8048 8227 7901 8069 8043 8641 8014 7987 8138 8170 7879 7813 8477 8303 7742 7799 8376 7653 8220 7960 8188 7931 8438 8270 8297 8345 8147 7431 7956 7641 7688 8164 7810 8619 8309 7700 7737 8409 8472 8136 8530 8003 7960 8124 8056 8193 8035 7970 8053 7707 8683 7496 8306 8544 8138 8048 8184 8176 7965 7586 8242 8352 8302 7535 8150 7668 8214 8229 8526 7944 8370 8436 8074 8056 8192 8375 8166 8377 8157 8082 7994 8099 8401 8314 8696 8221 8064 8361 8474 8395 8059 7777 8054 7698 8408 8446 8289 7640 8085 8268 8221 8138 7923 8036 8204 8236 8061 8236 8261 7827 7802 7945 8051 8305 8089 8101 7979 8174 7908 7586 8620 8587 8647 8045 7719 8416 7947 8613 8417 8245 7899 8372 7645 8204 8074 7616 8182 8199 8259 8571 8712 8185 8197 8630 7985 7796 7908 8028 8206 8344 8660 7727 7674 8328 7818 8458 8390 8865 8241 8011 7857 8422 7988 8383 8729 7785 8189 8364 7927 7937 7634 8145 7578 8062 8104 7811 7779 8130 8292 7966 7633 7450 7514 8529 8305 8166 8175 8056 7918 8015 8477 8252 8256 7985 8552 8232 7741 8045 7939 8101 8019 7873 8103 8168 8025 7863 7940 8269 7822 8257 8711 8082 7935 8149 8282 7976 8102 8397 8073 8177 7976 8410 7545 8176 8614 8409 8058 7984 8045 7794 7680 8443 8249 8477 7634 7906 8173 7884 8606 8075 7782 8419 8056 8152 8238 8020 8000 7802 8294 8780 8415 7577 8322 8057 8116 7878 7325 7573 7477 7883 8359 7742 8184 8205 7988 8866 7916 8248 8483 7761 8175 8402 8110 8113 7747 7862 8519 8235 8336 8113 7978 8193 8185 8149 7944 8177 8432 7563 7976 8029 8316 8122 7823 8363 8366 8045 8324 8057 8071 7776 8035 7603 7792 7668 8360 8298 7850 8013 8160 7942 8318 7813 8170 7997 7817 7822 8037 7855 8556 7879 7880 8091 8516 8574 8078 8693 8471 8105 8477 8289 7593 8080 8326 7750 8444 7740 7484 7877 7722 7937 8388 8056 8690 8092 8209 8424 7839 8241 8712 8270 8250 8190 7503 7607 7781 8267 7667 8532 8711 8276 8371 8228 8284 7747 8183 8121 8144 8309 8142 7822 7682 7988 7802 8780 8237 8090 8361 7935 8534 7860 8198 8534 7966 8770 8580 7722 7906 
8067 7634 8045 8445 8453 7496 8156 8183 8047 8119 7760 8493 8135 8046 8200 8032 7982 8182 8707 8037 8218 8102 8116 8336 8170 8231 8152 7473 8184 8446 7640 7788 7944 8324 8029 8093 8025 8418 8170 8304 7418 7573 7651 7325 8144 7839 8644 8248 7439 8169 8589 8427 7828 8645 7898 8139 8209 8222 8202 8459 8059 7855 7794 8587 7140 8217 8862 8200 8104 8405 8328 7857 7835 8313 8308 8399 7611 7822 7994 7918 8238 8389 7957 8142 8613 7776 8282 8442 8381 8071 8271 7918 8041 8316 8125 8233 7988 8503 7640 7968 8574 8433 8233 7999 8125 8100 8186 8100 8572 8092 8214 7814 8177 8148 8043 8339 7893 8193 8169 8070 8128 8131 8007 7700 7762 8142 8971 8140 8388 7887 8113 8052 8008 8364 8819 8203 8270 7614 8576 7787 8438 8530 8508 7930 8441 7788 7728 8129 7836 8111 8074 8489 7941 8601 7974 8021 8072 7970 7782 7925 7946 8308 8349 8382 7670 7486 8349 7735 8114 8390 8720 8323 8722 7784 8097 8333 8407 8794 7643 8222 8252 8376 7893 7275 8254 7322 8177 8360 7880 7732 7968 8281 8237 7937 7705 7612 8332 8372 8051 8031 8125 7618 7996 8533 8319 8142 7437 8531 7935 7883 8090 7987 8285 8181 7601 8054 8083 7806 7879 8302 8089 7865 8110 8580 8090 7659 8255 8541 7845 7885 8106 7912 8096 7591 7966 7328 8648 8506 8177 7991 8079 8073 8085 7732 8010 8176 8435 7977 7900 8147 8269 8850 8109 7711 8004 8401 8269 8088 7979 8057 7905 8182 8957 8219 7629 8299 7990 8453 7625 7309 7597 7512 8202 8167 7902 8545 8001 8079 8679 8071 8062 8382 7400 7843 8309 7994 8015 8106 7948 8298 8463 7956 8265 8186 7789 8049 8032 7933 8008 8431 7585 8036 7785 8314 8156 7848 8294 8651 8269 8149 7783 8027 7822 7790 7905 7696 7686 8300 8064 8137 7512 8054 7476 7800 7770 7955 8629 7928 7992 7979 8040 8275 8597 7979 8170 8420 8671 7757 8511 8175 8458 8620 7980 7489 8078 8031 8170 8716 7777 7768 7642 8089 7972 8118 7631 8518 7950 8084 8339 8121 8212 8907 8090 8246 8336 7823 7519 7645 8411 7865 8608 8419 8531 7820 8398 7922 7910 8320 8166 7767 8590 8383 7776 7422 7529 7948 8416 7937 7829 7992 8120 8562 7929 8321 8585 7803 8434 8270 7770 8376 
8138 7649 7787 7856 8040 7604 7648 7929 7959 7766 7744 7992 7824 7766 7751 7746 7620 7986 8388 8017 7557 7979 7664 7376 7609 8008 7901 7423 7648 8171 7438 8004 7429 7938 7967 7911 7604 7698 8195 7795 6910 7902 7450 7536 7709 7850 8283 7935 7410 7618 7959 8118 8025 8167 7752 7987 7909 7769 8059 8129 7695 7573 7631 7948 7353 7928 7860 7757 7760 8050 7722 7691 7762 8086 8253 8080 7050 7873 7353 8089 7671 8428 7901 7728 8530 7617 7807 7814 7814 8222 8169 7710 7456 7977 7778 7743 7727 8095 7542 7982 7946 8053 7981 7855 7595 7828 7623 8005 8044 7782 7476 7593 7844 8024 7773 7877 8002 7744 7995 7981 7956 7740 7522 7639 7293 7730 8344 7846 7918 7697 7813 7565 7588 8255 8376 7697 7963 7751 8145 7588 8234 8205 7827 7698 7739 7721 8013 8014 7220 7794 7849 7821 8180 8049 7671 7759 8157 7524 7722 7814 7542 7741 8307 8133 7479 7845 7619 7549 7769 8482 8490 7921 8012 7741 7862 7973 7865 8316 7575 7592 8233 8102 7721 7418 7827 7546 8181 7766 7839 7559 8148 7914 7662 7529 7635 7668 8131 8075 8068 7719 7676 7510 7846 8309 8158 7653 7791 8334 7453 7773 7670 7551 7587 7853 7501 7727 8002 7820 7629 7533 7957 7464 7747 8552 7416 7457 8042 8131 7441 7854 7918 7521 7910 7472 7966 7580 7912 7909 8072 7933 7636 7677 7556 7637 7709 7773 8050 7811 7724 7893 7882 8012 7905 7693 8002 7980 7791 8010 7696 7459 7282 7760 8480 7906 7436 7748 8047 7918 7532 7402 7360 7278 7587 7625 7410 7927 7958 7656 8482 7783 7870 7818 7625 7689 7962 7556 7765 7488 7478 8127 8103 8020 7918 7590 7728 7551 7565 7637 7527 7787 7386 7911 7367 7895 7556 7664 8240 8101 8258 7958 7556 7755 7593 7661 7501 7731 7137 8260 7958 7497 7599 7959 7549 7903 7568 7665 7864 7550 7456 8024 7736 7903 7842 7819 8006 8176 8239 7646 8338 8163 7780 8060 7828 6994 7916 8080 7591 8377 7574 7134 7395 7848 7549 7811 7479 7945 7956 7670 8001 7518 7907 8475 7803 8018 7965 7676 7088 7788 7707 7655 8480 8270 8043 7950 8207 7865 7432 7842 7753 7974 7933 7624 7348 7352 7593 7936 8022 7559 7844 7699 7910 7923 7515 7635 8302 7449 8316 8408 7722 7850 
7918 7709 7753 8050 8403 7633 7877 8108 7860 8008 7732 8524 8182 8118 8138 7938 7693 7924 8652 8074 8053 8108 7840 7891 7942 7882 8557 7516 8035 7945 7514 7780 7770 8340 7638 7954 7826 8016 8086 7833 7398 7508 7720 7774 8006 7634 8500 7687 7607 7839 7983 8037 8002 8445 8042 7624 7887 7980 7847 8376 8049 7702 7578 7929 7548 8060 8244 7890 7813 8014 8120 8016 7890 7957 8309 8297 7296 8164 7687 8275 8125 8553 8067 8402 8380 7947 7738 8193 8460 8327 8423 7940 7927 7757 8204 8092 7908 8078 7651 8106 7735 8115 8200 7774 7623 7889 7716 8191 7945 7955 7667 7786 8159 7776 7902 7625 7972 7687 8020 7745 8227 7850 7948 7574 7542 7623 8443 7820 8451 7547 7927 7869 7518 8464 8376 7785 8142 7589 7968 7482 8139 8478 7914 7504 8179 7713 8122 8167 7697 7678 8249 8344 8217 8276 8160 7770 8163 7728 7664 8038 8112 7773 8547 7814 7444 7442 8045 7941 7800 8040 8382 7812 7923 7525 8066 8234 8420 8677 7512 7907 8098 7601 7729 7492 7932 7610 8035 8024 7572 7642 7929 8079 7852 7820 7448 7979 8387 8180 8161 7874 7849 7588 8102 8327 8216 7850 7769 8610 7875 7941 7463 7574 8027 7942 7569 7715 8453 8082 7762 7667 8316 7774 8103 8436 7928 7600 7663 8114 7701 7725 7777 7650 7842 7731 8023 7492 7812 8000 8438 7775 8104 7963 7406 7625 8033 7942 8249 7716 7400 8132 8190 8622 8148 7764 8033 8207 8050 7656 7716 7727 7517 7974 8782 8089 7855 8176 7943 8125 7665 7367 7430 7325 7952 7589 7487 8336 8114 7888 8308 8112 8137 8087 7902 7856 7991 7842 8089 7852 7867 8241 8265 7819 8112 7911 7493 7588 8127 7673 8077 8039 7821 7923 7752 7927 7624 7458 8345 8460 8149 7948 7915 7696 8039 7569 7969 7788 7201 8171 8187 7739 7763 7842 7856 8174 8148 7734 7931 7579 7590 8014 7713 7876 8041 8089 7819 8371 8644 8154 8125 7692 7844 8449 7762 7201 8016 8001 8052 8073 7589 7337 7469 7411 7846 8188 7718 7924 7788 8104 8110 7691 7920 8301 7989 7839 7924 7705 7408 7791 8296 7668 8178 8271 8195 8067 7975 8043 7730 7999 7733 7728 7946 7867 7712 7727 7789 7660 8502 7811 7846 7930 7829 7992 7697 8052 8157 7658 8344 8162 7528 8191 
7882 7712 8122 8302 8284 7828 7893 8121 7938 8014 7564 8389 7732 7702 8165 7999 7579 7963 8048 7845 7731 7696 8121 7835 7792 7939 7918 7606 7891 8176 7461 7968 7573 7844 7659 7881 7459 7875 8354 8010 7194 7698 7694 7628 8178 7700 8081 8069 7706 7801 8514 8123 8107 8691 7738 7774 8125 7613 8205 8629 7771 7602 7645 8056 7318 7960 8416 7661 7729 8054 7941 7853 7581 8117 8232 8153 7128 8009 7424 8163 8039 8022 7997 7952 8501 7915 7877 7870 8240 8190 8128 7637 7720 8016 7930 7969 7817 8262 7602 8262 8119 8253 7799 7608 7709 7724 7758 8110 8155 7954 7594 7824 8187 8032 8109 8249 7905 7714 7635 7709 8267 7867 8013 7565 7933 8099 8730 7848 7995 7942 8090 7701 7438 8598 8407 8300 7853 7692 8075 7628 8517 8437 8143 7565 8234 7662 8100 8222 7437 7816 8318 7987 8098 8207 8306 8061 8081 7570 7481 8001 7682 7741 8492 8135 7371 7449 8186 7647 7686 8013 8749 8058 8077 7953 7982 8563 8357 8506 7616 7769 8292 7920 7927 7630 8064 7919 8113 7934 7684 7665 8249 8211 7628 7666 7357 7607 8241 8238 7988 7792 7837 7710 7821 8324 8249 7657 7919 8109 7878 7827 7693 7738 8023 7972 7529 7899 7799 7984 7365 8074 8192 7472 7937 8377 8327 7538 8099 8680 7780 8045 7833 7253 7816 7656 7864 7388 8238 8179 8320 8414 7979 8018 7406 7667 8059 7965 8203 7742 7567 8127 7888 8713 8006 7691 8190 8261 8015 8146 7820 8024 7546 8041 8582 7780 7679 7958 8138 7998 8019 7520 7606 7219 8099 8097 7621 8292 8205 7893 8443 8035 7829 8351 7569 7671 8298 8017 7763 7800 8021 7869 8178 7875 8095 7664 7460 7889 8044 7940 7485 8328 7261 7906 7854 8353 7473 7432 8204 8257 8557 8071 7940 8000 7781 7686 7982 7465 7832 8123 8165 7906 7728 7800 7623 8231 7954 7427 8099 7618 7599 8101 7750 8304 8217 7803 7889 8382 8356 7704 8022 7848 8116 8517 7419 7448 8117 7853 8112 8355 7380 7133 7466 7987 7906 8284 7657 7966 7902 7888 8038 7830 7618 8285 7798 7938 7739 7632 7320 7608 8115 7515 8211 8247 8236 7976 8269 7768 7642 7931 7681 8013 8085 7939 7830 7577 7754 7534 8527 7644 7946 7735 8009 7610 7913 8096 8419 7672 8441 8268 7495 8035 
8418 7832 8265 8530 8483 7834 8235 8755 8242 8377 8100 8886 8410 8436 8566 8445 8235 8162 8688 8235 8002 8592 8246 8075 8349 8475 8817 7966 8450 8707 7912 8518 8102 8727 8194 8373 8343 8597 8615 8675 7513 8275 7786 8132 8480 8298 8827 8670 7995 8274 8577 8530 8544 8946 7936 8474 8226 8226 8779 8577 8698 8301 7964 8610 7565 8762 8853 8748 8117 8847 8523 8394 8175 8469 8735 8633 7758 8481 8314 8374 8323 9223 8354 8867 8956 7983 8322 8449 8557 8757 8750 8386 8142 8193 8307 8311 8373 8821 8297 8522 8361 8729 8363 8187 7717 8260 8207 8506 8733 8896 8326 8057 8594 8476 8319 8302 8354 8195 8456 8134 8560 8408 8136 8086 7855 8189 8968 8124 8434 8112 8322 8271 7884 8851 9271 8333 8587 8376 8649 7939 8757 8770 8809 8009 8559 7731 8455 8393 7885 8238 8739 8572 8827 8607 8354 8361 8853 8248 8043 8265 8512 8427 8486 8782 7866 7734 8448 8180 8525 8432 8847 8331 8463 8062 8305 8586 8760 8845 8192 8609 8635 8395 8469 7973 8147 7963 8431 8445 8140 8002 8307 8575 8454 8006 7779 8352 8580 8288 8423 8140 8229 8001 7833 8795 8602 8221 8036 8800 8406 8461 8079 8109 8043 8916 8085 7995 8578 8113 8150 8633 8555 8302 8361 8941 8345 7732 8525 8570 8241 8378 8017 8310 8117 8235 8548 7924 8671 8735 8757 8520 8286 8306 8099 7994 8757 8404 8452 8099 7969 8261 8398 8613 8438 7906 8645 8805 8646 8653 8473 8230 7850 8563 9103 8587 8348 8234 8492 8692 7936 7691 7658 7640 8306 8464 7891 8305 8363 8363 8976 8074 8807 8419 7946 8052 8679 7885 8356 8408 8396 8798 8662 8511 8630 8491 7814 8177 8502 8015 8213 8394 8014 8433 8200 8601 8210 7961 8753 8945 8422 8453 8027 8546 8103 8424 8300 8114 7793 8445 8553 8183 8064 8452 8120 8371 8399 8346 8582 7932 8136 8335 8126 8448 8542 8254 8076 8765 8762 8334 8794 8699 8783 8930 8478 7621 8496 8504 8179 8500 8028 7824 8001 8267 8307 8592 8274 8306 8300 8199 9070 8304 8244 9226 8437 8158 8602 8157 7937 8233 8659 8371 8653 8715 8552 8188 8430 8533 8414 8017 8423 8401 8299 8334 8219 7988 8237 8303 9170 8615 8291 8008 8137 8398 8405 8452 8632 8066 8921 8792 8427 8660 
7733 7432 7641 7929 7927 7766 7556 7886 7810 7795 7908 8207 7699 7966 7791 7710 7670 8137 7961 7687 7775 8088 7831 7565 7855 7642 8238 7126 7832 8316 7292 7844 7812 7767 7665 7658 7929 7403 7999 7913 7067 7362 7380 7488 7770 7540 8106 7682 7277 7675 8079 8143 7876 7997 7793 7940 7907 7650 8206 8003 7852 7555 7305 8087 7369 7887 8248 7710 7510 7998 7676 7842 7490 7920 7871 7776 7170 7955 7560 8097 7849 8191 7844 8036 8100 7933 7796 7918 8214 7958 8353 7811 7365 7793 7667 7952 7713 8087 7434 7871 8091 8333 7837 7732 7483 7627 7397 7954 7960 8072 7868 7536 7831 7758 7828 7774 7667 7738 8124 7781 8152 7876 7774 7315 7871 7523 8338 7388 7646 7594 7615 7388 7559 8125 8468 7644 7831 7457 7980 7295 7906 8420 7980 7475 7874 7467 7584 7621 7403 7909 7861 8012 8053 8180 8226 7590 7920 7320 7665 7628 7688 7802 8061 8148 7422 7330 8093 7534 7599 7876 8682 7721 7837 7503 7692 7835 8114 8279 7480 8018 7991 7823 7580 7240 7710 7442 7575 8016 7307 7385 7962 8286 7743 7452 7584 7604 8577 8047 7823 7575 7727 7499 7511 8200 7975 7616 7783 8228 7963 7904 7612 7533 7772 7880 7027 8119 7876 7984 7377 7877 8365 7380 7862 8005 7641 7401 7924 8075 7538 8050 7464 7426 7850 7353 7764 7095 8049 7915 8268 8003 7743 7795 7512 7210 7715 8082 7867 7482 7426 7680 7695 8490 7835 7422 7990 7943 7869 8066 7624 7467 7189 7590 8341 7843 7504 7560 8091 7874 7695 7183 7425 7309 7601 7639 7280 8045 7841 7664 8361 7726 8018 7798 7332 7510 7966 7942 7440 7814 7652 7967 8381 7920 7934 7726 7328 7426 7714 7430 7709 7998 7314 7900 7646 8078 7591 7495 8190 8311 7973 7475 7662 7810 7839 7529 7583 7323 7259 8339 8013 8008 7551 7830 7253 7588 7846 7676 8047 7703 7422 7695 7729 8095 7665 7999 7552 8201 8080 7615 8278 7494 7933 8231 7558 7383 7753 7763 8052 7837 7415 7479 7485 7739 7947 8242 7832 7938 7905 7755 8055 7840 7648 8654 7747 7772 8043 7743 6991 7704 7955 7683 8234 8140 7952 7439 7931 7769 7513 7915 7406 8004 7930 7818 7295 7437 7514 7773 8331 7588 7645 7762 7860 7734 7766 7717 8279 7537 8138 8189 7689 7944 
8030 7534 8095 8183 7982 7521 8097 8042 7960 7706 8177 8216 7844 7707 8199 7720 7803 8183 8559 8185 7849 8052 8006 7657 7941 8054 8253 7728 7991 8204 7278 7914 7929 8086 8037 8063 7891 8022 8180 8108 7405 8000 7496 7736 7998 7940 8439 8085 7585 8007 8438 8225 7889 8742 7948 7690 8109 8089 7909 8218 8102 7884 7543 8697 7299 7976 8403 8198 7987 8139 7993 7892 7657 7896 8218 8539 7394 8070 7647 7858 8151 8872 8035 8378 8621 8073 8049 8063 8447 8000 8142 7933 7877 7870 7798 8087 7892 8589 7852 8049 8030 8328 8432 7680 7325 8105 7800 8010 8732 8520 7931 7611 8141 7912 8139 8141 7849 7975 7829 7909 8363 8294 7941 7480 7691 8134 8284 7665 8160 7941 7950 7676 7828 8347 8273 8046 8056 7724 8194 7516 8275 8598 8065 7815 7947 7974 7881 7904 8025 7867 8180 8136 8187 8732 8069 8177 7942 8066 7567 7870 7979 8150 8388 8263 7643 7494 8191 7998 8151 8262 8310 8154 8268 7965 7968 8178 8407 8530 7604 8167 8095 7779 7874 7562 8227 7753 8016 7985 7778 7795 8214 8079 7796 7752 7716 7597 8343 8074 8325 7748 7922 7676 7819 8383 8155 7636 7707 8049 7738 7902 7541 7745 7931 8200 7798 8037 8033 7962 7678 7884 8230 7718 8131 8497 8064 7672 7937 8208 7826 8187 8137 7948 7872 7763 8274 7633 8291 8283 8300 8066 7978 7807 7486 7554 8040 8388 8095 7850 7626 8269 7906 8501 8047 7599 8105 8209 8152 8118 7865 7934 7817 8399 8945 8239 7812 7927 8166 8205 7744 7637 7256 7456 7821 7810 7571 8013 8040 7792 8762 8132 8092 8462 7784 7947 8270 7970 7890 7954 7867 8070 8053 8167 8196 8147 7682 7939 8219 7864 7598 8236 7714 8019 7700 7823 7998 7621 8474 8473 8181 7768 7789 7628 7704 8315 7745 7771 7749 8029 7873 7827 7919 7947 7792 8279 7917 7990 8213 7653 7944 8257 8000 8230 8070 7899 8047 8120 8629 8167 8341 8141 8213 8627 7444 7260 7916 8248 7830 8441 7892 7420 7668 7695 8098 8381 7541 8112 7953 7986 8243 7786 7816 8490 7783 8059 8095 7415 7619 7540 8211 7569 8256 8504 8271 8020 8009 8314 7771 8126 7990 8093 7808 8076 7639 7944 7760 8046 8460 7777 7903 7966 7770 8088 7965 8066 8422 7459 8430 8400 7564 7825 
8249 7751 8418 8434 8411 7670 8143 7931 8123 7855 7997 8267 7926 8394 8157 8103 7910 8052 8688 8086 7906 8261 7972 7976 7917 8699 8330 7981 8076 8297 7511 7870 8119 8278 7848 7994 7892 8384 8535 8194 7406 7927 7645 7898 7929 7964 8701 8023 7568 7973 8690 8496 7740 8184 8157 8153 8278 7846 7999 8288 8025 7831 7864 8368 7690 7911 8430 7968 8241 8365 8109 8327 7498 8462 8475 8665 7581 8020 7738 8029 8068 8385 8135 8085 8897 8062 8088 7912 8127 8229 8466 7835 8081 8334 8124 8246 8105 8422 7939 7922 8285 8268 8525 8004 8152 8078 7933 8042 8517 8129 7989 7845 8334 8719 7970 7941 7986 7918 7792 7708 8293 8534 7669 7837 7730 8231 8794 8176 8200 8191 8119 8104 7750 8615 8832 7848 8190 7928 8896 7874 8503 8453 8450 7888 8510 7904 8223 8196 7670 8092 8415 8431 8653 8433 8062 8097 8566 7681 7948 7991 8094 8005 8392 8287 7474 7640 8092 7912 8238 8181 8805 8149 8143 7573 8388 8126 8342 8642 7983 8027 8567 8231 8097 7808 8335 7339 8380 8272 7855 7309 8072 8312 8281 7804 7676 8195 8153 7968 8465 8048 7891 7660 8170 8392 8215 8095 7831 8665 8013 7955 8038 8006 8172 8375 7961 8355 8349 8008 7844 8178 8469 7812 8326 8544 8245 7947 8460 8598 8002 8117 7938 7869 7899 7842 8081 7774 8328 8046 8465 8144 8417 8153 7968 7818 8225 7859 8082 8313 8053 8342 8111 8468 7951 7718 8405 8275 8010 8179 7876 7996 7622 8209 8846 8324 7890 8059 7961 8101 7851 7386 7489 7226 8142 8048 7722 8411 8463 7819 8612 8077 8412 8327 7974 8099 8417 7813 8231 7849 7798 8184 8720 7900 8416 8147 7816 7891 8112 7886 7971 8171 7688 8039 7915 8186 8021 8269 8551 8474 8419 8350 8025 8267 7962 7955 8078 8231 7835 7949 8141 7976 7813 7985 7785 8523 7825 8035 8273 8122 7694 8265 7869 8350 8370 7824 8091 8452 8764 7831 8314 8192 8556 8887 7937 7563 8321 8112 7851 8419 8048 7637 7951 7841 8269 8123 7841 8285 8175 7963 8406 8023 8404 8769 7988 8306 7998 8001 7756 7648 8225 7824 8735 8464 8420 7959 8431 8422 8068 8414 7940 8145 8371 7781 7743 8027 7578 8039 8718 7786 8034 8325 8168 8183 7897 8574 8712 8030 8528 8294 7908 8156 
7801 7466 8381 8264 7916 7458 7728 8190 7583 7585 7881 8267 8108 7975 8473 7982 7766 8079 8592 7894 7993 8035 8091 7749 8260 8374 8149 7827 8143 7935 7559 8151 7979 8180 7931 8007 7542 8130 8242 8486 7438 7795 7493 7872 7798 7673 7927 8050 7546 7859 8558 8409 7973 8457 7970 8028 7872 7743 8332 8086 8355 7862 7720 8265 7379 7981 8330 8129 8023 8176 7965 7818 7854 8197 8630 7930 7335 7605 7471 7937 8331 8561 8319 8065 8642 7685 7805 8065 8098 8523 7838 7751 7834 8170 7711 8047 8102 8396 7890 7767 8103 8541 8327 7892 7695 7917 7952 8247 8387 8304 7640 7593 8054 8017 8048 8221 7893 8185 8077 7768 7907 7893 7849 7592 7970 7884 8620 7591 7970 7828 8274 7785 7662 8449 8330 8075 8031 7800 8350 7700 8373 8268 8363 7429 8342 7215 8446 7931 7721 7866 8236 8226 8435 8176 8063 7826 8321 7761 7487 7903 7822 8302 8188 8637 7694 7699 8164 7673 7661 8323 8702 8208 8198 7650 8018 8280 8488 8421 7701 7829 8247 8071 7882 7264 7893 7599 8151 8069 7771 7605 7798 8228 7689 7568 7627 7404 8209 8156 8192 7943 7876 7690 7977 8653 8658 8008 7742 8549 7769 8143 7525 7518 8357 7939 7752 7979 8284 7957 8085 7906 8460 7784 7868 8294 8030 7433 7632 8302 8242 7950 7565 7965 7804 7665 8275 7742 8466 8298 8375 8295 7843 7948 7580 7204 7942 8044 8406 7797 7877 8183 8014 8624 8176 7799 8311 8351 8018 7995 7658 7734 7223 8016 8838 8172 7933 7526 8182 8086 7483 7372 7427 7344 8179 7996 7499 8420 7874 7895 8584 7535 8235 8201 7672 7833 8270 7995 8163 8105 7595 7963 8492 8172 8127 8149 7456 7551 7877 7857 7812 8229 7693 7874 8089 8382 7939 7778 8290 8471 8503 8178 8038 8097 7854 8002 7909 8046 7804 8419 8203 7875 7834 8001 7811 8130 7637 7809 8099 7901 7501 7912 7725 8266 7973 7837 7702 8140 8677 8103 8376 8531 7972 8659 7812 7762 8068 8217 8024 8488 7639 7196 7838 7812 7923 8308 7585 8043 8079 7780 8308 8066 8116 8589 7819 8149 8035 7893 7467 7812 8250 7903 8245 8276 8366 7795 7865 7929 7755 8161 7798 8118 8269 8099 7419 7608 7459 7902 8473 7726 7698 7949 7819 8126 7983 7889 8704 7703 8665 8305 7739 8253 
8440 8207 8958 8868 8291 8572 8478 8786 8400 7987 8255 8737 8395 8571 8704 8263 8448 8485 8809 8308 8323 8274 8517 8268 8497 8678 8713 7947 8268 8791 7883 8576 8062 8481 8412 8540 8544 8299 8655 8775 7858 8188 8002 8277 8277 8306 9042 8720 7961 8123 8958 8968 8367 8740 8422 8454 8672 8231 8535 8748 8337 8538 8202 8642 8003 8637 8746 8231 8524 8696 8114 8111 8180 8872 8927 8546 7867 8402 8137 8582 8303 8811 8427 8920 9058 8238 8761 8643 8657 8676 8866 8487 8416 8726 8171 8516 8097 8427 8325 8555 8601 8481 8822 8305 8197 8428 8054 8628 8901 8794 8169 7948 8672 8737 8170 8172 8364 8402 8192 8164 8442 8723 8185 8251 8404 8452 9278 8246 8137 8351 8534 8262 8262 8953 9201 8550 8598 8287 8913 8114 8825 8979 8483 8150 8931 8117 8662 8334 7720 8097 8362 8532 8615 8859 8368 8253 8587 8262 7807 8497 8129 8204 8588 9030 7809 7885 8580 8303 8503 8420 8823 8619 8351 8487 8358 8654 8692 9285 7688 8474 8551 8713 8386 7960 8748 7770 8534 8740 8340 8035 8515 8920 8232 8187 7839 8336 8460 8681 8339 8289 8331 8103 8532 8952 8788 8312 8097 9053 7973 8341 8074 8326 8433 8382 7956 8489 8686 8499 8057 8340 8763 8443 8499 8938 8608 7975 8419 8606 8302 8786 8290 7898 8442 7997 8433 8084 8858 8591 8898 8615 8188 8384 8182 8208 8922 8683 8673 7907 7952 8433 8578 9025 8545 8186 8758 8847 8378 8629 8292 8157 8080 8469 9178 8649 7939 8484 8472 8854 8250 8037 7866 8018 8421 8213 7908 8631 8539 8232 9056 8675 8381 8482 8130 8226 8526 8667 8254 8292 8342 8572 8831 8452 8528 8462 8042 8555 8632 8322 8292 8706 7823 8198 8547 8914 8358 8235 8899 9111 8785 8558 8281 8357 8192 8200 8066 7999 8374 8529 8530 8356 7899 8310 8116 8716 8328 8473 8616 8010 7962 8720 8230 8403 8543 8439 8481 8574 8991 8079 8752 8579 8625 9110 8405 7742 8620 8625 8408 8804 8188 7600 8142 8384 8422 8622 8014 8680 8578 8121 8673 8388 8602 9215 8257 8309 8694 7999 7909 8179 8474 8039 8680 8613 8738 8318 8442 8239 8258 8219 8241 8375 8464 8061 8016 8050 7738 8226 8826 7844 8595 8324 8503 8504 8124 8466 8789 7869 8899 8663 8106 8490 
8258 7595 7885 8099 8297 7542 7771 8239 8021 7952 7935 7857 8080 7998 8543 8237 8028 8042 8383 7858 8026 8218 7944 7806 7533 8088 8207 7606 8192 7972 7891 7731 7832 8144 8242 8059 8295 8002 8302 8150 7353 7966 7783 7186 7868 8007 8656 8239 7706 8058 8492 8629 7921 8482 8001 7766 8285 7855 8269 8244 8094 7843 7694 8551 7652 8143 8433 8107 8189 8384 8197 8014 8002 8452 8289 8314 7463 8021 7958 8135 8210 8442 8103 8214 8468 8055 8258 8095 8578 8397 8058 8067 7778 8113 8041 8072 7852 8600 7628 8039 8401 8192 8487 7871 7875 7848 7824 8553 8476 8566 8257 7834 8362 8083 7824 8398 7965 7900 8033 7628 8169 8186 7732 7601 8009 8176 8582 8025 8141 7956 8532 7676 8173 8524 8677 8054 7906 7931 8379 7839 8252 8388 8237 7817 8250 8062 7957 8352 7734 8235 8376 8370 8147 8368 7891 8045 8568 7732 7925 8043 7985 8085 8349 8105 7692 7608 8107 7950 8142 8030 8425 8372 8125 7976 8397 7989 8157 8540 7870 8029 8368 8330 7998 7527 8247 7598 8069 8273 8015 7465 8327 7904 7969 7596 7721 7941 8517 8364 8234 8253 7899 7750 7775 8996 8152 8080 7653 8686 7835 8107 7650 7790 8261 7842 7399 8075 8276 7905 7769 7839 8457 7576 8281 8439 8300 7845 8062 8456 7626 8231 8233 7997 8132 7658 7848 7698 8342 8353 8461 8008 8104 8026 7801 8005 7944 8233 8480 7922 7853 8393 8040 8506 8215 7830 8202 8353 7925 8018 8083 7978 7903 8073 8562 8198 8013 8088 7936 8383 7748 7743 7444 7444 7784 7846 8005 8536 8172 7796 8391 7969 8155 7983 7888 7648 8436 7786 7993 7981 8051 8322 8480 8035 8401 8193 7844 7780 8002 8170 8019 8341 7720 8224 7831 8245 7773 7810 8369 8806 8223 8207 8060 7941 7819 8023 7894 7932 7928 8355 8003 8008 7832 8061 7477 8206 7864 7990 8330 7995 7539 7996 7926 8297 8055 7847 8014 8009 8180 8308 8678 7931 8321 8552 8131 7392 8038 8170 8129 8572 7879 7560 7954 7581 7937 8096 7504 8040 8010 7936 8461 7946 8106 8728 7848 8133 8125 8046 7607 7949 8481 7642 8380 8420 8551 8062 8426 7858 7535 7952 7844 8240 8404 8458 7612 8046 7462 8075 8400 7708 7932 8020 8371 8322 7863 7995 8594 8087 8661 8446 7763 7925 
8158 8059 8429 8478 8679 7969 8270 8445 8369 8576 8174 8664 8182 8303 8251 8542 8333 8432 8773 8470 8355 8196 8008 8178 8324 8468 8610 7895 8490 8604 7975 8159 8273 8432 8372 8442 8378 8328 8818 8529 7515 8329 7788 7821 8437 8088 9181 8302 8003 8328 8777 8886 8521 8585 8270 8331 8352 8224 8574 8293 8229 8021 7977 8380 7695 8294 8690 8197 8607 8655 8306 8228 7838 8486 8703 8542 7964 8252 8335 8455 8755 9102 8302 8690 9179 8376 8332 8224 8641 8762 8531 7874 8364 8117 8310 8103 8223 8293 8320 8460 8742 8752 8491 8297 8052 7996 8050 8451 8754 8310 8430 7990 8640 8272 8342 8331 8094 8368 8441 8328 8408 8431 8094 7873 8070 8302 8845 8171 8446 8004 8604 8074 8190 8660 8911 8342 8585 8215 8982 7853 8618 8828 8560 8289 8615 7997 8429 8466 7881 8100 8366 8511 8651 8659 8525 8230 8398 8091 8010 8246 8380 8025 8510 8338 7898 7828 8565 8579 8409 8523 9043 8519 8404 8068 8714 8435 8707 9184 7910 8611 8604 8344 8429 8145 8465 7822 8170 8370 8234 7809 8698 8716 8529 8150 7805 7845 8726 8495 8425 7905 8427 8113 8377 9055 8305 7912 8401 8779 8357 8134 8181 8457 8396 8617 7806 8300 8148 8281 8170 8508 8713 8370 8573 8594 8521 8110 8580 8660 8038 8326 8202 8107 8404 8225 8256 7982 8530 8801 8701 8779 8603 8308 7996 7879 8727 8375 8743 8053 7854 8326 8724 8961 8322 7781 8438 8670 8618 8672 8214 8111 8086 8858 8801 8483 8188 8602 8338 8754 8243 7720 7696 7999 8170 8489 7817 8917 8208 8266 8878 8113 8232 8619 7871 8071 8550 8073 8487 8163 8192 8394 8862 8408 8569 8228 7990 8097 8395 8448 8249 8699 8028 8478 8136 8123 8434 7787 8699 8998 8177 8431 8098 8324 8082 8028 8126 7991 7945 8519 8696 8224 7907 8361 7930 8404 8132 7791 8592 8307 7947 8918 8113 8893 8419 8385 8212 8438 8914 8090 8599 8438 8406 8651 8346 7726 8478 8538 7949 8508 8238 7682 8204 8444 8411 8627 8039 8543 8408 8361 8750 8167 8251 9085 8193 8337 8316 7827 7903 8118 8241 8168 8905 8914 8369 7978 8504 8638 8216 8575 8538 8564 8420 8179 8385 8209 7904 8050 8893 8326 8276 8095 7880 8527 8734 8588 8981 8176 9091 8500 7905 8261 
8527 8031 8642 8753 8479 7942 8159 8743 8275 7690 8267 8395 8136 8537 8497 8555 7922 8658 9152 8311 8222 8270 8536 8025 8533 8556 8666 8109 8267 8684 7837 8200 8203 8605 8561 8281 8347 8290 8780 8846 7611 7958 7975 8214 7932 8055 8832 8074 7907 8229 8721 8651 8222 8651 8357 8368 7941 8111 8916 8355 8478 8216 8038 8533 7864 8767 9016 8486 8069 8667 8408 8285 8209 8603 8457 8595 7877 8133 7712 8092 8430 8702 8459 8856 9065 8046 8475 8693 8512 8635 8364 8271 8219 8439 8317 8346 8349 8904 7766 8436 8481 8806 8602 8131 8119 8220 7999 8447 8843 8419 8425 7814 8289 8577 8191 8368 8186 8451 8597 8247 8594 8492 7799 8274 8274 7966 9287 8709 8292 7875 8676 8339 7641 8515 8820 8452 8654 8610 8675 8102 9111 8786 8320 8021 8742 8082 8460 8037 7880 8194 8312 8801 8614 8345 8518 8177 8610 7989 8233 8113 7988 7991 8521 8395 7993 8071 8725 8122 8167 8417 9323 8304 8290 8500 8184 8530 8664 9185 8195 8222 8819 8673 8002 7722 8486 7896 8184 8642 7818 8204 8467 8123 8298 7949 7866 8060 8391 8908 8365 8289 8286 8043 8303 8623 8653 8303 8038 8790 8156 8321 8160 8181 8279 8250 8272 8421 8559 8164 8185 8301 8825 7831 8120 8806 8161 8160 8127 8700 8576 8368 8267 8141 7954 7899 8305 7894 8690 8651 8669 8505 8274 8237 8198 7959 8490 8533 8547 8202 8115 8291 8327 8884 8157 8385 8695 8429 7876 8643 8137 8108 7776 8479 9069 8212 7993 8295 8560 8384 7907 7768 7453 7384 8525 8400 7991 8792 8463 8077 8808 8382 8359 8288 7912 8276 8685 8023 8302 8521 8291 8492 9051 8449 8390 8659 8039 8199 8504 8342 8165 8815 7966 8120 7955 8316 8277 8137 8409 8836 8534 8090 8011 8678 8332 8199 8099 8117 8402 8427 8288 7943 8114 8315 7620 8422 8131 7945 8366 8347 8201 8461 8474 8668 8419 8205 8657 8534 8701 8407 8871 8416 8842 8899 8073 7566 8644 8432 8320 8817 8027 7811 8229 8133 8567 8472 7953 8801 8665 8100 8666 8317 8430 9272 8596 8577 8219 8378 7854 8291 8464 8163 8822 8837 8680 8163 8515 8326 8416 8635 8534 8422 8499 8355 8026 8010 8068 8272 8550 8307 8066 8100 8357 8630 8398 8377 8664 8350 8764 8769 8132 8399 
7914 7847 8413 8372 8465 7915 7785 8039 8002 7653 7940 8630 7745 8246 7988 8048 8048 7885 8547 7984 8012 8217 7965 8035 7776 8162 8303 7817 7825 8335 7438 7894 8114 8396 8151 8005 7888 8098 8376 8204 7491 7756 7661 7612 7722 7581 8225 7770 7459 7958 8256 8172 8110 8516 7531 8317 8273 7636 8359 8354 8087 7883 7845 8422 7493 8198 8318 8074 8215 8289 8043 8014 7832 8024 8367 8206 7449 8142 7745 8179 8092 8504 8169 8304 8709 7951 8035 7909 8466 8315 8286 7920 7883 8140 8065 8016 7871 8606 7640 7925 8201 8174 8008 7576 7684 8092 7736 8416 8178 8219 8457 8026 8185 8050 7792 8052 7830 7904 8172 7619 8562 8090 7777 7950 7819 8242 8692 7969 8006 7709 8109 7719 7704 8381 8433 8023 8160 7770 8327 7851 8416 8366 8095 7627 7893 7863 8084 7900 7727 7831 8258 8246 7989 8435 8208 7829 8453 7799 7610 7806 7868 7894 8569 8327 7590 7616 8088 7777 7843 8092 8941 7923 8158 7459 7944 8364 8405 8547 7841 8205 8246 8020 7736 7919 8076 7751 7862 8047 7677 7598 7989 7910 7839 7483 7695 7826 8213 8291 8237 8079 7722 7699 7880 8526 8199 8023 7469 8585 7898 8207 7889 7368 7930 8454 7701 8162 8287 8184 7873 7959 8495 7496 8140 8598 7914 7664 8249 8562 7798 8078 8037 7885 7926 7627 8067 8103 8012 8092 8287 8130 7970 7995 7583 7616 8038 8340 7904 7850 7861 8162 8084 8612 8237 8059 8433 8317 8229 8025 8018 8218 7822 7768 8870 8228 7734 8050 8129 8148 7744 7719 7290 7455 8007 7763 7630 8277 8024 7917 8624 7991 7935 7913 7485 7677 8431 7699 8105 8039 8039 8332 8490 8076 8011 8076 7532 7834 7908 7712 7753 8301 7568 7602 7868 8096 8000 7453 8345 8473 8449 7847 8114 8078 7750 7799 7833 7516 7532 8072 8072 7936 7748 8226 7581 7978 7893 7923 8359 7962 7420 7849 7760 8237 8026 7939 8266 8236 8280 7863 8519 8052 7838 8529 7390 7255 8066 8000 8067 8625 7657 7437 7695 7816 7774 7840 7815 8109 8215 7921 8110 7932 7799 8916 8079 8457 8223 7870 7598 7794 8187 7922 8170 8496 7958 7650 8233 8016 7598 8180 7940 8011 8088 7813 7700 7559 7678 8038 8412 8150 7905 7680 8003 8075 7754 7877 8656 7716 8368 8315 8015 8194 
8688 8408 8390 8573 8721 8237 8488 8752 8144 8174 8250 8780 8288 8693 8920 8544 8322 8670 9390 8347 8332 8358 8394 8211 8352 8826 8840 7922 8264 8708 8151 8544 8326 8734 8278 8286 8293 8499 8753 8642 7931 8454 8145 8081 8277 8354 8813 8413 8014 8525 9025 8780 8580 8849 8478 8761 8600 8197 9137 8644 8629 8111 8103 8657 7807 8584 8707 8536 8165 8613 8378 8291 8156 8540 8684 8326 7942 8733 8191 8661 8872 9192 8552 8672 9160 8422 8528 8476 8672 8639 8811 8105 8398 8630 8426 8583 8594 8728 8404 8565 8569 9118 8539 8332 8210 8847 8310 8704 8513 8707 8280 7981 8431 8402 8681 8358 8426 8311 8759 8335 8762 8757 7938 8123 8286 8256 8926 8383 8574 8211 8626 8336 7941 8728 9399 8549 8721 8422 8754 8016 8944 9007 8622 8276 8987 8130 8289 8927 7908 8577 8400 8654 8715 8640 8498 7933 8832 8197 8414 8444 8443 8205 8911 8723 7862 8281 8924 8189 8458 8996 9055 8388 8457 8316 8293 8839 8902 8993 8152 8410 8902 8462 8246 8227 8436 8265 8647 8653 8217 8252 8541 8511 8175 8504 7530 8268 8773 8659 8394 8516 8191 8032 8425 8853 9143 8369 8286 8893 8423 8543 8306 8315 8388 8739 8359 8485 8500 8542 7978 8565 8694 8274 8697 9078 8524 8103 8641 9176 8406 8540 8300 8112 8236 8311 8577 7969 8548 8669 8816 8741 8542 8716 8121 8298 8473 8392 8693 8538 7919 8832 8462 9151 8449 8189 8743 8452 8510 8757 8048 8476 7980 8331 9263 8203 8085 8490 8535 8710 8313 7689 7832 8096 8406 8414 8006 8896 8474 8200 8996 8560 8482 8876 7922 8272 8638 8196 8493 8452 8256 8563 9157 8564 8657 8662 7656 8164 8612 8198 8086 8789 7995 8633 8257 8465 8502 7912 8925 8725 9072 8712 8172 8726 8459 8196 8398 8209 8130 9070 8829 8567 8455 8255 8108 8665 7932 8279 8864 8247 7901 8481 8054 8962 8610 8388 8394 8725 8699 8426 9181 8498 8835 8973 8184 7651 8659 8741 8885 9012 8530 7647 8171 8294 8304 9031 8222 8450 8486 8309 8685 8305 8433 9271 8401 8436 8671 8247 8172 8420 8580 8245 8854 8545 8842 8554 8463 8284 8641 8606 8105 8397 8737 8305 8162 8220 8489 8407 8858 8264 8218 7903 8552 8816 8180 8182 8864 7780 8831 8832 8016 8688 
8157 7975 8456 8360 8696 7835 7935 8429 7968 8123 8006 8477 8349 8185 8099 8130 8070 8117 8306 8177 8222 8171 8105 7862 7974 8400 8453 8174 8012 8427 7657 8172 7954 8450 8034 8444 7966 8314 8249 8233 7618 8074 7963 8116 7818 8058 8659 8176 7774 8263 8514 8688 8264 8830 8034 8014 8197 8160 8136 8575 8094 7838 7876 8114 7766 8155 8575 8251 8100 8525 8186 7804 7902 8502 8338 8338 7805 8156 7748 8023 8305 8718 8392 8201 8709 8161 8056 8108 8505 8314 8378 8029 7971 8327 7740 8294 8111 8410 7784 7972 8215 8575 8227 8024 8093 8103 8270 8144 8379 8272 8245 7889 8133 8297 7993 7829 7809 8214 8010 7994 8226 8493 7814 7697 8117 8018 8783 8223 8315 8174 8358 7774 7965 8350 8791 8218 8171 8155 8618 7928 8553 8337 8118 7877 8315 7996 8275 8239 7972 8117 8298 8644 8306 8483 8187 8213 8154 7902 7617 8011 8067 7856 8271 8069 7499 7704 8420 7669 8155 8067 8945 8339 8079 7919 7981 8455 8618 8511 7967 8229 8660 8399 7908 7539 8226 7500 8274 8238 7532 7730 8005 8248 7915 8193 7721 7782 8499 8343 8264 7972 8152 7822 8222 8345 7946 7892 7871 8788 8047 8120 8148 7785 8329 8234 7822 7835 8487 8062 8095 8092 8491 8110 8366 8786 7940 7841 8469 8343 8167 7700 8091 7900 7893 8118 8060 7701 8514 8039 8774 8498 8125 8138 7969 7706 8237 8069 8503 8059 8108 8334 8222 8682 7847 8024 8316 8342 8213 8113 7800 8131 7623 8379 8623 8168 7690 7901 8043 8167 8224 7445 7538 7532 7910 7863 7706 8471 8248 8097 8786 7879 8297 8394 7902 8010 8327 8055 8226 8037 8082 8041 8684 7932 8418 8286 7612 7906 8280 8266 7768 8553 7517 8008 7787 8259 8042 7809 8590 8832 8755 8234 7963 8203 7772 8018 7961 8096 7813 8710 8228 7934 7816 7968 7696 8275 7901 7599 8326 8042 8146 8189 7570 8175 8260 7897 8103 8462 8809 7962 8411 8315 8426 8525 7963 7709 8323 8068 8191 8662 8058 7388 7917 8225 8231 8384 7820 8314 8090 8030 8720 8123 8357 8577 8035 8179 8106 7818 7401 7991 8240 8018 8734 8504 8692 8032 8267 7996 8003 8282 8454 8228 8376 7939 8054 8238 7517 8223 8593 7803 8028 8036 7973 8022 8205 8437 8649 7891 8726 8686 8130 8249 
8969 8389 8710 9014 8736 8351 8510 8661 8703 8183 8434 8577 8648 8667 8800 8756 8327 8747 9348 8725 8858 8977 8634 8309 8652 9055 8872 8220 8420 8649 8120 8471 8280 9013 8605 8500 8616 8524 8900 8711 7823 8140 8492 8153 8684 8293 9055 8504 8071 8206 8710 8783 8111 9191 8396 8292 8810 8537 8540 8481 8477 8464 8075 8990 8097 8522 8974 8826 8549 8891 8272 8567 8571 8656 8927 8606 8242 8620 8425 8667 8583 9026 8593 9150 9189 8615 8659 8779 8971 8781 8935 8287 8271 8718 8682 8716 8552 9351 8386 8674 8889 8957 8694 8009 8244 8511 8181 8413 8922 9115 8597 8339 8840 8540 8429 8675 8338 8343 8907 8352 8933 8860 8667 8489 8321 8527 9374 8478 8980 8473 8723 8680 8236 8834 9200 8860 8944 8353 8895 8156 8758 9052 8942 8126 8929 8226 8578 8484 8475 8447 8533 8626 9024 9056 8668 8230 8805 8373 8606 8425 8251 8553 8970 8738 7856 8239 8866 8138 8907 8927 9393 8518 8461 8660 8513 8863 9022 9360 8225 8754 8564 8576 8372 8275 9070 7855 8576 8551 8407 8231 8559 8411 8732 8362 8301 8457 9071 8769 8833 8441 8342 7998 8658 8936 8912 8660 8163 9311 8473 8789 8561 8352 8628 8501 8153 8520 8868 8732 8337 8533 8917 8453 8748 9259 8567 8192 8907 8830 8625 8746 8342 8394 8336 8142 8593 8061 9103 8829 8977 8613 8849 8399 7977 8287 8683 9021 8955 8512 8352 8668 8613 9183 8709 8460 8492 8746 8543 8831 8367 8174 7730 8743 9167 8417 8261 8427 8607 8537 8276 8149 8240 8106 8566 8666 8280 8774 8465 8265 8953 8560 8840 8763 8236 8536 8667 8242 8235 8495 8583 8851 9098 8863 8375 8752 8082 8411 8698 8540 8477 8933 8317 8734 8477 9055 8271 8018 9186 9155 8995 8597 8456 8277 8548 8422 8477 8215 8283 8978 8619 8237 8123 8911 7901 8570 8605 8684 8732 8581 8389 8669 8426 8978 8506 8763 8705 8712 9152 8449 8944 8702 8958 9210 8472 7953 8742 8595 8787 9076 8298 7701 8365 8507 8675 9098 8467 8755 8749 8363 8642 8650 8688 9445 8607 8634 8604 8344 8359 8216 8878 8554 8852 9005 8986 8154 8798 8494 8309 8964 8533 8700 8552 8664 8123 8176 8071 8434 9178 8458 8513 8662 8402 8829 8579 8672 9216 8233 9099 9037 8090 8803 
8001 7780 7826 8163 8002 8012 8036 8421 8101 7870 7842 8055 8025 8110 8138 7862 7846 8151 8453 7793 7868 7804 7897 7666 7811 8207 8431 7497 8037 8124 7472 7922 8076 8021 7924 7642 7862 8000 8516 8057 7032 7912 7796 7576 7950 7714 8804 7933 7733 8137 8529 8078 8230 8460 7943 7658 7833 7552 7966 8265 7714 7831 7601 8211 7612 8018 8421 7892 8016 8452 7600 7701 7516 7982 7970 8086 7571 7825 7626 8046 8046 8473 8019 8344 8314 7939 8140 7959 8133 8200 8094 7990 7837 7965 8020 7855 7921 8366 7858 7883 8127 8173 8277 7709 7787 7704 7935 8229 8291 8279 7610 7629 8035 7873 7906 8221 7722 7883 7924 7331 7946 8416 7711 7836 7998 7918 8510 7750 7664 7979 8063 7425 7595 8413 8470 7914 8156 7856 8237 7469 8361 8128 8139 7764 8053 7839 7927 8424 7749 7963 8034 7971 8013 8339 8268 7938 7942 8132 7706 8283 8046 7845 7952 8131 7516 7587 8382 7763 8151 7918 8715 8180 8197 7874 7881 8108 8355 8742 7387 8105 8442 7863 7502 7619 7990 7498 8007 8102 7627 7617 7968 8211 7827 7421 7716 7629 8269 8413 7964 7832 7750 7836 7937 8141 8003 7798 7726 8325 7590 7600 7575 7734 8027 7598 7731 8119 7942 7837 7450 7961 8453 7843 8188 8530 8085 7759 8333 8354 8072 7907 7988 7370 7619 7663 7981 7425 7931 8103 8482 8140 7831 7856 7936 7779 8329 8062 8126 7831 7350 7833 7792 8282 8074 7598 8028 8104 7980 8448 7823 7815 7528 7885 9007 8254 7871 7870 8179 8076 7742 7526 7095 7468 7749 7995 7703 8101 7944 7683 8335 8043 7721 8507 7748 7688 8302 7872 8075 7720 7760 8228 8442 7991 8217 7903 7812 7659 8095 8000 7672 8045 7502 7782 7998 8052 7821 7665 8354 8477 8111 7863 7691 7794 7923 7583 7477 7731 7693 8112 8122 7898 7418 8006 7370 7885 7986 7702 7804 7655 7659 7936 7796 7891 8183 7852 8042 8198 8328 7848 8575 7901 8151 8477 7857 7145 8176 8442 8149 8450 7670 7276 7644 7519 8058 8508 7490 7988 7926 7872 8344 7655 8123 8386 8003 7913 8196 7655 7304 7631 8287 7709 8316 8252 8185 8009 7959 7853 7932 8362 7817 7913 7936 8077 7717 7824 7623 8002 8226 7751 7843 7892 7761 8257 7951 7888 8594 7572 8663 8256 7555 8050 
8482 8299 8264 8621 8862 8297 8437 8879 8505 8231 8150 8562 8740 8556 8426 8400 8267 8609 9090 8222 8336 8279 8000 8476 8750 8880 8526 7697 8338 8737 8003 8418 8455 8634 8505 7989 8398 8663 9120 8464 7779 8075 8023 7939 8759 8190 8867 8629 8255 8139 8793 8621 8605 9070 8331 8247 8685 8133 8568 8735 8250 8016 7506 8706 7828 8520 9063 8563 8502 8986 8616 8319 7663 8332 8707 8535 8013 8436 8097 8026 8248 9123 8423 9044 9012 8193 8592 8433 8727 8603 8749 8089 8157 8371 8439 8368 8204 8744 8211 8617 8343 8756 8602 8332 8010 8435 8230 8759 8887 9000 8232 8073 8583 8330 8542 8523 8271 8410 8583 8024 8636 8631 8636 8345 8172 8456 9110 8197 8832 8102 8362 8304 8029 8541 8939 8452 8632 8170 8884 7666 8505 8865 8808 8021 8731 7848 8444 8868 8052 8482 8703 8791 8657 8800 8455 8763 8733 8342 8022 8569 8363 8271 8517 8946 7832 8033 8758 8309 8618 8721 8747 8604 8751 8322 8788 8735 8816 9146 7903 8680 8703 8264 7946 7988 8739 7704 8292 8724 8159 8074 8549 8707 8399 8227 8212 8304 8842 8685 8463 8401 7917 8297 8424 8859 8613 8458 8196 8940 8394 8476 8289 8002 8277 8380 8082 8762 8570 8321 8106 8105 8593 8191 8463 9059 8587 8274 8331 8942 8264 8496 8318 8146 8188 8206 8724 8057 8859 8920 9086 8644 8414 8303 8154 8220 8248 8547 8705 8422 8012 8361 8463 9101 8501 7765 8740 8506 8281 8707 8346 8202 7961 8594 9215 8493 8452 8166 8563 8994 8022 7985 7741 7623 8610 8001 8278 8860 8234 8312 8892 8696 8290 9003 8088 8400 8666 8542 8269 8449 8278 8616 8766 8773 8392 8358 7916 8466 8399 8299 7912 8550 7811 8427 8289 8656 8257 8029 8738 9093 8611 8427 8301 8392 8194 8340 8504 8065 8306 8620 8526 8226 8277 8631 8123 8308 8205 7903 8788 8067 8050 8473 8242 8570 8159 8581 8600 8576 9095 8635 8894 8492 8611 9075 8197 7432 8889 8674 8416 8864 8057 7922 8153 7849 8412 8866 8148 8891 8488 8413 8715 8651 8418 8832 8231 8409 8638 7957 8039 7794 8895 8340 8694 8809 9121 7996 8569 8677 8109 8813 8495 8099 8464 8390 8004 8135 8023 8318 8844 8376 8062 8620 8725 8558 8244 8224 8809 8130 9210 8683 8055 8477 
8047 7672 8062 8097 8387 7762 8116 8167 7916 7790 7931 8188 7978 7945 8200 7756 7801 7886 8307 7759 7848 7759 7979 7353 8121 8150 8428 7740 7881 8152 7558 7737 7631 8233 7928 7814 7787 7975 8031 7997 7200 7863 7541 7450 7774 7782 8334 7947 7163 7931 8172 8432 8065 8244 7842 7789 8158 7890 8086 8199 8064 7828 7483 7819 7245 7720 8267 7965 7967 8134 7845 7772 7703 7897 8187 8157 7707 7887 7500 7633 8188 8409 7893 8337 8339 7755 7944 8254 8275 8028 8192 7896 7746 7958 7782 7881 7772 8080 7721 8250 8202 8481 8254 7606 7602 7677 7715 7948 8335 8040 7879 7775 8258 7855 7662 7819 7708 7791 8068 7926 7878 7650 7759 7844 7311 7869 8304 7987 8295 7647 8329 7842 7670 8237 8517 7850 7959 7661 8004 7371 8107 8407 8232 7755 8517 7835 7864 8332 7693 7839 8087 8406 7912 8415 8249 7727 8015 7808 7556 7920 7911 7829 8035 8045 7440 7485 8331 7960 7845 8153 8289 8202 7696 8016 7746 8310 8309 8689 7740 7989 8107 7745 7754 7616 8183 7492 8071 7991 7573 7522 7927 7872 7627 7797 7467 7701 8208 8174 7931 7735 7780 7361 7921 8354 8332 7857 7811 8200 8050 7714 8069 7837 7749 7652 7580 7850 8329 7719 7392 7837 7886 8115 7961 8217 8233 7536 7704 8197 7921 8036 8242 7487 7868 7699 7980 7154 8475 8309 8247 8169 7801 7935 7745 7614 8158 8206 8366 7561 7774 8310 7961 8178 7990 7494 7917 8355 7914 7572 8057 7562 7158 7687 8318 7873 7710 8001 7747 7781 8102 7512 7326 7533 7981 7913 7460 8070 8002 7914 8667 7806 8056 8212 7781 7953 7972 7780 7790 7876 8020 8034 8266 7892 8413 8265 7401 7670 8048 7731 7453 7922 7514 8211 7730 8248 7641 7402 8353 8674 8434 7982 7731 7538 8146 7611 7927 7817 7661 8102 8072 7607 7623 7721 7752 8111 7684 7876 7713 7775 7831 7916 7892 8203 8223 7618 7748 8325 8441 8071 8309 7892 8114 8349 7933 7501 8142 7841 8162 8141 7174 7373 7525 7787 7819 8138 7644 8115 7841 7854 8246 7757 7815 8662 7871 7944 7860 7561 7695 7681 8068 7510 8332 8276 8108 7902 8066 7917 7829 7860 7955 7649 8201 7934 7609 7704 7467 7797 8389 7699 7697 7874 7775 8088 7705 8030 8177 7479 8172 8354 7831 7855 
7783 7761 7929 8420 8347 7708 7882 8111 7731 7786 7567 7958 7649 7993 8181 7853 7707 7930 8266 7761 8106 7969 8195 7737 7913 8033 8237 7406 7907 8199 7394 8108 7616 8184 8008 7964 7735 7838 8114 8157 7284 7471 7397 7228 8050 8249 8218 7999 7410 7744 8337 8228 7719 8546 7744 7716 7923 7811 8126 7921 8064 7629 7570 8238 7404 7865 8064 7899 7730 8391 7698 7729 7571 7948 8058 8001 7679 7827 7276 7899 8183 8182 7752 8127 8575 7896 7955 7988 8491 7937 8029 7738 7689 7884 8124 8063 7888 8592 7912 8110 7763 8380 8171 7786 7273 7933 7303 8197 8349 8123 7895 7748 7858 7969 7871 7794 7823 7827 8077 7694 7976 7932 7502 7512 7618 7720 8558 7655 7964 7982 8032 7721 7652 8044 8540 7972 8218 8042 8232 7785 8428 8377 8105 7673 8174 7449 8086 7822 7582 7751 8037 8196 8350 8043 8004 7690 8245 7415 7825 7882 7805 8054 8119 7966 7422 7618 8354 7560 7922 8305 8700 8009 7968 7643 7971 8060 8263 8583 7551 8070 8255 7927 7867 7593 8135 7277 8051 7965 7547 7282 7944 8162 7644 7650 7548 7717 8671 7994 8068 7943 7730 7669 7728 8463 8009 7725 7857 8586 7615 7794 7824 7462 7779 7834 7481 7862 8251 8048 7708 7960 8379 7730 7902 8569 8200 7394 7936 8382 7773 8218 7955 7625 7905 7595 7750 7376 8255 8308 8356 8214 7916 8335 7730 7816 8002 8239 8178 8064 7699 8070 7955 8824 7775 7505 7935 8412 7775 7925 7738 7718 7537 7778 8546 7866 7663 7617 7877 8195 7440 7661 7344 7506 7950 7688 7517 8316 8225 7938 8546 7748 8229 8031 7495 7797 8142 7994 7884 7691 7643 7649 8190 8202 8080 8094 7409 8016 8012 7714 7893 7805 7460 8015 8077 8103 7764 7527 8431 8663 8430 7878 7938 7823 7889 7871 7761 7828 7835 8048 8058 7828 7715 8039 7835 7959 7857 7760 7969 7778 7596 7949 7858 8147 7774 7877 7820 8328 8094 8075 8198 8133 7962 8495 7635 7242 8124 7769 7693 7999 7368 7328 7706 7730 7889 8252 7544 8174 8018 8275 8127 7611 7967 8427 7791 7958 7743 7983 7516 7768 8106 8081 8254 8164 8560 7729 7956 7935 7807 7958 7705 8046 8252 7745 7485 7805 7513 7591 8056 7876 7777 7591 8202 8228 7812 7816 8267 8055 8432 8326 7662 7988 
8058 7434 8239 8142 8053 7732 8141 7983 8401 7894 8063 8486 7900 8091 8373 7899 7980 7980 8635 7935 7856 7929 8213 7828 8087 8386 8368 7662 8050 8418 7728 7802 7677 8623 8237 7583 8053 8232 8079 8078 6961 7793 7625 7552 7812 7527 8794 8179 7709 7844 8582 8451 7795 8256 7448 8091 8297 7651 8257 8167 8092 8230 7786 8422 7427 8148 8609 8004 7795 8233 8025 7988 7688 8012 8193 8413 7455 7688 7669 8253 8438 8542 8122 8380 8772 8266 8138 8235 8217 8309 8086 8087 7716 7753 8223 7902 7726 8176 7943 8617 8346 8405 8384 7750 7904 8075 7645 7989 8373 8250 7855 7603 8324 8440 8027 8144 7773 8143 8178 8156 8225 7946 7944 7676 7881 8087 8520 8225 8115 7766 8057 7666 8004 8276 8529 8124 8108 7717 8475 7801 8301 8419 8346 7691 8513 7982 8222 8142 7834 7757 8136 8036 8481 8690 8163 7707 8418 7760 7919 8013 8038 8151 8074 8222 7646 7428 8198 7842 8226 8314 8739 8218 8065 8069 8083 8027 8511 8350 7765 8380 8405 8220 7915 7637 8113 7304 8037 8048 8038 7775 8198 8185 8000 7660 7757 7769 8560 8162 7935 7910 8153 7758 7834 8517 8230 7974 7783 8509 8021 7825 7730 7608 7897 8291 7673 8287 8209 7930 7638 7813 8423 7769 8158 8375 8260 7835 8036 8507 8153 8026 8313 7961 7653 7826 8180 7513 8385 8067 8118 8089 7753 7902 7885 7951 8267 8262 8384 7490 7828 7985 8098 8169 8192 7858 8076 7992 8076 8221 7685 7893 7330 7963 8577 8418 7801 8167 8377 8152 7598 7614 7776 7503 7968 7977 7621 8174 8048 7973 8897 7927 8087 8462 7953 7795 8505 7846 7849 8185 8048 8205 8360 8140 8373 8113 7590 7780 8152 8038 8090 8386 7386 8415 7896 8411 7981 7611 8107 8538 8437 8142 8067 8022 7931 8157 8128 7807 7854 8103 8006 7851 7906 7755 7659 8163 7813 7979 8401 7917 7618 8086 7975 8415 8316 8022 8097 8026 8462 8089 8391 8221 8099 8520 7718 7710 8159 8171 8233 8411 7419 7393 7846 7719 8064 8113 7674 8560 7975 7957 8593 8254 8141 9042 7832 8192 8307 8033 7883 7812 8412 7410 8361 8512 8354 7995 8250 8021 7927 8038 7989 7981 8118 7771 7898 7545 7711 7744 8579 7949 7721 7951 7920 8241 8033 8213 8336 7943 8554 8198 8272 8337 
8044 7868 8382 8171 8435 8119 8418 8388 8025 7740 7963 8741 8313 8129 8264 8002 7888 8234 8745 7856 8426 8379 8111 7341 8072 8002 8378 7863 8057 8588 7806 8151 8182 8180 8228 8329 8028 7922 8248 8374 7463 7992 7850 7916 7985 7817 8546 8127 7540 7873 8216 8554 8165 8429 8089 8283 7951 8257 8495 8464 8102 7885 7752 8145 7630 8254 8892 8227 8259 8591 8014 8092 8001 8372 8284 8449 7854 8013 7811 7856 8279 8452 8393 8470 8708 8091 8435 8185 8409 8118 8610 8025 7975 8375 8270 8098 8103 8358 7783 8242 8400 8396 8476 8049 7651 7898 7875 8293 8529 8440 8107 7971 8277 7703 7977 8011 7938 8035 8243 7874 8185 8386 8242 7841 8102 7880 8592 8041 8108 7922 8355 7636 7771 8524 8657 8309 8202 8055 8321 7935 8530 8626 8283 7780 8328 7777 7993 8006 7562 8015 8367 8490 8275 8391 8186 8238 8431 7847 7743 8117 8312 8128 8314 8411 7464 7826 8821 7967 8122 8530 8992 8158 8334 8042 8090 8712 8433 8745 7588 8294 8571 8163 7806 7510 8284 7849 7923 8354 7658 7886 8199 8319 8246 7741 7766 8018 8886 8403 8019 8145 7981 7862 7974 8764 8507 7890 8346 8678 8010 8160 7999 7921 8187 7832 7597 8317 8218 8348 7673 7969 8662 8270 8177 8628 8650 7737 7956 8468 8338 8241 8219 7938 7950 7724 8303 7495 8467 8360 8360 8210 8407 8237 7741 7872 8610 8349 8308 7812 8116 8444 7987 8710 8430 8115 8626 8283 8076 8152 8329 7442 7584 7925 8889 8179 7847 8341 7928 8360 7861 7593 7611 7503 7879 7760 7890 8365 8499 8054 8493 8240 8556 8371 7616 8274 8305 8120 8595 8103 8046 8034 8624 8187 8497 8217 7668 8058 7898 7991 7984 8312 7793 8089 8135 8308 7971 7861 8501 8887 8891 8175 7943 8332 8227 8070 8038 7732 8023 8564 8224 8134 8127 8077 7847 8199 7707 8180 8274 8030 7783 7995 7773 8223 8242 7960 8123 8607 8586 7934 8277 8156 8517 8544 8026 7536 8475 8246 8199 8681 7942 7655 7932 8098 8100 8451 8094 8707 8286 7934 8508 8012 8296 8615 8212 8445 8552 7857 7768 7825 8370 7958 8376 8551 8254 8028 8151 8075 8141 8211 8165 8309 8281 8166 8110 7733 7901 7962 8458 7877 8006 7820 8341 8259 7540 8491 8608 8021 8433 8662 7980 8479 
7537 7294 7803 7776 7501 7437 7392 7811 7613 7314 7179 7879 7400 7603 7594 7667 7452 7575 7884 7927 7485 7650 7672 7427 7409 7639 7939 7521 7270 7601 7139 7414 7434 7557 7410 7357 7570 7451 7900 7771 6707 7308 7280 7410 7362 7475 7899 7494 7145 7594 7980 7828 7535 7936 7661 7583 7580 7542 7671 8007 7657 7225 7208 7723 7182 7494 7719 7364 7508 8078 7535 7462 7162 7405 7702 7593 6949 7676 7084 7405 7439 8260 7634 7642 8027 7667 7648 7526 7592 7622 7669 7404 7515 7398 7549 7576 7544 7782 7476 7268 7638 7585 7756 7408 7473 7684 7405 7746 8035 8085 7719 7255 7789 7686 7735 7587 7439 7716 7669 7561 7797 7767 7209 7182 7256 7585 8004 7323 7723 7258 7729 7723 7243 7830 7870 7306 8078 7431 8156 7179 8051 8063 7622 7298 7739 7422 7415 7509 7240 7379 7881 7558 7749 7662 7545 7613 7681 7363 7112 7580 7362 7346 7810 7772 7075 7262 7588 7533 7474 7608 8384 7834 7550 7575 7865 7462 7794 7881 7147 7598 7928 7479 7352 7099 7694 6921 7628 7666 7304 7151 7469 7696 7707 7651 7047 7407 7927 7969 7665 7715 7747 7474 7610 8042 7743 7548 7358 8198 7628 7308 7567 7102 7707 7343 7165 7671 7664 7495 7248 7733 7909 6974 7490 7924 7527 7376 7728 7836 7340 7362 7526 7178 7112 7527 7762 7103 7741 7754 7973 7956 7404 7427 7501 7103 7647 7335 7653 7507 7388 7672 7609 7937 7406 7324 7731 7850 7459 7578 6973 7463 7353 7872 7960 7743 7348 7759 7662 7795 7139 7205 6984 6958 7764 7607 7187 7713 7307 7340 7939 7725 7587 7711 7384 7351 7710 7186 7737 7380 7426 7831 7707 7725 7979 7460 7049 7194 7818 7502 7147 7498 6874 7476 7566 7118 7379 7387 8027 7877 7816 7206 7300 7386 7310 7319 7808 7335 7451 7908 7490 7313 7116 7720 6686 7390 7403 7335 7898 7682 7505 7896 7438 8149 7882 7768 7605 7553 8294 7414 8045 7410 7905 8168 7292 6595 7933 7447 7696 8016 7282 6997 7451 7307 7747 7860 7348 7819 7440 7398 7996 7449 7839 7761 7271 7485 7411 7453 7055 7550 7771 7354 7864 7918 7906 7824 7965 7651 7310 7639 7378 7426 7713 7487 7081 7345 7222 7538 7722 7423 7261 7622 7620 7582 7473 7617 7960 7076 8054 8083 7243 7264 
8211 7730 8029 8223 8090 8387 8138 8333 7942 7961 8041 8635 8160 8216 8141 7962 7992 8310 8588 8139 8193 8109 8233 7727 8245 8185 8526 7621 8182 8256 7793 8163 8081 8220 8039 8071 8179 8191 8210 8365 7563 7860 7521 7499 7934 7955 8379 8016 7597 7859 8534 8465 8188 8606 8112 8002 7805 8284 8145 8445 8058 7732 7630 8520 7215 7800 8602 7946 7586 8104 8084 8034 7695 8068 8362 8417 7739 7867 7730 8162 7852 8499 8008 8530 8942 8077 8069 8052 8324 8641 8337 8077 7814 8039 8226 7961 8129 8447 7632 8214 8370 8462 8047 7919 7610 8134 7864 8276 8167 8176 8000 7722 8144 8035 7977 7876 7919 8243 8310 8334 8460 7906 7767 8219 7874 7926 8471 8147 8286 8139 8074 7813 7364 8163 8704 8207 8154 8060 8441 7525 8587 8900 8439 7950 8280 7765 8079 8149 7833 7897 8239 8487 8160 8396 7976 7893 8436 7732 7828 7850 7881 7833 8261 8488 7646 7764 8392 7787 7860 8479 8686 8067 8317 7836 8121 8514 8574 8723 7838 8220 8390 8357 8125 7488 8125 7569 8238 8104 7868 7679 8001 8207 7726 7605 7667 7977 8698 8289 8304 7825 8051 7810 8174 8362 8408 8447 8092 8323 8037 8116 8124 7615 8106 8121 7676 8089 8201 8321 7759 8133 8474 8032 8289 8612 7899 7921 8235 8417 7984 7891 8106 7698 7667 7687 8231 7607 8729 8321 8249 8232 8127 7828 7866 7764 7962 7973 8129 7875 7782 8402 8126 8672 8115 7824 8618 8379 8335 8215 8007 7752 7631 8159 9092 8219 7665 7863 8004 8149 7817 7840 7489 7337 8064 8324 7622 8337 8294 8002 8918 8422 7924 8350 7741 8136 8593 8123 8086 7793 8072 8424 8446 8057 8177 7995 7808 8389 7945 7612 7973 8275 7632 8321 7621 8420 7956 7734 8129 8597 8545 8040 7816 7975 7947 7623 7818 8394 8145 8378 8022 7830 7856 8163 8104 8366 7807 7532 7967 7829 7944 8106 8091 8412 8135 7895 8524 8206 8541 8009 8566 7982 8329 8614 7873 7439 8447 8330 8033 8658 7757 7361 7668 8221 8265 8290 7780 8424 8379 7913 8433 8065 8100 8654 8144 8069 8256 7966 7512 7801 8591 8223 8343 8867 8546 8216 8219 8040 8179 8314 8112 8368 8125 8145 7940 8055 7788 7962 8132 8113 7945 8304 7837 7993 8324 8189 8179 7965 8873 8510 7903 8330 
8044 7857 8104 8504 8236 7813 8139 8244 8065 8057 8008 8551 8029 8113 8090 8039 7692 7854 8726 8066 8204 7839 8207 8250 8087 8393 8828 7734 7952 8444 7593 7629 7946 8463 8330 8006 8095 7849 8190 8169 7643 7633 7787 7579 7935 7980 8525 7983 7744 7944 8573 8396 8209 8695 7959 8080 8283 7872 7969 8167 8015 7741 7268 8475 7657 8264 8142 8311 7984 8509 8443 7883 8074 8205 8265 8374 7742 8265 7690 7879 8207 8621 7839 8362 8483 8129 7944 8452 8520 8378 8449 8078 8050 8236 8354 8287 8481 8570 7664 8011 8079 8521 8516 8158 7767 8242 7971 8510 8651 8513 8113 8008 8000 8137 8342 7829 7611 8142 8054 7734 8269 8301 7966 7728 7820 7851 8838 7961 8166 7740 8291 7782 8067 8377 8589 8092 8438 8071 8762 7783 8410 8616 8135 8018 8530 7850 8120 8032 7648 8011 8457 8288 8425 8394 8255 8095 7885 7713 7861 7933 7966 7917 8184 8192 7818 7443 8354 8102 8138 8162 8675 8177 7998 7840 8062 8209 8429 8840 7878 8110 8509 8394 7765 7641 8004 7639 7999 8375 7656 7875 7894 8450 8028 7737 7834 7752 8402 8634 8375 7927 8115 7931 7954 8377 8269 8266 7864 8279 8377 8114 8098 7659 7993 8207 7767 8135 8468 8248 7920 8012 8601 7910 8340 8583 8258 7829 8077 8562 8195 8409 7955 7908 8184 7954 8118 8026 8506 7988 8400 8083 8246 7881 7953 7710 8253 8528 8313 7989 7646 8013 8051 8701 7710 7882 8259 8229 8027 8362 7996 7909 7522 8074 8614 8148 7867 8095 8190 8375 7634 7375 7204 7532 8107 7924 7513 8197 7943 8160 8605 7658 8170 8106 7439 8035 8352 8238 7986 7945 7933 8307 8279 8083 8153 8197 7835 7764 8062 8054 7808 8394 7649 8095 7913 8104 7891 7711 8630 8570 8549 7833 7898 8146 8300 8055 8154 7985 8096 8105 8254 8152 7856 8208 7778 8254 7719 7689 8314 8055 8097 8281 7837 8467 8496 8166 8169 8396 8571 7797 8192 8426 8267 8560 7926 7455 8360 8207 8198 8650 8000 7694 7802 7773 8174 8113 7732 8509 8112 7789 8480 8052 7987 8753 7962 8098 8179 7627 7265 8023 8321 7781 8448 8246 8612 8045 8121 8317 7865 8177 8110 8302 8082 7853 7732 7829 7852 8179 8647 7965 8009 8143 7976 8336 7827 8059 8686 7902 8277 8884 7686 8144 
7566 7356 7626 7510 7929 7527 7661 7436 7691 7119 7493 8191 7571 7570 7765 7788 7683 7960 8085 7683 7513 7347 7786 7580 7612 7509 8011 7248 7495 8065 7276 7633 7476 7558 7657 7756 7321 7544 7528 7851 6947 7106 7169 7118 7397 7298 7907 7740 7047 7235 8010 8101 7799 7980 7479 7376 7260 7487 7951 8051 7545 7272 7104 7957 6969 7704 7955 7540 7469 7674 7452 7475 6916 7928 7780 7764 7207 7492 7064 7634 7399 8020 7780 7880 8040 7665 7776 7924 7998 7842 8009 7563 7453 7736 7249 7682 7886 8193 7439 7258 7975 7916 7790 7223 7181 7865 7226 7709 7962 7795 7291 7574 7909 7861 7402 7941 7582 7563 7944 7454 8017 7873 7557 7203 7595 7639 8367 7550 7532 7621 7629 7286 7086 7885 8263 7475 7500 7312 7727 7343 7970 8104 8008 7406 7857 7325 7566 7756 7199 7450 7889 7768 7552 8021 7613 7380 7830 7307 7151 7517 7688 7421 7601 7827 7614 7313 8039 6946 7437 7919 8168 7693 7509 7563 7632 7939 8173 8119 7506 8118 7926 7993 7470 6927 7895 7014 7704 7843 7617 7441 7802 7816 7060 7321 7115 7446 8113 8206 7971 7558 7536 7434 7462 8106 7836 7595 7447 7954 7702 7573 7544 7218 7701 7558 6989 7887 7604 7186 7199 7439 8182 7720 7685 8253 7817 7449 7794 8073 7520 7530 7813 7105 7472 7313 7835 7312 8466 7740 7889 7881 7418 7492 7487 7152 7608 7633 8172 7453 7300 7668 7649 7872 7541 7416 7544 8282 7592 7398 7624 7382 7151 7462 8274 7673 7252 7579 7898 7480 7594 6885 6911 7146 7613 7274 7298 7707 7502 7617 8147 7597 7813 7835 7160 7451 8163 7312 7574 7740 7541 7778 8202 7539 7748 8115 7338 7335 7861 7615 7207 7815 7312 7585 7231 7979 7550 7204 7848 8207 8402 7482 7270 7838 7630 7480 7395 7392 7424 7519 7709 7485 7564 7394 7127 7767 7514 7436 7605 7504 7564 7300 7463 7977 7957 7229 7648 7782 8069 7845 7961 7164 7927 8135 7631 6929 8035 7526 7624 8082 7437 6980 7409 7677 7588 7670 7242 7999 7609 7465 8029 7429 7584 8124 7444 7624 7931 7289 7221 7640 7892 7340 7847 8169 7997 7449 7488 7559 7603 7853 7446 7910 7625 7549 7540 7615 7223 7148 7955 7339 7712 7670 7658 7715 7527 7650 7846 7242 8088 8202 7403 7704 
8838 8622 9203 9194 8850 8778 8742 8958 8506 8490 8795 9238 8790 8886 9081 8913 8538 9167 9748 8931 9104 8933 8900 8747 8569 9196 9150 8384 8927 8865 8069 8922 8380 9074 8947 8813 8485 8621 8944 8943 8152 8641 8468 8533 8290 8768 9267 8905 8170 8746 8992 9211 8471 9374 8758 9003 8619 8791 8974 8722 8820 8633 8589 8870 8274 9159 9096 8502 8991 9018 9074 9116 8518 8954 9279 8787 8586 8726 8491 8626 8798 9458 8813 8945 9322 8687 8933 8855 9287 9311 9253 8639 8575 8729 8874 8686 9163 9056 8255 8618 9332 9403 8918 8632 8589 8852 8809 8706 9203 8970 8853 8727 9079 9010 8881 8849 8671 8610 8618 8785 8989 8811 8897 8529 8964 8566 9389 8739 8955 8487 8816 8572 8343 9225 9193 8818 9167 8665 9331 8458 9630 9596 8992 8550 9418 8748 8820 8787 8364 8836 9135 9253 9096 9254 9148 8820 9109 8526 8362 8695 8839 8798 9219 9051 8168 8365 9129 8619 8849 9040 9729 9057 8905 8839 8857 8929 9387 9514 8466 8826 9305 8873 8772 8401 9011 8309 8488 8851 8410 8378 8924 8847 8564 8634 8026 8734 9421 8965 8954 8193 8783 8575 8751 9255 9156 8758 8619 9055 8489 8302 8564 8633 8783 8898 8352 8813 8977 8640 8441 8561 9198 8345 8552 9579 8659 8470 8848 9316 8836 8726 8995 8539 8637 8485 8913 8295 8976 8777 8938 9275 9337 8916 8700 8404 8663 9006 9024 8628 8313 9096 8635 9365 8899 8515 9089 8911 8885 9077 8618 8265 8091 9064 9599 9122 8474 8930 8764 8977 8350 8203 7937 7979 8723 8802 8666 9101 8806 8703 9370 8915 8918 8956 8375 9106 8832 8971 8910 9077 8507 8935 9186 8845 9179 8785 8212 8843 8993 9079 8795 9391 8185 8842 8451 8974 8622 8690 9209 9183 9587 8703 8565 8914 8599 8461 8613 8816 8671 9057 8549 8464 8686 8537 8539 9015 8712 8194 9003 8806 8705 9003 8692 9172 8948 8868 8753 9032 9364 8915 9295 8781 8810 9446 8904 8276 8804 9197 8842 9187 8720 7948 8594 8861 9103 9142 8332 9146 8987 8827 9025 8900 8958 9122 8686 8859 8999 8470 8400 8437 8772 8349 9378 9354 9136 8668 8884 8984 8615 9169 9170 8872 9237 8612 8447 8585 8442 8568 9169 8648 8521 8883 8823 8906 8578 8853 9160 8516 9396 9507 8599 9009 
7883 8024 8138 8410 8388 7942 7858 8556 7725 7879 8008 8478 8285 7878 8328 8002 7949 8200 8681 8174 8275 8191 8260 7878 8147 8045 8399 8046 8009 8715 7521 7924 7618 8361 8174 8078 7951 8147 8275 8216 7334 7913 7418 7454 7873 7797 8464 7834 7567 8282 8495 8522 8101 8734 8011 8249 8054 7589 8421 8264 8179 7765 7697 8117 7588 7948 8460 8236 8020 8348 8420 7714 7837 8330 8662 8335 7718 8107 7812 8164 8289 8555 8106 8191 8589 8092 8035 7778 8451 8556 8258 8125 7984 8142 8040 7942 7856 8329 7954 8300 8268 8261 8203 7691 7757 8030 7924 8335 8352 8145 8118 7856 7868 8196 8286 8231 8045 8051 7791 7996 8272 8472 7848 7630 7859 7624 8458 8196 8166 7970 8176 7935 7960 8604 8616 8169 7943 7850 8642 7779 8288 8400 8135 7814 8336 7743 8273 8411 7826 7885 8129 8275 8334 8501 8673 8098 8025 7643 7776 8162 7630 7938 8313 8242 7591 7762 8249 7654 8000 8155 8675 8050 8258 7957 8047 8433 8559 8819 7466 8199 8413 7686 7876 7528 8079 7345 8072 8166 7647 7179 8370 8578 7985 8008 7518 7869 8476 8517 8199 7953 8018 7645 7940 8236 8202 8024 7903 8694 8078 7821 8088 7701 8011 8175 7913 7974 8384 8212 7974 7962 8071 7987 8312 8835 7941 7975 8307 8490 8144 8254 7870 7806 7949 7822 8309 7845 8397 8345 8454 8525 8276 7872 7851 7630 7812 8118 8346 8017 7676 8374 8060 8797 7617 8000 8069 8119 8014 8246 7714 8317 7500 8095 8625 8174 7769 8045 8171 8329 7826 7615 7471 7301 7913 7946 7815 8358 8324 8021 8727 7845 8095 8360 7755 7904 8293 8032 8053 8042 7895 8080 8532 8162 8198 8168 7499 8003 8313 8051 8234 8506 7789 7967 7981 8111 7559 8003 8409 8142 8313 8408 8125 8013 7938 8187 7829 8083 7788 8463 8110 8341 7847 7982 7828 8185 8004 7779 8077 7868 7977 7931 7991 8367 8353 8017 8114 8396 8881 7922 8581 8393 8246 8420 7925 7391 8092 8374 8053 8124 7973 7399 7914 7979 8232 8390 8021 8060 7737 8092 8400 8048 8269 8769 7794 8045 8086 7736 7805 7879 8208 7878 8411 8409 8413 8183 8239 8179 7937 8219 7944 7904 8090 7887 7753 8031 8078 8025 8240 7866 7858 8099 8118 8383 7766 8141 8393 7777 8672 8795 8112 8187 
8088 7561 7606 7843 8127 7482 7962 8166 8180 7823 7602 7967 7551 8163 8101 7816 7724 8110 8464 8478 7774 7631 7981 7755 7757 7974 8259 7230 7555 8094 7327 8082 7746 7987 7837 7966 7863 8200 8263 8192 7091 7572 7412 7588 7895 7705 8557 7916 7434 7795 8343 7876 7845 8181 7813 7821 8124 8015 8026 7959 7904 7859 7644 7948 7057 8091 8141 7783 7822 7971 7818 7851 7568 7748 7955 7936 7132 7963 7473 7806 7697 8198 8001 8220 8681 7477 7758 8007 8049 7848 8056 7840 7844 7655 7896 7712 7944 8012 7390 7670 7754 8158 8100 7588 7492 7812 7561 7774 8346 8194 7518 7552 8202 8123 7678 7587 7849 7594 7746 7597 7904 7894 7509 7502 7746 7708 8541 7637 8211 7425 7717 8047 7509 7891 8401 7488 8096 7761 8189 7494 7985 8393 8325 7653 8161 7905 7948 7691 7385 7608 7857 7886 7997 8169 7835 7835 8275 7725 7462 7531 7947 7989 7886 7624 7653 7652 8185 7657 7948 8008 8293 7788 7908 7569 7476 8049 8390 8483 7394 8033 8169 8052 7680 7643 7763 7039 8195 8115 7706 7315 8027 7720 7830 7706 7361 7765 8062 7883 7812 7887 7868 7584 7914 8401 8226 7566 7798 8365 7569 7747 7657 7688 7953 8301 7498 7695 7710 7667 7957 7838 7904 7792 7733 8501 7757 7765 7765 7954 7585 7792 8065 7688 7529 7698 8213 7201 8122 7693 8097 7608 7486 7902 7571 7642 7950 7934 7979 7494 7717 8027 7796 8244 8054 7371 7942 8057 8029 7888 7516 7803 7242 7674 8376 8031 7530 8002 7822 8016 7456 7107 7063 7288 7907 7766 7488 7576 7772 7457 8406 7507 7707 8100 7794 7823 8042 7936 7548 7762 7705 7944 7855 7489 8018 7868 7303 7401 7857 7479 7680 7968 7776 8046 7541 7813 7739 7184 8292 8135 8131 7656 7573 7541 7558 7822 7309 7400 7762 7842 7828 7811 7519 7844 7568 7789 7976 7249 8039 7601 7752 7823 7838 7877 8127 7532 7764 7732 8284 7466 7930 8092 8244 8382 7571 7105 8122 8053 7695 8326 7631 7209 7389 7700 8055 8230 7410 8420 7776 7616 8011 7399 7751 8302 7687 8030 8043 7440 7475 7583 8224 7706 7910 8313 8258 7842 7745 8138 7509 8250 7853 8054 8121 7609 7647 7452 7567 7348 8320 7797 7644 7488 7510 7838 7668 7621 8176 7296 8306 7908 7553 8059 
8488 8424 8345 8878 9018 8270 8475 8482 8401 8357 8198 8173 8624 8436 8593 8561 8272 8828 8905 8206 8220 8556 8101 8317 8233 8791 8616 8114 8497 8604 8024 8433 8312 8632 8232 8354 8256 8611 8496 8699 7603 8116 7714 8205 8208 7947 8919 8630 7910 8250 8592 8753 8180 8879 8253 8336 8556 8360 8883 8520 8640 7907 8209 8540 7807 8627 8775 8450 8349 8561 8806 8129 8130 8424 8907 8925 7930 8083 7882 8100 8373 8654 8435 8481 8903 8751 8568 8298 8490 8667 8822 8496 8266 8623 8201 8365 8366 8969 8288 8538 8710 8787 8489 8633 7941 8082 8414 8779 8917 8594 8376 8222 8574 8696 8650 8358 8016 8382 8617 8460 8635 8677 7950 8042 8301 8191 9083 8370 8783 8534 8560 8197 8097 8774 9039 8322 8072 8310 8735 7986 8980 8856 8672 8258 8613 7971 8658 8382 8094 8596 8709 9171 8452 8581 8180 8524 8764 8260 8029 8312 8560 8389 8476 8776 7960 7840 8447 7984 8491 8518 8857 8341 8420 8377 8377 8623 8879 9109 8140 8370 8882 8648 8213 7830 8736 7716 8525 8530 8111 7826 8649 8849 8296 8139 7903 8080 8699 8768 8547 8202 8561 8271 8076 8795 8510 8001 8159 8993 8202 8429 8326 7883 8730 8477 7775 8634 8504 8538 8296 8066 8453 8254 8664 8759 8279 8037 8562 8472 8013 8479 8532 8237 8327 8327 8303 7935 8896 8559 8698 8604 8634 8228 8008 7645 8588 8519 9109 8244 8450 8524 8523 8952 8501 8194 8870 8495 8380 8495 8415 8167 7898 8886 9121 8432 8077 8405 8780 8645 8358 7926 7662 7547 8215 8099 8156 8719 8459 8329 8964 8304 8615 8642 8095 8182 8559 8226 8685 7986 8276 8784 8700 8489 8412 8437 8184 8263 8579 8563 8156 8740 7954 8525 8198 8627 8574 8141 8793 8793 8667 8395 8287 8621 8180 8297 8022 8166 7945 8566 8564 8303 8336 8349 7986 8529 7969 8293 8523 8151 8278 8717 8050 8737 8644 8219 8225 8863 9013 8692 8872 8354 8421 8888 8427 7704 8763 8521 8356 8901 8192 7785 8086 8024 8288 8761 8244 8731 8422 8461 8748 8504 8676 9000 8097 8651 8787 8073 8023 8346 8395 8248 8684 8664 8611 8403 8764 8579 8306 8651 8594 8859 8316 8424 8391 8253 7838 8410 8798 8177 8359 8494 8319 8731 8215 8632 8557 8346 9027 8766 8212 8476 
8411 7750 8412 8424 8298 7955 8660 8732 8023 8235 8094 8549 8446 8203 8553 8257 8476 8386 8664 8293 8477 8272 8099 7928 8551 8666 8801 7775 8391 8766 7636 8320 8287 8418 8375 8245 8159 8198 8624 8285 7424 8146 8109 8084 8158 8069 8683 8383 7669 7984 8796 8764 8079 8728 7741 8361 8728 8251 8364 8438 8449 8505 7582 8561 7648 8497 8517 8327 8246 8466 8172 8154 7848 8582 8645 8489 8308 8291 8134 8067 8631 8432 8482 8373 9195 8399 8375 8333 8586 8479 8280 8105 7996 8224 8228 8266 8167 8487 8066 8407 8149 8801 8925 7980 7949 8112 8163 8337 8743 8533 8283 7600 8218 8226 8303 8492 7976 8383 8327 8316 8317 8219 8000 7816 7992 8211 8819 8080 8353 8347 8037 8101 8439 8635 8788 8544 8699 8172 8803 7788 8521 8618 8378 7918 8594 7990 8222 8216 8044 8029 8313 8681 8446 8355 8553 8403 8390 8081 7766 8318 8157 8268 8761 8222 7827 7744 8605 8102 8258 8481 9015 8374 8222 8159 8356 8529 8736 9039 8114 8108 8588 8359 8114 7835 8441 7684 8154 8467 7821 7548 8389 8367 8077 8334 7965 7874 8584 8543 8323 8112 8339 7773 8022 9106 8609 8137 8192 8484 8142 8142 7866 7883 8090 8342 7805 8253 8688 8430 7983 8292 8872 8127 8439 8499 8221 7876 8587 8658 8277 8312 8169 8222 7986 8383 8506 7946 8596 8386 8815 8603 8401 8457 7982 8010 8237 8474 8330 8033 8074 8336 8286 8995 8492 8217 8698 8542 8122 8604 8208 7936 7807 8434 8896 8687 8128 7871 8480 8172 7844 7881 7569 7711 8235 8076 7816 8486 8211 8170 8791 8186 8665 8493 8032 8204 8649 8223 8634 7970 8391 8048 8819 8576 8648 8360 7987 8132 8413 8186 8086 8410 8003 8249 7994 8385 8084 7951 8950 8907 8554 8250 8125 8204 8343 8046 8358 8032 7831 8634 8679 8250 8127 8466 7915 8435 8102 8115 8458 7981 8041 8059 8247 8706 8527 8069 8331 8611 8407 8312 8643 8232 8501 8770 8156 7871 8320 8322 8391 8574 7817 7736 7976 8312 8381 8462 7627 8285 8355 8395 8692 8490 8381 8936 8058 8359 8527 8538 7896 8149 8363 8253 8936 8850 8865 8237 8629 8615 8081 8405 8427 8447 8748 8233 7816 8008 7957 8232 8606 7910 7850 8217 8068 8512 8193 8282 8473 8258 8827 8735 8124 8158 
8292 8141 8366 8636 8779 8135 8052 8114 8288 8022 7757 8556 8388 8198 8028 8425 8040 8334 8790 8303 8311 8372 8163 8254 8580 8411 8471 7774 8253 8604 7832 8210 8250 8687 8554 8125 8270 8404 8450 8504 7528 7792 8099 7909 8481 8110 8589 8198 8054 8242 8595 8574 8334 8530 8310 8350 8434 8265 8228 8605 7965 8078 7976 8740 7693 8257 8656 8286 8261 8512 8325 8300 8204 8213 8280 8394 7771 8470 7822 8498 8590 8777 8575 8475 8903 8130 8136 8282 8776 8761 8462 8023 8106 8338 8262 8302 8291 8565 8055 8316 8445 8324 8468 8197 7912 8198 8086 8530 8755 8574 8419 7979 8554 8245 8137 8284 8148 8142 8410 8025 8200 8474 8337 8015 7805 8018 9042 8163 8107 7998 8620 8048 7860 8509 9016 8450 8435 7979 8849 7660 8335 8431 8361 7973 8661 7978 8491 8293 8026 8299 8462 8164 8520 8668 8471 8218 8447 7707 7934 8184 7828 8453 8734 8879 7926 8127 8072 7971 8098 8473 9055 8459 8386 8103 8383 8411 8303 8835 7864 8378 8418 8521 8174 7637 8204 7529 7989 8496 8351 7901 8370 8662 8402 7744 7930 7833 8540 8803 8659 8176 8518 8258 8354 8445 8627 8200 8091 8965 8328 8324 8068 7933 8332 8616 7979 8447 8581 8331 7882 8622 8830 8176 8542 8912 8076 7927 8599 8203 8324 8607 8070 7879 8063 7870 8426 7792 8566 8928 8794 8206 8255 8233 8375 8142 8398 8291 8553 8315 8127 8185 8350 8623 8193 7864 8376 8274 8483 8421 8093 8113 7595 8308 9020 8553 8052 8143 8263 8481 7576 7674 7833 7474 8286 8084 7820 8513 8499 8210 8740 8069 8284 8452 7814 8214 8645 8111 8296 8373 7839 8513 8735 8257 8753 8370 7524 8131 8330 8137 7943 8542 7810 8050 8331 8371 8110 7994 8578 8682 8762 8310 8213 8165 8262 8122 8253 8214 7990 8692 8529 8139 8038 8042 8240 8123 8320 8106 8584 8306 8094 8266 8081 8505 8278 8285 8560 8717 8796 8150 8727 8617 8399 8985 8089 7662 8421 8250 8350 8487 7982 7576 8178 7931 8199 8563 8169 8831 8418 7810 8606 8414 8605 8942 8022 8075 8542 8014 7910 7824 8394 8076 8542 8653 8435 8267 8214 8244 8158 8621 8363 8295 8408 8230 8082 7692 7545 7876 8855 8257 8010 8334 8100 8586 8128 8431 9161 8139 8857 8683 7896 8365 
7741 7752 8107 8493 8088 7627 7849 8087 7861 7391 7803 8306 7720 7973 8136 7983 7563 7881 8478 7957 7628 7957 7829 7487 7827 8050 8116 7397 7659 7983 7215 7960 7783 7695 7965 7770 7751 7666 8340 8381 7113 7612 7585 7484 7793 7706 8435 7720 7457 7659 8429 7991 7900 8479 7657 8023 7802 7610 7959 8025 7589 7647 7709 7855 7486 7738 8490 7749 7558 7644 8102 7877 7738 7994 8196 8012 7105 7825 7490 7654 7848 8200 8011 8249 8263 7780 7760 7907 8067 7930 8273 7701 7795 8059 7786 8075 7707 8487 7585 7871 8055 8178 7927 7775 7720 7912 7587 8057 8162 8255 7693 7711 8368 7669 7826 7892 7546 7708 7655 7652 8254 7982 7758 7869 7490 7933 8642 7834 7709 7283 7741 7863 7688 8281 8389 7773 7998 7491 8362 7458 8432 8306 8121 7574 8129 7612 7773 7861 7468 7760 8024 7927 8267 7936 7919 7775 8087 7734 7229 7940 7640 7331 7861 8133 7543 7328 8038 7533 7771 7986 8469 7996 8073 7741 7665 8213 8228 8436 7365 8002 7787 8265 7788 7357 7558 7342 7898 8077 8050 7554 7760 7800 7576 7498 7455 7564 8075 8000 8290 7653 7881 7399 7962 8182 8228 7545 7737 8261 7788 7792 7677 7983 7903 8168 7485 8008 7669 7968 7850 8229 8223 7646 7746 8358 7918 7987 7765 8231 7741 7977 7663 7459 7810 7389 7942 7506 8508 8318 8235 8133 7899 8021 7766 7721 8070 7930 7709 7632 7572 7887 8148 8283 7981 7220 7777 8361 7907 7899 7715 7843 7199 7813 8744 7658 7377 7781 7693 7858 7588 7236 7558 7260 8206 7924 7806 8172 7947 7642 8397 8079 7885 7941 7245 7792 7931 7909 7794 7974 7577 8096 8425 7897 8128 7886 7614 7750 8081 7730 7613 7952 7579 7480 7920 7949 7527 7705 8314 8294 8376 7839 7922 7980 7889 7494 7626 7507 7715 7908 7545 7881 7468 7691 7465 7857 8115 7828 7914 7919 7709 7941 7675 8370 7919 7672 7899 7961 8283 7616 7996 8218 7967 8416 7980 7187 7671 7816 8050 8078 7726 7525 7636 7645 7941 8126 7308 7951 8020 7798 8113 7553 8141 8499 7785 8126 7978 7495 7168 7535 8203 7776 8193 8485 7930 7537 7756 7893 7531 7991 7863 7642 7962 7642 7394 7389 7223 7792 8470 7943 7572 7845 8115 8043 7716 7536 8457 7526 8192 7898 7549 7746 
8284 8001 8175 8631 8625 8218 8399 8731 8348 8218 8054 8796 8296 8414 8577 8385 7961 8422 8756 8503 8244 8273 8278 8190 7924 8218 8868 7878 8442 8551 7631 8353 7941 8506 8487 8065 8300 8172 8663 8619 7750 7862 8163 8260 8542 8149 8527 8049 8031 7962 8676 8514 8290 8805 8294 8012 8509 8484 8396 8549 8269 8046 7873 8562 8116 8263 8968 8482 8136 8614 8440 8083 8256 8141 8465 8473 7515 8116 7805 8433 8071 9027 8062 8768 8846 8444 8051 8327 9060 8623 8600 8203 8204 8118 8396 8353 8188 9009 8071 8334 8628 8586 8537 8185 8068 8376 8076 8421 8595 8595 8342 8323 8755 8503 8338 8188 8040 8232 8259 8161 8342 8387 8055 8101 8095 7891 8908 8395 8539 8161 8614 8060 7969 8489 8982 8240 8571 8196 8476 7964 8704 8982 8429 8253 8531 8349 8230 8342 7875 8170 8652 8454 8553 8482 8255 8509 8337 8114 8072 8228 7980 8207 8520 8727 7738 7764 8436 8013 8435 8585 9178 8543 8312 8158 8287 8455 8673 8970 7891 8484 8607 8136 8288 8000 7869 7681 8201 8462 8379 7895 8388 8455 8097 7842 7544 8225 8410 8593 8448 8239 8323 8026 8326 8538 8303 8196 8164 8733 8155 8086 7954 7819 8405 8104 7969 8645 8692 8207 7834 8134 9022 7857 8198 8623 8374 7926 8579 8476 8017 8313 8307 8020 8353 7791 8592 7760 8724 8723 8728 8207 8294 8112 7873 8040 8605 8393 8272 7975 8315 8338 7961 9084 8241 8399 8492 8506 8456 8674 8330 8072 8200 8622 8940 8625 7896 8553 8442 8503 8015 8023 7703 7614 8187 8143 8028 8291 8762 8136 8987 8512 8735 8512 8174 7996 8927 8208 8146 8278 8244 8534 8717 8347 8480 8109 7597 8072 8494 8314 8081 8725 7821 8236 7917 8557 7985 7871 8672 8467 8496 8191 8115 8373 8160 8026 8008 8026 8444 8377 8479 8405 7905 8319 7740 8470 8281 8495 8335 8293 8014 8130 8196 8509 8533 8193 8312 8338 8804 8226 8588 8175 8887 8972 8074 7850 8530 8364 8227 8581 8003 7659 8389 7985 8371 8651 8486 8440 8205 7842 8700 8266 8285 8731 8158 8256 8205 7923 8074 8163 8446 8158 8763 8825 8351 8157 8637 8435 8293 8502 8104 8364 8230 8517 8057 7878 8018 8232 8883 8348 8185 8319 8297 8367 8052 8451 8841 8141 8901 8616 7807 8426 
9135 8181 8693 8842 9157 8444 8500 8730 8584 8196 8286 9056 8829 8551 8778 8512 8327 8576 9146 8696 8922 8676 8524 8632 8662 8974 9024 8210 8556 8955 8197 8801 8582 9072 8359 8323 8263 8965 8835 9052 7869 8300 8217 8093 8583 8258 9425 8234 8211 8507 9084 8928 8361 9008 8380 8601 8475 8473 8409 8538 8569 8210 8226 8941 8103 8533 8884 8673 8481 8925 8613 8453 8409 8531 8768 8846 8022 8722 8200 8496 8856 8903 8635 8859 9152 8562 8703 8560 9111 8900 8898 8308 8630 8836 8674 8478 8785 9029 8246 8524 8849 8753 8896 8111 8201 8559 8614 8419 9186 8599 8223 8489 8754 8792 8451 8325 8578 8565 8784 8550 8914 8824 8373 8071 8342 8423 9124 8530 8511 8357 8816 8435 8521 8877 9181 8818 8754 8232 9133 8367 8692 9055 8691 8366 8795 8427 8809 8787 8246 8778 9027 9147 8757 8821 8555 8340 8885 8191 8281 8387 8088 8508 8808 8879 8027 8122 8775 8054 8687 9076 9213 8391 8896 8446 8899 8909 8885 9363 8354 8650 9026 8797 8628 8199 9006 8030 8743 8812 8365 7743 8634 8880 8514 8209 8199 8243 9012 9009 8835 8595 8534 8283 8618 8915 8661 8618 8724 8770 8497 8207 8486 8019 8492 8799 7879 8676 9075 8712 8301 8395 8775 8420 8711 9282 8351 8187 8645 8644 8654 8591 8642 8207 8478 8156 8833 8361 8985 8972 8840 8757 8652 8318 8597 8284 8512 9025 9007 8474 8426 8751 8653 9077 8798 8334 8857 8793 9014 8404 8313 8560 8089 8695 9491 8728 8261 8489 8567 8821 8267 7913 7836 8033 8411 8300 8281 8937 8873 8196 9353 8579 8719 8804 8156 8557 9112 8451 8674 8564 8538 8795 8920 8418 8533 8540 7829 8479 8467 8391 8478 8864 8250 8498 8250 8741 8367 8371 8841 9245 8732 8551 8390 8469 8375 8563 8248 8440 8162 8767 8445 8521 8435 8548 8596 8570 8485 8312 8621 8234 8121 8521 8645 8817 8595 8819 8665 8866 8912 8592 9022 8600 8775 9095 8503 7980 8894 8687 8843 9150 8212 7871 8375 8682 8601 8808 8548 9109 8965 8472 9101 8467 8590 8939 8451 8701 8899 8407 8155 8515 8524 8460 9005 9090 8568 8464 8485 8562 8063 8993 8705 8797 8579 8436 8373 8436 8262 8445 9029 8362 8288 8456 8658 9015 8889 8468 9172 8481 9138 9021 8090 8571 
7945 7754 8272 8590 8760 7999 8019 8445 8125 8178 7725 8721 8373 8111 8156 8154 8296 8190 8705 8620 7953 8359 8220 7907 7882 8324 8599 7968 8167 8536 7723 8161 8076 8346 8121 7775 8169 8152 8454 8651 7441 7714 7683 7448 7898 8087 8568 8178 7500 8082 8451 8408 8141 8492 7868 7996 8000 8439 8306 8493 8147 8020 7712 8567 7373 8171 8586 8236 7912 8575 8265 8013 7712 8072 8228 8267 7883 8117 7907 7886 8333 8561 8198 8242 8919 8178 8097 8184 8548 8512 8453 8167 7959 8123 8115 8363 8131 8790 7436 8170 8485 8584 8160 7937 7441 8171 7719 8589 8617 8462 8113 8167 8396 8043 8400 8071 8206 7897 8177 8154 8251 8212 8039 7571 8209 8314 8484 8001 8149 7805 8075 7917 7887 8592 8752 8497 8253 7994 8294 7942 8404 8418 8252 7608 8164 7798 8126 8225 7696 8322 8307 8623 8317 8590 8171 7993 8607 8083 7875 8132 8009 8258 8252 8685 7665 7570 8395 7694 8114 8196 8775 8264 8350 8237 8090 8432 8534 8731 7764 8136 8341 8264 8094 8012 8386 7657 8067 8484 7997 7507 8053 8452 7868 7678 7736 7531 8756 8549 8398 7890 8255 7958 7884 8563 8245 7990 7871 8531 7956 8296 7817 8015 8301 8188 7895 8174 8013 7933 7891 8045 8725 7441 8348 8903 8211 7841 8067 8743 8079 8142 7910 7562 7567 7811 7946 7812 8494 8315 8119 8455 7950 8086 8027 7645 8343 7860 8579 7793 7937 8264 7941 8601 8134 7879 8205 8721 8097 8143 7972 7948 7811 7989 8941 8453 7748 7764 8189 8470 7869 7794 7479 7411 8486 8008 7765 8528 8287 8005 8332 8125 8294 8312 7736 8190 8247 7936 8103 8364 8105 8016 8582 7912 8290 8359 7626 7987 8103 8292 8036 8541 7420 8461 7959 8315 7718 7767 8701 8311 8505 7909 7878 8329 7878 7801 8138 7716 7926 8524 8319 8231 7615 8008 7577 7954 7775 8000 8532 7768 7940 8352 7830 8641 8181 8149 8200 8637 8864 8089 8535 7833 8555 8671 7738 7502 8452 8124 8244 8695 8033 7605 7612 8372 7991 8369 7880 8425 8447 8228 8157 8013 8159 8610 8268 8439 8197 7742 7478 7845 8209 8170 8345 8417 8320 8014 8088 8108 8008 8054 7965 8364 8721 8182 7905 7886 7630 7671 8203 7877 7987 8245 8038 7917 7949 8009 8440 7994 8840 8841 7914 8322 
8283 8159 7978 8258 8569 8232 8014 8373 8412 7777 8213 8362 8188 8148 8625 8070 7949 8450 8817 8222 8173 8058 8218 8013 8010 8381 8365 7885 8090 8451 7430 8154 8034 8601 8342 8265 8252 8295 8651 8272 7448 8013 7816 7876 8226 7880 8609 7987 7781 7794 8272 8492 8215 8671 7788 8334 8166 8109 8416 8019 8473 8034 7833 8298 7555 8263 7977 8242 8150 8570 8059 8167 7918 8136 8412 8467 7838 8023 7383 8057 8176 8859 8195 8429 8816 7859 8502 8227 8243 8400 8263 8238 7994 8379 8261 8295 8419 8510 7787 8041 8000 8372 8277 7928 7963 8116 8038 8528 8516 8291 8172 8002 8444 8253 8054 8298 8177 8313 8296 7848 8510 8156 7793 7762 8083 8161 8745 8087 8087 7959 8123 7808 7889 8521 8513 8185 8520 7935 8463 7661 8713 8667 8428 7967 8621 7810 8275 8031 8078 8150 8429 8473 8258 8533 8156 8038 8539 7915 7729 8384 8057 8183 8187 8536 7827 7942 8475 7760 8102 8346 8804 8525 8178 8053 8197 8381 8241 8661 7830 8182 8425 8158 8035 7847 8260 7346 8103 8180 7875 7672 8114 8083 8037 7800 7540 7725 8601 8540 8231 8292 8265 7717 8107 8636 8188 8089 8139 8632 7998 8209 7915 7631 8010 8180 7673 8196 8435 8058 7955 7988 8505 8059 8399 8773 8214 7858 8301 8220 7928 8351 8168 7941 7900 7903 8233 7816 8475 8381 8392 8486 8118 8050 8066 7694 8121 8587 8467 7853 7888 8141 7860 8350 7953 7793 8497 8193 8113 8226 7986 8000 7685 8220 8915 8572 7890 8188 8174 8515 7893 7761 7481 7538 8260 8007 7793 8358 8417 8069 8844 8154 8355 8319 7934 8224 8349 8141 8260 8271 8294 8295 8638 8207 8121 8478 7779 7918 8096 8046 7714 8259 8010 8164 8251 8395 8121 7882 8705 8589 8816 8437 8045 8487 8095 7864 7938 7851 7857 8040 7973 7924 7891 8308 7872 8322 7765 7868 8686 7905 7817 8137 8166 8405 8337 8324 8310 8504 8828 8154 8420 8397 8467 8896 8237 7629 8185 8199 8174 8436 7789 7543 8224 7735 7994 8296 7934 8481 8249 7892 8462 8215 8232 9169 7969 8350 8506 7992 7714 7773 8284 8041 8411 8464 8379 8115 8164 8286 7710 8029 8212 8108 8045 8143 7848 7647 7558 8072 8408 8242 7783 8063 8274 8264 8424 8435 8833 7908 8782 8867 8273 8377 
8153 7903 7912 8370 8432 7731 7964 8130 8201 7833 7942 8274 7989 7892 8389 8173 7728 8188 8608 8143 7842 8140 8101 7589 8128 7631 8087 7576 8090 8157 7441 7902 8052 8259 8133 8138 7824 8126 8129 8214 7414 7819 7616 7573 7838 8030 8726 8024 7470 7864 8400 8152 8015 8389 7756 8055 8321 8089 8260 8508 7808 7672 7521 8337 7582 8149 8557 8004 7989 8197 8061 7815 8024 7941 8186 8425 7552 7608 7551 7971 8355 8389 8195 8444 8435 8137 8180 8213 8261 8374 8179 7770 7733 8429 8126 8205 8105 8332 7672 7971 8117 8655 8290 7757 7860 8115 8016 8163 8362 8206 7697 7861 8020 7963 7825 8045 7657 7891 8396 7951 8515 8136 7868 7881 7772 8042 8530 8033 8165 8004 8153 7802 7716 8304 8782 8032 8344 7635 8187 7627 8434 8693 8077 7739 8150 7754 7954 7973 7990 7719 8272 8155 8450 8038 8316 8025 8002 7554 7748 8109 8090 7681 8218 8523 7632 7738 8408 7536 7913 8494 8956 8212 7981 8218 7735 8395 8283 8721 7568 7993 8877 8224 8010 7577 7939 7404 8037 7813 8053 7791 7886 8360 7914 7766 7811 8004 8421 8004 8388 7683 7694 7718 8073 8444 8611 8163 8130 8044 8040 8004 7914 7790 7967 8158 7572 8189 8245 8388 7862 8072 8320 8246 8073 8707 8118 7606 7936 8435 7919 8160 7974 7918 7878 7810 8163 7673 8545 8147 8495 8573 8201 7942 7742 8020 8273 8307 8226 7866 7764 8127 8127 8312 8067 7570 8271 8287 7973 8070 7991 7873 7562 7873 8809 8275 7698 7953 8279 8242 7802 7643 7406 7466 7900 7862 7699 7789 8103 7862 8868 7923 8370 8646 7732 8102 8158 7936 8059 8233 7930 8305 8348 8035 8291 8196 7698 8221 8164 7798 7507 8032 7748 7916 7909 8391 7716 7769 8707 8544 8516 8071 7814 7879 8149 7867 7661 7949 7569 8075 8276 7783 7934 7831 7948 8451 7646 7968 8178 7990 7804 8067 7690 8240 8262 7812 8266 8305 8386 7837 8207 8230 8049 8641 7610 7479 8028 8209 8483 8193 7719 7583 7482 7751 7604 8312 7647 8282 8125 8090 8212 7984 7884 8707 7858 8185 7997 8152 7775 7708 8055 7867 8460 8268 8539 8062 8226 8277 7832 8523 7962 8066 8071 7969 7677 7786 7664 8216 8720 8005 7761 8106 8059 8377 7704 7955 8491 7808 8368 8502 8031 8025 
8751 8355 8756 8813 9032 8689 8772 9006 8697 8572 8443 9114 8996 8611 9218 8642 8789 9083 9267 8889 8632 8757 8951 8181 8964 8634 9173 8449 8978 9038 8119 8810 8746 9318 8529 8479 8801 9031 9031 8996 8224 8574 8305 8506 8685 8556 9329 9059 8505 8555 9205 9161 9029 9045 8393 8495 8782 8940 8862 9066 8718 8444 8171 9060 8225 8877 9162 8980 8586 9170 8968 8303 8744 8665 8875 8735 8251 8878 8670 8950 9012 9078 8805 9036 9398 8829 8848 8706 9397 9196 9006 8624 8807 8926 8875 8819 8627 8897 8641 8858 9031 9184 8940 8507 8367 8774 8720 8818 9147 9078 8414 8334 8754 8420 8726 8989 8673 8648 8847 8837 9434 8944 8890 8489 8522 8729 9550 8901 9184 8577 9258 8648 8451 9057 9310 9006 8831 8652 9237 8527 8881 9278 8615 8332 8980 8411 8746 9070 8558 8786 8894 9184 8889 9231 8744 8454 9030 8308 8127 8892 8454 8800 8799 9218 8485 8310 8806 8458 8792 9078 9352 8876 8823 8799 8617 8848 8930 9499 8295 8910 8923 9006 8606 8330 9074 8170 9037 8677 8670 8414 8752 8996 8653 8426 8422 8704 9054 8787 8882 8832 8486 8325 8800 8956 8814 8528 8510 9050 8910 9068 8473 8417 8714 8881 8406 8563 9113 8835 8362 8476 8967 8435 9097 9392 8726 8362 8795 9090 8464 8906 8688 8589 8214 8813 8738 8292 9242 9176 8855 9019 8555 8524 8403 8235 8750 8769 9160 8595 8635 8625 9132 9431 8919 8507 8827 8882 8688 8915 8438 8560 8486 8948 9571 9208 8699 8474 8473 8613 8393 8275 8283 8176 8991 8491 8153 9182 8637 8696 9727 8650 8843 9266 8482 8761 9087 8790 8636 8559 8759 8782 9199 8693 8817 8856 8164 8888 8702 8534 8559 8932 8242 8955 8481 9087 8529 8202 9210 9252 9398 8956 8736 8762 8511 8550 8245 8690 8339 8901 8983 8517 8522 8903 8185 8996 8457 8518 8931 8430 8381 8703 8568 8928 8904 9066 8786 9379 9508 8843 9369 9235 9001 9275 8585 8320 8878 8692 8858 9050 8509 8139 8258 8506 8942 8938 8408 8962 8783 8937 9125 8886 8609 9445 8580 8863 8949 8581 8170 8502 9025 8558 9081 9108 9150 8540 8809 8720 8735 9078 8784 8573 8921 8670 8183 8517 8105 8617 9148 8619 8473 8904 8519 9032 8529 8497 8883 8582 9548 9189 8658 8783 
7982 7752 8768 8473 8455 7731 7932 8211 8211 7972 8042 8706 8161 7980 8136 8017 7757 8205 8394 8303 8017 8022 8034 8119 8144 8073 8436 7637 8141 8132 7664 8283 7861 8265 7882 8286 8391 8220 8395 8171 7457 8250 7558 7735 8235 7762 8650 7875 7404 7850 8661 8284 8025 8337 8093 8444 8317 7875 8370 8624 7831 8047 7598 8247 7681 8398 8435 7848 8203 8505 8081 7901 7870 8271 8584 8196 7496 7886 7785 8056 8399 8542 8056 8093 8286 8285 7994 7831 8270 8238 8113 7822 7772 7904 7876 8067 8126 8213 7457 7905 7784 8667 8491 8009 7917 7970 7757 8231 8410 8359 7872 7954 8306 8157 8198 8052 7948 7964 7851 7973 8411 8138 7749 7375 8106 7826 8847 8094 8065 7898 8209 7911 7632 8479 8781 7803 8244 7923 8378 7561 8456 8422 8137 7640 8695 7733 8207 8211 7759 7901 8303 8211 8428 8542 8200 8005 8682 7327 7624 7899 7939 7880 8301 8286 7476 7829 8049 8235 8044 8102 8629 8307 8388 7775 8140 7968 8356 8642 7486 8024 8455 8123 8226 7848 8185 7626 7902 8254 7783 7635 8499 8152 8095 7960 7765 7639 8342 8334 8047 7931 8150 8090 8044 8569 8348 7911 7752 8612 8203 7967 7815 7793 8327 8071 7565 8086 7896 8323 7968 7971 8325 8100 8067 8338 8032 7897 7985 8598 8088 8453 7808 7774 7908 7767 8226 7785 8167 8496 8515 8424 8012 7809 7886 7812 8222 8149 8520 7668 7749 8162 7870 8817 8092 8087 8604 8523 7914 8125 7781 7934 7660 8172 8407 8155 7716 8177 7982 8255 7923 7632 7219 7464 7685 7937 7789 8200 8116 7962 8658 7667 8412 8160 7535 8087 8433 7958 8010 7955 7858 8232 8180 8348 8682 8193 7617 7955 8219 7858 7833 8108 7516 7898 8234 8142 7954 7781 8412 8543 8342 8221 7630 7845 7462 8197 7729 7661 7866 8177 8299 8091 7918 7891 7758 8121 7962 7747 8217 7617 7474 8125 8052 8589 8122 8023 7634 8321 8780 7826 8273 8041 8307 8799 7757 7592 8095 8131 8324 8344 7749 7732 7511 7932 7687 8146 7770 8257 8331 7813 8523 7936 8129 8713 7733 8102 8147 7844 7555 7765 7979 7949 8495 8504 8075 7764 8160 7963 7680 8254 7998 8109 8277 7949 7717 7752 7524 8062 8741 7701 7736 7717 7950 8374 7793 7852 8674 7685 8596 8556 7697 8311 
8427 7942 8749 8666 8472 8347 8496 8796 8730 8217 8191 8725 8702 8517 8761 8471 8281 8520 8997 8401 8647 8554 8293 8425 8887 8904 8779 8222 8330 8986 7812 8523 8327 8571 8663 8250 8489 8516 8633 8803 7629 8010 7903 8033 8092 8145 9135 8662 7995 8326 9273 8813 8178 9323 8153 8425 8823 8277 8864 8692 8226 8338 7957 8459 7902 8581 9094 8393 8613 8670 8499 8027 8249 8706 8972 8615 7954 8652 7959 8211 8461 9088 8563 8940 8800 8213 8672 8763 8889 8719 9007 8378 8492 8556 8181 8584 8386 8800 8049 8825 8850 8866 8721 8214 8356 8502 7888 8773 8756 8669 8258 8209 8528 8670 8223 8487 8353 8760 8625 8398 8569 8690 8227 8084 8514 8424 9264 8396 8491 8459 8717 8517 8038 8844 9167 8243 8582 8443 8868 8117 8614 8890 8679 8442 8810 8324 8466 8493 8082 8571 8254 8605 8758 8778 8347 8423 8622 7979 8170 8706 8336 8302 8735 8641 7828 8109 8776 8075 8518 8414 9235 8815 8553 8500 8448 8545 8925 9123 8068 8967 8792 8650 8438 7749 8629 7818 8380 8734 8308 7999 8420 8696 8508 8267 8021 8340 8664 8657 8909 8398 8256 8336 8619 8664 8852 8629 8231 9111 8734 8010 8325 8509 8633 8702 8023 8516 8709 8358 8227 8452 9027 8350 8391 8767 8449 8199 8498 9022 8524 8637 8456 8236 8123 8094 8803 8124 9086 8737 8892 8508 8585 8494 8619 7961 8607 8318 8696 8212 8050 8487 8476 8883 8647 8139 8660 8580 7984 8712 8038 8394 7884 8657 9126 8771 8256 8504 8635 8812 8480 7601 7938 7987 8432 8049 8276 8551 8376 8243 9086 8231 8423 8701 8193 8618 8607 8919 8431 8441 8052 8593 8776 8514 8881 8653 8069 8291 8621 8245 8408 8731 8141 8307 8545 8682 8290 8188 8970 8748 8615 8453 8116 8277 8116 8331 8224 8317 7888 8697 8550 8598 8306 8752 7669 8271 8275 8193 8520 8297 8069 8475 8120 8904 8775 8264 8552 8985 8864 8453 8894 8529 8735 9150 8436 7886 8615 8415 8488 8795 8072 7865 8277 8355 8488 8670 8269 8746 8421 8364 9094 8200 8711 9138 8398 8828 8912 8166 8018 8331 8882 8111 8769 8645 8845 8058 8519 8334 8259 8669 8312 8490 8738 8466 8031 8086 8192 8368 8873 8246 8286 8537 8632 8552 8353 8233 8660 8344 9109 8783 8074 8403 
8104 7460 8418 8337 8422 7960 7882 8084 8067 7773 7866 8269 8339 7851 7826 8233 7615 8037 8808 7978 7990 8032 8048 7639 8044 7783 8363 7491 8001 8307 7436 8057 8175 7834 7877 8146 7888 7870 7946 8394 7072 7664 7619 7766 7607 7615 8188 7801 7298 7948 7938 8293 7871 8559 8160 7757 7913 8044 7894 8489 7936 7748 7314 8128 7178 8272 8152 7851 8237 7929 7866 7853 8061 7791 7904 8405 7547 7807 7509 7696 8087 8333 8064 7956 8400 8061 7923 7853 8008 8365 8311 7808 7564 8084 7964 7863 8108 8131 7324 7840 8076 8275 8162 7679 7287 8079 7641 8190 8770 8067 7856 7756 8167 8071 8151 7788 8111 7659 8489 7873 8330 8022 7800 7391 7940 7913 8630 7795 8153 8036 8276 7719 7536 8471 8400 7740 7858 8064 7732 7704 8372 8265 7853 7434 8075 7596 8024 7986 7492 7613 8049 8317 8112 8420 7992 7898 8092 7774 7516 8019 7798 8103 8079 8216 7674 7762 8069 7674 7819 8331 8560 8164 7970 7660 7956 8005 8521 8669 7319 8107 8309 8263 7790 7560 8309 7520 8153 8113 7679 7432 7759 7986 7837 7533 7459 7580 8506 8270 8261 7966 7931 7903 7853 8505 8301 7712 7650 8351 7895 7734 7594 7592 7968 8179 7306 8222 8090 7803 7988 7971 8615 7898 7961 8933 7950 7490 7590 8185 7832 8052 8235 7591 8009 7712 7772 7626 8150 8023 8258 7943 8120 7830 7900 7711 8063 8011 8217 7860 7829 7885 8069 8453 8171 7883 8431 7733 8132 7827 7663 7710 7858 8291 8593 8368 7895 7632 7926 8221 7474 7441 7439 7062 7703 7802 7601 7943 8072 8133 8897 7909 8018 8421 7384 7865 8106 7815 8129 7944 7970 8117 8234 7888 8044 7896 7525 7964 8014 8042 7501 7906 7536 7585 7788 8387 7852 7486 8625 8793 8317 7969 7573 8003 7821 7857 7558 7500 7753 7955 7750 7947 7567 8059 7524 8171 7500 7695 8059 7921 7602 7950 7540 8247 8178 7519 7843 8416 8439 7797 8024 8201 8076 8525 7799 7413 7967 8070 7654 8339 7558 7368 7715 8031 7956 8122 7880 8084 8059 7789 8363 7757 8097 8213 7900 7943 7922 7637 7273 7546 7943 8029 8107 8237 8186 7968 7884 7903 7466 8126 7914 7821 7918 7746 7525 7562 7576 7690 8481 7487 7920 8266 8059 8274 7683 8237 8450 7734 8518 8252 7501 7684 
8078 7486 8341 8340 8223 8187 8006 8255 8062 7897 7805 8341 8361 8301 8060 7819 7861 8162 8630 8501 7867 8005 8044 7902 8289 8210 8478 7630 8270 8128 7478 8135 8267 8098 7923 8209 7934 8221 8325 8846 7647 7588 7731 7588 8001 7876 8693 8266 7770 7884 8678 8090 7818 8335 8008 8047 8110 8233 7794 8442 8147 7705 7520 8517 7923 8003 8427 7779 8042 8380 8102 7910 7731 8242 8153 8512 7305 7969 7746 8100 8178 8474 8339 8495 8628 8130 7982 8233 8387 8190 8474 7907 7958 8107 7924 8127 7871 8588 7674 7892 8302 8659 8229 7783 7994 7982 7735 7978 8478 8476 7818 7864 8430 8012 7932 7838 7817 7916 8387 7791 8568 8159 8054 7631 8051 7967 8829 8106 8107 7753 8189 8062 7741 8312 8535 8332 8192 7906 8409 7729 8607 8495 7915 7808 8357 7667 8022 7932 8064 7753 8212 8363 8352 8327 7924 8106 8396 7571 7791 7858 7865 8031 7995 8201 7336 7477 8293 7968 8268 8141 8765 7971 7995 8052 7946 8057 8508 8618 7630 8208 8244 8162 8033 7347 8417 7314 7905 8160 8065 7713 7998 8162 8162 7845 7574 7766 8506 8051 8121 8018 8036 7673 7866 8325 8129 7834 7534 8402 7894 7942 7815 7472 8376 8280 7514 7957 8025 7837 8027 8253 8522 7700 7757 8461 8016 7642 7843 8256 7898 8140 7968 7747 7875 7825 8361 7397 8486 8337 8511 8355 8206 7931 7834 7893 8185 8061 8344 7714 7847 8125 8328 8783 7965 7762 8081 8309 8370 8052 7527 7699 7505 8002 8663 8245 7434 8230 8059 8330 7977 7496 7418 7465 8076 7695 7506 8212 8217 7777 8443 7999 8236 8198 7633 8255 8373 8262 7943 7949 7600 8066 8123 8076 8368 7926 7809 7953 8164 7856 7630 8116 7530 7800 8254 7975 7931 7638 8216 8702 8143 7754 7804 7904 7872 7813 8087 7661 7744 8485 8173 7957 7378 8042 7903 8130 8101 7854 8157 7850 7937 7990 8004 8671 7957 8024 8216 8156 8672 8087 8255 8134 8330 8490 7747 7263 8176 8152 8280 8311 7737 7587 7634 7802 7718 8410 7891 8495 8356 8020 8475 8243 8095 8454 7626 7868 8178 7571 7527 7600 8325 7900 8537 8501 8071 7747 7785 8389 7988 8205 7965 8255 7903 7876 7729 7879 7330 7939 8566 7697 8015 8290 8061 8198 8142 8023 8655 7690 8445 8405 7752 8226 
8805 8287 8524 8931 8881 8440 8769 8547 8490 8564 8447 9014 8877 8639 8957 8609 8494 8734 9293 8587 8807 8565 8924 8626 8322 8655 8945 8208 8760 8616 8049 8421 8335 8903 8569 8659 8578 8669 8781 8769 7809 8332 8156 8249 8551 8277 8949 8833 7883 8451 9132 8843 8649 9022 8396 8660 8888 8684 8797 8835 8559 8369 8179 8720 8035 8627 9018 8526 8443 8841 8702 8638 8220 8957 8869 8896 8137 8744 8352 8455 8898 8949 8517 9003 9178 8677 9019 8600 9164 8769 9073 8500 8153 8809 8512 8579 8208 8809 8428 8866 8923 9014 8710 8404 8003 8784 8346 9057 9079 8872 8742 8500 8838 8744 8558 8829 8329 8817 8626 8557 9089 9046 8264 8388 8571 8901 9241 8701 8685 8319 8979 8550 8381 8966 9549 8862 8617 8310 8733 8086 8856 8944 8778 8193 8918 8542 8829 8752 8123 8476 8625 9155 8818 9155 8485 8325 8739 8159 8427 8312 8589 8775 8903 8919 8025 7857 8857 8481 8573 8534 9480 8806 8836 8371 8691 8879 8994 8859 8234 8721 9074 8919 8382 8183 8659 7993 8765 8461 8543 8335 8545 8734 8286 8652 8222 8574 9221 8837 8944 8453 8686 8222 8353 9038 8404 8008 8020 9405 8468 8620 8275 8193 8725 8603 8197 8777 8670 8436 8301 8745 8926 8299 8608 9274 8721 8342 8538 9109 8448 8701 8602 8290 8503 8076 8683 8266 9046 8794 8712 8862 8574 8641 8480 8009 8790 8967 8821 7894 8489 8827 8575 9462 8529 8460 8513 8897 8708 8624 8818 8406 8351 8662 9106 8765 8067 8766 8665 8773 8305 8279 8008 7818 8630 8235 8481 8767 8387 8752 9045 8333 8840 8804 8280 8597 8854 8268 8693 8726 8437 8857 8950 8625 8850 8836 7941 8445 8591 8307 8438 9149 7891 8315 8626 8790 8486 8153 9024 8958 8960 8552 8520 8612 8685 8518 8799 8325 8482 8975 8246 8416 8554 8662 8161 8948 8448 8426 8710 8301 8235 8838 8682 8737 9009 8738 8526 8751 8882 8586 8818 8679 8893 9513 8535 7866 8882 8841 8746 8784 8182 7978 8372 8482 8304 9060 8369 8777 8629 8652 9016 8450 8649 9278 8528 8745 8546 8323 8377 8567 9008 8687 8749 8625 8966 8265 8752 8646 8421 8594 8625 8690 8757 8812 8426 8344 8173 8267 8894 8540 8472 8480 8493 8746 8299 8763 9134 8212 8898 9090 8667 8625 
8147 7479 7999 8083 8127 7396 7889 7960 7458 7643 7325 8152 7887 7751 8335 7736 7548 7545 8499 7622 7990 7547 8040 7414 7768 8087 7958 7532 7851 8089 7307 7752 7645 8117 7875 7513 7841 7982 8019 7897 6877 7532 7340 7464 7929 7471 7982 7833 7279 7660 8005 8060 7600 8176 7509 7843 7706 7901 8065 8198 7861 7809 7358 8023 7468 7793 8481 7697 7623 8052 7954 7676 7524 8045 7676 8023 7115 7822 7724 7843 8109 8705 7911 8004 8132 7423 7706 7843 8095 7717 8007 7624 7690 8136 7945 7892 7962 8199 7707 7838 8139 8059 7946 7719 7550 7859 7409 7882 8000 8154 7991 7666 7851 7707 8181 7955 7691 7658 7822 7442 7963 8027 7610 7343 7501 7600 8109 7677 7798 7788 7847 7870 7448 8224 8414 8334 7780 7542 8024 7308 8187 8053 8025 7665 7985 7575 7870 7829 7377 7858 7971 8286 7931 8021 7780 7599 8068 7664 7334 7734 7613 7779 7883 8178 7406 7381 8184 7639 7635 7909 8520 7964 8000 7888 7987 8264 8199 8491 7632 8179 8095 7906 7709 7173 7954 7227 7771 7812 7427 7420 7645 7797 7604 7674 7482 7544 8223 7974 7848 7556 7884 7607 7860 8216 7869 7393 7734 8180 7552 7482 7581 7493 7619 7586 7293 7631 7614 8047 7561 7746 8204 7798 8011 8578 8028 7513 7993 8250 7845 7790 7282 7503 7498 7294 7670 7258 8571 7967 7810 7930 7615 7546 7269 7537 7909 7561 7829 7669 7426 7875 7840 8190 7940 7491 8118 8272 7658 7882 7824 7721 7438 8016 8426 7897 7497 7585 7682 7818 7415 7034 7281 7070 7965 7793 7584 8189 7982 7538 8253 7629 7944 7933 7484 7701 8096 7880 7983 7723 7637 8023 8067 7621 8087 8027 7446 7778 7965 7850 7539 8100 6995 7565 7767 8107 7529 7514 8017 8343 8266 7737 7622 7779 7537 7805 7604 7459 7737 8199 8135 7693 7586 7775 7270 7606 7334 7707 8066 7584 7382 7898 7659 7940 7757 7572 7942 8047 8251 7939 7964 8068 8038 8348 7633 7084 7697 8223 7637 8378 7346 7358 7254 7487 7630 7779 7556 8011 7918 7928 8163 7612 7822 8486 7931 7969 7694 7302 7233 7576 7954 7484 8179 8018 8296 7490 8080 7977 7558 7881 7949 7592 8006 8001 7268 7273 7268 7681 8249 7475 7499 7815 7700 7867 7934 8083 8174 7514 8390 8199 7366 7776 
8369 8067 8258 8159 8271 7871 8271 8322 8241 7977 8392 8373 8341 8325 8199 8180 8223 8302 8550 8084 8072 8446 8211 8122 8018 8308 8745 7784 7957 8478 7740 8189 8045 8621 8170 8188 8426 8206 8672 8330 7361 8126 7654 7687 8037 8236 8620 8283 7505 8008 8866 8502 8382 8588 8138 7958 8281 8017 8478 8300 8001 7972 7840 8371 7585 7917 8764 8428 8089 8791 8269 8231 7945 8453 8426 8304 7416 8311 7770 8163 8256 8569 8113 8282 8831 8190 8079 8285 8184 8154 8577 7973 7949 7935 8021 8248 8356 8509 7926 8136 8319 8605 8594 7955 7629 7997 7589 8213 8772 8483 8246 7931 8456 8265 8195 8538 8088 8115 8112 8110 8120 8426 7897 8043 7955 8255 8853 8208 8336 8129 8325 8024 8115 8810 8942 8353 8144 8253 8540 7833 8518 8397 8520 7764 8456 7990 8682 8481 8001 8018 8389 8573 8039 8746 8127 7976 8358 7941 7852 7995 8051 8206 8533 7995 7726 7800 8362 7693 8339 8465 8859 8183 8463 8087 8431 8611 8691 9039 7662 8578 8402 8420 8127 7598 8550 7617 8110 8305 8075 7751 8391 8393 8204 7787 7662 8007 8806 8395 8311 7925 7539 7975 7852 8601 8337 8002 7912 8745 7976 8107 8205 8176 8222 8089 8096 7970 8306 8075 7968 8154 8491 8393 8116 9039 8284 8244 8292 8669 7808 8262 8150 7942 7938 7905 8366 7999 8571 8470 8670 8367 8708 8177 7990 7865 8524 8441 8407 7888 7901 8392 8405 8577 8196 7979 8239 8988 8245 8127 8394 8178 7681 8132 8838 8268 7922 8214 8250 8394 7942 7673 7849 7531 8182 7973 7754 8448 8198 8192 8813 7852 8216 8383 7980 8076 8347 8214 8283 8003 8041 8189 8424 8344 8561 8296 7884 8069 8294 8006 8438 8566 7792 8041 8055 8280 8267 8102 8595 8762 8464 8071 7844 8200 8361 8143 7944 8048 7895 8416 8240 7746 8011 7807 8041 8120 7804 7997 8371 7818 7442 8151 7992 8555 8286 8183 8123 8658 8348 7894 8588 8355 8199 8622 8074 7292 8540 8279 8135 8303 7956 7547 7939 8106 8025 8464 7953 8459 8540 8409 8471 8062 8234 8704 7846 8190 8039 7844 7834 8138 8431 8063 8360 8568 8386 8141 8412 8302 7897 8751 8320 8356 8421 8269 8207 7845 7773 8296 8820 7923 8157 8103 8585 8436 8350 7970 8667 7844 8722 8547 8242 8383 
8090 7779 7695 8298 8013 7779 7852 8149 7672 7598 7896 8135 8000 8059 7921 7855 7558 8270 8293 7948 7974 7972 7987 7821 7880 8197 8328 7546 7773 8044 7169 7778 7917 8176 7838 8089 8019 7935 8408 8053 7324 7739 7408 7627 7715 7755 8337 7989 7165 7750 8118 8360 7793 8187 7821 7953 7634 7758 8125 8005 7988 7684 7599 8206 7335 8024 8150 7851 7930 8001 7820 8138 7927 8177 7805 7908 7275 8096 7485 7897 7911 8352 7809 8116 8382 7990 7965 7808 7901 7967 8133 7876 7701 7834 8016 7853 7825 8051 7492 7531 7909 8419 7773 7475 7272 7922 7667 8024 8052 8297 7920 7718 8025 7704 7818 7946 7822 7835 8134 7563 8333 8158 7611 7545 7895 7955 8453 7746 7869 7542 7981 7806 7573 8357 8355 7868 8252 7680 8147 7808 8166 8317 7829 7398 8197 7713 7791 7953 7517 7817 8229 8093 8331 8136 8104 7927 8499 7988 7602 7985 7841 7692 8376 8060 7257 7272 8112 7816 7952 7895 8155 7690 7817 7709 8074 8172 8450 8619 7607 8049 8135 7741 7628 7540 7939 7426 7880 8033 7928 7620 8139 8133 7709 7618 7405 7699 8240 8079 8114 7836 7820 7675 7719 8614 7974 7903 7526 8622 7695 7651 7740 7710 7429 7797 7569 7840 7775 7718 7831 8002 8412 7801 8107 8410 7648 7580 7807 8125 7938 7998 7945 7701 7655 7667 7666 7432 8111 8199 8497 8227 7820 8043 7784 7213 8074 7962 7881 7876 7526 8233 7925 8344 8054 7665 8250 8370 8096 7909 7499 8114 7608 7935 8269 8174 7860 7509 7648 8490 7878 7595 7449 7230 7632 7897 7546 8167 8015 7593 8335 8002 8168 7912 7349 7686 7961 7659 7831 8119 8010 8215 8231 8117 8039 8032 7492 7799 8071 7856 7562 8111 7513 7904 8064 7881 7649 7376 8057 8463 8022 7683 7765 7796 7912 7927 7978 7415 7596 8204 7829 7638 7669 8073 7627 7782 7790 7614 8315 7336 7735 7815 8014 8443 8007 7747 7894 8186 8254 7827 7990 7960 8145 8491 7873 7054 8240 7993 8124 8017 7277 7487 7734 7802 8095 8374 7484 7904 8033 7779 8152 7586 7652 8497 7825 7931 7820 7776 7602 7655 8184 8073 8244 8168 8331 7861 7930 8057 7446 7778 7690 7893 7956 7860 7517 7898 7397 7902 8409 7861 7611 7701 7919 7990 7698 8040 7992 7713 8213 8180 7548 7508 
8322 8254 8492 8510 8348 7713 8072 8660 8007 7890 7858 8492 8326 8213 8464 8408 8182 8403 8984 8533 8365 8187 8493 8194 8596 7840 8866 7952 8160 8537 7646 8274 8075 8433 8364 8102 8340 8318 8510 8772 7602 8055 8261 8023 7999 8310 8917 8359 7903 8052 8629 8644 8074 8720 8381 8028 8339 8325 8345 8747 8291 7999 8025 8384 7983 8403 8738 8202 7865 8574 8195 8129 8333 8646 8264 8452 7478 8136 7511 8276 8255 8926 8495 8890 8840 7928 8269 8505 8578 8439 8583 7907 8013 8360 8402 8523 8381 8447 8079 8464 8648 8631 8573 8193 8149 8403 7996 8399 8552 8647 8433 7723 8487 8384 8284 8442 8341 8498 8337 7848 8339 8364 8288 7788 8076 8028 9041 8149 8257 8199 8318 8022 7440 8646 8923 8475 8611 8260 8540 7654 8887 8722 8490 8115 8430 8156 8368 8267 7684 7856 8311 8479 8457 8997 8274 8053 8669 8011 7912 8148 8471 8183 8526 8862 7778 8028 8675 8386 8363 8175 9147 8550 8228 8512 8286 8263 8335 9227 7866 8519 8793 8075 8197 7807 8699 7871 8420 8582 8283 7882 8429 8201 7997 8495 7649 8140 8745 8352 8450 8326 8344 7683 8305 8899 8734 8348 8145 8802 8111 8284 8004 8057 8273 8269 7717 8191 8431 7982 8317 8536 8974 8390 8446 8577 8291 7696 8488 8805 8396 8300 8353 8023 8122 7824 8854 7867 8826 8946 8897 8488 8265 8508 8194 7927 8677 8448 8526 7790 8328 8543 8397 8849 8377 8132 8608 8732 8140 8416 7991 8000 8026 8517 9035 8258 7930 8282 8232 8452 8108 7447 7738 7406 8426 7765 7903 8326 8093 8070 9017 8406 8141 8517 7802 8359 8824 8319 8469 8378 8012 8466 8818 8295 8372 8256 7787 8365 8244 8209 7670 8045 7928 7922 8398 8070 8119 7673 8635 8669 8461 7995 8208 8172 8227 8198 8111 7754 8180 8331 8285 8179 8005 8416 7956 8317 7949 8028 8417 8130 7930 8215 8156 8848 8202 7989 8454 8526 8452 8351 8665 8407 8287 8798 8329 7698 8333 8061 8584 8485 7761 7804 8336 8169 8369 8667 7882 8659 8429 8129 8485 8162 8109 8661 8285 8364 8207 8130 7976 7948 8557 8168 8615 8703 8661 8013 8269 8332 8038 8777 8181 8161 7990 8361 7830 7894 8148 8038 9104 8223 8112 8421 8248 8245 8405 8299 8591 8186 8495 8486 7824 8221 
7956 7893 8337 8322 8223 7779 8089 7827 7954 8198 8220 8435 8288 7989 8347 8443 8015 7972 8922 8258 8160 8252 7985 8192 8350 8064 8831 7942 8170 8052 7949 8179 7934 7945 8137 8060 7932 7899 8219 8266 7468 8028 8017 7972 8049 7932 8608 8140 7742 8239 8506 8494 8235 8490 7754 8143 8292 8274 8307 8865 8035 7936 7694 8380 7676 8071 8812 8321 8075 8136 8165 8213 8004 8080 8446 8726 7331 8237 7944 7802 8513 8747 8119 8483 8512 7871 8030 8256 8117 8415 8140 8062 8163 8189 8108 8131 7915 8525 7582 8113 8116 8426 8399 7805 7891 8096 7756 8207 8847 8564 8041 7573 8240 8182 7793 8080 7769 7973 8039 8101 8240 7989 7734 7902 7922 8135 8652 8161 8132 7772 8185 7794 8049 8249 8459 8116 8438 8307 8348 7827 8371 8649 8512 7619 8322 7936 8148 7744 7649 8116 8148 8681 8260 8468 8163 8073 8447 7836 8028 8054 7905 8269 8417 8071 7716 7690 8324 7799 7999 8020 8549 8312 8273 8034 7972 8608 8462 8621 7542 8207 8239 8164 8126 7309 7993 7534 7629 8221 7705 7748 7973 8400 8238 7656 7881 7983 8846 8434 8325 8052 7757 7741 8181 8673 8363 8186 7793 8803 8078 7934 7922 7738 8243 7897 8154 8131 8282 8152 7962 8093 8330 7799 8372 8636 8142 7969 8192 8320 8071 7797 8245 7977 8051 7976 8230 7631 8603 8423 8556 8068 8074 8213 7990 8216 8333 8153 8399 7764 7964 8193 8152 8580 8227 8080 8413 8508 8122 8414 7965 8173 7837 8426 8820 8279 7522 7989 8262 8518 8061 7749 7642 7079 7856 7820 8033 8160 8158 8153 8784 8202 8326 8367 7797 7852 8359 8010 7776 8181 7920 8420 8716 8406 8182 7865 7879 8053 8082 7905 8034 8486 7625 7827 7823 8234 8128 8095 8347 8805 8321 7540 7719 7984 8129 7879 8085 7831 7972 8184 8509 7946 7903 7862 7815 8351 7654 7897 8153 7904 7977 8198 7956 8490 8278 7639 8265 8373 8572 8291 8436 8108 8170 8630 7957 7179 8515 8215 8136 8437 8000 7545 7885 7827 7938 8452 8129 8428 8039 8036 8287 8236 7953 8670 7901 8248 8348 8117 7563 7621 8479 8048 8390 8581 8587 7875 8043 8311 7819 8066 8089 8203 7890 8323 7778 8108 7690 8132 8625 7859 8032 7831 8073 8370 8074 7915 8708 7957 8539 8406 7832 8058 
7762 7463 8038 8038 8016 7330 7822 7995 7698 7797 7474 8375 7673 7629 7884 7928 7514 7558 8083 7734 7656 7644 7718 7378 7630 7903 7983 7419 7630 7915 7312 7899 7606 8017 7319 7854 7815 7744 7896 7786 6911 7710 7372 7107 7457 7719 8135 7828 7374 7719 8407 8120 7762 8127 7621 7824 7605 7765 7708 7968 7507 7509 7378 8198 7105 7813 8229 7470 7713 7789 7560 7310 7336 7754 7940 7801 7114 7748 7661 7876 7803 8140 7519 7804 8242 7665 7770 7742 8064 7985 8023 7813 7361 7538 7793 7673 7456 8132 7484 7639 7967 8010 7814 7516 7282 7679 7661 7842 7892 7972 7782 7672 8046 7579 7529 7610 7467 7760 7502 7617 7814 7789 7485 7371 7387 7647 8382 7724 7535 7461 7995 7508 7466 7968 8277 7867 7997 7647 8118 7572 7968 8329 7916 7290 7756 7320 7476 7818 7256 7671 8228 7928 7636 8268 7703 7954 8212 7409 7179 7346 7497 7235 7864 8092 7205 7343 7767 7591 7593 7884 7993 7851 7643 7625 7903 7691 7975 8329 7428 7728 7637 7814 7631 7447 7968 7179 7517 7900 7577 7583 7957 7895 7688 7480 7255 7303 7963 7712 7898 7548 7854 7297 7660 8018 8011 7681 7484 8158 7724 7326 7268 7775 7585 7681 7209 7625 7902 7519 7517 7642 8149 7366 7747 7977 7526 7609 7922 7829 7429 8086 7677 7632 7537 7625 7715 7586 7685 7960 8260 8058 7615 7362 7750 7300 7646 7688 7866 7689 7129 7798 7530 8369 8068 7792 7915 7936 7857 7810 7600 7741 7260 7579 8419 7962 7511 7920 7644 7745 7430 7226 7127 6922 7407 7670 7593 8068 7674 7385 8083 7634 8139 7902 7116 7822 7987 7470 7768 7435 7642 7660 8005 7693 7652 7657 7361 7461 7510 7403 7337 7808 7371 7751 7562 7733 7636 7346 8020 8060 8000 7739 7372 7755 7375 7521 7645 7410 7333 7863 7599 7402 7318 7765 7690 7675 7542 7498 7823 7532 7494 7826 7437 7872 7818 7414 7823 8100 8364 7343 8256 7701 7743 8255 7491 6725 7721 7846 7461 7839 7390 7116 7475 7611 7665 7831 7713 8027 7646 7822 8167 7392 7528 8419 7963 7654 7751 7234 7066 7470 7864 7373 8278 7887 7781 7631 7998 7627 7481 7661 7570 7873 7718 7344 7586 7554 7418 7598 8323 7901 7757 7706 7355 7847 7591 7730 7946 7530 7991 8226 7238 7538 
8143 7925 8285 8267 8425 7990 8052 8212 8037 7809 7858 8798 8179 8178 7978 8218 7965 8171 8756 8259 8054 8247 8224 7569 8110 8055 8414 7891 8214 8617 7517 8202 7835 8261 8211 8246 8055 8496 8070 8128 7553 7974 7734 7536 7843 8129 8288 8125 7773 7733 8798 8574 8099 8352 8142 8154 8074 8535 8198 8460 7750 7523 7774 8511 7490 8335 8420 7951 8084 8162 7783 8045 8047 8462 8255 8458 7707 8142 7767 8182 8452 8596 8351 8551 8557 8032 8135 8406 8178 8392 8336 8076 8075 7979 8080 8274 8385 8774 7957 7828 8398 8515 8153 7796 7904 7901 8150 8164 8512 8396 8287 8377 8054 8237 8233 7770 7906 8024 8250 8025 8198 8061 8019 8008 7946 7965 8770 7817 8236 7939 7968 7730 7381 8471 8621 8297 8209 7523 8403 7443 8481 8513 8346 8020 8200 7490 8358 8156 7206 7662 8304 8313 8219 8677 8236 7881 8887 7640 7656 7880 7989 8143 8285 8526 7651 7675 8572 8167 7871 7955 8904 8196 8340 8105 8172 8225 8403 8517 7682 8169 8345 8296 7989 7348 8181 7581 7965 8200 7732 7585 7913 8027 7748 7830 7613 7632 8554 8261 7970 7847 8293 7758 7921 8648 8355 8051 7951 8648 7905 8177 8108 7754 7999 7924 7688 7994 8014 8160 7786 8007 8337 8041 8462 8960 8442 7564 8273 8382 7814 8088 8133 7782 7772 7836 8230 7602 8451 8350 8234 8408 7938 8200 7692 7607 7903 8122 8282 8120 7744 8230 7885 8656 8329 7678 8476 8319 8099 8195 8414 7676 7617 8020 8768 8282 8095 7900 8157 8387 7899 7609 7646 7320 8175 7885 7787 8487 8295 8260 8295 7763 8344 8169 7616 8034 8495 7835 8081 8057 8040 8405 8519 8039 7900 8243 7732 7793 8101 7706 7886 8024 7725 7970 7940 8245 8078 7735 8233 8529 8553 8057 7723 8316 8003 7965 7656 7958 8076 8352 8227 7929 7796 8124 7928 8134 7601 8107 8233 7922 7842 8041 7843 8257 8253 7917 8178 8244 8364 8053 8679 8149 8377 8813 7832 7354 8609 8198 8257 8588 7627 7527 7791 7963 7853 8405 7725 8541 8134 7994 8177 7590 8225 8940 8390 8175 8385 7950 7614 7940 8444 7925 8324 8722 8325 7855 7992 7966 8169 7997 7835 8047 8176 8134 7531 7653 7973 7555 8296 7838 8069 8155 7834 8049 8257 7889 8614 7962 8491 8480 7720 8120 
7885 7642 8249 8215 8297 7725 7951 8111 7984 7690 7853 8210 8013 8251 8303 7815 8090 7919 8646 8047 7978 7689 7699 7603 7807 8115 8229 7677 7907 8310 7346 8112 7834 8134 7998 8120 7879 7862 8048 8291 7250 8014 7303 7646 7804 7844 8579 8023 7818 8078 8240 8185 7654 8075 7583 7851 8123 8063 8083 7969 7749 7767 7511 8218 7405 7867 8075 7946 7964 8315 8460 7848 7894 8135 8060 8425 7527 7969 7803 7607 8087 8543 8065 8290 8224 7459 8247 8072 8326 8354 8015 7930 7986 8076 7888 8082 7992 8001 7809 7933 8446 8152 8103 8232 7582 8032 7644 7992 8378 8291 7687 7501 7960 8424 7808 7750 8113 7592 7952 7951 8087 7840 7872 7609 7671 7993 8454 7850 7998 7694 8412 8022 7509 8491 8546 7941 8117 7817 8341 7345 8518 8207 8254 7837 8512 7667 8117 8124 7339 7727 7974 8267 8295 8342 8049 7843 8766 7683 7665 7684 7864 8207 7978 8474 7331 7722 7968 7731 7841 8184 8514 7925 8164 7855 8052 7924 8231 8869 7685 7956 8294 8164 7857 7388 8221 7162 7957 8401 7861 7618 8055 8107 8027 7783 7458 7471 8500 7986 8121 7974 7851 7865 7705 8267 8212 7502 7388 8407 8144 7632 7731 7828 7791 8140 7789 7975 7961 7976 7701 7892 8468 7798 7844 8694 7647 7979 7974 8233 7765 7971 8122 7736 8000 7383 7927 7383 8238 8191 8084 8019 8034 7894 7638 7464 8242 8122 8312 7799 7916 8125 7863 8338 7907 7629 8152 8315 7905 8197 7794 7845 7501 8249 8546 8179 7592 7804 7767 8360 7872 7713 7321 7223 7866 7906 7422 8369 8226 7622 8257 7745 8113 7923 7390 8064 8282 7781 8036 8318 7781 7860 8378 8125 8160 8030 7516 7926 7928 8126 7956 8200 7228 7874 7815 8045 7759 7692 8392 8639 8387 8081 7844 8001 7619 7945 7737 7881 7831 7809 8147 7675 7740 7944 7692 8023 7782 8034 8280 7891 7613 7926 7891 8340 7800 7987 7940 8324 8609 8016 8291 7991 8321 8503 8211 7279 8020 8109 7969 8089 7705 7517 7979 7890 8118 8273 7917 7875 7965 7795 8371 7594 8211 8234 8071 8300 8038 7587 7535 7840 8274 7596 8400 8432 8273 7864 8012 7809 7850 7983 8054 8002 8106 7882 7677 7817 7568 7690 7995 8173 7716 7885 8114 8204 7904 7746 8258 7686 8599 8358 7850 7817 
8179 7939 8015 8398 8586 7783 7969 8247 8050 8002 7717 8580 7919 8048 8520 7850 7993 8098 8231 8116 8229 8119 8179 8132 8038 8093 8618 7652 7878 8464 7773 7736 7825 8186 8269 7846 7953 8066 8465 8262 7328 8033 7953 7436 7862 7846 8912 7904 7826 7858 8632 8476 8159 8720 7975 8049 8307 7851 8097 8171 8034 7964 7999 8056 7511 7937 8882 8151 8161 8351 8024 8055 7636 8102 8354 8346 7685 8168 7844 7644 8366 8646 8162 8166 8324 8017 8673 8468 8350 8266 7912 7813 7829 8114 8052 8286 7930 8376 7889 8239 8543 8212 8252 7719 8125 8140 7888 8187 8579 8414 8027 8011 8387 7947 7997 7862 8011 8264 8043 7639 8466 7972 8067 7941 7879 8106 8549 7872 8131 7974 8459 7912 7825 8403 8649 8138 8172 7913 8486 7847 8534 8530 8315 7839 8445 7726 7991 8440 7491 7877 8178 8489 8544 8218 8089 7986 8228 7523 7683 7738 7698 8147 8373 8567 7450 7832 8203 8007 8146 8202 8612 8246 8339 7980 8190 8345 8343 8178 7623 8015 8155 8135 8336 7451 7987 7617 7936 8345 7558 7599 8038 7973 7925 7569 7424 7966 8521 8141 8124 8205 7955 7664 8314 8523 8234 7984 7913 8185 7926 8162 8155 8041 8088 8032 7649 8167 8086 7927 7871 8008 8484 7995 8251 8503 8186 7594 7935 8613 8156 8049 7976 7817 7878 7435 7869 7304 8350 8567 8402 8327 8388 8051 7765 7924 8328 8167 8197 7805 7908 8224 8249 8602 8187 7648 8260 8496 7699 8058 7872 7881 7488 8221 8598 8289 8002 8306 7845 8392 7895 7451 7749 7248 8105 7900 7830 8364 8161 8211 8512 8079 8190 8417 7716 8322 8333 8252 8363 8143 7960 8313 8399 8080 8388 8090 7509 7932 8132 7797 7861 8104 7674 7888 7731 8329 8226 7737 8334 8498 8184 7988 7988 8081 7911 7861 7762 7725 7791 8262 8193 8071 7872 8332 7661 8244 7759 8007 8211 7920 7746 7975 8068 8668 8184 8233 8215 7907 8572 8400 8611 8372 8497 8297 8274 7447 7947 8165 8261 8388 8016 7633 7692 7860 7751 8402 7914 8116 7975 8327 8554 8164 8588 8777 7692 8286 8195 7754 7567 7602 8263 7773 8234 8457 8408 7892 8216 7854 7979 7962 8025 8046 8364 8194 7755 7643 7880 7608 8289 7671 7693 8114 8266 8257 8100 8047 8582 7763 8695 8352 8012 8201 
8159 7773 8113 8427 8294 7820 7811 8110 8255 7728 8005 8260 8237 7747 8192 8276 7850 8052 8316 8054 8106 8069 8008 7553 8086 8081 8258 7864 8187 8318 7730 7688 7871 8147 7684 7921 8059 8185 7928 7989 7366 7827 7516 7737 7602 8053 8404 7999 7527 7681 8294 8080 7672 8408 7772 7844 7914 8229 8268 8501 8434 7661 7675 8325 7436 7983 8182 7990 7878 8085 8003 7898 7934 7748 7852 8458 7442 8080 7556 7716 8097 8153 8369 8441 8297 8113 7812 8345 8153 8460 7945 8118 7750 7993 8320 8008 8008 8130 7727 7932 8208 8465 8251 7813 7704 7998 7704 8321 8276 8303 7881 7848 7837 8090 7872 7891 8039 7829 8339 7999 8109 7832 7822 7777 7693 7922 8550 7649 8114 8093 8201 7695 7624 8406 8514 8181 7997 7797 8161 7347 8407 8377 8253 7406 8338 7701 7881 8165 7425 7818 8285 8019 7999 8450 8013 7795 8417 7800 7616 7911 7897 7864 8342 8089 7492 7585 8319 7662 8132 8051 8477 7867 7851 8072 7958 8192 8454 8799 7686 7838 8315 7680 7820 7804 8136 7432 7718 8044 7607 7764 8022 8300 7831 7907 7454 7852 8392 8123 8382 7779 7994 8054 7982 8695 8266 8023 7742 8241 8368 8016 8097 7886 8185 7885 7674 8047 8158 7791 7935 7913 8639 7895 8120 8570 8369 7422 8078 8519 8032 7928 8218 7763 7901 7791 7748 7424 8399 7947 8397 8300 8052 7884 7604 7575 8588 8254 8495 7825 7820 8226 7852 8030 7758 7580 8075 8332 8103 7621 7926 7970 7431 7858 8388 8056 7900 7691 8130 8143 7917 7786 7266 7528 7992 7537 7536 7998 7793 7970 8732 7965 8163 8053 7551 7843 8276 7854 7753 7943 8144 7966 8284 8161 8269 8281 7603 8073 8288 8066 7692 8266 7751 7906 7806 8459 8010 7551 8493 8519 8269 7947 7645 7867 7862 7740 8117 7500 7736 8305 8005 7986 7770 7818 7573 8400 7808 8112 8452 7792 7976 8166 7554 8432 8104 7875 8097 8296 8031 7948 8400 8040 8193 8573 7778 7205 8002 8187 8335 8299 7579 7614 7599 7534 7985 8377 7626 8004 7776 7823 8433 7903 7733 8665 7764 7987 8193 8006 7496 7715 8188 7847 7989 8502 8545 7815 8128 8116 7793 7869 7931 8041 8101 7934 7613 7791 7639 7808 8202 7853 7676 7993 7638 8032 7926 8044 8156 7391 8788 8808 7565 7655 
8029 7740 8113 7851 8148 7670 7821 8386 7619 7786 7774 8356 8066 8020 7631 7823 7501 8179 8495 7713 7805 8125 8033 7605 7645 8140 8400 7527 8014 7996 7596 7663 7312 8171 7821 7904 7902 7940 8181 8054 6940 7694 7544 7493 7522 7927 8522 7985 7580 7838 8352 8345 7839 8606 7705 8003 7896 7452 8445 8049 7688 7380 7480 7915 7395 8086 8265 7621 7928 8153 7559 7982 7622 7868 8126 7968 7594 7853 7273 7861 8188 8429 7855 8126 8366 8020 7907 7799 7974 7979 8460 7750 7615 7916 8017 7969 7914 8001 7593 7859 7948 8480 8253 7729 7590 7887 7617 8207 8317 8058 7602 7889 7909 8064 7982 7998 7753 7780 7965 7727 7780 7910 7684 7581 7980 8012 8511 7839 8091 7816 8193 7592 7670 8008 8185 7820 8046 7777 8187 7643 8256 8232 7971 7668 8050 7733 7622 7838 7498 7680 8148 7971 8156 8429 7831 8012 8214 7440 7734 7983 7834 7706 8189 8253 7361 7409 8074 7507 8116 8175 8624 7909 7914 7477 8134 8170 8198 8276 7756 8061 8427 8114 7403 7168 8044 7364 7872 8061 7640 7300 8046 7928 7570 7603 7614 7724 8377 8087 8248 7663 7931 7750 8058 8147 7633 7613 7832 8453 7915 7700 7837 7495 7958 7923 7028 8021 7946 7733 7883 7949 8061 7727 7887 8462 8332 7509 7921 8476 7799 7865 7795 7793 7832 7547 8138 7594 8044 8018 8181 8156 8046 7835 7924 7606 8044 8014 8560 7920 7461 8110 8076 8792 7935 7525 7958 7881 7915 7945 7366 7555 7556 7910 8372 8129 7854 7776 8357 7887 7514 7347 7209 7349 7641 7890 7709 8259 7795 7997 8561 7471 7981 8016 7484 7675 7839 7918 8139 7882 7800 8101 8071 7988 8195 7916 7532 8069 8072 7450 7549 7962 7162 7874 7633 8026 7752 7620 8113 8365 8129 7947 7772 8040 8080 7747 7803 7638 7615 8322 8044 7750 7749 7945 7717 7950 7539 7421 8060 7842 7486 8148 7318 8321 8153 7831 8092 8061 8172 7904 8250 7995 7673 8580 7879 7161 8210 7878 7989 8256 7494 7452 7899 7510 7787 8096 7831 8410 8040 7749 8499 7805 8036 8635 7799 7612 8065 7742 7484 7824 7733 7557 8475 8065 8345 7900 7979 8093 7648 8138 7758 7983 7993 7976 7403 7759 7289 7784 8052 7622 7631 7970 8176 7936 7394 7709 8238 7679 8427 8406 7657 7692 
8222 8308 8884 8324 8371 8267 8099 8170 8397 8104 8161 8645 8417 8255 8635 8245 8037 8503 8867 8335 8326 8300 8369 8149 8793 8428 8812 7463 8391 8262 7696 7960 8142 8527 8255 8369 8112 8536 8424 8612 7748 7960 7787 7806 8506 8033 8602 8006 7925 7821 8417 8669 8487 8716 7861 8319 8467 8444 8656 8391 8210 8137 7806 8496 8097 8202 8560 8369 8310 8411 8257 8203 8114 8407 8428 8606 7581 8272 8084 7837 8363 8863 8746 8782 8798 8003 8559 8491 8464 8547 8535 7987 7989 8656 8584 8250 8021 8610 7515 8193 8626 8705 8791 8124 8027 8248 7921 8293 8775 8595 8069 7991 8343 8038 8326 8214 8012 8138 8422 7809 8691 8350 8223 8038 8064 8321 8859 8492 8481 8198 8417 8042 8158 8781 8877 8355 8466 7819 8453 7819 8504 8744 8545 7883 8610 7896 8371 8789 7986 8309 8455 8847 8657 8508 8320 8311 8657 7989 8130 8405 8190 8159 8871 8293 7934 8132 8561 8185 8219 8188 8682 8654 8385 8211 8373 8634 8479 8813 7872 8504 8512 8385 8315 7756 8466 7892 8180 8614 8179 7890 8128 8508 8154 7891 7952 8128 8790 8370 8511 8305 7944 8183 8167 9110 8480 8207 7984 9265 8097 8271 8330 7857 8423 7994 7797 8356 8163 8198 8223 8333 8625 8124 8282 9123 8263 7799 8339 8823 8131 7891 8590 7929 8238 8018 8347 7893 8405 8646 8585 8256 8138 8378 8099 7852 8567 8517 8675 8075 8107 8144 8498 8938 8293 8002 8415 8469 8341 8288 8252 8133 7747 8332 8916 8795 7983 8397 8174 8605 8131 8050 7671 7532 8300 7731 8026 8564 8490 8229 8593 8473 8246 8652 7871 8223 8350 8485 8344 8302 8196 8279 8500 8530 8399 8447 7757 7961 8054 8146 7939 8419 7887 8298 8177 8535 8465 7607 8562 8839 8745 8344 7980 7949 8024 8111 8050 7776 8296 8661 8102 8295 8210 8173 7846 8458 7783 8081 8635 7983 8149 8154 8060 8331 8536 8184 8553 8454 8665 8399 8519 8530 8452 8761 8126 7878 8614 8501 8585 8713 8210 7818 8109 7622 8244 8579 8179 8743 8438 8365 8538 8164 8356 8795 8146 8887 8491 8057 8079 7972 8517 8169 8578 8649 8540 8070 8463 8382 8028 8489 8417 8064 7769 8388 8323 7965 7687 8177 8949 7907 7977 8019 8269 8504 7969 8244 8776 7875 8677 8751 7792 8183 
8427 7888 8430 8633 8420 8017 8248 8311 8244 8174 7971 8891 8655 8354 8661 8363 8013 8148 9092 8279 8433 8367 8228 8083 8195 8288 8787 7921 7990 8666 7848 8261 7987 8678 8624 8181 8495 8610 8602 8624 7509 8204 8079 8047 8240 8067 8770 8570 7821 8161 8608 8415 8422 8890 7852 8151 8492 8165 8165 8407 7946 7766 8043 8549 7799 7991 8768 8245 8065 8481 8282 7965 8253 8578 8342 8420 7489 8453 8042 8530 8795 8609 8471 8297 8528 8206 8418 8489 8571 8638 8789 7805 8479 8353 8642 8502 8252 8789 7698 8270 8577 8497 8581 8144 8323 8115 8417 8244 8628 8737 8449 8092 8343 8019 8180 8132 8244 8420 7930 8076 8478 8513 8270 8086 8286 8442 8730 8151 8434 8009 8656 8144 8003 8792 8643 8373 8451 8324 8690 7757 8521 8805 8204 7835 8425 7647 8267 8564 8059 8203 8675 8174 8699 8533 8520 8195 8753 7992 7756 8245 8068 8390 8801 8511 7694 7927 8261 7889 8223 8441 8971 8319 8558 8265 8448 8577 8605 8870 7811 8037 8467 8368 8108 7678 8416 7760 8435 8352 7907 7707 8118 8066 8226 8071 8068 8045 8487 8601 8480 8165 8349 7832 8332 8741 8355 7972 7774 8919 8424 8275 8251 7959 8162 8199 8058 8379 8584 8306 7818 8244 8829 8100 8382 9043 8363 8236 8455 8654 8268 8353 8078 8150 8192 8163 8508 7835 8491 8382 8440 8958 8503 8357 8164 7923 8264 8697 8233 8268 7898 8411 8378 9052 8513 7943 8374 8626 8561 8417 7972 8461 7951 8447 8985 8730 8069 8225 7922 8228 8005 7509 7902 7589 8436 7998 7911 8494 8377 7946 8571 8079 8775 8828 8073 8057 8321 8446 8263 8273 8366 8375 8677 8424 8709 8381 7798 8136 8513 8289 8086 8593 7749 8052 8245 8444 8043 8078 8716 8948 8695 8143 8124 8234 7974 8043 8316 8150 7963 8228 8159 8405 7904 8302 7898 8127 8454 8326 8446 8154 7899 8269 7948 8190 8343 8039 8278 8390 8638 8344 8983 8680 8533 8978 8237 7483 8183 8434 8506 8333 8374 7717 8127 8124 7944 8625 8152 8730 8331 8436 8555 8420 8544 8867 8082 8542 8085 7971 7622 8023 8731 8095 8602 8767 8399 8056 8951 8084 8008 8389 8254 8479 8457 8163 7723 7843 7792 8135 8877 8222 7757 8016 8192 8492 8193 8191 9017 7786 8798 8799 7940 8254 
8467 8173 8623 8712 8629 8249 8541 8821 8438 8297 8255 9355 8664 8350 8431 8216 8273 8631 9047 8616 8801 8729 8577 7982 8542 8779 8844 7992 8573 8877 8044 8278 8792 8819 8610 8194 8584 8377 8980 8714 7817 8473 7821 8275 8647 8152 8921 8218 8099 8243 9116 8541 8681 8906 8507 8563 8542 8479 8793 8748 8610 8504 8184 8838 7930 8681 8936 8511 8603 8980 8370 8589 8291 8781 8603 8982 7710 8540 8061 8598 8806 9058 8449 8729 9393 8667 8547 8103 8786 8547 8695 8267 8282 8369 8320 8832 8546 8830 8254 8215 8760 8878 8796 8207 8409 8438 7857 8842 8911 8862 8731 8236 8584 8493 8526 8426 8351 8313 8716 8467 8756 8492 8444 8158 8192 8214 9342 8354 8543 8134 8532 8370 8255 9189 8997 8725 8391 8557 8796 8079 9016 8937 8363 8229 8659 8141 8184 8690 7930 8395 8903 8877 8609 9074 8373 8259 9015 8339 7937 8497 8434 8515 8870 8838 8164 8143 8737 8618 8397 8599 9399 8653 8590 8045 8692 8799 8898 9092 7959 8723 8908 8716 8381 8044 8572 7983 8321 8792 8343 8082 8565 8744 8130 7955 8179 8314 9008 8717 8311 8355 8282 8262 8536 8895 8797 8284 8535 8986 8339 8347 8351 8212 8544 8462 7894 8688 8809 8756 8091 8752 8945 8257 8639 9071 8629 8395 8373 9254 8169 8723 8700 8280 8709 8179 8426 8329 8941 8888 9097 8510 8480 8566 8032 8265 8973 8948 8976 8521 8215 8846 8761 9319 8022 8352 8693 8933 8546 8701 8540 8342 8365 8607 8977 8750 7919 8586 8511 8722 8072 7971 8106 7910 8517 8099 8222 8811 8853 8582 9074 8549 8597 8615 8234 8407 9048 8363 8483 8490 8466 8631 8810 8718 8694 8528 8329 8581 8383 8418 8201 8658 7740 8348 8661 8655 8195 7936 8809 8708 8677 8197 8382 8466 8751 8452 8329 8022 8459 8766 8654 8884 8023 8695 7847 8406 8103 8381 8852 8115 7998 8578 8108 9047 8831 8590 8472 8896 8957 8501 8846 8334 9012 8973 8215 7877 8631 8718 8862 8931 8272 7868 8042 8437 8462 8609 8376 8624 8960 8490 8769 8477 8711 9139 8390 8692 8724 8079 7881 8420 8799 8159 8944 8795 8654 8211 8604 8279 8422 8583 8103 8699 8522 8299 8083 8097 7942 8519 9001 8187 8451 8436 8499 8555 8502 8510 8903 8512 8857 8735 8392 8609 
8641 7845 8278 8882 8780 7962 8255 8467 8276 8336 8284 8880 8408 8319 8543 8266 8168 8126 9073 8215 8179 8250 8100 7969 8368 8446 8616 7834 8206 8459 7737 8108 7958 8416 8423 8301 7990 8528 8607 8478 7475 7982 7754 8163 7962 8302 8787 7903 7806 8319 8622 8548 8200 8748 8252 8460 8413 8288 8298 8454 8135 8216 8018 8371 7897 8274 8856 8418 8163 8346 8392 8236 7893 8165 8499 8769 7910 8141 7878 8333 8337 8797 8120 8491 8924 8755 8372 8455 8535 8692 8299 8338 8254 8453 8656 8220 8370 8229 7996 8389 8132 8754 8512 8181 7962 8588 8204 8757 8684 8630 7938 8098 8363 8607 8354 8166 8096 8253 8296 8395 8329 7976 7932 8123 7917 8031 8688 7969 8471 8047 8456 8222 8341 8456 8563 8342 8460 8176 8412 7992 8695 8941 8617 8086 8707 8093 8290 8379 7787 8366 8188 8409 8451 8557 8319 8368 8778 8040 7920 8336 8265 8252 8323 8782 7916 7878 8993 7849 8011 8265 8615 8456 8271 8292 8035 8584 8643 8770 7493 8418 8384 8426 7806 8089 8574 7682 8338 8376 7837 8123 8432 8351 7858 8019 7668 7755 8923 8585 8464 7817 8270 7996 8113 8692 8371 8237 8087 8652 8096 8381 8263 7905 8182 8496 7972 8254 8359 8732 8116 8162 8727 8291 8391 8865 8296 8026 8196 8570 8082 8432 8513 8045 8154 7985 8301 8077 8722 8264 8361 8631 8134 8479 8173 7894 8415 8322 8854 8281 8301 8582 8348 8744 8180 7915 8200 8560 8262 8145 8242 8115 7812 8576 9122 8363 7753 8217 8665 8630 7977 7911 7474 7792 8463 8346 8100 8406 8207 7810 8666 8185 8529 8562 7860 8227 8594 8281 8293 8369 8206 8122 8680 8260 8392 8432 8204 8338 8526 8063 8104 8709 8226 8402 8124 8296 7884 7883 8905 8543 8814 8236 7995 8078 8024 7935 8036 8258 8121 8558 8179 7950 7966 8353 8366 8323 8136 8063 8452 8169 8454 8515 8112 8812 8269 7851 8130 8433 8979 8337 8493 8552 8429 8879 8243 7667 8257 8411 8205 8483 7986 7928 8014 8089 8262 8347 7787 8557 8364 8138 8629 8186 8436 8758 8283 8533 8503 8238 7891 7814 8730 8222 8989 8682 8447 8256 8347 8404 8074 8633 8199 7948 8306 8165 8191 7662 7814 8041 8449 8395 7830 8408 8355 8709 7906 8011 8261 8156 8463 8714 8040 8395 
8107 7665 8196 8372 8368 7736 8082 8409 7944 8179 7805 8385 8352 8306 8406 8066 7987 8518 8744 8299 8000 8342 8099 7792 7990 8309 8495 7687 8213 8227 7729 7905 8084 8606 8023 8129 8390 8267 8554 8291 7570 7694 7817 7697 8363 7930 8592 7967 7585 7823 8600 8360 8329 8785 7993 8265 8490 7746 8257 8203 8091 7728 7665 8580 7464 8273 8595 8050 7979 8288 8391 8375 7647 8262 8694 8274 7786 8202 7982 8222 8699 8434 8018 8177 8641 8347 8159 8151 8280 7946 8409 7772 7726 7791 8234 8052 8219 8600 7854 8419 8235 8546 8080 8085 7652 8068 8054 8247 8266 8309 7932 7923 8170 8001 7924 7932 7622 8041 8101 8192 8392 8091 8260 7910 7682 8137 8556 7551 8375 7766 8100 7752 8116 8636 8476 8172 7905 7796 8491 7934 8329 8612 8097 8275 8410 7785 8274 8248 7869 8147 8376 8427 8023 8398 8372 7981 8423 7999 7909 8254 8060 8067 8605 8115 7591 7599 8134 8133 8041 8554 8773 8218 8435 7963 8237 8566 8793 8450 8098 7971 8784 8146 7793 7794 8468 7599 8288 8187 7731 7521 8273 8531 7778 7931 7874 8043 8623 8249 8173 7973 7853 7956 7829 8724 8259 7849 8020 8863 8182 7903 7992 8005 8143 8123 7653 8167 8075 8266 7985 8108 8464 7895 8283 8733 8214 7617 8101 8501 7893 8239 7930 7769 7926 7710 8026 7817 8360 8148 8473 8458 8096 8330 8142 7640 8048 8179 8434 7940 7962 8400 7977 9019 7953 7697 8139 7964 8151 8315 7916 8095 7865 8214 8573 8521 7952 8087 8364 8030 7835 7788 7518 7513 8049 8069 7825 8228 7941 8005 8616 7967 8128 8610 7872 7744 8132 7993 8169 8021 8140 8288 8685 8366 8527 8452 8023 7982 8248 8010 7795 8376 7945 8020 7985 8415 7951 7601 8507 8622 8094 8102 8110 8246 7811 7934 7734 8047 7806 8444 8026 7980 7726 7940 7670 8147 7926 8147 8267 7929 8218 8242 7854 8358 8240 7920 8190 8379 8641 7874 8498 7728 8292 8846 7963 7598 8131 8405 8346 8312 7561 7623 7583 8041 8173 8542 7919 8264 8038 8201 8308 7945 7953 8913 7918 7839 8230 7866 7614 8221 8145 8005 8814 8431 8557 8167 8651 8178 7705 8105 8006 8341 8159 8006 7963 7855 7759 7971 8152 7972 7911 7777 8048 8359 7954 8311 8563 7811 8456 8329 7716 8079 
8146 8034 8411 8433 8516 7827 8236 8536 8181 8092 7993 8476 8200 8510 8920 8414 8509 8455 8846 8097 8171 8147 8410 8049 8441 8213 8520 7773 8183 8604 7716 8365 8031 8423 8375 8338 8494 8430 8535 8643 7499 8054 7898 7900 8174 8097 8746 8274 7713 8281 8738 8433 7909 8795 8242 8158 8183 8284 8514 8333 8258 8064 7849 8616 7688 8381 8862 8336 8024 8747 8310 8105 7960 8096 8600 8468 7717 8441 7980 8301 8467 8776 7802 8533 8638 8660 8300 8457 8698 8312 8291 8477 7871 8250 8064 7889 8158 8303 8010 8314 8442 8574 8480 8251 7880 8354 8212 8582 8878 8527 8421 7871 8407 8279 8422 8319 8183 8101 8460 8084 8362 8362 7842 7586 8030 8346 8804 8061 8249 8219 8314 8011 8038 8725 8900 8155 8183 8278 8760 7810 8517 8821 8217 8371 8716 8118 8203 8383 7784 8166 8540 8514 8287 8600 8452 8432 8574 7608 7721 8455 8043 8391 8489 8544 8071 7991 8799 8107 8215 8373 8884 8414 8483 8256 8183 8267 8565 8937 7737 8478 8544 8246 8236 7769 8404 7761 8318 8356 7907 7605 8425 8330 8140 8332 7550 7824 8553 8713 8340 8153 8447 8053 7966 8746 8270 8456 8165 8949 8110 8088 8131 7918 8288 8377 7733 8406 8398 8517 7901 8023 8639 7763 8356 8618 8013 8064 8221 8681 8215 8349 8660 7862 8241 7849 8403 7915 8502 8286 8716 8619 8208 8312 8333 7810 8276 8467 8338 7625 7917 8442 8088 8689 8326 7934 8429 8438 8150 8376 8035 8231 7592 8125 8607 8541 8100 8325 8177 8656 8046 7511 7657 7779 8439 7963 7916 8523 8258 7989 8869 8317 8591 8583 7843 8188 8768 8258 8064 8137 8322 8435 8465 7987 8551 8467 7910 8306 8688 8166 7959 8624 7686 8183 8225 8272 8118 8016 8640 8777 8708 8170 7965 8126 7831 8191 8102 8043 8197 8398 8111 8349 8129 8248 7717 8442 8100 8161 8623 8135 8131 8275 8179 8529 8276 7928 8077 8419 8743 8248 8649 8231 8495 8874 8256 7569 8351 8279 8293 8676 7708 7794 8161 7929 8022 8254 7932 8519 8164 8331 8904 8035 8478 8920 7969 8624 8438 7954 8198 8061 8479 8296 8531 8640 8824 8062 8114 8118 8021 8316 8145 8221 8436 7979 7645 7813 7824 8041 8568 7892 8161 8392 8502 8638 7992 8149 8510 7904 8661 8530 8411 8499 
8216 7892 8278 7983 8452 7601 8275 8257 8030 8145 7885 8338 7942 8141 7996 8249 7874 8067 8651 8211 8019 7972 8135 7768 8142 8367 8755 7601 8194 8288 7737 8138 8023 8195 7992 8179 8278 8228 8238 8274 7584 7800 7990 7947 8285 7923 8664 8053 7633 8129 8365 8337 8134 8686 7930 8082 8159 7955 8151 8334 8029 7887 7953 8474 7650 8040 8679 8028 7974 8423 8226 7853 8058 8192 8296 8325 7558 7885 7691 8126 8364 8837 8162 8666 8544 8063 7890 8453 8474 8339 8186 7968 8193 8255 7991 8290 8233 8206 7901 8565 8482 8456 8274 8247 7834 7814 8062 8108 8364 8438 8134 7763 8080 8430 8194 8144 8055 8132 8429 7975 8280 8082 7960 7938 7860 8014 8787 7949 8444 8060 8089 8007 7393 8219 8473 8024 8422 7889 8432 7709 8261 8418 8184 8153 8268 7786 8085 8000 7656 7819 8268 8333 8654 8567 8294 7946 8439 7891 7888 8074 7995 8153 8328 8347 7676 7711 8436 7905 8323 8201 8844 8313 8051 7966 7924 8039 8503 8773 7736 8079 8707 8197 7715 7769 8089 7554 8303 8319 7873 7724 8384 8353 7905 7850 7731 7917 8373 8235 8346 8222 8236 7820 8062 8561 8475 7908 7718 8526 8254 8135 7830 8169 8052 8099 7738 8165 8336 8170 7922 8035 8510 8115 8341 8986 8142 7634 8121 8429 8221 7919 8123 8092 7891 7862 7996 7485 8551 8459 8413 8312 7959 8206 7712 7882 8424 8392 8309 7764 7521 8178 8028 9027 8104 7780 8348 8455 8166 8214 7801 7969 8070 8502 8789 8072 7787 8150 8406 8350 8211 7418 7404 7601 7972 7808 7533 8547 8048 7928 8602 7829 8136 7917 7886 7935 8498 8321 8163 7942 7881 8716 8410 8189 8579 8391 7820 7897 8045 7783 7997 8360 7758 7574 7882 8100 8152 7593 8290 8544 8286 8011 7850 8163 7760 7970 7939 7846 7751 8132 8237 8245 7754 8188 7801 8505 8081 8083 8081 7849 7788 7940 8004 8351 8392 8040 8424 8727 8758 8264 8573 7987 8584 8601 7856 7662 8166 8294 8021 8238 7689 7686 7764 7856 8052 8254 8115 8688 7855 8094 8252 8009 8252 8667 8019 8153 8429 7906 7768 7788 8415 7785 8689 8389 8611 7817 7876 8270 8104 8019 7799 8093 8141 8218 7717 7714 7907 7869 8330 8071 7833 7637 8026 8249 8153 8224 8856 8058 8440 8522 7865 8290 
7610 7361 7655 7992 7930 7281 7562 7874 7365 7249 7419 7935 7480 7594 7769 7620 7511 7661 8105 7556 7367 7808 7616 7557 7881 7671 7867 7312 7355 7733 7114 7537 7481 7692 7540 7540 7139 7394 7827 7680 7085 7158 7346 7400 7565 7307 8211 7299 7488 7487 8093 7571 7444 7974 7569 7716 7522 7674 7576 7790 7625 7370 7138 7928 7059 7919 8069 7554 7339 7791 7555 7476 7118 7547 8086 7870 7037 7527 7037 7663 7698 8192 7429 7550 8090 7462 7471 7590 7712 7881 7539 7586 7530 7516 7668 7492 7630 8130 7388 7428 7639 7814 7707 7318 7439 7523 7452 7545 8016 7833 7562 7192 7789 7586 7536 7735 7295 7417 7512 7260 7431 7777 7063 7380 7481 7767 8231 7578 7631 7295 7536 7032 7477 7856 8132 7810 7860 7427 7955 7460 7966 8252 7701 7353 7758 7344 7593 7788 7027 7518 7808 7722 7744 7889 7740 7572 8032 7173 7370 7743 7419 7540 7785 7620 7328 7477 7665 7067 7562 7993 8354 7679 7821 7496 7609 8151 7966 8178 7182 7752 7744 7945 7581 7089 7796 6721 7712 7663 7119 6954 7995 7728 7542 7221 7131 7273 7935 8061 7968 7435 7297 7592 7486 7825 7774 7524 7598 8142 7431 7551 7796 7443 7813 7712 7566 7729 7578 7899 7475 7631 7971 7521 7425 7833 7489 7501 7505 7527 7379 7707 7943 7357 7409 7146 7572 7242 7899 7592 7983 7832 7892 7459 7848 7506 7466 7720 7999 7272 7494 7844 7562 7994 7833 7575 7665 7698 7725 7767 7404 7406 7282 7510 8303 7785 7244 7844 7535 7721 7379 6944 7383 7024 7534 7754 7096 7846 7707 7447 7899 7537 8034 8028 7425 7666 8054 7462 7246 7488 7293 7448 8005 7680 7377 7800 7662 7879 7824 7448 7521 8011 7087 7588 7138 7556 7368 7665 7920 8117 7842 7398 7738 7661 7293 7510 7364 7330 7479 8089 7969 7123 7074 7289 7417 7558 7176 7399 7805 7403 7372 7899 7586 7848 7594 7607 7380 7835 8109 7525 7921 7692 7438 8064 7365 6736 7969 7765 7509 7910 7527 6663 7301 7424 7402 8005 7377 7740 7617 7570 7839 7466 7648 7966 7276 7533 7785 7387 7216 7224 7734 7125 7833 8057 8039 7376 7510 7490 7153 7788 7574 7679 7683 7646 7236 7410 7211 7431 7963 7666 7487 7685 7591 7865 7630 7579 7931 7310 8017 8011 7487 7800 
8365 7979 8297 8400 8523 7992 8417 8339 8484 8227 8198 8940 8316 8163 8286 8392 8050 8421 8911 8328 8099 8173 8263 8111 8255 8388 8925 7851 8276 8500 7673 8435 7887 8533 8008 8173 8349 8484 8484 8309 7698 7867 7822 7859 8091 8057 8863 8312 7974 8256 8625 8675 8530 8809 7972 8213 8327 8357 8493 8427 7964 8004 7865 8499 7730 8354 8523 8178 8123 8470 8437 7694 7947 8548 8170 8762 7846 8357 8035 8082 8393 8844 8199 8733 8840 8243 8689 8678 8648 8278 8599 8271 8317 8399 8035 8566 8268 8616 8149 8381 8413 8715 8368 8259 7852 8136 7960 8720 8676 8894 8257 8029 8423 8243 8333 8107 8102 8447 8511 8357 8716 8455 8085 8038 8107 8325 8657 8143 8512 8045 8309 7803 7909 8462 8807 8456 8731 8088 8611 7924 8733 8813 8370 7846 8647 7822 8330 8461 8229 8451 8187 8548 8539 8553 8438 8160 8585 7994 7762 8178 8261 8278 8346 8863 7919 7856 8371 8093 8260 8836 8952 8424 8439 8236 8332 8327 8814 8926 8046 8247 8766 8498 8162 7803 8439 7592 8406 8400 7890 8029 8474 8579 8306 8203 7976 8034 8971 8570 8336 7957 8457 7994 8302 8871 8171 8103 8257 8690 8261 8240 8137 7605 7902 8155 7642 8437 8491 8264 8094 8303 8548 8413 8508 9211 8076 8064 8215 8666 7984 8162 8390 8037 8233 8219 8337 7920 8583 8590 8515 8448 8316 8076 8048 7972 8339 8211 8476 8055 7851 8260 8434 8846 8484 7929 8493 8497 8289 8558 8347 8247 7844 8239 9034 8734 8141 8164 8394 8477 8005 7791 7886 7545 8341 8237 7990 8443 8210 8192 8980 8114 8329 8478 7962 8326 8534 8128 8168 8437 8173 8147 8648 8289 8367 8483 7961 8122 8297 8074 7989 8609 7801 8498 7850 8167 8165 7794 8754 8858 8801 7956 8273 8146 8350 8339 8208 8067 8198 8646 8692 7970 8069 8167 8000 8353 7951 8029 8603 7897 7950 8518 8215 8849 8393 8102 8203 8677 8708 8103 8549 8571 8392 8601 7994 7401 8493 8490 8852 8490 7869 7652 7864 8149 8236 8474 7835 8659 8354 8357 8480 8139 8092 8912 7887 8202 8184 8037 8086 7926 8505 8093 8736 8573 8503 8356 8673 8335 8461 8340 8135 8256 8309 8230 8006 8073 7828 8436 8852 8471 8031 8326 8277 8461 8202 8201 8777 8064 8976 8719 8020 8376 
7831 7178 8223 7972 8213 7571 7590 7850 7833 7881 7834 8437 7973 7931 7990 7691 7948 7950 8312 7637 8082 7878 8094 7611 7605 7670 8158 7548 8144 8160 7107 7863 7829 8139 7995 8085 8274 8177 8177 8075 7254 7441 7500 7644 7633 7586 8199 7900 7259 7979 8240 8309 7623 8238 7702 7917 7748 8157 8085 8175 7942 7604 7608 7982 7285 7942 8496 8076 7656 8213 7961 8036 7825 7921 8270 7969 7303 8013 7596 7694 7847 8509 7877 7955 8489 7862 8109 7748 8273 8016 8019 7993 7715 7861 7871 7753 7955 8143 7394 7994 8199 8202 8106 8022 7523 7689 7728 8074 8261 8243 7879 8084 7694 8095 7803 7842 7870 7773 8118 7907 8157 7806 7612 7409 7789 7840 8320 7804 8058 7901 8141 7439 7434 8368 8262 7775 7993 8033 8170 7843 8629 8318 8042 7815 8190 7441 8080 8021 7455 7967 7819 8117 7892 8529 8133 7711 8150 7680 7810 7721 7763 8108 8492 8024 7292 7160 8237 7668 7872 8094 8619 7749 8364 7667 7964 8284 8256 8060 7573 7913 7872 7885 7483 7334 8051 7426 8092 7977 7596 7470 7746 8382 7737 7847 7752 7477 8413 8098 8026 7949 7940 7738 7678 8658 7815 7908 7478 8165 7777 7714 7774 7809 7582 8295 7351 8036 8236 7966 7585 7916 8239 7830 7861 8314 7857 7404 8095 8355 7616 7910 7963 7669 7655 7620 7910 7638 8108 8153 8189 8306 7970 7704 7673 7457 7941 7973 8042 7520 7782 7709 7564 8630 8057 7756 7978 8111 7875 7535 7823 7522 7485 8136 8441 8157 7552 7769 7882 8030 7708 7251 6954 7295 8140 7992 7539 8362 8189 7581 8345 7900 8026 7898 7306 7864 7893 7564 8223 7961 7828 7955 8319 7747 7988 7733 7472 7629 7509 7767 8056 8444 7596 7725 7732 7814 7878 7839 7875 8326 8313 8174 7549 8071 7873 7987 8016 7831 7445 8066 8096 7631 7961 7964 7617 8253 7498 7633 8207 7453 7934 7720 7998 8236 7891 7644 7657 8354 8186 7709 8307 7920 8066 8200 7689 7489 8064 8186 7864 8076 7610 7565 7646 8006 7811 8030 7556 8179 7925 7821 8019 7798 8119 8267 8311 8175 8163 7786 7464 7714 7761 7754 8317 8430 8389 7782 8230 7731 7608 7902 7773 7918 7970 7923 7936 7058 7364 7734 8288 7516 7934 7997 7950 7796 7761 8233 8351 7717 8460 8520 7660 7965 
8081 7735 8063 8059 8167 7797 7810 8500 7786 7799 8030 8299 7935 7914 8092 8029 7812 8124 8434 8092 7668 7950 7778 7859 7919 8108 7986 7563 8192 8208 7933 8031 7977 8208 7708 7922 8234 8143 8419 8275 7093 7746 7560 7769 7918 7565 8241 8140 7444 8124 8120 8209 7984 8290 8127 7816 8036 7923 8096 8018 8054 7798 7602 7895 7220 8064 8479 8144 8373 8248 7954 7664 7599 7885 8271 8156 7574 8367 7728 8140 8265 8165 8107 8369 8338 8059 7916 8372 8593 8298 8143 7990 7694 8179 7918 7777 8139 8079 7579 8045 8150 8372 8484 7908 7688 7727 7479 8041 8317 8120 7930 7770 7938 7813 8112 7871 7658 7793 8166 7795 7932 7937 7711 8006 7715 7610 8537 7813 8335 7700 8296 7744 7817 8242 8698 7846 8247 7774 8381 7586 8171 8262 8056 7903 8310 7610 7951 8205 7231 8037 8203 8115 8576 8267 8213 8297 8206 7652 7599 8099 7727 8180 8401 8227 7523 7770 8267 7698 8144 8199 8854 7827 8036 8047 8148 8493 8046 8636 7687 7991 8622 7835 7604 7570 8411 7497 8133 8018 7709 7423 8163 8104 7937 7787 6953 7945 8281 8295 8330 7947 7884 7625 8106 8375 7991 7713 7727 8340 7856 8113 7753 7579 7937 8035 7703 7850 8208 8348 7588 8017 8304 7975 7934 8519 8112 7652 7964 8078 7891 8308 7854 7566 7879 7600 7933 7583 8661 8442 8141 8250 8023 8246 7822 7560 7840 8251 8236 7675 7440 8005 8027 8529 7751 7498 8156 8398 7630 8098 7920 7511 7526 8049 8663 8249 7690 8003 7917 7902 7695 7466 7327 7423 7867 7724 7353 8141 8015 7812 8337 7813 8204 8314 7621 7908 8294 7822 8081 7893 7830 8059 8231 7888 8203 8058 7708 7814 8439 7945 7437 8498 7782 8119 7977 8287 7813 7873 8251 8244 8501 7706 7843 8221 7734 8053 7788 7786 7414 8302 7986 8254 7725 7807 7891 8339 7879 7973 8288 7780 7691 7839 7878 8347 7981 7900 7917 8277 8506 7908 8452 8192 8285 8415 7942 7524 8323 8270 7890 8277 7630 7399 7859 7903 7925 7933 7962 8220 7977 7852 8597 7854 7709 8690 7849 7982 8151 7584 7708 7726 8151 7466 8663 8319 8207 7620 8123 8075 7696 8173 7917 8132 8032 7767 7588 7635 7384 7952 8108 7616 7860 7902 8128 8165 7723 7950 8387 7523 8370 8458 7952 8054 
7655 7779 8206 8338 8121 7766 7676 8195 7978 7748 7695 8217 8283 7651 8058 7672 7932 7947 8237 8035 8117 7840 7865 7554 8008 8007 8231 7443 7814 8069 7254 8135 7800 7932 8071 7872 7952 8000 8099 8223 7210 7831 7757 7287 8146 7816 8201 7831 7591 7731 7908 8092 7758 8300 7415 7810 7773 7893 8228 8017 8049 7758 7673 8208 7274 7914 8118 7694 7903 8340 7482 7659 7601 7811 8157 8114 7609 7946 7717 7878 8089 8354 8000 8280 8419 7814 7991 7951 8118 8220 8310 7808 7895 7966 8009 7860 7675 8032 7441 7999 7972 7800 8579 7486 7618 7711 7567 7902 8277 7769 7972 7302 7870 7745 7940 7774 7730 7912 7861 7858 8048 7795 7638 7508 7825 7850 8319 7755 7881 7797 7731 7765 7531 8254 8243 8118 8095 7760 8497 7539 8078 8199 7955 7493 8229 7407 8197 8095 7820 7879 8020 8101 8176 8282 7886 7878 8093 7903 7459 7653 7728 7827 8142 7885 7441 7219 8258 7933 8036 7686 8840 8061 7779 7690 7757 8239 8164 8608 7231 7786 7798 8027 7803 7154 7885 7539 7405 7769 7610 7384 7900 7735 7641 7677 7251 7338 8508 8125 7904 7676 7798 7629 7934 8223 8161 7986 7626 8344 7847 7595 7757 7726 7876 7727 7491 7653 7921 7737 7664 8138 8192 7658 8229 8264 7869 7288 7828 8103 8150 7673 7844 7532 7608 7626 7785 7300 7946 8270 8397 8164 7697 7984 7558 7568 8062 8011 8444 7719 7466 7823 7777 8208 7741 7575 7968 8074 7777 8120 7530 7757 7461 8016 8577 7770 7574 7550 7837 7972 7273 7088 7198 7037 7877 7647 7480 8164 7727 7776 8631 7895 7717 7852 7784 7874 8307 7912 7567 7573 8104 7954 8228 7776 8334 8126 7673 7793 8264 7748 7756 8032 7501 7805 7620 7984 7512 7369 8218 8612 8105 7840 7390 7631 7556 7566 7719 7724 7471 8063 8041 7678 7373 7841 7480 7847 7701 7543 7934 7539 7665 7715 7619 8091 7892 7899 7621 8123 8335 8022 8363 7970 7991 8510 7550 7248 7864 8100 7896 8108 7546 7209 7684 7834 7970 8300 7644 8205 7937 7856 8127 7807 8096 8275 7861 7782 7875 7897 7250 7480 7940 8055 8109 8004 8099 7695 7917 7546 7732 7786 7796 7908 7930 7589 7367 7591 7164 7720 8130 7833 7702 7694 7863 8005 7935 7593 8042 7363 8306 8130 7645 8105 
7991 7720 8330 8387 8413 7971 7945 8370 7934 8176 7873 8720 8142 8129 8401 8432 8150 8091 8608 8475 7851 8130 8028 7907 8087 8675 8602 7667 8168 8186 7630 8023 8288 7997 8174 8198 8241 8393 8479 8299 7586 8051 7729 7892 8121 7938 8743 8101 7938 7906 8329 8542 8343 8770 8036 8399 8194 7739 8615 8198 8111 8107 7881 8620 7630 8364 8711 8076 7973 8152 8279 7807 8294 8440 8684 9045 7709 8378 7857 8489 8181 8501 8533 8654 8733 8139 8348 7980 8532 8444 8321 7763 8204 8222 8146 8402 8290 8581 7906 7955 8269 8653 8276 7901 8056 8413 7897 8379 8517 8509 8015 7839 8174 8283 8279 8050 7953 8277 8180 7919 8659 8333 7933 7456 8199 7994 8785 8297 8516 7921 8318 8082 7783 8648 8570 8147 8351 7922 8571 7879 8619 8430 8260 7735 8516 7913 8095 8207 8124 8064 8273 8682 8559 8229 8126 8400 8748 7786 7790 8283 8024 8010 8045 8548 7913 7845 8477 7878 7674 8721 8997 8210 7975 7754 8225 8405 8602 8642 7777 8255 8737 8146 7855 7920 8355 7873 8063 8167 8181 8110 8395 8318 8108 7811 7789 7781 8719 8352 8414 8067 8152 7505 8202 8727 8392 8180 7771 8855 8480 8231 7790 7584 8186 8383 7804 8407 8281 8144 7993 8149 8496 8106 8597 8505 8125 7807 7989 8759 8038 8180 8224 8095 8178 8016 8488 8041 8840 8748 8577 8371 8125 8161 7478 7756 8303 8608 8466 8066 8029 8192 8441 8789 8314 7931 8457 8606 8365 8147 8029 8224 7764 8338 8962 8490 7924 7998 8283 8321 7828 7619 7715 7601 7930 8037 7660 8318 7998 8043 8405 8032 8233 8367 7786 8096 8483 8032 8164 8328 8023 8064 8705 8415 8420 8288 7908 8127 8046 7638 7913 8432 7976 7892 8109 8176 7955 7550 8820 8752 8629 8330 8033 8161 8024 8166 8155 7788 8009 8303 8519 8205 8057 8162 7939 8154 8159 7859 8208 8014 7901 7880 7868 8785 8130 8034 8434 8510 8645 8337 8787 8652 8577 8653 7883 7597 8465 8221 8068 8383 7753 7560 8128 7908 7933 8198 7986 8624 8082 8084 8685 8251 8262 9044 8009 8677 8405 8396 7701 7855 8472 8090 8473 8476 8213 8002 8306 8461 8188 8607 8096 8240 7951 8096 8026 7908 7816 8276 8744 8499 7912 8048 8395 8422 7824 7654 8653 7876 8686 8520 7943 8122 
8771 8208 8434 8712 8659 8342 8496 8544 8490 8160 8219 8888 8478 8565 8697 8462 8300 8610 8804 8381 8303 8369 8545 8479 8354 8651 8984 8390 8530 8807 8232 8365 8294 8654 8433 8434 8471 8231 8672 8354 7851 8390 8508 8076 8338 8457 9305 8504 7684 8282 9073 8883 8544 9009 8336 8469 8408 8418 8558 8678 8875 8323 8029 8900 8335 8320 8892 8651 8708 8741 8551 8255 7941 8526 8455 8355 7912 8509 8196 8279 8516 9079 8492 8744 9261 8552 8276 8299 8576 8940 8362 8195 8159 8381 8407 8347 8473 8555 8390 8756 8485 8979 8819 8608 8008 8503 8330 8449 8953 8543 8236 7953 8419 8263 8377 8672 8238 8456 8797 8402 8781 8490 8457 8027 8289 8328 9000 8155 8766 8346 8606 8507 7980 9036 8972 8662 8781 8483 8909 8263 8705 8808 8692 8047 8846 8356 8624 8578 8449 8070 8643 8576 8758 9110 8500 8492 8644 8270 7995 8331 8384 8476 8394 8593 8115 8197 8842 8294 8655 8773 9078 8686 8741 8303 8511 8748 8991 8904 8025 8546 8755 8551 8540 7808 8536 7708 8402 8344 8125 8042 8845 8440 8192 8029 7939 8157 9030 8592 8635 8357 8299 8265 8436 8996 8692 8575 8096 8906 8274 8083 8120 7933 8269 8391 8159 8449 8637 8424 8398 8155 8975 8388 8424 9046 8522 8001 8496 9209 8494 8334 8454 8201 8212 8120 8494 7830 8679 8606 9058 8321 8349 8416 8525 8125 8302 8656 8782 8166 8084 8680 8510 8967 8572 8172 8316 8825 8217 8555 8359 8449 7794 8497 9065 8777 8202 8568 8509 8676 8114 8066 7899 7676 8370 8121 8050 8570 8434 8418 8913 8273 9147 8916 8401 8504 8772 8197 8388 8266 8360 8754 8558 8476 8559 8384 7787 8219 8566 8231 8309 8915 8561 8471 8196 8557 8162 8135 9070 8923 9043 8211 8219 8545 7933 8461 8349 8133 8558 9160 8416 8186 8014 8443 8051 8585 8312 8155 8376 7863 8349 8644 8323 8683 8517 8677 8242 8830 9016 8500 8897 8591 8641 8666 8631 7993 8764 8563 8387 8855 8193 7556 8075 8330 8415 8667 7910 8762 8467 8408 8814 8675 8616 8950 8399 8430 8351 8265 8085 7955 8859 8352 8781 8935 9014 8195 8569 8220 8317 8618 8455 8391 8663 8367 8250 8128 8113 8206 8483 8338 8314 8401 8027 8508 8466 8106 8909 8267 8865 8965 8252 8465 
8011 7616 8609 8660 8369 8034 7933 8333 7983 8102 8007 8347 8094 8361 8076 8082 7827 8382 8423 8217 8053 8287 8318 8002 8263 8081 8412 7877 8206 8615 7319 7785 8216 8165 8341 8179 8157 8148 8541 8438 7179 7882 8051 7875 8265 8050 8812 8106 7894 8502 8748 8375 8233 8489 8108 8244 8553 8080 8301 8310 8345 8006 7604 8395 7370 8237 8288 8319 8232 8760 8117 8108 8157 8095 8482 8703 7809 8458 7896 8063 8542 8633 8435 8225 8916 8381 8506 8154 8603 8730 8101 8172 7830 8351 8044 8316 8166 8490 7989 8424 8458 8451 8328 8198 8181 7996 8001 8180 8713 8601 8322 8088 8233 8115 7783 8192 8097 8132 8358 8288 8666 8336 7747 8056 7913 8366 9050 8280 7889 7778 8353 7884 7672 8331 8802 8007 8475 8212 8551 8104 8294 8443 8553 7925 8521 7820 8142 8088 7667 7788 7935 8206 8564 8607 8618 8185 8302 7964 7815 8074 8083 8140 8448 8294 7840 7926 8117 8164 7898 8360 8683 8328 8553 7948 8033 8299 8393 8702 7564 8099 8511 8240 7873 8045 8154 7882 8166 8312 7808 7952 8543 8225 8144 7986 7935 7708 8848 8407 8319 7977 8122 7894 8080 8590 8564 8022 7937 8690 7947 8138 7732 7945 8028 8786 7778 8348 8286 8356 8095 8284 8556 7713 8171 8559 8070 8160 8066 8887 8061 8372 7932 8121 8006 7805 8461 7872 8173 8186 8536 8540 8206 8258 8024 7806 8241 8283 8287 7861 7907 8407 8419 8808 8289 7975 8194 8251 8079 8297 8035 8049 7762 7920 8710 8399 7796 8137 8358 8239 7954 7908 7700 7684 7945 8167 7923 8437 8056 8016 8617 7978 8408 8475 7864 8032 8254 7985 8068 8276 8075 8290 8582 8186 8635 7994 7810 8101 8075 8133 7867 8377 8026 8257 7965 8132 7840 7711 8220 8534 8937 8334 8100 8257 8041 7956 7968 7939 8073 8130 8324 7771 7707 8311 7836 8473 7891 8331 8432 8116 8305 8364 7738 8350 8005 8003 8446 8514 8685 7727 8446 8582 8310 8897 8028 7547 8336 8625 8285 8443 7484 7772 8023 7897 8136 8265 7762 8416 8185 8054 8592 8071 8069 8777 8146 8590 8338 8335 7693 7837 8272 8138 8601 8241 8744 8232 8228 7989 7899 8124 8089 8068 8464 7807 7963 7778 7764 8140 8625 7958 7853 8100 8181 8712 7846 8088 8990 8134 8765 8763 8229 8224 
8120 7464 7847 8108 8504 7479 7953 8219 7791 7596 7648 8085 7988 7925 8027 7651 7726 8106 8333 7790 7968 8034 7862 7660 8113 8192 8156 7597 7772 8182 7469 7917 7781 8073 7952 7895 7611 8206 8143 8127 7202 7570 7387 7511 7883 7860 8438 7845 7610 7668 8174 8436 7863 7945 7535 7816 8043 8220 7931 7893 7772 7471 7433 7855 7170 7790 8349 7827 7597 8202 7787 7917 7630 7684 8071 8178 7632 7845 7521 7668 7831 8405 8247 8344 8238 7852 8132 7791 8052 8061 7905 7515 7565 8155 7769 8256 7811 8507 7566 7766 8085 8230 7735 7568 7152 8036 7692 7880 8243 8278 7686 7685 8330 8024 8163 7596 7888 7784 8107 7934 8339 7846 7722 7616 7738 7839 8612 7763 8008 7782 7880 7543 7737 8350 8517 7902 7912 7614 7980 7618 8213 8261 7955 7650 8072 7294 7618 8032 7613 7677 7971 8300 8099 8064 7914 8113 8022 7534 7446 7665 7899 7903 8120 8325 7426 7509 8167 7857 8078 7840 8566 8299 7746 8063 7725 8360 8071 8447 7797 8003 8156 8254 7916 7433 8104 7355 8256 8119 7533 7628 7642 7959 7756 7598 7528 7612 8488 7723 7971 7937 7654 7243 7795 8190 8009 7514 7842 8582 8049 8109 7511 7447 7881 7819 7418 8010 8075 7614 7440 8095 8357 7871 8005 8731 7869 7608 7793 8028 7680 7760 7852 7192 7621 7472 7829 7559 8151 8316 8161 8176 7749 7856 7606 7600 8010 8019 8372 7503 7627 7977 7981 8129 7849 7621 8014 8023 7902 7712 7902 7622 7321 8106 8455 8042 7825 7917 8184 8133 7548 7456 7425 7053 7961 7868 7798 8184 8171 7926 8325 7682 7949 8132 7626 7832 8138 7671 7821 7962 7808 8085 8316 8012 8022 7974 7491 7463 8026 7751 7666 8099 7262 7762 7632 8058 7909 7428 8156 8415 8427 7597 7857 7840 7869 7742 7620 7678 7786 7983 7924 8080 7282 7807 7312 8049 8029 7808 7936 7801 7865 7800 7557 8114 7826 7685 8095 8053 8226 7766 8096 7734 8144 8657 7789 7255 8048 7812 8296 8326 7613 7402 7596 7691 7884 8132 7836 7835 7996 7984 8228 7529 8095 8104 7957 7902 7824 7618 7465 7886 8202 7677 8279 8088 8176 7545 7693 7964 7609 8119 7765 7957 8095 7675 7589 7515 7406 7766 8365 7589 7638 8228 8062 8053 7633 7494 8473 7724 8383 8569 7577 7775 
8410 8069 8553 8966 8841 8431 8328 8650 8457 8323 7979 8886 8391 8638 8570 8511 8278 8901 9042 8459 8452 8378 8632 8315 8491 8382 8706 8199 8476 8604 7802 8195 8098 8295 8204 8388 8579 8387 9092 8869 7649 8227 7946 8038 8653 8677 8940 8457 7803 8364 8883 8826 8270 9003 8526 8304 8474 8433 8602 8777 8431 8293 8136 8658 7914 8554 8873 8405 7987 8664 8539 8316 8028 8535 8825 8854 8299 8501 8079 8553 8514 9046 8422 8501 9196 8340 8741 8312 8803 8750 9062 8372 8192 8348 8606 8525 8461 9262 8083 8812 8937 9015 8881 8273 7970 8727 8164 8530 8822 8538 8513 8165 8910 8523 8587 8120 8464 8258 8480 8276 8733 8748 8283 7873 8576 8309 8850 8586 8481 8385 8697 8100 8286 8742 9354 8685 8644 8304 8645 8284 8884 9233 8701 8266 8830 8009 8491 8621 8436 8284 8413 8478 8731 8761 8641 8150 8551 8266 8292 8644 8488 8659 8915 9006 8118 8022 8610 8297 8409 8699 9160 8323 8516 8386 8547 8723 8729 9304 7939 8660 8809 8079 8240 8207 8654 7793 8477 8486 8595 8131 8430 8912 8361 8170 8029 8112 8950 8620 8807 8593 8559 8133 8677 8920 8729 8350 8387 9115 8370 8481 8085 7874 8141 8506 7953 8672 8600 8385 8163 8249 8924 8310 8612 9068 8601 8215 8430 9169 8395 8744 8482 7866 8326 7994 8598 7951 8671 8551 8623 8722 8506 8485 8217 7969 8272 8524 8809 8097 8276 8371 8515 9218 8780 8222 8723 8627 8632 8621 8234 8085 8073 8650 8995 8650 8308 8405 8687 8619 8172 7848 7833 7814 8601 8361 8142 8261 8254 8333 8901 8616 8675 8868 7998 8488 8590 8624 8634 8593 8503 8567 8965 8331 8380 8514 7883 8325 8609 8480 8070 8614 8171 8323 8354 8674 8078 8123 8954 8956 8933 8594 8261 8342 8665 8456 8499 8073 8196 8821 8570 8525 8097 8720 8339 8788 8468 8237 8458 8058 8247 8544 8194 8893 8345 8471 8728 8574 9208 8191 8735 8597 8789 8902 8175 7932 8544 8493 8412 8798 8185 7878 8515 8398 8432 8798 8376 8775 8381 8510 9289 8251 8446 8980 8392 8833 8449 8071 7788 8271 8379 8327 8826 8849 8621 8575 8478 8565 8228 8695 8476 8210 8498 8782 8114 8282 8088 8210 8877 8269 8122 8752 7850 8607 8366 8480 8820 7969 8880 8844 8170 8170 
8279 7794 8252 8491 8546 8072 8233 8287 8204 8062 8131 8366 8015 8281 8346 8011 8014 8364 8656 8050 8069 8038 8122 7958 8083 8035 8366 7633 8323 8349 7810 8100 7922 8101 7810 7986 8393 8316 8281 7926 7492 7645 7719 7691 8170 8105 8462 8378 7794 8172 8541 8287 8304 8463 8288 8408 8271 8129 8074 8543 7980 7586 7590 8388 7626 8166 8640 7941 8062 8342 8242 8317 7684 8077 8346 8291 7343 8219 7744 8239 8369 8556 8335 8357 8576 8242 8195 8100 8547 8422 8374 8197 7717 8318 8140 8443 8269 8753 7906 8152 8378 8546 8338 8178 7818 8069 7881 8205 8391 8068 8147 7974 8191 8065 8192 8156 7995 7864 8467 8026 8511 7998 8094 7660 8175 8162 8849 8070 8392 7910 8167 7901 7813 8648 9042 8173 8059 7956 8371 7999 8703 8672 7958 8005 8368 7602 8272 8225 7548 7940 8235 8146 8201 8455 8472 8106 8365 7905 7805 7936 8179 8118 8490 8381 7606 7658 8461 8002 8329 8251 9174 8354 8277 8117 7956 8421 8356 8930 7616 8234 8258 8095 7839 7415 8411 7768 7925 8272 7691 7948 8389 8350 8155 8040 7741 8228 8732 8178 8387 7943 8176 7925 8111 8670 8312 7925 7698 8482 8138 8222 7750 7855 8061 7967 7518 8381 8238 8531 7926 7884 8327 7878 8435 8567 8172 7889 8360 8762 7998 8207 8438 8127 8057 7749 8367 7650 8433 8315 8375 8205 8437 8222 7944 7500 8240 8479 8618 8116 7974 8007 8232 8885 8199 7868 8194 8371 8380 8307 8154 7811 7788 8112 8797 8241 7704 8238 8195 8443 7927 7720 7676 7279 7950 8263 8014 8235 8223 7956 8392 8146 8640 8045 8043 8142 8325 7867 8195 8079 8026 8415 8357 7878 8055 8210 7575 8064 8312 8001 7996 8400 7906 8153 8220 8319 8227 7732 8587 8637 8610 8182 8014 8192 8017 7913 8199 8203 7998 8263 8060 7876 7878 8062 8092 8630 7973 8147 8489 8057 7898 8336 7741 8428 7951 7866 8279 8603 8596 7801 8733 7877 8436 8584 7932 7533 8387 8279 8079 8632 8083 7715 7685 7884 8110 8578 8230 8408 8157 7988 8427 8179 7971 8848 7928 7865 7926 7811 7505 7886 8605 8076 8485 8534 8448 7851 8412 7988 7742 8408 8115 8277 8260 8025 7966 7672 7494 7601 8685 8051 8055 8121 8019 8550 8015 8236 8570 7975 8706 8242 8152 8198 
8385 7880 8078 8579 8338 7772 8139 8398 8345 7902 8204 8290 8197 8302 8284 8418 8150 8543 8557 8481 8270 8060 8255 7907 8239 8405 8951 7874 7920 8414 7658 7860 8073 8640 8510 8195 8273 8154 8709 8180 7160 8255 8020 8077 8102 8289 8715 8049 7816 7552 8380 8647 8079 9031 7872 8099 8401 7798 8278 8430 8232 8157 7880 8132 7681 8247 8529 8413 8043 8391 8221 8096 7864 8132 8237 8471 7767 7889 7616 8043 8473 8835 8496 8065 8798 8296 8268 7945 8283 8402 7911 7585 7994 8220 7976 8264 8212 8382 7920 8479 8305 8742 8331 8243 8067 7924 8081 8352 8746 8777 8114 7976 8087 8152 8178 8104 7951 8037 8504 8093 8286 8269 7577 7930 7856 8000 8937 8223 8351 8170 8317 8021 7867 8313 8686 8083 8153 8086 8509 7983 8462 8773 8177 7876 8479 7960 8106 8199 7633 7880 8394 8623 8509 8274 8135 8353 8332 8039 7706 8320 7894 7801 8137 8422 7625 7985 8310 7952 8152 8604 8813 8215 8523 8128 8229 8653 8533 8763 7593 8337 8624 8007 7807 7943 8214 7605 8014 8487 7985 7860 8327 8310 8139 7807 7829 8127 8623 8188 8246 8101 8202 8002 7769 8513 8487 7800 8380 8681 8108 8138 8241 7942 8128 8077 7599 7911 8452 8162 8127 8274 8771 8299 8167 8642 8204 7878 8231 8682 8004 8169 8217 7933 7773 7968 8254 7500 8306 8273 8614 8511 8344 7992 7934 8014 8206 8388 8312 7804 7960 8184 8315 8729 8453 7741 8448 8583 8025 8325 8059 8135 7540 8432 8569 8191 7782 8120 8581 8495 7991 7553 7453 7645 8125 8005 7742 8340 7938 7838 8542 8128 8274 8601 7799 7871 8284 8439 8192 8136 8469 8221 8735 8087 8522 7912 7975 7990 8137 8227 7518 8504 7706 7976 8095 8143 7946 7739 8512 8609 8581 7972 7906 8290 7735 7975 8019 7907 7844 8344 8185 7983 7845 8079 7744 8167 7800 7997 8274 8036 8114 8016 7709 8535 8108 7949 8085 8359 8646 8052 8586 8482 8180 8577 8080 7572 8499 8295 7914 8470 7799 7523 7791 7933 8173 8194 7895 8424 8097 7917 8608 8305 8081 8889 7821 8296 8186 7778 7503 7796 8282 7963 8487 8516 8660 7987 8451 8464 7878 8374 8674 8251 8298 7909 8008 7493 7432 8018 8747 7957 8013 7844 7984 8282 7956 8595 8321 8298 9051 9044 8201 8389 
8184 8109 8226 8428 8636 8194 8429 8304 8019 7820 8113 8569 8084 8329 8455 8299 8180 8015 8644 8089 8258 8259 8240 7609 8045 8407 8546 7845 8042 8511 7887 8548 7880 8480 8239 7754 8158 8064 8042 8348 7415 8117 7882 7732 8067 7880 8665 8421 7765 8185 8666 8539 7997 8460 8039 8261 8384 8246 8256 8220 8424 7882 7531 8445 7710 8291 8898 8027 8184 8444 8057 7866 7944 8268 8333 8454 7718 7894 7971 8290 8463 8778 8532 8276 8921 8336 7750 8453 8366 8715 8417 8079 8153 8198 8224 7948 8379 8555 8023 8039 8402 8294 8367 7771 7892 8228 8054 8354 8477 8884 8066 8036 8343 8282 8287 8097 8074 8103 8280 7941 8079 8386 8076 7841 7718 8035 8504 7863 8257 8442 8255 8062 8097 8541 8557 8121 8176 8123 8573 7869 8598 8811 8477 8025 8175 7894 7897 8252 7492 8010 8263 8416 8533 8589 8308 8161 8557 7860 7848 7832 8258 7899 8141 8601 7710 8071 8214 8138 8440 8460 8844 8049 8381 8149 8157 8516 8723 8794 8012 8299 8372 8433 8126 7499 8151 7292 8162 8489 7944 7691 8233 8405 8068 7935 7935 8016 8538 8771 8456 8135 8216 8116 8054 8353 8263 8175 8252 8591 8253 8227 8166 8089 8104 8208 7742 8024 8047 8212 7927 8442 8564 7822 8273 8504 8314 7901 8376 8551 8319 8127 8280 7895 8194 7796 8264 7590 8765 8427 8531 8445 8287 7908 8006 7692 8569 8202 8231 8270 7962 8202 8048 8647 8132 7818 8495 8523 8357 8302 8192 8153 7777 8452 8993 8219 7853 8062 7992 8199 8026 7698 7549 7476 8164 8135 7639 8385 8193 8092 8786 8010 8277 8144 7719 8051 8368 8322 8310 8282 7973 8646 8684 8313 8421 8025 7739 7942 8168 8072 7874 8058 7751 8086 8157 8609 7854 7949 8501 8804 8647 8032 7998 8278 7645 8178 8007 7573 8042 8261 8350 8190 7905 8251 7631 8277 7557 8030 8412 8111 8003 8115 7932 8360 8166 8244 8475 8524 8555 8369 8393 8486 8658 8519 7921 7598 8403 8463 8237 8625 7888 7661 7764 7936 8503 8529 8297 8654 8350 8368 8577 8234 8295 8723 8163 8138 8620 7879 7624 8017 8481 8071 8928 8439 8574 8497 8239 8425 8068 8367 8254 8440 8355 8310 7823 8119 7874 8169 8393 8000 8170 7997 8364 8329 7947 8058 8567 8007 8509 8398 7941 8223 
8444 8184 8509 8958 8843 8175 8259 8639 8390 7944 8178 8561 8377 8677 8542 8355 8484 8539 8859 8496 8298 8351 8597 8270 8507 8356 8577 8275 8251 8498 7893 8138 8196 8559 8343 8293 8290 8371 8410 8660 7474 8110 8051 7737 7955 8201 8615 8208 7960 8401 8625 8664 7898 9012 8045 8352 8594 8480 8527 8543 8414 7823 7849 8550 7753 8705 8811 8501 8340 8644 8116 8149 7726 8496 8742 8564 7583 8305 7917 8136 8130 8788 8438 8481 8940 8478 8336 8526 8502 8173 8461 8141 8028 8134 8523 8124 8618 8827 7813 8221 8844 8637 8587 8066 8017 8368 8024 8579 8757 8235 8402 7899 8381 8359 8054 8435 8413 8285 8203 8193 8353 8552 8141 8207 8346 8107 8790 8116 8451 8407 8312 7875 7945 9084 8971 8370 8520 8153 8599 8369 8562 9092 8658 7986 8485 8181 8851 8340 7926 7999 8374 8492 8537 8742 8574 8275 8573 8121 7791 8267 8543 7957 8345 8440 7742 7828 8403 7934 8541 8439 9007 8527 8044 8319 8415 8474 8888 9178 7950 8262 8429 8203 7944 7688 8512 7921 8292 8630 8060 7875 8584 8463 8268 7981 7838 8093 8663 8601 8431 8188 8211 7848 8367 8948 8348 8132 8204 9053 7639 8140 8015 7815 8526 8256 7973 8449 8168 8099 8383 8110 9140 8089 8337 8751 8312 8100 8327 8945 8171 8223 8133 8032 8352 7709 8156 7908 8642 8532 8858 8603 8351 8100 8311 7576 8306 8176 8661 8196 8366 8162 8346 8736 8509 8046 8466 8475 8216 8381 8163 8227 7798 8351 8976 8373 8170 8245 8570 8329 8017 7750 7567 7352 8242 7862 8069 8584 8151 8208 8844 8085 8355 8702 8229 8265 8738 8166 8299 7925 8152 8271 8847 8125 8397 8508 7728 8009 8772 8332 8004 8317 8116 8352 8382 8650 8231 8011 8937 8966 8854 8299 8184 8371 8329 8069 8016 8047 8303 8355 8540 8058 8163 8418 8179 8374 8173 8246 8598 8231 7973 8484 8140 8420 8577 8081 8636 8208 8843 8157 8334 8350 8599 8909 8095 7670 8378 8488 8108 9058 7972 7672 8125 8334 8296 8376 7926 8464 8403 8272 8830 8318 8398 8896 8165 8403 8372 8366 7919 8101 8850 8352 8741 8982 8835 8009 8917 8234 7796 8479 8132 8340 8304 8284 7828 7993 7841 8095 8652 8164 8138 8547 8105 8439 8168 8311 8621 8020 8689 8599 8089 8378 
8180 8151 8221 8561 8432 8183 8063 8379 8222 8095 7912 8627 8129 8302 8179 8113 8429 8425 8536 8481 8263 8319 8418 7901 8348 8465 8772 7953 8316 8416 7689 8431 8073 8243 8312 8393 8117 7974 8272 8194 7723 8453 7691 7557 7834 8576 9081 8155 7615 8006 8664 8459 8222 8711 8100 8184 8474 8313 8136 8776 8282 7905 8041 8619 7761 8251 8697 8462 8185 8583 8173 7860 7919 8368 8430 8603 7886 8172 8181 7940 8311 8910 8244 8375 8724 8132 8391 8452 8330 8233 8329 8127 8130 8260 8312 8261 8069 8332 7874 8093 8457 8516 8462 8022 7895 8463 7852 8130 8788 8714 8376 7621 8329 8241 8506 8169 8098 8051 8365 8029 8610 8352 7805 8147 8109 8118 9301 7999 8298 8202 8435 7931 7844 8591 8839 8578 8522 7994 8549 7700 8779 8703 8582 7785 8312 7903 8436 8271 8026 8375 8113 8711 8420 8323 8211 8342 8420 8085 7974 8269 8186 8048 8834 8793 7721 7817 8385 7965 8172 8497 9103 8171 8172 8121 8337 8463 8684 8748 7909 8338 8738 8176 7961 7939 8755 7415 8654 8364 8053 7867 8440 8666 8330 7966 7788 7732 8691 8354 8520 7974 8376 8010 8011 8769 8435 7800 7916 8720 7956 8132 7998 8022 8076 8148 7898 8210 8597 8209 7926 7964 8801 8316 8334 8463 8230 7773 8202 8887 8130 8387 8160 7807 7978 8202 8244 7715 8268 8607 8510 7870 7889 8454 8003 7863 8241 8301 8553 8204 7856 7963 8573 8651 8230 7710 8302 8597 8020 8224 7973 7747 7817 8334 8907 8185 7913 8289 8375 8462 8119 7618 7375 7582 8276 7910 7785 8455 8236 8331 8942 8253 8075 8387 7867 8421 8534 8056 8163 8052 8313 8160 8504 8322 8550 8451 8009 8187 8454 8193 7913 8131 7682 8201 7956 8157 8210 7694 8637 8426 8648 8279 7846 8102 8191 8294 7748 7762 8095 8444 8445 7890 7852 8564 7925 8263 7845 7921 8417 8205 7954 8374 8080 8830 8311 8249 7996 8316 8791 8169 8953 8281 8415 8803 8106 7451 8329 7943 8212 8323 7935 7607 8043 8145 8108 8610 8185 8591 8450 8394 8655 7829 8165 8822 8067 8376 8406 8012 7803 7851 8560 8097 8488 8916 8800 8314 8495 8065 7892 8231 8606 8162 8404 8395 7325 7713 7947 8106 8493 7942 8292 8426 8062 8339 7928 8277 8506 8225 8683 8688 7781 8123 
8238 7654 8347 8315 8112 7523 8034 8340 7989 7921 8116 8237 8105 8189 8108 7973 8026 8192 8560 8131 7949 7921 7997 7746 8229 8116 8474 7706 8313 8302 7528 8022 7953 8077 8118 8083 7910 7868 8396 7964 7184 7843 7759 7600 8060 7877 8640 7940 7593 8087 8433 8473 8088 8560 8178 8133 8253 7997 8155 8465 7904 7837 7535 8073 7402 8028 8406 8057 8131 7958 8222 8101 8052 8013 8375 8146 7472 8052 7860 8035 8227 8692 7622 8234 8515 8047 8153 8294 8297 8550 8187 7780 7583 8206 8082 8112 8116 8508 7700 8064 8188 8674 8501 7926 7638 7814 7956 7955 8542 8301 7973 8082 8286 7802 7997 8198 7808 7887 7899 8030 7921 8153 7713 7877 7764 8097 8541 7795 8183 7889 7904 7710 8001 8214 8703 7957 8260 8119 8331 7509 8153 8616 8338 7978 8550 7731 8019 8372 7641 8107 8151 8469 8451 8191 8024 8070 8204 8035 7612 8116 8003 7925 8407 8550 7672 7729 8059 8200 8020 8227 8402 8225 7987 7796 8076 8177 8061 8922 7664 8124 8436 7771 8073 7624 8057 7663 8169 8202 7932 7578 8129 8315 7813 7805 7386 7707 8316 8275 8044 7820 8086 7964 8051 8490 8026 7729 7895 8343 7943 7945 7841 7747 7704 7873 7562 8260 8275 8126 7829 7781 8448 7869 8087 8362 7896 7898 7894 8472 8144 8173 7948 7791 8094 7614 8119 7691 8459 8446 8332 8199 8132 7662 7848 7617 8012 8168 8135 7723 7360 7912 7970 8427 8146 7817 8483 8194 8241 8355 7951 7809 7696 7955 8654 8230 8000 8086 8040 8183 7618 7796 7300 7609 8072 7908 7589 8433 8154 7802 8789 7939 8395 8280 7533 7941 8245 8032 8025 7982 7912 8330 8313 7913 8190 8025 7689 8024 8055 8034 7727 8295 7690 7815 7731 8143 7602 7816 8601 8542 8186 8111 7647 7734 7918 7614 8050 7753 7754 8410 8173 7954 7669 8038 7798 8082 7812 7971 8002 7560 7462 8095 7974 8283 7993 7967 7987 8297 8585 7826 8118 7943 8109 8453 8183 7503 8082 8222 8052 8411 7461 7404 7736 7975 7942 8060 7629 8148 8072 8100 8264 7768 7933 8701 7820 8558 8133 7719 7711 7731 8090 7841 8820 8467 8138 7890 8142 8026 7946 7917 7937 8049 8056 8024 7498 7895 7720 8196 8633 7790 7715 8117 8072 8369 8052 8133 8403 7951 8274 8466 7753 8095 
7835 7720 8009 8055 8467 7568 8077 8181 7764 7577 7812 8045 8342 8038 7739 7904 7951 8020 8226 7834 7832 7815 8027 7500 7666 7736 8390 7511 8046 8287 7069 8212 7695 7802 7745 7446 7739 7977 8204 7957 7240 7703 7884 7297 7774 8029 8286 8073 7043 7778 8397 8385 7790 8362 7701 7907 8251 7789 8040 8277 7735 7442 7583 7993 7588 7942 8571 7702 7954 8272 8120 7694 7812 7657 8134 8379 7442 7537 7606 7820 7781 8366 7795 7970 8292 7816 7571 7956 7993 8362 8155 7964 7596 7749 7901 8205 7627 8183 7787 8126 8359 8150 7987 7767 7544 7684 7558 8131 7816 8225 7505 8015 8099 7891 7856 7644 7685 7717 7796 7896 8110 7852 7733 7458 7595 7722 8484 7846 7986 7814 7927 7978 7530 8084 8278 7729 8070 7948 8022 7731 8291 8076 8256 7757 8163 7767 7891 7879 7403 7256 7979 8356 7891 7758 7633 7822 8224 7692 7341 7897 7700 7921 7734 8106 7368 7276 8387 7627 7853 7956 8297 8336 7702 7632 7810 8302 8453 8579 7424 8077 8394 7882 7521 7349 7744 7113 7849 7809 7732 7233 7890 8241 7827 7401 7311 7986 8473 7903 7976 7836 7696 7830 8045 8747 8200 7897 7759 8566 7794 7890 7910 7793 7645 8102 7480 7932 8209 7773 7645 7800 8299 7790 7797 8635 7786 7735 7960 7986 7702 8047 7688 7636 7839 7697 8085 7409 8383 8199 8365 7862 7851 7602 7425 7576 8297 7846 7891 7541 7865 8151 7767 8686 7926 7577 8276 8270 7688 7926 7794 7638 7661 8236 8412 8137 7798 7773 7847 8350 7738 7412 7160 7213 8021 8047 7599 8055 8193 7926 8493 7851 7937 8000 7556 7691 8225 7881 7913 7692 7753 8089 8073 7992 8199 7614 7379 7778 7849 8314 7731 8142 7555 7342 7592 8418 7645 7888 8221 8459 8324 7978 7725 7799 8035 7723 7751 7763 7694 7907 7859 7848 7561 7665 7527 8007 7571 7658 7829 7999 7686 8081 7357 7948 7789 7950 7830 8201 8638 7868 7981 7993 8169 8136 7977 7203 8307 7948 7786 8050 7711 7123 7400 7850 8068 8126 7464 8077 7944 7635 8234 8000 7936 8329 7517 7929 8134 7652 7371 7697 8199 7737 8110 8215 8293 7717 7911 8347 7844 8066 7767 7623 8172 8028 7490 7788 7504 7679 8251 7889 7647 7830 7925 7688 7724 7747 7931 7546 8399 7947 7506 7984 
7840 7579 7760 8099 8247 7564 7635 8202 7877 7618 7517 8356 7796 7624 8132 8105 7646 7940 8467 7790 7438 7946 7457 7632 7856 8012 8016 7313 7900 8171 7485 7777 7566 8211 7760 7655 7600 7857 8167 8008 6910 7599 7626 7648 7595 7917 8180 7587 7787 7717 7719 7992 7835 8549 7561 8044 8141 7520 8206 8197 7541 7555 7368 7993 7437 8024 8131 7660 7665 7972 7814 7614 7333 7738 8130 8274 7672 8092 7449 7947 8154 8214 7966 7735 8408 7703 8097 8108 8250 8111 8000 7723 7789 7641 7949 7645 7650 8160 7416 7938 8211 7885 8036 7793 7731 7881 7620 7920 8171 8052 7880 7528 8082 7723 8036 7945 7621 7487 7668 7318 8016 7529 7356 7519 7288 7772 8608 7863 8070 7513 7696 7289 7882 8095 8558 8076 8226 7945 8335 7487 8129 8286 8163 7412 8446 7598 7720 7733 7485 7808 7821 7891 7798 7957 7757 8015 8169 7605 7333 7840 7817 7607 8028 8152 7364 7530 7819 7669 7880 8109 8441 7825 7905 7653 8069 8487 8191 8258 7479 7984 7922 7752 7474 7534 7973 7316 7531 8130 7648 7521 7890 7743 7641 7455 7457 7326 8536 8018 8069 7618 8058 7506 8009 8355 8049 7636 7862 8205 7907 7690 7699 7460 7806 7941 7590 7871 7876 7743 7455 7915 8145 7525 7977 7751 7956 7501 7527 8085 7863 8176 7872 7626 7803 7408 8012 7567 8051 8272 8187 8012 8046 8059 7876 7718 7903 7848 7952 7813 7517 7932 7839 8512 8055 7501 8041 7937 7454 8253 7590 7466 7191 7712 8770 8217 7638 7640 7830 7963 7336 7122 7209 7322 7873 7469 7391 7816 7921 7780 8236 7801 8436 8155 7333 7927 8067 7788 7945 7568 7924 7694 8254 7666 7929 7909 7837 7643 7936 7759 7330 7930 7394 7804 7545 7900 7812 7421 8340 8434 8181 7745 7775 7621 7886 7671 7524 7431 7611 8052 7940 7554 7277 7904 7356 7875 7436 7946 7980 7572 7642 8043 7486 8325 8152 7752 7826 8117 8279 7628 8354 8036 8170 8096 7730 7021 8144 7849 7879 8353 7580 7334 7536 7435 7808 7700 7756 7993 7850 7991 8435 7812 7825 8419 7445 8098 7808 7547 7243 7370 7493 7634 8442 8253 8352 7882 8190 7951 7358 8011 7654 7968 7886 7605 7361 7662 7082 8053 8305 7875 7612 7863 7981 7854 7838 7640 8037 7491 8314 8377 7313 7526 
8097 7897 8153 8468 8739 7922 7734 8202 8000 7800 7592 8363 7888 8127 8405 7588 8115 7994 8519 8234 7946 8089 7824 7974 7786 8113 8315 7886 7943 8329 7199 8240 7787 8562 8282 7978 7952 7901 8341 8087 7314 7607 8048 7603 7876 8108 8389 7971 7870 7994 8236 8335 7999 8660 8126 8082 8184 7997 8332 8189 8188 8042 7704 8151 7386 8215 8418 7926 8044 8212 7878 7880 7754 8326 8400 8432 7314 8106 7544 7974 8065 8588 7876 8162 8652 7689 8334 7968 8362 8608 7992 8082 7951 7992 8131 7877 7735 8324 7783 8109 7853 8427 8354 7964 7839 8405 7757 8049 8483 8174 8114 7742 8567 8503 7763 7778 7826 8123 8033 7799 8186 8131 7761 8018 7841 7875 8492 8091 8298 7819 8460 7704 7823 8171 8821 8058 8177 8035 8417 7882 8491 8242 7953 7595 8341 7880 8400 8130 7666 7773 8204 8539 8345 8495 8061 7801 8229 7871 8000 8041 8080 8223 8373 8285 7818 7699 8304 7814 7848 8035 8890 8272 7927 8032 7923 8254 8320 8592 7845 8361 8537 8158 8223 7969 8224 7520 8141 8034 7618 7357 8132 8266 7994 7817 7545 7841 8365 8707 8053 7962 8207 7565 8007 8375 8225 7739 7519 8809 7746 7958 7779 7450 8412 8155 7596 8522 8314 8309 7918 7929 8596 7622 7978 8624 8027 7867 8327 8351 8104 8054 8154 7651 7513 7954 8116 7763 8298 8132 8353 8224 8133 7969 7955 7720 7781 8088 8203 8124 7909 8188 7849 8611 8052 8014 8444 8310 8093 8331 7674 7860 7671 8178 8782 8349 7841 8149 7811 8345 7367 7715 7431 7289 7939 8084 7654 8055 8483 8008 8728 7985 8256 8163 7673 7773 8524 7903 8058 7986 7992 7954 8573 8359 8308 7991 7669 7935 8070 7858 7808 8343 7625 7758 7915 8343 7896 7755 8517 8307 8179 8091 7836 7901 7655 7943 7863 8008 7781 8373 8280 7622 7775 7785 7629 8082 8114 7823 7985 7524 7869 8310 7931 8151 8116 7931 8188 8408 8551 8140 8477 8047 8139 8549 7579 7568 8388 8480 8293 8466 7623 7331 7813 7806 8103 8136 7793 7941 8484 7865 8438 8209 8255 8674 7874 7762 8091 7932 7754 7898 8080 7661 8759 8487 8266 7884 8453 7912 7748 8052 7872 7997 8268 7862 7721 8123 7544 7882 8282 8040 7777 8060 8023 8048 7965 8026 8336 7931 8582 8552 8235 7984 
7628 7501 7982 7792 7862 7673 7604 7887 7629 7380 7760 7901 7763 7963 7778 7754 7586 7557 8187 7685 7770 7728 7858 7423 7684 7842 8000 7437 7594 7983 7147 7564 7473 8204 7671 7716 7956 7898 7927 7836 7004 7498 7312 7479 7440 7354 7936 7566 7216 7639 7735 7623 7890 8121 7786 7764 7600 7698 7835 7866 7846 7618 7381 8162 7248 7907 8134 7660 7769 7634 7615 7532 7544 7962 7796 7907 6967 7544 7191 7874 7544 8271 7342 8178 8117 7815 7582 7644 7921 7889 7788 7424 7392 7590 7701 7965 7773 7567 7563 7684 8207 7922 8030 7553 7575 7936 7288 7975 8198 7967 7677 7844 8127 8082 7831 7733 7742 7529 7713 7664 7768 8188 7705 7159 7603 7599 8118 7604 7987 7492 8139 7310 7405 7908 8312 7508 7658 7480 7723 7369 7971 8102 7811 7427 7783 7493 8047 7768 7344 7116 8135 7928 7933 8041 7575 7693 8199 7575 7492 7739 7746 7464 7894 8116 7220 7753 7901 7394 7581 7878 8303 7704 7763 7535 7875 7962 8183 8178 7331 7837 8093 7951 7528 7203 7847 7047 7794 8035 7357 7052 8008 8124 7402 7354 6921 7846 7976 8090 7834 7686 7624 7524 7907 8342 7932 7659 7863 8470 7556 7911 7855 7311 7644 7705 7228 7853 7850 7740 7632 7249 7993 7614 7679 8168 7712 7099 7986 8183 7445 7878 8024 7238 7335 7366 7533 7458 8083 8064 8110 7886 7536 7485 7629 7338 7889 7663 8314 7668 7482 7712 7774 7990 7615 7319 7815 8048 7798 7499 7205 7558 7386 7904 8249 7953 7346 7859 7615 8170 7595 7384 7072 7216 7777 7416 7606 8151 7754 7349 8082 7652 7842 7623 7373 7870 7953 7659 7679 7664 7483 7587 7868 7518 7585 7775 7192 7722 7880 7705 7301 8198 7400 7695 7830 7917 7392 7602 7965 8206 8321 7725 7624 7383 7479 7684 7687 7253 7517 7595 7840 7958 7730 7756 7303 7929 7284 7357 7969 7497 6977 7926 7582 7775 7636 7829 7372 7886 8186 7410 8157 7670 7807 8457 7596 7140 7841 7924 7720 8212 7315 6777 7638 7419 7573 8211 7610 7781 7745 7540 7788 7588 7660 8440 7344 7849 7676 7417 7255 7425 7688 7517 7663 7579 7918 7601 7646 7634 7747 7867 7406 7711 7472 7288 7603 7477 7344 7775 8287 7509 7593 7790 7648 7871 7415 7932 7757 7239 8083 8055 7640 7791 
7998 7794 8046 8056 7845 7646 7801 8015 7805 7805 7768 8523 7787 7882 7872 7796 7836 7833 8070 7882 7740 7923 7866 7425 7795 8087 8390 7780 7728 8062 7251 7815 7696 8098 7516 8110 8077 7876 8149 8205 7333 7704 7719 7305 7851 7870 8170 7886 7102 7686 8411 8399 8078 8432 7468 7639 7760 7671 8192 8281 7906 7631 7550 8054 7689 7811 8193 7889 7956 8052 7929 7392 7628 7969 7981 8056 7407 8063 7860 8110 8117 8321 7562 7956 8084 7905 7934 8157 7831 7973 8077 7739 7780 8031 8217 7952 7860 8112 7596 7534 7993 8173 7933 7567 7295 7938 7566 7985 8337 8245 7516 7727 8040 7927 7610 7676 7343 7685 7826 7527 8004 7938 7427 7544 7786 7612 8440 7858 8052 7706 7957 7675 7648 8491 8349 8204 7807 7701 8494 7556 8059 8395 7520 7496 8272 7748 7796 8033 7529 7818 8010 7826 8382 7997 7944 7854 8121 7728 7378 7800 7451 7723 8183 7640 7328 7659 8055 7880 7933 8061 8216 7808 8012 7510 8085 8039 8467 8072 7531 7663 8134 7639 7911 7143 7914 7284 8015 8105 7864 7472 8046 7991 7829 7766 6955 7500 8291 8025 8022 8030 7868 7615 7952 8175 8212 7682 7680 8276 7816 7702 7490 7744 7861 7752 7922 7755 7756 7745 7566 7923 8396 7378 7991 8337 8114 7372 7729 8235 7534 7803 7765 7542 7591 7646 7899 7688 8141 8112 8185 8033 7771 7516 7530 7660 8148 7777 7919 7597 7294 7926 7660 8455 7538 7774 8036 7790 7459 7914 7530 7826 7557 7736 8298 8332 7609 7865 7948 7944 7538 7491 7288 7311 7723 7551 7283 8196 8194 7789 8117 7789 8163 7620 7310 7824 7951 7866 7525 7671 7654 7937 8105 7666 7870 7986 7204 7222 7738 7747 7564 7979 7657 7858 7800 7846 7790 7449 8214 8409 8090 7423 7753 7891 7539 7660 7861 7457 7673 8173 8033 7813 7591 8032 7435 8320 7470 7871 7987 7582 7764 7846 7879 8372 8085 7693 8099 8111 8476 7731 8250 8064 8191 8411 7673 7237 8027 7827 7963 8133 7573 7390 7440 7440 8079 8051 7755 8086 7804 7546 8324 7304 7641 8421 7762 7832 7850 7464 7489 7739 7917 7798 8374 8049 8108 8029 7507 8148 7703 7640 7741 7669 7911 7668 7655 7681 7432 7893 8277 7427 7596 7721 7786 7891 7829 7879 8036 7638 7974 8410 7388 7888 
7966 7771 8293 8492 8628 7862 8027 8229 8177 7867 8158 8307 7760 8073 8355 8119 8195 8306 8453 8082 7953 7959 8045 7887 7526 8091 8148 7815 7889 8344 7780 8175 7689 8094 8060 7918 8149 8010 8473 8153 7313 8025 7878 7662 7664 7979 8659 8072 7432 8302 8364 8464 8202 8430 7766 8130 8057 7934 8339 8088 7719 7638 7520 8316 7411 8144 8166 8061 8133 8305 8318 7900 7653 7975 7994 8064 7645 8015 7735 7999 8036 8751 8142 8208 8622 8107 8060 8244 8252 8568 8169 8070 8085 8319 8398 8056 8359 8155 7549 8349 8533 8659 8036 7958 7846 8185 7842 8188 8282 8539 7824 7575 8276 8090 7904 7951 7932 8090 8130 7989 8425 8299 8013 7553 7947 8226 8341 7802 8233 7996 8197 7909 7773 8460 8792 8031 8445 8091 8521 7608 8306 8698 8014 7876 8382 8092 8076 8061 7937 7904 8380 8167 8212 8296 8484 7920 8122 7916 7681 7977 8191 8019 8147 8196 7435 7798 8281 7988 8069 8291 8552 7923 8200 7982 7967 8166 8441 8780 7884 8243 8540 7997 8014 7669 8084 7679 8206 8194 7888 7829 8110 8171 8108 7816 7737 8203 8625 8075 8246 8004 8149 7746 8193 8500 8205 8197 7898 8575 8067 8308 7828 7801 7893 8330 7772 8116 7848 8012 7659 7959 8206 7638 8412 8785 8166 8236 7970 8377 8412 7963 8012 7822 7919 7771 8046 7900 8530 8461 8162 8383 8172 7848 8085 7582 8200 8241 8186 7702 7644 7996 8077 8667 8243 7746 8321 8554 8191 8461 7962 8130 7708 8079 8893 8360 8011 8027 7988 8320 7801 7503 7420 7529 7905 7892 7774 8234 8198 7866 8471 8067 8099 8515 7554 7991 8040 8031 8110 8085 8097 8165 8456 7744 8229 7829 7329 8211 8448 8348 7748 8401 7935 8144 7844 8392 7760 7714 8345 8808 8279 7933 8042 8329 7889 7778 8278 7612 7799 8102 8345 8093 7921 7966 7668 8424 8152 7873 8127 7922 7871 8308 7817 8396 8154 7984 8318 8091 8543 8151 8523 8299 8437 8286 7724 7594 8341 8422 8247 8395 7903 7711 7935 7858 8081 8123 7689 8238 7863 7786 8635 8061 7937 8682 7848 8255 8160 7624 7559 7930 8129 8240 8492 8303 8171 8032 8353 8287 7793 8350 8138 7986 8407 7761 8020 7921 7820 8057 8518 8149 7848 7937 8446 8202 7923 7939 8605 7823 8474 8317 7941 8325 
8242 7983 8295 8439 8386 7765 8188 8593 8134 8105 8085 8522 8183 8377 8134 8377 7804 8382 8862 8145 7999 8286 7939 8003 8242 8803 8328 7729 8099 8195 7780 8464 7984 8266 8286 7857 8178 8321 8519 8019 7319 8020 7538 7959 7988 7969 8613 8162 7760 8331 8605 8488 8125 8431 7842 8328 8286 8057 8487 8407 8386 8265 7622 8458 7918 8416 8666 8048 7974 8511 8456 8293 8043 8196 8601 8616 7493 8262 7855 8300 8234 8839 8148 7932 8709 8172 8059 8324 8529 8257 8408 8109 7992 8393 8316 8356 8046 8231 7978 8202 8239 8784 8397 8146 7746 8013 7582 8600 8593 8684 7999 8020 8366 8524 8154 8011 8014 8194 8356 8249 8375 8242 7822 7909 8172 8117 8845 8202 8499 7788 8379 8320 7995 8938 8817 8319 8568 8303 8435 7931 8587 8648 8389 7424 8696 8171 8004 8300 7648 8058 8213 8607 8404 8474 8583 8143 8742 7829 7588 8147 8286 8394 8555 8691 7659 7658 8545 8308 8303 8417 8980 8429 8554 8047 8357 8461 8531 8707 7666 8464 8254 8380 8024 7902 8342 7684 8234 8567 7950 8069 8087 8198 7890 8035 7749 8031 8511 8553 8091 8292 8268 8044 8070 8510 8366 8242 8119 8909 8321 8020 8097 7921 7974 8242 7877 8289 8238 8350 7957 8308 8542 7960 8507 8547 8141 7966 8349 8425 7869 8739 8236 7699 8295 7877 8166 8011 8463 8530 8449 8529 7882 8065 8054 7906 8235 8237 8644 7899 8216 8410 8433 9054 8605 7812 8438 8503 8177 8095 8270 7949 7721 8276 9093 8148 7948 8433 8453 8595 7729 7701 7931 7576 8133 8172 7758 8533 8282 8009 8640 8118 8446 8189 7637 8173 8414 8110 8333 8199 8190 8699 8639 8287 8441 8096 7829 8026 8058 8337 7848 8551 7704 8155 7934 8526 7860 8106 8365 8613 8611 8276 8294 8638 8228 7981 8171 7880 8008 8462 8194 8106 8003 8116 8036 8138 7676 8236 8529 7808 7634 8502 7897 8550 8123 7838 8188 8456 8649 8162 8561 8397 8436 8978 8032 7328 8325 8242 8241 8634 8041 7737 8256 8348 8084 8385 8051 8231 8397 8292 8639 7950 8302 8687 8225 8314 8366 7946 7749 8137 8588 8145 8626 8657 8819 8260 8302 8305 7943 8359 8050 8348 8570 8332 8263 7955 7761 8137 8768 8016 8041 8449 8140 8434 8082 8003 8626 8000 8674 8730 8136 8063 
7711 7363 7994 7742 7910 7488 7507 7894 7825 7690 7676 7796 7660 7635 7840 7447 7325 7754 8102 7616 7638 7623 7645 7554 7597 7974 8130 7086 7598 7515 7138 7506 7782 8203 7801 7616 7771 8093 8103 7721 7058 7601 7271 7611 7609 7646 8072 7659 7405 7583 8195 8159 7822 8261 7552 7712 7791 7470 7966 7858 7887 7345 7285 7780 7173 7870 8244 7878 7684 8081 7712 7657 7460 7820 7918 7883 7293 7712 7571 7506 7758 8143 7951 7918 8035 7660 7781 7690 8077 7993 7747 7195 7356 7614 7612 7731 7737 8017 7696 7667 7894 8343 7924 7778 7203 7525 7869 7754 8195 8349 7641 7601 7729 7949 8062 7739 7625 7633 7818 7440 7606 7546 7537 7467 7589 7732 8135 7681 7963 8062 8092 7435 7432 8186 8173 7587 7844 7810 8069 7070 8028 7844 7868 7465 8115 7346 7945 8103 7421 7572 7891 7867 7662 8027 7935 7649 7885 7365 7598 7663 7534 7818 8217 7952 7289 7519 8239 7730 7821 8169 8211 7615 7680 7475 7757 7927 8039 8160 7314 7699 7919 7786 7430 7202 7819 7082 7771 7635 7468 7495 7597 7746 7450 7459 7213 7542 8266 7734 7765 7787 7671 7603 7925 8174 7787 7517 7280 7999 7669 7869 7434 7436 7746 7719 7143 7734 7930 7575 7515 7898 8136 7956 7672 8295 7985 7267 7938 8289 7636 7584 7926 7564 7521 7596 8021 7344 8022 8006 8129 7881 7610 7565 7275 7335 8147 7768 8151 7450 7543 7634 7639 8318 7505 7405 8101 7690 7746 7796 7871 7733 7288 7917 8166 7686 7510 7823 7786 8038 7203 7642 7367 7081 7942 7578 7529 8065 7530 7942 8421 7439 7973 8129 7418 7747 7833 7397 8132 7638 7791 7776 8289 7968 7930 7632 7477 7667 7953 7621 7708 7811 7342 7481 7763 7828 7521 7536 8234 8181 7959 7692 7685 7448 7960 7587 7720 7893 7400 7801 8009 7585 7635 7653 7791 7816 7266 7526 7876 7625 7483 7656 7558 8217 7831 7637 7657 7834 7853 7311 8034 8142 7855 8380 7620 7574 8122 7845 8023 7887 7429 7305 7247 7690 7905 7882 7340 7854 7736 7473 8041 7767 7764 8261 7696 7600 7700 7631 7805 7577 7696 7764 7897 7834 8011 7562 8085 7916 7689 7660 7797 7652 7719 7717 7674 7156 7371 7682 8057 7289 7789 7940 7643 7873 7878 7878 8154 7545 8161 7748 7632 7630 
8297 8020 8826 8572 8550 8320 8676 8590 8493 8414 8177 8871 8305 8500 8355 8533 8301 8644 9157 8264 8577 8713 8690 8191 8372 8554 8940 8154 8546 8874 8072 8515 8513 8600 8280 8316 8478 8499 8659 8344 7935 8339 8248 8290 8325 8422 9145 8914 7674 8217 9090 8897 8377 8897 8379 8601 8580 8537 8781 8983 8597 8009 8213 8587 7894 8530 8626 8318 8443 8655 8515 8676 8061 8610 8851 8456 8012 8543 8216 8921 8822 8973 8645 8778 9284 8596 8525 8514 8867 8787 8666 8506 8317 8646 8586 8558 8499 8935 8394 8485 8571 8832 8750 8298 8038 8355 8245 8567 8687 9176 8384 8436 8849 8552 8178 8848 8338 8364 8632 8467 8741 8603 8550 8240 8150 8627 9285 8212 8585 8432 8694 8183 8058 9015 9328 8488 8477 8497 8707 7963 8843 9075 8377 8097 8519 8124 8497 8471 8042 8178 8699 8566 8797 8946 8576 8146 8784 7989 8139 8366 8629 8202 8699 8845 7991 8052 8461 8603 8484 8776 9165 8419 8884 8142 8313 8642 8924 9227 8083 8506 8955 8545 8645 7784 8415 8020 8553 8767 8488 8156 8315 8812 8380 8328 8167 8248 9028 8781 8570 8448 8474 8063 8255 8943 8845 8428 8510 8845 8244 8472 8269 8065 8316 8407 8094 8493 8509 8536 8321 8337 8868 8252 8676 9037 8607 8038 8667 8989 8232 8513 8461 8056 8259 7962 8700 8303 8632 8887 9162 8683 8536 8477 8260 8106 8564 8641 8679 8357 8277 8808 8715 9307 8734 8478 8588 8855 8525 8666 8437 8462 8231 8356 9381 8665 8183 8324 8585 8660 8464 8107 8017 7931 8314 8266 8097 8764 8789 8405 9079 8472 8544 8729 8106 8407 8383 8443 8185 8720 8523 8804 8643 8547 8945 8571 7853 8342 8423 8422 8474 8644 8066 8303 8157 8593 8156 8199 8978 8678 8706 8368 8540 8405 8381 8260 8575 8078 8257 8899 8744 8460 8208 8244 8152 8652 8239 8697 8783 8155 7926 8580 8348 8691 8434 8500 8814 8802 9059 8351 8895 8498 8487 8799 8459 7851 8514 8428 8864 8765 7895 8078 8306 8453 8512 8931 8396 8793 8491 8519 9034 8402 8618 9306 8337 8371 8708 8178 8173 8482 8571 8274 9080 8628 8601 8689 8630 8688 8384 8859 8419 8772 8650 8532 8077 8341 8312 8373 9027 8077 8417 8370 8267 8783 8464 8622 9121 8325 8633 8849 8297 8423 
7649 7578 8049 8233 7916 7795 7955 8097 7721 7657 7889 7755 7820 8061 7913 7631 7694 7895 8364 8077 7560 7846 7869 7399 7886 8038 8116 7566 8092 8174 7499 7766 7808 8095 7914 7869 7716 8031 8151 8098 7082 7809 7144 7443 7816 7555 8381 8081 7230 7537 8301 7888 7767 8046 7731 7555 7923 7691 8246 7916 7708 7555 7343 8141 7376 7883 8143 7626 7664 8063 7994 7637 7759 8035 8133 8032 7427 7959 7527 7794 8028 8186 7769 8217 8626 7923 7882 7859 8267 8071 8028 7919 7596 7759 7987 7945 7890 8084 7470 7815 8255 8075 8094 7479 7560 7651 7630 8033 8336 8349 7618 7810 7890 7748 7931 8132 7517 7857 7883 7551 8022 7730 7623 7709 7719 8167 8180 8053 8024 7629 8034 7586 7575 8294 8231 7818 7760 7777 8235 7426 8410 8287 7704 7584 8328 7779 7842 8312 7301 7968 7986 8144 8046 8217 7973 7827 8303 7658 7427 7963 7695 7938 8087 7916 7364 7326 8169 7553 7934 7625 8597 7761 7885 7677 7700 8144 8255 8214 7332 8077 7858 7847 7742 7360 8240 7413 7699 8149 7449 7503 8290 8254 7699 7778 7545 7696 8281 7966 7703 7588 8053 7919 7829 7910 7970 7455 7520 8485 7769 7933 7709 7754 7917 7639 7557 7962 7778 7634 7421 7659 8159 7308 7493 8404 8138 7450 7908 8013 7725 7903 8007 7605 7783 7453 7807 7261 8198 8084 7718 8216 7951 7764 7844 7357 8175 7692 8168 7434 7769 7805 8018 8314 7551 7502 7821 8291 7940 8009 7703 7868 7478 7821 8327 8051 7596 7844 7792 7975 7625 7861 7502 7204 7627 7745 7370 8400 7881 7523 8342 7714 8112 8145 7371 7891 7810 7818 7796 8040 7526 8068 8207 7852 8252 7964 7427 8008 7983 8192 7742 7897 7262 7985 7954 7836 7610 7745 8189 8338 8229 7782 7645 8043 7821 7589 7773 7661 8038 7893 7921 7639 7620 7890 7323 7775 7623 7807 7933 7686 7725 8173 7645 7975 7658 8008 7813 8018 8498 8088 8643 7854 8340 8098 7878 7160 7806 7888 8109 8366 7386 7339 7653 7633 7935 8105 7645 8003 8037 7852 8051 7911 7919 8355 7585 8169 7920 7542 7462 7546 8318 7585 8144 8127 8148 7866 8061 8175 7859 8139 7693 7963 8128 7740 7777 7671 7151 7550 8247 7452 7520 8012 7635 8125 8059 7727 8212 7856 8253 8293 7756 8174 
8067 7449 8258 8310 8229 8001 7889 8396 7892 7976 8197 8316 8263 8272 8476 8192 7875 8521 8616 8108 7868 8295 7894 8050 8248 8407 8341 7654 8384 8313 7844 8259 8060 7990 8233 7875 7913 8223 8168 8146 7500 7669 7610 7814 7949 7913 8605 8165 7818 8225 8436 8440 8336 8504 8210 8336 8216 7946 8460 8560 8093 7955 7704 8336 7509 8035 8636 8145 8302 8223 8272 8218 7791 8170 8584 8407 7616 7760 8003 8403 8407 8811 7970 8240 8672 7956 8391 8305 8292 8365 8444 7949 7891 8543 8035 8568 8068 8298 7566 8419 8386 8444 8258 8175 7608 8020 7837 8485 8460 8336 7980 7840 8271 8530 8057 8059 8274 8129 8348 7682 8527 8377 7938 7691 8009 8063 8621 7835 8238 7874 8250 7721 7609 8519 8809 7990 8021 8055 8508 7597 8203 8388 8427 7764 8641 7892 8157 7946 7803 7875 8531 8062 8320 8437 8333 8187 8368 7645 7638 8066 8167 8232 7994 8575 7848 7872 8240 8176 7915 8511 8723 8183 8038 7959 8042 8349 8702 8511 7692 8419 8836 8376 8168 7903 8187 7813 8157 8279 7868 7651 7999 8212 7648 7618 7833 7683 8567 8372 8270 8026 8170 7682 7968 8410 8671 8233 8061 8726 8101 8174 8015 7781 8129 8085 7969 8351 8007 8224 8152 8094 8476 7604 8238 8718 8443 7747 8010 8499 8175 8286 8247 7599 7948 7662 8136 7885 8565 8179 8302 8277 8144 7949 8083 7740 7981 8675 8502 7671 7849 7967 8470 8622 8355 7702 8726 8292 8146 8115 7855 7894 7447 7947 8915 8209 7632 8098 8275 7982 7872 7632 7414 7685 8132 8113 7626 8467 8205 8133 8694 8032 8334 8465 7618 7998 8345 8209 8277 8074 7976 8096 8487 8100 8276 8072 7523 8209 8169 8163 7865 8531 7566 8061 7674 7989 7881 7619 8290 8728 8499 8101 8044 8056 7820 7912 7955 7917 8039 8379 8094 8595 7653 8092 7512 8128 7736 7939 8134 7824 7836 8308 8029 8348 8212 7920 8451 8245 8643 8075 8049 8262 8288 8567 8010 7201 7929 8187 8313 8378 7775 7538 7999 8100 7960 8352 7865 8244 8304 7949 8637 7947 8391 8682 7893 8256 8249 7617 7695 7948 8326 7761 8537 8182 8672 7947 8015 8002 7520 8399 8270 8250 8100 7910 7869 7955 7771 7951 8732 8071 8119 8136 8251 8164 8123 8005 8610 8075 8413 8461 8162 8184 
7961 7648 8300 8122 8468 7672 7832 8133 8084 7626 7663 8500 8068 7789 8076 8121 7718 8029 8552 7802 8064 7767 7714 7517 7758 7976 8132 7577 8076 8306 7399 7851 7611 7679 7746 7838 7777 8022 7911 7857 7293 7566 7572 7441 7504 7560 8361 8038 7499 7658 8279 8115 7751 8370 7653 8116 7875 7701 7816 8138 8063 7527 7315 7779 7270 7938 8349 7861 7839 8226 8001 7431 7447 7849 8310 7994 7514 7745 7687 7870 7972 8162 7923 8158 8443 7981 8068 7705 8178 8264 8153 7693 7683 8049 7901 8028 7935 7993 7383 7638 8070 8563 8290 7819 7639 7792 7554 7960 8375 8330 7710 7716 8158 8039 7998 7697 8055 7401 7870 7566 8095 8165 7786 7561 7731 7653 8498 7809 8306 7769 7888 7599 7670 8332 8314 8050 7894 8016 7784 7508 8459 8228 7915 7422 8215 7608 7998 7805 7504 7665 7647 8061 8126 8226 7821 7743 8342 7438 7170 7930 7839 7881 7782 8185 7394 7681 7894 7969 8178 8101 8170 7771 7965 7896 7548 8034 8219 8488 7502 7948 8282 8258 7956 7294 8341 7167 7855 8011 7587 7074 7904 8177 7938 7827 7518 7994 8341 8481 8120 8090 7891 7499 8050 8495 8136 7700 8075 8249 7673 7569 7839 7655 7790 8015 7266 7915 8162 7927 7730 7748 8272 7837 8216 8280 7990 7791 7838 7929 7938 8183 7953 7546 7860 7757 7949 7792 7925 8342 8575 8459 8032 7963 7697 7333 8107 7848 8481 7695 7699 7879 8070 8373 7883 7748 8095 8208 7981 7505 8083 7388 7355 7537 8458 8009 7513 7767 7985 7985 7608 7315 7301 7022 7771 7682 7852 7979 8087 7744 8381 7714 8343 7922 7533 7742 7926 7729 7785 7910 7922 7945 8193 7942 7850 8014 7418 7871 7728 7844 7620 7904 7539 7824 7583 8131 7549 7389 8187 8479 8062 7966 7656 7887 7850 7897 7745 7490 7294 8046 7892 7878 7664 7801 7665 8055 7552 7785 8263 7643 7687 8077 7946 8542 7885 8086 7845 8062 8217 7872 8395 7918 8079 8162 7981 7371 8298 8035 8164 8203 7844 7457 7671 7955 7965 8248 7393 8106 7874 8090 8624 7951 7859 8557 7752 8043 7853 7699 7517 7389 7561 7380 8354 8255 8288 7833 7718 7955 7641 8227 7833 7993 8075 7888 7594 7839 7371 7534 8145 7806 8092 8353 7972 8404 7705 7933 8272 7644 8341 8268 7306 7904 
8130 7403 7982 8016 8207 7572 8003 8392 7820 7854 7570 7964 7842 8250 8053 7847 7672 7941 8381 7765 7930 7926 8079 7931 7876 8071 8127 7592 7543 8144 7532 7796 7711 8102 7834 7770 7648 7985 8287 8069 7094 7711 7327 7530 7816 7723 8439 7939 7722 7553 8486 8302 8013 8268 7980 7812 8110 7530 8201 8061 7960 7855 7612 8274 7438 7978 8493 8019 7725 8031 7911 7899 7896 8177 8179 7959 7390 7713 7898 8079 8094 7996 7673 8024 8684 7830 8033 8083 8407 8216 8131 7813 7527 8047 7963 7840 7818 8233 7677 8100 8010 8446 8275 7780 7545 7555 7766 8082 8246 8319 7750 7455 8137 8188 7780 7558 7595 7836 7774 7770 7975 7642 7651 7515 7710 7460 8572 7855 7853 7644 8326 7717 7413 8234 8164 7565 7782 7664 8193 7332 8200 8196 8256 7442 8374 7908 8209 7725 7756 7427 7984 8087 8013 8109 8247 7746 8068 7459 7358 7738 7690 7678 8421 7829 7566 7628 7918 7579 7626 8123 8393 7801 7977 7403 7857 8125 8348 8425 7533 7895 8361 7883 7629 7640 8193 7600 7803 7863 7677 7246 8112 7910 8119 7341 7355 7888 8077 8193 7808 7663 7632 7846 7661 8122 8138 7892 8072 8368 7639 7639 7923 7883 7687 7880 7553 7758 7925 7936 7648 8024 8309 7648 7957 8523 7954 7267 7991 8408 7483 8211 7693 7753 7619 7401 7738 7510 8099 7959 8335 7878 7776 7756 7667 7786 7987 8021 8285 7853 7709 8408 8101 8370 7909 8052 8082 8233 7830 7884 7824 7795 7347 7896 8551 7852 7534 8025 7749 7964 7695 7284 7469 7098 7946 7893 7536 8336 7952 7718 8218 7751 7957 8166 7667 7809 8143 7802 7954 7730 7772 7948 8477 7764 8058 7998 7497 7757 7936 7812 7608 8108 7564 7675 7849 7791 7572 7730 8326 8503 8197 7953 7932 7323 8024 7717 7646 7732 7517 7847 8132 8064 7550 7782 7626 7807 7485 7665 7836 7626 7692 7813 7557 7869 7541 7670 7708 8018 8503 7608 8222 8268 8100 8460 7857 6944 7986 7936 7742 8259 7636 7224 7591 7911 7791 8256 7486 8004 8191 7808 8397 7788 7834 8533 7781 7691 7960 7741 7229 7591 7926 7651 8075 8027 8428 7723 7936 7917 7502 8224 7904 7803 8099 7724 7447 7482 7530 7891 8413 7666 7951 7834 7794 7789 7505 7693 8258 7714 8568 8172 7624 8130 
7601 7590 7694 7530 7814 7210 7517 7666 7493 7660 7352 7809 8113 7785 7769 7724 7355 7613 8157 7564 7290 7562 7438 7519 7624 7713 7588 7139 7776 7612 6764 7288 7735 7700 7632 7322 7528 7539 7777 7423 6931 7202 7271 7055 7551 7038 8242 7464 7448 7365 7752 7491 7560 7642 7455 7666 8006 7424 7593 7900 7124 7402 6944 7598 7052 7575 7740 7367 7503 7652 7569 7451 7725 7409 7670 7997 7120 7681 7236 7647 7699 7819 7603 7850 8327 7638 7458 7704 7765 7890 7750 7438 7177 7500 7451 7479 7439 7523 6998 7540 7547 7638 7606 7281 7282 7609 7405 7707 7694 7568 7406 7261 7780 7254 7598 7450 7320 6970 7717 7621 8069 7353 7262 7207 7574 7486 8422 7598 7935 6959 7542 7351 7076 7805 8155 7459 7766 7129 7912 7113 7621 7829 7214 7122 7935 7209 7637 7290 6875 7456 7595 7800 7413 7806 7705 7692 7920 7102 7238 7395 7318 7416 7749 7855 7216 7213 7579 7428 7517 7651 8290 7838 7648 7465 7718 7806 7716 7825 7078 7480 7946 7535 7560 7227 7783 7264 7428 7474 7368 7155 7375 7694 7550 7482 6711 7315 8084 7637 7820 7465 7564 7301 7291 7989 7687 7294 7288 7884 7571 7615 7399 7327 7198 7775 6952 7916 7518 7999 7473 7385 7772 7349 7729 7983 7400 7061 7491 7663 7494 7700 7584 7428 7211 7188 7426 6857 7810 7530 8040 7680 7409 7218 7022 7383 7346 7894 8048 7191 7232 7855 7713 7821 7229 7158 7550 7757 7261 7761 7298 7342 6898 7508 7958 7573 7034 7395 7694 7612 7531 7315 7162 6723 7400 7132 7178 7725 7599 7273 7911 7351 7895 7633 7135 7774 7895 7626 7659 7550 7553 7787 7698 7376 7846 7401 7132 7336 7450 7510 7195 7943 6985 7380 7152 7806 7481 7223 7644 8055 7939 7603 7130 7344 7111 7132 7296 7366 7152 7768 7517 7292 7140 7496 7123 7805 7564 7312 7476 7406 7137 7560 7624 7753 7488 7312 7464 7908 7752 7454 7774 7225 7547 8235 7466 6887 7897 7555 7586 7871 7116 6881 7489 7210 7266 7870 7305 7596 7818 7345 7854 7483 6850 8208 7341 7776 7404 7590 7277 7034 8067 7304 7650 7939 7830 7160 7621 7731 7361 7851 7761 7794 7434 7438 7274 7360 7284 7245 8088 7506 7328 7422 7502 7546 7644 7546 8103 7364 8322 7947 7375 7576 
8191 7780 8109 8300 8553 7815 8259 8347 8072 7768 7766 8485 8089 8505 8341 7822 8319 7806 8766 8239 8145 8153 8525 8192 7942 8380 8566 7725 8267 8229 8097 8005 7955 8709 7869 7733 8032 8570 8572 8148 7188 7966 7945 8043 8062 8220 8625 8187 7652 8056 8649 8225 8204 8375 8199 8000 8431 8113 8180 8393 8230 7710 7911 8156 7419 8268 8363 7938 8495 8479 8201 8088 7632 8030 8410 8676 7730 8395 7768 7921 8236 8428 8150 8264 8845 8164 8203 8082 8459 8484 8138 8229 7759 8205 8275 8027 7687 8160 7977 8356 8368 8067 8354 7903 7822 7836 8098 8382 8739 8398 7939 7727 8293 8663 8027 8033 8113 7847 7887 8043 7832 8137 7676 7584 7862 8108 8885 7883 8142 7894 8228 8174 7953 8564 8837 8003 8011 7918 8776 7786 8369 8425 8207 7972 8162 7984 8189 8259 7629 7994 8290 8090 8085 8527 8054 8058 8424 8295 7695 7979 7918 7949 8319 8463 7731 7853 8533 8188 8080 8321 8737 8558 8370 8005 8214 8291 8246 8686 7826 8179 8317 8391 8102 7658 8537 7324 8304 8393 7748 7382 8018 8238 8155 7750 7453 7915 8616 8150 8229 8170 8259 7730 8203 8501 8198 7840 8090 8780 7927 8054 8094 7524 8136 8154 7856 8105 8203 8265 8103 7669 8488 7882 8267 8464 7955 8003 8205 8188 7656 8133 8198 7874 7667 7645 8031 7693 8376 8187 8762 8293 7927 8061 8018 8029 8067 8446 8143 7807 7987 8492 7827 8699 8422 7855 8162 8149 7948 8375 8161 8006 7747 8442 8862 8702 7541 8346 8120 8135 7993 7486 7399 7108 7895 8172 7475 8463 8158 8102 8644 8167 8026 8379 8217 8053 8293 8024 7993 8098 7951 8510 8410 7856 8315 8342 7533 8101 8219 8194 7860 8548 7712 8165 7772 8403 8183 8276 8463 8535 8506 8204 8166 7901 7732 7919 7689 8161 7831 8165 7957 8002 7725 8187 7804 8139 7980 7891 8247 8111 7858 8245 7812 8131 8265 7997 8101 8346 9031 8148 8651 7928 8173 8595 8058 7503 8551 8233 8083 8480 7527 7487 7804 7697 8314 8244 8109 8682 8258 8132 8794 7980 8060 8460 8152 8092 8466 7796 7770 7780 8380 7562 8512 8325 8419 7891 8296 8226 8152 8560 8234 8439 8305 8259 7827 8041 7759 8174 8458 8109 7845 7820 8002 8233 8047 8035 8655 7996 8853 8489 8169 8067 
8117 7573 8296 8141 8300 7937 7829 7973 7854 8070 7753 8032 7893 8385 8119 7913 7774 8162 8529 8019 7891 8082 8285 8185 8174 8167 8453 7629 8356 8360 7617 8069 7846 8251 8052 8175 7710 8242 8175 8245 7335 7563 7481 7724 7656 8043 8295 8146 7690 7826 8631 8422 7791 8627 7924 8091 8250 7923 8412 8090 7995 7951 7918 7960 7822 8375 8338 8078 8053 8185 7979 8033 7903 8194 8111 8223 7329 8321 7522 7986 8026 8553 8105 8236 8653 7726 8098 8239 8420 8375 7937 8053 7767 7945 8186 7846 8123 8139 7678 7884 8385 8354 8283 7809 7971 7963 7918 8210 8574 8772 7857 7879 8250 8396 8000 8292 7850 8094 7864 7791 8337 8040 8096 7736 7714 7861 8869 7618 8095 8116 8189 7757 8027 8291 8634 7976 8246 7818 8282 7894 8402 8339 8318 7691 8474 7697 8308 8400 7720 8168 8281 8586 8267 8534 8092 8082 8392 7797 7499 7842 7868 8264 8644 8349 7552 7794 8111 7862 7817 7777 8638 8065 8206 8015 7958 8178 8346 8357 7856 8237 8197 8156 7840 7550 8462 7426 8124 8266 7912 7631 7973 8197 8105 7939 7303 7775 8602 8133 8174 8092 8119 7595 7856 8253 8065 7791 7700 8538 7850 8003 7538 7719 7756 8267 7485 7983 8429 7795 7595 7891 8323 7930 7686 8552 8319 7670 7925 8103 7932 8116 7876 7716 7920 7723 7945 7551 8513 8063 8214 8290 8134 8004 7842 7680 8062 7988 8658 7590 7806 8206 8087 8549 7894 8062 8143 8276 7721 7941 8067 7847 7586 8212 8775 8405 7750 8048 8075 8222 7828 7547 7476 7327 8253 7845 7803 8273 7823 8212 8670 8007 8402 8337 7785 7939 8265 8147 8001 8263 8224 8101 8408 8033 8064 8032 7707 7971 8114 8053 7642 8160 7713 7701 7936 8084 8111 7967 8330 8527 8224 7913 7952 8064 7962 8058 7975 7658 7656 8447 8181 7588 7832 7876 7486 7940 7601 7778 7961 7822 8054 8103 7807 8236 8103 8328 7898 8327 8663 8211 8845 8022 8124 8588 8019 7441 8409 7940 8202 8357 7674 7671 7533 7882 8339 8424 7615 8256 8131 8155 8135 8145 8265 8423 7881 8114 8389 7723 7940 7763 8237 7858 8581 8230 8315 8132 8307 8046 7809 8341 7939 7875 8221 8062 7709 7626 7628 7903 8416 7642 7907 8061 8147 8259 7970 7932 8323 7762 8566 8431 7754 8086 
8197 7778 8320 8318 8358 7835 8157 8389 8109 8002 7811 8616 8098 8162 7920 7845 8021 8204 8661 8276 8016 8044 8281 7772 8085 8004 8590 7693 7867 8439 7455 8214 7886 8342 7972 8053 8036 8078 8341 8277 7111 7766 7833 7596 8155 7952 8791 7731 7703 7903 8727 8292 8086 8648 8326 8003 8335 7924 7896 8421 7948 7747 7210 7920 7436 8066 8399 8122 7932 8205 8112 7774 7863 8035 7980 8411 7295 8046 7509 8215 8142 8308 7964 8106 8334 8240 7821 8652 8700 8405 8338 8137 7975 8085 7913 7861 8098 8293 7825 7996 8051 8342 8507 7829 7705 7805 7512 8027 8241 8029 7954 7878 8373 8416 7666 7693 8030 7980 7989 7881 8199 8027 7589 7582 7952 8010 8635 8347 7997 7854 8177 7702 7675 8446 8867 8018 7999 7878 8364 7719 8354 8394 7972 7868 8588 7865 8322 8338 7891 8032 8038 8487 8264 8627 8282 7961 8048 7992 7930 7892 7860 7836 8208 8126 7880 7843 8129 7809 8169 8232 8318 8267 8549 7985 8305 8300 8412 9000 7808 8089 8288 8226 7762 7733 7970 7695 8490 8259 8090 7623 8253 7864 8264 7871 7554 7594 8438 8384 8180 7976 8091 8036 7983 8592 8008 8081 7787 8157 7900 7560 7825 7525 8005 7956 7701 7591 8019 8239 7608 8133 8516 7910 8106 8709 8117 7962 7950 8135 7875 8070 7919 7731 8131 7795 8035 7408 8252 8345 8408 8168 7905 8203 8062 7919 7951 7990 8226 7971 7719 8227 8300 8804 8169 7787 8051 8264 7990 8098 7639 8122 7719 8219 8741 8323 7896 8101 8018 8191 7765 7549 7521 7548 8059 7831 7293 8305 8505 8104 8806 8019 8098 8347 7884 8292 8311 8254 8122 8087 8015 8424 8211 7988 8205 8010 7557 8131 8316 7627 8016 8090 7576 7708 7915 8093 7921 7936 8516 8615 8442 8056 7888 7848 8148 7886 7789 7865 7980 8458 8225 7822 7624 7842 8131 8346 7614 7774 8132 7800 7908 8097 8068 8176 8230 8006 7921 8472 8379 7878 8477 8096 8206 8531 8027 7358 8229 8114 8126 8455 7795 7490 8068 7845 8094 8201 7688 8532 8097 8027 8384 7935 8148 8373 7786 7997 7962 7750 7425 7778 8278 7861 8560 8537 8688 8075 8095 8259 7992 8349 7871 8211 8032 8053 7422 7908 7536 7911 8800 7842 7673 8008 7878 8095 7921 7979 8649 7921 8522 8467 7704 8030 
8203 8078 8457 8743 8517 8369 8371 8502 8307 8303 8309 8725 8371 8558 8333 8377 8552 8992 9136 8668 8642 8253 8610 8343 8579 8712 8777 7927 8639 8855 7888 8708 8240 8596 8601 8175 8599 8445 8732 8389 7503 8147 8152 8099 8407 8434 8839 8526 8326 8270 8778 8570 8470 8549 8453 8722 8330 8438 8676 8757 8607 8145 7952 8664 7822 8741 9123 8404 8478 8812 8154 8250 8250 8203 8773 8927 7739 8627 7848 8168 8436 9131 8507 8632 9131 8604 8562 8532 8775 9093 8366 8338 7810 8700 8613 8563 8534 8426 7986 8418 8565 9107 8635 8497 7976 8464 8413 8599 9189 8548 8379 8326 8645 8448 8457 8226 8632 8068 8684 8612 8559 8216 8378 8173 8366 8302 9201 8095 8602 8077 8642 8565 8074 8839 9164 8304 8793 8522 8468 8235 8967 8987 8633 7847 8768 7987 8264 8129 7979 7965 8951 8693 8593 8830 8658 8453 8620 8144 7979 8584 8471 8575 8671 8892 7979 8007 8503 8213 8587 8614 9178 8412 8556 8487 8529 8760 8778 8967 8048 8451 8826 8415 8195 8035 8511 7980 8736 8714 8149 8200 8549 8647 8273 8066 8218 8117 9011 8582 8533 8352 8420 8327 8113 8885 8585 8115 8279 8629 8502 8127 8198 8230 8349 8555 8047 8493 8731 8428 8038 8426 8839 7996 8803 9078 8707 8227 8599 8447 8521 8486 8399 8031 8304 8195 8389 8186 8712 8738 8440 8759 8862 8526 8415 8192 8612 8533 8905 8285 8312 8471 8615 8911 8454 8074 8888 8341 8479 8405 8399 8115 7930 8794 8981 8715 8264 8316 8567 8902 8088 8057 7659 7377 8447 8409 8170 8639 8806 8314 9349 8470 8411 8894 8039 8504 8682 8593 8443 8368 8566 8610 8764 8553 8845 8221 8210 8368 8355 8099 8423 8666 7870 8344 8481 8945 8221 7899 8920 9082 8809 8477 8415 8339 8725 8211 7979 8240 8078 8629 8552 8413 8233 8546 8430 8515 8379 8038 8854 8282 8235 8526 8357 8779 8764 8048 8279 8563 8879 8352 8781 8344 8527 9034 8203 7852 8526 8552 8163 8948 8257 8024 8190 8540 8477 8488 8425 8825 8287 8472 8986 8450 8533 8937 8301 8650 8610 8215 7833 7817 8361 8446 8863 9071 8648 8192 8712 8400 8256 8612 8532 8386 8561 8289 7863 8121 7928 8435 9107 8363 8361 8719 8743 8561 8419 8301 8792 8556 9211 8746 8202 8526 
7989 7597 8021 8215 8003 7855 7664 8178 7940 7808 7805 8108 7941 7927 8024 8033 7983 7972 8516 7952 8167 7796 7834 7534 7935 8427 8268 7684 8083 8244 7643 7806 7692 8185 7587 7851 7867 7788 8233 8124 7253 7665 7343 7699 8131 8041 8277 7851 7677 7631 8278 8041 8025 8394 7786 7895 8126 8036 7885 7899 7827 7676 7271 8166 7111 7693 8199 7866 7871 8060 8113 7893 7639 7920 8222 8238 7603 7855 7460 8085 8154 8607 8149 8373 8506 7905 7952 8172 8402 7864 7799 7718 7717 7726 7763 8301 7847 8510 7714 8229 8262 8316 8242 7555 7975 7922 7729 7888 8318 8448 7457 7844 8254 7970 7894 7956 7911 7666 7945 8000 7754 8154 7563 7567 7543 8100 8712 7694 8023 7802 7961 7803 7651 8292 8466 7874 8133 7689 8461 7550 8446 8375 8140 7719 8121 7455 8153 7850 7659 7857 7697 8202 7947 8237 7982 7685 8112 7999 7540 7815 7617 7614 7865 8400 7560 7616 8142 7644 8104 8236 8203 8179 8288 8091 8025 8170 8060 8437 7762 8037 8292 7984 7829 7659 7903 7717 7972 8304 7578 7591 8084 8254 8185 7830 7455 7775 8215 8110 8094 7828 7827 7860 7609 8195 8108 7699 7788 8102 7976 7986 7874 7332 7957 8147 7516 7984 8343 7832 7645 7848 8067 7459 7972 8292 8178 7791 8107 8091 7602 8123 8014 7767 7873 7360 8115 7635 8221 8274 8306 8239 8358 8073 7426 7402 8228 8172 8307 7836 7699 8051 8128 8292 7740 7384 7901 8116 8126 8166 7845 7790 7355 7950 8689 7940 7399 8174 8324 7994 7974 7366 7625 7343 8106 7807 7752 7948 7783 7695 8513 7879 7994 8154 8036 8028 8138 7677 7663 7707 7606 8109 8418 7912 7798 8167 7593 7712 8136 7704 7990 8328 7603 8052 7832 8117 7807 7559 8605 8128 8455 8088 7992 7422 7748 7842 7795 7484 7509 8129 8026 7942 7579 7954 7486 8281 7830 7742 8378 8107 7588 8325 7458 8044 7960 7854 7940 8441 8491 7671 8261 7926 8260 8620 8092 7705 8052 8090 7923 8388 7435 7319 7661 7943 7918 7992 7695 8066 7847 7849 8259 7756 7771 8564 7578 8051 7921 7462 7428 7609 8105 7821 8283 8308 8287 8053 8121 8002 7739 8033 7768 8050 8032 7927 7635 7588 7475 7818 8577 7871 7934 8099 7905 8158 8074 7858 8449 7590 8683 8540 7955 8101 
7762 7912 8144 8672 8102 7595 8079 8079 7871 7697 8154 8396 7923 8323 7861 7952 7916 8172 8607 8398 8554 8194 8079 7941 7929 8469 8458 7862 8288 8166 7462 8052 7580 8276 8138 8120 8207 8278 8532 8083 7589 7598 7799 7712 8373 8051 8437 8324 7844 7988 8812 8331 8313 8525 8311 8280 8549 8332 7992 8477 8073 7852 7747 8420 7828 8561 8268 7925 8306 8091 8152 8314 8029 8127 8236 8604 7252 8373 7404 8417 8414 9100 8447 8577 8686 8087 8006 8063 8186 8293 8273 7928 8120 8152 8105 8246 8212 8646 8103 8498 8177 8460 8513 8022 8059 8009 7998 8091 8870 8562 8023 8125 8431 8395 8075 8228 8063 7952 8338 8099 8070 8273 7991 7654 8000 7901 8744 7958 8220 7895 8363 8109 7856 8631 8770 8076 8495 8024 8780 7696 8373 8625 8239 7840 8721 7908 8112 8427 8056 7691 8022 8595 8514 8413 8086 7867 8313 8050 7836 8207 8084 7993 8318 8578 7633 7898 8434 7680 8214 8529 8834 8385 8325 8020 8206 8107 8745 8670 7808 8576 8256 8021 7908 7439 8080 7442 8352 8539 7819 7514 8167 8531 8345 8055 7607 8078 8711 8373 8464 8017 8093 7745 8166 8801 8416 8000 8062 8906 7919 7826 7891 7837 8271 8016 7892 8158 8593 7999 7841 8190 8341 7986 8128 8809 8128 7866 8468 8424 8003 8322 8031 7870 8131 7704 8371 7853 8686 8529 8755 8340 8505 8248 8066 7838 7990 8322 8438 8169 7588 8189 8364 8920 8206 7868 8182 8210 8122 8422 7897 7950 7817 8358 9059 8668 7813 8655 8106 8490 8003 7523 7679 7547 8298 8187 7858 8611 8250 7897 8787 7953 8132 8386 8289 8006 8338 8040 8185 8225 8274 8239 8675 8275 8280 8470 7589 7993 8462 8090 7925 8284 7999 8396 8275 8142 8042 7960 8674 8529 8537 8402 8092 7968 7908 8362 7874 8190 7603 8112 8125 8122 7702 8031 8211 8154 7994 8205 8337 7963 7666 8425 7944 8653 8399 7757 8210 8444 8819 7946 8625 8142 8335 8603 8039 7487 8439 8228 8323 8489 7639 7566 8148 7963 8190 8646 8097 8391 7979 8345 8409 7887 8162 8538 8097 8231 8133 7700 7834 7743 8500 7783 8648 8424 8537 8032 8363 8114 7950 8239 7976 8347 8190 8114 7974 7997 7953 8185 8721 8394 7720 7792 8075 8488 8144 8052 8994 7808 8427 8616 7757 8313 
8405 7979 8362 8543 7980 7817 8456 8267 7816 8091 8066 8676 8112 8216 8541 8303 7983 8282 8673 8249 8279 8239 8153 7920 8263 8593 8624 7975 8104 8501 7967 8151 8048 8214 8317 8229 8406 8142 8508 8160 7678 8018 7897 7892 8314 7978 8720 8274 7836 8197 8556 8615 8204 8678 7979 8121 8138 8157 8462 8504 8082 8196 7756 8553 7777 8201 8848 8148 8268 8552 8248 8059 8138 8376 8339 8496 7357 8427 7915 8044 8379 8680 7990 8511 9064 8022 8144 8394 8730 8501 8366 8276 7757 8237 8329 8138 8318 8253 7914 8198 8182 8428 8532 8244 7878 8131 8120 8371 8337 8430 8038 8125 8216 8233 8268 8030 7806 7985 8224 7993 8302 8113 7861 8019 7986 8176 9016 8148 8189 7959 8235 8371 7905 8579 8564 8282 8521 8256 8708 7851 8610 8673 8322 8064 8558 7548 8107 8536 7957 8049 8360 8565 8274 8442 8099 8347 8613 8125 7658 8239 8357 8092 8312 8497 7251 7963 8295 8310 8024 8413 8751 8088 8665 8283 8386 8602 8803 8359 7785 7942 8385 8264 8151 7570 8238 7679 8345 8332 7716 7910 8237 8009 7926 8008 7659 8053 8447 8358 8194 7973 8311 7901 7974 8479 8106 8046 8026 8687 7891 8061 7811 7991 8102 8261 7883 7887 8415 8551 8059 8137 8505 8211 7831 8645 8498 7888 8103 8493 8293 8284 7741 8061 8140 7829 8076 8010 8615 8202 8456 8543 8316 7799 7959 8119 8381 8107 8556 8008 7784 8543 8306 8486 8364 7965 8315 8799 8016 8437 7955 7979 7727 8373 8918 8561 8075 8140 8261 8286 7969 7532 7691 7432 8175 7977 7781 8491 8243 7863 8562 8093 8404 8138 7682 8179 8507 8085 8107 7955 8314 8399 8561 8183 8584 8199 8061 8253 7977 8049 8340 8670 7853 8030 8018 8280 7991 7898 8708 8555 8676 7944 8006 8167 7684 8050 8076 7620 8088 8841 8154 8038 7907 8249 7770 8167 7966 7905 8205 7818 7782 8253 7939 8693 8382 8146 8067 8441 8450 8345 8364 8329 8155 8543 8005 7296 8499 8520 7961 8589 8110 7729 7919 8025 8218 8270 7832 8569 8302 8154 8652 8062 8052 8772 7916 8473 8208 7915 7598 7986 8506 8158 8490 8590 8680 8274 8479 8113 7768 8053 8337 8711 8598 8299 7928 7897 7924 8157 8507 8357 7927 8134 8421 8444 8017 8295 8591 7936 8570 8661 7792 8415 
8094 7538 7818 8059 8050 7686 7845 8359 8097 8040 7747 8433 7980 7823 8297 8074 7772 8357 8263 8207 7960 7770 8237 7953 7995 8096 8230 7443 8156 8433 7717 8389 7736 8349 8226 7953 7931 8432 8217 8366 7237 7778 7571 7411 7934 7697 8521 8182 7408 7833 8262 8158 8195 8529 7937 7941 7994 8014 8315 8376 8015 7973 7771 8553 7419 8168 8585 7908 7916 8463 7990 7921 7756 8146 8100 8144 7569 7924 7584 7862 8322 8414 7795 8366 8243 8151 7961 8126 8602 8148 8076 8004 7814 8009 7675 8282 7673 8331 7711 7931 8130 8074 8251 7694 7709 8003 7906 8332 8290 8212 8029 7381 8212 7918 8102 8033 8060 7596 7806 7709 8327 8067 7856 7597 7943 8121 8690 7932 7927 7745 8219 7872 7469 8311 8841 8192 8271 7880 8200 7712 8166 8369 8182 7597 8480 7739 8088 8157 8022 7849 8355 8312 8295 8012 8195 7759 8493 7734 7601 7770 8107 8122 8119 8213 7512 7417 8310 8060 7943 8092 8596 8182 7975 7855 7988 8187 8492 8919 7349 8142 8357 8176 7956 7411 8332 7364 7909 7877 7644 7232 8130 8224 7920 7812 7725 7497 8540 8442 7825 8072 8409 7795 7691 8474 8158 7857 8085 8356 7936 8106 7965 7701 8079 7907 7748 8146 8109 7934 7872 7937 8251 8101 8325 8396 8130 7696 7728 8143 8309 7987 8128 7923 7928 7633 8158 7506 8373 8304 8315 8057 7998 8183 7655 7892 8258 8092 8274 7409 7754 8068 7922 8408 7881 7746 8174 8283 7839 8324 7878 8006 7651 8215 8433 8411 7881 7735 7859 8347 7659 7315 7562 7545 7846 7921 7856 8019 7993 7866 8946 7774 8463 8052 7781 7823 8296 8035 7781 7696 7817 8092 7970 7723 8448 8126 7713 8007 7946 7860 8019 8140 7520 7896 7759 8185 7704 7701 8411 8522 8286 8216 7778 7823 7789 7964 7559 7462 7882 8298 8327 7784 7653 7893 7375 8125 8017 7761 8039 7754 7504 8041 8020 8067 8263 8092 7752 8283 8478 7761 8617 8023 8171 8601 7789 7539 7854 7944 8005 8141 7889 7257 7767 8167 7829 8276 7845 8421 8217 7927 8441 7895 8045 8541 7607 7915 8043 7937 7558 7605 8127 7693 8190 8488 8262 7886 8205 7860 7936 7952 7840 8265 8439 8236 7508 7727 7641 7867 8655 7674 8028 8072 8027 8309 8163 8059 8328 7943 8513 8213 7910 8130 
7721 7611 7832 8104 8273 7803 7806 8098 7694 7400 7497 7981 7889 7680 7745 7787 7778 7954 8092 7990 7857 8014 7802 7735 7826 8082 8124 7497 7436 7969 7158 7699 7735 8016 7890 7864 7742 7898 8073 7986 7172 7830 7366 7523 7756 7710 8194 7712 7216 7542 8142 8094 7763 8493 7870 7550 7927 7478 8156 8129 8031 7626 7454 8131 7280 7524 8339 7947 7458 8232 7767 7552 7205 7988 8063 7885 7479 7876 7375 7628 7909 8187 8045 7854 8570 7780 7908 7852 7924 7924 7892 7680 7685 7826 7951 7502 7552 8243 7624 7401 7992 8083 8049 7699 7652 7667 7688 7920 8080 7925 7800 7370 7778 7985 7571 7551 7568 7973 7987 7563 7922 7630 7515 7599 7563 7714 8409 7698 8098 7750 7905 7936 7414 7914 8046 7631 7658 7887 8034 7369 8242 8130 7755 7299 8035 7448 7875 7823 7316 7498 7792 7829 8045 7857 7818 7670 8137 7476 7552 7651 7317 7920 8118 7741 7289 7508 8046 7650 7789 7904 8375 7939 7959 7453 8211 8151 7910 8182 7279 7997 7909 7853 7512 7397 7983 7260 8105 7692 7554 7614 7795 8173 7665 7541 7321 7619 8213 7880 7802 7656 7740 7502 7985 8187 7547 7887 7509 8448 7608 7691 7993 7522 7835 7937 7583 7611 7903 7888 7552 8075 8142 7760 7556 8268 8012 7710 8017 8334 7694 7894 7843 7664 7670 7498 7873 7227 8280 8035 8212 8228 7911 7749 7694 7618 8041 7806 7945 7550 7964 8054 7905 8347 7932 7343 7997 8131 7875 7850 7972 7877 7545 8068 8448 7727 7290 7869 7819 7993 7648 7264 7172 7194 7813 7505 7384 8000 7940 7651 8346 7941 7864 8227 7500 7766 8143 7520 7871 7772 7599 8018 8238 7886 8017 7772 7485 7761 8038 7589 7605 7924 7691 7685 7619 7783 7611 7547 8149 8062 7668 7768 7596 7670 8103 7566 7549 7422 7615 8029 7727 7668 7611 7594 7762 7946 7621 7424 8014 7598 7795 7683 7269 8096 7782 7716 7869 7910 8356 7688 8035 7819 7916 8402 7673 7144 7896 8042 7608 7981 7610 7198 7379 7486 7808 8120 7518 8141 7935 7764 8161 7786 7821 8160 7697 8040 7960 7545 7296 7478 7970 7755 8014 8283 8005 7595 7924 7992 7625 8047 7812 7754 8203 7728 7585 7742 7150 7567 8155 7378 7715 7564 7845 7838 7833 8001 8110 7513 8273 7878 7490 7806 
7412 7427 7554 7753 7533 7359 7052 7354 7236 7674 7074 8022 7975 7614 7279 7822 7387 7725 8199 7434 7195 7394 7531 7269 7687 7816 7660 7311 7551 7638 7314 7561 7252 7501 7525 7152 7198 7593 8016 7696 6871 7149 7325 7382 7317 7286 7820 7658 7057 6978 8019 7848 7454 8396 7329 7470 8130 7696 7715 7889 7552 7485 7360 7701 6770 7532 7746 7692 7519 7774 7651 7410 7177 7607 8047 7863 6860 7770 7120 7364 7779 7765 7238 7614 8105 7589 7350 7524 7624 7745 7723 7216 7217 7362 7292 7475 7566 7756 7188 7298 7835 7911 7541 7258 7057 7619 7426 7863 7966 7699 7265 7256 7595 7631 7651 7541 7500 7339 7524 7252 7710 7372 7303 7197 7414 7542 8148 7516 7495 7192 7494 6908 7116 7620 8013 7636 7738 7592 7832 7045 7683 7877 7683 7162 7625 6827 7601 7594 7123 7928 7700 7565 7649 8071 7660 7244 7919 7237 7231 7514 7438 7304 7321 7601 7304 7193 7389 7150 7378 7763 7971 7528 7458 7444 7566 7535 8098 7930 6732 7537 7630 7293 7205 6877 7619 7118 7292 7422 7222 6971 7658 8009 7550 7266 7198 7223 8047 8017 7579 7545 7263 7337 7142 7713 7806 7397 7255 7890 7446 7209 7163 7315 7630 7382 7266 7592 7459 7729 7462 7638 7483 7410 7355 8456 7823 7120 7519 8137 7144 7266 7580 7242 7636 7200 7477 7194 7667 7797 7720 7721 7448 7535 7563 7206 7314 7330 7815 7167 7215 7520 7111 7986 7493 7073 7587 7600 7246 7743 7398 7577 7107 7599 8075 7814 6976 7509 7667 7447 7021 6931 7246 6849 7666 7273 7155 7767 7394 7707 8319 7629 7477 8050 7125 7503 7932 7356 7185 7329 7338 7731 7635 7579 7513 7755 6935 7689 7310 7497 7490 7724 6799 7311 7516 7620 6961 7234 8030 7803 7948 7295 7279 7379 7131 7396 7111 7160 7287 7570 7387 7378 7089 7523 7256 7536 7336 7289 8025 7356 6918 7548 7496 7891 7808 7495 7573 7954 7650 7367 7981 7305 7598 8256 7524 6988 7991 7777 7657 7749 7448 7253 7242 7482 7289 7851 7113 7560 7487 7296 7715 7395 7500 7964 7119 7436 7603 7353 7195 7340 7826 7351 7669 7772 7747 7672 7589 7210 7198 7626 7232 7775 7599 7608 7078 7129 7263 7338 7991 7181 7228 7540 7417 7883 7267 7173 8001 7661 7757 7649 7379 7540 
8223 7889 8168 8444 8455 8035 8054 8624 8196 8232 7645 8643 8085 8302 8300 8322 8070 8192 8962 8172 7963 7815 8278 7906 8307 8420 8554 7795 8518 8203 7709 8051 7973 8531 8122 8165 8312 8140 8560 8550 7428 7754 7724 7940 8008 7744 8580 8319 7757 8052 8425 8316 7904 8730 7884 8439 8198 7812 8103 8485 7987 8070 7672 8193 7496 8483 8459 8260 8335 8342 8175 8057 8012 8254 8408 8266 7389 8221 7664 8265 8086 8719 8183 8598 8955 7933 7963 8028 8070 8365 8177 7889 7700 8070 8233 8153 8078 8305 7810 8167 8448 8519 8196 7805 8069 8314 7863 8490 8514 8484 7726 7959 8077 7985 8089 8283 8101 8104 8043 7881 8198 8348 7904 7943 7813 8271 8742 7898 8443 8021 8114 7982 7676 8413 8956 8086 8636 7819 8096 8205 8546 8500 8491 7801 8121 7726 8198 8180 7711 7917 8114 8351 8394 8397 8119 8140 8614 7821 7813 8173 8009 7988 8069 8462 7516 7788 8288 8002 8253 8269 8837 8248 8130 7985 8130 8445 8529 8441 7659 8212 8392 8004 7905 7423 8402 7695 8256 8275 7873 7876 8111 8533 7962 8245 7922 7837 8483 8460 8439 8000 8210 7802 7975 8709 8273 7529 7981 8566 7992 8043 7900 7892 8194 8287 7603 8301 8427 7864 8168 8157 8266 8333 8235 8337 8111 8081 8308 8743 8026 8190 7949 7956 7991 7862 8076 8106 8859 8462 8409 8652 8044 7963 8056 7830 8354 8289 8379 8028 7717 8074 8110 8271 8206 7780 8335 8249 8251 8496 7888 8015 7518 8083 8912 8348 7739 7945 8237 8504 7838 7502 7687 7409 7633 8024 7921 8369 8225 7936 8521 7907 8374 8327 7947 7975 8313 7806 8209 8088 7677 8097 8474 8375 8164 8076 7701 7764 8051 8040 7744 8368 7906 8328 8282 8296 7990 7722 8520 8803 8483 8115 7830 8095 8198 7949 8124 7552 7474 8534 8329 7975 7722 8079 7894 8165 8133 7768 8352 7861 7782 8218 8075 8566 8386 7855 8228 8312 8836 7808 8514 8378 8360 8819 7826 7812 8311 8268 8027 8547 7743 7666 7770 8336 7853 8111 7867 8109 8323 8248 8284 7906 7961 8687 8171 8316 8302 7475 7916 7768 8437 7637 8830 8504 8378 7891 8433 7805 8071 8305 7821 8226 7932 8059 7981 8039 7813 7970 8605 7797 7990 8032 8326 8390 8042 8066 8756 7751 8460 8632 7999 8101 
8504 8197 8443 8428 8776 8295 8492 8684 8177 8404 8604 8727 8355 8564 8823 8291 8258 8545 9042 8796 8435 8378 8255 8189 8709 8564 8983 7953 8447 8567 7931 8424 8515 8725 8205 8298 8500 8836 9093 8739 7803 8233 8073 8074 8411 8300 9025 8313 8191 8323 8757 8481 8500 9180 8645 8625 8624 8301 8582 8573 8385 8506 8304 8677 7833 8594 9077 8268 8447 8772 8392 8267 8086 8471 8709 9021 7627 8488 8329 8583 8598 8712 8853 8947 9036 8437 8743 8498 8894 8848 8534 8311 8215 8479 8512 8664 8261 8639 8034 8381 8361 8721 8818 8379 8092 8321 8337 8459 8855 8705 8253 8318 8483 8388 8618 8350 8366 8426 8491 8320 8623 8645 7976 8214 8260 8602 9198 8673 8794 8239 8807 8188 8227 8896 8958 8589 8513 8397 9227 8104 8829 8995 8601 8211 8998 8316 8347 8432 7871 8225 8572 8581 8707 8393 8460 8542 8583 8243 8211 8316 8109 8316 8389 8798 7812 8007 8589 8225 8684 8630 9022 8129 8398 8245 8308 8715 8786 8981 8086 8471 8544 8488 8426 7927 8698 8068 8414 8872 8549 8243 8671 8632 8390 8206 7804 8357 8921 8565 8702 8243 8207 8095 8611 8882 8680 7969 8189 9005 8351 8601 8386 8085 8638 8556 8227 8330 8772 8325 8379 8403 8576 8018 8355 8731 8483 8307 8281 8413 8401 8673 8666 8436 8434 7959 8619 7931 8882 8662 8757 8989 8548 8442 8264 8153 8841 8917 8669 8297 8446 8690 8561 8753 8444 8268 8903 8818 8562 8430 8180 8448 8118 8749 8943 8422 8090 8515 8674 8952 8235 8156 7854 7820 8364 8094 7969 8482 8532 8347 8896 8677 8526 8703 8232 8237 8858 8487 8518 8394 8396 8510 8933 8382 8646 8734 7976 8813 8585 8115 8224 8706 8016 8320 8380 8529 8483 8056 9038 9138 8700 8469 8277 7902 8229 8003 8376 8372 8015 8576 8523 8363 8158 8478 8200 8530 8299 8343 8919 8130 8131 8725 8173 8394 8429 8509 8718 8548 9117 8378 8625 8605 8640 8920 7960 7681 8764 8699 8364 8721 7880 7913 8223 8177 8348 8780 8129 8768 8276 8593 8796 8431 8175 9125 8310 8496 8628 8390 7906 8230 8766 8299 8562 8648 8927 8068 8232 8330 8358 8729 8520 8691 8438 8532 7996 8450 7848 8551 8684 8228 8256 8119 8455 8686 8158 8393 8834 7983 8813 8630 8253 8479 
7787 7785 8159 8145 8260 7509 8159 8232 8167 7765 7627 8646 7977 8163 8344 7921 7702 7852 8562 8194 7864 7989 7865 7917 8134 8186 8201 7535 7918 8133 7807 7842 8169 8295 7862 7652 7718 8197 8445 8322 7200 7692 7703 8069 8018 7785 8709 7949 7490 8032 8687 8158 7933 8322 8001 7840 7984 8106 8346 8426 7870 7798 7752 8149 7906 8101 8515 7760 8049 8481 8442 8037 7767 7940 8343 8340 7274 8347 7261 7895 8410 8307 7934 8642 8450 7950 7927 7943 8501 8325 8110 8210 8349 8143 8016 8221 7663 8221 8023 8019 8316 8641 8133 7919 8156 7989 7688 8265 8441 8464 7653 7823 8202 7881 8139 8146 7689 8109 8429 8072 8112 7707 7673 7804 7701 8790 8684 8083 8264 7746 8411 7956 7624 8426 8467 8176 8215 8221 8377 7792 8350 8288 7934 7870 8163 7798 8040 8163 7686 8097 8145 8016 8114 8227 7951 8092 8572 7691 7570 8067 8115 8092 8492 8182 7643 7652 8479 8162 7860 8204 8713 8499 8257 8079 7978 8373 8382 8672 7694 7917 8456 8021 7873 7643 8171 7838 8029 8291 7856 7500 8034 7932 8170 8089 7465 7517 8322 8158 8045 8348 8055 7984 8462 8685 8375 8038 7689 8491 8023 8113 8308 7818 8265 8028 7661 7973 8182 8273 7555 8120 8262 7677 7898 8569 8111 7479 7980 8438 7872 8081 8321 7773 7920 7974 8338 7604 8479 8221 8542 8691 7889 8265 7563 7800 8253 8142 8268 7825 7909 8281 8095 8727 8084 7890 8120 7989 7882 8207 7793 8208 7949 8268 8511 7891 7728 7936 8155 8400 7938 7487 7409 7628 8298 8017 7567 8554 7990 7772 8322 8174 7909 8246 7897 7902 8382 7922 8217 7886 7887 8387 8337 8243 8350 8060 7886 7935 8322 7788 7725 8529 7486 7774 7852 8029 8156 7766 8371 8177 8274 7735 7717 7875 7682 7983 8218 7693 7812 8140 8440 7738 8029 8031 7559 8110 7876 7948 8214 7975 7948 8115 7809 8217 8206 7913 8079 8461 8663 7942 8398 8314 8285 8630 7725 7286 8392 8331 8189 8332 7433 7282 7819 7805 7860 8260 7662 8376 7814 7890 8408 7902 8224 8356 8045 8282 8105 7711 7636 7842 8218 7583 8542 8026 8346 7917 8141 8030 7943 7684 7817 8110 8213 8082 7926 7765 7624 8045 8285 8067 7889 7905 7910 8459 7917 7957 8524 7589 8358 8669 7770 8083 
8106 7838 8518 8572 8474 8183 8191 8612 8167 7817 8137 8625 8336 8155 8349 8095 7742 7965 8973 8178 7993 8277 8173 8032 8427 8514 8382 8067 8244 8369 7638 8073 8277 8392 8025 8152 8443 8309 8327 8380 7418 8287 7870 7936 8245 8061 8635 8326 7671 8015 8666 8746 8370 8816 8069 8067 8203 8135 8254 8683 8004 7750 7782 8619 7785 8262 8645 8289 8033 8134 8400 8217 8161 8373 8511 8386 7675 8230 7918 8249 8338 8340 8027 8632 8860 8012 8148 8605 8411 8664 8552 7961 8248 8225 8271 8215 8283 8678 7933 8458 8583 8588 8451 8184 7861 8176 8049 8363 8617 8289 8073 8244 8702 8363 8176 8352 7895 8255 8403 8125 8335 8273 8157 7826 8001 8141 8986 8209 8396 7963 8251 7995 7956 8378 8861 8385 8143 8010 8519 7909 8562 8605 8431 7932 8461 7953 8557 7988 7769 7929 8566 8245 8469 8714 8354 8355 8665 8022 7945 8545 7880 8434 8407 8507 7609 8093 8459 8000 8354 8588 8870 8027 8309 7904 8261 9008 8659 8948 7756 8435 8501 8285 7954 7601 8091 7823 8119 8268 7908 7889 8314 8220 8074 7899 7802 7881 8421 8402 8403 7826 8044 7535 8205 8614 8727 7876 7939 8789 7905 8102 8155 7958 7876 8339 7790 8408 8332 7960 7846 8099 8703 8076 8128 8744 8331 7834 8274 8367 8040 8623 8159 7805 7997 7676 8314 7879 8688 8393 8611 8236 8180 7841 7892 8099 8195 8442 8382 7907 7743 8180 8403 8553 8253 7838 8374 8639 8256 7997 8109 7913 7824 8074 8575 8420 8030 8153 8063 8600 7685 7670 7793 7353 8213 8212 7783 8503 8477 8062 8837 8154 8489 8673 8052 8257 8328 8145 8138 8309 8090 8054 8701 8173 8332 8054 7634 8043 8314 8196 8171 8514 7561 8333 8168 8609 8039 8044 8485 8691 8785 8032 8214 8284 8202 8258 7978 7897 8011 8077 8334 8362 7862 7926 8017 8392 7922 7976 8351 8098 7754 8271 7871 8627 8318 8160 8162 8131 8473 7923 8329 8339 8111 8892 8284 7506 8509 8010 8044 8340 7751 7546 7901 8025 7952 8531 7742 8349 8358 8024 8439 8195 7893 8957 8117 8672 8466 8181 7753 7624 8463 8055 8328 8280 8373 8181 8323 8318 8000 8451 8263 8124 8288 8324 7871 7733 7748 8411 8507 8314 8132 8198 8059 8402 8086 8249 8752 7793 8420 8780 8198 8641 
8101 7616 8209 7985 8230 7782 7941 8267 7688 7977 7728 8496 8011 8029 8425 7859 7668 8149 8299 7815 7733 7635 7965 7496 7810 7818 8767 7616 8151 8185 7582 8016 7638 8192 8116 7931 7852 7743 8279 7969 7257 7896 7597 8044 8085 7553 8444 8030 7463 7610 8345 8026 7824 8287 8223 7707 7932 7802 8264 8146 8137 8025 7663 8442 7416 8087 8906 7941 8304 8084 8005 7939 7876 8088 8112 8544 7576 7923 7598 7997 8250 8811 7911 8270 8460 8162 8206 7910 8266 8031 8494 8153 7912 7912 7782 7828 7758 8049 7629 8023 8243 8063 8161 8008 7665 8047 7859 8219 8626 8217 7869 7921 8067 8373 8049 7744 7987 7998 8167 7901 8191 7810 7692 7472 7973 7787 8662 7944 8300 7951 8081 7747 7395 8325 8137 7790 8058 7968 8228 7660 8185 8379 7994 7882 8351 7552 8014 8082 7551 7538 8046 8456 8083 8280 8355 7804 8175 8140 7383 7994 7880 7650 8160 7922 7553 7350 8234 7772 7900 7992 8591 7990 7983 7775 8128 8283 8250 8537 7461 8004 8202 8141 7926 7470 7856 7712 7891 8370 7885 7479 8150 7898 7851 7849 7371 7623 8529 8161 7950 7843 8189 8073 7939 8260 8048 7675 7834 8572 7900 7808 7797 7920 7995 8064 7436 8093 8222 8281 7366 8169 8463 7727 8128 8611 7912 7723 8034 8334 7749 7648 8123 7677 7958 7791 8202 7230 8184 7952 8253 8089 7754 7940 7657 7815 7601 8195 8246 7593 7666 8007 7704 8473 7841 7926 8261 8153 7792 7925 7961 7988 7560 8282 8507 8070 7808 8097 7929 7976 7963 7525 7358 7450 8336 7786 7524 8287 8005 7656 8685 8009 8030 8187 7835 7478 8279 7632 8034 8073 7823 8549 8509 7972 8076 7794 7396 8089 8022 7962 7960 8225 7904 7758 7524 8020 8173 7351 8343 8229 8026 7938 7723 7880 7727 7974 7707 7796 7973 8250 7795 7933 7844 8003 7324 7952 7630 7910 8127 7733 7862 8056 7633 8142 7792 8185 7712 8282 8547 7855 8331 7778 8222 8477 8071 7355 7842 8193 7923 8089 7813 7595 7627 7595 8158 8062 7580 7953 7996 8086 8232 7799 7986 8217 7889 7825 7888 7697 7469 7856 7900 7811 8231 8465 8410 7809 8195 7904 7686 8373 7614 7576 8135 7740 7657 7752 7592 8143 8060 7978 8018 7544 7954 7885 7718 8050 8518 7804 8346 8535 7587 8076 
6894 7101 7298 7390 7493 7000 6999 7448 7028 7086 6968 7282 7079 7109 7387 7172 7268 7252 7794 7173 7083 7064 7341 6942 7114 7039 7323 6785 7098 7366 6729 7097 7160 7391 7017 7173 7109 7376 7209 7218 6751 6768 6921 6652 7013 7196 7617 6760 6795 6859 7323 7253 7024 7627 7094 7170 7142 7220 7614 7370 7058 6585 6733 7358 6599 7086 7414 7137 6945 7167 7342 7168 7119 7292 7559 7444 6889 7234 6858 7022 7223 7646 7074 7501 7971 6805 7111 6991 7226 7523 7625 6807 6993 7065 7101 7367 7101 7764 7006 7386 7321 7720 7299 6849 6713 7090 6804 7323 7394 7402 7083 6976 7377 6958 7486 7297 7108 6921 7177 6614 7508 7162 6731 6805 7036 6901 7734 7197 7342 7046 7209 7083 6927 7396 7821 7051 7115 6858 7599 6955 7396 7236 7161 7011 7417 6970 7454 7434 6739 7142 7080 7441 7439 7338 7316 7208 7260 6569 6784 7356 6969 6949 7279 7431 6798 7130 7041 6978 7187 7361 7911 7405 7377 7194 7115 7296 7523 7820 7004 7089 7539 7573 6937 6873 7374 6633 7244 7276 7204 6754 7034 7861 7169 6893 6965 6955 7529 7242 7365 7201 7086 7217 6885 7551 7561 6889 7006 7612 7207 7325 6904 7156 7408 7021 6886 7073 6933 7261 6800 7016 7443 7056 7139 7655 7083 6918 7047 7520 6665 7242 7337 6854 6894 6842 7381 6686 7503 7652 7660 7213 7095 7234 6897 6773 7544 7377 7351 7190 6972 7204 7317 7635 7051 7048 7139 7127 7181 7055 7027 6928 6655 7382 7539 7072 6832 6949 7110 7212 6758 6832 6718 6825 7167 6985 6745 7198 7271 7046 7755 6899 7120 7598 6839 7009 7312 7012 6956 6997 6992 7201 7133 7110 7624 7366 6416 7019 7186 7173 7031 7048 6537 7227 7155 7579 6685 7059 7356 7392 7429 7340 7036 6924 6904 6837 6962 6893 6857 7277 7212 7026 6935 7228 6753 7345 7254 6910 7229 6957 6749 7089 7203 7260 7068 7143 7311 7598 7375 6821 7400 7274 7175 7519 7186 6671 7559 7185 7209 7191 7125 6502 6762 6679 7005 7475 6978 7188 7367 7152 7339 6892 7237 7690 7137 6940 7264 7089 6898 7157 7082 6583 7836 7360 7417 7069 7254 7331 6926 7273 7326 7325 7187 7385 6941 6710 6559 6949 7494 6892 6967 6969 6945 7228 7169 7454 7502 7076 7937 7583 7422 6977 
7941 7895 8167 8070 8131 7699 7737 8149 8097 7873 7800 8093 7973 8020 8225 8225 7958 8143 8779 7877 8110 8090 8182 7839 7980 8234 8399 7529 8226 8518 7531 8112 8018 8048 8001 8037 8222 7884 8268 8328 7276 7700 7510 7587 8170 8143 8408 8088 7566 8009 8768 8213 8079 8811 7862 7962 7897 7918 8281 8333 8143 7802 7756 8557 7642 8130 8185 8061 7694 7964 8080 7862 7877 7665 8416 8353 7415 7976 7773 8147 8287 8556 7882 8050 8635 8014 7986 8211 8283 7989 8281 7876 7813 7910 8246 8034 7923 8269 7544 8238 7942 8473 8028 7980 7658 7910 7771 8336 8341 8026 8088 7802 8310 8251 8002 7862 7724 8146 7900 7877 8375 8028 7489 7617 7664 7737 8988 7899 8132 7942 8112 7996 7901 8271 8511 8141 7965 7955 8558 7521 8511 8518 8010 7767 8223 7838 8136 7878 7519 8028 8126 8383 8033 8386 8020 7991 8324 7598 7565 8327 7790 8044 8610 8130 8001 7715 8291 7841 7722 8178 8881 8139 8525 7897 8081 8228 8597 8718 7597 8204 8376 8351 7737 7412 8052 7478 7946 8217 7828 7625 8291 8028 7909 7803 7773 7792 8301 8521 8149 7918 8204 7691 8150 8020 8350 7881 7986 8634 8021 7614 7734 7809 8057 8003 7361 8224 8494 8124 7780 8302 8338 7643 8078 8324 7968 7763 7918 8487 7652 8316 8132 7535 8061 7870 8022 7765 8173 8436 8382 8330 7780 8010 8029 7982 7961 8265 8333 7930 7694 8097 8072 8574 8003 7562 8111 8029 7960 7821 7733 8152 7551 8171 8725 8133 7933 8293 8287 8069 7716 7290 7460 7547 7782 7887 7567 8591 8150 7955 8619 8125 7952 8192 7644 7809 8494 7853 7859 8027 8002 8178 8313 8114 8007 7921 7607 8000 8050 7771 7842 8578 7743 7910 7861 7905 7728 7749 8115 8413 8545 7875 7897 8262 7677 8220 7675 7836 7817 8127 7670 8029 7821 8020 7500 8336 7990 7704 8289 7900 7726 8141 7788 8226 8055 7892 8251 8487 8605 7819 8625 7976 7736 8688 7856 7195 8412 8218 8050 8395 7655 7171 7646 7787 8181 8434 8031 8364 8246 7890 8260 7647 7708 8673 7829 8013 8027 7844 7695 7905 8322 8137 8411 8318 8374 8067 8095 7933 8041 8032 7429 8279 7929 7951 7699 7474 7564 7962 8247 7810 7779 7991 7989 8293 7668 8045 8157 8124 8528 8383 7597 8212 
7697 7325 7736 7721 7694 7345 7220 7813 7134 7215 7428 8021 7505 7435 7310 7230 7423 7587 7979 7682 7748 7310 7782 7350 7504 7829 7793 7245 7520 7696 6931 7709 7125 7977 7743 7644 7743 7589 7919 7663 6692 7393 7335 7037 7576 7512 7944 7454 6981 7325 7719 8159 7582 7849 7265 7231 7953 7303 7748 7717 7269 7025 7196 7448 6823 7726 7624 7480 7441 7756 7238 7214 7239 7708 7716 7496 7283 7619 7330 7574 7676 7882 7432 7428 7830 7530 7877 7583 7589 7503 7981 7046 7515 7337 7464 7576 7591 8157 7710 7451 7744 7678 7606 7290 7216 7624 7348 7576 7755 7654 7523 7533 7530 7620 7682 7415 7417 7531 7898 7249 7644 7794 7093 7210 7632 7447 8138 7865 7493 7515 7477 7461 7038 7724 7821 7734 7656 7546 8007 7408 7778 7906 7597 7149 8120 6973 7790 7535 7070 7487 7473 7775 7757 8021 7401 7125 7676 7389 7493 7506 7422 7570 7511 8059 6999 7126 7844 7369 7512 7653 8335 7446 7345 7476 7666 7605 7946 8309 7190 7742 7764 7683 7527 6897 7858 6833 7632 7544 7381 7155 7593 7484 7285 7357 6956 7225 8180 7592 7591 7516 7346 7265 7840 7785 7648 7304 7219 8105 7228 7203 7097 7079 7486 7593 7117 7638 7901 7578 7290 7405 8001 7433 7493 8114 7439 7431 7485 8003 7600 7773 7376 7360 7478 7143 7554 7271 7903 7967 7945 7796 7729 7578 7298 7353 7490 7798 7523 7404 7183 7473 7650 8151 7572 7451 7818 7730 7641 7606 7214 7068 6841 7732 8193 7652 7227 7208 7652 7462 7091 7158 6806 7184 7525 7479 7096 7743 7563 7596 8124 7293 7532 7753 7210 7667 7727 7311 7575 7510 7056 7768 7712 7714 7655 7574 6963 7584 7592 7413 7521 7659 6908 7469 7505 7830 7623 7215 8015 8140 7927 7530 7633 7356 7652 7212 7407 7294 7127 7829 7654 7274 7072 7736 7394 7633 7407 7196 7521 7501 7028 7768 7401 7685 7645 7655 7644 7789 7931 7628 8024 7698 7535 7958 7386 7099 7812 7611 7324 7885 7217 6829 7264 7236 7636 7806 7262 8036 7518 7575 7629 7380 7519 7824 7375 7797 7670 7462 7026 7359 7812 7484 8248 7592 7850 7351 7636 7638 7485 7907 7388 7520 7774 7560 6867 7146 6965 7396 7932 7717 7236 7488 7700 7882 7371 7611 7955 7307 7815 7717 7198 7387 
7990 7642 7986 8364 7911 7563 7936 8087 7615 7557 7863 8083 7922 7799 8082 7721 7907 7938 8399 8301 7740 8216 8170 7397 7851 8166 8220 7961 7839 8428 7484 8166 7612 8143 7872 8047 7798 7934 8213 8237 7296 7896 7652 7615 7846 7918 8091 7955 7300 7904 8357 8747 7903 8703 7965 7815 7942 8005 8115 8171 8224 7722 7640 8344 7097 7963 8386 7861 8006 8278 7858 7871 7461 8194 8142 8285 7589 8053 7552 7879 8198 8127 8027 8042 8286 7776 8005 8092 8423 8107 7706 7679 8059 7952 7858 8112 7958 8175 7954 7876 8100 8598 8145 7684 7536 7845 7782 8015 8286 8275 7851 8121 8278 8164 7834 7780 8011 7701 7900 7520 8054 8271 7582 7701 7771 7959 8674 7937 8023 8077 8185 7662 7494 8268 8518 8239 8112 7780 8153 7528 8479 8148 8321 7610 8321 7701 8056 8037 7509 7881 8110 8181 8471 8323 8123 7868 8425 7931 7545 7895 8148 7645 8237 8230 7546 7802 7931 7898 8011 8007 8445 7853 8023 7775 8003 8323 8539 8619 7651 8051 8363 8109 7765 7528 8271 7439 8129 7834 7645 7546 8138 7919 7794 7660 7461 7728 8188 8089 7830 8074 7934 7725 7922 8696 8262 7851 7968 8413 7528 7940 7832 7688 8214 7823 7735 7988 8200 7595 7605 8079 8182 7473 7927 8660 7909 7557 8135 8491 7906 8062 7873 7676 7481 7763 8081 7336 8242 8231 8263 7986 7992 7883 7726 7433 8072 7818 7976 7869 7798 7949 7660 8399 7976 7867 8211 8473 8035 7656 7764 7896 7548 7997 8595 8240 8113 7957 7951 7953 7424 7336 7472 7366 8180 7769 7484 8411 7747 8005 8578 8056 8295 7974 7864 7784 8260 7613 7733 8105 7490 7883 8302 7875 8089 8189 7665 7824 7868 7861 7866 8114 7478 7917 8027 8089 7785 7710 8418 8415 8543 8228 7879 8040 7731 7936 7928 7573 7987 8173 7877 7752 7998 7977 7660 8043 7731 7779 8294 8063 7819 8103 7694 8322 7984 7837 7931 7824 8420 7726 8309 8137 8155 8370 8054 7353 8057 7868 7810 8369 7690 7186 7637 7776 8063 8086 7718 8127 7906 8121 8286 8018 8269 8691 7886 8118 8039 8143 7545 7504 8215 7785 8274 8544 8415 7970 8209 8162 7826 8074 7830 8251 8127 7904 7624 7854 7528 7907 8228 7573 7496 7769 7510 8009 7668 8077 8406 7821 8544 8236 7883 8056 
7987 7435 7939 8020 7989 7754 8069 8203 7973 7793 7584 8012 7879 7993 8059 7784 7885 8093 8700 7833 7959 8001 8068 7592 8062 8277 8451 7093 8019 8030 7352 8112 7906 8126 7851 8153 7882 8090 8181 8133 7314 7710 7507 7459 7961 7938 8394 7951 7282 7917 8230 8152 7957 8488 7965 8023 7722 7835 8286 7790 8181 7852 7719 8142 7590 7876 8261 7826 7975 8231 7716 7960 7821 8209 8082 8293 7520 8068 7657 8108 7995 8259 7840 8611 8352 8164 8121 8059 8406 8197 8242 7848 7754 8046 7925 7967 7835 8083 7782 7768 8133 8358 8339 7741 7639 7903 7584 8245 8287 8099 8045 7598 7821 7915 7724 8268 7814 7765 7975 7819 8072 7928 7898 7693 7445 8227 8556 7678 7705 7907 8202 7813 7588 8553 8481 7895 7800 7650 8178 7307 8147 8370 8163 7573 8216 7901 7799 8173 7673 7970 8130 8100 8018 8551 8274 7725 8292 8047 7422 8171 7849 7824 8246 8158 7393 7538 8453 7872 8124 7993 8466 8058 8156 7926 7865 8327 8356 8555 7558 8363 8158 8214 7611 7323 8179 7537 7737 8166 7687 7340 7879 7991 7509 7751 7637 7756 8340 8194 8012 7537 7955 7713 7890 8301 8192 8020 7933 8200 7900 7860 7792 7843 7824 7930 7368 7681 8229 8007 7775 8015 8217 7884 7930 8648 8368 7439 7985 8212 7865 8046 8045 7539 7612 7738 8055 7341 7934 8020 8338 8109 7437 7976 7746 7559 8211 8041 8034 7684 7537 8238 8016 8246 8063 7289 7871 8209 8196 7938 7862 7890 7171 7727 8754 7977 7857 8029 8196 8265 7925 7302 7339 7582 8018 8081 7442 8070 7816 7557 8352 7975 8024 7939 7674 8286 8250 7663 7566 7912 7747 8105 8422 8005 8426 8139 7670 7959 8037 7622 7646 8076 7699 7950 7871 8061 7732 7543 8224 8447 8091 8078 7785 7756 7832 7733 7705 7857 7426 8229 7916 7992 7824 7846 7838 7908 7625 7706 8153 7757 7851 7700 7792 8172 8107 7779 7954 8311 8430 7836 8591 7752 8166 8721 7954 7464 8134 8300 8119 8409 7444 7494 7665 7546 7970 8267 7446 8221 7991 8044 8273 7809 7931 8505 8184 7893 8085 7654 7370 7819 8296 7997 8472 8306 8173 7931 7620 8066 7809 7841 7732 7790 7763 7829 7760 7638 7368 7923 8308 7544 7618 7794 7910 8049 7769 7822 8353 7543 8415 8149 7499 8064 
8115 7860 8428 8336 8041 7630 7936 8454 7973 7986 8215 8493 8238 8087 8259 8152 8192 8146 8684 8331 8224 7749 8054 7596 8188 8266 8756 7804 8086 8476 7665 8393 8065 8203 8244 8313 8139 8330 8513 8258 7617 7929 7748 7479 8255 7943 8387 8204 7636 7875 8536 8310 7973 8671 7716 8140 8116 7775 7962 8349 7855 7745 7912 8362 7554 8492 8460 8384 7965 7988 7887 7864 8078 8321 8539 8137 7490 7966 7621 7924 8353 8182 7979 8306 8596 7986 8410 8180 8570 8254 8268 8104 7729 8184 8041 8017 8032 8488 7692 8386 8077 8616 8349 7980 7492 8368 8124 8249 8550 8402 8004 7901 8225 7838 8123 8005 8112 8053 8406 7793 8139 8275 7931 7804 8040 7826 8710 8094 8252 7887 8101 7715 7635 8575 8326 8136 8353 7904 8390 7577 8404 8470 7924 7731 8504 7891 8097 8374 7874 7878 8115 8352 8057 8513 8279 7819 8537 7749 7466 8339 7904 7885 8174 8350 7509 7486 8015 8015 8038 8182 8423 8136 7996 8141 8299 8414 8641 8919 7654 8413 8154 7912 7657 7928 8398 7936 8043 8146 8150 7942 8420 8276 7994 7960 7456 7726 8229 8471 8195 8007 8050 7911 7783 8671 8456 7880 7649 8493 8167 7973 7989 8090 8137 8101 7549 7906 8390 8328 7638 8199 8491 8084 8085 8730 8157 7858 7975 8319 8012 8495 8314 7820 8182 7625 8347 7541 8478 8710 8166 8069 8194 8472 8334 7715 8419 8484 8339 7776 7734 7950 7913 8809 8291 7698 8285 8026 8025 8145 7839 8043 7700 8476 8816 8201 7617 8015 7979 8047 7810 7536 7469 7610 8024 8118 7652 8227 8399 7578 8630 8281 7993 8104 7527 7901 8569 8288 8118 8065 7757 8299 8371 8029 8544 8360 7914 8216 7889 7891 8164 8338 7809 7868 8019 8026 7918 7752 8286 8559 8395 8142 7842 7885 7821 7809 7959 7825 7872 8254 8017 8061 7608 8155 8040 8282 8030 8056 8231 7876 7517 7708 8392 8531 8116 8234 8062 8500 8042 7993 8622 7906 8357 8457 8344 7279 8293 7861 7976 8064 7687 7398 7914 7902 8071 8191 7517 8511 8066 7916 8524 8078 7966 8924 8186 8005 8142 8033 7754 7861 8081 7685 8753 8511 8356 7774 8206 7997 7634 8226 8082 8298 8127 7937 7249 7632 7752 7923 8467 7855 7699 7953 8206 8233 7998 8257 8554 7954 8694 8215 7512 8290 
8472 7947 8342 8293 8261 7764 8259 8515 7967 7953 8001 8450 8140 8324 8332 7868 7881 8252 8985 8233 7783 8365 8119 7963 8130 8087 8229 7537 7765 8008 7815 8451 7581 8051 8133 7961 8113 8088 8687 8503 7388 8026 7738 7670 7896 7734 8837 8192 7608 8122 8834 8505 8201 8843 8217 7883 8193 8102 8278 8390 7963 8022 7634 8427 7715 7907 8651 8434 7705 8336 8173 8191 7957 8293 8432 8448 7617 8147 7867 8126 8196 8617 7790 8444 8706 7957 7891 8235 8538 8278 8385 8049 8015 8056 8119 8348 7945 8646 7955 8181 8602 8528 8059 8145 7968 8237 7839 8400 8735 8481 8153 8109 8022 8434 8005 7763 7576 8195 8084 7970 7902 8505 7933 7899 7815 8117 8547 7982 8393 8200 8169 7742 7755 8343 9069 8261 8217 7689 8495 7553 8382 8555 8430 7863 8341 8129 8308 8180 7540 7798 7903 8353 8522 8405 8350 8299 8353 7777 7712 8254 8080 7885 8199 7960 7673 8025 8120 8262 8246 8461 8845 8164 8271 8005 7977 8350 8507 8790 7524 8116 8327 8167 7995 7675 8469 7676 8042 8499 7891 7581 8313 8148 8188 7970 7621 7938 8498 8676 8201 8100 8105 7830 8220 8724 8300 8234 7951 8874 7891 7845 8068 8037 8191 8270 7703 8057 8427 8552 8141 8122 8494 8145 7854 8734 8249 7762 8241 8388 7858 8233 8272 7509 7647 7922 8069 7458 8226 8437 8713 8488 8047 8094 8033 8091 7737 8044 8397 7824 8007 8294 8227 8719 8406 7922 8149 8566 8064 8340 7740 8061 7870 8236 8748 8519 7886 8249 8362 8265 8020 7459 7676 7554 8102 8007 7719 8739 8327 7748 8362 8197 8597 8320 8001 8044 8527 8029 8023 7760 8188 8190 8492 8095 8155 8093 7747 8044 8364 7957 8145 8204 7499 7763 7943 7948 8002 7865 8524 8509 8293 7939 8163 7865 8064 7903 7882 7929 8086 8427 8401 8208 7891 7983 7839 8230 7695 7858 8284 7881 7666 8103 7791 8716 8192 8036 7922 8134 8458 7858 8377 8110 8368 8677 7879 7275 8583 8171 8222 8419 7657 7530 7761 8115 7854 8700 7972 8313 8359 8303 8348 7875 8223 8644 7764 8075 7906 7876 7796 7765 8493 7918 8324 8538 8534 8055 8121 7979 8063 8172 8259 8414 8186 8238 8021 7835 7816 8254 8604 7740 7909 8155 8023 8343 7963 8056 8701 7970 8449 8501 7816 8417 
7865 7889 8365 8085 8209 7509 8197 8237 8005 7900 7668 8352 8063 8017 7713 8056 7779 7997 8349 8224 7947 8218 7952 8027 8089 7922 8450 7935 7784 8462 7364 7980 7781 8405 7807 8323 8140 7868 8288 8034 7127 7836 7960 7399 7861 7912 8607 7926 7557 8116 8258 8161 8181 8251 7878 7855 7928 8021 8251 8133 7993 7650 7786 8299 7459 8010 8289 7985 7662 8462 7857 7723 7877 8042 8090 8094 7589 7885 7506 8214 8417 8659 8106 8249 8603 8273 8094 7736 8184 8823 8071 7995 7677 7731 7839 8168 8095 8042 7669 8076 8356 8472 8248 7794 7475 7837 7679 7998 8572 8539 8181 7642 8293 8135 8131 7926 7678 8010 8323 8169 8150 8131 8021 7812 7796 7925 8319 7881 8279 7507 8160 7529 8006 8343 8586 8085 8168 8042 8427 7739 8459 8645 8085 7759 8121 7502 7990 7871 7799 8217 8233 8038 8090 8387 8165 8045 8296 7389 7680 7903 7596 8027 8285 8300 7894 7379 8215 7685 8154 7949 9010 8180 7988 8125 8149 8449 8466 8720 7662 8207 8552 8071 7758 7692 8024 7516 7748 8214 7523 7615 8199 8349 7844 7794 7438 7759 8267 8201 8174 7526 8135 8012 7977 8312 8116 7654 7805 8705 8239 8162 8059 7781 7745 7980 7617 7766 7848 8112 7774 7874 8117 8063 8162 8687 7886 7644 8154 8556 8082 7952 8104 7576 7868 7963 8203 7418 8268 8137 8181 8254 8212 7779 7560 7664 8246 8173 8419 7751 7766 7952 8030 8634 8215 7696 8293 8068 8226 8109 7870 7898 7651 8162 8527 8421 7758 7794 8204 8352 7737 7663 7266 7366 7912 7988 7389 7955 8281 7810 8635 7782 8224 8401 7685 7866 8046 7993 7949 7933 8079 8247 8302 8109 8388 7927 7510 7639 8183 8289 7833 8508 7546 7806 8021 8183 7740 7831 8145 8476 8304 7996 7530 7969 7670 7722 7795 7800 7533 8190 8258 7542 7794 7969 7732 8219 7828 7919 7941 7441 7771 8223 7538 8205 8076 7860 8107 8382 8575 7825 8708 8173 8071 8454 7841 7255 8216 7995 8027 8127 7625 7230 7715 8221 8095 8076 7630 8210 8151 7986 8602 7818 8113 8632 7892 7987 8086 7665 7655 7738 8138 7945 8500 8521 8053 8071 7854 8109 7927 7781 8108 7928 8054 7912 7673 7740 7572 8180 8660 8108 7693 7852 7862 8032 8064 8120 8583 8094 8733 8695 7963 8249 
8434 7744 8709 8487 8556 8102 8565 8386 8103 8640 8055 8603 8135 8435 8640 8175 8407 8611 8971 8227 8014 8096 8276 7835 8365 8308 8413 7894 8240 8654 7818 8627 7976 8488 8500 7905 8103 8352 8607 8709 7339 7988 8087 8140 8000 8233 9041 8278 8141 8276 8658 8593 8334 8550 7861 8204 8371 8282 8269 8342 7975 8010 7721 8556 7591 8475 8723 8478 7965 8742 8251 7982 8050 8384 8452 8640 7732 8460 8149 8250 8210 8448 8362 8551 8790 8116 8309 8626 8626 8542 8609 8065 8229 8417 8236 8193 8345 8852 7699 8409 8503 8591 8132 8110 7960 8312 8418 8417 8598 8756 7983 8130 8186 8330 8079 8161 8120 8449 8179 8359 8734 8254 8156 7982 8171 8311 9024 8041 8163 8185 8471 8085 8122 8799 8744 8343 8358 8059 8744 7902 8429 8667 8428 8128 8769 7929 8229 8339 7916 8239 8333 8500 8501 8357 8291 8477 8431 7947 7952 8363 8176 8416 8652 8359 7725 8119 8284 7978 8206 8526 8821 8044 8426 8202 8063 8672 8644 8819 7938 8387 8419 8677 7936 7903 8894 7915 8540 8385 7950 7910 8447 8173 8239 7878 8178 8054 8737 8800 8375 8147 8155 7918 8063 8746 8400 8051 8067 8667 8049 8090 7918 8314 8366 8607 7659 8399 8838 8275 7817 8291 8681 7811 8225 8744 8448 8056 8086 8675 8277 8336 8166 7975 7948 8151 8379 7878 8392 8581 8593 8861 8156 8093 8121 7845 8199 8344 8473 8166 8032 8081 8379 8880 8246 7863 8434 8350 8271 8374 8007 8106 7990 8143 9147 8672 8279 8243 8332 8205 7956 7797 7613 7753 8515 8015 7731 8572 8245 8022 8638 8242 8843 8559 7748 8401 8453 8266 8022 8323 8420 7691 8701 7980 8595 8618 7823 8370 8460 8091 8037 8470 7704 8062 8133 8319 7990 7875 8788 8987 8776 8476 8004 8353 8306 8159 8112 7940 8251 8444 8456 7915 8053 8257 7804 8155 8042 7867 8355 8397 8087 8343 8077 8444 8316 8273 8249 8477 8652 8103 8648 8634 8632 9013 8005 7550 8423 8532 8443 8507 7984 7729 8091 8289 8243 8215 8310 8701 8309 8104 8334 8237 8188 8696 8198 8591 8495 8145 7970 7998 8525 8408 8629 8774 8913 8372 8644 8202 8156 8425 8438 8574 8457 8213 7980 8063 7787 8271 8862 7759 8006 8339 8479 8266 7921 7929 8745 7968 8804 8507 8209 8287 
8289 7759 8390 7852 8247 8021 8262 8588 7979 7959 8079 8316 8280 8146 8158 8245 7854 8158 9020 8104 7870 8007 7931 7631 8341 8436 8554 7518 8100 8498 7772 8103 7888 8116 7824 7891 8126 7973 8392 8279 7669 7859 7458 7662 7563 7755 8467 8212 7872 7921 8148 8260 8249 8490 7979 8123 8160 7500 8358 7955 8140 7989 7691 8413 7790 7948 8406 7797 8079 8424 7980 8250 7662 7956 8335 8243 7664 8131 7688 8231 8398 8349 8342 8225 8396 8087 8160 8008 8060 8320 8514 7927 7939 8010 8060 8016 7787 8242 7605 7892 8297 8320 8288 7944 7819 8161 7889 8270 8160 7885 8338 7517 8275 8188 8021 7890 7751 7714 8186 8016 8200 8025 7892 7592 8036 7896 8512 7999 8296 7751 7911 7691 7286 8565 8375 8369 8575 7870 8538 7682 8506 8376 8078 7718 8327 7540 8264 7924 7702 8040 8261 8334 8238 8415 8147 8104 8500 7695 7573 8063 7874 7692 8412 8249 7565 7497 8147 8255 8046 8065 8714 8608 8088 8050 8367 8095 8351 8778 7532 8340 8539 7952 7869 7544 8483 7761 7993 8214 7673 7538 8330 7732 7927 7866 7611 7615 8663 8200 8147 7570 7763 7548 8006 8572 8173 7822 7689 8348 8136 7848 8002 7835 8124 8155 7564 7939 8310 8384 7616 8018 8311 7923 8208 8554 7824 7888 8163 8288 8118 8208 8156 7916 8133 7539 8111 7556 8055 8412 8128 8313 8033 8101 8107 7830 7956 8199 8249 7922 7800 8208 8025 8744 8059 7995 8489 8279 7726 8403 7809 7631 7507 8151 8875 8285 7665 7866 7914 8223 7963 7443 7568 7444 7999 8135 7869 8530 7938 7911 8401 7895 8273 8242 7792 8041 8144 8214 8285 8019 8005 8288 8442 8134 8265 8020 7694 8091 8032 7485 7595 8112 7655 7726 7882 8119 7776 7544 8517 8687 8559 8245 7561 7770 7761 7756 7850 7783 7819 8152 7751 7985 7904 7770 7696 8004 7747 7602 8070 7869 7784 7903 7957 8587 7971 7908 8094 8337 8314 7954 8225 8323 8233 8701 7988 7369 8129 8308 8012 8002 7596 7646 7862 7887 8114 8090 7592 8107 8507 7886 8489 7926 7912 8875 7912 8012 7809 8054 7614 7632 8181 7735 8159 8662 8377 7539 8060 7671 7830 7916 8357 8057 8188 8143 7575 7780 7325 8092 8520 8023 7724 7971 8355 8283 7991 7550 8379 7586 8739 8444 7346 7994 
7660 7338 7738 8116 7605 7463 7811 7934 7900 7485 7548 8195 7753 8085 7935 7952 7601 7834 8170 7834 7980 7670 7684 7604 7604 7848 8294 7425 7525 7965 7223 7950 7343 7787 7639 7729 7694 7711 8240 7825 6900 7538 7607 7796 8029 7718 8423 7887 7381 7518 8077 8288 7591 8048 7801 7508 7763 7841 7989 8261 7794 7722 7350 8032 7060 7837 7886 8000 7656 7934 7744 7456 7679 7503 7966 7874 7491 7936 7552 8088 7727 8183 7667 7985 8339 7911 7571 7923 8001 8304 8008 7632 7818 7903 7715 7525 7581 8176 7458 7934 7662 7949 8158 7633 7234 7522 7456 7969 7976 8287 7384 7491 7763 7845 7655 7271 7646 7943 7780 7992 7530 7909 6993 7616 7806 7493 8164 7715 7515 7627 7992 7956 7313 8231 8381 7748 7863 7595 7977 7234 7932 8238 8270 7553 8216 7256 7611 7900 7462 7661 7882 7771 8010 7824 7664 7856 7945 7618 7370 7470 7691 7728 7987 7795 7464 7190 7903 7350 8001 7921 8145 7647 8182 7700 7859 7878 7817 8301 7504 7682 7877 7772 8109 7378 7818 6932 7783 7738 7568 7356 7753 7835 7655 7684 7047 7617 7851 7951 7980 7478 7790 7815 7700 8203 7932 7894 7878 8136 7689 7725 7508 7448 7920 7551 7522 7538 7646 7597 7695 7642 7884 7581 7981 8314 7476 7452 7980 7934 7776 7843 7532 7680 7710 7531 7977 7247 7989 7731 8011 8003 7391 7636 7592 7369 7829 7681 7794 7484 7906 7894 7717 8383 8170 7308 7723 7789 7733 7823 7555 7692 7418 7837 8397 7908 7272 7566 7859 7919 7568 7114 7111 7087 7594 7876 7243 7847 7740 7331 7781 7497 7862 7713 7484 7310 8074 7862 7710 7765 7407 8029 7961 7452 8108 7847 7754 7348 7872 7877 7511 8555 7388 7959 7379 7707 7425 7275 8369 7973 8132 7796 7387 7660 7462 7512 7658 7789 7701 8209 7984 7544 7498 7648 7418 7914 7425 7940 7916 7248 7696 7494 7298 8098 7629 7510 7664 8224 8481 7805 7898 8048 7926 8137 7710 7111 7776 7811 7547 8011 7450 7375 7314 7604 7696 7923 7499 8286 7822 7476 8176 7255 7611 8174 7741 8129 7790 7182 7284 7636 7513 7726 7991 8030 8252 7932 8026 7939 7894 7762 7637 7872 7792 7887 7320 7413 7620 7634 8132 7697 7635 7646 7730 8006 7665 7993 7977 7237 8112 8372 7253 7748 
7818 7437 8194 8051 8268 7605 7700 8258 8006 7773 7804 8268 7762 7672 7911 7647 7779 7976 8514 7719 7729 7852 8051 7735 8157 8437 8158 7621 7772 8172 7428 7734 7815 8097 7851 7732 7930 7872 7900 8054 7025 7743 7675 7537 7740 7678 8210 7914 7521 8081 8017 8454 7761 8314 7592 7989 7921 7605 7785 8342 8068 7758 7802 8023 7402 7955 8324 7717 8007 8230 7815 7659 7417 8209 8110 8438 7244 7834 7189 8059 7962 8615 7892 8066 8443 7906 7855 8058 7828 7937 8386 7854 7689 8241 7767 7901 7983 8297 7620 7941 8185 8057 8246 7666 7611 7858 7890 8192 8289 7737 7904 7805 8306 8004 7649 7913 7791 8028 7988 7541 8187 8058 7561 7742 7809 7803 8268 8232 7658 7695 8048 7171 7304 8287 8490 8122 8129 7997 8284 7807 8333 8450 7752 7731 7839 7583 7820 7766 7412 7638 8052 8150 7973 8459 8150 7656 8059 7564 7557 7968 7728 7715 8222 8401 7222 7368 8216 7511 8194 7856 8744 8136 7912 7785 7900 8116 8260 8337 7829 8115 8233 8145 7745 7507 8002 7479 8157 7992 7235 7773 8093 7755 7843 7599 7528 7657 7992 8148 8120 7527 7617 7465 7878 8228 7893 7976 7776 8456 7970 7758 7617 7661 8044 8083 7569 7695 7971 7959 7492 7851 8189 7339 7673 8410 7891 7535 8132 8269 8184 7755 8034 7556 7915 7499 7838 7342 7645 8036 8131 8033 7945 7861 7962 7668 7860 7741 8308 7534 7480 7684 8189 8508 8195 7427 8274 7851 8099 8199 7533 7588 7287 8083 8581 7968 7436 7908 7879 7716 7492 7377 7484 7243 7782 8017 7264 8166 8117 7775 8543 7752 7856 8036 7491 7706 7881 7858 8269 7854 7669 7912 8236 8052 8108 7697 7409 7879 7898 7777 7434 8200 7177 7935 7950 8126 7839 7782 7988 8451 8339 7803 7570 7708 7894 7855 7672 7722 7532 8066 8020 7666 7598 7888 7390 7947 7741 7592 8153 7861 7638 8098 7770 8451 7914 7844 8161 8124 8186 7946 8239 8087 7899 8539 7582 7322 7726 8160 8204 8689 7641 7479 7565 7881 7731 7737 7517 7946 7873 7769 8397 7943 7934 8476 7922 7830 7804 7655 7606 7698 8037 7327 8198 8352 8145 7788 8164 7890 7620 7879 7972 7577 8083 7817 7511 7630 7486 7642 8249 7626 7366 7552 7789 7955 7403 7973 8143 7668 8605 8287 7676 7776 
8182 7443 7904 8179 8159 7986 8128 8215 8091 8175 7552 8561 7864 7939 8247 8171 7888 7961 8563 7964 7901 7851 7979 7681 7867 7896 8097 7735 7757 8182 7722 7867 7687 8240 7977 7833 8211 8256 8117 8473 7713 7447 7687 7568 8042 7613 8570 8154 7631 7914 8622 8458 7996 8444 7882 7671 7935 7938 8355 8260 8075 7492 7637 8165 7273 7792 8523 7833 7979 8366 8013 7737 7372 8151 8027 8270 7367 7897 7772 7935 8315 8206 8009 8235 8695 7984 7952 7664 8586 8342 8437 7774 8011 7766 7752 8311 8086 8313 7407 8215 8029 8125 8100 8020 7696 8211 7867 8373 8669 8446 7934 7749 8287 8049 8202 8011 7720 8071 8179 7905 7952 8260 7413 7450 7854 8000 8249 7850 8118 7908 8504 7668 7525 8274 8505 8173 8034 7825 8659 7736 8011 8204 8122 7717 8191 7843 7743 8249 7596 8149 7646 8615 8018 8539 7954 7957 8550 7643 7889 7639 7958 8019 8056 8421 7534 7726 8437 7680 7843 8042 8426 7829 8227 8012 8130 7972 8256 8590 7652 7935 8296 8342 7797 7564 8133 7562 7959 7960 7941 7471 8135 7854 7862 8078 7774 8055 8495 8366 8060 8233 8094 7917 7457 8631 8200 7820 7768 8690 7579 7959 7943 7697 8128 7932 7521 7892 8003 8445 7825 7896 8194 8026 7998 8504 7854 7326 8223 8407 8106 7675 8204 7677 7716 7506 7867 7250 8792 8086 8266 8356 7903 7843 7714 7602 8355 7997 8189 7827 7929 8190 7825 8776 8038 8023 7822 8160 7904 8477 8184 7862 7718 7908 8461 8236 7447 7839 8125 8134 7787 7615 7469 7108 7716 8033 7674 8183 8007 7828 8427 7684 7957 8135 7929 8174 8296 8108 8068 7927 8031 8144 8316 8184 7827 7974 7396 8053 8085 7935 7932 8224 7564 7762 8137 7999 7863 7791 8378 8431 8264 7669 7382 7849 7463 7744 7909 7725 7935 8724 7937 7983 7762 7976 7819 8068 7919 7918 7964 7711 7893 7810 8108 8045 7918 7893 7786 7755 8315 7970 8749 8009 8450 8826 7933 7501 8376 8096 7949 8547 7504 7490 7973 7575 7864 8465 7765 8381 8232 7964 8310 7805 8148 8366 7885 8038 8163 7885 7739 7612 8014 7625 8306 8222 8552 8069 7984 7801 7658 8007 7963 8141 8301 8107 7619 7611 7782 7930 8342 7944 7955 7738 7913 8035 7552 7899 8376 7922 8121 8497 7684 8338 
8186 7866 8798 8473 8766 7625 8356 8766 8339 8319 8377 8816 8816 8510 8487 8229 8296 8786 9124 8256 8527 8219 8452 8238 8294 8605 8888 7955 8429 8505 8197 8287 8399 8373 8649 8298 8057 8499 8539 8345 7503 8196 8124 8172 8541 8183 8997 8463 7712 8104 8723 8722 8683 9000 8148 8260 8346 8633 8320 8622 8439 8110 7831 8594 7592 8314 8939 8505 8330 8636 8514 8388 7967 8856 8551 8624 7866 8147 8089 8573 8461 8792 8573 8654 9154 8437 8332 8699 8790 8407 8873 8202 8032 8481 8194 8455 8331 9053 8203 8444 8320 8757 9029 8189 8058 8407 8073 8272 8692 8397 8249 8082 8582 8465 8325 8354 8314 8436 8135 8181 8564 8476 8409 8004 8178 8253 9025 8336 8605 8086 8160 8331 8082 8687 9020 8431 8444 7982 8827 7708 8497 8625 8493 8134 8852 8060 8461 8621 8060 8274 8447 8844 8267 8651 8385 8459 8566 8289 7913 8431 8229 8436 8394 8371 7994 8036 8432 7930 8306 8783 9117 8498 8630 8441 8366 8745 8782 9153 7943 8697 8926 8284 8008 7951 8547 8086 8416 8572 8225 7774 8646 8545 8523 8191 7978 8282 8776 8714 8441 8107 8582 7832 8202 8869 8488 8368 8219 8861 8023 8465 8347 8023 8304 8540 7825 8178 8365 8619 8156 8175 8689 8335 8680 8706 8635 8099 8394 8960 8406 8242 8262 8196 8039 8085 8795 7900 8696 8900 8877 8930 8224 8437 8268 7842 8175 8729 8621 7843 8108 8159 8471 9141 8322 7549 8476 8648 8251 8307 8248 8466 7888 8541 8802 8293 7859 8483 8405 8312 8045 7490 7742 7912 8319 8370 7885 8726 8386 8443 9023 8233 8406 8740 8022 8287 8933 8139 8244 8188 8142 8194 8764 8632 8820 8930 7859 8503 8650 8230 8183 8570 7843 8607 8180 8495 8135 8464 8956 9050 8614 8413 7993 8209 8180 8358 8285 8134 8001 8504 8348 8427 7955 8367 8038 8281 8300 7907 8680 8101 7862 8607 8198 8618 8342 8461 8215 8657 8817 8470 8882 8367 8449 9185 8145 7864 8671 8448 8322 8851 7935 7824 8127 8568 8219 8652 7739 8902 8293 8311 8633 8532 8149 9101 8367 8546 8398 8103 7758 8214 8846 7818 8735 8721 9121 8366 8595 8240 8202 8512 8322 8568 8497 8302 8170 7840 8119 8156 8948 8079 8079 8167 8274 8598 8316 8532 8836 8172 8532 8522 8546 8550 
8922 8323 8953 8549 9227 8426 8940 9161 8749 8686 8611 9143 8809 8451 8981 8308 8718 8664 9301 8693 9012 8523 8849 8226 8471 9177 9009 8283 8601 9007 8370 8693 8426 9110 8626 8451 8917 8803 8901 8716 7926 8743 8011 8354 8562 8787 9338 8612 8329 8382 9002 9220 8814 9271 8615 8550 8565 8795 8839 8836 8855 8544 8182 8982 7934 8718 9069 8504 8726 9047 8871 8391 8453 8704 8934 8835 8007 8299 8615 8756 8696 9426 8726 9160 9105 8460 9138 9079 9012 8990 8914 8744 8628 8779 8375 8955 8603 9051 8450 8646 9006 8836 9320 8884 8124 8753 8250 8653 9232 8707 8488 8443 8868 9123 8504 8461 8749 8669 8763 8443 8864 8729 8584 8620 8413 8614 9445 8351 9167 8488 8881 8830 8320 9205 9215 8617 8687 8390 8714 8419 9169 9265 8833 8415 9019 8344 8625 8675 8162 8443 8923 8665 8581 8882 8873 8822 9034 8484 8340 8626 8469 8673 8987 9279 8179 8349 9151 8369 9118 8793 9500 8959 8850 8580 8669 9006 9042 9558 8189 8613 9008 8679 8770 8321 9114 7987 8921 9008 8265 8619 8885 8797 8465 8698 8062 8544 9078 8910 8650 8566 8695 8532 8516 9218 8665 8496 8560 9127 8569 8567 8308 8793 8511 8424 8336 8533 8736 8731 8390 8355 9117 8660 8771 9189 8468 8405 8923 8993 8483 8658 9031 8461 8490 8305 8508 7964 8893 9006 9070 8801 8682 8615 8203 8464 8930 9017 8958 8383 8408 8870 8893 9075 9106 8340 9010 9115 8568 8545 8639 8487 8207 8865 9363 8718 8408 8552 8759 9000 8436 8384 8135 8112 8484 8626 8190 8765 9168 8604 9256 8538 8844 8724 8325 8670 8798 8704 8674 8766 8702 8631 9052 8753 8759 8631 8050 8945 8986 8510 8441 8856 8209 8706 8507 9098 8606 8370 8964 9054 8928 8986 8484 8344 8914 8494 8444 8668 8416 8799 8796 8455 8417 9069 8515 8843 8237 8479 8839 8401 8083 8712 8392 9002 8775 8556 8688 9010 9354 8785 9265 8487 8818 9415 8671 8148 8669 8647 8723 9215 8595 8026 8495 8832 8679 9081 8581 8910 8678 8613 9244 8349 8670 9067 8708 8831 8812 8345 8224 8587 9108 8446 8972 9351 9193 8367 8898 8606 8625 9086 8800 8360 8893 8747 8161 8261 8281 8848 9045 8575 8673 8620 8764 8860 8470 8684 8950 8481 9244 9063 8446 8606 
8502 8299 8642 8586 8602 8399 8345 8757 8374 8333 8246 8635 8403 8790 8602 8324 8210 8429 9003 8493 8385 8664 8486 8218 8525 8733 9007 8142 8398 8379 7706 8312 8667 8747 8303 8325 8516 8556 8855 8941 7730 7996 7996 8182 8208 8305 9402 8325 7961 8520 8875 8959 8325 9073 8597 8882 9119 8145 8655 8902 8244 8527 7876 8729 8124 8603 8966 8491 8446 8670 8452 8343 8188 8496 8741 8738 7685 8782 7921 8542 8726 9015 8370 8875 8847 8492 8153 8711 8692 8830 8521 8526 8129 8190 8636 8663 8466 8901 8245 8360 8806 8807 8794 8246 8317 8485 8235 8751 8680 9052 8620 8247 8722 8525 8352 8845 8283 8356 8440 8090 8841 8877 8218 8227 8261 8544 9298 8291 8454 8280 8637 7995 8044 8671 9235 8340 8689 8403 8538 8102 8735 8924 8752 8371 8512 8305 8462 8491 8060 8320 8181 8693 8418 9069 8517 8027 8978 8198 8206 8433 8534 8538 8919 8773 7856 7969 8474 8322 8525 8504 8950 8346 8763 8443 8429 8572 9230 8960 8163 8658 8756 8621 8291 7975 8878 7939 8769 8694 8149 8049 8396 8519 8641 8178 8255 8518 8915 8466 8671 8533 8185 8112 8628 9023 8524 8360 8390 8834 8334 8615 8081 8017 8496 8546 7956 8590 8311 8321 8343 8392 9076 8374 8413 9192 8525 8068 8777 8759 8352 8454 8448 8116 8683 8022 8479 8003 8861 8696 9045 8580 8540 8246 8220 8245 8866 8770 8845 7913 8186 8658 8671 8960 8505 8223 8701 8749 8350 8655 8162 8322 8071 8496 9199 8594 8067 8161 9058 8778 8483 7971 8188 7771 8344 8226 8076 8460 8593 8350 9001 8096 8541 8775 7971 8386 8503 8617 8397 8478 8162 8861 8847 8658 8561 8618 7772 8226 8637 8109 8168 8896 8117 8349 8519 8656 8329 8265 8664 8967 8702 8191 8549 8054 8516 8080 8291 8252 7916 8777 8944 8406 8586 8486 8004 8827 8274 8276 8299 8059 8129 8593 8205 8651 8609 8331 9077 8834 8824 8387 8746 8325 8762 9190 8421 7870 8498 8349 9027 8919 8166 7675 8097 8455 8515 8999 8177 8558 8376 8623 8926 8522 8576 9046 8145 8415 8437 8217 8199 8249 8665 8228 8815 8810 8738 8355 8629 8442 8421 8702 8465 8439 8427 8527 8096 8248 8305 8436 8965 8437 8311 8312 8445 9042 8343 8444 9244 7966 9063 8478 7855 8597 
8257 8025 8626 8335 8461 8343 8178 8425 8157 7965 8078 8745 7936 8281 8321 8115 7981 7958 8655 8130 8230 8176 8151 7916 8117 8304 8666 7464 7911 8370 7610 8048 8000 8461 7981 8175 8026 8615 8510 8384 7457 7682 7703 7952 7937 8286 8763 7939 7728 7755 8616 8414 8094 8820 8159 8109 8294 7994 8170 8251 8178 8166 7828 8642 7761 8006 8740 7954 7938 8743 8164 7950 7724 8393 8263 8391 7548 7919 8000 8032 8327 8545 8205 8540 8771 8068 8146 8316 8294 8430 8340 8013 7787 8368 8238 8217 7976 8484 7936 8068 8776 8424 8351 8136 8056 8472 8148 8395 8689 8606 8036 7959 8321 8729 8077 8132 7859 8363 8502 7949 8574 8131 8222 8145 8186 8272 8974 8171 8003 8131 8342 7868 7908 8439 8749 8445 8439 8078 8568 7622 8702 8285 8052 7888 8201 7762 8387 8188 8035 8023 8173 8492 8540 8638 8213 7951 8519 7667 8008 8000 7682 8202 8217 8474 7624 7830 8409 8030 7701 8245 9154 8301 8303 7917 8289 7998 8906 8861 7693 8646 8413 8393 8013 7585 8364 7472 8205 8398 7919 7517 8057 8508 8010 7771 7842 8002 9056 8330 8011 7587 7992 7828 8246 8782 8459 7995 7782 8321 8142 8044 8096 8105 8168 8206 7443 8287 8272 8360 7769 8175 8431 8246 8164 8639 8256 7673 8281 8738 8280 8131 8290 7693 7903 7797 8416 7665 8674 8376 8451 8370 8184 7826 8189 8066 8429 8086 8551 8064 7734 7962 8403 8758 8129 8007 8334 8894 8316 8073 8023 7899 7701 8139 8991 8222 7484 8017 8381 8283 8129 7425 7501 7545 8288 8130 7635 8497 8150 8031 8704 7959 8132 8161 7822 8376 8082 8119 8106 8145 8218 8213 8692 8042 8386 8405 7817 8254 8122 7861 7886 8372 7875 7943 8115 8485 8136 7816 8538 8329 8373 8014 7956 7826 8082 8162 7720 7778 7957 8304 8466 7711 8003 8174 7813 8198 7895 7868 8215 7871 8025 8048 8060 8577 8235 8176 8246 8204 8662 8195 8572 8157 8521 8871 8035 7604 8408 8133 8335 8395 7721 7659 7674 7891 8044 8589 8116 8450 8265 7952 8270 8043 8163 8612 7858 8156 8444 8088 7472 7677 8302 7980 8415 8535 8538 8030 7979 8252 8016 8147 8094 8084 8495 8247 7727 7791 7667 8108 8590 8008 8055 8000 8218 8475 8012 7908 8677 8074 8561 8442 8133 8310 
8351 8185 8288 8135 8131 7679 8083 8203 8000 7690 8094 8308 7812 7848 8593 8219 7938 8145 8788 8177 8081 8182 7951 7872 8171 8039 8282 7889 8157 8346 7606 8103 7879 8093 7995 7847 8015 8146 8469 8142 7412 7959 7788 7678 7941 7965 8515 7607 7560 7864 8363 7981 8196 8535 7953 8218 7888 7927 8190 8383 8337 8208 7581 8353 7602 8400 8543 8057 7941 8275 8180 7906 7886 7971 8278 8461 7432 7868 7279 7928 8360 8781 8234 8428 8796 7933 8255 8136 8100 8189 8182 8096 7634 8168 8373 8254 8098 8445 8080 7960 8020 8761 8203 7737 7671 8301 7829 8471 8651 8303 7929 7852 8015 8172 8220 8379 8175 8252 8023 8021 8418 8080 8004 7936 8064 8129 8746 8015 7798 7940 8356 7752 7787 8541 8752 8151 8435 7815 8190 7733 8458 8547 8031 7538 8500 7660 7800 7915 7607 7693 8151 8372 8254 8228 8286 8166 8460 7540 7745 8254 7784 7760 8207 8258 7642 7668 8262 7851 8118 8199 8735 7982 8303 8248 8066 8271 8501 8920 7421 7991 8635 8119 7663 7327 7976 7831 8048 7863 7599 7720 8200 8375 8107 7950 7671 7970 8527 8309 8010 7819 7881 7737 7935 8546 8599 7874 8067 8420 7681 7803 7776 7918 8110 8143 7275 8150 8324 8226 7766 8024 8267 7509 8484 8437 7953 7836 7952 8431 8338 8204 8389 7790 7865 7542 8243 7798 8410 8420 8803 8356 8246 8128 8151 7620 8046 8312 8381 7748 7840 7827 8166 8310 8124 7596 8107 8361 7999 8057 8016 8235 7333 8102 8527 7929 7777 7784 8367 8399 7851 7477 7517 7163 7728 7846 7705 8313 8148 7958 8503 7933 8384 7851 7682 7996 8233 7972 7868 8214 7687 7864 8464 8029 7966 8144 7644 8085 7763 7860 7948 8104 7773 8166 8464 8422 7803 7736 8198 8653 8473 8180 7911 7972 7959 8025 7836 7428 7864 7922 8072 7682 8101 8141 7618 8204 7992 7664 8017 7822 7779 8063 7815 8511 8098 7956 8367 8392 8431 8216 8593 8271 8368 8688 7997 7183 8529 8135 8124 8102 7418 7359 7512 7901 7774 8209 7783 8334 7910 7938 8374 8184 8156 8806 8340 7953 8114 8268 7786 8069 8491 7945 8008 8329 8356 7833 7930 7816 8005 7946 7993 7988 7791 8039 7617 7475 7796 8087 8432 7850 7617 7748 7909 8209 8078 7899 8558 7871 8423 8186 8097 8022 
8243 7665 8017 7770 8254 7914 7687 7866 8164 7920 7937 8005 8122 7838 7771 8350 7674 7774 8554 8054 7934 8255 8053 7489 7841 7915 8347 7508 7704 8264 7212 7853 7618 8180 7876 7957 7794 7869 8236 8005 6873 7638 7329 7262 7742 8017 8414 7989 7473 7756 8231 7920 8096 8266 7761 7730 8174 7739 7928 7991 7803 7864 7574 8052 7512 8101 8123 8061 7792 8312 7914 7652 7693 8043 8283 8222 7350 8002 7610 7898 8320 8334 7997 7956 8916 7967 7340 7985 8139 8104 8369 7675 7657 7774 8021 8000 7934 8227 7294 7882 8056 8561 8358 7763 7614 7858 7361 8187 8444 8208 7903 7773 8067 7648 7751 7604 7669 7692 8003 7807 8194 7773 7534 7745 7673 7714 8369 8115 8293 7723 7793 7442 7773 8303 8401 8000 7947 8133 7846 7944 8078 8156 7737 7546 8062 7586 7925 7704 7510 7965 7907 8112 8141 8239 8221 7779 7893 7631 7422 7783 7746 7979 8471 7818 7527 7798 7955 7715 7859 7961 8635 7992 8061 8083 8186 8124 8491 8452 7434 8075 8192 7957 7583 7599 8314 7267 7770 7929 7804 7293 8030 8116 7848 7895 7658 7795 8642 8480 8281 7677 7802 7647 7704 8144 7819 7961 7706 8327 8091 7629 7784 7959 7781 7940 7353 7762 8029 8516 7569 7747 8048 7930 8157 8419 7713 7835 7705 8169 7659 8206 7894 7795 7641 7833 7815 7284 8114 8411 8242 7859 7878 7941 7668 7709 8027 7847 8284 7786 7161 7874 8195 8437 7950 7540 7870 8400 7691 7856 7808 7927 7536 7803 8317 7883 7609 7778 7861 8054 7677 7461 7367 7366 7577 7916 7504 8136 7840 8019 8296 7647 8170 7908 7512 7985 7757 7898 7810 7845 8004 7812 8157 8020 8174 7934 7867 7846 8076 7804 7692 8234 7609 7747 8106 7996 7714 7600 8327 8267 8378 7505 7639 7639 7937 7742 7908 7621 7515 8032 8259 7506 7828 8005 7586 7996 7533 7549 7802 7770 7490 8020 7916 8496 7870 7424 7615 8050 8178 7861 8389 8130 7985 8393 7522 7304 8231 8198 7803 8051 7912 7151 7588 7919 7884 8240 7570 7756 8087 8142 7851 7645 7851 8469 7598 7893 7561 7581 7322 7456 8239 7954 8246 8099 8454 7680 7824 7874 7625 7960 7828 7745 8036 8028 7341 7750 7580 7894 8416 7559 7705 7929 8144 7991 7684 7655 8428 7950 8510 8226 7376 7961 
8111 7393 8110 8033 7980 7520 7903 8052 8028 7750 7582 8131 7635 7816 7705 7723 7649 7805 8202 7804 7308 7956 7683 7559 7745 8007 8237 7631 7739 7850 7429 7984 7461 7822 7621 7814 7708 7797 7904 8074 7201 7428 7651 7393 7926 7809 8064 7579 7354 7586 8193 7932 7877 7955 7660 7709 7901 7586 7962 7946 7672 7135 7543 8076 7571 7596 7772 7841 7763 7712 7835 7722 7343 7896 8243 8033 7419 7920 7309 7718 8363 8352 7701 7872 8344 7616 7721 7977 8091 7945 8210 7478 7788 7778 7969 7729 7681 8156 7694 7744 7834 8306 7979 7616 7486 7783 7244 7827 8200 7943 7852 7545 7771 7829 7620 7774 7565 7590 8098 7617 7770 7805 7518 7536 7407 7757 8370 7868 8135 7419 8102 7639 7650 8221 8481 8021 7891 7643 8255 7478 8352 8043 7593 7475 7985 7394 7872 7962 7596 7575 7618 8010 8195 7998 8132 7451 7815 7607 7436 7492 7308 7796 8278 7790 7600 7415 8021 7731 7887 8156 8393 7933 7859 7483 7835 8002 8012 8652 7184 8137 7924 7671 7622 7347 7842 7577 7681 7859 7536 7388 8026 8056 8043 7492 7615 7389 8309 8172 7875 7308 7582 7557 7606 8240 7698 7822 7647 8341 7917 7536 7819 7303 8028 7679 7563 7655 7858 7835 7636 7504 8169 7412 7909 8283 7686 7527 8069 8213 7443 8019 8016 7327 7839 7487 8126 7326 7937 8279 7961 7961 7788 7973 7563 7369 7996 7965 7798 7980 7732 7817 8020 8525 8032 7685 7730 7957 7896 7847 7772 7745 7521 7841 8446 7982 7763 7825 7802 7856 7615 7294 7360 7294 7716 7890 7416 8062 7536 7628 8214 7774 7956 7624 7428 7685 7965 7488 7924 7521 7471 7741 7916 7873 7772 7881 7392 7779 7798 7331 7702 7734 7501 7533 7382 7637 7407 7678 8090 8343 7762 7614 7689 7623 7912 7465 7953 7802 7812 7814 7736 7655 7486 7927 7764 7984 7414 7856 7962 7485 7448 8130 7551 8194 7929 7435 8020 8004 8249 7503 7849 7898 8033 8123 7755 6927 8036 7885 7705 7994 7429 7160 7502 7592 7743 7996 7641 8403 7787 7746 8249 7431 8046 8642 7632 7580 7571 7843 7241 7598 7787 7675 8317 8360 7787 7685 7678 7983 7815 7984 7657 7854 7549 7622 7779 7736 7490 7689 8302 7885 7647 7713 7632 8100 7705 7619 8489 7380 8313 8100 7689 8115 
7864 7611 7912 8183 8290 8018 7870 8565 7909 8008 7743 8396 7950 7986 7866 8059 7889 7922 8354 8157 7850 8207 7856 7838 7935 8073 8340 7510 8141 8523 7229 7756 7975 8350 8261 8118 7959 7776 8296 7908 7361 7516 7673 7723 7907 7814 8462 7980 7608 7853 8342 8242 8092 8304 8245 7950 8426 7873 8180 7984 8027 7908 7471 8236 7541 8234 8324 7741 8080 8226 7809 7953 7898 7974 8099 8609 7648 8156 7645 8017 8139 8696 8185 8520 8712 8278 7867 7921 8220 8233 8243 7745 7800 7742 8177 7853 8187 8079 7922 7995 8058 8393 8395 7873 7866 8148 7874 8330 8480 8530 7801 7898 8177 7681 8081 7946 7876 7933 7869 8036 8328 8228 7842 7896 7832 7961 8597 7731 8179 7761 8092 7722 7808 8506 8468 7847 8210 7713 8543 7652 8141 8444 7870 7645 8349 7631 8004 8049 7688 7735 8480 8328 8032 8618 8403 7943 8139 7802 7378 7879 8075 7921 8360 8168 7395 7300 8511 8126 8055 8021 8913 7951 8117 7471 7998 8151 8459 8774 7596 8046 8432 7846 7828 7499 7998 7167 8094 8176 7888 7682 7975 8176 7879 7963 7547 7467 8512 8212 8195 7903 7950 7926 8155 8575 8365 7802 7896 8576 8101 7875 7810 7716 8006 7980 7432 8290 8194 7805 7816 8119 8359 8064 8059 8467 8202 7665 7958 8469 7959 8219 8027 7801 7838 7656 8300 7687 8265 8288 8430 8181 7864 8097 7673 7651 8371 8139 8216 7851 7527 8097 7996 8330 8189 7413 8110 8143 7868 8210 8017 7601 7703 7930 8802 8339 8075 8077 7804 8226 7759 7588 7323 7590 7875 7973 7772 8219 7704 7812 8414 7894 8152 8046 7795 7910 8514 7882 8113 8048 7799 7974 8679 8424 8497 8050 7977 7629 7971 7869 7722 8188 7649 7672 7879 8250 7793 7907 8377 8481 7961 8011 7848 8009 8135 8014 7627 7886 7876 8456 8110 7676 7713 8161 7658 7914 7813 8087 8056 7576 7701 8235 7899 8490 7852 8017 7734 8119 8355 7816 8621 7898 8182 8546 7785 7532 8097 8200 8083 8345 7311 7502 7922 7671 8045 8286 7384 8352 8187 8068 8534 7753 8033 8431 8082 8065 7871 8015 7625 7629 8346 7787 8372 8281 8205 8079 7920 8284 7662 8176 8136 7803 8234 7958 7692 7803 7719 8058 8517 7629 7972 8180 8177 8138 7853 7904 8728 7643 8514 8413 7591 7795 
7843 7503 8335 8010 7769 7584 7846 8137 7867 7780 7354 8075 7893 7804 7899 7688 7528 7885 8461 7931 7675 7990 7549 7372 7856 8173 8160 7400 7745 8067 7478 7637 7922 7606 8131 7494 7670 7600 8068 8032 7151 7761 7573 7402 7898 7634 8295 7733 7362 7984 7942 8281 7574 8137 7776 7694 7708 7888 7959 7851 7740 7684 7255 8369 7254 7711 8063 7892 8016 8149 7847 7516 7627 7601 7944 7917 7330 7811 7430 7735 8090 8658 7848 8020 8187 7854 7546 8034 8041 8016 7937 7622 7992 7612 7752 7989 8050 8122 7399 7298 7793 8127 8321 7904 7166 7790 7417 8039 8327 7861 7688 7386 8018 7729 7722 7924 7633 7705 8004 7891 8046 8014 7742 7772 7908 7565 8259 7518 7792 7540 8029 7647 7342 8085 8256 8101 7859 7409 8181 7517 8009 8089 7926 7609 7760 7688 7724 7836 7414 8088 7977 8119 8090 8122 8101 7855 8118 7252 7651 7849 7669 7879 8045 8234 7320 7570 8039 7740 7491 7969 8201 8099 7855 7644 7914 7972 8238 8815 7563 7974 8147 8101 7657 7552 8055 7465 7807 7977 7434 7687 7814 7809 7769 7566 7178 7494 8474 8217 7902 7573 7674 7809 7667 8479 7981 7466 7945 8015 7780 7689 7371 7386 7896 7896 7411 7650 8103 7944 7484 7910 8290 7830 8038 8512 7836 7110 7743 8382 7800 7574 8086 7282 7977 7338 7972 7329 8062 7852 8254 8046 7716 7837 7690 7623 7974 7637 8202 7810 7596 8030 8143 8124 7702 7592 7999 8213 7961 8014 7767 7504 7469 7744 8495 7798 7532 7647 8258 8210 7459 7496 7130 7272 7981 7646 7454 7845 7738 7479 8294 7767 8037 7917 7453 7872 8258 7575 7684 7730 7903 7679 8406 7726 7891 7741 7495 7546 8114 7522 7581 8060 7557 7828 7406 7830 7471 7310 8094 8371 8267 7684 7777 8086 7672 7673 7639 7551 7934 8165 7938 7940 7565 7431 7581 7757 7388 7627 8003 7749 7493 7892 7400 7878 8005 7442 7849 8080 8239 7647 8026 7756 7989 8299 7515 7432 7787 7939 7802 8395 7648 7503 7498 7795 7808 7898 7423 8218 7953 7557 8009 7310 7947 8251 7685 7808 7964 7752 7275 7540 7952 7490 8238 8057 8364 7620 7758 7882 7663 7852 7715 7827 8094 7820 7327 7332 7252 7551 8191 7701 7626 7912 7936 8185 7570 7571 8208 7762 8376 8228 7634 7765 
8206 8034 8338 8606 8649 7853 8239 8393 7979 8035 8074 8504 8250 8272 8359 8102 8266 8522 8647 8147 8303 8264 8201 7975 8204 8343 8696 7877 8270 8294 7520 8230 8359 8597 8464 8162 8184 8132 8491 8329 7629 7817 7744 7500 7971 8333 8640 7993 7843 8034 8400 8463 8060 8649 8106 8305 8509 8315 8265 8423 8293 7967 7702 8218 7673 8334 8641 8387 8008 8404 8051 8073 7658 8595 8319 8149 7772 8194 8137 8201 8454 8693 8123 8480 8858 8179 8130 8032 8684 8541 8430 7981 7896 7932 8601 8093 8480 8473 7835 8083 8634 8635 8744 8099 7823 8491 7828 8172 8067 8313 8256 8101 8335 7913 8288 8037 8006 8027 7966 8039 8234 8184 7771 7774 7650 7767 9061 7885 8434 7776 8462 7951 7727 8308 8972 8247 8193 8268 8623 7893 8451 8569 8105 7755 8355 7857 8128 8476 7549 8103 8249 8606 8237 8680 8132 7984 8457 8113 7846 7747 7982 8178 8458 8823 7588 7909 8239 8217 8188 8052 9037 8238 8276 8065 8278 8474 8397 8754 7664 8472 8680 8116 8041 7857 8209 7393 8064 8416 8199 7520 8084 8205 7818 7909 7810 7770 8564 8541 8380 8166 8258 8024 8363 8544 8419 7848 7890 8686 7842 8098 7803 7928 8148 8413 7625 8331 8513 8331 8362 8167 8584 8011 8128 8619 8376 8016 8006 8841 8231 8299 8131 7892 7893 7711 8379 7921 8496 8672 8744 8318 8169 7966 7937 7653 8138 8478 8381 7812 8082 8077 8039 8858 8232 7778 8533 8489 8251 8136 7968 8075 7961 7924 8736 8324 8003 8314 8160 8343 7729 7672 7331 7613 8387 7855 7807 8109 8107 8218 8676 7747 8278 8233 7537 8143 8574 8077 8099 8136 8211 8172 8349 7951 8536 8272 7790 8207 8254 8166 8098 8376 7621 8044 7956 8183 8008 7781 8564 8364 8545 8032 8210 8088 8255 8117 7912 7970 8100 8663 8182 8145 8146 8153 8186 8264 7804 8015 8296 7870 7925 8286 8150 8524 8143 7908 8203 8285 8405 7997 8668 8204 7926 8758 7842 7626 8281 8404 8198 8704 7919 7477 7644 7979 8030 8492 8050 8656 8422 8142 8474 8083 8276 8974 7944 8303 8201 7726 7596 8075 8326 7972 8425 8634 8753 8141 8237 8113 7929 8537 8457 8327 8355 7890 7846 7790 7816 8002 8682 7985 7923 8399 8144 8443 8134 8303 8405 7998 8705 8096 7985 8456 
8523 8036 8658 8733 8522 8105 8367 8411 8469 8161 8332 8922 8485 8448 8586 8423 8600 8696 8731 8572 8475 8528 8258 8023 8301 8621 8502 8241 8429 8658 7661 8446 8306 8700 8846 8473 8502 8142 8717 8424 7768 8522 7884 7928 8510 8327 9077 8269 7992 8542 8731 9150 8546 9047 8422 8476 8153 8314 8628 8615 8412 8393 8141 8540 7759 8731 8896 8600 8707 8945 8355 8491 8135 8710 8867 8454 7946 8469 8431 8778 8389 9154 8043 8536 8895 8311 8271 8297 8600 9012 8837 8097 8534 8338 8413 8397 8541 8416 8247 8512 8701 8287 8816 8477 8054 8463 8330 8620 8715 8704 8501 8055 8702 8665 8450 8375 8380 8194 8522 8347 8484 8603 8068 8194 7998 8245 9221 8227 8476 8258 8289 8062 7956 8922 8834 8327 8524 8006 9059 8133 8633 9114 8689 8117 8939 8217 8573 8292 8251 8448 8540 8559 8393 8769 8868 8456 8534 7844 7854 8275 8260 8375 8529 8747 8004 7943 8613 8506 8658 8782 9058 8483 8643 8091 8494 8630 8961 9096 7985 8510 8714 8992 7988 8130 8429 7943 8543 8625 8416 8177 8680 8438 8294 8127 7803 8303 8578 8542 8576 8199 8481 8248 8317 8778 9024 8109 8465 9005 8292 8355 8462 8264 8593 8442 7825 8533 8525 8578 8238 8479 8975 8428 8517 8836 8482 7965 8526 8912 8604 8652 8429 8082 8663 7971 8769 7898 8674 8911 8758 8595 8200 8451 8232 8133 8373 8388 8821 8497 8094 8318 8649 9029 8510 8085 8748 8398 8850 8557 8205 8503 8146 8298 8904 8582 8311 8230 8542 8524 7734 7782 7640 7579 8436 8677 8159 8628 8211 8064 9057 8279 8630 8704 8003 8371 8777 8090 8483 8177 8326 8333 8658 8176 8667 8354 7908 8264 8257 8459 8367 8842 8108 8529 8350 8680 7991 7792 8993 8483 8671 8358 8390 8352 8370 8325 8331 8349 8347 8624 8529 8264 8061 8506 8244 8201 8157 8537 8843 8061 8132 8252 8235 8775 8604 8357 8224 8626 8979 8250 8783 8691 8475 9160 8399 7905 8879 8542 8133 8876 8057 7900 8090 8582 8558 8518 8291 8751 8529 8022 8725 8286 8586 9295 8424 8691 8451 8019 8008 8005 8869 8351 8901 8602 9037 8495 8519 8588 8344 8516 8414 8330 8693 8373 8057 7975 8017 8335 8690 8614 8324 8528 8288 8622 8341 8524 8827 8101 8863 8686 8304 8749 
7978 7339 7771 8033 7868 7757 7506 7883 7840 7617 7832 8193 7930 7384 7801 7719 7796 7864 8176 7484 8092 8104 7904 7646 8001 8049 8249 7470 7687 8071 7268 7660 7700 8249 7638 7889 7789 7896 7897 8011 7288 7365 7184 7032 7392 7661 8231 7420 6948 7644 8136 8228 7561 8496 7645 7850 7271 7760 7609 7912 7790 7538 7555 8137 7333 8071 7866 7775 7254 7882 7835 7574 7289 7832 7711 7955 7300 7626 7519 7740 8052 8445 7705 7995 8250 7555 7781 7894 7982 7960 7765 7577 7635 7873 7711 7669 7749 8111 7576 7797 7855 7955 7963 7336 7041 7801 7668 7908 7931 7897 7656 7492 7903 7676 7675 7829 7762 7788 7963 7532 7956 7872 7409 7652 7656 7626 8405 7610 7660 7339 7685 7613 7108 8037 8475 7967 7617 7578 8041 7380 8110 8304 7969 7357 8129 7393 7639 7442 7483 7722 8076 8024 7784 8248 7810 7749 8238 7484 7570 7515 7509 7367 7905 8241 7095 7162 8143 7401 7732 8134 8565 8067 8014 7684 7859 7784 8326 8399 7675 7815 8031 7856 7885 7189 7514 7245 7645 7762 7443 7433 7791 8044 7261 7440 7170 7462 8022 7956 7969 7593 7523 7442 7396 7635 7936 7962 7675 7980 7672 7775 7522 7429 7611 7885 7642 8029 7915 7459 7614 7669 7966 7594 7946 8042 7601 7566 8066 8005 8108 7961 7777 7448 7735 7319 7928 7372 7897 7908 8079 7681 7967 7595 7640 7648 7917 7840 8035 7420 7357 8098 7785 7994 7786 7577 7860 8038 7784 7867 7768 7773 6850 7918 8574 8002 7515 7424 8121 7704 7341 7282 7211 7047 7768 7945 7554 8069 7935 7523 8264 7675 7688 7694 7298 7918 7773 7699 7728 7581 7430 7591 7942 7426 7854 7913 6994 7585 7800 7488 7351 8147 7420 8006 7605 7849 7417 7665 7984 7918 8183 7835 7649 7507 7664 7432 7629 7747 7415 8144 7984 7432 7355 7837 7608 8078 7503 7248 8133 7494 7485 7730 7887 7860 7893 7753 7778 7976 8265 7863 8260 7672 7618 8352 7568 7094 7710 7679 7884 7962 7477 7148 7600 7594 7761 7749 7519 7733 7768 7499 8092 7590 7591 8524 7757 7456 7866 7692 7707 7441 7883 7677 7863 8069 7859 7631 7826 7673 7878 7999 8155 7642 7880 7626 7306 7353 7705 7537 8289 7733 8153 7664 7625 8027 7651 8107 7876 7539 8291 8138 7630 7931 
7995 7594 8077 7928 7922 7689 7869 7767 7744 7814 7976 8043 8017 7792 7975 7920 7735 8116 8387 7957 7943 7712 7719 7707 7829 7763 8395 7636 7947 7993 7441 7892 7607 8092 7925 7510 7821 7620 8001 7960 7271 7557 7681 7353 7704 7899 8125 7951 7276 7842 8487 8147 7906 8424 7697 7752 7563 8082 8138 8332 7869 7264 7522 8226 7459 7956 8206 7760 7691 7966 8176 7822 7677 7873 8047 8045 7021 7744 7633 8054 7955 8364 8057 7969 8224 7620 8006 7787 8075 8016 8459 7620 7722 8107 7577 7989 7911 8392 7603 7694 8324 8304 8195 7795 7316 7720 7609 7936 8432 8093 7733 7681 8162 7894 7565 8000 8066 7582 7930 7729 8120 8238 7427 7644 7563 7747 8399 8172 8171 7542 8060 7525 7483 8080 8666 7994 7879 7665 8065 7520 8036 8322 7975 7798 8132 7495 7654 7994 7603 7695 8079 7984 7673 8150 7655 7875 7890 7567 7710 7511 7935 7921 7943 7996 7313 7639 8239 7178 8090 7944 8520 7930 8073 7890 7721 8137 7993 8495 7441 7875 8127 8033 7700 7291 7748 7246 7743 7924 7707 7637 7811 8044 7641 7475 7134 7854 8427 7877 7832 7790 7415 7748 7721 8594 7994 7799 7571 8122 7734 7870 7503 7602 7767 7892 7674 7436 7884 7614 7455 7608 7873 7558 7708 8284 7832 7550 8317 8295 7823 7804 7533 7563 7492 7692 7834 7327 8050 8133 7906 8151 7991 7839 7644 7435 7925 7748 8159 7900 7703 8048 7696 8499 8126 7400 7812 8031 7876 8143 7803 7594 7369 7860 8725 7913 7797 8038 7958 7864 7205 7190 7172 7125 7973 7784 7472 7949 7971 7888 8414 7850 7703 8438 7252 8172 8004 7753 7943 7597 7348 7921 8013 7753 7924 7824 7249 7589 8117 7628 7493 8240 7300 7926 7573 8134 7917 7573 8056 8616 8237 7958 7542 7986 8049 7415 7511 7861 7656 8196 7976 7650 7359 7701 7574 7994 7467 7651 8205 7781 7267 7776 7598 7868 7839 7793 7647 7953 8163 7807 8268 7724 7838 8587 7813 7017 8089 7918 7882 8290 7689 7250 7535 7698 7668 8087 7671 8095 7811 7504 7782 7851 7782 8061 7751 7922 7783 7437 7500 7478 7824 7651 7981 8152 8228 7839 7704 7837 7849 7916 7783 7835 7908 7883 7415 7692 7637 7719 8374 7766 7878 7933 7471 7795 7461 7359 8106 7428 8446 8246 7372 7776 
7912 7779 7894 8124 8069 7612 7900 8052 7849 7571 7528 8216 8132 7889 8271 8217 7955 7884 8740 8053 7848 7915 7694 7617 8062 7987 8079 7416 7954 8381 7291 7830 7848 8189 7580 7858 7937 8014 8203 8147 6908 7661 7682 7780 7726 7955 8373 7836 7337 7816 8220 8285 7863 8490 7644 7763 7873 7825 7929 8257 7972 7777 7591 8447 7267 8191 8458 7820 7708 8256 8257 7875 7409 7803 8449 7992 7683 8044 7381 8066 7982 8201 7800 8074 8633 7909 7819 7884 8143 8106 8363 7975 7590 8057 7930 7901 7886 8366 7820 7774 8105 8159 7939 7901 7837 8243 7718 8236 7901 7757 7906 7720 7937 7836 7831 8095 8010 7830 7920 7798 8244 8086 7887 7704 7407 7805 8327 7841 7769 7594 7816 7868 7557 8107 8488 7913 7987 7582 8468 8022 8120 8430 8066 7875 7825 7595 7715 7487 7463 7828 8106 7901 7818 8070 7964 8165 8327 7423 7581 8137 7815 7496 8358 7955 7513 7741 8215 7449 7772 7937 8393 8118 8353 7645 7878 8268 8197 8474 7325 7721 8500 7792 7600 7888 7828 7527 7809 8203 7738 7530 8090 8107 7612 7744 7345 7602 8329 8061 7960 7936 7366 7611 7925 8601 8364 7898 7936 8235 7777 7722 7923 7723 8107 8047 7392 8111 8041 8000 7844 7847 8203 7325 8262 8364 7701 7520 8448 8301 7498 8036 7630 7722 7655 7868 8064 7897 8293 8061 8189 8590 7996 7948 7975 7751 7303 7875 7912 8102 7563 8137 7999 8336 7991 7864 8258 8018 7939 8107 7662 7966 7458 7970 8611 7728 7818 7537 7838 8162 7783 7389 7190 7134 8138 7757 7520 8237 7817 7664 8583 7762 7900 8041 7612 7673 8254 7766 8205 7606 7890 7821 8326 7987 8115 8139 7764 7938 7954 7638 7581 8147 7412 7494 8007 8162 7722 7226 8472 8459 8189 7848 7806 7816 7625 7915 7612 8001 7794 7986 7938 7697 7666 8137 7320 7729 7834 7847 8089 8142 7552 8095 7646 8143 7896 7697 8036 8278 8474 8019 8337 7905 8074 8580 7982 7363 7962 8384 7998 8591 7726 7368 7417 7465 7947 7897 7782 8030 7791 7840 8349 8098 8064 8831 7874 7872 8032 7867 7516 7513 8019 7818 8150 8377 8242 7735 8061 7761 7903 8072 8017 8138 8111 7743 7315 7922 7612 8113 8039 7527 7755 7798 7871 8068 7796 7871 8064 7610 8378 8213 7737 7913 
7946 8072 8387 8437 8459 7841 8172 8408 7756 7917 7876 8438 8379 8298 8200 8090 8095 8183 8724 8385 8132 8356 8431 7599 8162 8081 8686 7694 8113 8273 7613 8110 7821 8262 8136 8107 7891 8336 8214 8194 7382 7893 8066 7707 8277 7648 8657 8426 8006 8089 8392 8270 7805 8560 8037 8122 8278 8414 8250 8431 8344 7808 7576 8432 7583 8571 8499 8151 7994 8574 7962 7863 7913 8140 8534 8580 7383 8040 7566 8568 8102 8597 8400 8402 8724 8007 8086 8233 8484 8734 8614 8149 8098 8296 7925 8098 7981 8621 8141 7948 8543 8371 8370 7999 7739 8103 8045 8309 8593 8515 8004 7938 7857 8305 8049 7985 7731 8086 8052 8265 8280 8219 7956 8007 8365 8257 8561 8010 8041 8177 8260 8001 7924 8591 8562 8048 8227 8184 8324 7805 8451 8486 8421 7761 8318 7962 8107 8281 7945 7844 8476 8101 8732 8684 8130 8040 8200 7892 7454 7595 8147 8051 8192 8256 7531 7626 8356 7931 8659 8351 8804 8233 8114 8459 8382 8442 8891 8413 7995 8158 8384 8429 7817 7656 8206 7598 8266 8337 7865 7937 8005 8418 8109 7823 7571 8232 8346 8325 8570 7776 8218 8160 8292 8612 8041 8122 8138 8767 8295 8339 8149 7979 8343 7915 7707 7674 8240 8153 7694 8406 8716 8002 8348 8895 8478 7496 8358 8397 8264 8229 8362 7800 7955 7937 8260 7432 8559 8484 8356 8493 8249 7786 7859 7919 8164 8275 8747 7903 7911 8202 8099 8917 8208 7873 8305 8320 8408 8709 7723 8004 7709 8194 8863 8214 7677 8182 8286 8340 7649 7475 7655 7186 8288 8023 7870 8447 8082 8063 8583 8186 8287 8298 7860 8183 8565 7930 8082 8214 8375 8568 8689 7980 8342 7979 7952 7695 8460 8302 7923 8236 7689 7843 8109 8319 7932 7804 8678 8518 8760 8152 7986 8126 7665 8137 7979 7846 7848 8183 8208 8079 7832 8180 7695 8155 7842 8005 8438 7872 7893 8248 7737 8480 8253 8044 8194 8626 8479 8402 8483 8329 8587 8546 8061 7498 8232 8296 8258 8769 7815 7749 7412 8258 8394 8328 8084 8299 8155 8210 8644 8188 8306 8821 8099 8074 8081 7525 7648 7934 8393 7990 8306 8605 8623 7957 8382 8187 8129 8296 8015 8367 8010 7879 7881 8083 7438 7957 8333 8002 7884 8084 8198 8048 8104 8229 8534 8107 8728 8377 8030 8184 
7460 7169 7551 7586 7907 7439 7423 7801 7422 7710 7296 7849 7418 7435 7722 7681 7250 7648 7927 7713 7236 7458 7467 7435 7585 7704 7802 7224 7507 7593 7068 7613 7284 7838 7436 7295 7348 7413 7800 7848 6510 7087 7297 7274 7649 7510 8017 7384 7004 7168 7791 7728 7565 7883 7536 7506 7643 7529 7794 7631 7477 7489 7123 7647 6848 7349 7622 7201 7362 7496 7506 7353 7437 7338 7863 8042 7559 7352 6997 7397 7798 7949 7639 7786 8261 7323 7499 7680 7726 8000 8032 7370 7141 7588 7651 7595 7310 7650 7355 7679 7871 7740 7595 7056 7125 7802 7423 7716 7640 7810 7479 7408 7693 7473 7621 7500 7665 7811 7606 7600 7774 7447 7184 7238 7279 7712 8207 7680 7595 7071 7732 7499 7155 7838 8179 7519 7278 7399 7716 7180 7792 7795 7756 7204 7857 7148 7348 7824 6830 7389 7567 7820 7804 7897 7867 7419 8019 7160 7363 7247 7335 7196 7855 8110 7212 7057 7404 7392 7719 7455 7872 7387 7492 7352 7738 7812 7898 8245 7513 7463 7490 7698 7379 7282 7779 7264 7542 7817 7560 7289 7276 7504 7371 7556 7126 7279 7930 7702 7759 7538 7646 7475 7385 7963 7695 7577 7351 7999 7586 7859 7352 7576 7499 7661 7321 7288 7542 7445 7287 7614 7759 7128 7643 8138 7806 7161 7545 8047 7498 7801 7411 7108 7330 7122 7445 7395 7779 7658 7676 8280 7376 7323 7190 7503 7538 7879 7771 7438 7315 7837 7643 8013 7679 7122 7524 7672 7381 7430 7438 7522 7169 7894 8333 7521 7044 7174 7551 7991 7080 7451 7030 7107 7330 7361 7311 7452 7269 7106 7916 7363 7546 7533 7427 7200 7531 7535 7406 7584 7446 7663 7569 7471 7692 7514 7224 7111 7415 7766 7039 7670 7075 7468 7249 7797 7441 7170 7637 8010 7757 7776 7331 7330 7475 7313 7630 7432 7307 7998 7375 7390 7156 7547 7073 7816 7147 7321 7579 7403 7012 7756 7403 7707 7686 7475 7938 7708 7961 7544 8185 7536 7684 8189 7660 7009 7599 7729 7594 7710 6976 6900 7243 7487 7335 7712 7243 7642 7423 7358 8183 7386 7403 8138 7484 7492 7615 7581 7134 7103 7396 7600 8003 7691 7514 7379 7500 7514 7684 7519 7644 7544 7380 7553 7254 7277 7154 7722 8024 7340 6940 7305 7255 7654 7033 7631 7852 7377 7977 7984 7424 7433 
8049 7741 8482 8771 8317 7980 8317 8703 8312 8124 7843 8430 8140 8247 8489 8130 8098 8474 9047 8528 8267 8232 8061 8092 8025 8455 8681 7915 8269 8427 7735 8134 8289 8163 8167 7947 8265 8668 8564 8337 7496 8077 7994 7761 8255 8222 8704 8220 7690 8079 8630 8601 8114 8543 8339 8264 8158 8312 8481 8671 8318 8040 7929 8376 7973 8202 8603 8427 8423 8591 8158 8132 7931 8275 8183 8814 7724 8140 7897 8058 8445 8951 8253 8542 8685 8115 8259 8075 8236 8709 8688 8066 8011 8220 8131 8426 8081 8872 7814 8250 8381 8857 8560 8006 8051 8124 8239 8320 8717 8444 8415 7792 8071 8300 8529 8241 7933 8076 8278 8042 8477 8267 7922 8086 8375 8330 8900 8079 8440 8014 8503 8227 7655 8734 8810 8271 8591 8261 8917 7924 8604 8509 8601 7941 8398 8159 8145 8462 7980 8443 8559 8426 8510 8851 8273 8257 8420 8058 7894 8177 8360 8086 8450 8696 7664 7721 8348 8158 8103 8418 8889 8186 8450 8185 8049 8582 9089 8923 7774 8591 8508 8380 7864 7830 8515 7579 8123 8294 8075 7936 8093 8566 8315 7937 7931 8009 8425 8431 8291 8077 8316 8146 8074 8881 8407 8459 8103 8856 8025 8289 8201 7993 8070 8325 7965 8586 8417 7813 7859 8061 8718 8102 8547 8985 8306 7860 7996 8702 8239 8168 8492 7874 7884 8086 8523 7622 8888 8441 8338 8285 8000 8102 8192 7649 7952 8606 8458 7969 8128 8284 8148 8706 8364 8006 8440 8364 7952 8476 8132 8239 7768 8141 8766 8352 7862 7913 8454 8407 7955 7685 7742 7509 8434 8293 7724 8287 8368 8221 8708 8278 8293 8705 7836 8154 8321 7892 8154 8563 8368 8471 8428 8310 8555 8530 7616 8180 8420 7887 7859 8668 7578 8561 8126 8518 8101 8380 8588 8664 8330 8044 7911 8309 8335 8212 8465 8198 8195 8595 8449 8247 8077 8180 7807 8171 8139 7997 8556 7963 8487 8168 8102 8259 8266 8163 7924 8662 8757 8393 8775 8103 8640 8985 8330 7554 8464 8147 8264 8637 7683 7552 8146 7760 8114 8646 8288 8628 7973 7895 8617 8558 8283 8564 8095 8528 8222 7912 7743 7976 8768 7778 8576 8583 8814 8046 8341 8432 8208 8404 8212 8192 8608 8463 7670 7728 7742 8198 8443 8157 7990 8309 8279 8338 8041 8010 8523 7958 8867 8749 7965 8117 
7688 7050 7806 7847 7832 7528 7690 7603 7620 7680 7721 7805 7595 7799 7706 7533 7419 7991 8029 8013 7680 7812 7769 7152 8027 7552 7929 7206 7580 8019 7087 7876 7534 7847 7915 7499 7776 7777 7981 7820 6770 7236 7270 7470 7686 7495 8152 7590 7344 7373 8233 7905 7568 8024 7699 7563 7698 7709 7601 7823 7456 7578 7398 7830 7138 7869 8056 7715 7641 7596 7658 7582 7391 7799 7688 8052 6938 7719 6990 7808 7768 8000 7881 7976 8167 7533 7401 7819 7934 7890 7704 7476 7775 7741 7540 7989 7707 8350 7412 7667 7688 8115 7989 7377 7573 7393 7194 7944 8055 7666 7463 7586 7445 7694 7355 7421 7915 7862 7831 7542 8130 7777 7542 7413 7642 7699 8087 7434 7870 7536 7687 7615 7253 7938 8228 7637 7691 7364 7736 7286 7784 8328 7756 7378 7586 7456 7776 7603 7290 7455 7625 7666 8067 8083 7645 7868 7994 7614 7228 7769 7565 7463 8047 7840 7111 7485 7726 7342 7448 7982 8081 7466 8043 7517 7625 7852 8037 8062 7176 7747 7760 7279 7582 7092 7639 7233 7562 7718 7682 7167 8152 7638 7713 7271 7465 7666 7921 7997 7800 7646 7599 7391 7526 8145 7988 7636 7576 7922 7790 7499 7658 7476 7561 7773 7331 7651 7994 7677 7328 7614 7873 7799 7504 8309 7641 7430 7605 7698 7627 7777 7361 7448 7666 7422 7772 7438 8131 7884 7667 8031 7845 7605 7472 7451 7512 7723 7920 7593 7339 7827 7962 8149 7889 7324 7667 8097 7789 7601 7282 7752 7094 7717 8318 8053 7577 7409 7629 7728 7601 7072 6839 7197 7715 7487 7377 7944 7826 7473 8265 7537 7962 7664 7095 7630 7894 7881 7768 7748 7438 7521 8061 7941 8040 7582 7631 7836 7685 7615 7547 7721 7351 7544 7453 7658 7666 7188 8043 8086 7676 7648 7422 7654 7310 7592 7698 7359 7201 7667 7975 7637 7779 7558 7630 7863 7682 7658 8024 7394 7299 7606 7501 8113 7995 7585 7670 8110 8039 7767 7884 7750 7936 7911 7335 6959 7768 7673 7464 8046 7412 7046 7189 7508 7818 7868 7436 7929 7458 7574 7695 7381 7750 8086 7509 7896 8113 7511 7319 7293 7632 7556 7883 8220 7787 7609 7475 7759 7304 7849 7223 7780 7502 7570 7309 7461 7517 7661 8313 7491 7463 7313 7870 7684 7468 7529 7993 7672 8357 8021 7459 7778 
7876 7654 7917 7979 8257 7618 7677 8037 7906 8229 7503 8237 7915 8003 7917 8032 7781 7782 8250 7742 7705 7813 8025 7801 7954 7961 8413 7694 8017 8189 7428 7888 7807 8361 7616 7856 7945 8122 7934 8212 7039 7645 7579 7664 7631 7832 8520 7907 7469 8012 8165 8272 7971 8324 7532 7754 8102 7732 7774 7946 7943 7473 7671 8041 7450 7749 8693 8103 7762 7859 8139 7711 7934 7888 8452 8030 7324 7631 7890 7818 7886 8447 7976 8062 8152 7808 7898 7746 8096 8261 8153 7832 7486 7994 7834 8104 8136 8084 7413 7867 8125 8259 7961 7907 7965 7837 7512 7826 8271 8291 7886 7581 8012 8067 7792 8149 7837 7899 7569 7658 7873 8110 7730 7617 7842 7726 8441 7729 8158 7512 7940 7541 7880 8396 8389 7970 8011 7616 8363 7631 8132 8266 8350 7724 8166 7686 8094 7776 7363 7825 8493 7925 8053 8290 8115 7867 8008 7500 7447 7940 8047 7700 8210 7996 7406 7653 8020 7693 8015 8082 8508 7844 8026 7697 7859 8010 8406 8423 7774 7743 8100 7791 7869 7674 8212 7067 8079 8032 7453 7686 7967 8176 8098 7775 7423 7900 8288 8415 8228 7840 7989 7499 7956 8213 8062 7956 7686 8173 8088 7917 7742 7649 7660 8055 7499 8119 8110 7868 7721 7705 8274 7653 8161 8131 7927 7550 7799 8430 7900 8065 7962 7774 7760 7720 7949 7432 8114 8027 8246 8381 7886 7596 7383 7632 7789 8382 7941 7795 7588 8057 8078 8422 8110 7692 8124 8362 7905 7890 7507 7858 7460 7934 8613 7791 7373 7918 8092 8012 7709 7423 7204 7345 7901 7741 7682 8273 7910 7868 8420 7739 8475 7819 7717 7761 8232 7953 7946 7864 7866 7796 8421 7896 8282 7839 7172 7740 7907 7643 7432 7923 7436 7595 7547 7898 7683 7837 8558 8616 8123 7778 7621 7848 7720 7656 8027 7718 7467 7924 8199 7917 7355 7781 7518 8010 7630 7941 7725 7317 7634 8112 7897 8039 8047 7492 7716 7973 8429 7639 8275 7985 8142 8399 7904 7491 8010 7780 8309 8080 7541 7366 7547 7644 7790 8089 7697 7935 7926 8155 8486 8000 8040 8477 7996 7965 7978 7571 7746 7362 8457 7688 8262 7975 8046 7597 7949 7646 7692 7918 8195 7986 8072 7776 7429 7751 7473 8391 8469 7449 7735 8238 7741 7877 7902 7781 8369 7660 8219 8439 7817 7546 
8466 8325 8423 8806 8866 8021 8415 8746 8690 8318 8123 8660 8474 8390 8653 8424 8247 8621 9171 8611 8662 8452 8400 8389 8643 8606 8747 8301 8242 8726 7946 8439 7916 8975 8384 8515 8363 8669 8608 8694 7436 8236 8001 7895 8354 8474 8646 8469 8000 7982 8484 8713 8142 9137 8194 8313 8745 8342 8919 8825 8533 8093 8045 8703 7675 8551 8691 8647 8261 8817 8377 8471 8166 8531 9135 8449 8067 8339 7969 8248 8526 8841 8101 8605 9111 7983 8717 8665 8836 8705 8588 8342 8320 8603 8918 8170 8226 8889 8079 8375 8782 8659 8358 8221 8056 8662 8499 8325 8859 8557 8614 8006 8576 8748 8310 8537 8493 8441 8517 8181 8521 8459 8405 8190 8370 8398 9439 8348 8923 8389 8976 8011 8358 8690 9262 8598 8494 8107 9109 8164 8765 8813 8484 7998 8653 7980 8575 8652 7993 8467 8703 8539 8668 8754 8519 8336 8832 8265 8299 8436 8111 8239 8650 8391 7679 8135 8439 7895 8473 8760 8978 8568 8806 8323 8608 8753 8727 9117 8069 8602 8614 8369 8220 8068 8731 7503 8322 8504 8050 7950 8442 8767 8722 8505 7860 8325 8550 8440 8459 8535 8495 8228 8339 8659 8477 8192 8202 9192 8376 8084 8389 8373 8210 8418 7871 8400 8658 8595 8034 8435 8529 8337 8263 9183 8695 7659 8503 8552 8204 8506 8589 7909 8203 8132 8502 7782 8720 8425 8641 9011 8353 8414 8259 8092 8295 8667 8692 8378 8412 8612 8258 8921 8670 8091 8481 8600 8590 8393 8137 8414 7901 8461 8889 8509 8160 8527 8378 8741 8337 8010 7806 7957 8412 8325 8099 8732 8429 8082 9282 8479 8748 9000 8093 8204 8581 8214 8376 8356 8393 8673 8546 8541 8391 8408 7873 8387 8227 8377 8285 8499 7768 8401 8324 8885 8296 8416 8927 9014 8843 8438 8257 8249 8298 8142 8232 8095 8350 8473 8298 8025 8076 8718 8015 8624 8095 8467 8937 8341 7987 8435 8064 8269 8586 8552 8365 8953 8897 8213 9164 8109 8555 9047 8446 7781 8486 8264 8377 8803 8099 7800 8090 8239 8251 8955 8248 8649 8253 8220 8766 8276 8550 9161 8090 8349 8615 8083 7977 8038 8668 8334 8752 8451 9002 8093 8399 8354 8488 8668 8190 8608 8635 8304 8126 7867 7723 8276 8878 8088 8382 8380 8188 8618 8277 8861 8667 8131 9039 8761 8366 8645 
8369 7738 8223 8592 8395 7610 7942 8408 8472 8206 7828 8551 8146 8065 8078 8282 7960 8180 8568 8177 8085 8155 8208 7984 7987 8411 8385 7710 7949 8506 7343 7935 7949 8205 8314 7929 8072 8212 8679 8391 7234 7721 7539 7540 7987 8110 8615 8045 7645 7935 8617 8546 7946 8747 7896 8099 8156 7797 8401 8269 8029 7609 7781 8210 7641 8053 8461 8132 8069 8502 8164 8175 7889 8339 8524 8401 7275 8176 7772 8076 8517 8400 8079 8139 8837 8333 8325 8124 8284 8226 8479 8054 7544 7895 8039 8248 8109 8516 7668 7973 8141 8567 8289 8207 7707 8058 7825 8466 8411 8097 8105 8171 8184 8218 8048 8012 7827 8148 8057 8371 8122 7665 7974 7923 7989 8179 8423 8007 8083 7618 8142 7691 7993 8735 8664 8092 8093 7918 8203 7701 8529 8649 8161 7735 8496 7858 7962 8156 7548 8144 8363 8274 7979 8504 8497 8121 8506 7486 7647 8053 7891 8212 8438 8539 7673 7438 8466 7918 7816 8051 9181 8537 8609 7959 8268 8314 8504 8813 7593 8128 8433 8121 7915 7394 8238 7460 7766 8231 7995 7612 8102 8050 7873 7666 7645 7659 8577 8378 8107 7866 8244 7853 8168 8431 8134 8038 7905 8389 8576 7963 7942 7958 7911 8270 7605 8208 8287 8348 7859 8189 8318 7968 8131 8767 7976 7922 8063 8400 7924 8152 7925 8025 7778 7958 8412 7670 8204 8331 8216 8523 8233 7919 7738 7793 8161 8192 8088 7872 7894 8457 7870 8781 8427 7693 8514 8152 8104 8329 7901 8017 7738 8006 9030 8224 7991 7884 8365 8370 7550 7670 7739 7324 7921 8288 8014 8278 8502 8250 8798 7780 8520 8328 7598 8132 8423 8160 8170 8162 7883 8063 8385 8328 8615 8027 7719 7823 8000 7816 7967 8136 7506 7810 7885 8104 7851 7968 8555 8809 8255 7861 7948 8105 8076 7567 7951 7912 7944 8501 8288 7845 7808 7854 7942 8102 7975 7982 8328 8207 7705 7787 8012 8621 8175 7591 8049 8580 8574 8040 8520 8158 7970 9042 7826 7533 8081 8240 8110 8354 7678 7830 7869 7801 8005 7998 7967 8068 8278 7794 8100 7927 8101 8750 8116 8396 8143 7873 7649 8056 8353 7755 8497 8599 8123 7994 8301 8163 7951 8087 8078 7996 8328 8181 7728 7742 7708 7757 8582 7953 7903 8016 7981 8023 8180 8154 8793 8001 8733 8626 7861 7855 
8436 7758 8201 8544 8570 8093 8091 8620 8026 8365 8042 8727 8199 8317 8543 8295 7821 8373 8879 8274 7991 8425 8210 8251 8540 8523 8837 7907 8487 8547 7849 7992 8261 8392 8201 8350 8139 8433 8549 8265 7489 7922 7924 7888 8335 8255 9012 8242 7758 8186 8486 8474 8291 8941 8463 8173 8355 7979 8397 8514 8457 8042 7828 8653 7662 7857 8743 8346 8203 8681 8390 8348 7931 8474 8467 8522 7642 8407 7995 8563 8518 8829 8386 8562 8980 8117 8384 8416 8612 8860 8381 8105 7982 8336 8130 8200 8007 8529 8027 8222 8711 8671 8653 8299 7950 8389 8163 8282 8540 8558 8454 7860 8510 8258 8075 8284 7983 8377 8380 7821 8445 8341 8135 7977 7875 8160 8737 7941 8414 7994 8331 7776 8056 8698 8923 8284 8459 8281 8630 7797 8484 8513 8567 8001 8235 7956 8304 8558 8100 8326 8649 8535 8388 8537 8331 8145 8502 7983 7747 8165 7907 8064 8719 8449 7987 7712 8479 8250 8085 8409 8951 8106 8294 8301 8588 8511 8631 9116 8105 8510 8621 8550 8301 7711 8465 8054 8412 8139 8076 7999 8380 8481 8047 8138 7965 8150 8841 8224 8445 8036 8169 7693 8376 8726 8628 8170 8233 8781 8149 8175 7909 8010 8231 8351 7715 8113 8376 8426 8406 8250 8534 8136 8878 8754 8200 7986 7869 8662 8279 8055 8325 8211 8214 8247 8612 7889 8438 8769 8656 8304 8669 8321 8154 7987 7901 8398 8528 8169 7908 8575 8341 8676 8351 8031 8541 8990 8506 8299 8107 8246 7960 8156 8976 8581 8251 8080 8051 8361 8103 7817 7781 7496 8054 8088 7624 8419 8392 8071 8874 8322 8676 8554 7879 8054 8678 8281 8322 8446 8177 8457 8644 8118 8427 8442 8104 8302 8281 8125 7803 8382 8005 8313 8096 8162 8219 8012 8506 8915 8475 8271 8060 8125 8603 8295 8033 8181 7842 8767 8492 8222 8067 8245 7888 8295 8431 7817 8463 7676 8391 8415 7874 8707 8373 8250 8235 8336 8814 8270 8872 8217 8010 8779 8250 7543 8385 8513 8567 8351 7792 7642 7962 8043 8248 8635 8067 8404 8461 8306 8696 8192 8164 8997 7783 8326 8067 8407 7963 8100 8261 7866 8476 8933 8460 8142 8448 8422 7786 8527 8168 8479 8332 8001 7683 8336 7794 8562 8903 8156 8043 8014 8168 8649 8537 8347 8616 8073 8736 8660 8000 8139 
7660 7290 7949 8244 7932 7447 7451 7973 7645 7616 7699 8220 7797 7725 7786 7685 7427 7740 7960 7693 7524 7530 7738 7486 7534 7997 8050 7230 7873 7710 7314 7575 7543 7957 7944 7285 7413 7911 8030 7718 6792 7293 7162 7629 7310 7450 7994 7557 7274 7570 7690 7992 7602 7934 7380 7655 7756 7692 7737 7753 7534 7112 7255 7513 7040 7839 7928 7454 7498 8211 7869 7456 7404 7705 7922 7917 7298 7579 7146 7466 7900 8251 7658 7821 8485 7651 7587 7671 7740 7713 7850 7499 7463 7496 7902 7602 7741 7888 6990 7835 8160 7934 7865 7706 7752 7794 7583 7812 7822 7998 7436 7676 7803 7820 7665 7750 7438 7439 7780 7826 7630 7419 7362 7410 7168 7592 8212 7953 7876 7213 8118 7318 7305 7746 8203 7341 7777 7977 7803 7301 8130 7971 7533 7320 8041 7352 7654 7622 7050 7581 7713 7954 7835 8040 7723 7714 8032 7270 7258 7819 7498 7665 7889 8089 7215 7059 7714 7256 7429 7751 7936 7744 7776 7837 7542 7753 8046 8335 7295 7448 7884 7634 7411 7324 7810 6959 7763 8183 7312 7180 7344 7851 7688 7516 7229 7509 8022 7993 7640 7472 7757 7556 7529 8155 7792 7424 7517 8065 7541 7645 7517 7414 7755 7812 7372 7889 7791 7701 7299 7837 7922 7409 7540 7922 7732 7484 7919 7875 7545 7620 7767 7252 7594 7572 7939 7075 8060 7900 7959 7928 7942 7565 7405 7186 7887 7592 7795 7239 7488 7767 7971 8218 7854 7428 7804 8050 7683 7744 7573 7198 7073 7778 8364 7513 7416 7519 7721 7741 7690 7356 7062 6865 7878 7600 7455 7688 7822 7530 8119 7499 7530 7873 7486 7660 7896 7353 7775 7571 7473 7360 8111 8028 7653 7534 7312 7408 7610 7607 7593 8050 7309 7760 7374 7992 7537 7333 7991 7811 7983 7404 7378 7443 7674 7567 7450 7635 7643 7651 7559 7707 7248 7471 7359 7750 7225 7479 7704 7826 7474 7761 7591 8182 7664 7494 7627 8195 8339 7613 7849 7493 7741 8382 7660 6744 7745 7954 7783 7865 7526 6899 7779 7718 7934 7801 7526 7984 7681 7374 8209 7700 7836 7957 7477 7420 7422 7336 7295 7168 7826 7631 8043 7884 7771 7447 7898 7708 7802 7987 7667 7537 7802 7398 7542 7376 7318 7514 8039 7621 7790 7648 7668 7613 7510 7743 8019 7433 8195 7966 7499 7697 
8243 7987 8371 8667 8511 7909 8387 8821 8221 8103 8106 8433 7877 8209 8019 7836 8128 8330 8631 8488 8127 8287 8325 8015 8268 8418 8570 7856 8002 8360 7714 8166 7981 8603 8255 8286 8210 8289 8540 8695 7406 7734 7567 8047 8222 8065 8729 8033 7835 8276 8491 8372 8180 8782 7994 8252 8390 7833 8497 8417 8149 8168 7914 8562 7486 8463 8748 8348 8397 8451 8469 8076 7844 8297 8413 8794 7600 8270 7649 8341 8215 8779 7952 8345 8522 7909 8180 8611 8429 8435 8421 8424 8084 8100 8359 8242 8224 8636 7910 8324 8465 8615 8416 7960 7927 8174 8110 8342 8634 8500 8262 7718 8170 8085 8080 8112 8204 8235 8127 8073 8158 7908 8148 8063 7792 7812 8964 8109 8142 8000 8458 8045 7429 8751 8675 8381 8340 8170 8605 7877 8533 8414 8251 7852 8378 7761 8192 8233 7814 8080 8264 8876 8660 8510 8388 8218 8703 8051 7842 8140 7916 8008 8357 8403 7656 8172 8212 8221 7962 8335 8518 8218 8463 8089 8134 8109 8346 9085 7911 8178 8443 8209 7988 7665 8388 7807 8122 8751 7982 7787 8302 8079 8344 7919 7896 7908 8531 8405 8142 8018 8465 8181 7874 8658 8474 7949 7747 8340 8200 8400 7660 7868 8266 8395 7743 8062 8430 8433 7871 8305 8504 8016 7925 8538 8217 7856 8131 8196 8311 8272 8205 7914 7954 7928 8324 7801 8887 8200 8354 8231 7990 8243 8115 7480 8358 8685 8262 7829 7957 8244 8041 9197 8119 8049 8407 8642 8183 8549 8129 7895 7596 8413 8739 8532 8081 8181 8420 8294 8087 7675 7648 7609 8002 8067 7584 8490 8387 8120 8874 7669 8186 7966 7575 8203 8339 8349 8261 7994 8164 8287 8205 8368 8561 8279 7815 8396 8203 8040 8295 8287 7664 8024 8217 8477 8295 7980 8805 8696 8515 8064 7835 8176 8093 7869 7876 7947 7946 8334 8223 7905 7890 8019 8239 7894 8000 8066 8244 8187 7669 8111 8167 8454 8426 8247 8259 8118 8949 8432 8525 8006 8495 8600 8064 7723 8414 7999 8356 8534 7892 7899 7852 8015 7964 8404 8234 8465 8462 8180 8653 8063 8353 8813 7843 7908 8405 7865 7409 7878 8181 7836 8764 8531 8216 8170 8110 7978 7897 8197 7943 8520 8206 8227 7535 7651 7785 8097 8406 8286 7732 7734 8050 8628 8024 8256 8772 8183 8614 8398 7818 8510 
7737 7233 7775 7740 7911 7518 7761 7853 7635 7682 7209 8046 7700 7914 7922 7470 7511 7645 7879 7485 8099 7406 7756 7402 7619 7681 7909 7366 7608 7809 7082 7782 7393 7781 7306 7794 7498 8032 7924 7749 7106 7590 6927 7477 7498 7326 7863 7478 7411 7587 8038 7969 7645 8166 7374 7505 7863 7523 7678 7667 7345 7329 7279 7850 7419 7575 8051 7635 7371 7814 7432 7563 7283 7815 7891 7631 7127 7786 7490 7794 7771 8169 7289 7829 8154 7804 7633 7576 8079 7857 7799 7652 7476 7633 7796 7669 7480 8158 7597 7534 7959 8112 7718 7488 7363 7815 7233 8007 8030 8074 7761 7416 7601 7575 7793 7437 7543 7683 7779 7458 7939 7813 7403 7337 7373 7596 7882 7550 8057 7283 7734 7546 7153 8254 8027 7849 7862 7393 7988 7572 7934 7883 7877 7373 8011 7286 7684 7815 7341 7469 8037 7852 7868 8002 7599 7497 8040 7605 7167 7363 7610 7565 7924 7988 7064 7455 7511 7705 7658 7529 8413 7645 7649 7166 7733 7955 7930 8151 7558 7792 7858 7584 7715 7108 7715 6794 7770 7686 7515 7124 7894 7887 7484 7610 7149 7657 8002 7939 7709 7610 7806 7442 7816 7901 7814 7366 7537 8192 7559 7640 7492 7524 7433 7794 7224 7825 7855 7735 7317 7478 8105 7709 7616 7921 7404 7295 7757 8044 7502 7297 7588 7583 7390 7405 7475 7256 8151 8006 7828 7922 7534 7516 7131 7155 7678 7697 7894 7465 7317 7619 7095 8200 7619 7412 7996 8036 7508 7731 7450 7705 7182 7797 8162 7985 7483 7675 7531 7920 7659 7140 6881 6915 7368 7765 7293 8065 7825 7566 8148 7367 7663 7946 7172 7513 7815 7663 7469 7616 7683 7802 8002 7752 7888 7863 7270 7732 7696 7532 7131 7969 7224 7625 7866 7625 7720 7403 7849 8185 8216 7535 7463 7580 7456 7482 7662 7322 7130 7929 8041 7509 7473 7729 7481 7655 7719 7285 7690 7314 7446 7690 7459 8054 7917 7540 7427 7818 8076 7612 7805 7669 7978 8403 7566 7162 7889 7761 7623 7966 7379 6842 7480 7350 7599 7898 7124 7515 7570 7613 7932 7539 7471 8025 7426 7814 7653 7459 7072 7577 7759 7427 8019 8198 7764 7666 7640 7539 7245 7824 7424 7567 7615 7481 7457 7468 7376 7908 7989 7495 7334 7500 7710 8110 7429 7755 7887 7189 8256 7962 7312 8055 
7961 7581 7735 8320 8057 7783 7813 8044 8518 7876 7796 7953 8052 7650 8303 7761 7591 7638 8267 8049 7724 8034 7792 7885 7916 8237 8472 7481 7896 8511 7576 7741 8247 8251 7884 7832 7808 8040 8274 8281 6978 7684 7531 7509 7612 8066 8503 7832 7488 7732 8398 8408 7715 8257 7890 7767 8122 7595 8042 8084 8280 7621 7601 8065 7830 8219 8287 7823 7975 8328 8019 7699 7786 7718 8083 7832 7216 8238 7849 7620 8271 8320 7994 8045 8289 7742 7690 8085 8000 8245 8215 7827 7500 7775 8167 7893 7929 8246 7333 8126 8029 7932 8107 7574 8028 8157 7616 7960 8072 7960 7855 7956 7924 7783 7898 8178 7750 8026 7906 8119 8132 7697 7684 7768 7668 7757 8721 7766 7826 7807 8023 7761 7757 8324 8279 7819 8159 7470 8321 7623 8266 8279 8116 7752 8021 7790 8067 7905 7479 7923 7934 8406 7872 8423 8169 7869 8340 7478 7987 7856 7699 7907 8346 8113 7395 7677 8532 7467 7997 8135 8584 7948 8060 8018 7693 8375 8274 8562 7572 7646 8037 7711 7685 7570 8295 7133 7759 8156 7561 7401 8250 7864 8163 7934 7369 7793 8416 8128 8221 7818 7679 7341 7856 8238 8200 8114 7801 8382 7865 7758 7712 7879 7935 8129 7482 8107 8162 7556 7703 8058 8252 7688 7848 8072 7741 7550 8025 8442 7661 8191 7933 7653 7829 7673 8276 7334 8108 8150 8517 8291 7718 8366 7994 7697 8149 7970 7968 7648 7872 7952 8116 8367 8073 7664 8014 8108 7869 7964 7573 7808 7366 7878 8653 8084 7616 7767 8007 8126 8040 7516 7147 7543 7722 7865 7670 7933 7917 7679 8459 7755 8150 8336 7634 7864 8029 7958 7901 7796 7795 7764 8359 8157 7827 7657 7559 7814 7969 7698 7704 8252 7652 7690 7651 8081 8008 7579 8506 8381 8114 7472 7632 7727 7973 7959 7882 7334 7672 8248 7972 7816 7782 7961 7583 7940 7304 7564 7761 7919 7855 7987 7843 8126 7849 7793 7941 8152 8404 7607 8322 7946 8049 8352 7922 7455 8273 7873 8252 8113 7925 7274 7459 7827 7859 8156 7612 8068 7784 7618 8070 8026 7982 8460 7752 7919 8362 7746 7550 7705 8086 8223 8093 8162 8322 7794 7867 7996 7915 7928 7854 7897 8440 7713 7568 7483 7707 7687 8281 7674 8021 7859 8052 8472 7592 7933 8192 7348 8272 8211 7832 7767 
7920 7667 7821 8031 8187 7611 8064 8064 7578 7690 7911 8582 8257 7700 7908 7894 7790 7760 8566 8089 7816 7926 7867 7637 8070 8036 8273 7735 7776 8230 7682 8021 7789 8085 7765 7849 7525 8145 8408 8193 7059 7776 7548 7697 7566 7707 8450 7942 7578 7796 8261 8321 7863 8346 7693 7976 8059 7953 7837 8061 8149 7718 7720 8079 7116 8073 8408 7926 7805 8202 7869 7870 7519 8158 8433 7951 7363 7687 7376 7937 8011 8268 7904 8069 8418 7995 7946 7954 8266 8005 7866 7588 7843 7999 7649 7790 7937 8015 7968 8275 8170 8137 7961 7537 7860 7773 8044 7938 8462 7993 7708 7817 7979 8126 7810 7944 7851 8259 8097 7787 7979 8209 7842 7350 7910 8050 8630 7815 7818 7715 8038 7892 7633 7962 8343 8173 8210 7778 8686 7659 8330 8434 8256 7540 8035 7422 7917 7891 7620 7864 8386 7896 8237 8262 7843 8008 8469 7888 7539 8055 7691 7567 7996 7937 7450 7374 8437 7585 7879 8235 8454 7882 7980 7732 8020 8316 8301 8662 7511 8080 8296 7920 7589 7443 8247 7430 7698 8058 7599 7520 8183 8463 7492 8030 7545 7574 8209 8208 7963 7724 8032 7554 7681 8228 8425 7727 7939 8182 7795 7432 7767 7785 8036 7827 7488 8161 8110 7990 7417 7555 8108 7753 7674 8040 7929 7760 8098 8183 8012 8084 7908 7646 7699 7711 8236 7162 8406 7936 8178 7887 8001 7759 7897 7735 7726 8028 8167 7669 7597 7900 7799 8540 8067 7667 8371 8194 8066 8000 7764 7816 7221 8186 8535 7632 7572 7794 8028 8276 7678 7153 7403 7323 7895 7863 7576 8470 8229 7836 8423 7982 7926 8267 7592 7462 8261 7886 7867 7954 7522 8019 8314 8162 7866 7801 7430 7998 7832 7788 7696 8325 7278 7696 7517 8071 7763 7529 8599 8199 8126 7823 7741 7778 7652 7718 7973 7625 7682 8316 8025 7687 7708 7965 7857 8002 8046 7665 8050 7772 7598 7910 8014 8019 8110 8154 7892 8190 8434 7963 8420 7613 8043 8467 8013 7165 7808 7895 7622 8306 7642 7260 7606 7659 7929 8211 7914 8119 7723 7933 8440 7826 7969 8525 7843 7779 8118 7730 7554 7302 8236 7465 8125 8323 7934 7681 7987 7804 7561 8109 7978 7911 8238 7826 7409 7855 7657 8106 8230 7617 7491 7872 7746 7989 7809 7905 8257 7713 8219 8462 7414 8136 
7495 7341 7642 7967 7870 7349 7608 7785 7766 7448 7336 8209 7531 7717 8043 7781 7790 7716 8031 7395 7576 7681 7345 7528 7525 7973 7833 7607 7872 8201 7331 7493 7398 7838 7686 7949 7766 7544 7756 7621 6988 7153 7069 7462 7709 7370 8041 7793 7371 7366 7985 8075 7655 8046 7407 7574 7788 7726 7811 8060 7423 7623 7228 7870 6779 7739 7836 7638 7852 7980 7493 7643 7428 7481 8036 7734 7408 7580 7329 7634 7815 8357 7708 8112 8120 7936 7693 7711 7914 7946 8034 7303 7382 7776 7669 7508 7632 7724 7251 7695 7923 7791 7775 7532 7410 7897 7050 7769 7970 8031 7542 7397 7709 7576 7425 7630 7497 7470 7705 7583 7582 7660 7769 7539 7443 7456 8172 7458 7746 7527 7836 7527 7438 8096 8335 7727 7546 7238 7961 7287 7733 8196 7996 7479 7737 7456 7708 7464 7431 7484 7451 7686 8040 8478 7526 7613 7869 7230 7484 7551 7747 7543 8149 7911 7302 7172 7762 7036 7738 7681 8295 7827 7920 7331 7860 7974 7826 7762 7343 7436 7844 7785 7703 7030 7394 6859 7769 7629 7497 7189 7755 7771 7586 7415 7038 7416 8197 7782 7797 7456 7590 7250 7582 8213 7619 7670 7374 8172 7528 7260 7599 7495 7771 7776 6969 7840 7764 7637 7381 7489 7910 7616 8225 8221 7941 7206 7901 7957 7335 7430 7442 7293 7739 7381 7974 7389 8042 7757 8091 7920 7491 7673 7465 7546 7613 7542 7905 7366 7121 7824 7629 8145 7529 7577 7658 7736 7606 7675 7623 7421 7093 7566 8220 7599 7319 7380 7714 7799 7662 7390 7211 6970 7477 7475 7458 7733 7766 7534 8165 7458 7670 7794 7353 7459 7849 7403 7499 7781 7558 7856 7873 8065 7637 7499 7072 7334 7899 7212 7521 7863 7373 7462 7437 8073 7561 7350 7731 8060 8206 7498 7215 7618 7834 7812 7642 7609 7345 7940 7797 7648 7321 7590 7615 8073 7464 7478 7910 7221 7564 7498 7731 7925 7918 7579 7593 7997 8139 7750 8092 7352 7637 8398 7641 7039 7626 7847 7702 8231 7649 7044 7537 7195 7613 7810 7462 8003 7446 7629 8189 7352 8008 8239 7584 7441 7517 7285 7408 7241 7664 7623 7822 7916 8129 7294 7614 7687 7604 7641 7286 7435 7873 7356 7330 7296 7180 7224 8098 7659 7749 7652 7641 7637 7516 7821 8212 7222 8003 8460 7601 7752 
7303 7394 7668 7657 7446 7194 7304 7825 7116 7371 7333 7700 7523 7348 7568 7198 7449 7613 7853 7532 7367 7570 7447 7090 7500 7480 7848 7129 7609 7619 7239 7634 7453 7720 7242 7303 7703 7554 7820 7575 6831 7626 7113 7269 7614 7143 7643 7425 6942 7265 7957 8049 7268 7793 7264 7334 7224 7404 7576 7672 7759 7159 7095 7927 7083 7627 8160 7573 7339 7826 7127 7167 7401 7430 7569 7758 7052 7363 7234 7433 7879 7853 7368 7796 7921 7536 7505 7611 7949 7653 7785 7390 7067 7418 7072 7392 7420 7802 7329 7595 7726 7802 7976 7297 7181 7506 7405 7692 7730 7546 7383 7457 7609 7250 7407 7425 7263 7516 7575 7523 7600 7172 7060 7191 7429 7083 8163 7563 7423 7337 7798 7362 7251 7906 7868 7698 7594 7454 8049 7065 7762 7832 7532 7318 7668 7182 7596 7654 7101 7301 7514 7864 7573 7828 7511 7191 7709 7196 7032 7488 7423 7269 7637 7796 6676 7130 7722 7620 7544 7686 8443 7511 7827 7406 7495 7720 7914 8099 7197 7337 7883 7473 7160 7126 7419 7274 7557 7446 7063 6868 7328 7603 7414 7465 7149 7438 7783 7827 7540 7428 7513 7451 7449 7877 7577 7364 7273 7947 7335 7331 7219 7538 7374 7341 7045 7595 7577 7502 6849 7649 7645 7406 7231 7909 7564 7051 7494 7593 7644 7577 7531 7100 7251 7062 7891 6966 7709 7876 8079 7506 7327 7413 7341 7181 7418 7794 7580 7282 7256 7618 7354 8382 7438 7403 7582 7659 7498 7698 7044 7212 7273 7500 8002 7602 7260 7440 7377 7358 7252 7133 6896 6833 7629 7284 6919 7537 7523 7343 7885 7572 7487 7362 7059 7185 7825 7327 7678 7360 7339 7607 7804 7346 7719 7128 7093 7325 7075 7238 7222 7776 7081 7213 7547 7720 7660 7379 7743 7884 7528 7429 7656 7203 7406 7403 7264 6991 7102 8186 7338 7587 7310 7481 7250 7673 7325 7501 7411 7311 7221 7546 7364 7608 7658 7704 7289 7722 7985 7474 7816 7551 7991 7671 7505 6827 7778 7462 7571 7674 7520 6951 7051 7394 7607 7449 7188 7494 7608 7400 8089 7575 7420 8069 7210 7707 7676 7066 7131 7171 7826 7420 7723 8212 7798 7286 7751 7519 7266 7426 7510 7508 7646 7515 6987 7236 6990 7524 7754 7485 7499 7336 7397 7540 7458 7568 7678 7332 7972 7941 7184 7297 
8447 7952 8400 8491 8513 7870 8249 8581 7919 8304 7834 8548 8318 8407 8336 8285 8108 8428 8849 8254 8170 8257 8071 8129 8063 8270 8458 7710 8460 8548 7820 8214 8135 8521 8291 8398 8135 8052 8637 8507 7232 7895 7599 7635 8059 8094 8637 8089 7477 8102 8757 8329 8144 8621 8072 8132 8314 8113 8637 8457 8429 7899 7660 8536 7627 8364 8397 8143 8263 8236 8186 8084 7912 8631 8266 8251 7635 8296 7844 8220 8434 8585 8236 8379 9099 8200 8180 7993 8291 8479 8093 7936 7732 8217 8568 8107 8315 8593 7691 7956 8532 8745 8344 7786 7747 8288 8132 8571 8901 8358 8128 8041 8342 8312 8076 8530 8146 8292 8046 8273 8249 8192 8281 7908 8007 8295 8455 8050 7941 8215 8437 7779 7931 8361 8545 8347 8163 8156 8366 7840 8595 8779 8116 7956 8495 7708 8281 7936 7597 8051 8228 8600 8285 8588 8391 8390 8692 7736 7967 7990 7834 8130 8572 8400 7920 7927 8429 7951 7916 8219 8815 8520 8269 8362 8182 8643 8331 8836 7704 8027 8571 8212 7969 7842 8549 7803 8003 8274 7876 7878 8641 8211 7783 8165 7725 7969 8901 8399 7953 8205 8193 7699 7995 8885 8031 8107 8191 8621 7943 7625 7635 7913 7948 8354 7658 8074 8295 8070 8067 8088 8495 8033 8191 8871 8073 7986 8153 8696 7942 8321 8148 7803 8041 8036 8352 7798 8341 8559 8671 8576 8077 8128 7808 7776 8285 8090 8429 7741 7886 8622 7819 8739 8215 8068 8281 8149 8005 8243 8356 7810 7961 8205 8626 8426 7840 7805 8336 8392 7996 7796 7580 7480 7940 8124 7976 8597 8270 7876 8635 7727 8405 8254 7729 8120 8346 7733 7919 8119 8034 8220 8620 8255 8135 7986 7950 8139 8142 8218 7909 8507 7692 8172 8082 8295 7970 7826 8572 8673 8387 8185 7738 7991 8279 8181 7969 7892 7833 8713 8280 7796 7998 8302 8064 8419 7677 7633 8666 7915 8054 8208 7880 8568 8249 8066 8303 8332 8720 8199 8776 7950 8460 8908 8234 7461 8103 8293 7951 8667 8070 7782 7893 8126 8217 8571 7631 8389 8408 8021 8451 7833 7591 8420 8406 8210 8226 7952 7917 7750 8293 7915 8503 8495 8346 8198 8321 8190 7965 8408 7898 8362 8485 8120 7577 7727 7822 8154 8843 7722 8130 7983 8290 8139 7953 8131 8504 8157 8507 8792 7921 8091 
8423 7803 8042 8619 8604 7975 8243 8520 8068 7755 7819 8304 8114 7890 8382 7944 8256 7945 8689 8311 7869 7973 8155 7407 8149 8411 8644 7812 7978 8546 7369 8027 8063 8251 8067 7795 8247 8005 8451 8238 7302 7973 7816 7821 7859 8158 8502 8019 7662 7838 8434 8194 7931 8719 8104 8082 8474 7955 8253 8429 8129 7870 7981 8436 8040 8190 8347 8258 8181 8263 8142 7592 7514 8385 8028 8512 7469 8074 7741 8066 8014 8728 7885 8406 8876 8234 8080 8159 8179 8403 8418 8120 7947 8111 8055 8081 7938 8464 8058 8085 8356 8529 8403 8120 7781 8286 7908 8206 8678 8217 8194 7904 8267 8168 8000 8185 7901 7909 8151 8018 8180 8187 7648 7802 7873 7678 8865 7984 8026 7816 7869 8077 7789 8375 8499 8158 8131 8074 8287 8108 8361 8471 8130 7847 8270 7794 8197 8230 7740 7950 8341 8436 8453 8376 8172 7991 8555 8212 7770 8335 8207 8053 8077 8664 7765 7504 8221 7963 8030 8181 8743 8160 8121 8098 7868 8462 8420 8896 7845 7989 8347 8162 8013 7491 8268 7339 8101 8480 8162 7631 8591 8349 7958 7708 7230 7685 8599 8376 8246 7594 8234 7959 8032 8444 8442 7870 7925 8383 7640 8153 7957 7759 8219 8138 7716 8131 8175 8210 8147 7924 8669 7916 8107 8261 8006 7834 8061 8426 7988 8419 8288 7813 7680 7765 7916 7802 8344 8332 8752 8296 7983 7887 7831 7798 8277 8232 8551 8000 8027 8282 8180 8576 8357 7925 8669 8447 7938 8286 8016 7654 7731 8042 9120 8037 7760 7800 7982 8472 7825 7625 7126 7457 7944 7746 7797 8034 8364 7788 8852 8057 8490 8207 7972 8120 8392 8213 7859 7896 7713 7806 8564 8231 8228 8132 7702 8058 8155 7837 7849 8072 7578 7934 8268 8068 7803 7837 8647 8356 8285 8051 8217 7888 7979 7873 7883 7875 7823 8469 8285 8054 7546 8147 8064 8229 7642 7732 8041 8054 7767 7730 8165 8139 7935 7938 8198 8424 8709 7821 8323 8051 8197 8590 8046 7763 8329 8419 8182 8162 7532 7562 7782 7517 8077 8127 7802 8264 8382 7789 8467 8043 8458 8325 7941 7902 8394 7713 7735 7533 8112 7646 8642 8271 8341 8132 8058 8011 7896 7871 8027 8114 8135 7810 7713 7794 7296 8088 8346 8092 7996 7791 7769 8289 7680 8327 7946 7763 8350 8515 8093 7978 
8605 8439 8660 8496 8565 8261 8615 8831 8445 8573 8476 8652 8653 8392 8746 8414 8298 8497 9262 8817 8878 8502 8280 8140 8460 8756 9041 8118 8588 9059 8094 8754 8269 8808 8281 8724 8588 8506 9089 8409 7955 8541 8223 8086 8751 8390 9204 8629 8225 8301 8765 8701 8896 8955 8429 8160 8731 8208 8787 8882 8358 8240 8058 8765 8174 8479 8933 8545 8303 8691 8585 8203 8417 8489 8588 8840 7944 8594 8272 8593 8612 9194 8610 8893 9017 8704 8756 8845 8918 8543 9261 8003 8517 8330 8551 8941 8486 8791 8184 8945 8911 9166 8636 8549 8399 8424 8288 8563 8704 8959 8266 8394 8872 8494 8841 8335 8511 8723 8311 8452 8913 8631 8307 7970 8412 8287 9354 8478 8528 8216 8590 8021 8029 9027 9078 8749 8519 8577 9310 7917 8880 9202 8842 8244 8911 7915 9105 8631 8177 8464 8693 8751 8617 8991 8613 8576 8795 8229 8328 8604 8446 8312 8607 8740 7939 8082 8602 8342 8871 8753 9259 8686 8913 8050 8333 8869 8706 9054 8259 8701 8745 8756 8434 8033 8958 7990 8523 8964 8385 8403 8681 8711 8293 8209 8023 7982 8774 8632 8485 8373 8475 7966 8477 8770 8785 8079 8368 9059 8684 8318 8221 8139 8655 8647 7750 8709 8921 8447 8010 8353 8727 8378 8838 8891 8560 8121 8911 8934 8388 8900 8399 8464 8312 8214 8807 8160 8661 8773 8968 8649 8617 8637 8150 7977 8883 8584 8949 8479 8334 8503 8719 9176 8747 8157 8548 8541 8607 8643 8367 8237 8166 9092 9277 8448 8329 8693 8531 8665 8570 7607 7921 7906 8306 8293 8535 8849 8626 8521 9057 8619 8782 8849 8539 8507 8997 8299 8416 8534 8484 8885 8909 8657 8743 8572 8322 8136 8503 8187 8648 8919 8332 8528 8402 8438 8673 7797 9125 8717 8496 8457 8210 8124 8439 8510 8139 8211 8377 8841 8646 8426 8455 8613 7964 8702 8313 8357 8819 8182 7978 8683 8332 8638 8564 8396 8498 8858 8787 8649 9220 8796 8751 9150 8435 7837 8707 8642 8753 8504 8208 7871 8302 8421 8424 9108 8003 8935 8450 8566 8472 8588 8182 9086 8429 8493 8341 7945 7899 8464 8858 8398 8974 8576 8892 8364 8554 8371 8464 8677 8536 8565 8324 8690 8389 8009 8017 8450 9326 8257 8295 8365 8401 8630 8385 8478 8892 8324 8810 8959 7892 8616 
8117 7890 8427 8558 8582 7736 7959 8124 8306 8299 8008 8503 8562 8259 8110 8376 7948 8191 9108 8078 8329 8318 8369 8047 8207 8442 8661 8087 8185 8638 7962 8017 7945 8484 8379 8176 8173 8407 8653 8414 7550 8051 7809 7857 8016 8020 8437 8012 8002 8220 8542 8068 8157 8748 7830 8459 8462 8147 8225 8489 7937 8172 7573 8182 7599 8378 8505 8658 8097 8495 8265 7946 7846 8262 8257 8351 7371 8138 8055 8159 8289 8816 8338 8262 8891 8138 8136 8331 8414 8493 8149 7990 7879 7923 8295 8091 8068 8479 7711 8205 8444 8635 8426 8075 7971 8073 7837 8245 8913 8740 8068 7886 8342 8295 8251 7941 7932 8082 7998 8057 8524 8390 7909 8135 8000 7930 8696 8247 8476 7893 8580 8028 7893 8450 8655 8409 8548 8058 8666 7848 8537 8523 8491 8009 8602 7969 8326 8515 7967 8153 8315 8537 8385 8674 8100 7969 8754 8057 7595 8164 8209 8117 8500 8272 7810 8006 8199 7815 8016 8410 8443 8281 8319 8215 7818 8561 8412 8711 7780 8243 8493 8167 8220 7915 8511 7634 8262 8328 7950 8025 8212 8534 8467 8093 7583 8298 8909 8740 8471 8104 8000 7921 8162 8726 8210 8110 8122 8953 8063 8221 7727 7622 8179 8394 8022 8189 8490 8142 8151 8083 8312 8296 8276 8698 8312 7918 7933 8590 8321 7876 8169 8301 7855 8016 8254 7693 8477 8552 8242 8242 8224 8338 7961 7734 8301 8244 8549 7954 8363 8467 8049 8799 8384 7924 8276 8485 8027 8421 7981 8403 7569 8221 8832 8740 7769 8188 8427 8382 7948 7792 7791 7345 8107 7959 8280 8317 8563 8062 8747 7935 8563 8602 7792 8305 8306 8067 8362 8234 8329 8204 8686 8451 8383 8300 7816 8217 8241 8030 8150 8711 7788 8103 7786 8492 7916 7884 8770 8461 8680 8196 8013 8074 8151 7887 8126 7954 8081 8493 8246 8012 8084 7801 8080 8200 7750 8044 8501 7874 7700 8470 7885 8398 8517 7914 8005 8416 8695 8458 8636 8013 8421 8470 8033 7694 8482 8447 8381 8707 7987 7863 7873 8000 7939 8323 7632 8619 8431 8158 8528 8239 8157 8633 7804 8471 8282 8127 7718 7952 8334 8004 8670 8671 8456 8350 8436 8566 7783 8481 8325 8312 8262 8329 7811 7941 7966 8260 8516 8083 7798 8042 8172 8456 8070 8076 8728 7806 8703 8795 8123 8742 
7932 7439 7933 8285 8081 7723 8216 7988 7963 7712 7521 8098 7709 7808 7911 7782 7765 7801 8396 7850 7944 8124 7960 7645 7911 8011 8194 7618 7897 8167 7479 7729 7805 8190 8108 7537 7752 8394 7762 8305 7430 7524 7427 7598 7634 7750 8402 8015 7315 7842 8389 8411 7531 8313 7478 7855 8074 7917 7792 7905 8003 7624 7732 8275 7339 7892 8386 8232 7821 8205 7790 7891 7490 7959 7900 8031 7208 7834 7554 7805 7979 8319 8127 8054 8693 8076 7933 8004 8258 8168 7822 7836 7780 8151 7716 8140 7969 8197 7571 7964 8265 8450 7961 7649 7619 7678 7694 8101 8151 8018 7775 7675 7909 7849 7846 8016 8010 8052 7854 7915 8069 7910 7494 7625 7570 7842 8460 7446 8031 7750 8252 7641 7739 8330 8412 7867 7618 7774 8193 7655 8400 8212 7947 7736 8045 7368 7827 7838 7522 7945 7788 8125 8044 8440 7781 7684 8196 7624 7511 7685 7978 8014 8089 8444 7674 7585 8080 7665 7894 7885 8375 8250 8165 7565 7748 8236 8168 8517 7432 7953 7915 7995 7561 7496 7764 7461 8072 8016 7509 7401 7867 8111 7700 7843 7535 7576 8298 8373 8126 7666 7855 7542 7522 8357 8187 7685 7546 7937 7930 8140 7711 7878 7809 8134 7359 7907 8264 7649 7442 7947 8150 7810 7901 8429 7993 7578 7727 8242 7847 7943 7795 7498 7779 7631 7792 7520 8037 8147 8208 8391 7842 7598 7447 7560 8049 7819 8282 7786 7634 8131 7699 8076 7754 7359 7862 8143 7919 7918 7788 8020 7394 7867 8575 7965 7334 8007 8125 7978 7899 7315 7418 7317 7988 7927 7381 8212 8144 7608 8286 7907 7776 8166 7465 7856 7873 7843 7834 8055 7851 7928 8156 7828 8162 8197 7440 7790 8106 7776 7773 8295 7379 7992 8010 8221 7490 7725 7867 8028 8420 7850 7667 8077 7883 7499 7891 7750 7603 8009 8058 7968 7403 7698 7690 8097 7786 7840 7983 7774 7722 7790 7647 8256 7913 7675 7855 8198 8380 7527 8321 7941 8228 8367 7727 7340 7766 7804 8202 8201 7617 7272 7592 7908 7709 7935 7531 7994 7944 8043 7765 7982 8097 8576 7864 8037 8331 7583 7627 7542 7911 7554 8603 8260 8133 7797 8097 7882 7786 8052 7620 7909 7979 7984 7693 7602 7588 7652 8139 7882 7611 8039 8166 8038 7803 7766 8284 7860 8268 8611 7597 8142 
7854 7564 8067 8139 8004 7583 7704 8101 7801 7430 7467 8058 7856 7563 8031 7867 7509 8009 8284 7840 8011 7915 7602 7574 7844 7675 8241 7594 7614 8058 7426 7601 7478 7881 7896 7739 7805 7988 8278 8087 7190 7858 7392 7606 7752 7597 8188 7700 7318 7652 8254 8194 7704 8084 7928 7873 7845 7656 7685 7780 7861 7707 7402 7834 7279 7739 7996 7990 7897 7913 7521 7685 7475 7956 7958 7948 7587 7482 7352 7509 7809 8415 7956 7868 8616 8296 7900 7782 8177 8019 8046 7190 7566 7668 7748 7833 7785 8136 7497 7936 8103 8042 8040 7448 7664 7421 7603 7652 8091 8090 7791 7339 7789 7693 8049 7676 7551 7896 7946 7657 8019 7890 7698 7610 7791 7839 8702 7695 7972 7575 7713 7615 7272 8165 8218 7613 8008 7581 8113 7514 8182 8419 7763 7450 8251 7457 7569 7729 7402 7548 8051 8025 7876 8147 7877 7826 8015 7657 7363 7771 7626 7653 7855 8122 7356 7586 7980 7846 7831 7916 8646 7911 7645 7818 7889 8152 8167 8222 7152 7691 7887 7785 7665 7403 7773 7318 7782 7876 7328 7445 7891 8018 7669 7524 7132 7620 8193 7992 8082 7619 7690 7723 7830 8103 7981 7641 7917 8214 7534 7879 7729 7573 7839 7665 7294 7830 7479 7794 7788 7794 8385 7853 7890 8448 7875 7398 7736 8427 7919 7970 8074 7616 7725 7469 7867 7327 7937 8041 8015 8127 7976 7734 7524 7416 7737 7685 8104 7533 7838 8182 8109 8480 7925 7264 8002 7938 7933 7947 7589 7686 7178 7813 8473 7578 7675 7953 7662 8046 7549 7225 7532 7183 7455 7574 7446 8153 7456 7558 8389 7854 7949 8167 7287 7821 7830 7801 7959 7793 7708 7904 8353 7834 7885 7509 7523 7825 7700 7571 7381 7853 7528 7772 7726 7935 7770 7570 8258 8381 8279 7791 7602 7868 7767 7555 7825 7695 7569 8173 7724 7758 7365 7892 7604 7815 7352 7642 7947 7580 7506 7901 7621 8225 7807 7674 7909 7896 8207 7470 8142 8013 7853 8383 7666 7103 8015 8178 8023 8268 7270 7097 7419 7600 7787 7910 7534 7886 8041 7615 8424 7755 8151 8220 7720 7776 7899 7268 7210 7349 8185 7554 8369 8022 8310 7567 7837 8034 7766 7764 7710 7702 8278 7651 7569 7591 7595 7820 8026 7450 7728 8055 7753 7986 7690 7589 8028 7629 8454 8244 7641 7915 
7937 7679 8089 8247 8461 7935 7911 8153 8027 8037 8204 8127 7952 7780 8123 7964 7759 7934 8013 8089 8015 7595 8171 7489 7814 8372 8554 7405 7989 8327 7432 7936 7585 8030 7708 8234 7813 8120 8238 8051 7318 7898 7295 7864 7756 8203 8161 8422 7290 7623 7973 8277 8147 8640 7534 7818 7808 7922 8080 8163 7816 7575 7712 7894 7447 7920 8252 7662 7995 8172 7495 7486 7970 8263 8115 8247 7590 8207 7780 7693 8081 8230 8013 8197 8670 7959 8109 8176 8249 7938 8271 8128 7804 7761 8053 7787 7919 8116 7502 8139 8097 8324 8422 7467 7617 8169 7682 7903 8179 8286 7760 7593 8057 8041 7980 7999 7712 7901 7872 8128 7865 7767 7630 7546 7773 7608 8632 7951 8012 7710 7949 8039 7847 8282 8623 7764 8089 8190 8354 7606 8410 8407 8130 7523 8178 7485 8321 8153 7769 8137 8266 8337 8103 8397 7770 7986 8160 7615 7574 7830 7712 7622 8348 8269 7606 7551 8343 7525 7893 8065 8771 7950 8322 7704 8046 8179 8751 8257 7432 8014 7969 8071 7782 7193 8055 7280 8006 8123 7654 7455 8114 8100 7932 7726 7266 7774 8688 8203 8173 7485 8016 7946 7865 8321 8394 7683 7798 8389 7765 7986 7623 7487 7833 8329 7554 8211 8181 8086 7719 7722 8008 7996 7897 8540 7867 7373 7837 8161 7872 8195 8053 7967 7621 7838 7569 7162 8246 8089 8409 8285 7918 8018 7611 7820 8019 7526 8266 7853 7733 7999 8007 8731 7752 7498 8213 8673 7723 7850 7758 7718 7657 7783 8940 8231 7530 7845 7975 8049 7833 7420 7288 7604 7741 7708 7667 8230 8343 7996 8398 7639 8138 7829 8006 8043 8168 7892 7842 8022 7775 8040 8388 8223 8428 8095 7458 7898 8156 7821 7803 8141 7812 7923 7956 7871 8103 7521 8368 8359 8533 8033 7646 7949 8012 7564 7874 7996 7755 8445 7945 7586 7760 8025 8007 8100 7561 7496 7973 7812 7595 7982 8043 8327 7992 7875 7602 8194 8360 7982 8475 8200 7803 8430 7916 7561 8177 8088 7989 8106 7890 7508 7551 7306 7874 8387 7733 8463 8125 7840 8206 7712 7737 8359 7487 7804 8083 8052 7606 7712 8127 7979 8259 8286 8215 7964 8082 8321 8085 7996 7871 7955 8593 7821 7564 7333 7545 7818 8378 7804 7843 7637 8169 7953 7980 7763 8162 7710 8415 8328 7515 8050 
8246 8142 8452 8603 8857 7935 8412 8700 8394 8301 8046 8562 8167 8244 8366 8202 8145 8565 8557 8402 8051 8308 8562 8029 8343 8025 8716 7710 7983 8642 7831 8298 7663 8343 8315 8266 8405 8176 8677 8251 7448 7737 7710 7776 8047 8010 8912 8331 7979 7962 8824 8325 8163 8626 8506 8174 8573 8175 8490 8592 8174 8281 7606 8431 7751 8190 8696 8151 8004 8671 8170 8198 7873 8476 8369 8537 7725 8016 7960 8351 8540 8728 8276 8704 8804 8344 8237 8315 8727 8419 8443 8262 7869 8280 8287 8280 8292 8459 7884 8237 8668 8625 8580 8183 8078 8304 8069 8498 8495 8559 8246 7952 8417 8452 8735 8188 8349 8119 8062 8080 8400 8119 7678 7802 7796 8261 8983 8230 8534 8140 8346 7882 7846 8511 8923 8205 8303 8358 8644 7887 8464 8737 8217 8190 8525 7934 8358 8066 7807 8017 8561 8527 8420 8899 8339 8190 8760 8003 7897 8216 8315 8291 8326 9247 8092 7957 8035 8192 8377 8243 8942 8466 8187 8244 8584 8369 8650 8897 7952 8176 8329 8680 8136 7775 8373 7636 8328 8795 8275 7539 8571 8384 8468 8042 8015 7856 8674 8824 8612 7962 8585 7984 8328 8608 8606 7964 8164 8811 8093 8350 8144 8059 8232 8268 7484 8637 8473 8300 7883 8318 8514 8393 8053 8726 8476 7961 7828 8501 8270 8268 8516 8137 8227 7993 8451 7977 8476 8491 8641 8437 8362 8218 7993 8049 8303 8438 8705 7911 7788 8354 8156 8702 8532 7971 8415 8669 7805 8340 8192 8088 7816 8199 8767 8270 8335 8275 8362 8262 8017 7754 7839 7502 8033 8339 7864 8354 8318 8288 8707 8206 8648 8233 8083 8521 8644 8115 8292 8561 8302 8731 8578 8070 8580 8330 8287 8553 8285 8038 8296 8467 7613 8366 8318 8346 8056 8215 8682 8514 8464 8339 8111 7993 7975 8337 8167 8081 7982 8623 8443 8230 7870 8243 7980 8287 8340 8333 8311 8316 7712 8358 8288 8787 8550 8218 8153 8531 8701 7931 8524 8176 8384 8773 8238 7539 8599 8264 8550 8438 7825 7453 7868 7972 8050 8577 8110 8345 8790 8174 8622 8234 8307 8937 8238 8225 8130 8017 7750 8033 8567 7887 8638 8700 8558 8268 8425 8454 7990 8389 7897 8596 8317 8356 7734 7756 7858 8087 8570 8270 8227 8369 8436 8344 7805 8211 8527 8124 8947 8818 8068 8385 
8708 8224 8777 9089 8920 8416 8739 9053 8694 8625 8670 8942 9056 8801 8892 8400 8843 8716 9300 8688 8631 8690 8377 8593 8620 9047 9344 8313 8764 9358 8320 8834 8755 8748 8867 8707 8748 8659 9096 9258 7867 8586 8435 8440 8470 8802 9087 8729 8446 8596 8964 9244 8905 9510 8652 8489 8967 8677 8985 8897 8731 8538 8257 9131 8256 8906 8959 8860 8693 9150 8850 8612 8501 8932 8821 9124 8260 8795 8477 8552 9164 9341 8918 9153 9134 8877 8709 8914 9271 9257 8873 8685 8564 8498 8527 8821 8376 9123 8723 9047 9012 9076 9118 8789 8400 8617 8399 8889 9232 8944 8553 8325 8883 8909 8662 8684 8829 8755 8959 8693 8712 8810 8625 8308 8425 8745 9258 8086 8717 8179 9020 8569 8284 8759 9200 8846 9013 8688 8847 8203 9238 9154 8967 8551 8969 8440 8875 8778 8300 8584 8812 8921 8859 9012 9032 8565 9149 8562 8549 8812 8761 8499 9197 8999 8345 8332 9079 8341 8765 8872 9162 8972 9014 8430 8675 9179 9431 9574 8159 8645 9180 8938 8371 8417 8843 8173 8724 8919 8379 8467 9290 8913 8713 8127 8172 8540 9223 8954 8811 8494 8747 8512 8326 9503 8997 8867 8648 9368 8603 8854 8419 8672 8774 8727 8539 8576 8854 8611 8701 8428 9500 8517 8576 9454 8452 8492 8543 9156 8655 9040 8838 8472 8715 8143 8774 8027 8826 9146 9209 8975 8311 8867 8581 8517 9015 8968 8973 8556 8403 9093 8751 9568 8731 8355 8926 9075 8990 8852 8555 8550 8442 8923 9401 9010 8454 8695 8867 8916 8572 8400 8297 8494 9019 8647 8411 9165 8840 8444 9389 8663 8766 9210 8512 8483 8892 8606 8590 8685 8662 8721 8888 8971 9234 9156 8115 8670 8810 8625 8616 9091 8028 8621 8433 8919 8619 8138 9203 9447 8914 8687 8625 8706 8851 8698 8795 8786 8528 9000 8855 8773 8521 8828 8611 8669 8331 8509 8871 8488 8655 8870 8377 8903 8843 8730 8583 9076 9348 8664 9287 8747 8714 9663 8827 8032 8481 8918 8723 8920 8499 8031 8665 8533 8677 9093 8560 8766 8636 8753 9362 8809 8962 9513 8678 8771 8886 8667 8398 8654 9029 8520 9150 8980 9230 8327 8728 8789 8578 8787 8501 8879 9210 8608 8456 8551 8330 8657 9225 8731 8908 8469 8520 8932 8629 8691 9112 8403 9677 9301 8657 8789 
7935 7735 7979 7965 7945 7435 7863 8168 7708 7704 7829 8225 8105 7679 8152 7553 7456 7855 8291 7923 7919 7868 7973 7643 7756 7701 8545 7520 8184 8146 7464 7943 7552 8112 7752 7845 7962 8017 8379 8307 7279 7561 7731 7545 7845 7307 7998 7996 7451 7792 7922 8354 7943 8402 7697 7744 7529 7960 7831 8145 8153 7785 7559 8032 7562 8037 8453 8036 7684 8062 8086 7838 7753 7960 7926 7984 7383 7751 7579 7919 8027 8588 7846 8251 8207 7800 7899 8176 8522 7749 8199 7964 7806 7467 7885 7943 7460 8288 7935 7866 8210 8010 8264 7856 7456 7817 7717 8095 7948 8205 8116 7843 7932 8005 7738 8081 7782 7845 8017 7519 8165 8000 7505 7598 7297 7920 8521 7879 7898 7572 7889 7445 7416 7827 8250 8021 7863 7778 8376 7650 8401 8326 7760 7497 8022 7664 7953 7882 7668 7836 7888 8035 8137 8218 8160 7660 8066 7944 7675 7691 7765 7779 8387 7963 7725 7034 8103 7480 7971 8096 8680 8022 8154 7496 7789 8141 8608 8592 7437 7971 8026 7627 7560 7421 7946 7580 7946 8051 7494 7413 8128 8152 7866 7448 7216 7809 8349 8205 8006 7935 7905 7709 7745 8311 8118 7825 7632 8525 7673 7888 7366 7435 7789 7707 7577 7868 8101 8178 7975 7828 8479 7550 7959 8438 8017 7478 7832 8379 7741 7563 7966 7501 7965 7705 7887 7189 8268 8276 8411 7946 7883 7939 7463 7407 7757 8051 8099 7582 7479 7934 8153 8881 7764 7850 7802 8552 7660 7946 7507 8022 7719 8106 8283 8231 7827 7529 7748 7888 7700 7250 7411 7581 8117 7907 7353 7974 7909 7668 8632 8049 7793 7713 7499 7458 8202 7716 7895 8002 8105 8082 8258 7928 8079 8003 7437 7678 8215 7627 7916 8333 7504 7803 7607 7989 7764 7492 7952 8512 8055 7830 7709 7659 7857 8009 7782 7654 7846 8316 8049 7845 7517 7930 7285 7956 7631 7727 8272 7815 7631 8011 7958 8300 8071 7720 7889 8007 8491 7813 8157 7941 7991 8398 7890 7542 7864 7791 7938 8355 7280 7277 7514 7727 8053 8065 7712 7984 7892 8075 8235 8004 7766 8803 7753 7491 7941 7594 7590 7729 8365 7849 8318 8250 8661 7757 8072 8219 7775 8030 7691 7893 7996 8016 7629 7693 7775 7565 8025 8001 7646 7887 7644 8100 7916 7991 8222 7823 8475 8341 7476 7987 
7721 7475 7910 8163 7906 7753 8039 8024 7883 7676 7762 8300 7615 7991 8067 7863 7756 7920 8362 7900 7950 8035 7703 7652 7532 8134 8021 7487 7678 7853 7041 7815 7644 7959 7695 7937 7745 8097 8189 8168 7052 7269 7528 7685 8143 7561 8479 7895 7310 7692 8140 8289 7589 8259 7324 8257 7861 7864 7847 8009 7909 7969 7506 8317 7267 7975 8171 7805 7686 8034 7600 7815 7735 8104 7907 8050 7218 8104 7455 8023 8183 8254 7945 8117 8564 7735 8176 7584 8197 7778 7775 7965 7597 7966 7817 7924 7643 7892 7417 8000 7823 7950 8189 7637 7775 7895 7621 8122 8130 8126 7748 7529 8062 8049 7915 7705 7597 7733 7898 7708 7961 8037 7597 7506 7736 7835 8679 7807 7914 7624 8009 7490 7559 8292 8686 7869 8058 7614 7896 7376 8328 8470 7994 7586 8020 7496 7684 8072 7366 7737 7846 8278 7973 8160 7855 7813 8312 7665 7268 7757 7892 7691 8098 8283 7677 7257 8291 7676 7570 7927 8526 7984 8172 7613 8052 8163 8438 8367 7609 7879 8020 7808 7772 7212 7838 7353 7914 8286 7532 7234 7976 8070 7300 7852 7556 7628 8165 8272 7884 7504 8180 7566 7951 8258 8077 7597 7761 8697 7741 7897 7722 7300 7857 7733 7484 7829 7875 7716 7460 7796 7825 7687 7914 8307 7934 7576 8204 8188 7837 7800 7925 7422 7834 7752 7981 7462 8095 7912 8170 7956 7680 7635 7732 7841 8092 7829 8281 7647 7482 8102 7944 8313 8029 7742 8238 8013 7766 7700 7555 7939 7854 7924 8500 8235 7391 7812 7977 8246 7936 7351 7453 7221 7823 7471 7883 8070 7815 7501 7956 7886 8100 7847 7713 7409 7934 7731 7966 7733 7679 7976 8272 7946 8264 7955 7548 7751 7931 7765 7724 7793 7546 7901 7898 7841 7723 7497 8205 8186 8162 7750 7635 7801 7543 7768 8103 7605 7600 8462 8083 7732 7733 7764 7643 8013 7584 7434 8045 7712 7747 8071 7773 8353 8055 7911 7836 7969 8499 7625 8019 8031 7951 8627 7773 7325 7826 7942 8136 7971 7358 7456 7347 7666 7424 8185 7777 8116 7896 8196 8125 7374 7894 8511 7849 8181 7940 7528 7296 7672 7693 7616 8164 8293 8040 7836 7753 7840 7566 7743 7624 7913 7756 7758 7757 7381 7433 7698 8132 7795 7628 7680 8121 8325 7692 8232 8326 7398 8143 8384 7438 7665 
8260 7611 8130 7907 8004 7244 7880 8189 7985 8110 8144 8376 8001 8031 7945 8006 7930 8175 8588 7845 7992 8063 8060 8012 8016 8056 8208 7336 7797 8330 7867 8013 7789 8162 7978 7984 8083 7874 8420 7813 7077 8084 7719 7602 8115 7985 8716 7972 7566 7901 8380 8563 8070 8052 8059 7782 7629 8339 8033 8270 8153 7739 7443 8780 7446 8055 8215 7900 7874 8412 7990 7883 7886 7942 8273 8165 7411 8019 7738 8280 8330 8594 8437 8315 8380 7844 7964 7815 8128 8445 7984 8028 7794 7970 8101 8057 8010 8554 7665 7401 8129 8375 8069 7833 7742 7838 7668 7962 8204 8074 7909 7844 8083 8139 8004 8081 7797 8102 8201 7733 8162 7843 7937 7711 7897 7859 8550 7815 7969 7873 7960 7595 7988 8081 8665 7979 8255 7569 8375 7847 8237 8358 8256 7793 8104 7759 7712 7961 7437 7879 8254 8222 8245 8294 8173 7891 8336 7631 7824 7802 7794 8100 8303 8044 7452 7294 8121 7799 8260 8290 8480 7987 8274 7925 8454 8235 8305 8620 7716 7684 8367 8060 7862 7741 8125 7686 7892 8117 7810 7766 8177 8023 8305 7804 7661 7600 8369 8066 8208 8045 8256 7737 7896 8932 8209 7941 8009 8242 7904 8037 7788 8021 7853 7940 7685 7724 8214 8169 7553 7828 8375 7757 8224 8424 7999 7663 7946 8384 7909 7790 8255 7889 7991 7858 8111 7346 8117 8130 8591 8229 7747 8024 7638 7958 7988 8178 8092 7670 7843 7837 8070 8121 8227 7710 8271 8162 8227 7995 7787 7792 7833 7955 8386 8185 7982 7693 8328 8262 7705 7519 7295 7628 7955 7882 7241 8266 8220 7780 8249 7741 8233 8096 7612 7819 8422 7848 7745 7499 7900 8091 8242 8119 8073 8095 7650 7772 8095 8099 7698 8174 7556 7976 7876 7844 7905 7488 8222 8565 7916 7909 7642 8026 7966 7840 7643 7589 7844 8203 8076 7643 7697 7806 7774 8232 7773 8134 8287 7870 7827 8107 7600 8331 8137 8034 8305 8479 8541 7650 8228 8398 8277 8511 7687 7148 8313 8168 8013 8555 7560 7470 7614 7901 8056 7875 7649 8364 8046 7973 8056 7628 8025 8572 7850 8151 7897 7960 7555 7617 8429 7930 8297 8237 8625 7933 7939 7904 7816 7778 7957 8190 8035 8237 7619 7594 7746 7834 8714 7870 7605 7980 7949 8153 7964 7925 8769 7774 8479 8554 7603 7778 
7626 7336 7696 8112 8046 7421 7701 8052 8009 7446 7482 7961 7772 7815 8200 7905 7509 7811 8386 7394 7793 7811 7673 7421 7688 8039 8016 7601 7569 7798 7289 7973 7779 7512 7756 7693 7707 7719 8189 7938 6839 7647 7378 7441 7759 7645 8290 7840 7207 7580 8396 8101 7435 8323 7917 7780 7963 7639 7864 7958 7716 7539 7412 7927 7132 7498 8349 7744 7844 7998 7542 7564 7639 8176 8126 7560 7247 8122 7287 7860 7431 7970 7360 8302 8362 7631 7856 7954 8224 8405 8033 7770 7667 7719 7967 7719 7852 8337 7582 7769 7907 8062 7958 7717 7374 7711 7424 7936 8085 7870 7715 7564 7910 7696 7782 8032 7627 7847 7645 7360 7897 7799 7540 7373 7805 7700 8464 7340 7744 7481 7868 7413 7199 8138 8293 7776 7804 7882 8145 7387 8135 8311 8327 7308 7850 7482 7936 7902 6987 7636 8093 7954 7846 7950 7703 7827 8160 7494 7355 7657 7631 7739 8095 8272 7403 7565 7983 7562 7942 7795 8139 7741 8080 7463 8044 8194 8031 8583 7345 7600 7939 8236 7885 7320 8146 7201 7720 7928 7821 7365 7945 7922 7444 7396 7319 7388 8150 8214 7906 7737 7747 7303 7772 8382 8096 7666 7414 8140 7698 7861 7493 7615 7828 7746 7621 8031 7972 7633 7458 7578 8073 7522 7739 8033 7807 7396 7762 8247 7590 7839 7856 7578 7366 7152 8183 7785 8031 8224 8182 7482 7827 7506 7747 7454 7890 8096 7729 7642 7333 7935 7664 7984 8120 7513 8067 8273 7626 8246 7921 7656 7635 7997 8420 7657 7755 7781 7807 8260 7382 7218 7354 7026 7854 7848 7460 7904 7974 7158 8336 7607 7922 7946 7418 7526 7975 7772 7518 7700 7713 7962 7945 7648 7822 7446 7101 7579 7935 7543 7864 7927 7205 7659 7351 7771 7452 7603 8143 7949 8084 7687 7675 7971 7626 7437 7945 7596 7624 7550 7930 7865 7416 7681 7383 7772 7394 7338 7805 7844 7622 7893 7786 8278 7439 7552 7504 8158 8131 7552 8227 7760 7741 8564 7583 7147 7854 7813 7577 8059 7476 7254 7668 7613 7473 8189 7714 7560 8006 7631 7861 7324 7683 8251 7684 7659 7773 7643 6960 7565 7941 7664 8190 8161 8271 7645 7800 7531 7446 7856 7872 8042 7907 8116 7295 7411 7348 7594 8024 7515 7643 7861 7711 7869 7647 7937 8494 7507 8325 7999 7451 7454 
7937 7394 7901 7778 7929 7404 7771 8229 7534 7529 7765 8098 7779 7646 7809 7556 7528 8012 8210 7661 7680 7863 7540 7370 7604 7906 8199 7375 7971 8025 7292 7613 7795 8050 7616 7528 7588 7734 7795 7881 6526 7575 7459 7383 7321 7437 8400 7540 7394 7660 8322 7804 7739 8167 7659 7965 7847 7787 8022 8058 7773 7418 7419 7979 7365 7779 7858 7775 7766 8142 7759 7560 7371 7680 7936 7749 7347 7785 7248 7517 7846 7910 7786 7852 8411 7888 7708 7713 7855 7983 7895 7721 7560 7973 7890 7611 7706 8034 7315 7779 7930 8058 8076 7665 7532 8036 7850 7831 8027 7885 7843 7202 7773 7525 7913 7985 7829 7654 7790 7785 8124 7956 7626 7455 7619 7817 8270 7415 7994 7822 7753 7325 7725 7848 8120 7874 7570 7892 7747 7471 7987 8147 7806 7318 8003 7311 7583 7746 7424 7770 8092 7981 7732 7841 7759 7804 7587 7361 7378 7687 7389 7782 8353 7918 7425 7166 8176 7653 7779 7907 8163 7925 7543 7740 7914 7934 8132 8396 7149 7729 8068 7975 7655 7312 7809 7208 7557 7691 7506 7165 7515 8197 7809 7620 7398 7801 8363 7915 7805 7536 7884 7530 7828 8067 7644 7499 7448 8255 7700 7677 7588 7415 7730 7501 7397 7887 7649 7780 7551 7440 8372 7433 7877 8296 7751 7649 7679 8185 7697 7736 7940 7640 7795 7531 7991 7013 7869 7938 8018 7798 7841 7514 7316 7259 7828 8022 7729 7434 7541 7746 7938 8010 7653 7246 7851 7721 7952 7962 7629 7984 7373 7874 8192 7913 7619 7546 7807 7831 7525 7643 7349 7425 7835 7511 7241 8035 7738 7661 8048 7856 7963 8371 7284 7460 7897 7956 7770 7704 7767 7998 7567 7787 7949 7569 7193 7732 7964 7804 7399 7962 7249 7520 7645 8009 7946 7487 7958 8257 7970 7668 7317 7667 7620 7595 7558 7698 7560 7865 7582 7649 7305 7867 7250 7531 7325 7476 8196 7383 7375 7946 7588 7986 7832 7746 7800 8080 7942 7695 8191 7749 7878 7760 7457 6837 7686 8017 7620 8224 7380 7195 7433 7443 7679 7835 7613 8179 7680 7704 8350 7722 7488 8438 7538 7735 8020 7608 7392 7448 8102 7479 8266 8008 7854 7195 8217 8063 7660 7909 8073 7788 8046 7632 7344 7418 7473 7979 7766 7765 7769 7832 7433 7967 7797 7891 8335 7435 8413 8005 7465 7508 
8680 8263 8561 8771 8808 7918 8507 8927 8322 8258 8535 8965 8641 8331 8548 8508 8359 8863 9153 8688 8479 8396 8633 8403 8611 8329 8943 8144 8468 8704 8222 8461 8240 8816 8661 8181 8602 8298 8873 8530 7732 8508 8203 7684 8478 8195 9383 8327 7719 8425 8905 8882 8518 8954 7931 8472 8528 8310 8475 8705 8269 8356 7961 8769 7958 8483 8959 8313 8549 8662 8474 8097 8014 8602 8797 8740 7859 8324 7997 8400 8942 9365 8450 8678 8999 8146 8717 8414 8605 8493 8609 8508 8394 8424 8551 8488 8316 8568 8170 8793 8512 8630 8611 8150 7918 8279 7786 8696 9065 8703 8263 8389 8562 8422 8629 8477 8411 8265 8824 8327 8486 8792 8200 8000 8317 8670 8892 8427 8616 7938 8546 8043 8352 8842 8827 8805 8553 8521 8789 8309 8752 8929 8668 8149 8872 8130 8470 8681 8144 8241 8285 8601 8767 8880 8399 8654 8594 8194 8049 8688 8322 8506 8630 8528 8046 7842 8685 8339 8546 8628 8825 8388 8849 8462 8366 8913 8837 9149 8242 8671 8818 8493 8335 7889 8599 7994 8387 8809 8173 7813 8793 8608 8299 8103 8431 8154 8688 8772 8519 8552 8402 8258 8290 8985 8664 8271 8410 8791 8176 8319 8114 8153 8608 8487 7919 8272 8428 8495 8141 8249 8799 7900 8594 9032 8638 8427 8290 8905 8351 8456 8482 7938 8392 8057 8343 8145 8714 8870 8690 8479 8478 8387 8202 8453 8289 8546 8934 8128 7970 8624 8701 8926 8632 8353 8576 8634 8214 8747 8386 8442 7963 8390 9010 8588 8154 8426 8722 8952 7943 8204 7616 7754 8255 8202 8189 8635 8721 8349 8966 8346 8696 8541 8076 8105 8732 8422 8423 8277 8126 8304 8748 8629 8576 8570 8035 8104 8552 8404 8557 8557 8094 8341 8291 8538 8143 8269 8475 8985 8697 8411 8197 8628 8192 8526 8059 8035 7915 8563 8713 8463 8022 8475 7727 8392 8186 8247 8474 7999 8191 8671 8205 8664 8296 8311 8308 8686 9028 8700 8757 8566 8431 8615 8242 7664 8351 8580 8279 8623 8206 7805 8261 8248 8484 8446 8197 8886 8438 8543 8697 8424 8570 9044 8493 8762 8436 8279 8123 8305 8647 8053 8782 8768 8812 8428 8448 8366 8482 8398 8368 8498 8358 8373 8119 8438 8059 8228 8860 8051 8175 8298 8826 8586 8539 8316 8977 8387 8788 9136 8143 8545 
7988 7620 8368 8493 8422 7800 7870 8251 8025 7714 7901 8158 8051 8009 8122 8046 7934 8340 8476 8287 7979 7753 8598 7982 8080 8171 8353 7928 8236 8313 7508 7969 7688 8152 8199 8228 8157 8421 8548 8207 7333 7760 7712 7692 7874 8042 8503 8142 7269 7841 8382 8358 7997 8220 8137 8269 7970 7868 8237 8223 8186 8021 7689 8311 7588 8079 8706 7893 8319 8368 7873 7995 7772 8227 8318 8150 7409 8166 7617 8015 8114 8613 7926 8199 8848 8329 8298 8341 8346 8104 8374 7972 7480 8054 7997 8018 7939 8002 7867 8287 8638 8577 8150 7825 7804 8072 7708 8039 8568 8097 7985 7937 8029 7941 8135 8075 8236 8286 8029 7959 8408 7963 7781 7788 8078 7719 8743 8183 8125 7761 8413 7746 7526 8721 8513 8443 8241 8135 8424 8194 8220 8579 8335 7732 8563 7872 8049 8074 7832 7665 8454 8116 8186 8472 8128 7963 8556 7917 7690 7789 8175 8177 8218 8391 7275 7529 8129 8166 8111 8254 8785 8159 8096 7996 7938 8242 8454 8671 7881 8187 8152 7966 7874 7584 8431 7443 8226 8274 7743 7824 8101 8230 7813 7819 7407 7842 8580 8279 8124 7844 8107 7808 8058 8638 8119 7795 7971 8744 8013 7789 7646 7596 8132 8143 7756 8267 7881 7681 7842 7974 8292 7680 8163 8398 8192 7505 8050 8347 8257 8091 8292 7920 7466 7597 8321 7427 8038 8311 8505 8277 7949 8266 8061 7889 7857 7894 8391 8097 7936 8520 7990 8420 8056 8084 8317 8255 8024 8050 7732 7968 7438 8125 8589 8261 7929 7703 7865 8189 7719 7639 7536 7215 7707 7886 7827 8445 8257 7802 8783 7671 8145 7998 7794 8071 8344 7989 8217 8216 7932 8213 8366 7970 8527 8149 7589 8139 7850 7863 7795 8143 7823 8360 8037 8431 7637 7640 8096 8614 8570 8267 7866 8125 7970 7935 7995 7939 7973 8492 7980 7704 7789 8123 7680 8171 7821 8000 8116 7672 7623 8275 7773 8311 8091 7902 8129 8274 8758 7748 8227 8026 8128 8664 7821 7590 8269 8072 8134 8515 7333 7476 7690 7866 7850 8379 8072 8642 8035 7894 8147 8027 8087 8517 8120 8096 7985 7869 7565 7781 8026 7704 8347 8234 8855 8164 7996 8011 8058 8078 7980 7957 7879 8145 7862 7659 7695 8055 8667 8010 7839 7912 8027 8177 8000 8309 8553 7800 8480 8504 7595 8115 
8179 7991 8341 8310 8633 8015 8216 8643 8159 8242 7918 8324 8304 8119 8156 8071 7983 8494 8584 8627 7997 8214 8450 8259 8321 8173 8666 7793 8068 8590 7914 7796 8199 8361 8324 8172 8127 8582 8496 8548 7704 7876 7715 7762 8129 8055 8963 8201 7659 8106 8634 8468 8113 9014 8296 8492 8556 8038 8450 8333 8283 8113 7885 8498 7626 8073 8800 8432 8184 8491 8111 8123 7860 8225 8641 8331 7625 8246 7612 8050 8471 9190 8292 8587 8967 7903 8171 8365 8557 8299 8446 8009 7862 7889 8208 8559 8176 8872 8056 8461 8368 8676 8373 8034 8003 8116 7790 8389 8698 8306 7841 8286 8406 8324 8464 8267 8024 8132 8064 8228 8362 8494 8127 7821 8015 8150 8912 7945 8613 8218 8149 8302 7733 8488 8933 8468 8392 7941 8544 7681 8367 8966 8295 8191 8310 8144 8310 8201 7855 8126 8282 8365 8588 8573 8289 7998 8477 7853 8071 8340 8212 8118 8304 8613 7819 8131 8209 7899 8255 8551 8843 8369 8480 7948 8075 8466 8606 8904 7841 8291 8491 8352 8202 7787 8403 7816 8510 8585 8203 7617 8522 8517 8300 7791 7667 8097 8448 8402 8599 8252 8287 7905 7982 8602 8616 8285 8127 8877 7975 8496 8061 7784 8183 8410 8006 8293 8445 8028 8150 8201 8311 8532 8138 8668 8263 7787 8156 8750 8162 8498 8250 8051 8202 7864 8421 7867 8547 8710 8582 8552 8192 8433 7892 8226 8378 8283 8578 7971 7835 8527 8447 8664 8228 7973 7948 8766 7881 8497 8284 7990 7860 8371 9070 8380 7991 8489 8440 8445 8005 7902 7726 7747 8434 8235 8095 8435 8408 7848 8652 8091 8694 8589 8056 8227 8252 8102 8170 8042 8007 8354 8436 8455 8462 8349 7740 8225 8380 7797 8071 8333 7753 8156 7949 8155 8025 7832 8681 8515 8417 8318 8206 7945 8161 7986 8047 7980 7833 8286 8387 8557 8029 8192 8228 8304 8173 7944 8252 7835 7786 8225 7918 8697 8386 8256 8159 8592 8987 7895 8410 8502 8370 8823 8269 7679 8385 8402 8279 8347 7845 7572 7808 7807 8141 8492 8073 8361 8391 8360 8398 7955 8425 8906 8170 8425 8390 8150 8122 8204 8339 8141 8502 8342 8749 8047 8160 8235 7883 8361 8294 8501 8436 8320 8046 7827 7881 8013 8837 8063 8259 8308 8315 8437 8134 8144 8631 8044 9187 8878 8030 8506 
7791 7570 8135 7928 8064 7543 7857 7845 7889 7652 7941 8201 7927 7957 8303 7939 8261 7758 8243 7796 8181 7605 8015 7579 7815 8008 7973 7722 7996 8107 7269 7864 7732 8030 7719 7906 8104 8146 7784 8107 6952 8059 7387 7511 7768 7770 8063 8169 7330 7697 8338 8200 7811 8208 7252 7595 7863 7820 8201 8083 7960 7404 7418 8286 7763 8272 8090 7587 7672 8236 7653 7667 7712 8019 8045 8231 7055 7962 7602 7806 7997 8181 8079 8064 8275 7912 8051 7874 7889 8069 7969 7531 7868 8021 8036 7881 8112 8158 7850 7867 8284 8297 8335 7454 7622 8081 7833 7613 8116 8208 7942 7345 7752 7530 8017 7848 7698 7617 8085 7704 7936 7885 7530 7476 7972 7735 8228 7945 8028 7810 8231 7484 7719 8491 8364 7919 8142 7827 8165 7578 8503 8311 8119 7666 7909 7387 7905 8282 7258 7696 7974 7720 7980 8138 7753 7900 8756 7542 7648 7726 7685 7673 8201 7975 7427 7390 7993 7687 8176 8026 8471 7876 8110 7505 8083 8147 8135 8008 7449 8115 8271 7759 7622 7408 8362 7219 8108 7737 7660 7624 8221 8219 7701 7840 7525 7573 8459 8062 8178 7814 7912 7697 8063 8419 7908 7769 7316 8531 8031 7690 7555 7733 7748 8190 7621 8020 7806 7886 7552 7573 8175 7546 8337 8459 7870 7636 8087 8468 7496 7982 7774 7792 7566 7787 7991 7602 8206 7940 7988 8110 7637 7950 7667 7498 7664 7940 8035 7754 8029 7950 7827 8222 7808 7469 8092 7910 7997 7743 7788 8111 7644 8178 8621 8438 7507 7383 7569 7948 7623 7436 7243 7214 7915 7636 7524 8242 7808 7365 8435 7739 7909 8030 7268 7885 8102 7700 7705 7954 8155 7812 8440 7919 8118 7990 7361 7874 7941 7942 7667 8209 7670 7911 7856 8245 7813 7542 8218 8324 8212 8070 7502 7933 7621 7921 7721 7857 7639 7931 8088 7501 7727 7975 7481 8071 7494 7604 7890 7949 7674 8030 7721 8194 7739 7801 7699 8380 8367 7886 8423 8260 7637 8411 7874 7431 7895 8059 7950 8312 7800 7283 7638 7435 7846 8419 7334 8362 7689 7734 8178 7823 7894 8352 7867 8090 8057 7791 7428 7476 8168 7601 8030 8064 8206 8053 8271 8092 7795 7443 7592 7923 7985 7851 7526 7554 7395 7782 8360 7912 7704 7848 7820 8294 7807 7860 8213 7336 8330 8030 7207 7635 
8447 7911 8679 8649 8376 8197 8423 8832 8217 8149 8143 8982 8129 8218 8641 8149 8255 8407 9176 8301 8387 8312 8259 8205 8493 8131 8729 7968 8394 8796 7620 8481 8167 8612 8167 8833 8740 8477 8271 8654 7548 8256 7786 7936 8508 7995 8936 8327 7871 8277 8779 8662 8539 8656 8244 8494 8388 8372 8430 8541 8308 8187 8042 8474 7831 8273 8581 8316 8208 8475 8006 8131 8035 8551 8407 8799 7858 8275 8144 8239 8723 8973 8559 8705 9061 8387 8606 8296 8903 8641 8554 8280 8075 8327 8005 8713 8266 8945 7896 8489 8574 8364 8587 7910 8130 8498 8157 8388 8929 8825 8547 7902 8280 8241 8354 8094 8042 8203 8481 8141 8700 8646 8353 8078 8218 8343 9015 8371 8288 8258 8542 8379 8333 8796 9093 8498 8368 8126 8839 7818 8768 9261 8565 8184 8661 8017 8589 8419 7901 8331 8188 8625 8672 8791 8557 8216 8846 7816 7932 8173 8185 8113 8576 8647 8124 7938 8696 8129 8391 8500 9090 8536 8620 8182 8221 8340 9016 9113 7725 8487 8821 8450 8257 7778 8648 7641 8120 8249 7983 7715 8544 8484 8176 8377 8004 8130 8779 8711 8602 8456 8665 7946 8207 8934 8490 8115 8052 9019 8385 8134 8510 7814 8284 8413 8114 8036 8349 8520 8155 8331 8756 8666 8460 9083 8421 8342 8569 8484 8208 8346 8327 8174 8319 7890 8804 7889 8758 8487 8730 8572 8605 8606 8232 8234 8831 8347 8740 8183 7692 8536 8218 9207 8379 8007 8479 8435 8414 8215 8213 7876 7727 8325 8931 8724 7555 8240 8525 8599 8329 7995 7988 7658 8385 8048 8194 8575 8694 8059 8953 8329 8386 8764 7833 8462 8429 8541 8390 8267 8473 8468 8502 8542 8675 8078 7738 8159 8174 8404 8215 8352 7895 8253 8280 8663 8218 8078 8552 8678 8568 8267 8197 8202 8202 8274 8346 8332 8004 8669 8511 8095 8010 8630 8262 8623 8131 8195 8705 8094 8339 8710 8348 8537 8259 8552 8070 8692 8788 8517 8955 8374 8603 8663 8206 7531 8149 8558 8325 8987 7898 7689 8000 8237 8388 8630 8261 8768 8272 8507 9210 8187 8415 9136 8163 8289 8644 8240 7929 8131 8644 8455 8804 9126 8488 8033 8239 8365 8101 8336 8422 8228 8393 8068 8144 8197 7886 8329 9051 8195 8246 8580 8477 8514 8356 8540 8475 8110 8826 9112 8008 8499 
7935 7360 8195 8261 8209 8018 7883 8024 8006 7895 7616 8307 8072 8463 7954 8020 8188 8432 8327 8313 7992 7939 7859 7550 7982 8221 8435 7520 7876 8117 7516 7644 8018 7941 7937 8179 7982 8051 8054 8255 7318 7536 7901 7558 7788 7778 8530 8246 7499 7656 8652 8389 7456 8501 7973 8011 7986 8090 7988 8125 8067 7736 7486 8388 7408 8020 8410 7833 8034 8199 8093 7590 7682 7914 8163 8344 7638 8116 7578 8168 8242 8244 8032 8435 8509 7727 8061 8311 8557 8432 8233 7769 7719 8128 8048 7944 7912 8192 7613 7696 8262 8325 8247 7974 7666 7920 7810 8271 8351 7945 7784 7861 8175 8407 8074 7745 7887 7751 8217 7826 8348 7757 7744 7258 8119 7908 8622 7906 8056 7951 7899 7661 7736 8245 8741 7858 8315 8050 8276 7641 8071 8477 8055 8062 8461 7426 7705 8303 7321 8077 8007 8382 8171 8251 7885 8045 8179 7470 7550 7735 7982 8139 8344 8461 7802 7690 8209 7690 8114 8116 8603 8089 7864 8217 8115 8191 8279 8588 7614 7933 7967 8205 7823 7427 7958 7703 8424 8340 7623 7382 7906 8163 8215 7903 7442 7933 8434 8210 8157 7848 7904 7802 7951 8427 8136 7921 7880 8018 8048 7882 7620 7887 8189 7833 7577 7892 8145 7731 7861 8155 8380 7876 7880 8704 8190 7418 8154 8390 7967 7768 8223 7773 7892 7787 7985 7509 7849 8330 8143 8251 8039 8026 7603 7595 8075 8104 8280 7638 7625 8254 7876 8712 7998 8018 8283 8051 7882 7992 7633 7859 7559 7913 8611 8377 7789 7964 8353 8227 7815 7713 7394 7156 8072 7623 7455 8341 7748 7848 8487 7676 8138 8093 7448 8290 8258 7945 7666 7936 8026 7845 8350 7911 8043 7903 7634 7591 8065 7841 7992 8329 7768 7797 7945 8007 7574 7469 8223 8382 8364 7657 7786 8024 7620 7688 7926 8009 7698 7794 7669 8163 7389 8132 7803 8217 7846 7792 8140 7674 7590 8139 7800 8270 8192 7621 8166 8312 8396 7819 8412 7896 8348 8809 7915 7482 8327 8184 8356 8324 7891 7643 7831 7841 7976 8415 7740 8260 8279 7863 8372 7628 8090 8691 7960 8193 8164 7974 7739 7931 8292 7860 8289 8559 8261 7904 7829 8083 7815 8242 7804 8353 8083 7823 7788 7674 7616 7770 8414 7844 7652 7677 7728 8303 7798 7840 8564 7746 8494 8216 7894 7944 
8276 7891 8501 8615 8533 7955 8431 8673 8157 8046 7942 8802 8208 8309 8101 8061 8103 8426 9028 8428 8217 8500 8202 7854 8436 8379 8760 7958 8199 8429 7575 8281 8231 8318 8177 8036 8004 8115 8670 8341 7342 8246 7749 7962 8171 8175 9009 8172 7841 8085 8649 8595 8026 8708 8134 8376 8478 8309 8508 8393 8101 7934 7869 8445 7429 8281 8345 8472 8222 8812 8422 8312 8177 8221 8800 8451 8319 8086 7905 8282 8358 8880 8140 8459 9008 8471 8162 8657 8444 8462 8595 8496 8098 8152 8350 8162 8237 8891 8038 8646 8413 9018 8264 8083 7972 8498 8426 8215 8879 8673 8455 7692 8382 8296 8462 8403 8275 8099 8466 8474 8570 8011 8139 7872 8165 8471 9141 7919 8228 8115 8381 8227 7938 8758 8890 8337 8538 8290 8639 8020 8509 8858 8678 7950 8534 8118 8358 8607 7972 8294 8276 8282 8364 8683 8258 8061 8546 8214 7915 8340 8475 8208 8419 8355 8031 7999 8391 8113 8095 8757 8657 8737 8491 8218 8104 8511 8513 9103 7922 8530 8569 8155 8077 8095 8373 7733 8444 8434 7885 7772 8384 8303 8365 8041 8052 7703 8770 8538 8230 7797 8192 8171 8201 8640 8278 8122 8230 8836 8282 8173 7956 7927 8479 8426 7980 8139 8223 8364 8080 8354 8975 8269 8679 8966 8232 8015 8200 8803 8249 8671 8203 8151 7930 7717 8526 7727 8531 8260 8638 8528 8480 8250 8141 7912 8008 8548 8333 8144 7801 8523 8317 8951 8533 7887 8448 8488 8074 8799 8355 8179 7742 8327 8871 8665 8143 8197 8353 8577 7786 7919 7736 7731 8379 8252 7993 8658 8254 7965 8643 8123 8579 8579 7875 8170 8631 8222 8514 8372 8174 8785 8502 8330 8328 8556 7874 7832 8132 8077 8283 8213 7889 8329 8274 8265 8142 8023 8999 8743 8820 8110 8176 8034 8530 8116 8027 8084 8243 8452 8309 8248 7861 8508 8051 8285 8223 8065 8514 8373 7993 8446 8338 8751 8661 8325 8571 8687 8919 8377 8601 8324 8683 8844 8175 7471 8237 8628 8286 8620 7905 7895 7960 8052 8185 8486 8023 8257 7995 8169 8749 8585 8610 9058 8053 8176 8670 8129 7660 8030 8693 8274 8541 8614 8566 8124 8558 8284 8173 8451 8286 8058 8535 8311 7938 7867 7977 8218 8477 8428 7886 8273 7937 8591 8536 8110 8824 7868 8963 8548 8176 8411 
8022 7907 8173 8270 8431 8131 8508 8508 8379 8080 8188 8440 8468 8425 8198 8378 8241 8373 8748 8272 8512 8248 8351 7961 7934 8284 8603 7673 8191 8671 7508 8075 8412 8388 8609 8243 8282 8266 8398 8483 7435 8282 7814 7964 8201 8285 8767 8699 7791 8198 8462 8412 8351 8700 7911 8107 8327 8038 8220 8495 8252 7888 7935 8767 7417 8435 8732 8302 8262 8705 8110 7896 7955 8368 8461 8346 7878 8227 7984 8345 8294 8472 8050 8225 8832 8483 8418 8010 8695 8520 8823 8470 8282 8077 8348 8478 8173 8464 8107 8211 8306 8445 8565 8078 7781 8108 8276 8399 8690 8580 8379 7757 8103 8077 8038 8153 8024 8250 8319 8235 8329 8377 7898 7983 8048 8478 8788 7866 8423 7900 8348 7944 7982 8751 8615 8077 8456 7962 8676 8029 8520 8733 7885 7709 8453 7854 8197 8367 7959 7875 8248 8403 8371 8716 8373 8340 8617 7718 7694 7959 7933 8201 8630 8435 7856 7949 8390 8280 8233 8677 9015 8302 8711 8039 8300 8427 8619 8716 7631 8540 8722 8406 7911 7788 8470 7739 8181 8247 7789 7604 8086 8384 8363 7730 7765 7989 9018 8513 8399 7993 8009 8028 8257 8610 8279 8031 7920 8665 8174 8200 8227 7725 8329 8518 7903 8154 8616 8480 7920 8205 8810 8027 8215 8956 8189 8080 8285 8304 7942 8447 8490 7932 8005 7919 8141 7836 8431 8143 8729 8792 8371 8139 7891 7740 8136 8317 8622 7923 8061 8383 8433 8954 8091 8176 8314 8747 8484 8256 8233 8341 7910 8222 8844 8341 7968 8047 8226 8547 7936 7825 7854 7622 7948 8095 7657 8371 8122 8165 8941 8002 8349 8715 7927 7882 8591 8398 8163 8237 8171 8413 8469 8391 8602 7996 8094 8170 8303 8166 8137 8722 7922 8521 8046 8218 8059 7690 8485 8926 8935 8175 7989 8365 8108 8083 8130 7878 7812 8414 8409 8149 7950 8299 8167 8385 8190 8304 8387 8224 8075 8220 7855 8408 7996 8046 8322 8171 8798 8068 8918 8723 8071 8922 8106 7444 8327 8555 8298 8425 8012 7725 7874 8171 8088 8426 7925 8649 8570 8313 8575 8040 8346 8921 8154 8084 8337 7965 7592 7950 8693 8000 8892 8849 8892 8108 8516 8372 8182 8405 8397 8410 8498 8090 8004 7786 7806 7997 8607 8147 7954 8378 8269 8576 7818 8376 8607 8100 8813 8602 8248 8534 
7985 7488 7868 8008 8459 7793 7960 8067 7940 7871 7770 8237 7979 7718 8050 7860 8091 8274 8553 7812 7855 8246 7937 7774 7911 8149 8310 7619 7927 8250 7585 8188 7743 8373 8134 7954 8087 7724 7924 8044 7538 7606 7384 7405 7595 7771 8297 8059 7300 7591 8244 8377 7886 8730 7755 7726 7760 7788 8083 7967 7780 7806 7335 7737 7422 8074 8050 7909 7739 8390 7643 7924 7867 8123 8003 8111 7440 8058 7707 8138 8171 8430 7802 8126 8481 7929 8072 8117 8471 8081 8104 7645 7925 7991 7898 7862 7928 8120 7576 7907 8216 8259 8045 7563 7442 7847 7741 8244 8165 8243 8165 7941 8229 7866 8336 7901 7948 7967 8050 7749 8438 8131 7862 7417 7915 7650 8379 7588 7985 7732 7794 7556 7485 8317 8355 8081 8082 7879 8108 7667 8196 8272 8234 7753 8494 7520 7915 8013 7717 7927 8334 8093 7989 8560 8120 7740 8253 7553 7637 7851 8047 8113 8311 8323 7506 7477 8217 7760 7894 7870 8672 7688 7942 7651 8404 8110 8202 8393 7462 8152 7870 7922 7628 7345 8149 7560 7870 7847 8120 7659 7936 7905 7930 7354 7599 7733 8529 8591 8181 8037 7983 7599 7495 8317 8049 7937 7712 8092 8016 8073 7659 7700 7781 7707 7618 7771 8313 7781 7450 7813 8491 7920 7838 8479 7938 7690 7901 8363 7842 7983 7675 7835 7719 7592 7780 7410 8083 8213 8090 7881 7874 7582 7741 7662 8365 8242 7990 7550 7465 8075 7754 8206 8207 7795 7956 8268 7841 8089 7913 7914 7313 8225 8646 8082 7910 7822 7731 7993 7496 7295 7667 7391 8004 8342 7431 8262 8051 7659 8641 7963 8157 7781 7509 8069 7879 7939 7727 8157 7879 8103 8356 8057 8020 8254 7674 7577 7654 7809 7948 8219 7502 7718 8063 8273 7594 7543 8193 8318 8204 7727 7863 7899 7981 7523 7860 7634 7597 8097 8035 7675 7806 8045 7489 7908 7577 7659 8239 7613 7696 7931 7818 8601 8141 8055 8042 8528 8443 8156 8217 8194 8049 8425 7807 7180 7968 7688 7753 8276 7648 7592 7777 8025 8197 8108 7477 8340 7932 7949 8130 7825 7965 8506 7980 7823 7921 7908 7494 8017 7918 7837 8344 8622 8297 7888 7936 7858 7488 8260 7958 7909 8135 8185 7525 7550 7537 7743 8522 8069 7806 7938 8164 8151 7723 8157 8444 8018 8274 8310 7730 7947 
7888 7985 8733 8474 8468 7682 8086 8450 8368 7664 8247 8396 8376 8361 8214 8352 8326 8269 8422 8196 8256 8263 8365 7771 8478 8066 8397 7803 8170 8640 7288 8457 7781 8202 8111 8434 8313 8257 8297 8427 7473 7834 7788 7636 8183 8252 8503 8401 7643 7860 8368 8468 8066 8737 7934 8318 8157 8415 8648 8324 8032 7826 7979 8595 7444 8426 8627 8191 7948 8431 8076 8099 8189 8304 8720 8623 7597 8455 7703 7884 8298 8431 8119 8383 8482 8068 8500 8284 8641 8266 8604 8378 8049 8265 8277 8340 8435 8483 8005 7998 8452 8488 8425 8215 7721 8253 7872 8342 8704 8221 8127 7872 8260 8486 8198 8161 8248 8042 8281 7976 8163 8484 8011 7777 7917 8004 8526 8221 8228 8444 8434 8016 8011 8658 8866 8361 8335 7817 8755 8044 8537 8644 8128 7677 8540 7808 8341 8282 7452 8072 8368 8319 8609 8790 8355 8276 8626 8029 7894 8072 7982 8258 8218 8469 7561 7958 8374 7599 7959 8585 9089 8184 8658 7986 8738 8306 8674 8688 7633 8255 8576 8248 8120 7740 8358 7661 8221 8312 8140 7828 8575 8457 8364 7859 7610 8109 8767 8411 8154 8256 8081 7973 8225 8820 8394 8017 8045 8508 8262 7711 8245 8013 8188 8451 7412 8407 8334 8343 7935 8572 8499 8145 8121 8626 8518 7486 8320 8413 7944 8144 8231 8111 8225 7810 8273 7818 8764 8286 8346 8568 8305 7978 7889 7647 8275 8607 8406 7919 8118 8186 7934 8665 8253 8016 8620 8607 8449 8124 8232 8194 7539 8063 8564 8446 8026 8172 8322 8716 7982 7654 7629 7235 7899 8072 7920 8392 8549 8264 9184 8149 8122 8519 7715 8007 8782 8185 8202 8374 8008 8185 8618 8326 8223 7991 7861 8101 8153 8216 8086 8042 7856 8305 8028 8192 8131 7882 8649 8765 8714 8094 7918 8535 7786 7999 7821 7922 8047 8346 8287 7929 8096 8019 8204 8343 8277 8342 8692 8237 7825 8127 8237 8491 8567 8198 8014 8664 8385 8075 8579 8279 8199 8856 7905 7695 8439 8692 7940 8734 7635 7715 8059 8046 8256 8308 8098 8440 8271 7795 8345 8015 8225 8601 8415 8213 8403 8057 7928 7896 8331 7966 9080 8940 8585 8026 8233 8079 7854 8355 8019 8334 8133 7972 8304 7839 7640 7731 8694 8225 8025 8273 8512 8378 8137 8396 8671 7808 8463 8633 8140 8552 
8331 8022 8488 8679 8307 8046 8123 8669 8050 7743 8465 8667 8057 8077 8271 8690 7868 8336 8892 8416 8371 8531 8274 8101 8336 8431 8788 7689 8380 8335 7799 8187 8154 8213 8330 8380 8042 8369 8541 8393 7618 7964 7579 7859 8084 8296 8618 8356 7595 8182 8521 8780 8201 8729 8267 8222 8221 8160 8440 8547 8572 8076 8089 8540 7718 8263 8178 8147 8349 8437 8275 8177 7830 8436 8473 8274 7312 8340 7997 8336 8435 8904 8241 8484 9185 8207 8098 8384 8715 8669 8216 8035 7868 8527 8338 8339 8407 8646 8102 8044 8408 8597 8450 7938 7582 8574 7775 8155 8508 8510 8100 8056 8381 8215 8047 8149 8352 8574 8332 8264 8488 8227 8038 7935 8097 8104 8828 7840 8206 7841 8294 8222 7725 8489 9021 8300 8286 8243 8497 7752 8632 8604 8512 8105 8513 7832 8434 8421 8008 8282 8215 8369 8572 8646 8452 8326 8663 8009 7771 8326 8100 8342 8479 8514 7869 8128 8321 7953 7985 8463 8644 8418 8317 7875 8323 8596 8603 8806 7620 8278 8519 8012 7922 7583 8547 8068 8160 8352 8231 8194 8538 8605 7982 8145 7902 7711 8586 8449 8440 8153 8279 7805 8314 8694 8317 8045 8047 8898 7874 8220 8006 7928 8144 8211 7870 8358 8499 8009 8149 8129 8697 8215 8557 8812 8427 8095 8286 8803 7912 8380 8170 7996 7977 7614 8553 8125 8690 8458 8514 8398 8111 8256 8020 7584 8189 8389 8496 7894 7739 8375 8266 8699 8111 7746 8259 8603 7934 8290 8287 8006 7840 8022 8864 8171 7879 8142 8175 8862 7848 7792 7671 7629 8366 8195 8131 8484 8331 8320 8798 8284 8392 8576 7947 8357 8395 7853 7990 8282 7972 8282 8488 8182 8212 8390 7691 8204 8323 8018 8150 8691 8052 8429 7992 8140 8347 7907 8493 8714 8884 8255 8173 8295 8247 8137 8074 7966 8168 8400 8177 8247 8014 8258 7956 8220 8057 8093 8528 8066 7892 8450 8384 8254 8109 8017 8300 8457 8969 8345 8681 8078 8384 8700 8268 7603 8217 8210 8362 8433 8135 7265 8029 8206 8496 8799 7536 8390 8191 8142 8626 8214 8279 8632 8094 8362 8462 8084 7757 8077 8231 8135 8673 8324 8732 8145 8429 8075 8337 8346 7809 8273 8609 8083 7778 8116 7508 7805 8651 7854 8238 8061 8433 8354 8209 8155 8840 8126 8535 8386 7886 8590 
7836 7545 7865 8255 8469 7819 8089 8278 7962 7927 8010 8461 8070 7869 8086 7747 7809 8257 8185 7960 7903 7850 8071 7759 7638 7903 8104 7316 7999 8010 7649 7831 8023 8046 8230 7804 7764 7949 8100 7996 7209 7928 7468 7528 7771 7783 8390 7926 7442 7854 8174 8272 8058 8425 7882 8010 7781 7983 8305 8158 7930 7822 7708 7847 7399 7818 8395 7694 7838 8116 7830 7782 8001 8057 8151 8251 7315 7932 7720 7900 8033 8291 7834 8079 8622 8149 7919 7803 8499 8045 8254 7930 7970 8213 7901 7770 8052 8473 7720 7688 8214 8095 8268 7925 7524 8160 7736 7971 8277 8120 7827 7554 8324 7958 7967 7898 7589 7922 7999 7887 8262 8140 7929 7508 7411 7999 8728 7704 8206 7769 7915 7615 7638 8314 8567 8095 7892 7604 8198 7499 8289 8424 8007 7793 8285 7665 8023 8334 7681 8002 8034 8039 7828 7946 8102 8039 8289 7601 7695 7711 7861 7507 8190 8072 7375 7406 8303 7812 8323 8140 8911 7742 8037 7512 8024 8209 8646 8842 7707 7973 8182 8090 7666 7436 8425 7702 7854 8132 7705 7452 7823 8213 7825 7606 7470 7382 8328 8086 8147 7697 7984 7719 7929 8400 8032 7713 7736 8382 7975 8015 7463 7568 7865 7873 7506 8055 7885 8074 7645 7705 8335 7792 7925 8244 8105 7650 7731 8403 7793 8086 7820 7581 8028 7476 7863 7379 7976 8174 8338 7989 7915 7971 7519 7701 8005 8083 8363 7663 7500 8051 8212 8718 7816 7592 8018 8301 8297 8060 8127 7631 7823 8002 8451 7887 7653 7842 8124 8350 7508 7261 7324 7492 7755 8215 7344 8028 8177 7591 8373 7796 8032 8021 7666 7810 8098 7854 7906 7764 8083 7805 8272 7747 8124 7831 7529 7750 8034 7716 7775 8041 7864 7630 7512 8105 7903 7302 8324 8398 8217 7967 7396 7896 8039 7699 7564 7634 7802 8323 8222 7869 7533 8005 7514 7644 7596 7681 7867 7934 7738 8109 7706 8393 8127 7921 7674 8091 8386 7815 8258 7973 8083 8510 7711 7509 8029 8032 7865 8152 7561 7420 7689 8011 7834 8244 7431 8271 7973 7968 8534 7582 7921 8730 7668 7950 7862 7782 7483 7699 7716 7842 8455 8310 8010 7900 8032 7903 7679 8425 8024 8131 8106 7894 7708 7681 7330 8178 8305 7682 7829 7736 7944 8083 7542 7916 8458 7767 8286 8083 7366 7959 
7446 7258 7702 8285 8017 7734 7548 8058 7825 7289 7550 7738 7612 8120 7975 7592 7580 7789 8226 7736 8025 7748 7813 7683 7835 7531 8084 7488 7720 8115 7148 7969 7391 7611 8099 7800 7945 8010 7994 7673 7096 7660 7568 7537 7779 7807 8073 7815 7447 7762 7965 7995 7883 8320 7525 7757 7997 7692 7873 8003 7640 7534 7547 7795 7218 7850 8011 7898 7753 7884 7465 7548 7562 7895 7984 8071 6948 7871 7090 7739 7819 8319 7616 8033 8156 8074 7838 7559 8128 8329 7788 7464 7590 7423 7679 7829 7834 7935 7683 7831 8002 8000 7953 7668 7558 7691 7302 8058 8339 7987 7495 7411 7951 8035 7643 7566 7572 7679 7672 7626 7661 8109 7096 7316 7574 7570 8193 7490 7811 7575 8068 7531 7341 8100 8373 7364 7695 7830 8003 7461 8188 8352 8052 7712 7927 7399 7887 8180 7347 7537 7667 7914 8052 8149 7773 7857 8159 7537 7043 7764 7717 7835 7871 7988 7145 7285 7785 7648 7604 7615 8445 7625 8001 7568 7646 8084 7902 8228 7136 7868 8109 7747 7686 7351 7713 7423 7853 7880 7688 7365 7817 7956 7416 7523 7099 7814 8036 7808 7976 7712 7814 7448 7666 8351 7878 7408 7498 8235 7584 7903 7384 7342 7636 8169 7295 7822 8165 8084 7357 7760 8149 7786 7753 8144 7869 7358 7694 8162 7507 7869 7698 7166 7592 7407 7588 7535 8164 7942 7977 8028 7722 7615 7527 7373 7916 7888 7974 7462 7779 7911 7499 8203 8117 7458 7935 8044 7909 7682 7831 7664 7328 8081 8488 7868 7246 7721 7922 8094 7495 7419 6867 7015 7503 7531 7458 7810 7911 7649 8215 7532 7898 7746 7540 7369 8317 7570 7586 7638 7711 7909 7929 7774 8062 7543 7695 7605 7903 7559 7613 8054 7391 7555 7634 7973 7701 7514 8280 7853 7986 7779 7467 7449 7469 7377 7772 7447 7535 7942 7778 7802 7625 7543 7596 8001 7774 7916 7713 7459 7559 7670 7302 7997 7676 7707 7661 8053 8293 7947 8208 7535 7907 8448 7286 7084 7957 8131 7691 7913 7468 7077 7598 7677 7761 8181 7232 7597 7696 7698 8101 7476 7702 8203 7649 7805 7519 7527 7178 7510 7878 7420 8284 8369 8015 7783 8000 7554 7542 7875 7513 7894 7757 7726 7428 7412 7397 7690 8250 7625 7588 7593 7906 8038 7587 7683 7896 7534 7969 8442 7558 7717 
7975 7843 8103 8466 8255 7838 8017 8321 8012 7594 7933 8469 8324 8126 8044 8075 7917 8209 8680 8162 8244 8341 8163 8024 7880 8196 8403 7815 7903 8356 7703 8155 8187 8336 8041 7956 8194 8527 8812 8402 7307 7884 7846 7790 8106 8172 8733 8002 7528 7909 8702 8640 7997 8468 7826 7825 8236 7830 8211 8336 8068 7987 7830 8326 7607 7951 8360 8274 8203 8320 8077 8023 7986 7916 8429 8394 7181 8256 7634 8175 8125 8386 8194 8368 8589 8344 8167 8009 8592 8550 8299 7818 7975 8111 8062 8185 8080 8385 8086 8146 8185 8505 8419 7721 7954 8117 7663 8220 8491 8157 7989 8298 8125 8354 8048 8062 7731 8286 8273 7976 8558 8085 7974 7753 8043 7965 8929 8066 7987 8060 8215 7915 7754 8371 8748 8147 8231 7623 8498 7802 8543 8424 8427 7971 8402 7722 8002 8296 7731 7880 8118 8230 8259 8414 8004 7988 8315 7911 7900 8149 7885 7888 8457 7884 7910 7731 8807 7695 7951 8470 9028 7779 8368 7814 7998 8466 7980 8514 7727 8053 8378 7644 8136 7735 7977 7941 7867 8125 7972 7540 8442 8204 8053 7743 7486 7896 8146 8161 8257 8023 7926 7874 8110 8361 8284 8084 8002 8876 7764 8114 7954 7895 8015 8176 7780 7860 8056 8343 7858 8208 8490 7823 8021 8554 8337 7783 8153 8842 7853 8063 7675 7746 7956 7809 8411 7882 8472 8622 8225 8580 8154 8166 7813 7675 8151 8326 8469 8047 7792 8349 8208 8628 8133 8006 8066 8592 8250 8058 7873 8194 7766 7964 8942 8055 8022 8285 8021 8297 7849 7306 7501 7487 8025 8170 7533 8315 8361 7929 8699 8003 8083 8413 7821 7824 8651 8001 8121 7948 8049 8198 8556 8264 8484 8037 7610 8281 8184 7802 7740 8504 7880 7796 8195 8299 7843 7776 8468 8422 8127 7906 7830 7882 8058 8168 8055 7648 7766 8458 8114 8083 7961 8205 7717 8079 8321 8079 8262 8008 7851 8127 7840 8367 8083 8083 8030 7986 8527 8158 8566 8330 8442 8631 8034 7537 8335 8292 8276 8348 7704 7526 7857 7816 8205 8220 7816 8364 8282 7942 8263 8179 8220 8782 7977 8467 8226 7862 7603 7909 8132 8067 8200 8481 8243 7928 8348 8057 7899 8111 7782 8190 8451 7938 7757 7862 8029 7847 8650 8005 8116 7843 8206 8433 7924 7745 8411 7841 8580 8662 8053 8271 
7960 7997 8672 8535 8749 7870 8306 8521 8312 8248 8168 8527 8471 8389 8190 8049 8284 8675 8658 8436 8348 8129 7994 8094 8130 8486 8412 7995 8151 8425 7551 8087 8111 8941 8339 8280 8410 8440 8461 8580 7297 8149 8134 7699 8343 7934 8700 8447 8004 8047 8522 8694 7977 8805 8313 8249 8309 8200 8467 8488 8144 8212 7655 8597 7726 8366 8889 8511 8187 8685 8121 8163 8078 8195 8410 8361 7579 8197 7980 8471 8199 8940 8028 8506 8915 8366 8113 8362 8455 8664 8629 8233 7920 8366 8345 8234 8220 8381 8036 8438 8540 8649 8539 8219 7827 8181 8072 8238 8970 8334 8174 8155 8375 8597 8271 8131 7991 7754 8221 7993 8415 8340 8342 8156 8179 8022 9173 8237 8441 8062 8347 8045 7829 8475 8732 8189 8162 8032 8475 7973 8350 8370 8520 8306 8575 7870 8249 8478 7937 8102 8488 8495 8628 8624 8270 8414 8518 7967 7976 8389 8185 8129 8333 8844 7675 8077 8452 8405 8256 8373 8949 8402 8046 8111 8335 8651 8706 8985 8051 8369 8560 8320 7987 8072 8212 7756 8250 8538 7893 7992 8387 8554 8358 7882 7570 8101 8719 8517 8569 8137 8418 8015 8070 8846 8400 8217 8236 8643 8314 8211 8190 8149 8410 8622 8023 8423 8563 8278 7985 8387 8519 8282 8194 8758 8213 7754 8246 8429 8117 8381 8180 7893 8079 7831 8240 7931 8418 8709 8853 8503 8355 8158 8022 8063 8423 8393 8599 7831 7875 8091 8061 8936 8321 8239 8431 8358 7871 8678 7887 7868 7422 8205 8874 8637 7992 8385 8587 8700 7645 7597 7493 7359 8230 8214 7756 8356 8574 8138 9009 7917 8258 8790 7581 8067 8310 8181 8225 8327 8221 8339 8286 8302 8375 8337 7578 8101 8221 8083 8009 8657 7790 8213 8196 8594 8039 7937 8572 8589 8636 8363 8127 8200 7942 8205 8115 7913 7990 8402 8298 8501 7809 8284 8112 8530 8146 8044 8440 7974 7917 8309 7942 8600 8263 8192 8037 8594 8585 8196 8385 8489 8394 8864 8044 7770 8381 8527 8231 8659 8034 7832 7884 8186 8230 8410 8083 8472 8193 8087 8755 8399 8439 8686 8235 8171 8614 7814 7966 7825 8516 7580 8792 8415 8729 7973 8462 8435 8178 8501 8010 8175 8622 8031 7928 7899 7897 7795 8550 8414 7910 8527 8212 8428 7929 8301 8507 8195 8608 8589 8136 8250 
8216 8108 8456 8482 8548 7952 8295 8401 8190 7834 8214 8342 8226 8390 8341 8226 8422 8471 8409 8350 8488 8185 8555 8164 8072 8701 8718 7751 8127 8544 7936 8039 7985 8382 8383 7967 8315 8491 8404 8490 7547 8045 7595 8105 8070 8320 8763 8248 7717 8253 8610 8387 8333 8776 8133 8101 8212 8039 8534 8428 8036 8197 7836 8476 7657 8556 8408 8333 8132 8535 7985 8325 7949 8055 8428 8144 7556 8451 8027 8351 8432 8677 8623 8588 8721 8268 8301 7942 8475 8570 8459 8346 8070 8078 8182 8264 8326 8412 8382 8067 8409 8588 8609 8079 8065 8080 7760 8687 8556 8537 8354 7877 8225 8042 8005 8556 8088 8180 8429 8231 8403 8503 7959 7752 7947 8380 8689 8304 8363 8127 8363 7942 7871 8520 8832 8284 8765 8009 8584 8055 8606 8415 8434 7741 8472 8048 8119 8308 7885 8066 8188 8343 8453 8915 8212 8211 8644 8189 7821 8324 8221 8120 8360 8696 7642 7804 8572 8256 8204 8727 8998 8549 8154 8047 8379 8596 8277 8727 7872 8574 8635 7786 7937 8071 8442 7708 8222 8489 8043 8130 8246 8343 8107 7946 7465 7931 8993 8429 7998 8168 8290 8091 8408 8757 8462 8313 8193 9001 8034 8248 7976 7717 8101 8354 7836 8153 8563 8103 7955 8286 8219 7879 8180 8507 7949 7958 8117 8526 8062 8207 8019 7995 8118 7983 8303 7664 8565 8493 8362 8648 8192 7993 8100 7738 7911 8574 8810 8027 8120 8126 8348 8802 8372 7862 8593 8622 8264 8626 8050 8373 7687 8039 9029 8339 7900 8259 7938 8414 7969 7692 7517 7699 7902 8300 7984 8695 8258 8092 8697 8486 8358 8595 8007 8201 8467 7998 8630 8080 8072 8530 8728 8393 8488 8071 7948 8441 8159 8019 7847 8478 7863 8187 8284 8579 8402 7922 8818 8615 8942 8302 8080 8171 8043 7925 8078 7935 7999 8534 8368 7808 8061 8017 7819 8160 8201 8202 8507 7694 7898 8123 7684 8583 8405 8217 8233 8655 8760 8161 8720 8063 8207 8835 8117 7488 8475 8332 8106 8835 7936 7451 8049 7903 8400 8477 7678 8610 8594 8165 8427 8194 8453 8418 8386 8418 8121 7902 7735 7832 8341 7989 8679 8705 8356 8306 8274 8336 7829 8345 8104 8280 8548 7994 7787 7882 7884 8191 8510 8245 8083 8184 8103 8453 8180 8225 8356 7827 8784 9088 8161 8399 
8063 7913 8405 8154 8456 7859 7971 8282 8032 8111 7975 8274 8396 7951 8445 7914 7904 8014 8627 8058 7956 8012 8135 7852 8134 8115 8492 7447 8052 8393 7363 8479 7701 8408 8250 8281 8142 8143 8476 8208 7231 7763 7592 7693 7977 7870 8344 8216 7682 7843 8623 8404 8230 8773 7846 7756 8339 8234 8389 8366 7743 7691 7673 8015 7699 8013 8328 8137 7994 8213 7899 7679 7775 8233 8279 8232 7634 8116 7597 8194 8327 8758 7968 8268 8561 8024 8357 8269 8527 8288 8451 8037 8008 7945 8053 7762 8061 8208 8181 7952 8445 8132 8379 7996 7696 8224 7773 8226 8401 8647 8029 7764 7922 8355 8317 8018 7765 8190 8170 7657 8272 8298 7846 7870 7869 8214 8745 7918 8535 7897 8205 7953 7683 8300 8620 8131 8237 8228 8431 7580 8462 8159 8075 7873 8400 7739 8295 8434 7708 8151 8212 8310 8561 8399 8269 7951 8489 7850 7823 7983 7769 7936 8259 8232 7625 7497 8297 7851 8200 8404 8750 8375 7975 8002 8104 8352 8634 8343 8145 8061 8550 8303 7735 7737 8279 7335 8207 8277 7867 7596 7948 8270 7790 8041 7456 7720 8261 8071 8460 8165 7840 7747 8060 8228 8224 7936 7728 8735 8211 7638 8003 7928 7809 8207 7940 8270 8280 7953 7952 8129 8385 7981 7922 8822 8061 7659 8272 8537 7866 8009 8207 7645 7817 7946 8053 7770 8280 8318 8637 8288 8290 8002 7860 7678 8310 8119 8331 8089 7608 7879 7648 8977 8031 7561 7990 8177 8048 8300 7819 7815 8056 8197 8986 8769 7874 8130 8018 8096 7728 7521 7226 7758 7949 8020 7391 8414 8313 7912 8895 7983 8076 8444 7824 8019 8208 8080 8269 8067 8059 7915 8381 8340 8307 8187 7834 7942 7899 7984 7797 8339 7487 8007 8004 8155 8166 7867 8290 8475 8408 8123 7950 8111 7779 8124 8049 7866 8250 8295 8063 7980 7651 8150 7806 8395 7725 7680 8274 7849 7891 8304 7931 8217 7936 8203 7956 8159 8579 8169 8706 8209 8211 8584 8189 7790 8256 8343 8123 8009 7757 7499 7918 7756 7958 8480 7797 8050 7946 7847 8668 8114 8377 8414 8065 8081 7966 7751 7637 7814 8323 8112 8568 8297 8348 7823 8069 8266 7977 8273 7960 8029 8248 7699 7990 7583 7722 8029 8529 7684 7954 7901 7905 8141 7807 8288 8417 7986 8458 8360 7845 8221 
8691 8221 8312 8468 8868 8202 8510 8625 8431 8054 8309 8784 8423 8666 8668 8105 8355 8379 8896 8499 8107 8441 8331 8321 7945 8548 8558 7745 8275 8636 7983 8514 8062 8565 8009 8297 8305 8604 8622 8556 7359 8116 8100 8251 7853 8243 8764 8445 7916 8457 8487 8772 8466 8813 8548 8149 8391 8152 8973 8442 8399 7919 7969 8403 7579 8295 8814 8435 8530 8567 8366 8348 8054 8401 8354 8624 7973 8353 8151 8479 8312 8611 8543 8393 8977 8442 8288 8605 8732 8588 8576 8299 8338 8317 8530 8313 8347 8626 8405 8199 8551 8863 8778 8317 7810 8298 8054 8742 8714 8459 8263 7836 8547 8691 8459 8372 8276 8685 8774 8195 8792 8645 8171 7911 8407 8071 8727 8033 8659 8440 8560 8167 8269 8938 9027 8399 8601 7952 8640 8027 8806 8790 8861 7937 8490 7930 8548 8783 7976 8375 8410 8580 8780 8814 8422 8812 8679 8094 7834 8062 8568 7850 8728 8231 7759 8017 9084 8435 8379 8717 8758 8356 8881 8089 8409 8677 8812 9053 7821 8608 8817 8275 8275 8100 8499 7874 8339 8751 8251 8184 8509 8401 8272 7945 7601 8356 9223 8692 8265 8341 8337 8109 8418 9074 8487 8494 8320 8761 8577 8272 8324 8047 8383 8100 8156 8443 8166 8220 8090 8631 8711 8157 8595 8768 8081 8000 8468 8740 7981 8658 8403 8056 8308 8210 8572 7707 8742 8727 8850 8517 8272 8312 8363 7860 8357 8425 8757 8474 8152 8441 8581 8998 8315 8234 8550 8724 8427 8449 8319 8125 7766 8102 9323 8457 8507 8441 8615 8669 8190 7954 8004 7801 8025 8171 7880 8755 8423 8197 9084 8303 8503 8747 8097 8231 8429 8145 8532 8257 8500 8683 8628 8354 8411 8222 7794 8489 8455 8278 8308 8707 7871 8681 7997 8645 8447 8092 8797 8714 8681 8467 8283 8412 8206 8187 8151 8166 8492 8590 8455 8218 8194 8428 8027 8381 7617 8223 8570 8229 8043 8294 8124 8680 8507 8363 8690 8376 8565 8275 8832 8439 8550 8680 8345 7492 8517 8727 8358 8884 7982 7893 7936 7937 8381 8719 8134 8722 8466 8728 8939 7950 8756 8995 8420 8382 8704 8132 7875 7991 8589 8298 8847 8751 8861 8340 8651 8363 8205 8583 8263 8707 8598 8164 8097 8170 8073 8364 8799 8351 8316 8840 8556 8552 8383 8654 8753 7874 8830 8917 8116 8324 
8168 7757 8709 8768 8397 8017 8475 8738 7930 7990 8503 8309 8430 8380 8627 8042 8108 8149 8785 8554 8150 8072 8167 8520 8279 8519 8531 8065 8202 8392 7943 8392 8167 8656 8502 8281 8257 8437 8478 8665 7666 8015 8262 7969 8180 8372 8746 8476 7903 8291 8360 8629 8384 8492 8410 8394 8409 8416 8506 8701 8118 7954 8088 8602 7795 8710 8551 7996 8304 8373 8344 8283 8067 8419 8611 8702 7873 8228 7830 8172 8636 8810 8423 8494 8852 7993 8454 8655 8552 8324 8588 8247 8239 8645 8356 8011 8419 8640 8078 8422 8261 8517 8494 8287 8069 8126 8173 8468 8702 8430 7890 8067 8502 8465 8489 8166 8244 8572 8622 8148 8364 8419 8171 7817 8339 8109 9103 8329 8730 8257 8486 8044 7904 8470 8874 8414 8388 8376 8682 7993 8799 8727 8297 8072 8606 8190 8433 8268 7604 8132 8238 8664 8451 8722 8467 8301 8599 8104 8346 8240 8457 8348 8544 8662 7736 7805 8485 8273 8308 8218 8925 8304 8264 8338 8414 8688 8551 9115 8365 8057 8784 8767 8169 7459 8271 7683 8533 8541 7782 7770 8369 8302 8226 7894 7726 8080 8407 8260 8160 8191 8161 7963 8297 9083 8419 8138 8164 9045 8105 8481 8360 8040 8431 8431 7865 8241 8700 8329 8023 8553 8733 8164 8080 9127 8262 7641 8737 8325 8299 8173 8000 8047 8116 8089 8370 7714 8842 8566 8574 8416 8643 8443 8383 8254 8275 8463 8580 8183 8212 8354 8265 9279 8375 8192 8647 8357 8264 8258 7977 8265 7864 8410 9274 8254 8016 8465 8547 8437 8016 7751 7629 7591 8349 8146 7879 8727 8173 8420 8936 8156 8238 8569 7799 8413 8522 8004 8442 8373 8013 8498 8541 8336 8395 8497 7942 8286 8204 8292 7990 8577 7849 8289 8015 8621 8332 8055 8525 8632 8568 8262 8394 8547 8022 8333 8044 8037 8142 8670 8238 8416 8167 8184 8323 8687 8055 8047 8328 8308 8065 8424 8095 8711 8231 8332 8476 8496 8903 8213 8722 8191 8179 9042 8303 7172 8600 8448 8617 8621 8140 7526 7992 7793 8729 8578 7881 8789 8444 8217 8456 8314 8406 9043 8314 8137 8389 8086 7888 7703 8304 8149 8856 8622 8565 8357 8366 8598 7959 8750 8261 8063 8446 8077 7920 8050 7971 8192 8636 8187 7903 7941 8241 8436 8192 8439 8773 8015 8695 8691 8229 8467 
7927 7620 8142 8350 8243 7662 8075 8335 8285 8251 7726 8283 7869 7984 8454 7938 8172 8254 8615 8198 8316 7980 8010 7954 8016 8221 8398 7841 8142 8357 7606 8109 7839 8100 8114 7920 8057 8128 8305 8308 7332 8104 7678 7919 8040 7780 8526 8255 7684 8125 8454 8386 8185 8891 8042 7804 8056 8044 8272 8363 7875 8164 7715 8266 7485 8468 8464 8199 8135 8585 7985 7901 7868 7941 8467 8398 7129 8057 7621 7837 8137 8742 8115 8284 8388 7765 8471 7999 8129 8039 8092 7919 8008 8193 7734 8138 8139 8535 7612 7835 8263 8450 8240 8061 7780 7798 7864 8237 8782 8493 7972 7736 8105 8308 8086 8189 8002 8109 8244 7932 7985 8137 7959 7744 7867 7873 8662 7792 8534 7707 8026 7691 7700 8629 8824 7915 8529 7855 8191 7630 8390 8356 8173 8095 8168 7936 8041 7933 7780 7893 8160 8221 8304 8522 8077 8126 8255 7698 7948 8133 8061 7851 8297 8394 7664 7804 8156 7829 7774 8279 8662 8001 8264 8020 7910 8389 8474 8599 7618 8400 8534 7780 7829 7734 8211 7502 8193 8365 7714 7801 8000 8494 8213 7749 7822 7834 8859 8329 8453 7997 8188 7969 7914 8491 8455 7907 7963 8762 7895 7671 7964 7946 8190 8048 7628 8253 8246 8028 7726 8054 8123 7853 8126 8424 7861 7788 8349 8340 7930 7898 8291 7746 8147 7590 7981 7774 8470 8476 8334 8328 7946 8057 7910 7868 8192 8072 8302 7870 7900 7878 8050 8764 8235 7994 8315 8430 7966 8230 7845 8187 7340 8279 8692 8294 7787 8028 7867 8364 7795 7672 7524 7946 8024 7829 7859 8301 8141 8079 8771 8104 8231 8169 7381 7968 8318 8116 8118 7895 7642 8134 8431 8182 8093 7869 7475 7841 7968 7743 7636 8165 7749 8082 7875 7951 7992 7421 8422 8616 8359 8010 7770 7932 8069 7985 8176 7851 7865 8139 8518 8206 7728 8018 7828 7902 7797 8088 7949 8216 7862 7781 8094 8225 8118 7818 7987 8306 8646 8072 8574 8033 8422 8618 8080 7638 7956 7954 8148 8700 7907 7651 7927 7880 7932 8291 7756 8237 8008 8223 8335 7749 8349 8697 7971 8037 8334 7660 7724 7615 8024 7923 8491 8612 8292 8061 8248 8088 7654 8461 7987 8150 8231 8335 7869 7745 8016 8005 8601 7727 7887 7970 8134 8216 7586 8101 8536 8003 8516 8336 7706 8038 
8053 7818 8314 7921 8033 7317 7886 8271 7373 7697 7825 8168 7943 8021 7864 7827 7625 8180 8407 7937 7897 8145 8058 7816 8169 8237 8047 7706 7986 8217 7462 7799 7777 8220 7961 7897 7863 7756 8134 8097 7135 7622 7398 7488 7907 7721 8386 7861 7627 7899 8697 8205 7886 8282 7801 8101 8127 7982 8276 8090 7996 7583 7379 8216 7494 7964 8341 7813 7708 8081 7870 7855 7659 8122 8040 8050 7397 8064 7340 8104 8203 8694 7861 8260 8474 7604 8050 8181 8062 8218 7964 7471 7748 8115 7902 8061 7842 8080 7603 8083 8115 8356 8445 7987 7781 7844 7597 7937 8406 8110 7769 7663 7830 7741 7884 8160 7668 7547 8038 7808 8058 8035 7556 7606 7467 7831 8839 7787 7910 8044 8266 7762 7877 8160 8464 8150 7812 7641 8196 7287 8122 8368 8048 7787 7800 7696 7904 8000 7589 7827 7698 8177 8247 8087 7887 7916 7793 7918 7635 7975 7689 7541 8154 8273 7247 7656 8243 7865 7973 7902 8488 7887 8247 7945 8043 8467 8273 8384 7506 8013 8100 8484 7604 7236 8058 7482 7858 7860 7525 7429 8076 7989 7600 7968 7453 7727 8436 8038 7813 7565 8131 7681 8074 8411 7989 7437 7518 8647 7264 7849 7752 7764 7741 7726 7356 7930 8119 7908 7744 7781 8084 8029 7701 8479 7987 7597 7867 8320 7809 7723 7752 7629 7841 7317 8105 7614 8465 8223 8260 7705 7769 7957 7529 7282 7783 7838 8164 7696 7562 7918 8058 8526 7832 7614 7653 8098 7797 7978 7827 7846 7477 7971 8311 7936 7447 7782 7981 7664 7716 7266 7254 7005 8203 7833 7748 8264 7808 7727 8260 8163 8308 8222 7431 7807 7824 7785 7925 7824 7585 7967 8211 7742 8003 7764 7633 7929 8094 7908 7507 8105 7397 7679 7642 8096 7899 7607 7970 8335 8258 7847 7690 8032 7834 7952 7523 7504 7790 8290 8044 7726 7374 7731 7505 8034 7703 7795 8214 7745 7840 8232 7543 8172 7969 7826 8017 8148 8253 7758 8276 7542 8153 8376 7839 7117 8247 8070 7612 8257 7809 7074 7603 7748 7855 8044 7554 8058 8160 8061 8197 7760 8029 8289 7649 8206 7994 7443 7541 7571 8122 7885 8176 8026 8296 7596 7952 7860 7893 8015 7960 7761 8062 7785 7530 7744 7425 7665 7985 7434 7973 7722 7703 8020 8052 7812 8408 7876 8408 8334 7333 7913 
7905 7669 7816 7976 8051 7722 7684 7610 7652 7435 7272 7845 7615 8000 8063 7642 8005 8058 8438 7696 7805 7768 7573 7211 7926 7921 8310 7039 7716 7587 7164 7848 7366 8032 7654 7459 7854 7787 8112 7741 6969 7576 7623 7505 7830 7302 8385 7841 7347 7427 8314 8096 7893 8183 7506 7901 7781 7764 7754 7818 7824 7808 7363 7949 7213 7742 7887 7928 7544 7808 7780 7748 7436 7878 7777 8060 7083 7967 7206 7856 7859 8178 7910 8052 8103 7573 7848 7849 7833 7820 8001 7253 7546 7736 7856 7815 7804 7936 7644 7661 7830 8213 7916 7738 7393 7625 7340 7984 8124 8044 7459 7422 7914 7800 7680 7612 7561 7597 7525 7478 7859 7709 7563 7426 7730 7861 8255 7569 7811 7643 7855 7680 7338 7945 8280 7756 7890 7411 8034 7410 7912 7933 7858 7870 8007 7662 7712 7957 7274 7612 7628 8121 7895 8322 7941 7490 8115 7543 7362 7760 7870 7498 8013 7819 7443 7707 7929 7523 7676 8055 8029 8030 7749 7806 7315 8090 7828 7849 7396 7678 7966 7882 7519 7128 7917 7369 7956 7741 7274 7422 7615 7680 7317 7663 7318 7516 8113 7868 7812 7859 7452 7428 7729 8129 7844 7555 7372 8183 7529 7515 7816 7429 7701 7670 7144 7596 7771 7519 7381 7726 7935 7613 7879 8110 7619 7522 7829 8002 7680 7577 8125 7237 7745 7447 7887 7553 7981 7800 8362 8079 7310 7838 7551 7468 7582 8105 8154 7454 7420 8154 7705 7937 7412 7519 7628 7770 7936 7710 7871 7741 7261 7766 8281 8107 7042 7898 8028 7785 7364 7252 7295 7167 7667 7183 7457 8077 7608 7366 8202 7831 7730 8083 7616 7518 8010 7885 7525 7553 7513 8012 8037 8030 7552 7610 7516 7243 7821 7510 7270 7856 7565 7892 7340 7871 7632 7242 8209 8138 8167 7501 7536 7482 7594 7227 7544 7378 7251 7885 7728 7523 7499 7389 7495 7897 7845 7488 7775 7340 7668 7740 7535 7756 8031 7457 7615 8087 8353 7771 8186 7594 8052 8157 7477 7372 7754 7837 7704 8208 7275 6954 7380 7597 7470 7891 7385 8097 7602 7712 7902 7459 7841 8277 7866 7808 7844 7216 7460 7478 8036 7360 8206 7810 8188 7585 7857 7371 7582 7930 7224 7512 7278 7517 7631 7580 7427 7725 8063 7570 7663 7503 7502 7964 7720 7593 8308 7455 7914 7947 7417 7797 
8333 7828 8167 8282 8475 7894 8091 8735 8184 8128 7978 8311 7918 8592 8253 7870 8135 8153 8899 8180 8295 7975 8290 8052 7800 8172 8837 7661 8432 8429 7857 8336 7820 8405 8228 8081 8169 8213 8438 8364 7466 7957 8003 7844 8002 8222 8754 8442 7954 7887 8519 8570 8136 8841 8246 8192 8255 7880 8340 8509 8003 8059 7769 8365 7858 8572 8457 8306 8105 8626 8257 8055 7863 8016 8443 8240 8006 8060 7809 8211 8193 8889 8158 8284 8840 8151 8104 8333 8512 8469 8437 8352 8046 8276 8350 8210 8059 8551 8052 8262 8494 8611 8625 8185 7946 8350 7848 8418 8595 8848 7959 7772 8406 8489 8328 7847 8117 8197 8435 7917 8433 8438 7837 7630 7883 8168 8886 7955 8388 8025 8418 8242 7858 8836 8600 8540 8521 8399 8360 8257 8657 8593 8239 8086 8690 7925 8216 8548 7727 8093 8452 8375 8602 8389 8157 8077 8384 7931 7916 8037 8165 8118 8357 8531 7769 7806 8601 7925 8457 8718 9007 8321 8340 8217 8113 8308 8536 8838 7761 8567 8900 8333 8177 7779 8131 7936 8563 8559 8333 7758 8310 8350 8063 7695 7544 7973 8531 8331 8266 8046 7807 7997 8066 8748 8542 8271 8117 8793 8131 8326 8254 7923 8134 8214 7877 8379 8431 8001 7971 8120 8789 8006 8584 8844 8205 7851 8272 8591 8026 8355 8023 7761 8019 7750 8338 7991 8455 8790 8708 8301 8286 8345 8087 8080 8293 8418 8582 7982 7911 8291 8175 8859 8154 7738 8660 8492 8258 8331 8098 8126 7677 8138 8717 8689 8145 8209 7846 8381 8094 7671 7484 7838 8173 8420 7995 8382 8113 8190 8765 8088 8120 8059 8051 8296 8548 8068 8166 8240 8118 8316 8497 8128 8547 8232 7849 8118 8269 8135 8083 8634 8036 8203 8290 8389 8091 7988 8583 8904 8668 8442 8200 8132 8319 8016 7722 8058 8273 8395 8374 8217 7912 8043 7908 8149 7978 7835 8474 7988 8058 8336 7883 8458 8232 7968 8114 8280 8676 8052 8551 8611 8424 8279 8246 7666 8242 8239 8188 8353 7786 7433 7731 8019 8084 8221 7734 8658 8165 8265 8506 8149 8541 8940 7872 8089 8266 7767 7777 7769 8176 7972 8599 8702 8619 8313 8162 8163 7989 8708 8401 8166 8472 7835 8080 8008 7827 8255 9008 7986 8293 7966 8339 8634 7982 8054 8674 8087 8540 8826 8029 8397 
8471 8007 8170 8086 8463 7970 8193 8385 8214 8050 7936 8491 8269 8070 7952 8270 7976 8200 8553 8008 8055 8173 7990 7931 8337 8120 8537 7759 7988 8415 7901 8132 8074 8138 8166 7782 7782 8425 8461 8280 7452 7558 7585 7792 8045 7993 8504 7885 7673 8005 8202 8330 8078 8356 8236 8163 8411 7808 8410 8342 7926 7678 7777 8359 7484 8098 8624 8115 7891 8298 8019 7939 7796 8424 8505 8174 7387 8342 7633 8252 8211 8665 8263 8238 8693 8133 7986 8050 8334 8480 8787 8088 7874 7954 8221 8159 8267 8543 7826 7929 8417 8457 8294 8033 7852 8097 7655 8558 8215 8090 8043 7788 8312 8193 8029 7943 8002 8128 8244 7943 8383 8111 7972 8011 7795 7789 8636 8180 8052 7589 8277 8021 7846 8053 8670 7873 8388 8070 8505 7927 8444 8195 8220 7804 8263 7659 8280 8391 7974 8272 8238 8172 8231 8714 8159 7916 8349 7515 8001 7888 7993 8167 8374 8380 7841 8005 8230 8002 8044 8114 8956 8656 8259 7730 8116 8104 8550 8980 7715 8622 8392 8243 7772 7757 8342 7309 8275 8312 7848 7957 8271 8361 8043 7849 7838 7958 8530 8577 8150 7793 7658 7823 8205 8399 8099 8027 8302 8713 8260 7954 8090 7544 8151 8559 7807 8422 8561 8155 7792 7975 8328 8271 8263 8652 7856 7925 7983 8508 8162 8212 8346 8110 8155 7787 8223 7617 8489 8442 8421 8189 8047 7972 7836 7746 8054 8125 8419 8160 7670 8374 7972 8638 8371 7972 8432 8343 8322 8212 8100 7724 7855 7984 8819 8110 7569 8202 8167 8559 7997 7498 7526 7536 7789 8001 7752 8315 8356 8042 8644 8140 8396 8451 8021 7752 8295 7854 8229 7855 7843 8564 8116 8328 8426 8049 7617 7871 8047 7601 7884 7986 7856 7811 8100 8156 8027 8087 8365 8693 8466 8026 7788 8032 8000 8012 7870 7863 7698 8467 8196 8175 7653 8083 7997 8237 7979 7971 8380 7750 7836 8259 8104 7994 8056 8113 7849 8435 8648 8221 8459 7982 8302 8800 7782 7342 8262 8419 8144 8598 8085 7964 8033 7846 7934 8470 7870 8459 8479 8103 8593 8066 8018 8670 8011 7832 8377 7904 7595 7643 8410 7912 8837 8360 8235 8070 8301 8159 7751 8707 7722 8529 8325 8168 7920 7846 7600 7966 8803 7937 7775 7970 8386 8491 7840 7910 8552 7667 8500 8304 8065 8249 
7564 7372 7492 8284 8214 7389 7729 7964 7532 7671 7564 7865 7584 7466 7774 7410 7719 7894 7962 7736 7515 7721 7628 7437 7520 7467 7886 7233 7223 7885 7327 7256 7719 7938 7732 7518 7320 7431 7893 7906 6848 7463 6918 7186 7458 7456 8395 7505 7349 7841 8001 7699 7793 8195 7790 7305 7483 7327 7642 7677 7785 7520 7235 7630 7158 7604 8080 7777 7541 7891 7693 7066 7427 7701 7525 7957 6987 7775 7171 7334 7668 7994 7794 7767 8163 7825 7716 7574 7734 8078 7681 7621 7470 7409 7653 7733 7531 7765 7538 7635 7946 8092 8007 7426 7280 7430 7689 7902 8019 7824 7491 7496 7932 7609 7734 7374 7473 7887 7741 7477 7879 7866 7473 7475 7591 7778 8226 7424 7546 7377 7568 7279 7560 7984 7928 7752 7599 7740 7893 7283 8320 8061 7643 7336 7731 7162 7676 7825 7367 7455 7592 7915 7842 7549 7553 7624 7795 7038 7392 7872 7523 7575 8017 8003 7239 7330 7834 7204 7639 7927 8305 7730 7899 7395 7595 8241 7967 8234 7425 7753 7816 7736 7714 7279 7904 6855 7853 7545 7208 7453 7623 7755 7545 7176 7143 7610 7857 7744 7996 7308 7196 7386 7593 7857 7561 7451 7650 8123 7348 7331 7463 7258 7691 7773 7113 7470 7677 7578 7358 7296 7956 7252 7421 7949 7258 7166 7742 7750 7529 8064 7629 7455 7525 7219 7602 6961 7950 7696 7946 7885 7659 7474 7386 7160 7573 7715 7836 7593 7246 7805 7606 8238 7630 7375 7769 7818 7816 7727 7489 7324 7402 7705 8351 7865 7435 7491 7741 7737 7247 7124 6940 7034 7712 7628 7148 7722 7563 7450 8263 7548 7737 7669 7376 7316 8000 7146 7612 7475 7426 7711 7754 7654 7711 7434 7410 7678 7715 7252 7228 8068 7119 7658 7517 7738 7457 6932 7996 7978 7667 7513 7653 7774 7988 7433 7575 7506 7513 7843 7896 7270 7522 7617 7309 7606 7479 7191 7737 7501 7401 7484 7418 7923 7523 7667 7481 7564 8205 7683 7971 7749 7767 8012 7618 6670 7675 7539 7481 7783 7322 6994 7520 7165 7501 7722 7277 7571 7520 7659 7992 7480 7494 8034 7340 7970 7731 7140 7133 7036 7791 7172 7760 7721 7844 7656 7770 7806 7188 7897 8079 7782 7828 7811 7229 7437 7176 7661 8014 7544 7168 7414 7874 7815 7529 7839 7816 7363 8166 7997 7400 7780 
7835 7618 7918 8043 8032 7319 7649 7814 7769 7814 7693 8123 7995 7813 7947 7764 7669 7774 8514 7862 7600 7666 7759 7594 7644 8069 8142 7566 7957 7912 7446 7999 7291 7872 7445 7984 7824 7653 8222 8016 7106 7484 7465 7100 7648 7523 8147 7702 7291 7081 8169 8243 7844 8035 7438 7586 7912 7759 7837 7861 7640 7319 7177 8008 7161 7960 7988 7623 7721 8015 8032 7418 7597 7958 8054 8118 7491 7768 7580 7826 8200 8399 7814 7889 8190 7641 7726 7893 8114 7665 8008 7283 7658 7803 7775 7928 7835 8299 7492 7838 7778 8239 7974 7408 7622 7764 7547 7931 8275 7945 7682 7516 7985 8045 7892 7698 7445 7536 7489 7560 7913 7913 7464 7493 7555 7541 8304 7778 7963 7605 7633 7502 7598 7984 8484 7912 8215 7468 8454 7396 7769 8065 7815 7480 8038 7456 7959 7764 7626 7583 7899 7904 8098 8103 7982 8024 7953 7513 7326 8011 7563 7743 7852 7668 7453 7360 7963 7473 7529 8023 8200 7872 7675 7564 7720 7905 8306 8279 7660 7689 7957 7577 7643 7109 7950 7291 7757 7713 7355 7352 7909 7927 7932 7694 7455 7251 8334 7991 7883 7585 7609 7401 7916 8028 7671 7525 7771 8401 7788 7701 7692 7346 7712 7834 7461 7646 8042 7858 7552 7736 7918 7364 7953 8339 7970 7415 7730 8091 7595 7674 7777 7438 7526 7364 7998 7699 8107 8097 8451 8018 7938 7922 7585 7167 7725 7867 8169 7822 7261 7787 7835 8465 7546 7510 7601 7978 7573 7957 7501 7807 7232 7726 8452 8244 7543 7869 7909 7722 7482 7355 7257 7137 8036 7621 7529 8227 7707 7848 8280 7517 7737 8141 7597 7941 8017 7288 7549 7524 7803 7622 8026 7787 7874 7746 7043 7579 7928 7748 7350 7798 7422 7763 7887 8064 7630 7467 8233 8507 7783 7650 7872 7520 7573 7516 7624 7370 7267 8013 8096 7826 7544 7863 7600 7922 8072 7722 7865 7803 7355 7925 7982 8003 8141 7660 7787 7752 8344 7755 8094 7718 8060 8192 7453 7263 8245 7575 7796 8035 7594 7348 7427 7790 7885 7786 7529 7668 7830 7622 8163 7671 7654 8442 7682 7510 7830 7334 7469 7662 7843 7686 8255 8142 7765 7607 8021 7921 7706 8086 7570 8004 7721 7616 7364 7447 7457 7610 8273 7676 7611 7706 7833 7935 7761 7674 8262 7773 8535 7916 7444 7979 
8028 8043 8391 8775 8634 8131 8167 8688 8042 8132 8259 8794 8311 8376 8223 8268 8318 8399 9018 8112 8370 8674 8488 8274 8788 8210 8863 7918 8256 8316 8212 8346 8350 8333 8496 8383 8405 8548 8650 8487 7805 8151 8049 7829 8330 8371 8900 8326 8171 8294 8879 8784 8536 9023 8181 8176 8227 8690 8645 9041 8208 8457 7945 8715 7857 8340 8747 8556 8168 8467 8305 8372 8280 8420 8722 8402 7721 8365 8027 8430 8709 8854 8449 8783 8910 8161 8302 8656 8563 8749 8465 8205 8208 8311 8547 8353 8357 8945 8046 8418 8579 8664 8510 8150 8229 8267 8214 8520 8466 8494 8050 8107 8558 8292 8212 8098 8065 8691 8155 8288 8429 8436 8243 7928 8363 8478 9058 8093 8185 8120 8749 8025 8095 8507 8904 8619 8809 8306 8980 7935 8855 8757 8611 8045 8651 8204 8635 8730 8011 8132 8470 8702 8780 8639 8111 8357 9017 7682 7983 8377 8402 8270 8648 8267 7924 8343 8467 8074 8331 8602 9083 8626 8633 8265 8382 8622 8553 9011 7984 8469 8717 8483 8074 7854 8400 8061 8434 8624 7831 7873 8520 8618 8352 8103 8079 8141 8979 8634 8802 8469 8217 8030 8396 8883 8669 8486 8312 9149 8158 8403 8080 8115 8635 8334 7773 8344 8228 8458 8364 8234 8831 8129 8354 8928 9055 7970 8242 8829 8148 8712 8198 8139 8058 7862 8371 7868 8678 8863 8698 8599 8571 8219 8483 8323 8370 8242 8423 7902 7950 8527 8223 9374 8479 7862 8522 8716 8487 8648 8373 8091 8291 8429 9034 8696 8076 8369 8220 8754 7862 7779 8041 7923 8589 8324 8026 8475 8656 8237 8954 8504 8507 8511 8051 8420 8848 8384 8225 7998 8386 8451 8848 8368 8624 8286 7782 8193 8314 8226 8117 8753 7931 8066 8157 8472 8130 7962 8935 8972 8929 8578 8298 8098 8469 7989 7927 8032 8285 8582 8790 8472 8051 8188 8336 8468 8115 8143 8412 8338 7813 8099 8089 8680 8495 8322 8265 8456 9143 8479 8697 8355 8437 8845 8601 7666 8598 8285 8572 8312 8129 7915 8011 8067 8236 8539 8164 8415 8518 8265 8770 8211 8414 9208 8206 8121 8501 8135 8000 7831 8653 8495 8788 8633 8743 8457 8291 8163 8197 8371 8296 8478 8534 8562 7844 8140 8056 8153 8727 8161 7987 8507 8596 8476 8629 8275 9043 8060 8750 8944 8092 8684 
8543 7841 8584 8637 8576 8342 8101 8673 8458 7955 8317 8602 8209 8504 8694 8523 8205 8511 8836 8239 8432 8255 8449 8181 8308 8235 8840 7774 7997 8731 7970 8330 8258 8485 8305 8499 8361 8481 8494 8800 7345 8235 8184 8281 8465 8506 8941 8310 7967 8343 8754 8759 8295 9190 8097 8066 8320 8182 8691 8538 8519 8265 7913 8713 8021 8196 8892 8174 8330 8748 8347 8477 7928 8539 8393 8140 7619 8607 8015 8350 8669 9290 8330 8576 8524 8617 8233 8429 8797 8737 8401 8120 8193 8787 8428 8525 8600 8743 8115 8549 8838 8518 8772 8444 8354 8288 8457 8377 8823 8815 8055 8227 8561 8514 8238 8586 8227 8140 8462 8215 8814 8446 8349 7644 8329 8502 9123 8139 8263 8333 8564 8113 7938 8532 9012 8157 8552 8082 8782 8029 8948 8855 8608 8288 8391 7734 8183 8735 8034 8151 8915 8428 8703 8744 8517 8261 8627 8064 8123 8265 7963 8522 8520 8558 7596 8319 8777 8368 8623 8428 8675 8523 8357 8000 8565 8456 8623 8969 7853 8485 8668 8504 8503 7991 8528 7574 8451 8597 8193 7965 8637 8275 7923 8328 7853 8325 8881 8407 8448 8449 8362 8146 8128 9128 8581 8171 8306 8668 8200 8291 8155 8237 8337 8597 7713 8511 8872 8368 8129 8068 8677 8323 8045 8743 8300 8144 8636 8931 8125 8199 8318 8071 8369 8005 8575 7794 8697 8531 8501 8368 8219 8268 8445 7953 8465 8245 8336 7683 7848 8394 8160 9129 8646 7969 8627 8638 8351 8389 8364 8116 8049 8473 8876 8853 8024 8478 8211 8878 8092 7844 7901 7742 8466 8214 8073 8679 8559 8277 8942 8404 8905 8669 7876 8421 8738 8537 8356 8386 8261 8460 8443 8361 8306 8265 8092 8326 8435 8416 8064 8697 7990 8350 8141 8922 8372 8150 8782 8776 8715 8385 8377 8172 8062 8285 8130 7999 8104 8616 8427 8336 8160 8352 8000 8428 8019 8263 8526 7988 8210 8221 8252 8627 8340 8298 7819 8574 8804 8227 8734 8609 8833 8804 8385 7667 8368 8542 8279 8908 8357 7836 8136 8335 8370 8616 7986 8519 8078 8199 8731 8116 8388 8797 8189 8445 8592 8023 7865 7959 8764 8093 8727 8868 8891 8068 8512 8129 8109 8313 8129 8337 8817 8266 7914 7885 8000 8352 8929 7924 8013 8398 8256 8806 8171 8251 8833 7826 8743 8462 8240 8201 
8253 7746 8342 8845 8850 7928 7824 8164 8013 8040 8191 8639 8137 8058 8368 8515 8242 8401 8803 7982 8179 8133 8377 7934 8198 8403 8563 7853 8222 8380 7923 8268 8105 8495 8258 8233 8107 8050 8086 8418 7819 7932 7640 7656 7905 8224 8267 8111 7692 7954 8623 8675 8346 8925 8115 7924 8414 8234 8410 8486 7981 7740 7753 8158 7579 8123 8769 8071 7905 8370 8527 7941 8299 8194 8548 8875 7818 8128 8211 8096 8741 8713 8031 8246 8806 8155 8230 8678 8545 8617 8384 8353 7967 8307 8085 8184 8136 8596 7699 8392 8384 8503 8192 8382 7941 8371 8131 8137 8610 8329 8154 7945 8583 8240 8158 7837 8069 8327 8213 7945 8390 8086 7925 7854 7914 8012 8761 8044 8381 7966 8521 7883 8026 8388 8690 8492 8220 8430 8692 7671 8452 8636 8216 7966 8611 7707 8246 8482 7917 8321 8470 8400 8307 8635 8174 7890 8475 7969 7968 8065 8313 8392 8231 8641 7673 8016 8176 7968 7902 8168 8574 8491 8553 7817 8079 8602 8564 8655 7875 8256 8249 8571 8071 7935 8327 7488 8272 8261 8010 7756 8323 8269 8072 7622 7858 7625 8709 8288 8362 8142 8117 7932 8183 8859 8341 7992 7790 8655 8332 8325 7877 7801 8420 8235 7889 8076 8525 8259 8098 8293 8531 7912 8190 8704 8225 8053 8070 8533 8126 8135 8074 7951 8202 7828 8418 7755 8515 8323 8331 8182 8244 8236 7789 7742 8290 8164 8298 8223 7679 8456 8213 9043 8255 7807 8586 8588 8157 8255 8029 7964 7612 8170 8867 8478 7981 8190 8316 8023 7744 7804 7647 7384 8123 8130 7766 8497 8241 8131 8847 7737 8273 8366 7832 8075 8509 8304 8047 8315 8114 8537 8590 8121 8426 8063 7972 8128 7985 8201 8153 8232 7826 8153 7865 8414 8079 8051 8543 8680 8663 7887 7994 8205 8089 8006 7902 8062 8389 8468 8486 8158 7970 7967 7799 8359 8097 8080 8317 7984 7923 8418 8014 8508 8491 8099 8243 8698 8535 8298 8814 8323 8351 8682 8268 7430 8538 8544 8429 8756 7916 7568 7908 7710 7981 8153 8007 8278 8412 8024 8555 8397 8404 9036 8115 8347 8370 7882 7929 8127 8382 8173 8728 8652 8511 8065 8261 8050 7912 8322 8139 8206 8276 8071 7940 8091 7722 7920 8456 8143 8058 8177 8119 8088 8315 8097 8740 7901 8866 8556 7955 8476 
8172 7903 7997 8256 8323 7860 7731 8178 8109 7678 7585 8116 7966 7512 8256 7804 7759 8064 8263 7657 7935 7848 7752 7631 7835 7763 8295 7764 7608 8166 7551 7817 7484 8000 8100 7842 7880 7840 8151 8011 7398 7792 7635 7335 7729 7535 8548 7664 7473 7655 8247 8277 7880 8393 7686 8071 8096 7602 7825 8054 7914 7455 7300 8141 7127 7651 8010 8124 7813 8322 7769 7832 7506 8016 8163 7788 7564 7979 7203 7658 8193 8408 7977 8350 8354 7570 7999 8071 8353 8147 8219 8038 7842 8032 8033 8016 7563 8509 7666 7631 7639 8394 8164 7631 7637 7388 7590 8042 8160 7825 7928 7850 8079 7740 7647 7852 7665 7986 7696 7576 8180 7958 7449 7624 7685 7912 8284 7533 7803 7569 7908 7506 7281 7947 8395 7989 7981 7612 8104 7628 8089 8325 8146 7574 8229 7528 7571 8272 7474 7730 8141 8038 7886 8221 8072 7826 8002 7652 7267 7661 7942 7586 8095 7841 7324 7336 7950 7534 7856 8249 8204 8097 8182 7951 7791 8559 8053 8727 7568 7700 8277 8010 7600 7517 8024 7270 8234 7855 7568 7217 7775 8047 7864 7471 7281 7364 7930 8271 8024 7584 7700 7519 7689 8320 7783 7917 7738 8517 7702 7794 7729 7525 8004 7694 7543 7723 8176 7795 7474 7890 8300 7513 7916 8379 7742 7773 8035 8332 7845 7720 7761 7343 7663 7739 7875 7409 8083 8298 8340 8109 7853 7682 7548 7697 7654 8243 7872 7664 7377 7655 7550 8166 8087 7469 8124 8145 7856 8234 7849 7945 7427 7686 8351 7829 7848 7911 7976 8052 7525 7362 7260 7312 7847 7809 7475 8102 8206 7573 8793 7876 7834 8199 7328 7615 7935 7602 7588 7854 8106 7893 8067 7841 7925 8128 7169 7842 8073 7674 7710 7839 7202 7842 7625 8002 7520 7427 8254 8213 8027 7870 7805 7903 7880 7546 7731 7636 7728 7999 7938 7639 7421 7726 7566 7956 7539 7532 8185 7696 7744 7752 7460 8115 7796 7715 8216 8337 8116 7640 7962 7867 7816 8521 7946 7230 7881 7848 8197 8004 7196 7223 7634 7462 7769 8056 7780 7828 7753 7909 8056 7960 8086 8835 7953 7585 7771 7316 7603 7826 8090 7640 8140 8474 8293 7841 8120 7644 7504 7955 7901 7828 7767 7725 7695 7462 7380 8147 8193 8059 7499 7906 7683 8072 7679 7974 8647 7467 8642 8386 7650 8019 
8195 7604 7995 8449 8492 7860 8150 8173 7956 7979 8169 8422 7916 7959 8135 7829 8096 8242 8692 7852 7926 7736 8232 7718 7629 8140 8392 7856 8124 7935 7619 8101 7898 8221 7863 7849 7811 7705 8185 8101 7418 7793 7581 7767 7850 8173 8491 7775 7555 7645 7881 8250 8102 8277 7787 7720 7975 8009 8261 8125 8039 7918 7392 8057 7425 8074 8128 8059 8091 8156 7923 8140 7841 7979 7782 8598 7590 8219 7890 8003 8396 8313 8192 8384 8582 8114 7779 7985 8165 8342 8328 7936 7828 7894 8297 8357 8168 8382 7669 7968 8169 8486 8676 7921 7514 8127 7440 8470 8191 8297 7961 7983 7984 8080 7961 7684 7734 7640 8383 7919 8309 8126 8064 7649 8007 7617 8677 7839 7883 7882 8489 7862 7813 8773 8748 8314 8071 7884 7996 7792 8366 8434 8117 7433 8305 7527 7902 8362 7894 8067 8201 8412 8270 8126 8367 7791 8231 7818 7772 7756 8005 7824 8369 8272 7547 7799 8574 7802 8211 7972 8795 7992 8094 7843 8027 8348 8374 8543 7714 8052 8347 7960 7969 7761 8430 7412 8078 8174 7863 8377 7941 7907 7934 7999 7502 7763 8661 8390 8109 7917 7711 7983 7721 8489 7973 7887 7888 8391 7913 8266 7859 7485 7719 7861 7980 7885 8331 7934 7596 7693 8445 7797 8097 8534 8085 7895 7892 8387 7876 8266 8079 7528 7960 7734 8041 7576 8128 8372 8234 8260 7898 7896 7627 7583 8371 8198 8533 7914 7716 7906 7901 8381 8003 7860 8196 8240 7984 7948 7944 7434 7625 8043 8693 8101 8006 7795 7984 8290 7881 7602 7564 7259 8163 7839 7558 8120 8222 7903 8414 7854 8176 7983 7568 7749 8029 8076 7943 7794 8008 7815 8104 8169 8213 7914 7748 8070 8302 8232 7805 8310 7522 8071 8012 8441 7735 7712 8083 8715 8434 7867 7849 7936 8462 7823 8059 7895 8037 8351 8301 7967 8067 8059 7849 8027 7584 7733 8320 7626 7495 8134 7920 8461 8028 7913 7961 8260 8241 8140 8416 8268 8077 8315 7601 7377 8031 8059 7969 8469 7684 7585 7696 7834 7912 8067 7936 7998 8100 8060 8472 7778 7941 8390 7837 7984 7862 7740 7434 7681 8399 8183 8362 8531 8248 7717 8192 7769 7880 8293 8232 8117 8445 7916 7857 7769 7581 7900 8609 8031 7734 7911 8130 8119 7894 8198 8436 7670 8726 8549 7776 8135 
8540 8343 8710 8917 9043 7995 8515 9268 8415 8475 8632 8948 8486 8552 8482 8554 8439 8481 9312 8538 8638 8477 8346 8328 8390 8614 8722 8404 8261 8763 7888 8383 8442 8961 8340 8511 8815 8462 8892 8800 7757 8401 8074 8086 8223 8392 8990 8523 7963 8290 8840 9010 8579 8995 8500 8586 8737 8246 8802 8987 8302 8274 8276 8768 7930 8574 8706 8604 8455 8690 8694 8407 8532 8403 8608 8764 8059 8513 8035 8575 8593 9244 8463 8667 9117 8638 8767 8474 8583 8415 8764 8362 8298 8611 8603 8587 8274 8625 8247 8700 8938 9084 8503 8272 8285 8413 8292 8536 8983 8965 8815 8360 8678 8422 9011 8453 8465 8433 8769 8406 8647 8765 8515 8097 8312 8451 9286 8523 8840 8436 8837 7941 8156 8730 9045 8649 8525 8691 9146 8299 9048 8683 8599 8171 8841 8218 8728 8791 8076 8471 8493 9051 8707 8984 8419 8458 8985 8284 8310 8623 8337 8411 9002 8789 8074 8280 8641 8348 8459 8687 9299 8918 8758 8359 8576 8549 8726 9400 8286 8753 8828 8544 8458 7830 8542 8092 8575 8811 8192 7953 8698 8834 8764 8380 8091 8322 8811 8896 8370 8335 8514 8211 8419 9198 8559 8284 8519 9128 8548 8445 8425 8184 8595 8631 7864 8593 8737 8505 8037 8587 8716 8481 8399 9023 8500 8109 8739 9167 8337 8540 8623 8103 8302 8387 8475 7862 8918 8865 9103 8653 8541 8556 8038 8322 8710 8498 8903 8531 8376 8690 8663 9092 8526 8335 8567 8787 8488 8810 8439 8271 7998 8406 9250 8769 8308 8816 8489 9062 8498 8094 7787 8006 8614 8356 8380 9132 8555 8065 8904 8301 8444 8829 8290 8161 8525 8258 8624 8292 8464 8689 8931 8614 8622 8601 7800 8219 8520 8451 8262 8668 7856 8533 8554 8766 8355 8229 8874 8812 9186 8405 8331 8456 8450 8225 8402 8160 8363 8835 8404 8336 8067 8632 8166 8545 7929 8338 9264 8489 8000 8782 8071 8780 8592 8254 8443 9157 8760 8172 9052 8532 8627 9223 8138 7536 8686 8608 8625 8946 8259 7951 8462 8242 8554 8637 8150 9033 8825 8564 8803 8415 8628 9398 8329 8378 8574 8359 8027 8122 8425 8188 9078 8526 8826 8391 8632 8345 8367 8397 8351 8380 8518 8598 8190 7840 7988 8388 8836 8061 8109 8639 8712 8764 7998 8696 8830 7957 8964 9074 8432 8566 
8706 8427 9027 8906 8812 8251 8449 8740 8532 8338 8444 8711 8273 8695 8421 8602 8342 8700 9003 8593 8375 8752 8679 8358 8640 8628 8974 8056 8380 8588 7916 8609 8221 8469 8579 8797 8719 8189 8916 8754 7724 8060 8270 8067 8433 8460 9059 8122 7737 8131 9185 8822 8424 9019 8409 8544 8440 8632 8771 8633 8754 8209 8159 8661 7765 8600 8752 8415 8361 8619 8516 8667 8293 8650 9049 8630 8075 8425 8263 8428 8915 9136 8575 8841 8806 8319 8672 8698 8967 8822 8667 8264 8106 8332 8885 8584 8749 9188 7983 8605 8835 8783 9027 8459 8126 8347 8274 8433 9024 8699 8517 8381 8950 8662 8534 8672 8293 8238 8487 8273 8595 8635 8421 8166 8231 8566 9299 8511 8482 8298 8793 8488 8273 8608 9121 8321 8979 8755 8892 7940 8780 8915 8601 8287 8837 8456 8627 8672 7932 8163 8691 8747 9065 8882 8551 8256 8650 8348 8291 8476 8340 8598 8815 8471 7999 8386 8642 8356 8398 8631 9110 8786 8600 8687 8847 8868 8841 9045 8014 8406 8694 8308 8637 8305 8487 7750 8681 8648 8276 7933 8793 8600 8344 8263 7729 8431 8860 8711 8890 8741 8162 8396 8401 9172 8936 8557 8624 8920 8463 8254 8450 8269 8534 8317 8172 8496 8846 8630 8387 8577 9082 8191 8334 8988 8634 8308 8635 8991 8381 8312 8379 8383 8336 7911 8881 8238 8868 8626 8704 8605 8806 8259 8312 8002 8451 8660 8709 8224 7894 8661 8184 9342 8481 8211 8643 8713 8318 8622 8420 8277 8097 8496 9119 8832 8148 8749 8445 8400 8130 7973 8079 7658 8546 8263 7814 8658 8719 8293 9228 8473 8574 8867 8176 8405 8766 8082 8295 8478 8167 8901 8730 8426 8667 8906 8025 8165 8503 8383 8409 8626 8288 8375 8500 8730 8307 8349 9029 8990 8577 8284 8256 8324 8466 8700 8037 8271 8401 8569 8426 8536 8179 8367 8185 8812 8423 8233 8553 8444 8058 8854 8500 8836 8624 8884 8634 8457 8622 8389 8956 8146 8870 9251 8639 7798 8739 8805 8714 8742 8161 7798 8280 8105 8499 8537 8494 8436 8348 8219 8882 8653 8464 9014 8177 8635 8741 8324 8313 8283 8416 8361 9104 8731 9024 8430 8490 8595 7968 8551 8155 8565 8793 8339 8129 8391 8230 8320 8921 8394 8313 8461 8612 8706 8400 8138 9046 8361 8883 8831 8304 8716 
8338 8207 8549 8641 8352 8175 8676 8592 8364 8163 8256 8847 8366 8303 8939 8180 8372 8543 8877 8599 8435 8487 8579 8408 8313 8443 8710 7836 8193 8856 7907 8254 8134 8764 8389 8003 8412 8231 8851 8297 7543 8194 8177 8403 8374 8287 8576 8124 7866 8332 8864 8682 8608 8963 8507 8213 8339 8191 8494 8654 8376 8460 8145 8614 7923 8207 8991 7996 8434 8644 7895 8282 8073 8444 8360 8621 7980 8073 7852 8158 8555 9169 8617 8633 9064 8629 8539 8359 8386 8910 8582 8140 8025 8030 8450 8494 8330 8747 8318 8828 8389 8564 8875 7912 7808 8699 8089 8470 8834 8615 8048 7971 8666 8261 8276 8522 8642 8288 8540 8478 8389 8263 8234 8082 8083 8341 9047 8295 8527 8057 8578 8273 8117 8751 8785 8651 8434 8279 8493 7680 8597 9201 8448 7763 8487 8038 8473 8336 7968 7974 8492 8527 8452 8716 8504 8488 8636 8108 8187 8211 8013 8252 8564 8624 7875 7949 8731 8130 8365 8572 8696 8431 8648 8181 8564 8599 8753 9281 7474 8784 8989 8308 8215 8141 8415 7717 8230 8536 8070 8016 8582 8344 8095 8261 8008 8128 8914 8806 8466 7922 8434 8025 8240 8606 8724 8204 8145 8908 8245 8419 8098 8344 8469 8543 8086 8560 8771 8426 8260 8372 8735 8012 8226 9095 8413 8381 8282 8812 8441 8376 8347 8057 7936 7997 8353 7886 9011 8494 8740 8538 8293 8305 8342 8183 8550 8547 8577 8166 8093 8334 8376 8988 8705 7860 8379 8708 8642 8596 8370 7891 7800 8377 9099 8541 7953 8308 8458 8436 8078 7984 7761 7715 8209 8196 7757 8579 8470 8211 8740 8477 8729 8630 8131 8266 8687 8068 8272 8467 8276 8472 8577 8443 8416 8195 7549 8383 8417 8153 8426 8643 7985 8355 8250 8744 8444 7981 8438 8753 8472 8170 8114 8257 8137 8278 8424 7888 8263 8713 8151 8051 8019 8266 8190 8492 8054 8177 8375 8357 8005 8309 8333 8772 8126 8530 8460 8492 8893 8209 8704 8229 8503 8917 8092 7331 8639 8519 8245 8471 8504 7907 7976 7979 8343 8659 7861 8865 8644 8323 8898 8032 8352 8938 8187 8387 8525 7924 7868 7883 8318 8259 8350 8453 8622 8415 8356 8585 8213 8550 8525 8114 8785 8010 7979 8120 7977 8270 8911 8031 8224 8074 8419 8429 8135 8314 8526 8156 9017 8774 8175 8560 
8129 7528 7982 8142 8104 7721 7716 8307 7759 8000 7646 8334 8125 8179 8128 7947 7933 7851 8430 7663 7866 7915 8079 7456 7941 8328 8102 7578 7984 7841 7500 7778 7722 8128 7684 7811 7855 7914 8285 8170 6959 7671 7490 7526 7675 7826 8376 8252 7372 7749 8072 8271 7443 8360 7975 8072 7964 7774 7853 8150 7993 7734 7618 8053 7357 8175 8248 8033 8073 8140 8140 7896 7444 8048 8200 8066 7518 7731 7630 7602 8157 8422 7911 8262 8694 7864 7820 7672 8240 8275 7931 7832 7628 7824 7978 7611 7892 8272 7656 7865 8226 8355 8291 8023 7659 7852 8044 8139 8509 8031 7877 7696 7758 8194 7850 7692 7777 7667 8013 7867 7751 7801 7725 7700 7680 7652 8378 7738 7899 7939 7841 7850 7697 8395 8653 7770 7850 7768 8223 7680 8254 8078 8034 7367 7960 7545 7948 8214 7637 7818 7785 8288 8044 8356 8330 7661 8241 7951 7394 7752 7973 7850 8114 8210 7443 7495 8257 7824 8012 7954 8629 7748 8131 7922 7986 8008 8360 8574 7602 7871 7969 7963 7785 7111 8056 7299 7909 8059 7560 7329 7872 8141 8214 7999 7562 7851 8402 8040 7956 7685 7837 7668 7972 8408 8054 7450 7717 8446 7580 7637 7569 7756 7887 7663 7259 7819 8064 8119 7583 8139 8361 8223 7815 8332 7600 7630 7788 8532 7916 7876 8123 7621 7764 7690 8027 6945 8039 8059 8309 7811 7879 7805 7857 7622 7896 7865 8084 7667 7654 7924 8063 8087 7873 7594 7891 8101 7848 7985 7612 7593 7399 7750 8902 8080 7715 7679 7882 8040 7543 7578 7326 7195 7751 7976 7652 8256 7677 7625 8224 7740 8095 7933 7737 7824 8120 7541 7948 7862 7897 7851 8468 7924 7948 7730 7579 7744 8127 7872 7647 7994 7570 7940 7874 7966 7865 7702 8264 8434 8128 7844 7758 7802 7884 8032 8026 7683 7432 8223 7817 7335 7991 7774 7815 7788 7915 7831 7884 7555 7499 7769 7716 8270 7846 7808 8037 8207 8362 7635 8312 8017 8060 8791 7678 7511 8043 8228 7976 8252 7557 6984 7606 7903 8245 8136 7609 7782 7897 7870 8148 7721 8147 8110 7886 7916 7853 7475 7589 7479 8200 7542 8257 8311 8528 7819 8390 7715 7715 7988 7750 7423 8290 7629 7550 7517 7534 7757 8302 7862 7826 7755 7822 8226 7784 8139 8211 7443 8468 8071 7718 7760 
7969 7658 7951 8307 8442 7666 8104 7955 7657 7802 7374 8557 7923 7608 8336 7725 7933 7857 8278 7888 7913 7959 8131 7874 7852 8141 8187 7595 7897 7990 7315 7879 7850 8274 7971 7718 7927 7978 8083 8069 7130 7799 7792 7449 8060 7708 8231 7907 7593 8254 8271 8473 7586 8490 7550 7686 8038 7884 8336 8120 7630 7619 7565 8099 7606 7939 8470 7947 7890 8288 8065 7757 7549 7734 8019 8404 7294 8104 7460 7713 8118 8376 7946 8251 8428 7801 8049 8005 8419 8233 8103 7870 8147 8083 8014 7942 7571 8410 7884 7700 8080 8181 8167 7574 7399 7631 7660 8152 8264 7985 7548 7681 7892 7858 8115 7870 7718 7623 7872 7771 8226 7999 7849 7406 7548 8001 8507 7692 7898 8122 8276 7718 7719 7932 8351 8114 7939 7685 8423 7488 7830 8343 8255 7696 8084 7689 8042 8093 7847 7761 8116 8398 8073 8418 8201 7705 7936 7606 7696 7924 7895 7770 8120 8041 7481 7660 8103 7575 7897 8014 8275 7779 8006 7831 7800 8219 7961 8775 7300 8056 8585 8028 7560 7419 8025 7329 7920 7753 8036 7300 7928 8272 7765 7531 7707 7488 8229 8047 8008 8165 7645 7769 8201 8190 7780 7721 7914 8662 7555 7937 7765 7825 8024 7837 7322 8018 8178 8106 7646 8062 8281 7856 8219 8728 8031 7826 8051 8289 7978 8103 7826 7604 7979 7945 7971 7594 8689 8148 8274 8362 7983 7883 7718 7606 8063 8137 7892 7653 7613 8015 7850 8491 7752 7579 8121 8194 8013 8029 7991 7931 7371 7979 8606 7987 7942 7706 7955 8059 7551 7467 7131 7277 8090 7655 7646 8086 7720 7504 8769 7917 8057 8392 7504 7778 8179 7996 7862 7948 7789 8081 8535 7803 8152 7794 7559 8246 7984 7749 7800 7973 7413 7581 7848 8230 7643 7641 8283 8417 8263 8104 7765 7823 7747 7767 7830 7458 7657 7964 8184 7743 7984 7898 7454 7880 7807 7784 7858 7750 7706 7694 7730 7987 7993 7931 8146 8308 8319 7975 8373 8312 8098 8443 7846 7335 8159 8135 8009 8201 7707 7272 7606 7799 8095 7904 7682 8177 7900 8008 8256 8019 8249 8530 7681 7865 8225 7698 7860 7666 7925 7824 8069 8268 8421 7707 8063 7822 7830 8189 8028 7832 8083 7826 7570 7884 7361 7515 8319 7664 7917 7841 8166 8021 7652 7773 8221 7941 8772 8292 7879 7830 
7928 7278 8154 7966 8105 7563 8052 7794 7999 7873 7756 7915 7986 7931 8094 7782 7965 8020 8287 8003 7923 8169 7991 7554 8008 8112 8454 7440 8083 8338 7264 7894 7833 8101 7770 8063 8041 8063 8044 8014 7244 8024 7461 7486 7827 7856 8286 7678 7350 7744 8252 7934 7511 8331 7865 7956 8056 7629 8157 8193 8075 7841 7230 8280 7610 7953 8512 7775 7885 8197 8098 8065 7572 7942 8000 8018 7554 7989 7730 7752 8279 8454 7965 8375 8296 7921 8062 7849 8190 8297 8127 7919 7999 7936 7861 8123 7861 8293 7551 7815 8223 8526 8309 7995 7620 7679 7488 8029 8344 7900 7924 7672 7927 8303 7926 8208 7546 7589 7880 8049 8239 7801 7535 7334 7842 8015 8867 7927 8154 7873 7827 7734 7611 8265 8520 7684 7908 7493 8362 7850 8079 8222 8279 7860 8375 7814 7897 8023 7472 7684 8032 8328 8330 8098 8014 7886 8201 7424 7359 7710 7777 8158 7892 8154 7403 7481 7952 7714 7963 8088 8504 8291 8211 7764 7702 8232 8284 8338 7452 8067 8200 8252 7987 7404 7721 7443 8055 8043 7494 7476 8084 7932 8025 7591 7484 7611 8264 7899 7950 7644 8081 7802 7908 8348 7911 7756 7661 8373 7923 7709 7680 7794 7972 8056 7512 7956 8311 7816 7651 8031 8142 7836 7930 8132 7837 7721 7754 8296 8027 7963 8046 8050 7754 7530 8154 7279 8342 8151 8167 8021 7821 7864 7745 7350 8425 7916 7848 7448 7960 7919 7735 8009 7915 7846 7936 8376 7842 7902 7683 7807 7610 7768 8303 8144 7695 7885 8196 8167 7856 7446 7103 7454 7655 7692 7342 7858 7997 7753 8656 7715 8385 8020 7627 8039 8414 7961 7785 8090 7836 8243 8117 7873 8355 8055 7445 7741 8024 7451 7682 8192 7885 7809 7757 8154 7979 7698 7761 8410 7946 7940 7777 8047 7648 7823 7891 7599 7496 7849 8036 7904 7838 7901 7463 8224 8002 7610 8064 7633 7954 7966 7491 8160 8225 7985 7714 8224 8443 7743 7929 7925 8345 8529 7766 7443 8015 8132 7943 8185 7348 7652 7412 7664 7778 8083 7703 7988 7985 8052 8145 7635 8030 8281 7788 8255 8203 7692 7379 7804 8557 7982 8226 8327 8652 7616 7487 7938 7983 8020 7950 7937 8087 7901 7777 7327 7348 7986 8240 7682 7732 7825 7753 8379 7853 7965 8197 7695 8472 8214 7861 8178 
8575 7732 8537 8641 8539 8342 8118 8605 8391 8138 8025 8309 8206 8248 8386 8051 8005 8155 8951 8485 8363 8399 8165 8335 8295 8224 8674 8102 7802 8730 7788 8307 7880 8549 8624 8121 8279 8767 8719 8340 7949 8017 7905 8171 8353 8133 8860 8356 8116 8296 8525 8645 8164 8777 8337 8511 8267 8183 8224 8446 8198 8237 8184 8741 8004 8214 8771 8291 8123 8708 8455 8069 8226 8279 8384 8579 7801 8487 7834 8380 8592 8880 8304 8515 8756 8362 8507 8368 8558 8913 8503 7927 8492 8345 8094 8330 8205 8800 7936 8538 8625 8560 8591 8239 8080 8457 8148 8196 8703 8655 8274 8111 8493 8650 8222 8025 8321 8530 8484 8324 8675 8348 8023 8176 8116 8294 9121 8319 8587 8151 8531 8222 7938 8431 8486 8453 8648 7958 8716 7824 8796 8818 8029 8038 8498 7874 8120 8380 7963 8147 8356 8655 8635 8513 8406 8266 8826 7919 7981 8191 7841 8395 8855 8629 7718 7834 8227 8133 8402 8510 8963 8496 8317 7969 8310 8308 8646 9093 7769 8336 8539 8564 8145 7732 8362 7838 8077 8587 7839 7640 8443 8432 8295 8031 8029 7923 8447 8883 8526 8149 8438 7963 8290 8721 8495 8266 7985 8810 8165 8270 8023 8020 8271 8503 7352 8426 8424 8137 7887 8187 8886 8048 8052 8649 8278 8170 8476 8907 7972 8281 8506 8172 8021 7943 8551 7903 8286 8704 8880 8532 8297 8714 8134 8129 8436 8287 8497 8065 8099 8470 8468 8949 8459 8253 8515 8392 8630 8521 8047 7911 7644 8186 8754 8658 8192 8121 8493 8815 8088 7870 7833 7603 8627 8160 8134 8145 8238 8179 8667 8247 8454 8279 8064 8518 8486 8263 8126 8409 8409 8288 8862 8154 8227 8249 7896 8354 8483 8073 8024 8521 7936 8055 7982 8260 8172 8093 8851 8682 8623 8066 8033 7903 8093 8070 8109 7729 7981 8389 8330 8057 7954 8385 8104 8172 7876 8061 8595 7853 8043 8396 8139 8593 8181 8156 8313 8610 8681 8048 8472 8632 8574 8877 7984 7483 8455 8268 8554 8481 7985 7579 7886 8316 8146 8340 7861 8919 8403 8407 8467 8170 8325 8813 7789 8534 8353 8115 7801 7966 8091 8262 8564 8356 8743 8382 8394 8237 7986 8334 8158 8329 8239 8270 7902 8164 7663 8150 8784 7944 8247 8413 8182 8786 8222 7934 8965 7961 8910 8559 8214 8499 
8084 7626 8296 8750 8491 8058 8106 8322 8302 8032 7961 8435 8100 8366 8207 8331 7876 8374 8548 8255 7955 8130 8193 7937 8318 8267 8685 7773 8316 8599 7846 8034 8030 8284 8266 8159 8525 8274 8458 8387 7802 8045 8078 7966 8528 8258 8696 8218 7655 8368 8793 8581 8136 8700 8250 8134 8288 7992 8066 8591 8377 8116 8021 8471 7726 7952 8717 8375 7940 8517 8279 8220 7961 8211 8077 8538 7698 8393 7509 8413 8283 8748 8592 8264 8931 8112 8058 8414 8629 8611 8325 8162 8031 7945 8032 8342 7960 8594 7989 8184 8532 8559 8603 8186 8186 8092 8078 8294 8616 8542 8061 7978 8168 8407 8124 7783 7873 8484 8269 7974 8305 8139 8085 7941 8160 7847 9017 7965 8430 8177 8546 7881 7719 8180 8733 8284 8380 8133 8449 7887 8612 8544 8582 8178 8477 7592 8098 8488 8068 8143 8216 8480 8429 8582 8422 8130 8765 7720 7736 8225 7947 8117 8763 8164 7891 8023 8576 8133 8365 8200 8838 8231 8385 7716 8270 8624 8297 8884 7263 8414 8394 8135 7847 7862 8416 7733 8237 8423 7745 8150 8434 8468 8061 7921 7497 8023 8324 8376 8414 8000 8021 7941 8373 8469 8454 8157 8125 8585 7966 8290 8096 7807 8369 8271 7717 8113 8441 8003 8061 8203 8564 8488 8396 8650 8179 7829 8096 8892 8090 8054 7843 7877 8171 8062 8276 7675 8676 8641 8372 8428 8438 8051 7832 7888 8245 8363 8403 7909 7730 8306 8318 8773 8300 7828 8319 8376 8207 8517 8126 8215 7742 8499 8966 8323 7701 8348 8367 8505 8201 7249 7599 7418 8241 8189 7930 8380 8381 7814 8722 8201 8505 8630 8048 7835 8458 8444 8346 8323 7911 8156 8511 8000 8495 8278 7784 7912 8432 8127 7920 8657 7880 7959 8082 8294 8269 7994 8481 8489 8369 8145 7983 8007 8176 8276 8060 7932 8155 8065 8404 8166 8167 8006 7949 8402 8095 7968 8495 7671 8177 8106 7679 8640 8398 7905 8046 8868 9014 8195 8698 8122 8392 8742 8082 7670 8359 8376 8142 8413 7920 7742 7701 8124 8276 8345 7958 8508 7954 7960 8678 8168 8231 8645 7840 8355 8094 7876 8059 7741 8137 8073 8811 8567 8562 8125 8451 8015 8149 8630 8172 8155 8530 8235 7919 7967 8011 8023 8524 8172 7870 7984 7993 8326 8174 8305 8813 8144 8760 8759 8088 8245 
8481 8259 9002 9113 8915 8007 8447 8782 8660 8344 8324 9047 8810 8536 8859 8569 8537 8456 9447 8581 8763 8716 8622 8303 8655 8713 9004 8093 8430 8612 8359 8445 8324 8739 8675 8445 8542 8502 8596 8959 7685 8027 8431 8244 8522 8382 9097 8469 8102 8537 8984 8843 8466 9046 8459 8362 8508 8646 9031 8977 8511 8509 8423 8660 8082 8859 9253 8642 8802 8586 8650 8396 8254 8824 8808 8859 7499 8356 8334 8551 8784 8974 8860 8781 9159 8562 8412 8739 8751 8787 8861 8627 8405 8409 8666 8762 8535 8930 8219 8637 8605 8755 8964 8619 8173 8618 7921 8717 8966 8993 8648 8313 8809 9012 8481 8343 8578 8553 8742 8263 8667 8693 8526 7919 8538 8311 9211 8474 8567 8228 8580 8247 8396 9146 9296 8747 8711 8422 8936 8346 9010 9020 8602 8318 8614 8622 8510 8679 8085 8541 8444 8846 8939 9228 8469 8398 8951 8223 8220 8470 8664 8281 9016 8611 7922 8415 8680 8362 8829 8281 8993 8934 8796 8706 8599 8727 8953 9192 7805 8740 8664 8683 8366 8137 8533 8158 8255 8766 8477 8092 8879 8474 8750 7955 7943 8254 8914 8880 8737 8436 8411 8389 8568 9186 9069 8397 8082 9329 8426 8474 8288 8390 8961 8509 8154 8388 8571 8613 8654 8613 8865 8268 8697 9318 8422 8165 9007 9048 8399 8355 8571 8306 8427 8313 8829 7937 8803 8892 8902 8816 8650 8459 8544 8236 8939 8736 8747 8228 8421 8540 8607 9289 8582 8196 8863 8627 8583 8686 8299 8383 8162 8713 9255 8535 7934 8725 8906 8569 8327 7871 8046 7695 8208 8513 8066 8817 8708 8265 9101 8528 8527 8507 8448 8510 8944 8577 8805 8488 8278 8817 9204 8725 8922 8665 8157 8517 8862 8542 8636 8686 8118 8426 8481 8758 8334 8272 8891 9080 8790 8441 8192 8237 8121 8362 8146 8033 8342 8450 8673 8550 8222 8661 8346 8390 8416 8499 8853 8482 8260 8586 8535 9034 8364 8371 8834 8951 9042 8785 8833 8730 8700 9061 8457 8008 8651 8731 8545 9138 8366 8298 8308 8221 8542 8817 8380 8839 8473 8504 8813 8700 8807 9276 8583 8728 8701 8438 8312 8210 8954 8083 8962 8927 9073 8303 8373 8693 8203 8763 8476 8814 8603 8625 8312 8443 8304 8300 9342 8587 8440 8285 8472 8767 8626 8588 9287 8528 8943 9099 8438 8716 
8263 7748 8181 8467 8596 7845 8023 8574 8104 7671 7711 8435 8250 7846 8218 8212 8025 8297 8642 8523 7913 8391 8359 7974 8576 8383 8563 7714 8294 8600 7616 8067 7969 8370 8272 8033 7989 8279 8522 8195 7309 7900 7638 7799 8050 7919 8676 8104 7606 8112 8641 8465 8153 8460 8046 8123 8361 8120 8051 8288 8264 7787 7542 8337 7498 8414 8456 8056 8034 8220 8118 8012 7902 8265 8523 8158 7551 8321 7735 8261 8273 8519 8062 8253 8808 7954 8237 8008 8370 8543 8249 7819 8009 7992 8030 7765 7955 8405 7946 8134 8243 8407 8175 7850 7881 8034 8118 8464 8485 8198 7681 8143 8174 8158 8092 8248 8003 8134 8314 7966 8151 8059 7643 7689 7976 8105 8888 8344 8060 7953 8360 7916 8075 8162 8613 8191 8500 8132 8661 7862 8210 8587 7923 7792 8222 7653 8185 8233 7545 8001 8133 8199 8346 8344 8031 8044 8216 7728 7780 8516 7835 8089 8333 8468 7681 7772 8095 8026 8167 8593 8791 8313 8239 8026 8070 8653 8289 8639 7419 8135 8238 8210 7622 7828 8379 7650 8374 8171 7588 7742 8324 8333 7792 7889 7583 7609 8203 8623 7961 7957 8103 7853 8068 8299 8108 7844 7944 8610 7726 7722 8044 7975 8021 8257 7605 8293 8271 8175 8036 8023 8359 7716 8058 8697 7994 7488 8102 8803 7883 8523 8071 7596 7918 7386 8217 7743 8242 8427 8441 8549 8119 8120 7919 7827 8184 8269 8356 8024 7806 8177 7958 8550 8466 7931 8152 8180 8173 8144 7880 8096 8023 8130 8692 8337 7895 7865 8207 8369 8275 7666 7539 7850 8045 8208 7510 8455 8116 7755 8872 7885 8172 8257 7670 8056 8474 7877 7892 8044 8133 8144 8694 8208 8112 8036 7662 7845 8069 7803 7848 8777 7736 8481 8169 8493 7814 8081 8087 8342 8751 8005 7885 8125 8156 7902 7857 7740 7880 8210 8429 8263 7708 8108 7765 8368 8007 7953 8051 7714 8006 8275 7937 8368 8348 8001 7994 8394 8725 7748 8451 7992 8358 8595 8057 7406 8062 8176 8180 8702 7778 7306 7708 8006 7785 8231 7595 8558 8236 8111 8064 7809 8003 8612 8123 8434 8225 7776 7758 7896 8363 8120 8414 8310 8604 8351 8159 8142 7807 7998 8132 7918 8208 8097 7671 7716 7603 8014 8444 8035 7866 8155 8186 8420 7848 8201 8453 7997 8705 8599 7664 8165 
8102 7781 7937 8132 8442 7629 8063 8095 7837 7711 7740 8229 7820 8092 8222 7788 7807 8122 8464 8043 7611 8137 7819 7800 7871 8370 8304 7457 7982 8235 7405 7999 7572 8249 7940 7789 8029 7956 8392 8011 7284 7992 7524 7595 8024 8002 8595 7840 7507 7807 8609 8507 8041 8531 8202 7755 8060 7925 8245 8234 7839 7619 7619 8127 7679 7982 7964 8024 7673 8125 8143 8191 7783 7873 8366 8280 7591 8016 7543 8112 7818 8502 7798 8128 8569 7868 8298 7916 8487 8329 7976 7905 8209 7862 8034 8213 7896 8083 7893 7905 8101 8652 8146 7821 7375 7950 7671 7988 8445 8435 7769 7846 8071 8275 8002 7738 7791 7885 7924 7842 8176 8067 7748 7624 7828 7953 8536 7998 8190 7775 8208 7903 7807 8297 8715 7868 8107 7578 8440 7652 8290 8392 8253 7706 8512 7814 7991 8135 7483 8039 8128 8216 8124 8170 8156 7990 8640 7770 7518 7976 7896 7870 8125 8253 7828 7606 8173 8053 8103 8286 8720 8240 8154 7999 8085 8010 8259 8396 7498 7935 8514 8106 7897 7899 8312 7489 8221 8116 7694 7779 8119 8229 7970 7992 7446 7915 8611 8108 8013 8202 7901 7612 7893 8488 7951 7876 7786 8688 8146 8089 7432 7820 7998 7746 7633 7961 8082 8160 7771 8016 8176 8046 8192 8675 8223 7735 7863 8309 7690 8141 8113 7620 7906 7863 7915 7596 8306 8148 8476 8135 8059 8147 7850 7630 7904 8218 8375 7657 7937 8220 8042 8429 8300 7933 8003 8328 7876 7861 7607 7866 7489 8160 8563 8217 8102 7849 7970 8038 7457 7767 7365 7499 7896 8022 7671 8315 7899 7766 8114 7905 8172 8313 7620 7960 8401 7823 7917 7955 8061 7956 8476 7899 8057 7604 7786 7701 8099 8074 7871 8256 7503 8155 7789 8009 7672 7710 8294 8308 8487 8018 8002 7973 7695 7875 7864 7788 7903 7829 8031 7592 7691 8000 7446 7968 7653 7856 8302 7850 7747 8041 7650 8208 8024 7864 8191 8427 8763 7894 8420 8198 8302 8379 7690 7296 8272 8139 8096 8521 7374 7292 7711 7947 7921 8197 7653 8231 7890 8084 8357 7636 8026 8358 7850 8076 8122 8012 7431 7696 8334 7881 8322 8167 8427 7929 8317 7967 7850 7939 7934 8010 8163 7782 7802 7755 7605 7800 8232 7663 7980 7836 7938 8224 7936 7926 8382 7749 8280 8395 7893 7760 
8557 7961 8367 8312 8620 8014 8266 8613 8391 8156 8013 8371 7964 8249 8467 8209 8183 8383 8740 8655 7819 8060 8215 7756 8213 8367 8606 7986 8119 8269 7550 8425 8006 8180 8205 8336 8104 8451 8320 8649 7401 8190 7887 8104 8225 8091 9079 8225 7881 8329 8476 8525 8189 8497 8214 7939 8369 7851 8198 8461 8166 8207 7791 8608 7687 8524 8735 8454 8336 8603 8218 8109 7971 8308 8336 8809 7479 8392 8025 8379 8492 8614 8142 8428 8587 7750 8311 8674 8585 8392 8361 8366 7857 8232 8128 8551 8366 8798 8187 8347 8405 8515 8338 7878 7892 8334 7718 8365 8539 8562 7952 7903 8061 8428 8127 7977 7986 8343 8241 8050 8428 8550 7721 8042 8142 8219 8913 8013 8357 8047 8201 8291 7520 8785 9003 8192 8603 8073 8888 8119 8490 8596 8610 8221 8707 8208 8276 8292 7801 8217 8159 8471 8416 8570 8497 8296 8841 7934 7823 8161 8131 8020 8338 8459 8084 7967 8376 7906 8060 8256 8560 8186 8248 8006 8162 8386 8568 8918 8035 8236 8549 8250 7920 7656 8299 7982 8243 8515 8022 7852 8474 8288 8299 8071 7690 8059 8636 8427 8375 8277 8179 8334 8125 8648 8384 8257 8341 8821 7915 8265 8085 8279 8221 8389 7745 8101 8162 8187 7887 8260 8487 8026 8294 8597 8217 7972 8295 8567 8086 8418 8366 8003 8167 7948 8314 7929 8436 8362 8666 8404 7946 8296 7996 7953 8421 8485 8606 8144 8167 8137 7856 8644 8209 7866 8314 8298 7856 8263 7972 8276 8062 8281 9119 8262 7801 8024 8589 8442 7979 7941 7732 7701 8161 8313 7705 8314 8414 7944 8868 8157 8244 8304 7949 8148 8549 8043 8214 8163 7898 8227 8439 8202 8514 8482 7879 8251 8127 7921 7849 8339 8104 8222 7837 8378 8058 7995 8831 8775 8443 8014 8072 8060 8089 7896 8154 7977 7966 8557 8160 8161 7866 8499 8092 8231 8018 7821 8290 8274 7982 8342 8045 8460 8057 8144 8540 8609 8913 8471 8740 8174 8669 8855 8244 7612 8270 7904 8207 8473 7984 7410 8182 8195 8307 8361 7762 8462 8206 7972 8842 7989 8322 8748 8379 8443 8291 8037 7622 8108 8451 7973 8713 8921 8608 8374 8359 8041 7818 8428 8098 8400 8223 8617 7995 8111 7825 8335 8506 8418 8112 8076 8159 8293 7971 8074 8496 7850 8835 8478 7845 8248 
8454 8062 8509 8966 8637 8313 8359 8526 8417 8445 8524 8613 8420 8438 8962 8383 8168 8712 9101 8671 8509 8275 8500 8383 8375 8548 8747 8251 8542 8844 7820 8311 8245 8492 8512 8195 8207 8429 8703 8799 7676 8257 7859 8249 8220 8425 8788 8481 7878 8563 8832 8917 8774 8948 8453 8641 8583 8478 8837 8789 8617 8062 8233 8735 7931 8477 8723 8299 8212 8520 8706 8273 8245 8613 8670 8908 7932 8331 8132 8489 8696 9336 8553 8386 8932 8559 8554 8439 8875 8808 8833 8320 8084 8468 8644 8469 8623 8914 8335 8475 8854 9092 8857 8501 8001 8480 8107 8552 9017 8718 8511 8389 9033 8738 8432 8539 8244 8366 8382 8185 8459 8487 8059 8068 8492 8293 8900 8482 8310 8099 8656 8056 8216 8859 9387 8346 8493 8287 8669 8243 8967 9140 8580 8090 8873 8281 8499 8500 8144 8329 8729 8786 8699 8611 8613 8273 8607 8176 8211 8459 8699 8411 8519 9090 8012 7767 8823 8431 8562 8286 9075 8453 8853 8547 8545 8530 9044 9130 7946 8554 8991 8449 8362 8004 8552 7703 8380 8691 8294 8170 8354 8737 8267 8286 7951 8307 8771 8771 8626 8389 8448 8325 8439 8723 8687 8378 8569 8913 8292 8423 8014 8086 8569 8416 7967 8563 8490 8588 8252 8238 8873 8014 8334 8667 8500 7968 8494 8715 8279 8645 8627 8069 8287 7902 8615 7786 8875 8620 8653 8700 8327 8199 8256 7975 8557 8603 8757 8150 8642 8391 8424 8730 8356 8326 8921 8834 8690 8565 8227 8319 8062 8755 9198 8547 8236 8374 8572 8788 8160 7726 7937 7860 8472 8237 8068 8745 8441 8378 8867 8492 8513 8570 8186 8226 8877 8423 8532 8465 8240 8637 8778 8376 8716 8253 8173 8315 8433 8325 8478 8616 7724 8337 8525 8500 8111 8180 8995 9054 8744 8185 8313 8295 8370 8174 8380 8210 8408 8673 8663 8316 8199 8399 8097 8518 8189 8445 8730 8329 8209 8724 8227 8774 8446 8313 8512 8642 9033 8478 8872 8435 8177 9212 8263 7779 8550 8758 8145 8969 7792 7647 8189 8146 8597 8652 8460 8450 8368 8438 8943 8258 8370 8998 8103 8754 8388 8284 7842 8304 8769 8084 8863 8581 8560 8519 8370 8597 8397 8429 8537 8479 8639 8598 8115 8182 7971 8437 8985 7999 8272 8748 8429 8635 8322 8598 8609 8273 8834 8869 7972 8457 
7959 7844 8281 8643 8239 7636 8018 8425 8332 7982 8073 8608 8084 8158 8219 8036 8222 8395 8698 8391 7967 8135 8053 7842 7996 8003 8684 7801 8113 8446 7596 8236 7969 8224 8166 7750 8197 8240 8333 8505 7318 8098 8017 7544 8044 8303 8732 7922 7728 8156 8698 8560 8119 8615 7794 8201 8464 7889 8502 8594 7919 7493 7818 8215 7885 8241 8396 8210 8193 8703 8022 8243 7893 8069 8385 8306 7675 8393 7919 8061 8501 8678 8078 8293 8573 7927 8217 8380 8409 8553 8244 8415 8112 8245 8111 8203 7861 8175 8106 8202 8286 8606 8286 7821 7800 7910 8082 7995 8449 8554 8229 7979 8117 8486 8149 8322 7817 7639 8364 7988 8306 7908 7940 7887 7985 8297 8811 8028 8149 8221 8056 7875 7914 8692 8808 7987 8438 7845 8470 7862 8333 8652 8429 7923 8476 7991 8263 8489 7609 8146 8093 8403 8260 8609 8243 7763 8632 7758 8169 8078 8047 7890 8525 8547 7789 7634 8301 8078 8599 8373 8807 8386 8154 8048 7963 8159 8494 8874 7895 8052 8329 8211 7775 7773 8581 7730 8192 8600 7884 7689 8352 8092 8086 7775 7668 8016 8789 8547 7994 8118 7961 7939 7872 8907 8278 8056 7907 8723 7641 8079 8011 7816 8242 7989 8034 7872 7907 8143 7957 8074 8328 8273 8324 8962 8125 7841 8397 8503 7957 8217 8258 7628 8295 7790 8237 7686 8168 8660 8670 8252 7983 8287 7887 7727 8568 8299 8480 7610 7950 8280 8293 8918 8261 8063 8449 8273 7875 8421 8046 8117 8004 8240 8868 8408 7821 7994 8415 8333 7860 7881 7355 7660 8214 8116 8123 8578 8324 7661 8825 8194 8085 8275 8112 7981 8498 8016 7887 7753 8054 8231 8827 8005 8357 7923 7793 8064 8083 8051 7834 8239 7721 8005 8083 8498 8016 7917 8606 8664 8591 8021 7991 7887 8029 7805 7880 7890 7746 8002 8347 8013 7753 8386 7976 8180 7799 7995 8398 7993 7970 7998 8060 8218 8099 8094 8411 8458 8672 7775 8336 8289 8293 8696 7939 7421 8337 8257 8166 8367 7729 7528 7897 8190 8049 8392 8026 8380 7963 8059 8407 7672 8326 8873 8257 8155 8557 8050 7697 7906 8291 8062 8850 8686 8528 8007 8045 7990 8237 7941 8409 8342 8037 8260 7915 7640 7994 8142 8375 8142 8191 7827 7875 8366 7991 8135 8349 7635 8551 8280 8131 7959 
8173 7768 8323 8239 8327 7641 8098 8168 7868 7729 7873 8393 7899 8277 7975 8238 8004 7990 8503 8063 7786 8314 8047 7911 8163 8272 8398 8177 7717 8098 7583 8324 7824 8080 7657 8226 7690 7738 8432 8052 7427 8033 7772 7478 7838 7935 8598 7725 7502 7868 8478 8413 8274 8452 7822 8150 8243 8084 8218 8253 7822 8141 7777 8159 7343 8260 8379 8249 7830 8182 8036 7837 7638 8023 8340 8173 7539 8170 7612 8044 8268 8694 8283 8342 8906 7988 8018 8112 7951 8186 8029 7559 7891 7852 8000 7899 8320 8497 7747 7887 8051 8440 8345 7717 7643 7944 7599 8347 8388 8460 7788 7635 8216 8162 8097 8105 7986 7841 8053 7947 8072 8081 7765 7463 7874 7741 8602 8015 7883 7540 8242 7971 8120 8302 8423 8119 8355 7849 8427 7649 8601 8644 8434 7791 8409 7710 7983 8078 7727 7769 8135 8381 8365 8266 8333 7843 8234 7554 7473 8148 7950 7848 8150 8089 7749 7540 8253 7311 8034 8128 8373 8118 8304 7901 8147 8282 8262 8262 7694 8257 8591 8177 8008 7339 7995 7387 8240 8189 7958 7935 8405 8371 8247 7623 7377 7836 8733 8328 8165 7834 7923 7939 8046 8162 8362 7944 7901 8706 7949 7866 7811 7837 8226 8029 7682 7545 8332 8014 7772 7861 8170 7788 8037 8406 8273 7882 7904 8211 8049 8314 7704 7734 7928 7456 8349 7494 8373 8446 8381 8165 7983 7653 7997 7642 8347 7823 8365 7863 7709 8156 8193 8627 8022 7630 7978 8326 8005 7987 8055 7821 7649 8132 9071 8035 7621 7997 8230 8058 7924 7688 7302 7568 8037 7924 7524 8268 7972 7815 8469 7563 8085 8171 7678 8010 8499 7930 8004 7990 7799 8082 8602 8349 8432 8143 7532 7739 8086 7558 7811 8149 7709 8130 7875 8036 7994 7745 8430 8583 8346 8278 8066 7996 7978 7846 7740 7515 7757 8423 8294 8008 7611 7643 8140 7955 7970 7961 8057 7796 7704 8033 8037 8442 8010 8063 7903 8309 8389 7879 8066 7992 8091 8333 7884 7573 8259 8051 8003 8304 7592 7210 7670 7898 8096 8201 7961 8477 8013 7867 8613 7823 7944 8574 8038 7962 8124 7913 7749 7539 8192 7596 8329 8355 8286 8051 8046 8123 8021 8074 8025 8170 8319 7893 8278 7816 7582 7776 8525 8010 7852 7680 8114 8132 8208 7894 8519 7618 8433 8404 7773 8448 
8046 7870 8152 8177 8166 7756 7954 8340 8212 8134 8023 8064 8055 8081 8056 8080 7986 8264 8237 8044 7902 8177 8141 7427 7982 8290 8392 7433 8309 8431 7510 8301 8075 8291 8201 7986 7806 7896 8559 8165 7080 7686 7784 7827 8024 8241 8461 7997 7661 7851 8370 8070 8220 8674 7886 7912 8226 7956 8376 8058 7869 7827 7813 8383 7415 8263 8468 7894 8231 8147 7854 8317 7775 8233 8374 7957 7577 8323 7840 8279 8038 8744 8218 8413 8366 8162 8034 7853 8083 8325 8214 7788 7778 8191 8122 8158 7819 8395 7927 8383 7762 8422 8452 7987 7713 7829 7848 8181 8569 8059 7861 7760 8385 7864 7998 8196 7893 7689 8132 7938 8270 8240 7551 7929 7940 8327 9213 7737 8188 7946 8382 7885 7797 8274 8850 7983 8272 7923 8161 7538 8365 8487 8313 7940 8302 7902 8120 8216 8114 7884 8084 7809 8282 8466 8303 8066 8081 7802 7591 8291 7877 7905 8178 8228 8055 7776 8167 7925 7918 8331 8636 8142 8354 7855 7799 8132 8298 8578 7553 8209 8439 8209 8066 7854 8018 7636 8452 8349 8154 7532 8357 7875 7774 7900 7516 7530 8472 8355 8320 7619 7922 7985 8094 8357 8412 7895 8135 8297 7956 8029 7885 7502 8101 8328 7716 8223 8193 8074 7764 8164 8657 7790 8104 8579 7731 7959 8100 8132 7731 8366 8194 7690 7944 7975 8456 7919 8062 8356 8386 8190 8015 8368 7941 8096 8106 8059 8223 7997 7513 8128 7920 8290 8364 7837 8352 8260 7854 8298 7749 7636 7422 7991 8828 8238 7743 7848 8327 8292 7795 7560 7266 7632 7940 7941 7960 8202 8078 7797 8599 8097 8147 8416 7674 7603 8369 8178 8024 7897 7713 8275 8391 8111 8550 7993 7756 8012 8239 8058 7744 8208 7613 7775 7616 8302 7918 7771 8663 8568 8274 8041 8111 7884 7743 7720 7961 7881 7740 8241 8282 8024 7542 8120 7697 8169 8010 8146 8396 7998 7620 8270 7907 7891 8045 8018 8052 8327 8447 7987 8605 7948 8023 8638 7979 7536 7905 8014 7678 8441 7572 7412 7881 7682 7959 8382 7912 7934 8045 8008 8694 7802 8161 8486 7901 8176 8205 8131 7441 7690 8100 8004 8459 8347 8093 7926 8111 8160 7890 8522 7863 8128 8037 7845 7610 7780 7630 7942 8528 7906 8120 7999 8131 8443 8063 8172 8821 7754 8749 8416 7851 7961 
8720 8120 8480 8587 8740 7980 8196 8740 8523 8385 8283 8832 8890 8569 8561 8496 8051 8583 8953 8456 8255 8480 8813 8173 8551 8651 8923 7988 8359 8590 8015 8151 8317 8701 8449 8664 8703 8597 8808 8548 7484 8365 8246 8210 8063 8407 8724 8173 8026 8367 8652 8687 8289 8624 8234 8278 8336 8385 8362 8558 8456 8239 8104 8329 8032 8452 8883 8729 8477 8870 8629 8113 8206 8491 8834 8594 7929 8298 7895 8266 8532 8933 8426 8511 8967 8212 8722 8513 8808 8718 8546 8282 7930 8101 8475 8206 8278 8553 7906 8548 8739 8461 8774 8416 7979 8402 8144 8487 8721 8305 8186 8145 8656 8513 8344 8502 8442 8508 8623 8496 8480 8227 8293 8175 8143 8381 9113 8584 8674 8032 8433 8230 8116 8562 9141 8420 8585 8483 8496 8191 8708 8864 8813 8161 8782 8150 8488 8724 8095 8538 8408 8746 8622 8692 8371 8537 8855 7993 8159 8214 7936 8616 8870 8588 8089 7851 8817 8257 8595 8517 9069 8732 8318 8406 8621 8703 8616 9110 7733 8398 8536 8238 8080 8261 8772 8004 8467 8589 8127 7719 8610 8572 8118 8194 7956 8140 8860 8377 8707 8348 8231 8175 8502 8760 8643 8102 8281 9177 8175 8285 8062 8302 8339 8432 8072 8061 8770 8629 8190 8262 8818 8480 8756 9121 8246 8449 8208 8750 8334 8403 8581 8245 8308 7911 8460 7890 8603 8736 8528 8417 7999 8426 8288 8196 8604 8684 8802 8007 8051 8353 8284 8997 8324 8341 8422 8287 8405 8430 8192 8064 8163 8454 8913 8756 7939 8412 8318 8629 7976 7885 7758 8149 8420 8226 8022 8532 8510 8254 9104 8347 8748 8596 8138 8539 8741 8491 8705 8175 8276 8635 8661 8456 8679 8187 8070 8228 8544 8240 8437 8444 8028 8136 8235 8631 8449 8211 8379 9111 8634 8430 8047 8186 8533 8372 8404 8392 8430 8693 8154 8356 7986 8602 7986 8386 8128 8218 8457 8119 8248 8524 8508 8708 8826 8209 8578 8561 8982 8258 8847 8273 8592 8983 8527 7649 8441 8599 8270 8826 8360 7865 8049 8088 8240 8371 8120 8604 8722 8484 8923 8019 8684 8965 8009 8763 8628 8100 8024 8332 8556 8443 8590 8983 8842 8139 8212 8338 8471 8475 8343 8414 8576 8322 8101 8012 7993 8331 8790 8243 8261 8189 8587 8478 8433 8497 8927 8265 9118 8940 8156 8279 
8067 8112 8384 8399 8451 8186 7714 8386 8216 7809 7798 8532 8274 8160 8000 8350 7860 8151 8521 8139 8046 8203 8167 7926 8097 8059 8428 7899 7847 8481 7838 7857 7847 8542 8107 7811 7904 7782 8207 8407 7458 7837 7648 7678 8093 8014 8442 8333 7580 7917 8631 8663 8037 8769 7950 7862 8395 7963 8358 8470 8137 7748 8063 8688 7595 8537 8480 7921 8033 8138 8138 8153 7815 8000 8518 8403 7660 7986 7692 8060 8184 8799 8352 8326 8638 7893 8253 8158 8345 8281 8454 8271 7865 8209 7977 8153 8264 8269 7814 8404 8207 8530 8348 7606 7833 8296 7799 8362 8552 8203 7673 7822 8546 8374 8187 8247 8062 7574 8237 7988 8038 8057 7800 7438 8123 7936 8740 8270 8257 8035 8295 8014 7735 8636 8623 7728 8139 7927 8396 8041 8488 8407 8222 7808 8284 7896 8067 8193 8064 7860 8365 8422 8177 8708 7931 7954 8349 7866 7802 8142 8235 8065 7905 8506 7676 7983 8378 7857 8339 8217 8817 8382 8297 7722 8428 8310 8387 8345 7917 8386 8460 8014 8328 7426 7902 7677 7968 8242 8037 7507 8231 8037 7996 7873 7649 7775 8414 8396 8336 7838 8262 8192 8127 8533 8534 8187 7901 8487 8023 7766 7906 8043 8407 8304 7482 8269 8246 7982 7567 8036 8114 7796 8322 8645 8232 7742 8236 8386 7874 8201 8155 7586 8048 7772 8380 7730 8307 8401 8512 8063 8042 8169 7964 7906 8414 7924 8329 8059 7599 8322 7968 8427 8239 7778 8446 8238 7831 8218 7829 8027 7589 7786 9043 8567 7752 8677 8200 8200 7705 7743 7560 7346 8001 7968 7967 8200 8097 8150 8598 8037 8224 8401 7940 8281 8393 7935 8112 7969 7921 8200 8484 7797 8371 8251 7469 7908 8375 8075 7934 8252 7850 8174 8139 8130 8179 7874 8651 8382 8629 8223 8033 8153 7940 7650 7760 7739 7394 8226 8180 8197 7674 7863 7872 8089 8053 7871 8050 8312 7811 8252 7895 8493 8023 8097 8036 8202 8536 7988 8647 8262 8472 8387 7935 7658 8308 8111 8232 8582 8015 7358 8056 7718 7904 8289 7903 7957 8163 7953 8684 8031 8226 8731 7860 8308 8484 7758 7535 7774 8224 7666 8229 8427 8228 8115 8194 8144 7747 8258 7901 8111 8359 8136 7851 7909 7727 7995 8564 7871 8182 8361 8453 8152 7929 7876 8542 7742 8876 8624 7667 8059 
8957 8747 8979 9049 9130 8734 9043 9139 9140 8859 8921 9346 8970 9569 9227 9051 8687 9245 9573 9125 9135 9066 9119 8869 8812 9042 9576 8618 8906 9015 8323 8874 8732 8975 8772 9035 8943 8913 8938 9050 7937 8689 8506 8543 8815 8641 9719 8891 8491 8719 9182 9157 8720 9212 8829 8865 9241 9064 8886 9100 9053 8992 8241 8867 8313 9142 9415 8927 8550 9377 8696 9216 8660 8998 8992 9204 8312 9099 8256 9147 9091 9615 8845 8873 9656 8904 8991 9082 9320 8882 9296 8565 8813 8785 8998 8832 8942 9446 8473 8811 9344 9286 9269 8438 8824 8816 8515 9172 9476 9205 8865 8772 9310 9050 8951 8856 8874 8856 8808 8915 9226 9168 8484 8568 8894 8669 9595 8967 9464 8384 9054 8895 8541 9493 9713 8616 9046 8582 8653 8179 9308 9559 9112 8558 9309 8838 8947 8895 8432 8573 9236 9316 9414 9158 9373 8521 9503 8838 8482 9002 8975 8853 9114 8975 8775 8461 9072 8808 9113 8903 9722 9275 8824 8697 9043 9145 9132 9589 8335 9098 9101 8749 8872 8150 8926 8201 9032 9191 8763 8328 9078 8999 8918 8780 8360 8987 9401 9364 8897 9002 8776 8841 8872 9267 9164 8779 8792 9390 8871 9044 8776 8520 8903 9080 8592 9144 9208 8639 8622 8894 9214 8557 8667 9811 9043 8789 8845 9193 8628 8752 8787 8361 8857 8198 8841 8570 9239 9098 9285 9101 8925 8608 8725 8779 8930 9398 9434 8367 8712 9049 8835 9647 8863 8712 8955 9170 8843 8641 8792 8619 8344 9212 9555 8987 8514 9005 9184 9229 8873 8175 8024 7809 8852 8838 8673 9332 9005 8871 9508 8436 8900 9004 8782 8998 8986 9079 8845 9102 8834 9195 9031 8963 9160 9013 8336 8536 8957 8659 8807 9053 8163 9062 9088 9213 8779 8565 9431 9697 9255 8827 8789 8740 9030 8852 8888 8630 8863 8969 9095 8859 8593 8897 8387 8842 8799 8421 9288 8797 8785 9094 9126 9235 9147 8772 8843 9028 9602 9013 9024 8877 9284 9788 8809 8180 8694 8804 8887 9279 8615 8289 8499 9090 8877 9291 8674 9309 9016 9084 9272 8947 9049 9367 8621 9100 8932 8615 8644 8544 9394 8695 9299 9602 9106 8885 9014 9342 8671 9373 8596 8954 9186 8800 8989 8536 8686 8701 9518 8771 8686 8753 8671 9155 8559 9161 9196 8784 9664 9263 8824 9120 
7859 7328 8002 8008 8069 7661 7933 8298 7864 7990 7501 8102 7284 7689 8065 7612 7512 7817 8368 7873 7783 7399 7861 7560 7650 7819 8139 7361 7911 8062 7166 7843 7506 7950 7729 7751 8101 7710 7985 8222 7187 7841 7494 7574 8079 7664 8289 7849 7455 7620 8113 8043 7968 8136 7712 7912 8004 7601 7769 7885 7806 7685 7267 8013 7435 7544 8146 7734 7858 8056 7670 7680 7667 7867 8194 8077 7320 7971 7467 7912 7844 8384 7782 8034 8512 7462 7672 7831 8082 7982 8058 7829 7858 7513 8064 7971 7581 8219 7488 7770 8038 8260 8066 7579 7687 7843 7740 8029 8140 8174 7670 7427 7860 7804 8177 7780 7603 7760 7554 7625 7775 7937 7557 7488 7607 7757 8439 7416 7737 7720 7871 7507 7605 8264 8288 7866 7754 7996 8283 7702 7909 8010 8230 7735 8062 7667 7872 7584 7385 7497 7523 8145 8102 8041 7854 7733 8011 7649 7556 7738 7535 7811 7999 8249 7501 7649 7945 7705 7960 7966 8248 7759 7893 7710 8000 7940 8004 8016 7262 7900 8112 8038 7790 7284 7892 7282 7621 7894 7752 7542 7976 8121 7625 7452 7512 7765 7922 7875 7863 7786 7820 7581 7488 8426 8081 7682 7752 8385 7545 7889 7546 7416 8101 7917 7165 7843 7997 7840 7539 7774 8102 7794 7873 7945 7617 7345 7886 7978 7443 7938 7772 7404 7583 7439 7996 7384 8006 8071 8410 8189 7739 7709 7656 7826 7933 8063 7910 7673 7604 7998 7830 8324 7847 7686 7881 8009 7766 8020 7661 7753 7542 7975 8034 7964 7613 7887 7885 8114 7516 7278 7468 7252 7488 7630 7284 8006 8069 7642 7909 7499 7994 8215 7598 7575 8057 7873 7718 7671 7463 7983 7864 7881 7856 7547 7529 7432 7521 7597 7534 8056 7260 7917 7938 8197 7659 7160 8093 8130 7726 7842 7700 7547 7720 7680 7784 7679 7780 8005 7913 7623 7493 7991 7122 7682 7364 7188 7912 7682 7332 7949 7518 8093 7658 7669 7722 7899 8106 7750 8194 8019 7890 8327 7495 7422 7802 7951 7743 8100 7357 7003 7484 7668 7782 8198 7721 7950 7791 7664 8294 7650 7723 8649 7730 7768 7782 7714 7392 7446 7955 7288 7986 8252 8048 7585 7717 7862 7903 7986 7699 7902 8073 7956 7396 7407 7427 7735 8128 7602 7797 7883 7609 7879 7735 7894 8072 7454 8395 8282 7421 7608 
7833 7406 7658 7748 7966 7320 7582 7826 7640 7570 7562 8027 7524 7566 7745 7663 7512 7952 8563 7551 7542 7668 7863 7435 7752 7891 8001 7410 7663 8055 7209 7701 7211 7989 7466 7653 7640 7431 8314 7817 6907 7617 7219 7208 7647 7636 8005 7311 7073 7603 7696 7782 7870 7692 7714 7545 7475 7634 7980 7780 7829 7753 7487 7760 6896 7472 8155 7842 7542 7783 7651 7799 7389 7872 7652 8078 7611 7452 7467 7561 7827 8213 7612 8153 8176 7877 7479 7669 7865 7786 7850 7383 7506 7503 7663 7672 7517 7990 7130 7843 7832 8151 7871 7412 7292 7426 7439 7604 8056 7643 7910 7383 7836 7872 7877 7578 7314 7475 7641 7801 7881 7803 7314 7379 7366 7696 8447 7412 7586 7446 7962 7537 7447 8087 8162 7768 7856 7547 7898 7399 8080 8281 7945 7260 7616 7560 7496 7563 7435 7554 7815 8155 7588 8135 7599 7610 8036 7413 7374 7459 7405 7606 7903 7638 6920 7276 7961 7435 7903 7899 8054 7559 8007 7682 7915 8089 7913 8311 7046 7940 8229 7672 7546 7292 7918 7233 7602 7524 7437 7140 7810 7642 7690 7596 7182 7214 7951 8036 7749 7275 7487 7545 7547 7933 7758 7263 7504 8320 7401 7368 7376 7348 7789 7750 7206 7436 7880 7793 7448 7404 8003 7410 7932 8316 7751 7568 8042 8016 7426 7872 7746 7537 7623 7086 7912 7472 7665 7902 7861 7835 7617 7791 7708 7157 7581 7544 7532 7539 7411 7781 7888 8280 7741 7425 7657 7773 7720 7604 7250 7381 7243 7535 7872 7599 7494 7843 7758 7919 7610 7180 6967 7036 7757 7627 7296 7804 7828 7564 8203 7682 7951 7856 7263 7502 7735 7640 7435 7626 7483 7884 8022 7820 7686 7455 7290 7597 7596 7601 7443 7798 7162 7717 7521 7963 7471 7224 8348 7973 7543 7599 7430 7388 7483 7515 7385 7190 7767 7996 7678 7467 7514 7443 7320 7700 7582 7748 8082 7560 7423 7620 7599 7718 7933 7340 7437 7791 8090 7280 8001 7619 7732 8330 7537 6865 7763 7749 7467 7857 7165 7270 7264 7470 7709 7580 7675 7747 7651 7700 8007 7478 7467 8507 7409 7688 7656 7392 7321 7431 7951 7560 7768 7912 8040 7750 7812 7711 7701 7787 7557 7635 7717 7762 7182 7384 7182 7525 8297 7441 7606 7775 7696 7694 7781 7897 8031 7498 7930 7973 7364 7644 
8329 7828 8409 8176 8366 7982 8179 8211 8011 7962 7927 8173 7929 8192 8301 7891 8184 8178 8614 8069 7999 7903 8091 8240 8214 8594 8391 7717 8415 8126 7709 8285 7952 8491 7685 7862 8218 8209 8299 8173 7407 7808 7844 7999 7852 8123 8376 8166 7857 7998 8536 8496 8035 8562 7708 8320 8459 7843 8358 8305 8158 7684 7507 8523 7746 8423 8330 8192 8016 8359 7943 7813 7622 8156 8346 8509 7551 8343 7695 7956 8276 8474 8351 8429 8399 7941 8112 8221 8429 8278 8168 7896 7911 8371 8047 8010 7975 8376 7921 7954 8386 8779 8532 7743 7844 7949 7739 8165 8409 8455 8029 7906 7945 8390 8080 8066 8076 8378 8130 7893 8317 8279 7855 7888 8057 8226 8742 7898 8333 8125 8251 7786 7806 8773 8774 8215 8511 8210 8416 7898 8565 8646 8052 7784 8330 7566 8252 8308 7473 8119 8618 8277 8670 8352 8171 8114 8228 8015 7733 8165 7786 7889 8697 8185 7624 7704 8372 7874 8099 8136 8746 8238 8159 7737 8124 8484 8467 8934 7916 7964 8451 8040 8015 7734 8331 7648 8278 8139 7591 7634 8078 8250 8060 7819 7781 7977 8454 8418 8292 7806 7936 8120 8066 8667 8575 8087 8187 8938 8160 7739 7929 8012 8094 7995 7831 8059 8193 7983 7812 8154 8708 7604 8212 8389 8282 7891 8342 8270 7943 8341 8158 7923 8086 7979 7889 7662 8426 8355 8436 8350 8010 7719 7856 7745 8197 8141 8423 8172 7867 8067 8116 8804 8029 7805 8459 8256 8141 8442 7996 8357 7744 8078 8875 8537 7870 8214 7998 8160 8118 7907 7657 7636 7923 7786 7836 8458 8103 8096 8684 8403 8460 8529 7942 8008 7976 8082 7907 8273 8333 8298 8561 8461 8389 8587 7701 8436 8276 8164 7829 8357 7616 7938 8263 8415 8083 8127 8731 8549 8271 7857 8052 8388 8048 8166 8059 8109 7811 8332 8493 7897 7974 8017 7955 8295 7708 7814 8036 7852 7885 7989 7724 8661 8246 8257 8008 8439 8756 8128 8620 8177 8092 8485 8205 7530 8418 8213 8163 8279 8084 7499 7767 7900 8139 8205 7865 8483 7894 8006 8489 8389 8235 8520 7845 7990 7875 7774 7729 7925 8128 7806 8365 8408 8726 7977 8464 8179 7745 8333 8020 8108 8110 8164 7613 8167 7473 8178 8515 7884 7863 8268 8268 8199 7959 7956 8679 7705 9162 8513 7693 8320 
7985 7758 8157 8462 8476 7985 7879 8284 8402 7990 8107 8496 7965 7975 8279 8098 8057 8083 8564 8256 8190 8116 8168 7821 8142 7955 8431 7904 8202 8250 7747 8232 7999 8308 8038 8144 8025 8290 8521 8200 7435 7987 7903 7443 8068 8213 8238 8040 7480 8203 8183 8186 8256 8529 8074 8238 8192 8105 8188 8513 8131 7938 7863 8170 7595 8513 8888 8117 8493 8197 8194 7600 8013 8252 8424 8448 7760 7867 7823 8077 8149 8904 7893 8404 8771 8062 8183 8149 8521 8472 8501 8074 7718 8312 8218 7987 7903 8732 7722 8300 8434 8330 8414 7778 7805 8321 7777 8172 8650 8405 8170 7731 8371 8243 8067 8110 8021 8359 8387 7869 8409 8040 8022 7937 7820 8130 8647 8133 8243 7896 8210 7891 8007 8153 8765 7970 8404 8087 8513 8091 8451 8593 8473 7968 8271 7414 8207 8319 8130 8007 8291 8682 8547 8295 8032 8019 8171 7885 7785 7864 7986 8329 8446 8374 7559 8066 8446 7946 8037 8356 8933 8440 8379 7898 8268 8403 8495 8766 7722 8649 8288 8119 8107 7619 8183 7545 8086 8179 7432 7481 7962 8540 8201 7875 7857 8097 8559 8485 8494 7862 8123 7696 8049 8532 8209 8273 8168 8709 8014 8056 8091 7575 7938 8309 7601 8393 8465 8069 7857 7998 8343 7777 8320 8445 8005 7900 7992 8559 8141 8434 8226 7820 7987 7849 8145 7607 8475 8497 8618 8349 8156 8129 7928 7900 8140 7920 8120 8126 7824 7970 8308 8565 8362 7743 8101 8330 8220 8508 8414 7724 7544 8238 8889 8531 7946 8126 8150 8431 7813 7592 7368 7849 8004 7957 7873 8219 8181 7927 8935 8078 8359 8052 7612 7813 8250 7947 8179 7982 7966 8351 8452 8166 8183 8150 7855 7992 8267 7842 8066 8091 7771 7983 8060 8383 7850 8141 8362 8771 8681 8062 7822 7958 8183 7926 8149 7910 7757 8222 8179 8199 8036 8358 7712 8367 7777 7790 8020 7616 7948 8294 8070 8080 7848 8132 8148 8440 8816 8094 8563 8114 8158 8530 7974 7559 8518 7850 8068 8639 7922 7697 7900 7861 7928 8334 7943 8456 8036 8229 8586 7865 8120 8690 7995 8276 8381 7621 7750 7842 8073 8128 8319 8585 8455 7893 8140 8015 7807 8345 8043 7789 8332 8185 7649 7666 7682 8180 8627 8172 7770 8300 8439 8369 7949 8158 8613 8208 8414 8495 8228 8179 
8469 8077 8706 8791 8794 8415 8406 8996 8263 8212 8332 8677 8998 8358 8606 8263 8515 8961 8570 8732 8287 8571 8386 8204 8661 8694 8799 8161 8764 8734 7857 8233 8276 8527 8585 8618 8472 8479 8651 9006 7710 8412 7884 7860 8304 8514 8897 8360 7908 8391 8695 8987 8343 8956 8592 8246 8447 8603 8668 8672 8240 8178 7938 8625 7804 8322 8969 8540 8469 8660 8430 8300 8152 8677 8846 8725 8079 8682 8284 8322 8684 8841 8467 8781 8994 8469 8287 8630 8619 8721 8807 8415 8453 8082 8394 8735 8500 9013 7957 8539 8734 9015 8822 8388 8095 8344 8484 8490 8998 8501 8429 8091 8542 8245 8470 8426 8420 8129 8515 8349 8671 8563 8273 7994 8362 8260 9374 8102 8845 8190 8457 8167 8083 8927 8970 8541 8387 8338 8918 8269 8659 8811 8665 8276 9009 8215 8653 8433 8070 8469 8446 8584 8542 8903 8773 8447 8833 8267 8180 8325 8503 7968 8498 8602 7948 8180 8793 8242 8592 8554 9205 8612 8522 8804 8424 8821 8839 9321 8069 8449 8959 8465 7888 7901 8916 8220 8544 8814 8026 8128 8636 8411 8409 8080 7811 8314 9113 8540 8575 8266 8432 8147 8364 9031 8416 8419 8260 9100 8209 8537 8365 8105 8405 8275 8168 8500 8511 8424 8280 8488 8823 8418 8613 9067 8281 7977 8063 8914 8325 8494 8481 8096 8374 7886 8664 7565 8945 8827 8826 8670 8758 8523 8403 7919 8456 8555 8857 8209 7975 8394 8589 9173 8185 8329 8708 8878 8699 8409 8297 8243 7900 8273 8911 8589 8361 8302 8800 8238 8531 7851 7815 8125 8294 8326 7866 8812 8547 8242 8733 8447 8714 8823 8091 8560 9016 8420 8406 8488 8594 8246 8840 8168 8387 8402 7888 8263 8654 8230 8416 8925 8284 8638 8230 8377 8447 8188 8766 9113 8914 8640 8064 8321 8412 8480 8227 8262 8434 8847 8835 8442 7924 8627 8398 8386 8229 8088 8569 8368 8449 8590 8506 8555 8540 8221 8431 8422 8909 8301 8673 8213 8819 8764 8469 7833 8596 8784 8165 8706 8158 7691 8206 8190 8352 8608 8200 8506 8573 8508 8938 8510 8756 9242 8235 8473 8403 8327 8069 8099 9045 8239 9171 8874 8989 8388 8640 8402 8407 8583 8376 8528 8695 8544 8073 8130 7849 8342 9078 8490 8812 8627 8586 8644 8297 8579 8651 8116 8850 8766 8240 8641 
8367 7872 8339 8302 8616 7691 8235 8341 7927 7971 7940 8520 8047 8036 8115 8315 8211 7884 8746 8314 8387 8199 8288 7813 8078 8084 8243 8042 8035 8437 7370 8186 8138 8014 7999 8247 8087 8061 8247 8403 7435 8021 7678 7937 8108 8013 8526 8177 7823 8264 8290 8385 7668 8567 7905 8255 8265 8295 7921 8279 8017 7846 8076 8220 7646 8202 8639 8422 8422 8218 8084 8305 7814 8089 8245 8658 7712 8213 7655 8312 8141 8747 8112 8573 8850 8258 7992 8185 8458 8242 8313 8208 8173 8386 8089 8356 8001 8667 7932 8220 8369 8606 8539 7755 7556 8292 7794 8334 8712 8638 8009 7913 8170 7946 8220 7744 7940 7665 8149 8268 8458 8561 7894 7770 7775 7879 8832 7766 8155 8136 8344 7875 7924 8576 8684 8426 8176 7856 8423 8078 8522 8693 8294 7750 8093 7800 8108 8019 8026 7858 8210 8699 8095 8387 8133 8294 8456 7915 7455 7903 8086 7947 8299 8238 7787 7701 8347 7985 8278 8330 8763 8156 8252 7886 7890 8487 8403 8723 7780 8379 8421 8383 8043 7663 8277 7486 7938 8163 7902 7874 8316 8309 8217 7894 7554 7641 8512 8336 8143 8202 8163 7852 8027 8483 8217 7769 8150 8624 7669 8290 7832 7766 8350 7891 7459 8259 8021 8386 7950 8061 8679 8035 8222 8638 8274 7982 8100 8384 7982 8292 7929 7710 8116 8106 8444 7808 8328 8521 8501 8161 8041 8034 8002 7831 8289 8172 8813 7987 7903 8212 8304 8645 8192 7751 8357 8302 8187 8186 8325 8183 7767 8277 8729 8093 7961 8107 7953 8371 7628 7649 7512 7327 7887 8181 8108 8391 8073 7634 8698 8024 8537 8421 7661 7768 8268 8217 7787 8058 7977 8206 8415 7908 8413 8020 7746 8114 8209 8119 7852 8290 7709 7859 8057 8421 7802 7702 8418 8872 8679 8186 7524 7968 8291 8102 8012 7665 7705 8443 8499 7874 8056 7983 7825 8208 7907 7932 8449 7917 7579 7936 7923 8315 8240 7974 8203 8298 8603 7995 8682 8408 8439 8691 8037 7517 8160 8309 8082 8543 7925 7239 7905 8006 7909 8079 7855 8028 8131 8088 8391 8220 8420 8768 8008 7783 8273 7902 7732 7857 7928 7806 8538 8641 8438 7934 8038 7724 7737 8182 8313 8147 8217 8255 7798 7702 7374 8113 8839 7653 7906 8138 7991 8287 7952 8128 8594 7764 8865 8466 7814 7997 
8491 8050 8410 8440 8637 8156 8328 8519 8489 8229 8195 8797 8641 8011 8255 8429 8410 8433 8506 8218 8085 8324 8544 8117 8412 8693 8594 8189 8074 8818 7756 8324 8076 8703 8341 8290 8442 8638 8487 8553 7448 8084 7871 7947 8136 8370 8961 8490 8071 8041 8611 8827 8422 8735 8226 8459 8495 8489 8485 8510 8150 8145 8350 8598 7586 8667 8948 8456 8121 8674 8112 8000 8029 8533 8893 8904 7831 8334 8032 8470 8208 8666 8478 8813 8897 8209 8422 8406 8412 8737 8571 8092 8230 8352 8156 8268 8444 8482 7961 8502 8572 8712 8434 8154 8059 8210 8192 8572 8646 8458 8456 8157 8440 8361 8111 8209 8217 8302 8503 8037 8332 8463 8045 8228 8322 8201 9250 8276 8370 8539 8409 7895 7994 8925 8945 8633 8420 8278 8606 7966 8515 8712 8468 8011 8731 7933 8432 8330 7782 8070 8158 8615 8663 8854 8214 8383 8491 8019 7910 8031 8066 8158 8576 8575 7763 8052 8464 8217 8363 8541 9084 8198 8735 8237 8547 8542 8839 8865 7841 8567 8785 8480 8021 7831 8452 7368 8532 8419 8275 7784 8504 8476 7987 8109 8026 8030 8818 8766 8565 8185 8409 7956 8248 8746 8528 8366 7934 8875 8202 8211 7946 7900 8260 8281 7671 8415 8163 8322 8134 8415 8767 8155 8297 8730 8369 7886 8479 8776 8096 8300 8063 8143 8203 8139 8424 7977 8899 8356 8644 8604 8375 8161 8234 8186 8216 8610 8984 8039 7674 8189 8226 8941 8415 8241 8749 8605 8302 8550 8349 8343 7718 8232 8831 8485 8316 8484 8545 8301 8072 7746 7834 7909 8368 8184 7800 8628 8189 8283 8868 8039 8380 8399 7917 8234 8519 8478 8273 8099 8180 8394 8633 8314 8589 8504 7883 8181 8357 8214 8199 8548 7549 8105 8437 8602 8314 7881 8924 8687 8742 8425 8067 8285 8062 7934 8057 8091 8173 8741 8822 8062 7964 8253 8014 8520 7909 8216 8439 8089 7775 8153 8047 8511 8557 8222 8476 8492 8795 8206 8851 8351 8506 9169 8267 7668 8674 8432 8424 8727 8153 7730 8205 8147 8089 8278 8284 8395 8240 8091 8631 8273 8551 8976 8079 8250 8277 8142 8049 7802 8362 8301 8535 8709 8361 8111 8485 8353 8069 8422 8361 8058 8373 8027 7954 7929 7851 8294 8730 7985 8171 8469 8521 8388 8340 8293 8805 8008 8640 8823 8123 8350 
8104 7852 8235 8380 8502 7793 8397 8524 8082 7928 7992 8448 8075 8045 8436 8219 8065 8288 8830 7943 8115 8060 8213 7878 8268 8316 8452 7813 8218 8446 7638 8181 7942 8378 8179 8145 7945 8299 8465 8430 7585 8073 7941 7762 8401 7818 8339 8148 7612 8113 8819 8474 8021 8652 8362 8028 7974 8250 8490 8534 8372 7599 7954 8353 7459 8063 8614 8403 8065 8324 8460 8062 7786 7964 8148 8382 7908 8173 7973 8396 8079 8852 7916 8215 8686 8227 7968 8455 8429 8363 8250 8098 7767 8178 8039 8244 7995 8626 8208 8025 8153 8348 8199 7877 7730 7858 8079 8337 8614 8297 7867 7999 8264 8071 8152 8237 7985 7920 8331 7672 8300 8034 7692 7885 7936 8373 8893 7945 8349 8020 8388 8296 7645 8284 8919 7922 8217 8174 8335 7703 8591 8395 8019 7938 8479 7575 8303 8491 7837 7930 8351 8384 8666 8359 8315 7979 8469 7973 7620 8089 7861 7978 8234 8481 7830 7803 8318 8339 8332 8470 8711 8478 8501 7807 8265 8216 8636 8826 7650 7933 8537 8279 8080 7698 8103 7619 8305 8141 7806 7564 8197 8261 8099 8030 7504 7766 8596 8529 8323 8358 8005 8009 8299 8607 8248 7955 8054 8619 8197 8230 8393 8124 8422 8015 8144 7829 8268 8084 7991 8056 8515 7905 8274 8564 8345 7913 8272 8384 8113 8230 8425 7855 8078 7874 8360 7791 8311 8423 8844 8608 8198 8266 8080 7946 7974 8213 8394 8126 8079 8549 8240 8597 8225 7910 8314 8461 8141 8256 8244 8276 7737 8423 8644 8361 7694 8179 8366 8284 8124 7510 7795 7535 8239 8014 7683 8758 7972 7723 8634 8045 8452 8770 7779 7823 8465 8039 8163 7998 7980 8360 8451 7999 8369 8170 7407 7824 8042 7905 8093 8298 7675 8279 7720 8233 8154 7717 8488 8409 8356 7985 8044 8139 7864 8044 7931 7867 7951 8336 8243 8328 7891 8188 7827 8243 7671 7807 8207 7890 8036 8618 7963 8404 8428 8141 7858 8346 8881 8356 8789 8098 8176 8628 8092 7428 8363 8489 7947 8489 7474 7401 7670 8044 7876 8534 8026 8191 8034 8342 8508 7831 8076 8817 7927 8207 8215 7892 7901 7441 8410 7825 8464 8704 8357 8116 8170 8227 8063 8249 8127 8426 8292 8334 8008 8199 7928 7714 8310 8201 8290 8172 8128 8314 7908 8389 8769 7912 8841 8666 8112 8168 
7890 7708 8474 8553 8440 8008 7879 8535 8174 7866 7996 8411 8118 8066 7848 7995 8138 8628 8331 8121 7981 8015 8040 8063 8131 8089 8320 7436 8360 8577 7338 8215 7973 8081 8056 8027 8279 8373 8578 8303 7347 7713 7657 7859 7723 8118 8551 8125 7636 7762 8449 8280 8128 8551 7909 8522 8105 7913 8440 8655 8144 7781 7611 8227 7694 8143 8634 7786 8129 8659 8060 7756 7678 7981 8464 8283 7751 8081 7421 8054 8612 8396 7932 8296 8608 8093 8214 7797 8517 8334 8331 7900 7831 8139 7971 8174 7985 8122 7537 8271 8208 8394 8388 8075 8016 8106 7987 8088 8430 8311 8153 7903 8011 8529 8226 8377 7950 7998 8038 7841 8262 8084 8072 7521 8063 8147 8799 8113 8155 7799 8435 7944 7823 8397 8823 8139 8406 7974 8655 7724 8400 8425 8014 7952 8408 7687 8122 8345 8088 8168 7926 8213 8488 8249 8248 8222 8308 7432 7591 8001 7687 8322 8026 8571 7439 7576 8440 7658 8136 8451 8806 8362 8378 7704 8194 8181 8511 8628 7162 8060 8301 8165 7806 7731 8317 7577 8075 8133 7578 7696 8317 8423 7978 7937 7948 7907 8395 8213 8252 8013 8388 7623 8061 8559 7975 7751 7899 8621 7919 7874 7951 7630 7864 8264 7849 8228 8502 7954 7813 7879 8436 7987 7948 8583 8385 7780 7821 8438 8039 8266 8108 7644 8108 7874 8238 7808 8471 8325 8370 8656 8264 8206 7954 7636 8274 8115 8267 7937 7985 8255 7889 8888 8162 7560 8216 8125 8151 8062 7948 7542 7853 8157 8866 8427 7792 7903 8273 8366 7926 7569 7692 7403 8130 7902 7831 8353 8353 8196 8674 7930 8158 8495 7759 7947 8303 8108 7988 8138 8065 8308 8197 8064 8354 8105 7614 8234 8099 7865 7825 8491 7710 7925 7949 8203 7846 8040 8521 8720 8291 8092 7909 8004 8005 7933 7844 7602 7944 8345 8087 8040 7767 7962 8168 8145 8285 7966 8242 7605 7917 8271 8007 8076 8182 8230 8091 8262 8720 7992 8525 8123 8204 8491 7978 7511 8358 8038 8178 8042 7698 7652 7831 7989 7909 8389 7792 8600 8126 7811 8544 8416 8251 8257 7769 8126 8265 8018 7859 7605 7936 8041 8633 8470 8206 7873 8043 8029 7961 7872 7695 7982 8408 7738 7866 7703 7266 7834 8559 7927 8381 8083 8294 8601 7823 8031 8706 8011 8498 8349 7743 8171 
8142 7663 8147 8612 8157 7848 7606 8252 8114 7920 7827 8026 8050 8137 8169 8051 7923 8047 8336 7907 7903 8020 7980 8100 7916 8316 8390 7891 8212 8257 7500 7925 7523 8392 7929 8214 8019 8352 8581 8329 7404 7659 8042 7482 8177 7925 8424 8024 7436 7707 8254 8509 7778 8460 7789 7967 8507 7535 8180 8192 7856 7739 7674 8349 7682 7915 8603 8525 8153 8337 7929 7906 7836 8327 8198 8063 7076 8288 7621 7812 8143 8580 7751 8186 8783 8048 7954 8292 8248 8153 8064 7619 7834 8232 8135 8294 7751 7866 7667 8175 8388 8415 8341 8005 7833 7826 7832 8049 8420 8222 7698 8046 8178 8108 8093 8109 7633 8317 8175 7907 8060 8162 7967 7443 7884 7836 8681 7889 7850 7921 8350 7285 7861 8453 8410 8166 8455 8051 8182 7734 8460 8466 8186 7701 8464 7432 8390 8187 7795 7848 7944 8353 8135 8426 8347 7863 8057 7883 7501 8182 7566 8377 8253 8355 7507 7603 8059 7713 8049 8079 8665 7852 8104 8090 7933 8401 8490 8502 7624 8180 8036 7792 7582 7466 8286 8011 8032 7920 7724 7871 7936 8277 7798 7730 7630 7987 8550 8595 8032 7729 8025 7509 7912 8512 8216 8060 7662 8712 8003 7985 7475 7497 7942 7910 7520 8116 8168 7896 7567 7669 8425 7756 8244 8752 8016 7369 7921 8306 7704 8388 7841 7975 7689 7845 8114 7578 8138 8072 8206 8018 8006 7937 7811 7482 8155 8101 8172 7715 7770 7841 8188 8958 8129 7951 8298 8396 8174 8018 7765 8194 7497 8333 8769 8151 7762 8149 7995 8231 7657 7368 7377 7565 8041 7903 7760 8310 7854 7708 8675 7956 8022 8044 7757 7818 8032 8187 7814 8011 8100 7830 8086 8179 8120 7921 7462 7741 8054 8121 7762 8544 7711 7901 7833 7975 8193 7478 8348 8535 8321 7799 7815 8065 7819 7661 8016 7626 7615 8259 8218 8163 7901 7761 7413 8206 7940 7852 8216 7596 7571 7872 7695 8212 8406 7982 8009 8385 8553 7839 8421 7998 8130 8572 7608 7491 8236 8132 8242 8264 7586 7167 8087 7880 8038 8446 7831 8077 7981 7828 8033 7973 7927 8608 7817 8446 7995 7803 7293 7853 8120 7488 8293 8011 8377 8120 8456 8185 7959 8137 7792 7865 8017 8270 7813 7509 7809 7761 8444 7660 7632 7699 7914 8152 7720 7981 8393 7433 8551 8823 7432 8221 
8395 8030 8662 8713 8802 7892 8419 8562 8460 8389 8420 8812 8501 8721 8436 8637 8390 8264 9186 8770 8613 8556 8747 8042 8559 8606 8528 7991 8351 8857 7688 8151 8379 8620 8721 7973 8258 8339 8619 8753 7499 8221 8130 8108 8408 8173 8822 8444 8016 8658 8477 8455 8312 8832 8344 8438 8518 8670 8538 9060 8592 8049 7835 8733 7739 8524 8928 8335 8359 8555 8404 8210 8190 8350 8412 8694 7771 8512 7913 8734 8468 9037 8630 8610 9092 8627 8115 8610 8853 8642 8886 8398 8258 8244 8366 8670 8688 8905 8239 8594 8848 8635 8730 8195 8381 8428 8055 8769 8788 8699 8478 8394 8508 8593 8360 8338 8489 8348 8533 8328 8591 8850 8271 8087 8190 8125 9109 8344 8438 8212 8524 8287 7847 8813 9185 8472 8540 8258 8862 7965 8735 9267 8532 8241 8369 8161 8209 8477 8129 8253 8766 8536 8620 9008 8599 8273 8914 8223 8145 8516 8204 8228 8703 8611 7723 7933 8928 8613 8624 8507 9257 8520 8814 8255 8569 8645 8783 9111 7906 8661 8610 8565 8379 7888 8321 7729 8383 8637 8272 7795 8544 8382 8403 8365 7866 8246 8710 8274 8283 8146 8381 8166 8303 8872 8619 8245 8324 8814 8119 8395 8085 7879 8220 8636 7888 8540 8829 8693 8379 8203 8891 8208 8475 9027 8442 8167 8561 8812 8398 8325 8233 7777 8084 7801 8093 7799 8646 8520 8547 8755 8451 8469 8101 8103 8028 8395 8660 8323 8360 8277 8475 9191 8545 8012 8542 8596 8270 8632 8137 8382 7917 8624 9123 8724 7860 8385 8439 8628 8111 7905 7682 7252 8479 8331 8041 8873 8871 8313 8753 8342 8429 8525 7841 7991 8714 8174 8481 8268 8306 8652 8712 8311 8875 8407 8120 8567 8316 8324 8223 8647 7978 8142 8368 8566 8112 7850 8771 8795 8872 8243 8079 8249 8157 8344 7971 8097 8567 8808 8315 8606 7783 8451 8201 8465 8294 8256 8855 8297 8142 8167 7895 8773 8468 8343 8307 8734 8920 8557 8952 8405 8937 9093 8182 7765 8401 8634 8710 8937 8051 8083 8105 8242 8572 8237 7909 8767 8739 8270 8865 8690 8486 8860 8176 8284 8682 8153 8102 8091 8847 8257 8826 8914 8637 8180 8361 8325 8172 8549 8370 8727 8609 8358 8211 7755 7715 8101 8882 8089 8339 8391 8291 8448 8401 8467 9075 8294 8971 8639 8497 8837 
7888 7700 8212 8364 8422 7795 8137 8117 7898 7996 8009 8427 7969 8173 8070 8206 8073 8006 8467 8163 7886 8310 7714 7636 8058 8235 8347 7855 8146 8073 7577 8155 7922 8004 8069 8226 7807 8313 8249 8008 7422 7778 7895 7482 7894 8162 8502 7896 7408 7892 7983 8349 7937 8563 7605 7792 8221 7825 8279 8083 8029 8066 7449 8387 7351 8268 8596 7992 8195 8278 8136 8003 7604 7945 8162 8381 7635 7950 7698 8329 8234 8730 8128 8470 8682 7882 8148 7916 8208 8106 8498 7801 8097 8004 8199 8055 7996 8350 7890 7582 8298 8617 8289 7678 7471 7725 7954 8157 8411 8322 7746 8134 8245 8299 7778 8003 7951 7986 7903 8029 8098 8070 7720 7724 7910 8260 8587 7751 8234 7767 8205 7743 7948 8254 8645 8267 8130 8045 8699 7921 8324 8215 8374 7942 8259 7551 7851 8095 7727 7972 8345 8403 8471 8446 7888 8273 8424 7905 7345 8142 7963 7817 7918 8377 7372 7789 8229 7959 8114 7952 8496 7952 8243 7592 8142 7988 8180 8496 8098 8351 8159 8257 8067 7458 7861 7633 8213 8169 8020 7750 8034 8328 7971 7977 7584 8124 8395 8321 8016 7891 8163 8101 7841 8407 8466 7879 7803 8883 7953 8201 8132 7889 8119 8172 7597 7862 8082 7907 7520 7981 7909 7958 8118 8608 8307 7810 7949 8126 8142 8014 7921 7506 7946 7738 7965 7921 8298 8239 8411 8439 8199 7717 7967 7722 8158 8338 8398 7523 7964 8016 7937 8594 7913 7677 8406 8118 8163 7970 8036 7987 7443 7994 8741 8211 7695 8073 8422 8312 7613 7631 7357 7487 7760 7987 7748 7970 7982 7845 8647 7693 8328 7992 7568 7587 7894 7737 7896 8032 7907 7821 8443 7674 8090 8389 7552 8060 8168 7677 7687 8513 7945 7986 8055 8346 7612 7847 8313 8565 8358 8311 8223 8053 7765 8114 8059 7717 7551 8175 8078 8025 7733 7979 7443 8041 8104 7871 7914 7864 7950 8358 7683 8129 7842 7997 8117 8256 8693 7967 8576 8224 8023 8904 7966 7424 8179 7890 8042 8511 7645 7449 7808 7875 7914 8225 7649 8485 8054 8049 8338 8035 8275 8566 7984 8029 8188 7618 7811 7496 8235 7799 8193 8457 8428 8112 7762 8107 7861 8274 8049 8372 8197 8072 7773 7700 7467 7957 8446 8283 7802 7853 8074 8235 7963 8080 8517 8047 8363 8664 8172 7918 
7942 7653 8434 8495 8315 7822 8162 8573 8089 7973 7812 8813 8135 8346 8155 8035 8022 8075 8628 8177 8067 8133 7963 7867 8088 8319 8471 8070 8205 8181 7676 8031 7881 8367 8256 8157 8064 8291 8389 8517 7532 7865 7883 7765 8184 7794 8647 7955 7708 8126 8394 8710 7893 8693 7782 7829 8324 8111 8335 8279 7991 7730 7431 8361 7467 7919 8396 8268 8221 8268 8242 8032 7722 8532 8417 8460 7744 8168 8143 8218 8090 8584 7835 8620 8442 8026 8257 8398 8524 8186 8498 8041 8011 8168 8409 8287 8196 8582 7997 8358 8128 8390 8273 7860 7679 7883 7746 8259 8513 8230 7907 7965 8055 8439 8086 7902 8136 7863 8020 7511 8209 8402 7938 7919 7951 8018 8893 8059 8445 8134 8556 7883 7878 8375 8784 8195 7975 8232 8774 7680 8222 8462 8306 7931 8193 7825 8046 8218 7898 7877 8131 8051 8476 8710 8211 8012 8352 8015 7877 8391 7955 8186 8054 8501 7798 7799 8374 8156 8048 8262 8757 8256 8128 7842 8284 7950 8501 8852 7808 8026 8343 8180 7815 7523 8226 7750 8170 8189 7727 7688 8417 8222 8102 8051 7731 7962 8490 8452 8022 8075 8198 7570 8213 8513 8230 7914 7838 8631 8096 8088 7892 7684 8073 8289 7639 8298 8133 8379 7827 8113 8703 7876 8260 8793 8344 7827 8116 8426 7967 8236 8328 7664 8247 7779 8201 7984 8403 8332 8738 8286 8282 8032 7701 7864 8398 8203 8359 8053 7631 8213 8359 8652 8124 8063 7894 8295 7909 8140 7941 8078 7608 8334 8613 8245 7960 8145 8316 8084 7702 7555 7397 7596 8013 7922 7347 8216 8084 8027 8839 8099 8246 8263 7812 7794 8338 8007 8090 8233 7833 8233 8529 8161 8172 8298 7492 8177 8221 8103 8010 8113 7675 8207 8154 8403 7728 7923 8453 8676 8301 8083 7777 8214 7700 8002 7889 7951 7925 7932 8239 8252 7674 8203 7651 8503 8264 8137 8054 7808 7824 8085 7940 8542 8187 7851 8176 8409 8441 7745 8725 8035 8170 8654 7858 7331 8018 7871 7955 8455 8232 7699 8137 8058 8170 8189 7919 8378 8403 8038 8611 7959 8154 8877 8117 7885 8621 7853 7668 7866 8477 7883 8730 8451 8339 8150 8380 8084 7995 8356 7618 8211 7980 8029 7812 8087 7773 7523 8306 7988 8031 8224 8199 7801 8029 7980 8803 7996 8714 8482 8107 7850 
8549 7753 8400 8675 8628 8245 8242 8408 8468 8331 8233 8764 8497 8136 8383 8319 8149 8314 8798 8277 8074 8583 8539 8190 8512 8645 8664 8228 8287 8712 7826 8230 8457 8580 8087 8445 8278 8441 8479 8285 7559 8090 8114 8163 8132 8450 8754 8337 7823 8125 8874 8825 8148 8923 8362 8166 8316 8233 8441 8932 8542 8010 7808 8565 7645 8428 8664 8282 8390 8770 8443 8527 8183 8309 8684 8534 7576 8229 8055 8264 8254 9009 8421 8349 8958 8304 8348 8268 8601 8695 8592 8503 8049 8350 8279 8225 8254 8678 8078 8620 8509 8715 8536 8227 8178 8526 8179 8280 8918 8592 8383 8130 8511 8507 8321 8108 8389 8297 8761 8401 8952 8558 8582 8078 7856 8161 8980 8417 8454 7979 8220 8108 8253 8614 8845 8605 8566 8080 8777 8307 8826 8690 8452 8048 8293 7975 8459 8573 7862 8325 8502 8469 8555 8987 8329 8349 8640 8275 8119 8146 8313 8234 8811 8420 7849 8004 8782 8129 8495 8442 8998 8373 8638 8180 8493 8719 8568 9193 7873 8465 8358 8193 8407 7661 8541 7815 8256 8558 8210 8093 8340 8502 8521 8225 7829 8146 9024 8596 8464 8282 8059 8045 8037 8781 8681 8338 7936 9035 8246 8177 7878 8127 8398 8387 8023 8355 8790 8180 8095 8263 8815 7995 8545 8760 7890 8026 8655 8837 8101 8320 8381 8404 8167 8053 8505 7575 8496 8609 8721 8453 7990 8755 8436 8116 8320 8422 8459 8309 8064 8436 8669 8668 8519 8174 8241 8518 8396 8459 8343 8355 8086 8586 9000 8656 7877 8287 8432 8473 8092 8108 7907 7531 8015 8296 7875 8482 8410 7830 8986 8649 8504 8414 8320 8350 8848 8460 8402 8262 8744 8678 8553 8540 8240 8534 8165 8152 8367 8108 8208 8301 8075 8225 8031 8472 8392 8038 8581 8804 8765 7925 8117 8520 8223 8023 8213 8165 8194 8683 8172 7920 8382 8393 8292 8521 8088 8131 8443 8159 8193 8510 8287 9028 8318 8063 8457 8759 8699 8025 8932 8407 8596 8954 8330 7425 8371 8441 8150 8873 7974 7948 8185 8111 8350 8569 7793 8986 8164 8427 8700 8181 8259 8977 8035 8251 8382 8138 7758 7835 8328 8143 8457 8806 8833 8314 8286 8519 8017 8456 8551 8085 8596 8388 7748 8193 8143 8339 8921 8119 8324 8245 8167 8838 8054 8633 8910 8008 8819 8729 8112 8457 
8443 8083 8134 8672 8668 7960 8178 8595 7930 7989 8115 8449 8494 8168 8551 8228 8017 8601 8675 8462 8348 8194 8424 7946 8707 8415 8435 8010 8383 8545 7678 8209 8209 8563 8358 8674 8094 8419 8384 8583 7737 7959 7771 7880 8383 8259 8450 8115 7686 7685 8388 8431 8069 8761 8160 8301 8218 8447 8435 8435 8309 8176 8006 8499 7695 8469 8599 8170 8132 8486 8282 8404 7847 8362 8557 8650 7515 8236 7639 8122 8480 9076 8415 8749 8823 7984 8233 8235 8497 8566 8648 8272 8001 8390 8518 8417 8163 8677 8072 8362 8465 8858 8730 8137 7613 8342 7923 8468 8685 8364 8058 8023 8614 8126 8205 8041 8306 8157 8602 8167 8473 8294 8244 8286 8192 8100 8913 8151 8030 8070 8100 8068 8012 8328 9036 8469 8452 7978 8352 7841 8513 9029 8612 8012 8511 7949 8232 8283 7824 7991 8449 8285 8361 8614 8271 8055 8613 8332 8021 8153 8070 7993 8233 8509 7488 7833 8532 8016 8519 8632 8890 8298 8070 8249 8077 8538 8803 9248 7881 8331 8461 8208 8073 7955 8515 7743 8431 8421 8051 7872 8486 8467 8392 7991 7678 8074 8503 8231 8208 7930 7969 8008 7873 8571 8340 8034 8345 8864 8121 8334 7999 8169 8109 8243 7942 8114 8442 8281 8072 8398 8857 8432 8079 8814 8399 8132 8318 8385 8409 8361 8231 8077 8335 7827 8168 7590 8673 8546 8572 8491 8344 8307 8013 8107 8208 8409 8817 7822 7894 8300 8252 8526 8345 7992 8561 8636 8138 8558 8049 8210 7846 8452 8922 8478 7806 7747 8587 8505 7822 7813 7317 7231 8235 8344 8006 8345 8478 7881 8970 8307 8224 8440 7833 8238 8827 8441 8113 8340 8309 8252 8635 8234 8538 8379 8186 8463 8508 8457 8190 8302 7632 8142 8111 8678 8466 7981 8587 8737 8539 8096 7901 8090 8177 8163 8080 7802 7900 8514 8643 8288 7822 8396 8235 8317 8051 7892 8558 7963 8019 8459 8022 8410 8331 8131 8328 8630 8692 8211 8506 8295 8416 9122 8144 7670 8429 8407 7908 8824 7886 7533 8025 8054 8236 8444 7897 8360 8229 8408 8620 8168 8386 8749 7997 8224 8303 8162 7890 8266 8452 7908 8578 8460 8579 8057 8205 8250 8129 8385 8382 8085 8355 8185 7619 7821 7793 8261 8918 8309 8137 7996 8179 8433 8191 8408 8726 7812 8753 8440 8077 8275 
8327 7684 8389 8392 8146 7985 7967 8400 8077 7922 7704 8587 7959 8174 8156 8350 7629 8298 8687 8120 8131 8192 8341 8169 8045 8272 8658 7554 8016 8238 7797 8001 7664 8415 8135 8105 7952 8009 8221 8131 7271 7935 7952 7682 7822 8011 8214 8034 7793 8096 9043 8317 8164 8615 7801 8037 8286 7840 8467 8149 8294 7844 7832 8248 7724 8470 8691 8006 7873 8362 8343 7777 7346 8198 8283 8308 7369 8106 7669 8167 8383 8361 8047 8085 8690 7968 8110 8456 8307 8415 8216 7897 7721 8039 7897 8058 8176 8488 8133 7844 8308 8264 8331 7762 7521 8116 7644 8271 8553 8443 7980 7883 8741 8067 8028 8013 8068 7992 8189 8040 8301 8065 7636 7675 8198 7885 8544 8212 8284 7751 8255 7986 7833 8524 8671 7859 7951 8076 8144 7827 8724 8670 8238 7804 8480 7629 7825 8007 7453 8117 8207 8344 8274 8314 8056 8097 8187 7772 7473 7930 7867 8113 8338 8316 7734 7614 8382 7680 8339 8266 8296 8264 8230 8243 8018 8323 8573 8696 7289 8288 8571 8509 7738 7523 7934 7586 7977 8301 7897 7516 8098 8201 8022 7780 7653 7837 8509 8330 8230 8356 8115 7943 8045 8289 8523 7959 7939 8462 7928 7974 7954 7926 8181 8342 7539 8067 8128 7973 7905 8026 8285 7823 8208 8378 7995 7852 8265 8278 7593 8418 8166 7757 7815 7350 8301 7710 8508 8471 8244 7859 8060 7964 8168 7555 8311 8197 8189 8016 8179 7909 8001 8832 7970 7706 8173 7968 8355 8138 7967 8162 7426 8336 8778 8152 7708 8125 8623 8115 7814 7463 7669 7365 8019 8074 7680 8226 7877 8090 8787 7943 8023 8160 7415 8225 8423 8034 7981 8266 7888 8166 8032 8163 8217 8241 7577 7896 8208 7815 8089 8257 7587 8191 8200 8256 8179 7583 8629 8406 8424 8176 7919 8295 8062 7940 7724 7727 7832 8248 7831 7987 7516 8281 7680 8076 7920 7800 8329 7882 7832 8561 7886 8526 8143 8045 8226 8217 8672 8137 8646 8136 8117 8386 8185 7332 8430 8420 7948 8379 7890 7291 7830 8003 8139 8362 7968 8377 8268 7749 8396 7946 8187 8883 8010 8225 8001 7509 7684 7814 8375 7815 8170 8556 8169 8266 8017 8157 8012 8280 8186 8211 8094 8372 7848 8047 7614 7966 8576 7898 7828 7914 7759 8078 7976 7587 8568 7695 8754 8275 7691 8101 
7582 7255 7737 7647 7718 7556 7575 7677 7852 7495 7278 7991 7597 7462 7926 7777 7331 7455 8206 7423 7948 7623 7352 7162 7593 7706 8004 7068 7425 7871 7118 7614 7629 7605 7559 7297 7686 7626 7738 8118 7259 7666 6853 7413 7665 7531 7921 7600 7147 7634 8038 8177 7573 7933 7214 7198 7529 7367 7650 7556 7415 7508 7470 7840 7110 7550 8056 7727 7437 7689 7493 7029 7510 7476 7779 7806 7136 7427 7250 7538 7773 8123 7415 7800 8101 7341 7801 7707 8078 7586 7943 7585 7519 7301 7574 7402 7743 7866 7133 7630 7714 8101 7245 7273 7606 7650 7116 7517 8101 7969 7607 7348 7862 7749 7564 7244 7697 7640 7652 7504 7709 7432 7332 7245 7493 7425 8015 7708 7603 7413 7650 7765 7333 7863 8089 7412 7729 7432 8160 7150 8340 8090 7817 7462 7935 7444 7651 7663 7237 7599 7582 7983 7766 7889 7522 7443 8274 7210 7357 7671 7362 7668 7642 7637 7151 7297 7705 7290 7652 7856 8366 7716 7712 7288 7652 7804 7646 7937 7157 7691 7993 7497 7728 7375 7857 7057 7531 7931 7497 6909 7608 7812 7481 7247 7060 7525 7885 7756 7801 7566 7632 7356 7327 8012 7739 7446 7484 7988 7547 7216 7467 7554 7212 7827 6934 7805 7646 7673 7234 7817 7623 7516 7658 8411 7593 7146 8151 8006 7344 7581 7745 7065 7578 7360 7679 7049 7871 7767 7821 7763 7338 7307 7206 7329 7528 7883 7801 7361 7438 7789 7570 8193 7522 7209 7910 7871 7470 7361 7397 7489 7191 7829 8181 7408 7566 7431 7503 7723 7596 7204 6864 7134 7395 7628 7029 7938 7699 7168 8037 7360 7508 7684 7267 7329 7938 7459 7733 7561 7244 7434 8472 7796 7736 7510 7451 7637 7709 7327 7337 7640 7073 7500 7468 7767 7413 7295 7698 8314 7927 7467 7143 7370 7430 7570 7403 7246 7299 7474 7538 7402 7441 7673 7142 7593 7429 7536 7504 7449 7168 7444 7897 8019 7337 7513 7967 7772 7945 7459 7962 7880 7999 8193 7843 6966 7839 7698 7812 8058 7324 6829 7516 7323 7601 7708 7051 7790 7495 7600 7970 7611 7429 8081 7650 7504 7931 7348 7579 7511 7519 7336 7728 8211 7890 7555 7396 7637 7481 7558 7494 7344 7675 7578 7526 7351 7429 7583 8132 7613 7218 7550 7640 7538 7798 7412 7841 7492 8214 8005 7523 7718 
7848 7614 8090 8344 7979 7633 7890 8057 7704 7665 7937 8405 7922 7919 8147 7580 7765 8073 8336 8015 7713 7823 7942 7644 7780 8275 8114 7777 7759 8349 7433 7927 7595 8082 7984 7720 7844 7871 8264 8090 7473 7713 7494 7560 7832 7670 8259 8043 7521 7940 8733 8325 8139 8499 7908 7716 8363 7576 8125 8223 7760 7980 7434 8157 7284 8152 8426 7842 8018 8126 7764 8042 7646 8177 8173 8383 7201 7995 7504 7793 7922 8098 7770 8170 8525 7968 8052 7850 7987 8113 8152 7931 7778 7693 7619 7953 7763 8341 7948 8196 8130 8235 8213 7821 7551 8096 7979 7836 8319 8351 7803 7670 8087 7768 7834 7682 7600 7641 7818 7896 8041 8107 7931 7557 7794 7628 8574 7852 8016 7900 7936 7483 7822 8363 8345 8199 8291 7975 8630 7582 7945 8325 8208 7809 8226 7647 8118 7934 7515 7841 8082 8038 8059 8349 7893 7910 7908 7543 7450 8020 7856 7484 8116 8032 7360 7755 8180 7758 7722 8128 8534 7936 8032 7964 7852 8134 8400 8323 7546 7913 8198 8233 7863 7286 8091 7084 8042 8047 7542 7471 7875 8010 8065 7677 7524 7722 8230 8159 8058 7982 7732 7608 7961 8472 8231 7840 7931 8519 7822 7832 7780 7681 7984 8198 7501 7906 8054 8029 7504 7932 8148 7605 7684 8534 7978 7695 7915 8165 7905 7992 7876 7771 7560 7653 8074 7550 8299 7822 8196 7849 7870 7712 8117 7590 8206 8034 8363 7462 7589 7869 7890 8298 7728 7662 8126 8089 7968 8275 7575 7777 7481 8023 8563 8102 7613 8210 7974 7886 7616 7101 7330 7349 7634 7818 7565 8059 7864 7501 8225 8139 7971 8494 7759 7576 8243 7832 7747 8106 7683 7879 8060 7911 8052 7885 7379 7861 7932 7833 7474 8158 7465 7941 7856 8089 7927 7679 8686 8289 8138 7703 7578 7816 7671 7836 7745 7661 7963 8171 7890 7397 7608 7715 7743 7890 7803 7749 8206 7805 7678 8272 7790 8128 7951 7734 7807 8085 8228 7881 8528 8174 8096 8262 7691 7162 8281 7872 7629 8257 7671 7424 7816 7866 7727 8179 7629 8236 7835 7590 8087 7965 7963 8448 7705 7787 8025 7562 7429 7587 8009 7692 8167 8250 8068 7672 8116 7705 7532 8081 8175 8095 8201 7778 7704 7690 7472 7734 8071 7577 7539 7656 7609 7838 7736 7984 8350 7591 8374 8310 7500 7966 
8191 7898 8227 8308 8348 8062 8221 8912 8145 7982 7966 7845 8065 8104 8237 8397 8129 8102 8807 8260 7883 8387 8222 7865 8139 8268 8192 7602 7834 8545 7664 8016 7832 8274 8225 7995 8009 8489 8370 8583 7409 7815 7625 7881 8070 8051 8642 8332 7576 7879 8322 8304 7901 8861 7827 8064 8061 8354 8402 8283 8267 7782 7701 8735 7528 8092 8724 8145 8045 8674 7885 8026 7567 8237 8273 8469 7584 8111 7998 8143 8313 8800 8352 8517 8752 8300 7918 8402 8411 8406 8106 7847 7960 8105 8248 8197 7989 8510 7817 8216 8426 8269 8325 7974 8067 8226 7793 8361 8462 8542 7947 8016 8675 8104 8150 8386 7848 8087 8118 7921 8339 8256 8030 7972 8131 8082 8601 7903 8345 7985 8370 7857 7920 8298 8668 8458 8486 8130 8331 7569 8547 8727 8395 7824 8383 7804 7988 8167 7661 8056 8235 8247 8494 8720 8157 8206 8598 7921 7696 8238 7781 8227 8554 8545 7666 7496 8579 7854 8241 8391 8859 8333 8372 7973 8353 8348 8572 8929 7898 8254 8476 8261 8158 7574 8306 7497 8376 8281 7783 7553 8284 8080 8011 7831 7554 7710 8459 8553 8213 7957 8059 7934 8042 8651 8429 8177 8292 8228 7849 8081 8154 7955 8289 8350 7707 8276 8297 7985 7855 8066 8705 7737 8122 8468 8326 7560 8145 8314 7977 8383 8048 8179 7781 8298 8292 7650 8370 8509 8253 8587 8431 7918 7770 7995 8173 7811 8462 8024 7773 8556 8089 8791 8143 7847 8451 8400 8073 8399 7894 7799 7869 7837 9163 8263 7789 8196 8373 8266 7736 7806 7738 7376 8592 8281 8036 8252 8243 7903 8851 8035 8368 8415 8016 8266 8483 7913 8119 7941 7988 8394 8490 8280 8520 8246 7682 8006 8313 8113 7690 8367 7888 8048 7871 8218 7926 7980 8707 8389 8473 8107 7955 8298 8115 7857 7711 7639 7809 8388 8296 8346 7939 7911 7941 8388 7985 8115 8358 8014 8135 7938 7860 8524 8273 8191 7956 8143 8712 8288 8519 8515 8204 8919 7965 7420 7878 8509 8130 8599 7860 7562 8050 8133 8352 8303 8015 8262 8108 8380 8223 8160 8062 8508 7860 8469 8102 8081 7663 7624 8207 7745 8761 8554 8737 8058 8402 8331 7763 8148 7930 8265 8399 8234 7976 7773 7844 7983 8740 8107 7874 8243 8280 8452 8150 7933 8500 7834 8947 8916 7760 8229 
7656 7465 7899 7750 7895 7457 7907 7714 8021 7836 7523 8084 7838 7860 7955 7685 7174 7653 8183 7704 7679 7792 7906 7245 7719 7928 7998 7435 7611 8156 6993 7847 7430 7745 7998 7725 7754 7663 7787 7886 7142 7543 7255 7511 7749 7436 7888 7901 7314 7936 8241 8168 7797 8123 7675 7616 7666 7914 7870 7846 7831 6968 7262 8266 6932 7671 8183 7662 7553 7881 7886 7705 7656 7617 7966 7850 7243 7702 7355 7883 7972 8103 7747 7918 7889 7730 7830 7865 7787 7967 7932 7917 7693 7541 7594 7965 7963 8074 7442 7810 7524 7859 7999 7556 7463 7640 7625 7736 8155 8126 7791 7779 7953 8026 7899 7795 7739 7857 7656 7713 7812 7845 7514 7764 7323 7637 8246 7646 7845 7388 8097 7655 7476 7981 8406 7513 7779 7556 8159 7279 8053 8066 8112 7501 7720 7516 7759 7744 7420 7451 8040 8072 7896 8043 7834 7931 8178 7225 7363 7621 7571 7616 8179 7963 7378 7225 8191 7372 7840 8143 8355 7890 8088 7535 7656 7947 7975 8233 7658 7552 8143 7738 7624 7151 7966 6936 8068 7965 7161 7446 7915 7953 7792 7832 7394 7332 7870 8168 7720 7431 7804 7421 7632 8018 7837 7494 7702 8105 7671 7648 7471 7525 7622 7808 7243 7881 7675 7812 7167 7887 7777 7695 7448 8183 7698 7279 7928 7918 7574 7495 7973 7283 7665 7484 8070 7212 7967 7912 8048 8056 7920 7754 7402 7213 7959 7973 7815 7737 7555 7699 7574 8408 7792 7190 7737 7855 7846 7835 7518 7703 7204 7759 8353 7967 7434 7756 7588 7788 7507 7261 7169 7015 7650 7826 7482 7915 8087 7608 8336 7578 8026 8269 7527 7627 7864 7517 7778 7617 7689 7769 8013 7766 8026 7521 7520 7448 7882 7619 7575 7857 7369 7388 7651 7776 7656 7612 8309 8133 8165 7656 7290 7714 7423 7546 7654 7435 7785 7744 7712 7671 7665 7520 7459 8029 7881 7867 7775 7676 7550 7597 7694 7914 7803 7638 7758 7696 8133 7704 8177 7776 8037 8545 7795 7299 8034 7906 7904 7729 7497 7236 7515 7656 7554 8094 7706 7735 7780 7738 8214 7566 7888 8034 7445 7654 7730 7443 7500 7737 7624 7610 8319 8525 7956 7783 7595 7840 7530 7742 7835 8005 7765 7721 7426 7268 7327 7651 8149 7441 7653 7778 8084 8296 7491 7946 8395 7581 8262 7979 7610 7964 
7887 8132 8353 8688 8322 7832 8362 8250 7894 8135 7710 8873 8330 8193 8162 8086 8068 8113 8821 8104 8243 8534 8265 7983 8504 8128 8592 8149 8270 8562 7690 8252 8284 8387 8257 8320 7756 8335 8653 8541 7292 7906 7975 7846 7922 7967 8884 8220 7582 8091 8763 8801 8241 8806 7877 8158 8364 8264 8247 9154 8577 8040 7920 8374 7676 8050 8773 8252 8103 8481 8185 8198 7978 8440 8245 8474 7542 8409 7860 8329 8434 8424 8144 8142 8810 8027 8186 8539 8435 8618 8427 7949 7891 8504 8128 8151 7957 8528 7986 8054 7886 8490 8296 7730 8109 8224 8147 8313 8433 8201 8141 8334 8322 8287 8068 8181 7993 8063 8059 7866 8711 8423 7758 7967 7878 8225 8991 8275 8169 8416 8480 8103 8181 8415 8781 8422 8322 8132 8768 7557 8629 8532 8377 7782 8311 7868 8207 8142 7763 8284 8254 8317 8204 8588 8135 8255 8625 7791 7558 8173 8175 8165 8481 8160 7991 7934 8614 8028 8136 8397 8624 8117 8784 7958 7967 8624 8631 8748 7516 8168 8481 8177 8062 7646 8371 7635 8457 8270 7869 7899 8234 8336 8237 8206 8045 8346 8871 8339 8443 8387 8280 7751 8419 8734 8491 8187 7994 8713 8106 8074 7931 7685 8286 8388 7998 8298 8319 8062 8192 8165 8543 8199 8079 8557 8644 7743 8036 8314 8036 8461 8334 8237 8129 7872 8537 8024 8706 8486 8562 8474 8536 8145 8080 7990 8391 8200 8262 8000 7963 8446 8374 9008 8416 7757 8329 8597 8095 8308 8007 7981 7731 7941 8638 8330 7892 7935 8262 8196 7918 7585 7853 7539 8421 7999 7775 8589 8469 8320 8868 8246 8337 8570 7567 8286 8331 8204 8095 8188 8126 8403 8620 8423 8438 8158 7538 8269 7979 7956 7906 8322 7448 7745 8502 8150 8052 8028 8818 9163 8518 8033 7838 8096 7755 7915 7916 8007 7925 8391 8416 7934 7662 8430 7972 7941 8135 8125 8293 7954 7701 8391 7777 8347 8446 8092 7970 8637 8590 8221 8816 8338 8251 8632 8058 7759 8405 8110 8600 8712 7758 7982 7638 7806 7965 8409 8159 8394 8411 8252 8457 8285 8048 8764 8025 8380 8659 8049 7633 7890 8561 8099 8618 8526 8313 8392 8369 8422 8056 8363 7894 8529 8390 8335 7789 7983 7766 8007 8397 7841 8184 8091 8286 8487 7916 8125 8740 8162 8617 8687 7892 8364 
8406 8147 8467 8388 8576 8238 8047 8408 8012 8346 7951 8502 8478 8334 8371 8108 8164 8252 8704 8415 8111 7964 8208 7871 8091 8134 8837 7797 8542 8371 7938 8118 7689 8407 8336 8032 8257 8284 8521 8451 7431 7841 7813 7856 7930 8317 8605 8337 7925 8095 8377 8456 8022 8619 8140 8394 8343 8003 8189 8152 8098 8158 7508 8456 7591 8168 8459 8198 8379 8349 8120 7728 7879 8285 8546 8466 7933 8168 7863 8090 8489 8605 8194 8272 8701 8032 8426 8387 8545 8520 8600 7910 8065 7945 8157 8223 7774 8438 7577 8140 8648 8721 8528 7856 7998 8375 7776 8610 8568 8471 8430 7679 8278 8431 8211 8095 8203 8244 8174 7918 8358 8278 8212 7864 7971 8335 8911 8006 8159 7957 8227 7851 8090 8620 8917 8059 8151 8315 8189 7919 8483 8450 8232 7778 8645 7907 8254 8454 7528 8077 8155 8213 8550 8511 7981 8052 8687 8010 7698 8322 8028 8377 8597 8522 7927 7951 8137 8090 8381 8152 8939 8284 8198 8276 8119 8499 8481 8811 7761 8488 8282 8270 7823 7832 8707 7737 8212 8406 7902 7463 8254 8512 8126 7799 7631 7997 8523 8362 8591 7868 7951 8452 8176 8616 8306 7866 7768 8804 8023 8214 7738 7775 8139 8423 7654 8134 8325 8345 8129 8111 9001 7828 8199 8591 8055 7857 8342 8401 8213 8381 8511 7934 7869 7919 7952 7523 8456 8441 8412 8467 8194 8177 7919 7899 8110 8278 8246 7896 7913 8089 7837 8975 8256 7926 8441 8431 8058 8308 8103 7723 7870 8168 8678 8531 7868 7935 8265 8432 8109 7672 7823 7520 7966 7963 7650 8325 7973 7997 8624 7707 8397 8083 7712 8155 8260 8266 8270 7925 7982 8299 8420 8104 8490 8270 7812 8126 8035 7955 7733 8497 7536 8025 8161 8366 7995 7574 8500 8731 8407 8503 7828 8169 8236 7783 8112 8142 7667 8555 8393 8237 7938 8300 7929 8385 7649 7857 8319 8067 7941 8199 8167 8421 8409 8128 8315 8574 8498 8196 8588 8033 8729 8756 8031 7888 8320 8288 8198 8310 7814 7559 7922 7897 8303 8358 8032 8259 8311 8005 8823 8100 8032 8837 7804 8395 8166 7823 7524 7681 8450 8286 8756 8532 8489 7852 8199 8273 8112 8336 7978 7982 8162 8178 7901 7804 7616 8335 8479 8260 8156 8070 8235 8311 7807 7956 8562 7946 9218 8524 7633 8184 
8350 7959 8390 8552 8351 8022 8342 8567 8000 8315 7924 8648 8396 8122 8415 8121 8333 8366 8607 8124 8163 8224 8313 7773 8207 8145 8628 7915 8118 8729 7675 8392 8086 8547 8329 8148 8234 8458 8533 8428 7374 8305 8003 7932 7992 8113 8967 8039 7659 8407 8665 8447 8169 8965 7826 8021 8072 8221 8385 8481 8044 8080 8048 8526 7678 8132 8561 7790 8053 8595 7970 7949 8157 8381 8140 8338 7813 8135 7846 8186 8549 8569 8208 8569 8461 8401 8151 8185 8523 8583 8254 8450 8089 8361 8370 8314 7888 8581 7715 8207 8197 8607 8561 7989 8014 7990 8155 8310 8669 8096 8275 7951 8282 8374 8054 8323 7628 8107 8229 8091 8605 8103 7969 8274 7862 8381 9004 8189 7948 8388 8619 8010 7656 8428 8760 8243 8153 8258 8546 7756 8468 8609 8525 7945 8338 7917 8329 8330 8080 8038 8416 8430 8400 8702 8151 8254 8399 7677 7797 8206 8209 8232 8236 8425 7710 7681 8274 7793 8070 8377 8636 8305 8432 8195 8061 8640 8545 8897 7737 8317 8402 8449 7900 7722 8514 7528 8397 8169 7926 7535 8315 8159 8053 7759 7944 7968 8596 8375 8392 7554 8274 8331 8101 8808 8049 7926 8023 8649 7864 8160 8162 8058 8220 8201 7707 7832 8314 8387 7868 8389 8633 8452 8298 8895 8270 7810 8297 8711 7960 8042 8070 7911 8088 7879 8296 7695 8488 8221 8518 8513 8150 8133 7881 7969 8265 8202 8215 7976 7801 8348 8071 8813 8325 7983 8489 8687 8276 8288 7866 8401 7587 8067 8483 8441 7819 7935 8284 8361 7913 7707 7335 7483 8162 8365 7671 8409 8718 8008 8797 7960 8392 8537 7416 8273 8323 7906 8122 7877 8200 8194 8364 8321 8480 8090 8032 8105 8308 7951 7995 8435 7780 7573 8153 8523 7897 7835 8635 8579 8202 8195 7860 7908 8052 8130 8159 7811 7727 8338 8290 8091 7887 7999 8067 8292 8228 8005 8507 7679 7800 8095 7878 8057 8469 8075 8362 8435 8422 8110 8408 8394 8463 8926 7912 7494 8401 8503 8163 8274 7858 7498 7905 7816 7983 8167 7911 8250 7913 8140 8520 8165 8328 8718 7974 8201 8534 8069 7782 8061 8310 8010 8748 8414 8601 8251 8220 8286 8266 8032 8199 8122 8414 8354 7841 8171 7607 8274 8787 8104 7945 7816 8463 8327 7944 7979 8490 8093 8538 8545 8213 8239 
7999 7607 7760 7923 7933 7393 7531 8450 7730 7709 8017 8288 8145 7735 7952 8138 7796 8081 8118 8127 7867 8069 8107 7664 8336 7951 8562 7481 7864 8060 7418 7950 7880 8318 8162 7796 7854 7797 8199 8040 7179 7665 7600 7610 7920 7852 8152 8046 7511 7479 8059 8128 7867 8366 7724 7709 7846 8036 8153 8118 8226 7776 7456 8371 7210 7997 8032 7818 7795 8016 7853 7804 8016 7990 7907 8205 7484 8130 7431 7848 8163 8565 7989 8150 8446 7876 7862 8177 8513 8253 8013 7456 7704 7965 7875 7693 7993 8121 7862 8066 8014 8116 8183 7573 7605 7640 7682 8242 8270 8211 7911 7743 8066 8146 7660 7746 8012 8159 8182 8016 8193 7542 7619 7508 7646 7761 8707 7847 7830 7627 8317 7937 7769 8135 8318 7709 7986 7792 8303 7576 8128 8441 7754 7807 8182 7439 7768 8165 7336 7674 8243 8277 8240 8266 7967 7716 8143 7796 7587 7955 7442 7786 8078 8201 7748 7399 8063 7917 7978 8479 8597 7920 8367 7701 8214 7861 8128 8386 7288 7991 8149 7889 7428 7251 7809 7580 7827 8028 8014 7426 8154 7739 7975 7732 7365 7829 8488 8227 7858 7874 7949 7793 7908 8152 8404 7771 7625 8554 8275 8045 7827 7778 8001 7989 7238 7809 8143 7937 7596 8083 8223 7776 7780 8442 7929 7609 7866 8576 7756 8217 7901 7714 7620 7505 7907 7404 8138 8466 8242 8054 8044 7915 7582 7683 7821 8359 7738 7594 7583 7987 7830 8806 8141 7373 8203 8102 7716 7849 7779 7740 7444 8307 8500 8459 7778 7797 7937 8266 7761 7081 7195 7427 7834 7657 7323 8290 7911 7745 8338 8077 7983 7908 7587 8037 8198 7923 7966 8144 7862 7961 8334 7811 8111 7714 7730 7828 7629 7451 7883 8412 7849 7715 7736 7926 7865 7448 8124 8371 8005 7722 7821 7830 7639 7793 7621 7744 7950 8182 7894 7968 7427 8012 7641 8059 7717 7825 8200 7591 7451 8014 7656 8152 7867 7942 7697 8335 8350 7865 8361 8045 8289 8586 7938 7393 8161 8022 7653 8039 7495 7333 7618 7515 7885 8023 7588 8472 8039 7771 8304 8046 7843 8562 7823 7989 8129 7882 7572 7713 8327 7828 8350 8155 8145 7797 7918 8242 7798 7872 7938 8215 8187 8010 7446 7266 7609 7844 8066 7680 7850 7650 7825 7859 7826 7795 8499 7697 8570 8284 7822 7966 
8287 7933 8270 8572 8701 7998 8147 8516 8139 7917 8273 8496 8495 8247 8303 8275 8063 8377 8874 8279 8158 8238 8115 8004 8218 8474 8407 7479 8482 8276 7639 8149 8366 8114 8326 8060 8170 8294 8422 8464 7316 7988 7863 7601 7700 7848 8821 8263 7478 8051 8559 8401 8120 8893 8171 8310 8080 8043 8502 8376 8315 8020 7648 8240 7643 8116 8590 8194 8055 8584 8225 7696 8089 8123 8302 8604 7450 8182 7940 8138 8318 8807 8076 8428 9017 8341 7991 8220 8633 8928 8178 8328 7832 8414 8292 8087 8233 8108 8026 8234 8680 8451 8710 7968 8180 8253 7859 8356 8536 8611 8215 8056 8237 8255 8216 8147 8368 8359 8295 8087 8702 8298 8122 7471 8195 7992 8717 8281 8203 7820 8586 8036 7845 8287 8918 8397 8240 8260 8697 7934 8383 8805 8414 7704 8298 7706 8181 8157 8083 8223 8333 8651 8244 8637 8184 8221 8685 7684 8142 7996 8034 8157 8223 8319 7602 7750 8706 8154 8227 8561 8709 8353 8516 7936 8449 8158 8543 8789 7761 8296 8442 8030 7884 7891 8457 7731 8005 8547 7867 7880 8291 8528 8288 8033 7800 7973 8674 8330 8280 8240 8005 7775 7991 8812 8479 7952 8088 8534 8169 7985 8164 7657 8324 8306 7694 8376 8503 8025 8147 7930 8824 8126 8530 8446 8356 8258 8304 8758 8070 8604 8143 8100 8034 7916 8221 7485 8273 8418 8586 8657 8486 7950 7849 7784 8083 8223 8722 8149 8022 8240 8756 8707 8717 7813 8297 8546 8300 8164 8241 7915 7555 8387 9073 8053 8098 8047 7907 8661 8110 7214 7760 7479 8148 7964 7926 8488 8176 8182 8836 8001 8303 8373 8031 8128 8576 8124 8231 8237 8061 8142 8509 8200 8380 8040 7910 8055 8032 8211 8037 8583 8017 8247 7985 8547 7877 7916 8382 8887 8694 8377 7800 8039 8034 8265 7960 7950 8112 8557 8276 7800 8275 8233 7853 8323 7950 7831 8485 7973 7642 8214 8091 8543 8068 8400 8226 8483 8569 8388 8921 8317 8253 8752 8112 7358 8457 8443 8048 8750 7872 7610 8008 7919 7917 8630 8109 8530 8184 8194 8785 8380 8071 8775 8298 8178 8397 7976 7947 8049 8281 7984 8212 8591 8595 7946 8415 7970 8384 8298 8398 8573 8417 8120 7885 7849 7826 7937 8791 8006 8049 8300 8191 8792 8214 8258 8690 7907 8825 8801 8160 8385 
8330 8070 8776 8792 8825 8455 8319 8771 8432 8225 8388 8828 8585 8399 8550 8340 8305 8625 8969 8573 8477 8604 8484 8297 8429 8573 9076 8091 8309 9149 7824 8386 8484 8529 8797 8339 8414 8710 8902 8680 7899 8338 8144 8320 8580 8629 9002 8794 8131 8345 8729 9117 8487 9411 8501 8694 8512 8421 8461 8896 8513 8470 8165 8586 7879 8632 8938 8459 8591 8604 8404 8195 8231 8386 8847 8848 8063 8649 8120 8371 8619 9374 8531 8795 9216 8613 8637 8526 8703 8871 8798 8380 8684 8719 8338 8668 8391 8617 8032 8452 8700 8917 8916 8488 8147 8584 8350 8390 8951 9007 8298 8293 8581 8673 8463 8260 8380 8396 8467 8376 8575 8666 8250 8389 8295 8668 9012 8357 8768 8741 8879 8316 8263 8716 8870 8576 8652 8628 8835 8303 8823 9292 8685 8028 8727 8184 8336 8668 8306 8311 8772 8868 8896 8647 8563 8526 8810 8084 7832 8686 8435 8331 9070 9079 8013 7851 8767 8341 8717 8957 9238 8255 8646 8288 8575 8773 9189 9054 8191 8594 9082 8647 8362 7962 8723 7775 8649 8777 8194 8031 8430 8835 8274 8086 8034 8552 8710 8732 9088 8230 8636 8456 8583 8618 8562 8786 8539 9015 8594 8429 8420 8007 8546 8505 7986 8769 8788 8435 8459 8362 9156 8560 8664 8974 8721 8230 8739 8763 8459 8534 8389 8118 8106 8327 8465 8109 8838 8778 9003 8592 8780 8486 8532 8314 8871 8291 8531 8171 8158 8683 8859 9113 8687 8138 9143 8678 8230 8690 8384 8489 7776 8335 9090 8807 8369 8409 8623 8546 8267 7832 7983 7722 8305 8411 8198 8606 8789 8407 8979 8635 8515 8776 8050 8665 8583 8761 8654 8560 8440 8790 9007 8576 8735 8309 7997 8512 8503 8228 7818 8862 7976 8130 8370 8425 7905 8283 8868 9001 8986 8566 8534 8427 8589 8316 8575 8376 8561 8805 8628 8662 8207 8572 8285 8850 8358 8211 8561 8196 8267 8468 8356 8833 8244 8406 8418 8910 9094 8695 9000 8601 8687 8775 8194 8081 8621 8827 8561 8933 8348 7956 8280 8351 8596 8507 8262 8919 8692 8567 9220 8683 8813 9074 8259 8367 8644 8081 8197 7835 8725 8316 9032 8834 8732 8297 8971 8801 8452 8604 8657 8405 8598 8559 7802 8298 7990 8332 9002 8056 8286 8874 8365 8397 8494 8640 8850 8313 8739 8952 7925 8333 
7562 7225 7727 7812 7924 7194 7626 8047 7502 7472 7341 7982 8135 7651 7652 7286 7565 7840 8068 7744 7539 7613 7412 7460 7729 7888 7992 7598 7929 8085 7074 7549 7555 7636 7458 7490 7319 7773 7863 7690 7234 7233 7049 7228 7299 7506 8433 7797 7284 7305 7966 7755 7601 8015 7629 7846 7558 7725 8065 7991 7531 7544 7240 7900 6970 7846 8094 7850 7494 7949 8018 7378 7555 7866 8028 7624 7294 7627 7238 7379 7709 8360 7751 8094 8075 7749 7611 7698 7811 7766 7894 7637 7622 7662 7819 7736 7690 8146 7345 7430 7964 8516 7883 7797 7541 7633 7625 7920 8141 8044 7509 7451 7671 7799 7582 7572 7501 7602 7487 7540 8032 7515 7309 7398 7550 7614 8245 7744 8029 7189 7602 7295 7461 7939 7985 7606 7719 7543 7741 7376 7907 7832 7710 7051 7749 7313 7427 7671 7298 7373 7967 7607 7841 7970 7450 7468 8041 7548 7110 7681 7443 7585 8006 7887 7172 7114 8026 7518 7867 7886 8341 7722 7752 7266 7353 7664 7955 8246 7203 7703 8166 7777 7218 7068 7753 7064 7856 8020 7093 7073 7590 8016 7970 7447 7328 7027 8024 7905 7674 7338 7730 7441 7434 7781 7737 7600 7391 8068 7678 7593 7510 7379 7670 7621 7421 7820 7714 7483 7478 7336 7971 7487 7436 7868 7813 7279 7431 7916 7383 7850 7727 7394 7295 7424 7325 7338 8011 8015 7793 7835 7790 7438 7357 7101 7665 7738 8310 7343 7408 7378 7823 8231 7830 7456 7862 7835 7649 7779 7533 7387 7355 7687 8141 8132 7295 7497 7707 7941 7220 6858 7281 7013 7651 7727 7409 7976 7957 7630 8035 7779 7999 7680 7152 7706 7879 7481 7842 7764 7649 7623 8109 7906 7927 7720 7384 7551 7560 7479 7675 7972 7177 7624 7424 7658 7529 7519 8270 7829 7522 7843 7415 7496 7705 7590 7439 7268 7165 7972 8015 7617 7249 7414 7376 7346 7423 7359 7908 7184 7459 7903 7235 8282 7765 7749 7418 8204 8220 7532 7673 7730 7995 8372 7639 7029 7870 7755 7577 8049 7299 7625 7428 7717 7490 7917 7405 7915 7768 7422 8062 7467 7720 8130 7473 7724 7707 7279 7290 7472 7983 7379 8216 7998 8009 7413 7702 7692 7121 8012 7738 7643 7826 7815 7377 7241 7230 7687 7826 7607 7456 8001 7557 8069 7530 7591 7860 7451 7952 7945 7582 7716 
8719 7970 8593 8671 8814 8263 8457 8766 8292 8151 8223 8669 8302 8365 8601 8371 8454 8412 8890 8183 8232 8237 8256 8216 8242 8725 8680 7834 8334 8641 7790 8397 8347 8504 8331 8420 8440 8743 8672 8685 7126 7909 8033 7881 8211 8130 8908 8192 7795 8744 8747 8858 8440 8984 8183 8444 8149 8142 8284 8708 8115 8398 8007 8586 7837 8446 8881 8299 8231 8590 8226 8129 7677 8472 8371 8204 7636 8816 8078 8243 8466 8724 8311 8550 9052 8240 8424 8728 8648 8745 8826 8412 8200 8681 8495 8239 8439 8754 8212 8184 8590 8817 8508 8250 7935 8284 8146 8488 8500 8265 8494 8348 8675 8142 8057 8448 8301 8206 8418 8175 8773 8353 8193 7933 8326 8130 8844 8338 8416 8257 8247 8182 7949 8788 8911 8685 8166 7937 8743 8234 8599 8701 8705 8021 8761 8087 8368 8538 7787 8191 8656 8499 8364 8761 8764 8444 8613 8059 7672 8180 8319 8254 8738 8684 7546 7918 8668 8016 8296 8949 8897 8481 8549 8107 8450 8930 8612 8986 7734 8514 8667 8558 8264 8019 8631 7551 8431 8663 8363 7950 8425 8189 7996 8217 7770 8240 8772 8423 8237 8405 8240 7814 8482 9181 8506 8420 8545 8886 8296 8041 7979 8313 8113 8474 7947 8545 8611 8282 7776 8337 8867 8080 8538 9058 8519 8371 8849 8786 8080 8594 8277 7965 8336 7860 8712 7997 8594 8587 8489 8366 8369 8308 8538 8130 8097 8383 8698 8042 7988 8339 8475 8964 8482 7975 8814 8691 8429 8388 8128 8279 7827 8445 9081 8475 8141 8158 8405 8503 7749 7579 7809 7464 8514 7968 7790 8755 8762 8079 8784 8197 8406 8527 7779 8258 8632 8215 8942 8325 7984 8252 8646 8283 8793 8095 7454 8348 8428 8422 8050 8433 7865 8784 8162 8640 8205 8078 8696 8982 8837 8262 8287 8672 8444 8180 8225 7973 8356 8459 8343 7968 8193 8386 8337 8200 8232 8161 8747 8254 8182 8450 8109 8603 8097 8097 8307 8507 8695 8089 8694 8453 8542 9095 8312 7585 8332 8508 8178 8928 7922 7758 8025 8202 8496 8530 8079 8732 8112 8220 8643 8037 8183 8722 8344 8333 8538 8155 7945 7933 8641 7950 8624 8730 8730 8531 8377 8216 8099 8419 8286 8021 8537 7952 8108 8068 7929 7759 9019 7968 8210 8257 8244 8914 8164 8609 8626 7854 8787 8779 8119 8409 
8117 7955 8351 8768 8607 7976 8464 8690 8369 8061 8100 8493 8546 8389 8412 8274 8278 8366 8903 8279 8391 8320 8102 8142 8313 8771 8700 7970 8333 8805 7785 8505 8103 8690 8258 8245 8654 8647 8772 8721 7397 7992 8020 8095 8140 8193 8911 8339 7711 8016 8826 8720 8644 8889 8367 8126 8698 8347 8543 8514 8212 8314 7818 8680 7789 8524 8311 8547 8349 8274 8078 8261 8049 8211 8471 8559 7760 8482 8062 8166 8835 8899 8277 8411 8721 8288 8498 8709 8593 8782 8354 8051 8236 8017 8297 8376 8087 8247 7900 8479 8108 8914 8489 8131 8061 8377 8160 8626 8788 8624 8067 8162 8457 8507 8017 8269 8461 8145 8755 8134 8651 8668 8369 7957 8141 8476 9241 7903 8555 8104 8743 8256 7930 8696 8818 8291 8452 8756 8741 7779 8559 8870 8433 8146 8564 7913 8459 8452 7627 8273 8325 8367 8395 8813 8523 8316 8897 8171 7866 8303 8340 8092 8328 8661 7997 7994 8591 8429 8229 8491 8534 8348 8754 7904 8217 8613 8716 8971 7807 8243 8628 8685 8194 8132 8370 7767 8383 8674 8112 8111 8493 8364 8358 8176 7853 7751 8720 8483 8286 8480 8442 8339 8479 8741 8459 8196 8251 9010 8496 8561 8121 8150 8269 8379 7942 8173 8372 8303 7996 8404 8795 8106 8452 9043 8313 8127 8188 8750 8209 8701 8383 8048 8561 8202 8292 8078 8624 8508 8636 8504 8356 8466 8310 8013 8295 8586 8984 8051 8025 8406 8385 9009 8591 8108 8680 8429 8243 8146 8256 8434 7686 8470 9355 8327 7985 8543 8397 8639 8214 7947 7790 7888 8325 8122 8083 8694 8166 8174 8726 8299 8463 8630 8162 8294 8422 8185 8191 8584 8227 8406 8533 8190 8518 8216 7807 8276 8043 8136 8252 8376 7896 8079 8483 8419 8467 7960 8762 8832 8681 8186 8152 8227 7808 8288 8467 7955 8074 8431 8634 8095 8082 8738 8008 8296 7670 8142 8429 8216 7870 8554 8126 8592 8302 8291 8367 8805 9048 8295 8872 8413 8540 8974 8495 7648 8350 8421 8289 8693 7939 7544 7960 7969 8236 8538 7787 8604 8451 8449 8925 8373 8768 8838 8428 8059 8411 8277 7906 8080 8517 8277 8608 8485 8607 8230 8408 8249 8154 8379 8013 8241 8619 7840 8031 8109 7818 8151 8822 8104 8375 8534 8424 8594 8166 8329 8535 8345 8884 8852 8190 8343 
8098 7683 8429 8522 8353 8016 7989 8220 8004 7904 8096 8473 8154 8073 8220 8338 8028 7974 8556 8137 7857 8396 8097 7529 8075 8490 8789 7572 7934 8145 7387 7851 7789 8294 8317 8218 7910 8210 8266 8223 7226 8084 7662 7935 8128 8182 8226 7931 7368 7766 8502 8365 7977 8690 7689 8138 8136 8091 8145 8040 8306 8039 7923 8397 7641 8290 8503 8231 7929 8336 8330 8117 7806 8247 8354 8461 7423 8077 7787 7997 8222 8485 8552 8278 8864 7991 8006 8112 8281 8230 8498 7893 7987 8033 8248 8247 8226 8609 7813 8177 8375 8284 8477 7882 7908 7869 8226 8131 8315 8304 8201 8060 8362 8284 7813 8047 8113 7794 7995 7876 8224 8088 7943 7881 8002 8207 8760 7756 8091 8055 8001 8017 7555 8407 8706 8153 8398 7507 8449 7897 8465 8337 8246 7992 8469 7813 8032 8263 7782 7787 8198 8546 8041 8382 8344 8008 8775 7945 7470 8059 7970 7862 8327 8348 7525 7867 8375 8001 8029 8141 9016 8215 8161 7926 8348 8406 8599 8221 7672 7788 8250 8086 7947 7777 8058 7763 7930 8196 7685 7808 7957 8210 7988 7844 7594 7983 8747 8248 8247 8205 7961 7876 8149 8634 8478 8112 7796 8289 8094 8180 7967 8001 8137 7971 7499 8071 8158 7859 7644 8000 8504 7882 7874 8437 8472 7523 8288 8664 8097 8210 8052 8010 7863 7745 8505 7440 8208 8014 8149 8790 8179 7952 7723 7818 8001 8374 8310 7934 7957 8498 8052 8386 7971 7747 8199 8614 8309 8042 7874 8482 7597 8331 8870 8177 7561 8007 8428 8178 7657 7531 7799 7438 8398 8022 7422 8473 7939 7661 8579 8441 8320 8037 7866 8060 8245 8100 8200 7877 8067 8064 8736 8112 8202 8093 7656 7732 7972 7782 7729 8057 7765 7974 7848 8361 7887 7582 8360 8584 8585 7882 8004 8176 7885 7801 7838 7730 7996 8186 8080 7929 7745 8101 7565 8186 7698 7921 8330 8071 7570 8331 7990 8319 8137 8059 8153 8607 8695 8143 8526 7991 8399 9032 7728 7269 8417 8165 8457 8562 7396 7332 7539 8029 8080 8255 7729 8016 8272 7902 8306 8160 8015 8751 7959 8093 8030 8193 7541 7541 8715 7879 8562 8572 8633 8136 8310 8193 7956 7966 8005 8056 8292 8227 7932 7827 7576 8208 8247 7892 7923 8216 7671 8079 8015 8180 8580 7796 8877 8374 7888 7962 
8022 8113 8207 8523 8511 8128 8019 8627 8124 8084 7727 8149 8475 8487 8298 8237 8094 8494 8560 8377 8272 8304 8119 8115 8433 8239 8537 7947 8335 8329 7578 8440 8074 8351 8242 7875 8444 8236 8241 8455 7411 7955 7918 8118 8346 8288 8715 8595 7848 8069 8336 8395 8101 8645 8292 8005 8183 8128 8288 8592 8060 7952 7922 8525 7647 8217 8802 8177 7974 8592 8046 8144 8127 8232 8805 8670 7657 8125 7526 8299 8322 8953 8452 8585 8865 8137 8257 8388 8505 8436 8565 7944 8077 8068 8063 8179 8506 8993 8244 8557 8438 8781 8412 8239 7781 8122 7809 8528 8683 8510 8157 7875 8385 8151 8040 8240 7915 8166 8806 8374 8507 8314 7977 8101 7981 8045 8947 8186 8533 8024 7993 7879 7562 8565 8789 8200 8259 8232 8336 7833 9154 8717 8426 7835 8442 7827 8321 8137 7352 7977 8241 8436 8445 8502 8210 8382 8518 8110 7924 8282 8297 8277 8272 8528 7719 8104 8350 8141 8405 8562 9132 8200 8312 7747 7954 8703 8833 9023 7952 8453 8746 8202 8069 7842 8251 7742 8434 8475 7713 7826 8497 8220 8065 7902 8092 7826 8487 8640 8349 8335 8307 7930 8130 8667 8738 8236 8178 9018 7950 8311 7765 8275 7741 8295 7732 8361 8493 8389 8108 8417 8623 8065 8146 8603 8608 7884 8139 8337 8163 8512 8015 7877 8264 8107 8227 8057 8675 8472 8718 8456 8209 8480 8272 8054 8279 8563 8707 8021 8184 8386 8206 8932 8338 7853 8642 8683 8138 8115 8410 7886 7828 8335 9129 8390 7972 8245 8368 8482 7654 7677 7706 7617 8421 8232 7834 8205 8242 8034 8856 8347 8465 8345 7850 8185 8406 8144 8476 8006 8068 8282 8644 8210 8467 8117 8062 7962 8265 8205 8072 8200 7917 8227 7888 8483 8197 7998 8425 8782 8709 8108 8130 7986 8332 7803 7981 7929 7575 8414 8457 8255 7852 8227 7971 8421 7902 7973 8084 7950 8022 8248 7813 8532 8499 7957 8408 8667 8752 8257 8693 8560 8602 8697 8265 7531 8531 8193 8188 8714 7819 7651 8159 8181 8094 8492 7802 8481 8230 8093 8572 7943 8290 8534 8159 8212 8510 8122 7656 8072 8321 8285 8401 8339 8722 8243 8267 8235 7885 8216 8229 8323 8564 8275 7751 7993 7821 8246 8522 8091 7970 8238 8009 8571 8235 8050 8610 8129 8698 8779 8236 8353 
8417 8105 8610 8644 8590 8237 8349 8672 8590 8420 8122 9012 8538 8600 8432 8672 8548 8525 8904 8400 8773 8351 8569 8120 8373 8447 8970 8123 8461 8967 7814 8346 8337 8639 8347 8693 8685 8720 8956 8846 7735 8454 8092 8221 8840 8395 8897 8692 7969 8439 8859 8402 8469 9047 8452 8627 8407 8518 8446 8569 8624 8228 8082 8614 8035 8406 8986 8208 8648 9082 8263 8436 8327 8478 8780 9076 8005 8466 8037 8816 8264 9268 8493 8786 8864 8378 8613 8747 8784 8639 8694 8434 8299 8434 8527 8436 8119 8827 7943 8451 8632 8663 8663 8166 8261 8565 7973 8656 8685 8773 8364 8215 8812 8785 8407 8193 8526 8372 8531 8441 8721 8502 8316 8368 8241 8455 9241 8698 8221 8246 8559 8326 8021 8798 9277 8690 8416 8640 8868 8118 8985 9032 8493 8171 8870 8169 8588 8771 8208 8137 8602 8788 8739 8791 8449 8432 8834 8066 8194 8376 8439 8275 8868 8693 7890 7985 8540 8345 8527 8408 9165 8315 8837 8317 8665 8402 8842 9288 8223 9048 8882 8611 8292 8064 8339 7835 8529 8482 8304 7932 8347 8560 8447 7887 8225 8419 8612 8401 8582 8459 8147 8225 8423 8861 9028 8377 8372 9221 8147 8348 8476 8113 8596 8387 7905 8343 8594 8454 8411 8531 8997 8266 8436 8884 8825 8282 8456 8664 8413 8365 8163 8138 8469 8206 8325 8015 8506 8767 8881 8892 8488 8660 8550 8692 8710 8258 8601 8078 8067 8704 8666 9173 8789 8124 8780 8878 8253 8546 8246 8342 8247 8637 9188 8737 8193 8576 8414 8808 8294 7982 8082 7459 8371 8357 8499 8647 8527 8328 9053 8444 8734 8502 8263 8487 8477 8263 8588 8151 8320 8909 9139 8084 8935 8370 8021 8518 8245 8318 8419 8825 7907 8229 8237 8765 8188 8067 8634 8873 8784 8360 8473 8255 8346 8053 8297 8393 8048 8865 8543 8238 8220 8583 8180 8607 8157 8179 8591 8346 8198 8266 8331 8671 8718 8225 8590 8970 9041 8410 9066 8503 8900 9483 8280 7755 8556 8787 8311 8846 8171 7975 8193 8261 8643 8784 8379 8860 8592 8448 9014 8321 8448 9016 8187 8498 8484 8181 7893 8035 8445 8716 8392 8840 9018 8662 8499 8507 8236 8741 8406 8697 8452 8575 8194 8442 8047 8367 9099 8345 8333 8656 8593 8671 8153 8492 8704 8285 9308 8674 8202 8648 
8282 8078 8093 8927 8816 8065 8167 8538 8471 8012 8088 8864 8405 8201 8547 8363 8124 8351 8774 8428 8631 8385 8630 8059 8264 8412 8775 7868 8402 8590 7801 8153 8350 8755 8318 8304 8505 8501 8591 8383 7683 8287 8040 8013 8329 8424 8727 8517 7831 8119 8631 8759 7974 8657 8330 8318 8421 8307 8356 8652 8340 8077 7800 8624 7476 8613 8705 8388 8397 8487 8229 8355 8087 8405 8426 8652 7636 8511 7858 8215 8555 8868 8216 8829 8950 8485 8287 8419 8919 8655 8459 8258 7988 8036 8412 8174 7973 8892 7952 8122 8188 8965 8645 8142 8143 8694 8213 8525 8963 8526 8212 8089 8326 8256 8082 8343 7892 8066 8678 8218 8787 8465 8171 7979 8121 8256 9013 8225 8351 8141 8351 8339 7926 8336 8938 8024 8444 8028 8414 8069 8786 8947 8451 7988 8527 7989 8417 8556 8117 8261 8520 8948 8415 8893 8243 7911 8662 7906 7946 8177 8346 8047 8524 8437 7748 8100 8578 8031 8045 8337 8567 8484 8700 8040 7984 8873 8833 9063 7986 8548 8484 8230 8497 7794 8365 7833 8368 8295 8234 7962 7980 8446 7950 8257 7943 8228 8679 8551 8501 8403 7984 8123 8262 8751 8272 8210 8278 8778 8102 8091 8088 8064 8199 8227 7964 8444 8497 8049 7703 8011 8573 8457 8593 8996 8120 7952 8348 8891 8127 8416 8110 8278 8046 7624 8402 7808 8989 8260 8529 8396 7985 8187 8279 8060 8350 8413 8494 8244 7742 8470 8319 9011 8384 8389 8591 8682 8286 8375 8484 8379 7859 8235 8865 8399 7981 8503 8323 8749 8127 7951 7878 7652 8690 7701 8390 8698 8509 7986 9261 8138 8317 8444 7868 8329 8599 8422 8096 8592 8533 8606 8578 8657 8170 8300 7868 8260 8775 8021 8318 8336 7855 8543 8058 8629 8347 7924 8538 8652 8664 8246 8314 8280 8121 8121 8464 8213 7962 8272 8030 7951 8626 8260 8141 8365 8060 7993 8362 8223 8177 8485 8306 8476 8663 8187 8173 8476 8787 8439 8805 7887 8549 8707 8176 7800 8307 8308 8166 8991 7830 7933 7914 7952 8025 8560 7780 8473 8195 8382 8815 8059 8431 8960 8066 8708 8725 8029 7643 8568 8338 8072 8546 8902 8671 7930 8639 8326 8088 8724 8215 8096 8528 8173 7885 7839 8089 8161 8693 8071 8161 8223 8335 8556 7805 8676 8534 8030 8762 8808 7849 8562 
8532 7961 8665 8522 8982 8069 8548 8760 8301 8144 8228 8804 8630 8382 8564 8285 8460 8720 8582 8662 8535 8528 8506 7763 8314 8606 8567 7888 8251 8671 7924 8386 8429 8733 8229 8061 8375 8256 8602 8350 7458 8149 8033 8140 8022 8080 9193 8482 7954 8240 8729 8625 8237 8840 8425 8151 8532 8687 8540 8688 8376 8291 7960 8551 7585 8328 8601 8178 8291 8633 8279 8461 8220 8286 8758 8606 7977 8474 7951 8447 8556 9261 8289 8728 8871 8709 8479 8447 8497 8603 8638 8060 8331 8462 8378 8611 8643 8822 8035 8300 8583 9159 8687 8142 8317 8413 8060 8454 8645 8801 8431 8207 8357 8386 8128 8123 8017 8357 8597 8643 8798 8311 8166 7817 8112 8367 9055 7910 8463 8163 8434 8404 7836 8497 8912 8384 8449 8461 8966 8273 8920 8787 8754 8251 8661 7963 8285 8259 7870 8208 8376 8622 8553 8759 8458 8505 8684 8217 7972 8275 8437 8310 8463 8484 8038 8311 8530 8195 8563 8862 9174 8528 8660 8326 8614 8585 8569 8749 8045 8566 8813 8449 8132 8052 8711 7641 8457 8592 8238 8408 8599 8551 8532 8334 7948 8241 9028 8418 8315 8570 8379 8204 8242 9081 8535 8272 8170 8915 8379 8351 8274 8255 8553 8496 7862 8219 8554 8305 8077 8373 8742 8428 8419 8674 8668 8162 8334 8742 8119 8476 8433 8058 8319 7993 8453 7663 8878 8419 8691 8599 8588 8141 8049 8076 8158 8629 8821 7830 8154 8588 8551 8961 8546 8053 8580 9069 7973 8240 8490 8142 8001 8572 8758 8217 8249 8293 8220 8522 8087 7708 7950 7850 8251 7933 7675 8572 8426 7793 8802 8385 8385 8657 8229 8157 8694 8111 8214 8646 8313 8705 8864 8506 8908 8409 8438 8222 8719 8126 8257 8622 8161 8372 8298 8535 8130 8135 8810 8722 8877 8525 7806 8194 8307 8474 8155 8223 8187 8991 8673 8004 8221 7831 7821 8526 8153 8227 8759 7890 8296 8521 8159 8607 8438 8442 8354 8902 8882 8385 8860 8395 8654 9180 8467 7562 8691 8431 8410 8685 7916 7423 8325 8555 8480 8827 7847 8595 8135 8129 8939 8384 8499 8667 8239 8035 8640 8457 8094 7957 8805 8021 8857 8940 8952 8248 8453 8304 8360 8714 8323 8251 8784 8281 8336 8044 7631 8345 8471 8272 8488 8486 8542 8705 8272 8403 8652 7954 8712 8973 8154 8600 
8390 7948 8256 8391 8477 7841 8223 8477 8090 8106 8219 8465 8225 8231 8353 8154 8111 8585 8898 8078 8141 8087 8280 7800 8225 8321 8695 7630 8029 8650 7773 8263 7889 8161 8445 8339 8188 8484 8199 8345 7506 8088 7856 7675 8151 7855 8501 8194 7838 8109 8599 8507 8282 8689 7970 8032 8251 8055 8320 8424 8171 8143 7728 8469 7792 8107 8666 8286 8014 8718 8238 8019 7983 8051 8111 8387 7613 8038 7813 8413 7985 8749 8085 8395 8638 8226 8293 8250 8463 8182 8366 8274 8221 8234 8027 8239 8047 8481 7874 8061 8308 8388 8433 8168 7711 7968 7992 8315 8360 8556 8012 7825 8226 8138 8537 8169 7931 8056 8243 7646 8562 8262 8062 7790 8033 8002 8832 8314 8509 8149 8250 7671 7669 8509 8389 8286 8597 8116 8751 7773 8503 8644 8196 7980 8459 7872 8296 8658 7788 7946 8269 8368 8595 8700 8428 8226 8679 7684 7746 8529 8092 8161 8257 8418 7661 7690 8322 8271 8278 8400 8722 8362 8224 8100 8104 7992 8796 8948 7587 8373 8529 8205 7786 7858 8599 7446 8263 8109 7974 7838 8438 8332 7707 8066 7621 7784 8724 8588 8373 8104 8227 8087 8262 8233 8421 8178 7970 8571 7989 7859 7743 7857 7896 8194 7842 8039 8436 8310 7854 8059 8268 8198 8287 9002 7927 8004 8294 8761 8135 8257 8313 7918 8027 7754 8377 7736 8283 8333 8402 8493 8309 8298 8082 8029 8010 8338 8450 7854 8028 8281 8218 8750 8470 7923 8558 8252 8315 8407 8075 7939 7471 8421 8893 8413 7911 8154 8090 8406 8094 7403 7556 7620 7830 8025 7878 8561 8287 7828 8947 8257 8347 8551 7874 8414 8590 8211 8137 8193 8141 8586 8457 7959 8340 8159 7747 8295 8266 8034 8092 8402 7602 8138 7994 8308 7831 7563 8556 8605 8594 8127 7971 8254 8032 8167 7969 7929 8226 8281 8174 8125 7909 8208 7674 8296 8009 7821 8302 8072 8091 8303 8062 8345 8262 7989 8036 8336 8627 8089 8693 8145 8334 8705 8120 7406 8326 8515 8041 8440 7859 7711 7987 7921 7863 8431 7910 8527 8360 8183 8409 8102 8545 8723 7873 8349 7924 7657 7854 7851 8567 7734 8480 8654 8712 8194 8064 8332 7719 8143 8320 8339 8252 7994 7680 8013 7593 7833 8582 7722 8031 8345 8188 8748 8035 7998 8426 8087 8616 8400 7879 8044 
8277 8401 8578 8541 8747 8041 8511 8151 8598 8395 8423 8616 8584 8375 8729 8681 8196 8459 8828 8383 8734 8657 8005 8444 8579 8762 8767 8449 8629 8647 7877 8492 8482 8450 8078 8481 8305 8309 8617 8183 7706 8308 8098 8099 8357 8424 9268 8198 8209 8299 8869 8730 8289 8628 8215 8254 8837 8520 8471 8716 8467 8041 7763 9021 7824 8261 8991 8539 8697 8891 8673 8832 8315 8429 8920 8530 7451 8354 8158 8545 8945 8920 8417 8375 8901 8517 8350 8864 8637 8813 8742 8221 8148 8235 8607 8589 8543 8895 8357 8556 8565 8951 8742 8462 8291 8748 8178 8526 8836 8654 8206 8398 8649 8536 8105 8432 7903 8259 8541 8378 8785 8448 8292 8315 8401 8462 9061 8285 8367 8273 8465 8157 8358 8689 9417 8452 8765 7807 9063 7950 8703 9041 8654 8466 8797 8225 8564 8212 8441 8442 8617 8687 8469 8667 8450 8492 8686 7932 8233 8472 8425 8205 8733 8468 7787 8213 8762 8374 8430 8334 9044 8803 8677 8187 8319 8888 8711 8996 8258 8234 8959 8308 8382 7952 8732 7823 8410 8607 7848 8273 8635 8739 8495 8192 7802 8193 9201 8599 8454 8358 8185 8019 8367 8716 8730 8270 8351 9172 8283 8490 8110 7952 8637 8391 8115 8744 8568 8637 8147 8056 8422 8485 8679 8794 8566 8007 8411 8755 8408 8583 8587 8115 8438 7890 8791 8148 8785 8894 8588 8523 8412 8401 8227 8137 8614 8789 9147 8035 7982 8486 8291 8769 8420 8317 8660 8409 8303 8635 8404 8255 8143 8477 8927 8522 7742 8501 8571 8828 8368 7852 7932 8050 8409 8300 8415 8577 8710 8143 9006 8355 8678 8683 8051 8241 8769 8506 8338 8173 8156 8591 8816 8295 8540 8273 7722 8242 8302 8297 8173 8954 8095 8295 8460 8666 8259 8083 8487 9015 9108 8203 8046 8137 8110 8500 8347 7965 8028 8440 8608 8566 8263 8370 8070 8619 8289 8214 8649 8112 8029 8526 8357 8816 8188 8383 8672 8886 9203 8497 8510 8259 8600 8914 8653 8003 8466 8657 8492 8848 8202 8087 8018 8088 7802 8672 8069 8637 8425 8175 8826 8374 8144 9094 8367 8591 8646 8297 7929 8366 8661 8429 8694 8563 8835 8237 8480 8404 8066 8788 8383 8722 8702 8647 8229 8072 8258 8332 8568 8381 8454 8017 8582 8537 8340 8312 9285 8156 9074 8783 8477 8755 
8354 7864 8935 8758 8553 8028 8199 8199 8319 8503 8216 8729 8495 8149 8179 8448 8187 8479 8729 8070 8174 8433 8333 7969 8202 8430 8364 7912 8167 8526 7865 8325 8271 8453 7987 8309 8323 8398 8645 8625 7513 8168 8071 8221 8206 8043 8711 8195 7601 8294 8450 8613 8302 8721 8024 8362 8278 8231 8310 8437 8464 8180 7774 8376 7350 7899 8818 8448 8154 8700 8354 8461 7961 8030 8480 8309 7682 8302 7958 8397 8686 8729 8141 8424 8789 8386 8480 8436 8419 8576 8476 8328 8278 8437 8335 8316 8233 8545 8144 8129 8260 8640 8540 8172 7920 8275 8114 8282 8718 8245 8405 8240 8397 8304 8347 8256 8142 8152 8452 8397 8473 8331 7912 7932 8198 8141 8848 8131 8288 8121 8535 7995 8164 8492 8888 8396 8368 8041 8712 7834 8577 8525 8541 8110 8432 7956 8450 8113 8195 8251 8470 8571 8464 8282 8433 8188 8288 7884 7951 8306 8193 7931 8540 8211 7431 7856 8295 7947 8238 8551 8706 8185 8722 8448 8446 8625 8557 8606 7810 8421 8721 8431 8029 8328 8549 7623 8290 8325 7891 7884 8139 8687 8188 8121 8053 8094 8561 8237 8646 8265 8057 8245 8228 8466 8314 7952 7978 8764 8109 8325 7766 7814 8260 8419 8055 8226 8585 8400 7932 8281 8419 8173 8300 8818 8384 7931 8246 8536 8238 8272 8196 8036 8096 7911 8180 7675 8648 8633 8299 8351 8407 8264 8193 7837 8347 8414 8418 8084 8113 8022 8699 8978 8062 7924 8308 8521 8456 8400 7949 8109 7736 8591 8792 8294 7890 8064 8477 8288 8035 7995 7845 7657 8156 8188 7556 8516 8609 7840 8735 8253 8648 8262 7633 7904 8433 8110 8520 8030 7909 8336 8642 8224 8423 8553 7398 8090 8368 8337 8021 8475 7707 8355 8146 8466 8282 7906 8758 8967 8731 8393 8282 8303 8118 7985 8338 8134 7888 8711 8398 8126 8141 8250 7996 8241 8538 8108 8336 8271 7982 8425 8094 8686 8389 8401 8263 8558 8763 8224 8905 8270 8797 8953 8132 7843 8677 8505 8134 8738 8011 7768 8127 8159 8055 8587 8247 8416 8199 8200 9024 8183 8454 8975 8102 8184 8372 8133 7878 8091 8300 8200 8656 8637 8557 8165 8311 8435 8279 8205 8322 8280 8346 7903 8172 7924 7874 8185 8488 8114 8011 8324 8346 8595 8133 8279 8598 7958 8846 8324 8101 8524 
7958 7369 7749 8189 7831 7508 7754 7973 7699 7901 8006 8413 7936 7852 8131 7901 7609 8135 8254 7858 7814 7804 8148 7855 7894 8461 8499 7443 7978 7747 7517 7879 7883 8140 7594 7550 7605 7602 8104 7843 7181 7593 7394 7431 7647 7765 8294 7762 7524 7914 8362 7969 8048 8379 7836 7528 8144 7568 8179 8211 8084 7664 7166 8082 7406 8097 8114 7675 7848 8041 8065 7603 7356 7936 8229 8319 7393 7772 7665 7794 8205 8431 7769 8082 8279 7688 7616 8146 8145 7873 7767 7564 7728 7874 8114 8165 7862 7943 7443 7873 7976 8298 8208 7609 7724 7937 7539 8181 8034 8010 7714 7425 8161 8045 8134 7885 7814 8010 7955 7873 8009 8020 7555 7121 7699 7835 8773 7653 7877 7784 7992 7229 7492 8289 8499 7950 8250 8255 8011 7291 7891 8499 8044 7499 8313 7624 8119 7807 7620 7989 7890 8310 8211 7912 7888 7832 7947 7560 7733 7775 7478 8068 8237 8360 7494 7429 7850 7750 7740 8048 7975 8019 7860 7532 8078 7972 8210 8494 7513 8040 8234 7933 7587 7190 7931 7344 8125 7748 7586 7306 7933 7906 7632 7813 7634 7437 8456 8042 7945 7698 7481 7670 7988 8077 8028 7553 7420 8140 7636 7702 7746 7506 7797 8135 7658 7671 8437 7797 7806 7942 8054 7621 8079 8395 7482 7901 7660 8243 7918 8048 7889 7948 8142 7590 7824 7803 8077 7981 7979 8078 7802 7970 7401 7404 8003 7919 7919 7612 7688 7921 7930 8684 7861 7364 8018 8005 8094 7960 7587 7723 7816 8151 8639 8333 7446 7860 8111 8160 7751 7649 7200 7500 7850 7827 7551 8160 7892 7936 8841 7756 8198 8303 7676 7801 7875 7897 7529 8029 7922 8085 8028 7849 8031 7810 8038 8041 7825 7987 7803 8261 7683 7816 7691 8175 7967 7259 8265 8359 8186 7815 7884 7759 7527 7935 7471 7729 7688 7886 8058 8074 7486 7709 7615 8113 7445 7653 7757 7563 7490 8000 7743 8131 8193 7676 8056 8017 8345 7790 7950 8076 7417 8504 7718 7292 8040 7916 8083 7824 7612 7103 7407 8109 7768 8317 7527 7995 7922 7702 8062 7351 7662 8421 7580 8024 7867 7411 7432 7729 7691 7930 7923 8150 8245 7741 8005 7791 7911 8059 7903 8106 7705 7686 7689 7664 7460 8152 8299 7770 7751 7698 7844 8066 7851 7936 8200 7643 8517 7884 7432 7936 
8196 7861 8173 8809 8499 7941 8020 8501 7934 7738 8235 8681 8235 8179 8230 8552 7990 8393 8641 8207 8301 8355 8412 8390 8310 8607 8816 7836 8097 8776 7785 8169 8048 8748 8309 8303 8608 8246 8862 8263 7447 7908 7854 8041 8159 8118 8700 8503 7809 8049 8731 8726 8359 8304 8198 8377 8420 8186 8323 8869 8297 8228 7787 8625 7852 8303 8665 8440 8212 8572 8243 8299 7846 8282 8154 8726 7663 8349 8021 8259 8414 9034 8535 8338 9007 8269 8233 8307 8494 8603 8317 8291 8128 8417 8514 8394 7895 8466 8093 8367 8597 8616 8583 7982 7921 8286 8115 8258 8587 8622 8101 8081 8534 8423 8356 8269 8145 8200 8544 8119 7972 8270 8143 7761 8023 8228 8821 8105 8250 7973 8515 8189 8088 8655 8854 8457 8465 8459 8620 7985 8498 8600 8655 7959 8515 8112 8213 8431 7974 8240 8540 8351 8431 8473 8013 8202 8667 7935 7774 8146 8266 8141 8520 8383 7966 7564 8489 7923 7966 8307 8619 8380 8649 8519 8502 8439 8400 8651 7879 8418 8485 8337 8229 7911 8184 7712 8396 8409 8275 7929 8641 8400 8328 7869 7810 7921 8458 8216 8416 8537 8376 8103 8585 9035 8234 8444 7877 9165 8038 8128 8447 8047 8160 8267 8111 8043 8386 8159 8113 8396 8550 8333 8540 8833 8259 8031 8550 8648 8164 8424 8299 8189 7978 7959 8435 7814 8891 8597 8534 8430 8244 8320 8120 8118 8383 8548 8356 7992 8347 8202 8274 8879 8441 8091 8341 8761 8383 8289 8152 8375 7961 8316 9096 8547 7944 8341 8476 8441 8270 7801 7729 7722 8338 8598 7971 8665 8594 8080 8796 8103 8149 8340 8023 8040 8437 7992 8405 8258 8338 8639 8788 8421 8397 8635 7833 8025 8275 8122 7984 8965 8019 8098 8190 8232 8362 7920 8762 8709 8458 8197 8137 8117 8324 8363 8313 8059 8095 8848 8434 8130 8011 8193 8152 8455 8194 8069 8880 7890 8095 8554 7976 8512 8580 8032 8159 8704 8667 8335 8801 8420 8447 8808 8009 7544 8259 8610 8226 8526 8099 7525 7877 7653 8204 8433 8169 8477 8315 8167 8635 8240 8441 9026 7948 8369 8057 7977 7900 8012 8397 8294 8416 8409 8721 8164 8434 8499 7939 8384 8281 8115 8404 8225 7982 8069 7826 8239 9180 8342 8476 7989 8731 8242 8515 8331 8720 7868 8811 8890 7696 8410 
8221 7879 8372 8420 8377 7802 8306 8385 8273 7979 7817 8578 8254 8259 8450 8199 8126 8314 8943 8148 7903 8169 8230 8071 8182 8565 8471 7735 8126 8483 7500 8252 7621 8417 8047 8178 8029 7984 8609 8311 7466 7919 7456 7864 7841 8098 8778 8191 7629 7540 8569 8730 8147 8568 8449 7901 8208 8111 8501 8355 8066 8074 7590 8553 7482 8274 8595 8323 7755 8630 8082 8264 7908 8494 8805 8098 7682 8078 7909 7969 8387 8550 8198 8380 8928 8081 8438 8415 8474 8490 8327 8198 7854 8173 8258 7764 8079 8503 7842 8201 8507 8748 8280 8051 8205 8192 7777 8337 8700 8489 7988 7927 8301 8507 8214 7949 8158 8437 8198 8135 8337 8241 8055 7859 7982 8069 8953 8055 8443 7902 8514 8080 7681 8668 8668 8139 8271 8099 8434 7597 8667 8886 8215 8087 8637 7911 8205 8137 7699 8069 8332 8385 8373 8293 8272 7873 8690 7857 7994 8285 7886 8317 8251 8307 7786 7790 8293 7997 7902 8498 8866 8345 8406 8008 8368 8408 8461 8501 7710 7952 8535 8155 8157 7687 8148 7756 8474 8459 8087 7930 8038 8351 8075 8045 7532 7718 8633 8151 8395 8250 7824 7886 8047 8495 8408 8348 7956 8807 8066 8028 8206 8172 8115 8314 7789 8337 8130 8305 7997 8478 8564 8028 8036 8664 8258 7888 8047 8663 8017 8299 8421 8133 8059 7848 8275 8018 8543 8399 8586 8614 8119 8050 8089 7876 8507 8328 8195 7936 7941 8441 7892 8812 8277 7988 8714 8478 7670 8456 7843 7891 7954 8325 8823 8335 8097 8076 8134 8220 7980 7679 7476 7584 8112 8025 7472 8626 8330 7998 8625 8376 8076 8546 7680 7983 8607 8030 8217 8181 7950 8480 8655 8311 8426 8160 7865 8057 7973 7759 7867 8539 7616 8009 7855 8300 8196 8058 8542 8671 8334 8179 7959 8075 8340 8031 7769 7724 8293 8336 8316 8068 7881 8075 7933 8444 7676 7949 8296 7918 7727 8093 8042 8457 8142 8306 8336 8165 8494 8107 8707 8341 8341 9032 7854 7496 8388 8375 8244 8172 7818 7485 7973 8070 8196 8302 8049 8178 8224 8245 8397 7907 8163 8743 8185 8270 8193 7950 7714 7977 8365 7995 8714 8382 8545 8183 8256 8070 8329 8345 7844 8231 8308 8148 7875 7805 7976 8397 8727 7798 8273 8012 8361 8581 8093 8107 8801 8013 8748 8201 7849 8502 
8382 8009 8416 8991 8588 8177 8364 8549 8372 7922 8314 8220 8254 8577 8571 8267 8382 8387 8869 8112 8108 8641 8317 8311 8367 8592 8872 8131 8299 8575 7641 8390 7886 8686 8311 8352 8328 8423 8600 8410 7435 7965 7459 8190 8311 8386 8866 8585 7550 8162 8405 8696 8484 8774 8037 8034 8312 8193 8392 8830 8094 8163 7780 8820 7935 8584 8692 8517 8264 8680 8067 8462 7684 8434 8564 8289 7956 8713 8255 8455 8614 8895 8146 8742 8918 8500 8317 8680 8668 8281 8611 8386 8408 8090 8397 8393 8318 9032 8265 8389 8576 8806 8426 8353 7975 8417 8030 8470 8728 8821 8276 8296 8278 8377 7900 8402 7961 8216 8473 8417 8200 8226 8287 8105 7964 8176 9014 8037 8380 8054 8506 7921 8360 9046 9121 8248 8729 8096 9108 8165 8702 8784 8335 8136 8389 8183 8406 8316 7906 8432 8339 8337 8610 8989 8467 8568 8720 8004 7954 8375 8374 8249 8682 8591 7682 8149 8359 8561 8382 8421 9236 8430 8447 8198 8438 8662 8635 8918 8038 8522 8492 8379 8152 7556 8414 7905 8210 8505 8124 7936 8391 8460 8404 8098 7700 8279 8816 8590 8385 8244 8367 8389 8714 9105 8473 8228 8084 8746 8065 8437 8197 8068 8157 8540 7745 8571 8480 8601 8275 8357 8661 8142 8404 8686 8511 7609 8315 8769 8153 8576 8424 8098 8258 8039 8624 7807 8381 8653 8706 8670 8356 8340 8149 7734 8505 8270 8629 8296 8191 8451 8291 9014 8356 8036 8565 9088 8518 8121 8107 8109 8183 8237 9016 8609 8307 8387 8306 8376 8414 7893 7822 7879 8232 8621 7830 8550 8270 8092 9055 8408 8760 8231 8252 8266 8444 7963 8252 8358 8052 8179 8609 8627 8501 8340 8135 7940 8407 8408 8112 8629 8125 8381 8160 8335 8263 8165 8528 8801 8675 8189 8217 8472 8286 8286 8146 8165 8279 8458 8855 7898 8073 8016 8385 8343 8339 8467 8732 8178 7963 8447 8042 8783 8385 8169 8009 8608 8815 8293 8758 8562 8234 8794 8331 7452 8632 8234 8404 8616 7809 7743 7755 7917 8137 8385 8264 8474 8616 8198 8317 8113 8489 9261 8385 8267 8306 8263 8174 8059 8610 8317 9067 8742 8988 8269 8789 8466 8269 8448 8265 8489 8113 8352 8159 7828 7784 8060 8816 8273 8236 8310 8229 8601 8641 8514 8867 8129 8853 8743 8263 8456 
8434 8318 8589 8733 8679 8191 8386 8863 8297 8458 8234 8968 8601 8384 8640 8517 8463 8581 9193 8629 8803 8494 8549 8417 8636 8564 9208 8247 8507 8731 8263 8522 8216 9045 8605 8597 8540 8550 8819 8874 7884 8617 8085 8454 8654 8151 8778 8528 8249 8350 8713 8809 8587 9365 8124 8362 8571 8438 8896 8545 8796 8503 8042 8717 8087 8701 8617 8735 8615 9024 8289 8370 8012 8579 8772 8985 8042 8551 8002 8594 8960 9326 8591 8983 8710 8792 8786 8796 9030 8802 8879 8115 8637 8499 8623 8755 8450 8619 8286 8722 8787 8960 8778 8231 8134 8511 8237 8845 8903 8877 8432 8437 8610 8944 8700 8189 8672 8511 8595 8165 8710 8875 8440 8131 8718 8456 9445 8256 8473 8565 8570 8261 8285 9051 9107 8644 8885 8683 8988 8300 8852 9098 8788 8127 9233 8235 8657 8622 8232 8280 8487 8672 8985 9017 8525 8354 9329 8275 8438 8720 8528 8361 8792 8683 8104 8273 8591 8127 8687 8665 9670 8623 8647 8470 8680 9056 8723 9174 8242 8838 9089 8465 8287 7771 8518 8045 8614 8633 8330 7994 9021 8451 8355 8434 8091 8421 8752 8689 8769 8387 8543 8470 8253 8904 8701 8379 8260 9218 8307 8331 8714 8026 8515 8849 7853 8535 9103 8330 8182 8923 9071 8334 8812 9418 8665 8287 8724 8860 8684 8632 8355 8574 8458 8230 8573 8082 8914 8742 8863 9083 8495 8686 8472 8231 8675 8665 9097 8258 7960 8678 8352 9239 8728 7928 8809 8648 8411 8592 8542 8403 7975 8510 9256 8594 8381 8525 8543 8774 8160 7836 8048 7943 8622 8376 8373 8605 8397 8519 9286 8462 8673 8486 8248 8440 8553 8396 8076 8843 8250 8716 9050 8613 8327 8698 8163 8754 8567 8512 8353 8809 8180 8671 8767 8500 8179 8219 9103 9113 8991 8543 8324 8607 8351 8496 8703 8128 8282 8954 8738 8255 8253 8828 8196 8636 8217 8293 8931 8631 8372 8520 8081 8764 8695 8548 8635 8698 9094 8554 9195 8950 8767 9257 8472 7807 8491 8695 8443 8916 8197 7882 8472 8324 8894 8725 8268 8819 8355 8618 9159 8782 8397 9143 8663 8754 8431 8407 8091 8288 8912 8301 8789 8511 9304 8412 8729 8608 8362 8598 8329 8281 8460 8345 8046 8329 8185 8201 9335 8527 8476 8310 8608 8766 8295 8622 8625 8282 8703 9221 8424 8871 
8261 7843 8151 8368 8528 8201 8144 8461 8590 8151 8200 8718 8178 8213 8153 7890 8363 8264 8867 8144 8119 8074 8255 8176 8234 8470 8475 7683 8315 8633 7593 8227 8173 8343 8204 8164 8142 8576 8698 8358 7530 8057 7881 7771 8340 8136 8928 8364 8017 7956 8556 8511 8521 8664 8236 8109 8124 8267 8337 8543 8389 7905 7738 8264 7550 8375 8866 8479 7986 8714 8442 7993 7852 8208 8608 8581 7675 8150 7864 8546 8179 8809 8362 8410 8860 8600 8337 8502 8563 8528 8262 8257 7939 8217 7918 8596 8305 8367 8023 8335 8571 8602 8477 8017 7947 7983 8437 8339 8486 8417 7891 8417 8279 8365 8244 7936 8079 8081 8433 8167 8403 8514 8088 7910 7959 8298 8676 8242 8239 7855 8461 8124 7561 8537 8856 8201 8155 8193 8553 7943 8407 8687 8204 8073 8510 7644 8256 8184 7812 8171 8328 8448 8353 8642 8176 8190 8692 7720 7775 8204 7962 8107 8506 8523 7895 7579 8660 7901 8021 8466 8723 8372 8968 7950 8338 8211 8568 8860 7905 8203 8736 8247 8256 7757 8334 7725 8586 8382 7934 7860 8229 8360 8128 7777 7805 8387 8745 8465 8227 8211 7941 7794 8269 8582 8300 8155 8201 8538 8024 8548 8009 7769 8280 8502 7851 8070 8226 8393 7782 7934 8402 8065 8351 8883 8387 7979 8381 8643 8091 7992 7980 7940 7999 8166 8430 7782 8518 8369 8534 8559 8407 8229 7890 7829 8173 8181 8611 7747 8059 8130 8308 8883 8185 7848 8337 8971 7994 8433 8304 8055 7689 8302 9095 8305 7923 8453 8581 8583 8108 7694 7649 7436 8565 7977 7793 8461 8658 8276 8776 8362 8301 8475 8140 8246 8345 8424 8216 8464 8132 8752 8327 8428 8537 8211 7968 7798 8290 7868 7924 8678 7876 8029 8150 8351 7741 7638 8753 8794 8671 8149 8180 8299 8049 8182 7815 7916 7871 8427 8313 8127 8099 8339 8283 8345 8326 8062 8465 8035 7779 8222 8059 8519 8323 8459 8074 8295 9105 8542 8770 8339 8465 8697 8244 7690 8209 8565 8370 8685 7782 7759 7823 8049 8032 8038 8114 8548 8384 8055 8586 8164 8129 9059 7993 8287 8412 7910 7685 8064 8297 8029 8502 8764 8238 8211 8345 8399 8098 8409 8188 8200 8444 8394 7654 7722 7780 7872 8903 7942 8052 8206 8361 8468 8208 8180 8775 7985 8751 8532 8133 8494 
8119 7337 7859 8140 7810 7252 7916 7668 8185 7635 7887 7787 7848 7936 8157 7980 7786 7703 8204 7475 7798 7667 7890 7350 7572 7935 7967 7646 7631 8427 7374 7736 7469 8008 7688 7768 7696 7981 8183 8101 7094 7581 7421 7694 7533 7953 8288 8019 7535 7433 8475 8199 7623 8226 7836 7577 8150 7822 7852 8163 7716 7929 7711 8002 7260 7849 8164 7939 7673 7770 7790 7564 7606 7716 7851 7673 7075 7748 7366 7878 7864 8294 7791 8041 8385 7619 7750 7995 8116 8029 7885 7864 7573 7577 7850 8181 7708 7743 7488 7889 7936 8125 8088 7688 7371 8082 7509 8086 8100 7967 7674 7432 7844 8391 7736 8001 7595 7751 7859 7683 7963 7890 7476 7755 7619 7883 8733 7868 8129 7585 8014 7576 7467 8074 8366 7956 7926 7588 8055 7629 8327 8036 8157 7477 8028 7409 8140 7840 7520 7485 7823 7994 7813 8147 7820 7528 8276 7717 7127 7355 7678 7703 8075 7797 7604 7657 7939 7284 7773 7805 8255 7858 8146 7745 7689 7830 8200 8511 7154 7771 7938 7972 7652 7407 8144 7260 7962 7754 7459 7843 8156 7714 7938 7630 7252 7705 8318 8095 8025 7536 7740 7985 7881 8046 8054 7613 7711 8245 7581 7707 7440 7744 7813 7799 7742 7657 7898 7710 7874 7544 8051 7691 7684 8322 7638 7312 7778 8320 7483 7953 7714 7610 7611 7618 7517 7286 8329 7692 8045 7860 7596 7723 7585 7399 7868 7802 8374 7747 7566 8198 7933 8221 7836 7701 8007 7995 7885 7802 7683 7805 7354 7779 8485 8058 7372 7752 8038 7802 7605 7291 7370 7208 7512 7935 7341 8201 7898 7358 8425 7803 8055 7879 7862 7640 8007 7814 7879 7550 7724 7655 8044 7910 8011 7780 7308 7553 7733 7691 7884 8372 7506 7514 7524 7927 8005 7435 8116 8366 8246 7730 7989 7644 7468 7642 7774 7515 7680 8128 7745 7346 7684 7635 7574 8137 7451 7715 7853 7495 7215 8152 7845 7697 8070 7787 7724 8162 8383 7452 8147 7661 7962 8223 7463 7009 8027 7920 7516 8078 7817 7105 7404 7622 7617 8288 7220 7964 7860 7594 8150 7481 8064 8411 7740 7918 7594 7569 7162 7315 8219 7407 8270 8149 8311 8008 8074 7816 7529 8037 7489 7756 8120 7638 7525 7658 7640 7594 7990 7840 7698 7745 7789 8127 7547 8024 8116 7569 8157 8338 7549 7786 
8542 7832 8272 8374 8564 8136 8414 8474 8219 7983 7917 8409 8210 7920 8732 8311 8323 8131 8770 8286 8066 8512 8294 7840 8056 8445 8554 7500 8437 8497 7597 8508 7708 8186 8050 8293 8379 8407 8533 8368 7507 8040 7804 8243 8194 8197 8491 8295 7404 8200 8741 8521 8335 8731 8157 8138 8330 8043 8401 8339 7857 8057 8045 8469 7873 8480 8400 8206 8085 8317 8320 7835 7949 8138 8294 8321 7561 8428 7770 8120 8337 8915 8274 8269 8873 8344 8418 8264 8629 8500 8577 8242 8077 8162 8279 8220 8289 8648 8001 8186 8555 8462 8287 7907 7668 8083 8051 8421 8663 8694 8384 8049 8293 8020 8108 8299 8029 8559 8418 8135 8488 8483 7930 8219 8191 8248 8778 8183 8411 7786 8352 8104 7730 8417 8664 8148 8484 8034 8127 8109 8703 8627 8272 7837 8348 7847 8293 8500 7824 8266 8407 8592 8548 8408 8324 8426 8764 8008 8066 8235 7986 8587 8366 8548 7841 7522 8408 8124 8109 8434 8530 8212 8245 7876 8067 8525 8835 8542 7751 8342 8672 8349 7869 7911 8368 7760 8178 8316 8202 8042 8146 8446 8224 7944 7737 8054 8861 8415 8666 8161 8090 7885 8225 8614 8206 7773 8017 8827 8079 8033 7884 8018 8185 8511 7713 8193 8543 8182 8046 7972 8495 7769 8177 8744 8250 8198 8628 8459 8159 8089 8458 7998 8112 7643 8256 7719 8554 8273 8467 8120 8286 8113 8132 7893 8166 8431 8489 7855 7966 8051 8211 8708 8683 7785 8696 8464 8264 8506 8312 8274 7884 8222 8985 8318 8154 8141 8056 8665 7826 7654 7623 7485 8113 8126 7921 8273 8041 8113 8904 8279 8197 8231 7858 8184 8187 8028 8217 8291 8178 8646 8784 8300 8268 7994 7752 8250 8200 8018 7980 8295 7667 8306 7960 8440 8286 8049 8312 8584 8486 8198 8001 8215 8200 8145 8186 7779 7983 8378 8365 8066 8062 8205 8312 8321 7722 7977 8246 8238 7949 8347 8110 8306 8139 8343 8241 8541 8468 8060 9110 8194 8466 8794 8346 7566 8463 8491 8183 8527 7912 7760 7854 7827 8438 8551 7693 8608 8361 8214 8647 8043 8177 8598 8466 8016 8514 8032 7894 8077 8266 8158 8527 8281 8410 7961 8478 8553 8157 8168 8133 8018 8446 8487 7787 7708 7766 8203 8674 8202 8009 8172 8086 8357 7841 8262 8542 8171 8773 8514 7919 8510 
8506 8269 8964 8958 8802 8469 8716 9093 8627 8282 8417 8961 8915 8796 8810 8509 8549 8356 9432 8645 8715 8619 8783 8281 8698 8804 8773 8252 8569 9142 8221 8782 8752 8748 8747 8846 9025 8705 8954 9021 7836 8544 8270 8325 9026 8363 9234 8653 7793 8607 9106 9032 8845 9230 8410 8686 8766 8745 8932 8957 8805 8515 8313 8928 8070 8704 8994 8972 8476 8919 8860 8558 8585 8660 9297 8945 7990 8910 8452 8593 8561 8814 8761 9167 9413 8546 8502 8715 9179 9050 8932 8581 8365 8656 8473 8766 8415 9081 8253 8705 8611 8586 9192 8295 8321 8701 8469 8940 8984 8973 8552 8618 8588 8649 8534 8705 8462 8727 8978 8253 8818 8629 8605 8384 8113 8370 9363 8664 8252 8542 8439 8454 8221 9024 9210 8642 8489 8436 8941 8057 8688 8963 8756 8551 9116 8422 8858 8601 8061 8442 8644 8941 8750 8925 8808 8635 8661 8403 8051 8798 8222 8793 8826 8845 8091 8430 8782 8347 8150 8576 9415 8487 8800 8716 8729 9226 8946 9430 8068 8869 8913 8802 8738 8299 8787 8191 8291 8361 8465 8058 8883 8813 8126 8388 8197 8297 8708 8856 8789 8601 8746 8378 8704 9142 9188 8382 8516 9162 8711 8438 8667 8400 8430 8919 8043 8548 8929 8780 8482 8651 9127 8514 8764 9060 8683 8420 8547 9017 8730 8855 8356 8470 8585 8313 8931 8583 9185 8915 9146 8924 8484 8485 8545 8347 8935 8912 8866 8403 8621 8611 8794 9099 8578 7894 8796 9169 8908 8359 8376 8848 8205 8968 9265 8695 8409 8551 8582 8675 8493 8217 8030 8057 8713 8467 8479 8748 8820 8656 9213 8533 8924 8909 8173 8591 9128 8689 8631 8509 8239 8864 9004 8525 9192 8661 8285 8532 8946 8875 8332 8803 8149 8454 8755 8945 8266 8232 9092 9304 8976 8744 8586 8737 8518 8499 8477 8039 8659 8767 8799 8657 8627 8424 8075 8662 8657 8298 8691 8506 8625 8739 8487 8650 8707 8499 8673 8668 8901 8811 9155 8812 8804 9333 8593 7745 8833 8702 8641 9134 8012 8045 8101 8491 8678 8773 8493 8720 8787 8288 8929 8648 8563 9544 8502 9056 8756 8462 8055 8572 8547 8378 8917 9093 9229 8704 8687 8694 8245 8638 9074 8864 8859 8537 8395 8409 8158 8358 9523 8408 8363 8377 8405 9107 8643 8752 8969 8316 9143 8988 8530 8640 
8027 7614 8087 8379 8449 7789 8134 8425 8183 7778 8150 8572 8318 8295 8420 8272 7621 8260 8685 8217 8494 8049 8394 7879 8203 8320 8612 7732 8259 8197 7963 8016 8273 8500 8115 7872 8170 8131 8324 8236 7478 8015 7381 7772 7919 7906 8627 8210 7530 8161 8679 8764 8003 8540 8017 8368 8678 8149 8484 8602 7993 7710 7743 8525 7823 8219 8578 7876 8287 8230 8282 8041 7576 8042 8451 8117 7859 8132 7824 8257 8346 8755 8011 8331 8478 7870 8083 7963 8512 8370 8118 8235 8016 8129 8159 8115 7933 8266 7974 8146 8161 8516 8170 7786 7634 8490 7539 8209 8368 8407 8027 7958 8288 8111 8152 8280 8269 8220 8209 7763 8181 8241 7707 7841 7881 8052 8713 8139 8575 7597 8037 7778 7981 8337 8707 7906 8358 8020 8476 7837 8392 8578 8235 7976 8403 8028 8207 8296 7851 7878 8442 8498 8228 8679 7865 8092 8460 7963 7649 8214 8327 7979 7802 8459 7919 7812 8317 7879 7989 8178 8703 8533 8203 8227 8026 8451 8634 8690 7836 8117 8649 8128 7897 7536 8269 7386 7878 8330 7813 7531 8553 8041 8017 7977 7742 7838 8597 8400 8186 8312 8215 7908 8340 8537 8518 8260 8060 8483 8190 7983 7971 7869 8014 8315 7707 8312 8197 8199 8037 7904 8260 7816 8213 8503 8044 8048 7810 8624 7978 8346 8276 7702 8087 7836 8042 7793 8688 8347 8538 8511 8209 8119 7956 7752 8083 8185 8449 8034 7661 8199 7874 8844 8354 7541 8395 8443 7957 8121 8086 8228 7771 7989 8983 8495 7914 8147 7939 8059 7721 7549 7072 7574 7980 8053 7878 8144 7851 8030 8688 7815 8215 8536 7921 8191 8356 7954 8066 8032 7871 8182 8394 8179 8291 8128 7824 8346 8180 7803 8010 8467 7819 7870 7725 7977 7827 8154 8680 8305 8530 8017 7859 7992 8021 7830 8082 7795 7999 8367 8390 8033 7772 7848 7514 8250 7838 7802 8364 8070 7815 8255 8101 8415 8081 7989 8152 8522 8616 8117 8890 8110 8352 8709 8036 7399 8424 8314 8102 8517 7834 7369 7811 7907 8316 8210 7922 8292 8115 8119 8371 8209 8075 8885 8090 8359 8151 8001 7529 7919 8520 7604 8493 8454 8847 7963 7983 8226 7913 8542 7996 8256 8465 8100 7822 8237 8029 7840 8385 7863 7951 8192 8236 8404 8131 7772 8241 7848 8667 8790 7896 8263 
7387 7492 8151 7906 7708 7601 7663 7954 7717 7784 7629 7950 7662 7899 7794 7643 7172 7562 8346 7595 7486 7703 7623 7627 7958 7728 8021 7178 7509 7931 7254 7768 8230 7694 7594 7699 7771 7467 7772 8025 6831 7219 7080 7514 7301 7538 8109 7653 7333 7541 8050 8060 7658 7826 7642 7469 8033 7444 7678 7693 7658 7558 7138 7785 7042 7935 7982 7728 7721 7906 7692 7642 7532 7606 7681 7626 7369 7701 7229 7651 7957 7920 7685 8134 8271 7573 7680 7639 7990 8151 7851 7639 7509 7514 7723 7735 7813 7859 7043 7601 7724 8005 8079 7496 7498 7787 7454 7707 7964 8146 7582 7373 7879 7825 7779 7781 7247 7368 7796 7559 7678 7618 7459 7372 7834 7539 8507 7467 7968 7374 8117 7582 7467 8347 8468 7435 7538 7158 7942 7250 8102 7975 7939 7415 7790 7401 7426 7879 7096 7535 7911 7983 7732 7957 7801 7532 7829 7509 7255 7625 7778 7540 7814 7708 7491 7378 8171 7385 7860 7738 8260 7559 8053 7516 7558 7798 7947 8002 7236 7576 8218 7804 7559 7431 8072 7006 7476 8177 7573 7454 7822 7803 7735 7629 7022 7442 8097 7861 7621 7583 7631 7574 7564 8396 7998 7311 7324 8157 7761 7449 7585 7605 7652 7698 7272 7666 7913 7638 7332 7525 7923 7413 7532 8205 7612 7284 7670 8086 7203 7798 7764 7424 7415 7033 7996 7281 8032 7975 8121 7850 7713 7573 7582 7122 7965 7996 8050 7666 7602 7822 7673 8315 7372 7424 7831 7501 7602 7781 7421 7274 7400 7855 8354 7941 7248 7431 7682 7665 7672 7251 7316 7119 7550 7607 7320 7971 7631 7670 8103 7551 7801 7798 7248 7614 8105 7821 7651 7759 7456 7673 7986 7832 7793 7623 7269 7608 7602 7732 7412 7740 7008 7466 7452 7866 7208 7396 7983 8128 8012 7469 7620 7428 7889 7577 7498 7501 7518 8038 7653 7910 7414 7641 7042 7426 7618 7471 7988 7946 7521 7645 7662 7972 7428 7928 7637 7888 8234 7304 8123 7571 7952 8262 7725 7249 7790 7913 7802 8187 7277 7116 7400 7268 7580 8119 7513 7672 7757 7492 8260 7548 7697 8125 7519 7885 7776 7657 7050 7562 8194 7454 7830 7731 7830 7440 7489 7711 7653 7892 7624 7827 7998 7603 7261 7215 7452 7672 7839 7484 7628 7681 7804 7759 7483 7653 7809 7525 8169 7683 7685 7635 
8843 8292 8852 8921 9021 8657 8419 9019 8729 8421 8569 8881 8578 8528 9070 8301 8415 8804 9410 8598 8617 8771 8834 8289 8793 9148 8752 8109 8612 9066 7985 8430 8205 9061 8869 8507 8636 8632 9000 8565 7909 8461 7898 8507 8410 8560 8832 8870 8060 8440 8835 9039 8595 9171 8967 8690 8651 8480 9200 8733 8783 8430 8013 8814 8114 8615 9010 8726 8591 8934 8789 8425 8525 8805 8948 8956 8591 8697 8342 8681 8594 9305 8761 8991 9532 8679 8640 9139 8942 9155 9100 8724 8544 8804 8822 8551 8601 9025 8368 8730 8874 9208 8914 8500 8470 8678 8669 8724 8950 8834 8439 8395 8928 8747 8667 8561 8749 8836 8676 8750 8762 8512 8853 8368 8631 8475 9144 8582 8960 8393 8782 8969 8415 8734 9294 8515 8886 8529 8852 8128 8961 8986 8598 8311 8940 8460 8787 8929 8092 8737 8646 8797 8706 9310 8546 8440 9089 8462 8441 8914 8503 8729 8978 8837 8334 8425 9181 8751 8860 8973 9238 9012 8806 8586 8723 8549 9353 9526 8276 8826 9010 8555 8553 8226 8646 8427 8710 8790 8295 8097 8739 8926 8791 8400 8325 8283 9176 8816 8452 8627 8656 8278 8940 9228 9105 8449 8511 9264 8344 8395 8570 8476 8664 8824 8274 9030 8832 8679 8390 8213 9101 8578 8885 9298 8764 8421 8842 9086 8620 8826 8723 8676 8330 8435 8777 7957 8841 8853 9017 8888 8681 8697 8531 8296 8644 8979 8917 8265 8588 9022 8646 9319 8638 8490 8864 8844 8393 8715 8660 8142 7981 8693 9523 8740 8313 8646 8636 8958 8644 8060 8061 8257 8664 8397 8254 8883 8838 8580 9102 8728 9044 8865 8204 8689 8840 8924 8673 8576 8441 8849 9065 8500 8643 8917 8073 8629 8548 8364 8537 9219 8459 8668 8357 8978 8444 8125 8961 9163 9155 8760 8571 8599 8832 8401 8515 8607 8334 8969 8572 8528 8784 8677 8336 8984 8646 8248 8670 8265 8457 9043 8382 8802 8806 8557 8572 9321 9383 8993 8995 8735 8967 9644 8467 8074 8843 9226 8795 9223 8272 7749 8264 8372 8855 9012 8183 8989 8750 8377 8981 8903 8568 9471 8358 8786 8847 8533 8543 8225 8777 8713 8893 8934 9101 8685 8631 8705 8645 8843 8565 8478 9051 8957 8363 8509 8380 8252 9056 8386 8727 8668 8649 8906 8542 8562 8957 8346 9513 9198 8374 8904 
8077 7670 8005 8402 8376 8182 7836 8168 7663 7660 7613 8376 8299 8096 8337 7625 7854 8090 8325 7998 8138 8061 7991 7652 7917 8318 8414 7728 8139 8436 7665 7980 8008 8015 7883 7635 7912 8129 8313 8201 7148 7606 7667 7521 8038 7819 8610 7803 7407 7874 8448 8376 7677 8645 7941 8211 7997 8063 8337 8244 8034 7678 7809 8235 7460 7814 8206 8555 7904 8299 7742 8115 7809 8199 8403 8277 7354 8154 7748 8140 8183 8395 7993 8202 8490 8049 7952 7897 8189 8565 8153 8171 7825 8321 8179 8046 7996 8212 7861 8037 7996 8545 8269 7738 8004 7679 7837 7974 8126 8419 7673 7924 8136 8242 7996 8005 7911 7760 8173 7768 8158 8259 7683 7438 7759 7975 8592 7779 8078 7891 8092 7923 7779 8399 8567 8098 8477 8077 8334 7700 8563 8310 8470 7606 8350 7562 8184 8035 7630 8022 7828 7974 8089 8159 8075 7848 8381 7759 7928 8160 7827 7933 7974 8210 7748 7763 8440 7474 7886 8162 8720 8011 7926 7985 7929 8251 8467 8564 7416 8054 8132 7851 7948 7766 7924 7603 8111 7989 7885 7279 8286 8253 7963 7878 7490 7556 8512 8179 8289 8075 8122 7757 8051 8586 8373 7891 7637 8311 7641 7940 7871 7941 8114 8104 7791 7808 7851 8113 7971 7811 8366 7922 8110 8810 8244 7786 8227 8153 7951 8226 7902 7933 7997 7861 8210 7761 8290 8294 8450 8370 8156 8161 7745 7611 8300 8074 8437 7866 7857 8489 7896 8453 8095 7889 8400 8483 8109 7921 7555 8052 7980 7820 8762 7909 7874 7830 7855 8303 7658 7605 7466 7478 8168 8118 7600 8138 8166 7855 8742 7878 8228 8445 7575 7661 8329 8283 8055 8198 8111 7978 8374 8049 8308 8131 7552 8031 8244 7980 7911 8265 7588 7988 8137 8125 7704 8015 8511 8392 8267 7931 7749 8072 7981 7894 7809 7830 7648 8136 8316 7806 7620 8190 7764 8127 7610 7688 8022 7658 7798 8175 7754 8097 8312 7927 8001 8282 8533 7932 8582 8266 8108 8559 7945 7360 8145 8266 8225 8116 7844 7306 7949 7962 7871 8505 7793 8161 8015 7711 8397 7968 8181 8627 8034 7871 8121 8007 7831 7715 8192 7483 8204 8184 8140 8077 8209 7872 7969 8058 7924 8052 8304 8028 7390 7619 7873 7662 8385 7945 7873 7694 8043 8204 8427 8220 8619 7700 8628 8596 7705 8088 
8329 7755 8288 8033 8500 7851 8099 8390 7961 8222 7912 8526 8516 7934 8404 8052 7935 8084 8740 8310 7865 8414 8382 7949 8374 8020 8549 7871 7932 8543 7682 8065 8041 8510 8058 7918 7843 8314 8398 8635 7660 7948 7839 7608 7972 7607 8499 8117 7841 8137 8553 8306 7921 8210 8245 7754 8369 7778 7962 8360 7904 7903 7631 8167 7311 8022 8455 8004 7856 8463 8258 7873 7736 8099 8393 8143 7526 8323 7485 8112 8282 8321 8228 8453 8692 8084 8506 8361 8698 8394 8455 8427 8165 7790 8052 8342 8291 8321 7690 7818 8249 8388 8490 7831 7707 8197 7559 8389 8217 8427 8025 8003 8035 8192 8090 8075 8083 8058 8132 8153 8469 7926 7879 7886 8032 8055 8408 8123 7847 7845 8100 7633 7851 8567 8635 8465 7976 7680 8114 7597 8560 8520 8172 7513 8302 7774 8097 8220 7755 8266 8368 8349 8160 8751 8442 7990 8455 7734 7705 8095 7877 7996 8549 8835 7631 7845 8154 7843 8142 8189 8540 8168 8108 7686 8268 8222 8182 8653 7649 8109 8164 8006 7852 7756 8575 7568 8203 8135 7839 7900 8182 8037 7972 7885 7868 7679 8385 8495 7802 8022 7946 8022 7982 8232 8113 8034 7578 8535 8086 8348 7695 7779 8077 7761 7934 7813 8630 8147 7653 8183 8452 7765 8190 8889 8085 7676 7697 8675 7963 8259 7916 7953 7860 7981 8081 7686 8106 8433 8130 8202 8005 8272 7706 7398 8151 8254 8414 7668 7995 8313 8296 8526 8201 7733 8179 8425 8290 8234 7792 7990 7823 8187 8740 8661 7754 7951 8194 8081 7950 7596 7673 7570 8156 8118 7660 8208 8522 7797 8766 8426 8603 8370 7922 7937 8347 8146 7947 7936 7869 8185 8567 8222 8260 8330 7618 8052 8451 7842 7780 8229 7649 8028 7996 8213 7881 7647 8188 8567 8558 8042 7739 8415 8133 7642 7730 7784 7582 8160 7917 8085 7685 7935 7486 7885 8121 8203 8063 8046 7755 8069 8293 8568 7954 8091 7839 8607 8595 8008 8702 8215 8484 8639 7814 7265 8057 8240 8428 8571 7855 7388 7851 8089 7967 8390 7749 8213 8327 8045 8194 8095 8129 8807 8025 8174 8168 7703 7462 7978 8362 8113 8373 8541 8321 8223 8406 7816 7614 8115 7916 8129 8160 8014 7591 7689 7420 7632 8340 7724 7630 8074 7920 8284 8143 8122 8710 7750 8896 8497 7857 8041 
8098 7964 8569 8710 8494 7919 8024 8266 8347 7983 8347 8633 8159 8282 8333 8460 8058 8328 8656 8242 8288 8108 8276 8067 8550 8159 8493 8010 8025 8392 7723 8334 8132 8150 8113 8433 8113 8195 8584 8592 7413 7991 7839 7802 8450 8219 8799 8322 7607 8282 8943 8622 8293 8948 7933 7928 7948 8327 8366 8746 8212 7863 8031 8507 7634 8423 8620 8456 8172 8523 8280 8204 7645 8126 8507 8335 7722 8104 8284 8096 8327 8727 8052 8195 8791 8265 8149 8598 8511 8455 8287 8364 7729 8543 8157 8365 8189 8690 8008 8435 8407 8460 8578 7917 7817 8361 8281 8211 8358 8773 8094 8173 8402 8274 8126 7949 7822 8095 8253 8301 8160 8404 8127 7950 8021 8328 8874 7981 8195 8178 8029 8007 7639 8489 8921 8494 8306 8388 8566 7737 8631 8791 8381 7980 8437 7791 8463 8069 7953 8404 8356 8239 8466 8401 8395 8129 8514 8007 7851 8013 8128 8250 8244 8539 7616 7909 8633 8050 7951 8045 8759 8219 8370 8283 8124 8420 8842 8961 7672 8363 8453 8219 8206 7587 8435 7793 7770 8298 7960 7784 8237 8103 7970 8100 7489 7959 8420 8213 8441 7998 8202 7997 8232 8469 8578 8027 8203 8703 7852 8358 8158 8075 8091 8114 7902 8113 8494 8430 8245 8036 8582 8083 8233 8833 8276 8050 8015 8569 8379 8268 8211 7737 8205 7946 8645 7931 8397 8311 8424 8521 8241 8210 8185 8119 8200 8155 8552 7727 7864 8050 7931 8967 8026 7880 8607 8703 8231 8460 7918 8012 7876 8126 8733 8376 7834 8167 8401 8475 7940 7752 7837 7600 8481 8221 7940 8492 8219 8264 8799 8210 8271 8611 7559 8195 8368 8300 8055 8306 8153 8287 8301 8006 8610 8161 7879 8274 8296 8501 8110 8680 7691 8133 7908 8155 8156 8091 8667 8689 8574 7822 8019 8434 7689 8192 8163 8097 8028 8691 8216 7967 7992 8009 8236 8199 8128 8018 8009 8014 8084 8738 8217 8529 8224 8195 8230 8287 9070 8392 8782 8379 8422 8525 7910 7601 8457 8279 8094 8600 8034 7403 7837 8338 8168 8563 7716 8383 8176 7967 8663 8206 7930 8845 8094 8459 8566 7744 7569 7989 8688 8199 8495 8844 8229 7888 8508 8266 7990 8420 8294 8531 8683 8007 7758 7746 7929 7893 8382 8019 8174 7969 8161 8243 8404 8455 8696 8071 8796 8448 7971 8488 
8073 7748 8349 8123 8169 7950 7495 8222 7826 7951 7730 8251 8176 7827 8089 7913 7812 7856 8562 7901 8173 7867 7651 7700 7836 8094 8398 7623 8098 7975 7419 7889 7587 8009 7757 7921 8014 7860 8288 8205 7212 7741 7404 7452 7974 7620 8159 7913 7380 7646 8385 8343 7642 8426 7922 7858 8141 7612 8032 8228 7622 7737 7375 7877 7371 7992 8113 7880 7971 8405 8077 7538 7751 8178 8245 7830 7664 7923 7560 7738 8179 8468 7817 8012 8163 7925 7752 8122 8230 7760 8187 7616 7796 7910 7893 8017 7806 8025 7638 7813 7990 8385 8163 7739 7874 7715 7305 7674 8428 8066 7809 7677 7720 8133 7754 7803 7428 8054 7772 7543 8225 7697 7552 7581 7927 7941 8597 8016 8073 7794 8073 7728 7321 8207 8626 7903 8100 7711 8341 7751 8370 7949 7819 7691 8260 7506 7837 7864 7488 7633 7757 8176 8234 8390 7675 7896 8081 7647 7523 7507 7643 7418 7998 7862 7362 7555 8059 7638 8002 7918 8437 8179 8014 7803 7843 7928 8151 8454 7304 7906 8164 8065 7863 7548 7961 7620 7664 7840 7672 7518 7988 8052 7657 7755 7162 7651 8326 8165 7946 7586 7875 7765 7798 8438 7914 7774 7491 8516 7812 7431 7899 7717 8385 7949 7496 7908 7704 7911 7671 7826 8052 7646 7917 8331 7808 7481 8051 8419 7718 7931 7971 7814 7600 7596 7974 7465 8448 8357 8482 7962 7788 8085 7533 7519 7797 7857 8306 7769 7801 7882 7790 8594 7946 7493 8047 8222 7560 8235 7622 7523 7029 7970 8351 7833 7284 7936 8002 7947 7500 7152 7518 7227 7694 7525 7940 8190 7575 7919 8431 7619 8136 8048 7431 7856 8000 7994 7893 7542 7537 7948 8143 7971 7990 8029 7250 7568 7775 7936 7716 8218 7398 7815 7654 8084 7738 7187 8421 8119 8063 7791 7656 8079 7763 7474 7747 7751 7740 8240 7862 7782 7658 8059 7271 7844 7605 7470 8446 7830 7604 7872 7804 8363 8058 7870 8029 8281 8375 8053 8275 7815 8139 8592 7868 7200 7879 8152 7811 8379 7633 7496 7509 7658 7804 8084 7494 8060 7880 7758 8307 7778 8037 8409 7817 7913 7669 7578 7447 7466 8172 7695 8162 8098 8235 7392 8019 7771 7730 8346 7662 7760 8137 8020 7625 7698 7605 7516 8094 7418 7559 7945 7503 8033 7746 7655 8003 7604 8518 8477 7537 7894 
7973 7903 7977 8502 8166 7621 7999 8106 7909 7913 7964 8268 8131 8017 8387 8086 7811 8069 8498 8026 7982 7660 8144 7778 7875 8051 8348 7774 7974 8194 7699 7761 7836 8395 8027 7860 8061 7842 8305 7870 7188 8286 7614 7672 7767 7913 8700 7843 7488 7701 8659 8187 8113 8471 8203 7765 8147 7861 8486 8427 7994 7908 7540 8450 7437 8317 8662 8274 8023 8401 8067 7720 7804 8239 8262 8438 7261 8038 7644 8043 8058 8627 7935 8262 8533 7906 8197 8235 7927 8247 8173 7897 7937 7805 7834 7950 7717 8316 7904 8064 8320 8738 8303 7868 7876 8110 7519 8135 8477 8554 7760 7749 8269 8298 7944 7949 7882 7881 8306 7980 8247 8204 7778 7609 7886 7696 9005 7983 8239 7837 8183 7571 7688 8217 8655 8150 7875 8091 8408 7619 8144 8516 8176 7601 8471 7735 8341 8174 7588 7893 8027 8098 8332 8087 8289 7880 8378 7705 7831 8246 7649 7863 8055 8333 7740 7884 7920 8040 7872 8338 8467 7999 8256 8000 8064 8146 8217 8774 7743 8140 8404 7918 7818 7676 8220 7396 8095 8339 7748 7665 8185 7984 7997 7635 7546 7740 8243 8331 8008 7966 8191 7982 7884 8449 8323 7781 7971 8466 7872 8019 7801 7725 7738 8117 7561 8155 8317 8198 7624 7907 8256 7890 7996 8465 7965 7650 7781 8241 7845 8237 8015 7912 7770 7667 7976 7726 8507 8174 8458 8039 7833 7540 7587 7878 8031 8152 8672 7800 7576 7984 8087 8370 7897 7857 8318 8322 7723 8200 7844 7672 7750 8062 8613 7852 7738 8028 8217 8121 7613 7339 7172 7403 7835 7979 7603 8054 8051 7888 8526 7804 7850 8259 7805 7896 8413 7956 7924 8204 8084 8141 8404 7836 8506 8127 7477 7834 8129 8002 7949 8291 7664 8126 7937 8076 7870 7660 8380 8390 8556 7911 7873 8126 7725 8014 7763 7820 7980 8149 8143 8033 7469 7754 7458 7652 7553 7771 8231 8207 7541 8000 7907 8403 8101 7826 7995 8153 8563 7802 8631 8290 8235 8455 7837 7431 8182 8041 7908 8282 7810 7548 7830 8084 7916 8292 7618 8240 8366 7809 8363 7782 7911 8635 7859 8265 8150 7672 7382 7665 8115 7700 8282 7980 8162 7836 8446 8042 7762 8216 8019 7904 8183 8234 7636 7688 7840 8005 8437 7811 7783 7667 7858 8234 7646 8016 8296 8088 8658 8662 7974 8205 
8029 7739 8281 8047 8228 7873 8211 8485 7900 7848 7848 8395 8044 8079 8207 7766 7834 7748 8423 7987 7861 8078 8328 7781 8153 8215 8519 7540 7692 8352 7554 8289 7921 7828 7962 7779 7986 7980 8154 8340 7574 7783 7687 7753 8274 7796 8327 8223 7406 7804 8644 8317 8007 8647 8008 7966 8470 7795 8232 8394 8233 7916 7715 8408 7566 8132 8411 8252 8044 8186 7998 7919 7806 8089 8466 7926 7740 8209 7714 8052 8254 8470 8096 8125 8401 7927 7833 8270 8434 8540 7971 8091 8029 8019 7864 8278 7923 8681 7957 7802 7940 8143 8504 7808 7776 7929 7570 8071 8412 8663 7865 7661 8218 8041 7702 7993 7570 8282 7873 7775 8053 8103 7555 7834 8117 7975 8462 7834 8064 7982 8306 7920 7785 8374 8665 8015 8288 7917 8423 7833 8570 8462 8356 7772 8427 7670 8016 8237 7716 7922 8102 8381 8565 8278 8142 8060 8339 8082 7592 7846 7833 7838 8107 8150 7628 7451 8088 7819 8207 8301 8248 8206 8145 7795 8253 8383 8482 8145 7602 7958 8573 8178 7930 7716 7873 7672 8152 8133 7774 7489 8019 8093 8227 8004 7596 7663 8325 8369 8314 8148 8059 7869 8026 8370 8245 8179 7700 8127 8022 7971 7972 7827 8113 8342 7628 7925 8195 8033 7758 8181 8483 7789 7830 8591 8274 7564 7872 8175 8192 8177 7668 7681 8063 7903 8005 7661 8226 8144 8606 8219 8289 7726 7873 7789 7885 8159 8283 7461 7943 8236 7700 8786 7992 7500 8555 8426 8040 8239 7920 8032 7637 8142 8785 8252 7573 8104 7873 7966 7862 7546 7318 7373 8235 8076 7595 8169 8164 8052 8773 8179 8208 8288 7807 8162 8534 8258 7948 7939 7849 8356 8294 8042 8442 7801 7435 8120 8173 8228 8074 8273 7501 7664 7729 8092 7768 7868 8418 8310 8221 8052 7965 8179 7806 7884 7946 7697 7962 8080 8225 8291 7873 7747 7541 8157 7773 8035 8064 7817 7816 7974 8018 8181 7892 8150 8052 8295 8494 7967 8594 8094 8155 8620 8160 7382 8151 8078 8185 8361 7986 7461 7796 7919 8072 8261 7343 8088 8251 7979 8665 8278 8359 8453 7823 8177 8142 7815 7676 7550 8313 7753 8276 8529 8300 8101 8229 7954 7365 8022 7911 8178 8543 8220 7519 7774 7768 8192 8556 7469 7498 7981 7985 8081 8090 7825 8434 7894 8506 8520 7709 8041 
8184 7942 8486 8732 8609 8019 8477 8429 8333 8296 8268 8612 8602 8021 8536 7845 8249 8640 8653 8686 8169 8584 8351 8009 7862 8159 8951 8138 8301 8736 7888 8255 8018 8740 8546 8231 8207 8421 8247 8725 7465 8065 7734 7852 8155 8118 8864 8457 8089 8190 9003 8693 8444 9142 8473 8290 8179 8284 8384 8418 8333 7907 8122 8517 7753 8554 8892 8363 8333 8958 7924 7994 8061 8613 8580 8624 7694 8240 8285 8063 8766 8734 8257 8380 8939 8600 8358 8335 8707 8517 8563 8464 7981 8730 8071 8578 8330 8479 8054 8459 8781 8641 8911 7948 8237 8108 8194 8454 8630 8785 8371 7969 8322 8364 8120 8197 8519 8511 8171 8404 8510 8344 8257 7765 8047 8192 8869 8244 8315 8000 8383 8096 8012 8744 8749 8144 8284 8108 8963 7901 8790 8753 8305 8135 8543 7978 8307 8102 7954 8304 8503 8224 8379 8691 8368 8216 8541 8027 8092 8140 8286 8185 8542 8952 8066 8109 8573 8050 8418 8661 9215 8270 8590 8371 8237 8537 8962 8808 7967 8301 8426 8410 7780 7897 8475 7801 8329 8856 8298 7688 8565 8406 8062 8027 7966 8404 8518 8529 8659 8079 8433 7807 7944 8891 8560 8486 8105 8685 8387 8380 8300 8042 8202 8697 7915 8307 8406 8248 8282 8366 8730 8176 8192 8906 8246 7981 8017 8669 8625 8521 8510 8195 8048 7989 8471 7562 8595 8560 8710 8678 8149 8307 7839 7690 8433 8250 8566 8277 8134 8648 8187 9029 8399 7980 8726 8587 8095 8109 7900 7970 8064 8249 8987 8615 8044 8598 8044 8349 7930 7726 7895 7731 8162 8144 7972 8862 8481 8330 8855 8283 8453 8351 7871 8328 8459 7994 8569 8501 8403 8554 8785 8456 8560 8398 7944 8395 8492 8106 8041 8599 7544 8289 8296 8416 8314 7952 8740 8571 8461 8492 8287 8324 8260 8390 8224 8369 8113 8677 8380 8236 8112 8498 8191 8832 7949 8245 8440 8190 8073 8364 8144 8578 8401 8290 8312 8305 8704 8176 8790 8264 8462 8837 7934 7543 8386 8206 8301 8810 8004 7459 7886 8084 8287 8700 8449 8695 8372 8150 8796 8207 8284 9245 8243 8282 8593 7950 8162 7945 8839 8279 8577 8601 8720 8289 8240 8257 8031 8480 8174 8493 8360 8113 7765 8019 8266 8152 8799 8274 8360 8192 8349 8463 8092 8472 8494 8359 8582 8650 7808 8606 
8474 8023 8577 8751 8691 8036 8540 8688 8282 8292 8269 8639 8668 8492 8950 8474 7979 8675 9028 8218 8384 8448 8207 8169 8392 8092 8421 8166 8422 8761 8005 8498 8439 8217 8351 8283 8395 8531 8522 8302 7770 8320 8045 8136 8194 8297 9160 8400 7532 8091 8748 8938 8375 8700 8574 8338 8340 8349 8400 8797 8164 8005 8164 8681 7708 8190 8704 8262 8449 8551 8397 8127 8087 8179 8374 8358 7691 7902 7812 8760 8725 9179 8361 8413 8783 8420 8334 8540 8438 8206 8498 8072 8142 8152 8410 8246 8714 9017 7871 8046 8645 8736 8312 8001 8075 8422 8124 8440 8597 8526 8276 8254 8772 8141 8547 8291 8329 8224 8495 8285 8618 8688 8305 8055 8148 8197 8910 8112 8647 7972 8254 8038 7858 8717 9104 8350 8652 7927 8539 7871 8922 8709 8461 8235 8442 7953 8374 8263 7925 8017 8665 8809 8680 8695 8558 8441 8910 7925 8044 8533 8638 8165 8572 8512 7844 7973 8755 8463 8425 8474 8971 8425 8317 8502 8304 8754 8652 9146 8099 8550 8812 8212 8458 7637 8382 7969 8287 8276 8170 8113 8288 8624 8007 8038 7942 7965 8669 8560 8599 8353 8321 7960 8318 8721 8703 8424 8585 8624 8261 8377 8025 8229 8273 8296 7808 8504 8381 8210 7853 8097 8620 8480 8747 8445 8347 8323 8356 8674 8243 8256 8124 8073 8060 7924 8518 7765 8672 9003 8694 8639 8228 8042 8232 8267 8641 8733 8786 8118 8085 8429 8228 8586 8405 8144 8515 8559 8293 8445 8384 8302 7855 8468 9330 8510 8169 8148 8205 8661 8307 7971 7735 7726 8283 8127 7974 8440 8753 8119 8909 8503 8632 8910 7851 8187 8274 8197 8253 8162 8299 8634 8851 8335 8364 8211 7683 7961 8254 8359 8137 8591 8036 8297 8037 8623 8406 8022 8493 9019 8609 8342 7979 7854 8295 8454 8071 7985 7859 8363 8379 8526 7950 8166 7870 8187 8250 8287 8296 8186 8413 8338 7990 8594 8246 8355 8434 8820 8627 8562 8708 8228 8433 8796 8370 7871 8319 8287 8512 8633 8039 8114 8085 8281 8230 8675 7760 8825 8429 8221 8499 8190 8384 8946 8072 8396 8281 8163 7806 8317 8281 7959 8636 8923 8433 8268 8312 8468 8218 8849 8367 8388 8543 8309 7933 8197 8218 8308 8972 8145 8631 8347 8556 8496 8167 8506 8947 7953 8784 8742 8294 8485 
7671 7743 8257 8032 8093 7452 7803 7884 7640 7921 7766 8351 7634 8091 7934 7744 7406 8064 8415 7822 7833 7817 7570 7627 7893 8012 8171 7424 7818 7954 7226 7632 7673 7911 7862 7930 8019 7867 8229 8256 7126 7537 7475 7785 7952 7484 8509 7670 7458 7644 8367 8168 7840 8037 7810 7917 7656 7895 8027 7947 7712 7709 7699 8129 7473 7910 8297 7568 7698 8020 8028 7668 7762 8005 7969 8171 7253 7793 7474 7928 7984 8518 8005 8368 8179 7962 7806 8107 8251 8109 8134 7986 7606 7977 8069 8312 8211 8321 7497 7796 7786 8201 8149 7677 7760 7660 7773 7987 8186 8084 7795 7426 8024 7737 8037 7879 7545 8020 7737 7734 8083 7755 7681 7559 7643 7855 8673 7800 8000 7645 7738 7539 7466 8205 8228 7867 7910 7666 8197 7465 8317 8357 8182 7601 8307 7510 8047 7795 7485 7795 7933 8232 7981 8208 8037 7680 8366 7719 7694 7704 7823 7792 8104 8083 7204 7722 8019 7818 8104 8099 8504 7712 7970 7984 7606 8098 8437 8555 7620 7870 8188 8027 7899 7391 8115 7577 7737 8120 7493 7492 8272 8110 7655 7777 7358 7623 8204 8114 8094 7838 8107 7617 7870 8125 8096 7829 7627 8044 7778 8002 7534 7569 7729 7747 7862 8040 7961 8017 7648 7844 7955 7759 7920 8293 7923 7455 7818 8211 7878 7883 7981 7658 7955 7286 7973 7862 8422 8081 8194 8519 8152 7734 7540 7570 8060 7999 8212 7727 7718 8071 7803 8487 7580 7469 7752 8078 7772 8083 8088 7701 7494 8081 8416 8164 7543 7904 7964 8085 7450 7403 7488 7000 7969 7915 7366 7939 7895 7508 8126 7785 8202 8059 7339 7765 8253 7653 7698 7906 7834 8118 8413 8040 8200 8004 7719 7765 7679 7952 7748 8120 7443 7743 7536 7794 7870 7508 8389 8149 7987 8075 7677 7529 7692 7770 7737 7712 7536 8121 7929 7851 7572 7712 7588 8149 7674 8043 8258 7685 7886 7897 7631 8304 8042 7832 7878 8200 8289 7785 8554 7728 7882 8453 7403 7560 8489 8016 8153 8451 7412 7420 7640 7615 7694 8045 7515 8022 8240 7742 8242 7832 7867 8334 7793 7924 7990 7701 7537 7551 8193 7590 8316 8141 8303 7936 7972 7696 7794 7719 7642 7793 8099 7797 7543 7227 7716 7948 8165 7640 7748 8237 7980 7953 7875 7863 8326 7674 8087 8550 7401 7791 
7833 7866 8045 7953 8082 7693 7954 8171 7681 8034 7438 8259 7913 8118 8092 8186 7820 7790 8575 8236 7939 7870 8102 7539 8063 8180 8400 7687 8080 8309 7425 8089 7630 8152 7792 7867 7964 8044 8725 8118 7603 7901 7404 7510 7947 7714 8636 7993 7665 7759 8550 8435 8163 8249 7963 8088 8264 7836 8012 8449 7965 7675 7601 8121 7450 7813 8314 8158 7810 8173 7825 7657 7767 8166 8328 8230 7825 7966 7592 7980 8119 8543 7997 8087 8692 7625 8151 8145 7936 8156 8099 7685 8024 7880 7885 8088 8014 8449 7867 8033 8317 8166 8212 7577 7986 7984 7621 8204 8516 8306 7951 7561 7998 8128 8018 7966 7813 7980 7951 7837 7974 7899 7732 7635 7726 8183 8647 7808 8126 7674 8299 7696 7522 8396 8619 8191 8368 7830 8092 7523 8457 8632 8423 7560 8246 7775 8009 8026 7467 7822 8077 8226 8027 8480 8151 7873 8421 7740 7587 8068 7651 7852 8048 8399 7816 7594 8159 8018 7967 8120 8770 8300 8365 7824 8052 7874 8603 8686 7355 8087 8543 7997 7852 7541 8140 7589 8002 7928 7680 7371 8094 8110 7923 7842 7476 7547 8385 8308 7962 8024 7927 7797 8079 8413 8210 7859 7834 8609 7838 7838 7742 7545 7965 7791 7574 7932 7868 8114 7780 8137 8482 7604 8026 8433 8370 7426 7801 8612 7796 7892 7814 7775 7772 7539 7986 7358 8252 8163 8421 8041 8061 8103 7712 7822 7784 7924 8238 7648 7647 8229 8246 8577 8338 7501 8084 8323 7904 8064 8169 7783 7413 8019 8622 8100 7724 7980 8004 8168 7685 7539 7343 7394 8275 7914 7727 8430 7881 7980 8462 7961 8056 8316 7918 7949 7969 7877 7926 8131 7950 7873 8640 7990 8126 7777 7506 7954 7705 7469 7679 7864 7470 8018 7506 7918 7906 7502 8375 8363 8297 7945 7783 7921 7609 7620 7569 7347 7629 8218 8288 7632 7660 8100 7448 8053 7363 7723 8311 7751 7511 8078 7717 8408 8090 7799 7787 8319 8248 7996 8378 7914 8029 8622 7763 7533 8040 7980 8427 8221 7758 7025 7631 7709 7800 8633 7811 8115 7973 7990 8251 7828 7802 8582 8020 8019 8137 7915 7341 7725 8122 7744 8224 8181 8236 7783 8341 7755 7999 8099 7885 7966 8276 8050 7748 7451 7552 7927 8431 7426 7992 7745 7549 7789 8056 7604 8602 7662 8702 8299 7703 8115 
8629 8018 8760 8410 8613 8024 8637 8800 8476 8473 8339 8730 8713 8464 8110 8169 8192 8589 9075 8297 8419 8495 8073 8026 8328 8728 8937 7942 8331 8501 7922 8218 8236 8385 8290 8562 8454 8546 8690 8603 7725 8134 7715 7860 8333 8194 8990 8069 7853 8143 8813 8665 8365 9092 8180 8270 8518 8222 8732 8388 8412 8046 7826 8688 7895 8295 8519 8596 8139 8607 8448 8240 8429 8308 8742 8741 7901 8140 8099 8519 8572 9070 8416 8410 8719 8339 8523 8722 8680 8503 8693 8363 8073 8246 8557 8417 8307 8731 7964 8203 8589 8530 8683 8353 8215 8193 8004 8540 8472 8697 8447 7872 8528 8422 8601 8219 8225 7946 8468 7958 8468 8607 8312 8147 7849 8402 8940 8416 8369 8186 8490 8191 7986 8825 8803 8785 8401 8179 8589 8188 8615 8746 8413 8260 8580 7905 8466 8293 7718 8288 8471 8622 8932 8740 8072 8503 8999 8103 8469 8572 8300 8042 8691 8649 7893 7739 8671 7958 8630 8512 8967 8600 8421 8310 8433 8397 8751 9181 8256 8352 8544 8370 8067 7766 8945 7641 8348 8869 7836 7853 8291 8648 8357 8084 7918 8345 8929 8660 8682 8314 8319 8084 8128 8901 8472 8237 7988 8678 8342 8505 8153 8066 8611 8194 7935 8262 8707 8639 8343 7973 8722 8163 8183 8937 8388 7823 8536 8891 8407 8117 8461 7982 8408 8032 8328 7951 8363 8561 8790 8615 8444 8294 8021 7953 8664 8481 8811 7947 7986 8453 8774 9230 8376 8168 8521 9068 8389 8388 8032 8166 8339 8481 9158 8494 8139 8192 8408 8549 8228 7802 7623 7778 8426 8523 8085 8565 8506 8105 8652 8166 8729 8255 8188 8537 8887 8416 8483 8080 8439 8315 8655 8510 8677 8593 8291 8312 8661 8068 8270 8759 7994 8265 8206 8630 8208 7994 8815 8851 8607 8457 7814 8268 8237 8349 8128 8251 7902 8754 8361 8362 7967 8035 8193 8454 7962 8027 8597 8372 8064 8566 8298 8757 8542 8265 8682 8759 9115 8152 8599 8390 8641 9178 8605 7646 8653 8771 8355 8411 7996 7965 8198 8248 8403 8814 8005 8712 8775 8606 8922 8122 8442 9023 8145 8508 8623 8097 7746 8057 8283 8136 8937 8776 8551 8038 8470 8421 8223 8588 8514 8524 8505 8207 8148 8072 7724 8532 8757 8188 8007 8233 8296 8825 8140 8462 8697 8239 9081 8873 8133 8376 
7549 7620 8206 7923 8247 7958 7749 7911 7730 7449 7560 7951 7958 8037 7813 7594 7958 8119 8174 7588 7794 7931 7747 7349 7842 7693 8289 7179 7816 8007 7023 7700 7744 7946 7983 7576 7572 7874 7836 7948 6964 7734 7168 7300 7351 7807 8396 7745 7427 7536 8412 7931 7917 8482 7673 7696 8182 7487 8000 7891 7717 7524 7196 7982 7396 7862 8433 7853 7651 7717 7519 7602 7442 7489 7897 7860 7444 7730 7446 7447 7992 8194 7601 7927 8231 8078 7910 7785 7932 8092 7960 7562 7526 7678 7858 7675 7755 8278 7247 7478 8100 8166 8095 7523 7697 7670 7900 7796 8427 7912 7790 7781 7812 7851 7794 7546 7527 7660 7529 7641 8128 7649 7536 7246 7531 7709 8361 7699 7713 7731 7769 7450 7345 8009 8386 7443 7586 7878 8273 7329 7966 8131 7731 7887 7944 7197 7761 7680 7531 7664 7903 8099 7825 7916 7797 7649 8286 7511 7112 7718 7615 7483 7644 7979 7530 7556 7828 7682 7545 7756 8303 8192 8050 7686 7509 7951 7911 8416 7332 7811 7827 8164 7638 7349 7844 7418 7856 8221 7320 7098 7744 7835 7730 7250 7307 7450 8204 8003 8111 7461 7577 7779 7918 8206 7655 7422 7258 8205 7943 7770 7598 7310 7667 7889 7104 7712 7848 7811 7555 7861 7831 7831 7612 8322 7878 7654 7771 8172 7549 7904 7783 7378 7849 7429 7874 7453 8042 7891 8257 7902 7813 7839 7510 7120 7777 7924 7929 7367 7371 7725 7541 8353 8075 7442 7955 7992 7570 7759 7792 7416 7243 7924 8179 8054 7817 7723 7652 8039 7509 7280 7076 6820 7623 7414 7315 8190 7863 7806 8214 7377 7801 8146 7235 7720 7744 7641 7624 7560 7660 7748 8008 7488 7893 7661 7724 7667 7449 7518 7641 8069 7605 7426 7544 7869 7641 7462 8282 8061 7925 7628 7590 7292 7198 7730 7347 7524 7654 7717 7812 7557 7365 7621 7428 7892 7620 7534 7921 7596 7386 7797 7342 7795 7575 7942 7765 8046 7974 7775 7968 7810 7970 8134 7576 7091 8009 7707 7604 7760 7554 7305 7045 7488 7839 7920 7424 7869 7802 7692 8211 7813 8125 8487 7715 7474 8040 7627 7306 7382 8090 7716 7963 8074 7946 7636 8141 7529 7915 7864 7591 7986 7899 7479 7301 7163 7278 7634 7702 7811 7554 8033 7632 8089 7375 7772 8168 7437 7993 7788 7663 7931 
7908 7590 7869 7872 7829 7378 7421 8009 7655 7282 7448 7646 7604 7859 7892 7951 7473 7547 8098 7610 7463 7813 7777 7352 7537 7981 8071 7448 7696 7765 7331 7910 7199 7682 7510 7736 7779 8007 8005 7905 6936 7274 7244 7355 7327 7533 7989 7700 7288 7177 8039 7955 7571 8117 7370 7454 7920 7713 7664 7599 7788 7549 7343 7907 6999 7891 7701 7914 7713 7954 7694 7294 7654 7468 7603 7715 6879 7711 7050 7721 7788 8443 7642 8078 8249 7596 7659 7819 8184 7879 7828 7377 7314 7874 7682 7808 7537 7831 7522 7770 7809 7873 7855 7706 7409 7532 7376 7833 8133 8130 7842 7513 7753 7857 7678 7615 7442 7757 7700 7495 7955 7950 7298 7415 7586 7494 8311 7397 7633 7740 7992 7258 7638 7927 7964 7734 7959 7665 7928 7572 8057 7893 7980 7377 7825 7425 7707 7683 7188 7547 7807 7771 7945 8014 7776 7553 8132 7088 7243 7325 7451 7563 8069 7877 7346 7258 7949 7632 7653 7910 8406 7603 7682 7456 7621 7684 7893 7942 7125 7575 7811 7622 7444 7298 7884 7103 7666 7743 7463 7218 7477 7636 7522 7500 7021 7484 8171 8078 7507 7711 7605 7642 7570 8173 7815 7798 7607 8389 7770 7822 7683 7072 7414 7455 7357 7653 7966 7591 7403 7390 8027 7206 7818 8227 7469 7206 7987 7702 7285 7694 7727 7210 7430 7541 7875 7452 7852 7757 7755 7699 7344 7466 7574 7285 7537 8038 8112 7284 7533 7915 7635 8198 7874 7683 7751 8054 7494 7841 7582 7619 7131 7757 8286 7786 7174 8015 7555 7520 7490 7463 7472 7220 7796 7412 7287 7999 7628 7467 8227 7598 7704 7762 7504 7420 7828 7748 7700 7486 7814 7923 7790 7882 7565 7554 7221 7567 7686 7887 7155 7544 7077 7824 7683 8226 7705 7057 7571 8186 8080 7627 7847 8096 7398 7363 7303 7510 7571 7844 7716 7495 7520 7758 7423 7790 7297 7669 7830 7386 7224 7759 7275 7877 7671 7680 7334 7798 8151 7464 8277 7741 8087 8003 7701 6931 8097 7540 7762 8137 7392 7267 7542 7476 7689 7761 7615 8061 7502 7445 8294 7347 7427 8289 7607 7676 7559 7530 7327 7691 7777 7568 7808 8007 8071 7425 7824 7441 7330 7730 7635 7764 7663 7628 7324 7180 7637 7835 8070 7721 7616 7396 7463 7992 7563 7853 8133 7508 8076 8129 7414 7700 
8086 7875 8045 8195 8383 7896 7776 8549 7852 7955 8105 8494 8250 7833 8446 8244 7684 8091 8879 8080 8043 7897 8272 7619 7960 8164 8587 7482 8254 8467 7771 7983 7916 8260 8364 7704 7945 7727 8299 8296 7433 7613 7862 7832 7986 7792 8447 7980 7681 7973 8455 8368 8338 8826 8201 8237 8193 8351 8748 8446 8057 8149 7868 8268 7471 8302 8444 8203 8128 8154 7994 8120 7819 7990 8353 8345 7695 8097 7664 7955 8408 8520 8090 8307 8703 8178 8317 8084 8184 8457 8375 7870 8201 8214 7844 8385 7960 8420 7729 8166 8276 8718 8467 7972 7628 8099 7963 8075 8402 8526 8025 8048 8598 7834 8184 8351 8066 7946 8273 8101 8386 8288 7656 8033 8038 8029 8582 7868 8361 7904 8094 8067 7664 8608 8629 8055 8418 8184 8465 7559 8510 8630 8266 7606 8207 7850 8311 7929 7830 7860 8065 8437 8266 8468 8297 7940 8291 7938 7763 7960 8008 7757 8363 8389 7622 7675 8477 8183 8078 8489 8747 8249 8121 8010 8040 8199 8297 8323 7658 8043 8397 8342 8140 7817 8071 7755 8370 8251 8006 7596 8029 8100 8242 8348 7642 7620 8523 8384 8033 7969 7821 7718 8281 8924 8231 7679 8073 8772 7999 7976 8023 7604 7887 8185 7882 7991 8126 8231 7871 7895 8375 8114 8080 8819 8112 7803 8564 8529 8035 7916 8136 7602 8057 7604 8319 7888 8325 8222 8611 8586 8155 8096 7914 7718 8059 8278 8411 7867 7791 8196 8005 8592 8353 7894 8402 8412 7997 8174 7956 7859 7716 8104 8837 8266 7851 8267 8431 8115 7783 7504 7407 7611 7873 8165 7899 8440 8213 7874 8454 8004 8104 8362 7724 7934 8237 7910 8234 8158 7822 8192 8626 8081 8148 7949 7472 7912 8283 8136 7941 8346 7679 8084 7939 8122 7831 7469 8588 8472 8410 8037 7696 8210 8146 7902 7909 7485 7810 8296 8331 7899 7948 7967 7790 8323 8016 8039 8140 7740 7575 8336 7938 8052 8216 8115 7989 8435 8672 7866 8300 8016 8390 8626 8347 7725 8555 8369 8483 8464 7701 7785 7814 7841 7923 8448 7694 8225 8072 7718 8309 8003 8070 8580 7950 8174 8158 8351 7886 8016 8005 7955 8446 8199 8377 7986 8129 8102 7716 8406 7995 7908 8036 7948 7747 7597 7704 8076 8508 8135 7849 8048 8372 8378 7753 7892 8599 7897 8722 8489 7721 8125 
8508 8088 8670 8877 8968 8142 8350 8847 8472 8326 8618 8839 8436 8600 8527 8446 8614 8682 8813 8363 8339 8634 8799 8257 8853 8692 8787 7864 8383 8878 8275 8364 8587 8758 8382 8359 8630 8845 8657 8417 7696 8348 8122 8060 8461 8565 8935 8660 8005 8696 8864 8672 8731 9097 8287 8516 8538 8506 8660 8649 8497 8105 8270 8534 8036 8460 9058 8558 8751 8825 8510 8168 7929 8332 8766 8883 8058 8809 8077 8590 8684 8812 8644 8957 9158 8817 8260 8814 8856 8681 8910 8436 8538 8683 8614 8789 8392 8757 8331 8702 8890 8725 9000 8287 8109 8531 8263 8669 8867 8710 8427 8326 8738 8518 8524 8338 8345 8523 8674 8420 8647 8835 8336 8320 8252 8354 9368 8547 8733 8457 8551 8531 8329 8921 9046 8314 8956 8364 9178 8432 8757 8996 8677 8213 8816 8223 8726 8958 8309 8826 8704 8746 8988 9072 8752 8560 8568 7988 7979 8783 8309 8592 8903 8913 7751 8287 8962 8866 8732 8761 9330 8675 8600 8316 8550 9035 8971 9091 7926 8770 8892 8817 8276 8079 8533 7998 8601 8419 8255 7940 8449 8533 8621 8247 8054 8382 8707 8393 8894 8254 8412 8282 8650 8953 8787 8288 8396 8893 8290 8700 8569 8155 8304 8690 8045 8737 8931 8620 8122 8424 8684 8663 8489 8893 8535 8219 8541 8578 8467 8922 8756 8088 8340 8054 8614 7981 8976 9020 8911 8724 8459 8689 8563 8181 8637 8697 8845 8495 8209 8795 8505 9083 8553 7995 8716 8978 8477 8742 8634 8106 7940 8443 9415 8951 8506 8616 8519 8666 8277 8252 7759 7826 8621 8558 8413 8818 8902 8296 9359 8656 8622 8575 8171 8357 8775 8563 8378 8336 8437 8860 8765 8671 8694 8423 8238 8805 8511 8584 8264 8884 8023 8634 8194 8630 8691 8033 8941 8733 9012 8379 8499 8556 8386 8190 8329 8575 8290 8447 8454 8462 7964 8670 8432 8549 8290 8466 8378 8326 8364 8562 8123 8811 8628 8629 8406 9098 8769 8549 8964 8814 8554 8922 8401 7756 8731 8617 8576 8895 8066 7851 8177 8209 8805 8715 8455 8940 8787 8292 8893 8250 8545 9223 8199 8479 8327 8070 8380 8153 8843 8208 9055 8878 8798 8113 8601 8608 8244 8625 8478 8366 8799 8446 8066 8003 7663 8438 9036 8864 8239 8554 8674 8768 8527 8768 8914 8278 9206 8739 8357 8596 
8271 7872 8524 8643 8177 8128 8150 8244 8125 7909 8082 8459 8199 8077 8314 8026 7904 8257 8702 8301 8151 8143 7849 7960 8177 8201 8478 7635 8026 8335 7513 8294 8032 7994 8312 8383 8203 8267 8486 8331 7365 8091 7832 7884 8084 7935 8637 8149 7757 7772 8350 8481 8056 8884 7910 8138 7952 7965 8369 8330 8227 7928 7585 8553 7466 8384 8297 8053 8093 8185 8069 8108 7764 8421 8308 8565 7326 8081 7999 8194 8137 8763 8050 8324 8710 8089 8322 8222 8258 8612 8591 7892 7813 7989 8226 7880 8007 8378 7881 8219 8513 8207 8459 7931 7890 8103 7756 8377 8416 8754 7979 7742 8260 8063 7716 8019 8068 7938 8560 8061 8271 8065 7880 7885 7919 8053 8631 7937 7953 7697 8003 8107 7804 8499 8568 8339 8330 8076 8594 7849 8541 8668 8048 7963 8534 7880 8080 8303 7772 8275 8124 8586 8217 8476 7947 8202 8261 7891 7852 8484 7872 8091 8378 8566 7837 7761 8523 7865 8122 8394 8434 8207 8552 7776 8140 8420 8567 8560 7694 8333 8380 8197 7685 7724 8007 7704 8048 8531 7740 7790 7995 8203 8147 7710 7759 7779 8450 8501 8113 7885 8091 7624 7868 8647 8527 8224 8095 8519 7919 7746 7657 7845 8360 8071 7601 8110 8400 8016 7680 8086 8470 7934 8345 8530 7991 7586 8129 8483 8132 8316 8036 7518 7899 7722 8182 7619 8349 8549 8485 8039 7980 8023 8104 7803 8259 8600 8437 8060 7607 7920 8512 8894 8178 8246 8439 8435 8151 7969 8021 8146 7640 8224 8765 8496 7818 7822 8008 8338 7932 7452 7376 7813 8285 8005 7820 8508 8422 7731 8716 8088 8149 8253 7897 8011 8487 7947 8127 8171 8371 8134 8297 8353 8462 8031 7628 7927 8168 7685 7927 8561 7853 7892 8060 8451 7961 7213 8429 8548 8407 8089 7820 7910 8377 8025 7890 7974 7661 8560 8157 8352 7487 7998 7964 8056 7837 7941 8349 7750 7901 8371 8137 8456 8292 8083 7737 8203 8677 8195 8494 8240 8395 8593 8091 7538 8048 8283 8388 8666 7890 7478 7871 7803 8011 8212 7744 8163 8442 8086 8494 8107 8292 9074 7684 8249 8476 7762 7351 7604 8395 7976 8464 8461 8272 8131 7979 8020 7719 8112 8148 8321 8491 8214 7918 7662 7339 8457 8734 8026 8075 7841 8066 7981 8058 7964 8546 7809 8725 8730 7721 8462 
8421 8032 8500 8908 8924 7995 8508 9153 8377 8431 8234 8899 8674 8603 8836 8642 8542 8668 8914 8567 8372 8751 8445 8046 8410 8864 8789 8370 8847 8802 7909 8832 8545 8818 8298 8460 8810 8606 8955 8810 7594 8225 8059 8119 8589 8480 8771 8631 7962 8521 8898 8544 8370 8919 8078 8349 8311 8550 8745 8640 8760 8180 8081 8820 7838 8739 8964 8919 8624 8659 8607 8036 8254 8398 8601 8597 7926 8723 8444 8448 8512 8686 8360 8973 8937 8303 8621 8477 8967 8660 8455 8115 8281 8453 8799 8381 8266 8696 8108 8369 8912 8909 8531 8167 7962 8394 8178 8552 8861 8661 8559 8171 9031 8348 8360 8368 8391 8349 8472 8096 8621 8357 8253 7858 8602 8474 9352 8528 8928 8110 8832 8104 8138 8888 9403 8583 8545 8353 8785 8238 8618 9122 8558 7995 8861 8013 8810 8589 8237 8414 8516 8884 8474 8657 8625 8752 8707 8426 7830 8485 8428 8306 8947 8630 8273 7849 8939 8341 8630 8411 9045 8721 8546 8515 8498 8944 8978 9282 7963 8533 8712 8409 8284 8206 8553 7981 8435 8489 8141 7850 8698 8917 8417 7996 7898 8123 9041 8673 8717 8300 8647 8444 8476 9003 8798 8354 8273 9080 8348 8462 8360 8093 8334 8273 8064 8743 8649 8709 8281 8160 9204 8277 8797 8959 8258 8186 8557 8819 8073 8892 8647 8388 8151 8081 8315 7964 8738 8648 8849 8598 8254 8466 8274 7651 8631 8469 8975 8169 8478 8445 8503 9354 8686 8276 8501 8583 8541 8539 8381 8475 8017 8709 9181 8620 8204 7967 8445 8525 8245 7987 7944 8038 8244 8561 8201 8994 8541 8309 9045 8218 8760 8714 8028 8247 8816 8350 8459 8527 8422 8613 8835 8453 8795 8434 7732 8473 8760 8510 8338 9099 8109 8567 8258 8853 8536 8090 8844 9044 8928 8409 8169 8273 8539 8324 8383 8239 8304 8881 8492 8460 7933 8600 8265 8807 8246 8298 8799 8105 8237 8504 8690 8757 8551 8421 8569 8757 8946 8353 8950 8332 8905 9025 8327 7870 8663 8444 8617 8562 8206 7875 8106 8233 8606 8673 8047 8724 8546 8681 8939 8509 8296 8792 8262 8700 8595 8129 8275 8041 8513 8208 8866 8515 8847 8181 8853 8418 8511 8490 8462 8525 8824 8469 8147 8341 8043 8385 9000 8779 8282 8382 8175 8679 8248 8471 8768 8146 9023 8832 8404 8327 
8425 8052 8465 8875 8591 8005 8529 8990 8279 8116 8299 8914 8261 8403 8728 8494 8234 8747 8987 8665 8536 8455 8461 8712 8400 8820 8811 8084 8385 8901 7790 8597 8303 8965 8767 8531 8501 8716 8645 8682 7674 8137 8285 8235 8464 8768 8682 8514 7825 8386 8800 8890 8320 8974 7918 8527 8746 8441 8630 8718 8534 7998 7991 8461 7863 8696 8669 8355 8309 8585 8566 8470 8218 8759 8512 8504 7922 8653 7995 8360 8467 9045 8507 8476 8979 8368 8911 8589 8995 8622 8827 8425 8062 8376 8674 8258 8564 8730 8459 8847 8682 8706 8622 8358 8147 8659 8515 8562 8766 8617 8526 8075 8780 8405 8502 8191 8339 8467 8688 8294 8894 8595 8203 8270 8300 8619 9403 8495 8524 8200 8648 8342 8005 8966 9385 8270 8644 8342 8672 8137 8786 9221 8404 8229 8991 8199 8544 8636 7988 8348 8732 8717 8727 8585 8423 8054 8783 8278 8445 8234 8246 8399 8925 8927 7887 7900 8669 8232 8532 8591 9108 8907 8499 8808 8469 8830 8786 9052 8100 8733 8913 8594 8326 8033 8397 7864 8404 8782 8295 7911 8684 8582 8310 8495 7866 7987 9063 8713 8746 8421 8391 8167 8419 8817 8905 8298 8119 9123 8343 8424 8091 8171 8527 8684 7942 8443 8604 8439 8360 8433 8905 8219 8128 9203 8614 8316 8756 8822 8464 8528 8645 8206 8231 7948 8810 7946 8659 8793 8772 8516 8493 8487 8431 8217 8185 8468 8577 8250 8230 8727 8500 9300 8454 8372 8938 8390 8590 8613 7987 8570 8099 8548 9173 8623 7980 8291 8436 8649 7889 7894 7611 7850 8284 8096 7993 8557 8528 8239 9061 8418 8705 8808 8034 8488 8685 8712 8541 8555 8471 8949 8857 8781 8973 8256 7996 8454 8537 8205 8247 8571 7867 8644 8187 8992 8260 8257 8854 8708 9028 8568 8413 8565 8118 8504 8373 8373 8232 8990 8402 8258 8020 8343 8156 8510 8098 8247 8501 8362 8323 8448 8352 8638 8477 8521 8768 8613 8779 8173 9431 8368 8335 9298 8542 7702 8344 8765 8523 9083 7935 7830 8156 8105 8461 8887 8260 8887 8702 8391 9045 8266 8490 9051 8365 8593 8587 8257 7830 8123 8670 7961 8964 8968 8793 8304 8615 8480 8253 8547 8670 8432 8881 8437 8231 8146 7919 8213 8999 8095 8057 8159 8378 8709 8342 8574 8803 8099 8988 8883 8102 8355 
7911 7427 8026 8014 8389 8010 7920 8100 7709 7869 7585 8156 8045 7934 8083 7677 7914 8011 8090 7808 7904 7789 7902 7607 7742 8215 8327 7302 7703 8393 7196 7776 7620 7917 7661 7871 7920 7792 7752 7917 7054 7705 7543 7152 7854 7774 8205 7734 7139 7966 8159 8263 7677 8418 7827 8004 7901 7823 7963 7901 7859 7452 7519 8394 7321 7638 8454 7786 7838 8019 7812 7491 7396 8017 7931 8196 7259 7907 7806 7813 7803 8323 7983 8063 8547 8050 7783 7954 8336 8345 8169 7972 7731 7825 7565 7944 7715 8237 7709 8078 8146 8242 7888 7827 7663 7792 7474 7794 8166 7921 7451 7604 7849 7635 7709 7480 7769 7854 7714 7926 8452 7897 7806 7633 7956 7674 8342 7811 7925 7632 7931 7943 7671 8039 8259 8106 7793 7572 8171 7797 7971 8335 8002 7476 8139 7073 7884 8390 7612 7967 8232 8260 8304 8061 7738 7771 8161 7404 7351 7488 7783 7708 8020 8058 7215 7348 8132 7774 7837 8112 8415 8026 8008 7662 7920 8085 8489 8241 7260 7740 8149 7983 7741 7447 7930 7124 7823 8112 7794 7359 7840 7911 7619 7529 7193 7740 8406 8050 7984 7893 7665 7630 7730 8500 8159 7930 7925 8096 7860 7939 7591 7587 7913 8001 7398 7804 8100 7920 7522 7598 8253 7919 8037 8244 7853 7647 7906 8248 7641 7934 7823 7448 7563 7695 7694 7299 7904 7899 8128 8019 7722 7936 7492 7550 7960 7964 7953 7537 7495 8162 7835 8281 7910 7524 8169 8209 7639 7848 7509 7882 7301 7703 8404 8049 7486 7595 7588 8124 7716 7464 7453 7392 7821 7603 7365 8399 7983 7607 8173 7737 7945 7965 7246 7742 8361 8143 7870 7655 7772 7672 8092 7528 8092 7611 7204 7763 7745 7934 7549 8477 7499 7798 7477 8358 7518 7511 8137 8015 8286 8124 7760 7964 7587 7481 7830 7766 7547 7956 7761 7754 7789 7755 7830 7988 7267 7378 8233 7527 7548 7863 7274 8310 7639 7748 7509 8187 8358 7847 8284 8030 7929 8273 7973 7103 7644 8136 7741 8188 7650 7348 7475 7702 7665 7689 7623 8014 7809 7677 8118 7691 7810 8398 7491 7955 8135 7611 7510 7630 8101 7875 8291 8504 8185 7606 7892 7684 7828 7643 8058 7896 8019 7841 7469 7761 7535 7559 8280 7592 7689 7816 8104 8049 7571 8165 8207 7579 8608 8210 7706 8140 
8197 7720 8380 8221 8508 7876 8076 8453 8279 8049 8088 8536 8109 8148 8135 8259 7815 8342 8906 8177 7823 8225 7955 7998 8304 8492 8501 7552 8099 8191 7603 8057 8228 8561 8024 8364 8257 8304 8273 8264 7418 7553 8022 7451 7992 7604 8885 8038 7757 7938 8679 8490 8467 8261 7938 8262 8257 7866 8362 8326 8083 7942 7748 8501 7454 8306 8755 7863 8079 8547 8113 7964 7946 8072 8864 8352 7806 8262 7855 8434 8414 8504 8249 8569 8769 8077 8126 8129 8501 8234 8310 8043 7668 8249 8263 8603 8117 8658 7943 8102 8252 8158 8592 7913 7976 8399 8224 8451 8514 8255 8036 8146 8659 8285 8263 8206 8042 8278 8124 7974 8483 8412 7829 7772 7972 8131 8864 8395 8449 7832 8123 7750 7891 8266 8840 8096 8093 7887 8777 8028 8341 8650 8333 7982 8634 8115 7980 8122 7815 8062 8129 8560 8397 8381 8183 8153 8502 7946 7828 8236 8045 8092 8262 8123 7661 7713 8518 8363 8163 8359 8749 8326 7980 7851 7961 8357 8366 8769 7987 8288 8354 8497 8116 7511 8189 7725 8099 8322 7878 7776 8453 8249 8153 8106 7856 7949 8456 8167 8301 8019 8080 7674 8228 8574 8167 7975 8008 8536 8025 8098 7879 7708 8343 8399 7499 8268 8170 8098 8165 8415 8436 8026 7913 8281 8523 7826 8136 8477 7934 8045 8100 7738 7991 7512 8394 7777 8399 8257 8597 8343 8408 7921 7777 8006 8391 8249 8410 7890 7610 8272 8277 8577 8032 7843 8099 8238 8145 8224 8215 7877 7920 8292 8798 8487 7689 8365 8555 8580 7510 7810 7493 7291 8119 7949 7657 8483 8177 7815 8719 8042 8453 8228 7898 8261 8498 7992 8135 8102 7981 8279 8644 8089 8222 7903 7795 7758 7792 8074 8177 8516 7708 8136 7807 8286 8154 7654 8482 8398 7942 8086 8074 7864 8108 8319 8049 7986 7959 8303 8128 8040 7597 8137 7653 8336 8016 7839 8240 7989 7770 8611 7890 8496 8188 8092 8231 8206 8286 8100 8552 8049 8221 8771 8037 7488 8302 8196 8155 8550 7666 7425 7685 7852 7933 8472 8167 8399 8446 7949 8447 8429 8142 8833 7880 8281 8366 7996 8045 7696 8359 7849 8539 8165 8471 7964 8072 8224 7923 8428 8126 8026 8297 8011 8075 7806 7608 7895 8756 8024 8069 8198 8221 8482 8338 8291 8781 7850 8616 8099 8267 8342 
7898 7307 7816 8091 7967 7834 7803 8018 7861 7752 7550 8028 7662 7755 8023 7512 7969 7836 8523 7595 7621 7504 7750 7475 7568 7813 7909 7185 8050 8107 7416 7698 7534 8110 7967 7500 7648 7939 7995 8196 7228 7373 7132 7332 7773 7655 8246 7729 7104 7484 8315 8230 7745 8550 7706 7443 7542 7455 7959 7834 7741 7555 7284 7958 7317 7576 8140 7728 7750 8139 7654 7541 7327 7706 7793 7793 7145 7690 7327 7569 7919 8031 7851 8130 8420 8018 7762 7971 7797 7974 8062 7484 7438 7894 7844 7583 7567 8375 7525 7764 7843 8194 7963 7686 7723 7743 7500 7929 8127 7816 7780 7497 7845 7837 7833 7576 7421 7707 7958 7613 8067 7551 7638 7202 7584 7811 8501 7534 7782 7715 7817 7709 7570 8191 8071 7924 7740 7579 8082 7594 8166 7953 7879 7969 8206 7169 7682 7925 7408 7800 7641 8095 8001 8073 7694 7710 7841 7372 7491 7812 7507 7585 8178 7939 7514 7383 8282 7668 7620 7971 8487 8069 8051 7574 7808 7562 7843 8469 7286 8187 7863 8011 7477 7142 7741 7555 7842 7925 7137 7126 7703 7762 7550 7731 7175 7633 8017 8048 8074 7599 7766 7807 7500 8164 7757 7471 7846 7799 7584 7531 7702 7507 7744 7810 7017 7765 7883 7709 7294 7707 8402 7587 7802 8361 7811 7433 7881 8158 7684 7976 7702 7355 7538 7543 7854 7093 7729 7991 8044 7995 7776 7736 7558 7377 7881 7597 7905 7516 7409 8017 7663 8381 7620 7662 7997 7960 7735 7830 7672 7472 7216 7415 8293 7819 7540 7752 7985 7979 7481 7163 6970 7105 7581 7610 7448 8200 7945 7577 8564 7673 7990 8051 7312 7630 7972 7859 7887 7797 7429 7671 8078 7833 8027 7588 7363 7451 7810 7238 7480 8003 7555 7605 7867 7997 7375 7349 7954 8097 8106 7538 7486 7923 7644 7685 7354 7352 7819 8075 7638 7700 7218 7545 7421 7983 7314 7228 7830 7337 7618 7933 7511 7789 7629 7700 8027 7675 8072 7756 8075 7438 7808 8267 7657 6913 7801 7791 7857 7875 7424 7426 7699 7305 7757 7827 7349 8182 7756 7920 7858 7613 7997 8237 7614 7877 8008 7576 7533 7307 7751 7570 8182 8090 7862 7512 7591 7688 7948 7810 7687 7833 8100 7603 7683 7328 7032 7493 8142 7523 7468 7695 7741 8003 7617 7776 8183 7644 7757 8346 7589 7993 
8654 8289 8840 8555 8522 8076 8464 8854 8296 8259 8481 8560 8545 8437 8398 8726 8142 8728 8906 8541 8776 8588 8671 8107 8441 8569 8889 8248 8494 8833 7354 8650 8114 8643 8188 8568 8302 8500 9149 8681 7707 8277 7886 8124 7994 8414 8776 8605 7903 8432 8993 8236 8448 8923 8342 8516 8665 8402 8446 8593 8302 8229 8146 8758 8189 8721 8854 8280 8150 8636 8376 8256 8328 8281 8773 8654 7576 8712 7764 8577 8581 9159 8356 8624 8912 8379 8697 8673 8785 8686 8586 8368 8038 8277 8673 8495 8402 8699 8388 8569 8642 9027 8822 8115 7990 8570 8046 8746 8982 8810 8463 8442 8575 8485 8568 8510 8351 8613 8394 8358 8676 8563 8165 8148 8516 8493 9150 8456 8402 8176 8512 8395 8304 8855 9098 8250 8729 8434 8617 8055 8965 8986 8778 8210 8864 8192 8672 8666 8222 8084 8558 8527 8595 8634 8510 8374 8870 7911 8148 8237 7997 8466 8689 8581 8219 8037 8595 8359 8484 8383 9334 8557 9035 8303 8378 8665 8957 8922 7988 8782 8649 8747 8146 7990 8684 7931 8789 8591 8271 8110 8708 8587 8413 8397 7854 8379 9118 8408 8500 7996 8221 8673 8478 9007 8870 8083 8267 8934 8403 8281 8420 8093 8519 8619 8026 8300 8652 8505 8029 8571 8669 8242 8282 8874 8670 8260 8534 8620 8323 8630 8499 8035 8314 7935 8504 8037 8685 8706 8450 8772 8599 8544 8307 8087 8598 8341 8829 8431 8174 8564 8130 9264 8577 8246 8733 8815 8399 8295 8198 8179 8159 8793 9317 8561 8418 8316 8569 8915 8247 8141 7871 7738 8350 8512 8504 8651 8546 8297 8919 8252 8633 8721 8101 8134 8790 8337 8431 8402 8416 8572 8930 8728 8977 8299 8005 8306 8380 8235 8270 8893 8481 8209 8158 8492 8353 8117 8550 8997 8958 8626 8362 8468 8504 8377 8186 8214 8198 8986 8488 8002 8085 8346 8158 8433 8310 8093 8665 7995 7948 8893 8152 8622 8673 8579 8388 8587 8763 8604 9127 8544 8561 9337 8411 7778 8846 8705 8565 8782 8028 7837 8252 8254 8541 8888 8030 8479 8409 8462 8667 8314 8369 8844 8448 8340 8387 8656 7975 8437 8650 8465 8735 8907 8822 8191 8616 8415 8250 8615 8160 8542 8497 8645 8271 8132 8369 8448 8903 8376 8045 8148 8484 8833 8383 8285 8970 7962 9007 8753 8173 8584 
7779 7597 7972 8587 7924 7837 8188 8104 7970 7745 7877 8412 7637 7863 8337 8276 7425 8026 8575 8039 7868 8097 7745 7970 8283 8190 8523 7767 8055 8492 7280 7962 7677 8049 8224 8186 7946 8017 8276 8169 7270 7620 7141 7758 7836 8011 8278 7715 7359 7883 8382 7951 7943 8348 7921 8007 8166 7642 8056 8456 7971 7836 7651 8109 7587 8278 8536 7919 7993 8037 7787 7735 7692 8003 8373 8333 7359 7915 7495 8203 8067 8497 7762 8191 8790 8054 8462 7974 8407 8136 8263 7941 7862 7847 7720 7902 7691 8010 7464 8086 8319 8287 8088 7772 7828 8093 7769 8149 8221 8115 8231 7655 8163 8006 8056 8011 7895 7902 8233 8042 8022 7962 7505 7572 7676 7701 8692 8043 7935 7711 8315 7861 7492 8358 8762 7555 8280 7822 8393 7346 8456 8620 8500 7572 8310 7611 8144 8142 7427 7817 8083 8412 8177 7866 8047 7571 8335 7595 7456 7981 7714 8023 7963 8239 7448 7781 8146 7971 7904 8199 8624 8162 7965 8037 8286 8363 8046 8399 7510 8136 8318 8332 7908 7495 7943 7511 7943 8299 8022 7528 8186 8078 8030 7892 7679 7974 8219 8428 8161 8092 8164 7645 8173 8541 8483 7661 7995 8517 8306 7777 7691 7822 8151 8305 7559 8231 8300 8035 7662 7992 8389 8024 7936 8472 8371 7624 7709 8252 7887 7967 8086 7976 7816 7544 8344 7320 8209 8167 8079 8006 8212 7744 7649 7718 7903 7757 8208 7654 7736 8008 7915 8522 8027 7650 8428 8364 7630 8027 7720 7703 7649 8022 8582 8206 8019 8356 7901 8176 7841 7371 7426 7345 7934 7783 7690 8041 7911 7794 8438 7843 8054 8128 7722 8260 8128 8099 8162 8098 7685 8090 8184 7851 8157 8055 7805 7767 7944 7830 7626 7905 7513 8080 7881 7962 7941 7630 8405 8218 8669 8043 7802 7814 7933 7905 7940 7574 8071 8024 7973 7976 7864 7800 7437 7957 7840 7871 8272 8058 7598 8226 7797 8507 8296 7893 7998 8336 8402 7835 8315 7918 8039 8725 7995 7189 8025 7954 8079 8190 7541 7196 7340 7734 7937 8159 7798 8133 8209 7901 8100 7612 7974 8564 7553 8185 7718 8027 7585 7799 7867 7791 8019 8516 8317 7780 8120 8075 8172 7910 7672 7767 8067 7967 7610 7600 7656 7621 8143 8001 7718 7815 8148 8243 7927 7920 8074 7693 8522 8468 7555 8182 
8448 8212 8387 8316 8273 8137 8379 8529 8234 7979 8194 8488 8446 8550 8566 8361 8074 8394 8887 7959 8369 8249 8609 7975 8221 8562 8914 7967 8187 8599 7715 8325 8163 8611 8396 8592 8592 8080 8380 8406 7688 8346 7486 8118 8288 8334 8702 8272 7761 7987 8828 8530 8211 9238 7902 8004 8240 8098 8689 8284 8131 7997 7843 8429 8029 8489 8449 8275 8229 8521 8260 8097 7975 8400 8804 8467 7566 8347 8071 8142 8358 8812 8168 8785 8832 8159 8443 8510 8512 8331 8536 8059 8177 7990 8177 8219 8341 8828 8142 8244 8147 8387 8480 8165 8064 8447 7751 8541 8717 8537 8052 7826 8229 8032 8134 8389 8315 8279 8487 8150 8225 8190 7699 8065 8056 8084 8819 8119 8469 8249 8375 8015 7634 8403 8847 8029 8492 7916 8500 7879 8691 8869 8516 7961 9016 8138 8440 8429 7702 8149 8298 8578 8224 8780 8249 8342 8647 8245 7986 8431 8420 8077 8446 8253 7875 8036 8514 8057 8283 8485 8868 8133 8397 8086 8266 8354 8478 8831 7829 8288 8721 8378 8097 7692 8500 7534 8177 8498 8181 7879 8517 8346 8225 8021 7650 8013 8495 8409 8359 8454 8466 8010 8412 8702 8627 8187 7888 8814 8110 8147 7838 8116 8215 8175 7703 8285 8692 8215 8014 8161 8672 8128 8070 8838 8398 8070 8044 8433 8230 8426 8341 8176 8047 8048 8619 7699 8749 8335 8469 8252 8140 8068 8173 7785 8436 8331 8331 7873 8178 8302 8130 8831 8562 7915 8471 8488 8306 8072 8110 8077 7637 8255 9020 8172 8345 8308 8243 8222 7966 7705 7709 7570 7933 8055 8136 8690 8298 8483 8808 8172 8791 8234 7814 8608 8725 8300 8406 8421 8254 8377 8895 8161 8533 8491 8116 8151 8543 8174 8301 8349 7950 7976 8244 8352 8270 8151 8885 8555 8683 8144 8155 7930 8307 8098 8128 8076 8210 8652 8502 7995 8086 8226 7965 8309 8009 8103 8313 7974 7865 8170 8475 8581 8437 8142 8269 8520 8421 8434 8510 8530 8223 8855 8255 7411 8691 8513 8178 8363 7566 7454 7924 7824 8426 8452 7959 8604 8550 8322 8728 7983 8599 9124 8181 8176 8420 8095 7971 8405 8538 8053 8517 8376 8707 8162 8469 8467 8312 8039 8018 8438 8197 8369 7875 7827 8231 8178 8611 8235 8203 8250 7921 8428 8039 8336 8295 7849 8764 8653 8106 8424 
7626 7598 7734 7919 7684 7285 7517 7885 7366 7515 7716 7962 7829 7947 7429 7596 7638 7565 8231 7618 7757 7618 7704 7342 7430 7949 7978 7233 7642 7917 7000 7630 7317 7913 7494 7780 7532 7638 7950 7683 6710 7486 7358 7144 7734 7584 7826 7597 7163 7279 7964 7898 7314 8437 7508 7599 7742 7487 7555 7792 7484 7693 7307 7655 6902 7793 7798 7561 7628 8068 7696 7686 7233 7774 7906 7868 7421 7843 7348 7673 7654 7712 7534 7861 8164 7504 7747 7580 8144 8093 7949 7526 7618 7609 7737 7620 7563 7859 7390 7765 7863 7958 8188 7580 7257 7405 7271 7739 8172 8055 7428 7408 7769 7719 7657 7466 7378 7498 7528 7502 7822 7668 7513 7021 7371 7357 8642 7520 7623 7397 7897 7378 7590 7855 7911 7655 7772 7857 7921 7513 8195 7896 7732 7341 7945 7276 7733 7764 7267 7878 7786 7899 7707 7923 7446 7600 7889 7620 7181 7520 7304 7578 7730 7796 7307 7367 7537 7255 7731 7977 8100 7764 7692 7428 7764 7738 8183 8377 7411 7835 7798 7800 7530 7394 7935 7328 7769 7582 7499 7023 7922 7917 7387 7738 6871 7651 8186 8140 8163 7497 7617 7592 7809 8077 8002 7173 7474 8466 7560 7636 7550 7843 7674 7814 7132 7516 7874 7657 7465 7462 7844 7398 7512 8239 7832 7230 7497 7845 7685 7767 7693 7563 7582 7364 7642 7196 7859 7877 8244 8015 7813 7353 7447 7469 7802 7654 7772 7651 7418 7902 7789 8214 7591 7771 8194 7926 7992 7505 7198 7467 7311 7685 8401 7610 7316 7715 7474 7604 7566 7168 7036 7258 7626 7495 7311 7864 7585 7381 8189 7846 7553 7958 7166 7632 7683 7740 7600 8005 7682 7716 7832 7585 7927 7671 7207 7856 7803 7932 7390 7735 7256 7379 7534 7625 7177 7286 8007 8087 7790 7438 7635 7661 7472 7184 7447 7533 7284 7755 7382 7400 7451 7722 7540 7562 7428 7058 7753 7591 7363 7750 7558 7852 7818 7680 7750 8013 8073 7667 8275 7497 7232 7953 7624 7150 7904 7643 7651 7998 7053 7278 7851 7438 7754 8018 7307 7909 7815 7433 7953 7480 7828 8033 7603 7647 7907 7423 7147 7366 7662 7571 7913 7880 7948 7445 7728 7767 7703 7863 7443 7505 8017 7449 7335 7586 7102 7656 7896 7417 7324 7535 7424 7780 7402 7646 7919 7456 8063 8114 7147 7535 
7993 7588 7938 7834 8429 7737 7418 8149 7593 7792 7393 8188 7871 7825 7881 8186 7870 7637 8430 7890 7854 8040 7958 7480 8174 7933 8229 7663 8055 8121 7203 7838 7839 7982 7890 7883 8001 8076 7976 8135 7329 7560 7885 7673 7545 7675 8282 7549 7463 7687 8147 8413 7489 8611 7804 8032 8293 7401 7950 7979 7780 7877 7756 7984 6965 7964 8616 8019 8166 8070 7835 7718 7759 7819 8085 8266 7490 8094 7591 7989 8175 8494 7949 8321 8260 7736 7862 7809 8018 8074 7909 7689 7727 7769 7875 7917 7949 8002 7585 7499 8013 8114 7855 7555 7481 7806 7637 7881 8239 7968 7841 7972 7975 7648 7808 7884 7943 8083 7823 7371 7877 8231 7560 7541 7785 7862 8188 7629 8050 7998 7954 7254 7655 8070 8509 7643 7844 7639 7902 7844 8049 8203 7933 7738 7957 7590 7866 7768 7238 7943 8113 8097 8059 8473 7966 7914 8275 7455 7602 7760 7846 7804 7900 7913 7137 7370 8285 7805 7758 7621 8546 8074 7923 7421 7744 8114 8446 8484 7481 7990 8251 7788 7602 7288 8081 7445 7938 8008 7725 7381 7975 8079 7672 7664 7495 7430 8264 8219 8006 7657 7684 7770 8008 8346 7935 7486 7628 8442 7616 7664 7632 7452 7780 7916 7488 7780 8040 7773 7639 7758 8379 7918 7891 8421 7907 7517 7900 8103 8104 7637 8053 7704 7683 7595 8107 7722 8370 8253 8263 8214 8006 7891 7924 7435 7790 8039 8189 7931 7465 7963 7710 8083 8161 7495 8027 8147 8075 8177 7881 7728 7408 7762 8625 8037 7794 7705 7791 8106 7703 7639 7046 7394 7692 7487 7710 8064 7813 7831 8127 7702 7987 8095 7398 7675 8151 7875 8065 8013 7881 7925 8353 7890 7939 7966 7109 7998 7893 7889 7514 7844 7678 7557 7887 7898 7914 7702 8124 8566 8044 7654 7507 7812 7640 7569 7674 7564 7143 7983 7894 7673 7719 7998 7513 7731 7804 7901 7933 7521 7718 7723 7812 8145 8080 7468 7939 8157 8106 7950 8207 7827 8156 8082 7687 7400 7831 8188 7928 8395 7234 7217 7442 7619 7780 8009 7743 8207 7851 7743 8257 7643 8128 8264 7880 8149 8081 7494 7607 7799 8181 7579 8212 8140 7919 7624 7831 7725 7668 7844 7792 7918 7688 7998 7498 7416 7527 7710 8456 7940 7681 7511 7694 8038 7522 7767 8323 7565 8289 8077 7539 7855 
7791 7596 8120 7872 8001 7467 7850 8199 8052 7717 8046 7848 7557 7807 7810 7710 7416 7952 8534 8018 7859 7709 7853 7555 7618 8022 8003 7363 7581 7921 7439 8000 7799 7617 7412 7911 7795 7920 8212 7979 6918 7631 7754 7483 7582 7848 8264 7463 7234 7902 8175 8191 7817 8281 7733 7836 7695 7899 7597 8137 7566 7451 7299 8174 7115 7966 7971 7778 7783 8056 7838 7371 7859 7573 7999 8194 7311 7651 7524 7869 7891 8084 7497 7826 8137 7454 7708 7934 8164 8104 7862 7650 7596 7938 7767 7991 7629 8281 7594 7770 7866 7900 7961 8024 7367 7557 7662 7655 8123 7937 7683 7386 7429 8016 7952 7889 7357 7578 7897 7703 8044 7705 7732 7570 7658 7939 8267 7748 7974 7752 8076 7705 7639 8139 8355 7944 8126 7620 8124 7511 8184 8149 7918 7629 8258 7584 7682 7807 7410 7603 7952 8180 8232 8231 7985 7972 7791 7686 7305 7762 7359 7639 8098 7835 7399 7263 8097 7465 8009 8335 8091 7809 8028 7647 7740 7935 8426 8368 7115 7933 8228 7824 7745 7444 8108 7285 7947 7898 7434 7334 7829 7971 7806 7559 7166 7444 8113 8094 8183 7514 8049 7512 7899 8215 8199 7869 7436 7930 7828 7486 7609 7439 8103 7860 7465 7571 8210 8087 7546 7423 8166 7470 7939 8316 7656 7648 7924 7773 7588 7901 7628 7322 7259 7592 7858 7468 7920 7721 7991 7989 7910 7572 7707 7470 7776 7909 7897 7528 7709 7741 8008 8597 7897 7512 7802 8093 7763 7870 7595 7763 7440 7918 8608 7922 7444 7771 8006 7788 7512 7269 7223 7129 7437 7799 7145 8200 7782 7525 8358 7458 8027 8001 7422 7619 7854 7870 7615 7310 7696 7920 7916 7795 7965 7805 7389 7631 7981 7714 7514 8246 7531 7676 7540 7802 7550 7485 7959 8378 8162 7890 7832 7602 7601 7757 7484 7820 7428 7811 7628 7640 7210 7762 7477 7925 7562 7605 7886 8082 7600 8084 7753 8237 7834 7777 7638 7948 8203 7779 8164 7868 7900 8265 7565 7216 7892 7919 7995 8133 7502 7372 7525 7820 7713 7874 7384 7922 8044 7741 7879 7575 7656 8362 7486 7861 7803 7539 7281 7178 7849 7604 8056 8405 8023 7624 7789 7808 7520 7845 7885 7929 8216 7807 7635 7229 7379 7770 8122 7694 7528 7871 7376 7972 7692 7892 8351 7794 8466 8220 7571 7585 
8216 7719 8326 8876 8472 7998 7944 8386 8202 7976 8062 8505 8320 8083 8428 8400 7866 8296 8722 8343 8196 8250 7964 7577 8238 8270 8379 7422 8111 8524 7234 7986 7643 8181 8413 8013 8107 8194 8461 8236 7602 8098 7537 7993 8141 8165 8352 8359 7611 7748 8683 8502 8155 8762 7947 8243 8215 7893 8336 8345 7740 8150 7707 8243 7763 8423 8649 8054 7937 8510 8036 8154 7766 8310 8357 8612 7672 8274 7796 7861 8405 8581 8552 8552 8883 7861 8290 8237 8405 8264 8622 8010 8351 8202 8082 8225 8394 8902 7887 8179 8561 8635 8611 7992 7767 8165 7932 8600 8849 8547 8122 8155 8397 8218 8123 8358 8093 8054 8269 8170 8184 7835 7944 7747 8076 8138 8875 8293 8192 8160 8164 7774 7976 8668 8780 8142 8379 8054 8408 7674 8361 8688 8266 7834 8601 7915 8136 8436 7682 7850 8238 8360 8344 8448 8353 8224 8213 7717 7643 8181 7912 8248 8371 8452 7576 8036 8475 8171 8126 8546 8867 8498 8243 8045 8272 8441 8705 8896 7309 8504 8456 8298 7744 7773 8033 7567 8023 8350 8052 7450 7793 8037 8142 8063 7864 7649 8513 8466 8345 7994 7862 8043 8152 8861 8613 7959 7985 8715 7988 7785 8177 8112 8183 7887 7655 8187 8066 8343 7826 8300 8293 8215 8038 8750 8466 7898 8277 8745 8076 8183 8221 7837 8246 7685 8449 7447 8435 8471 8615 8387 8177 8086 7818 7827 8255 8389 8300 7941 7944 8126 7932 8653 8091 7668 8369 8391 8123 8022 8268 8162 7809 8333 8629 8635 7640 8228 8404 8426 7964 7764 7727 7732 8210 8267 7896 8428 8125 7876 8630 8053 8315 8553 7804 7970 8308 8347 8266 8247 7974 7937 8582 8386 8247 8148 7854 7923 8187 7954 8019 8377 7760 7948 8132 8649 8377 7776 8515 8543 8526 8357 7811 7988 8265 7829 7776 7739 7690 8205 8066 8110 7829 8209 7861 8211 8025 7941 8064 8037 7950 8306 8135 8576 8384 8149 7999 8107 8243 8022 8396 8501 8571 9030 7946 7539 8331 8258 8105 8468 7665 7649 8157 8007 7932 8320 7650 8104 8071 7953 8232 7660 8265 8727 8230 8550 8324 7712 8094 7924 8344 8221 8417 8771 8742 8044 7979 8237 7829 8218 8265 7881 8329 8020 8168 7641 7678 8147 8549 8079 7614 8005 8253 8460 8251 7939 8716 8101 8556 8312 7645 8350 
8068 7794 8020 7981 8342 7491 8150 8281 8072 7791 7641 8025 8058 8250 8009 7880 7708 8031 8815 7849 7920 7746 8166 7781 8157 8214 8314 7543 8001 8435 7461 7837 7659 8360 8072 7809 7772 8205 8474 8008 7140 7741 7803 7842 8080 8100 8303 7986 7367 7491 8342 8366 8024 8634 7699 8075 7960 7779 8398 8313 7956 7781 7723 8068 7352 8144 8034 8321 7871 8342 8133 8263 7746 8115 8405 8146 7584 7884 7445 7909 8084 8319 8452 8203 8905 8075 7986 8274 8387 8282 8573 7969 7878 8061 8116 8199 8269 8477 7984 8052 8299 8514 8349 7896 7542 7711 7704 7996 8483 8197 7943 7893 8025 8631 8353 8227 7921 8026 8036 7849 8058 8230 8384 7540 7638 7872 8480 7757 8371 7867 8005 7686 7811 8450 8551 8371 8113 8029 8328 7642 8573 8504 8303 7947 8300 7649 8183 8113 7628 8159 8502 8058 7966 8460 8051 7860 8538 7762 7878 8114 8025 7965 8460 8385 7538 7748 8185 7612 7977 8276 8860 8143 8348 7721 8153 8386 8242 8815 7897 8113 8485 8051 7799 7665 8126 7557 8246 8208 7638 7347 8160 8228 7904 8057 7555 7752 8498 7693 8050 8064 7812 7583 7840 8637 8402 7764 8042 8703 8101 7939 8057 7587 7830 8045 7466 7810 8320 7953 7716 8074 8109 7865 8148 8685 7930 7331 8106 8489 8113 7942 8099 7843 8050 7657 8123 7819 7925 8232 8378 8425 8061 8327 7739 7831 7925 8165 8227 7965 8019 8134 7920 8565 8109 7661 8190 8081 8157 8204 8125 7984 7598 8100 8742 8191 7825 8098 8338 8330 7500 7341 7274 7460 8069 7732 7616 7821 8332 7842 8516 7771 8526 8278 7592 7640 8401 8270 8131 7897 7916 8092 8222 7897 8151 8279 7519 8036 7880 7666 7781 8143 7761 8031 7957 8190 7874 7598 8400 8659 8586 7881 8007 8176 7887 7886 8054 7761 7900 8005 7899 8203 7723 7996 7986 7844 7592 7864 7679 7939 8024 8205 7787 8218 8284 7913 8170 8400 8346 7746 8307 8219 7932 8794 7974 7504 8401 8516 8256 8451 7435 7423 8113 7890 7842 8305 7748 8600 7983 7916 8384 7953 8068 8939 8199 7842 8138 7823 7627 7828 8086 8000 8396 8481 8474 8068 8069 8193 7964 8037 7789 8143 8097 7879 7601 7389 7776 7770 8583 7829 7715 7880 7977 8154 7763 8067 8507 7825 8512 8506 7774 7846 
7785 7677 7812 8225 7945 7502 7670 8183 7784 7411 7793 7808 7770 7937 8055 7921 7894 7739 8250 7846 7683 7997 8005 7316 8026 7878 8238 7321 8099 7875 7481 7725 7719 7766 7929 7789 7483 7875 8092 8103 7042 7764 7253 7555 7743 8037 8077 7857 7147 7745 7961 8144 7744 8289 7694 7658 7925 7638 8535 7926 7826 7627 7656 8063 7349 8180 8242 7530 7657 8054 7833 7750 7734 8158 8297 8205 7263 7868 7660 7487 8069 8357 7820 8032 8377 7901 7738 7730 8311 8084 7710 7825 7400 7718 7739 7881 7955 8142 7588 7606 8165 8067 7939 7791 7661 7816 7345 7695 8299 7983 7877 7469 7736 8172 7900 7911 7836 7871 7885 7563 7750 7691 7577 7487 7735 7897 8439 7639 7729 7654 8189 7617 7759 8226 8224 7883 8013 7991 8173 7284 8442 8181 7843 7521 8360 7733 7739 7815 7447 7644 7918 7932 8002 8200 8102 7624 8405 7577 7427 7763 7975 7662 8001 8173 7179 7453 8129 7913 7951 8018 8274 7881 7782 7699 7942 8154 7897 8681 7384 7783 8159 7801 7831 7439 7894 7685 7848 8060 7749 7585 8147 8000 7604 7556 7302 7445 8389 7921 7704 7476 7682 7583 7803 8372 8064 7477 8043 8400 7744 7428 7756 7681 7938 7778 7480 8051 7891 7626 7518 7828 8390 7523 7915 8137 7589 7339 7772 8169 7653 8140 8116 7731 8075 7333 7987 7435 7961 8024 7766 8061 7808 8016 7625 7640 7998 7974 8089 7548 7729 8213 7721 8494 7880 7766 8123 8182 7937 7771 7866 7463 7343 7596 8420 7778 7549 7761 8090 8490 7979 7473 7231 7195 7683 7719 7201 8164 7912 7760 8637 7699 7817 7874 7646 7761 8127 7629 7894 7899 7743 8062 8154 7809 8088 7769 7669 8168 7734 7858 7714 7751 7527 7822 7719 8108 7675 7353 8417 8446 7846 7898 7612 7868 7879 7653 7716 7398 7804 7883 8041 7754 7885 7715 7893 7794 7503 8099 7874 7721 7688 7870 7860 7948 7844 7693 7627 8000 8281 7638 8071 7742 7976 8351 7915 7229 7694 7828 7898 8087 7364 7396 7682 7636 7717 7732 7462 7961 7895 7783 8333 7787 8337 8229 7821 8213 8033 7519 7692 7646 7724 7840 8315 8255 8334 7820 8096 7837 7646 8079 7349 7829 7910 7714 7625 7587 7198 7837 8247 7649 7763 8091 7775 7924 7434 7564 7981 7372 8038 8113 7728 7680 
8234 7399 8024 8284 8329 8037 8059 8083 8007 7995 7781 8328 7845 8099 8028 7880 7721 7928 8495 8158 7813 7932 7914 7670 8113 8077 8063 7750 7876 8352 7616 7846 7762 7756 7992 7696 7544 7772 8543 8495 7531 7606 7432 7554 7958 7850 8304 8014 7426 8061 8353 7811 8238 8604 7840 7753 8206 8068 8120 8450 7902 7727 7591 8324 7536 8194 8251 8140 7661 8145 8168 7943 7369 7887 8182 8207 7145 8182 7699 8098 8161 8251 8292 8060 8590 8030 7847 7854 8055 7887 8028 7840 7836 7937 7907 7950 8006 8231 7666 8008 8037 8369 8254 7747 7699 8088 7753 8324 8129 8174 7694 7812 8286 8356 7678 7793 7998 7660 8364 7885 7959 8230 7446 7578 7756 7979 8214 7543 8283 7683 8099 7977 7599 8195 8821 8160 8472 7751 8290 7645 8447 8472 8334 7755 8302 7561 7942 8099 7431 7894 7938 7916 8078 8159 8291 7844 8200 8045 7779 7898 7903 7842 8398 7963 7642 7546 8049 7960 7990 8062 8427 8045 8082 7694 8145 8045 8248 8655 7385 8066 8369 7574 7492 7499 7987 7774 7989 8189 7726 7767 8141 8096 8014 7773 7555 7850 8555 8166 7708 7725 7853 7948 7533 8488 8261 7731 7901 8584 7609 7963 7905 7605 8234 8237 7404 7791 8297 8199 7508 8187 8405 7800 7823 8266 8155 7967 7988 8286 7987 8073 7641 7453 7792 7757 7788 7693 8444 8139 8218 8223 8085 7999 7843 7642 8169 7757 8218 7914 7768 8216 7654 8689 7747 7530 8026 8275 7915 8162 7925 7955 7616 7802 8427 8067 7460 7963 8310 8017 7936 7579 7252 7265 7729 7842 7825 8229 8101 8010 8304 8135 8007 8183 7601 7871 8119 7750 8060 7702 7782 7791 8489 8036 8179 8064 7420 7829 8107 7735 7670 7795 7538 7920 8142 8157 7801 7350 8708 8349 8265 7658 7492 7694 7728 7923 7759 7516 7858 8387 8099 7988 7556 8073 7927 7871 7836 8110 7954 7838 7741 7846 7652 8315 8077 7770 7816 7982 8825 8082 7992 7882 8488 8626 7436 7153 8463 7861 8075 8194 7678 7476 7758 7925 7916 8157 7640 7990 8170 8040 8200 8117 7902 8459 7776 7828 7840 7799 7360 7766 8310 8177 8497 8896 8224 8114 8071 7889 7631 8118 7675 8267 8038 8327 7779 7959 7692 7894 8228 7866 7929 7485 8055 8211 7897 7793 8825 7606 8236 8315 7587 8074 
8682 8126 8147 8634 8640 8228 8218 8603 8294 8260 8016 8712 8214 8298 8932 8186 8201 8699 8866 8536 8408 8204 8670 7977 7865 8445 8807 7884 8341 8351 7900 8462 8128 8760 8648 7987 7742 8366 8600 8361 7584 8294 8042 8107 8430 8403 9031 8437 8046 8458 8684 8543 8337 8774 8311 8261 8171 8186 8515 8344 8361 8024 7988 8435 7529 8738 8655 8295 8297 8402 8045 8364 8037 8418 8697 8357 7678 8497 7928 8303 8571 8822 8226 8372 8805 8476 8393 8525 8554 8307 8536 8008 8040 8355 8619 8168 8487 8681 7991 8173 8306 8679 8462 7977 8301 8447 8368 8341 8619 8089 8154 8032 8334 8615 8171 8026 8109 8288 8074 8417 8504 8127 7851 7966 8058 8203 9117 8415 8396 7876 8275 8343 7787 8624 8834 8161 8540 7970 8781 7961 8740 8890 8306 8203 8822 8122 8627 8427 7886 8326 8653 8490 8692 8440 8412 7879 8567 8037 8183 8320 8156 8081 8578 8316 7919 7889 8463 8112 8009 8598 9010 8332 8623 7984 8382 8605 8640 8874 7974 8258 8710 8697 7996 7952 8588 7910 8584 8403 8370 7895 8448 8279 8205 8007 8014 8212 8834 8841 8579 7934 8159 8116 8412 8429 8581 8073 8167 9122 8078 8211 8345 8304 8437 8670 7912 8243 8435 8408 8036 8405 8748 8050 8408 8809 8037 8256 8279 8872 8236 8468 8536 7942 8024 8140 8449 7749 8315 8504 8351 8713 8372 8508 8034 8310 8101 8494 8422 8016 7935 8509 8152 8996 8370 8018 8354 8503 8114 8497 7997 8322 7849 8379 8983 8211 8022 8100 8174 8465 7965 7531 7426 7532 8239 8155 8008 8447 8265 8061 8830 8472 8363 8515 8004 8105 8304 8160 8192 8462 8161 8580 8515 8367 8708 8397 8122 8422 8437 8072 7983 8559 7876 8366 8030 8368 8045 8063 8804 8515 8690 8053 8283 8529 8073 8182 8234 8512 8413 8461 8241 8032 7943 8032 8042 8338 7986 8059 8517 8127 8108 8495 8100 8497 8413 8247 8327 8849 8741 8332 8794 8373 8318 8940 8285 7526 8619 8316 8384 8843 8045 7877 7960 8188 8403 8609 7979 8947 8320 8195 8964 7997 8219 9095 8199 8155 8278 7943 7659 7948 8502 8236 8765 8643 8681 8243 8750 8451 8196 8880 8408 8466 8676 8158 7892 8067 7866 8105 8322 8015 8082 8152 8510 8419 8068 8165 8804 8051 8818 8587 7828 8598 
7971 7797 8296 8449 8470 7958 8164 8471 8040 8168 8242 8631 8070 8324 8214 7763 7968 8461 8955 8472 8211 8227 8526 8111 8254 8168 8615 7780 8197 8448 7763 8467 7986 8451 8215 8174 8086 8242 8573 8249 7313 7839 8095 7900 8105 8189 8903 8360 7694 8140 8389 8386 8587 8224 8471 8185 8164 8240 8426 8786 8319 7968 7697 8361 7727 8337 8597 8034 8267 8231 8213 8299 8020 8106 8434 8476 7810 8289 7975 8368 8398 8586 7979 8351 8891 8198 8376 8190 8573 8837 8349 8361 7893 8204 8315 8212 8149 8377 7969 7942 8220 8523 8622 8206 7999 8440 7802 8300 8538 8456 7829 8246 8280 8710 8207 8445 8234 8341 8408 8135 8182 8241 8147 7656 8006 8257 8721 8020 8241 7779 8219 8151 7585 8609 8656 8265 8255 8184 8274 7827 8504 8463 8271 8037 8882 8006 8101 8196 7794 7983 8450 8541 8522 8361 8255 8026 8493 8163 7866 8140 8095 8294 8429 8511 7682 7772 8459 8174 8438 8351 8686 7948 8400 7954 8260 8344 8703 8643 8123 8084 8636 7986 8274 7606 8378 7525 8105 8511 7860 7792 8288 8276 8188 8117 7626 7915 8464 8341 8371 8124 8271 8090 8040 8697 8390 7931 8001 8841 7835 8252 8061 7995 8250 8512 8072 8218 8493 8096 8067 8175 8625 7993 8079 8843 8319 7960 8197 8506 8365 7994 8226 8237 7992 7680 8093 7587 8336 8358 8688 8641 8557 8219 7739 7850 8448 8689 8446 7988 8055 8086 8267 8824 8315 8024 8039 8617 8504 7977 7961 8075 7853 8256 8719 8445 7916 7985 8189 8459 8056 7530 7590 7793 8027 8143 7717 8547 8319 8180 8934 8071 8573 8357 8060 8254 8528 8167 8236 8267 8100 8300 8363 8174 8648 8153 8171 8213 8030 8079 8165 8604 7803 8247 8245 8295 8095 7959 8698 9151 8391 8129 7739 7884 8246 8034 8298 7964 7956 8390 8152 8298 7896 8029 7859 8249 8151 7908 8253 7707 7829 8623 7856 8726 8383 8368 7907 8484 8702 8309 8429 8075 8186 8793 8193 7698 8371 8139 8314 8231 7487 7597 7665 8082 8030 8536 7812 8642 8465 8519 8432 8063 8197 8613 8033 8409 8053 7784 7835 7793 8087 8431 8655 8338 8565 8353 7973 8373 8023 8557 8369 8177 8528 7916 8117 7781 7823 8522 8561 8007 8246 8188 8154 8348 8152 8160 8564 8046 8741 8406 8165 8368 
7764 7593 7993 8169 7837 7916 8028 8274 7623 7605 7650 7929 7812 8298 8050 7521 7692 7899 8256 8006 7744 7976 7590 7802 7904 8264 8000 7313 8061 8287 7250 7826 7704 7981 7824 8197 7857 7654 8010 8054 6923 7488 7380 7608 7856 7898 7947 7890 7298 7610 8110 8368 7643 8113 7972 7720 7728 7788 7885 8040 7852 7691 7635 8197 7367 7748 8075 7631 7885 7974 7961 7662 7397 7974 8009 7881 7846 7915 7461 7882 7886 8426 7813 8291 8468 7928 7890 7869 8350 8139 8250 7766 7938 7853 7855 7760 7866 8217 7526 7510 8030 8235 8049 7792 7483 7794 7377 8137 8252 7932 7699 7511 8053 8244 7684 8060 7590 7726 8059 7628 7728 7739 7565 7496 7453 7607 8438 7649 7717 7525 7661 8003 7481 8166 8184 7836 7748 7572 8230 7674 8395 8146 7873 7702 8194 7306 7781 7705 7562 7792 8118 7976 7953 8172 8104 7997 8142 7516 7361 7728 7705 7776 8164 8091 7288 7097 8195 7602 7778 7950 8384 7645 7927 7534 8124 8039 8438 8582 7525 8128 8111 7794 7820 7486 7843 7385 7475 8094 7566 7440 8174 7955 7757 7456 7295 7791 8411 7885 7916 7564 7800 7674 7785 8220 7922 7924 7715 8262 7748 7607 7785 7625 7675 7716 7709 7604 7786 7820 7543 7702 8267 7722 7823 8630 7878 7412 8200 8136 7668 7831 7833 7616 8006 7248 7792 7183 8102 7892 8515 7913 7755 7699 7474 7322 8053 8002 7914 7834 7993 8100 7798 8448 7814 7556 8124 8270 7646 7868 7844 7671 7127 7981 8324 8025 7600 7534 7905 7863 7869 7481 7285 7416 7583 8085 7165 8232 7656 7761 8502 7645 7884 8059 7364 7790 8050 7513 7559 7604 7450 8130 7939 7874 7949 7904 7548 7706 8028 7750 7554 8320 7257 7885 7865 8091 7445 7323 7858 8323 7919 7576 7877 7820 7707 7481 7869 7827 7527 7886 7858 7900 7846 8148 7507 8174 7837 7675 7985 7867 7777 8002 7633 7993 7869 7641 8125 7955 8374 7691 7939 7780 7940 8486 7858 7305 7775 8111 7792 8320 7309 7449 7576 7608 8000 7932 7320 7873 7777 7757 8078 7321 8025 8242 7815 7922 7822 7592 7536 7614 7865 7740 8427 8254 8022 7994 7947 8131 7821 7859 7469 7943 8116 7473 7613 7553 7263 7656 8092 7812 7775 7839 7828 8191 7453 7843 7796 7457 8249 8169 7568 7978 
8332 8007 8258 8488 8558 8109 7765 8117 8403 8224 8005 8326 8173 8128 8334 8231 7907 8097 8747 8238 8278 8229 8345 7678 8109 8027 8619 8150 8158 8345 7590 8100 8305 8228 8232 8200 8296 7932 8033 8486 7264 8158 7717 7924 7849 7864 8747 7944 7776 7876 8585 8601 7756 8486 7905 8014 8292 8199 8155 8428 8147 7983 7716 8343 7747 8313 8639 8211 8170 8756 8029 7742 8046 8164 8393 8632 7489 8036 7479 8378 8698 8476 8132 8336 8637 8100 8136 8143 8269 8539 8576 8030 8151 7993 8275 8511 8376 8546 7606 8140 8283 8503 8569 7654 7993 8539 7938 8352 8463 8282 8122 7837 8397 8068 7787 8284 7959 7830 8289 8048 8217 8172 7657 7966 8056 8053 8491 8040 8332 7958 8368 7934 7934 8651 8639 7974 8108 7804 8342 8031 8538 8444 8124 8026 8369 7963 8011 7882 7979 8039 8254 8601 8224 8517 7922 8029 8507 7947 7841 8164 8330 7748 8492 8266 7629 7676 8201 7883 8162 8195 8801 8103 8413 8139 8000 8215 8467 8711 7547 8142 8356 8276 8343 7852 8402 7553 8102 8165 7971 7661 8414 8214 8375 7918 7742 8203 8712 8652 8533 8227 8275 8090 8085 8699 8502 8040 7931 8757 7847 8010 8191 7935 8326 8308 7539 8287 8278 8560 7752 8507 8582 7850 8554 8554 8170 7640 8286 8529 8242 8315 8296 7855 7885 7821 8307 7709 8286 8131 8432 8283 8144 8154 7988 7735 8320 8403 8847 8085 7869 8588 8073 8272 8105 7925 8344 8227 8272 8268 7862 8256 7744 8281 8826 8289 7611 7743 8448 8006 7675 7689 7593 7548 7838 8062 7803 8114 8081 7598 8533 8028 8275 8321 7808 8014 8368 8242 7938 8059 8204 8085 8481 8194 8434 8039 7636 8051 8281 7847 7909 8204 7773 7897 8442 8238 7804 7635 8617 8811 8302 8041 7673 7867 8107 7771 8025 7718 7887 8347 8458 7904 7968 8045 7598 7999 7909 7882 8452 7907 7608 8135 8177 8763 8397 7751 8159 8458 8626 8107 8296 8259 8488 8512 8092 7503 8309 8493 8687 8522 7775 7306 7980 7841 7737 8035 7834 7947 7971 8041 8479 8243 8239 8863 7909 8197 8184 8188 7637 7845 8369 7993 8586 8344 8407 8290 8456 8039 8147 8249 8045 8179 8235 8124 7849 7766 7977 8085 8681 7987 8079 8067 7799 8302 7989 7985 8543 7837 8833 8685 7878 7970 
8071 7909 8605 8317 8526 8100 8079 8774 8197 8152 8185 8500 8274 8045 8197 8232 8131 8383 8663 8127 8160 8409 8582 7836 7954 8264 8481 8104 8062 8763 7889 7924 8411 8554 8060 8398 8065 8399 8516 8704 7591 8109 8053 7898 8150 7938 8841 8284 7844 8219 8331 8855 8366 9006 8189 8055 8093 8108 8326 8594 8059 8105 7881 8397 7344 8077 8663 8139 7955 8668 8241 8216 7857 7988 8679 8358 7848 8441 8101 8344 8499 8798 8203 8629 8570 8452 8560 8301 8890 8533 8575 8172 8336 8440 8399 8299 8077 8835 7861 8316 8378 8570 8357 8194 8131 8203 8110 8499 8809 8440 8165 8072 8409 8357 8214 8449 7919 8208 8482 8133 8641 8308 8081 7943 8177 8424 8958 8010 8557 8196 8578 7893 7684 8693 8690 8375 8331 8171 8461 7964 8450 8649 8436 7947 8680 7794 7864 8326 7952 8261 8412 8798 8636 8576 8178 8360 8617 7837 7986 8311 8207 8242 8767 8266 7906 7812 8403 8344 8585 8452 8915 8185 8296 7978 8436 8394 8704 9106 7903 8449 8791 8283 8227 7930 8510 8083 8250 8183 8169 7787 8371 8351 8353 7988 7644 7847 8593 8692 8402 8415 8544 7976 8164 8709 8436 8296 7873 8727 8222 8520 8021 8084 8278 8612 7725 8332 8683 8465 8218 8229 8841 7930 8251 8743 8342 8023 8431 8647 8250 8305 8259 8294 7870 7827 8165 7691 8519 8648 8697 8401 8500 8379 8030 7776 8394 8184 8458 8041 7912 8333 8291 9052 8401 8266 8195 8259 8214 8783 8001 7990 7908 8287 9074 8451 8114 8227 8369 8183 7922 7906 7700 7648 8121 8463 7706 8655 8472 8109 8458 8616 8637 8396 7997 8136 8421 8374 8494 8420 8173 8351 8593 8353 8616 8312 7946 8107 8175 8099 7932 8485 7982 8297 8052 8369 8530 7731 8226 8708 8620 8206 7979 8426 8091 7946 8035 8007 7959 8541 8302 8101 7953 8344 8143 8424 8273 8127 8300 7842 8178 8239 7995 8756 8640 8151 8190 8892 8792 8319 8972 8316 8313 8747 8022 7778 8346 8514 8348 8746 7911 7554 8178 8046 8181 8613 8144 8538 8396 8444 8912 8114 8322 8893 8354 8272 8517 8350 7625 8251 8639 7872 8815 8464 8274 8008 8304 8342 8362 8284 8109 8129 8339 8133 8277 7806 8028 8029 8472 8215 7931 8319 8033 8477 8096 8484 8588 8096 8564 8673 8025 8451 
8123 7707 8233 8130 8206 7583 7824 8402 8132 7876 7834 8504 7829 8277 8111 7738 7841 8238 8358 8037 7691 7852 8043 8138 7825 8164 8330 8006 8170 8107 7499 7962 7957 8384 7913 7931 7916 7808 8566 7936 7345 7820 7438 7416 7691 8037 8682 7863 7523 8006 8509 8485 8067 8041 7620 8322 8014 7952 8135 8201 7833 7720 7418 8119 7538 8040 8277 7929 8042 8377 8128 7893 7857 8240 8492 8084 7505 7991 8064 7715 8205 8553 7820 7773 8677 7815 8098 8212 8228 7984 8287 8095 7851 7730 8390 7847 8002 8194 7501 8099 8499 8306 8110 7866 7819 8052 7859 8280 8094 8359 7813 7795 8279 8379 7903 7931 8036 7901 7983 7926 8368 8217 8167 7849 7715 7925 8737 8000 8142 7975 7991 7818 7814 8457 8742 8138 8116 7960 8230 7935 8346 8626 8026 7782 8433 7951 8210 7966 7493 8218 8168 8188 8040 8493 8034 7619 8323 7483 7661 7949 7818 7795 8427 8420 7599 7392 8150 7819 7848 7752 8843 8043 8027 7761 8248 8168 8412 8754 7883 7937 8204 8330 7718 7508 8224 7526 7774 8166 7846 7800 8128 7964 8147 7694 7532 8042 8449 7921 8078 7914 7585 7595 8265 8407 8192 7969 8034 8397 8075 7983 7822 7641 7799 8230 7486 8164 8177 7999 7513 8081 8578 7798 8161 8415 8146 7604 7888 8706 7977 8418 7815 7904 7810 7541 7885 7548 8163 8444 8318 8216 8153 7773 7654 7857 8286 8035 8298 7786 7355 7964 8073 8349 7918 8028 8200 8147 8061 8145 8080 7679 7606 8108 8649 8335 7550 7957 8208 8237 7961 7486 7317 7413 7929 7817 7633 8367 8355 8062 8377 7857 8330 8244 7705 8150 7885 7877 8052 8095 7866 8080 8442 8228 8071 7947 7401 7867 7725 7899 7864 8312 7589 7920 7793 8031 7608 7768 8220 8494 8490 7918 7781 7851 7932 7859 7895 7767 7843 8277 8195 7984 7519 8150 7883 8090 7711 7707 8006 7870 7442 8182 8048 8453 8040 8195 7869 8247 8537 8020 8304 7943 8215 8296 7949 7554 7953 8291 8065 8201 7567 7399 7371 8002 7984 7800 7827 8031 8220 7873 8445 7979 7617 8829 7939 8017 8070 7972 7755 7778 7978 8089 8590 8272 8009 7769 8089 8080 7691 8096 8113 8168 8311 8124 7673 7860 7520 7755 8412 8021 7719 7917 8312 7689 7975 7911 8774 7655 8697 8289 7812 8314 
7559 7282 7827 7821 7909 7479 7498 7499 7804 7404 7556 7744 7741 7549 7928 7525 7332 7550 8337 7745 7650 7303 7435 7410 7505 7770 7885 7374 7669 7907 6957 7559 7402 7683 7641 7853 7452 7954 7932 7730 6951 7246 7249 7280 7471 7298 8056 7664 7156 7425 7877 8189 7527 8158 7473 7724 7872 7679 7681 7702 7616 7235 7102 8115 7248 7711 7899 7904 7609 7793 7870 7499 7418 7698 7609 7988 7235 7812 7343 7329 7843 8144 7622 7932 8132 7672 8032 7888 7935 8081 7740 7458 7423 7488 7812 7676 7595 8060 7570 7721 8124 8182 7815 7605 7299 7638 7401 7915 8586 8101 7497 7701 7574 7745 7639 7493 7381 7432 7800 7498 7973 7876 7626 7514 7476 7283 8134 7497 7833 7473 7716 7617 7352 7619 8000 7315 7782 7685 8067 7264 7782 8137 7722 7519 8035 7344 7374 7811 7117 7340 7825 8028 7906 7897 7978 7449 8099 7508 7448 7420 7503 7816 7593 7815 7423 7204 8052 7528 7860 7916 8232 7942 7794 7656 7628 7714 8269 8088 7513 7503 8117 7560 7245 7258 7737 7201 7797 7909 7332 7256 7653 8033 7323 7646 6992 7475 8036 7922 7672 7586 7488 7433 7345 8223 7947 7488 7579 8184 7454 7654 7541 7463 7596 7836 7065 7785 7735 7790 7227 7708 7812 7529 7639 7945 7486 7209 7925 7981 7499 7515 7829 7364 7483 7225 7710 7030 8014 7954 8132 7883 7723 7680 7572 7470 7954 7711 7932 7482 7079 7677 7299 8337 7240 7509 7852 7814 7443 7849 7591 7555 7503 7829 8168 8087 7290 7598 7623 7951 7443 7338 6858 7246 7558 7433 7404 7978 7850 7355 8220 7224 7558 7856 7511 7539 8189 7451 7630 7497 7577 7807 8074 7672 7869 7555 7025 7558 7484 7739 7264 7905 7412 7943 7607 7752 7496 7242 7692 8065 7831 7560 7295 7553 7380 7685 7561 7747 7268 7750 7883 7442 7511 7636 7256 7841 7184 7451 7747 7518 7663 7744 7483 8139 7745 7800 7536 7761 7836 7753 8197 7537 7961 8139 7540 7305 7940 7711 7740 8166 7514 7254 7296 7530 7584 7817 7441 7840 7531 7605 7742 7559 7778 7852 7462 7687 7622 7645 7146 7292 7752 7373 8361 7988 8274 7558 7878 7606 7593 7660 7508 7810 7643 7781 7541 7201 7324 7629 8155 7518 7508 7538 7782 7759 7233 7697 8011 7613 8110 8127 7366 7623 
8202 7699 8650 8559 8476 7902 8024 8549 8291 8272 8171 8738 8299 8769 8411 8255 8484 8557 8844 8373 8541 8346 8620 8057 8292 8366 8609 7797 8562 8457 7645 8201 8317 8560 8209 8312 8457 8493 8687 8319 7537 8095 8083 8207 8411 8372 8676 8191 7823 8190 8682 8620 8433 8968 8102 8745 7999 8555 8458 8320 8561 8215 7978 8582 7994 8863 8366 8165 8454 8537 8141 8254 7995 8229 8652 8701 8016 8720 7797 8535 8426 8820 8603 8562 8980 8319 8381 8922 8776 8547 8283 8205 8121 8156 8488 8539 8269 8996 8243 8020 8709 8688 8799 8088 8030 8273 7912 8440 8785 8555 8179 8481 8516 8113 8419 8434 8373 8420 8485 8248 8577 8380 7987 7794 8270 8122 9185 8562 8566 8152 8447 8134 7914 8874 9011 8249 8711 8267 8537 8194 8818 8980 8343 8103 8509 7794 8390 8707 7945 8352 8438 8793 8621 8764 8386 8427 8811 7970 7975 8227 8080 8389 8681 8608 7687 8111 8307 8345 8305 8655 8973 8510 8674 8052 8548 8557 9083 8962 8081 8518 8924 8466 8175 7694 8274 7736 8699 8371 7991 7728 8453 8701 8358 8125 7801 8060 8852 8325 8529 8331 8653 8386 8259 8783 8389 8175 8246 8947 7916 8545 7866 7919 8570 8538 7737 8274 8419 8182 8071 8145 9117 8256 8260 8567 8493 8040 8446 8514 8058 8551 8182 8050 8410 7744 8385 7881 8732 8945 8484 8452 8416 8227 8367 7648 8298 8490 8497 8171 8134 8471 8531 9141 8448 7939 8400 8493 8266 8158 8590 8446 7889 8349 9119 8739 7918 8680 8274 8553 7903 7925 7765 7847 8178 8178 8261 8710 8412 8298 8822 8134 8702 8423 7720 8384 8658 8043 8362 8213 8086 8436 8535 8616 8517 8397 7813 8073 8316 8056 8417 8687 8141 8621 8212 8409 8433 8196 8478 8623 8559 8566 8167 8373 8250 8339 8308 8237 7730 8420 8256 8212 7966 8312 8238 8265 7891 8159 8493 8238 8168 8493 8114 8732 8533 8444 8278 8765 8945 8575 8894 8469 8513 9143 8428 7570 8506 8201 8090 8375 7938 7835 8164 8075 8127 8548 7990 8874 8341 8263 8785 8103 8564 9214 8175 8484 8343 8104 8033 8169 8458 8144 8927 8689 8725 8425 8419 8365 8201 8294 8298 8464 8481 8574 8413 7973 7835 8216 8864 8193 8038 8317 8476 8982 8327 8355 9061 8401 9168 8907 8157 8364 
7985 7824 8436 8446 8153 7931 7858 8240 8160 7599 7712 8445 8179 7744 8244 8050 7831 8084 8593 8210 7821 8077 8093 7706 7908 8165 8314 7966 7866 8438 7824 8153 8117 8268 7700 7875 7746 8101 8208 8490 7509 7890 7732 7763 7592 7944 8560 8035 7304 7719 8369 8431 8057 8480 7753 8099 8131 7885 8038 8471 7933 7913 7803 8231 7440 8265 8210 7980 8014 8279 8187 7845 7733 8311 8629 8140 7394 8302 7350 7839 8601 8590 8145 8238 8555 7759 8050 7854 8221 8355 8150 8026 8130 8234 7808 8088 8172 8643 7949 8098 8282 8500 8027 7896 7563 7921 7738 8154 8335 8243 7832 8026 8083 8011 7953 8135 7738 8047 8204 7675 8351 8242 7938 7644 8138 7858 8557 8001 8102 7762 8089 7589 7508 8289 8470 8155 8257 7635 8597 8028 8664 8506 8297 7624 8192 7705 8294 8012 7306 8062 8228 8279 8302 8426 8314 7924 8447 7628 7677 7918 7804 7639 8041 8411 7626 7623 8134 7872 7950 8318 8274 7886 8185 7876 7848 8154 8226 8668 7625 7988 8742 8304 7909 7700 8476 7646 7785 8274 7813 7858 8152 8455 7939 8121 7429 7847 8384 8511 8244 8389 8080 7816 7799 8439 8402 8036 8092 8253 7913 7821 7844 7499 8056 8110 7908 7959 8119 8257 7437 7901 8358 7653 8342 8514 7931 7774 8070 8428 7751 7958 7916 7733 7603 7648 8240 7685 8679 8369 8316 8037 7777 8061 7837 7608 8010 8103 8143 7942 7546 7941 7785 8358 8119 7954 8402 8413 7545 8177 8029 7839 7274 7914 8609 7879 8031 7825 8163 8234 7628 7585 7531 7368 8192 7893 7562 8338 8236 7803 8666 7862 8121 8010 7794 7947 8467 7860 8062 7772 7773 7792 8440 8225 8047 8262 7129 7939 7989 7753 7760 8102 7499 7833 8008 8116 7748 7843 8603 8332 8748 7811 7979 8030 8106 7806 7945 7669 7866 8203 8345 8103 7823 8148 7797 8020 7776 8082 8286 8257 7812 8097 7843 8373 7977 8188 7924 8342 8581 7974 8257 8118 8160 8535 8080 7748 8424 8104 8144 8579 7684 7079 7947 7724 8027 8033 7845 8070 7943 7991 8167 7951 8240 8633 7791 7784 8013 8193 7537 7994 8110 7599 8327 8283 8145 7830 7804 7918 8005 8123 7686 8193 8179 7760 7779 7640 7839 7985 8411 7609 7648 7755 8009 8198 7930 8017 8402 7748 8292 8674 7744 8164 
8208 7624 8036 8333 7936 7730 7995 8371 8007 8176 7861 8443 7988 7937 8553 8190 7986 8414 8470 8238 7987 7869 8193 7974 7985 8360 8654 7781 8371 8335 7644 8356 7873 8481 8035 7847 8052 8250 8379 8134 7340 7779 7582 7852 8155 7972 8500 7992 7507 8090 8560 8250 8352 8486 8018 7854 7852 8418 8185 8383 7933 7619 7734 8574 7491 8331 8488 7951 7800 8467 8228 7905 7751 8235 8255 8115 7275 8281 7973 8185 8269 8646 7719 8342 8281 7987 8237 8414 8502 8116 7921 7735 7789 8120 8045 8151 7839 8943 7832 8205 8432 8493 8190 7682 7743 7840 7738 8122 8466 8200 8011 7984 8529 8257 7978 8290 8145 8324 7831 7791 8340 8395 7994 7583 8054 7925 8714 7942 8452 7796 8068 7815 7641 8280 8918 8183 8053 7649 8594 7433 8108 8565 8235 7933 8443 7773 7791 8335 7335 8450 8478 8207 8226 8490 8239 7866 8422 7688 7838 8293 8115 8370 8475 8587 7700 7405 7972 8224 8065 8231 8502 8393 8506 8240 8196 8265 8408 8919 7875 8154 8070 8307 7860 7543 8427 7731 8312 8033 7764 7498 8220 8492 7974 7876 7619 7873 8682 8449 8062 8264 8252 7843 7692 8716 8163 7785 7930 8896 7973 7744 7905 7900 8065 8336 7593 8440 8153 8307 7581 8048 8545 7808 8120 8276 7763 7685 8098 8394 7960 8251 8240 7697 7665 7415 7999 7572 8538 8429 8496 8171 7882 8194 7786 7832 8126 8283 8059 7565 7957 7983 7917 8822 8208 7721 8109 8463 7863 8523 7784 8078 7618 8243 8764 8126 7725 7770 8115 8063 7805 7399 7574 7774 8124 7796 7515 8260 8450 7938 8502 8086 8374 7968 7717 8129 8626 7760 7848 8116 8120 7865 8385 7921 8191 8128 7335 8193 8271 7903 7738 8498 7463 8343 8006 8148 8176 7820 8359 8346 8180 7939 8001 8046 7862 7994 8214 7619 8010 8289 8020 8123 7796 8060 7803 8276 7976 8074 8430 7693 7502 7924 7931 8335 8294 8116 8241 8751 8583 8061 8257 7808 8571 8904 8007 7422 8538 7715 8133 7913 7911 7505 7841 7941 8170 8440 7799 8331 8121 8027 8188 7749 8038 8348 8184 8149 8155 7698 7793 8090 8328 7896 8737 8430 8583 7712 8289 8059 8057 8003 7882 7988 8103 8418 7596 7825 7981 7915 8704 7908 7871 7668 8170 8045 7989 8173 8424 7927 8474 8234 7838 8257 
7584 7049 7444 7464 7379 7530 7039 7727 7163 7199 7071 7555 7352 7173 7544 7084 6907 7334 7915 7374 7323 7579 7265 7185 7476 7702 7928 6945 7261 7714 7062 7263 7325 7297 7404 6986 7329 7550 7474 7423 6720 7069 7225 7043 7400 7052 7718 7372 6851 7272 7588 7571 7136 7990 7179 7113 6997 7299 7556 7400 7534 7218 7152 7702 7070 7153 7817 7437 7035 7604 7145 7621 7326 7404 7384 7571 6997 7532 6951 7581 7373 7481 7585 7654 7869 7211 7183 7393 7574 7821 7507 7400 7250 7779 7363 7633 7496 7978 7066 7498 7376 7969 7682 6955 6945 7351 6871 7509 7439 7646 7055 7206 7431 7326 7627 7617 7520 7220 7292 7240 7626 7416 7123 7094 7217 7242 7919 7106 7365 7329 7623 7207 7219 7745 7909 7736 7474 7209 7698 6758 7641 7715 7749 6798 7145 7232 7414 7410 6846 7086 7251 7534 7442 7526 7756 7241 7844 7111 7171 7612 7328 7391 7589 7609 6905 7200 7502 7196 7567 7652 7882 7496 7394 7207 7415 7271 7734 8239 6924 7590 7318 7400 7038 7074 7713 7007 7542 7197 6963 7084 7345 7118 6990 7226 7031 6977 7792 7975 7641 7389 7384 6825 7376 7773 7762 7183 7227 7816 6971 7556 7199 7325 7133 7405 7026 7416 7348 7406 7249 7587 7836 7200 7521 7884 7313 6985 7503 7775 7310 7295 7240 7059 7102 7160 7456 7014 7523 7581 7809 7696 7406 7641 7325 7241 7500 7273 7648 7115 7015 7605 7422 7498 7368 6942 7411 7772 7618 7505 7351 7282 7041 7408 8060 7319 6915 7119 7423 7563 7075 6994 7001 6768 7709 7286 6992 7662 7469 7014 7587 7750 7609 7320 7230 7335 7904 7398 7275 7555 7342 7486 7912 7092 7333 7241 7335 7277 7465 7629 7330 7495 7226 7476 7248 7678 7129 7068 7545 7915 7683 7407 7170 7493 7123 7194 7023 6858 6881 7367 7527 7253 7199 7341 6976 7379 7165 7179 7464 6878 7252 7277 7364 7952 7194 7345 7483 7395 7662 7241 7544 7510 7416 7665 7464 6832 7793 7206 7426 7327 7235 6754 7128 7577 7297 7738 6834 7489 7570 7205 7323 7488 7418 8031 7556 7395 7540 7609 7083 7163 7447 7473 7690 7886 7670 7396 7293 7267 7364 7417 7153 7426 7235 7422 6974 7013 6987 7231 7710 6833 7411 7294 7446 7451 7566 7274 7670 7208 7798 7420 6913 6990 
7663 7207 7682 7752 8043 7226 7577 8021 7640 7494 7844 7719 7731 7643 7696 7661 7389 7761 8112 7690 7457 7476 7624 7430 7431 7948 7781 7288 7657 7557 7189 7631 7723 7999 7710 7732 7991 8208 7875 7762 6969 7686 7369 7047 7335 7639 7844 7711 7094 7958 7851 8438 7895 8290 7562 7716 7806 7523 7727 7754 7878 7558 7367 7883 6874 7560 8116 7826 7543 7457 7546 7685 7389 7377 7764 7546 7047 7798 7284 7628 7755 8264 7748 7824 8207 7237 7459 7896 7974 7906 7745 7541 7251 7642 7826 7663 7649 8157 7627 7629 7763 8171 8060 7569 7240 7588 7714 7887 8051 7823 7424 7976 7796 7815 7932 7500 7528 7838 7637 7284 7662 7813 7443 7302 7577 7445 8023 7390 7806 7824 7591 7619 7373 7608 8199 7667 7659 7341 7904 7326 7640 7941 7951 7509 7631 7466 7726 7918 7258 7606 8106 8085 7977 7902 7890 7856 8159 7232 7193 7688 7507 7824 7965 7941 7297 7275 8132 7704 7754 7866 8282 7657 7742 7231 7636 8043 8179 8263 7493 7471 7855 7432 7376 7097 7634 7299 7877 7729 7366 7467 7909 7831 7481 7588 7082 7424 7857 7797 7768 7687 7739 7660 7770 7944 7906 7265 7442 8254 7634 7734 7376 7574 7753 7566 7400 7578 8025 7502 7522 7571 8139 7706 7722 8179 7788 7511 7850 7806 7689 7671 7597 7540 7686 7609 7797 7042 8103 8258 8023 7692 7561 7842 7493 7111 7845 7608 7951 7411 7434 7407 7592 8053 7567 7522 7822 7963 7660 7411 7500 7719 7116 7696 8289 7674 7281 7747 7702 8027 7211 7239 6909 7097 7318 7717 7404 7762 7716 7652 7982 7095 7601 8017 7171 7148 7879 7588 8009 7780 7662 7805 7780 7858 7859 7605 7337 7270 7640 7864 7362 7692 7373 7579 7724 7664 7539 7247 7635 7869 7773 7859 7537 7768 7372 7898 7737 7403 7488 8090 7701 7504 7411 7523 7545 7795 7537 7613 7978 7480 7405 7712 7093 7962 7718 7481 7810 7999 8059 7486 8363 7988 7785 7939 7532 7125 8059 7866 7220 8087 7308 7241 7071 7401 7873 7670 7373 8021 7578 7491 8197 7340 7625 8488 7557 7395 7873 7277 7147 7407 7847 7283 8038 7721 8011 7841 7843 7927 7470 7663 7702 7274 7994 7625 7383 7087 7451 7303 7978 7528 7219 7776 7633 8160 7696 8058 8136 7594 8153 8128 7566 7760 
8773 8224 8319 8880 8754 8466 8838 8908 8547 8558 8588 8721 8687 8652 9266 8735 8652 8536 9158 8503 8333 8399 8577 8269 8504 8886 9075 8338 8902 8810 8177 8637 8431 8730 8461 8481 8621 8672 8826 8685 8119 8556 8313 7868 8446 8551 9110 8691 8058 8877 9030 9075 8591 9137 8435 8697 8914 8325 8599 9027 8558 8427 8113 8915 7998 8761 8873 8670 8667 8627 8600 8299 8274 8457 8979 8762 8060 8691 8295 8313 8866 9158 8756 9127 9354 8446 8463 8539 9102 8811 8690 8546 8679 8744 8722 8448 8153 9259 8556 8449 8595 9035 8766 8433 8336 8509 8446 8744 9162 8848 8610 8141 8680 8293 8440 8487 8280 8651 8541 8395 8973 8815 8306 8270 8208 8347 9295 8222 8832 8497 8845 8213 8400 9116 9189 8654 8583 8758 8843 8555 8859 9310 8953 8335 8836 8363 8724 8616 8334 8432 8854 9007 8990 8875 8875 8467 8609 8434 8206 8510 8538 8616 8629 9257 8140 8288 8649 8644 8616 9054 9302 8539 8800 8376 8611 9164 8939 9233 8197 8302 8837 8709 8587 7938 8478 8258 8885 8806 8600 8066 8726 8680 8301 8482 7772 8394 8885 8911 8910 8626 8492 8048 8777 8984 8854 8415 8566 8973 8500 8703 8253 8384 8574 8621 8100 8670 9115 8673 8245 8359 9004 8626 8785 9063 9097 8172 8505 8893 8612 8829 8444 8703 8836 8363 8528 8535 9162 9124 9229 8666 8786 8755 8186 8174 8837 8799 8607 8367 8465 8789 8567 9253 8785 8406 9159 8879 8679 8719 8471 8424 8012 8678 9428 8915 8649 8791 8615 8668 8405 7851 8107 7838 8268 8481 8313 8631 8619 8587 9527 8514 8906 9072 8157 8611 8857 8440 8479 8719 8594 8757 8940 8527 8864 8395 8110 8401 8590 8404 8483 8857 8381 8540 8298 8776 8366 8178 8850 8833 8742 8402 8763 8874 8472 8510 8672 8368 8652 9051 8846 8511 8391 8430 8481 8898 8339 8492 8696 8725 8304 8762 8674 8836 8888 8500 8619 8703 8852 8650 9052 8911 8601 9106 8543 8217 9002 8739 8692 8835 8239 7817 8498 8215 8743 9015 8469 8685 8500 8450 8979 8329 8434 9107 8316 8757 8828 8367 8279 8425 8691 8437 9057 8951 8898 8585 8940 8854 8438 8473 8768 8836 8800 8796 8338 8549 8393 8312 8732 8610 8230 8632 8659 8967 8312 8390 9053 8390 9137 9098 8216 8807 
7599 7717 7984 8162 7930 7294 7424 8258 7726 7568 7965 8066 7805 7493 7668 8045 7853 8093 8270 7726 7694 7906 7838 7269 7667 7852 7989 7493 7561 8080 7182 7567 7738 7926 7861 7976 7781 7782 8000 8142 7006 7632 7109 7210 7655 7776 8322 7611 7270 7446 8602 8448 7724 8291 7433 7833 7777 7681 7894 7769 7642 7482 7349 8047 7150 7943 8310 7730 7358 7972 7740 7608 7509 7514 8011 8021 7409 7622 7349 7610 7794 8233 7980 7891 8264 7871 7816 7798 7902 7896 8039 7507 7852 7994 7647 7802 7877 8238 7615 7687 8036 8159 7940 7495 7630 7602 8068 7771 8308 7909 7661 7893 8091 7674 7780 7825 7727 7573 7696 7634 8189 7770 7377 7195 7804 7862 8776 7633 7886 7712 7809 7717 7469 8090 8339 7895 7986 7705 8225 7650 8033 8135 7946 7736 8172 7751 7629 7752 7005 7466 7902 7796 7778 8071 7496 7603 8256 7709 7287 7920 7520 7566 7880 7835 7378 7843 8108 7381 7789 8309 8555 7677 7879 7768 7857 8122 7786 8302 7189 7893 7881 7666 7603 7426 7586 7415 7856 7821 7838 7459 7831 7672 7655 7793 6989 7376 8262 8101 8032 7796 7601 7448 8052 8337 8318 7871 7485 8259 7672 7865 7886 7898 8034 7803 7520 7819 7465 7531 7683 7778 8044 7479 7710 8043 8048 7395 7733 8230 7717 7907 7826 7601 7459 7400 8228 7295 8148 7974 8084 8171 7801 7916 7533 7418 7906 7785 7811 7468 7797 8129 7608 8040 7678 7522 8119 7786 7516 7821 7575 7839 7233 8037 8498 8113 7482 8037 7593 7777 7520 7625 7397 7495 8023 7923 7856 8057 7839 7412 8437 7780 7860 7863 7368 7625 7768 7713 7792 7970 7573 7999 8271 7851 7994 7734 7299 7669 7819 7459 7578 7920 7353 7726 7900 8035 7516 7374 8054 8542 8040 7603 7970 7884 7852 7507 7337 7735 7731 7811 7749 7593 7412 7726 7474 8009 7709 7814 7833 7840 7423 7994 7699 8150 7904 7635 7851 7967 8006 7611 8189 7940 7951 8405 8012 7126 8144 7693 7758 8254 7485 7315 7831 7429 7936 8104 7518 7924 7631 7537 7967 7623 7725 8505 7899 8333 7871 8052 7566 7499 8052 7765 7774 7784 7949 7855 7685 8123 7295 8083 8149 7624 8156 7709 7653 7490 7437 7698 7997 7761 7500 7700 8060 8239 7754 7431 8000 7540 8081 7958 7468 7740 
8196 7775 8659 8612 8796 7869 7959 8531 8113 8110 8397 8802 8415 8310 8477 8500 8200 8159 8793 8186 8238 8611 8514 7840 8174 8207 8649 8019 8707 8497 7921 8402 7968 8333 8222 8206 8335 8160 8534 8594 7574 8051 8164 7700 8306 8400 8527 8120 7925 8062 8769 8527 8472 8875 8155 8115 8390 8252 8693 8608 7988 7702 8021 8990 7589 8267 8497 8043 8211 8654 8366 8417 8301 8044 8432 8688 7764 8318 7968 8420 8650 8566 8061 8436 8855 8380 7912 8189 8596 8749 8704 7957 8263 8370 8437 8406 8591 8644 8273 8721 8823 8505 8739 8282 7751 8284 7795 8732 8629 8154 8652 8061 8355 8375 8220 8479 8486 8176 8520 8324 8696 8316 7887 7715 8165 7852 9062 8251 8167 7986 8657 8008 7894 8674 9137 8409 8426 8187 8882 8211 8726 8368 8297 8130 8422 7766 8505 8482 7946 8259 8526 8541 8446 8722 8338 8426 8484 8288 7904 8243 7977 8114 8245 8753 7792 7862 8376 7994 8302 8719 8923 8615 8745 8135 8556 8376 8551 8785 8059 8389 8756 8664 8280 7828 8230 8150 8520 8509 8266 7941 8583 8415 8430 7908 7861 7924 8825 8340 8545 8015 8553 7859 8177 8872 8534 8448 8303 8436 8468 8126 8089 8054 8346 8445 7921 8177 8530 8246 8051 8475 8826 7969 8521 8926 8586 7875 8411 8735 8050 8746 8133 7802 8052 8009 8287 8064 8612 8814 8643 8522 8343 8373 8283 7863 8489 8449 8717 8332 7956 8211 8423 8875 8326 7792 8438 8719 8404 8206 8324 8087 7916 8006 9173 8374 8067 8273 8479 8501 8028 7436 7376 7566 8191 8253 7911 8837 8204 8292 8856 8027 8463 8457 8147 7956 8799 8118 8025 8193 8411 8472 8428 8257 8542 8326 7950 8349 8356 8276 7998 8451 8162 8206 8152 8332 8331 8100 8647 8789 8531 8373 7953 8244 7856 8246 8039 8006 8097 8295 8440 8409 7808 8469 8047 8699 8156 8286 8507 8338 7666 8524 8337 8856 8276 8327 8040 8702 8532 8330 8811 8145 8540 8775 8053 7530 8553 8227 8291 8725 7874 7656 8187 7873 8365 8459 8021 8291 8494 8140 8865 8067 8397 8992 8430 8161 8061 8123 7734 7861 8521 8083 8603 8530 8587 8104 8323 8021 8062 8304 7989 8563 8655 8280 8000 7912 7763 8136 8559 8543 8053 8167 8014 8554 8345 8246 8946 7866 8607 8858 8149 8460 
8187 7941 8147 8362 8181 8189 8327 8289 7933 7864 7873 8526 8487 8435 8456 8226 8199 8922 8820 8382 8407 8287 8411 8179 8328 8500 8571 7967 8168 8293 7796 8234 8206 8404 8072 8122 8327 8127 8600 8431 7575 7890 8085 7742 8130 8118 8760 8272 7441 7798 8292 8642 8048 8771 7997 8116 8146 8111 8386 8451 8076 7894 7912 8255 7802 8316 8399 8139 8118 8417 8345 8274 7946 8192 8524 8303 7443 8414 7927 8456 8405 8658 8318 8316 8644 8042 8132 8181 8480 8589 8734 7890 8512 8182 8586 8290 8313 8455 7825 8403 8291 8540 8384 7860 8070 8077 7964 8127 8404 8130 7992 8079 8165 8217 8221 8031 8307 8106 8265 8250 8697 8324 7921 7907 8246 8066 8770 8231 8203 7854 8357 8282 7865 8742 8833 8371 8426 7925 8686 7677 8276 8660 8175 8040 8642 7898 8153 8447 8070 8117 8255 8369 8338 8443 8106 8122 8396 7768 8094 8059 7696 8237 8598 8049 7699 8155 8340 8028 8098 8659 8854 8119 8419 8052 8293 8596 8548 8601 7978 8313 8438 8454 8078 7655 8225 7902 8369 7944 8127 7863 8304 8250 8227 7921 7325 8089 8827 8382 8677 8222 8071 7913 8058 8430 8540 7912 8038 8534 8235 8064 7932 7771 8213 8290 7887 7879 8286 8004 7782 8368 8774 7640 8071 8555 8374 8041 8162 8680 8096 8565 8298 7811 8327 7911 8349 7871 8306 8248 8446 8721 8299 8357 8059 7839 8176 8309 8493 7832 7971 8526 8714 8888 8198 7932 8205 8525 8435 8557 7794 8092 7656 8508 8943 8498 7868 7942 8311 8501 7907 7889 7638 7631 8160 8164 7648 8379 8013 8057 8882 8024 8479 8372 7865 7930 8494 8453 8097 8337 8372 8301 8546 8398 8241 8095 7859 8098 8407 8196 8023 8474 7794 8190 8033 8438 7703 7774 8343 8619 8457 7991 7869 7981 8038 7912 8159 7692 7860 8393 8165 8115 7751 7951 7884 8099 8024 7957 8247 7758 8051 8231 8119 8238 8375 8299 8426 8481 8470 8364 8746 8753 8352 8873 8263 7731 8414 8124 8547 8622 7654 7616 7995 8068 8097 8419 8034 8845 8060 8104 8530 8121 8390 8595 8162 8025 8301 8088 7820 8369 8357 7914 8545 8556 8596 8137 8237 8207 8149 8011 8304 8526 8121 8183 8014 7788 7742 7758 8798 7917 7686 8083 8260 8535 8261 8199 8670 7691 8667 8388 7872 8148 
8166 7890 8489 8466 8428 8048 8407 8578 8133 8225 8403 8304 8595 8026 8327 8336 8189 8095 8939 8404 8349 8359 8259 7892 8180 8308 8433 8307 8374 8418 7571 8509 8247 8154 7984 7911 7966 7962 8604 8429 7689 8262 8039 7976 8137 8287 8823 8163 7883 7936 8643 8543 8154 8725 8224 8045 8822 8246 8377 8772 8284 8181 7984 8519 7761 8376 8783 8134 8410 8533 8448 8020 8008 8128 8994 8725 7627 8340 7394 8256 8352 8795 8181 8595 9082 8193 8347 8442 8515 8357 8511 8356 8290 8264 8422 8306 8156 8754 8089 8133 8420 8764 8536 8227 8038 8685 8112 8337 8773 8222 8330 8045 8566 8542 7945 8662 7989 8153 8343 8016 8750 8397 7989 7809 7945 8075 8869 8112 8536 8304 8294 7961 7984 8587 8854 8305 8264 8363 8583 8409 8591 8676 8324 7939 8509 7990 8235 8005 7927 7879 8837 8765 8612 8714 8054 8153 8462 8367 7980 8071 8017 8077 8527 8257 7684 7961 8155 7959 8252 8454 8870 8259 8295 7864 8175 8487 8500 8985 8103 8452 8660 8413 8193 7643 8360 7675 8256 8379 8335 7794 8608 8597 8218 8081 7811 8247 8639 8707 8252 8309 8132 8019 8485 8779 8755 8158 8021 8810 8154 7955 7904 8082 8508 8167 7855 8375 8562 8534 7849 8154 8776 8070 8102 8611 8419 7917 8322 8268 8030 8310 8247 8112 8153 8110 8095 7971 8576 8608 8531 8263 8471 8131 7899 8024 8240 8361 8676 8162 8098 8256 8171 8861 8185 8092 8774 8526 8262 8386 8103 8283 8137 8512 8957 8422 8235 8556 8117 8382 7988 7593 7720 7823 8132 8262 7892 8530 8806 8132 9187 8692 8452 8825 8097 8147 8816 8299 8144 8017 7978 8249 8681 8588 8648 8225 7612 8365 8405 8271 7930 8484 8118 7929 8282 8139 7876 7840 8579 8625 8519 8477 8158 8333 8526 8102 7941 7974 7847 8467 8419 8147 7909 8179 7749 8261 8139 8103 8509 8317 7819 8410 8385 8767 8565 8369 8487 8639 8820 8268 8422 8077 8630 8828 8196 7542 8199 8391 8195 8897 7967 7734 8361 8147 8069 8692 8075 8177 8132 8065 8529 8188 8267 8909 8017 8523 8456 8158 7536 8110 8467 7914 8640 8924 8510 8017 8761 8407 8065 8604 8265 8255 8250 8319 8194 8336 8000 8202 8177 7932 8007 8226 8098 8456 8287 8300 8671 8013 8862 8727 7886 8310 
7991 7699 8088 8162 8264 7827 8042 8215 7954 7907 8135 8328 8179 7828 8224 8464 7954 8037 8830 8070 8144 8175 8256 7774 8332 8008 8552 7841 8157 8625 7370 8169 7879 8046 8434 7993 7946 8151 8501 8209 7288 8142 7931 7807 7944 8120 8436 7850 7649 7860 8367 8152 7954 8574 7888 8067 8379 7952 8313 8464 8213 7691 7663 7835 7218 8360 8477 7887 8196 8399 8120 7917 7601 8114 8334 8286 7510 8292 7283 7851 8211 8332 8095 8391 8952 8103 8025 8205 8241 8136 8127 7952 7961 8265 8078 8189 8282 8342 7824 8321 8251 8302 8159 7934 7702 8027 7806 8295 8618 8420 8059 8038 8065 8147 8106 8195 8218 7914 8026 8191 8107 7946 7706 7579 7762 8008 8918 8184 8086 7643 8140 7645 7764 8397 8778 8091 7966 8121 8637 7776 8344 8440 8236 8015 8098 7593 8105 8145 7532 7861 7882 7951 8396 8404 8174 7742 8354 7842 7817 7895 7638 7968 8157 8442 7596 7596 8296 7633 8139 8354 8543 8022 8253 7808 8083 8317 8221 8432 7553 8175 8221 8026 7954 7471 8071 7498 7975 8390 7920 7754 8381 8175 7824 7787 7577 7538 8526 8328 8112 7995 7811 7716 7731 8453 8352 7890 8159 8914 7823 8122 7892 7832 7940 7976 7644 8104 8460 8247 7935 7763 8118 7771 8048 8749 8256 7837 8073 8608 8002 8083 7992 7417 8076 7746 8237 7798 8462 8222 8416 8209 8146 7932 8011 7843 7989 8204 8178 7854 7876 8017 7764 8411 7963 7813 7943 8168 7647 8219 8100 8097 7704 8075 8646 8282 7634 7992 8107 8383 7804 7330 7168 7491 7886 7925 7844 8214 8011 8024 8779 8045 8088 8172 7650 8025 8311 8006 7969 8003 7909 8183 8456 8016 8104 8207 7928 7861 7952 7921 7696 8200 7592 7780 7863 8242 8004 7797 8323 8390 8411 8195 7871 8039 8179 8002 7917 7568 8260 8245 7976 8090 7798 8248 7784 8269 7689 8118 8247 8046 7758 8314 7910 8508 8323 8023 8243 8488 8328 7771 8255 8104 8506 8316 7966 7289 8039 8213 8028 8433 7853 7508 7800 7754 8059 8399 7890 8285 7780 7941 8299 8081 8190 8810 7863 8238 8104 7662 7477 7493 7993 7890 8250 8560 8674 7962 7975 7925 7717 8160 7970 8000 7887 8114 7573 7485 7851 7890 8503 7853 7982 7662 8038 8147 8079 8107 8791 7761 8592 8392 7961 7846 
8535 7940 8800 8369 8731 8027 8334 8548 8287 8052 8149 8700 8077 8282 8342 8321 8056 8461 8532 8486 8316 8178 8317 8364 8268 8468 8681 7834 8210 8201 7781 8418 8015 8349 8483 8354 8194 8432 8554 8548 7487 8241 8068 8081 8191 8249 9051 8448 7744 8088 8831 8470 8037 8693 7884 8090 8449 8185 8531 8346 8070 8041 7992 8939 7833 8413 8722 8321 8531 8656 8337 8375 7657 8582 8535 8409 7880 8477 7945 8265 8353 8570 8586 8375 8817 7987 8196 8460 8536 8385 8315 8315 8454 8414 8344 8493 8673 8657 8022 8205 8621 8917 8516 8082 8111 8314 7736 8071 8884 8903 7973 8026 8442 8649 8061 8402 8149 8372 8449 8096 8521 8543 8297 7802 8104 8222 8848 8274 8769 8252 8499 8034 8037 8823 8984 8422 8571 8134 8962 7907 8861 8989 8646 8118 8740 8095 8283 8202 7853 8095 8453 8551 8847 8536 8175 8527 8753 8156 7873 7846 8323 8281 8551 8240 7702 8071 8439 8308 8437 8406 8833 8365 8193 8269 8195 8727 8678 8715 8000 8526 8599 8306 8301 7773 8478 7580 8027 8325 8219 7956 8433 8400 8285 8009 7675 8337 9003 8454 8192 8281 8574 7983 8173 9085 8676 8289 8133 8623 8093 8004 8131 8133 8125 8529 7630 8343 8453 8250 8003 8637 8200 8178 8262 8566 8248 7982 8390 8639 8298 8256 8382 8171 8200 7944 8580 7698 8741 8598 8735 8669 8082 8257 8166 8087 8203 8639 8643 8345 8216 8253 8061 9009 8155 7885 8373 8846 8090 8461 8350 8217 7974 8454 9010 8424 8043 8436 8551 8371 7888 7731 7546 7567 8115 8173 7892 8275 8420 8384 8497 8367 8740 8517 7798 8356 8397 8367 8432 8240 8246 8429 8686 8458 8668 8222 8128 8462 8563 8383 7986 8262 8143 8411 7837 8522 8310 7886 8642 8874 8653 8150 7824 8298 8149 8073 8008 8107 8225 8183 8443 8199 7709 8318 7975 8482 8044 8141 8292 8052 8088 7918 8081 8816 8198 8344 8412 8450 8724 8452 8703 8480 8695 8637 8233 7630 8466 8645 8287 8542 8245 7693 7970 8234 8288 8494 7910 8859 8491 8270 8416 8484 8306 8788 8469 8120 8374 8054 7962 7850 8642 7871 8683 9013 8737 8012 8369 8385 8001 8591 8284 8453 8497 8352 8020 8155 8045 8246 8655 7960 8224 8312 8325 8130 8433 8180 8670 7976 8670 8655 8057 8320 
8578 8273 8735 8903 8837 8615 8522 8870 8322 8389 8533 9042 8608 8773 8644 8339 8475 8764 9523 8782 8542 8982 8340 8451 8797 8788 9133 7984 8767 9099 8085 8503 8460 8808 8755 8743 8411 8915 8907 8745 7982 8035 8225 8383 8765 8437 9006 8282 8309 8484 9259 8979 8863 9205 8877 8734 8920 8302 8954 8736 8725 8545 8147 8913 7933 8613 8770 8792 8514 9113 8623 8576 8396 8796 8723 8747 7996 8678 8285 8680 8726 9309 9050 8958 9436 8727 8457 8660 9161 8989 8825 8507 8469 8377 8795 8598 8677 9075 8409 8755 8769 9074 9123 8569 8629 8320 8339 9019 8970 8965 8723 8380 8664 8735 8498 8414 8601 8889 8469 8497 8896 8941 8533 8559 8306 8577 9387 8647 8416 8564 9264 8433 8372 8947 9153 8962 9106 8523 9058 8138 9188 9064 8679 8591 8886 8194 8575 8769 8268 8629 8947 9145 9089 8929 8661 8474 8975 8229 8200 8718 8417 8549 9054 9009 8346 8219 8867 8520 8702 8943 9002 8758 9090 8447 8777 9074 8960 9189 8132 8703 8834 8816 8512 8179 8506 8318 8658 8961 8527 8162 8635 8975 8444 8624 8456 8445 9083 9146 8974 8585 8375 8338 8672 9175 9091 8529 8550 9128 8552 8417 8109 8281 8703 8636 8206 8225 8768 8448 8375 8399 9048 8561 8646 9061 8940 8335 9044 8951 8713 8876 8534 8798 8502 8131 8986 8396 8885 9038 8817 8806 8808 8414 8474 8043 8654 8486 8831 8618 8344 8841 8740 9608 8943 8459 8956 8929 8875 8905 8672 8624 7962 8596 9469 9048 8361 8791 8752 8895 8552 7904 8293 7877 8547 8701 7989 8875 8683 8357 9129 8777 8746 8856 8356 8454 8980 8725 8741 8576 8683 8910 8958 8742 8773 8609 8541 8652 8457 8357 8268 9038 8361 8701 8599 9061 8454 8093 9108 9028 8527 8806 8404 8557 8693 8473 8586 8249 8532 8964 9057 8747 8679 8416 8595 8575 8404 8461 8808 8442 8424 8634 8607 9154 8888 8499 8656 8632 9308 8844 9394 8497 8818 9232 8356 7888 9044 8936 8550 8968 8151 7905 8559 8352 8509 9035 8442 8947 8587 8525 9208 8639 8520 9281 8644 8872 8829 8692 8195 8518 8633 8575 9065 9106 8648 8626 8441 8928 8532 8769 8509 8737 8821 8965 8411 8366 8134 8643 9194 8315 8414 8856 8430 8911 8632 8479 9355 8510 9328 9095 8185 8976 
8519 8130 8034 8679 8636 8166 8134 8418 8246 8062 8033 8512 8278 7964 8440 8262 7897 8157 8929 7979 8140 8165 8178 8172 7889 7825 8567 7943 8137 8256 7654 7876 7994 8520 8002 8005 8313 8251 8089 8305 7342 7819 7890 7752 8065 8216 8592 8257 7635 8051 8543 8258 8044 8468 8211 8364 8278 7955 8049 8523 8209 7744 7886 8599 7955 8426 8419 7951 8274 8207 8216 7800 7945 7869 8352 8511 7425 8301 7589 8139 8463 8654 8331 8044 8698 8069 8397 8009 8279 8186 8530 8307 7999 8343 8011 8201 7929 8221 7864 8133 8070 8519 8602 7979 7783 7974 7811 8193 8233 8201 8010 7864 8186 7998 8070 7959 7939 8471 8304 7856 8855 8185 7829 7972 8107 8114 8676 8058 8530 8280 7975 7955 7913 8584 8725 7937 8254 7713 8545 7751 8718 8696 7922 7851 8285 7579 8170 8236 7796 7804 7974 8213 8569 8333 8462 8113 8340 7893 7841 7815 8078 7776 8677 8272 7486 7849 8636 7980 8167 8388 8685 8304 8200 7988 8152 8136 8459 8768 7476 8044 8418 8188 7922 7674 8089 7674 8020 8116 7893 7821 8371 8295 8036 8135 7768 8134 8268 8231 8354 8036 8088 7769 8112 8857 8105 7970 7563 8657 7985 8149 7999 7676 8102 8263 7736 8106 8067 8150 7800 8095 8632 7804 8288 8535 7780 7690 8213 8468 8121 8247 8281 7654 8108 7866 8021 7750 8538 8460 8644 8339 8329 8198 8040 7656 7920 8355 8524 8271 7949 8170 8006 8738 8509 7755 8343 8239 8247 8208 7996 8003 7699 8491 9048 8443 7813 8388 8307 8330 7859 7655 7418 7285 7670 7966 7702 8387 7992 7865 8633 8074 8004 8440 7805 7982 8614 7979 8466 7848 8245 8320 8557 8095 8277 8056 7529 8059 8077 7989 7810 8288 7697 8279 8005 8469 7964 7419 8426 8248 8200 8051 7857 8289 7788 7954 7858 7727 7911 8268 8034 7865 8125 8424 7764 8438 7931 7967 8501 8098 7710 8094 8041 8418 7773 7949 8190 8243 8745 8192 8718 8159 8294 8739 7877 7422 8150 8330 8362 8296 7788 7535 7746 7718 8005 8165 7616 8396 8180 7831 8332 7874 7977 8669 7801 8058 8030 7876 7975 7437 8415 8070 8208 8755 8306 8013 8260 7882 7689 8315 8001 7789 8024 8127 7879 7851 7729 8191 8482 7814 7821 8144 8311 8318 7581 8008 8411 7966 8833 8487 7847 7985 
8070 7595 8065 8231 8260 8142 7984 8132 7864 7943 7915 8265 7954 7992 8114 7875 7880 8252 8306 7972 7973 7885 8318 8024 7890 7817 8350 7757 8114 7992 7445 7875 7448 8465 7806 7971 7812 8042 8221 8099 7388 7633 7708 7408 7721 7795 8337 7999 7648 7716 8555 8030 8334 8533 8059 7948 8274 7899 8263 8268 7945 8044 7519 8379 7490 8391 8608 7829 7744 8173 7828 7672 7662 8029 7948 8374 7409 8008 7505 7944 8319 8157 8099 8186 8721 8087 7852 8023 8455 8231 8287 7614 7633 7946 7476 8190 7742 8589 7827 7886 8245 8246 8237 7604 7939 7777 7538 8068 8120 8301 8102 7696 8305 8175 7929 7840 7959 7964 8097 7716 8617 8314 7674 7572 7918 7793 8935 8154 7986 7890 8348 7808 7772 8170 8543 7862 8089 7784 7945 7954 8282 8158 7996 7871 8074 7743 8051 8124 7923 7657 7861 8165 8268 8394 8067 7882 8302 7613 7695 7765 7678 7853 8316 8065 7682 7871 8155 7631 8042 8247 8682 7940 8195 8087 8044 8326 8477 8441 7546 8103 8197 8329 7623 7105 8151 7453 8229 8162 7886 7361 8074 8132 8032 7379 7744 8096 8455 8160 8071 7662 7551 7970 7858 8558 8272 7746 7743 8799 7624 7821 8022 7564 8194 7836 7423 7728 7984 7967 7537 7835 8184 8071 7881 8651 7879 7771 8204 8180 7559 8218 7919 7617 7992 7645 8119 7323 8430 8360 8615 7915 8067 8033 7916 7682 8494 8323 8214 8048 7573 8077 8284 8752 7939 7930 8101 8304 8054 7752 7795 7791 7472 7902 8516 8208 7772 8079 7913 7983 8161 7376 7664 7240 7524 7850 7794 8128 8005 7827 8534 7829 7960 8101 7768 8167 8065 7724 8226 8036 7929 8104 7913 7990 8145 7992 7561 7841 7798 7556 7713 8251 7714 7979 8090 8265 7580 7473 8037 8447 8338 7977 7996 8013 8014 7818 7563 7563 7927 8192 8108 7933 7747 7822 7763 8108 7912 7685 8039 7627 7278 7941 7612 7973 7876 8132 8307 8390 8260 7869 8153 8121 8369 8551 7832 7049 8408 8024 7988 8010 7795 6938 7457 7886 7837 8301 7857 8429 8132 8046 8171 8101 8204 8548 7656 7929 7945 7696 7713 7780 8214 7788 8072 8346 8216 7819 7936 8094 7997 8348 8007 8052 8088 8481 7875 7835 7584 7796 8435 7929 7866 7747 7904 8327 7626 7879 8576 7889 8591 8275 7794 8329 
8877 8137 8791 8972 8735 8269 8527 9017 8352 8390 8212 8984 8612 8766 8692 8580 8551 8499 9441 8668 8377 8857 8729 8219 8453 8759 9082 8045 8920 8642 7979 8472 8245 8671 8557 8855 8557 8624 8703 8856 7739 8192 8611 8139 8521 8309 8956 8381 8081 8563 9106 8917 8578 9167 8369 8529 8616 8586 8920 8566 8697 8085 8071 8758 7971 8580 9007 8516 8407 8977 8301 8554 8351 8925 8747 8842 7942 8661 8614 8856 8426 8910 8525 8848 9001 8618 8463 8841 8717 8782 8712 8505 8320 8463 8795 8533 8684 9125 8204 8560 8736 8942 8853 8632 8073 8355 8690 8684 8985 8985 8339 8326 8666 8614 8526 8819 8441 8431 8512 8233 8443 8982 8266 8118 8494 8422 9090 8259 8536 8556 8560 8440 8037 9053 9035 8823 8681 8356 9035 8256 8564 8984 8801 8621 8862 8270 8642 8670 8218 8662 8750 8919 8589 9137 8687 8762 8885 8259 8245 8623 8496 8684 8662 8700 8234 8131 8891 8345 8514 8653 9055 8559 8625 8569 8851 8642 9218 9082 8423 8790 9121 8685 8114 7916 8847 7979 8695 8773 7986 8402 8868 8568 8178 8319 7949 8241 9272 9038 8695 8404 8476 8176 8376 9218 8625 8464 8444 9239 8118 8044 8318 7948 8630 8261 7988 8608 8799 8543 8238 8327 9348 8820 8573 9389 8510 8014 8443 9116 8577 8566 8462 8212 8355 8020 8548 7901 8910 8651 9132 8845 8698 8459 8366 8131 8415 8707 8951 8318 7962 8625 8537 9099 8695 8397 8667 8822 8423 8732 8601 8403 7747 8451 9414 8813 7934 8489 8779 8512 8318 7711 7933 7931 8493 8375 8063 9251 8569 8432 9144 8051 8811 8750 8436 8432 9377 8158 8475 8337 8339 8753 8980 8280 8775 8569 8269 8185 8411 8611 8661 9065 8270 8543 8410 8740 8312 8209 8988 9267 9087 8502 8222 8614 8551 8312 8202 8257 8111 8996 8827 8560 8218 8652 8267 8577 8299 8386 8590 8550 8403 8540 8375 8940 8424 8499 8571 8775 8982 8622 8906 8255 8788 9149 8568 7892 8566 8539 8594 8974 8089 8116 8085 8448 8403 8620 8064 8888 8651 8452 8942 8507 8439 8838 8595 8920 8756 8078 8358 8337 8705 8445 9170 9051 9207 8576 8686 8554 8327 8746 8426 8589 8843 8605 8131 8326 7988 8386 8834 8290 8370 8658 8751 8518 8470 8343 8959 8361 9039 8984 8214 8467 
8173 7713 8314 8460 8222 7605 8037 8658 7974 7840 7866 8447 7986 8338 7974 8246 7900 8246 8469 8261 7984 8155 8391 7737 8237 8247 8503 7685 8003 8285 7610 8348 7890 8595 8284 7998 8014 8038 8530 8225 7132 7785 7901 7693 7858 8091 8505 7770 7532 7729 8559 8298 8127 8330 7951 7921 8205 7765 8301 8166 8114 7675 7474 8379 7684 8353 8266 8287 7891 8115 8023 7795 7963 8182 7960 8210 7531 8023 7313 8081 8198 8530 7829 8227 8804 8146 7845 8366 8179 8456 8271 7541 7632 7785 8073 8043 8175 8282 7852 8315 8240 8458 8149 7717 8010 7990 7939 8164 8449 8520 8199 7797 7937 8196 7770 7930 7856 8183 8461 8058 8286 8023 7816 7593 7724 7917 8877 8226 8140 8004 8441 7842 7928 8491 8692 8193 8217 8168 8164 7605 8355 8343 8155 7627 8191 7496 8485 8268 7568 7894 8261 8538 8297 8136 7896 7818 8197 8015 7766 8238 7727 8138 8187 8247 7734 7637 8281 7875 8080 8428 9030 8283 8153 8059 8101 8334 8647 8603 7503 8519 7912 8518 7869 7514 8384 7532 7885 8029 7704 7633 7989 7908 8020 7758 7626 7621 8486 8594 8085 8172 8252 8017 7970 8195 8200 7910 7974 8604 7994 8052 7754 7687 8077 8140 7797 8005 8258 7975 7805 7730 8619 7860 8396 8570 8241 7635 8182 8387 7913 8385 8047 7648 7791 7941 8314 7847 8410 8209 8509 8148 8156 7991 7863 7574 8041 8314 8062 7661 7904 8046 8417 8826 8262 7948 8163 8061 7940 8207 7992 8130 7396 8587 8669 8461 7753 7695 8199 8163 7520 7549 7375 7429 7978 7872 7607 8311 7815 7775 8590 7651 8098 8040 7668 7766 8175 8295 7845 8240 7892 8009 8204 8095 8128 7968 7726 7929 8234 7823 7791 8145 7924 8011 8114 8293 8096 7659 8498 8884 8329 7907 7517 8090 8040 7971 7631 7594 7903 8060 7995 7824 7714 8176 7451 7945 7702 7683 8218 7989 7448 8263 7758 8578 8295 8074 7905 8306 8280 7814 8759 8168 8288 8440 7755 7640 8423 8119 7916 8213 7523 7014 8208 7995 7999 8254 7714 8533 8435 7912 8411 8121 8160 8726 7886 8045 8261 7601 7550 7968 8157 7753 8155 8186 8293 7718 8242 7906 8119 8240 8132 7979 8279 7842 7956 7382 7551 8155 8438 7947 7754 7998 7768 8059 8402 7994 8571 8079 8914 8288 7836 8136 
7740 7393 7565 7848 7700 7484 7787 7890 7822 7707 7654 7804 7471 7870 7922 7708 7654 7805 8331 7654 7631 7679 7874 7190 7863 7845 8051 6952 7684 8112 7210 7950 7866 7743 7636 7771 7513 7987 8100 7973 6786 7437 7157 7172 7805 7568 8157 7653 7185 7578 8367 7981 7575 8124 7675 7810 7868 7658 8065 8084 7613 7189 7595 7939 7119 7827 7980 7720 7618 7670 7613 7763 7392 7849 7999 7813 7271 7725 7172 7953 7778 8197 7736 7837 8376 7732 7438 7851 7893 8053 7942 7703 7449 7850 7666 7725 7568 8048 7734 7704 7863 7960 8128 7573 7519 7839 7755 7869 8015 7711 7618 7767 7652 7814 7592 8055 7861 7557 7794 7847 7967 7734 7516 7446 7314 7948 8176 7609 7768 7499 7963 7819 7496 8158 8212 7782 7944 7489 7942 7197 7961 7958 8112 7468 7817 7436 7861 8280 7277 7617 7931 7807 8009 8140 7779 7406 8136 7573 7240 7968 7904 7546 7844 7940 7099 7328 7918 7608 7901 8199 7997 7438 7632 7706 7715 7785 7969 8406 7169 7717 7879 7909 7333 7182 7689 7575 8042 7645 7653 7364 7793 7749 7719 7714 7352 7292 7962 8129 7813 7829 7614 7456 7809 8315 8093 7595 7646 7995 7582 7899 7375 7826 7769 8133 7495 7738 8018 7562 7628 7610 8068 7742 7755 8426 7781 7665 7679 8016 7703 7807 7697 7310 7648 7259 7943 7476 7874 7846 7981 8001 7457 7765 7687 7503 7601 7813 7789 7528 7706 7846 7567 7879 7567 7123 7863 8101 7997 7846 7667 7745 7232 7766 8556 7934 7468 7605 7726 7846 7216 7337 7179 7023 7712 7918 7313 7936 7512 7195 8263 7663 7702 7819 7450 7634 7889 7694 7559 7810 7569 7697 8205 7746 7870 7708 7368 7704 7403 7694 7706 8065 7289 7374 7745 8115 7594 7347 8048 8289 8083 7951 7499 7746 7841 7607 7624 7616 7467 7614 7756 7562 7487 7633 7547 7767 7665 7604 7920 7617 7185 8127 7520 7755 8113 7730 7757 8144 7904 7447 8045 7912 7807 8259 7710 7149 8007 8012 7732 7957 7159 7031 7384 7543 7516 8014 7439 8010 7725 7596 7878 7628 7951 8514 7552 8018 7944 7706 7523 7541 7872 7663 7969 7714 7982 8008 7432 7648 7517 7636 7498 7774 7797 7561 7396 7526 7270 7748 8224 7448 7362 7628 7725 8115 7746 7603 8162 7344 8337 7880 7557 7850 
8171 7838 8517 8457 8499 8105 8144 8602 8086 7769 7757 8497 8118 8205 8199 7932 7916 8385 8786 8282 8185 8253 8539 7912 8611 8280 8590 7981 8160 8293 7660 8650 8012 8150 8090 8271 7835 8148 8332 8581 7556 7800 8274 7877 8064 8030 8481 8116 7732 7967 8383 8623 8266 8778 7847 8310 8320 7888 8450 8596 8224 7939 7920 8295 7579 8438 8612 8128 8049 8322 7846 7941 7958 8373 8205 8435 7653 8475 7539 8067 8381 8319 7990 8331 8977 8133 8245 8295 8605 8658 8435 8174 7974 8392 8315 8152 8261 8593 8098 7978 8010 8672 8304 7804 7894 8029 8224 8335 8654 8245 8028 8074 7976 8022 8034 8135 7843 8271 7975 7726 8485 8342 7975 7761 8051 7942 8700 7974 7880 8089 8474 8158 7917 8528 8819 8048 8331 7818 8542 7976 8398 8215 8394 7974 8351 8142 8137 8565 7963 8133 8296 8284 8516 8539 8422 8056 8297 7757 7515 8169 7937 8054 8263 8154 7732 7900 8428 8051 8015 7903 8769 8266 8244 8049 8227 8495 8699 8484 7469 8543 8425 8336 7924 7589 8261 7766 8040 8095 7901 7513 8017 8420 7908 7760 7808 8065 8449 8743 8173 7860 7875 8322 7961 8538 8388 8047 8065 8494 8164 8028 7961 7728 8360 8155 7795 8035 8461 8047 7661 7994 8459 7912 8048 8882 8498 7688 8315 8473 7973 8140 7951 7353 7962 7843 8181 7717 8433 8230 8435 8229 8044 7841 8197 7846 8322 8290 8230 7982 7992 8288 8014 8772 8277 7936 8521 8461 7960 8302 8190 8300 7685 8620 8898 8590 7907 7845 8121 8529 7951 7739 7559 7360 7976 7887 7764 8308 8170 8003 8782 8061 8502 8063 7866 7831 8582 8269 8073 8014 7882 8104 8477 8199 8525 8250 8038 7994 8100 7869 8281 8052 7740 7909 8259 8480 7875 8124 8557 8623 8373 8151 7946 7931 8137 7856 7834 7899 7871 8232 8337 7992 7699 8221 7879 8045 7823 7735 7968 7817 7963 8282 7733 8410 8211 8241 8145 8705 8673 8238 8581 8409 8499 8832 8146 7654 8337 8103 8245 8660 7778 7615 7396 7914 8353 8555 8110 8605 8113 8160 8331 8067 8353 8909 8115 7885 8182 7919 7614 7780 8275 7838 8848 8738 8655 8310 8154 7990 8033 8477 7875 8090 8180 8274 8001 7452 7650 8173 8536 7997 7784 8268 8250 8378 7891 8405 8723 8140 8723 8529 7979 8246 
8181 7686 8002 8055 8499 7819 7831 8658 8082 7906 7904 8206 7880 8163 8276 8076 8017 8249 8606 8377 7760 8068 8268 7946 8056 8345 8437 7975 8278 8245 7694 7818 8088 8250 8009 7675 8104 8316 8513 7840 7364 7717 7719 7651 8116 8214 8740 7955 7523 7922 8426 8749 7799 8439 8103 8083 8307 8044 8164 8460 7987 7765 7931 8375 7365 8440 8634 8258 8064 8337 8268 7967 7877 8267 8719 8592 7867 8050 7738 8078 8448 8440 7983 8336 8724 8049 8166 8048 8329 8410 8144 7981 8023 8224 8101 8181 7874 8389 7900 7929 8447 8480 8385 7896 8058 7734 8153 8295 8330 8389 7790 7726 8054 8328 8281 8146 7929 8053 7984 7889 8325 8184 7694 7664 7805 7951 8577 7965 8232 7828 8376 7864 7762 8541 8526 7700 8335 8026 8609 7928 8356 8383 8143 8068 8206 7548 7928 8298 7790 8288 8386 8656 8144 8435 8355 7983 8516 7803 7662 8111 7871 7929 8306 8451 7652 7990 8346 8108 8032 8362 9010 8205 8198 7855 8264 7929 8458 8409 7628 8119 8681 8127 8010 7584 8348 7711 8017 8089 8112 7611 8044 8459 8079 7860 7746 7940 8224 8384 8051 8007 8271 7608 8059 8388 8251 8238 7939 8939 8026 8083 8077 7947 8212 8033 7706 8199 8177 8084 7597 8024 8516 8117 8051 8386 8007 7575 8040 8408 7804 8253 8306 7678 8010 7781 8025 7635 8519 8246 8704 8450 7831 8118 7918 7656 7945 8294 8250 7976 7872 8096 8171 8596 8430 7702 8398 8134 7929 8370 8048 8160 7776 8081 8890 8591 8069 8024 8246 8105 7911 8037 7325 7734 8214 7894 7558 8612 8050 7918 8350 7807 8332 8324 7796 7673 8255 8119 8288 8105 7912 8015 8794 8030 8223 8047 7727 8169 8051 8047 7866 8543 7715 8240 7768 8012 8026 7998 8538 8604 8374 8057 7932 7963 7983 7677 7781 7847 7897 8028 8224 8071 7828 8175 7676 8011 7495 8227 8229 8021 8143 8188 7905 8041 7839 8015 8077 8400 8844 8160 8390 8206 8368 8381 7974 7736 8321 8122 8222 8566 7901 7318 7540 7949 8131 8415 7763 8618 8062 8060 8619 7750 8428 8922 7891 8086 8168 7851 7780 7938 8365 7519 8586 8534 8441 7905 8246 7953 7796 8470 8089 8020 8257 8384 7496 7947 7498 8122 8330 7975 7962 8252 8076 8319 7885 8447 8528 7994 8785 8314 8019 7802 
7803 7750 7649 7964 8230 7635 7976 8031 7805 7663 7624 7842 7892 7929 7939 7630 7479 7699 8354 7938 7391 7874 7959 7700 7739 7655 8270 7286 7483 8042 7595 8000 7777 7994 7846 7805 7883 7779 7770 7634 7025 7526 7754 7519 7556 7621 8440 7677 7170 7403 8076 8041 7676 8323 7383 7882 7638 7495 8053 8015 7876 7529 7508 7989 7172 7533 8105 7630 7541 7933 7781 7772 7487 7795 7878 7768 7226 7504 7223 7910 7689 8398 8178 8102 7975 7528 7618 7596 7921 7958 8006 7509 7573 7801 7747 8136 7696 7921 7447 7698 7841 8089 7855 7307 7532 7613 7337 7864 8055 7870 7450 7266 7806 7834 7705 7992 7518 7914 7849 7464 7676 7861 7320 7419 7643 7717 8047 8036 7755 7435 7850 7339 7367 7973 8075 7693 7841 7595 7960 7530 8124 8229 7607 7480 7967 7562 7745 8071 7454 7531 8185 8024 8373 8305 7380 7930 7823 7313 7374 7921 7920 7649 7965 7543 7011 7216 7822 7593 7677 7743 8395 8060 7655 7705 7233 8228 7980 8570 7535 7834 7898 8108 7628 7143 7785 7229 7750 7764 7291 7266 7862 7429 7508 7329 7266 7529 7694 8070 7888 7824 7937 7289 7606 7999 7929 7790 7396 8160 7610 7680 7508 7478 7876 7677 7188 7711 7834 7399 7616 7780 8106 7652 7856 7917 7633 7493 7835 8248 7751 7670 7473 7584 7344 7862 7885 7072 7996 7673 8354 7909 7832 7595 7350 7499 7548 7644 7892 7518 7463 7780 7741 8255 7912 7385 7594 8088 7809 7688 7761 7668 7288 7939 8516 7701 7445 7474 7735 7838 7634 7136 7033 7019 7482 7426 7544 7793 7801 7417 8107 7600 8270 7505 7741 7589 8255 7737 7564 7544 7454 7620 8007 7582 7756 7842 7186 7467 7894 7636 7366 7789 7361 7529 7533 7438 7826 7199 8120 8186 8019 7941 7479 7979 7513 7636 7575 7416 7315 7949 7692 7586 7408 7539 7212 7790 7859 7274 7769 7418 7573 7420 7435 7864 8012 7642 7903 7965 7902 7996 8025 7729 7815 8073 7617 6650 7903 7954 7680 7988 7345 6992 7654 7536 7630 7881 7493 8022 7768 7796 8018 7915 7873 8575 7826 7772 7587 7535 7324 7310 7979 7158 7875 7903 7995 7464 7850 7805 7476 7755 8057 7747 7797 7363 7327 7444 7576 7488 8233 7621 7217 7466 7406 7801 7646 7725 7722 7380 7817 8433 7785 8044 
8117 8070 8249 8182 8690 8024 7935 8350 7789 7949 7995 8706 8478 7947 8369 8252 8057 8529 8816 8394 8357 8352 8555 7979 8634 8255 8610 7775 8104 8783 7659 8122 7930 8490 8439 8164 7986 8181 8432 8553 7710 8012 7863 8019 8252 8089 8635 8111 7895 8132 8826 8844 8334 8661 8340 8199 8245 8224 8377 8369 8214 8196 7875 8261 7749 8417 8875 8434 8177 8253 8128 7707 7977 8239 8362 8594 7591 8416 7451 7966 8242 9006 8457 8603 8321 8187 8429 8076 8524 8299 8487 8057 8096 8374 8127 8518 8055 8447 7749 8289 8348 8501 8562 7911 7826 7954 8188 8335 8718 8371 7787 8015 8251 8687 8542 7639 8191 8270 8256 7992 8443 8661 8031 8015 8096 8173 9017 8141 8243 8357 8502 8178 7852 8458 8969 8352 8473 7993 8535 7868 8763 8732 8330 7886 8583 7899 8183 8422 7697 8097 8296 8645 8358 8505 7939 8031 8335 7840 7735 8058 8110 7974 8308 8445 7744 7715 8674 8036 8383 8229 8946 7966 8276 8435 7924 8216 8625 8937 7730 8535 8475 8430 8081 7410 8218 7902 8151 8302 7886 7761 8101 8491 8303 7765 7501 8141 8577 8583 8597 8405 8018 8104 8222 8555 8455 8085 8135 8615 8079 8208 8069 7679 8297 8025 7729 8273 8574 8138 8076 8638 8416 8065 8097 8871 8447 7896 8520 8667 8283 8066 8218 7931 8291 7739 8101 7485 8697 8474 8457 8333 8165 8388 7774 7898 8238 8152 8670 7843 8011 7997 8292 8799 8269 7879 8564 8480 8238 8050 7916 8385 7583 8411 8681 8478 7890 8128 8266 8751 7810 7581 7841 7442 8309 7967 7586 8727 8549 8107 8869 8304 8384 8345 8032 8234 8528 8417 8402 8153 7861 8116 8657 8182 8082 8172 7902 8141 8387 8068 8201 8583 7870 8055 8087 8465 7931 7611 8480 8379 8378 8445 7968 8217 8003 8041 7766 8072 8033 8657 8523 8486 7939 8053 7958 8712 7926 8000 8545 7857 7710 8418 7872 8212 8472 8374 8105 8511 8609 8309 8406 8451 8457 8686 8196 7845 8736 8223 8266 8533 7918 7768 7789 8130 8375 8396 8265 8550 8256 8625 8298 8288 8431 8728 8070 8268 8008 8137 8033 7859 8547 8029 8876 8451 8465 8327 8283 8338 8151 8607 8190 8216 7936 8528 7950 7784 7789 8028 8816 8129 8034 8432 8323 8329 8177 8374 8650 8037 8473 8471 7878 8169 
7966 7696 8098 8085 8039 7777 8056 8089 7817 7469 8022 8094 7638 7816 8181 8098 8024 8116 8428 8295 7938 8027 8201 7612 7956 7860 8281 7583 7844 7978 7326 8032 8076 8016 7811 7965 7876 8104 8018 8205 7332 7646 7697 7752 7643 7909 8430 8097 7393 7785 8307 8469 8006 8032 7826 7894 7996 7630 8056 8370 7954 7931 7505 7884 7461 8029 8459 7897 8194 8083 8079 7569 7633 8264 8196 8067 7176 7959 7411 7908 8069 8529 8188 8591 8367 7505 7981 8179 8116 7787 8050 8051 7624 7988 7644 7904 7794 7877 7563 7860 8140 8281 8156 7611 7508 8045 7502 8062 8202 8221 7871 7739 8385 7816 7627 8271 7793 8057 8247 7555 8499 8137 7759 7323 8042 8060 8656 7605 7908 7613 7767 7636 7293 8603 8335 7771 7850 7481 8202 7656 8184 8519 8095 7642 8353 7638 7984 7969 7512 7721 8053 8225 8130 8732 8055 8072 8106 7783 7462 7763 8122 7828 7966 8335 7554 7674 8182 7981 8053 7803 8537 8061 8167 7831 7825 8181 8362 8591 7732 8180 8201 7830 7946 7405 8227 7331 8053 7962 7824 7581 8066 8223 7910 7704 7251 7949 8408 8186 7934 7867 7695 7857 7634 8632 8187 7823 7773 8306 7661 8026 7438 7774 7879 7845 7405 8013 7850 7764 7720 7874 8326 7705 7564 8529 7992 7733 7751 8315 7782 7949 8018 7782 7846 7659 7950 7438 8507 8292 8397 7788 7770 7880 7732 7651 8030 7999 8387 7570 7650 7883 7836 8440 7925 7561 8268 8194 7955 8095 8002 7854 7287 7949 8578 7833 7647 8001 7913 8259 7865 7446 7363 7290 7812 7914 7536 7915 8063 7960 8556 7852 8145 8135 7690 7824 8313 8208 7605 8352 7644 8148 8167 8114 8308 8006 7692 8065 7942 7556 7750 8269 7607 7715 8007 8090 7847 7591 8351 8428 8144 8158 7637 7899 7835 7639 7856 7450 7867 8325 7942 7706 7846 7939 7107 7924 7828 7712 8101 8077 7675 7693 8104 8100 8187 7634 8015 8111 8341 7951 8334 7939 8164 8320 8134 7236 7916 7763 7973 8279 7361 7421 7604 7629 8004 8305 7641 8000 8038 7752 8295 7734 7656 8695 8060 8026 7871 7667 7682 7607 8359 7770 8321 8576 8336 7624 7993 7869 7816 8076 7982 7946 8057 7995 7632 7789 7664 7833 8238 7825 7728 7699 8113 8080 7784 7851 8126 7755 8355 8626 7514 7954 
8282 8052 8607 8571 8674 8218 8347 8762 8180 8414 8262 8905 8264 8283 8601 8331 8242 8418 8798 8705 8383 8290 8264 8236 8529 8443 8684 7979 8397 8566 7960 8428 8223 8309 8147 8444 8194 8479 8682 8412 7751 8345 7986 7870 8476 8393 8816 8580 8196 8375 8934 8525 8565 8793 8300 7935 8418 8291 8414 8605 8330 8457 7661 8616 7821 8525 8886 8337 8496 8431 8625 8179 8311 8088 8485 8700 7562 8430 8157 8410 8511 8598 8085 8817 9014 8441 8266 8835 8928 8749 8164 8470 7967 8323 8496 8466 8350 8755 7926 8292 8319 8646 8986 8281 7818 8516 7892 8577 8621 8742 8220 8107 8886 8214 8481 8263 8275 8349 8368 8393 8424 8614 8031 7937 8429 8215 8950 8139 8432 8043 8452 7891 8221 8578 8760 8534 8436 8235 8875 8249 8713 8826 8562 8214 8733 7740 8435 8563 8062 8253 8415 8407 8442 8709 8745 8415 8344 8458 8225 8290 8453 8508 8598 8601 8066 8029 8701 8159 8459 8803 8835 8191 8712 8136 8405 8819 8883 9109 8165 8560 8431 8280 8311 7922 8652 7925 8173 8532 8345 7897 8904 8642 8596 8251 7979 8405 8780 8662 8431 8396 8241 8222 8102 8863 8680 8445 7969 8853 8182 8388 7981 8012 8150 8277 8010 8331 8654 8488 8024 8138 8854 8237 8414 8855 8500 8188 8398 8893 8166 8435 8506 8222 8581 8059 8472 8048 8731 8602 8706 8579 8563 8578 8315 8271 8276 8515 8754 8381 8029 8295 8300 8932 8177 8215 8367 8760 8302 8430 8174 8450 8111 8363 8754 8632 8314 8164 8517 8455 7892 7899 7884 7698 8169 8477 7959 8449 8516 8417 9178 8306 8777 8293 7824 8043 8953 8506 8318 8321 8379 8622 8661 8429 8442 8686 8196 8662 8567 8182 8252 8837 8262 8188 8078 8427 7995 7900 8871 8674 8745 8292 7984 8298 8357 8282 8191 8148 8097 8780 8495 8357 7979 8383 7976 8593 8382 8047 8407 8158 7993 8621 7975 8678 8505 8285 8416 8549 8887 8372 8894 8676 8789 8720 8382 7702 8524 8388 8473 8546 8236 7606 8413 8172 8215 8812 7771 8624 8423 8331 8620 8363 7860 9098 8170 8475 8486 8126 7936 8299 8514 7992 8577 8911 8725 8367 8546 8328 7907 8788 7993 8667 8853 8494 7825 8320 8114 8443 8713 8331 8285 8060 8354 8700 8004 8156 9035 8065 8713 8798 8078 8542 
7977 7450 8053 8098 7977 7766 7981 7816 8054 7693 7642 8111 7586 8002 8258 7951 7910 8092 8586 7578 7790 7928 7737 7842 7762 8170 8122 7909 7871 8263 7353 7738 7993 8070 7805 7938 8233 7999 8074 8102 7426 7631 7424 7855 7621 7991 8431 7677 7411 8002 8611 8110 7877 8350 8094 7814 7899 8304 8222 8205 7858 7683 7838 8244 7526 7779 8429 7860 8100 8319 8218 7927 7715 7943 8276 8178 7335 7866 7899 8012 8279 8195 7882 8261 8440 7795 8022 7979 8169 8245 7733 8081 7751 7965 8060 8210 8065 8506 7575 7906 8077 8366 8028 7958 7672 8001 7695 8053 8319 8234 7906 7615 8174 7971 7624 8122 7986 7795 8177 7772 8024 8089 7917 7714 7490 7978 8610 7799 8172 7764 8096 7908 7579 8429 8459 8056 8257 7858 8645 7771 8073 8235 7796 7831 8233 7546 8032 7835 7456 7765 7784 8102 8092 8050 8237 7769 8206 7684 7538 7748 7777 7933 8116 8184 7570 7875 8258 7782 7932 8026 8593 7751 7881 7696 7697 8375 8216 8901 7387 7848 8126 8080 8022 7527 8268 7348 7861 7802 7570 7601 7993 8215 8114 7600 7507 7827 8333 7801 7985 8023 7783 7435 7835 8510 8083 7911 7858 8523 7483 8132 7771 7728 7694 7934 7766 8057 7941 8167 7928 7684 8472 7679 8127 8448 7710 7731 7856 8456 7786 8057 8194 7808 7619 7584 8208 7612 8490 7853 8293 8132 8060 7936 7576 7436 8022 8070 8158 7992 7686 8078 7792 8403 7698 7542 8150 7966 7545 8252 7878 7813 7935 7724 8462 7928 7792 8129 7978 8173 7686 7553 7554 7326 8353 7866 7589 8021 7808 7970 8311 7886 8348 8258 7635 8243 8028 7529 7873 7664 7992 7986 8421 7749 7967 7904 7508 7897 7977 7780 7619 8143 7657 7703 7945 7553 8042 7878 8613 8313 8033 7500 7957 7833 8017 7915 7996 7671 7914 7756 8068 7538 7733 8076 7710 7991 7734 7732 7918 7901 7618 7961 7653 8102 7916 7604 8316 7950 8378 7749 8186 8076 8246 8489 7877 7215 7903 8017 8092 8245 7822 7266 7517 7598 7777 8142 7570 8159 8077 7813 8033 7762 7864 8313 7840 8193 8059 7880 7595 7588 8352 7778 8258 8280 8195 7741 7888 7960 7567 8046 7862 8008 8271 7644 7375 7417 7841 7895 8056 7599 7921 7897 7623 7931 7607 7835 8151 7582 8197 8385 7961 8122 
7266 7085 7417 7526 7291 7017 6968 7744 7014 7157 7160 7572 7044 7145 7535 7201 7359 7264 7809 7349 7519 7225 7601 7324 7333 7260 7727 6738 7143 7516 6818 7288 7070 7567 7392 7071 7165 7145 7429 7412 6691 7324 7133 6876 7364 7070 7838 7471 7071 7350 7809 7730 7461 7745 7024 7381 7257 7176 7345 7244 7449 7331 6780 7477 7122 7316 7782 7451 7226 7475 7213 7062 6979 7266 7459 7457 6673 7482 7016 7039 7231 8021 7043 7694 7648 7303 7049 7274 7623 7511 7212 7503 7191 7247 7072 7523 7205 7584 7241 7176 7089 7413 7703 7468 6655 7401 7320 7482 7875 7669 7111 6900 7352 7504 7199 7176 7225 7347 7170 7221 7476 7505 7061 7216 7025 7281 7983 7062 7297 7192 7568 7170 6983 7423 8018 7047 7428 7029 7485 6873 7469 7589 7624 6951 7460 6873 7290 7435 6843 7209 7310 7302 7548 7679 7461 7137 7473 7100 7132 7136 7127 7372 7623 7500 6852 6778 7479 7011 7298 7571 7725 7739 7149 7099 7133 7183 7636 8030 6829 7485 7429 7417 7136 6804 7150 6723 7368 7263 7050 6851 7644 7493 7380 7213 6725 7221 7588 7726 7550 7478 7216 7136 7376 7599 7633 7041 6902 7910 6873 7289 7012 7447 7310 7314 7220 7286 7594 7276 7022 7181 7745 7190 7043 7821 7360 6948 7151 7621 7285 7147 7431 7221 7315 7005 7135 6676 7796 7483 7638 7547 7660 6894 7069 7028 7490 7133 7451 6834 6948 7262 7403 7949 7096 6941 7291 7474 7142 7252 7168 7222 6805 7357 7866 7583 7047 7285 7347 7575 7172 6543 6593 6763 7469 7320 6875 7628 7174 7007 7815 7138 7509 7399 6826 7202 7681 7319 7107 7392 7187 7482 7566 7534 7434 7402 6854 7311 7665 7391 7176 7451 6998 7262 7126 7246 7089 7085 7599 7609 7438 7323 7092 7223 7210 7271 7033 6913 7034 7498 7508 6989 7223 7363 6826 7389 6939 7221 7604 7132 6995 7324 7236 7605 7731 7149 6995 7353 7716 7297 7748 7591 7444 7574 7221 6922 7491 7463 7169 7558 6915 6680 7116 7112 7310 7661 7153 7563 7154 7334 7418 7149 7148 7831 7143 7589 7157 6867 7118 7265 7321 6902 7466 7419 7715 7206 7600 7391 7136 7052 7179 6891 7345 7416 7081 6690 6955 6934 7858 7320 7340 7281 7347 7716 7318 6966 7643 7302 7796 7702 6776 7204 
7837 7553 8074 8078 8224 7690 7663 7936 7894 7533 7487 8124 7785 8001 7826 7741 7967 7933 8130 7826 7877 7641 7823 7888 8109 7887 8232 7738 8126 8073 7492 7691 7774 8259 7995 8068 8114 8037 7721 8258 7032 7801 7266 7449 7847 7742 8164 7839 7238 7940 8147 8472 7947 7865 7615 7680 7771 7525 7990 8000 7689 7469 7148 8179 7422 7777 8080 7695 7906 8184 7812 7804 7760 7959 7948 7847 7498 7748 7764 7761 7922 8318 7688 8031 7910 7682 8118 8131 8056 7754 8071 7674 7547 7967 7885 7672 7833 8083 7728 8027 7965 8031 7957 7659 7539 7709 7480 7449 8455 8217 7831 7280 8242 7760 7820 8000 7724 7772 7907 7535 8055 8396 7827 7212 7330 7876 8864 7744 7862 7567 7970 7606 7736 8079 8557 7744 8028 7889 8536 7401 8080 7974 7852 7823 8084 7543 7846 7924 7686 7824 8000 7957 8022 8166 7588 8205 7846 7644 7547 7706 7825 7740 8043 8219 7477 7601 8076 7908 7625 7900 8285 8241 7796 7777 7864 8262 8086 8442 7716 8102 8185 7987 7755 7532 7886 7337 7718 8202 7372 7360 8056 7808 7805 7602 7554 7543 8209 7891 8026 7675 7959 7553 7922 8555 8191 7663 7668 8291 7686 7733 7535 7574 7663 7793 6982 8161 7811 7716 7323 7827 8212 7580 7854 7950 7848 7469 7828 7934 7824 7963 7923 7747 7883 7460 8029 7451 8170 8212 8465 8232 7749 7821 7805 7720 8023 7977 7919 7834 7211 7802 7790 8077 7532 7717 7823 8068 7882 7936 7755 7613 7163 7901 8296 8198 7633 7813 7618 8111 7396 7276 7400 7177 7595 7818 7325 8155 7703 7763 8461 7896 7754 8155 7365 7902 7831 7539 7902 7728 7694 7825 7884 7732 8244 8160 7327 7571 7795 7891 7418 8078 7486 8117 7385 8143 7739 7529 8017 8307 8567 7810 7339 7879 7553 7806 7675 7761 7628 8153 7830 7779 7443 7819 7300 7773 7529 7183 7894 7637 7535 8180 7507 7991 8119 7721 8058 8019 8441 7670 8579 7957 8156 8474 8033 6923 7690 7704 8075 8049 7837 7113 7782 7316 7727 7919 7463 8271 7918 7680 8179 7658 8039 8453 7863 7883 7931 7288 7617 7678 7813 7512 8233 7902 8351 7781 7925 7723 7879 7946 7803 7665 8007 7720 7324 7652 7318 7773 8496 7480 7671 8087 7762 8184 7752 7768 8204 7508 8227 8426 7771 8171 
8631 8215 8727 8956 8792 8457 8596 8802 8668 8374 8471 8952 8797 8529 8962 8787 8528 8941 9306 8568 8700 8834 8751 8417 8554 9049 8913 8120 8448 8949 8256 8637 8411 9014 8580 8340 8686 8690 8863 8821 7966 8250 7930 8431 8647 8421 8923 8821 8496 8703 9111 9269 8646 8843 8811 8598 8647 8617 8844 8833 8607 8551 8158 8681 7977 8978 9234 8970 8826 8882 8733 8463 8365 8445 9030 9012 8175 9093 8268 8558 8887 9132 8600 8983 9410 8640 8996 8789 8979 8895 8701 8564 8450 8592 8667 8606 8683 9013 8134 8652 8749 9107 8723 8344 8263 8601 7818 8719 9091 8805 8309 8319 8783 8670 8697 8480 8326 8423 8718 8619 8676 8492 8555 8340 8387 8387 9184 8574 9004 8229 8829 8449 8254 9048 9222 8456 8744 8370 8808 8184 8917 9002 8507 8295 8877 8319 8640 8777 8327 8628 8682 9280 8868 8660 8774 8516 8811 8562 8228 8703 8578 8633 8773 8890 8204 8305 8680 8631 8640 9059 9088 8934 8890 8721 8532 8909 8942 9025 8455 8378 8970 8659 8422 8290 8710 7997 8679 8846 8336 8437 8763 8987 8646 8502 8197 8393 8953 9114 8738 8889 8492 8473 8479 9191 8801 8475 8438 9328 8170 8671 8336 8286 8625 8675 8481 8746 8948 8833 8377 8746 8889 8514 8697 9241 8499 8178 8700 8874 8314 8449 8701 8537 8373 8133 8685 8457 8970 8812 8995 8761 8503 8659 8316 7978 8741 8595 9081 8380 8530 8529 8582 9034 8573 8298 8906 8633 8655 8947 8452 8529 8006 8780 9462 8889 8578 8232 8657 8554 8097 8043 8195 7685 8389 8406 8226 9350 8604 8316 9322 8631 8526 8719 8411 8567 8970 8470 8437 8687 8302 8854 8977 8871 9024 8588 8346 8493 8691 8703 8185 8772 8362 8917 8319 8818 8277 8055 9116 9087 9208 8350 8286 8843 8799 8467 8805 8320 8478 8693 8849 8459 8335 8247 8236 8719 8828 8702 9133 8514 8369 8811 8743 9205 8716 8644 8717 9010 9218 8634 8850 8701 9084 9244 8322 7963 8753 9003 8962 9262 8387 7836 8383 8419 8620 8868 8304 8575 8692 8324 8854 8413 8600 9255 8400 8848 8676 8236 8281 8421 8848 8095 9193 8942 9238 8588 8824 8822 8384 8894 8652 8635 8720 8462 8637 8542 8088 8413 9030 8290 8266 8607 8721 8822 8527 8556 8906 8406 9397 8837 8146 8851 
8126 7744 8091 8230 8226 7963 7690 8305 7919 7644 7905 8274 8151 7992 7796 8139 8008 7927 8402 8311 8059 8210 8018 7726 8107 8142 8245 7646 7984 8363 7117 7971 7912 8097 8120 7934 8136 8111 8023 8039 7376 7842 7627 7953 7812 8038 8322 8152 7510 7842 8264 8317 7802 8163 8073 7924 8094 7886 8181 8306 8082 7740 7463 8236 7238 8029 8593 7941 7905 8261 8074 8117 7864 8049 8186 8145 7343 8041 7360 8035 8298 8663 7869 8113 8368 7941 7996 7959 8366 7815 8192 7859 7686 7930 8126 8284 8296 8137 7721 7888 7988 8542 7919 7892 7362 8175 7545 8047 8633 8108 7924 7764 7912 8059 7658 7668 8139 7863 7761 8053 7921 8009 7884 7710 7753 7677 8435 7779 7810 7649 8433 7656 7658 8356 8432 7816 8259 7770 8261 8176 8477 8269 7759 7799 8324 7251 7893 8048 7499 7951 8322 8436 7919 8281 7885 8298 8468 7569 7607 7929 7950 7972 8185 8178 7381 7656 8163 7994 7924 8013 8392 8400 8310 7936 7987 8417 8144 8571 7404 8293 8287 7856 7854 7645 8061 7553 7983 8100 7631 7797 8085 8307 7904 7891 7480 7776 8462 8407 7807 7989 7888 7877 8100 8486 8190 7873 7884 8422 8040 7759 7716 7605 7948 7783 7622 8077 8177 7925 7722 7943 8406 8062 7931 8469 8250 7776 8149 8457 8002 8165 8183 7869 7566 7848 7865 7388 8264 8133 8230 8017 7754 7998 7799 7563 8058 8221 8162 7976 7952 8245 7995 8421 8137 7758 8211 8302 7741 7905 7947 7724 7359 7904 8592 8251 7737 8011 7984 8318 7973 7708 7600 7130 7764 7792 7418 8187 8264 7844 8477 7897 8249 8466 7748 7811 8044 7857 7917 8038 7856 8143 8375 8062 8323 8108 7638 8116 7820 7771 8012 8211 7738 7809 7802 8249 7722 7696 8260 8428 8501 7882 7727 8051 7958 7824 7713 7562 7715 8379 8058 8036 7533 7865 7967 8218 7819 7867 8215 7796 7697 7968 7864 8333 8105 7818 7756 8435 8516 8230 8444 7963 8329 8571 8019 7464 8321 8127 8023 8253 7747 7672 7649 7648 7818 8093 7609 8317 8122 7866 8228 8368 7896 8439 8006 8017 8050 7744 7551 7807 8348 7807 8579 8280 8301 8024 8464 7895 7682 8069 7886 8172 8209 8328 7573 7610 7498 7862 8373 7730 7593 8196 7997 8183 7960 7776 8645 7775 8554 8376 7940 7938 
8654 8382 8915 8891 8821 8193 8541 9081 8398 8344 8701 8943 8979 8237 8820 8534 8474 8837 9378 8929 8519 8556 8819 8403 8825 9024 9210 8015 8729 8894 8335 8101 8512 8693 8816 8322 8341 8724 9019 8797 7681 8285 8346 8177 8594 8563 9024 8265 8253 8721 9018 8819 8646 9254 8683 8752 8764 8380 8663 8682 8699 8597 8033 9171 8198 8475 8720 8867 8418 8726 8886 8619 7932 8741 8787 8774 8326 8852 8379 8435 8923 8984 8687 9142 9323 8466 8672 8575 8995 9045 8486 8542 8560 8914 9002 8553 8658 8884 8294 8298 8874 9147 8787 8413 8479 8520 8234 8618 8977 8968 8376 8335 8612 8760 8432 8821 8665 8673 8549 8252 8805 8742 8589 8214 8391 8564 9248 8389 8688 8374 8912 8716 8344 9223 9030 8939 8477 8571 9064 8230 8979 9018 8682 8039 8797 8181 8580 8887 8439 8598 8919 8924 8783 9210 8939 8186 8957 8465 8381 8529 8468 8688 8595 8925 8226 8027 8692 8560 8798 8999 9243 8779 8679 8296 8546 8927 8762 9202 8216 8609 8661 8629 8175 8195 8860 8240 8441 8997 8392 8386 8641 8856 8622 8353 8244 8602 8954 8797 8677 8491 8284 7903 8491 9107 8733 8536 8540 9114 8704 8304 8562 8292 8622 8706 8026 8520 8815 8386 8405 8737 8910 8406 8565 9219 8924 8221 8760 9217 8709 8870 8650 8312 8872 8347 8669 8256 8653 8995 9208 8758 9009 8339 8221 8134 8643 8699 8908 8468 8341 8713 8754 9435 8596 7998 8826 8828 8529 8681 8287 8449 8039 8222 9337 8636 8583 8431 8670 8920 8419 8029 7758 7883 8250 8375 8350 8880 8757 8682 9022 8591 9112 8736 8280 8498 9005 8390 8604 8795 8425 8621 9129 8417 8800 8752 8424 8754 8655 8458 8346 8785 8302 8646 8542 8455 8432 8485 9034 9030 8819 8485 8429 8682 8837 8564 8585 8296 8587 8729 8585 8676 8604 8547 8302 8830 8483 8650 8923 8279 8366 8618 8419 8903 8715 8546 8865 8872 9080 8538 8980 8258 8796 9175 8754 8166 8833 8678 8930 9163 8413 7909 8306 8282 8872 9182 8268 8884 8510 8564 8989 8782 8444 9166 8599 8712 8601 8524 8201 8203 8939 8344 8873 9076 8859 8750 8715 8614 8459 8700 8270 8701 8469 8402 8438 8296 8149 8426 9174 8262 8361 8648 8555 8916 8238 8582 8856 8231 9015 9204 8459 8841 
7974 7626 7860 7961 8046 7973 7606 7996 7879 7693 7726 7712 7750 7933 7904 8016 7845 8129 8280 7933 7660 7946 7897 7437 7642 8039 8237 7180 7838 7831 7224 7590 7844 8065 7924 7779 7806 8146 8160 8199 7112 8145 7561 7824 7966 7707 8216 7666 7293 7624 8332 7832 7754 8366 7786 8017 8060 7626 7970 7946 8198 7835 7631 8097 7489 8036 8321 7771 7994 8164 7774 7755 7359 7802 8224 8271 7248 7638 7447 8165 8114 8539 7963 8092 8602 8261 7572 7897 7729 8266 8186 7658 7615 7883 8059 8007 7830 8021 7483 8053 7997 8108 8259 7806 7836 7671 7534 7824 8286 8381 7426 7343 8090 7937 7788 7918 7861 7634 7755 7561 7945 8126 7798 7272 8077 7727 8466 7665 7932 7673 7634 7615 7638 8190 8129 8165 7964 7525 8171 7494 7874 8332 8129 7629 8274 7573 8063 7594 7778 7603 7963 7778 8176 8193 8093 7842 8213 7575 7617 7661 7903 7717 7998 7879 7121 7538 7868 7897 8038 8093 8102 7644 7964 7499 7993 7835 8274 8233 7414 7749 8151 7790 7579 7550 7853 7076 8097 8195 7971 7305 7944 8084 7644 7590 7519 8024 8206 7804 7871 7642 7709 7370 7753 8792 8066 7649 7771 8073 7540 7892 7514 7593 8035 7916 7228 7666 7974 7833 7670 7745 7946 7620 8058 8193 7904 7482 7891 8055 8015 7747 7720 7588 7770 7277 8138 7329 8054 8233 8160 8154 7655 7780 7803 7521 8080 7872 8227 7603 7840 7918 8041 8380 8066 7752 8129 8171 8049 7804 7690 7593 7418 7947 8593 7845 7468 7672 8234 8056 7766 7403 7265 7236 7755 7642 7479 7772 7921 7743 8135 7953 8035 7854 7744 7952 8113 7820 7929 7924 7790 7879 8220 7736 8194 7710 7548 7597 7977 7673 7319 7861 7816 7976 7714 8271 7558 7198 7823 8062 8054 8064 7947 7802 7656 7602 7854 7499 7462 7888 8056 7553 7580 7816 7846 8026 7541 7875 7998 7569 7506 7928 7826 8043 7907 7799 8028 8011 8499 7730 8310 7954 8469 8362 7540 7119 8091 7912 7898 8257 7654 7313 7514 7481 7838 8179 7655 8123 7596 7808 8330 7948 7654 8601 7708 7768 7921 7535 7520 7631 8145 7972 8162 8164 8206 7610 7664 7935 7499 8186 7841 7579 7651 7901 7336 7283 7475 7989 8544 7696 7717 7832 7641 7932 7737 8173 8441 7719 8206 7916 7580 7753 
8256 7666 8023 8211 8352 7917 7998 8284 7970 8086 8144 8102 8377 8160 8675 7870 7835 8242 8652 7971 8216 7989 8088 7920 7989 8299 8119 7544 8086 8292 7404 8094 7918 8391 7807 7868 8002 7944 8694 8138 7445 7749 7619 7692 7666 7707 8371 8242 7862 7904 8175 8242 7862 8361 7863 8156 8013 8012 8160 8159 8155 7869 7402 8310 7541 8218 8406 7638 7979 8168 7782 7824 7788 8127 8094 8403 7587 8203 7616 8212 8092 8508 7972 8363 8656 8278 8275 7998 8570 8348 8087 7920 8087 8162 8283 7892 7899 8318 7740 7923 8195 8613 8372 8264 7602 8074 7790 8316 8387 7926 7720 7774 8255 8093 8215 8039 7782 7925 8201 7970 8608 7924 7817 7293 7812 7880 8794 7859 8391 7711 8235 8083 7873 8306 8888 7946 8267 7510 8288 7454 8320 8510 8403 7706 8367 7644 7875 8159 7569 7837 8114 7993 8111 8070 7922 8321 8172 7845 7665 8082 8008 7912 8243 8006 7651 7572 8471 7786 8202 8434 8393 7866 8220 7715 8073 8127 8480 8661 7499 8299 8335 7973 7779 7792 8059 7696 8102 8279 7669 7642 8275 7962 8013 7519 7568 8063 8495 8192 8061 7693 7913 7988 8202 8571 8209 7653 7794 8379 7759 7840 7928 7677 7970 8100 7501 7753 8408 8266 7680 7840 8331 7853 7675 8449 7958 7152 8049 8156 7798 8003 7806 7860 7831 7625 7977 7412 8406 8171 8353 8423 8145 7908 7749 7650 8201 8042 8302 7768 7814 8208 7872 8604 8200 7812 8415 8247 8072 8084 7783 7730 7685 7984 8655 8105 7671 7862 8229 8386 7758 7214 7396 7238 7749 7992 7731 8435 8119 7861 8843 7766 8244 8353 7543 7894 8562 7939 7981 8231 7983 8077 8424 8042 8338 7972 7752 7807 8103 7775 7973 8502 7701 8045 7809 8540 7767 7344 8307 8545 8255 8300 7963 7848 8109 7686 8159 7826 7749 8463 8184 7786 7894 7964 7877 8379 7762 7878 8342 7671 7581 8259 7576 8355 8150 7941 7783 8452 8489 8207 8051 8316 8082 8717 7943 7367 7974 8280 7920 8287 7651 7533 7239 7815 7902 8352 7732 8005 7877 7960 8070 7741 7877 8526 7768 8143 8306 7830 7468 7682 8207 8097 8317 8195 8612 7627 8008 8353 8027 8081 7895 7919 8051 8092 7922 7694 7527 8023 8497 7784 7765 7862 8143 8152 7706 8031 8067 7863 8747 8694 7384 8125 
8169 7672 8070 8217 8402 8020 8012 8308 7810 7966 7849 8497 7747 8092 8339 8188 8168 8011 8440 7867 8040 7954 7959 7468 8459 7948 8511 7666 8228 8599 7285 7925 7685 8336 7896 8115 8192 7818 8686 8231 7107 7699 7669 7760 8017 7809 8340 7901 7308 7807 8712 8252 7987 8385 8042 7941 8210 7798 8258 8230 8410 7920 7296 8096 7420 8285 8530 8081 8052 8190 7817 8224 7722 8006 7927 8240 7590 8130 7432 7962 7904 8512 7971 8325 8791 8012 8133 8172 8346 8056 8212 7720 7463 7884 7962 7879 7941 8407 7635 8142 8010 8567 8118 7434 7753 8219 7796 8137 8599 8398 7853 7805 8111 8168 8113 8376 7911 7788 8353 7945 8262 8013 7802 7549 8105 7993 8879 8217 8080 7343 8211 7708 7644 8256 8725 8217 8093 7967 8181 8002 8237 8519 8201 7816 8269 7482 7900 8374 7601 7986 7996 8420 7913 8344 8227 7794 8641 7916 7637 8095 7775 7926 8111 8184 7671 7409 8150 7740 8039 8096 8608 7996 8486 7881 8091 8235 8160 8566 7501 8211 8119 7959 7843 7179 8110 7423 8054 7794 7780 7850 8255 8054 8092 7504 7456 7888 8642 8256 8027 7831 7837 7957 7890 8423 8292 7598 7567 8340 8062 8036 7814 7658 7984 8081 7530 8043 8154 8051 7538 7919 7969 7903 7895 8633 8023 7866 7882 8514 7715 8043 8038 7753 7977 7380 8110 7796 8428 7965 8329 8112 8015 7899 7737 7828 8253 8447 8035 7757 7981 8052 8166 8695 8331 7711 7928 8255 7964 8073 7977 7662 7476 8211 8628 8285 7658 7948 8060 8105 7818 7681 7561 7618 7694 7932 7785 8231 8018 7591 8666 7873 8570 8173 7842 7950 8244 7859 8094 8163 7984 8054 8521 7976 8182 8109 7422 7836 7616 7457 7818 8221 7797 7930 7968 8465 8289 7619 8147 8646 8196 7909 8038 7991 8080 7676 7996 7660 7742 8347 7842 7654 7821 8146 7833 8101 7840 7912 8155 7905 7712 8181 8018 8268 7929 8119 8226 8569 8419 7930 8155 7951 8214 8584 7633 7308 8272 8226 8066 8195 7464 7553 7725 7800 7805 8170 7814 8284 7994 7974 8338 7896 7938 8602 7891 8027 8180 7905 7379 7456 8307 8138 8389 8470 8447 7891 7990 7922 7617 8048 7897 7738 8219 8103 8001 7795 7757 8306 8360 8266 8050 7755 7950 8268 7736 8014 8454 7733 8622 8384 7993 8001 
7597 7459 7617 7419 7563 7581 7533 7899 6947 7406 7230 7884 7508 7708 8159 7751 7590 7605 8098 7723 7792 7863 7478 7451 7820 7354 8030 7167 7437 7845 6956 7903 7475 7871 7516 7745 7680 7712 7471 7662 7031 7154 7260 7450 7459 7359 7979 7571 7187 7248 7713 7858 7686 7914 7544 7592 7410 7606 7901 7872 7630 7208 7142 7774 6916 7609 8212 7222 7431 7560 7565 7479 7469 7677 7848 7630 7158 7862 7224 7518 7738 8083 7870 7984 8128 7441 7902 7604 8158 7504 7936 7613 7328 7703 7366 7400 7628 7912 7312 7435 7756 7674 7758 7384 7473 7812 7303 7942 8054 8165 7368 7496 7784 7186 7498 8028 7644 7679 7596 7418 7752 7820 7162 7107 7250 7536 8128 7522 7616 7215 7628 7416 7122 7661 8027 7222 7539 7482 7462 7068 7768 8196 7551 7061 7906 7161 7447 7655 7186 7682 7823 8167 7768 7665 7722 7603 8042 7158 7157 7692 7502 7578 7675 7752 6934 7178 7709 7194 7488 7743 8043 7520 7759 7529 7414 8223 7978 8010 7424 7750 8093 7727 7268 7104 7711 7116 7876 7792 7482 7047 7808 7775 7341 7549 7331 7476 7899 7671 7603 7394 7352 7458 7356 8066 8043 7335 7400 8278 7434 7560 7433 7249 7505 7421 6981 7606 7797 7231 7418 7435 7752 7403 7270 7878 7486 7302 7628 7657 7491 7474 7692 7137 7295 6924 7772 7005 8184 7916 8016 7643 7563 7216 7393 7249 7572 7819 7469 7321 7671 7493 7308 8063 7621 7261 7665 7838 7425 7474 7435 7206 7142 7420 7962 7837 7462 7351 7475 7696 7420 7294 6761 6987 7271 7335 7531 7488 7715 7670 8027 7627 7585 7671 7172 7610 7940 7513 7531 7646 7072 7803 8137 7697 7632 7780 7320 7501 7144 7400 7229 7879 7052 7461 7610 7668 7616 7089 7803 8045 7773 7824 7504 7493 7574 7562 7224 7230 7215 8035 7476 7509 7210 7773 7025 7463 7460 7331 7407 7222 7663 7269 7272 7657 7565 7507 7508 7752 7745 7743 8143 7312 7686 8106 7714 6931 7430 7728 7717 7726 7163 6919 7168 7265 7382 7935 7411 8021 7568 7465 7818 7739 7656 8113 7826 7733 7729 7361 7185 7373 7754 7524 7880 7685 7859 7115 7462 7398 7461 7739 7437 7734 7611 7446 7176 7337 7003 7804 7913 7324 7271 7474 7635 7540 7483 7521 7943 7206 7969 8133 7379 7897 
7923 7635 7476 7605 7616 7403 7507 7477 7480 7630 7273 7794 7698 7378 7692 7797 7482 7727 8291 7768 7783 7863 7535 7298 7714 7412 7984 7222 7400 8047 7087 7699 7347 7511 7765 7434 7524 7517 7946 7816 6897 7500 7285 7317 7531 7418 8051 7451 7082 7259 8114 7841 7606 7921 7516 7305 7376 7537 7788 7811 7588 7307 7529 7600 6953 7625 8028 7592 7517 7915 7706 7462 7371 7625 7906 7679 7180 7459 7181 7444 7957 8514 7640 7784 8256 7340 7654 7708 7420 7778 7994 7704 7451 7653 7613 7724 7634 7456 7368 7464 7433 7943 7521 7434 7024 7548 7367 7437 7992 7709 7646 7259 7603 7596 7780 7667 7476 7617 7879 7502 7873 7671 7242 7337 7347 7502 8069 7755 7665 7486 7310 7564 7037 7947 7923 7638 8061 7508 7755 7386 7932 8107 7671 7494 7763 7020 7597 7724 7255 7629 7499 7843 7744 8007 7692 7372 7622 7259 7456 7449 7435 7335 7651 7773 6938 7147 7565 7347 7589 7546 7871 7549 7650 7673 7411 7781 7891 8258 7237 7783 8062 7521 7234 7272 7722 6839 7888 7431 7455 7198 7470 7755 7513 7373 7185 7369 7735 7740 7816 7474 7521 7736 7521 7942 7847 7493 7237 8136 7157 7560 7173 7534 7375 7319 7393 7405 7576 7680 7332 7768 7664 7745 7466 8377 7261 7508 7658 8205 7361 7335 7336 7496 7387 7322 7636 7365 7889 7759 7641 7667 7784 7781 7390 7039 7638 7731 7956 7061 7195 7607 7641 8169 7791 7153 7875 8049 7497 7831 7673 7405 7166 7836 8390 7694 7333 7270 7208 7888 7513 7000 6774 6778 7736 7470 7130 7332 7556 7330 8314 7757 7747 7647 7338 7437 7722 7517 7588 7237 7048 7678 7982 7559 7468 7804 7423 7454 7483 7679 7330 7907 7421 7294 7317 7685 7698 7157 7939 8089 8193 7372 7499 7758 7549 7479 7357 7283 7230 7762 7308 7409 7303 7673 7206 7564 7342 7305 7561 7079 7637 7760 7242 7889 7786 7570 7718 7919 8117 7715 8112 7797 7746 8045 7846 6762 8064 7540 7395 7599 7832 6991 7333 7730 7323 8049 7117 7839 7463 7540 7705 7604 7818 8056 7291 7816 7714 7184 7281 7636 7584 7712 7786 8008 8064 7668 7542 7612 7516 7777 7630 7444 7722 7558 7072 7199 7483 7329 7942 7292 7235 7370 7225 7809 7451 7684 7913 7508 8148 7842 7346 7754 
8508 7932 8484 8561 8541 8120 7975 8492 8174 8144 8083 8373 8411 8573 8406 8598 8425 8468 8832 8292 8185 8360 8230 7822 8393 8399 8329 8005 8375 8357 7661 8614 8130 8412 8037 8490 8270 8400 8583 8452 7433 7784 8063 7766 8417 8286 8931 8552 7846 8153 8548 8458 8085 8606 8045 8212 8200 8100 8264 8449 8017 8077 7755 8534 7458 8052 8777 8325 8139 8630 8289 7712 8224 8524 8258 8559 7346 8548 8316 8543 8614 8683 8535 8489 8819 8147 8089 8410 8665 8662 8337 7915 8175 8265 8222 8465 8573 8461 8050 8242 8570 8641 8763 8276 8335 8353 8268 8195 8768 8461 8523 8048 8719 8471 8054 7923 8269 8188 8454 8153 8390 8390 7954 7797 8067 8328 8805 8089 8466 8014 8419 7873 8340 8490 9018 8305 8464 8066 8686 7865 8866 8382 8451 8017 8454 7970 8427 8183 7855 8247 8445 8211 8270 9061 8246 8379 8494 8317 7885 8399 8152 7962 8705 8672 7872 8184 8318 8020 8231 8508 8960 8256 8348 8168 8375 8787 8662 8949 8338 8429 8486 8332 8056 7877 8362 7845 8387 8251 8165 7719 8335 8610 8259 8140 7798 8054 8843 8513 8139 8092 8004 7927 8474 8862 8593 8038 8153 8878 8651 8157 7838 8042 8243 8263 7892 7715 8351 8200 7704 8096 8320 7971 8333 8945 8280 8247 8402 8308 8154 8290 8241 7740 8058 8172 8540 7623 8436 8755 8296 8439 8285 8116 8094 8080 8194 8248 8429 8147 7890 8317 8504 8839 8238 8128 8392 8798 8253 8210 7934 8349 7926 8302 9089 8535 7901 8164 8271 8427 7963 7839 7941 7389 8511 7839 7811 8374 8441 7916 8689 8016 8741 8751 7748 8118 8316 8439 8497 8370 8250 8444 8511 8323 8479 8193 8105 8411 8319 7956 7909 8523 7843 8136 8133 8591 8055 8088 8466 8881 8379 8274 7885 8045 8320 8133 8121 7979 7643 8676 8691 8067 8144 8232 8015 8534 8473 8188 7897 8135 8017 8396 8259 8379 8241 8170 8108 8695 8753 8352 9138 8247 8723 8880 8198 7741 8415 8350 8375 8645 7664 7542 8430 7896 8360 8594 7955 8620 8284 8153 8735 8502 8061 8941 8304 8438 8180 8220 7930 8120 8331 7851 8674 8861 8601 8129 8546 8345 8299 8530 8141 8550 8519 8199 7633 8192 7768 8249 8616 8400 8109 8193 8267 8553 8528 8257 8858 7866 8926 8810 7908 8286 
8281 7676 8086 8195 8413 7596 7932 8270 8148 7610 7864 8388 7987 7955 8027 7935 8139 8172 8557 8032 7972 8073 7813 7966 7774 8371 8488 7355 7777 8038 7522 7773 7882 8190 8056 8042 7829 7975 8342 8155 7455 8007 7901 7546 7870 7774 8501 7973 7296 7853 8373 8364 8304 8500 7537 7801 7966 7769 8137 8299 8437 8059 7590 8240 7463 7838 8502 7816 7968 8305 8143 7681 7639 8445 8318 8174 7143 7844 7635 7792 8316 8472 8098 8299 8890 7889 8017 8371 8133 8210 7934 7849 7683 7885 7760 8089 7679 8332 7724 8080 8014 8139 8494 8191 7683 8013 7801 8100 8173 8127 7959 7679 8208 7949 7766 7849 7459 8187 7846 7731 8165 8054 7946 7892 7778 7831 8543 7784 8010 7598 7816 7823 7800 7912 8554 8048 8070 7780 8537 7890 8161 8356 8614 7931 8247 7716 8132 8271 7522 7658 7924 8201 8175 8346 8157 8083 8246 7542 7614 7891 7979 8000 8274 8358 7513 7573 8331 7608 7757 8407 8607 8118 8152 8002 7999 8294 8389 8639 7509 7958 8717 8140 7357 7709 8156 7458 8137 8259 7672 7506 8002 8170 8041 7596 7785 7916 8136 8541 8020 7955 8104 7566 7842 8632 8192 8193 8161 8688 7773 8242 7529 7553 8101 7883 7522 7946 8168 7937 7703 7720 8265 7953 8036 8872 8014 7675 8048 8508 7974 7765 8153 7746 7946 7621 8127 7438 8320 7928 8167 8072 8176 7837 7773 7727 7956 8340 7943 7574 7553 7786 8014 8651 8156 7974 8176 8364 7991 7949 7918 8211 7753 8116 8703 7766 7869 7689 8075 8054 7694 6950 7300 7486 8095 7819 7447 7973 7978 8072 8551 7961 7796 7837 7852 7944 8707 7595 7974 7774 7666 8032 8538 8045 8381 7943 7633 7617 7891 7726 7781 8246 7829 7856 7552 7939 7768 7809 8628 8308 8354 8027 8036 7948 7814 7886 7806 7659 7852 8465 8375 7949 7781 8082 7588 8190 7584 7876 8241 7887 7653 8214 7538 8122 8208 7897 8114 8290 8748 8098 8516 8073 8326 8498 7904 7405 8078 8066 7842 8421 8014 7514 7671 8013 7986 8119 7870 8472 7991 7974 8401 8242 7905 8961 7450 8065 8161 7777 7731 7982 8448 7527 8308 8534 8561 7877 8328 8090 7895 8079 7835 8056 8343 8183 7523 7839 7625 7917 8184 7828 7904 7894 8199 8171 7722 7802 8270 8080 8300 8420 7919 8095 
8302 8207 8489 8617 8627 8031 8440 8566 8173 7973 8185 8562 8144 8377 8470 8242 8080 8174 8814 8173 8280 8134 8343 8192 8081 8418 8683 7641 8235 8313 7641 8374 7989 8655 8211 8665 8110 8333 8499 8576 7512 8043 7825 7885 8211 8274 8857 8297 7798 7948 8503 8556 8171 8639 8284 8158 8346 8260 8435 8630 8013 8015 8056 8367 7585 8479 8660 8047 8209 8120 8006 8230 7881 8269 8230 8294 7980 8194 7659 8064 8424 8877 8269 8887 8979 8092 8361 8344 8430 8652 8398 8491 8086 8279 8488 8201 8145 8679 8053 8507 8564 8430 8493 8044 8029 8152 8173 8572 8826 8468 7910 8185 8356 8435 8364 8012 8293 8090 8372 8217 8385 8298 8270 7809 7809 8041 8969 8265 8389 8182 8328 8161 7974 8238 8777 8063 8178 8086 8723 7869 8613 8852 8454 7922 8552 7939 8526 8566 7625 8132 8456 8335 8600 8785 8033 8088 8647 8230 7880 8208 8277 8214 8348 8413 7726 7868 8335 8070 8404 8554 9061 8151 8410 8224 8035 8269 8365 8982 7834 8399 8429 8343 8455 7637 8419 7770 8386 8529 7828 7639 8181 8536 8102 8000 7803 8060 8887 8354 8324 8099 8484 8161 8184 8693 8569 8251 8444 8652 7743 8007 8188 7981 8168 8323 7865 8552 8528 8169 8115 8262 8565 8079 8419 8767 8182 8006 8475 8536 8128 8107 8460 7902 8036 8143 8381 7468 8636 8261 8825 8332 8181 8281 8038 7964 8477 8475 8317 8046 7793 8409 8286 8712 8335 7840 8365 8706 7925 8250 8146 7994 7617 8069 8819 7918 7744 8065 8224 8507 8075 7651 7258 7370 8055 7782 7859 8652 8417 7898 8979 8181 8433 8319 7910 8102 8646 8023 7942 8133 8044 8641 8615 8185 8443 8099 7992 8207 8247 8196 7967 8166 7955 8338 7930 8363 8384 7909 8664 8790 8240 8183 7945 8210 7917 7951 7823 8087 7995 8376 8364 8111 8083 8246 8043 8691 8095 7999 8238 8052 7840 8196 7955 8482 8217 8304 8317 8537 8461 8210 8503 8056 8339 8537 8338 7495 8800 8161 8109 8767 7684 7675 8007 7765 8643 8618 7937 8468 8414 8357 8500 8103 8227 8722 8150 8289 8309 7937 7829 7735 8550 8091 8727 8570 8713 8279 8004 8215 8105 8610 8236 8369 8210 8099 7934 7966 8008 7711 8724 7967 8089 7974 8399 8552 8175 8507 8530 7914 8723 8551 7570 8601 
8127 7447 8167 8105 8040 7872 7880 8249 7958 7876 7714 8158 7755 8288 8216 8178 7872 8401 8328 7855 7973 8154 7883 8003 8034 8046 8463 7549 7579 8028 7575 7963 7950 8134 8066 8066 8075 8065 8464 8185 7207 7660 7559 7653 7776 7663 8533 7625 7701 7885 8614 8254 8070 8503 8049 7561 8135 7873 8127 8165 8103 8059 7413 8204 7445 8032 8255 8004 7928 8200 7768 8207 7501 7933 8042 8067 7437 8236 7267 8061 7761 8387 8139 8364 8478 8370 7887 8309 8333 8223 7726 7627 7909 8058 8189 8148 7963 8302 7895 7950 8082 8180 8259 7750 7753 8238 7685 8285 8488 8494 7658 7784 8249 8159 7792 7705 7727 7702 8298 7832 7840 7846 7625 7516 7834 7979 8754 7588 8068 7845 8339 7930 7526 8402 8734 8166 8171 7753 8034 7699 7977 8092 8366 7721 8134 7833 8286 7892 7476 7636 7802 8160 8064 7882 7803 7968 8260 7658 7572 7902 8050 7907 8152 7871 7293 7952 8124 7723 7972 8406 8508 7899 7812 7922 7840 8368 8136 8576 7592 7992 8219 7817 7773 7592 8364 7623 8280 8028 7733 7585 7979 7782 7675 7592 7420 7745 8477 8393 8360 7793 7818 7723 7813 8651 7972 7931 7755 8467 7650 7937 7868 7947 8160 7995 7530 7828 8315 7957 8012 7951 8154 7994 8178 8525 7996 7543 8080 8528 7896 7589 8117 7578 7724 7619 8365 7703 8134 8084 8496 8092 7763 7712 7772 7919 8194 8109 8383 7768 7661 8019 7703 8305 7989 7918 7969 8290 7985 7724 7815 7731 7828 8198 8542 7922 7544 7594 8215 8353 7774 7425 7185 7330 8015 7703 7987 8054 7983 7703 8349 7895 8073 7989 7416 7933 8138 8007 7983 8064 8122 7945 8361 8107 8110 7783 7859 7672 8027 7894 7867 8170 7826 8007 7811 8367 7949 7452 8346 7991 8132 8012 7465 7822 7753 7894 7988 7501 7865 8331 8333 7674 7638 7729 7951 8220 7945 7772 7916 7801 7868 8114 7663 8096 8306 7596 8224 8256 8515 7855 8179 8070 8323 8481 7914 7245 8285 8344 7777 8432 7537 7202 7607 7906 8029 8623 7592 8140 7637 7865 8376 7785 8142 8183 7924 8024 7990 7835 7532 7489 8294 7842 8308 8009 8524 8142 7996 7685 7531 8061 8140 7908 7922 8014 7839 7749 7832 7815 8471 7876 8205 7777 8078 8044 7720 8129 8541 7511 8422 8629 7480 7858 
8141 8028 8295 8174 8547 7860 7910 8198 8034 8122 7723 8282 8057 8023 7887 8222 7780 7847 8521 8196 7788 8279 8138 7783 8078 8408 8303 7695 8095 8354 7404 7989 7831 8109 7849 8214 7731 8291 8252 8138 7177 7766 7805 7888 7935 7801 8581 8030 7552 7974 8188 8179 8054 8643 7791 8075 8125 7951 8198 8187 7847 7713 7892 8183 7411 7801 8593 8057 8217 8326 8011 7929 7849 8099 8438 8479 7247 7907 7616 8097 8106 8527 8228 7939 8589 8254 7944 8022 8241 8214 8086 7919 7708 8013 7592 8050 8465 8498 7749 7871 8098 8138 8541 7757 7979 7832 7733 8140 8164 8647 7758 7859 8137 8122 7905 8031 7708 8053 7958 7841 8015 7968 7889 7747 8067 8024 8469 7970 8144 7794 8326 7650 7793 8369 8471 8017 8032 8145 8493 7626 8712 8234 8383 7767 8343 7800 8115 8152 7815 8075 8296 8213 8211 8259 8079 7900 8503 7614 7743 8247 8093 7864 8296 7971 7539 7488 8345 7685 7979 8431 8617 7949 7976 7799 8102 8163 8493 8561 7673 8346 8566 7904 7740 7486 8032 7590 7985 8149 7522 7578 8120 8393 7952 7724 7876 7619 8390 8073 8367 7924 7833 7675 8158 8339 7903 7820 7684 8624 7847 7661 7893 7779 8121 8324 7382 8063 8242 8163 7722 7992 8372 7939 8138 8874 8431 7642 8062 8255 8076 7843 7923 7956 7814 7490 8249 7662 8306 8244 8513 8104 8170 7986 7624 7866 7927 8250 8286 7910 7816 8024 7928 8566 7830 7622 8183 8386 7891 8075 7904 7673 7516 8037 8930 8102 7553 8078 7850 8411 7893 7314 7697 7485 8124 7736 7709 8574 8167 8123 8602 7745 8411 8060 7792 8235 8471 7753 8153 7599 7910 8124 8508 7980 8265 8022 7448 7758 7994 7798 7682 8207 7469 7783 7865 8031 7773 7940 8473 8704 8382 8069 7763 7699 7791 8084 7675 7738 7604 8131 8456 7776 8076 8111 7531 8240 7907 7685 8006 7875 7593 8161 7805 8293 8074 7930 7907 8204 8372 8252 8336 8242 8416 8370 7808 7544 7873 8045 8262 8269 7688 7374 7769 7948 7922 8018 7666 8176 8204 7984 8309 8004 8253 8490 7566 8151 8023 7627 8200 7688 8085 7989 8053 8493 8198 7889 8562 8110 7729 8159 7874 8120 8079 7803 7751 7551 7392 7892 8680 7801 7979 7915 7910 8151 7843 7872 8435 7723 8400 8223 7739 8079 
8144 7878 8392 8448 8285 7843 8069 8493 8046 7882 7805 8527 8240 8059 8276 8388 8248 8090 9007 8102 8186 8281 8109 7891 8166 8731 8392 7855 8114 8564 7927 8006 8364 8368 8056 7964 8218 8162 8461 8029 7391 8016 7807 7816 8282 8051 8976 8051 7531 8238 8650 8540 8206 8914 7993 8187 8228 8096 8509 8452 8217 8024 7881 8201 7901 8185 8340 8321 8143 8428 8381 8057 8167 7975 8586 8596 7918 8134 8193 8168 8454 8468 8227 8417 8811 8356 8272 8367 8123 8638 8490 7897 8097 8402 8119 8148 7793 8282 7801 8382 8232 8657 8337 8091 7974 8158 7955 8074 8319 8478 7980 8227 8151 8092 8211 8308 7996 8185 8098 8136 8539 8157 8108 7935 8051 8350 8863 8168 8343 8206 8090 8168 7960 8607 8834 7989 8492 8172 8633 7663 8341 8710 8198 7646 8659 7956 8295 8256 7694 8109 8478 8494 8349 8537 8179 8147 8381 7789 7731 8136 7985 7918 8240 8237 7652 7733 8247 7948 8034 8343 8837 8208 8498 8149 8323 8387 8704 8747 7680 8002 8640 8488 8236 7904 8198 7572 8172 8323 8368 7750 8314 8473 8040 7790 7527 7758 8415 8583 8294 8227 8241 7828 8465 8575 8523 8045 8001 8923 7901 7882 8142 7953 8010 8281 7700 8152 8147 8048 8065 8008 8572 8303 8714 8576 8073 8161 8515 8710 8017 8410 8011 8206 8023 7934 8558 7882 8710 8679 8803 8393 8096 8116 8004 7961 8187 8459 8500 7861 8005 8420 8499 8661 8452 7669 8390 8357 8343 8390 8091 8358 7742 8304 8976 8326 8079 8090 8242 8079 7768 7892 7669 7516 8214 8055 7993 8762 8073 8022 8451 7979 8380 8441 7853 8242 8631 8193 8294 8349 7905 8398 8776 8180 8696 8497 7627 7767 8198 8346 7942 8563 7934 8202 8043 8292 7801 8011 8660 8459 8368 8152 7950 7940 8253 8198 8127 8087 7942 8424 8240 8081 8121 8000 7925 8273 8010 8049 8323 7835 7741 8420 7770 8361 8275 8206 8366 8629 8726 8053 8802 8449 8373 8819 8357 7311 8545 8394 8240 8420 7893 7601 7907 7896 8103 8565 8072 8736 8005 7839 8435 8131 8344 8757 8096 8667 8221 8182 7994 8144 8511 7869 8713 8155 8646 8286 8327 8341 8348 8221 8427 8512 8067 8147 8261 8030 7889 8126 8422 8052 7889 8013 8141 8449 7852 8125 8597 7853 8585 8434 8232 8344 
7814 7529 8256 7769 8114 7596 8034 7956 7668 7828 7658 8071 7758 7666 7727 7777 7668 7983 8297 8047 7149 8145 7870 7584 8036 7996 8318 7630 7646 8043 7248 7773 7566 7849 7829 7960 7767 7608 8136 7681 6865 7448 7930 7446 7789 7596 8189 7644 7533 7281 8271 7838 8034 7990 8062 8041 7923 8083 8355 8216 7826 7940 7288 8093 7357 7799 8176 7939 7688 8160 7872 7767 7789 8107 8005 7963 7471 7929 7354 7846 8060 8381 8027 8011 8558 7667 7823 8105 8274 8328 7998 7876 7489 7920 7989 8083 7846 8330 7527 7801 8267 8291 8012 7932 7748 7786 7501 8116 8505 8071 8030 7736 7789 8249 8005 8129 7778 7974 7923 7648 8162 8060 7815 7583 7653 7781 8369 8096 7971 7821 8417 7803 7670 8144 8484 8175 8182 7741 8474 7611 8128 8146 8024 7641 8084 7597 7714 8042 7605 7784 7835 8130 8183 8274 7837 7600 8073 7476 7712 7466 7795 7810 8162 8069 7715 7536 8065 7479 7854 7975 8609 8262 8008 8123 7893 7914 7866 8310 7586 7935 8249 8103 7863 7382 7695 7486 7769 7938 7334 7578 7839 8014 8089 8040 7522 7690 8611 8003 7815 7758 8155 7596 7476 8314 7819 7796 7698 8434 8063 7905 7963 7207 8068 7716 7693 7540 7973 7776 7438 7844 8034 7887 7909 8519 7998 7688 8023 8211 7774 8063 7953 7691 7881 7574 7964 7272 8103 8210 7987 8052 7965 7589 7911 7822 8086 8035 8101 7592 7857 8047 7861 8261 8038 7801 7844 7793 7805 8111 7788 7626 7417 7829 8086 8198 7387 7955 8044 8075 7438 7713 7646 7111 7756 7713 7380 8017 8182 7835 8411 7567 8244 8007 7268 7814 8044 7863 7565 7795 7627 8271 8173 7933 7815 7707 7457 7786 7724 7732 7751 7758 7441 7597 7728 7619 7704 7858 8624 8275 8069 8047 7535 7900 7779 7976 7760 7300 7708 8212 7931 8025 7844 8026 7282 7891 7465 7756 7947 7904 7834 8037 7328 8211 7786 8289 8111 8278 8578 7802 8143 7921 8006 8515 7609 7089 8178 7832 7794 8224 7697 7603 7814 7554 7575 7962 7615 8028 8004 7875 8354 7830 8021 8675 7739 7973 7932 7764 7352 7550 8019 7715 7983 8176 8207 7941 7761 7835 7751 8113 7667 7768 7997 7948 7384 7604 7597 7764 8512 7656 7777 7773 7905 8052 7794 8189 8643 7837 8409 8439 7810 8086 
8176 7970 8275 8290 8415 7806 8106 8489 8305 8283 8160 8778 8088 7814 8412 8303 8258 8463 8812 8474 8066 8171 8474 7785 8141 8233 8346 7812 8301 8577 7589 7915 7911 8490 8173 7967 8435 8400 8801 8544 7757 7992 7755 7959 8528 8119 8883 8290 7653 8279 8682 8591 8359 8982 8423 8190 8133 8320 8456 8492 8173 7962 7960 8429 7438 8439 8706 8279 8062 8484 8472 8125 8007 8198 8486 8870 7973 8461 8272 8091 8467 8499 8228 8434 8855 8135 8497 8273 8509 8190 8666 8167 7880 8090 8241 8428 8178 8635 7914 8466 8409 8746 8610 7973 7984 8168 7901 8308 8472 8367 8078 8048 8204 8038 8059 8158 8378 8143 8302 8110 8510 8240 7972 7563 8081 8448 8598 8309 8440 7886 8504 8217 8019 8798 9165 8329 8358 7967 8528 7874 8655 8862 8173 8205 8595 8091 7960 8454 7686 8235 8226 8401 8431 8513 8555 8301 8464 7826 8061 8289 7943 8078 8390 8639 7972 7807 8765 8079 8323 8639 9003 8321 9044 7931 8354 8221 8580 8918 7899 7996 8692 7859 8022 7745 8298 7732 8032 8402 8152 7906 8134 8408 8254 8410 7839 8126 8787 8665 8220 8509 7993 8055 8106 8707 8324 8207 8154 8616 8215 8215 8327 8019 8479 8231 7974 8306 8040 8277 8104 8503 8516 8138 8356 8550 8352 7911 8585 9020 8149 8596 8334 8216 8163 7526 8510 7633 8680 8714 8608 8950 8129 8045 8123 7965 8131 8525 8391 8090 7926 8361 8198 8836 8328 7784 8339 8521 8382 8478 8106 8207 7765 8093 8818 8475 8039 8401 8040 8409 7833 8003 7816 7732 8278 7809 7747 8976 8300 8072 8809 8378 8387 8566 8020 8375 8311 8086 8265 8222 7888 8321 8365 8490 8389 8291 7533 8272 8053 7766 8028 8316 7836 8394 7900 8174 7868 7865 8717 8887 8613 7965 8187 8273 7884 8325 8156 7959 8058 8271 7826 8480 8149 8283 7991 8691 8196 8230 8528 8137 7773 8369 8217 8758 8046 8288 8334 8638 9015 8037 8672 8286 8497 8764 7776 7769 8504 8362 8524 8599 7944 7631 8069 7889 7963 8357 8100 8512 8322 8367 8639 8117 8335 8860 8219 8392 8410 8317 7844 8173 8716 7840 8382 8648 8579 8180 8283 8168 8209 8560 8097 8351 8362 8009 8191 7911 7860 8118 8660 8033 8228 8295 8149 8195 7892 8199 8693 7965 8597 8485 8078 8277 
7967 7864 8216 8353 8098 7929 7871 8227 7894 7877 7979 8261 7844 8015 7818 7856 7901 8187 8351 8024 7823 8185 7634 7516 7908 7837 8311 7543 7904 8395 7154 7920 7861 8273 7811 7979 8267 8132 8161 8063 7376 7682 7545 7853 8031 7976 8308 7969 7636 8017 8356 8272 8009 8502 7778 8244 8134 8063 8154 8232 7863 7710 8128 8021 7203 7837 8140 7931 8095 8045 8124 7714 7877 7833 8125 8352 7549 7991 7587 7977 8198 8522 7756 8312 8373 8042 8186 7845 8255 8180 8290 7849 7828 8567 8157 8213 8117 8353 7699 7844 8299 8421 7982 7804 7221 8010 7683 8124 8440 8054 8099 7740 8028 7998 8099 8086 7933 7662 7932 7910 8357 8013 7805 7909 7780 7828 8643 7791 7885 7968 8158 7955 7750 8107 8758 7954 7939 7693 8202 7684 8375 8074 7847 7808 7926 7513 7977 7959 7624 7797 8179 8280 8415 8335 8249 7929 8307 7791 7665 7958 8094 7628 7816 8269 7730 7559 8326 7763 7972 8170 8565 7869 7979 7971 7998 8222 8545 8711 7489 8044 8164 8091 7538 7899 8231 7444 7883 7976 7799 7512 8134 8183 7744 7480 7586 7832 8642 7976 8038 7949 7790 7730 7664 8448 8310 7617 7584 8488 7776 8079 7958 7728 7665 7824 7699 7896 7645 8350 8005 7869 8271 7905 8100 8495 8108 7822 8487 8222 7567 7865 8254 7389 8036 7613 8134 7785 8446 8077 8347 8281 7859 8182 7803 7521 7969 8210 8135 7906 7820 7969 7883 8356 7808 7727 8257 8198 7858 7921 7948 7765 7586 8067 8199 7934 7692 7844 8028 8259 7866 7655 7680 7244 7930 7946 7530 7997 8068 7969 8642 8301 7874 8041 7454 7838 8134 7593 8038 7922 7991 8304 8100 7884 8015 8204 7682 8362 8099 7969 7675 8028 7544 8076 7805 8259 7642 7609 8106 8625 8353 7958 7896 8106 7919 7848 7748 7940 7459 8057 7874 7827 7681 8117 7804 8007 7872 7936 8449 7641 7981 8175 7784 8149 8299 7889 8119 8248 8280 7603 8325 7755 8228 8555 8003 7511 8236 7919 8134 8420 7639 7420 7491 7739 8012 8271 7731 8243 7852 7770 8316 7753 8147 8754 7773 7873 8273 7954 7280 7854 8192 7790 8481 8171 8185 7977 7954 7985 7971 8077 7683 8022 7773 7866 7516 7517 7363 7993 8556 8113 7793 8242 8006 8079 7788 7770 8144 7919 7969 8129 7863 7768 
7879 7558 8451 8373 8218 7563 8135 8413 8210 7950 7746 8632 8094 8013 8142 8172 7894 8121 8626 8464 8021 7916 7923 7812 8205 8260 8603 7545 7840 8460 7616 8173 8141 8160 8068 8118 8207 8089 8307 8384 7085 7785 8031 7964 8206 7870 8659 7756 7672 8020 8601 8269 8018 9081 8124 8148 8396 7998 8398 8596 8343 8335 7425 8141 7725 8269 8587 7965 8297 8320 8418 7778 7401 8082 8414 8125 7565 8139 7629 8164 8511 8709 7752 8391 8734 8081 8228 8382 8469 8269 8552 8148 8020 8180 8183 8035 7798 8384 7671 8237 8197 8746 8200 8176 7775 8104 7862 8269 8513 8292 7621 7828 8239 7876 8242 7819 7889 7930 7975 8281 8593 8200 8012 7580 8004 8118 8692 7954 8156 8005 8206 8123 7632 8285 8232 8066 8371 8179 8402 7900 8175 8693 7833 7645 8433 7654 7841 8125 7951 7765 8308 8471 8348 8397 8252 8382 8633 7565 7593 7872 7996 8115 8086 8300 7641 7865 8130 7954 8149 8422 8585 8390 8039 7683 8147 8393 8569 8577 7691 7962 8382 8167 8084 7843 8216 7356 8243 8388 7845 7916 7987 8155 7900 8200 7624 7799 8177 8600 8122 8393 8102 7720 8118 8414 8165 8022 8239 8165 8095 8097 7777 8009 8218 8064 7652 8138 8258 8198 7987 8329 8398 8197 8077 8586 8247 7823 8257 8649 7909 8168 8086 8012 8030 7915 8148 7431 8376 8351 8699 8171 7818 8207 7918 7693 8434 8330 8233 7769 7541 8135 8431 8766 8139 7697 8172 8352 7820 8530 7940 8017 7537 8045 8711 8349 7660 7984 8070 8223 7826 7675 7352 7407 8012 7716 7689 8422 8218 7595 8703 8184 8493 8301 7790 8036 8268 8172 7957 8026 8101 8375 8507 8183 8098 7911 7750 7643 8007 8130 7867 8608 7837 7832 7798 8143 7887 7694 8535 8420 8590 7972 7872 8104 7871 8102 8035 7594 7658 8355 8287 7947 8025 8133 7528 8291 7677 7757 8023 7710 7752 8185 7857 8688 8115 8075 8106 8824 8671 7964 8707 7988 8288 8467 8259 7382 7866 8043 8101 8564 7992 7633 7688 8028 8004 8511 7659 8251 8234 8103 8329 8101 8234 8637 8060 8090 8304 7750 7465 7990 8150 7820 8890 8347 8602 8135 8445 7967 8201 8044 8207 8205 8184 7983 7600 7750 7746 7879 8581 7801 8046 8094 8128 8335 7977 8340 8526 7687 8569 8257 8116 8037 
8494 8225 8899 8678 8656 8494 8412 8526 8107 8188 8389 8907 8357 8329 8255 8135 8304 8359 8817 8537 8750 8316 8525 8174 8351 8436 8784 8214 8336 8535 7858 8500 8051 8878 8274 8246 8593 8429 8634 8410 7638 8314 8192 8108 8040 8353 8733 8407 8040 8097 8526 8860 8256 8990 7899 8194 8624 8313 8485 8762 8401 8367 8210 8452 7856 8762 8485 8452 8495 8476 7903 8325 7917 8469 8352 8584 7753 8489 8046 8325 8674 8829 8573 8746 9073 8820 8532 8434 8531 8845 8570 8196 8061 8260 8330 8260 8558 8545 8094 8300 8756 8860 8983 8159 7932 8403 8130 8476 8848 8874 8284 8222 8462 8406 7982 8278 8226 8077 8657 8627 8708 8207 8404 7981 8036 8219 8696 8246 8388 7789 8623 8147 7805 8785 8846 8233 8071 8507 8508 8226 8614 8839 8439 7999 8489 8088 8447 8621 8035 8124 8564 8445 8488 9113 8430 8135 8751 8015 7902 8499 7909 8534 8387 8804 8091 7994 8291 8232 8418 8293 9065 8136 8476 8273 8377 8477 8961 8859 8003 8369 8664 8129 8238 7919 8379 7783 8157 8498 8375 8233 8646 8813 8040 8036 7750 8047 8949 8500 8156 8058 8369 8428 8395 8949 8745 7760 8180 8998 8165 8234 8124 7822 8388 8100 7881 8421 8652 8169 7867 8008 8692 8368 8510 9013 8366 8045 8506 8833 8034 8313 8445 8118 8020 7902 8414 7860 8796 8894 8760 8443 8404 8129 8085 8016 8563 8636 8723 8071 8015 8283 8194 8862 8362 8241 8424 8725 8337 8327 8303 8252 8060 8413 9074 8448 8030 8310 8361 8679 8013 8005 7785 7559 7998 8048 8105 8467 8247 8597 8706 8265 8552 8376 8142 8574 8718 8186 8066 8353 8283 8576 8582 8573 8832 8645 7888 8062 8338 8046 8065 8721 7952 8329 8394 8677 8062 7852 8584 8784 8831 8461 8334 8127 8173 8198 8242 7938 7876 8736 8475 7995 8166 8189 8060 8420 8055 8330 8556 8035 7867 8328 8111 8872 8398 8420 8411 8524 8722 8812 8803 8502 8489 8823 8140 7810 8698 8466 8430 8624 7666 7526 8106 8176 8469 8649 7987 8776 8667 8094 8762 8649 8488 9087 8040 8045 8777 8269 7873 7991 8577 8221 8629 8576 8539 8292 8390 8463 8271 8369 8221 8307 8485 8201 7822 8122 7886 8070 8693 7926 8327 8039 8241 8391 8143 8281 8702 8115 8920 8920 8171 8464 
8011 7545 8208 8419 8197 7661 7754 8175 7923 7796 7745 8212 7971 7788 8102 8203 8147 7857 8635 7856 7973 7981 8140 7655 8051 8300 8233 7807 8137 8376 7504 7943 7972 8432 8260 7943 8219 7945 8142 8254 7102 7849 7505 7739 7784 7988 8393 7674 7469 7893 8197 8461 8056 8534 7774 7828 7866 7806 7922 8359 8210 8010 7396 8299 7388 7913 8499 8091 7903 8416 8200 7525 7765 8126 8159 8441 7488 8074 7688 8130 8300 8354 8044 8215 8559 8216 8118 8301 8274 8362 8158 7599 7833 7814 7934 7939 8037 8407 7780 8297 8353 8137 8489 7866 7669 8353 7675 8161 8338 8509 8021 7609 7805 7927 7743 7815 7952 8032 7995 7844 7988 8040 7720 7600 7685 7619 8564 7536 7915 7655 8116 7745 7827 8341 8487 8248 7915 8069 8541 7890 8477 8204 8035 7648 8226 7925 8111 7833 7826 7962 8023 8111 7916 8305 8144 7944 8277 7669 7535 7807 7606 8088 8385 8481 7624 7770 8113 7635 7872 8214 8811 7961 8381 7696 7894 8329 8480 8393 7737 8137 8457 8009 7487 7777 8158 7415 8039 8217 7426 7731 7957 8072 7716 7450 7662 7647 8415 8432 8247 7939 7797 7635 8103 8486 8334 7689 7956 8447 7989 7915 7572 7451 7779 8044 7595 7868 7964 7898 7575 7824 8507 7744 8232 8635 8252 7495 7872 8278 7991 8210 7939 7583 7631 7531 8253 7497 8245 8278 8631 7904 7905 8145 7879 7575 8226 8207 8048 7965 7539 8060 8047 8528 8050 7877 8231 8259 7807 8005 8030 7840 7532 7959 8739 8242 7751 7752 7915 7890 7417 7350 7420 7414 7802 7613 7194 8264 8050 7697 8380 7724 7757 8096 7740 8023 8109 7969 8206 8214 7722 8050 8422 7866 8187 7906 7581 7717 7758 8037 7599 8157 7783 8225 8039 8075 7914 7594 8150 8839 8537 7689 7592 7899 8086 8117 7555 7501 7930 8063 8361 7739 7986 8128 7871 8167 7761 7768 7976 7721 7577 8015 7923 8514 8019 7768 7952 8151 8424 8218 8779 7974 8323 8299 7905 7463 7949 7988 8033 8267 7602 7315 7531 7883 8108 7873 7715 8178 7942 7620 8267 8146 8024 8299 7784 8042 7938 7746 7583 7732 8070 8044 8336 8180 8514 7938 7928 7898 8081 8006 7934 7997 7868 8141 7572 7407 7616 7942 8462 8028 7883 7681 7912 8158 7755 7915 8458 7746 8688 8385 7843 8186 
8315 8187 8745 8534 8796 7638 8424 9028 8256 8527 8464 8788 8406 8319 8497 8604 8433 8535 8777 8121 8165 8581 8559 8434 8295 8697 8870 7676 8418 8542 7918 8691 8507 8537 8411 8436 8219 8486 8734 8235 7650 8244 8259 7945 8433 8702 9101 8396 7782 8441 8555 8680 8557 9038 8143 8416 8385 8508 8966 8653 8470 8358 8173 8991 7936 8504 8697 8238 8591 8831 8463 8531 8260 8418 8881 8724 8032 8726 8169 8351 8881 9026 8509 8729 9115 8352 8538 8563 8586 8613 8515 8434 7959 8533 8544 8495 8079 8806 8019 8450 8504 8941 8945 8345 7936 8590 8219 8565 8848 8503 8299 8218 8658 8379 8568 8297 8277 8269 8305 8216 8949 8531 8383 8289 7999 8514 8991 8252 8675 8559 8744 8232 8325 8900 9317 8491 8453 8299 8656 7782 8823 8975 8588 7855 8829 8210 8112 8827 8151 8158 8610 8706 8752 8909 8878 8660 8833 8124 8071 8235 8573 8715 8864 8738 7888 7930 8790 8562 8355 8492 9170 8579 8775 8058 8321 8795 8714 9133 7910 8382 9019 8529 8302 8074 8424 8055 8473 8633 8330 7834 8567 8521 8159 8508 7872 8191 9151 8684 8237 8333 8530 8123 8298 8910 8717 8348 8513 8905 8297 8710 8407 8144 8280 8409 8093 8594 8533 8486 8055 8561 8698 8560 8518 9071 8542 8215 8538 8587 8328 8510 8598 8289 8436 8075 8748 8215 8425 8809 8723 8810 8557 8757 8317 8303 8860 8378 8689 8233 8065 8575 8151 8911 8543 7966 8515 8662 8369 8648 8526 8136 7915 8500 9245 8757 8210 8281 8458 8787 7858 7839 7859 7758 8225 8503 8280 8766 8868 8445 8809 8329 8693 8518 8005 8374 8876 8584 8428 8212 8525 8769 8611 8638 8896 8622 7928 8501 8396 8755 8402 8593 8027 8564 8122 8581 8349 8178 8729 8959 8597 8570 8325 8323 8055 8220 8184 8102 8205 8544 8505 8563 7885 8272 8033 8548 8093 8499 8900 8138 7842 8369 8066 8823 8543 8405 8535 8896 9058 8229 9016 8326 8669 8836 8456 7559 8453 8665 8483 8712 8157 7986 8078 8122 8343 8829 8460 8713 8418 8589 8735 8138 8450 8772 8151 8658 8445 8347 7952 8308 8268 8380 8965 8447 8709 8278 8925 8185 8235 8537 8150 8323 8481 8598 8156 8093 8273 8053 8898 8244 8440 8326 8784 8647 7855 8432 9116 8231 9018 8714 8306 8457 
8146 7493 7998 8593 8283 7777 8033 8433 8278 7720 7874 8234 8499 8200 8297 7838 8247 8490 8680 8172 8577 7880 7958 7935 7922 8319 8457 8025 8122 8334 7443 8081 8289 8396 8007 7982 8088 8345 8171 8504 7268 8214 7456 7924 7750 7872 8578 8277 7472 8202 8380 8401 8059 8500 8143 8175 8183 8135 8362 8382 8156 7834 7812 8319 7533 8141 8414 8242 8202 8331 8076 7640 7710 8437 8468 8257 7266 8361 7766 7925 7981 8457 7951 8273 8582 8208 8149 8389 8158 8333 8355 8053 7979 8211 8181 7927 8039 8760 7945 7889 8256 8387 8587 8193 7843 8124 7997 8220 8906 8226 8424 7758 7956 8309 7758 7996 7807 7783 8243 7596 8236 8131 7887 7804 8237 7812 8983 7852 8237 7768 8113 7979 7811 8727 8746 7919 7967 7702 8464 7749 8256 8668 8208 8050 8449 7941 8160 8367 7883 8029 8014 8418 8313 8472 8043 8113 8302 7945 7714 8017 8224 7811 8679 8208 7472 7667 8429 8224 8053 8059 8698 8224 8547 7831 7975 8326 8591 8674 7414 8180 8540 8170 7673 7657 8180 7435 8296 8193 7308 7569 8170 8400 7905 8029 7500 7853 8476 8143 7960 8085 8272 7777 8058 8288 7998 7954 8053 8434 7822 7734 7930 7903 8339 8174 7726 8327 8185 8388 7865 7876 8733 8033 7933 8597 7903 8115 7923 8421 7866 8455 8269 7611 7981 7640 7873 7389 8428 8484 8230 8446 8084 8161 8196 7722 7929 8069 8581 7679 8080 8276 7844 8564 7913 8060 8352 8455 8049 8259 8250 8102 7771 8264 9003 8161 7750 8226 8196 8523 7782 7345 7354 7349 7836 7590 8113 8311 8382 7978 8669 7897 8250 8505 7741 7762 8279 8019 7993 7800 7882 8165 8509 8064 8454 8132 7588 8046 8144 7688 7813 8418 7956 7869 8067 8591 7604 7873 8598 8418 8622 8034 7827 8079 8026 7926 7748 7826 7974 8301 8147 7904 7657 8088 7928 7953 7905 7858 8419 7758 7869 8024 7996 8330 8313 7743 7899 8585 8290 8218 8544 7886 8148 8951 8280 7532 7854 8413 7887 8581 7663 7770 7675 7848 7915 8238 7850 8452 8296 7947 8546 7895 8544 8642 7994 8180 8510 7904 7510 7837 8418 7794 8586 8423 8563 7971 8320 7831 7813 8025 8195 8250 8631 7982 7960 7734 7829 8038 8213 7798 7920 8274 8227 8550 7958 8102 8193 7673 8453 8531 8072 8162 
8204 7907 8030 8062 8117 7878 7822 8209 8017 8102 8016 8362 8158 8144 8259 7989 8027 8083 8739 7962 8438 8158 8403 8044 8030 8344 8371 7685 8326 8361 7600 8150 7934 8268 7992 8073 8096 8024 7917 8289 7321 7979 7849 7298 8136 8027 8599 7811 7737 8060 8552 8362 7741 8473 7827 8026 7895 7943 8012 8078 8027 7502 7529 8315 7453 8277 8360 7950 7909 8367 7892 8259 8075 8173 8382 8107 7733 8188 7549 8124 8100 8641 8270 8376 8456 7918 7955 7860 8343 8400 8042 8270 7931 7958 8003 7884 8233 8611 7854 8172 8199 8364 8201 7824 7838 7807 8016 7882 8380 8021 8043 7668 8034 7845 8013 8197 7652 8064 8060 8192 8370 8241 7830 7671 7559 7837 8723 7814 8143 7824 8009 7768 7713 8326 8406 7912 8139 7614 8730 7683 8375 8813 8433 7927 8074 7826 8253 8198 7445 7890 8175 8493 8323 8358 8191 7853 8384 7866 7734 8069 7709 7819 8289 8066 7280 7579 8102 8012 8156 8605 8585 8409 8074 8196 8133 8228 8308 8589 7966 8279 8338 8164 7821 7773 8115 7631 7713 8141 7752 7686 8374 8237 8110 8005 7568 7870 8518 8662 8131 7861 7998 7549 8062 8397 8025 8072 7798 8609 7806 7972 7798 7798 7898 8043 7654 8093 8322 8207 7857 7946 8457 8024 7959 8584 8406 8084 8097 8225 8051 7544 7946 7973 8000 7501 8177 7638 8390 8150 8574 8111 8057 8065 7820 7642 7984 8281 8334 7777 7854 8368 7815 8453 7881 7798 8079 7977 7701 8243 7544 8031 7570 8397 8609 8420 7584 8059 8305 8128 7604 7423 7297 7514 7882 8124 7626 8302 7984 7822 8697 7920 8197 8409 7887 8060 8291 8373 7843 7645 7850 8192 8508 7799 8542 7949 7557 8014 8137 7921 7838 8415 7571 8140 7573 8473 7484 7854 8352 8482 8309 7906 7932 7701 7668 7976 7803 7674 7756 8148 8154 7957 7692 8157 7480 8495 7617 7655 8440 8041 7800 8068 7903 8170 8321 8158 8164 8251 8269 8030 8360 8149 8333 8534 7910 7531 8363 7983 7826 8447 7706 7383 7711 7724 8103 8374 7691 8428 8316 7947 8327 7771 7657 8596 7948 8083 8466 8029 7670 7963 8201 7935 8270 8328 8366 7938 8056 8133 7647 8142 8341 8011 8390 8383 7554 7747 7926 7952 8271 7861 7826 7906 7924 8277 8166 8184 8369 7823 8537 8584 7883 8113 
7966 7830 8283 8214 8226 7966 8023 8142 8106 8071 8213 8103 8499 8304 8361 8523 7840 8239 8513 8259 7921 8164 8222 7949 8411 8326 8684 7852 7896 8371 7746 8262 8074 8528 8007 7912 8221 8053 8572 8598 7631 7979 7915 8005 8083 7993 8569 8362 7895 7870 8793 8294 8291 8909 8035 8003 8469 7846 8025 8212 7986 7828 8014 8748 7752 8148 8681 8237 8150 8481 8177 7962 7952 8105 8779 8585 7353 7861 7647 7982 8371 8583 8184 8315 8640 8047 8050 8371 8392 8294 8388 7997 8010 8024 8242 8787 8157 8697 8020 8357 8216 8523 8321 8041 7670 8375 8033 8423 8495 8405 8068 7735 8285 8293 8213 8171 8010 7964 8048 7626 8195 8223 7900 7911 8105 8132 8899 8068 8350 8242 8247 7335 7893 8378 8674 8103 8370 7914 8552 7903 8460 8439 8591 7880 8366 7851 8567 8015 7934 8137 8334 8539 8357 8571 8515 8178 8605 8037 7917 8150 8069 8109 8399 8417 7780 7761 8067 7759 8155 8418 8717 8363 8232 8332 8138 8484 8311 8846 7818 8365 8580 8198 7858 7525 8444 7750 8264 8309 7900 7453 8293 8167 8271 7846 7694 7900 8530 8416 8457 8299 7931 7736 8262 8422 8176 7974 7764 8514 8296 8191 8058 7945 8034 8224 7833 8147 8440 8260 7886 8345 8526 7878 8483 8848 8226 8006 8086 8463 7994 8231 8232 7917 8149 7970 8456 7754 8802 8400 8236 8391 8011 8439 8004 7817 8389 8144 8429 7812 7942 8219 7897 8833 8264 7968 8397 8435 8269 8306 8131 7857 7835 8198 8874 8508 7929 8294 8414 8310 7939 7621 7391 7560 8403 7887 7533 7972 8310 8033 8993 8286 8119 8528 7763 8147 8651 8324 7933 7900 8088 7930 8545 8384 8101 8155 8060 8381 8286 8121 8023 8149 7898 8028 8071 8333 8246 8005 8422 8381 8412 7895 8213 8211 7836 7956 7802 7791 7657 8173 8012 8087 8046 8053 8012 8108 8072 8132 8289 8177 7998 8423 8191 8550 8386 7710 8484 8480 8515 7839 8196 8215 8533 8905 7734 7438 8660 8532 8101 8331 8027 7410 7978 7872 8059 8492 7952 8430 7925 7914 8551 7990 8155 8884 7821 7987 8615 7981 7324 7967 8451 7972 8281 8543 8640 7922 8247 8211 8214 8191 7852 8240 7867 8029 7868 7707 8128 8095 8530 8166 8155 8111 8328 8508 8172 8086 8724 7905 8492 8274 7794 8199 
7803 7554 7692 8031 7799 7808 7831 8071 7960 7721 7436 8213 7844 7731 8094 7957 7749 7906 8543 7806 7861 7798 7820 7612 7874 7807 8133 7291 7627 8391 7214 7724 7580 8081 7772 7829 8110 7863 8333 8211 7021 7701 7263 7460 7581 7796 7939 7875 7717 7744 8108 8200 7890 8311 7796 7576 8024 7364 8027 8088 7697 7600 7588 7862 7032 7904 8125 7809 7689 7684 7723 7647 7432 7683 8183 7797 7242 7805 7152 8059 7657 8179 7757 7654 8373 7712 8084 7975 8372 7968 7879 7631 7919 7283 7706 7694 7772 7953 7516 7545 8006 8027 7741 7631 7639 7869 7393 7941 8131 7859 7736 7416 7896 7971 7722 8075 7788 7825 7891 7403 7725 7773 7571 7626 7367 7738 8251 7463 7874 7319 7960 7380 7478 7851 8454 7822 8087 7569 8284 7582 8073 8171 7732 7449 7956 7450 8096 7900 7671 7729 7837 7947 8160 8098 7901 7856 8105 7624 7253 7849 7710 7654 7981 7813 7248 7263 7582 7868 7625 7879 8252 7828 7896 7630 7682 8040 8123 8571 7630 7866 7928 7674 7522 7422 8160 7306 7711 7817 7535 7542 8015 7863 7851 7120 7178 7619 7940 7835 8003 7762 7896 7606 7678 8171 7983 7375 7489 8197 7695 7669 7514 7318 7593 8052 7529 8060 7983 7665 7552 7649 8089 7781 8019 8242 7489 7356 7562 8173 7757 7569 7927 7234 7685 7583 8125 7329 8256 7931 8144 7696 8042 7755 7472 7307 7583 7817 8102 7684 7500 7816 7792 8265 7850 7517 8138 7890 7659 7935 7591 7878 7250 7829 8508 7979 7905 7648 8027 7858 7589 7291 7394 7195 7436 8064 7110 7834 7839 7685 8531 7606 7825 7756 7711 7597 8272 7929 7967 7495 7610 7403 8023 7815 8065 7947 7427 7566 7788 7343 7494 8246 7333 7785 7651 7776 7647 7112 8167 8287 8285 7759 7778 7925 7766 7553 7528 7304 7340 7707 7847 7689 7480 7770 7572 7795 7868 7432 7838 7643 7543 7940 7797 8163 7828 7521 8054 8140 8162 7567 8094 8043 8032 8422 7449 7127 7920 7714 7705 8084 7613 7089 7495 7611 7580 7957 7351 8208 8009 7756 8193 7664 8022 8609 7912 7654 7733 7525 7329 7370 8053 7290 7972 8148 8044 7683 8031 7830 7506 7920 7601 8074 7876 7451 7639 7639 7450 7829 8004 7899 7457 7715 7673 7817 7759 7798 7971 7421 8377 8027 7759 7597 
8169 7695 8125 7831 8326 7465 7863 8223 7862 7790 7736 8053 7889 7762 8118 7768 7869 8169 8079 7931 7882 7703 8073 7659 7765 8155 8153 7429 7819 8190 7387 7903 7875 8241 7979 7964 7812 7956 7884 7973 7454 7718 7785 7644 7792 8019 8549 8105 7639 7836 8132 8366 7840 8200 7803 7854 7985 7518 8077 8051 7669 7618 7664 8262 7415 7907 8506 7947 7950 8451 7759 7882 7614 8190 7921 8183 7721 7893 7783 8207 7769 8346 7984 7950 8518 7714 7786 8102 8153 8081 8204 7751 8006 7794 8072 8055 7825 8370 7585 8031 8257 8240 8171 7946 7535 7988 7875 7708 8037 7963 7806 7362 7878 7806 7890 7775 7809 7981 7717 7807 8013 7884 7727 7582 7944 7952 8510 7849 7994 8135 7955 7752 7654 8418 8766 8172 8349 7725 8518 7659 8159 8252 8298 7562 8329 7731 8175 7809 7351 7990 8209 8010 8220 8277 7939 8381 8388 7722 7547 7851 7747 7705 8483 8184 7446 7623 8168 7653 8164 8119 8659 8121 7948 7755 8010 8242 8342 8584 7711 7865 8097 8206 7768 7604 7886 7438 7942 8126 7890 7576 8138 7954 8038 7353 7379 7641 8662 7969 7805 7709 7853 7558 7768 8471 7929 8142 7928 8359 7873 8050 7711 7609 7829 8211 7667 7734 8230 7927 7545 7957 8516 7840 8355 8503 7942 7923 7874 8374 8160 8190 7895 8088 7877 7831 8139 7534 8049 8276 8200 8010 7861 8079 7649 7397 7971 7960 8160 7369 7904 8083 7949 8579 7969 7753 8517 7942 8012 8248 8028 7942 7291 7840 8787 8275 7453 7961 7955 8168 7457 7301 7293 7282 7841 7732 7550 8088 8048 7436 8371 8073 8334 8249 7582 7878 8117 8061 7923 8048 8055 7928 8019 7871 8095 7799 7784 7907 8179 7870 7847 8305 7613 7893 7584 7994 7871 7764 8533 8315 8427 7736 7531 7747 7826 8142 7900 7719 7844 7929 7907 7731 7687 7949 7824 8071 7836 7593 8319 7733 7733 7867 7838 8236 7971 7573 7993 8377 8310 7603 8349 8427 7989 8314 7563 7599 8111 8295 7542 8169 7643 7150 7832 8008 7893 7890 7390 8388 7950 7610 8280 7819 7762 8558 7708 8075 8310 7637 7501 7812 8010 7700 8379 8123 8083 7833 8097 8015 7650 8009 7988 8138 8102 7823 7625 7498 7542 7755 8425 7691 7822 7618 7870 7999 7815 8109 8007 8028 8566 8140 7697 8297 
7883 7562 8164 8173 8436 7707 8048 8101 7842 7897 7698 7917 7922 8033 7978 8005 7920 8135 8641 7880 7461 7955 7853 7601 7847 8280 8171 7650 7846 8196 7523 8230 7527 7973 7988 7645 8048 7865 7929 8136 7268 7565 7586 7789 7946 7844 8402 7820 7352 7581 8364 8365 7923 8309 7845 7854 8020 7696 8150 8202 8066 7773 7462 8195 7357 8123 8422 7902 8017 8078 8090 8026 7592 7985 8165 8432 7414 8188 7486 8042 8122 8450 7995 8247 8423 7839 8040 8126 8179 8124 8443 7907 7772 7702 7857 8160 8072 8416 7706 7986 7979 8371 7994 7921 7558 8100 7744 8098 8511 8358 7935 7867 8132 8029 7837 7581 7770 7430 8298 7724 8064 8011 8039 7543 7758 7596 8399 7700 8161 7842 8273 7756 7628 8506 8264 8082 8192 7778 8348 7810 8102 7954 8066 7342 8220 7398 7937 8055 7388 7870 8144 8589 8240 8211 8353 7995 8343 7576 7471 7981 7898 7965 8355 8308 7334 7707 8420 7761 7936 8143 8583 8065 7990 7782 7604 8134 8483 8587 7640 8321 8435 7885 7592 7578 8297 7581 8089 7882 7535 7797 7820 8028 7893 7996 7629 7835 8340 8560 7960 7942 7752 7723 7673 8623 8073 8059 7883 8540 8027 7872 7643 7651 7891 7941 7475 7793 7960 8095 7714 7978 8064 7774 7964 8300 7967 7684 8063 8189 7544 7811 7947 7680 7460 7614 7980 7251 8191 7787 8190 7924 7841 7924 7812 7327 8121 8059 8368 7811 7803 7786 8017 8749 8137 7604 8027 7904 7733 8069 8103 7668 7381 7545 8798 8149 7657 7838 7850 7986 7734 7460 7259 7259 8075 7628 7632 8204 7950 7676 8380 8023 8130 8151 7784 7560 7587 7824 7984 7788 8071 7934 8486 8249 7961 7768 7422 7706 8063 8031 7455 8038 7487 7626 8026 7964 7901 7731 8450 8413 8362 8153 7792 7887 7755 7813 7704 7594 7536 8364 8038 7531 7679 7855 7698 7902 7574 7849 8272 7737 7686 8086 7686 8307 7865 7886 7707 8248 8336 7895 8469 7755 7952 8484 7644 7454 8289 8031 7983 8184 7656 7497 7696 7612 7856 8175 7626 7984 7930 7719 8339 7958 8103 8292 7730 7798 8170 7522 7567 7697 8079 7615 8400 8091 7977 7713 8254 7870 7750 7826 7878 7864 7883 7849 7474 7542 7469 7762 8426 7716 7888 7844 8003 8131 7690 7980 8390 7527 8238 8400 7656 8220 
7822 7899 8132 8348 7916 7787 7909 7785 7778 7849 7661 8242 7762 7957 7941 7922 7592 7650 8766 7858 7978 7844 7952 7311 7953 7884 8590 7419 7399 8216 7330 7790 7813 7969 7952 7848 7612 7716 8153 8106 6908 7761 7650 7666 7918 8088 8499 7572 7568 8020 8148 8247 7794 8305 7827 7733 8025 7929 7999 8057 8027 7972 7684 8206 7423 8172 8489 8379 7768 7737 7921 7686 7744 7806 7818 8118 6963 7758 7687 7905 8167 8527 8012 8111 8506 7916 7842 8045 7817 8183 8299 7673 7599 8016 8003 7670 7534 8364 7663 7968 8176 8236 7982 7802 7776 8023 7375 7827 8381 7912 7905 7302 7786 7976 7675 7571 7348 7623 7620 8167 7958 8052 7620 7894 7629 7714 8306 7739 7437 7754 8361 7774 7612 8054 8229 8021 8388 7450 7918 7551 8160 8113 8130 7704 8253 7811 7959 7890 7720 7530 8123 8604 8242 8120 8062 7592 8074 7499 7470 7581 7821 7646 8338 7753 7358 7547 7958 7823 7877 7809 8209 8014 8329 8091 7867 8069 8321 8254 7427 7633 8075 7845 7601 7505 8082 7290 7878 8183 7693 7564 7691 7702 7771 7867 7338 7667 8337 8169 8082 7929 7631 7741 8075 8202 8287 7954 7879 8204 7723 7749 7457 7532 8159 8065 7605 7589 8001 7862 7708 7831 8258 7722 8051 8388 7916 7897 8041 8189 7895 7927 7783 7689 7790 7608 8132 7437 8087 8089 7919 8200 7404 7922 7882 7647 7884 7919 7933 7382 7559 8129 8139 8380 8134 7564 7818 8296 7635 7971 7854 7805 7250 7787 8122 7850 7513 7923 7958 7843 7595 7092 7399 7287 7852 7634 7520 8371 8158 7324 8430 7968 7745 7837 7562 7562 7964 8041 7888 7732 7509 8060 8374 8238 8097 8005 7523 7712 8010 7666 7473 7915 7714 7885 7810 8031 7689 7713 8175 8691 8412 7747 7335 7768 7688 7836 7520 7512 7459 8053 8042 7620 7603 7608 7515 7900 7661 7890 7863 7808 7886 7907 7884 8148 7791 8004 7409 8289 8584 8004 8276 7926 7925 8354 7858 7374 8243 8049 8057 8371 7329 7544 7462 7681 8047 8102 7588 8087 7919 7730 8213 7796 7822 8665 8105 7789 7808 7689 7441 7705 8047 7741 8155 8174 8202 7750 7996 7712 7931 7859 7714 7962 7878 7592 7572 7741 7472 8068 8119 7591 7619 7861 8026 8130 7739 7700 8581 7810 8238 8150 7358 7895 
8697 8365 8561 8848 8777 8162 8865 8755 8937 8479 8605 9248 8847 8643 8789 8507 8667 8800 9217 8721 8664 8626 8699 8274 8650 8868 8894 8048 8670 8962 7927 8592 8658 8910 8720 8370 8719 8389 8727 8840 7602 8435 8185 8227 8652 8515 9318 8829 8170 8354 9093 8776 8321 9110 8295 8789 8804 8706 8586 9051 8584 8593 8140 8732 8124 8863 9157 8523 8674 8756 8616 8579 8671 8775 9048 8755 8148 8841 8105 8375 8862 9191 8609 9162 9257 8873 8711 8671 8920 8820 9195 8714 8408 8647 8358 8890 8724 8959 8370 8787 8705 9194 8928 8350 8481 8642 8339 8888 9079 8758 8754 8582 8494 8561 8524 8581 8364 8531 8673 8738 8917 8787 8374 8492 8405 8512 9543 8510 8743 8488 8690 8326 8587 8946 9401 8557 8528 8227 8962 8399 9135 9408 8907 8475 8945 8401 8519 8730 8193 8548 8750 8762 8559 9184 8629 8533 9173 8092 8240 8718 8725 8684 9185 9060 8270 8212 8617 8274 8745 9035 9479 8590 8889 8218 8564 8829 9250 9369 8283 8757 8990 8942 8302 8073 8848 8017 8658 8791 8509 8335 8596 8833 8723 8494 8190 8327 9205 8692 8606 8825 8638 8461 8646 9301 8746 8431 8373 8923 8499 8477 8467 7981 8277 8812 8067 8908 9056 8586 8247 8389 9136 8792 8594 9212 8575 8059 8625 8889 8262 8816 8778 8390 8766 8200 8715 8330 8894 8993 9210 9009 8639 8752 8541 8542 8587 8792 8937 8260 8451 8924 8699 9053 8634 8412 9131 8761 8497 8720 8669 8550 8264 8382 9206 8807 8239 8639 8761 8964 8209 8401 8022 7797 8737 8192 8169 8770 8659 8230 9355 8604 8911 8662 8213 8594 8856 8708 8494 8601 8686 8832 8709 8835 8868 8927 8289 8600 8752 8131 8242 8762 8211 8350 8249 8766 8324 8233 9118 9146 9124 8638 8509 8511 8505 8624 8637 8477 8257 9076 8522 8394 8622 8641 8400 8884 8488 8558 8775 8409 8204 8782 8475 8963 8728 8652 8644 9092 9070 8305 9346 8558 8848 9318 8490 7788 8760 8565 8773 8990 8218 7838 8521 8573 8208 8866 8268 9031 8827 8589 9019 8515 8737 9347 8722 8404 8945 8732 8329 8506 9056 8628 8977 9372 9114 8292 8830 8655 8574 8542 8610 8874 8479 8695 8016 8285 8126 8372 9072 8462 8302 8499 8592 9145 8398 8824 9182 8322 8894 9097 8430 8813 
8201 8101 8316 8658 8487 8104 8185 8893 8219 8130 8060 8316 8342 8314 8409 7998 8353 8535 8698 8289 8336 8659 8532 7901 7927 8533 8731 7740 8261 8602 7544 8134 8283 8528 8176 8112 8547 8340 8385 8246 7283 7877 7859 7968 8058 8234 8785 8350 7595 8459 8458 8549 8225 9117 8220 8415 8155 8289 8413 8311 8147 8136 7833 8336 7661 8524 8802 7962 8116 8470 8188 8325 8245 8267 8421 8499 7637 8059 8057 8450 8468 8813 8192 8617 8595 8491 8275 8345 8423 8472 8404 8212 8206 8239 8401 8570 8330 8706 8003 8278 8453 8699 8407 7791 7864 8397 7974 8218 8607 8445 8097 7852 8524 8120 8311 8515 8239 8323 8305 8132 8348 8579 8061 7699 7927 8244 9013 8092 8295 8336 8614 8091 8052 8785 8847 8377 8326 8255 8706 7832 8531 8664 8237 8005 8385 8185 8378 8011 8213 7853 8430 8615 8515 8391 8304 8084 8622 7909 7749 8472 8276 8167 8418 8565 7922 7854 8521 7923 8229 9062 8832 8240 8337 8290 8397 8352 8920 9120 7836 8479 8500 8565 7996 7672 8599 7828 8127 8147 8274 7868 8242 8274 8101 7924 7949 8027 8961 8447 8591 8167 8527 7965 8463 8790 8555 8060 8060 8788 8251 8265 7884 8152 8106 8339 7771 8393 8400 8430 7878 8431 8845 7757 8489 8706 8525 7896 8140 8938 8420 8408 8575 8198 7830 7847 8521 7893 8573 8475 8794 8698 8354 8333 7907 7930 8586 8667 8651 8507 7850 8387 8460 8447 8212 8166 8472 8904 8280 8031 7997 8091 7628 8495 8784 8170 8440 8292 8312 8279 7647 7893 7881 7320 8472 8208 7866 8479 8192 8093 8734 8215 8244 8317 8066 8254 8565 7808 8625 8459 8023 8491 8661 8403 8533 8283 7616 8402 8443 8172 8062 8200 7802 8231 8144 8512 7837 8079 8778 8905 8725 8469 8133 8247 8573 8223 8283 7886 8131 8558 8143 8223 7773 8188 7862 8497 8341 8093 8669 8349 7847 8415 8030 8793 8212 8552 8582 8390 8646 8045 8755 8196 8157 8879 8482 7659 8664 8301 8305 8351 7671 7467 8224 8062 8092 8502 7910 8398 8510 8474 8682 8166 8277 8670 8026 8174 8359 8399 7889 8104 8452 8157 8562 8424 8362 8347 8403 8372 8158 8260 8168 8121 8255 7841 7791 8097 7856 8238 8795 7905 8260 8416 8392 8218 8171 8029 8445 8109 8865 8467 8150 8237 
7866 7392 7849 7953 8102 7895 7435 7879 7815 7478 7594 7975 7668 8024 8177 7805 7718 8171 8016 7644 7680 7760 8061 7856 7945 7781 8227 7642 7710 7711 7413 7533 7761 7771 7736 7563 7508 7838 7634 7641 6905 7435 7411 7542 7473 7499 8317 7725 6974 7807 8047 8385 7826 8054 7872 7688 7757 7409 7725 7650 7948 7272 7763 7788 7371 7831 8428 7899 7677 7922 7763 7778 7524 7783 8142 7968 7368 7685 7497 7576 8100 8452 7698 7800 7980 8019 7915 7845 7983 8109 7847 7650 7444 7895 7898 7727 7800 7891 7284 7699 8079 8157 7973 7460 7485 7699 7676 7715 8111 7931 7677 7416 8199 7825 7565 7433 7790 7528 7892 7626 7652 7807 7456 7044 7574 7491 8091 7640 7882 7567 7877 7592 7313 8081 8230 7449 7791 7891 7964 7454 7998 8154 8042 7474 7861 7376 7656 7744 7726 8087 8116 8143 7957 8221 8147 7578 8002 7440 7486 7693 7637 7572 7909 8228 7440 7434 7960 7537 7818 7578 8194 8108 7982 7532 7969 7916 8364 8275 7622 7878 8168 7931 7416 7598 8090 7366 7948 7778 7604 7278 8066 7922 7345 7474 7587 7377 8216 8019 7836 7876 7667 7279 7809 8142 8023 7669 7494 8055 7887 7805 7649 7379 7616 7536 7318 7975 7834 7998 7353 7539 8185 7819 7935 8007 7635 7551 7821 8127 7921 7859 7582 7395 7579 7484 7654 7301 7890 7758 7937 7780 7853 7732 7447 7370 7648 7665 8191 7419 7546 7759 7592 8383 7681 7587 8015 8138 7859 7650 7950 7729 7331 7820 8505 8098 7385 7948 7809 8088 7792 7222 6998 7038 8040 7759 7562 8111 7832 7782 8267 7832 7900 8094 7546 7701 7756 7621 7801 7655 7786 7861 8364 7676 7801 7949 7363 7429 7842 8194 7461 8142 7665 7546 7525 7837 7561 7536 8068 7775 8153 7820 7503 7583 7433 7630 7886 7679 7217 7979 7741 7591 7371 7528 7230 7700 7371 7567 7819 7716 7814 7854 7795 8184 7745 7701 7642 8093 8534 7834 8352 7707 7662 8303 7805 7441 7935 8034 7964 8231 7747 7140 7650 7633 7787 8001 7490 7784 7585 7668 8340 7522 7995 8443 7500 7686 7874 7745 7483 7271 7896 7459 8333 8203 7910 7452 7950 7436 7384 7776 7630 7655 7870 7649 7280 7548 7249 7580 8088 7332 7421 8035 7832 7665 7546 7842 8329 7497 8198 8070 7602 7790 
8174 7957 8295 8412 8372 8049 8249 8308 8280 8138 7889 8561 8418 8446 8134 8409 8014 8158 8454 8049 8089 8114 8213 8208 8054 8177 8752 7889 8329 8331 7592 8278 8207 7906 7960 8351 8152 7864 8533 8268 7653 7922 7953 7715 8036 8341 8878 8349 7837 8026 8725 8379 8393 8641 7941 8456 8420 8154 8287 8504 8228 8008 7749 8506 7726 8325 8456 8084 8239 8541 8358 7964 7768 8209 8589 8558 7725 8315 7559 8338 8493 8823 8163 8411 8917 8142 8537 8314 8686 8236 8792 7987 8092 8135 7984 8353 8058 8396 8123 7902 8455 8664 8350 8030 7949 8227 7677 8446 8626 8563 8445 8196 8349 8423 8194 8244 7888 8263 8133 8264 8444 8596 7965 7978 8136 7858 8696 7997 8134 8059 8616 7921 7650 8568 8777 8421 8579 8007 8607 7829 8925 8645 8464 7987 8496 7736 8189 8558 7991 8045 8270 8639 8668 8373 8433 8299 8301 7944 7901 8021 8076 8211 8564 8560 7508 7883 8613 8213 8109 8351 9190 8497 8330 7963 8515 8621 8409 8467 7726 8180 8804 8383 8171 7472 8426 7528 8263 8300 8075 8243 8016 8435 7864 8102 7664 8115 8739 8306 8396 8216 8170 7559 8167 8601 8091 8215 8159 8661 8295 8256 7917 7602 7827 8465 7910 8226 8627 8153 7769 8083 8528 8240 8472 8544 8393 7894 8249 8453 8080 8418 8071 7535 7997 8071 8342 7862 8484 8496 8556 8467 8308 7920 8020 8111 8383 8315 8381 8027 7876 8419 8104 8824 8189 7706 8633 8195 8040 8579 8398 8080 7797 8638 8842 8683 8008 8558 8420 8513 8032 7688 7560 7352 8186 8152 8184 8474 8486 8057 8684 8195 8195 8415 7765 7938 8357 8143 8233 8066 7887 8507 8579 8209 8306 8258 7505 7970 8246 7805 7883 8509 7653 8028 8121 8198 8123 7880 8256 8653 8527 8109 8247 8378 8522 8296 8188 8213 7866 8469 8517 8256 8089 8364 8080 8110 7935 7821 8394 7812 7852 8448 8011 8482 8198 8327 8465 8633 8591 8143 8925 8165 8323 8972 7943 7506 8384 8479 8403 8465 7955 7792 8235 8037 8183 8790 8116 8603 8017 8116 8446 8169 8117 8846 7971 8124 8061 7772 7507 8145 8216 8002 8665 8594 8202 8120 8361 8102 8342 8271 8065 8232 8354 8226 8149 7729 7908 8309 8634 8357 8131 8056 8331 8362 7920 8363 8904 7906 8823 8478 7936 8252 
8218 8002 8498 8252 8455 8056 7709 8405 8247 8046 7968 8402 8131 8085 8398 8128 7924 8136 8717 8302 7988 8168 8037 7824 8128 8238 8344 7748 8051 8454 7389 8001 7620 7949 8028 8244 8465 8260 8500 8314 7516 7630 7811 7856 8270 7895 8490 8102 7379 7766 8342 8548 8101 8801 8172 7983 8358 8090 8116 8212 7812 8072 7522 8363 7755 7808 8634 8099 7783 8444 8148 8000 8120 8269 8277 8101 7559 7964 7544 7927 8159 8703 8077 8659 8738 7984 8384 8400 8500 8468 8282 7982 7786 8085 8050 8095 7904 8359 7701 8496 8447 8613 8440 8198 7997 8012 8051 8327 8554 8564 8063 7887 8280 8070 8366 8141 7985 7942 8067 7980 8181 8335 7952 7852 8041 7844 8809 7955 8422 8112 8362 8103 7574 8321 8500 8402 8327 7855 8388 7676 8155 8803 8159 8160 8211 7600 7808 7887 7732 8024 8205 8085 8106 8312 8131 8218 8506 8074 7536 8447 7941 8141 8310 8522 7644 7860 8297 7720 8125 8407 8770 8380 8597 8073 8095 8269 8466 8637 7649 8167 8277 8476 7906 7700 8363 7597 8254 8246 7725 7763 8239 8125 8065 8136 7835 7810 8640 8357 8204 8156 8296 7832 8144 8617 8482 7851 7839 8695 8066 8099 7621 7719 8190 7995 7296 8369 8195 8248 7846 7905 8499 8042 8037 8753 8223 7825 7827 8267 7984 8420 8053 7948 7961 7999 8150 7610 8599 8034 8337 7995 8325 7911 7865 7828 8151 8278 8343 7783 7751 8337 8267 8704 8208 8129 8401 8207 7832 8164 7772 8015 7441 8244 8660 8446 8020 8170 8116 8298 8000 7709 7805 7424 8064 7776 7792 7944 8053 7836 8454 8002 8474 8388 7840 8037 8342 8244 7925 8193 8057 8156 8272 7796 8568 8142 7878 8019 8338 8005 7603 8417 7929 8273 7960 8393 8022 7833 8517 8448 8646 8030 7953 8010 7852 8085 7735 7742 7814 8533 8236 8124 7920 7896 7184 8130 8141 7932 8015 8135 7979 8209 7991 8237 8245 8187 7864 8274 8973 8095 8547 8382 8584 8700 7746 7624 8307 8155 8356 8310 7913 7250 8080 8069 8079 8483 7888 8275 8052 7990 8347 8176 7858 8640 7958 8336 8251 7886 7699 7802 8075 7803 8452 8530 8503 7918 8475 7784 8028 8200 7760 8077 8400 8259 7861 7625 7542 8274 8517 7821 8144 8162 7961 8446 8044 8049 8726 7671 8781 8739 7821 8172 
8111 7624 7891 7925 8260 7694 7949 8046 7749 7879 7594 8438 7886 7932 7948 8002 7988 8106 8477 7822 7994 7881 8043 7526 7813 8155 8306 7237 8134 7951 7213 7900 7591 8253 7862 7627 7902 8072 8194 7826 6926 7562 7358 7574 7643 7689 8476 8108 7503 7796 7961 7906 7891 8291 7828 7849 7941 7674 8209 7973 7968 7726 7192 7878 7545 8273 8047 7906 7567 8050 7630 7708 7543 7965 7986 8046 7416 8356 7587 7879 7729 8296 8204 8113 8601 7458 7769 8102 8184 8045 8027 7971 7595 7850 8101 7568 7757 8111 7653 7773 7884 8259 8285 7716 7382 7572 7426 7943 8270 8149 7766 7538 8038 7802 7904 7556 7691 7994 8010 7656 8394 7905 7750 7394 7796 7888 8633 7495 8269 7467 8139 7867 7729 8401 8588 7993 8116 7807 8069 7455 8303 8361 7980 7310 8283 7497 8070 8109 7379 8130 7632 7907 7985 8295 8014 7932 8146 7577 7705 7800 7898 7773 8239 8206 7376 7462 8202 7774 7900 7905 8590 7937 8229 7376 7865 7919 8464 8082 7509 7894 8170 7736 7408 7269 7761 7270 7968 8271 7693 7463 7853 8073 7525 7706 7619 7625 8383 7879 7905 7750 7611 7551 7678 8145 8005 7521 7619 8525 7855 7833 7575 7634 7820 7923 7336 7966 8139 7795 7678 7920 8058 7898 7972 8320 7936 7754 7758 7803 7798 7941 7867 7453 7850 7614 7775 7760 7928 8271 8441 8064 7660 7785 7512 7546 7907 8059 8208 7667 7324 7825 8140 8401 8073 7527 7917 8138 7754 7664 7844 7590 7386 7718 8409 8124 7758 7544 7769 8421 7649 7253 7008 7237 7684 7791 7486 8035 7733 7785 8380 7812 8045 8066 7308 7952 7836 7944 8026 7907 8418 7801 8166 7911 8191 7772 7635 7759 8085 7613 7758 8149 7486 7878 7726 8363 7829 7479 7860 8306 8136 7808 7611 7764 7760 7887 7808 7790 7613 8098 8029 7733 7726 8135 7711 8098 7648 7407 8148 7654 7752 8203 7795 8127 7929 7784 7561 8057 8398 7880 8396 8560 8208 8379 7746 7213 8075 8015 7785 8072 7243 7523 7602 7693 7835 8202 7754 7915 8011 8072 8505 7701 8020 8559 7844 7964 8262 7428 7588 7555 8183 8034 8318 8375 8402 7796 8011 7877 7568 8086 8274 8080 7836 8044 7666 7851 7435 7840 8391 7537 7812 7821 8121 8183 7780 7626 8276 7563 8608 8275 7599 7704 
8440 8175 8542 8513 8762 7949 8476 8716 8653 8339 8487 9064 8390 8430 8583 8014 8319 8712 8902 8534 8475 8400 8462 8306 7932 8736 8848 8289 8390 8676 8138 8526 8120 8707 8343 8214 8454 8447 8555 8500 7909 8131 8147 7983 8618 8160 8998 8342 7985 8205 8901 8682 8451 8804 8261 8403 8480 8527 8704 8560 8500 8088 7801 8659 7671 8427 8759 8425 8258 8771 8568 8481 8189 8564 8849 8907 7700 8501 8140 8320 8423 8889 8264 8704 9114 8258 8591 8372 8809 8732 8745 8501 8368 8649 8588 8699 8389 8739 8520 8798 8657 8838 8747 8264 8155 8473 8097 8910 8724 8655 8167 8247 8573 8593 8566 8096 8306 8472 8606 8449 8756 8387 8158 7951 8109 8253 9319 8188 8779 8149 8722 8252 8075 8791 8907 8514 8770 8299 8830 8058 8342 8753 8578 8239 9017 8367 8507 8434 7663 8352 8409 9053 8526 8413 8479 8274 8599 8045 8071 8312 8215 8172 8610 8965 8015 8058 8708 8503 8494 8495 9035 8286 8518 8426 8198 8569 8458 8783 8222 8743 8888 8581 8124 8028 8273 8123 8594 8937 8225 8197 8441 8590 8417 8382 8011 8114 8787 8803 8348 8387 8501 8241 8431 8694 8738 8404 8276 8976 8378 8699 8568 7957 8352 8572 8148 8460 8607 8726 8094 8686 8527 8166 8493 9015 8315 8020 8440 8818 8503 8074 8613 8133 7923 8312 8611 8033 8630 8956 8774 8828 8385 8500 7890 7962 8713 8656 8579 8296 8204 8425 8353 8781 8318 8293 8573 8685 8536 8396 8363 8295 7790 8195 9241 8470 8069 8531 8559 8507 8475 7706 7344 7927 8313 8191 8040 8708 8440 8011 8948 8305 8484 8740 7987 8331 8612 8271 8305 8326 8649 8780 8606 8425 8869 8197 7882 8115 8158 8239 8120 8844 8124 8630 8265 8639 8313 8055 8833 8528 8956 8441 8249 8451 8353 8199 8314 8329 8442 8747 8408 8218 7957 8472 8259 8572 8015 8243 8416 8050 8299 8839 8015 8739 8523 8410 8367 8658 8974 8281 8862 8297 8645 8843 8288 8111 8752 8528 8709 9012 8022 7958 8166 8186 8203 8706 8523 9174 8755 8253 8812 8210 8508 9163 8298 8893 8510 8128 7813 8252 8624 8215 8921 8593 8775 8293 8433 8541 8105 8551 8576 8634 8630 8416 8295 7859 8108 8366 8807 8169 8251 8127 8116 8458 8260 8346 8897 8138 8907 8909 8268 8634 
7676 7618 7910 8117 8209 7693 7685 8175 7729 7742 7442 7777 7388 7918 7684 7893 7678 7778 8354 7954 7501 7761 7746 7963 7678 7938 7923 7786 7673 7904 7345 7737 7607 8166 7715 7789 7909 8058 8206 8115 7058 7400 7525 7372 7507 7672 8317 7631 7246 7245 8165 7832 8066 8100 7791 7864 7869 7519 8024 8139 7929 7489 7256 8173 7351 7874 8051 7716 7604 8016 7771 7665 7542 8090 8191 7862 7244 8017 7169 7862 8122 8088 7828 7830 8426 7451 7515 7824 7792 8027 7874 7562 7234 7933 7764 8010 8011 8132 7506 7723 7617 8210 7739 7495 7546 7675 7383 7870 8157 8196 7824 7798 7930 7935 7975 8078 7477 7760 7719 7707 7937 7920 7624 7432 7776 7899 8382 7633 8239 7531 7915 7606 7618 8490 8327 7880 7619 7589 8284 7458 8145 7976 7729 7645 7991 7419 7901 7663 7367 7640 7984 7969 7917 8296 7903 7753 7996 7331 7367 7740 7473 7753 8383 8099 7466 7662 7928 7530 7892 7826 8438 7744 7790 7666 7584 8154 8280 8441 7546 7571 8020 7721 7792 7303 7810 7321 8013 7743 6987 7275 7853 7784 7899 7614 7558 7775 8001 8385 7920 7603 7657 7492 7835 8468 7669 7636 7905 8339 7789 7489 7893 7616 7773 7877 7490 7770 7881 7592 7684 7535 8026 7243 7718 8561 7770 7304 7735 8107 7511 7796 7798 7805 7641 7508 7740 7527 8072 8004 8167 8254 7867 7668 7411 7347 7841 7857 8001 7850 7451 8340 7590 8396 7754 7627 7687 8010 7612 7691 7442 7543 7513 7829 8452 8089 7275 7628 8119 8305 7530 7500 7195 7081 7818 7684 7328 8152 7852 7731 7938 7251 8158 8036 7371 7747 7896 7822 7814 7629 7628 7796 7913 7746 7765 7688 7139 7583 7570 7599 7247 7865 7170 7533 7681 7974 7661 7719 8244 8244 8031 7517 7713 7782 7555 7467 7419 7513 7421 7921 7856 7685 7305 7982 7642 7991 7456 7644 8259 7275 7325 7892 7465 7827 7777 7466 7767 7993 8256 7848 8094 7826 7971 8261 7436 6996 8132 7966 7687 7853 7454 7055 7033 7735 7622 8022 7681 7957 7730 7801 7740 7823 7197 8571 7641 7947 7781 7637 7538 7277 7975 7769 8067 8091 7791 7698 7796 7778 7655 7934 7862 8000 7884 7779 7527 7506 7805 8009 8248 7344 7659 7576 7559 8108 7575 7831 8197 7601 8473 8186 7877 8021 
8436 7863 8102 8306 8515 7999 8310 8356 8051 8193 7942 8296 8008 7993 8275 8405 8346 8111 8573 8058 8240 8137 8224 7931 8150 8264 8538 7693 8277 8598 7572 8031 8115 8409 8399 8230 8238 8355 8815 8488 7334 7796 7943 7861 8184 8225 8808 8074 7805 8040 8349 8285 8181 8763 8056 8339 8286 8135 8497 8588 8227 8059 7709 8321 7456 8138 8853 8006 8187 8513 8422 8045 7875 8140 8178 8395 7325 8263 7824 8468 8252 8826 8375 8323 9053 8304 8163 8218 8379 8402 8431 8246 7999 8176 8385 8192 7974 8497 7709 8160 8378 8451 8678 8012 8104 8087 8009 8311 8598 8217 8344 7858 8120 8321 7957 8361 8018 7923 8303 7930 8562 8343 7983 7846 7964 8044 9192 8010 8193 7977 8290 8132 7892 8415 8589 8368 8510 8075 8402 7970 8410 8568 8350 8009 8212 7898 7837 8205 7925 8317 8514 8142 8613 8522 8217 8279 8480 8016 7903 8524 8163 8035 8739 8139 7729 7813 8759 7804 8144 8270 8865 8181 8456 8146 8135 8655 8491 9032 7829 8365 8397 8226 8203 7717 8206 7505 8183 8306 7849 7741 8699 8487 8423 7868 7940 7762 8631 8346 8354 8207 8296 7931 8094 8712 8224 8052 7964 8867 7587 8371 7924 7747 8138 8099 7828 8456 8354 8207 8072 8159 8572 8332 8470 8532 8328 8180 8589 8460 7937 8097 8312 8052 8006 8019 8292 7605 8733 8547 8635 7994 8308 8351 7899 7916 8377 8313 8406 7684 8173 8257 8214 8817 8359 7869 8329 8587 7967 8186 7936 8194 7635 8152 9011 8286 7788 7985 8509 8624 7960 7670 7905 7746 8216 8395 8176 8094 8500 7943 8705 8152 8318 8242 7646 8048 8316 8383 8167 8203 8228 8128 8650 8541 8587 8399 7732 8211 8230 7975 7644 8658 8008 8103 8144 8575 8094 7684 8671 8904 8484 8229 8023 8116 7985 8249 8286 7587 7877 8515 8447 8061 7983 8363 8066 8177 8186 7744 8341 7923 8013 8162 7965 8557 8372 8047 8214 8477 8419 8119 8560 8345 8361 8652 7926 7892 8404 8217 8390 8359 7838 7416 8040 8139 8228 8545 8086 8463 8131 8132 8664 8223 8259 8759 8006 8443 8537 7874 7836 7800 8425 7986 8318 8551 8516 8001 8307 8220 7901 8283 8057 8071 8259 8207 8323 7791 7772 7910 8823 8547 7999 7939 8233 8661 8289 8347 8562 8163 8686 8797 7839 8363 
8319 7838 8432 8234 8016 8083 7770 8422 7851 7922 7810 8414 7964 8346 8351 7931 8071 8318 8633 8226 8174 8074 8318 7947 8274 8484 8924 7718 8215 8638 7740 7882 8017 7979 8343 7894 8170 8006 8201 8316 7347 7964 7652 7514 7710 7801 8650 8276 7626 8162 8806 8588 8200 8775 7869 8020 8174 7634 8440 8139 8322 7706 7787 8487 7668 8142 8629 8147 7951 8576 8106 7909 7887 8425 8422 8449 7318 8034 7776 8162 8050 8429 8593 8301 8848 8101 7808 8138 8044 8718 8007 8038 8040 8205 8065 8393 8252 8734 7872 8096 8325 8529 8415 7780 7800 8163 8098 8013 8689 8425 8222 7444 8043 8226 8053 8175 7980 8108 8121 8015 8012 8325 7898 7938 8188 7721 8792 7942 8171 8206 8083 7820 7935 8595 8752 8209 7971 7879 8592 7839 8219 8547 8227 8011 8110 7662 8290 8028 7744 8074 8218 8373 8325 8698 8171 8046 8150 7664 8042 8368 7901 8074 8651 8297 7850 7703 8140 7946 8111 8305 8586 8460 8226 8468 8157 8534 8367 8590 7668 8275 8303 8214 8004 7507 8606 7518 8393 8169 8051 7801 8169 8166 8145 7970 7469 7823 8410 8436 8186 7838 7838 7757 7944 8395 8306 8039 7630 8447 7829 8242 7818 8008 8220 8245 7483 7814 8304 8296 7972 8062 8674 7811 8240 8465 8200 7941 8233 8743 7913 8020 8060 7739 8058 7924 8274 7657 8577 8154 8448 8402 8129 8034 7927 7581 8106 8227 8514 7842 7820 8144 8247 8583 7891 7599 8290 8451 8071 8324 8102 8156 7845 8198 8867 8097 8073 7790 8409 8096 8206 7949 7534 7409 8123 7994 7608 8459 8292 8171 8710 7878 8174 8497 7945 7788 8394 8223 7837 8227 7860 8258 8406 8189 8251 7974 7732 8092 8320 7762 8233 8211 7823 7966 8090 8408 7955 7940 8590 8786 8315 8051 7650 8278 8171 7761 7830 8154 7818 8369 8188 8002 7739 7880 7851 7903 7873 8140 8097 8131 7844 7766 8081 8372 8509 7750 8287 8268 8337 8292 8838 8353 8327 8524 7886 7639 8227 8404 8169 8561 7911 7700 8136 8170 8092 8154 7854 8214 8273 7861 8503 8263 8199 8700 8111 8036 8404 8030 7908 7861 8489 7697 8645 8618 8474 7869 8484 8139 7967 8113 8331 8343 8549 8140 7507 7727 7971 8030 8506 7888 8002 7979 8231 8059 8066 7808 8641 7919 8738 8564 7800 8042 
7725 7555 8374 8697 8242 7669 7834 8202 7972 8078 7851 8281 8079 8089 8217 8391 8249 8318 8913 8183 8189 8587 8342 7676 8115 8184 8421 7795 8121 8719 7591 8316 8106 8152 8316 8348 8040 8361 8598 8251 7308 8031 7835 7975 8199 7987 8648 8119 7730 7913 8316 8744 8221 8716 7972 7901 8218 7950 8464 8246 8202 7965 7599 8465 7635 8162 8600 7972 7923 8572 7965 8253 7901 8260 8430 8434 7715 8230 7749 8101 8697 8515 7944 8381 8753 8399 8582 8235 8547 8399 8394 8185 8104 8244 7898 8246 8019 8429 7997 8299 8459 8434 8526 7988 7730 8341 7876 8483 8515 8166 8022 8154 8381 8286 8280 8370 7904 8227 8083 8319 8143 8218 7837 7871 8115 8339 8656 8003 8150 8021 8040 7776 7965 8495 8666 7998 8017 8088 8528 7520 8384 8717 8097 7782 8472 7763 8318 8257 7876 7927 8468 8504 7970 8543 8409 8133 8614 7884 7508 8186 7961 8228 8133 8706 7746 7744 8315 7796 8118 8287 8832 8668 8404 7806 8356 8540 8350 8718 7843 8232 8386 8218 7754 7760 8404 7683 8305 8345 8094 7897 8402 8254 8122 7818 7652 7553 8526 8477 8216 7960 8252 8035 7986 8691 8373 8070 8286 9124 8212 8136 7996 7923 7979 8158 8050 8321 8399 8297 7900 8175 8531 7746 8261 8713 8242 7578 7977 8481 8013 8268 8180 7889 7925 7596 8269 7836 8446 8536 8545 8429 8059 8396 8253 8015 8212 8174 8447 7941 8070 8199 8184 8823 8049 7808 8422 8130 7993 8033 7887 7911 7592 8162 8752 8438 7939 8006 8214 8260 7697 7443 7279 7482 8087 8255 7878 8556 8510 8012 8768 8047 8238 8359 7916 7998 8602 7829 8052 8209 8002 8247 8689 8167 8648 8240 7925 8234 7910 8197 7912 8308 7900 7923 7892 7748 8119 7971 8498 8381 8531 8135 8099 8075 8027 7906 8147 7961 7948 8356 8253 8009 7936 8195 7720 8394 8105 8287 8438 7913 7829 8166 8033 8298 8419 8302 8037 8581 8792 8179 9007 8338 8524 8810 7907 7553 8114 8337 8289 8623 7822 7475 7952 7814 8015 8362 7776 8369 7907 8106 8550 8195 8137 8723 8240 8249 8036 8113 7621 7884 8156 7877 8683 8332 8800 8122 8244 7980 7945 8391 7850 8282 8234 7857 7797 7880 7468 8245 8587 8179 7966 8064 8364 8173 8058 8079 8726 7817 8689 8677 8116 8321 
8161 7593 8125 8377 8207 8293 8398 8381 8134 8246 7945 8330 8486 8311 8378 8108 7785 8213 8855 8300 8068 8138 8213 7819 7758 8291 8408 7416 8414 8271 7363 7976 8019 8246 7881 8165 8044 8250 8317 8177 7271 7968 7777 7673 8025 7813 8405 8310 7730 8007 8428 8342 8201 8598 8198 8001 8103 8415 8249 8059 8044 7932 8085 8359 7554 8142 8378 8007 8026 8306 7941 8080 7845 7894 8243 8677 7730 8332 7851 8002 8154 8654 8297 8379 8787 7965 8085 7934 8551 8447 8498 8126 7960 8117 7824 8159 7877 8590 7907 8044 8219 8535 8256 7869 7669 8207 7838 8338 8557 8124 8197 7783 8104 7928 8238 8003 8064 8171 8268 7977 8215 8190 7689 7777 7937 8092 8216 7815 8067 7865 8196 7678 7809 8370 8722 8225 7992 7881 8564 7689 8462 8758 8149 7723 8208 7678 8264 8448 7899 8186 8299 8305 8105 8742 8358 8203 8213 8098 7572 7883 8191 7910 8359 8260 7705 7474 8392 7981 7851 8468 8592 8121 8415 7941 7955 8215 8833 8689 7986 8346 8404 8244 7859 7808 8508 7516 7972 8242 8221 7542 8052 8545 7908 7794 7440 7945 8423 8142 8177 7913 8191 7814 7994 8402 8332 8038 7781 8702 7842 7902 7984 7859 8041 8148 7912 8276 8378 7933 7756 8126 8510 8078 8343 8692 8125 7601 8220 8438 8052 8176 8192 7776 7782 7859 8202 7900 8349 8313 8572 8442 8063 8352 7948 7655 8172 8641 8436 7937 7684 7943 8165 8387 8372 7743 7941 8201 8212 8194 7944 8037 7588 7897 8977 8286 7928 7926 8244 8113 7967 7402 7672 7480 7942 8042 7922 8303 7909 8010 8650 7913 8161 8427 7999 7912 8636 7837 8204 8121 8239 7946 8449 7903 8422 8373 7676 7733 8498 8043 7961 8507 7334 8244 7901 7854 7971 7568 8482 8658 8522 8009 7742 8116 8124 7737 8093 7695 7810 8472 7975 8246 8001 8083 7901 8275 7817 7766 8412 7852 7749 8023 8071 8426 8000 7910 8046 8354 8746 8119 8404 8181 8201 8914 7932 7254 8292 8281 7808 8336 7720 7417 7959 7729 7754 8590 7898 8264 8123 8194 8585 7674 8218 8604 8444 8157 7929 7622 7700 7842 8228 8055 8024 8504 8170 8085 8332 8151 7996 8285 8530 7984 8082 7765 7854 7979 7769 8040 8515 8160 8019 8158 8041 8232 8012 8112 8612 7681 8598 8599 7763 8093 
8230 8067 8553 8489 8709 8103 7964 8549 8268 8064 7943 8737 8319 8382 8305 8024 8237 8655 8838 8617 8607 8029 8357 8232 8283 8154 8632 7753 8139 8244 7508 8197 7845 8483 8016 8283 7956 8126 8330 8167 7552 7924 8210 7620 7845 7924 8797 8202 8028 8178 8634 8259 8277 8726 8180 8339 8368 8078 8333 8399 8323 8100 7782 8543 7555 8421 8826 8276 8637 8455 8273 8069 7791 8372 8463 8547 7540 8238 8058 8059 8220 8783 8329 8517 8667 8153 8066 8515 8703 8213 8324 8141 8136 8404 7866 8269 8270 8752 8051 8172 8696 8539 8731 8252 8161 8272 7824 8345 8611 8658 8267 8136 8352 8485 8633 8112 8249 8230 8456 8083 8388 8285 8072 7946 8101 8186 8748 8187 8536 8070 8313 7998 7742 8684 8873 7940 8539 8009 8530 7963 8669 8848 8364 7802 8261 8027 8180 8421 8014 8394 8444 8717 8189 8671 8275 8411 8301 8078 8072 8150 7892 8194 8579 8329 7693 7925 8781 8007 8196 8448 8968 8552 8294 8130 8278 8474 8822 8782 7997 8623 8633 8293 7709 7611 8134 8008 8305 8516 7664 7775 8239 8592 8294 8171 7674 8013 8750 8333 8305 8157 8148 8009 8177 8419 8555 8139 8009 8859 8051 7838 8060 7882 8301 8296 7651 8365 8300 7934 7787 8143 8446 8069 8197 8891 8358 7623 8143 8678 8180 8249 8608 7672 8272 7635 8028 7783 8540 8787 8344 8308 8425 8233 8269 7798 8151 8242 8604 8191 7856 8185 8368 8823 8069 7983 8255 8451 8116 8185 8173 8028 7698 8237 8860 8428 8088 8347 8148 8740 7923 7582 7567 7641 8002 7792 7965 8625 8338 8159 8807 8318 8391 8362 7616 7995 8598 7955 8251 8198 8305 8302 8585 8375 8339 8402 7870 8070 8572 7849 7765 8468 7810 8157 8045 8261 8068 7756 8645 8684 8625 8148 7746 7874 8174 8165 7982 8133 7883 8660 8112 8488 7490 8023 7934 8165 7904 8062 8366 8104 7939 8093 8124 8430 8493 8273 8195 8575 8809 8470 8746 8072 8355 8666 8171 7628 8748 8506 8261 8709 7840 7500 7980 8026 8276 8429 8165 8595 8385 8149 8344 8179 8162 8951 8048 7935 8163 7640 7895 7975 8425 7968 8343 8514 8496 8294 8243 8276 7641 8178 8311 8144 8314 8429 7753 8078 7886 8195 8572 8146 8429 8386 8775 8529 8144 7960 8776 7875 8821 8355 7606 8562 
8305 7817 8607 8303 8728 8009 8396 8511 8374 8253 8184 8346 8173 8257 8335 8153 8346 8634 8743 8486 7836 8453 8147 7921 8458 8571 8827 7755 8639 8646 7966 8499 8074 8536 8136 8337 8186 8126 8465 8251 7291 8099 7779 7739 8394 8221 9184 8208 7624 8374 8958 8621 8403 8460 8517 8436 8168 8308 8488 8697 8255 7875 8181 8697 7894 8078 8752 8030 8221 8459 8265 8345 8356 8423 8700 8599 7803 8362 7956 8225 8474 8926 8427 8609 8226 8373 8336 8449 8615 8656 8467 8592 8213 8580 8373 8396 8176 8605 7732 8274 8320 8979 8761 8346 8019 7948 7959 8231 8766 8496 8327 8076 8560 8323 8305 8547 7906 8283 8046 8044 8418 8053 8034 7832 8181 8431 9053 8173 8422 8049 8208 7966 8011 8704 8915 8094 8315 8063 8509 7906 8633 8744 8396 8035 8524 8431 8275 8114 8041 8166 8490 8431 8382 8615 8471 8361 8673 7989 7900 8204 8631 8088 8420 8365 7892 7714 8568 7811 8140 8173 9076 8328 8162 8220 8273 8398 8768 8756 7994 8256 8859 8422 8075 7943 8406 8121 8219 8366 7826 7878 8482 8254 8251 7975 7689 8055 8648 8370 8544 7925 8510 8369 8236 8798 8393 8263 7955 8815 7955 7977 8383 8103 8311 8216 8003 8232 8623 8256 8001 8373 8534 8037 8487 8701 8454 8073 8417 8614 8169 8487 8291 8110 8181 7967 8440 8023 8487 8306 8496 8679 8056 8440 8527 8235 8382 8545 8664 8070 7988 8219 8149 8607 8491 8146 8484 8587 8098 8442 8015 8200 7747 8126 8891 8463 8303 8351 8205 8538 8119 7648 7562 7777 8296 8267 7484 8409 8810 8045 9025 8482 8583 8496 7991 8315 8468 8099 8174 8025 8176 8471 8583 8430 8851 8505 7899 8080 8468 8391 8184 8379 8023 8259 7930 8303 7994 8173 8411 9076 8399 8097 8094 8359 8003 8195 8155 8097 8201 8269 8436 8555 8007 8065 7958 8523 8376 7932 8480 8076 8220 8538 8080 8196 8359 8307 8270 8799 8823 8193 8788 7774 8270 8808 8393 7331 8518 8315 8376 8770 7920 7826 7656 7871 8379 8429 7776 8245 8184 8408 8745 8046 8651 8627 8415 8435 8349 8183 7721 8046 8563 8221 8580 8533 8864 8308 8132 8222 7971 8486 8188 8109 8512 8162 7741 8280 7607 8077 8651 8154 8322 8310 8190 8280 8173 8208 8660 8041 8774 8756 8093 8356 
8390 8247 8360 8943 8645 8139 8100 8725 8377 8281 8175 8889 8637 8396 8564 8523 8401 8469 9252 8694 8575 8420 8196 8002 8608 8776 8856 8128 8640 8812 7805 8440 8216 8424 8568 8758 8474 8443 8809 8474 7593 7992 8267 7911 8493 8227 9217 8744 7864 8280 8680 8979 8286 8976 8265 8726 8443 8398 8243 8779 8111 8452 7957 8783 7711 8653 9195 8445 8230 8458 8679 7985 8386 8384 8818 8957 7902 8669 7985 8552 8449 8973 8784 8885 9379 8308 8500 8267 8678 8807 8617 8443 8547 8530 8352 8478 8484 8575 8054 8342 8621 8864 8729 8290 8175 8308 8256 8494 9056 8569 8194 8446 8652 8557 8516 8519 8466 8557 8555 8249 8429 8295 8075 8117 8362 8426 9187 8159 8825 8258 8160 8094 7908 8881 8987 8426 8451 8502 8825 8254 8919 9088 8666 8254 8906 8254 8352 8586 7865 8442 8374 8801 8441 8975 8527 8706 8588 8600 7892 8569 8515 8355 8568 8592 8064 8062 8836 8087 8435 8683 8980 8617 8500 8540 8451 8708 8882 9115 8143 8666 8854 8665 7910 8094 8561 7892 8615 8831 8481 8221 8592 8580 8349 8529 7995 8138 8849 8760 8644 8435 8719 7848 8558 9101 8769 8195 8406 9138 8523 8226 8228 8149 8257 8234 7774 8396 8623 8364 8087 8526 8834 8597 8783 8921 8666 8297 8651 9124 8366 8330 8783 8207 8216 8138 8823 7915 8880 8942 8906 8388 8716 8560 8135 8195 8382 8664 8655 8344 8093 8393 8477 8839 8583 8105 8715 8656 8780 8501 8406 8447 7885 8611 9110 8865 8219 8514 8834 8524 8144 7944 7956 7950 8543 8192 8122 8880 8565 8309 8886 8550 8593 8556 8249 8534 8643 8129 8787 8466 8442 8493 9120 8416 8624 8522 8281 8361 8413 8093 8452 8679 8245 8407 7952 8476 7895 8218 8957 8803 8833 8334 8335 8318 8385 8250 8222 8227 7837 8737 8281 8423 7903 8402 8196 8634 8425 8238 8434 8385 8247 8707 8294 8764 8395 8034 8268 8941 8997 8518 8754 8471 8963 9251 8403 8182 8760 8404 8856 8753 7945 7691 8143 8246 8455 8561 8061 8955 8434 8448 8550 8489 8445 8973 8596 8757 8558 8421 8158 8271 8806 7888 8861 8968 9054 8543 8560 8624 8470 8444 8409 8973 8520 8565 8421 8147 7893 8178 8973 8394 8418 8370 8659 8692 8535 8144 9000 8179 8556 8627 8280 8493 
8213 7980 8349 8658 8586 8255 8453 8526 8387 8088 7962 8211 7987 8455 8496 8444 8257 8236 8850 8428 8035 8100 8528 7668 8668 8588 8577 7729 8028 8684 7740 8212 8350 8387 8573 8495 8288 8409 8426 8567 7395 8356 7810 8017 8386 8137 8846 8139 7844 8375 8401 8667 8381 9017 8097 8224 8140 8238 8597 8386 8368 8478 7980 8323 7712 8288 8611 8527 8310 8396 8237 8029 8104 8343 8221 8328 7768 8494 8159 8365 8461 8868 8082 8415 8823 8177 8048 8358 8664 8828 8283 8218 8046 8398 8301 8324 8391 8474 7990 8098 8405 8583 8399 8122 8093 8403 7925 8296 8763 8527 8079 7999 8356 8512 8209 8285 8098 8189 8572 7790 8617 8599 8018 8230 8049 8486 9078 8328 8203 8171 8525 8306 7731 8609 8998 8453 8652 8250 8896 8034 8748 8555 8630 8018 8863 8010 8520 8306 8186 7928 8403 8737 8696 8922 8625 8460 8619 7998 7836 8395 8176 8345 8416 8275 8250 8165 8650 8113 8221 8283 9039 8372 8581 7890 8281 8454 9024 9211 8021 8105 8756 8274 8426 7925 8344 7535 8213 8350 8283 7985 8470 8214 7940 8113 7620 8016 8712 8504 8656 8335 8152 7832 8302 8778 8537 8265 8075 8917 8144 8224 8147 7917 8248 8484 7870 8458 8340 7907 7944 8043 8766 8324 7971 8805 8546 8148 8294 8667 8041 8233 8292 8295 8236 7594 8473 7795 8664 8531 8687 8496 8484 8391 8266 8114 8435 8242 8992 8183 7708 8715 8524 8655 8177 8090 8644 8613 8350 8353 8235 8132 7897 8133 8966 8391 8122 7994 8368 8665 8043 8071 7712 7627 8490 8329 8236 8808 8603 8164 8887 8196 8441 8245 8220 8232 8699 8277 8383 8492 8143 8253 8631 8525 8425 8305 7792 8393 8357 7990 7951 8468 7727 8008 8107 8583 8098 7720 8779 8962 8806 8044 8316 8116 8121 8190 8351 7889 8040 8619 8494 8196 8129 8500 8178 8239 8009 8038 8339 7951 8293 8552 8109 8588 8251 8249 8364 8123 8843 8415 8669 8370 8538 8663 8292 7755 8357 8462 8507 8758 7825 7590 8123 8097 8231 8489 7759 8353 8423 8132 8812 8386 8628 8918 8165 8450 8417 8276 7900 8207 8549 7944 8668 8768 8626 8375 8100 8250 8050 8406 8391 8508 8663 8206 7827 8234 7828 8223 8627 8232 8233 8285 8182 8675 8093 8269 8563 7930 8602 8959 8171 8276 
7986 7451 8295 8491 8094 7894 7902 8316 8234 7911 8134 8664 8247 7871 8281 8195 8237 8275 8281 8443 8086 7990 8193 7596 8114 8365 8210 7789 8329 8278 7549 8368 7934 8234 7805 8016 8075 8203 8177 8237 7399 7965 7531 7618 7873 8291 8889 8310 7720 8279 8645 8324 8001 8460 7893 8021 8268 8277 8103 8628 7920 7733 7489 8504 7768 8445 8769 7980 8171 8484 8261 7666 7995 8456 8106 8672 7228 8111 7849 8224 8182 8604 8298 8111 8447 8203 8031 8304 8324 8340 8303 8069 7987 8232 7928 8175 8104 8574 7843 8391 8530 8483 8140 7854 8258 7978 7846 8202 8716 8226 8052 7777 8246 8040 7825 8161 8159 8056 8476 8351 8461 7982 8155 7423 8569 8230 8691 8205 8238 7804 8492 7916 7572 8776 8841 8226 7996 7917 8164 7916 8376 8684 8347 7781 8191 7713 7910 7969 7695 7861 8265 8361 8218 8436 7804 8211 8292 7936 7644 7888 8044 7830 8233 8585 7742 7689 8576 7804 8123 8642 8764 8438 8607 8311 8319 8275 8297 8960 7571 8326 8334 8192 7882 7552 8247 7763 8036 8528 8078 7690 8047 8321 8380 7915 7729 7627 8442 8206 8133 8190 8032 7687 7688 8997 8271 7974 7818 8625 8011 8237 7819 7780 8371 8351 7744 8109 8350 7963 7770 7991 8398 7576 8265 8516 7877 7763 8279 8578 7719 8205 7887 7719 7842 7850 8267 7638 8679 8539 8380 8078 8048 8026 7793 7776 8013 8219 8527 7700 7905 7915 8325 8803 8227 7872 8233 8106 8037 8330 7646 7949 7941 8437 8932 8183 7651 8036 8268 8326 8141 7370 7519 7522 7933 7904 7922 8737 8180 8084 8572 7930 8061 8043 7676 8101 8244 8410 8328 8083 7982 8041 8178 8224 8435 8187 7681 8087 8050 7953 8103 8389 7376 8029 8264 8810 8089 7800 8516 8634 8344 8076 7728 8077 7674 8000 7898 7750 8178 8245 8366 7688 7994 8060 7719 8382 7945 8034 8517 7992 7632 8251 7993 8382 8004 8000 8180 8544 8689 8139 8566 8146 8442 8765 7915 7148 8035 8174 7897 8494 7550 7453 8122 7869 8160 8316 8289 8414 8048 8204 8489 7911 8133 8392 8002 8228 8324 7817 7525 7483 8342 8117 8486 8645 8180 8039 8159 8126 8081 8219 8211 8141 8200 8132 7745 8007 7640 8100 8594 8017 8080 7928 8206 8131 8149 8123 8528 7879 8421 8483 7879 8080 
