Matrix size: 300x300
Number of threads: 12
Execution time: 0.534482 seconds
Resulting matrix:
456 183 -157 -766 476 69 753 -84 -366 43 1175 909 -159 511 960 -666 -44 -279 1362 -973 119 278 -413 608 812 746 -134 -698 -197 -208 -481 -1379 548 669 -542 260 271 302 792 -686 -115 -116 274 637 -577 -316 1133 270 -832 554 -267 -2117 699 -791 -843 -542 -13 293 -252 1150 -409 -964 -427 1007 319 174 1139 -57 454 -586 -582 1142 -1218 50 510 652 -126 726 767 223 -150 -936 151 1034 490 246 86 107 441 -475 -19 287 -1023 -433 6 -126 403 -255 666 -202 795 -569 -549 518 -155 -199 -168 179 -247 911 -58 -1048 -183 970 668 528 127 -721 -1511 -105 -522 421 920 788 -1076 211 -34 593 844 809 -647 -65 61 23 -803 1342 406 496 379 -405 -535 -481 -598 650 -684 -485 -342 -851 164 -42 -122 -1040 345 161 860 14 1447 -70 921 -2 350 -41 119 -116 -364 551 -157 1081 -961 92 1196 -102 203 418 -11 494 -225 623 -1422 1282 -1 337 -389 1124 -243 46 -420 407 -364 715 -204 128 494 -142 -713 -303 738 -41 581 -741 -47 -423 -196 692 -459 -160 638 -273 486 170 977 -1386 -1061 -786 -1071 -210 1685 1055 327 101 -604 -843 -476 -161 8 -223 83 101 -181 525 287 -207 -286 1389 -605 -561 1176 182 -318 294 284 761 -445 -490 600 -164 -1737 -684 1813 270 -288 799 -594 8 -32 -399 949 -747 144 -430 -254 696 839 -441 595 -91 144 1094 1036 -750 -206 292 364 282 -1075 -385 -757 934 -313 49 -6 28 -950 530 265 -144 -112 228 123 -34 340 164 -598 -521 389 462 462 -667 565 -55 
45 225 1024 273 688 1081 29 554 -659 497 -330 59 259 907 595 -55 -284 -294 -1146 260 -144 -359 82 -377 -805 -1242 -312 664 459 163 451 626 369 611 -123 -1473 287 486 -298 -1626 182 -500 26 920 208 -986 -512 -542 63 126 -899 -632 846 671 -116 -137 -607 96 524 -343 222 -388 -176 357 341 1067 -432 -739 512 -225 -268 -979 -624 -398 -814 -206 -35 659 -188 682 -338 68 1032 10 255 0 383 255 -787 165 13 -1387 60 66 445 -682 -1156 378 22 427 -709 -492 -1040 -495 174 31 19 1047 448 849 1246 1332 -659 -770 420 556 127 50 108 449 -303 -352 -246 209 471 454 -1369 826 -4 -27 558 -258 -174 421 -15 1384 182 317 -603 1153 411 636 327 -7 -239 635 -1355 711 646 616 -757 278 -258 -1018 514 -933 242 254 -402 317 -858 -29 -842 -35 157 -252 254 527 452 432 -131 495 -514 1289 -190 -156 -290 -855 524 -810 -64 -17 -243 183 273 -121 -120 -758 170 -43 857 -190 552 -1049 751 1266 -336 -380 -213 1809 699 -76 510 -252 -595 -1474 -1661 166 -1506 -248 8 130 97 -451 336 -18 -328 361 303 465 146 1283 -1327 702 -21 560 -620 -986 562 -530 -390 -709 -39 -463 -892 -649 299 -22 362 148 118 -350 407 -792 153 9 485 -176 -91 -644 -893 -391 -37 384 876 323 -513 -29 402 562 -574 -212 497 -871 -1069 -706 703 -222 208 221 -626 222 -292 -194 -829 756 -69 1462 -536 -4 124 724 1614 811 273 -1115 -397 215 -342 242 43 -682 795 -155 615 1225 -550 -589 -1086 -138 
-747 304 304 64 -75 59 -846 -46 -1483 -240 -866 103 -849 521 297 230 -868 307 -597 -452 454 1175 74 -31 498 -924 339 -394 -681 -1449 -352 -1243 94 -815 -273 -188 357 -679 42 404 721 -1131 343 185 -544 784 88 529 -260 -159 -44 -736 1332 451 -898 41 -438 -606 -355 -94 -1525 66 668 -1318 -419 372 -679 -124 -120 -93 454 649 868 745 -843 54 -267 -425 805 1044 329 -343 -1177 -600 127 480 -133 -103 566 224 334 -821 -114 791 714 850 -294 72 -394 1269 467 -1457 -823 -873 -75 -281 -173 -33 -338 1399 1086 -659 -230 573 629 -1404 971 361 -601 466 -929 910 183 -768 -313 -170 -354 1182 142 123 936 -113 735 -269 22 1374 719 90 -282 -58 357 -87 633 -829 -1286 -703 -254 -675 445 842 -270 237 227 378 -1034 -628 555 -1633 -489 -449 -7 977 512 266 1115 1538 -486 -212 -135 448 -360 -660 716 -169 113 775 328 -1017 -621 791 -687 -220 -876 889 -569 473 977 -629 -812 58 1370 1340 -233 -106 -1211 -729 -743 -511 686 246 -108 -580 788 -108 -938 -1023 160 -784 62 -387 590 -316 -522 93 -1345 -253 -480 404 -738 464 197 845 -26 -670 -25 421 -437 -38 -1331 -281 319 508 386 233 236 172 -780 196 -381 -28 -675 -137 286 -223 1222 -433 -826 -49 -103 -42 -164 613 -534 845 -521 -25 188 788 303 -344 -449 486 -503 -101 -514 -233 253 -813 399 -315 -1182 341 -339 54 -1144 422 364 654 204 439 973 158 -753 -784 219 -899 -1393 -633 -154 661 518 -681 894 421 201 -697 317 -608 507 582 
-684 43 726 -540 726 1389 1061 822 7 618 -802 381 724 -664 -938 -1120 931 -830 170 -485 -30 487 446 611 -56 281 -684 282 269 -405 -90 81 128 -160 1319 -539 5 450 -590 817 -908 433 -1075 291 642 793 -791 -497 398 -856 -358 -1669 -1062 -387 -674 -1779 -70 1395 370 -606 749 -249 328 -199 1325 1296 -158 197 228 -450 -897 679 309 -73 -606 -32 -342 -940 -23 -608 35 -824 271 525 876 831 -406 451 -476 -1254 624 -793 149 589 -118 -742 -574 -651 879 -671 -473 430 -998 -635 -320 -164 610 -799 108 382 -173 562 -407 -101 -1104 159 321 806 8 1084 156 -1112 -31 111 199 -149 -839 301 176 -665 22 828 -1072 488 1138 -115 -161 215 167 -1032 1297 -526 709 -1094 1413 262 801 -131 -1044 101 205 -297 -1734 -377 -156 -180 290 116 875 1077 -1036 -1282 258 -625 -515 1096 -209 170 -617 818 507 -278 397 -706 -611 1524 -346 -1213 259 296 -659 907 668 323 595 698 508 296 242 498 370 128 -294 -749 101 -657 -330 -1191 -730 -973 -581 758 381 -284 774 -77 -645 48 -148 -107 57 -128 424 777 488 -556 200 -49 -18 455 -964 142 682 693 -277 91 -617 1025 920 -690 145 -44 503 467 276 -428 -329 -576 86 318 281 705 -67 -397 -154 -165 134 -345 -464 243 -52 513 -24 -496 445 265 -730 1721 185 611 469 735 1089 870 -376 -37 57 -212 -1238 388 -310 -492 -437 -25 -89 -1104 -141 -153 -836 -717 889 -549 173 97 238 -64 -86 652 -113 1002 -265 134 -157 -504 -560 50 200 415 -342 -1433 
-233 -894 -214 -956 677 239 292 635 537 -40 -1123 -606 448 -655 2065 -537 -641 -230 300 -609 -194 -1528 980 155 323 -381 -178 -563 898 194 231 -586 1819 -311 414 -239 671 -154 -219 -98 118 -58 -1225 460 922 151 736 51 20 -334 -419 -164 -816 239 342 1582 719 459 472 1005 609 -327 -411 -315 305 638 -45 -370 -108 195 -125 -1543 720 -92 -929 521 -1318 -796 234 -216 792 -708 -211 1334 283 977 283 -203 -110 406 -141 864 103 766 357 131 288 201 270 -541 1520 991 -50 -131 678 -390 -469 -1294 -971 773 349 -389 460 811 117 464 183 335 1252 -1134 -1117 -147 -565 430 -608 263 22 1226 2 103 -613 -6 -269 248 -368 188 935 -1420 253 -303 216 -810 376 10 -834 -203 85 141 -168 -1366 -723 -653 329 59 -75 -340 -76 -651 760 522 35 1179 -1092 812 208 -447 -618 610 -539 -484 437 -471 482 -1472 -853 -642 481 17 -538 1043 3 1009 553 201 258 -31 -893 -68 -92 -126 712 493 933 -910 -241 941 1312 -1139 195 -507 -650 133 -500 -416 -127 802 -66 12 82 -36 1043 435 -624 -89 202 -212 -48 338 -716 621 124 938 -1026 58 1275 -560 122 -910 -246 659 493 -109 74 824 60 -661 724 -167 440 2 706 289 1625 384 -1068 118 343 56 -232 -257 -910 1087 -16 92 -1010 -583 651 442 1353 -540 1050 -270 160 715 -60 1152 332 -779 -165 -41 -1017 -111 1014 -388 -850 -10 -700 612 -770 862 91 -692 605 736 -244 834 48 -1006 -107 322 553 -653 329 347 97 4 434 -1185 -161 -140 
449 -1200 -374 367 -29 304 684 156 971 -365 -588 1561 757 -402 -296 500 -817 -283 873 -619 -1388 41 1097 416 -430 110 71 -594 805 -914 79 -668 -156 330 633 -959 89 -405 259 -8 -368 -335 544 -428 -436 -428 -194 146 499 249 541 959 -61 283 -1201 379 90 -48 -306 -910 -760 421 920 -1517 -303 -184 99 869 -156 659 -362 -547 286 95 -756 -281 409 875 348 207 415 91 -972 1465 895 1339 936 901 873 -624 -348 746 -291 -414 -648 -726 177 -819 531 314 -228 -367 -428 -664 251 607 -617 -206 -100 -832 961 256 497 -433 123 522 -632 -1338 -2153 168 491 206 -318 -601 932 1312 423 -278 323 729 -182 697 -460 435 -281 28 -206 -925 -19 477 -328 632 -60 -35 -346 541 414 648 539 97 -1067 101 -189 477 609 608 -147 -1098 22 417 -87 363 517 461 -662 -636 -920 -625 -201 675 294 481 1383 342 -617 -453 523 -376 4 636 297 470 224 541 112 277 535 -53 189 494 1003 810 104 169 -191 -50 224 -198 324 -777 522 513 81 -264 110 114 -63 314 248 378 -277 1026 -795 1078 -1011 332 163 486 673 520 1102 132 -778 -610 314 421 571 -653 -397 310 -254 -703 558 -253 -47 -1545 -486 1139 -555 848 -229 324 -16 -612 -163 523 -364 673 219 -330 -160 208 264 437 -832 1733 479 -113 -351 822 -124 -613 9 129 225 -55 813 381 85 55 -333 -430 1136 -288 154 731 207 1876 1356 -1188 94 -344 450 355 90 26 1051 -572 -1404 1177 -55 26 -687 386 -281 -1139 645 313 471 352 
-236 -617 -1154 355 16 214 336 306 -224 637 -717 -408 -559 -677 349 373 1000 779 493 -45 198 -84 -274 31 1089 -1030 -10 1696 -96 -514 -32 -87 -1010 554 -443 444 -332 352 254 97 -49 -152 588 479 1075 -339 -672 493 412 -265 -83 747 598 769 359 462 -466 -214 436 -358 -226 -494 870 -75 -483 375 -401 117 -667 -275 150 1094 249 854 267 388 1417 -292 142 92 -419 -60 360 -181 -285 151 1237 858 -1967 -638 -253 63 225 506 -677 -58 488 -391 -566 36 -1246 -557 937 522 720 474 261 124 797 -1598 -220 -517 -103 -80 -150 964 -392 40 -282 -1659 -56 806 -1041 677 -160 -598 -822 -149 -929 654 -231 -515 -1323 870 -455 1131 -347 502 216 248 1262 197 -548 48 -694 981 265 9 -520 232 -144 1180 -905 1147 926 -252 -94 870 -1361 331 181 -201 -980 -676 -1285 -267 478 -38 -1289 -645 281 -275 -193 -81 589 282 -579 419 589 -326 149 187 569 -426 -398 1474 -497 297 -555 1496 -31 -1452 -621 -589 228 -519 115 -599 -114 -823 158 737 138 601 -837 826 -1158 -732 -6 432 189 -979 -962 -153 -179 1300 978 192 631 723 127 -782 -74 -280 564 612 428 -717 350 -575 -548 51 939 -964 -5 934 -444 200 424 -209 -509 -183 -196 -621 190 1141 -71 -985 120 54 178 232 213 -875 602 -184 -50 704 59 -414 633 33 42 500 -84 429 -1049 -610 -897 11 1163 835 533 -433 22 -713 -1709 -58 -37 205 922 -862 -1145 -20 -54 316 1167 -1003 683 1714 764 290 1081 -196 734 813 -282 865 -8 -1134 
769 1380 -199 727 -765 220 321 137 568 124 501 -386 -92 -752 1116 -197 -443 884 -177 -372 886 -126 -712 -1202 580 748 237 290 724 -1124 -20 507 -215 -1021 -1225 8 -1095 -444 96 776 -273 -685 301 1187 -1067 -625 877 -304 -1002 883 120 -328 -437 971 522 -470 -708 771 1248 188 123 694 -388 25 537 756 249 -516 552 -140 -663 -368 133 -489 963 -565 -665 725 -280 -553 -1100 -28 -312 786 41 64 -971 -291 102 18 951 1234 -79 -395 361 354 79 -232 490 -814 -539 -227 1010 1394 251 273 145 -867 718 -1241 -831 -532 813 76 356 -153 -1123 -1103 229 1055 -434 -271 540 497 879 219 -26 -1437 -66 541 -490 -464 -96 291 390 492 -580 -775 519 -813 -271 -134 70 423 -287 -195 294 654 -34 32 838 23 440 -1117 263 -798 -363 -212 124 -1017 234 423 -422 673 -514 -1249 -103 634 -1189 0 -471 390 -630 811 559 1528 368 -477 -18 -453 611 -1147 192 -1163 -245 1216 -871 530 -747 -70 27 897 -91 817 522 -570 387 1354 558 -51 -790 459 145 -693 576 103 -1225 652 -361 253 334 356 562 -475 -408 125 -304 28 -63 -78 -568 -1340 330 269 138 993 -338 -329 -78 289 921 -1204 -1531 -1123 1556 716 1061 963 -333 -929 -201 -77 578 911 513 98 525 328 -1117 678 869 548 713 -1278 45 59 656 -984 443 278 158 -317 -294 392 1 -932 0 -12 -732 -131 348 -125 394 -759 885 628 -288 -629 -119 568 -730 422 -64 -457 -295 -226 -433 814 -485 -504 -543 -1350 133 -655 -474 125 -321 192 839 -50 
1154 42 -27 -487 27 -1153 -369 430 -51 251 1110 608 689 -371 59 319 127 -109 608 -370 689 -148 830 850 -997 533 438 793 -831 -1 -556 442 874 755 -154 464 -356 395 -68 265 -29 -374 -314 -504 -225 273 370 -61 552 -105 367 -254 -51 -134 -379 381 133 530 836 213 829 -678 -953 550 1277 -777 223 100 -859 -1015 -620 515 -252 -654 1162 -364 -594 482 461 54 -110 -722 -642 473 549 -39 -1381 -547 969 56 96 330 43 -574 434 1500 1245 -1050 -925 -120 797 342 1310 880 -1058 843 758 -732 316 -763 22 -447 644 -505 1281 -11 -360 424 -872 -381 32 169 -545 299 -557 1259 -358 -533 -96 -470 -53 1077 471 36 286 192 -245 422 -1420 733 -173 -696 234 -857 986 -307 -224 570 -589 -958 197 -744 707 -167 -460 61 422 -482 452 -276 -419 -692 171 -291 468 -311 -1131 -388 265 621 460 669 965 -581 223 448 -225 39 -491 -20 -197 98 428 -1018 -628 -75 421 478 231 -1134 640 -1003 -828 586 -151 315 1063 -432 700 105 -792 -347 -207 -295 638 -71 -683 -28 510 -384 -142 10 -606 -350 -437 194 -832 -566 -380 410 -954 899 -177 591 1105 488 -72 -456 -1718 -573 153 -615 -1058 270 109 364 227 -472 -407 -43 91 516 -828 -291 988 -622 -27 438 -365 -42 355 352 -28 871 611 754 -908 1096 857 548 224 -195 -659 -401 -463 257 -80 944 -608 122 455 -961 -205 -1343 907 147 -748 -586 39 32 491 -574 -124 226 551 -1691 -179 101 206 -373 154 766 -1042 439 -441 -144 -214 -768 69 -360 
-764 139 202 -318 -850 177 -141 382 -488 -719 255 -809 108 -402 283 -1457 122 670 234 135 219 276 884 155 -131 -1317 -1419 210 -628 466 771 386 -272 729 825 -647 570 436 41 -19 849 -129 367 -1118 723 -137 -140 157 38 120 562 837 -539 407 582 -214 347 331 -545 253 -173 -290 -538 526 46 -262 -108 242 -580 -686 744 -991 -250 -665 1087 -1367 800 -99 -7 664 64 589 669 689 1022 293 1364 -1351 -106 -3 -322 -377 -754 -268 966 600 26 611 384 -316 -106 1211 -431 -443 -184 -413 964 -155 1061 221 -86 -510 719 -126 82 583 -162 1577 -627 840 317 -85 1154 -632 -185 785 -46 1217 388 -375 892 339 -243 312 -282 1322 -651 -511 -566 -486 875 89 -623 -277 1461 -259 -1250 -343 342 -329 -121 160 67 421 -70 -238 -183 -109 -247 5 259 -809 163 345 -190 -296 -775 -159 339 -26 82 1047 -1047 -604 -235 -1668 -224 683 -639 -970 36 -259 1458 675 -115 263 82 -298 -40 80 705 846 118 -975 498 590 -130 -435 789 -268 423 -139 -549 -319 -19 710 706 -547 666 -446 -18 -426 -544 -219 568 -145 -773 357 -740 492 -140 -126 292 -1446 216 -426 -115 -290 -412 164 634 153 807 -63 60 -1078 141 451 1039 21 383 449 710 -575 320 -450 222 826 886 -92 873 -652 -389 -801 -349 -415 -164 -514 403 106 879 343 664 541 -398 -935 862 -486 753 -637 -51 281 922 1470 107 -140 -277 -262 567 43 677 -138 1244 1296 639 -118 635 -599 460 96 -464 1135 255 -33 -16 972 545 1329 930 67 
-596 652 -607 589 -102 -233 315 378 347 -467 838 1459 296 -260 -439 -384 1358 45 -353 1697 730 -451 -284 -924 -6 -826 474 -889 -188 -300 -850 635 -12 -83 -913 -174 -459 683 -741 94 20 -136 -50 520 618 264 509 455 638 49 500 -774 22 -90 76 926 -316 586 308 -1484 -415 -185 288 -789 -36 -810 -298 1177 -715 -370 645 558 -216 -169 1447 -377 -195 615 -871 -726 -455 -555 -693 -738 -620 -603 -741 162 511 524 -67 -594 167 27 925 -431 129 -454 -43 1032 -1081 -567 -300 -741 -630 -674 -690 -350 -774 538 162 85 727 -200 1687 721 -1564 -1031 304 -849 -230 -989 196 -751 987 1291 -1848 -562 -65 349 522 -71 635 -68 -595 -289 -604 -470 288 577 -806 251 -556 271 988 -1322 -321 -768 -612 -105 173 -315 -846 -1064 -631 230 -642 78 -336 -269 780 -251 -85 -149 -316 -547 -1326 36 531 321 380 -599 146 -648 552 -567 -28 -1023 -1124 824 -107 210 -895 -169 194 -1192 1189 182 454 -436 91 -501 -1102 138 854 290 1026 1268 -507 -938 197 -522 311 -147 -513 -1191 -429 85 -781 -926 -987 -65 -76 1443 -100 -1578 -457 -1837 -447 880 -95 839 470 967 697 -860 -60 -425 -112 -422 -886 162 -259 -179 -29 -853 496 244 -399 311 -727 -723 -587 -419 269 320 1091 843 -949 801 162 -1926 606 413 -619 -784 -308 -268 -217 82 219 -387 -277 247 82 -436 -774 -905 -154 -137 249 -455 -648 -666 1573 -114 388 -83 -1627 431 71 -1389 133 -842 517 1188 673 -102 -36 178 -212 -402 -548 -66 -831 5 9 -355 316 -30 
-20 688 -71 -302 -937 -1442 47 479 759 67 -409 -609 -292 378 -511 764 1506 64 1291 1135 -1117 480 -410 1174 -477 949 -36 940 -1130 -597 52 494 -259 906 -231 -752 -407 -66 -588 -599 -1023 -265 529 -205 -474 -485 -387 359 215 -219 -169 -337 -234 253 -852 1042 -116 74 208 -8 -299 20 -623 -350 1523 590 780 -314 85 -160 420 467 427 450 -1371 202 -385 -739 698 -699 -709 -914 64 596 -162 515 -1502 -240 477 249 260 -156 517 1237 -759 893 -1131 623 233 909 106 166 232 44 311 -464 -381 -968 24 -611 -181 193 374 312 171 1814 353 80 189 389 -154 680 1320 160 679 -505 851 -238 210 1222 968 304 -761 257 -33 607 -1023 -474 940 203 -820 -88 -454 -254 431 -424 -848 -343 -126 717 364 478 -134 -43 -32 135 1016 532 -10 -148 831 1245 1182 -350 553 918 327 -87 131 -472 -386 930 703 1107 255 696 -457 218 -345 -154 -11 -627 -18 325 978 294 -258 -480 -159 -413 -460 -596 275 -724 -184 232 -680 -269 391 1074 221 -433 1232 -91 613 292 -66 682 -489 -722 680 291 220 1390 -883 0 -383 3 200 173 -229 -1082 -831 -270 976 -491 279 1107 165 -31 1454 -178 638 -382 213 -159 601 435 -742 740 -497 264 -367 -219 508 18 1421 93 -1525 -1212 570 -1 673 -379 -696 552 -162 -518 -1685 611 250 -485 -397 -187 1065 62 380 91 1152 275 961 -969 833 -596 -292 230 -270 -897 -686 -141 -1109 -175 -371 -321 419 466 -758 195 574 22 319 655 932 -151 -7 -536 752 -301 16 -130 
473 272 203 474 -589 -276 -926 125 435 -569 -176 -384 -950 -304 -1039 447 -827 -692 923 -12 -882 -385 -461 441 -831 696 -849 -448 -21 -198 -292 426 -817 -273 -416 -432 -308 -309 -572 769 -706 498 375 -1301 1028 -312 -603 -612 573 -481 644 28 1170 -678 110 366 485 -65 -92 482 1220 310 -89 149 1075 857 836 -107 -193 -406 -953 1030 855 261 -621 1399 269 -794 -30 711 66 -526 277 -362 517 455 160 114 -290 411 1414 -554 -187 -1017 -224 -422 -48 -443 -538 -205 -69 10 6 -766 879 -164 594 -820 -87 -594 -524 -678 953 -1217 354 -168 -327 -738 604 526 -105 702 -274 -345 -224 -10 3 503 182 -778 -129 -1284 365 -364 -1608 -155 -177 407 341 585 -241 -478 -208 422 520 -12 -479 673 101 -818 347 901 -272 1646 553 -1167 1229 733 201 -364 785 183 -61 1239 -110 330 671 -505 303 638 -168 -1184 -413 -183 801 -206 -372 1352 -763 260 -359 -303 1550 963 175 447 -288 817 250 23 -50 61 -276 -367 -683 972 947 132 278 942 -279 910 685 436 941 422 -64 868 -266 334 -253 500 -193 -46 -729 762 1268 298 -170 518 -1254 -522 -797 469 1023 -352 -310 166 436 175 -856 486 -277 860 442 -457 -45 -373 -613 -821 -316 634 -701 248 144 619 -150 7 93 -24 -1043 -146 -773 446 -1012 -62 438 -595 369 816 351 -301 434 1080 -19 264 -698 -1747 -615 460 -75 -939 -873 -574 -194 35 1651 -325 -251 12 -10 120 -445 -504 -882 536 -79 -479 -209 2083 -230 972 397 816 -463 -471 -963 49 610 9 
430 1348 1071 -28 -104 102 -148 188 433 622 -366 40 -869 -76 1564 190 -159 -166 -1070 -178 875 -298 285 -451 -107 731 -158 -296 75 -1098 -1241 268 1214 -764 337 669 -372 -249 -1068 -52 -674 458 572 646 226 -84 1044 -289 -440 862 258 -484 26 105 944 727 -571 271 -129 609 957 56 -337 -325 -170 34 99 166 115 373 -280 -96 -791 -811 335 -74 352 865 436 433 -830 416 -965 -527 853 633 726 -312 -492 392 -484 361 -819 -26 -220 -192 1165 35 563 -424 -295 8 -635 -170 -449 30 785 -1457 -385 -877 355 -244 306 621 -539 -6 -784 -566 -53 613 -828 1367 362 527 154 799 -428 903 1253 -669 360 -1172 173 -56 -647 -8 -232 -462 -14 -151 -357 -271 -415 361 -85 -1590 479 474 51 595 -425 1232 -1381 523 -523 -1004 -151 716 1247 -85 35 622 59 1358 458 -743 156 640 -782 662 -263 175 539 -1591 -1188 722 -739 -784 -790 -130 -687 245 1243 -764 1282 -399 -248 207 949 622 148 758 670 21 366 339 -190 26 909 -302 1007 842 -167 -107 287 644 -1356 576 536 1875 -315 151 -28 -421 -1058 399 569 -96 -436 -1180 -996 -270 606 -991 569 276 317 -438 -102 -776 1384 -39 565 4 -70 -390 250 160 284 -1142 403 187 163 -485 706 -135 -259 -156 -582 -108 420 1586 134 445 337 -48 -107 -432 -460 542 1016 -433 -1276 269 605 223 214 -420 -257 328 -82 -136 1048 725 -714 1539 -281 121 -177 1115 36 416 -455 699 57 665 537 -388 742 974 -1037 366 1031 793 158 164 -70 26 -249 -873 
381 95 139 189 -77 -351 671 58 -1472 983 749 59 -233 551 198 260 132 -838 -749 354 -309 150 916 630 -1060 -301 66 -51 188 174 723 332 -77 -425 -10 -197 -115 -9 -188 -376 -406 -299 -1306 601 64 25 -140 -822 -814 -708 759 960 -166 -279 582 -595 -506 135 214 252 588 -178 -239 202 -778 -310 -229 142 762 935 308 -875 1603 345 -556 -424 -386 -739 -417 -34 -358 -239 312 -331 569 -549 -970 -106 -805 527 -579 -408 -19 342 192 742 270 815 -269 -865 -366 -219 -154 8 297 136 -507 -214 193 -940 290 167 -417 -199 -383 -514 -1377 -636 154 263 -125 777 -491 -1275 -977 -139 -501 427 287 -875 39 -261 -109 276 -775 729 -310 -1012 -1266 32 435 322 914 -1116 1122 254 475 757 1104 116 -522 620 -152 150 -234 -715 967 -105 738 358 -433 1369 746 -71 -194 151 -661 -1006 690 310 -969 -8 1240 -415 315 -219 -568 -984 -539 -37 -349 296 -363 156 173 241 143 185 -556 352 681 -940 49 -1034 755 -218 -22 846 -1070 830 400 -1462 -361 -611 1103 466 -166 92 -594 -25 57 214 -346 131 858 -28 -120 839 -399 -393 1119 603 -654 139 114 630 -562 -11 -151 250 -639 -298 -605 -680 -810 -126 -100 -585 -83 -415 -132 -469 258 1201 215 37 -310 339 -1217 846 -648 803 -525 444 951 479 -1246 34 -128 859 -247 88 -391 -11 -829 381 384 -745 90 1394 497 -515 -1538 395 752 226 -773 -403 -1202 -1440 1180 -303 -1275 -1209 287 25 -260 285 549 -1322 728 31 -759 -465 678 -767 102 53 -162 471 
-385 357 195 -203 484 251 899 -39 450 302 -162 -86 -333 -354 163 178 442 -1459 857 -295 -551 129 -233 -928 60 -561 553 725 1491 -382 -82 140 -433 507 -717 324 -208 -1827 299 -583 -220 -94 -895 -57 -310 -573 1275 33 -972 20 -1138 -254 554 -1086 160 382 589 -694 -1058 -143 -3 815 1461 165 -785 780 271 -565 -865 386 955 -47 -911 -223 65 455 57 558 -766 -312 -280 355 -196 -300 453 -82 186 192 -386 -663 113 -631 704 -801 -305 -334 246 -403 401 755 -328 -286 176 -437 1123 182 144 -1235 495 533 306 620 1086 -439 290 385 -145 -619 -472 824 -177 -698 712 -651 870 -571 -550 -1103 23 -3 -177 -694 385 901 -264 351 -427 -64 1240 871 -474 -1608 -280 16 -232 -571 -289 920 979 562 532 -166 -1564 -87 844 86 -191 -599 39 -27 -47 294 -958 375 536 1330 193 695 -820 -283 1262 22 -189 1941 -122 1109 -105 965 -129 861 -479 1143 -188 201 -686 919 291 1603 83 618 -920 345 -372 -260 514 -573 -801 -641 -438 951 -552 401 420 -211 495 -105 84 -314 -1657 -750 1142 -1136 -134 -508 -555 126 -746 276 194 -652 -607 598 -680 -1144 -1043 24 1044 552 -96 683 1061 -346 195 -799 161 -930 -25 293 -49 76 167 57 999 512 -150 237 411 -676 -289 -288 -130 -931 -613 -200 -602 964 -1123 -574 -208 -177 235 -875 -14 -80 -226 819 -34 1056 129 1333 475 -251 -178 -133 -84 -864 -238 -462 254 -919 532 -142 -680 42 434 -238 -149 295 -1184 -17 -162 461 -715 -25 -104 216 -389 -841 -668 996 
656 -126 293 233 123 115 -695 242 288 -495 -1238 -362 -884 443 -272 316 -593 907 -638 313 489 -928 -292 957 -128 578 432 -143 -393 -591 -87 334 -599 -209 -322 -1029 -843 -997 -767 778 -118 -1051 479 -628 251 376 -165 -303 -213 360 -233 48 212 -23 1030 -379 -707 -260 -678 -522 324 350 -721 274 -340 7 -251 810 448 1081 -290 -998 -104 -531 -960 -198 1039 -899 -468 -243 844 -791 474 -129 -320 416 -354 -281 871 507 -375 497 100 337 -97 -497 119 455 -559 -1118 95 -623 202 -112 959 400 -854 -547 771 260 373 206 437 -1 -391 -827 178 -28 402 417 96 1241 184 278 489 -444 -49 -1176 -736 10 202 -815 -18 -1032 1785 -30 -570 209 -467 148 -129 259 560 -525 56 -96 474 496 233 -541 -351 402 182 46 -505 -244 49 245 -537 376 -817 521 -1037 606 836 -687 779 683 123 255 -748 -225 -745 120 501 901 -296 -184 -535 413 886 -293 168 -664 410 224 403 -1057 -345 -347 -722 45 -1384 511 -43 -313 -99 -409 683 201 -736 -804 1359 360 135 -206 218 804 39 622 -170 858 -587 -410 -464 -6 -139 -4 521 366 318 94 -217 -535 -556 828 -186 -93 -221 -379 559 422 1079 258 -97 1096 -115 625 -205 -1126 -187 669 -823 292 106 -458 593 1126 -395 23 -762 -382 -1290 29 -2460 530 185 -1138 595 703 97 1182 -340 275 -828 -259 93 -49 14 232 -1121 -20 -151 -1520 333 111 1351 75 -60 -8 -107 1129 1319 -75 -425 502 -1471 634 1211 -452 1103 8 1 508 -593 -121 -653 -718 921 903 
331 723 -549 -1118 550 219 1181 263 1094 -147 -738 -308 -130 -214 1599 523 1341 -269 -18 1091 34 -191 464 271 801 -175 233 916 -658 154 824 -619 -107 -227 30 -688 -438 -820 -60 -480 -1039 75 -622 -449 380 456 -436 1119 -806 -205 -500 658 853 -135 953 386 -626 -55 -145 -474 92 -457 585 222 59 -118 392 505 -1506 368 -303 -447 551 -21 -1180 -199 -185 29 -72 -163 -24 -55 -356 84 -582 773 8 436 -542 87 -1181 659 136 1250 493 -584 -853 1102 -672 -426 -447 537 -240 87 639 -503 291 405 481 -687 1236 484 -1438 0 -441 285 73 123 -595 94 309 942 -771 445 73 -937 -1066 -179 245 -1235 -527 -920 -1537 -160 -116 916 299 411 -148 -988 788 -1200 -703 267 -1348 -696 295 -142 -237 21 725 366 212 -281 194 -644 503 88 1175 907 645 1920 -51 -623 1074 610 231 637 -508 459 -649 -858 565 -603 -1054 167 116 -616 -452 223 -152 446 -150 -627 -806 306 463 1138 -274 1381 85 494 672 -100 -306 -589 40 -1511 -187 -106 522 -509 431 -932 320 -367 997 -845 -549 -444 -247 -1140 -411 182 510 -489 1125 1085 -1951 -1081 99 -135 -977 -752 -348 96 214 -113 850 -1171 94 465 70 616 118 -95 -1255 -236 -225 -709 -277 -1077 -1055 -22 -272 485 1176 411 -73 -572 1170 995 87 -711 478 669 3 -294 -878 -72 -444 -111 -978 449 15 -139 109 -207 -871 656 -808 -341 1087 -944 -743 -611 383 -505 212 373 -347 1330 531 549 33 177 -699 -60 -831 362 -465 165 -554 524 -582 465 -37 -380 336 367 
108 593 1016 1268 336 259 -160 -1410 -359 -42 -716 -515 -466 348 -508 -157 350 -60 -698 -401 -588 -231 719 412 -252 787 -636 -285 -1174 -412 -866 1399 -954 684 -537 510 -902 637 -627 -98 137 -126 -297 -444 -35 182 -851 -853 -621 -630 -621 530 -1487 -151 320 275 702 -440 -45 -101 879 1017 -583 165 -5 655 221 1131 302 -752 -500 616 272 -416 246 -182 1136 -176 -24 -468 -364 130 -312 808 121 461 846 222 -312 -691 -588 675 226 -175 -797 200 -277 342 -660 438 0 -263 352 941 404 -663 -46 -142 616 -184 115 -154 -939 355 94 58 58 -748 545 -107 68 -980 356 123 263 1084 1336 160 -278 1038 -688 1237 -862 1418 878 -1377 -909 -52 12 467 -63 -1009 849 -371 -1403 35 -77 418 -1590 371 -485 1235 -226 -476 156 -1245 -53 -324 263 345 -217 -1224 14 177 396 -34 592 -449 -575 -606 -940 -713 646 212 825 383 633 -99 497 -657 -119 -189 435 493 -59 512 998 510 125 409 802 -184 1019 -142 698 630 -838 -442 -390 538 650 -451 -137 526 200 -742 533 -83 -389 97 712 -32 -819 -343 501 83 638 717 327 278 -213 26 -311 -823 407 -115 -265 736 -9 307 -140 -55 -132 -713 -241 86 276 440 1359 390 279 -733 -419 786 -831 852 207 643 553 538 28 -531 647 -432 736 -154 240 -8 -392 446 135 -633 -729 188 -394 -493 -377 482 -450 533 813 -99 877 156 -92 -158 286 -447 149 7 152 363 101 577 559 65 762 -618 553 11 5 -825 2102 297 700 436 -526 478 -253 370 
648 347 519 166 -144 -70 805 -485 215 335 284 -550 -1187 -210 423 -172 1366 -286 57 -242 314 -8 -913 -722 223 -397 166 -142 1314 -587 -598 846 -954 756 302 761 345 -542 1235 307 -630 18 -950 1820 -476 -659 -806 702 -702 -1265 -283 -110 -1052 -475 140 138 620 200 69 644 -25 71 675 372 -630 -573 698 -304 -100 149 -707 -76 331 1377 146 -276 637 1139 -228 -646 -263 -860 659 63 -225 -200 -140 795 812 -397 191 238 1906 -336 782 -232 -214 -952 -1040 1004 -164 398 -861 527 956 -271 1656 907 609 -609 293 121 808 146 65 -699 -188 -921 815 -4 -88 -131 -672 1202 -556 -497 483 327 -424 340 1384 168 145 -437 -64 -117 531 5 526 -1319 214 -561 306 -493 -55 99 -67 -102 -220 -258 183 732 -91 1801 -186 1057 -302 -523 826 -730 223 -1448 -258 194 139 579 891 -519 -698 855 1155 -282 -790 -1164 -684 -340 -243 -198 269 -201 -328 850 -479 403 -676 -1096 197 615 -4 483 -637 267 499 139 604 49 -125 -179 -634 878 102 -432 78 1067 1270 5 738 503 -348 236 737 -570 -1336 57 675 -322 387 -481 -745 -182 254 -136 1981 -754 -316 257 -515 -37 -403 298 686 986 -124 -705 -864 256 1322 607 -302 20 -937 381 -188 631 -102 -954 -461 -626 -418 281 317 -1319 -329 -1223 -1261 -335 -1081 -589 -1002 1297 -244 1178 -1341 73 -1660 -248 -772 -519 1316 -346 684 1007 -792 -861 -322 -901 -1022 -110 731 -74 -1013 -875 354 -820 -589 6 368 -529 1194 492 831 15 855 -136 507 -212 -2446 599 437 183 
331 -231 -196 -29 -1046 896 -797 -223 424 568 271 -297 588 32 38 127 492 -30 -90 253 -199 -841 743 -399 -1147 476 -1073 571 -529 -402 -716 -19 567 -148 1289 -522 1057 -288 1090 218 87 -847 -870 -11 -104 552 346 574 257 166 -980 -557 -174 -184 -103 -358 -199 504 862 -434 1119 100 -1000 -397 1069 -825 337 -238 -1018 327 -156 307 410 -115 42 -476 375 407 -1083 -838 -35 -521 -99 -1377 379 -1002 -67 332 366 874 1106 151 -841 316 -881 -617 1023 -297 -285 -1014 43 -547 -1041 383 -1481 405 764 350 520 656 158 881 318 -489 -161 -926 177 -49 72 -770 742 126 246 -149 85 671 -204 -1023 1154 -265 631 -142 538 -207 263 -32 -471 325 117 -823 689 246 -154 -1735 -380 487 -822 1067 -320 473 42 -106 925 400 -401 -340 -15 351 -1210 167 33 742 752 -883 355 178 74 1067 -242 584 -80 569 -99 72 -955 998 -421 -135 609 -206 -161 349 -51 -503 152 -420 67 -669 -505 -419 150 -112 -180 195 490 -637 234 470 -203 72 699 72 -329 -327 289 494 -348 -8 498 298 57 373 863 428 498 807 -504 194 1615 -397 504 -902 -608 714 -1165 -417 501 -325 -272 -775 414 -1141 684 137 -795 15 18 896 -964 556 -7 148 -152 528 -86 157 -77 290 -660 107 605 -774 250 -800 -395 -293 -301 -1047 200 -553 -531 293 666 353 -205 8 -431 -56 -206 509 -265 607 516 -260 917 462 780 417 80 330 569 -632 28 -741 379 277 -1044 354 154 -1093 717 1147 -644 103 -166 -241 33 63 -22 -17 
-1104 282 -236 763 -470 -1011 -696 -399 -879 -231 201 454 1551 -108 -874 -662 -431 1 41 -365 684 -442 -246 -763 -354 -839 -820 186 12 73 109 249 -305 -765 -82 231 726 413 510 -389 -154 406 349 -1783 862 1265 287 217 225 762 -545 521 893 -187 -141 -218 113 776 -45 -945 -136 220 860 -323 307 631 690 -949 -911 -447 -35 313 -634 -280 752 1071 -683 859 -57 -96 -416 -263 -337 -1021 1742 -882 151 201 -896 774 851 205 -1433 468 134 -319 66 -1237 684 -422 -377 159 -396 417 -2278 -481 186 640 1269 -300 -811 -283 -532 1283 533 481 778 -102 -273 978 807 622 -24 -522 207 2087 -142 112 1358 -618 -111 340 1141 -698 -758 1199 151 880 -299 730 995 386 615 -716 -383 571 1386 76 909 41 -61 757 -1115 -229 -769 70 -4 -364 451 -1134 503 -434 -732 -730 621 261 -1495 484 28 -468 307 388 264 241 -112 701 362 -736 -480 1954 -444 -289 -1179 373 443 316 -479 -134 492 35 -364 78 -114 350 -793 -1306 -249 -256 50 -300 235 -207 -178 127 -498 -93 1267 949 120 586 -723 -1186 -208 -481 -670 36 -940 1398 -598 -941 -999 133 272 -176 -747 691 475 -6 550 -182 -234 60 -65 -121 134 790 -1621 514 769 303 -512 372 -1192 -1965 1093 -497 -212 498 -699 1073 649 1380 -648 21 655 -738 1351 -434 -48 -29 -1481 -76 -167 475 -517 -341 -709 838 434 -177 503 -733 -279 282 379 529 87 -408 -201 175 43 294 -1166 -381 526 -439 1147 1443 149 680 9 324 602 889 -302 250 666 -116 918 312 
102 -141 505 -94 -312 -738 540 1127 323 -503 -277 396 308 -57 312 -233 272 -53 -968 46 207 815 496 -216 789 261 275 -240 1140 912 446 -786 466 -319 -554 75 892 581 -598 539 -430 188 -69 603 855 1161 -119 160 -470 373 -1062 728 966 -681 415 -588 352 511 -224 -327 -1258 -290 363 396 -958 823 -263 731 360 -779 386 165 -590 -1018 294 294 -853 42 216 -441 -300 479 600 646 180 44 -473 -495 -851 -399 372 -197 -1905 623 274 -126 -293 -920 162 1342 -1382 -516 -429 -700 -33 479 1005 328 209 468 -88 178 381 480 -171 -56 554 -172 798 546 2 161 -1287 -735 577 -682 -201 646 529 18 -1146 -359 252 -1006 331 751 -1197 -522 -389 906 -468 409 -662 804 212 1524 582 163 241 469 -662 3 -423 -457 438 -31 978 -513 885 150 -904 -100 -187 -150 -639 1241 -112 -593 -846 -277 629 316 -164 287 94 255 -193 124 48 -812 463 -1293 -288 503 -912 342 914 603 619 303 -1014 293 -724 -1035 -1590 467 -413 -986 -339 -137 -303 -453 464 143 -117 133 38 -789 306 -598 760 -137 82 277 820 -835 183 -644 -1792 -147 -117 13 686 -258 -585 -1032 398 39 7 -736 -715 326 -319 163 -516 562 -665 18 275 564 153 -2 -98 -870 -300 -729 1530 -454 847 -736 669 -62 -250 -520 449 114 -122 410 200 669 136 44 303 -28 -551 -260 12 -271 1502 -861 969 138 141 -41 -874 -1919 -265 -122 657 239 -496 435 580 -444 -387 -950 789 -660 -333 1615 -1619 520 498 653 -852 176 -876 -477 -884 -82 
-335 686 -754 -870 353 -135 -891 300 -937 -748 -217 103 -162 690 728 -1705 -685 -220 295 396 -265 492 644 523 184 -404 220 -263 -771 -258 219 597 627 -1339 -112 676 552 657 -330 98 133 310 -37 1100 813 324 -1029 -714 -511 97 -329 -114 660 675 -131 -609 -525 196 1529 251 -687 578 730 -434 -180 -92 30 740 -353 1577 -346 -665 599 -757 216 648 -694 -345 74 299 284 -267 -712 814 25 -16 -338 252 224 597 157 -675 -222 -155 252 155 -790 -269 -1603 276 -431 -457 2 507 -715 42 -1161 -679 -575 -217 256 61 -570 2 -162 -109 139 -66 -205 -694 1017 387 243 -247 -714 571 -335 -295 34 -242 -1300 -305 218 -171 -1253 0 -282 -145 -228 364 843 769 -637 287 -655 23 -800 -994 1392 50 -685 -809 2369 -774 521 533 -272 27 -63 -395 147 1310 -147 813 323 374 -82 134 -10 -102 333 -77 -256 491 -67 -449 1506 -335 180 -829 -596 -1054 -451 -472 -872 -432 238 1290 -1222 204 1394 820 -473 101 -1459 -964 -461 -426 92 199 -766 -446 -662 -1538 113 -1554 -690 -297 63 -198 348 89 108 -999 -258 422 44 1195 1137 -8 -441 -95 -947 -808 -308 -385 -685 -112 216 603 189 372 33 59 189 383 -825 -1380 452 -111 -473 422 133 671 733 146 -43 175 97 -121 -299 1194 62 267 767 -96 662 1012 43 -294 -100 421 -49 98 528 -660 540 1052 105 736 124 577 -141 -46 -692 668 921 -685 1442 -178 637 1096 -733 -380 562 -970 -1126 -108 -1140 -178 -111 -346 -257 369 -168 104 319 -42 172 1154 
-240 -555 1379 139 401 1293 -675 -1454 1725 -1261 -993 514 -297 1316 982 351 347 -398 -356 -18 -271 179 175 -210 -42 -592 1192 -357 -355 108 203 584 -989 -1100 43 102 -90 206 -589 -674 -866 531 -591 -1240 500 -887 125 -223 -189 -154 -991 218 546 595 -13 -392 -294 252 123 222 609 -717 64 742 -1067 40 283 -399 -64 -1330 -163 -780 -611 468 -925 -408 616 -402 -461 -137 -182 649 107 -751 -396 -535 -880 280 280 -915 732 553 -134 -657 -184 872 629 696 -793 165 -370 -646 -626 -237 -1136 1167 921 1191 18 -269 215 221 251 -704 719 1845 -1510 -609 771 26 -261 1136 -855 572 -8 -107 -124 120 -931 -352 -71 79 -161 1 -422 -494 -199 -176 1261 -71 204 -95 148 -205 832 -516 330 -231 757 -28 -563 329 379 1114 1068 628 -36 -955 833 1004 136 -40 -1874 -284 390 622 403 -366 -148 1373 -769 -1103 294 -1032 416 76 -276 161 -526 122 -145 74 -1298 215 -26 -794 -188 -1090 115 -10 -282 -535 -117 -802 794 -566 -371 -78 -1539 -254 -702 -293 946 140 925 154 192 -1782 17 -742 800 -873 1291 -444 413 776 54 354 280 -104 451 -651 -574 249 -771 583 -287 -154 1357 747 600 -330 -98 921 466 -348 359 -153 -748 599 487 1354 -918 -69 349 969 -186 -144 -303 -1001 -245 -1472 510 752 -553 1502 -571 42 859 353 -359 852 133 957 -474 262 168 500 285 415 763 -161 314 555 530 162 -487 -822 355 -1127 -404 876 216 243 -718 -202 696 339 609 -76 -755 515 -502 -15 734 1040 534 201 976 -652 
254 -443 425 171 -379 -246 515 -715 930 -896 11 -224 -446 362 662 656 792 322 -442 -346 479 487 539 -559 311 -121 769 -370 625 506 608 -578 14 744 -560 -577 201 -582 277 -17 -15 1362 362 -397 -416 72 227 47 410 1041 4 283 308 216 -1027 -533 621 218 -74 1378 731 128 271 328 551 15 -407 1189 679 -285 1263 369 -385 -218 -395 468 141 655 935 -564 -271 -215 -9 -337 -335 -339 421 570 -949 583 -545 248 -1172 243 252 -390 474 84 -909 649 -609 1644 -328 85 -64 -596 208 878 1007 -380 193 -351 -537 143 425 -224 1292 0 -1178 -96 569 -1032 -304 413 324 -856 -177 480 723 547 -1110 -766 -967 -1119 25 -234 1255 1067 637 564 -198 218 452 1016 -460 984 -365 -156 36 -338 -566 491 5 -574 -391 -896 -75 8 -452 180 -1071 683 103 96 466 -191 -722 -526 32 382 430 717 -473 -464 -243 319 273 513 751 -123 -768 352 604 207 -822 -1031 594 -111 76 -142 -166 -290 -628 -874 -4 749 1240 -326 -214 420 1074 -1542 -553 189 278 81 -336 -1964 386 5 -22 -1482 -229 1114 -119 744 -297 672 -325 289 -104 760 740 -93 -788 -1427 -173 -706 550 236 -108 -508 -158 -95 -372 -177 -527 -314 457 216 245 -127 -926 -177 142 235 -51 555 65 -200 841 -417 -398 12 -6 231 -457 674 1 -620 -314 1210 216 -1711 -244 -772 -1119 -423 1092 -2053 835 -653 706 188 -957 -1279 -315 585 298 462 702 1 206 -825 -66 649 122 960 -280 -1052 270 -171 -66 65 221 1148 -662 755 -779 -940 
-215 -766 649 -541 156 -313 7 -363 -1231 159 1324 95 -227 -524 -141 714 -587 728 615 452 -115 -62 -727 158 376 100 -485 -971 529 678 679 -106 849 385 390 -179 1189 1093 -460 -1310 503 -983 -681 -847 444 -111 726 -1143 -18 31 -466 57 -839 366 314 627 -256 201 74 264 -628 -195 86 -197 222 -638 -1565 -1332 -164 469 125 -433 -597 186 -498 -30 164 -376 635 -567 689 233 425 -282 -78 118 -1255 254 -319 1721 188 -305 192 -509 -713 164 381 -233 -1203 -309 146 -505 -268 -159 -1342 1052 -37 245 -794 -946 -1166 303 -231 -165 411 -292 482 441 30 -424 935 -172 -1503 -61 -955 -1192 -340 290 137 -29 -169 5 433 -360 -1363 213 597 -568 230 -929 -405 204 1030 -21 -801 -358 -694 -264 -328 -811 385 -17 383 888 -109 -158 905 -71 388 -236 71 85 328 124 69 -325 -78 225 -491 437 48 -557 -249 -137 544 -210 -248 1035 -983 928 -660 90 -748 -250 97 182 264 -656 -506 -240 130 -1004 -686 -826 -200 375 831 1322 -828 -984 -101 301 -440 113 500 148 653 -1008 -466 -383 1226 -538 886 351 -165 -451 95 443 -32 -21 568 -91 94 209 538 -303 76 196 -359 940 327 -624 -5 233 592 -403 969 -888 -610 -660 -689 174 169 -723 -762 320 508 -484 -395 -991 251 -941 817 205 -307 -226 202 285 -409 173 125 319 -135 -426 359 252 -777 173 972 -148 128 99 -151 33 838 322 -305 853 -292 -769 52 1239 830 -1275 1022 1043 382 -213 139 -169 461 -265 -341 -17 -605 -17 -738 71 104 242 
-524 556 -454 -375 252 -1667 26 -423 261 321 363 357 -179 -497 -1787 579 1736 -142 -207 240 428 -1038 -668 418 220 1047 -3 -389 -188 655 -969 -188 -914 -725 -163 -77 -958 -539 452 762 -1251 -876 -353 521 -275 1352 -148 370 -181 294 1213 -611 -523 -919 -365 447 389 -826 -176 824 525 429 288 -940 -497 -880 646 299 -305 817 -633 431 -1499 1673 -336 1904 649 301 -835 384 -1143 126 645 -285 -882 -1832 -676 -487 -305 953 913 -563 -975 1042 -1138 432 -1052 -1010 -1147 -110 987 621 -357 48 -373 -16 1661 -158 -72 887 540 -541 680 215 -274 301 -658 1286 -821 150 -516 221 -9 -181 -494 252 558 490 186 -378 628 -489 408 -413 729 335 -769 391 386 -1075 -155 360 857 -1234 -693 -164 260 -327 247 78 836 -26 219 -365 14 83 633 5 -77 33 644 536 386 -1242 459 -508 -1121 -1283 1082 557 -30 -519 844 -379 1151 1127 -42 598 -524 579 -184 105 -1512 612 -317 117 -338 -792 571 -773 224 -653 424 -37 -1113 564 601 -87 -151 1008 -321 -577 -28 579 5 1767 601 1507 -858 471 -550 -55 -322 155 1095 441 533 107 183 -535 -833 -1045 825 377 -236 -1 -191 19 140 242 -648 -185 -612 -271 233 750 429 -658 -352 -388 -544 -1009 -515 478 1268 -326 548 -161 948 88 213 580 -354 65 -1117 186 15 -26 -179 -290 -772 -927 -731 -1615 831 933 -159 -188 417 -660 81 805 -878 1282 -160 -104 -57 274 -923 1643 144 299 694 -296 -181 165 58 -651 -590 -363 879 -178 -1379 -871 -521 -578 -271 89 483 685 
122 359 -37 -766 68 196 771 -122 -368 359 448 389 550 490 28 154 42 663 496 323 123 -317 -549 1157 572 -255 -362 1049 1455 -576 -23 1321 -882 -267 284 498 289 -309 380 -253 123 -236 -211 -888 165 -487 248 96 74 -342 -260 -898 321 -173 173 27 -516 858 1081 1049 309 -491 182 269 969 -468 -1292 -200 -1311 88 442 -346 -356 -222 968 387 104 379 -460 -133 85 -1217 1623 -3 443 -999 637 766 1022 110 110 -16 -258 995 -256 -803 438 -674 -234 1276 303 -188 104 411 532 42 -697 -12 -342 363 17 205 633 -635 -260 70 258 -167 649 100 -1221 -478 571 915 -704 80 416 -38 -32 476 578 -255 127 -97 854 -293 242 64 199 -196 596 -121 -945 -122 -57 -1038 -1078 0 -761 -1622 -271 -951 1797 252 323 1609 -775 583 362 -274 -607 -55 188 63 1150 -419 128 -7 435 70 587 64 -672 247 403 -773 1227 -1183 -289 -340 -78 146 478 -1436 464 -753 385 -1444 -589 654 67 -86 -519 1139 580 -781 -282 177 366 764 -140 -138 -619 -837 426 -69 -1113 890 -93 -142 -415 -56 -387 -472 -20 -404 -1383 -517 -659 -583 -528 -23 607 775 -697 484 -280 -649 4 4 378 260 450 679 -595 -152 790 298 38 1067 362 752 1004 -236 -635 368 480 -444 -893 125 317 32 184 -436 -927 339 482 184 370 -837 -418 224 554 850 26 309 462 242 -213 1128 -1192 -3 -93 400 968 -408 465 455 531 -818 -122 -738 -453 -254 -801 521 -70 470 -414 304 943 1040 161 1128 273 -51 -1396 523 527 199 
367 100 572 -723 1047 344 1273 493 -427 423 418 401 625 -565 -204 245 -55 -74 1494 487 -38 -852 -455 -45 503 758 32 -350 -1493 221 221 -575 206 -290 -718 -1347 296 687 291 305 982 -743 630 732 828 216 -746 -239 590 -557 1079 -121 -316 -657 1245 -29 -244 -113 -297 -338 -346 181 363 762 719 68 24 -507 1103 -890 -126 1074 933 366 -539 -297 -96 292 579 -449 202 -180 288 -147 -1451 -477 214 949 -229 -69 -112 -136 344 204 -717 -130 -979 -408 -180 426 347 1051 -463 -465 510 -866 -770 582 -733 995 938 1014 -523 381 -703 30 59 396 176 -43 1280 222 337 -252 211 -941 -175 -450 547 60 717 -467 -251 -382 -1533 532 -222 -195 -35 -478 350 749 -946 -329 -475 707 525 -404 -199 1235 80 -17 -893 631 717 332 157 824 309 699 133 357 -377 -884 789 -1022 -264 -955 -180 -177 -524 -739 -567 -599 -225 -631 687 -630 88 -713 827 -693 -404 69 -903 -42 1046 186 515 -371 56 276 51 1234 -503 153 -241 331 -273 -612 -601 1235 737 -286 -1469 451 289 -614 1273 -522 207 -647 349 680 674 917 -802 54 291 -210 -133 -205 -490 721 -388 -596 174 363 1977 -1649 -814 215 1249 979 -541 129 164 -789 -97 776 664 -1233 -824 -18 141 864 511 -1049 -180 908 -855 405 757 474 -88 -739 -998 -52 -384 -17 752 -218 731 -680 1387 -462 54 -73 -298 729 155 -528 633 829 264 -494 290 1229 -105 326 -34 671 222 186 458 1687 -546 -19 134 137 -278 -196 -611 192 -917 -165 482 -908 226 -613 
662 -980 668 197 220 -99 -246 -114 170 -581 -166 -20 -623 272 1586 -1838 561 -13 229 -821 574 -482 26 980 1785 -315 454 651 -604 429 276 482 411 362 136 -58 734 297 -285 -501 -519 -21 -852 -277 592 1259 -441 -77 614 -464 57 -43 33 1444 787 -252 42 672 829 954 -399 -805 -18 598 572 380 -237 676 796 -80 400 -160 355 -392 394 -579 562 -378 327 -406 -29 234 244 -1030 -42 593 998 -716 -1214 217 -1067 200 817 -567 81 -664 -386 47 -417 -630 -231 1108 -279 -356 -593 162 -1484 443 518 -1371 242 1041 -671 522 593 310 714 374 -1218 -633 -396 -589 -1669 -1255 761 686 315 770 -1142 -914 210 -744 -1292 8 -589 701 -706 -1146 -26 520 488 -331 1345 32 -757 446 1462 1322 24 1078 965 -483 -1223 738 652 -232 338 416 -95 465 69 862 -356 -189 -105 806 -704 339 1049 588 -17 162 -211 56 -1124 623 725 269 468 -452 -12 132 -90 -20 301 -727 594 937 -1118 481 1507 -442 334 135 788 -589 195 -751 -756 -603 -135 586 972 178 -636 660 -947 293 377 -635 607 226 827 -632 -322 314 -346 642 -374 1068 -762 91 -73 74 -1197 535 389 104 571 -425 295 -221 399 -177 554 163 -702 487 217 282 74 -586 162 1198 -590 1184 241 -439 -148 -71 313 289 -280 1006 21 303 -16 -323 152 365 145 -386 -262 378 566 1186 159 -769 -1019 96 522 20 490 132 115 -1377 -1381 -233 64 154 395 777 -915 476 810 628 -957 -50 -290 -161 -350 -57 122 1034 8 1502 807 400 233 -503 
-433 -667 57 766 -241 1132 1007 133 -443 1355 -332 -474 211 -498 -795 100 -59 194 -480 208 -85 346 633 1347 -1040 831 -472 364 -541 617 -468 436 -793 511 587 -1591 188 -166 402 -752 278 74 -1 371 -265 -398 -449 442 1736 -178 -13 -177 -788 455 -204 -685 413 636 -89 89 -254 -1109 -1255 708 -130 -258 789 2 -713 222 -355 -1259 -887 -40 147 -373 254 -63 -838 -1265 -409 -205 1025 -425 -184 566 374 111 -211 515 308 119 -438 50 -761 115 -472 49 -154 -390 558 281 277 451 227 -381 -614 -810 1092 114 -240 -179 754 129 -106 1205 -174 -409 -645 122 1415 -624 833 -606 596 -506 -6 -1463 -418 211 1071 1091 1057 -314 39 -453 -1175 406 -85 524 324 -1082 168 669 -320 709 -268 76 150 -627 288 40 1117 1020 781 -377 516 -1052 -1011 -922 996 -905 511 -331 -83 982 -583 1390 -117 606 319 363 727 375 -304 -1144 -146 55 862 -855 203 728 -960 138 -272 448 -404 -93 -414 9 -377 823 -864 -271 -443 1033 158 80 269 -1488 261 206 -8 74 700 250 377 -449 503 382 568 -290 -421 1085 285 -531 663 -137 691 640 591 254 266 785 -470 1112 -833 302 134 -575 -1512 -562 170 -839 -908 -611 -50 -16 -224 32 70 875 -61 177 264 426 -1545 432 -156 1281 379 126 84 -873 125 326 -161 333 -1002 235 1102 -891 -573 -207 490 616 249 -306 230 -553 -717 -524 -116 -99 -612 -365 247 1035 -141 198 51 618 1690 554 141 682 4 -6 453 194 779 -588 82 -254 20 506 743 -268 -1099 -333 
-381 839 481 -65 359 -52 25 -114 902 -771 807 -759 -135 242 438 973 -610 -431 368 -108 128 -1180 -350 -427 -1 371 709 322 358 -335 1004 -322 1286 453 915 32 -645 -452 400 208 187 -92 230 -901 -733 -888 895 277 187 -1054 761 -998 503 257 -465 1279 -945 79 -415 1474 802 -587 270 194 -137 -813 477 54 325 -1104 288 -509 350 -392 192 -776 274 501 250 516 1006 -120 -140 -617 170 469 461 -662 201 -382 416 722 1204 492 -617 -246 -49 -206 -12 -17 1462 938 13 156 187 -964 -403 938 691 -9 -1139 -302 101 -255 -394 454 -1138 -216 -295 888 -299 -243 -10 -801 13 571 701 -561 552 582 -41 -239 -95 -122 -619 -1112 207 369 -206 810 2037 -365 -66 -45 1530 146 720 1002 -285 -65 -397 -32 9 573 -122 127 -401 1128 -793 202 221 189 -689 573 -1211 -1441 -745 359 676 -70 936 418 -104 -131 202 -669 -15 386 553 352 596 -515 -286 -431 519 -568 -701 -1056 -1035 16 -415 -94 343 414 626 -67 929 942 126 732 -517 68 888 -85 -789 -174 327 1033 -599 573 464 442 -1962 750 -673 826 -108 -163 237 897 393 -1850 -545 730 1145 -218 -890 427 1309 -594 92 -306 -673 80 -131 -145 -317 -85 499 -289 1331 -28 -1440 -481 980 -687 -856 482 760 635 -361 81 -1013 359 -265 413 -402 -734 -386 1226 1246 89 -419 -569 -301 -937 -1258 -31 -445 140 -1485 -604 -1206 -224 176 397 636 -349 -228 -294 -911 73 -563 -476 -18 260 -222 1503 -929 -306 -72 -86 642 -775 -972 -251 -177 -51 1379 -458 
131 1213 909 894 100 701 -355 -401 329 -329 -288 -115 -1683 -613 34 -181 854 -309 -95 -196 801 -213 -120 -195 -179 -122 -315 255 -235 -1675 -792 -156 -907 -407 766 716 150 451 534 102 169 63 -723 337 299 -253 1454 125 -609 13 -620 1050 -54 265 -490 109 131 254 -780 1141 114 -27 -1505 380 -54 -341 179 -490 208 202 -889 -270 -1105 -683 882 -307 300 -188 184 1214 -255 -269 300 -1163 -193 -609 726 -20 31 -983 1044 625 -197 1273 1005 568 787 32 -452 -795 -102 93 -45 106 -81 161 1193 859 233 -708 -194 -1343 788 -401 244 259 -742 864 -94 -1581 -565 -87 -154 330 -762 614 -652 461 662 161 -284 50 43 526 150 -1145 217 -647 -37 -19 -595 555 918 623 1250 -658 -154 -523 -695 -358 -48 532 -779 1761 486 -35 348 580 -210 -1146 877 -449 393 359 507 -381 -114 -629 858 -125 -551 12 107 141 605 294 131 38 97 1255 137 703 1171 440 305 -429 703 278 986 -346 -231 254 598 300 -461 -365 329 127 607 299 -302 203 703 -490 -472 -577 -528 212 468 -805 -355 -89 -1275 -491 -467 555 1 1490 -943 456 -46 -503 943 -356 -499 134 -857 120 -51 -599 -267 73 524 -941 -662 563 252 -1489 -345 322 1348 -83 124 -333 455 684 -219 480 1138 -638 -1255 -590 -235 -512 -1403 -179 -67 664 437 35 -300 -85 -1098 911 415 95 -1024 -236 -250 -568 -121 275 479 -1108 -1263 923 820 -609 433 -1303 7 1154 407 480 189 839 -43 -64 1563 -7 932 -581 -249 -848 427 581 -675 478 648 -327 
-399 121 -618 -701 414 -1001 -125 -342 501 -640 178 492 380 -643 -168 985 597 386 -1227 -475 387 1105 818 -140 687 231 -360 -19 272 562 587 -1067 -578 -148 462 -1596 651 -33 409 15 47 -59 925 -488 491 -702 -247 380 32 -107 -20 564 1017 -259 140 768 -698 425 -148 243 359 -453 126 -71 763 742 563 571 550 188 144 -1564 -295 -625 236 544 203 45 -1549 1284 -467 291 207 80 558 -442 -1405 -647 -859 854 -101 743 -236 -10 -12 517 -581 -553 358 25 1131 95 447 672 419 94 860 -472 -25 430 -198 -929 145 -589 -109 220 138 285 749 34 413 867 -740 -276 242 -455 -160 -734 -1057 -183 127 960 372 21 -194 -759 -272 178 -157 650 936 92 293 541 -125 -719 -456 -1021 -1417 -1471 -383 44 1722 1548 522 -383 -349 265 925 -751 352 -180 -902 -407 -116 -28 -939 779 1433 443 -118 514 -122 -750 467 -1675 966 970 -921 101 -234 329 -141 943 -33 1430 -2 -630 912 -106 94 583 -745 -246 -191 128 156 174 -106 -576 -781 -1421 -308 21 84 307 257 -527 -866 -132 107 -193 -194 328 -265 -561 -771 187 -131 58 346 -767 219 365 -53 -913 -110 89 392 20 -1427 -2 533 346 -873 -207 765 -716 -679 -58 -834 -127 -361 1259 102 -280 367 -351 1054 212 1345 56 -875 368 212 -140 283 266 -258 -131 323 -364 -944 -1564 -99 -8 -431 -647 -258 623 112 -1081 -936 -206 221 11 260 229 1193 -1010 -260 1044 1448 1339 -657 -517 378 130 774 77 129 933 -907 -912 -134 1593 45 892 938 1089 
-300 -455 1483 -158 783 -130 -1116 -236 -73 -208 -608 1147 -157 937 1009 374 659 488 -71 -94 -109 1337 229 40 407 515 -1005 196 -97 396 -1283 -95 -524 -843 -408 -73 804 807 -746 -481 536 100 -988 310 -564 122 1017 -623 -41 -10 877 -823 361 895 472 -33 -570 227 1254 12 78 -119 -453 -250 701 701 -215 -118 297 -191 -947 -532 570 -625 -240 1143 1091 -122 -544 -602 494 947 306 420 300 -29 -1077 -1063 -124 -437 -477 -257 -156 887 80 214 134 -887 -1754 1384 -504 -120 250 524 598 1687 110 -426 -340 -10 -281 -201 -466 -391 347 -559 1060 980 -699 -32 -1105 85 591 -609 1186 900 1919 151 953 -62 -382 -467 -636 -1064 764 142 -1089 897 54 364 -456 -938 -308 -764 -172 -106 303 511 -199 543 511 243 -133 1008 323 -730 -623 700 -566 60 175 562 568 -525 -281 1085 -806 1451 1116 788 782 784 26 169 557 303 314 -1170 355 230 -160 -1594 -171 -590 572 -20 -1242 -2 812 1095 -712 -296 -692 -550 82 -58 -847 471 -265 723 -1003 -1366 271 653 -47 286 -1 -826 -20 -173 104 47 -20 39 -232 -1269 567 444 -263 -1141 -683 -819 227 -577 292 -989 669 -775 -703 597 -605 -530 -650 508 39 1064 1044 -365 -465 407 264 220 200 172 745 314 424 -34 -231 -563 -1124 362 -127 -99 -2 834 -456 -460 337 -36 -683 1472 -349 -309 590 -869 1106 -61 -577 -315 1261 142 -581 1107 -821 22 407 322 679 509 -1070 637 -644 1224 225 -254 528 -551 379 -133 568 149 -128 -1011 1035 1771 -240 -481 -726 -104 
45 163 1210 445 112 -489 -789 -894 -1289 376 -913 613 -1142 601 216 -231 -460 572 128 -675 1129 967 411 85 832 -537 -636 -565 -392 998 -1175 711 -59 319 270 -717 -345 377 -868 -392 217 389 830 432 -1210 561 -253 -231 -241 921 235 -598 -551 -752 379 397 415 -216 -480 -212 -308 636 635 -692 336 -22 -614 139 -200 -298 -1032 822 559 584 950 -824 439 191 72 235 172 -809 867 147 1111 -4 1061 895 0 -661 -48 -438 -208 -1098 5 -750 -543 -409 48 263 -1124 -1104 -808 459 -135 369 690 -219 780 879 -140 -284 -51 370 372 -570 -206 49 -370 136 -1115 330 -101 -152 -582 505 460 -251 236 203 245 -260 6 337 1158 133 518 738 -495 -571 -556 518 -792 -1544 -42 -302 -160 -175 -316 -869 -204 -283 32 -151 169 -919 -1060 -261 -74 -340 104 -315 408 727 3 -137 -1688 -705 -24 129 -551 -188 354 -408 756 -503 -18 289 116 -354 -522 216 -36 228 67 330 363 -1133 -671 322 1732 157 493 752 23 821 -617 -287 277 427 -811 -561 -399 1646 132 665 632 -57 612 254 622 1 1018 -409 365 726 1024 561 40 656 800 465 -415 -57 -256 715 -422 142 293 356 669 -522 75 -592 274 -948 -1112 -459 -430 -205 -371 -145 -784 597 158 -549 654 1628 502 -87 -573 -991 -83 531 824 398 452 1075 365 1002 -487 607 1158 198 -718 545 -285 85 -914 -355 221 892 -226 -227 1189 624 -386 1204 -558 477 -341 1008 755 -276 190 -994 -308 -42 -368 666 -1287 -267 -145 603 -470 303 27 1054 682 357 
-1743 -190 -131 -1056 -578 40 -683 143 202 -539 -155 -303 169 -771 426 102 259 -446 -692 -294 1109 503 -180 -106 -429 -111 687 566 755 560 1496 -585 -152 284 32 -745 -642 -676 -108 -450 -84 -920 -234 294 632 -404 239 -492 -311 1354 256 -23 330 247 151 -580 -1270 -287 111 -507 882 436 738 -626 -409 -541 325 -153 -711 857 645 -1471 319 -302 -207 -220 -702 -435 -1346 26 -112 802 382 515 447 -730 -766 -636 521 196 -1227 818 -304 -91 138 620 1214 -512 -918 512 -196 74 -9 656 -138 -277 -616 -834 1086 -338 -243 108 724 407 -193 -232 -1384 385 794 -458 -951 -177 -1256 1064 1508 214 -513 -1344 299 864 -1388 582 473 -366 857 -220 292 730 -714 212 363 546 225 901 718 497 -431 1012 -474 -538 -228 -82 502 107 -379 -777 56 210 -911 325 -119 -316 -1262 1117 -252 -655 -478 466 -1408 -372 844 1480 -94 52 -1487 824 1046 633 43 -187 -1444 183 -290 -294 700 698 -647 622 -641 -252 -1524 -671 -869 -264 761 89 390 -40 -867 100 -295 583 -822 -1227 738 583 89 540 -1521 -501 -248 -273 -1603 -155 -497 3 798 1120 685 -827 759 364 -847 -78 779 -1345 -586 -789 -280 1089 -401 197 -1173 23 238 755 41 606 720 258 16 108 570 496 -656 130 504 290 -934 -705 641 187 525 -368 567 -32 -804 -497 1298 -739 -550 -84 -9 -431 366 145 -1271 -419 232 148 522 19 -146 -20 -775 825 -206 -1063 -71 904 86 803 -666 117 -1043 -674 1075 362 635 315 669 543 -1036 -1319 560 964 132 -19 -422 418 
-110 105 894 -615 1159 -376 310 -1029 152 834 92 -170 958 -154 -508 292 -486 24 126 532 392 -394 -1036 -78 -194 1209 48 -439 -623 -541 -401 112 -28 -523 331 309 1063 607 297 353 1596 252 -228 -1466 146 -643 -645 1865 347 437 599 -4 -1093 -684 276 -254 372 582 196 -203 946 1059 -67 184 -102 111 20 -494 72 949 -430 -616 -943 735 -744 210 106 153 151 -1058 757 -685 502 528 -1547 -959 -525 695 216 110 429 -102 945 -338 127 176 -972 524 71 320 493 433 426 1826 -13 -1117 819 -302 611 711 214 -431 836 -163 576 920 1014 -600 -469 40 1091 -735 299 581 -43 126 233 -793 497 248 -134 59 538 148 193 -190 -280 106 599 300 621 511 -592 326 55 -38 664 -542 78 -44 -1030 -477 666 520 11 5 1107 623 62 -610 278 84 -162 490 1276 -928 -777 -789 -470 -648 258 -733 252 23 330 -463 -170 156 -939 184 -58 -53 -1324 387 328 -739 203 -350 447 270 -1125 323 369 1874 478 884 -415 -325 -174 -65 623 347 -523 -748 866 -114 -62 487 1352 101 545 -360 -1009 -205 1013 -494 -982 869 599 -779 -597 787 -159 1305 -506 77 96 -826 1044 -220 -335 552 749 170 346 -784 83 -1313 576 -749 1131 46 -449 -39 223 -7 305 494 842 2084 346 119 623 962 -285 -62 -125 256 599 514 871 -32 441 501 -144 -534 -449 -1143 -174 520 -45 47 470 -340 778 -960 -207 502 -435 99 428 -895 882 994 513 540 -954 -1339 -633 -242 -128 -271 -1257 216 -7 841 -1092 -425 -897 985 
439 -986 991 -685 903 -428 -638 -286 -169 -1875 -527 -477 -670 1283 740 96 -153 330 -48 -315 1844 1132 -334 -342 707 901 -25 388 -168 299 557 851 687 -240 -262 -420 210 -723 -221 -1074 -893 -258 277 -795 -677 -42 347 -1451 217 86 143 851 611 592 343 -308 -625 312 243 -95 184 -23 -607 1339 -202 -301 -790 1566 244 -450 -732 -122 -3 -53 -9 -470 -451 -930 126 601 731 109 701 -782 638 377 -566 459 515 -1007 -991 113 622 266 245 91 498 1151 -417 -1001 727 296 420 -342 1534 229 -50 0 -696 -512 691 2 644 -799 866 270 -1206 -338 -238 221 -189 346 -296 -1112 765 -151 1067 1411 -763 -1036 -239 138 -1054 -347 1099 -34 -20 -215 -857 246 464 -86 -345 -374 233 -1364 210 -54 165 130 667 196 -778 611 602 -102 -205 -104 -1039 945 -481 -81 581 -1052 -142 -523 909 476 -163 252 -687 156 -1001 -83 -677 34 -731 19 -262 -603 261 -1003 -623 -514 190 -610 -209 559 -554 282 -149 554 51 1390 454 -359 19 -139 -420 -296 -1029 -946 903 -1162 -1683 -535 284 582 262 -604 641 1072 -659 779 314 -1116 -66 -585 93 1568 -63 379 615 -484 -75 -80 -728 -174 -1316 291 -25 1037 -361 799 809 765 1271 680 553 44 805 -728 427 -49 68 199 -31 392 -75 563 -691 -397 407 219 -478 363 -262 313 573 381 880 -547 -726 1126 296 611 1298 -1216 523 -742 -216 -384 -442 769 -199 -1090 -553 -1316 -343 -21 -658 -464 -96 1397 646 -74 568 557 -113 -165 553 -579 532 -18 444 759 68 -170 408 -1122 
-678 -1087 -853 -656 -807 -538 -58 -277 284 682 -268 431 538 92 556 472 -151 412 1333 514 -881 -105 354 144 1045 -197 553 1081 442 -822 887 584 346 7 -600 438 379 -1210 217 -1044 -1516 945 900 -254 -367 242 -61 -114 298 -859 -1009 1596 -830 57 333 668 864 -313 -869 -913 269 89 110 -254 -199 -121 -407 612 -541 -517 1160 -211 298 -1106 289 -454 -463 673 1032 -56 131 726 -380 -29 -170 924 405 200 11 -340 -850 605 580 501 258 -1206 -488 371 331 145 -282 720 -151 565 1026 73 -534 -79 -98 -455 -998 10 -194 386 -1001 -192 981 206 -503 -916 1273 -122 -40 -103 -438 134 995 -135 87 -456 345 -242 598 -491 508 526 997 -80 281 1034 124 -1052 247 1537 -1591 645 -504 758 -208 -529 -422 -1118 285 134 -525 1046 255 -395 -284 -285 -439 540 1578 -779 86 586 62 -319 171 -806 778 207 780 742 52 -144 128 1021 581 392 1469 344 33 385 -197 -650 642 606 -188 525 457 -800 -534 -724 312 304 -341 -797 84 -842 -225 -89 -213 304 682 31 805 -977 -118 -2 -15 630 1086 -134 -119 530 -998 509 -201 -169 359 -749 723 -775 -756 -68 1681 227 318 190 862 1398 -1174 -38 458 -484 -210 -583 -335 -665 -117 -429 -625 137 -432 34 -117 -442 -456 -1068 -42 650 -167 487 -1290 -609 206 -124 -377 977 -435 253 -458 -302 1076 33 823 157 377 23 126 110 -353 547 -711 -227 518 931 1318 -1150 -461 189 -981 -702 794 243 -196 1701 -75 -426 -586 125 -76 102 166 -542 -402 -210 101 -549 
15 -701 168 -1211 155 124 -1881 181 1267 -290 316 -540 436 -145 499 465 857 646 11 -893 1365 295 480 -1407 47 -329 303 -498 -465 -286 -927 426 414 351 128 -818 286 -798 -93 -490 -400 -616 1093 873 -78 -930 -247 -849 -334 -112 -109 81 92 742 -336 809 -166 -150 -183 452 1114 297 -677 -1521 -284 594 -1349 145 257 611 6 -89 790 -272 115 -719 -561 1237 -429 501 -751 -333 -51 -209 402 -303 -648 -456 -318 412 548 1376 -815 13 -674 751 -393 36 -666 -803 643 -318 433 767 470 20 696 3 824 206 -417 -578 -179 -363 214 -732 -426 954 -1071 -71 -1377 801 -521 333 -995 108 -16 -445 246 579 111 -963 1214 -378 917 -577 -504 -677 -564 -124 272 275 1498 -199 -216 -1009 -459 -337 -691 -462 -568 -679 959 196 -786 -741 579 896 -113 -672 -925 -441 1028 -63 1334 -989 -17 -337 -230 -846 517 629 413 -104 -611 -42 535 -142 -2 -737 1377 944 891 428 613 -74 -395 -355 -817 132 -538 -1149 857 -94 415 -629 -494 -244 -1015 407 -1024 -731 183 277 -165 403 -59 -560 488 -243 -293 28 82 907 417 37 -225 740 1766 294 732 260 498 444 1287 -937 1 405 122 116 -280 352 464 -219 -761 -1423 450 515 11 -740 859 -557 -933 -464 -87 246 1686 583 -634 -1176 454 -247 346 -87 -1011 743 265 -929 709 1085 -924 767 389 -662 237 323 -28 -1801 -296 197 -1031 148 -919 -285 -767 423 481 1512 -388 199 390 -295 -56 38 62 243 -687 -694 987 -729 702 614 287 -201 -65 -270 671 -811 -434 -800 
107 -814 -1274 680 -323 -124 -1657 -487 -298 271 -446 -476 479 575 -186 -464 -420 828 264 -432 255 863 -591 -428 225 -139 -381 -993 364 -184 -302 -763 600 1359 103 137 230 276 -427 -873 407 398 -202 -368 -16 -664 -539 -839 199 77 698 -266 29 -487 -363 1154 450 -1109 -896 472 -37 -800 -311 -448 -496 -455 -45 45 -1216 1047 -80 699 -1146 1200 308 100 280 64 -51 142 543 -811 373 904 340 544 -47 -667 97 206 -197 186 -753 -482 453 -699 -276 -1028 -545 607 376 842 -68 91 -367 -635 -70 140 556 582 -339 375 331 866 20 139 1057 627 -653 -532 -1494 -1097 548 1571 -599 -966 -473 -57 1332 -136 631 209 -72 -442 -547 -156 161 -153 -35 -860 -1144 -398 -1079 993 306 -1060 -1236 -394 184 -825 569 111 1766 -383 -1097 -1498 175 70 577 -1863 -1012 303 186 702 -431 -1008 885 -293 -647 -832 -41 829 23 -641 -479 -121 942 -31 38 -412 636 558 1400 186 -78 -505 -1294 553 1043 479 -559 343 -40 -915 1179 1338 1096 460 193 874 425 479 -371 -369 803 -769 -1146 -611 -230 302 129 768 91 98 199 136 283 -498 474 915 -744 539 -274 -8 -681 -685 320 49 -56 389 1087 -967 406 236 -57 -1079 -957 -177 584 -16 1 40 -682 36 171 14 421 765 669 -1246 -116 -537 -281 709 -735 850 141 -381 394 -858 -221 117 315 -515 -227 -522 567 150 -349 60 -475 525 -252 173 500 86 -284 486 -549 325 103 -397 624 869 -225 -156 -454 -193 566 461 -340 148 257 269 -281 -264 -281 -802 21 -830 
-85 115 201 909 421 -706 -430 -634 1007 -1023 742 187 500 102 547 342 -374 660 739 487 -228 -803 -1112 52 497 6 464 -34 -106 405 356 -180 -109 -494 824 247 1547 208 -314 -545 158 -995 296 384 1023 103 976 1779 -1203 -556 -1145 1150 294 197 -465 870 134 274 868 -1448 263 -1416 -307 183 770 433 -22 -4 -5 -275 28 603 -504 76 659 -434 -39 642 970 3 -91 126 -263 -817 288 263 -1178 321 304 541 233 -1161 118 -220 49 1347 1117 -196 -382 185 -733 -71 -835 -733 -188 216 1154 -148 -218 -103 -552 662 763 -166 -1222 601 -538 -410 668 149 713 -1117 -83 -359 110 221 -511 -26 -816 340 -697 888 151 -335 -752 -854 -549 -736 -522 -911 292 -844 387 1108 186 119 -273 696 -244 120 -545 -235 748 399 400 -1341 288 463 50 -439 911 -1067 63 -901 70 862 -122 882 397 594 669 -697 272 -93 822 1071 414 383 -904 875 -1048 -896 1031 -167 331 159 1299 -446 -100 -642 -1124 -927 74 635 1419 1250 -846 414 1058 179 -41 711 -728 245 304 -742 -372 -347 -1658 659 -1317 -595 930 1217 136 -1267 -308 -1038 -1554 -299 -120 -41 -70 -101 141 -779 -93 458 -427 -1447 -540 205 -938 673 -394 425 -338 212 -698 33 -311 323 -7 485 -142 448 752 -982 -362 251 183 507 359 246 880 -1170 147 567 -94 -252 1116 204 -700 3 545 -865 -318 -790 297 -1008 166 902 -139 -326 -468 611 32 -567 815 -684 -425 -458 -682 -456 -53 929 -777 348 -602 -422 -59 454 -765 221 -1362 -839 -630 -16 396 320 
-569 -795 -52 -345 -627 1354 -71 -170 617 772 415 -388 248 -1168 950 113 383 -233 355 -459 395 129 -545 -29 45 -123 -474 -325 -294 -119 63 -1047 -86 -504 346 -736 698 -191 249 692 -418 -1390 406 108 1480 784 -131 -1010 6 685 -541 -16 2034 283 155 -1017 -539 -381 -537 -941 153 472 900 -232 -449 -371 -280 349 457 301 6 213 -550 416 36 257 -400 19 366 -824 -721 -466 -556 430 1176 -1268 19 1573 -232 -689 -986 -652 637 -1105 1216 -353 803 -893 39 497 -947 1011 110 -64 366 889 1185 -39 467 272 591 474 599 -530 399 1162 60 -458 -139 1149 -686 -952 -771 1434 1026 123 453 -392 -386 -139 -1155 -695 -733 -254 -556 -392 615 831 435 134 -117 -182 -405 330 207 -43 -166 -474 637 387 -466 -204 286 1303 -176 -347 487 757 1023 -828 259 -449 465 1072 -1170 -751 -587 -853 -1094 633 1082 403 -1531 205 -802 240 -197 -430 -231 -466 -456 863 331 -15 -229 -162 -122 -347 -614 929 -1244 -273 -814 231 863 1155 429 306 -596 907 -752 -47 -63 -921 -473 -736 -1274 -371 -26 872 233 207 -970 477 -321 -18 -214 69 -69 190 -103 362 -346 -1687 182 194 -39 172 829 532 -216 -484 -20 729 -1098 212 -335 -805 -135 448 549 -111 286 -122 94 720 -162 578 435 -54 187 -49 -1518 -728 39 1050 -813 -488 432 241 259 -433 -603 378 -842 -627 -27 267 198 -4 11 191 872 413 752 -140 -101 215 707 -315 -1136 -295 -42 307 156 483 807 -517 39 914 47 67 609 508 -594 428 -721 262 699 113 
-647 1095 -609 1129 -400 -285 -392 -163 -1300 -1177 -852 -456 207 -617 -1268 -1397 845 58 -427 -999 275 1007 1061 525 -398 1242 -539 509 -716 587 -386 48 -1120 -628 303 -665 -487 -436 1138 -554 -428 -122 -277 -417 487 94 -1320 -1093 441 766 566 -8 -987 1396 -641 -71 57 -282 -746 -900 573 187 -609 1 559 110 145 633 139 893 -984 -448 405 -688 -1071 572 -292 -171 1250 -217 -88 -489 413 479 -221 -572 285 -816 -964 -228 440 -1182 -327 -824 -154 -296 -449 598 250 -710 372 -586 -610 -968 -104 -259 -224 -132 126 942 -16 -1102 603 -672 -645 -194 -53 -13 -106 1950 -249 565 607 249 318 399 -394 404 -182 897 -533 -145 118 451 574 28 -901 758 -426 -20 361 1368 525 347 -1127 294 -285 -1134 278 -425 -235 1184 71 -199 925 -425 -940 36 468 -97 664 -563 128 1440 92 260 34 -1217 -375 605 -1192 124 -23 851 220 581 -205 -614 383 -141 -208 -209 107 613 692 -69 193 -1867 -442 -1262 1446 948 519 -1081 -1141 76 586 -812 -150 -167 653 -126 -1707 -973 -9 51 597 138 1293 698 194 39 771 1021 427 -586 -299 252 429 79 -352 458 -952 -363 -153 1215 -1159 -448 443 560 460 -872 568 -494 1256 168 618 87 252 -616 -340 1679 -12 -846 464 -1132 -1476 -69 -443 258 -54 397 -599 -55 -859 590 153 1023 -1250 1183 -291 551 968 292 -426 -272 284 584 220 531 -175 447 988 -659 151 398 -253 554 -545 -1074 1107 -489 359 -878 -514 -1195 -525 -89 22 629 -951 -388 302 1065 -11 262 939 -251 -369 -198 
286 571 481 296 601 231 -556 628 1175 34 -986 467 644 619 263 1156 298 218 -578 -482 -561 560 -286 -1121 -476 -333 187 50 -959 -691 -483 512 176 -880 -306 146 -415 -703 281 955 144 -607 1413 623 456 78 1982 -448 174 25 -279 -38 -208 -193 293 175 614 1119 -379 656 269 121 -725 -630 -216 531 -2471 -774 142 482 218 132 -398 582 541 -147 -618 -253 379 -10 42 -307 -487 -834 -454 -454 891 1229 880 -340 -85 308 425 -227 -430 -229 595 363 -505 101 -392 485 562 320 -833 -544 -385 -841 296 -807 -771 -85 -284 1117 677 1237 133 256 -123 -468 -1486 -198 1446 1017 -256 262 -51 -287 -267 213 41 -478 -879 23 77 515 501 -347 214 -1194 160 159 679 -745 -801 -484 -629 -62 373 954 -100 -428 1323 -750 -943 200 -349 -527 817 195 107 -476 153 -246 451 53 640 -297 -795 84 -298 -628 -298 -177 603 9 319 -713 -629 405 -1138 637 1063 -557 -798 -842 818 63 556 -203 -731 608 -244 -390 1268 -142 358 -47 -172 356 -295 196 23 350 316 -200 -260 20 -458 -322 -8 697 28 457 745 -477 -833 -827 -285 747 111 783 959 177 -810 -186 -174 1035 45 -849 -152 -57 -197 970 828 -1261 -836 -807 106 9 451 378 972 644 -1437 540 358 488 -440 -911 402 -829 634 -359 185 -1291 -363 162 -35 -170 748 -1348 -1361 -239 -580 223 453 322 110 -368 -726 -11 397 -161 -744 26 274 339 -660 668 -145 372 -716 -84 -437 532 892 -249 1299 214 -780 732 477 1018 -1162 -1222 -643 -566 -42 -935 
891 -75 -44 -406 -140 -335 64 731 734 -239 -598 316 -738 195 433 797 579 -302 -308 -624 -561 431 204 -30 695 143 -311 532 -656 -144 -361 516 -1690 424 -622 608 -531 -276 686 -514 636 518 826 247 -1202 -325 -766 1362 -739 -1012 86 -733 -1221 381 530 693 -807 -566 176 304 58 -56 -51 -65 -316 29 -141 -554 172 90 -753 316 95 -987 -1280 -193 -377 859 975 -956 535 1098 -77 -470 -516 52 912 718 -1224 -1425 -499 -634 -433 -479 -224 -229 321 312 -1103 383 135 -924 566 1088 719 414 978 617 886 751 415 -807 267 -541 -681 573 445 77 -417 958 1306 167 -13 -35 -840 -223 37 -327 -445 1131 -1127 -541 -542 719 305 -376 533 482 506 464 741 -831 410 -307 -342 966 -202 -1104 230 -361 -69 623 1048 89 250 -626 -1343 -634 677 741 546 133 678 516 -463 -222 -139 349 13 511 -1280 -845 -25 91 377 -600 58 87 -179 863 663 836 -341 970 -722 862 -163 264 -259 107 438 -209 446 -252 -127 263 775 -250 803 408 190 1345 -288 -280 -126 -715 179 29 -742 446 201 695 -167 119 1347 518 1909 923 -718 -529 409 341 -833 -204 -197 -369 888 321 128 245 256 125 -396 799 -1058 420 639 -884 -81 -771 689 339 1110 16 -1134 316 -10 1441 122 1663 11 516 -197 -78 884 288 -398 271 1035 -1051 -328 301 386 -330 -276 -62 -144 -304 -1038 365 -198 -129 490 1479 -672 289 -317 145 486 782 255 636 -285 1232 -824 -799 749 -274 848 -249 455 -102 8 79 1231 673 -519 -144 -558 -19 
-866 -222 -620 358 -799 177 625 -478 -106 703 74 212 690 -13 -781 539 1160 51 16 -217 -430 -797 -668 -220 622 -736 189 528 -651 -472 -460 297 472 -558 1404 215 -57 125 616 -933 55 -619 -354 203 -255 -177 158 1517 581 -84 -308 -202 1147 -189 -360 486 47 -479 -591 655 479 244 -313 50 600 -718 192 -222 -536 -371 250 -527 266 -338 1116 -152 -1253 278 201 -1128 571 -262 -823 -555 531 -548 685 -404 -458 -741 668 -1062 -1071 -520 610 -362 528 256 -127 -642 -819 1208 -760 193 -861 83 -571 -212 102 -397 -669 683 2 -611 745 299 -483 -294 -661 -431 -343 -38 545 -662 -531 1589 -603 -218 -519 882 151 -103 -1182 -6 299 -907 -983 -1569 1621 -138 -322 -958 344 684 168 952 1209 133 123 -1 469 -479 587 -98 -1219 899 -611 443 -451 -465 457 -926 37 214 -556 756 -1040 289 -786 909 718 -554 907 755 -156 -403 401 -763 -101 -1127 654 245 -409 -1263 173 -550 340 -279 240 -555 -579 -337 260 -379 116 -731 1179 -558 602 -514 -403 -500 191 -48 -191 1179 271 1098 -580 -490 244 141 -165 231 -1042 362 364 56 -242 29 -185 -410 334 -87 -882 1056 -755 363 -970 -451 431 -771 104 155 -233 -1082 390 131 -617 353 266 538 -255 -757 -169 269 -414 -406 -522 -261 311 -207 -829 -116 256 -252 -440 232 -1643 -475 -397 -597 -645 -121 102 325 168 394 -919 729 -279 -355 588 -1072 169 594 -398 -658 257 -515 884 -714 -712 660 -324 -808 -109 422 985 -481 -401 1001 33 649 241 -700 -1073 -323 329 175 
43 -29 -163 231 -963 110 272 -212 -833 1131 549 110 551 801 -439 141 -723 592 605 -364 228 -490 -596 -778 -164 -620 751 246 -722 -747 775 244 323 503 -805 -300 -1178 -237 -567 -764 458 -276 1124 -300 -309 -1323 -2768 -934 84 645 435 305 708 743 -137 892 -1305 -506 -522 -731 561 -98 327 -129 59 -1216 -388 688 -70 257 111 -236 273 382 1331 -802 424 1063 -770 -89 -732 11 -1463 478 228 -572 836 -394 881 -454 -459 841 -161 -758 -1083 -1197 -497 235 180 -191 726 255 357 190 -1047 -728 -482 227 1 -531 -82 106 -241 -615 1474 321 113 722 -1108 646 537 134 195 14 -114 630 285 -127 -547 242 1324 -921 323 782 298 525 129 -1202 -746 -218 895 392 -456 419 481 -726 -400 -550 459 -173 676 138 -667 -378 -1514 160 560 479 -938 -234 -719 1063 840 -623 -577 -637 62 411 -345 877 -593 639 -813 -442 -1047 -350 -1571 -396 -459 -1530 1528 -597 432 -118 -132 397 5 830 -561 63 -122 -354 -214 -245 -307 -435 198 -362 406 -468 476 -92 -412 -177 207 105 -562 101 25 -765 263 195 -3 -334 -400 -263 -240 483 -147 -30 -1033 -106 652 -897 673 615 -318 -504 286 -570 -206 98 -271 -258 -351 -638 -372 111 1259 -796 -257 -740 -627 349 251 819 -672 -141 -329 -227 252 -258 -56 307 -291 226 -208 -579 619 21 -209 522 -830 -911 -1362 -973 -1103 -739 -847 -617 50 -195 6 645 -261 562 -940 -335 419 613 78 -618 -173 -483 806 -594 214 -63 966 635 -712 172 538 583 -289 141 218 -544 1117 -243 
56 -242 -1022 -168 -443 140 -70 -325 -569 575 1042 -266 257 -518 -663 -533 340 340 142 183 996 218 1329 954 -578 -521 -339 223 803 16 591 381 -61 -230 275 -599 162 -881 356 356 -1197 -806 1092 103 653 -848 -246 316 190 320 1143 -706 -906 -345 -334 -405 240 362 650 257 817 -1322 20 -550 728 -611 149 599 -64 -550 812 45 55 530 -1356 -335 -154 -13 206 96 -157 -995 -201 859 539 631 -677 1536 -1646 56 15 905 484 -512 -806 297 184 753 240 -226 8 251 108 1102 -52 67 332 -856 1127 543 297 -331 -26 -155 -792 -523 879 -138 145 -134 1128 -506 5 148 -46 8 -4 1075 -848 252 -1520 583 1174 140 -1203 -780 209 457 -661 345 60 -480 -142 71 57 243 -755 -686 -534 94 -517 -153 1096 -72 60 -1031 400 -126 1331 232 -227 -815 -1220 449 -249 368 65 -245 -356 -444 -350 211 845 -575 324 396 541 -48 -132 1088 -749 73 138 141 380 409 620 1266 764 739 2083 381 89 -887 23 127 404 -484 -559 -85 38 -283 -662 -1322 -93 115 -277 -377 766 1007 -357 110 399 373 1582 374 -453 616 223 536 928 1689 521 -419 551 -724 277 219 -185 -62 -570 -311 806 -514 -616 -405 -565 628 -625 -114 -607 -561 362 86 -304 88 591 1404 -688 1164 665 -91 765 -424 -158 316 417 417 120 88 -417 -138 779 -182 135 -218 -291 -607 1388 514 487 -822 15 -223 111 -209 -928 1143 294 -837 572 -360 464 232 -1165 -50 -1423 -115 -237 397 553 -387 123 152 595 -649 946 -625 68 -419 
-76 -189 -578 538 154 960 352 -25 165 -735 956 147 -84 293 -321 -28 -47 112 -627 -498 -781 669 -358 -90 -644 -535 -738 619 -175 1385 -297 536 -162 -128 353 591 1062 347 -417 -808 20 26 -1657 -52 -28 483 366 944 -330 221 -316 -961 35 649 -646 272 -48 131 573 296 763 780 -721 -920 205 915 -1004 -502 319 -112 -1188 618 398 29 -288 -257 383 -1056 -422 246 379 -537 497 247 -272 529 554 -282 670 206 153 -452 -1100 -1052 -836 682 1479 -68 -57 -803 -208 502 -542 -1015 -300 -158 692 430 433 311 721 833 776 883 63 -450 -393 -99 87 725 -449 -185 -76 -328 -452 337 904 -169 690 545 -310 49 -394 593 76 -1815 -228 -475 -721 -193 -197 184 -683 929 1099 -66 1333 582 477 291 652 579 -303 -278 -63 -409 -256 -674 1304 109 3 -1703 200 1713 -674 1120 -464 668 1110 -73 513 -611 -308 -207 539 932 617 506 807 590 413 -293 325 103 1236 -317 -816 48 -669 -784 -150 106 120 211 -682 20 669 785 -346 -11 -662 302 -232 560 30 842 534 -520 -1226 412 -227 -434 -3 -367 -1216 -468 -225 -299 -746 -105 -577 -956 -836 -265 350 106 -331 -641 422 770 -589 1027 -320 -952 -231 -81 974 -98 -1085 -99 825 -866 848 371 -337 -327 452 -168 396 -39 -376 554 -933 -599 1917 -1153 -274 409 7 -318 -399 753 -226 -750 -209 171 -243 -691 -319 -1138 -566 458 -233 599 143 -7 -751 -497 893 -114 236 -9 355 -605 -554 369 -134 -610 -565 21 -380 -587 -505 -475 -670 62 528 867 -628 613 
548 134 147 1996 642 721 1451 -169 -1056 -113 -468 325 -167 1844 1046 -428 21 -438 -268 258 -722 519 75 -549 -414 1399 114 728 -322 -493 -673 -963 -1111 223 -1173 -306 -667 -331 -366 -89 -1194 -30 -220 -1165 -429 -94 77 -1541 -217 312 -152 265 106 133 -320 801 -473 126 -480 -75 783 184 -757 116 742 -493 -448 911 1145 747 -698 799 262 -117 -540 -559 -201 639 -24 722 -350 877 -554 1049 -863 777 176 -474 -12 731 -632 310 -435 73 -303 1216 647 592 -920 -2097 -126 1399 -314 -581 -200 -67 -126 130 -298 109 -170 -254 797 -805 263 467 -357 23 106 1104 28 654 901 -1585 -776 -845 144 710 -677 -352 159 -1105 -828 459 -5 872 -644 187 -412 -217 619 -316 668 -886 384 383 328 320 -432 410 -61 421 -1337 8 303 -767 603 617 396 122 -357 783 -653 -830 -250 -706 603 -35 99 166 -733 685 573 515 6 236 357 1231 72 -960 680 559 333 -787 -642 87 -345 -391 -689 -505 -647 226 -409 200 -503 211 603 954 636 -40 290 -1123 -444 3 15 701 374 -1042 -1271 294 -1166 -856 758 -134 -272 -285 -206 590 -799 825 517 -347 -1278 1289 1086 199 349 -262 239 107 -160 -517 418 -112 -552 -303 -1361 222 1436 -1002 378 -446 -722 -149 136 -544 269 -58 218 -1366 375 370 -170 -653 235 165 -801 -835 -533 411 -387 337 277 351 -826 -546 864 23 577 -330 880 -783 -132 64 33 181 109 -859 -1636 134 234 120 259 478 88 26 102 -448 1151 646 -347 -947 1373 518 432 432 595 -412 -328 -1940 
739 -7 -527 658 90 438 385 583 348 -888 -751 -199 23 445 1113 820 -247 350 420 -619 -421 -927 423 296 863 -573 1354 202 982 -263 349 -120 0 279 -530 11 -1078 -836 -309 -181 -66 -479 -642 -849 -126 -476 304 -352 860 -275 -388 -31 488 -868 658 448 1164 -147 240 -118 76 -598 1240 323 733 -1757 -547 278 -1282 1034 126 -102 -356 749 725 1009 65 244 -389 -196 -815 792 330 424 -93 -471 835 587 -325 535 -99 -589 749 71 241 26 -767 167 62 -683 677 -11 -333 -501 -375 623 -49 492 -1151 -964 954 -57 35 -76 590 423 377 -1260 -42 -1240 -617 674 -933 1114 -639 -213 -107 -372 79 -160 -708 -299 -811 555 72 -1160 967 508 1005 -747 -78 294 -497 68 -932 130 -348 366 -48 -572 -308 181 100 551 359 477 -94 259 766 -405 -156 247 349 -13 -1025 -313 -103 305 -876 535 -285 -217 1564 750 187 598 890 -758 624 -332 293 317 955 207 -297 -741 -505 -83 313 -187 147 -1047 -1018 -811 1278 792 -46 -1014 1081 486 839 1001 -148 -683 205 -863 732 -353 -490 -811 -701 -272 20 395 -491 59 173 -71 -1031 25 -16 -382 -573 617 -128 1522 449 1056 390 -651 -125 -1325 39 -379 1091 -44 -46 -235 128 717 839 615 886 -610 675 1075 -1264 -645 216 -737 -599 -506 -217 276 133 692 -40 966 518 642 -414 -386 468 -1007 33 211 -1000 79 -600 178 -162 45 -863 -410 396 172 -453 749 -150 -189 -308 -485 -179 -629 -1977 -976 -540 748 -850 415 88 -1539 -278 -1107 -480 601 373 -816 143 -833 
930 -1397 718 -93 199 -7 -40 -90 -440 -125 488 631 -372 -64 -674 -400 -891 -968 172 -8 238 1665 461 10 502 -845 -536 -812 15 1209 547 -805 912 -859 -310 567 385 1220 -46 -329 593 -322 126 791 773 1055 24 -38 294 809 -43 -102 543 18 718 53 508 266 -268 -535 44 -262 37 814 -122 182 634 450 106 -736 -143 414 578 -72 256 857 -67 462 636 647 -679 -269 -449 -509 474 -510 373 -292 40 667 712 383 -1248 -1123 721 147 178 -688 -832 -196 44 -187 907 301 -1070 597 202 256 -1329 -591 332 -215 153 644 -245 -143 156 698 -908 -333 916 -163 70 -695 -982 50 -145 753 884 -1244 -549 -28 488 -623 -353 89 -14 -872 289 -403 768 904 362 699 81 -219 -274 -192 490 958 91 -52 -7 854 40 -1017 520 190 432 -940 -1457 -951 662 -262 -268 1497 -823 -112 -380 560 61 -88 367 9 -198 -270 -264 -19 866 -961 -717 -766 -190 353 -141 -698 38 -57 444 -189 610 -479 -760 -349 -1501 30 -703 939 282 -283 320 -728 1034 -35 76 -395 -135 -799 944 256 240 -351 -9 -477 -699 247 237 982 -712 759 -4 11 392 1540 -427 1491 -142 461 -1216 -168 -220 -676 -399 -391 -571 -112 675 -1226 -1057 -312 623 -1046 139 1366 1222 785 -474 545 1057 1118 -632 -673 129 585 710 211 282 291 -88 404 -64 -79 1432 226 933 -844 67 165 -1200 -170 296 -1703 421 221 507 -400 517 -706 271 -42 660 844 345 -45 834 -1066 -493 -102 -402 -595 -624 -435 -989 -103 950 601 -133 255 340 -674 
233 100 101 2 73 -481 318 201 1124 -304 1163 48 -910 -830 -39 267 -449 1052 484 342 -350 -550 -510 364 -297 -202 764 619 -251 -102 204 405 83 -113 339 -95 -710 -225 476 617 190 275 719 -245 536 -126 892 -723 288 1224 833 154 -247 380 1182 -758 474 -318 -155 968 -284 -306 180 125 2058 -1424 -159 -625 1303 39 687 530 155 350 719 46 296 -929 -502 -334 693 -912 690 -616 -619 -155 -691 763 1074 -189 -333 -641 719 560 1025 637 262 385 -379 -665 703 1857 229 -82 178 570 522 -422 -992 224 -109 162 813 -447 1310 -870 -501 1583 1165 -1431 -440 173 -1002 981 254 154 -85 80 -1014 345 114 808 467 -698 -886 -293 1406 813 419 -481 -713 542 0 -123 -20 164 -710 -677 -116 770 -498 -1422 208 335 -205 61 -241 -75 -283 362 -450 -371 -533 494 815 -950 264 181 -713 432 652 682 -347 -352 1038 -48 652 634 569 -323 -209 277 -241 585 490 -253 882 87 731 -697 286 -1018 -200 99 -359 1189 -611 -4 763 -251 -271 353 -429 -392 -1357 334 -319 1354 168 -441 -421 -178 -72 456 -782 -34 -1406 -426 120 -23 -593 159 986 -379 -71 2 -1511 -49 268 2 463 -96 406 -2 -459 468 1057 -457 -358 942 -243 1076 -488 76 922 668 604 401 308 404 -765 -1 -1116 174 -156 -392 -23 -935 46 -484 463 1038 -933 981 -393 -1497 -523 959 640 73 -498 -10 22 84 -706 -110 -435 347 -281 -890 -66 -847 1214 149 -129 1370 177 -97 27 -520 1371 134 181 87 637 186 225 376 136 -1061 
202 -54 662 -68 -186 151 340 -372 -272 -381 153 -166 -1059 220 346 145 -286 -839 -135 -775 -573 -260 -85 396 -351 -585 -865 337 446 -727 -213 -843 730 1437 841 301 68 571 423 -810 271 -243 455 200 -919 -664 -539 712 451 565 -675 590 -615 -601 -213 450 545 -231 432 1074 -599 -19 -575 -571 431 440 578 -583 1154 -560 -1081 -288 1153 251 318 -235 891 149 -51 -577 -134 -1168 986 -197 759 530 -180 -544 360 380 -131 870 -456 215 753 1124 -65 -537 771 -719 -46 -940 -462 2229 -859 862 275 -604 -632 194 851 -949 70 -1388 367 837 347 365 -646 -920 -603 20 235 -505 -1095 275 363 467 174 1214 303 -74 -47 -318 -996 188 -260 465 -766 77 509 592 -143 86 186 587 163 -146 -90 -263 -414 -581 182 468 -485 -929 1190 502 573 -208 628 22 237 774 268 -90 80 -201 658 136 441 432 -507 -765 606 166 345 125 107 -293 -129 328 -203 727 363 871 498 -819 -401 628 867 -1034 582 213 -290 -39 525 -1809 473 1123 -835 205 -165 389 273 -934 600 -205 -394 -226 1204 733 -72 -350 -163 251 -348 517 430 -782 -782 14 -904 80 1387 962 -299 -1052 -380 259 -135 -316 1341 -616 -624 -279 1065 445 -886 511 -742 827 -991 -694 295 -605 -483 -40 251 -664 -689 339 52 728 130 575 132 -548 665 459 -386 -225 -1210 -237 -318 -1380 894 -598 482 -350 -360 286 -312 70 -50 1384 -555 547 615 257 -252 505 -66 -167 -902 454 983 -417 411 437 523 396 916 -64 -138 -104 -412 690 716 -524 
-125 1225 695 250 -341 1503 566 -338 -362 143 121 845 389 839 -66 -853 983 1130 158 -565 -48 221 602 -158 704 1071 -56 -54 451 458 524 462 -823 983 703 -597 -457 327 -454 -61 60 1251 552 -914 -1546 249 -372 -138 150 499 -75 -269 -237 165 -1493 1099 580 737 -287 -200 -18 80 -1236 189 1058 949 420 -811 86 -594 532 -710 187 -520 -45 108 313 1353 -186 -302 -794 134 852 180 257 -619 734 295 -425 -84 -91 174 918 -81 97 -139 -603 -581 -174 -991 -249 -34 -837 549 -780 -324 -482 156 1682 -98 -667 -679 -123 -205 188 -56 -319 -316 -947 747 877 -78 150 311 921 -55 93 225 -766 662 465 751 255 1902 -164 -767 -276 -403 132 -673 902 -239 149 -796 -182 158 60 153 432 -162 397 -434 346 -225 615 104 -914 -596 -12 -136 360 258 -25 750 -48 279 -331 595 241 -207 -268 889 588 -304 -176 7 -217 456 867 2 -557 199 170 872 678 -666 1147 342 494 -1285 -50 1037 -655 772 -251 -1053 -200 -619 -184 -582 679 3 -541 -255 750 -539 -38 -274 581 -187 657 -768 270 -107 21 -496 -176 -260 540 139 -455 7 -767 352 -1413 1131 -1183 110 -782 183 23 -534 1108 -367 75 604 582 -103 1124 -246 -831 891 -899 410 186 434 4 202 -363 -901 -997 -386 -1512 676 215 114 -415 634 672 544 336 294 -332 -284 -1071 -1091 -40 737 215 753 985 786 -906 427 1050 -416 432 393 11 140 743 -159 -732 -253 187 -204 -37 2 -26 1216 130 -691 -527 -725 390 51 854 647 634 -20 
-147 211 105 -98 -1026 -948 -335 160 11 -942 -886 99 177 -1075 446 -113 151 -1591 77 265 366 1040 356 41 399 -162 338 -391 612 1575 38 950 -1126 -830 -585 -667 -489 40 1192 255 -729 -364 955 383 916 543 733 70 -553 347 451 701 -440 -4 763 39 -948 -1284 -453 1376 48 -131 744 297 374 449 166 380 497 -835 329 339 290 22 172 1387 1059 -321 -388 -235 413 -347 1016 345 -891 -1261 -419 86 -114 -48 -418 68 131 794 506 -286 517 -947 -1246 655 -267 190 832 893 1533 392 -884 328 -866 -3 -345 -685 298 -44 179 315 594 -922 695 223 -981 109 -793 -278 257 -366 1056 -109 537 -677 -60 779 -394 -858 1191 39 -1206 678 323 -919 30 -695 -458 -127 -253 -524 1646 418 -582 -332 -175 1331 88 473 -111 -586 950 289 678 -58 -391 -493 -1149 884 -128 -547 -129 139 506 -260 3 409 -1252 503 213 826 -283 -358 -957 -400 -332 382 619 -197 -482 -259 -904 -198 501 -102 -937 -320 -795 -398 1410 -443 586 -509 -640 -543 -1185 -671 135 -414 239 226 232 -250 -1092 891 927 -1088 -844 -368 -273 -541 -115 -488 -974 36 -131 -316 390 -1570 165 -784 -341 -805 -623 -97 -62 -288 -811 1433 500 780 -1170 -1633 572 497 579 -740 301 -472 263 -392 881 -291 156 -96 -519 665 -382 -766 656 90 1386 -368 -661 -1021 -207 398 -223 -357 441 -216 -138 112 333 872 -547 518 910 95 -706 -420 625 -397 -215 -312 -1005 -296 -876 957 896 1096 282 -74 1409 667 133 -108 872 -184 214 1533 -222 -1233 93 -290 
692 -584 740 282 -766 78 372 304 212 527 751 -516 -643 154 58 -500 -68 -465 -827 405 -135 -149 -32 22 253 -358 -1063 -214 917 135 -161 -1027 -651 216 -830 3 -1141 -577 -289 -609 415 1285 -1118 215 -323 613 554 -115 -426 -307 100 -688 -476 555 336 1 -44 516 224 496 691 330 -206 75 -441 389 669 -667 1014 -222 1012 -661 948 97 -71 37 143 54 291 88 -38 232 -92 -408 -550 -365 843 140 -1040 -283 -254 -164 382 666 -155 -213 -348 -472 677 901 -930 103 201 -431 636 1471 763 -96 -403 -135 884 530 -48 -1212 802 1090 -264 296 162 233 -199 -61 -994 902 214 -326 -161 1114 155 -1656 503 -1080 204 672 -149 79 -28 507 1130 717 -659 -1250 1079 615 1114 330 928 421 -445 270 583 193 -1127 -232 -672 -389 -146 -403 -1804 1526 -849 -291 -1645 -328 -441 290 159 122 879 310 492 -610 -317 -16 -482 53 -682 -65 -158 1101 763 778 1208 -76 400 441 -1420 -119 -711 15 1113 -710 -1951 -941 -373 143 359 884 286 -1442 173 -343 -853 1123 336 1300 -312 -602 -543 -783 -1080 494 312 -97 -275 133 -280 -564 493 -440 499 315 -473 -942 -658 771 -370 291 -491 368 -1018 11 -411 932 343 -241 1760 -383 -1624 -197 -383 -526 198 -85 -34 -627 -240 -137 -248 -533 117 87 63 10 -830 -428 -1105 -779 92 155 -1125 532 649 -673 -698 265 673 -724 -1746 -1608 94 -72 242 -525 -288 101 -494 -94 -910 667 88 175 -479 270 -50 544 338 -466 251 -294 251 -13 -810 -804 648 1173 -817 -374 -729 960 
38 -580 543 204 11 497 -195 729 1138 18 1063 440 365 -203 383 -107 -220 241 -1278 -630 -51 391 -706 -1181 142 -1054 -26 -398 555 -161 -882 -68 -536 258 -540 -1244 -194 -232 -826 -760 -328 892 297 46 -1119 -252 708 -104 -942 517 950 346 1580 312 51 481 -444 -594 862 -37 2 682 -688 199 885 -335 -186 1065 256 870 -554 -640 685 -345 129 31 -160 -491 -541 593 148 -197 -992 -121 22 209 -413 -608 208 -1302 -391 1057 227 578 -277 37 1194 493 776 595 -36 833 227 -509 -110 -40 -627 -300 -644 -740 1038 427 -452 302 267 -1023 973 250 459 96 -160 86 -506 -59 782 -189 253 513 479 -446 -622 -1580 -823 772 -242 -282 910 473 242 1166 -894 -552 874 -446 -332 -145 456 292 394 -39 543 -847 -309 25 -853 -1416 1021 -1747 658 240 -689 102 -264 497 270 -80 -101 -716 -185 -195 1396 450 1403 -575 951 1036 888 -680 263 -862 -318 344 -527 -128 167 1609 406 134 85 691 -28 -441 261 1073 -167 938 -132 30 -45 334 745 542 443 -205 149 -117 -637 -69 -421 145 -575 -315 -1046 -489 -418 167 -119 -743 320 702 -719 -598 -168 -429 448 -145 -336 578 -445 401 -1249 -179 -610 36 -204 -139 -219 -710 45 1217 -515 -31 -25 1027 109 -146 -326 185 -530 543 209 432 -214 -54 749 -65 -180 583 346 -904 43 195 -457 611 -103 -222 -502 -127 -1420 -553 612 -351 -285 -304 -870 309 -207 207 742 -629 -324 -13 214 893 -48 782 174 -301 -628 -312 -162 395 206 630 930 -353 -887 174 -1116 904 
-97 284 273 -396 -230 -245 747 38 382 -186 -1303 999 423 77 -782 544 1280 -451 1628 501 -1398 813 272 422 -411 395 319 -23 729 935 -260 -27 112 263 -340 -194 -209 -1306 414 649 -174 -715 713 -165 -1757 -297 -94 227 -705 280 307 -166 14 158 394 1604 -617 353 530 428 -1582 -618 200 -117 135 509 -644 912 -302 613 35 -225 453 -491 431 -1374 -327 1217 1095 306 -128 108 406 -536 252 670 -1721 -238 896 -702 -616 -141 310 -307 -202 403 -649 -385 500 -419 1048 -21 -100 67 -526 -923 -427 34 222 -36 -45 -696 -570 258 967 -1032 -568 -529 -546 -695 -56 -469 364 581 -178 177 -351 -1292 -925 2244 860 1536 107 355 906 63 -167 1237 362 -1164 832 472 364 -392 -276 -640 822 -437 -404 -533 -509 -217 718 -972 -1012 -611 156 120 535 894 157 -1058 -829 604 30 517 162 -594 -750 1052 26 432 247 -304 -720 518 -935 690 504 -107 436 334 326 864 -738 -782 141 113 462 -48 -762 -1699 -503 -1089 -480 -232 774 578 -206 379 -171 51 -899 540 -33 -300 428 -206 119 -463 -498 283 257 594 -724 -492 -322 -1870 423 285 -710 156 -47 327 570 -1591 -626 -354 56 -80 457 741 -807 -474 389 169 -812 -739 120 169 21 427 115 -55 774 -385 593 -1507 -464 -1659 1199 -313 -1094 953 -751 729 -1218 -643 360 472 -162 -346 572 -579 -958 1190 1405 -349 44 561 -324 -924 -202 -260 -173 -240 1216 606 613 -82 1012 336 1311 -1037 1577 -1360 -184 279 202 301 -271 330 -93 -1192 -49 -765 -653 -1943 -1212 -619 
172 -1123 333 -2036 -316 -1133 614 509 -931 -899 8 315 -458 273 619 -560 859 33 -238 662 432 -706 787 487 308 -337 713 -678 714 -40 411 45 650 561 -786 153 611 -358 -663 -220 -197 331 509 -848 -1992 1030 665 -107 -1042 242 359 -438 608 -359 851 387 -361 172 -784 -341 -1393 505 190 -393 -246 258 484 844 -9 1178 398 1046 -129 -9 863 -584 -1028 936 -861 388 17 -286 -555 -58 476 83 -963 427 242 1472 -452 -1204 1092 -687 -5 707 -541 63 718 1038 290 180 712 171 284 753 -539 386 -462 -122 29 -38 -204 -315 391 -718 -566 766 390 -550 339 -406 -231 194 -23 -320 -940 623 613 198 -777 154 -1171 -890 -244 -325 871 -138 -52 779 -570 162 -737 202 -117 291 544 753 -597 87 107 -180 1037 -612 -579 332 -334 954 1468 936 -594 -335 -750 -622 -893 -885 -492 -452 917 -142 -65 1154 -41 517 -167 -427 452 -1852 -187 661 4 -256 534 -390 1276 -180 -682 280 -247 514 166 -903 38 -637 659 275 -368 145 148 1181 266 -850 53 823 704 -256 -211 -147 499 -656 -198 -346 1211 197 492 -717 8 -221 -275 579 107 570 -735 720 409 -397 1194 8 161 -137 -434 1055 -320 242 259 -771 -393 891 -59 -469 879 -839 102 -6 184 947 1072 169 -58 -89 270 206 -347 1320 508 175 382 -349 396 114 146 302 1294 34 36 126 -445 -735 36 668 -322 -861 -127 -278 1120 465 129 175 424 -390 -403 564 -142 427 640 -182 -29 1058 483 -2306 -791 376 -138 -141 638 -334 41 503 902 394 
-15 8 446 -228 313 1979 91 1282 -182 1267 -506 -826 -831 507 -471 -780 55 -1070 571 -379 251 -128 618 373 -810 735 -53 -732 207 -73 956 -237 1377 -649 503 -918 51 -33 -376 811 -591 -576 -1072 -314 40 435 1101 338 861 -729 -161 -706 -16 -326 -20 -173 -288 -117 -300 -1145 -263 -808 599 161 -630 -358 346 -122 -164 -170 886 776 432 -403 8 -622 59 -257 -453 197 232 291 313 195 877 266 1176 -454 1078 -936 -429 -1740 -352 -82 305 313 -455 165 1422 -538 -1194 703 -183 -495 517 8 551 135 103 1157 -66 -581 461 396 -509 259 -337 302 -427 -138 -86 1274 259 -572 -842 259 -368 1311 2 44 -642 716 41 480 -899 1173 489 -1234 20 -1048 341 -495 64 753 1175 -651 727 572 668 -31 -12 -705 -1370 -83 -616 1663 436 -971 -2109 164 -681 -16 302 888 -634 -70 746 267 -91 -741 529 -559 13 -626 54 -375 -770 -309 150 42 426 -58 -93 -727 249 -174 -1726 58 664 167 479 254 -836 189 -949 580 -766 847 207 -959 470 694 -377 -1 125 479 -68 -70 744 411 -421 153 -105 -265 786 -98 -484 -1869 -422 -1098 -375 -186 1370 1088 -78 163 56 -138 543 -206 -17 -73 522 -61 -22 290 1085 671 -709 -813 929 -321 -232 -572 -265 -368 -1 -204 760 -632 945 277 -1382 -777 -333 -317 -687 -265 1179 -394 383 -229 -350 532 241 1502 265 -474 11 420 -979 749 381 -57 -224 -836 -711 -992 -1101 512 11 121 157 193 -593 -504 147 283 819 1095 514 682 -1039 -754 -670 -94 807 -1356 -391 220 
1071 -193 -308 -454 -518 31 34 522 -879 685 259 -264 -201 763 -1561 -278 515 257 790 326 -776 675 1289 -898 -191 100 -83 797 67 139 688 -726 353 -156 64 -21 1514 539 790 1149 -31 879 388 -1 633 -425 507 -369 -1086 -285 331 -856 467 -418 -759 57 498 -923 306 -728 -1310 -1344 -332 -755 466 1469 1402 72 -725 893 711 718 1559 112 286 -971 490 592 -1398 110 309 -1233 -650 -344 958 -1003 -25 287 -534 -507 152 -155 -188 103 -1088 -527 -539 -548 586 835 579 646 5 -65 222 891 -210 -166 399 214 1296 -474 -1143 988 322 -227 -776 921 251 -1246 -36 -115 159 581 -30 91 -1175 -479 270 188 221 -98 -111 88 -869 -379 -85 -1205 223 -156 232 -181 -425 247 -133 799 -168 0 -208 13 -274 124 644 624 -200 39 591 214 -520 -1048 -138 -1038 5 -299 -745 838 711 761 483 -644 471 267 265 -694 376 72 450 -56 1227 68 -121 707 -162 -797 1625 52 827 -422 -197 875 -342 216 -412 -72 -569 -288 12 721 54 -899 3 49 458 284 213 -718 -418 -40 543 -403 298 0 80 681 719 -487 602 -184 480 187 217 -547 -248 -1176 -140 -884 733 195 221 -585 -353 719 -273 231 -1001 -79 1370 -640 -1012 -253 -384 600 -938 -291 625 770 -295 723 372 -66 742 397 -1447 -224 -122 -678 -609 -1092 -467 -620 -15 -810 14 379 -172 -79 -266 -284 669 1059 -106 725 -466 263 203 -729 1228 -672 1294 -189 650 -798 -272 -340 15 -227 143 891 1184 -457 1116 1744 332 -238 972 -278 269 289 -329 982 
225 -1150 -443 -80 -114 -26 47 491 730 49 -1086 606 998 -1156 -936 -1364 -476 -213 924 920 478 957 215 209 765 453 369 -965 281 -222 2111 -2 -364 167 156 510 18 -184 -147 898 478 425 826 727 975 -1174 -94 328 500 -439 19 -633 -203 1432 334 340 491 -756 -794 -134 -663 180 -288 -70 -36 1245 784 -758 -473 642 767 236 413 -281 -71 -449 -690 839 -333 181 -487 -790 -160 1403 828 -413 655 -552 723 395 -192 575 306 239 474 673 -248 398 -558 119 -759 94 -578 -555 517 229 -296 -740 561 -735 -426 -540 -111 1110 -978 -384 -411 -242 96 -497 374 1594 378 -309 80 842 -382 -1325 -492 1267 -923 -823 575 144 -884 -658 -33 -722 460 299 -605 1049 -980 1066 424 223 -633 -989 892 379 323 101 32 -545 457 -340 -210 -39 119 -109 -940 407 962 837 446 -243 -416 -613 -1291 -497 439 100 -395 -563 -943 -578 278 -110 -44 -1431 248 -197 -566 123 316 113 -1120 1386 -345 442 447 1078 764 -536 388 83 -934 -241 62 397 -190 668 386 -1070 44 -1327 189 503 -121 -316 621 -50 -151 765 -570 984 497 -597 683 151 911 -145 15 19 -1097 -677 -908 711 -878 325 -313 678 152 -898 -620 462 843 119 704 409 202 639 0 -83 -1071 -737 1248 105 -456 578 -729 -1423 -192 -972 -49 1676 -408 -49 -712 436 243 -894 -34 102 -236 -892 -84 1080 -413 -25 -1130 -832 128 970 287 -868 -523 1212 103 -524 458 113 -46 -403 1007 -334 324 -104 961 785 -156 121 -612 -528 -751 -451 1096 -1146 61 493 
497 669 313 -219 -936 691 -803 1229 540 669 484 312 -749 1048 -302 -25 -751 -3 -295 1 -323 -776 -251 910 671 246 581 -244 -443 -660 -691 -923 10 -143 -169 -170 -407 1180 -244 122 -237 -372 944 1079 359 315 -75 -607 -650 308 -730 -147 853 -776 434 -576 -130 -7 166 1277 -1620 -588 29 577 -1059 798 -403 709 868 348 -725 -119 634 521 354 -679 -984 -41 1044 -286 -1005 1513 329 -514 -504 639 -566 141 -161 -1989 -874 -109 296 64 125 -272 -911 326 904 -237 275 -651 348 -477 671 -422 -923 495 -665 138 357 -767 -1934 336 48 415 -77 -368 239 794 -682 -316 -383 -627 484 -104 1257 -380 -280 -1407 350 -572 -1691 -155 218 331 179 281 312 -288 -950 47 166 -75 -246 256 -100 -1061 -593 39 1302 -437 358 -648 -676 -155 -980 -275 -728 333 -564 -637 391 -350 201 -65 709 -140 -357 -632 -646 -53 -365 745 -549 -494 -565 172 456 -714 312 41 399 109 251 -288 280 868 -441 865 -214 839 588 149 -320 -1163 -827 -653 831 48 -895 452 -523 551 -1850 -303 372 -755 425 -51 -146 -177 173 661 712 -1104 -203 1116 1018 -837 -813 -559 1661 -661 -402 289 -303 1736 -422 -387 329 -305 239 1249 503 -182 773 453 30 -112 -114 -362 -1040 -413 -293 435 -95 -157 1095 -415 218 238 -324 -483 456 1017 159 -1926 705 -101 736 -955 -540 -300 -343 -129 1475 347 -580 -1118 -471 558 44 193 -226 -624 695 618 -196 864 -1386 889 -304 376 -134 486 -1507 695 492 -996 -667 0 1984 -922 -207 -85 -106 -743 -22 -73 
-10 -1004 -323 -79 -1207 171 -1381 337 381 518 786 -240 54 1162 -1281 -339 -433 647 351 -206 605 -98 -681 -809 -325 -131 -491 786 141 1305 631 505 -638 -98 577 -243 -389 -991 -1097 -3 -850 -517 142 101 339 248 55 -796 638 1088 607 367 -164 -947 556 -433 1004 -42 -451 139 988 -565 609 185 1136 -917 -365 -179 -1904 -852 750 -356 -178 -575 -441 180 642 -648 -367 110 -290 257 198 -60 -300 -166 1330 769 -943 204 -39 363 394 -1785 -1296 457 897 -11 78 -96 1705 429 -96 121 -28 -663 235 1487 -791 -149 -248 -275 -309 -389 -159 -150 494 -538 -171 -772 90 -495 -1303 447 -185 -640 751 576 205 -200 -381 -777 -148 -544 545 -759 -153 759 58 -8 -732 1093 549 209 346 650 -549 -54 -26 -137 -398 673 -1297 -597 209 -718 -1199 239 1165 -93 864 582 -192 204 637 -859 -439 573 792 696 -145 -590 626 -919 -365 256 -392 821 627 -1216 -3 -29 395 916 -455 -1110 -954 -528 541 -1210 -376 131 -825 -120 766 73 1246 -463 1035 347 -139 469 -559 131 798 916 725 -311 -435 973 -273 473 -675 -641 -123 233 -687 190 -375 -262 470 -690 -338 -572 266 278 -732 -827 654 -5 55 559 261 781 811 1128 -1305 327 787 -248 305 342 -702 -637 -457 -1212 -403 -1103 484 752 -680 631 -114 65 -1231 -55 860 -286 -114 -190 1201 -415 431 -95 441 -881 -281 -1224 6 306 293 414 769 499 901 633 -603 -43 206 270 301 -1296 -176 -674 -241 43 270 -143 263 95 -1419 733 -106 227 -132 -923 232 924 620 -1185 
-1135 -12 389 -283 434 -137 -332 358 -858 1268 -390 -340 391 1219 325 735 450 -402 729 507 -749 -20 -494 -32 -1365 -467 -304 1305 -776 365 438 929 -164 523 62 -25 -313 -642 45 5 489 -706 477 189 -702 865 578 292 48 -504 -107 -548 254 -784 198 -522 -838 48 -120 1049 1302 250 -55 -422 -717 -240 -772 -991 783 171 727 -894 72 314 66 1057 153 80 1019 -477 780 -332 1143 -121 -46 143 733 777 -67 1010 -119 -135 -278 239 -830 40 953 -611 603 -262 382 374 -131 218 -273 -645 150 -1074 -1027 -1009 -56 -299 -1111 812 -285 -302 1746 -800 563 638 305 -421 916 -255 -676 451 888 378 456 50 998 554 118 -777 -378 -181 -628 661 287 341 162 -566 -940 -711 -17 784 516 768 -519 -397 930 -190 605 -640 -936 1214 1069 547 527 -494 -398 -1099 -196 -1288 -351 325 703 -183 134 855 423 -552 1136 1351 136 -15 347 817 -1034 -991 76 -818 -119 -1350 72 1269 -473 -1028 628 -111 509 -1499 -177 -25 528 488 337 215 362 879 -795 109 -101 -272 1372 86 -100 -487 -738 -711 697 101 172 -862 -30 619 -789 -297 466 631 -1132 -388 -1243 -639 -580 464 107 -2 753 145 -657 368 -696 251 1189 23 -419 257 819 2070 37 155 426 397 130 669 431 -1125 -852 -249 1 743 123 -507 -3 -387 -1005 215 -777 -758 -291 70 817 102 940 49 268 -485 482 220 192 -1056 9 -19 -209 -551 40 -604 373 490 362 1086 -380 -277 581 -67 0 -108 -370 -294 -128 -122 318 155 423 27 -836 622 -459 653 
-58 186 1290 738 1299 -374 -844 505 166 186 -298 -778 1041 729 555 -20 -11 -1219 -232 -825 -970 -91 667 1076 61 997 -452 -123 -399 21 943 181 -1232 442 -981 41 612 119 -1024 -255 1041 -631 -73 -1967 -168 1015 827 581 924 -151 -345 -691 551 1047 23 399 -1259 1233 1183 -937 -151 41 927 349 887 664 -329 -300 171 -241 -176 607 603 -244 -605 256 -1087 -407 342 521 -51 -655 498 514 19 -510 1354 282 -367 -391 -1564 -486 633 59 -408 228 334 738 413 799 441 754 658 886 -979 -1515 -1317 -746 -37 963 -165 -172 330 -822 -963 -1091 1136 1038 -646 1199 -389 -718 1302 -53 66 -347 589 -239 45 145 -802 62 1272 404 718 -75 1129 -100 -663 -486 810 -36 461 -847 808 -431 893 -27 -459 5 832 -431 317 -1264 -597 162 305 -1332 -481 413 -671 -6 524 368 -799 14 266 -315 -159 303 -715 51 -120 272 -373 -43 70 -168 -725 -490 -600 -470 -426 -1358 -532 -479 -699 371 217 670 -449 -35 -485 223 -72 230 -161 -91 185 698 517 -588 -520 143 -51 -296 -558 1307 273 -131 -17 -983 -770 -126 113 92 604 -166 -289 -730 -270 -181 -291 -63 12 210 43 468 287 -86 -361 651 -459 38 255 161 280 553 771 -540 1089 323 34 -624 183 -887 397 331 300 -308 1037 427 -701 -92 260 -47 185 -150 856 -353 770 -137 298 -385 -1231 -137 464 -798 -603 745 -205 104 -619 199 1142 341 -1319 -159 50 -577 -362 -1358 -1 223 1176 146 400 843 105 -387 754 -108 -75 919 -186 -61 -575 -362 470 226 
-30 868 395 493 -65 -263 145 686 -976 1055 287 -526 153 1183 -949 -355 224 -719 181 -705 -84 -413 130 1002 208 -482 1124 85 -114 336 -252 -18 1051 -131 -811 -958 673 -282 34 -2 379 -896 -114 -224 266 1588 1130 -433 -700 -78 -652 386 614 948 -485 -622 399 660 -1029 -456 443 -431 1138 17 561 756 94 387 -358 -24 951 1266 -355 1046 -1043 78 -435 112 194 -105 320 -1070 556 -969 10 -293 795 522 -648 49 1473 -626 -295 -269 -563 -738 -78 -396 1328 211 547 166 -362 173 -719 355 -1990 578 -524 -602 82 1081 -258 -27 -811 11 76 -12 435 635 -183 765 1720 407 -107 -1061 -268 157 903 -891 170 -349 466 297 974 120 1018 46 264 -307 329 -1007 1195 -706 1111 682 291 -249 -606 512 -166 1057 -182 -467 -302 -731 -31 1145 -470 321 -905 -158 -104 1226 -89 113 295 -489 -825 -6 -203 -206 178 1491 -863 -270 -207 -100 863 469 208 135 726 705 -920 108 175 409 73 852 -119 -400 -650 -290 -166 403 -1271 268 875 -304 547 481 238 520 -340 -38 -280 -68 -436 198 294 -954 625 593 982 -65 669 270 -88 1330 -821 -171 429 96 -276 101 672 747 473 37 -190 125 652 1078 102 -536 -191 129 304 -345 365 299 -36 -709 1301 919 -831 -365 662 -811 580 16 -700 -584 211 -92 30 -475 1686 118 542 -32 405 -72 -1100 87 -210 373 298 -387 -401 -193 99 180 -844 -892 1379 -875 -740 1229 307 88 0 -439 140 510 -607 -194 -1107 -786 -1224 703 1190 812 -139 507 -610 108 -766 -541 
-248 945 500 -1959 895 489 465 420 -323 -7 -1525 -697 -252 -715 298 -593 -258 -1248 163 654 -144 939 981 1284 -163 -299 -172 67 -493 -243 1093 -569 886 248 -483 -335 -1384 446 -236 272 843 -424 77 642 -501 1111 332 131 -196 -208 -486 123 -238 50 -1097 1112 759 -4 -669 -296 -512 -67 -865 164 -887 967 -735 432 -292 399 67 -369 380 -1183 -251 -88 -488 703 789 637 1782 505 -851 338 1110 649 -81 -126 357 315 -84 879 -840 -497 30 -279 -633 -491 679 833 608 762 847 162 641 82 -1580 -1210 -136 -103 868 -177 469 -3 -113 -343 374 -84 664 755 718 -235 739 -653 -270 3 479 -1416 -527 -433 -815 169 62 388 194 -583 11 573 1375 601 -152 -904 -136 99 -340 -187 -152 808 -313 -1091 86 -212 474 -607 -296 624 323 -520 496 8 73 -404 -541 281 439 548 1127 513 -820 -699 155 207 -1048 1141 -379 113 301 897 -379 -539 -629 -133 444 -325 -452 632 -258 1078 -604 -250 89 948 794 436 -61 -1055 -269 986 1135 -273 -544 1124 -35 -495 -736 -103 255 -239 13 -229 1858 42 -632 -632 -9 730 -370 326 -33 -434 73 -1336 -251 80 221 -375 -327 286 -113 -626 -236 961 -499 -868 1021 -404 -371 80 -660 -889 452 148 196 -531 -64 -493 -230 -370 1473 -266 918 495 -462 -1103 10 1168 -15 -449 783 -273 -171 73 -196 20 26 1150 98 -373 -84 1600 -735 253 -365 -577 -868 671 89 -951 1209 -10 -521 133 924 554 547 -196 159 361 525 617 -211 -399 -6 -220 -250 -535 837 157 -834 1609 
-119 532 659 -37 1012 94 -1113 -234 -600 22 -534 885 678 617 1741 1143 1143 -640 -1412 76 77 -146 -794 131 -606 -35 313 164 430 -390 -31 301 -486 658 -10 313 432 -86 -11 -282 -255 80 -1079 -244 164 -134 -217 485 637 -856 -286 -448 -710 -38 253 673 -325 804 858 -1348 171 -1341 -323 1104 515 435 -1301 -375 1125 398 -813 659 678 -1132 144 -360 -121 641 -159 -681 -686 -69 1133 -260 199 -640 -823 -1548 1282 724 -760 313 -619 -188 -105 102 -322 607 1018 -674 -534 1343 -287 546 -191 -294 -173 -155 695 271 -778 579 -580 137 -732 551 -1398 210 1495 56 -157 19 -754 177 -321 151 638 81 -569 -402 -491 -336 78 -936 -352 177 439 -84 -201 -205 870 1056 -108 -369 671 293 414 183 386 258 160 -1236 -473 807 171 1063 1054 1994 551 -1244 -1447 291 668 -44 -39 122 2296 2342 5 -120 797 464 -1399 -518 -110 1012 -73 -1324 291 -1062 920 -903 -521 -585 870 -515 706 663 -899 140 -130 -191 1304 553 418 -1010 -298 499 -63 697 -614 197 836 -310 -163 -437 -902 1350 194 489 330 -631 -436 -699 635 -557 168 -341 -988 -689 541 -1091 27 617 -115 230 1170 451 124 47 630 2187 464 -378 -410 25 1139 952 97 -64 -382 1010 -1256 -165 -217 676 597 -1127 -19 -1048 -145 315 -957 286 -270 343 -26 308 406 955 -4 349 23 23 1237 -178 -380 -779 474 -668 -24 -311 -653 476 56 -125 -267 -942 683 -861 -1494 -481 111 70 -738 527 737 625 992 -1163 -1151 771 294 481 186 -283 301 266 122 -313 
-65 -1570 -1024 -636 -1076 231 -464 205 601 -648 690 -711 -1127 -13 1388 -60 -974 432 -61 -858 -406 595 -1147 145 809 468 190 -1179 1197 447 -78 -670 939 271 308 335 -137 769 -986 -659 254 -144 144 -1851 -1093 454 -375 690 32 313 -976 870 -460 964 -829 39 400 389 -11 -947 259 -7 524 771 481 88 -214 -770 411 -1639 878 546 -809 -1691 -288 511 -296 396 852 372 -1054 -230 527 -255 254 346 1063 -146 -837 336 -39 -123 -1119 626 -423 39 406 -165 317 655 338 226 -985 685 -134 -197 249 482 -747 -136 -988 -1039 -118 -864 708 -69 1 -306 432 828 -815 247 498 -24 174 901 1085 1931 -17 132 176 -313 927 -564 623 464 1047 327 1144 21 609 -579 162 37 675 937 786 -1140 526 -696 -817 -1318 -672 917 333 279 545 -539 456 359 94 661 1217 -217 -1099 1156 176 150 -108 652 530 307 -444 261 -455 -326 545 332 -167 12 -911 -488 403 761 27 134 -1233 -159 312 552 -295 22 848 -578 -199 -396 837 865 1247 -420 908 -19 306 1123 -434 653 -1378 -106 970 675 -35 -1166 -302 -715 -141 -639 617 467 -1463 -298 -24 -582 248 -112 -759 -274 399 1214 1050 553 1266 684 341 -1108 -203 -259 155 601 -486 -260 276 1110 -630 153 454 557 -608 -43 269 -825 229 372 -1065 1700 572 -871 773 329 459 -655 -155 -95 342 577 473 -344 -86 -19 -445 630 243 84 -220 1677 302 4 164 -973 1203 49 -577 -164 -676 289 20 1153 1076 73 -1070 -472 -705 -122 1160 468 -334 -103 -213 721 546 -1362 
866 -268 37 20 -1061 -1136 -826 -769 352 538 309 -448 -101 305 -788 -205 -43 -643 -711 -486 1406 -149 -877 971 -1446 26 -386 -379 -172 422 -746 92 772 -191 594 1034 -258 -400 -1019 182 -255 220 -520 -466 -103 541 -496 -163 1414 70 -262 317 318 -872 -17 -249 205 359 789 -298 297 -1048 -69 440 -73 -437 653 -733 103 294 243 234 -80 -305 386 -98 265 -440 -524 -632 649 161 -40 786 -686 379 -240 161 -622 492 648 220 -1715 114 625 617 -125 -146 168 -404 11 -113 -207 -596 272 477 760 781 -979 248 -20 530 755 -886 10 -975 -323 133 -50 578 -512 335 -14 -1030 565 -98 627 197 -1069 -153 371 1567 -52 -794 607 325 -705 -922 759 603 -1242 277 1153 -379 -87 921 -94 248 320 658 -124 -57 64 -227 -580 387 -1073 -1508 266 -617 -214 -144 -72 1436 -623 -182 353 720 107 -608 312 -375 14 -113 335 446 -11 -396 1066 -1044 319 487 -79 91 542 406 619 -680 -377 -433 -8 1483 -926 -763 -503 -661 634 -277 930 -532 -714 -475 1216 74 550 460 -1308 664 1006 -280 -82 409 1246 -621 1016 213 102 -115 -148 -466 -578 1115 -28 679 -800 -240 26 -457 -119 844 658 -603 1028 157 -402 263 376 120 -687 1671 637 703 10 -764 -1028 902 1076 272 -85 -1150 -350 382 292 -388 313 188 -137 575 -850 -756 -1029 81 -1015 78 2101 145 670 553 -334 -649 1802 -62 -1259 396 302 -618 -514 -156 -752 69 -368 230 -651 22 -1310 -1210 1179 -603 -268 -913 -573 837 73 1035 -625 214 694 515 133 828 
538 861 166 299 -285 683 589 623 157 919 91 -852 384 125 1444 -363 755 -796 55 -792 -1001 480 421 -548 41 418 -710 344 1219 -1165 1198 -377 1054 -1045 -368 1254 -161 -88 -127 -57 554 786 -1210 1216 -258 -856 -729 -291 -1357 444 -98 -255 507 -454 -15 -28 160 -1 49 -388 -303 815 1054 14 -695 -316 894 -953 370 -61 -788 659 220 -1676 -42 117 -246 -427 -181 -1065 332 -153 -675 619 473 364 -414 -952 -649 -773 216 -1284 918 563 123 223 127 892 713 -553 -1179 -451 -885 -264 1203 607 504 -776 286 161 364 -1060 -365 -496 431 -558 -627 617 132 789 -639 -287 658 551 -401 -1 -1083 -710 -95 -206 75 -502 -58 549 -1045 614 435 898 338 -69 977 114 -730 204 154 -687 228 754 863 110 1801 -1204 -726 85 -760 423 23 -360 -646 -58 10 550 204 796 -823 150 156 158 -679 -703 -439 -1101 -1032 235 -78 457 995 -943 186 960 464 626 1178 -410 284 677 -483 101 -489 371 -301 1821 -483 -131 389 -830 499 274 859 -269 -160 1912 -285 -133 -255 105 -1147 1003 -68 -885 269 -406 607 -636 -106 8 -425 -526 -272 -765 -28 199 8 -796 -12 192 28 -413 1231 442 833 60 804 365 648 264 1436 -268 -440 -721 781 764 748 249 -1379 417 -229 -573 -550 -161 18 327 47 -821 153 118 -653 38 -768 473 -344 423 550 335 -688 838 -365 742 -885 356 627 334 -1 18 52 -147 -512 -1070 -430 -693 -446 -102 -699 -122 477 137 177 1298 86 75 -375 -1106 -122 -471 -965 513 461 134 -656 235 
125 -493 -32 -1083 -511 400 660 672 105 -405 1439 -7 102 55 -572 156 846 452 224 164 171 568 -394 -597 -376 -1234 -104 535 843 163 245 191 310 393 234 -538 381 -27 -854 -1292 1254 -1235 -362 -496 653 199 298 -167 -1092 -426 -20 83 355 -675 1494 -258 -380 -984 -554 -684 -179 -209 40 -188 656 -538 709 -153 971 875 -1234 310 -397 -252 368 -769 1123 1049 324 -786 -63 -13 -70 266 -17 -410 -608 -1056 907 -357 527 -294 -566 246 -678 323 729 -390 1651 28 388 534 -153 -649 -94 110 -426 -886 298 -489 1115 -190 -684 605 -228 714 717 216 327 -514 318 700 -694 -660 352 -624 987 -264 971 -340 -19 -1379 -294 868 581 1073 921 -745 -906 -643 245 -897 -655 282 596 -716 469 -821 -342 -58 -1104 -1047 -1482 -539 -708 -1504 675 1613 -708 -766 -1147 -346 101 -298 607 41 634 314 274 -864 -161 -104 -467 1086 -384 -308 -607 1014 -1007 -259 1638 -219 -1685 142 143 294 -1204 -454 1296 -520 -890 -402 -456 1243 1403 -251 -1228 424 -444 -971 125 708 1053 166 -868 139 -429 905 196 703 1494 195 -1224 -248 -369 -440 414 218 448 1344 -549 -519 252 366 544 -186 373 -120 847 1204 703 -612 -536 795 -1111 359 -533 -197 -730 55 -509 -728 -859 268 625 -1198 -358 211 460 595 -222 -715 -646 271 -124 -190 31 -1649 1456 118 200 -93 405 -303 -258 -898 -450 -248 -546 -1355 -1480 397 -46 43 -287 797 -697 -44 -82 994 -262 197 710 766 -219 -327 -1090 278 -444 -2365 -729 655 -623 283 -129 1316 -1054 -927 -586 -113 
-19 880 -623 -1005 118 -591 993 -228 36 -142 169 -214 422 -1087 -890 127 30 101 279 1177 84 219 -278 481 -246 573 -1526 50 851 7 246 -302 -463 -181 -116 -71 -719 654 1151 154 201 -286 -1259 233 -324 162 -1098 259 -743 30 736 64 -386 -789 -225 7 1522 466 50 503 -624 1184 -1305 13 91 -270 1360 206 942 370 404 -813 685 -405 -1275 1267 -578 -184 -452 -144 414 383 -821 278 158 90 -1488 29 -719 1195 857 -227 222 749 274 238 -118 -210 499 348 -683 -23 -1047 553 119 243 522 767 -1183 53 -756 -23 856 329 -638 67 -103 -740 1538 640 -296 -901 162 294 -110 -1178 588 62 -110 -1526 403 14 108 1347 280 460 -495 194 1106 719 -771 -675 168 -20 -106 1104 -1235 79 -14 102 106 392 431 -55 524 76 859 833 734 183 337 696 583 661 149 1717 412 -725 921 -566 741 -38 1057 -375 722 -294 -239 -126 12 840 -1145 114 170 157 229 294 44 221 1077 332 1001 390 223 213 -272 273 696 295 10 -282 623 146 428 -661 216 198 -1417 725 -7 358 -616 312 -285 -106 1278 -189 539 884 -553 -1420 -1050 291 -468 -256 -198 -421 1020 1207 275 275 795 -47 -1683 270 531 635 -633 -557 -1335 692 -5 969 -170 517 629 301 -35 183 -853 307 351 475 558 2213 -78 34 -342 -278 -423 523 -294 138 504 1172 485 168 71 116 -49 -242 148 352 -134 -261 -1114 243 497 -88 731 72 -161 -257 -193 364 200 1413 -784 -496 -222 36 -280 425 336 -871 638 -331 507 -182 -1354 -87 
235 -151 -391 -627 -697 -243 618 -148 1559 582 788 -552 -98 22 162 873 -356 307 -336 446 -1218 -638 324 383 2 -1031 -877 -673 116 247 -245 1246 473 -365 304 -81 43 835 -68 266 -311 935 -869 978 -466 -920 90 983 -589 -766 273 329 741 689 -47 -301 -303 2 -858 -302 -194 165 -191 214 -1428 -113 -455 -8 316 -585 -1176 1208 515 812 865 170 604 -867 42 163 158 -740 -799 -588 153 -326 80 275 1009 -442 -376 298 -318 -115 439 -289 336 -215 -398 671 -250 288 250 596 45 -61 288 479 412 -542 830 1414 1151 -196 743 968 -158 803 1959 -1016 148 160 -374 674 736 450 269 -271 -191 -510 -1126 380 -1696 -539 -743 459 -411 -663 -392 213 -676 -158 -261 340 -701 -405 946 830 136 551 119 -1481 828 -491 372 754 36 -947 412 -35 1040 565 -288 -288 156 -948 -482 -709 -145 -468 371 -739 -214 -176 1147 -1270 21 -954 219 -272 146 -34 -156 -831 761 64 432 560 -320 909 -205 118 281 214 -270 208 -981 232 -609 246 -851 -606 178 954 -55 1254 414 1037 -192 622 -716 -991 -318 814 344 669 -225 -135 195 58 518 -1331 -143 653 65 1040 -479 105 274 46 -428 -565 492 50 -451 -1004 687 518 -888 683 600 -249 -583 524 -266 1018 237 567 989 -48 -263 -603 -293 -1107 578 -32 549 755 -466 -360 145 -486 -1059 1118 -64 -330 -445 -51 -1864 135 1082 -217 -284 -847 651 -41 238 315 767 22 -1002 93 -40 852 -243 1133 1793 -449 56 -111 82 1493 1190 1647 86 -317 -975 323 473 728 
-2079 -74 860 13 -108 611 122 -639 -433 -505 -762 -223 -966 481 -73 44 518 -789 -618 -43 678 372 -451 374 -462 794 883 379 -323 -943 -115 -508 -105 -481 738 200 244 -628 -232 944 -1112 -982 -97 -823 -331 -976 -100 992 -272 -346 447 74 272 54 -11 -642 -721 47 -822 -458 -381 261 -157 -24 991 -234 1124 -11 -766 -627 -633 8 -108 890 -12 256 126 -408 -1573 -1318 204 -149 -130 -652 25 -320 366 -747 6 472 -138 551 210 704 1445 -852 582 302 819 260 -437 -404 450 -429 925 -849 140 1 425 -408 -435 1166 499 -1363 828 571 230 665 270 -207 -390 -668 -476 668 901 -180 489 -877 391 -464 567 544 68 -100 487 252 -718 -1164 -369 -683 -733 -105 -551 74 93 443 834 -1003 694 548 -247 -71 -1533 805 313 1214 -409 -173 580 -604 144 -383 616 -443 1052 -1030 -599 945 -479 1400 1380 -114 964 -771 189 -191 -1075 -1304 255 1233 -42 185 -190 548 855 197 175 -130 179 13 64 478 268 524 -280 -1467 -1161 -793 453 -149 -173 -264 -187 419 523 -576 1294 161 290 -609 68 -171 615 948 780 204 -1077 -211 -84 -649 566 -1088 224 233 523 1060 123 -163 -1332 -531 230 -15 365 424 -417 331 69 782 403 16 167 189 190 -851 67 500 -73 315 -93 -134 181 -1044 689 -257 -775 792 167 140 432 -344 -527 -186 -999 138 -295 -159 -379 913 -141 370 -9 -167 -635 -569 1044 -735 -295 204 -391 29 -681 165 -1792 -86 -752 -405 -180 -219 -619 85 104 1251 312 -715 155 -1001 459 1754 1776 -92 
196 681 28 248 376 516 -1517 218 -650 -61 -319 -277 423 -316 1396 -350 -873 566 -186 -10 -914 783 -605 -1437 135 -44 -235 -268 50 626 -182 380 -153 -1386 -1710 674 -173 -2 189 398 582 -265 -179 768 501 -377 1190 35 -495 232 -106 1361 -306 -539 1206 -629 726 -667 -524 -1283 274 404 984 192 -687 7 -730 -324 -214 58 342 590 -489 9 485 870 45 620 -541 -543 -861 -640 -33 318 -869 -1243 -539 -262 210 231 318 -209 360 -19 -151 -431 -459 -194 788 511 -155 -704 969 184 299 368 -58 -150 -592 -118 -274 -61 390 -927 124 -90 -929 183 1126 626 -429 52 -178 220 546 211 -504 -755 -97 -154 304 -1058 515 -557 -1080 117 -147 420 -553 -1340 -132 -627 -52 -845 -347 -362 -343 989 289 681 1040 1252 -1149 171 207 -230 254 -30 24 -461 -750 -9 -97 -525 -10 -1061 -507 -819 -235 -363 -87 -965 -533 820 410 1186 24 -602 217 145 240 -401 501 320 -720 -26 398 249 216 142 -1322 475 -436 190 -38 1094 -655 770 264 335 -650 971 -244 508 -418 -65 -773 -434 271 -150 -131 -937 -111 553 993 -52 -134 -375 -492 -625 -425 -535 2 -607 -91 329 298 -44 -57 173 850 -104 -284 -997 972 -476 386 221 812 -444 26 518 1646 -278 -1152 431 15 -1767 -14 -806 -168 -642 243 -377 827 -728 1262 809 161 79 -999 244 -544 -635 -119 -1133 164 238 -35 700 473 2185 -308 614 330 143 -799 -208 144 447 -453 -1233 -251 -101 -493 -92 -996 908 711 245 -995 -378 -787 -940 -177 187 -144 -444 -1160 -850 
-681 -849 -183 1178 -11 -524 532 -889 -375 -491 -515 731 344 -689 -498 -564 9 -397 -12 -435 619 1473 -582 -649 400 923 599 -25 677 169 -201 1143 -720 -154 -93 897 -683 301 -617 472 86 459 -475 652 -1251 871 -701 940 -170 -240 -357 -286 -171 16 -1172 1246 -1062 -474 948 -370 784 -933 646 174 618 -171 25 -792 209 3 -184 739 -207 -217 354 955 -987 395 1104 -402 121 342 -1226 374 773 -407 1341 471 723 523 -262 -791 -1439 -1224 -1304 -320 -450 -672 790 -458 171 -1071 163 -87 80 -159 600 811 287 62 -377 -200 -1347 502 -910 -731 -300 646 517 1257 204 437 -950 430 29 954 -792 -645 92 169 161 168 -135 122 -109 -226 177 132 -162 510 -706 -987 230 188 -756 395 678 -746 46 -310 -338 933 375 -1077 362 216 -28 884 -601 -336 -1127 -857 199 -301 445 -226 139 152 -127 -137 639 -82 879 -57 -290 73 728 245 -964 -150 651 1702 -926 495 956 573 -805 312 689 -35 753 -262 -135 111 746 17 -53 -364 459 -240 186 -219 -118 156 606 -1152 -11 308 92 937 -635 500 292 764 479 -621 434 -224 -203 -903 -405 82 51 359 -797 590 -1058 -662 196 -675 500 -799 -739 -37 -7 758 433 -321 -87 -267 -752 126 856 93 352 -1203 486 1456 -369 1156 -237 1014 990 -258 112 -656 1687 599 803 -552 -153 -449 609 -284 687 -101 -1220 541 268 40 -745 -920 -910 413 -1541 -635 -1004 -380 -548 12 -201 868 -417 -163 -952 -1082 440 408 -928 -681 255 -295 -415 -322 -256 456 -1037 -278 -437 -11 
63 662 -153 150 -662 182 209 -392 1475 250 722 -92 -1142 -753 267 -346 -1247 -639 895 -86 -522 -288 1130 -144 614 52 389 275 -756 929 -143 -887 -443 -555 565 -700 -1094 -1810 363 939 -796 -603 1067 484 1116 615 -498 787 126 849 507 454 842 887 670 495 249 -834 -639 999 -1246 -55 637 -508 -59 -486 700 -58 472 -490 -842 -909 -1101 -593 17 443 -30 1000 1418 -403 -1085 -529 -107 -23 134 -206 1406 118 -865 -1098 954 109 -162 198 294 939 772 -1268 354 94 6 411 241 -531 181 540 -289 -1081 845 -167 -87 -72 -927 -616 -169 1240 -552 -786 -139 204 -192 1014 -20 694 452 -301 -262 4 -582 -278 -4 -191 -367 -401 -114 699 -535 97 363 -141 -426 769 483 1476 -1259 1046 -25 -171 59 -217 50 217 -195 259 736 -867 -534 -320 -128 604 1318 -810 266 622 797 -249 -176 -593 309 1469 -877 1240 -339 78 295 838 742 46 -593 -779 190 192 191 197 379 1215 330 -2 -157 517 -9 521 -811 44 -714 1229 716 -287 383 210 -163 807 -557 -422 -837 1295 -121 110 -352 217 167 599 -325 544 136 -151 20 295 222 -268 1161 -474 376 -197 1079 501 -469 225 616 -594 -1251 564 -758 140 73 -123 -586 -303 14 -361 -429 698 90 -964 499 -518 -1356 -221 579 1209 -384 -40 -179 -352 91 192 389 -653 312 798 -149 -707 319 1165 347 -103 422 -400 348 -44 988 49 -1199 -32 -340 871 245 284 325 620 -499 -375 -114 95 269 539 -683 -755 13 293 -48 4 880 -321 -17 -322 1479 1502 -71 823 
580 463 -729 608 -767 316 -1305 -910 829 -570 272 -366 682 249 -942 -106 -638 -527 4 -517 445 65 -243 -429 1186 474 616 -664 -78 996 -1225 -928 -146 -381 253 -101 228 365 581 -519 552 -387 705 -381 228 -448 -785 314 464 110 189 705 -296 143 309 102 -276 -994 -346 -603 -311 10 789 -623 1079 203 -545 636 -177 546 -229 -60 -176 410 206 500 -157 1537 1623 -786 46 -308 222 697 1207 -444 421 477 -652 -506 1515 867 -200 -548 -687 -948 109 -524 -466 710 -297 -447 991 1094 -94 592 360 -239 -520 -339 -582 -123 -413 -428 117 -22 890 -202 -681 1404 756 391 -239 389 -989 1062 613 203 485 -32 804 -293 -157 373 -62 437 537 18 488 23 -662 -337 -354 -85 791 -173 527 -562 94 -78 -747 438 1652 -619 910 610 -200 -28 -251 314 244 -366 1445 1115 51 -518 216 414 -217 1144 -180 225 -132 -294 320 -1012 428 58 -166 -674 636 -280 480 -141 258 -305 111 -1309 1110 -1029 1002 -214 130 -450 -256 112 -618 377 578 348 445 -614 -291 -1454 295 494 63 171 -124 -19 255 351 -374 561 687 -599 -313 130 417 460 485 402 -511 -774 -288 1541 407 -128 -448 -192 -541 -1402 54 -551 -194 -904 387 559 -867 278 -447 975 -20 -876 571 402 -746 -305 -451 -825 609 322 -170 506 1103 -195 382 473 486 -131 -536 -746 163 -272 -658 -34 284 566 78 992 -206 -83 -457 -512 -48 1011 300 558 113 675 -71 -565 -29 -700 -650 -1730 286 -967 -592 718 24 470 505 831 -661 -571 382 -88 -382 364 
-311 -627 -70 -42 -86 -829 960 -316 -531 930 133 1074 1331 -223 -452 241 34 297 329 -524 123 420 -1460 236 -670 1001 -695 -183 238 402 -497 317 -170 -1226 -346 -230 -594 -786 326 367 584 -543 104 236 -1082 -184 -389 -118 -373 -122 -288 743 76 -1092 346 410 439 -306 -903 -349 260 -141 267 -626 -219 -153 181 512 1830 -100 555 -21 -607 -750 213 603 562 109 -156 -318 -756 -270 687 1044 -1490 -290 -526 -305 89 1197 -966 -1061 -1200 1832 -98 731 446 -2091 -1181 -386 181 -1361 400 -846 -580 465 391 -260 -4 -420 419 96 -581 187 -776 -453 -1225 -711 888 1245 1075 175 -850 -296 97 192 -288 -868 313 -572 969 284 539 680 257 -286 100 1221 -204 -317 333 64 -672 -16 -1141 292 -714 468 -224 900 522 710 359 -165 -468 -26 -699 560 -31 -260 -657 1367 632 -448 441 -545 201 -547 -1203 -1700 39 -270 -307 -164 335 1034 -446 206 98 -111 -975 -547 -216 -340 -273 751 221 202 584 71 -530 484 845 748 927 509 -31 503 1346 96 261 -235 -610 -12 -779 -393 1120 1265 -860 4 851 -1033 -565 -752 144 372 -217 -97 1117 -258 -165 -557 -652 431 91 -581 371 386 829 532 -1193 210 -277 -595 65 287 -223 186 198 366 -348 -101 -798 -17 -18 -1026 918 -1377 883 1236 347 1615 510 -16 852 1082 234 -317 -480 -1011 -1292 46 330 -1690 443 -1046 94 279 -916 -103 501 426 504 1596 -288 -204 -879 687 322 -8 -184 -280 87 -80 424 -400 262 -631 -215 488 -250 -8 -373 924 -120 -583 -136 394 214 609 
-234 -222 339 743 550 -202 -63 -775 -536 877 -256 448 -410 963 590 1252 -349 -73 867 -441 421 223 -1318 -921 813 95 1145 345 255 -241 -298 -394 -140 -505 -662 552 272 -177 1109 166 517 548 514 -690 -9 -1339 458 -513 1 -277 598 -550 -439 509 -936 779 250 798 715 920 94 -838 -187 -166 -297 460 -601 -1243 -1292 -713 1536 -859 -329 379 1664 410 -456 208 335 -619 1755 487 -232 -301 -1571 21 -96 554 -6 394 -2 1098 -795 -283 -744 193 25 343 86 -319 -331 -761 463 1165 -92 -345 820 101 -139 -476 -840 487 -609 473 -172 525 -1109 -661 -240 -190 -998 -51 -642 1164 -778 -423 -592 213 15 592 -486 -973 -177 -17 -22 -514 -132 -1142 280 -617 -1132 -482 -126 -341 -13 -294 84 -1137 -116 80 517 91 1361 -252 337 -428 -389 835 807 -882 546 657 -148 1087 390 -463 391 761 -713 -387 -878 -1301 643 -230 103 289 -262 75 580 121 -435 621 -346 265 -4 -133 94 378 597 427 -1044 -269 549 -511 -71 -41 974 1634 -407 -720 -633 -103 -874 610 206 -553 460 201 -153 -181 496 311 62 441 -527 350 1635 -1277 -893 -855 -863 703 -615 389 -365 798 376 348 -202 -633 1007 215 160 1048 -148 -1166 930 -1114 -731 -633 197 433 739 -479 -239 1915 264 191 -552 -478 -59 468 153 -490 482 -226 903 -218 -1018 1153 -226 -1170 14 364 138 -445 906 890 545 127 -720 25 150 847 9 -158 -579 -727 -73 432 260 68 -21 -707 -42 75 -153 -324 168 28 146 -1044 -747 -252 210 21 153 -181 519 -469 
762 1086 -242 116 106 1153 -2 139 1114 -115 1460 -567 -328 -263 -1083 -216 914 242 -448 -7 -306 238 754 305 -1040 419 -882 -131 -173 1580 -360 340 127 -231 289 -194 1191 1458 367 -764 1280 -441 -17 -1047 -917 1038 353 41 -585 347 -417 465 556 509 -578 347 214 520 -103 582 -978 515 -143 366 126 -378 415 -60 410 1032 793 786 -760 -207 -903 -574 296 -550 -350 44 174 -478 -410 -978 255 -768 43 505 838 803 1098 -115 1106 -342 -1074 351 493 -445 -498 -1286 843 544 -112 803 -690 358 -468 1275 669 39 973 -482 -116 857 115 -13 419 -1495 -214 -1089 787 -204 -510 889 672 -413 -604 -328 -405 -117 814 64 -866 1305 121 -1366 -46 -131 -87 -169 798 279 -581 211 -366 -722 529 197 -150 53 -394 179 -784 -77 -317 50 72 597 -91 761 -409 -363 707 179 -1124 -747 218 73 531 -317 -126 1628 61 631 -21 568 593 -857 552 668 339 -764 530 -1182 831 191 -844 -91 -518 373 -1137 -962 -330 218 245 437 501 813 -242 711 1544 270 459 -628 -208 361 -372 87 602 475 57 416 -570 938 -171 -1628 -825 -780 344 151 147 -211 627 -862 284 102 -420 -9 480 633 -366 -381 620 -980 -1662 114 -8 190 104 -59 -437 -847 -1208 -492 1514 630 95 -89 272 -398 73 -1093 304 25 254 167 -1412 -1234 -867 -716 699 215 -407 -211 263 -588 -946 -1033 212 -594 -1109 263 620 219 65 1084 738 -869 1098 -1027 -681 10 1119 98 1128 -40 572 -51 651 -281 -138 -788 1010 490 706 158 -123 239 -312 392 
-791 -849 936 -754 248 -1795 78 320 -243 -1341 -236 -170 -738 677 490 -550 -587 365 -1213 258 230 -195 1525 -1128 260 685 774 -314 -436 310 1136 832 -126 -48 841 -670 -132 -211 553 606 577 249 415 -276 107 -637 1140 767 -519 946 515 62 151 -625 1234 718 -375 345 396 -60 971 776 451 248 -461 198 -510 450 1664 351 833 -174 -525 -998 -470 -907 -1031 1366 -750 133 726 -507 819 63 -761 1146 -584 -1146 346 1102 270 106 -827 178 -262 977 121 109 -402 -263 238 541 290 219 177 -1282 -1146 21 271 424 542 -477 -1092 759 -393 -227 652 1077 944 458 821 1041 155 81 610 180 158 170 593 -305 365 -268 485 -427 -205 670 1313 -445 -578 527 1101 782 21 -368 140 24 -711 645 756 356 231 -279 1131 -133 -1239 -829 -235 277 -928 1171 191 -566 108 1043 540 647 -101 1020 1105 -981 484 846 377 -30 -66 -282 216 882 188 -61 181 -2384 -283 -230 264 -337 -7 -558 49 -73 1451 -783 -5 395 163 188 -453 -895 -895 -218 -37 -1075 409 573 -686 -960 -93 -1098 -946 373 498 -442 -86 73 -47 -210 -610 1228 83 816 104 -334 250 308 315 -1069 221 -289 -273 129 -813 -661 231 67 706 407 730 420 1090 -618 -1932 -399 -1201 418 -733 -1148 909 -673 646 909 251 64 19 989 302 78 -500 -7 -41 43 418 69 -89 -649 -767 -1001 458 -1030 -323 -290 -167 -371 -201 -729 -543 -225 1059 -182 767 740 -92 37 570 27 -800 837 313 42 460 -1175 -749 1026 156 636 -618 396 203 1040 -199 -342 
1065 524 -782 -143 111 378 -603 -84 -870 -329 739 -203 458 20 -705 -868 126 276 -983 -952 346 348 -437 -992 -532 -938 -569 656 379 496 556 764 -801 -520 -419 496 -816 397 369 985 726 556 -607 1323 509 -344 507 -68 -1330 -24 355 -188 100 -694 102 -810 -42 -276 -597 327 328 411 302 -244 28 117 984 792 -467 -32 503 267 -163 -650 868 -602 -696 792 -1497 -83 -85 -105 -467 -903 1863 -655 292 -481 -429 41 161 -207 -299 -397 1143 1040 -247 -558 975 -359 -136 -691 563 -313 -352 117 703 120 467 60 66 909 -192 139 -91 208 -1443 185 109 337 -981 13 -442 335 -1041 1352 -1588 -615 493 106 -950 -815 637 274 823 -553 111 451 95 -898 663 -389 459 -232 -83 -956 -1195 594 144 -283 881 -576 125 37 -325 -384 -855 -332 215 23 -645 -119 -435 -240 234 751 57 1319 -724 594 1006 -1344 -606 225 -923 669 331 -172 279 -808 -82 293 714 874 -294 852 -24 419 -588 -468 97 523 1507 -56 441 741 -373 1091 1254 524 386 -179 -567 1286 -501 161 65 538 45 -229 554 -702 0 343 506 569 410 723 -411 -281 -130 -1261 2412 -70 -108 -51 -60 477 -500 -864 1140 363 -868 -1141 39 0 938 953 272 -1322 248 -363 38 150 -1296 -160 -870 -30 -74 828 -405 -1298 403 -995 -264 -785 -29 -1375 -435 -470 -674 -605 -60 393 -591 564 -242 -783 43 -370 -84 276 710 -229 -378 557 -825 181 -77 268 170 -422 -163 -56 -284 -903 52 687 519 -480 -749 195 328 -93 471 -260 -720 265 -469 397 
358 -145 477 348 588 1015 727 -119 -397 -76 79 -962 544 -420 515 -975 59 -923 -1134 -962 -302 1340 -256 -382 68 695 856 -354 -301 -12 -298 -480 290 1191 -709 -82 229 80 -164 604 -299 -225 -111 57 201 1308 257 475 -280 -908 -1023 441 -660 -275 476 241 -208 -665 -348 -737 48 -314 552 753 -42 1241 -955 825 936 -132 -300 748 1209 573 25 -97 -929 65 113 -197 -44 -561 50 -28 576 -568 155 924 -93 79 -726 120 679 94 382 -689 -195 -506 92 1335 -667 465 -366 686 1061 31 582 -722 -327 125 331 1071 90 -260 318 114 -237 -534 671 762 -551 493 -399 -758 234 451 311 -1058 -262 96 -613 -373 -422 -217 356 -289 -986 -551 80 -314 1 -924 -342 -355 1334 -656 909 59 781 -624 499 67 -419 396 757 493 1128 1375 -511 -969 -668 -158 620 -120 -276 401 231 606 -998 635 166 -340 222 -435 -471 -115 1233 -1307 795 12 -572 -232 -23 -1008 -646 -1197 -256 -430 -330 3 236 445 271 192 -22 154 -1470 424 306 -169 359 146 603 -704 108 -436 -817 1407 -174 -555 -368 -288 -1582 355 207 -571 132 1985 279 217 684 127 -723 -219 -972 517 -643 657 475 -578 -4 -215 327 -813 -126 -442 948 76 -823 -255 366 389 -364 656 257 1043 -256 -56 441 1130 -80 7 235 -1111 359 42 -389 5 312 1314 -215 162 961 -635 -986 125 -385 62 -609 1120 594 860 -669 -992 409 -347 599 -380 712 632 -53 -170 -428 -380 915 510 -657 457 -330 -580 -631 1237 222 -135 203 403 -435 344 -1240 1032 
841 12 -476 81 497 364 -384 -1104 765 742 -230 86 201 920 421 785 -1894 -482 290 -918 488 -746 -405 -1786 718 -523 -845 -222 -681 573 -404 -127 -607 -1133 -258 971 -1019 -1458 -258 468 -47 -10 649 563 -327 1003 -479 79 -569 326 279 -73 326 -493 106 388 -737 -98 68 -126 630 256 785 95 -1199 -846 257 946 -126 -422 -473 477 92 176 -222 -267 -552 -757 36 377 -587 744 472 824 15 -434 -413 163 680 -1360 89 341 -233 380 -996 531 623 -109 -701 -806 -614 349 1033 -983 -23 165 -81 -151 219 179 -195 360 -503 358 233 -421 142 -1635 -269 438 -916 617 -461 -15 -141 4 -258 347 -395 -175 -368 -506 645 284 -400 -720 -8 96 -261 -124 702 358 44 280 -101 -1059 679 -613 -629 -464 -767 185 398 -1159 -138 308 185 -284 573 223 680 -205 75 150 -749 -1173 -253 995 -1021 -446 166 -597 -63 564 886 525 543 -90 -294 609 -197 -664 134 -215 -557 602 -362 584 -559 -865 334 -542 68 1019 -888 -51 781 -879 171 -168 -606 -644 736 60 -821 278 -664 275 -203 -368 -501 271 -1090 -890 -1850 568 -64 -515 1273 -662 -5 -139 -464 -436 -773 736 540 356 157 -408 -793 428 220 -991 -310 979 -927 251 162 -787 661 452 -334 -125 57 68 -159 -72 608 1053 -1359 -425 -626 291 30 -314 250 1158 -1058 569 -718 108 889 801 -488 403 509 -341 -298 -970 -7 867 205 -487 866 721 -279 -1069 -346 -293 -847 -360 27 654 -355 75 -664 -540 799 897 -240 -197 -247 -313 243 387 417 309 335 959 
-933 1140 -100 -131 -69 941 38 357 -402 -101 -269 -410 -116 290 -432 -98 455 37 529 315 -1126 -127 -271 562 -960 169 57 288 -224 767 -111 3 -69 -213 677 597 -1781 694 -531 517 112 -411 258 5 1210 -269 231 244 963 406 -599 -707 -917 -360 1264 -889 418 -206 -230 611 -602 309 185 638 -114 636 -488 599 -733 -275 -1011 308 727 155 337 -854 -423 -325 40 202 120 -407 419 1141 581 76 655 -98 538 126 1407 -132 -178 -156 403 -441 -30 -149 1528 -462 229 377 78 -107 -642 -1015 228 689 352 -241 244 -672 -819 475 -397 272 180 128 -292 87 -389 -708 74 -1047 87 842 198 89 -844 -345 523 -224 -907 -154 -585 203 -195 711 -206 48 575 -171 -415 -1309 377 226 179 364 -110 338 545 1077 -1466 -365 351 529 -703 581 326 1036 -396 -1038 -234 -889 603 -150 -349 -626 135 -126 -18 -72 864 -622 1193 -746 352 -1565 258 -993 798 859 881 833 -697 291 -592 -99 -86 64 915 -398 -499 -876 -704 71 -747 -285 703 566 -372 -291 -260 603 -525 -540 305 -26 -76 890 -637 -501 28 -78 328 174 -33 -751 367 878 -593 -177 382 -820 -443 1132 -145 742 -374 -403 655 -367 456 656 -50 -543 -190 -522 -1118 1337 -108 -876 69 299 -75 548 -168 -101 -427 -101 636 -248 -393 22 1029 -380 -358 78 781 445 182 -262 265 -1157 -586 -166 -460 118 -257 274 -317 -501 268 325 756 -606 72 255 -194 805 526 446 -166 149 -259 -840 -600 -625 85 -947 -683 339 149 29 235 696 -392 -116 1054 1299 
97 143 -270 -344 366 276 48 -904 265 -739 402 -188 -752 -478 -428 -495 644 -388 -934 570 526 674 921 -539 368 594 -327 -444 402 204 457 -552 -606 211 -416 122 -70 67 -566 324 -375 602 -391 -648 549 -1105 -223 539 -834 852 -442 -995 -326 768 1489 438 -297 524 1398 -407 209 894 119 257 939 399 -447 452 557 -341 712 -1361 231 -375 -875 -314 175 274 -1102 -923 203 -1150 86 1300 265 -40 -267 15 144 1242 -26 1207 766 255 -541 -768 402 -69 -384 -51 -1062 -343 104 927 614 -883 -519 -540 -195 -402 -855 -166 -1164 -94 -8 -311 -417 -411 46 87 -4 -679 -463 452 450 -242 341 86 -311 -399 369 -576 345 232 38 938 70 75 -753 606 262 1141 -596 50 773 66 -243 -774 -43 -918 -566 846 -214 -684 602 60 461 618 189 530 -69 323 984 350 -128 143 -1193 396 -253 241 438 -252 246 -1159 257 151 592 989 1436 115 -310 459 -53 19 1444 -289 120 -1376 281 321 1511 -107 452 -101 -30 -177 -221 -889 279 -1521 582 -897 228 206 671 -752 -876 -704 733 -1025 15 245 -154 162 113 -120 745 583 169 437 141 184 -919 -1270 -170 -257 852 -762 612 1162 -46 544 -222 87 548 116 258 578 -464 -228 -632 170 -1082 883 -442 -78 -533 811 -436 1718 -249 -480 -543 636 202 146 611 -974 285 350 -199 -90 -18 -349 604 -235 678 867 -28 1292 -353 464 -339 310 165 -852 -455 89 733 -386 511 125 172 -554 38 137 -336 239 -1142 -705 -249 -435 -359 145 -116 -526 232 1294 -118 -297 
291 110 -41 863 195 -689 -153 70 1277 584 -135 137 -150 1052 -442 240 12 1154 -173 27 426 -771 -618 -1097 -189 538 1258 201 -434 -599 67 557 -411 -213 -719 1167 872 394 -368 522 394 257 -438 1337 482 -403 -582 1507 -1553 -1453 54 827 -925 -1295 -322 713 -655 -72 526 -508 -173 82 1023 220 -504 -870 60 537 -274 1364 1663 282 638 556 205 -792 -163 -21 -523 -334 501 1063 -345 -130 180 -95 222 -54 115 547 -531 -51 534 41 462 686 360 506 -719 1365 136 670 -115 146 366 -364 1019 799 -473 402 -579 84 1676 -196 -167 -610 -207 1526 -57 -709 100 -533 -1061 25 -104 -591 649 -600 -432 -250 -353 172 -613 -94 -301 -406 -283 -934 517 226 -1121 -330 236 270 408 -598 -1297 464 -288 -200 -640 862 -196 262 1440 1475 80 -262 893 -1112 -403 1287 -356 -418 368 -793 -923 947 -386 -248 161 -581 353 -1539 244 -561 -764 1137 421 968 427 274 259 651 -463 -1672 536 -565 -103 -805 503 -274 479 -676 -432 -102 -323 4 -62 249 714 -645 -246 -110 227 76 88 1318 66 -218 -933 19 -121 9 -458 626 210 512 596 -685 1075 -109 1086 339 -883 -549 1568 -989 -121 -536 349 521 -98 156 -613 2139 96 1164 804 -85 -416 830 1345 674 14 -696 77 -166 185 259 18 -746 -79 28 -831 -237 -78 -863 -758 -407 -80 836 -1057 -1110 117 500 -409 -521 518 -356 -195 727 332 -296 -363 -364 -1096 373 9 -92 -301 -445 -577 -371 -2035 -1241 624 -722 838 -445 499 -34 0 -30 389 -292 -551 -483 305 52 
679 813 1156 63 -237 169 -1416 -678 -395 -248 -569 153 -223 34 990 -1228 -342 220 486 1557 421 1763 149 -1098 -25 835 347 -1226 -323 -520 19 306 -428 202 -283 995 341 -761 137 313 308 1196 436 -29 -52 -726 -930 -155 55 28 1179 315 -1280 1006 -215 -746 1010 -713 211 -153 604 358 282 -1414 -280 -725 45 470 535 -411 -46 -472 864 23 590 -276 1610 -86 142 -859 585 863 -791 229 -363 207 137 102 -348 397 -744 1045 356 276 -434 -98 313 -375 -592 304 -1329 -379 845 -52 260 -606 861 -197 396 -252 -124 -905 142 -866 705 -664 270 -66 -304 317 138 -31 -2268 -78 -43 204 -295 1158 -342 -191 -1109 -398 -62 979 -542 -965 -919 -210 -609 854 -19 -1238 261 33 263 -595 46 1169 -114 435 238 415 -1530 -463 -821 261 -85 -916 433 -481 -879 -47 -1174 174 359 -1396 -316 -626 -200 496 -869 -354 763 378 454 669 -222 -781 -853 324 -177 394 -7 -191 415 -857 -518 -760 -227 91 -328 -383 277 101 654 -497 -388 356 -252 -593 -10 619 -1280 -1042 294 463 -438 -369 1497 -1121 -1157 666 -311 -521 -324 -738 -320 -546 -542 -672 -2 1127 -744 668 157 -1036 434 -550 -95 264 239 393 -579 26 1098 281 -304 -140 368 385 515 256 390 -481 -224 -635 -216 337 -1597 826 -4 -747 529 412 184 -449 -342 -372 -1526 754 -181 804 -770 1434 10 167 464 -298 116 959 59 660 614 1502 155 -378 -275 -328 122 -792 -209 -62 -1358 -117 718 -115 162 -168 19 685 -8 -1625 546 41 171 -411 70 -968 -4 -103 
101 -37 88 588 -495 -766 655 265 59 1466 490 54 791 -499 -1225 509 124 -936 -346 -124 120 -713 642 -198 605 18 -361 666 223 1110 -1069 577 344 -599 -363 -406 -574 -556 -538 -890 391 -308 -639 457 136 1374 456 -135 -59 -1027 92 117 -610 -503 868 8 290 266 -892 -368 418 -858 665 -1551 -476 357 296 927 237 499 -19 175 518 262 398 310 -62 -163 1620 -18 -422 342 358 318 -6 -65 229 70 -1221 123 448 -995 -5 83 -80 1534 -930 -228 -992 690 272 -948 740 -714 -189 -377 -666 -80 786 849 53 361 310 296 -142 -499 369 103 168 90 347 119 -5 296 -314 -211 241 -390 771 430 293 798 872 41 696 -391 -627 73 465 -203 136 219 -212 451 -779 -328 -304 549 -269 -439 925 -601 562 -525 203 -572 -410 -814 -597 525 -218 -416 -20 -28 721 725 778 179 -532 -29 -1105 -45 -1317 -436 -606 1440 -550 -172 -45 -357 -1287 -126 126 28 -2169 672 -968 487 169 -961 -1217 -1119 -198 -861 -669 673 -58 -161 -125 138 -488 724 380 -348 -57 833 123 179 -826 -595 531 -44 282 -663 -213 332 -293 97 350 -285 64 205 985 717 -486 299 5 1108 -312 -580 318 -982 -1160 -510 -14 -77 354 -291 -117 -807 297 -916 835 530 -513 -86 376 -321 6 262 564 -266 436 -1176 317 -430 -102 78 -135 -420 -462 73 994 -944 -581 1860 -376 858 718 6 -413 353 233 1107 -360 -438 -1074 113 -1498 719 -304 -513 -938 -1191 530 -338 -185 329 387 658 -127 194 -1080 -698 -140 -289 48 85 -447 801 
87 5 -1052 116 -1111 -159 -545 1406 -889 1222 -509 -398 -365 -929 -632 802 -1132 428 301 1040 -19 -1680 15 779 -129 968 363 1048 516 678 4 721 -401 -337 -753 -191 84 443 -439 196 254 572 -471 50 -502 63 301 517 9 -227 -9 872 -471 854 566 -391 989 339 373 183 111 -214 1071 277 555 -618 439 -79 -389 170 682 -397 124 -434 1071 459 -270 26 -231 -518 -341 -82 173 -5 698 -636 995 362 124 -319 1126 83 -66 598 564 -662 599 201 181 847 286 122 133 917 1101 427 -205 -421 557 -1130 -260 1025 -252 -1129 -649 -257 -277 607 -277 358 -821 137 1238 219 662 416 538 -182 -89 -754 -647 259 -467 -249 601 -1622 -2050 -374 1256 476 -1255 -877 -454 900 695 492 38 464 -1358 763 93 407 -34 107 -25 160 358 566 -591 -770 499 -1049 1101 -442 311 301 -475 -895 264 -482 -312 120 -478 623 289 115 546 -448 -113 -269 829 -492 -70 -536 -563 709 -548 54 -839 699 -172 -470 90 160 -483 -194 -388 220 691 684 622 -195 403 436 -124 192 525 633 -526 552 -1012 -54 369 -38 -675 624 -412 396 -369 -21 264 -678 -127 24 -305 516 -670 -683 -243 118 418 40 -54 -51 -582 -157 514 -202 425 1380 -148 -1094 764 -1478 829 1243 654 245 299 1513 339 -450 -138 -1424 -965 446 -501 555 -1514 102 15 215 434 -243 320 -1413 116 367 -507 -1046 590 265 -784 1173 -182 -95 993 -39 835 -108 -786 -1124 -571 67 -89 259 -81 674 -305 -1108 -77 -89 336 -651 -761 -969 -1462 784 310 185 
-237 -934 -806 484 267 280 471 146 -1010 -373 -133 749 -358 -594 -412 127 275 72 560 -7 -141 736 960 -259 183 742 -947 412 753 655 -561 -438 393 -165 1619 -417 -173 -1202 820 324 480 -1054 806 650 1199 -691 -11 436 -560 -539 388 711 -847 -608 1061 70 505 269 520 -290 -217 -328 283 152 -277 -502 -212 413 -592 22 -183 177 -140 459 58 51 -33 -789 -233 -431 -154 -547 16 630 897 251 -1027 -513 -516 -337 1010 523 275 -133 -590 750 537 -613 -1231 -66 10 -880 -633 65 305 743 -123 245 1015 -500 -286 368 953 -1186 -523 692 112 -291 -375 9 392 965 313 74 -1102 -460 -199 -73 558 17 875 9 36 284 931 545 146 -272 -166 -208 642 777 -243 -945 539 1213 -88 347 447 -310 -95 -96 -14 875 1102 -313 504 -312 1239 -317 636 -91 709 -80 -15 476 246 329 40 1046 -857 -445 -268 -324 916 -46 -108 -705 -668 -608 -105 -301 392 -1009 -660 161 525 113 -676 986 879 -307 608 -1071 201 -316 -1022 -1 -1420 -260 -51 289 169 -49 242 1391 472 703 -588 -129 948 1323 216 -726 182 32 -479 100 1470 593 864 42 101 469 -328 957 146 303 -799 -131 -925 -592 -61 559 -349 897 -802 -136 -1304 -682 -636 -179 -369 150 264 -68 -475 1351 451 1045 -1025 -450 536 8 -724 1172 -1606 1517 499 -136 -296 413 1932 181 -379 1220 822 -209 305 1038 -302 420 -193 51 458 -609 510 1031 -79 -467 1016 252 -260 -826 -542 -932 377 -948 -90 616 902 161 -950 -377 132 7 -24 231 776 -258 
-965 468 -608 -632 -766 -551 657 788 406 -16 936 -118 -308 -1259 -146 -1011 721 605 -614 -273 1511 -553 -462 -615 -150 975 -319 996 -1377 -579 1074 683 -708 -32 685 -271 938 190 1012 416 102 -1003 -795 -310 783 32 -560 233 -106 -68 -1101 -21 497 365 -230 -143 117 80 -1050 813 -665 435 -79 -1287 321 -385 1126 1061 1008 -530 -1010 209 -85 -106 -180 -513 135 -424 191 -356 634 -307 -168 -631 -30 -946 160 -158 -1991 329 310 226 -384 330 499 -606 444 -326 733 -277 -919 233 -236 55 -880 -829 961 874 -58 501 -699 57 636 -757 -631 73 947 -102 -57 535 915 -728 -413 386 -504 218 159 -804 -447 -512 -510 203 -294 1009 -512 10 -471 -1356 58 705 134 978 171 647 248 1201 494 12 526 595 -445 -200 -371 1192 -277 -418 -189 1015 -77 342 370 -104 549 489 122 -961 -198 274 24 -70 130 -33 -937 558 -947 854 -40 -121 292 -560 380 -117 -533 301 -382 1084 95 -592 -933 -498 -834 -325 332 -637 -486 406 523 63 505 -85 -326 798 -1310 -79 -1439 -142 -334 856 -344 655 -1122 764 368 1086 1372 388 106 562 816 -118 -778 -1618 646 -525 785 -507 1140 343 886 -530 321 -66 34 7 -395 85 49 385 -572 121 394 -435 753 -674 -11 482 662 156 589 233 49 1097 254 756 259 -825 -295 -1048 -228 59 801 -160 -904 87 95 -352 -71 273 559 -1064 -892 264 -624 105 -1045 4 -99 827 628 -665 -362 -354 -1053 -55 334 322 -213 -614 504 665 -794 523 234 -492 721 586 641 50 534 -291 
-1125 -862 835 -478 156 -879 -630 -135 364 58 617 -910 -20 680 670 -1106 -575 -7 53 177 -277 267 -338 434 40 640 -1007 864 1414 353 -106 711 -436 -212 -520 317 -736 532 -645 -587 -323 190 166 -619 -538 141 -366 1254 -541 849 -628 743 -1476 107 -374 597 -390 740 787 1130 -134 -417 1289 -453 1033 -179 -915 862 -9 1443 97 -464 712 337 -1091 -825 346 -924 -351 -716 -955 628 419 362 157 387 107 1377 -1007 -736 -322 451 454 -460 -456 -676 301 446 1077 1025 596 -878 1058 316 -432 -143 -643 1292 26 -782 -438 -1128 -1449 336 -95 255 252 461 -570 -541 327 -1129 -15 -1074 253 -341 764 680 346 446 527 -248 1097 129 -609 -1330 -2 848 -416 194 543 742 -842 -476 427 1064 944 -781 -1607 -1472 -1549 744 -103 1113 786 -266 -41 79 341 320 995 -33 -435 -983 -352 632 27 -687 785 39 -853 -952 -63 -467 -673 -1223 941 179 668 -627 -171 -669 -133 654 -442 624 -1085 -711 -734 601 396 644 -132 -969 423 780 1170 452 -721 -1362 -1145 976 -706 -100 -59 211 211 -604 502 17 -1042 -237 825 -211 403 170 -732 767 349 771 135 -166 606 -1606 41 657 -489 -303 1103 200 195 447 -200 97 849 320 -460 -828 622 -1731 -735 -225 -415 543 1170 401 -265 -731 -36 539 820 781 905 -60 -52 490 -570 -363 689 443 542 741 1306 -614 85 -818 -382 -1100 -485 -63 586 1398 -354 -822 893 -1347 -242 -500 -930 336 -818 -122 667 -1213 590 -142 -921 128 -680 -283 -177 -525 878 -529 -699 1094 -197 335 -107 -151 
126 300 601 -608 227 -144 -542 -225 -470 308 856 567 -111 -344 580 1066 -570 -12 -542 713 48 126 -495 -53 1024 -405 -74 -675 -233 111 -538 94 1049 -794 -479 -31 225 -231 -379 538 -744 -58 -34 107 1496 491 687 -150 -868 164 423 49 -357 -636 547 -1256 277 1222 -89 -73 -183 -895 -301 -266 1395 88 -17 272 238 27 10 372 192 1440 -495 420 566 -572 564 -194 -629 -246 39 -654 -917 -506 -194 1172 -1601 536 -247 525 -1 295 296 -829 306 -678 453 346 208 -382 195 466 -312 945 -216 -909 -448 -291 -11 740 -739 22 -629 608 -550 44 609 -425 -347 243 -194 -454 -350 -1161 1056 1108 -149 -1056 -595 -223 400 489 -620 -414 -621 -376 501 -161 498 -888 -182 96 1 486 194 -788 -527 192 -433 330 -21 149 144 -369 57 -69 1184 -590 -304 -1211 -952 -562 306 250 18 45 333 541 -341 -918 -497 -562 384 1090 -1142 -307 -735 218 -323 -237 -765 18 1227 -1013 948 -261 -158 -159 319 1240 -666 -427 196 -236 323 -450 -155 381 18 -355 -36 -588 -891 -216 608 707 -209 513 241 295 172 56 281 -109 892 343 -167 480 499 -321 -423 266 -113 -211 679 -352 1150 -1351 13 97 85 207 812 -948 -219 -360 -49 -168 529 -605 -332 -1025 612 -182 669 -761 529 22 -71 35 -898 130 536 789 -23 -868 -689 147 -166 -26 323 1164 -256 -281 -399 237 -1334 -69 744 -46 -40 754 -628 -240 402 -142 -332 73 -542 48 1019 650 66 47 -165 635 -867 1360 186 -465 508 762 -658 -779 307 -420 -49 -13 
-47 -402 1031 153 -884 272 296 552 -474 -1654 -608 840 -1145 -64 951 -1002 462 -129 375 -610 -825 352 -806 -209 101 142 51 -113 1213 253 58 -138 -591 1004 -7 -784 -389 714 -302 83 360 271 -380 -270 -437 241 128 661 45 1278 493 465 824 141 -843 -258 716 -131 567 674 284 -284 -333 1144 77 -306 207 224 527 -228 47 928 610 -679 1133 -778 252 24 -784 -1287 92 599 -896 310 724 -663 495 -1134 318 -614 -1104 -273 266 275 594 585 337 164 640 -685 -241 207 -153 21 -1217 155 905 -429 290 -324 437 250 -486 -1518 502 -1031 -882 -30 184 201 -1120 -797 700 306 1322 382 -281 524 941 -214 -997 -617 -1362 935 233 -145 -749 474 316 1061 509 -443 417 -411 -752 987 -1159 -207 -584 -295 -1073 -531 -277 -736 -392 -598 -341 798 -728 572 -425 1110 661 -717 -589 527 -305 -67 477 565 -245 870 435 190 -711 680 -276 -228 467 -1829 -1094 -187 -363 -478 -982 684 126 -324 -743 104 978 -105 149 39 516 -78 863 -615 487 -177 -538 -307 407 286 -13 24 183 -451 -453 195 82 432 1327 -403 381 -879 720 219 -437 356 -561 507 -730 -814 -1122 193 -19 -156 -809 223 921 -305 251 813 -507 -486 -203 -219 407 100 -728 138 -536 123 853 1146 1641 1058 599 -1058 -642 110 -1391 519 158 1417 -188 448 -140 -624 50 -255 248 -361 680 -462 -178 -710 -31 -1340 251 656 661 50 49 -554 -378 231 -541 52 -253 -574 -985 1479 44 -863 849 508 -497 -2114 -808 1129 -201 -461 133 496 -861 -69 446 -1171 
932 490 338 579 -844 1451 -815 -426 -218 -278 462 -915 -404 1597 614 -251 177 -896 724 1737 255 140 475 -552 527 574 -148 -860 948 631 50 -1498 578 -575 129 1124 -209 558 701 856 15 -335 -637 -510 700 -894 195 -185 105 192 210 -477 17 -116 375 -101 -770 782 62 525 -287 143 155 372 -861 -386 -942 -74 452 502 -446 -1167 913 230 -762 -590 32 -1046 -311 -2067 2378 73 -750 718 -317 678 813 387 1457 -270 -543 -331 158 19 508 -497 -11 -104 621 -473 142 17 -1120 -431 -444 770 258 964 -497 896 -376 -281 -570 278 617 -318 -693 903 -660 -552 -1335 172 -1539 -337 -572 -600 -762 -582 8 -806 -761 481 112 -93 -104 169 -10 -691 -391 -554 -203 115 642 388 519 131 -553 -657 1001 341 408 260 -1092 -950 -1685 884 321 -396 -950 -44 -811 -226 -70 -443 -469 -157 -244 211 -465 -745 -1075 -42 290 -367 207 -1183 -927 487 133 479 -109 462 154 -309 -721 -516 -466 -549 339 200 319 921 26 -1201 -673 -686 131 62 203 833 490 568 -26 -160 1079 -467 680 -1019 125 -798 533 448 495 118 195 -611 679 -65 -720 -84 449 1848 -690 111 -629 697 54 -351 34 811 -247 -197 99 466 -72 178 221 -62 -730 90 1185 479 -994 -118 184 -750 -84 760 -99 -661 206 -1114 315 464 -738 -519 1303 123 -806 938 -114 786 -869 -730 -1296 1129 -1005 641 57 259 -917 -194 350 -1040 385 -102 -181 -435 -734 496 -742 1172 707 -95 1229 74 -258 -889 114 -987 -324 35 -493 211 234 -170 -42 -590 192 376 
-81 973 232 -685 239 372 221 -586 179 -283 -409 -55 1613 304 -433 326 -201 707 -761 678 -320 -139 -267 -538 117 -320 -880 575 -1480 -321 666 722 -659 -391 -90 -523 289 1397 -817 -166 -619 822 241 -657 -161 -382 -17 50 156 258 -679 -634 58 -318 -89 -412 212 -257 -136 -58 -613 1604 -588 323 510 1187 374 -287 -3 -325 -148 -111 -185 513 -1498 -1001 732 518 -1550 909 657 139 1527 32 -6 114 -237 513 -311 1119 -120 -61 205 -296 741 -281 -636 -390 409 282 -675 896 200 159 67 -347 -77 713 301 963 96 -296 778 552 -67 945 -435 174 -347 1301 -316 828 1296 -23 -269 563 57 102 528 -1301 -66 -47 -405 241 515 545 -160 513 47 -433 317 -350 -1108 -326 895 -655 -105 1280 406 232 233 -463 -1573 -179 47 1311 -295 -404 27 843 -46 260 -245 406 -368 368 -1231 393 194 -290 487 -271 -153 -701 1 -1685 444 422 286 -719 -108 -599 794 161 80 1219 -928 -686 -561 62 -185 976 514 252 -814 -533 -843 245 24 -147 -883 -283 -358 -1052 725 762 330 25 225 -1243 108 -600 -390 2 834 353 439 -46 477 -120 -158 -1594 -311 -516 1364 598 74 -639 -645 241 204 605 84 -684 916 -562 893 751 84 -312 1405 -25 -237 372 -300 -450 784 -93 -8 56 1115 -826 -21 -62 -356 907 -286 -381 237 377 1142 -132 -59 -160 -405 67 437 -697 49 451 -966 113 1217 785 -885 987 981 553 798 486 -127 1246 1660 530 1138 161 646 1087 -104 1476 -757 -333 117 -68 -385 -157 940 105 29 -66 
105 748 -374 809 -651 -593 645 -433 -1055 714 341 551 -526 -208 -735 1369 474 427 -739 520 763 121 -881 732 -796 466 -529 290 35 279 -257 88 -593 789 804 719 -1201 -839 -462 60 -254 1962 -234 163 -1119 -241 -730 974 546 -178 460 -738 -584 -837 -87 635 259 -102 -391 626 187 -738 70 -239 -495 -75 -30 322 -860 -833 627 -283 -568 -480 393 418 -366 1224 1020 559 886 -352 223 445 237 72 200 258 800 -987 284 402 -587 67 718 -359 -329 480 705 -401 290 -16 -461 147 -440 -1479 68 -404 -437 -42 -332 -722 914 123 -190 -551 21 -1120 -145 -127 118 -260 2071 304 640 -257 -636 639 503 560 568 833 781 1327 72 -906 331 -182 23 704 -630 308 -181 329 526 -133 160 203 -332 -620 -262 -589 460 -222 -655 -530 347 -613 -590 -354 861 -601 -823 875 573 -632 431 450 715 -435 -601 -10 1071 -82 -109 -268 -555 495 -1296 -214 -47 1215 -46 -85 -590 347 506 -284 331 -45 60 137 627 481 -553 230 667 424 77 -459 551 -294 572 1134 -234 285 -1646 717 -1028 469 609 -483 -42 385 485 136 667 -885 273 860 595 1412 26 971 -42 -51 -956 -277 234 -1457 -384 550 641 83 -86 696 930 -163 -250 23 -237 -548 -87 815 626 -573 -559 -22 -5 -452 390 49 142 1167 183 171 -1725 670 -806 -1024 355 -440 185 335 1291 168 -276 162 36 468 496 -915 -333 -976 374 333 -143 -121 -191 205 76 76 -47 -265 -897 -309 184 -887 -422 -292 179 -474 309 -399 287 -136 -1314 263 104 9 
14 -289 1059 -164 686 441 -492 974 -72 -625 -499 -1087 -367 -15 459 1159 -291 -619 574 -412 100 981 1119 -235 -1044 597 -987 26 69 -417 -1907 -505 901 -827 4 -339 57 596 34 726 -788 179 -111 -1538 84 -110 889 -333 359 691 -447 699 956 123 -210 263 455 434 -285 -73 -694 150 -1159 613 -585 -1146 -1158 374 333 -316 308 966 -15 -527 394 -36 -739 395 868 1347 575 451 -329 -399 1030 -205 -33 1026 644 -480 1256 -412 -1108 408 -346 -268 1149 -147 -645 38 -525 442 735 -1183 205 337 690 348 -326 418 701 -572 692 36 737 369 -487 -389 -436 79 -836 530 519 -699 17 -315 -190 942 -89 585 1056 457 233 -135 148 -231 -486 -291 -608 -85 1680 -665 -404 -103 145 -1473 -502 -157 232 -1038 -173 234 845 1236 -227 394 495 112 -314 -348 -12 -340 426 -1106 -708 201 519 163 555 -76 -572 521 345 182 636 -502 126 -633 614 227 -132 -379 225 -394 -121 196 58 -607 1323 28 -1419 -509 -1525 220 -364 -493 161 385 770 -234 -447 -605 1047 360 -1342 -640 -1096 152 730 392 -853 -1650 -276 720 -346 -903 -960 -487 -717 -348 -782 1323 195 -231 -37 120 -334 841 523 -140 -470 -963 1479 1028 -240 -144 -23 -864 -801 985 548 499 -1065 -228 895 445 -896 -56 -757 -664 -636 -471 -558 87 349 -224 178 -948 -66 -638 570 1060 -525 358 596 429 621 -613 -32 861 -286 750 -698 513 -29 -1131 -182 -599 1667 -644 -116 162 -928 -419 -329 962 556 488 -270 -149 136 612 1335 753 -142 -61 -952 -213 -587 -1693 
59 -421 561 619 1062 -166 -825 -1621 911 -353 -41 -162 667 -596 234 874 -713 -249 -714 -784 -545 -394 483 -813 -509 -796 1363 -539 56 47 593 -794 1020 -363 -183 494 1010 429 964 -491 1341 939 740 1195 -38 -98 -400 -16 1051 -125 -168 -303 246 -617 -92 652 1365 -1353 -43 545 453 224 88 81 -1082 -663 741 -693 -241 -649 278 11 -959 2045 -980 185 964 119 -958 870 -29 381 -82 -600 -679 795 274 -35 981 570 -183 747 915 -597 905 -409 16 581 -448 -292 931 -544 -990 682 -161 435 -517 221 -567 465 948 1011 796 364 -461 -102 58 13 274 -820 -550 482 678 538 -251 616 730 181 1378 618 -224 -3 -25 1288 1021 -729 785 740 80 422 387 -361 425 -663 1210 546 -342 -306 -88 -33 -106 -341 -159 160 1252 146 -326 148 -92 343 468 71 -712 995 -392 -671 -1121 181 -161 -205 148 -90 784 1568 -182 -496 440 -5 116 271 -1132 426 686 -159 -597 6 -659 -774 -381 1153 235 283 103 913 1558 -617 -108 -364 60 939 -226 -437 22 -903 264 557 294 612 759 -555 564 124 -64 -251 -34 722 -488 -139 44 -171 530 -236 -532 900 -757 532 -171 64 -434 757 -10 -422 421 263 690 -343 -756 311 499 356 1075 1073 700 624 26 -960 -1062 -561 -376 471 -1648 -1933 433 511 183 23 -565 -6 -133 140 -280 -332 386 -181 -151 -268 -558 510 -679 -276 357 324 446 -753 -323 0 410 -719 -515 -742 -299 -51 -1023 175 756 -417 130 -416 -904 167 -59 -1141 110 544 -638 -29 176 -841 -264 52 
542 613 -205 -1138 -825 91 -615 625 271 -442 342 -700 38 254 -604 -333 -191 405 277 1217 244 -677 -1059 111 -29 455 -86 48 -89 -150 278 276 434 -546 722 55 -18 548 -300 -778 461 416 -668 73 697 -890 -292 795 901 30 -131 -327 118 231 -898 425 261 895 -1401 -885 -487 839 -143 -1306 384 -435 79 -313 -639 -324 -660 -152 628 -691 188 -40 16 25 -77 -350 338 31 -382 436 -347 -648 -811 -315 411 -182 58 -333 -371 1117 165 -673 -371 -247 409 473 145 652 -1231 119 -1397 -1209 86 645 -891 666 -158 564 1304 -729 178 -361 -43 1105 1367 -832 -294 -661 -341 575 -140 -395 -289 704 353 -1011 -1224 782 495 93 -121 -351 30 37 382 -691 -244 -735 765 -1033 833 -379 483 244 9 -930 225 -924 467 -1123 29 545 1644 -326 -427 187 1402 1005 -222 -928 260 -1283 -252 866 -272 -1111 131 806 221 877 -69 -145 -256 694 -872 422 222 373 -503 -173 120 -543 48 -565 1555 -286 -1118 577 -698 601 -306 -466 274 517 852 4 -306 -47 161 -755 -469 375 -285 906 -396 -1267 81 -366 -70 676 -568 -360 368 -18 211 -554 -260 734 144 1132 -32 -209 27 -1174 -12 -739 303 -378 -311 2096 112 820 693 168 57 465 -324 1051 743 737 442 659 -59 -1402 -1548 -1030 -351 224 -224 1223 -1520 -771 841 -46 439 116 888 255 -640 324 -139 -405 278 177 597 84 -417 812 -249 304 232 -362 -331 -516 261 415 -334 -1086 527 424 -400 -186 -470 -261 999 234 -18 -37 153 -1243 242 -208 760 295 596 -411 
373 608 -1063 662 -465 -223 896 -302 367 37 395 241 -219 -432 -580 196 -483 434 64 478 -522 -1116 250 406 -627 48 187 -489 390 -264 638 -205 576 92 369 571 -236 -1544 289 1087 -122 391 -232 372 -684 -99 -365 654 -523 -511 764 -172 -1297 -677 386 1285 -1025 616 394 -1104 -38 -859 746 -192 -373 691 873 -123 210 338 -157 -125 589 74 130 -169 228 602 251 -419 -811 -189 -236 251 616 1524 340 -717 458 -719 28 -176 848 877 -678 431 -140 291 886 -470 584 1227 -666 388 175 121 980 -1286 -810 -914 -472 33 586 -630 -336 -343 -91 265 -586 153 147 326 2131 -615 -756 1606 -247 -789 257 1364 -852 420 1164 1409 360 -523 3 802 -291 233 292 402 -398 -795 461 666 82 -57 -477 344 -716 -1400 776 -344 -1089 -153 -301 -773 -1067 -733 -148 -679 289 -255 -176 32 812 772 -229 -757 77 -8 -1091 632 405 -40 -606 -509 -34 511 -508 72 -258 -220 457 425 495 422 -273 -494 1447 -515 938 1520 320 415 -297 706 -32 11 -25 197 -165 -317 1386 84 -398 326 -19 1015 390 583 71 616 -79 -1120 484 -174 471 -230 26 55 146 118 252 182 328 -44 -479 -737 -355 46 -631 -584 -633 1197 180 487 -552 -25 -1037 340 -68 -342 -694 -910 506 685 184 252 11 1 -1182 274 340 375 -634 771 -467 -65 290 220 -159 873 130 -853 -119 333 463 132 -786 -638 -817 -886 123 -157 -586 -560 -180 -104 -837 -543 -70 -767 -362 930 -85 142 -37 -1856 1129 -38 -560 486 -245 -501 406 265 315 646 
549 339 -618 -699 290 417 67 1059 516 668 1042 766 -1081 -1362 -1003 300 872 -163 -27 -474 -323 -240 -231 30 322 -223 -7 568 -248 92 -312 418 508 1558 -34 -1099 541 1376 532 -700 1270 -97 -587 -461 -291 747 658 -662 696 -22 446 1088 14 1053 -1003 397 -196 -317 475 -642 -975 -274 -185 634 -747 -660 1242 809 -235 -219 -1041 265 -966 -297 1379 967 -919 1326 -219 655 -177 -374 325 -870 -888 211 -703 -1469 760 279 163 195 -347 -726 -733 413 103 -1217 491 220 -1014 637 69 1185 544 -640 -508 -879 -118 -42 1211 -261 691 336 -254 -699 -361 -333 -81 319 -174 45 520 -13 581 15 456 -228 -1060 1006 110 174 432 1303 -454 885 -563 155 178 57 260 -160 -133 -540 1213 -433 -9 1091 532 -764 1223 -343 -253 -878 1452 310 690 454 -609 -101 -632 -563 -211 932 -846 -678 218 -257 -163 626 1176 1322 -930 1107 -169 707 -301 771 384 1185 144 151 -748 -365 -821 685 -149 -104 427 620 -62 -1109 671 142 -488 254 834 -417 -456 160 1797 285 1043 425 -760 823 -973 76 122 -874 1223 593 -1161 -300 -541 509 -208 -1570 -363 -206 -1240 362 383 306 127 -347 1189 156 50 782 -447 -209 267 -1643 -821 -672 1221 66 -493 -1079 334 -396 -556 -116 -788 203 209 -555 1027 948 -99 -116 -1242 -236 -85 550 -525 -455 -783 758 -292 -149 -238 -1021 -1164 937 -91 433 -409 -914 -197 74 -18 1068 436 312 -918 843 -112 1094 155 -937 389 310 -306 -556 736 -380 -81 292 -609 653 241 186 546 155 103 -274 -561 238 
194 741 -232 193 -186 -175 915 -721 294 706 -1102 -85 1077 481 -176 -962 -374 662 426 -277 -739 -953 1526 -152 -259 799 -814 -166 -354 -9 336 1127 -446 -985 141 -626 -560 541 455 152 698 573 -16 223 -769 -540 -307 -293 -145 -227 268 -359 122 876 564 1196 25 -217 802 -280 1148 -312 595 -216 58 1011 -648 -1032 666 -206 -1261 -142 -78 -435 1059 241 -259 1082 -119 1028 -843 -477 1099 1232 586 671 295 23 996 -726 757 415 -468 -112 270 760 -641 -501 -493 -1204 280 1000 1015 -201 -1086 -677 17 -1462 456 -133 480 369 402 -996 -680 -370 -1110 1080 209 987 581 7 968 -353 960 690 -460 -849 788 -190 422 -470 285 -685 -475 -184 231 -208 -546 79 724 237 157 300 -1145 -135 -611 1232 -307 1046 1628 378 1381 -1368 -435 -597 40 773 -684 163 -418 391 -828 -26 -179 -1307 445 -1299 344 3 -454 1470 -765 435 -59 -220 428 -563 222 -736 96 -52 278 -510 -789 -491 1222 776 -98 136 31 215 -425 617 -487 363 -202 -521 -165 512 -970 54 13 322 727 -530 103 1 924 -318 -628 -1373 -288 -21 -148 416 -224 636 216 -167 -2291 -646 89 621 -428 654 -171 593 679 9 522 -186 -338 -880 411 -333 81 -116 433 -193 261 78 -419 228 -1119 614 956 596 464 -139 1195 252 -555 -339 265 176 569 -29 -297 443 945 -1119 -245 -24 546 -1713 134 184 -14 493 373 -1092 -834 -581 -285 -81 1075 606 -349 452 -18 444 800 154 47 -309 311 331 587 -1434 680 63 -774 -575 -998 1009 -26 -591 1669 304 
515 -745 -152 -241 -493 -1252 -392 1050 -258 -727 1073 778 340 26 782 886 89 194 152 275 -391 755 -1749 479 -98 -1384 1041 -266 525 247 -732 392 -934 74 869 489 445 4 -941 1031 161 513 -70 -744 634 -333 825 -277 951 -465 -460 742 759 364 -360 -311 429 174 805 205 -177 -1116 -247 64 112 -647 24 -213 -283 992 195 631 343 -708 -477 -518 -196 94 -284 634 479 848 576 -496 509 -281 -374 -284 329 258 -479 876 -380 -193 737 -504 -1333 230 -135 -516 269 385 1061 -248 -800 -305 -1083 751 -864 -292 -673 598 -37 727 -180 -340 1279 89 392 -546 -637 194 130 -1005 4 -300 766 -42 -913 1421 1218 497 1392 344 185 166 977 876 646 -73 157 239 397 272 372 1464 -435 -118 153 -150 -1042 -1715 1294 -506 -662 1069 -114 -108 -291 805 843 168 -517 1028 496 851 171 -189 800 224 779 74 68 -147 907 -544 153 127 -448 962 1051 343 -1412 432 -405 -657 -370 420 474 -291 -1544 -705 247 448 402 509 350 365 193 230 -647 -908 -161 -418 -1116 489 -191 1089 -146 -1219 -362 607 -213 550 -255 -954 -830 -618 651 -421 -46 515 49 623 301 107 -1106 648 -95 72 953 -121 751 763 -1591 -620 -393 392 139 173 -91 369 -756 888 -683 301 -111 717 332 -365 -333 169 354 -174 137 -52 -95 -540 344 -161 -896 893 949 1111 -204 -344 183 327 516 -840 -433 -855 -1252 -404 244 -195 -577 591 -394 -61 -410 111 406 -964 -86 -60 14 974 -237 502 1173 120 -585 -726 -266 303 -517 -361 301 151 
1141 -267 1371 -722 -470 -610 -1333 1178 159 -367 -278 401 -151 -209 -151 -1223 -195 40 -165 -601 133 -604 735 -955 -857 -347 -174 500 109 -571 -303 175 -527 -881 155 319 -356 -859 213 1233 214 222 -1297 278 599 -1216 512 336 -47 49 -4 -891 725 -352 715 547 -425 955 -368 715 374 -250 -803 1595 646 -1131 507 244 94 900 258 22 1881 239 639 -547 64 -639 -1833 -463 163 396 -1454 -70 -58 -185 -579 -1039 1299 -182 79 -1578 201 613 -49 -396 -461 -894 38 76 463 -489 1527 -494 112 -376 821 -245 -1487 651 -354 -624 -347 805 204 -372 614 781 368 354 153 -755 48 154 226 795 -653 -135 -298 198 -219 1184 420 -105 -296 714 88 -200 441 -2 -286 376 -257 502 -930 541 -57 309 -618 -72 -63 813 -1419 133 -1162 571 -1223 -1512 215 234 -301 -357 413 -1213 -184 -287 383 1002 1002 1302 484 963 473 -754 -699 -258 -379 -768 756 -1000 -571 -466 -318 -534 116 -105 312 761 502 415 -142 462 -221 -327 956 810 -260 -138 -130 573 328 -1406 405 -17 397 -550 264 -1723 510 700 -443 814 719 609 830 -376 -1014 -899 -182 -992 -967 232 1393 -691 -439 736 -644 -304 -29 -253 -196 -1005 -14 227 227 -1300 234 292 -298 -345 -1074 91 -182 -379 195 -783 339 131 515 750 -428 7 -532 -135 242 532 374 265 -569 -864 627 1038 71 -540 188 -378 59 404 -1851 -1333 709 -671 620 -70 -420 -354 560 -56 -443 -832 405 47 280 203 -901 336 -604 987 1747 -623 -1244 -225 -144 205 -276 798 -906 4 385 -641 
-501 868 -131 997 1578 -189 214 1531 -765 -502 -99 770 -609 53 -397 -95 -628 -858 -222 -1063 115 551 -417 126 -818 246 583 49 -70 -40 467 -771 -725 1530 -737 333 486 336 390 934 788 -363 -358 -375 523 -738 -320 516 -129 -60 306 -514 -450 -335 208 167 -937 -274 651 384 309 -1199 -34 829 -1207 730 -1695 -1599 380 534 -1009 -108 134 159 1035 -378 -102 379 207 447 1940 47 884 -538 826 -344 -1204 -468 139 264 111 -568 380 -429 400 30 58 -70 -850 -444 382 -412 318 1234 -1391 -708 605 30 -1135 -842 -1034 -1177 630 410 281 80 -301 269 691 216 -49 -597 1060 39 -1534 1117 -351 397 -508 628 -58 473 -1358 -107 -1672 661 43 -286 297 -187 797 842 -113 424 -666 1271 321 266 169 -32 385 -712 1369 944 137 32 1305 751 -46 46 -42 -449 471 -1252 -1197 189 958 594 -188 160 356 158 426 235 292 -231 -1486 266 -263 1136 -409 -322 96 -68 131 -178 443 -278 -80 -691 -462 -260 691 -43 -273 -393 -1724 69 463 1276 -87 -702 25 687 800 -928 659 -52 -456 -165 -860 -214 32 205 663 356 1658 -324 343 240 -168 612 -568 1412 650 447 -457 506 -162 224 546 506 975 -476 -846 228 500 825 -283 -148 92 871 276 933 -415 1600 -520 -168 718 -471 -936 -116 -300 -162 1862 -840 1301 -341 802 -456 893 -73 259 -393 467 -105 -397 -140 -397 1058 -65 -74 -489 -815 -876 -127 71 -653 -233 -239 15 710 -149 264 -73 -391 191 363 -63 741 252 -134 -774 43 225 834 -1778 401 131 -709 
-292 168 -678 233 547 -149 -210 362 242 -836 -451 -101 505 -257 -113 148 -924 412 237 -705 82 -617 -340 -127 56 -609 449 -218 795 -422 826 -256 -1256 282 332 147 -1125 557 -223 446 -273 377 812 -1571 634 -1128 -587 478 820 368 288 193 -247 954 1034 128 -800 -117 -891 222 -448 991 639 -849 -1194 -269 224 509 615 425 690 62 -246 400 146 -215 -210 410 -430 358 235 450 -1164 -170 -276 -532 127 -29 600 -214 -880 569 415 190 -519 303 532 -160 -11 269 48 58 -818 212 -967 -941 -165 2625 -587 -69 -491 -20 -351 258 -1424 32 -1405 992 1003 -1017 -187 -299 20 -1037 -420 867 -628 -128 139 104 -108 -727 650 128 -814 900 24 335 54 -1313 -674 508 -1207 940 -90 1021 396 -189 224 391 104 -731 -484 -396 574 -206 141 -67 -367 726 1406 753 -312 184 -182 469 423 -1280 -678 -165 278 -721 -550 -124 373 -933 24 728 627 -86 -103 325 -963 467 -479 652 -856 150 -189 1004 1341 -295 1123 -3 95 804 -94 -351 -260 -749 -801 160 528 -114 -320 -204 870 -120 -237 -529 383 -430 786 531 707 1572 529 -377 437 -32 169 -294 478 -87 15 631 -679 200 1090 -189 -1368 -210 198 -976 -388 260 -413 205 1134 -293 -188 667 -676 563 291 -283 -503 -456 422 946 183 -524 280 453 59 -1440 359 -209 520 -619 502 -641 -534 -37 194 -930 -51 -142 136 -1189 -679 495 1 836 -314 103 -1391 499 -344 -185 625 -45 266 -674 -496 -54 570 -682 434 -72 349 -749 397 -238 -686 -17 -216 -153 1343 -812 
-459 1031 -876 -320 372 -900 921 -6 390 467 296 -675 -1028 -40 -583 250 -212 -642 49 309 99 563 -1294 595 -22 -21 -1479 -3 -176 1482 1280 -629 -224 -61 128 780 -377 860 602 550 905 -910 576 550 676 1031 274 506 -170 314 1502 462 288 427 265 -1268 -337 135 -455 513 193 -942 -843 77 -689 -470 619 -14 1317 372 185 -241 -89 513 -1979 -530 -1156 -823 1485 -760 -58 -501 334 -643 -773 -783 -11 761 -311 617 -887 -48 1035 -119 293 262 -505 -121 349 328 -1008 1350 309 -629 726 -753 78 -213 565 -807 153 -200 46 560 42 -148 -345 -452 1072 271 -1117 -614 -1024 71 421 -1071 -498 1070 503 -1273 1392 -903 266 -1320 -1351 218 -27 1345 260 63 230 1035 -465 -118 605 635 1013 -303 114 283 1178 -215 -903 -602 -238 -776 -324 587 200 1737 313 -1144 -639 147 655 -152 -288 -1214 -540 3 12 -277 -51 -170 -290 89 -282 995 605 250 -448 -86 1082 104 -17 7 -501 1154 -510 -71 670 276 778 428 -1225 -40 591 416 -610 -173 -167 -227 198 -121 535 1512 574 557 683 484 420 255 77 1334 -386 479 709 39 -259 1090 918 -86 -544 743 -833 -463 -504 178 838 -500 -293 546 -25 -619 -552 -78 -624 -295 1077 -561 805 -372 48 833 -180 -635 342 -222 -876 922 -556 117 1211 661 226 720 -1549 -429 -964 743 -1430 620 38 761 229 217 521 -1208 -768 -769 84 -684 58 -1412 -548 -841 -420 -792 -301 -689 -864 1163 -686 -385 -69 659 -668 -761 0 207 430 672 754 -962 -23 -143 -693 -82 -447 -655 
120 133 611 -324 -276 -1387 253 -120 777 412 745 524 937 -99 -544 -229 225 185 -653 -1739 -84 144 -609 938 -1030 963 -814 14 79 1016 -577 -106 -300 1103 120 -79 -836 -241 386 -154 -153 -1040 66 807 -879 -182 127 -145 -555 80 -345 433 573 -375 -216 700 -764 -623 60 807 -1 189 -882 552 440 985 104 -536 2165 -540 -468 -290 -377 -427 613 -501 -27 -129 -100 -210 -1107 338 767 899 68 -360 693 -427 -760 -417 -1042 1214 -52 148 577 462 -700 -623 -154 -636 -202 -1 295 -38 -64 -1069 612 72 -261 -636 22 995 -401 -296 -485 -161 -1016 341 596 650 351 -340 -567 -491 1268 207 1004 -242 -40 -49 670 69 -540 -499 1359 777 -362 -58 -676 -31 -97 120 -196 -1157 -1059 612 141 1693 -459 48 924 222 431 -225 228 -44 19 -378 -443 585 328 504 322 265 -696 -539 -204 -705 -614 -1477 -560 718 -1330 -384 -1107 -140 250 174 303 -1228 894 -73 -348 -183 -1215 245 -70 559 -760 88 -781 295 619 889 891 -451 1558 790 542 320 -76 64 -43 -484 -482 -359 558 336 -794 391 951 201 446 908 178 17 813 -158 -540 323 -65 -779 333 192 1054 -546 -1065 -159 306 678 -15 76 -512 -52 -311 -332 -44 1547 80 523 -729 -519 -773 301 -1631 -40 1019 -1384 1741 199 977 417 837 -364 336 803 -927 -247 -153 -154 274 -313 208 -900 39 -205 239 826 -211 619 553 -33 -892 971 256 -759 151 176 -259 182 -159 -235 307 -240 695 -387 1589 -702 376 358 120 555 572 883 238 -618 -1488 496 -354 265 
-186 257 1558 451 -107 169 436 -311 -91 36 -103 -716 837 1366 -307 -138 818 85 959 -956 1486 479 -507 391 281 316 -865 261 389 217 -605 -500 -969 1141 239 -397 -250 -705 -111 -1520 -1102 261 250 -719 -194 -193 712 -448 59 628 -678 1406 -133 526 -283 -140 -443 26 -1131 -722 1630 721 -1332 -320 -292 -836 5 -140 -298 -50 -279 1138 -166 -322 541 666 -75 129 1532 -579 -110 26 -466 -972 378 -1255 1654 1100 395 13 602 -706 -596 -466 328 362 355 537 -164 -232 -666 644 -617 -426 -636 616 -31 204 488 261 -450 -108 653 -920 -581 455 828 -305 -631 512 1356 -275 -421 -336 -228 -848 665 529 -430 982 -381 462 -425 510 -162 888 420 264 -574 172 447 -225 -174 90 -1365 279 2 529 -248 -253 -407 -586 -460 -408 -1035 173 344 262 -1781 -281 86 722 243 -346 310 -1093 -213 -280 -312 177 -445 644 171 26 -13 -117 62 1037 -1478 580 454 533 -155 62 -663 -194 498 -434 -1086 -95 -911 649 -722 -770 319 -656 -1192 -177 50 -728 -580 172 -68 10 -152 -228 -127 -536 -215 -368 416 -609 -58 -120 -285 349 -103 -428 635 912 -53 1549 -371 -127 -817 -114 -896 955 515 -193 -724 448 -126 729 127 1398 344 -717 -994 95 542 -156 78 1 -309 105 -787 188 -1738 -66 115 397 -1004 -214 469 -1436 -747 105 255 -120 900 210 -1498 1122 563 655 -1032 -800 -318 -1156 343 -327 936 -545 604 121 -775 -52 -754 -172 -548 -34 -956 102 168 706 295 -51 -844 -317 -617 257 685 279 214 -198 -451 65 381 -392 
-617 666 -120 -1165 454 -380 342 -283 638 -581 111 -284 -459 -463 412 729 333 1155 -282 -279 9 321 485 -427 39 -80 205 -139 -286 -436 53 515 -367 298 1314 626 -329 -641 -174 109 -44 -475 456 1348 -506 313 391 1015 -118 134 -1002 930 -324 -42 -1072 266 653 -459 -219 138 -875 1091 -292 715 -126 721 750 -611 -8 -471 -799 363 -491 -1133 1160 16 -336 1872 131 1004 -1003 760 2 -1418 588 280 -556 160 -1056 774 -109 -961 -509 -377 -145 1324 -314 -1135 622 182 -109 764 -163 -695 -1375 -690 460 1403 848 296 -171 -377 96 1137 190 352 -387 -605 701 354 101 428 451 -233 -153 -912 -181 -315 339 -458 193 -98 -96 -8 -889 302 1076 -801 824 -76 -527 -200 1386 468 -764 878 267 -227 -611 -36 -246 473 -399 282 393 16 361 -182 -137 -327 215 -679 -275 -368 358 -869 523 473 734 -1073 -214 393 243 626 648 400 1677 -375 -355 -430 24 -290 -786 286 396 615 220 360 -558 -1184 -43 -986 -97 152 1084 587 266 680 -89 343 562 1044 -394 570 916 409 -481 343 -269 35 -111 -615 464 1650 -514 927 -45 42 279 44 -625 -323 107 1322 -421 -4 -347 1683 897 -526 801 -512 -1106 -711 542 20 -927 536 -391 131 -622 1321 -1073 -435 -265 1499 893 409 -820 541 793 -8 282 802 -324 -389 121 -141 36 66 -1541 -1503 792 -386 1007 -711 -1006 279 -193 -522 -267 -1092 -251 -248 1205 -164 -419 430 -985 -409 70 -273 -523 705 -750 314 635 1011 303 -150 34 -193 577 -492 1299 668 -191 -728 -405 -331 
702 -1756 -1798 -616 -292 981 -11 27 226 254 -370 393 -444 -583 860 -878 -1662 184 503 -292 -23 -118 -3 -254 287 1284 -1005 -231 831 44 86 -326 87 -280 747 787 770 -426 475 914 286 703 -534 -804 503 1207 -197 100 -145 573 -1174 469 -417 -573 -624 259 859 -173 1107 226 -371 -477 300 364 944 -905 270 195 -378 469 -155 135 -113 -447 -860 1067 -205 -207 430 -181 -527 -229 -84 237 535 -284 -952 -511 -357 414 875 785 -874 626 -41 -675 68 -287 923 -675 -116 406 887 -1019 22 754 105 426 -813 -700 -339 -280 676 -481 233 1170 1455 607 666 -378 -6 -104 -1054 -381 -128 397 866 51 -13 -755 -379 107 -324 -601 -369 399 649 -94 1599 291 1319 -947 1256 656 820 -328 282 -959 1209 -965 391 765 -179 1525 -312 710 1136 -550 -97 449 104 435 953 55 -457 244 -884 286 1212 -606 -997 159 -323 899 -943 -253 758 845 579 615 884 -1096 370 400 -337 -212 -139 -565 -103 217 165 1044 -1124 1588 -7 -643 -129 -247 -284 168 -363 -418 -198 -911 -1611 203 -852 -546 1278 1268 101 290 -241 307 192 -106 9 440 -129 -618 -764 -749 -455 -271 138 616 1718 -512 -188 419 -152 -388 1058 623 238 1564 -863 -613 -529 1384 -565 854 -288 -165 -46 -864 73 159 548 -344 -655 849 -371 -182 -1129 1351 863 275 -17 -675 162 727 -377 313 579 275 864 216 -928 -680 15 -624 -69 72 -846 -102 194 446 1718 -383 -208 -11 399 1065 52 864 -1459 -202 -347 144 -168 922 -524 -234 21 551 686 350 1349 -868 
801 262 707 -1 351 235 -94 -329 -13 -511 1065 46 -5 -454 -354 -949 363 38 99 589 214 744 605 -664 1556 52 -753 142 1482 219 805 369 -98 -41 705 205 979 -327 -949 -296 395 1133 -1242 495 962 -756 146 445 -199 278 -988 1121 -471 -648 -427 266 -219 -649 27 -231 -704 907 -180 50 -807 574 843 -608 -71 226 655 -73 -502 -921 1013 1358 -381 716 -700 -178 -202 308 -264 1504 -40 -52 -520 -437 275 62 60 -664 -181 -753 -266 944 891 -282 -761 334 -760 -523 -817 -1017 445 -218 -616 -81 -591 -239 -348 -1131 481 -58 -291 -681 -150 243 -173 -1000 432 1140 -209 -1927 723 -949 -801 507 -262 529 -273 -368 646 -335 -342 -1360 -15 -736 -677 444 -250 -346 125 734 -206 -164 -189 -196 -400 -1463 -53 -515 -1146 -348 437 561 -310 -1106 -1088 480 460 -377 -186 -160 241 1095 -503 -1955 1005 274 -1014 -649 706 -606 -158 -1085 181 505 -469 -259 -2048 -396 -591 -535 255 22 136 1188 1776 1266 -603 541 -1693 -299 -1107 -69 -237 374 -892 -1048 -340 -240 -18 512 -180 266 -563 390 -196 -177 -169 16 298 92 261 1 310 190 225 3 399 1551 1028 181 -1127 -672 321 455 -894 -120 -1344 288 -610 662 -479 455 962 -562 -143 119 -358 786 239 -458 720 -307 115 160 229 1018 -15 -380 432 88 486 -438 -742 -614 440 -933 -928 -665 -267 -587 -254 893 280 560 64 -368 123 -606 -797 -356 65 -297 -423 194 -108 499 903 645 -227 -202 -770 122 -164 -57 207 453 -109 -436 -521 -19 487 864 890 -308 -888 -245 
872 -348 -1484 533 301 -559 338 -931 138 296 406 383 -742 287 -194 1784 -1012 765 401 59 1115 -75 476 352 110 224 387 410 -447 -195 -645 -1434 -298 -347 212 838 -1321 449 816 309 1033 198 243 -782 466 171 -604 319 -1012 1447 410 815 354 115 -694 263 -947 -131 -385 758 451 643 -745 633 344 -1401 448 -299 -209 885 -32 602 -772 867 -50 694 -451 -144 215 -508 -389 435 57 -439 -730 -50 0 -500 1234 243 422 256 -1146 -964 -286 -127 892 1257 -132 -21 352 742 -230 -1206 182 433 -216 552 -752 197 206 466 287 320 1352 838 -498 -171 -1246 -1250 -294 -181 -160 89 186 465 -27 -40 -413 934 417 -314 -355 -313 421 -877 578 1047 -119 -409 682 674 -849 -37 -5 1290 -847 -597 165 84 279 -223 1099 -84 204 -563 -284 -54 -18 468 806 271 381 269 -91 -1047 -269 -1033 -388 421 -564 -3 -1568 402 -531 -188 372 551 -202 -673 -692 -298 1421 997 -879 555 541 66 -927 -13 226 676 -234 94 -12 -1 442 103 908 -343 738 -29 -205 148 -614 14 313 -447 326 829 -593 -141 -269 -180 -519 -32 1212 87 -470 -377 -456 425 -341 176 -204 -89 -266 -248 -198 -1446 -71 -10 436 70 -242 382 455 871 33 327 -91 607 711 762 -381 -17 111 -89 1368 -239 -213 5 330 185 1395 -429 -315 386 43 -570 -433 -1287 -1742 642 -1370 733 -1005 1034 432 -874 10 -403 1099 -175 -46 489 405 -173 120 868 -190 32 595 119 -865 697 -518 -1495 561 -356 199 -507 3 -585 -552 1487 682 -204 -1877 -92 
-320 154 576 -219 848 -850 255 -674 -323 -242 750 783 -297 -281 -256 515 1366 -113 413 351 -33 60 157 1323 -286 276 -98 490 -132 729 788 1184 -744 -187 -364 -381 222 -796 -910 -651 207 187 -52 -451 1171 343 -655 -684 2032 -943 714 742 -8 -80 164 -531 -357 718 1124 979 991 657 591 689 -86 -617 945 1435 485 71 -665 -359 204 231 107 899 458 322 -242 -550 -585 -830 -59 213 -165 686 89 184 -105 678 -1604 -275 -590 -828 -818 882 -410 34 -88 129 -248 66 324 -350 320 -205 1135 -133 350 -1616 999 757 -194 -423 -798 318 435 149 603 412 378 833 -358 -1180 1811 384 496 215 -697 261 91 -417 -1171 253 670 222 -315 484 234 633 -251 -98 -299 -506 -5 492 112 154 381 505 221 212 -514 1242 881 -654 576 -929 -248 -81 -322 -763 166 -609 842 120 -848 -595 386 -63 -307 -384 -84 625 273 1071 966 -614 -586 -591 292 -533 -69 504 -1467 310 -77 222 -77 183 117 107 -805 466 481 975 -13 -674 -3 653 -75 -399 -306 221 -304 503 51 923 -36 659 -47 98 -127 -289 1317 365 -551 -508 -895 -437 822 -320 358 32 279 454 0 627 -260 -236 -471 128 251 537 -18 -312 -777 -457 306 -32 196 -599 466 657 122 -472 1504 -216 961 821 445 350 454 934 986 -35 168 1005 -22 -537 -166 -469 1297 -557 1057 -666 -466 -25 112 -819 1197 129 -795 1595 65 -778 291 195 -796 -1190 -160 1095 -152 47 241 -597 -128 -108 -671 -76 676 36 -151 1084 -1020 636 -701 -85 -291 724 
166 -266 -836 365 -1218 40 357 761 126 -1173 236 -205 705 299 463 700 -173 549 -90 -258 -268 134 522 -14 519 46 1099 579 1051 -225 245 -516 -949 615 344 -366 -124 -121 -594 440 459 -344 326 500 -873 -402 236 99 -622 -397 86 -1594 -111 -399 -196 564 224 -812 327 1098 -224 79 845 -889 -423 245 314 -443 769 -474 86 198 -127 -705 -1632 254 560 -476 124 894 -549 -331 1397 -57 91 -51 1149 -272 303 1144 886 -371 101 366 -740 -687 604 -774 -182 328 1175 839 -1011 58 819 -153 -1300 -232 -1892 121 130 445 -91 16 -318 394 -384 -579 -497 -214 -684 307 656 -977 319 -109 218 501 434 153 51 117 -1066 292 146 -437 15 155 -22 -530 664 375 -1433 28 1163 -198 4 613 828 -237 -350 -119 -290 -118 -220 546 653 480 -210 188 605 872 1149 -547 -258 -141 -300 56 -419 -239 -116 614 -330 1087 -381 -50 1740 -315 274 -106 913 -213 591 811 466 -178 -882 -565 -1253 -105 1175 738 -806 399 571 205 -483 676 1345 1219 -185 1170 990 -170 -579 -159 -521 468 -881 371 -1019 328 -445 177 -809 1006 573 777 -679 1041 29 -852 991 -408 -215 -151 -476 -86 223 -1316 -444 -606 719 213 417 455 -29 190 76 1210 -108 -355 141 493 -468 -256 171 -801 -312 -1214 -1083 -510 -359 182 -1456 -332 -399 323 -329 244 995 -512 -461 -755 971 -647 457 -182 -942 408 640 -630 -1417 -142 -489 332 1555 602 247 -57 -158 102 -1041 -321 996 358 -34 -4 -1375 349 852 -484 -445 38 -728 576 -278 229 467 554 
-559 -788 380 417 116 143 -405 -389 330 -115 619 71 345 -768 1290 -254 -358 -301 188 -355 410 374 67 325 362 -95 560 -838 -370 124 -778 362 361 -838 49 722 91 706 308 243 436 934 -420 148 520 114 707 -523 459 -503 -544 636 744 184 -488 -820 -1130 355 -199 -10 371 550 -366 1663 647 -476 475 -102 -423 320 -129 203 -250 -349 544 722 -576 150 740 -129 215 74 -611 1144 -827 535 -184 738 -60 -319 -762 -180 658 -275 131 -511 -330 346 -573 -1229 193 165 67 -57 131 457 -1522 784 -474 246 -461 -638 500 -153 -923 21 -1026 -997 -145 -993 1439 4 -317 -662 481 -48 571 537 649 426 519 640 824 -210 -1689 457 26 -606 -365 -205 1043 -991 793 -1314 -1394 -410 -597 -527 -68 549 83 538 -190 748 421 811 -645 -1259 90 -207 555 -73 426 -661 -235 -194 -255 813 270 -898 575 107 382 -226 -627 138 -121 129 622 -140 -73 -281 -918 -265 -496 275 -330 1351 -74 -33 -29 -575 -1065 252 -186 -1402 76 30 775 -606 436 195 588 -438 -667 -328 -740 -915 -93 969 839 -493 -49 240 -330 164 -299 389 711 -626 434 -695 -124 440 -392 -33 -468 -596 1435 660 436 -1009 691 284 -207 263 -74 399 63 81 -313 150 122 555 -478 557 -284 -1072 812 515 -1023 737 189 -344 1776 -485 574 602 651 -1232 -1292 372 -361 104 -812 896 358 2441 -968 76 117 -1188 -160 528 707 -1061 -1501 -190 204 432 -705 -425 -640 179 -1113 656 849 1061 -881 509 598 -625 -158 294 110 1833 -157 -707 -76 -1181 
-293 -186 -377 -1056 965 -404 398 1140 703 309 441 1193 556 -388 665 530 -27 -35 1262 -173 562 708 -368 1129 1163 1573 -374 -119 466 272 621 575 698 123 469 126 1050 -702 -684 -209 963 536 -454 360 -490 584 278 -710 -724 -242 -144 820 -1246 6 14 418 536 577 319 643 1636 -586 -767 -636 386 -559 -661 -878 126 912 -96 -17 -372 -854 1119 1908 -662 193 -491 -1592 -454 849 440 213 -383 165 118 -903 -601 1593 -710 436 -350 292 -568 -798 2589 168 457 -1003 997 117 -480 -751 -34 550 -429 -1058 -767 22 -155 -413 -271 -1151 308 -558 890 569 -162 236 846 9 -1064 -277 950 -1718 -725 -8 -879 -145 -381 1021 3 114 58 -988 -991 -413 -527 129 -314 -781 561 856 179 179 928 -1036 -791 -65 -664 -318 -1044 -550 288 145 295 652 -63 -481 -987 1037 -218 336 879 -528 -68 -225 -180 -559 114 -708 223 -545 -78 187 -1490 880 -791 -127 368 557 -74 476 1062 1457 259 821 37 -1239 -743 145 324 154 -553 -189 -687 1264 361 -1874 -1110 820 -1535 -683 12 676 946 -326 488 -101 757 447 -147 -287 -189 -172 433 -235 124 -509 592 437 -220 191 -414 522 -492 -899 -715 1178 -146 -69 -363 598 -486 1193 154 -752 821 -1 741 829 1099 304 -605 -316 674 -383 716 1 -647 1043 929 -524 -30 424 566 192 151 -302 636 1376 -627 137 639 189 477 -549 -311 -759 442 208 -40 210 -1703 -517 -1426 -938 -545 -1228 -239 -629 -488 766 -239 126 274 277 -245 699 207 -567 -1410 422 76 -247 620 -54 -175 -516 
280 -609 334 -640 125 517 1535 -1137 -383 408 -1171 -774 -1215 -139 -745 1317 550 -966 -1942 97 131 1345 -700 770 -241 648 -222 370 -38 -243 -374 542 1059 -511 59 -172 419 -46 1129 -1054 -100 -1321 653 164 88 407 653 -549 -218 -682 -907 350 633 877 578 522 753 -530 93 551 623 -571 908 273 560 -91 -665 61 457 8 -654 -118 -127 53 -372 -153 629 793 -138 -429 444 -692 910 -646 -280 -261 -227 655 381 -611 -450 -517 443 -646 1063 172 -520 98 -304 258 -694 -430 -129 77 17 146 -557 252 173 149 -399 402 860 -830 354 -327 612 -584 -219 242 -327 403 578 412 -572 -104 131 932 -309 -248 203 1137 -27 329 1915 161 -583 -256 -112 147 271 -51 741 -1798 -325 49 274 1000 128 -241 -1307 1025 -106 859 436 -881 801 1210 212 -106 89 -1199 -517 909 426 54 -1196 223 296 -628 564 229 369 950 -317 -492 -312 56 316 -652 -918 -346 -265 -436 -1652 -484 39 -321 729 171 24 768 -570 604 -740 -429 -356 -9 -219 -257 -23 67 324 500 61 395 -341 -728 283 827 -46 -814 82 -572 336 -823 810 1071 -525 850 165 1054 -1234 1184 -412 -177 1090 -24 -189 -138 612 293 565 -458 -1102 -392 -1563 -701 135 184 1346 -442 776 -189 94 1091 359 225 -260 -1063 -777 -546 934 228 1146 907 598 162 775 241 -277 -633 15 140 -909 1134 -366 -721 384 539 -474 655 1287 -62 -387 342 1039 476 82 910 410 -32 -79 -799 -857 -572 -265 -883 -1169 36 594 179 -84 -315 711 191 -869 -266 -1278 -248 
1207 -728 324 250 -782 -368 -761 183 -697 401 183 -693 590 365 38 -330 -280 -100 -834 -573 922 -1144 889 -207 -258 384 357 223 -60 -860 -783 -446 469 123 -235 207 277 -905 1723 -109 401 135 -266 1196 60 -536 106 -792 247 -880 -15 -386 -1047 -348 -349 444 1325 -324 -3 615 679 -100 109 171 876 27 340 -797 -1861 285 522 -497 -630 423 -1077 1167 1174 -548 -591 -229 -1185 -521 908 -79 -302 529 394 729 -644 569 -456 492 696 -676 -433 690 -1132 210 337 214 741 -297 1513 -571 745 193 -83 -26 68 1183 724 677 613 -51 -1483 280 -730 554 -919 -1276 61 682 -636 358 -440 -368 49 409 132 511 567 296 447 684 -287 147 68 730 -310 -114 624 -193 1297 -849 -691 -524 -230 -135 591 1271 -265 462 152 968 403 -1106 -50 -908 -1332 393 652 330 -34 365 -719 228 -1087 136 -750 275 1142 125 -364 -532 -549 76 972 302 1384 277 -468 574 1893 457 582 523 -924 162 117 -549 -291 477 -468 -215 -382 555 688 -794 693 186 -710 253 -178 -454 958 628 515 -786 -341 -1050 734 -86 -134 -442 -593 1085 -242 -321 912 277 861 -537 44 -571 -141 -275 1431 226 -252 812 1182 -724 21 1051 -325 -1499 -4 365 48 555 1108 1069 857 816 -832 429 -689 -472 -674 817 142 103 159 -665 -93 -601 1123 636 -302 -733 252 -783 100 381 -646 906 -366 944 -96 -352 384 62 53 182 658 -350 -157 -238 -552 732 528 -399 -208 -772 329 -647 -277 895 -562 439 709 574 -848 404 -364 -175 1642 -953 -305 686 
-273 -553 -640 236 317 48 329 -629 -989 313 -594 201 -625 -741 1103 -341 -638 166 885 173 -1209 167 729 548 742 -53 -1169 105 -1334 483 -195 -106 -302 -80 810 -298 -719 -676 595 -1061 287 539 351 120 -636 173 -788 -722 19 38 -325 -276 -377 687 -432 -62 -903 978 -146 751 1602 -140 -667 -218 -47 756 -66 -332 -126 642 59 -348 -494 486 -364 -357 645 252 973 -251 654 526 -409 -83 802 350 1210 24 720 -314 -486 78 292 -268 227 -585 166 365 -843 -1910 1039 1571 16 305 767 863 742 60 745 -781 -565 119 269 5 -90 145 576 -859 -524 26 -61 -250 965 912 646 727 810 -464 -488 235 57 1049 -11 -143 294 -146 -377 999 24 216 -333 -821 650 -377 -316 -429 -988 -936 487 -174 -549 1881 863 -7 85 -672 -1485 -348 -604 -995 59 624 -509 -231 -856 -1277 -737 87 779 734 -1234 504 -484 815 -1302 -683 -431 -13 -976 222 1102 86 1497 480 1562 -179 -119 -599 -493 -523 42 -241 1082 1584 771 74 1229 -127 170 223 800 -1657 -152 133 170 60 117 -1257 -1265 -50 -111 -915 873 -26 124 576 -434 -343 1702 -475 245 255 -202 -88 1580 152 -585 -166 -206 -361 -583 -467 -86 1117 453 -508 818 470 222 404 395 -227 -172 -747 -898 -34 168 1696 307 -1189 -344 -895 1306 -610 -496 829 499 297 -927 -367 817 -1029 514 354 507 245 1319 -403 315 -212 552 -377 859 -743 -512 477 653 589 -1582 376 -264 1486 1209 273 -12 -989 765 -482 633 181 984 -451 -329 -12 513 514 430 -239 607 749 
-402 -1123 -136 -137 369 -94 -95 219 -495 -309 -782 -225 513 38 -4 -790 38 -61 124 -464 -499 267 -205 -46 -1083 -215 -673 -56 -623 -215 -332 -1185 536 -288 214 -1764 -38 -22 948 638 42 -320 -303 -368 -473 -240 -37 -1287 -210 1038 661 -373 1091 197 -215 150 509 -410 -471 -486 -134 93 -1354 329 979 460 333 1056 1043 -577 48 -1197 -89 -334 257 -930 94 -75 649 -774 1008 406 -853 454 1701 -657 -302 -846 -809 1375 276 630 -895 -663 247 119 853 -115 53 -649 -533 208 -359 -56 -363 726 -29 60 297 27 -273 1197 -109 -631 364 -1217 396 860 455 510 25 -1079 -489 -182 -176 370 -174 -178 655 -544 349 -974 -898 -203 4 223 -532 -280 -1619 313 -179 413 93 -694 552 662 -748 394 1017 -432 -395 -286 1246 -617 -894 -631 -286 1767 -27 -1741 -379 866 410 49 -4 -100 -128 32 -104 -541 -175 676 69 642 -149 253 -91 571 1345 -615 -50 -508 597 646 803 578 -263 518 446 -1094 495 820 247 123 -759 548 -472 262 1546 114 -220 459 -294 428 -776 322 -818 204 651 -340 -358 -79 -261 -128 135 893 -214 1523 2 538 -1137 166 -681 457 687 -716 115 -1102 -58 -733 -593 -680 134 -458 -211 -339 -1007 305 -124 36 -701 873 -819 -524 147 -45 -1336 -220 207 87 350 83 -56 125 -226 -573 143 -42 1362 212 -387 -195 114 -63 -868 -1537 706 837 -224 -124 -644 832 311 -343 58 269 -149 -284 634 565 -183 -833 -101 -117 664 -114 -78 -484 -415 -304 -19 352 722 337 1135 -190 787 -151 -580 -275 
994 -206 453 -1031 -663 -792 -886 -317 1198 -938 -752 -695 -1123 577 -491 -914 890 260 31 -432 762 295 1209 -49 111 1666 138 654 868 -356 2022 247 322 -539 644 -907 1482 -351 1236 -130 764 -1081 -366 283 -17 -686 191 -42 -575 -1359 101 -306 612 117 -545 430 1079 -128 899 486 325 353 377 4 540 8 -209 -650 65 349 -159 -1037 571 176 -760 -233 294 -592 -992 -329 -359 689 1309 276 631 220 -671 -375 -774 -593 288 361 843 -395 386 51 -1150 -124 -710 -14 234 -278 773 -1221 463 -80 728 -658 1138 -310 289 -1171 57 -486 -581 274 -230 240 -1034 670 633 744 -219 -265 296 -885 -377 -554 165 -490 -78 350 379 977 39 714 -984 -670 55 -961 558 354 122 -163 -319 -1025 -125 46 -3 153 -178 1707 -671 1223 118 320 436 -260 689 -216 483 -1142 -113 -174 -751 5 -755 -1045 -310 449 -640 -880 390 -354 -96 525 330 1587 52 -1363 768 -341 -404 93 175 91 -345 843 -459 451 -278 277 492 -1636 -1216 192 -15 151 -2251 -596 -553 1289 624 -410 77 647 977 273 569 -75 -217 -64 402 257 153 742 457 186 -720 1138 715 -1088 432 105 178 -1029 -78 338 -467 145 1036 644 -562 663 965 -737 -152 68 -315 -1065 352 96 224 -489 403 -821 120 531 431 -426 345 -889 510 213 -1033 1159 -140 -996 -803 943 994 666 -672 -423 -535 736 92 186 138 700 312 389 108 229 282 -543 974 -527 -829 -1058 -48 365 1088 603 -242 -1327 463 721 -86 354 280 -194 -359 -527 -637 -321 -527 -1053 -89 -465 
315 509 -1175 -903 860 -143 290 230 1034 1554 1265 -964 -823 -1023 704 441 233 -65 112 457 -178 925 80 507 -16 -222 -475 -438 -357 372 -200 -247 993 285 84 -1112 128 1037 298 470 253 514 14 -512 729 1035 -513 399 330 -137 193 449 295 243 -255 -166 417 485 916 731 444 -486 -688 48 880 -1032 1745 955 1064 441 438 -1252 -327 207 -965 1166 146 -263 561 655 -667 -811 -276 -69 -1889 -262 -1068 1072 337 299 500 141 785 445 -810 155 85 -284 -948 514 467 133 711 1498 910 223 1115 447 453 -132 413 171 410 166 995 1075 456 9 236 -159 -376 219 387 94 320 -446 846 319 332 615 -387 734 54 58 703 -302 -640 314 580 -686 109 -210 -26 -249 115 -910 -1480 -153 -1018 -389 544 -119 1048 901 1304 -74 1287 -928 -526 268 93 -616 834 -519 299 -323 -376 358 900 706 104 1667 -420 1164 -259 960 1059 -294 453 -50 655 -341 491 -947 -1736 506 344 -27 1147 32 684 -511 -1159 -357 -698 887 604 -271 -734 -478 538 -413 -62 -710 193 673 -544 -15 -575 344 396 -642 -318 -137 -535 -189 -724 411 -985 437 851 70 -96 -818 -533 -586 478 473 200 477 -358 -188 442 188 -843 189 -252 -24 -1181 156 139 166 355 1141 -222 -542 -704 -1157 -392 425 0 183 477 44 177 -90 -143 598 -436 -260 -620 637 159 588 -199 -116 236 -298 -226 -221 332 216 -182 -741 136 -593 -260 -29 670 -670 -558 -173 109 -343 113 196 -1571 918 -58 -854 683 -389 -1994 291 -327 295 177 158 -15 -166 
-474 133 605 -598 677 -936 345 539 -267 242 -558 626 1 220 1112 803 -107 -377 493 297 1124 -504 -646 547 -630 240 673 -1243 -481 548 704 -800 547 265 -583 -26 -148 -586 -626 758 -461 -637 -306 -730 765 130 811 1005 -26 -476 514 -127 358 -767 632 -343 -214 454 439 -366 377 -1488 -127 998 -348 -785 -630 62 -150 -61 1269 -241 -698 167 -965 237 -223 -1146 628 -862 503 -273 392 628 415 -518 -70 443 -582 1612 164 -53 -147 884 1023 -66 -125 -597 726 204 -159 -249 -120 -1017 320 327 405 -936 -1214 791 177 -19 171 1300 62 207 75 -253 -63 894 -1027 -713 -367 -807 210 -223 926 148 429 -482 -428 -887 654 -716 117 -385 662 951 -888 536 452 -71 -797 -477 151 416 -417 620 -277 143 709 -1219 501 -420 -1059 -425 175 749 98 -75 -1213 248 -740 -988 480 88 -961 570 -506 757 275 -1003 760 -627 103 307 -356 340 -578 -72 -315 -73 393 -842 -896 571 -190 -405 -178 -339 -544 275 -61 -138 -800 807 784 -815 424 860 -373 -707 -107 -4 -193 873 283 66 518 19 46 -530 -598 -206 24 -55 510 -357 -737 406 -228 -60 698 -528 432 159 1145 289 -603 -548 237 1340 595 1862 -687 -855 512 443 -629 736 551 -1317 1387 -383 160 45 -26 -774 -79 -748 -325 348 -647 394 -10 797 -19 1000 268 287 -553 944 57 195 682 -107 -867 -591 1235 -837 -307 -686 139 577 -161 18 -760 227 -630 511 -514 37 -23 130 403 -114 -351 -107 -1222 -1102 -39 -255 -691 -121 -536 -156 -18 -725 -63 616 
523 300 -692 -134 840 160 655 -315 -138 -530 -2267 493 -257 -192 -1214 -1079 -762 189 49 878 -930 1550 1371 -478 648 337 -1540 617 440 349 142 -6 87 -696 -987 -810 -771 -777 426 -757 240 502 -745 1050 -933 160 -174 -544 -619 -27 60 976 -441 266 296 762 153 -1060 -348 -847 456 -672 90 812 -182 -180 -862 -29 2 680 426 -856 -270 -665 -94 400 -261 226 -913 -1190 616 -77 760 953 273 341 -125 -236 700 205 -116 37 455 -6 562 -1299 413 -1163 -46 -1139 -1628 227 657 -506 681 750 -268 -167 623 -1103 -581 647 775 332 293 -75 -762 -401 852 705 -390 -83 64 1027 841 -764 -275 -152 -468 -538 403 -24 384 -355 710 -131 -388 -157 -74 -1009 393 510 63 -338 123 -486 -1016 182 559 -226 624 1426 -129 63 517 833 -427 -81 -458 48 -642 -40 809 -592 -316 -12 1407 -242 634 -149 -553 -232 -480 838 -487 243 -352 -468 726 339 -66 275 845 50 -666 1032 640 516 -1322 1459 188 -401 -529 987 -673 86 258 181 117 477 488 674 165 -145 397 -1515 -267 -513 -432 -280 -425 553 966 254 768 -514 -1398 -680 -50 991 237 503 494 -244 -1045 759 971 -433 -416 1080 -86 133 -554 -830 593 63 -1493 -238 600 -125 -373 699 -191 -620 -80 -364 206 -499 924 -911 -678 -177 -205 165 -1148 871 -380 -51 -346 443 -890 674 521 -580 -623 -1000 821 554 -53 1041 105 140 275 -5 -260 -247 751 -596 916 -46 44 158 379 -619 582 588 -102 -502 -6 451 470 -131 -525 -863 -211 164 77 74 -1029 -483 
-330 477 383 -629 295 39 568 -178 409 -317 -251 852 -131 782 -932 -848 -1167 -137 329 881 1020 1398 6 157 -599 370 142 -392 282 1472 115 262 872 194 -379 -636 24 -119 28 -4 80 -529 747 199 35 345 1039 286 -745 166 859 689 -564 631 73 165 493 474 -148 -230 -808 -815 38 392 -709 -216 -939 874 -500 1197 -48 -1447 751 74 -116 293 -584 -284 -587 458 -63 481 17 359 119 -275 331 -213 943 -557 502 885 207 -1027 962 -1225 -323 414 33 -106 128 108 1336 -1056 571 111 -968 922 -437 -812 23 145 -371 457 1015 1665 -376 525 -1114 291 -342 -194 115 635 881 -20 -255 767 485 524 1095 252 -132 1253 171 443 -147 -498 450 -866 22 695 69 -117 296 -329 -59 -291 302 -180 -1196 -486 -964 11 70 726 24 -529 -410 -455 -68 -192 49 326 1477 -392 -422 -533 182 -182 -185 597 -413 -890 294 -501 66 -747 -145 256 671 -3 -71 797 -662 -1043 -443 -317 -1186 -420 326 730 -788 -210 -356 -647 -65 616 803 -141 -414 377 -78 254 580 -526 785 -618 -406 468 -96 336 -374 -640 -44 -1290 -750 -26 -525 142 261 229 -351 247 -473 688 -939 -466 -414 1256 1008 1020 -846 -309 -557 374 -959 -1354 580 -693 -202 -216 848 -933 -796 252 1270 974 -6 -1140 288 -730 289 133 381 -340 -925 137 -539 -452 -356 229 945 1003 -234 305 251 -562 782 365 768 -796 764 -17 62 -461 777 -1470 -381 126 452 -1189 -723 -953 893 640 -580 -500 -240 297 -641 271 254 -386 -582 -777 244 -203 234 1190 
-463 -893 -1283 -496 -1198 -654 182 -554 79 -916 -470 73 -375 -369 -410 -371 420 115 -731 1825 1244 916 30 117 -630 -172 927 -1274 -217 -37 -358 334 859 803 -158 1119 672 -186 341 636 225 994 -316 831 180 330 -380 -359 373 -343 401 209 -604 458 772 -989 19 -152 -373 158 695 -457 332 818 -1183 -995 142 441 486 48 457 -578 -83 267 -237 -807 -163 -229 -617 190 -119 105 -218 785 -200 619 -1059 -712 -1240 949 1844 579 186 -853 1206 -33 -433 656 -546 -567 1033 937 280 144 1262 823 608 846 -224 -468 -523 -129 890 -116 -724 -142 1396 568 -704 1097 381 697 -809 -1143 750 -134 -1200 295 -332 254 1649 -81 799 -617 -674 46 891 -142 -366 1142 -907 -1100 -41 485 774 344 -545 208 249 -246 -584 1125 285 263 -184 -552 -490 -826 -43 -779 -1381 -403 -475 133 185 205 -720 -247 -32 445 550 -320 972 -391 437 484 -1007 647 836 -163 268 -1084 77 -285 212 272 -980 694 15 114 807 125 264 20 964 660 -19 -53 -703 392 779 -1659 403 153 1154 198 -7 -1439 406 -246 -327 -25 -764 -180 57 270 221 828 -1184 883 912 -267 589 -36 -317 -219 842 -568 -882 155 846 52 20 -1163 226 -231 -1266 -551 -941 -223 -247 -999 -275 416 932 -111 270 1418 -510 -304 260 -465 -38 -719 345 -478 -135 562 172 387 -1700 681 517 1284 -1025 -643 -887 -373 441 274 410 -499 -550 495 211 248 -698 -169 -748 116 -521 910 1249 -818 418 -1068 -780 -488 242 -614 -867 -717 -255 -144 155 1094 -587 516 -428 896 
835 -418 -486 -1187 -615 7 -160 -207 1324 -652 -473 -1025 315 -44 358 26 -152 362 -697 -506 -616 1081 -218 -756 -1086 -49 -758 -94 272 -29 606 715 -562 570 763 -547 659 -408 648 21 1265 -364 21 -481 898 -1023 1118 -485 -548 213 458 -184 -201 -790 864 -880 458 796 -759 1558 1115 64 1068 -498 351 -196 -599 -366 660 -302 1221 -2 22 306 -190 217 -318 -26 -697 -13 1232 87 409 427 377 -314 -1756 555 54 1019 1800 119 593 -376 -762 882 984 39 63 -762 588 -494 325 168 166 28 678 264 -428 -841 117 432 58 -726 -784 473 808 123 389 114 78 296 -899 895 -810 -73 -431 828 114 171 30 807 -1125 174 436 129 -123 -366 -1254 -897 11 -1260 -209 463 2 -223 -25 777 -79 -222 -910 -229 525 184 672 -645 239 834 -523 444 240 459 29 -919 -456 143 210 354 151 271 341 -275 694 155 -345 35 324 14 436 1021 -154 -174 80 165 1005 244 -230 -1146 15 -561 -611 -295 -974 -812 1615 645 -228 248 -1013 -82 -37 783 -140 -406 639 438 -48 489 -452 -90 130 616 -739 649 -81 260 214 389 -124 1242 264 601 -575 -404 100 -620 74 -309 663 -485 -83 -668 -5 -219 36 1337 -543 -575 39 -365 1070 451 -317 -202 -862 223 -628 -143 -255 -113 746 -552 -128 -740 701 -989 -477 -702 40 -553 893 983 100 -768 -242 -171 -693 -1258 -933 -228 -45 -582 72 -525 -598 1573 535 -438 19 -29 -187 -42 275 -554 29 -1324 240 -493 134 -76 44 1004 -475 253 706 120 -56 -22 367 -64 
57 -100 210 -389 1361 334 123 67 202 1363 -376 491 -120 161 -853 -10 -1122 -506 -1114 192 -625 93 318 -1003 331 -33 333 3 1101 908 -54 1052 293 -649 -370 -219 -147 890 -263 -269 72 615 120 852 -240 190 -1281 176 -874 622 87 -702 255 -942 384 98 551 434 24 -300 -526 1228 706 -899 762 -380 -726 166 432 947 -283 659 1028 507 -107 -710 -497 647 -1455 37 -662 95 -327 129 373 316 -637 -111 -105 383 -483 -924 1047 280 -65 -167 236 439 455 406 365 54 -631 -60 -172 684 435 1819 137 761 628 1028 -302 -1181 807 -228 640 710 988 6 -545 506 -438 -665 -161 444 -454 241 -61 -1392 -521 351 866 -862 552 -200 -157 614 301 -619 8 -342 476 -1175 1416 319 92 -649 -186 -735 -288 194 397 -926 533 1832 409 -575 484 -516 -345 687 1170 -683 816 -1233 -888 32 -746 -384 -402 237 -299 53 668 -448 727 -655 318 -1529 -706 -329 -206 181 -584 418 -275 -398 103 74 1201 15 -538 862 1003 338 -1038 -60 539 60 -765 260 173 360 619 -354 -769 778 -360 -478 -1075 26 759 -34 954 658 -383 342 -441 -1001 -800 800 1270 0 -921 375 67 184 244 -449 -14 -422 -310 696 -117 -43 -667 -504 -1283 -303 -141 840 3 119 15 -355 559 405 -179 479 523 -1112 12 249 255 367 -192 717 812 508 -467 -317 440 -827 -129 46 494 908 -554 460 -385 1740 -232 236 18 -408 -695 358 -713 -618 -499 -212 547 227 -235 -278 -669 177 -635 135 -76 -652 -709 29 109 -33 -806 -534 -257 446 
362 358 671 270 654 74 573 -1288 99 -158 422 1114 149 127 -298 1710 -722 924 -545 -216 779 333 271 -327 278 -185 309 771 -971 1162 -475 -47 -565 -229 -128 259 -1208 1467 -621 560 1185 -718 1258 428 20 154 1201 -14 103 61 220 -366 126 372 109 -578 338 419 1406 256 846 -195 -719 453 726 1248 -642 -11 -13 -816 79 -121 506 -601 -1994 -602 526 -377 875 -410 419 -1206 -207 -131 -264 265 -1102 317 -626 456 319 1143 -410 -1074 -2025 -481 830 603 -793 173 720 -464 -54 721 -630 608 -1024 621 -577 -550 -928 -331 285 -78 265 41 29 -456 473 -850 -1112 187 -782 -117 787 -107 -620 -264 -766 868 -449 484 -91 -1 1170 -1525 -930 -7 290 -365 709 -110 315 -72 -614 -438 -439 -775 -1472 -413 -171 347 1062 601 600 -1706 -264 373 525 336 662 337 -672 750 150 186 -439 1074 -1148 646 -660 -225 540 1145 542 127 125 -331 40 -115 462 -1077 578 761 -321 1975 528 59 -201 -291 243 -911 8 82 -268 -1092 627 80 599 1142 -604 440 1218 -333 -1714 704 -815 929 -66 -63 1629 -535 -64 778 -1230 -138 937 621 211 -26 195 -501 -122 492 -72 467 -926 -338 -154 -1213 -607 -180 -263 -611 271 525 -511 196 -24 23 -195 173 -5 610 67 220 205 -1422 -721 157 -879 -144 357 -593 641 -84 746 40 668 -217 23 247 600 -108 839 93 -680 -1070 -1323 946 -920 -518 66 136 75 1129 1000 556 917 41 451 25 -206 -478 54 748 -954 217 -956 513 1187 -1666 97 -170 254 539 -15 -714 -461 -1134 
-124 507 469 521 -366 403 862 895 825 34 -957 509 623 -317 -690 -619 -113 -203 257 -900 -1505 310 -276 710 1473 -276 679 -716 366 -428 -984 -147 -444 -98 252 -210 -526 -847 -1063 516 168 -49 45 1142 -138 -365 -1082 1169 24 84 -154 227 -536 668 -591 -904 -700 -651 64 -58 -1014 -96 -352 535 -62 -20 682 768 695 446 858 -112 494 -317 537 63 315 -1476 -914 57 143 -336 228 742 -140 -370 436 -471 789 3 1174 -362 -1432 1430 -284 660 -51 -141 835 -399 -753 -885 559 -475 661 364 215 103 -456 806 389 -784 -359 508 -1270 796 1709 384 299 1241 -826 -165 -618 -899 907 434 -676 -56 541 98 1109 14 -1744 219 429 -160 478 269 141 202 -246 -818 -264 -351 462 230 403 32 -423 247 -321 -873 -358 -928 -188 873 307 -1041 309 830 60 259 160 -1098 -657 -482 -1035 -630 -17 -186 -739 214 198 -485 415 -408 94 -171 -371 404 279 -682 836 68 4 1272 504 -17 1400 -164 -424 470 -323 202 364 -411 -1304 -368 -1372 -649 -561 -229 199 488 -882 819 -721 -1046 228 568 -794 -104 -3 -242 675 36 87 4 592 72 603 123 698 -184 169 453 -170 -40 -262 566 -654 -740 1311 96 -252 -289 126 -474 -218 980 -603 410 478 -42 -690 -578 -259 734 294 270 104 -247 109 186 1270 -277 691 325 168 -1554 447 -381 -24 738 628 -232 -229 239 -650 -970 -270 -66 -207 228 -525 -800 855 208 -313 -87 -652 1767 119 376 -122 -460 -57 356 -126 476 -1231 703 -93 -399 -388 614 25 418 532 1033 
-37 -537 -966 -834 -689 -1268 -548 787 719 -873 -460 -636 -1164 -1037 952 -149 -973 -372 26 -757 -1075 -1397 738 498 1256 -468 89 -23 -78 558 540 1121 846 368 183 -222 19 1848 -998 417 1203 619 377 54 218 429 -24 -457 658 179 -435 895 122 362 -248 -848 453 874 926 849 -317 52 241 177 -427 1027 1272 539 -1097 291 -476 308 -121 -142 535 509 -1056 504 485 1016 261 -505 -116 -81 -23 -454 -152 283 -488 148 657 -303 133 -867 -424 592 771 -448 -874 -152 236 -929 -268 -568 -389 -755 -601 467 -166 -221 -89 -466 761 96 68 -326 -26 953 1215 -787 -349 310 570 -949 -160 300 -651 -100 197 -538 -175 -171 528 -132 -528 111 270 561 354 -467 105 253 36 6 937 551 610 38 -1074 -1273 151 170 662 -342 1447 -151 -336 86 -16 201 49 523 -1778 784 330 -316 -99 -1583 376 478 -1199 -694 -398 441 -1104 -410 528 -153 -486 777 739 332 -427 -16 -1494 248 -1008 -524 -391 449 -199 130 -644 446 -244 -371 -161 -516 -581 -647 348 -833 282 364 -797 -15 277 710 263 -102 884 42 769 -624 -170 1118 91 416 474 -231 -1533 257 -78 1482 -645 202 585 -86 1234 -270 -169 380 28 -195 975 113 157 -495 -251 455 195 -641 -211 991 78 596 301 -27 432 812 -129 1544 -687 -584 -81 1278 1049 1150 -980 944 -827 406 1118 -502 287 570 -479 166 -1624 936 33 -1692 -59 364 206 -105 -487 -161 -365 -505 862 -98 -410 -189 -279 -1906 -238 322 -1121 -286 -311 -306 -788 -452 -873 255 -32 315 1487 207 
-315 -475 449 -1 -537 331 223 77 -595 -785 -154 -449 597 466 -500 -243 498 -112 470 -120 -71 -299 963 749 -51 -338 -1316 -38 -71 137 -156 -881 683 -611 -534 781 -265 381 207 -1291 -641 -38 -1357 -47 -1257 35 798 -99 396 386 255 164 -1135 372 171 -291 -44 -192 -1061 -372 -559 -403 -943 -113 536 725 140 -771 461 -130 -1456 172 -108 -124 721 -101 -293 -582 121 -800 -55 -603 1117 -233 731 325 50 714 355 719 -21 248 1431 231 -156 319 35 -6 -251 -738 265 1028 -582 42 507 317 670 -960 -35 -20 -571 237 43 168 -54 -256 842 -557 -873 -83 528 7 -299 322 669 -441 -81 -803 -392 4 -107 62 -269 -747 -552 364 726 545 -1258 -465 -4 8 -853 -1130 237 764 346 106 -292 758 -165 510 -758 -68 -1359 311 51 -340 -370 278 -614 716 371 -948 -490 -28 -450 -1153 575 -533 397 365 32 -817 -135 -246 -189 71 844 1359 -644 397 -96 -449 699 -890 -90 -150 177 -558 -166 -331 978 -97 -1567 135 653 -96 -890 18 1011 -956 -273 -771 153 -1243 1370 -623 -302 295 -46 -880 171 1631 237 -1148 433 475 409 640 887 89 -585 50 897 375 51 -131 -252 1317 204 -445 75 -977 -139 -864 980 -660 267 235 -23 -198 -1308 -182 828 1184 -325 440 -69 -26 -94 -74 902 546 67 -206 205 355 -2119 509 99 -91 -291 -678 121 -385 137 842 564 -83 64 568 -565 144 232 115 1046 533 -475 -339 29 377 243 386 473 732 1229 612 686 55 1324 -95 623 -231 353 1019 -363 493 -829 -385 
-400 361 649 152 46 -191 557 -895 -31 -117 -69 -618 -553 -149 209 -36 -29 249 156 -90 327 1331 566 267 -762 -236 -319 184 -621 -39 -463 -230 -1056 1268 97 133 -700 -196 -191 352 461 -1507 -156 -394 -228 702 785 180 127 48 738 822 -245 -136 101 -97 -520 662 -896 1145 -1189 -962 -399 -922 942 -822 -1661 583 746 623 32 -722 -356 -572 -1213 -482 -464 -96 1206 30 -35 900 -371 -908 -330 645 -422 1582 -213 -583 -145 304 1154 -247 172 728 483 657 -13 249 -1414 -1662 207 -452 38 573 -36 1078 159 -62 -1126 -302 -471 -646 268 -839 -39 -408 -413 -229 -922 582 -777 -899 -255 -1048 -120 87 -1021 1032 561 -531 33 -271 -4 221 -1222 -83 -94 72 -514 2 -159 63 88 2 603 938 -330 678 -910 458 -219 -140 -1118 -257 13 -504 -943 452 988 -466 476 -79 265 1073 -787 -866 44 -131 730 635 195 565 1057 -223 408 -627 107 42 -753 -258 -257 620 -63 2 224 765 677 -24 525 -180 -296 123 1178 -341 575 397 466 -135 1020 1159 126 -89 264 -810 -431 755 -58 -85 690 -929 313 490 44 -137 -477 403 -438 1038 841 432 551 401 -912 -1199 434 -256 -797 145 285 -114 -369 -631 -55 159 -787 -550 698 42 -732 798 1258 1540 -534 466 -218 -570 -299 356 -676 -577 1800 449 1322 -187 -530 779 424 -100 -191 899 -519 0 -327 -18 -210 75 129 246 1406 12 -713 -931 -39 -353 153 -1327 1022 -556 -397 817 -169 -659 138 524 -285 -809 78 -347 84 -417 -124 665 -701 512 6 837 -643 -260 
-649 23 -131 172 -137 1251 939 -113 -1030 -379 831 912 322 31 406 211 -501 1271 535 -1302 1733 576 60 21 759 924 -1296 -425 816 -350 989 748 -684 842 -930 921 -167 -798 474 422 -95 -348 -264 -121 224 -1005 431 170 -306 38 519 163 -379 38 32 383 261 750 283 757 181 102 6 -30 -295 -187 -578 -482 -146 -1422 795 -25 889 -626 911 502 -322 1202 198 449 -274 289 -655 795 643 -590 796 1038 8 -1758 -609 -707 -53 -684 424 232 -139 -277 -56 739 201 59 299 -401 -1547 1275 508 311 31 1111 -188 -988 288 213 -384 573 -1148 -179 -863 -939 -1060 226 385 -14 -779 1437 -411 1188 654 1228 -884 -537 257 1148 1114 -105 -181 -598 -528 351 544 598 247 -12 -978 547 626 -1005 -599 1525 -506 -83 -246 579 -372 -150 152 484 41 774 -12 38 249 -651 -5 -258 -627 58 -940 1067 242 49 -53 -143 -65 435 86 -933 -537 -159 177 975 -31 -80 -474 -392 628 531 -523 143 335 551 -671 -254 -113 -1000 -913 591 430 -56 -156 -188 178 -590 -144 -17 845 783 -627 -247 -6 -436 -408 389 -1028 -118 708 668 12 296 820 606 -106 -75 -445 592 -767 273 -163 -1047 812 1317 2 636 78 -113 -682 1157 554 -65 1691 -124 593 -656 1509 607 -472 -971 116 1423 4 133 352 1095 -866 978 -298 21 176 283 408 219 976 -111 -248 -668 -194 23 -1051 588 456 312 -555 684 823 -893 -532 145 -533 -1332 642 -129 -1156 502 95 691 -729 479 68 709 172 -941 -511 -451 -491 907 -1071 -418 974 -1854 
218 360 -25 -270 1961 -1645 -703 131 189 77 -1246 -51 1581 161 759 416 -764 58 415 -635 41 -1009 -167 -903 -220 1139 1316 231 326 -654 98 2651 -6 56 737 510 368 -672 -122 -181 454 657 925 485 -961 -1183 870 1129 -887 -1204 -415 -810 291 125 -544 1809 30 167 903 -409 1124 238 -135 -282 -963 -543 -248 -736 40 572 -288 426 153 334 445 1238 -522 61 -574 962 93 53 626 86 -127 -7 218 -61 286 1675 316 -192 -121 637 -318 -471 449 -336 -1507 -242 -12 354 35 237 -349 -598 598 1067 -834 1521 711 630 1187 -78 -164 -127 436 -332 122 187 134 223 711 -189 461 470 -44 -594 -50 1107 128 703 631 -318 -181 4 -1404 702 -532 394 -410 -154 -787 30 188 -141 608 169 -429 -149 -91 1789 448 -975 333 1045 1044 1499 566 -965 -272 648 -14 -1222 371 -1296 262 1366 244 -201 1016 -56 614 -55 425 718 112 -252 -533 -723 -161 -1609 -199 -1066 29 -30 -241 469 -1056 717 -457 -1036 691 -397 656 347 -301 616 -472 941 -641 -469 939 -344 386 -417 -397 173 -405 799 -729 536 -456 -430 -857 950 303 -461 -247 302 -165 79 -605 -511 -433 635 195 -1280 104 -1496 777 591 -11 97 -198 -274 1174 718 -50 -216 385 2 16 -19 490 504 1102 548 -492 481 -947 212 474 -185 -762 42 653 45 603 28 196 517 -307 -495 222 255 -1042 -1343 -114 -21 -403 14 -850 -510 -1213 -176 469 521 -506 -511 -185 152 -408 493 -375 -91 324 -197 60 380 478 -284 -270 -325 14 508 -968 380 593 350 
307 -1022 534 -187 808 62 -902 257 694 -71 -1182 -181 868 -1350 562 -65 -268 -623 1036 -1088 -582 -519 348 428 192 -240 -1653 94 -103 448 603 583 166 -871 -136 -1298 1254 -245 491 -34 -1011 250 -1273 -780 744 -315 792 -713 282 -287 -226 817 166 -224 -180 197 -853 492 846 -106 1093 471 -275 -164 778 -1601 -6 759 -337 -60 -880 -1770 -346 -337 -962 1067 -1234 -197 -844 464 270 133 -450 292 -438 -370 -774 -245 302 1382 -1703 -100 -774 -501 129 -1549 1469 185 -794 -1381 522 -159 -227 -1063 -549 -616 986 56 410 -22 -21 1023 284 389 153 -923 462 -364 242 -625 -32 583 -949 773 -142 57 89 851 -502 941 -100 281 1043 -185 380 813 -387 61 -578 -188 811 -1090 160 -500 585 -358 -1092 217 1244 -668 -595 -497 352 -665 213 137 126 810 123 33 -378 1119 -701 -54 919 277 177 617 -46 -85 -164 154 -835 -72 -917 1271 -1181 506 66 484 -434 -955 -356 647 816 -25 -269 1032 759 937 -1117 459 392 -173 545 -507 782 -1436 -711 -443 174 -347 -1263 -880 -322 -50 1049 1000 37 -380 985 -1006 -711 -191 -92 -168 -1120 -81 118 -1368 291 1034 -44 -868 -369 -339 -283 -649 -1055 546 -58 35 -257 390 336 229 -127 96 977 -653 6 -1169 240 -270 -741 -1011 727 -289 10 13 -557 372 456 -491 -1179 1078 865 -502 168 -431 252 314 640 -1196 -759 318 547 -1119 -385 329 338 466 -1 -1012 -230 -543 221 1304 322 -676 -288 478 383 -253 1073 -428 -317 -477 -18 1062 313 32 -1001 178 -880 -98 954 -205 -86 -582 
415 -321 147 813 -393 -383 641 1339 352 574 -972 170 576 -697 -244 -961 -739 96 890 54 -868 -634 669 577 635 236 -530 -349 -107 489 -870 39 80 -167 -670 -60 359 495 -1129 585 69 1095 -946 660 -1001 -277 -666 680 -557 164 220 617 231 -188 -106 -301 -456 -385 53 -728 -1102 -42 -356 -126 153 312 356 -762 601 559 -393 1162 -630 555 -262 -245 1098 -1110 440 828 -580 -436 239 762 -422 418 1146 312 -770 802 -333 -66 75 232 294 -52 1154 -281 325 -824 -670 -417 -428 181 -155 111 135 -233 687 482 289 -116 -27 394 398 233 1030 722 -1045 -733 547 802 -571 -663 218 -293 -174 64 207 20 279 -888 -727 1008 -201 96 -344 234 -1130 2 -67 557 -447 567 -94 -609 -279 -735 -198 478 179 767 -637 -121 1 704 -633 233 -776 -68 74 -101 -296 1273 -625 -76 609 -1196 910 -534 -1961 -69 -151 -421 -30 712 -12 897 221 401 53 -820 -463 772 100 791 -144 -72 987 -264 -397 -1101 -674 501 -892 618 63 -84 -679 -126 365 1128 -216 300 127 1136 -276 1377 11 -192 -806 -15 -614 -1553 -1003 525 782 510 729 96 -46 -772 -826 -404 450 -1000 -458 -453 580 -568 178 -730 379 -588 713 430 1266 -471 128 226 -461 -682 372 -443 -244 -1038 799 -46 68 -1240 50 -811 -249 -514 -833 594 583 -466 -94 -497 35 -221 -105 764 -746 579 175 541 -252 -222 668 543 -38 -1036 -101 -512 -70 -352 -880 480 -366 1922 303 -97 730 -100 651 -122 -68 1028 461 1122 151 -843 176 718 636 -805 -1095 1320 
-715 -452 148 -325 808 -86 77 -372 -207 72 763 48 -177 -118 -1034 204 -498 129 1349 152 216 -334 -55 -606 673 499 -61 477 766 -678 41 5 -37 -1394 46 -759 1024 136 527 -299 -576 146 294 -14 -90 715 -555 -163 -216 452 766 389 404 -706 368 496 492 -1420 40 -958 81 69 -76 -1256 -1466 679 -290 112 -629 649 815 -14 -312 510 1095 -1209 -716 295 379 -662 106 875 -944 -334 497 81 513 -103 0 311 628 -876 12 -449 229 -391 -749 -928 320 458 -57 -709 -1235 -10 1160 -535 -12 930 525 845 -406 400 151 224 69 -355 86 -503 -631 1883 -441 565 -1081 -164 283 -903 -351 -869 646 838 -453 -429 -765 -653 918 633 -259 16 1162 23 282 -59 -392 605 100 -254 -411 1050 911 -147 1437 1183 -269 -463 -106 662 -914 212 9 49 -647 897 189 -4 1006 500 -692 -271 -851 654 -825 -1241 104 -454 538 214 -804 -1049 596 -1073 -255 -113 64 -910 437 -181 669 -447 504 552 26 581 238 59 652 -384 226 812 678 -612 -788 -164 709 25 -288 265 537 -263 482 -713 557 -261 366 522 638 77 341 627 -27 -1764 -1079 1007 1817 533 -1154 -502 -456 -91 -4 -431 -72 -213 -559 662 -560 -98 -39 1349 -941 -17 -631 -1063 -99 343 403 563 -931 535 -151 -39 -120 372 814 -704 -745 -402 417 -823 199 415 3 -157 -11 -1008 319 -87 380 -1016 1463 -146 -231 344 41 378 -731 -69 410 -234 319 65 105 -662 614 -409 99 -818 -946 638 124 -448 -1053 107 -251 620 -553 -359 -41 489 -489 6 
-173 439 -506 314 -435 -712 -937 763 -315 -427 -598 860 -776 722 33 -1021 74 799 466 505 117 -243 329 -58 -779 502 875 -474 548 301 -446 -276 126 1366 -440 -651 -1474 911 -456 -507 -757 -565 -821 249 -297 -475 556 872 -1046 -306 617 217 -558 -1461 964 81 -785 -594 -160 -1173 951 -534 -107 -165 -957 -563 -948 376 -397 -202 385 805 206 110 345 -154 609 -122 -862 -160 -1430 -69 920 11 -377 116 707 297 -180 671 653 -574 -677 -80 -1236 -341 739 -629 -809 433 1151 -77 -439 315 434 -885 395 -17 -427 -492 60 -289 -1258 648 3 -256 -81 -426 -906 -769 971 374 1522 -838 -332 668 404 -376 362 1152 -627 -516 40 -333 507 -47 -515 43 -581 839 -69 -132 -1275 -131 -156 -658 -507 635 -133 -338 515 118 247 -1620 44 6 -1061 -114 -1104 403 -33 -730 1217 -787 -644 226 1023 127 682 -8 -341 717 343 1374 2149 475 513 -194 -136 575 -219 -891 -96 -131 -521 -163 -228 -251 -212 -935 808 -806 334 710 220 83 914 885 -372 -58 110 -802 -129 -855 1387 -833 739 -926 -91 1400 -670 -300 -360 377 811 593 -1104 -229 -727 824 529 -920 375 -1227 729 430 -671 -104 -49 -280 744 -1388 -169 -717 445 240 -288 -90 -694 -220 -671 -147 207 -910 369 -99 61 276 -916 162 62 -1469 315 -199 166 -36 -374 311 450 -183 50 -108 527 246 345 -647 -658 -898 -482 680 655 1293 -86 -413 221 473 513 -891 -498 -660 -121 633 -369 -193 -176 603 -568 1439 736 -109 -380 506 192 999 -501 -664 -203 672 184 -123 
772 -297 -924 -44 -57 -628 -20 811 462 237 -259 -354 -311 1018 173 -795 868 154 655 -41 -422 -129 -500 914 -213 -927 -359 -529 -511 149 364 -933 -319 1440 -106 -351 854 1239 -447 1061 782 -419 125 -351 1247 90 19 -435 714 129 -294 -538 453 66 -857 -30 433 -777 441 -34 148 -957 -543 -210 -346 -90 172 1321 15 113 562 -51 -244 -231 -326 -674 -54 673 -556 891 -290 -262 -168 636 242 -483 -328 75 1020 367 239 -720 -588 -681 375 566 -793 192 503 -190 896 448 407 535 22 449 -178 154 -932 92 1205 -809 1368 1775 -3 1779 -356 -633 776 -978 -377 -691 170 -674 -135 495 -151 -333 815 126 -359 -288 -1067 -12 -250 -394 185 -89 -295 -209 -377 381 -1226 878 768 414 -986 660 -231 -501 -135 -743 695 -723 -673 110 -239 283 -619 -156 1081 498 981 462 -1129 -550 -936 -551 437 348 566 135 915 -10 314 -152 451 301 -41 228 -491 -210 854 -634 70 -1642 269 -125 794 -426 -64 -379 102 12 842 2449 -769 -15 878 128 322 -318 447 23 -249 -576 -290 89 -402 552 -589 522 -552 189 573 -145 516 -226 8 316 -557 -750 774 -424 1216 -218 1 132 83 -133 -15 46 -97 963 870 -563 192 855 -848 349 -405 447 46 846 565 -56 -471 -383 1020 503 -47 -924 -38 850 -848 445 415 424 716 -719 1291 -133 -660 -1050 -250 -1066 330 -305 450 660 -128 56 783 -717 604 -122 -1116 190 256 -468 -1307 -119 1658 -354 236 -705 -275 -384 -380 -77 -564 -343 445 1086 -719 -259 294 -408 579 309 
-400 367 393 -605 677 608 -208 118 188 395 332 -403 268 -324 -965 -146 -823 -49 603 -720 670 437 433 271 -848 -99 -350 -63 -339 -183 385 360 505 -1010 350 567 -926 283 1009 -1381 701 -671 1257 -237 378 -176 -425 -835 62 1322 376 -171 661 -446 537 96 135 414 -874 1103 -43 382 701 605 206 -560 -409 -367 -7 106 -218 3 1206 267 -618 126 -642 345 1069 485 1627 -707 -205 -482 326 243 -1090 52 29 -1412 113 53 -857 -745 -615 950 1553 -146 -8 -322 -632 -264 787 -160 -609 614 113 -865 62 -317 543 -1051 -383 -108 263 307 145 487 50 86 392 -7 194 1094 795 125 -195 201 -573 11 -101 862 504 -373 298 -214 -174 1296 245 -98 -671 88 387 285 -808 -207 251 -669 121 56 -687 574 -105 -76 160 -1213 -548 55 -369 1722 -384 -16 -1786 516 596 -370 172 -393 -924 63 125 1180 -379 -26 -1628 70 -1059 671 90 -110 573 926 875 318 -164 1035 -158 178 -551 450 77 275 -923 -1249 -205 -1405 30 -830 452 -460 499 231 -106 -589 -771 142 403 -916 175 1214 703 -311 -19 635 -652 449 373 332 1055 -19 -224 517 153 -1157 589 1614 -687 -149 -200 -141 -1016 974 -27 -585 257 311 108 -1113 782 99 554 -486 -311 -649 1529 496 291 -192 557 -428 -490 325 -146 -34 -747 825 -425 -1056 582 -1256 517 -84 12 153 -161 22 -1619 -361 -777 -110 -748 -486 -118 -534 -387 1187 162 1032 -819 972 1243 -518 -233 -293 -645 -28 703 -1384 370 343 -339 -256 1186 -788 590 -168 -322 -812 -402 -664 
-339 -369 1056 155 -1091 226 -722 -91 -424 -679 -218 36 -27 -324 -323 -131 382 962 381 -277 658 -1169 1200 -695 220 1014 -791 -195 821 -884 395 -1025 -49 -631 110 -855 27 -464 -43 119 582 -1106 -319 871 -369 535 -1101 -361 39 49 -9 -192 58 -937 1748 422 -644 605 246 765 -372 650 628 985 -371 -1176 -333 516 -614 -35 592 481 1224 790 1040 -661 -151 496 -107 117 -159 999 -316 522 1207 -80 -354 675 -199 405 -753 273 -801 -273 254 995 856 -241 -1366 -586 -601 -237 -1240 -257 -260 -236 280 264 -402 657 -44 -339 411 -647 -307 -993 500 -225 -640 152 244 -120 487 51 -1276 -5 210 -509 113 183 -487 11 -5 737 636 -739 211 624 -876 -750 323 731 329 -511 47 22 287 -54 -815 295 -518 295 295 628 149 192 -672 -328 183 292 -200 -205 -415 741 -703 165 -402 202 -505 -21 -815 621 -940 292 -1210 -520 -174 707 416 194 -245 146 795 -308 -624 -432 -221 -863 -344 -494 -40 352 -136 -369 1084 -248 797 246 -926 -759 -420 125 15 -169 -205 -15 -306 -17 -1036 150 328 225 968 -845 -989 865 -531 231 750 -1297 43 -453 135 -1049 47 -442 -300 119 637 470 -360 -883 -515 547 463 -463 -829 -229 -570 660 1917 -142 -980 -510 1061 346 -191 281 400 -140 474 -952 -947 1 -913 1382 -633 -579 -893 841 -476 542 568 -1290 390 1695 74 -611 566 -841 -29 1042 750 633 509 184 1296 1555 -1338 1150 940 235 -162 105 759 -284 198 89 364 279 105 197 624 -1420 555 671 220 280 606 -515 
94 -261 -1227 278 -740 -357 698 -1275 564 -543 -111 148 -97 408 -660 -321 -576 -371 -643 279 -322 812 -114 924 144 529 -401 -872 540 492 -148 -954 1199 -48 -863 -260 437 1053 -643 -1047 905 673 -862 1234 -339 341 160 263 718 635 118 411 941 1014 -205 870 296 -1351 -273 -97 -922 -334 -1192 -1007 -799 392 -299 -405 -185 1190 -1141 345 -96 299 -36 -160 369 -358 -1123 -183 -486 -1139 -977 714 -550 -870 332 -368 -225 970 1116 144 -719 285 -977 110 580 -7 -1579 137 175 -928 -759 -705 -656 548 373 857 -678 425 -306 -32 1106 159 361 -1033 228 -108 -52 26 -345 -904 -1018 -1587 259 -257 -903 -27 200 682 -1 -257 263 -191 362 -659 -586 -520 -273 332 -747 323 485 1059 131 94 -760 -1060 -1160 -227 199 468 -311 -1261 682 -514 424 -98 -142 -819 -410 886 284 1123 1109 -81 367 -214 929 99 172 -958 275 508 -43 22 322 -713 626 -222 -259 111 -212 -430 -1304 -24 -927 -183 -1167 -100 -442 72 -301 815 77 756 1297 -386 196 692 -660 960 1373 -1537 821 -165 -766 601 105 -1452 1256 305 -940 -534 -80 -1199 196 -16 -1515 -84 -485 699 -708 590 -598 445 -798 129 -651 624 -1160 -62 -342 -2034 72 18 15 -468 -90 99 502 -657 -219 837 -364 90 -548 924 -641 -96 -293 749 -1178 255 924 -244 158 420 -267 1108 -372 -67 -178 -1334 971 878 -1531 135 979 571 -873 293 -1023 -519 -591 1077 146 -790 -1286 586 498 429 632 30 744 -738 724 -741 314 -458 638 -942 -270 -508 -707 -345 213 -392 -133 562 
1107 161 416 -238 -326 -644 -444 402 386 54 -334 966 -789 -260 -19 59 260 -247 -1227 15 660 1059 -802 213 -549 -432 82 93 -16 221 -357 224 -1354 1208 1014 157 -204 -273 -107 304 -188 -852 245 621 1423 -167 -570 -205 73 297 -706 -754 143 153 300 -701 488 293 -499 -913 636 -48 -599 -273 -543 -162 124 6 1364 108 -445 210 161 727 -538 5 323 13 155 -747 -960 -319 619 -914 -408 -1364 -1567 -662 263 414 -1151 396 9 -957 -1212 -699 103 -593 759 139 291 -950 982 -522 -136 69 -527 -301 409 -1383 -411 1128 -286 -739 -670 1135 -1032 1017 1304 402 912 402 -237 1374 16 214 -223 1053 -233 -1014 660 -470 644 1536 -258 8 842 784 -211 -1267 490 494 -210 -430 286 -221 -505 -512 -1312 202 -654 -251 -694 -306 -555 -1383 409 693 426 229 531 202 127 575 -332 754 1369 39 225 8 435 194 -564 86 336 766 -116 1083 -423 -154 -342 -158 -787 438 -119 270 145 513 -272 430 664 -137 -836 318 1155 -173 -894 706 616 -871 -1124 1272 -418 1140 470 -296 -60 -26 122 288 456 369 372 -100 -47 488 -240 -574 408 1446 139 -913 290 308 -673 -912 206 412 1038 -95 -229 -335 -44 -799 360 355 451 -988 -715 -858 -709 222 796 741 -557 219 -390 121 -794 216 -179 -792 -845 0 -431 -532 -1242 241 441 -476 -202 29 544 845 -736 341 -57 248 -1230 227 1029 -1003 228 -351 102 -580 334 -1074 287 -815 -380 393 -381 -414 -1103 1462 -871 -886 482 -219 -703 124 1238 -465 397 -33 -834 -383 368 -477 
61 339 -252 275 765 614 -314 -384 622 -1229 597 -637 1064 42 482 -461 -90 -244 44 486 -503 710 1038 -36 -524 1511 -698 68 -240 -119 484 -900 -692 595 381 -790 -1303 -1437 839 369 -1010 -229 -174 -1252 12 -761 1752 -382 -696 -1030 338 -9 -689 410 185 594 478 351 92 -108 -223 87 553 -327 926 1148 1138 -283 82 194 250 -136 281 567 -261 -187 -410 -519 913 -298 680 38 -972 291 1 1066 744 -176 58 -140 30 383 -241 -535 -385 318 -64 764 -116 -73 -600 195 75 -131 542 -1086 -284 305 -29 -235 -208 -214 -1220 605 150 607 -74 161 -631 -289 216 5 -817 -887 349 -44 -377 132 -267 -286 -693 -260 -1669 608 -155 1216 -628 -986 -571 0 -238 -2 577 54 -854 1034 -443 -592 855 665 464 -404 -984 -906 605 -374 -96 -437 315 -101 -201 -217 -322 -678 948 -183 626 331 -1406 -178 -284 -545 1146 -486 8 152 -653 -512 838 176 -982 39 -26 86 522 -193 -120 363 581 134 726 -641 370 -982 115 -329 -1346 90 234 154 499 430 420 -566 364 -250 1672 95 182 -432 -851 500 429 1006 1015 208 793 1151 -748 -344 537 1154 305 -493 -142 442 742 703 -1252 -889 514 560 -1279 598 334 55 -798 602 1025 -422 -169 499 710 -118 -429 -319 -210 -1319 266 252 1477 167 1244 207 434 -92 41 -71 50 176 -400 -615 -719 202 -358 275 202 815 -824 112 523 -1057 139 -538 803 99 -794 332 -46 690 -5 151 -932 -830 -629 -183 320 327 -8 -490 516 179 387 914 602 -872 962 -393 320 -35 
863 495 49 -27 -463 -63 777 -582 52 -230 196 -455 -86 696 357 460 309 1198 -322 586 -550 195 -2 75 -688 -304 899 -444 -355 -1013 -311 -911 -797 26 -630 -558 -1315 538 173 709 111 854 709 -684 -363 -603 -1688 -911 -156 -26 347 -412 1202 -303 804 -724 -106 882 -622 548 -872 229 403 848 187 -267 -225 527 606 -318 53 -164 670 423 -17 -562 141 -44 -568 707 1012 400 -752 54 -124 181 -153 -42 573 -206 529 825 -521 -123 912 918 -49 421 -103 311 364 535 -351 -756 -630 522 -679 479 255 363 30 -30 595 213 109 204 1 281 346 -622 697 -283 -137 -221 -621 -63 -159 -854 -169 -1039 1542 -63 -139 245 88 -156 -732 -251 -68 580 -659 -36 -564 40 627 -215 -121 -165 376 528 -296 -523 599 -526 395 282 689 -258 1115 -525 551 1190 -710 -889 -1335 -822 -495 125 -133 -195 -462 601 -40 -850 811 -858 52 35 118 -271 289 857 482 -42 -1061 38 135 -773 1013 -1125 186 62 -146 -445 -525 -201 -468 243 28 -59 -826 -1226 1203 -216 -163 359 -348 -444 -369 -591 92 53 -235 54 -679 517 -1100 -335 809 1249 191 1267 -442 562 -945 719 526 -423 1333 63 -289 -876 143 20 -175 -227 167 -359 -734 2686 7 1011 -543 1546 -201 529 345 109 82 -104 -217 -1041 -317 1089 -294 788 -173 310 689 -58 -267 672 -268 35 -320 421 315 550 172 -46 -528 -149 162 -731 875 -610 -124 210 372 -997 310 -427 233 -441 -1060 -741 -307 1453 -79 -121 -476 -113 -110 446 -36 1235 -31 -755 1104 -86 
488 915 -168 1258 -286 752 960 -172 358 544 960 -780 82 54 151 290 100 -388 624 184 -147 710 -9 575 -745 957 1358 -2 -33 -265 -729 -178 484 400 -564 882 -859 981 48 99 -446 541 -359 -578 -978 484 -175 -409 -383 233 -636 -199 -546 -279 -580 69 -244 -1234 984 6 440 179 311 1310 -13 -353 333 -585 -536 -125 493 -135 193 59 -39 976 -792 964 970 -631 384 640 -298 -236 -426 562 149 437 -205 -299 725 -2138 -733 160 -839 -590 571 -198 127 227 -77 275 149 -183 515 -775 -842 183 156 2242 -570 82 1075 1074 -663 521 292 -464 318 -280 299 -690 -763 37 248 -1713 510 -407 -491 790 -90 497 277 64 487 3 63 -363 1108 224 -1227 -1504 889 423 320 104 -507 -345 -392 679 90 1027 -1644 -910 -381 527 28 -129 663 983 -427 521 -480 -935 476 -118 -127 216 166 -721 -415 914 -299 883 118 -251 -1189 404 -655 588 -83 1177 -800 -876 37 -733 -604 -19 800 77 -1314 19 -903 -1082 -42 -1051 425 120 372 10 1251 969 137 -184 -50 425 -490 -623 -236 468 -190 -1716 -431 -408 -193 -620 433 58 12 -659 557 1783 -579 727 -681 1309 -241 -625 1211 732 -311 -298 181 -723 -453 271 -466 755 225 -672 1607 358 33 42 1018 -254 232 446 -265 431 126 178 -183 -198 -549 -466 578 -1037 107 -334 369 765 633 -54 179 917 -895 536 -82 794 -139 -566 -1421 -556 -525 -339 84 -1392 -1186 587 414 -1419 -398 -490 803 105 -90 -179 -363 -1551 122 -1200 411 -150 301 213 -53 -673 -1025 -856 
218 451 -512 -289 -238 1294 -170 -857 -1515 85 1013 252 -374 561 -552 -104 364 570 196 -833 -96 655 -425 252 324 426 557 -725 1401 367 660 -86 405 -539 -709 -912 233 -229 1411 -1055 179 1226 806 -10 546 -46 -352 -666 -596 764 947 318 -556 788 -1171 -22 -414 -631 487 -202 439 291 442 8 1157 76 499 367 -205 597 203 475 -246 91 210 284 105 -79 -1123 -898 -52 110 -345 -30 567 -66 -843 85 984 650 351 -767 -1257 -338 1140 19 -102 998 807 -96 -651 -588 -924 -423 -1012 -279 -374 1017 -822 1347 -1079 257 767 -563 -563 146 -1182 14 270 1467 55 -1288 -140 -1842 -276 668 -265 876 368 260 30 -546 -266 257 -16 -511 299 -717 211 160 913 -480 -631 1295 588 363 -358 -598 513 -413 127 -204 -626 -651 306 -983 373 361 800 -1485 -1071 718 -310 308 230 104 -193 -344 199 -775 970 -141 -178 408 1152 -901 -608 1352 977 -1134 -1482 -1143 296 -390 109 -441 -116 331 548 279 1598 1091 1125 -116 -406 -260 -851 -203 144 132 688 -1002 -228 -976 -766 742 -263 -204 1210 978 61 -1179 -650 -850 203 376 -370 462 -201 -103 -578 260 -99 472 -1207 1391 -403 -1148 635 264 549 -455 36 179 8 -410 1536 -876 -780 -513 -620 338 -794 -217 129 1149 312 764 121 39 -1077 222 -1474 1181 435 371 103 482 328 181 -306 552 -31 469 -539 -73 -457 -402 589 -865 135 71 265 510 -939 -1022 -840 576 495 138 1511 -1013 3 225 -416 34 218 284 -96 -658 -107 -867 -426 345 693 1515 375 438 318 -75 
-807 355 758 -642 1641 146 454 100 1001 70 -357 -818 -443 184 1733 349 -460 295 -598 -787 -669 -611 1003 -184 -157 852 269 -262 763 -161 -656 -624 382 -635 -147 -835 482 -171 -1147 453 193 -509 -823 399 -168 950 880 -985 880 -482 -57 417 51 1390 -1428 -412 327 653 19 -181 -1019 -316 -953 329 746 -204 -669 -384 -1143 -364 -1004 37 -332 -238 -257 934 -1423 324 -506 589 216 1294 -307 -142 -1122 -712 -99 -859 -352 881 -167 -60 605 226 861 -595 -757 -458 442 -445 -263 -495 -262 -928 -365 836 292 69 -39 408 -342 49 -709 385 -736 -169 360 1290 111 191 -680 -770 -836 462 84 -694 -285 578 -233 713 -148 -313 -96 -617 -374 -229 387 -811 -479 -478 -778 276 1560 -79 -672 1637 379 -1285 -549 160 -1067 -658 -116 482 895 -153 -570 -289 -323 -624 247 47 511 458 43 -190 597 -191 530 -546 566 -414 657 -79 62 -406 -3 -281 399 949 -219 -97 355 731 -1403 -231 318 204 918 -684 -1112 -164 202 26 -1276 -10 362 -547 -599 278 633 238 -706 1011 94 -951 -286 162 180 865 632 -126 853 290 283 -1632 675 -2 -934 -369 438 302 -128 705 -130 333 532 -529 -798 799 21 295 222 194 -132 -23 481 -536 62 -612 -394 573 504 409 906 1010 -329 -413 1209 -750 -136 767 -25 608 -157 329 214 -9 289 101 -610 -41 38 -709 -551 147 -227 108 1068 -141 -209 -14 -63 -713 -675 -380 393 492 1081 -522 -438 326 313 169 -1424 167 456 -1278 -753 361 57 -28 264 -112 -891 -270 327 -153 -152 -600 
-31 411 -100 -573 -240 -2 345 780 1051 461 618 -168 -564 533 801 563 -32 -418 794 -170 -51 895 307 754 -302 563 383 273 -300 894 -137 -196 -11 265 -814 785 -377 -480 781 450 -1201 669 -276 -1071 505 383 780 -1102 -18 173 168 352 -156 267 231 50 -479 873 705 608 631 348 -292 76 264 -628 14 934 -286 634 -977 1562 -239 301 -884 424 44 -1066 1355 1216 -238 -757 -313 -801 -426 -570 128 -139 -196 -1747 -780 -862 -114 -475 385 -116 -773 -116 532 -120 117 963 400 689 -800 402 -579 58 115 -224 576 -874 -573 624 440 -459 1014 851 -489 399 -347 -1319 -770 -152 -795 431 -858 975 -341 79 -421 644 671 -336 0 1062 -152 -132 505 59 -248 -487 232 -435 -183 270 1739 550 -853 44 -148 -131 -1411 -593 -862 757 -692 -1472 -595 66 -160 -1501 -548 383 438 -507 760 -1556 -11 -216 383 9 -93 36 248 469 121 -84 -611 237 -434 749 1408 77 -764 494 -484 1281 -87 1041 -195 -953 -132 179 -898 -130 112 -713 -1057 -8 -521 -108 159 -163 -22 -263 -381 -974 1609 -294 -408 365 -124 -441 -753 502 14 -1124 531 -47 -300 1483 -187 314 -1125 -489 -229 264 423 209 570 960 -479 834 1010 -135 -1032 128 285 -175 279 -584 219 -1765 53 -824 -365 107 20 -664 50 413 227 716 1756 115 -364 1248 218 -451 -73 189 393 1293 111 377 -630 419 -588 1 1037 3 -203 -1122 -244 -239 -330 -1804 -601 -418 -1328 -45 -648 330 -766 6 -430 204 -118 -147 994 -379 -134 396 -15 716 -306 -313 528 218 
-327 -925 276 -281 46 -239 -481 -349 336 -202 -368 -294 2227 -533 46 723 746 -41 140 -149 -431 -96 213 21 -1146 -673 321 229 -1034 36 -120 -353 1288 467 -217 174 -1021 -795 54 -83 410 55 82 390 123 -593 253 1111 1022 -508 -244 227 175 -1486 -197 -547 192 42 -727 -329 62 324 -561 -75 -360 -728 -650 42 -788 249 -337 236 -8 -791 -223 -235 133 -358 -367 424 -215 -163 195 273 -1440 -337 -835 -64 -153 1053 -441 -280 -500 470 -1603 -353 -19 -698 -979 525 1486 829 -762 59 339 262 -624 783 -649 907 888 1341 -556 642 -255 -184 -109 1004 -403 -1107 322 260 -547 1065 -314 -814 -849 -967 154 355 1735 -281 523 -1097 80 357 565 574 413 768 -1041 -530 -610 176 -348 1536 616 396 -135 181 -324 381 -74 -122 -284 611 1032 366 -703 356 -713 737 1312 -332 244 -644 640 276 652 -208 1049 -204 -388 821 -130 47 137 358 769 156 1224 103 506 458 -580 -448 130 -564 -1265 -701 -1546 -612 38 -1824 -374 -422 84 265 -722 181 -259 35 -884 42 415 313 -54 119 32 -1528 491 -410 -883 -55 -755 375 -765 998 858 382 33 -593 -346 -940 591 425 242 101 -121 -247 -901 567 -306 -620 150 -720 486 -1159 -838 -459 1220 109 -382 -526 -70 696 82 -469 -556 -770 -548 212 707 86 -92 -745 -1161 648 -231 -377 -197 1038 1121 -1100 836 -563 -235 -446 486 487 -576 744 -287 -442 -476 94 656 405 -467 -245 1050 5 51 -700 228 457 312 860 1530 328 953 -236 -919 -194 172 -120 -330 561 -23 557 
300 -76 -1429 -1323 503 511 -813 739 892 322 -617 85 902 -707 791 -185 -32 -1219 -144 -352 1287 285 -184 -257 -262 -992 -214 164 -75 861 54 -285 -386 1083 555 -420 -260 1010 1354 652 -471 -341 -554 896 414 -339 434 -642 318 369 98 -125 -1288 651 -433 -648 464 -1206 427 -576 283 -173 -672 -242 195 52 -418 -55 260 -196 -71 -1031 -536 703 -1485 695 299 67 -63 -659 -733 -414 515 1085 202 -1029 -1948 -265 -337 -1070 396 1050 166 -1591 -401 -413 3 -496 110 322 617 374 1663 -476 -51 123 -556 -7 -93 532 -254 -326 -168 1411 -586 285 -94 467 -110 395 -249 -152 519 204 595 290 -13 -42 1714 19 358 518 -29 -331 -910 989 114 -74 -77 -903 -201 121 -464 -982 589 96 -656 -239 620 -432 -398 -292 142 -1668 134 -754 -453 -513 81 538 445 167 -240 -174 -1025 -1380 58 -545 -300 55 -67 603 -418 -64 -452 -640 -670 4 -183 -779 -225 251 246 -567 -926 87 -1852 -114 644 -996 354 -424 496 403 1191 -543 -496 -42 -591 628 -1572 -623 953 -672 126 -386 347 -748 -249 1011 -24 1255 -1177 129 637 1192 791 -654 543 -445 -236 64 -139 45 302 -864 1544 51 21 1146 454 145 318 -1410 184 -113 -358 1061 -422 1178 -18 1053 841 -74 -1088 -309 459 -86 -295 682 -515 -23 500 -665 166 324 464 547 668 -360 209 -59 1221 -200 549 -408 1389 1794 -166 618 -41 310 1836 -254 129 990 -561 438 -8 195 -415 -341 875 -757 -725 186 195 243 -1145 713 208 -1435 -122 290 -122 -1031 537 -374 492 -1214 
982 504 247 487 -357 -569 94 675 497 -52 -402 812 -299 -571 -343 186 -653 -1013 -443 -217 -583 -321 192 647 621 1407 633 -239 -216 303 -378 151 -308 -13 222 -485 767 -884 301 623 1502 511 -776 431 -116 290 -101 991 -888 160 -636 -755 191 -881 -483 -53 -95 -786 1431 844 -156 140 -239 -568 -437 1534 -303 -793 136 864 221 105 -695 -81 96 -194 -756 454 -1182 -890 -1549 -114 1288 163 539 -646 405 -347 456 -94 60 64 48 430 -164 -421 -807 -208 244 -868 352 -556 505 311 56 -254 -1118 -633 86 413 1028 -424 -423 394 1015 856 -335 -379 -750 23 -1065 696 182 -639 -663 525 94 -778 -592 1044 657 -1076 -36 -47 -428 162 -273 361 121 664 614 1223 -459 -289 534 1212 443 -513 -709 -390 -790 273 -145 339 557 -286 243 -439 -379 330 -528 906 386 728 487 -342 -244 -313 502 -144 -1344 -761 -10 100 -108 8 -742 120 -559 152 710 -1495 329 -6 125 -755 -165 1747 -459 350 11 -392 526 -259 86 -380 -574 -216 684 284 212 262 -393 609 42 317 -303 379 -166 -400 16 186 -10 -172 -460 44 564 453 -474 -281 -244 -258 -555 244 -49 -790 9 -606 174 -614 -109 209 143 157 -206 -1017 480 102 379 -180 -279 111 560 -68 1205 470 305 248 356 -521 -126 263 869 11 -227 144 -1932 -484 381 422 107 -701 535 -901 -586 -337 541 124 -1088 -70 456 -453 -1403 -707 391 -1112 577 33 -342 -89 372 469 -64 -246 -483 904 504 -885 -1195 393 234 -60 -1038 -281 -350 -336 -1474 -915 -319 -270 
872 226 1485 -11 -726 142 307 103 -485 366 413 -1794 -141 772 471 51 234 595 66 -286 68 9 485 87 568 -14 -526 1440 1053 466 -755 395 418 -1254 -273 305 -228 -700 -1325 -727 616 -168 -818 711 -1298 -54 69 -1707 -103 716 496 -1114 -380 -140 734 165 1353 423 -277 -422 222 -313 -658 -1244 50 160 116 -203 472 263 -55 13 -73 -817 -147 146 804 -537 391 22 -563 -507 -717 -486 84 615 831 372 -5 -1004 -16 -314 1208 -786 -954 142 -488 734 -343 958 51 584 679 194 595 457 21 -1142 1332 284 -402 205 579 -202 12 -444 1699 524 -131 114 643 -575 -350 -28 90 -865 440 623 48 532 317 846 -502 501 -1217 -31 576 841 481 -351 460 -100 310 56 -249 247 -30 1276 -351 18 -512 796 -265 -264 -243 43 -1255 -892 -416 -214 306 92 -270 1218 381 1217 -560 -100 -323 937 -364 682 -438 -1022 608 -158 -371 -248 697 -1468 -1655 -35 108 76 -1076 392 1092 1319 343 973 73 -162 509 -503 -497 949 -431 15 -480 941 461 -260 673 127 -318 1043 -30 74 293 -888 -463 29 -291 -1207 -439 -140 606 -864 302 456 222 -307 -910 585 -697 -442 -501 724 -441 74 -327 614 -1123 -1091 826 168 617 -289 -932 177 570 1033 597 555 1182 -379 -1294 981 -288 -118 662 180 -263 -1683 -171 167 -186 587 -161 -172 384 -291 -863 439 -664 565 -296 -1238 -258 -331 -206 -665 311 -635 372 -22 -1301 -354 350 346 492 116 -27 -147 -1068 -383 145 315 -178 1409 -187 250 -40 -207 475 -95 775 290 -794 19 
335 1055 289 -25 -106 130 -571 -99 -182 393 594 -872 48 -942 -385 202 526 -1188 67 367 742 -934 -540 35 -445 -62 -198 -346 609 930 -57 86 185 326 335 -132 131 -976 -228 394 -359 128 596 -921 630 -337 447 -550 294 -1010 -375 -982 -976 -734 -1106 1071 -322 730 -258 591 815 264 -773 -83 1382 -572 -411 239 -777 -175 577 -298 113 -429 -247 -270 -542 190 -478 1532 -236 -1160 -682 -63 -71 417 573 -851 -767 275 372 1120 -316 526 -591 -245 -1045 -538 893 -551 976 166 110 33 -231 -1044 678 -70 29 -557 -48 39 -864 -531 93 392 608 38 88 -1229 -101 427 -400 444 -1113 -117 -408 610 -668 -114 44 8 -98 784 414 364 77 -288 290 1130 -405 54 -31 -223 -402 290 -767 -1383 -637 -1255 -702 -425 152 54 -230 200 352 64 529 -378 685 1291 212 779 402 -862 540 334 122 512 -127 -399 227 -104 -421 529 -331 159 -504 -268 719 751 -128 1254 249 -47 -192 -34 776 -1925 -588 799 -592 785 339 1360 465 1085 107 -618 -872 -113 -243 -1 -128 -79 348 1390 -1285 360 247 -206 -686 165 -353 264 -425 -244 1132 -282 360 -770 908 640 1040 -1190 -366 -258 -1005 -995 -975 -390 77 630 -245 -1060 562 -134 -549 477 -657 -583 1196 131 -309 -361 411 -745 -321 -602 108 177 67 120 -1034 -191 -653 -658 578 -1075 629 -1013 81 828 733 802 767 723 -394 395 -862 -786 11 -304 233 318 717 -1037 -838 -857 -210 799 732 235 -705 -670 -360 -974 468 409 443 887 -198 421 -846 -507 491 105 785 661 
42 725 495 -566 -1246 347 774 -425 49 -978 -1171 249 -1418 -733 -650 176 -363 -187 -885 130 -640 817 1512 94 -37 -81 -491 509 458 -1029 -853 -1050 573 -49 857 204 -75 -158 -404 964 45 -135 440 739 -338 225 474 290 -15 1179 -225 -438 644 117 -1232 -33 -574 -6 21 -416 -322 -502 -953 300 204 1106 -189 -478 772 -162 -1527 400 568 -886 97 -74 295 -80 144 -699 407 24 487 549 557 755 114 -108 -853 -233 1206 339 -563 1316 470 179 495 -96 928 -253 -637 -85 -1485 -224 501 868 737 -993 -1017 -1071 -5 -43 151 -712 24 -746 -940 1100 -41 -991 -348 576 402 -371 9 214 440 -6 96 -251 1160 -757 -1250 -671 72 -632 277 -636 -229 -453 1 1207 -918 210 460 564 -117 -389 513 -121 -921 6 335 -671 -410 -460 -397 486 -443 -344 -515 871 414 1827 -1150 689 -80 -443 830 -619 -790 -844 -93 112 1134 -500 413 -164 952 330 -810 55 -638 -623 1252 486 406 -296 461 -454 -286 304 -595 1017 -656 -563 -116 463 665 -670 272 -841 236 -469 542 118 -1078 -254 141 -853 -92 108 764 642 -462 -423 -841 308 265 163 -262 144 343 1075 395 -268 -622 -410 837 -867 -985 -704 711 -1314 -257 299 1654 160 -925 762 -224 502 -624 2079 827 660 -1180 739 1459 789 -446 -695 -16 -599 -229 1259 -196 937 125 7 658 -1099 -603 211 70 -749 306 -425 -1112 649 -396 -1291 -874 -535 1000 531 996 -308 212 347 253 16 343 -106 17 346 510 -1274 104 -1014 60 1307 52 -434 -101 140 529 865 -847 -327 
-661 -596 518 -328 290 645 -18 269 405 416 1173 442 1053 -438 447 -960 361 27 -842 336 -1574 -244 305 -405 -288 459 -371 281 -784 -668 515 761 26 -2 66 -341 543 -1198 -410 110 785 262 -508 -4 905 447 375 303 -311 -713 -714 -284 1071 336 -159 780 624 275 -205 -4 -676 41 -814 -833 651 -425 -349 384 -155 561 -208 523 -162 -667 -44 160 -329 -311 -245 176 216 -416 -908 -623 -177 104 622 -776 481 -703 -958 104 929 -784 279 -216 -655 -562 -1054 -127 783 791 957 209 -3 -1192 -1645 -272 -510 649 -124 337 -119 -847 319 718 89 718 818 -64 1073 -547 646 1342 -634 -142 -606 -570 -306 -95 -52 -230 982 753 -715 -181 731 831 927 501 -70 135 467 -658 -962 -764 -15 896 -199 273 198 -760 -273 -265 -133 -596 416 -165 -819 -139 73 366 487 1590 596 -365 158 471 -842 1132 1408 465 -96 -282 -1619 837 1338 -1494 936 -1432 67 -601 -176 -901 -1064 -903 594 904 59 -440 -1332 37 -723 -53 -238 939 586 1131 579 510 562 -317 306 -148 -113 -984 -865 -391 -74 -619 1093 1088 -1274 562 -874 707 -560 -221 487 -393 631 -797 45 -593 -29 -464 -531 613 820 623 -105 669 -654 -297 -483 -742 -64 155 767 -414 500 853 8 881 71 395 -642 11 -690 2000 537 -507 -1049 105 60 283 211 -332 -125 18 448 118 231 619 -253 324 171 801 101 524 16 -639 -1018 -398 -390 178 -79 391 505 -1281 308 -1522 530 -1 -293 -37 -862 1013 361 -320 169 95 -253 40 -284 -366 -513 -110 44 -225 
640 -184 222 350 73 243 -72 -734 142 -493 23 -397 -777 150 -250 817 365 -35 -501 91 -296 1029 129 237 921 -392 -61 -666 -253 1097 90 -880 619 -474 88 540 662 1378 -1060 -126 572 -927 -858 426 -183 1083 607 -570 55 618 -798 490 1291 626 -207 406 -1049 807 636 -12 -749 -379 -275 765 -244 156 232 -1636 -786 -80 -643 191 31 593 -185 126 -729 -1078 1888 230 173 1259 -947 -1148 586 252 214 267 663 280 2 -477 1074 -44 734 854 515 -578 -738 -345 -585 -349 -894 646 -660 665 -453 897 308 -246 520 471 -109 815 517 -934 -268 104 543 -771 354 -275 -807 1079 -671 -1059 187 -561 811 -645 -1078 396 709 359 29 376 -91 -399 -438 -1206 -294 36 290 267 128 -822 682 -203 -370 453 521 1085 -89 -1358 -1111 -356 -665 466 281 -157 -774 -710 -497 96 489 178 -350 1301 -197 409 -459 -71 383 -434 -467 466 -241 -210 -466 451 -205 -537 -350 -1323 -555 49 -716 910 1179 90 -315 -118 774 831 -72 -351 -22 -25 -320 544 172 -39 210 -537 724 98 -25 -659 -429 -353 48 -486 497 86 -846 -1579 394 -827 -47 -721 1061 512 232 1170 -775 317 -668 -556 -106 372 -34 653 -517 -357 254 695 -319 609 -825 -81 13 -788 -189 707 360 185 537 224 -371 -733 -943 654 -103 -58 516 101 226 -68 261 -496 399 15 -1120 -641 174 347 -255 -144 590 -133 -58 -148 406 501 -233 -491 -304 -1412 -233 -357 -702 481 217 354 94 -271 1176 486 -1059 -812 159 -528 -1033 -1058 -664 -658 -457 -50 -467 -317 
144 253 401 1011 41 -242 -705 -140 -338 -1013 -813 214 538 105 1061 -1109 -411 394 219 811 243 312 609 -854 240 312 76 -939 498 -21 -417 -47 -178 926 -157 374 -397 478 -410 1042 -497 -80 -547 -937 -503 -270 827 270 23 -422 196 556 -177 -124 -415 -601 -178 144 1346 -371 865 -131 -318 376 582 -350 -509 -832 -518 -1252 -762 402 -619 524 565 -608 884 -594 -1234 517 -619 778 -56 -207 -1142 -225 787 -287 -364 136 838 262 319 842 -756 210 1196 -858 -232 -210 1435 -433 104 -680 -994 -675 -809 359 395 -369 23 106 -1432 410 265 -991 -12 -134 438 -264 598 -206 -488 -129 136 -329 206 -417 11 -732 102 -46 422 433 660 -487 424 -674 -182 637 -225 -231 170 -985 -92 -118 658 423 -688 -176 -131 1717 -1320 488 -342 718 -467 662 382 195 -756 269 209 -736 -62 -494 -117 165 633 538 761 -1159 1388 -461 298 207 -367 342 349 4 -87 1371 -1067 150 -530 -1474 199 -1272 -441 -246 70 250 -615 -219 1411 866 69 -318 -1181 -486 -255 -68 -543 233 306 -458 800 -432 749 725 -1192 256 -504 -570 -240 123 277 -964 12 1396 -112 -265 -269 -102 -585 -348 483 -397 13 -728 -69 -1154 55 666 543 435 -2134 -23 389 202 14 705 -1246 -1068 478 -494 336 924 -755 84 -513 -78 -603 455 -464 184 887 277 -282 913 738 -93 -761 -165 153 224 -1041 614 77 527 220 418 -367 439 -23 -415 -143 724 -242 -1265 -63 144 -585 78 303 26 -544 793 419 -77 -481 -758 377 -52 -189 -282 -116 348 574 -902 
-154 -126 -261 -357 503 -349 299 -35 106 -993 -56 723 379 -60 1366 1039 -452 464 -635 1768 270 1001 162 -1074 1208 -562 191 -1490 343 -1095 559 -248 -421 113 -506 -333 -502 -546 590 94 265 226 -104 -111 -696 -1216 -564 32 -1260 835 -616 -1189 182 0 270 603 -424 159 103 1559 -77 1348 -39 -430 736 -189 -1054 37 611 129 -577 -474 -119 401 -664 -122 243 -45 -716 84 506 875 -1079 -964 923 -149 -873 7 341 1180 -245 607 -835 136 -864 -526 -705 183 -707 1094 367 -297 -742 546 -437 909 -895 369 -722 -689 822 918 -925 509 1295 -1433 -142 108 555 581 -308 192 1110 43 -1328 227 -663 -143 932 -248 -341 -1677 -413 560 436 162 1081 161 -371 251 -1026 440 279 -353 -770 489 -424 -520 -1092 930 -770 -284 901 408 -747 -1049 -572 195 223 68 -370 -456 691 -508 996 -189 791 -464 7 198 621 -792 947 -720 -223 -703 143 -76 764 -298 841 407 -417 36 -351 1314 945 1169 313 191 716 12 491 465 378 -289 -460 381 -59 -575 -703 563 -24 597 -352 153 265 11 -164 -111 438 -3 -1191 -1298 22 1068 -171 67 -127 375 -417 -904 -203 -260 249 -622 -408 249 -370 -321 -356 -680 -198 143 457 -16 -1271 -1069 -152 472 -745 -1041 67 134 49 -177 697 1866 -213 -137 115 125 64 267 916 -162 307 1032 607 -415 -792 330 190 241 -534 -1082 -777 -218 5 -939 290 83 -141 -1391 -820 179 -465 -229 -194 -289 -137 683 589 469 -245 1171 -461 715 654 -245 -63 -105 -117 -789 -146 -145 -1222 927 633 96 
-257 252 -77 -716 333 -117 86 90 679 -257 -674 -738 400 -47 170 -1228 217 -138 -449 -651 563 -289 169 677 112 1166 -1177 186 467 894 2 -457 -374 -168 788 -731 -850 1332 224 203 570 -395 462 222 350 -57 332 -19 1126 280 -331 843 1140 868 -308 771 62 1287 975 601 777 328 -689 1053 -478 -45 499 371 -152 -847 -472 -1023 -237 -427 -671 -184 -925 353 344 1093 -290 -87 -706 -767 330 -562 -932 -497 76 -162 382 -216 184 -540 -304 192 1146 245 -779 113 283 -112 -84 -501 -449 -365 363 335 691 438 806 331 -68 -814 -225 -782 -713 1003 -73 373 -69 -73 -121 -616 814 899 -1361 1425 -1184 -641 390 237 380 -480 -149 531 -2000 5 281 145 192 294 334 -689 464 -29 -264 -879 -401 -70 -227 -218 1068 -73 361 310 415 -80 -23 -294 1823 -574 97 -255 827 130 271 -512 82 -169 1226 587 -537 107 82 -546 275 -264 1124 -1283 -375 894 966 960 389 -705 -84 -611 -1619 192 726 1704 -299 -538 -408 512 388 -120 86 216 464 302 1346 -127 66 -682 -114 390 -392 -146 49 600 -68 -420 -430 1201 65 -388 -24 220 -96 758 414 -83 -546 602 -1085 695 -1260 -440 -484 224 765 406 -371 148 -780 -104 568 -50 -2 275 -117 253 37 -897 -323 -365 51 484 221 -84 -1573 -334 -813 -379 -861 397 -442 1299 12 -530 306 -229 975 35 65 676 -240 519 -45 663 149 -1105 374 -274 186 -973 -692 -478 -484 -239 249 -41 537 -1226 -646 -1278 846 126 785 448 -68 708 521 -235 -139 -273 273 589 
-278 -228 376 -287 965 -114 -1035 -215 -657 878 1228 -863 21 694 -216 531 85 242 321 -819 -857 -287 -216 -153 -348 -990 -59 1301 432 -204 108 977 78 -697 1381 699 693 51 -24 -434 749 -194 -492 -33 215 -333 335 -204 784 58 -726 21 7 -18 128 41 -310 -109 227 -768 339 62 -519 524 1228 -156 -497 586 -77 -177 202 -470 738 -142 -1001 -41 69 -871 -1179 193 -377 323 796 -695 578 -303 -1754 -881 170 219 201 -663 -758 302 -809 738 380 100 920 103 7 262 151 -1088 -522 549 203 458 -45 -286 84 839 -655 39 -641 28 936 224 -403 -301 323 -295 -260 -670 142 780 895 62 459 311 809 203 629 0 521 -88 97 207 -910 -296 -324 -239 -667 236 701 1844 5 184 -9 -183 1 -411 165 265 -232 -592 705 -1396 433 445 584 848 728 -360 -45 657 217 -68 986 -706 226 -659 82 -18 654 855 862 486 662 -491 -354 95 382 158 1430 -620 340 -261 421 -785 162 -641 51 665 955 -689 -288 -306 -478 -78 149 -539 779 12 49 -524 776 -644 -268 371 407 -433 -927 0 -342 -401 -888 -1122 189 -716 -533 892 731 -621 1079 -71 973 -37 -998 299 -2 315 -406 -322 -100 -4 -693 -475 -421 859 -1265 -427 277 1136 -820 -262 415 -263 -475 -434 -640 784 -334 479 807 -818 89 -165 60 -716 873 -83 999 -826 221 240 1265 323 1226 -673 87 862 -478 40 -151 119 379 411 -118 -1356 1346 -946 446 -1293 -679 548 -435 -144 -656 -857 34 34 -335 72 -191 820 -172 168 -186 301 
30 -57 478 -250 -411 153 -135 -611 -893 -170 -384 -376 -363 152 -402 -834 162 123 -1110 156 1250 -432 882 -1296 -464 829 449 661 1573 509 -238 1207 766 282 -123 -215 -646 564 -470 662 -176 250 1438 235 502 437 711 489 426 -23 436 1040 -773 826 221 1086 310 192 -303 -296 596 -935 -89 255 808 -400 -667 -237 407 -373 600 1125 -169 -1400 1151 -368 219 633 -365 80 -535 240 685 -259 653 1280 812 -152 123 488 776 -324 -146 -310 1096 855 -15 584 829 1172 646 -109 -1119 588 -203 421 36 620 286 1035 -861 356 559 471 217 691 231 848 317 5 112 256 -209 -870 218 -636 650 553 1204 1020 -78 803 718 -436 98 -758 -119 -25 -16 1046 397 922 152 1170 1570 -551 -441 -104 474 -753 -378 -579 293 -182 -459 508 227 405 255 -307 -184 -984 -578 391 884 886 971 914 358 -608 700 1286 -746 -455 213 -430 485 1031 -166 -612 -896 130 -624 -161 -851 12 -581 198 458 -290 821 805 37 -932 26 -688 -90 -393 -440 593 -617 -161 393 -771 322 203 246 -63 312 -26 661 155 1397 138 359 3 -1351 859 -722 116 -132 -375 930 501 -993 424 -1037 96 317 -706 -579 -217 173 207 27 1030 -123 -539 139 -1847 -33 276 -67 -321 253 -735 756 -388 -42 357 -393 -568 461 -955 -127 805 427 300 750 199 1218 66 -254 22 -998 740 -856 -449 498 -993 377 -864 527 869 -392 -381 -1246 339 -395 395 -511 805 -253 -493 844 -705 -551 -425 441 363 -1106 1006 1854 -294 -151 -687 658 -208 -2 -873 
28 -239 -724 125 595 -696 489 -375 380 -274 46 -1138 809 261 -471 1036 131 963 -278 -705 505 -530 413 -704 -581 334 -182 796 -231 -323 792 29 -229 -695 -491 -539 -1027 290 -119 -646 -192 524 622 -887 20 -144 801 -183 465 -207 -939 539 27 -303 362 788 183 1255 429 480 -46 290 -689 461 696 854 -474 -57 305 -249 356 322 -394 2 -713 -107 -19 241 798 396 515 -891 -144 -347 480 -16 -108 683 299 665 485 467 -737 563 342 46 -679 281 809 -285 66 402 479 113 -210 -381 342 45 303 18 174 -1199 -764 406 1275 1019 -226 548 786 -9 -390 -108 484 -455 -207 830 237 623 -1123 -165 558 1098 -1423 -51 341 1423 -549 -391 176 -191 245 -156 -174 -77 41 -283 -117 -592 273 113 675 -168 1194 -1246 -635 -223 8 -399 -627 364 117 -587 224 -166 -853 -1011 989 761 873 -717 -579 286 -1164 176 7 -108 719 -84 -754 -12 1830 -148 1084 -50 368 449 -555 -529 -484 587 -145 -141 -1494 48 -377 -163 785 -1272 -186 265 -889 -302 887 50 -395 -964 -1108 855 -591 -408 -881 -176 1192 186 -19 -1126 -649 -946 251 769 -440 214 -412 466 -90 229 -112 -290 -58 -506 -226 34 -357 631 -88 -978 230 477 -1355 817 953 -597 -614 -89 -1005 -94 575 -73 -23 -71 827 -180 -136 -892 128 -1028 572 -827 95 -315 -85 -536 -325 739 1057 108 -779 -65 -275 20 -1147 -1244 129 317 527 -299 1454 -383 641 180 -1295 408 149 900 -136 370 1238 326 -630 339 607 357 439 -526 -870 744 -846 -244 -262 -555 
-1058 -749 554 13 1418 2087 -239 629 222 1092 -540 309 -341 374 -715 502 206 666 -332 -1072 -1168 -1660 251 362 -186 -341 -873 283 1345 1428 390 454 947 446 813 560 732 -737 -915 250 443 -693 294 -374 559 354 344 1325 1816 1444 350 1042 -91 -431 782 -586 105 461 90 29 -678 -952 -1383 -68 -458 -580 539 -239 198 -429 -482 17 -700 -146 1023 494 103 -428 1028 49 173 210 776 -396 145 -115 -55 -221 807 660 -275 -338 341 -212 -419 -186 337 -232 77 163 599 53 -199 728 -696 1861 -138 475 -669 566 899 -681 -557 65 -25 -1378 -76 97 -171 215 -1056 -895 -380 323 -119 1447 712 675 517 285 326 -979 332 -742 40 -652 -71 -599 -689 -822 207 795 -1041 -331 225 751 775 721 -860 -395 -21 -806 -535 504 -701 1099 -735 -1 195 -546 -401 -424 1042 40 -688 889 384 -1185 -110 808 343 -826 327 317 78 -1014 503 -986 842 -858 -734 -992 1823 187 -950 -335 -610 95 1044 327 -174 419 -76 -643 -771 486 -767 119 -83 1341 99 1024 -241 1425 664 -4 -529 788 1578 164 43 937 649 -1065 184 -303 1208 -187 -65 277 750 293 279 191 -363 290 258 -236 -363 664 -539 163 404 -186 776 -645 150 1062 -382 -355 21 825 -17 -449 418 313 -849 -1059 215 1074 -711 412 -1285 854 646 -157 -846 277 -336 549 1658 279 689 -760 510 474 -98 -711 440 770 -8 940 1279 498 -394 -30 318 1125 495 -574 -298 552 259 459 -186 345 -1036 -466 -88 -68 -605 961 -121 828 265 -104 -941 -215 372 603 
198 -174 977 -362 -917 -498 755 -600 -1037 -40 -233 123 509 595 167 301 -365 -93 787 -414 -48 46 -223 441 -163 550 236 1109 -550 -23 200 148 500 -457 -1043 361 -100 -112 314 283 108 296 219 -326 -1229 -376 -423 379 -4 -62 -29 -27 -769 -216 -262 968 -108 -38 995 287 -518 -862 1385 -833 869 734 -1053 -817 -147 -65 644 521 -759 -1426 405 -321 407 1053 90 -1248 -549 291 1108 437 934 -348 299 827 247 -221 -341 131 378 994 -359 -200 -789 -125 -205 710 1328 -290 -163 141 -877 501 755 -241 447 1036 -545 -487 944 -62 308 -583 -315 -999 -405 655 1492 -780 -354 -845 262 -398 592 -892 1001 610 762 294 1626 285 72 -567 -322 23 -351 521 161 465 -431 -252 -512 1048 -1056 1311 -891 -53 622 951 1064 65 -139 241 -200 -402 8 -565 -1203 1521 -497 54 -28 -722 -1333 968 -1052 537 106 214 396 341 88 -616 -510 820 -211 128 -764 515 -72 -666 -943 317 -250 -62 -997 22 162 754 367 57 -71 -314 1394 1097 413 -909 -156 779 -493 -709 236 -634 -512 381 -68 -1162 -317 -1164 -511 202 64 -216 974 228 -1344 366 -1139 -330 -603 432 -691 -641 -293 74 513 -946 -276 88 -213 -653 10 -287 385 487 104 277 156 568 144 115 1104 453 -320 7 -73 638 1302 1008 536 627 622 383 83 46 -24 -56 449 156 1359 -1493 836 -363 -771 -109 1041 -109 -1223 645 -172 523 74 -474 -83 -185 -1473 428 -619 -181 498 -764 -6 -1391 272 709 -1225 -178 156 -611 -614 44 499 506 933 234 192 -633 
-1157 857 160 -626 908 1211 -1165 944 125 115 -533 -55 590 -1112 52 -858 -344 -500 -205 663 -863 215 939 1080 -210 69 -1216 -81 1065 394 440 -1167 -508 -115 -127 -555 -238 760 381 -400 -1235 405 596 1320 860 892 -847 -317 -457 786 -156 -23 -206 -335 -687 -1188 269 328 302 145 -585 422 -197 -664 81 653 -606 120 -187 27 -529 219 -482 420 -45 -93 -375 -1732 -370 305 -178 -313 -205 -76 -305 -729 -555 502 251 -1561 -269 95 426 -1145 114 -352 -1035 -103 -223 392 419 -1010 -2 -148 661 357 -686 -379 205 -1325 204 0 -2189 631 19 -1141 197 -168 -333 -995 -513 -1189 -109 669 337 -85 79 -674 466 479 584 -1017 -1900 -91 -283 -415 -610 -216 476 363 261 785 -143 29 -80 -334 -333 10 -1081 994 -666 -1021 -87 -370 100 66 -266 -563 131 991 547 -542 24 -391 -1127 152 1036 -2012 -478 463 -849 5 -856 148 521 -284 321 -1107 158 -325 -1125 936 1023 1163 -328 -384 212 71 -1128 589 -103 -206 -822 -904 750 -758 -553 -864 -514 -689 649 -345 837 -446 10 -894 -419 -709 270 -268 -228 1785 -90 175 263 327 -347 -621 1234 -967 -200 587 -703 -628 160 -630 -1282 988 -137 238 -43 -242 1323 315 156 -459 295 -1040 -546 885 -458 -587 -63 -246 309 549 584 604 392 474 309 -274 241 -782 547 397 -949 -241 -1140 602 482 -328 778 -982 76 -129 -138 -71 -50 55 491 1162 -112 -1480 679 94 -564 902 -724 -602 -691 -204 360 692 23 27 -787 -573 624 -152 299 -232 523 -271 -1280 809 175 763 -247 271 
183 -561 -122 165 790 256 1438 -1357 219 -875 -801 -181 -262 607 10 -525 1037 -220 589 26 1155 -403 1002 -947 -251 747 -368 189 628 -383 388 65 -533 106 49 -252 -275 -383 461 -480 541 641 -185 495 -1130 -968 -160 73 81 -332 -722 -758 -1471 -110 -432 330 -532 280 -434 204 -123 936 -68 486 -720 400 694 -506 816 -295 -188 -1343 257 332 341 -513 450 237 552 -288 -8 208 227 575 119 -336 202 -313 -156 -793 614 -114 -531 -320 69 -208 -983 -1404 1082 361 73 -248 -328 -87 583 227 973 -1125 324 166 519 21 853 -173 215 1461 -59 326 727 178 395 -1275 103 493 211 987 -55 52 284 -16 -748 560 -1395 17 -26 -622 -818 -303 -483 1824 -212 556 -144 1064 -595 127 695 -362 -22 819 -585 -630 390 -102 799 472 -930 569 -750 124 32 -373 -811 -1222 -1964 -1272 103 -173 142 -1162 -631 1088 -966 -166 -146 -48 197 896 -9 -107 1174 651 634 -202 643 635 -122 -642 299 39 43 1458 -219 -51 1021 -747 210 -255 -1251 -547 -1578 -163 -548 842 367 493 27 -1003 599 408 699 -655 -785 -338 1186 -478 -742 -469 1086 -84 124 387 -741 355 -108 1230 1 -563 346 445 -1342 -1189 -835 977 429 443 1048 -718 -243 551 404 -432 563 -336 -209 -417 -609 -96 19 -314 192 229 541 167 -880 418 -279 -52 446 -571 1400 -13 388 -1109 1043 -583 406 -884 1138 -38 561 560 -68 285 -103 195 -669 -183 232 -30 -1058 -617 623 824 158 -450 270 482 958 -1153 -222 -341 -5 -1571 -699 512 -33 236 786 -310 
-401 58 -598 -27 -341 759 62 -301 -530 495 1165 790 130 329 -194 -104 -1036 587 -1207 -895 -305 419 283 -480 -908 -824 -579 -101 983 -158 -483 -294 157 -749 52 382 -662 334 373 702 -621 1273 702 1294 -163 99 539 -25 -567 543 -16 -991 -671 1140 -986 -589 263 -593 361 1134 -107 75 1064 -592 239 897 -357 519 409 447 -666 -933 424 429 1175 -485 1366 623 -199 -492 -414 236 -763 -435 1023 -264 1233 193 -398 -36 311 -130 7 172 653 -181 -964 -371 682 154 -1175 305 302 -767 -1821 418 89 1033 1102 513 -705 -441 55 166 -1335 -180 328 964 419 994 -918 -377 672 -751 -1555 911 162 -382 541 70 510 -533 383 534 -62 1017 642 -637 -347 -389 80 12 1409 -129 206 -68 293 -508 -879 180 543 846 -1287 1010 -1103 -787 -487 947 250 -322 -1273 -672 172 311 -784 -1037 -1235 799 1312 -257 1302 485 -495 -125 670 -866 343 -487 404 -263 278 -41 799 -636 -501 618 -604 -313 -370 724 832 558 851 -795 -666 -1041 -21 110 366 -380 -544 -465 -470 -124 388 -141 -273 111 299 -1016 -280 168 139 1083 344 -86 -531 209 262 184 -349 840 1128 580 -1103 645 261 -397 -392 809 533 -1112 496 -889 400 -636 -154 297 -45 70 1042 429 623 249 -1072 -400 -1224 681 -334 602 502 -289 -799 -347 -45 1347 -183 151 -400 781 -1533 168 717 -472 -205 453 -341 -30 -572 -1564 -840 375 -98 536 37 -159 -437 123 -16 316 -32 -455 -64 650 -245 -387 -142 1374 -62 -855 -128 -392 712 -219 -46 356 -326 1080 750 -1322 
1141 96 19 -584 392 9 -829 862 619 -97 -780 1006 31 -525 1086 181 832 -566 -250 30 -374 -1090 1280 -432 -304 887 1108 -892 -557 -331 379 -46 656 -612 1104 72 -148 -771 97 1079 -314 -459 -98 -353 444 487 49 762 1280 -373 -779 -748 -579 128 1023 -149 223 25 -58 812 -785 106 352 806 -265 -872 -510 252 354 -808 130 78 132 234 584 309 737 439 338 -433 -130 -833 1046 217 10 260 -967 -606 380 66 -591 -114 -151 325 680 318 -157 -472 -1035 717 -800 518 40 -229 -43 394 168 -1032 10 503 947 426 1229 329 -806 375 103 109 -344 -315 -1146 712 -780 219 -1195 -141 -765 -515 -386 772 -1117 601 765 -35 517 282 -274 705 -534 9 -1171 484 -350 646 854 -585 1028 -289 1 -550 484 -854 -237 574 -493 -289 715 -391 1060 -563 140 -106 -786 -653 127 1112 -554 -722 1019 -1471 -584 228 -171 -683 1115 453 3 164 558 -247 53 600 -516 -735 -318 404 183 -368 197 -1292 498 168 353 393 676 1027 -154 -559 -755 69 -884 64 -316 -328 607 -304 -495 813 334 1016 95 446 833 -820 -430 -398 -961 -759 -373 -324 440 -178 379 417 657 534 1274 -167 222 904 -845 175 719 587 -197 -109 5 323 80 1180 1374 114 -518 712 346 -1122 136 255 -9 -281 -1342 -147 -780 -432 288 771 410 928 82 173 -997 1499 -776 -21 794 -247 601 187 556 -325 658 899 224 -50 90 -668 -52 353 330 -140 351 -75 -360 -464 -341 299 -298 206 643 -564 -53 -365 -532 699 -405 -905 -823 -317 787 -444 
-115 -329 -492 -645 356 947 -685 468 1196 -336 900 265 256 486 -1516 1523 773 -736 -129 1 1534 196 -260 -349 458 -87 -4 172 778 438 476 -281 591 234 52 -554 858 -694 -240 -1073 387 -830 -516 -532 -536 354 984 -72 386 265 -456 -31 -448 -519 1039 120 -1524 -451 -826 -224 545 475 477 1066 -795 136 -329 -4 -115 -1166 435 109 -136 21 -636 637 -1202 777 -952 70 -493 -84 -151 -218 -171 154 -773 -821 -97 120 667 -848 -1425 463 -154 853 673 -370 382 128 -66 15 459 39 143 -211 103 805 -101 -28 364 -898 -369 255 -662 406 579 509 556 26 -824 -351 -57 -1742 12 -935 350 -111 -110 662 -1283 -37 48 -308 969 -150 512 36 215 -614 -24 -821 398 -224 978 -459 -146 -162 -762 -306 916 -121 -89 -573 -371 159 364 -290 559 664 195 -13 567 0 -773 873 392 -4 650 -915 268 -588 1024 549 50 -584 -1225 72 104 108 -706 -1046 113 -891 -7 558 -557 -390 2040 -359 311 -911 -763 162 522 592 -36 640 -580 1894 -502 -433 1749 -872 158 -990 -603 186 -1090 530 130 951 -55 -356 27 -272 -324 -1477 -427 -1147 533 874 -806 217 -855 -1141 959 -656 353 830 -751 -176 -409 -514 -427 -403 -11 891 -908 535 184 -372 -1205 415 -457 -1180 429 -1026 645 -117 352 -169 -1213 -421 125 165 -62 -986 1007 -254 -655 -285 285 -1369 735 363 105 -514 -1662 -606 -562 -601 36 -667 -496 169 1759 -699 -367 1126 -106 897 430 687 -748 66 -397 904 -688 -755 -813 449 -354 179 -598 893 -714 56 -2 -5 
-325 1154 34 -422 -502 -586 354 54 1 -435 918 -428 33 -487 -44 1200 813 -1469 1348 292 -17 -265 -800 1142 -771 315 -1186 -540 -224 139 -694 87 168 260 415 93 19 201 -53 -377 -915 -916 -708 -181 -45 224 -29 -507 -11 -110 363 753 -874 -1306 122 -405 625 811 -757 554 -559 -486 199 -1464 -345 -30 1156 1220 -365 308 -256 68 -381 -883 73 -155 -586 -109 70 601 -483 822 750 171 1088 583 -967 -739 -591 -176 398 719 -115 284 679 493 -434 451 256 87 -523 190 -477 176 778 -439 -154 -558 -408 -412 -512 -799 699 -281 -792 -623 -182 -587 -245 -1052 489 116 1521 -1690 510 -583 313 952 207 -402 -516 1333 137 -876 57 -839 -1271 -742 582 986 -384 -463 381 -99 -216 757 -443 813 -525 -230 -629 -1206 341 527 943 -371 -139 601 561 316 1336 -632 -323 -590 451 775 28 480 1047 -305 550 476 788 -754 1018 44 -1202 -57 -711 473 -482 -1 -741 47 -457 730 823 -822 323 -248 365 -770 -233 -441 -1770 -616 351 31 523 -930 -509 176 121 -304 -222 556 787 -417 256 50 -1151 -721 -1127 -467 297 792 316 711 259 97 1 414 182 311 933 -924 -1086 88 -592 -890 -158 -599 -427 218 617 228 -281 356 -418 548 39 -214 -315 -310 593 1242 362 -450 671 804 478 911 820 -121 -776 1232 -876 -108 -445 627 440 339 381 268 235 -18 651 351 201 -535 793 489 -358 -1176 -478 262 850 46 514 454 -592 1363 419 -766 -129 276 69 -433 -352 831 381 802 393 -1596 -180 118 1278 813 545 -858 
-807 1082 986 -695 702 899 596 -103 -1324 -251 543 161 226 -797 55 -523 -22 815 -136 604 323 572 76 24 -581 784 -985 386 662 609 -420 717 336 392 -812 -844 -264 -339 696 -626 595 -34 605 382 351 1887 -440 -727 1276 587 1351 -1562 -34 -671 -780 -129 -82 -161 -404 119 919 239 -447 -124 -1059 743 245 -55 454 608 -415 272 -134 -427 161 837 -572 770 257 553 74 833 392 -884 -596 420 202 422 -581 1019 1120 -598 171 234 -76 561 918 173 333 -774 -277 190 -32 1092 599 713 121 -1072 1203 561 1055 -475 328 -433 -18 1259 -861 139 184 163 666 -18 486 761 256 111 -716 1226 64 419 -274 768 -1012 221 450 -185 196 116 100 534 1109 137 201 -330 -1064 931 1165 801 162 604 -4 767 186 809 979 553 -129 511 -120 70 -121 -71 -268 949 333 -750 -697 583 -532 -599 557 617 31 1004 -300 690 280 -248 -497 791 -553 394 183 -200 855 292 443 -713 -159 602 -68 844 -591 520 -455 -86 162 -77 -610 -346 -673 807 -284 -891 -79 925 -1568 -840 312 -976 1318 -635 -424 1117 83 188 -638 826 589 447 46 980 498 675 -534 -761 561 -961 -348 -248 -261 -1221 -568 -407 -8 -215 821 65 -288 -554 797 163 1894 126 27 1336 41 910 -121 -50 -380 471 134 -1497 -575 346 -406 193 -410 -688 738 -939 1058 935 236 1789 -436 -127 384 -98 305 -1248 373 -1228 -1981 -619 -152 -1029 -787 -227 125 1438 -263 553 -230 -1152 -955 -619 136 190 543 -774 194 -249 -191 1067 1812 -445 -973 1656 
-171 8 -280 -307 -655 -258 500 143 998 28 216 250 -15 743 -454 -669 448 430 21 192 -175 -1348 -858 8 180 -870 372 550 1045 -264 -440 -350 490 729 -4 -448 -399 -1014 -1255 -534 75 379 -539 704 308 -31 576 877 -182 -354 -827 -163 -112 -764 122 387 -488 -268 -745 98 238 49 -1134 -66 -571 310 -853 -419 -884 -448 -172 -541 1 -539 435 -28 926 -498 -684 -71 -388 -987 251 -10 253 1011 -1684 104 -1114 353 -303 -360 100 937 -868 225 1173 -1438 -609 1872 808 5 -213 -142 -95 388 714 -608 -479 100 -145 470 699 759 -108 129 -361 408 101 272 -1117 696 674 408 -547 24 -1499 476 333 -298 -107 365 819 -1125 -976 -1621 -102 31 -288 -596 -896 -1472 -531 207 547 32 59 228 -279 -922 -56 -12 -128 -107 188 32 1352 -74 1272 -98 385 856 -279 -585 278 -133 859 22 -362 -452 150 614 -471 -1198 -1113 -80 44 356 242 105 412 -366 -662 636 -527 1130 1195 -472 91 -573 -222 625 -1125 -282 -32 555 699 -242 -443 531 -1254 1079 254 -394 659 552 -507 206 -261 624 229 272 -185 -151 -202 -179 -311 -637 105 23 -580 862 159 -979 1128 -43 -974 -102 -213 7 -1493 -596 64 134 207 -127 1039 -153 -44 -278 -118 780 -383 -1440 -520 525 613 -712 -1357 255 -689 816 -615 -340 -1009 -601 -483 494 -235 -111 612 422 -618 -742 885 -781 701 2127 204 696 116 844 -178 356 -146 354 -749 305 -484 929 625 332 659 491 513 889 -993 -372 221 1336 -17 254 -701 198 326 -3 -1571 -420 -44 -758 
-1266 282 -717 769 -285 -398 357 -707 -344 1099 904 431 -410 -459 -1013 897 591 477 46 44 591 844 -301 503 403 -656 789 208 -673 -286 853 -548 833 -253 -210 -197 445 130 235 -1017 -627 -199 587 149 192 1040 -338 301 56 -446 428 333 -39 -88 29 -585 -293 475 -862 -538 410 -500 -1068 91 -237 -425 370 -493 328 -423 1304 197 -198 1030 -96 -740 808 949 468 193 193 -60 253 -295 -1595 -107 -671 -1085 -636 529 367 -64 -1143 -558 360 739 256 555 -297 -370 1135 -59 -374 -293 17 -404 -451 569 34 -70 147 249 64 -630 765 387 -317 442 -1266 251 627 -359 -538 -318 -200 1050 447 -533 -704 220 -44 519 232 -739 750 -505 567 -500 92 -1351 -832 -1032 226 -91 680 910 -1050 143 888 -321 1082 531 623 411 1398 -656 -543 -256 646 -737 -336 633 220 1593 612 697 -378 609 143 -423 -49 -461 -571 1344 226 923 -1089 1102 260 420 494 -202 267 1079 -805 431 435 285 345 -899 727 301 365 82 234 -383 243 462 318 -175 -421 -1439 -349 -229 -344 -152 422 -638 -12 204 302 -488 428 463 -39 1229 17 -548 -1277 -526 366 -114 412 565 112 -986 1053 240 410 -153 1173 -272 325 47 -268 -559 -1100 -32 -465 79 342 -554 -190 -218 -22 -276 111 -198 437 -1530 -498 -149 1119 -157 907 442 501 338 -158 -931 -483 -1250 -983 533 826 -109 -467 -678 1015 -755 -437 503 86 489 -1103 -371 -653 84 169 324 1058 799 648 -338 -720 -257 -839 836 319 237 128 -242 -1997 668 -1013 -245 635 255 215 922 
59 -49 5 -18 204 -1599 -244 -279 -854 366 -324 769 6 -241 -807 -167 -941 -763 1081 546 -139 786 618 1747 -799 238 -468 -722 353 355 229 -1153 1569 523 -879 1186 -931 6 -668 600 -123 113 255 -819 757 241 81 126 409 713 438 682 -104 -791 456 -60 -494 248 344 317 -413 -170 -129 9 -690 -603 -46 -414 -275 559 411 157 582 -131 417 -721 -31 -488 -958 505 -124 -1089 198 1136 -689 328 -395 -414 -6 695 -101 -298 -592 1019 -209 -396 -147 -1092 -996 151 -167 -467 -1385 707 1070 290 228 -309 -884 1 -316 55 55 -455 396 440 888 73 -1023 39 -752 -1173 -1508 -1186 365 -235 -572 148 -444 364 332 261 944 -1233 -556 296 -420 -721 108 1286 -465 522 -534 126 558 -812 682 -854 -476 -297 988 -333 -563 -548 -850 -550 -48 -1191 -182 -436 -691 750 -240 984 378 -468 179 -256 32 -947 115 343 130 154 285 -389 76 -62 -27 102 142 1270 -54 424 135 608 -526 108 -177 708 378 113 -253 -774 440 1036 496 -207 1425 165 -277 -1365 -220 211 51 -739 -433 -1271 304 -417 295 252 224 838 -473 -676 175 191 -524 -502 211 760 -143 29 64 -791 400 -72 -166 644 251 38 -437 278 -211 -1220 156 -1199 -963 218 484 -1118 -147 94 -637 401 480 150 -900 1019 -1007 455 -160 385 1088 561 -375 -489 -242 -256 -1013 897 148 -150 1503 11 -154 -240 56 1009 -574 190 20 350 623 -1150 -1123 89 608 -260 238 185 -297 461 335 1433 -964 39 -476 -551 256 -647 -470 -196 -724 709 -637 -606 127 909 
332 -715 583 1448 374 -1312 193 913 181 -687 -749 524 140 -1627 -615 208 7 -1215 1129 -17 -229 -454 -240 493 744 -1248 334 -881 342 -930 -1065 -676 -891 126 -436 822 147 489 558 -92 -2123 490 -350 -994 -1341 -556 -842 -524 -256 -910 -399 -213 -800 711 -32 42 -653 292 486 90 -230 -516 -595 443 819 -87 1044 36 -666 31 -180 807 -289 87 121 275 202 -389 896 -62 104 -320 805 -359 -598 -834 -850 -355 -475 496 15 1334 173 332 -3 -999 -683 -724 -597 -533 -117 -762 -1004 -584 834 92 -721 -305 -163 458 -296 1087 -472 172 194 259 -56 -317 562 592 148 -889 -878 -517 260 -317 868 -505 119 -333 437 -488 -184 -370 -121 1047 -597 810 -69 -216 65 -273 173 -446 24 1825 -51 722 327 771 -248 -305 155 506 -153 -157 14 429 511 314 -628 212 -217 -195 384 880 328 72 247 -834 889 -168 -891 -205 -102 654 -949 674 750 1545 488 1008 -284 -229 44 29 -113 -450 -1013 1128 315 56 823 -949 465 -837 56 265 -182 -930 327 -64 -105 1041 122 -736 852 -313 -166 471 151 966 -309 -539 -860 349 607 -41 -814 -344 -361 37 -960 72 160 83 25 1131 198 440 13 126 288 -305 -455 -198 -200 -1192 -767 495 505 -511 388 -912 -412 191 121 -237 -537 -148 186 1522 123 -216 -500 390 336 -274 -326 743 -1141 498 387 -541 567 390 -251 67 -222 -1034 -713 -365 671 460 -502 93 301 1742 195 -42 564 210 -376 -734 -623 857 -491 -182 412 312 77 366 1110 -344 860 -151 -297 78 384 -170 
-1206 -414 47 -333 -1102 193 -164 650 -30 956 222 446 -819 -663 14 400 692 -433 -106 479 225 22 704 -485 414 -19 -781 -1142 -438 239 -13 514 509 1625 -899 415 -251 703 -992 1126 -469 590 -157 748 -188 597 -1186 -84 999 -398 -139 -223 -470 74 563 -1020 -589 -989 -80 -339 -235 592 -780 -724 -240 -231 -124 1586 -56 -1162 -304 -630 -404 382 1044 187 471 -73 -228 -183 -1073 168 -447 -235 -1082 -729 658 -42 -1099 -417 -1880 -581 -176 -1567 139 -1321 443 856 -678 -9 -1996 -54 404 836 -840 -642 -568 -46 371 568 -351 -741 -510 -493 141 -464 -54 -579 130 -1504 -85 -887 -442 -85 159 315 -156 -764 -566 167 242 -264 -545 289 565 -1199 -468 -136 -604 153 -769 -26 -141 0 446 -941 704 -694 -268 421 -304 -344 -1459 -115 -339 -156 -144 1657 -249 540 -369 183 125 847 -209 -519 -1127 -1239 -742 736 -615 184 612 -154 -17 363 -618 402 466 -1214 260 -686 471 284 -282 444 635 466 1162 -503 839 255 -283 -1463 -101 -184 531 -16 -278 -659 -87 486 -526 333 165 -694 309 -848 -884 20 -564 -769 -359 -507 170 981 1556 -710 973 695 57 659 202 -521 459 -1240 908 -172 -249 758 -19 128 -519 -593 339 -1345 -655 -741 730 486 213 -957 -688 -473 845 694 888 1173 -396 -828 -657 363 1303 2088 -34 54 923 150 -613 322 436 -1764 -791 127 -940 820 649 379 392 28 -356 -274 -406 -736 231 -341 -105 -479 -100 88 640 1337 376 4 758 -501 -244 -473 1382 565 -1277 -564 -347 500 545 1119 1331 -580 -549 -1492 
-621 -382 16 -144 -761 270 -115 543 493 -693 415 381 -654 243 764 48 -119 21 -347 -302 1038 1087 328 -377 -498 1057 -432 -676 -7 -408 -997 538 -178 1099 -614 -97 -455 410 369 11 934 -243 606 -452 -639 -255 -631 -676 -149 840 -505 20 42 387 248 -188 -1253 -357 240 548 -131 371 -1400 590 3 -1098 50 751 872 -509 -36 259 4 348 1147 568 -470 330 -693 1144 -274 179 -565 -89 -1051 -1138 -1382 -344 693 -146 -86 173 -806 -966 -569 -630 -68 155 -920 317 -441 -968 -90 221 -364 202 -502 14 -713 480 992 -1137 -170 -195 617 7 -55 60 82 774 -110 -1126 -266 -86 382 396 -776 -287 -184 1188 309 -587 281 -180 520 -598 -580 -77 -1672 -498 641 -587 -37 -959 333 -256 308 -771 143 -461 14 768 270 -132 -449 -274 974 1127 611 -477 255 58 422 -405 995 -1518 -964 -384 -502 78 -116 770 -592 289 -152 817 -1600 -858 -530 433 1089 -636 440 237 51 -541 452 -368 -411 -773 -1012 295 -718 -206 125 -469 -427 -938 -897 -646 -1003 -294 602 836 29 -1585 -736 41 -360 1205 -214 -377 -1621 -568 -748 287 896 1229 30 -142 -651 56 -285 346 404 -272 -22 -260 -148 -122 -1523 -108 -373 -119 519 -429 -494 -552 -686 -36 -300 -140 -1106 -1636 1069 -141 1268 867 0 -317 -754 -78 -544 778 167 532 1260 -378 -163 1040 1135 369 -314 -291 -894 -129 -39 1240 -914 430 -329 288 -667 -402 -1063 304 1013 556 -408 -419 -66 591 67 -23 735 401 -792 -456 308 180 41 -348 180 -113 -210 50 235 -363 895 -400 
-783 -841 1347 -628 849 -355 1127 159 1104 111 193 654 324 132 -244 -15 -779 -81 443 151 693 -343 -423 -1 738 587 -293 -244 -310 349 28 594 -1310 1048 380 339 -80 -563 -216 5 18 -631 -123 -423 -567 234 915 -46 -711 350 449 -16 686 -28 262 -1255 327 1200 -820 1757 -618 586 306 -275 -344 1697 -610 545 -597 -1236 -863 753 -667 1764 345 267 -1419 -711 492 198 -603 171 387 -870 698 0 348 26 -485 -866 314 1123 794 -862 526 347 16 -476 -541 416 -193 -381 537 -604 93 225 133 -227 1310 -1816 299 1004 14 -187 -38 -59 769 121 -1203 678 82 173 14 -1378 -371 249 195 -384 -765 -1240 120 -1088 -177 99 551 46 -476 -267 644 -79 16 373 -559 -939 570 -1204 756 1262 110 480 1339 -459 -614 355 423 -100 -598 -241 542 1415 473 -314 228 743 -272 28 61 -1188 124 381 -278 -899 86 329 -809 593 -1099 -376 -313 -284 633 -1218 306 160 -268 -1243 -200 482 412 380 -1359 -435 -520 26 1543 -170 23 -340 -553 -231 -703 -418 214 494 783 -78 684 640 -20 408 126 -280 -338 -804 -877 -89 382 324 -1045 -37 -239 -269 165 -158 -165 -165 -364 -341 -53 -539 364 374 -233 513 1235 165 726 435 761 -846 403 -641 -500 205 209 -175 269 -516 254 429 347 5 -17 -512 644 431 -1135 -1142 -540 2455 -810 334 -610 171 760 -147 125 224 -426 457 454 -422 -575 -339 183 -990 -321 -10 -67 -381 -1413 -4 -920 1219 387 -909 166 102 753 1548 -313 1156 81 -61 -906 173 -263 -60 889 -180 
-833 -168 7 -268 451 -902 394 1461 -517 -611 837 -792 -551 -1191 -53 735 -1436 297 567 297 -27 -613 -114 863 -641 154 -681 -58 1107 -216 101 -321 278 541 -562 -580 1071 668 250 159 -268 -180 -701 -32 -1394 377 385 -406 -546 412 -276 -261 -387 -555 72 88 -189 -362 -533 1025 -361 -615 43 -170 -359 600 -120 384 -1326 1180 10 401 797 -535 344 624 -781 -820 709 445 273 303 -756 -1304 -494 -104 341 -794 -40 91 478 339 892 -361 532 -669 51 163 166 144 -55 -982 459 -550 271 -870 -245 -80 -592 103 -462 407 -46 -139 -937 -464 -1053 -338 727 212 6 -695 -312 -486 31 -1413 636 -90 647 -708 -279 108 -29 389 -272 -547 -851 37 -279 571 -224 482 -61 171 -459 -511 -458 -518 -948 -609 -218 -100 736 -156 55 -334 58 82 -915 -352 -501 974 133 17 -190 507 28 -130 -768 -453 849 -499 -650 -12 -622 -784 -63 25 747 -541 268 420 -490 544 -1822 -277 -661 -572 -324 -59 -218 905 -81 622 632 216 779 55 975 835 330 535 -430 -477 -90 -1242 895 -485 -91 545 986 589 -182 278 -204 -57 240 -254 -592 -16 33 137 369 809 -1378 -330 -188 -338 310 69 922 293 -689 -208 562 617 305 149 -459 124 -380 -867 579 940 595 -344 17 -398 800 -239 629 842 -440 -544 -832 542 -207 239 -955 298 452 -183 1196 -579 287 133 -601 651 126 -171 -1665 558 -92 -1008 -106 -571 -105 -20 -75 -981 -1117 -1303 848 -627 524 -145 -1247 850 -474 -1296 -487 418 -582 -62 -1358 -791 -582 -360 498 102 
113 482 182 183 344 708 -185 -340 -159 -810 577 -105 378 1336 -178 -316 -597 817 646 -1043 604 917 -831 282 -415 -320 -1020 -262 299 361 494 -442 -800 -322 -275 -208 204 -55 -453 309 -99 -557 -124 -526 1766 -651 141 210 1376 -246 -693 690 1410 128 742 -373 -462 -4 -339 336 590 243 -225 -270 246 -108 353 223 -595 397 -886 -1156 -333 -561 612 400 -1266 445 728 668 -1049 757 -526 560 300 -1068 412 298 898 -554 -383 1406 280 282 382 985 883 -727 -1083 -568 -535 -638 -363 -658 -1083 -229 1036 -104 -791 -597 -663 -369 -70 -328 -401 -592 -271 -316 381 595 -401 1427 1297 -677 -747 550 -393 1308 650 294 268 -820 463 127 -390 -43 -991 -1404 -804 -943 360 71 436 -940 -933 -807 -730 -167 499 -1400 -129 -158 1333 169 -486 900 599 -1179 141 -106 273 294 487 -319 950 550 -596 -10 -637 138 567 253 689 -1029 814 525 963 -226 -1003 98 -262 393 71 -57 112 311 -469 -273 643 18 441 1257 -249 -131 -1812 43 -897 194 398 -473 463 -178 127 -135 -1367 -1574 174 -245 -1162 178 -355 -753 -995 25 -447 -731 -1016 -206 -364 193 -1 139 289 -43 -439 121 -595 683 -797 -584 -245 -662 -298 898 -889 123 207 -1164 35 1115 -1079 149 -172 947 -237 459 -611 -1175 102 350 -23 1402 121 476 830 995 -1282 318 221 -470 181 399 -362 -431 -644 -473 1260 1062 -407 -9 -169 674 -832 49 307 180 -102 -470 136 68 653 76 -8 -115 -1044 -524 -885 -152 -142 123 717 -504 -654 -426 -1107 348 -79 26 277 223 
-482 431 312 -1592 172 -6 -297 1125 -126 375 892 -645 873 -71 -453 395 1641 -539 16 822 -140 -1198 -495 -120 -421 -1336 -508 -473 -168 525 -1055 365 218 60 -131 -59 460 -22 -605 -426 -292 -320 -1218 -47 -304 74 286 -536 420 28 14 -813 366 71 -141 -588 1265 683 -1335 82 -371 1585 -18 -154 873 -794 -242 -247 -176 152 -1419 844 660 81 -555 421 -1068 -191 -1133 -26 -236 -879 -276 -214 43 72 213 -615 -803 722 290 -949 961 -940 798 -1115 58 76 1559 264 86 -217 10 -890 -219 -919 839 -653 7 242 -802 315 -126 156 575 606 1204 -620 233 657 -159 -93 226 -504 1045 -728 248 278 -40 129 -704 268 433 -969 11 -214 575 1037 699 1230 116 114 -28 -1055 121 823 621 523 -340 -825 -903 99 -848 -378 -326 1002 -125 -343 642 215 -60 -90 -1054 -536 792 311 -555 -71 592 -1014 1279 896 -53 442 -178 49 -469 -47 15 307 507 -292 -1021 226 -527 166 -36 -852 -16 -48 -277 -573 55 736 1463 484 -344 496 -12 -7 -438 -265 -152 -226 -299 17 178 9 300 368 520 -140 -543 532 -705 -577 -829 -88 -395 456 227 -1293 -74 -32 563 -7 480 46 -52 671 -3 981 -314 -60 1374 -606 644 1279 -28 671 -1163 362 -2 338 250 -759 326 -1076 -622 321 294 630 -394 -299 -904 -218 -93 479 539 1381 -887 1032 1031 592 132 1080 -525 26 -197 283 80 79 -322 -923 169 -422 -109 822 -143 -394 543 -823 -513 -964 266 728 -225 -149 -721 34 -131 846 84 375 -841 -1065 148 397 -1008 784 
673 317 -438 -473 288 -218 938 242 106 338 382 -674 624 42 -193 2153 -52 -160 602 996 -307 579 1433 835 -821 901 -26 772 121 1378 -84 1049 1095 -503 380 1093 -730 1102 181 -269 -381 292 -944 -103 -1094 1110 428 -221 -45 -865 -649 -218 -353 382 296 593 142 472 1037 1060 556 -1068 52 -161 988 -1612 -1764 1185 -64 311 943 -774 768 -664 186 378 124 -118 85 572 -15 -583 267 489 1706 644 874 -260 1180 -477 -112 319 289 -46 223 128 -113 33 -450 -1200 1354 456 543 -485 354 309 -28 -376 -334 346 -247 512 -254 -623 -268 -491 41 -120 523 -886 27 230 196 -120 -358 -760 665 -149 -175 591 44 1119 -45 780 -126 486 -985 -153 -112 1475 -745 211 -666 -1097 -385 -1150 -1334 -228 -1788 -372 -1244 613 835 -96 -731 499 -936 828 -251 9 -161 148 1269 -1152 876 254 414 1172 99 100 444 103 75 -867 -212 -1145 -572 677 -402 -1808 14 332 1079 -250 -263 -491 -304 223 -661 -6 948 204 827 -332 -731 1113 162 -125 239 -690 409 226 476 679 -307 -520 267 -650 -46 -10 -1514 521 -470 -271 -433 34 -564 55 -511 699 -550 -1149 638 91 997 119 -768 770 -722 -252 171 36 449 -633 67 -247 -813 1140 -34 -99 866 -963 -37 619 251 -238 718 130 1204 2 -1250 468 -232 -830 378 1033 456 -357 -434 623 428 186 378 -76 893 -157 -203 -120 306 669 -1042 138 -328 -717 -275 -809 -63 -370 -58 588 59 -909 715 -726 -595 -101 -551 -838 -1020 -473 431 560 -135 -404 140 -1122 -473 341 177 112 
-1370 1147 -1179 179 463 985 -219 610 -25 33 -323 872 -247 241 -571 -295 981 1519 -717 667 892 804 -757 196 -375 -122 -275 -814 291 -652 1015 -904 149 781 116 -540 608 -230 243 1028 60 -1087 -899 483 -579 174 -1023 1039 -860 -145 -848 314 680 254 -819 -846 -298 56 -564 -532 -281 -855 41 -833 81 641 -992 -129 -209 817 21 -604 -128 -300 -460 -149 -1523 -1789 40 364 -508 556 -508 379 312 -1 -1127 -567 87 -294 254 -959 -226 -74 -48 -379 386 119 -300 633 18 380 -1621 -230 -404 212 735 798 188 -127 -671 -1029 -381 -18 253 -54 -532 -477 140 1420 -919 52 1586 540 90 603 -509 1159 -1378 -412 -1168 -285 437 630 493 -706 -410 462 -73 243 567 -591 -288 -657 286 227 500 -159 -698 -282 -444 -401 196 -348 431 -555 337 170 211 4 268 -748 359 -1082 544 -410 -501 -781 219 -472 1162 -1052 1073 123 22 462 -191 -1404 -416 441 415 273 94 -192 650 -344 1294 -832 253 -192 133 89 714 -199 -58 128 205 -640 -402 466 39 516 593 460 356 -166 -1043 57 -113 207 -801 -838 -1047 206 878 646 375 500 -34 1109 847 725 197 236 -132 -672 -486 529 324 645 238 672 -450 -616 635 -227 -841 35 -116 -366 415 896 -477 -1187 -112 70 -12 1413 -86 624 925 -60 -1270 705 -22 -94 -611 785 -378 1033 248 -167 237 -279 573 -537 -76 629 390 -48 14 98 -586 -451 -983 -160 1057 -266 -843 -396 1005 36 295 263 -629 229 -1164 570 -41 -241 -211 144 -685 -154 -809 640 -737 41 -238 -189 
-377 -815 69 -945 828 585 901 294 -384 1555 -1049 -22 -1036 345 -198 -94 283 -663 -383 -316 -1301 140 812 1440 -603 -1345 -728 -1108 -22 -1054 -1918 72 413 593 -360 -362 247 697 -81 -787 471 -509 721 459 -1017 719 391 669 947 -398 -546 -1213 17 -188 -662 321 -724 -643 543 929 -674 -758 -535 -412 -359 739 -834 -653 773 -358 -737 -605 551 -7 -368 -327 342 -564 -399 -36 -560 -534 -192 -430 63 460 983 304 347 -1361 458 1238 814 625 -313 74 -404 -226 380 -757 1121 -761 1391 546 -345 134 241 -199 -629 644 797 -96 116 427 -355 128 151 16 -151 -1119 -477 -721 1623 -93 -258 -944 758 -450 -36 1357 971 1455 704 -690 888 -655 -1052 -1031 567 -640 387 -697 1182 -864 451 -279 -730 -691 306 -353 -173 1011 982 244 -1123 -803 1091 -525 731 376 699 -616 -173 -28 -297 200 485 419 527 -108 -569 545 653 -324 134 352 122 -1479 1089 -1154 714 39 -734 -138 646 -120 313 -904 138 -182 -697 -876 -590 -111 -460 945 482 -449 -98 1294 886 -469 697 231 130 49 -586 -316 399 656 -305 991 -723 -113 207 323 168 -698 762 53 -27 -165 901 -669 -163 -64 -430 464 -486 -220 57 -263 1367 -695 -481 -709 180 510 609 1667 -285 348 130 496 397 -157 -296 -314 -208 121 -541 59 -56 -876 -435 683 257 -929 712 -1086 1199 -572 -418 -1826 170 -383 941 133 -177 296 171 158 -1 -1013 -423 481 369 652 -240 50 -40 -148 2136 1290 419 -138 -506 -819 1511 -866 916 -156 -144 -1054 568 255 -647 119 -747 -544 
568 366 961 -53 572 -575 333 -615 -586 400 700 479 371 557 -635 37 673 -515 -96 -473 -225 431 313 1324 -6 -1061 -429 1068 -436 -70 -775 60 110 -486 -660 536 -879 420 570 -750 757 -448 243 722 -793 1425 -339 1106 396 414 651 -215 -992 2045 893 1005 -462 -26 -254 -21 -473 -814 -309 311 897 144 364 -295 450 -780 -1285 125 868 -985 -48 -58 -372 269 989 90 -524 -235 -175 -1722 -634 -1088 -152 -770 233 255 224 420 94 200 -213 822 157 -840 -488 -672 -373 -616 -1214 1440 -1144 -281 10 -710 715 -108 447 -282 -921 69 141 -26 266 620 305 611 -101 -620 -120 -395 49 294 72 -156 -425 -411 98 158 -258 278 368 1456 -1635 -78 -214 -388 944 -302 735 -761 385 525 1127 -777 292 505 674 215 -265 594 67 210 1826 -89 202 -954 448 -233 -567 -898 224 418 -727 84 -843 663 424 -571 141 -154 -112 894 158 768 -183 -156 -236 -24 -1693 380 526 898 -514 -1123 -165 -579 -42 -1178 791 396 -208 -692 -367 -427 -82 -102 122 465 959 -365 -734 567 -104 544 -666 -728 1195 -204 64 -445 -1166 -566 296 420 -138 70 -25 741 711 782 -170 1388 -18 -99 -1402 -35 -399 274 -506 -83 -65 -390 89 549 489 -845 -438 239 24 441 18 -141 -117 -643 376 926 -952 1302 -124 134 197 -37 -249 -311 279 456 387 63 820 -688 -411 300 244 466 27 -1364 389 287 239 591 -219 -311 -853 -948 -513 985 458 -423 -592 -246 497 -397 -391 -313 634 1121 -208 -630 1669 526 292 668 442 -451 1 325 
-734 -499 737 452 -306 275 -256 -1022 194 749 -453 265 -189 1211 -855 464 55 15 784 -1592 315 613 60 -85 1067 -352 981 897 290 114 -393 -456 -343 -9 -403 -356 382 -1169 139 -1585 190 -825 -331 229 -262 -905 -543 27 741 807 193 1597 -1358 444 972 336 631 -350 -905 106 167 -151 75 477 807 -655 -499 448 -353 499 187 -159 -446 -765 -438 -1012 -276 520 -141 4 303 856 1112 -793 -560 263 47 -1172 -707 -1170 225 83 -811 -175 338 -565 -310 256 434 -569 -474 -220 295 1117 952 -319 -98 -42 601 -664 569 459 1114 -1145 -995 -4 -333 48 -520 597 -78 -237 -596 -158 -455 -832 647 504 -254 321 -734 118 146 382 375 -226 75 -859 567 446 259 -525 293 146 532 873 683 -227 179 88 111 -126 -650 471 482 1064 -298 -962 832 849 -506 367 -968 -122 -20 -987 -190 60 -496 -46 -906 90 683 63 247 -739 46 696 229 53 -382 768 -1240 -138 -443 741 892 -700 -339 1093 -224 -856 4 -583 394 -897 -483 -445 -984 -895 -1016 1138 -391 310 -837 675 -597 -477 361 -294 -714 -573 49 206 172 381 392 -59 932 70 227 781 525 1298 -825 223 808 -14 -446 1083 985 -283 575 528 320 -1062 535 373 -690 -135 22 170 301 -521 -585 651 377 -106 477 -146 -355 269 -366 1142 -23 66 -677 300 408 -624 84 90 1019 78 616 282 418 351 -499 1 445 -128 656 1381 649 -767 -714 565 -768 214 1277 -49 838 320 478 204 957 -716 -293 -407 -451 237 -625 -459 423 833 -8 -425 -550 -368 
196 150 -797 -1155 -781 -88 786 1186 1201 532 498 -587 179 -408 -116 -16 896 -54 697 1045 -883 -180 230 695 -337 -718 345 632 -1083 -769 959 342 363 -158 -938 -190 110 325 -666 -878 -542 795 -390 442 76 -285 176 -122 744 -26 -655 -154 -233 220 -385 -105 -82 -1171 -1259 -458 -325 981 -529 -1476 -68 -704 1170 -256 -29 61 -602 123 -1212 58 -236 152 36 631 -226 152 -549 -203 -888 547 306 822 262 275 677 575 467 -1421 -864 -627 -248 140 1167 -622 -406 -54 -235 134 23 -341 622 -11 249 -239 -141 -153 -175 -701 700 246 12 331 597 -183 -522 722 1744 1217 1124 -818 -374 408 -593 -650 798 249 -571 372 -56 -36 -123 -249 129 -29 608 704 -548 -397 -931 1296 -539 51 -1497 694 -238 -1246 -199 -446 609 -699 463 411 148 -707 348 -71 -276 149 -135 -357 972 -331 522 -442 -149 413 -752 172 -271 937 -168 -597 -362 2029 -513 249 961 -199 -227 -474 658 -155 -904 -262 -223 -1341 75 -461 206 90 -1327 -245 -680 479 397 152 960 79 -128 -484 207 454 494 -543 542 -83 580 -260 -128 221 32 536 -414 694 219 73 28 -1259 64 370 1254 -136 -653 -942 -1014 -340 -49 -112 -349 94 57 -763 -365 214 134 -597 -1126 -752 128 -1525 -601 -606 754 -551 -283 -191 304 -248 1081 48 -172 76 -324 -320 104 -565 -957 1029 702 133 -559 -505 1202 672 488 -254 -787 79 1148 -152 641 1194 280 960 -64 895 33 397 883 -82 76 -510 456 83 -450 34 -758 -736 -52 63 -128 -164 161 326 -435 -28 
-533 -973 -663 1023 -744 256 570 989 -146 1282 -533 647 562 -82 -443 -1408 -183 -260 515 -684 7 -304 508 348 -345 587 -343 -624 936 816 -909 -696 -442 507 830 -1255 -284 -813 -1103 999 -1550 -531 213 -31 -479 537 -108 -332 267 -54 -499 1059 39 625 827 -580 -158 -37 665 541 590 -948 -223 157 -1299 871 -15 268 175 409 372 919 -1146 1264 1585 856 29 636 0 -181 -977 535 -99 -321 -91 -826 1771 122 -673 -671 519 20 -301 -585 -85 -601 420 22 -722 -84 -780 -433 798 269 770 1331 1013 -173 823 -697 327 -854 -1028 -974 -268 933 1044 -567 -1069 82 475 172 -580 342 1112 -1153 -164 718 -1308 -700 -1134 430 -127 151 -361 -186 -1147 403 351 137 -735 -850 -28 503 -291 11 21 -918 -133 399 -107 229 -16 -111 628 -300 845 1057 30 -247 -242 -563 88 645 -447 -209 94 -845 425 241 -102 27 -296 -939 -652 13 -1500 -797 -439 -430 -332 224 387 860 -43 -899 -787 186 571 579 -343 -438 161 -862 788 1281 -357 66 -780 255 577 127 182 280 956 -942 -651 -583 -1091 757 -779 1451 519 -1187 453 -549 -159 -1246 -398 -902 -178 242 781 -217 -1003 -232 -801 252 -694 585 -263 -870 300 228 -590 60 -142 -50 -85 310 423 -179 917 112 161 689 -324 522 926 480 2282 -614 -299 -1042 46 250 12 -86 119 403 -172 -968 -333 9 40 137 954 -58 771 -942 200 736 292 1212 134 -238 355 401 -743 901 437 -283 101 791 -276 -267 -573 -832 444 -223 -454 498 -171 -403 644 -464 -773 -17 -177 326 
-772 728 4 -922 31 221 821 -649 302 170 603 -196 -54 -1296 536 912 353 -421 -376 483 644 -393 -151 391 -457 -353 -10 603 -404 12 -636 -151 237 790 1458 -630 -334 -423 781 697 -53 -648 -244 730 -473 -162 92 1138 -215 -204 204 -44 81 -54 -247 -945 280 219 -104 134 -263 217 -1018 -230 831 1626 544 563 -175 1234 -645 -919 344 -751 -493 9 248 505 545 332 -484 -182 488 118 -220 352 -1273 -996 -917 390 217 750 -47 616 -566 5 13 -24 118 241 406 -317 -26 497 708 -454 -1200 70 743 -240 -198 -398 -296 445 793 -652 -228 -152 504 -34 25 -344 66 -159 1806 -1093 -32 -98 232 -810 310 289 -292 -602 -381 641 -636 634 938 -63 -225 218 1119 46 -1338 329 -30 457 -1170 -627 -306 396 740 429 1548 -45 1053 -538 76 -390 -162 220 -740 -697 491 462 410 441 298 -716 1111 -316 -18 176 -57 514 -26 -567 -331 166 -459 837 551 -219 -326 355 589 -893 -161 -1224 358 917 508 111 1221 -1082 555 -212 982 -15 -629 362 731 -74 -257 272 -228 675 -36 -4 1112 -745 -780 -707 745 369 -51 756 -251 1531 91 71 -246 126 394 -235 -484 144 -356 -592 -225 -572 -551 -481 -461 87 -867 1544 1067 123 -884 473 939 1763 -269 -116 -137 -1029 -629 -578 558 340 1126 -816 424 -101 938 845 -426 522 -28 -375 868 -395 131 527 -478 -301 -818 -12 323 -282 -392 -1378 -425 816 -410 -230 -124 429 -148 -306 -315 -685 -452 685 -790 894 332 -100 165 753 -119 435 -225 -418 -431 405 262 -239 
432 -444 150 -77 191 24 -989 786 -101 -139 435 -301 -214 559 1081 -725 60 -57 -32 -578 -38 1357 419 -257 599 918 238 -197 -122 172 298 -102 -693 732 525 804 -154 1154 -473 454 98 239 224 -466 128 221 166 1605 -242 -22 -132 -484 -471 -27 76 -297 1235 -436 -39 203 -1674 -965 904 -142 67 -96 198 -112 666 -245 37 891 75 -748 335 140 501 124 148 -1229 594 107 694 444 400 -123 756 -118 388 561 -430 5 -396 -546 508 -104 -311 -137 58 694 -391 199 567 -741 1221 -1072 922 -627 -86 1550 103 -674 -28 889 -28 1021 596 -74 484 -528 -9 -482 -121 438 433 -1087 339 -513 -430 479 -1455 -350 690 363 165 982 -517 297 142 -143 577 562 -1269 905 555 179 -505 -208 1693 153 588 213 -835 -308 -181 -687 453 174 546 -291 772 660 782 554 -276 358 164 -304 -190 699 -91 -483 2 -98 -748 168 577 -314 710 162 576 -689 49 -115 -104 -853 -1467 -753 486 -810 -144 -16 777 460 -1302 1174 116 -53 595 120 164 860 -150 -432 -203 -309 -246 -300 165 21 -1055 624 769 -380 169 254 -411 -331 -894 3 -76 -312 476 22 -110 133 1692 -280 503 47 -5 -294 537 -278 32 -691 -592 597 894 13 -331 738 -714 1088 -548 -107 -182 -1279 925 787 -25 666 327 -311 -68 573 -231 -270 390 686 -951 -773 1159 -307 525 -77 745 416 -1089 85 612 -302 -815 137 274 -169 455 -211 450 894 543 -1158 -497 1010 153 -1037 -468 877 -145 143 -294 -22 -231 415 58 285 309 -890 -340 573 
-384 -250 -566 424 -268 -244 -38 -78 -338 -1164 304 -38 113 -235 -395 -509 528 583 10 -58 293 -943 -649 -49 512 138 195 -164 -315 -156 -410 -240 94 -589 187 -248 -148 1153 -700 176 -213 -433 753 -1390 -635 -397 782 -627 256 181 -582 960 1219 553 -363 642 -281 -764 141 -726 -1199 1112 -305 -377 -522 -955 631 1165 479 1003 -50 -203 -977 37 527 628 -757 1053 -721 835 379 -162 -1258 -239 -664 -651 232 796 1072 79 304 124 -587 226 256 602 621 160 203 -319 -254 96 -330 -608 282 102 98 650 -1972 101 -213 136 1220 -734 590 1427 404 271 249 -890 638 200 -618 -672 289 976 126 -298 197 -240 1439 282 131 636 255 73 -751 -445 -375 -237 -29 78 -139 831 51 -939 -43 -63 931 -470 884 90 0 -508 -450 -9 562 -174 -858 522 -141 -130 -42 -222 513 -135 -223 -406 210 -252 509 996 121 899 319 -393 1230 -1245 20 48 74 -259 557 -786 -368 -302 4 -396 757 -400 -617 -282 -590 107 -151 45 329 -429 1001 120 328 -338 349 588 -243 111 187 -684 -539 -119 -515 139 152 1529 752 658 -624 -850 -242 -229 188 -235 869 -66 -370 24 676 275 -467 -435 -328 -838 384 -500 447 -1028 -146 474 249 247 765 117 -702 -656 -282 13 406 -1327 -140 -467 1170 -681 492 -299 -138 315 1241 -1196 469 -700 -1265 -540 -1048 139 801 35 333 67 -7 -118 -317 -282 -288 -381 -37 -239 234 913 1640 208 -171 -12 -11 98 622 11 -270 752 -122 -167 380 461 60 183 -855 -73 584 437 -69 431 
-405 -493 296 -178 -350 -499 -523 -756 1285 208 1927 -1001 -379 97 -100 112 198 1068 204 200 615 -1475 -863 -201 505 -89 -13 -1069 -152 -1057 -708 871 -282 -816 623 743 -402 -404 -204 -570 -680 -114 -282 2 914 332 -559 -51 500 -59 662 -234 197 -1067 1566 -149 909 1748 206 285 251 1382 -236 170 -177 321 595 84 219 298 -942 -788 -436 29 -513 -617 353 971 685 -201 131 -80 -322 -466 -388 -483 -604 515 -333 178 389 95 -171 548 -76 532 363 413 -47 120 262 471 -5 -24 -690 106 501 -327 -313 204 688 -904 -469 34 344 -23 164 1145 -261 -136 495 -228 433 -602 -595 1093 812 419 -51 -466 -694 -280 1204 -401 -163 77 -321 694 2 910 364 324 268 -396 68 -353 -182 150 812 414 -826 -661 287 1007 9 -161 42 -554 48 168 1316 -373 135 -307 1150 603 -480 477 167 -512 1160 13 -1280 607 135 26 724 931 -690 -184 754 -212 455 -554 812 -1293 -278 -1244 1198 -300 -48 -115 -227 -180 1284 -285 310 -922 -806 -1334 -805 272 459 895 -908 140 -1292 -52 -334 -523 174 78 212 -721 -86 -146 277 715 1221 -326 67 730 80 -727 -55 -186 426 -400 435 64 -938 -584 363 66 1271 -580 521 734 -854 383 410 -297 -2004 -194 -421 -374 -872 80 -425 71 -646 -506 347 1038 -860 -255 -726 -745 468 619 270 -897 -878 322 119 -124 -421 -27 44 51 -285 -440 -1532 57 -668 32 1005 849 -239 1109 -626 -537 -495 -333 186 950 -38 396 185 -191 1067 -185 -548 1007 247 488 -165 135 -183 -23 
668 517 553 -294 -1296 -725 -851 1313 180 -476 -760 -97 -410 -164 942 -1672 543 -332 -90 1211 1132 -867 -552 -286 -305 -316 295 156 548 -1029 -747 -337 -348 578 -1285 -700 -824 713 -1140 282 226 -261 -1171 1245 -464 237 -133 -1037 -344 -630 66 740 -499 747 164 241 -210 -335 -297 176 824 -1449 -746 129 -860 -733 -81 547 156 262 112 -660 229 -121 1018 -863 -11 142 -82 -884 -34 1514 -320 -230 286 42 83 516 272 28 -917 -691 -58 -285 -169 878 42 142 -156 1613 100 -733 -237 -87 650 -538 443 154 1036 1058 23 -38 91 192 -292 -277 -250 -222 181 484 -794 -162 -968 307 55 214 691 796 -31 570 -621 -413 658 107 119 -1403 -1193 894 95 1347 -607 -279 -561 -45 193 -265 -1026 -276 -617 583 -719 -1386 109 -756 217 -438 -520 904 -659 -71 -547 -456 -373 70 1200 -279 1271 95 -403 -334 747 868 -1082 128 -1097 207 -942 -157 -802 871 -201 56 -331 -584 -995 622 -1193 -670 -831 95 -317 -44 1844 -249 854 -333 -49 675 -704 185 -1038 231 203 -885 -1084 -1499 -43 -23 -931 -271 222 423 -657 -615 227 -352 -610 229 133 -532 -722 623 222 -516 -656 -166 -205 -523 -440 8 357 -460 342 -514 237 529 283 -339 490 137 985 -268 120 -1188 1702 -237 707 497 99 260 496 525 -347 -413 -986 170 219 26 -240 1117 -668 108 394 -215 203 1356 -259 190 1434 -605 -1265 76 426 316 -745 434 328 -380 -215 -23 -1569 -214 12 -868 409 538 -53 -115 -908 -1316 -1366 -450 593 351 -413 -389 12 -51 -432 308 
-159 -69 -404 497 -970 -860 -96 1064 689 -166 -318 -335 -479 827 467 -116 78 -397 306 -422 -1298 -291 967 66 126 -122 902 634 -427 -68 -956 -263 136 594 601 791 456 -487 191 233 -541 -688 426 -241 1084 -483 -66 375 468 55 -1069 241 359 -387 266 -1594 -508 274 -328 551 -731 234 571 -395 299 688 -48 -96 -428 1723 -420 -407 11 1426 -351 21 -123 -549 1194 821 430 226 423 -440 -560 -502 -61 638 -667 -332 697 454 271 793 -388 211 -754 -150 -488 -393 690 488 222 -379 -564 -60 -1183 10 -1179 -407 76 -554 -37 -205 600 78 250 483 558 -523 -139 234 -740 229 -1275 48 -261 -318 110 -1274 29 970 -32 50 -377 163 -234 -877 156 -926 176 -120 -70 -108 577 -317 1193 229 45 -108 656 -52 872 651 -173 233 171 -1 721 268 -8 -526 -814 -633 -1046 283 316 740 -396 355 -676 1201 306 -260 -600 164 173 -466 -1569 459 2886 714 -446 507 -516 -368 -217 -354 -165 -439 -326 675 64 -1115 -392 -1230 371 -837 -183 -144 -2 -414 -492 -192 -781 -53 477 109 -180 346 -164 559 271 -519 -188 -285 -197 -110 1377 297 839 -126 37 246 271 102 104 -458 190 388 -445 528 965 -61 302 -695 143 426 -339 724 -221 -786 -140 -978 152 -167 -862 -779 728 -2062 -532 975 -132 -520 445 252 -313 545 -140 -758 257 1342 -225 447 23 344 -114 -1109 457 726 31 -332 -14 337 -600 429 -865 -49 921 -267 194 -141 -144 476 95 -565 -100 306 -717 372 -274 -123 751 -375 162 8 151 -232 524 759 
158 -1016 1234 1291 953 1354 115 -734 -1523 449 -315 -749 571 1150 216 -241 -486 -338 121 -399 -733 -1138 812 -419 241 -1556 1193 -773 -233 374 578 456 749 -47 -606 1048 741 716 -791 -947 110 1220 -313 -861 236 650 -655 -509 1079 605 206 -364 -867 -725 1328 -201 -945 -599 185 -948 636 -971 1706 1086 245 -724 -523 504 804 -867 894 1375 67 291 101 -546 831 -531 165 397 856 4 -120 -349 -617 1305 524 -321 421 -376 -1012 -640 402 -305 183 -169 -457 1196 -599 -1055 -1048 308 -88 522 981 87 854 810 1271 1105 1077 619 -274 -513 -606 3 671 491 452 362 517 414 -457 -855 337 -759 -769 149 -180 -513 -436 58 -76 -899 -667 121 1070 522 -706 -316 559 -734 374 -728 439 -256 854 173 -94 -242 -81 212 -1353 -234 17 769 -983 -510 957 -414 -910 -641 -1292 -534 136 302 -89 259 -2 830 -97 112 -358 -1171 -807 -24 -55 74 110 585 -1051 171 -505 955 -131 -450 685 85 -278 1079 -366 -85 -895 1166 155 -350 -567 -1432 -4 203 699 -1036 713 -247 -90 -532 562 -463 -125 -1040 -6 -730 807 381 708 97 -183 -564 47 -13 466 882 427 -145 -1020 -44 188 318 283 -68 331 -131 -102 433 616 -31 862 309 571 -550 475 587 -218 -834 1027 -1033 -777 -23 -322 997 -564 -192 448 75 716 -623 329 -7 388 -455 -196 721 140 -177 -445 -242 691 -77 241 -814 388 745 828 635 830 -639 -221 17 -1179 -122 412 717 1067 -415 -455 -310 -866 560 -246 261 -535 -633 -303 182 -847 1069 -112 -265 -202 -268 
-462 -765 -116 -399 -203 347 -147 -700 -588 192 502 516 -876 -746 -186 360 509 274 -835 99 184 -29 -50 202 147 1260 -246 537 931 -382 495 908 -115 -289 -754 -141 1074 797 229 -352 -844 550 657 -78 -74 -848 -820 119 1216 -180 122 167 -61 330 848 201 -140 371 -50 -641 886 294 181 -264 337 6 1014 -57 320 -624 -401 399 -123 796 430 -658 991 186 -671 -632 552 -243 -4 207 -24 420 -844 344 976 -316 -539 -599 1381 -1184 810 1161 -667 931 -1194 648 -88 -604 -675 1570 1772 -203 1193 282 1061 -378 -963 -220 -3 -1163 643 -130 -121 133 -328 -662 419 -345 -1076 110 -178 -330 255 256 980 1029 -418 793 -443 286 2 165 -671 -695 -1006 530 -84 -267 921 432 683 -741 -406 -1324 -291 -178 -874 -75 193 1178 1318 -380 120 637 -741 -1217 -249 -772 -126 61 536 696 30 298 -277 391 -636 -270 -301 -879 105 -433 -1141 -222 -311 -6 -1158 74 -571 -498 -841 -631 570 -254 -1215 657 217 395 -211 577 -265 -109 995 510 -742 354 674 -320 173 -68 121 387 402 -173 -635 -341 625 309 -289 -350 127 -469 -691 466 -665 698 -56 68 -1032 835 283 -205 -310 -192 740 400 80 -277 -926 220 -381 -32 484 -758 785 -2030 -275 -1221 -1031 641 179 143 574 -501 141 967 434 -347 -388 -813 -172 1151 746 -448 716 951 374 -931 508 579 -594 -695 -1150 -1056 -671 -462 197 180 1209 -74 431 -671 537 49 53 -319 709 -1057 32 81 -118 -839 -372 -424 250 234 7 288 129 177 135 554 -570 739 -1201 -28 
-95 759 421 -251 1323 804 789 449 -92 -314 388 -97 453 -413 38 -309 241 -712 20 -24 -200 792 91 493 -31 -331 515 212 -259 218 533 32 -1437 -475 -507 -1336 -549 -692 280 83 -279 -43 -856 298 -253 293 596 43 323 -33 851 -1850 -598 473 -838 -878 827 448 263 172 -40 815 -142 -825 1523 498 -161 -1048 114 -1344 -476 473 -565 20 -1567 885 888 -1033 -1416 -113 1983 98 618 -1061 -298 -190 1373 -491 359 350 -62 -1500 97 -625 1520 500 301 410 214 -721 -530 -82 666 1242 297 490 -83 210 -600 737 -680 -363 -325 -145 608 -365 97 41 537 -894 -55 -384 489 626 -2173 -138 -86 -81 657 232 -1444 560 -273 1117 -1340 819 -587 69 96 -135 336 -579 418 -38 -303 867 -984 -164 526 796 -549 -615 855 -514 124 417 1073 835 -1090 -131 -168 518 465 614 374 251 -1015 1057 -1328 66 548 -359 -69 341 950 -124 239 337 698 -569 -798 -19 1101 211 -198 39 -716 186 984 -620 1427 1494 -372 -493 -1269 -624 -410 117 1043 -176 355 -288 -184 4 371 42 542 -41 338 -1264 -235 16 -589 -495 -305 824 812 -834 -122 -895 -557 -100 1 1054 -978 -168 793 -802 -191 336 791 908 249 -249 20 416 240 -135 757 85 762 481 1166 -174 147 1699 -238 -709 368 -617 364 -848 -597 -1457 189 -319 818 -412 864 -903 -198 -729 148 -240 176 -544 442 -163 -286 -203 -359 287 793 143 -777 -197 -310 -66 11 480 -25 -587 8 427 633 -501 303 -233 -1454 1577 394 -373 -808 -765 796 186 483 -718 -1003 -465 
1068 -111 -733 -210 -644 15 240 -740 396 -756 787 315 653 511 370 -46 50 86 -2 -84 92 169 -1288 -227 -1065 -294 -1010 -119 -930 -87 -341 -51 -1083 737 123 -266 662 -30 797 140 562 136 -576 1357 -653 44 -302 222 138 -502 -615 -636 -199 358 74 -26 -1760 -922 -905 98 770 210 25 507 305 68 102 -296 679 725 -385 -1551 -287 754 808 -646 -400 560 177 694 377 932 -883 -231 156 -1688 -1025 -288 -70 -590 186 646 189 -91 1307 -375 -222 -930 -684 249 1083 968 -942 112 386 404 1004 -369 222 169 -624 -385 -259 -746 -55 -345 389 -66 -151 1132 522 -940 523 314 -974 1358 432 -279 215 -817 608 -610 872 -597 -456 -193 -4 175 -266 390 195 -1089 945 -599 -148 -164 -1229 -44 -185 -1273 -996 -532 1280 -928 186 476 84 534 960 -2012 113 58 -151 -567 -429 -171 -801 1402 1420 47 1450 -638 189 133 -62 -259 -539 -23 -277 738 412 471 -903 -358 -61 -586 -1107 -1156 -1130 -685 801 -1232 604 1442 -536 -528 -170 74 588 734 -834 -963 158 -347 -1035 -1314 253 639 -839 216 4 -541 -1850 -511 -502 -327 -1358 1236 -855 -416 865 -566 -727 617 -46 -506 -314 102 99 390 -590 484 -787 -738 -363 451 908 -972 -98 588 -1658 -569 657 635 -101 -330 -1026 67 960 1342 -128 410 -923 863 -248 3 -847 871 -1403 687 -810 591 374 424 -360 46 1199 172 -230 -507 239 -163 307 363 -375 976 424 439 435 -944 710 150 13 112 232 -61 -398 73 275 -44 84 -337 31 438 -261 344 -1626 -418 176 1162 
-174 267 -299 442 -495 -313 67 -422 -1107 -319 176 -600 -292 -278 -305 377 -495 1446 375 633 760 -1367 -51 324 -291 -426 398 29 395 310 -295 -1389 211 -626 -1208 81 -684 -327 642 1065 125 -138 1149 -498 1157 663 371 437 252 -479 994 -21 560 -599 1030 -297 337 433 -509 -1295 257 -643 -354 -269 -168 -423 -854 1356 -904 399 -511 689 -441 773 -122 309 157 -373 551 307 -166 798 328 -443 -842 -627 -853 60 -91 269 -305 -645 421 799 1314 -687 -90 -1335 -525 22 542 -88 211 -478 270 -193 -1097 -758 -159 -1560 -213 701 -878 -423 213 -74 -384 -54 843 -798 -963 346 -1059 -466 -958 847 512 1002 -1481 -437 -263 441 128 -1092 -234 -15 117 256 1419 -54 730 27 -81 297 -795 -264 860 -1218 113 197 -99 -395 306 963 -455 -156 -346 842 1676 -645 938 -234 103 -197 -1315 220 1221 73 -462 -17 -510 -12 -451 647 464 -1629 1131 782 -46 -701 89 183 552 708 213 -278 117 -954 -1074 176 -305 139 -488 -155 30 639 -725 -32 1152 709 67 -1926 -1219 150 -1291 312 -189 394 -402 524 -359 907 87 828 -650 -83 338 -1175 795 296 -416 -958 69 -166 423 -397 -640 200 243 -197 -473 -749 -100 851 154 -45 -244 -542 -546 185 -1042 -969 -603 -913 201 506 -666 -1137 -385 -564 -246 1143 -102 41 719 -510 -96 -240 903 -766 -411 -586 347 504 -26 105 203 403 374 871 251 324 30 -161 441 -382 1196 -802 1036 714 37 -89 -851 93 -141 82 -428 -415 -165 247 435 -116 405 -178 -763 829 -655 224 -300 951 
-1433 258 187 1214 -269 -468 1007 600 293 147 546 1702 133 -704 -855 -880 608 392 -30 314 -117 728 -187 622 260 -254 464 -564 50 1537 616 371 -528 1023 -41 204 44 -257 -131 601 -648 55 521 561 -470 -99 -697 -111 -806 -141 773 -299 -95 -109 -1237 1396 400 77 755 -254 -85 -1071 -254 548 -811 811 -700 437 215 192 -372 -1437 726 -575 -533 -769 760 426 442 131 -417 -9 -311 653 315 -609 176 -1221 -208 -211 -764 326 1018 -996 -596 -922 487 -665 778 -762 664 -192 -11 179 576 932 -566 -898 -591 -461 81 -538 -532 542 -665 246 467 -172 344 2122 937 -193 -100 42 939 194 -1382 -521 152 266 161 -203 1601 656 -872 75 -489 542 -1114 590 -293 1165 654 -272 218 815 704 22 853 -327 -716 1010 -295 -458 -117 -270 -360 474 -83 -566 -825 -480 -598 1094 286 57 420 -608 -68 358 -299 -39 492 -94 -333 372 -518 -366 1182 -27 432 417 -52 577 465 205 691 -23 246 -768 -134 -308 440 -598 -1083 980 -491 -124 730 -252 212 966 -292 1880 1452 435 343 -171 29 1333 -670 88 10 568 586 767 378 -282 308 -289 -347 -133 379 292 454 603 -502 428 281 -24 913 379 25 16 186 -1292 468 285 437 -597 -518 892 -762 -382 -640 -377 -304 -124 -423 -341 -689 -760 262 532 -563 962 -49 768 -214 360 605 460 1367 606 658 -2300 -79 757 319 238 351 -192 -169 974 64 -813 299 230 -446 458 491 861 -55 -821 732 -735 157 162 -972 375 -254 896 480 47 185 -190 -366 26 -829 749 
126 -205 -400 548 -32 811 -651 338 191 -349 332 -638 -78 128 688 -213 540 528 14 -418 -152 -462 -946 -540 509 -933 235 82 -146 912 -1329 -246 -179 -432 106 252 235 1057 -959 -146 -931 270 1168 -60 1010 -283 341 190 -437 304 -644 986 -409 741 735 133 -222 -808 1825 -903 566 -383 -815 1041 626 -595 -1013 -423 217 323 457 -471 306 -1020 1649 -621 1451 322 -621 -346 801 795 394 424 -1056 -754 -841 127 388 803 -477 18 -65 1035 -69 -184 95 304 -908 -1065 -104 -293 318 -852 -90 -603 78 262 -642 -82 -671 -997 -549 691 793 706 -756 -428 422 333 -154 -52 -1567 -237 1096 -151 500 37 -846 -407 -541 -103 64 -593 244 -328 12 400 -659 -230 628 -980 -411 357 1570 -22 -319 -61 49 -603 366 253 487 652 -260 -56 809 572 1322 -1339 1233 -48 -1032 -177 304 -693 278 1021 -130 462 1199 -791 -553 -785 -354 -665 -81 -579 48 -106 53 -64 638 -298 175 -763 -153 -734 420 332 -752 -1383 491 -183 1173 70 817 253 -312 -559 -1055 807 337 263 -298 -1325 -566 127 -698 5 -297 -922 122 -1201 -237 64 -495 -358 -85 568 -481 28 402 436 -69 -302 -723 -424 639 -255 -800 49 902 -20 1047 -465 -438 660 -495 930 -1167 183 -145 1029 131 1232 396 -1827 -518 279 -253 636 -366 -315 218 -840 893 419 -271 93 174 52 523 -114 1469 546 -235 727 110 595 -661 119 -34 1340 61 -992 1466 281 -58 -1005 154 478 362 -352 582 -481 -311 -738 -635 912 -74 -265 -55 421 -949 67 -331 52 -714 497 
-719 -130 1236 692 487 323 686 -1077 -370 -176 -472 44 4 -632 493 394 -470 -691 430 880 -481 -441 -964 880 -926 191 579 661 -95 -452 1224 405 424 -69 354 -233 -479 158 1169 -356 -201 910 -325 -500 -108 103 560 453 1051 -720 886 -416 -1398 232 -979 -203 -276 583 -152 450 500 -415 -562 -293 1131 1039 -1092 37 958 590 -188 -190 -349 -374 -2183 783 667 -134 403 -1198 514 -430 1251 553 -532 1027 1549 277 773 -1271 -6 373 -337 510 -165 -661 250 -125 858 -494 90 726 -743 354 370 -169 364 -364 1365 -976 -304 538 112 316 231 428 -350 -16 -1211 -451 -489 57 -890 1594 -932 -40 763 975 -39 413 -1103 83 -282 410 -767 -476 23 -246 95 152 484 802 -632 -612 -783 -284 -24 847 -636 10 -811 764 988 796 269 11 3 -794 776 166 -399 706 394 -224 196 -126 41 -369 461 -363 876 -775 801 -100 719 240 -122 42 -58 -603 -624 1119 -587 -100 784 209 685 -715 -156 44 463 1094 1001 398 126 708 1200 611 -734 -341 -270 -460 -896 -857 681 699 -68 16 276 65 32 419 -861 -19 73 -148 149 550 -389 -3 -406 450 110 166 -1517 134 717 -513 -970 188 1752 473 49 -398 -566 -717 50 651 270 46 1694 441 1039 631 -988 -605 -474 434 -948 -519 547 12 805 -1908 380 36 795 675 -533 835 -789 -685 262 574 621 -368 -42 -218 1087 26 167 104 703 477 -1156 -188 -977 -602 -243 -717 -490 126 70 -787 -342 731 636 -172 -1055 -646 547 -330 -1090 680 -38 -498 552 1239 253 -763 
-1372 -7 701 -555 171 415 335 -388 -434 -800 746 169 -687 -176 -395 128 400 487 254 1104 -11 -810 18 -7 665 716 -73 556 482 -369 -19 -544 -485 41 134 -60 373 1126 -1511 -159 100 71 440 -441 495 437 385 380 -152 711 29 288 844 -162 -402 763 123 256 888 47 -444 173 -184 -143 -399 -676 -796 667 -469 880 -1628 988 -597 772 -590 37 -29 -194 -1060 -1210 -639 -113 1029 274 -864 -312 932 -97 -297 -7 -423 -587 -624 81 -358 -2102 1138 169 -57 -15 -823 807 86 575 537 -351 -1428 -248 -427 100 434 -996 259 -706 -150 -341 514 -271 -1156 256 226 -988 636 -718 1489 -649 1822 -54 -922 -325 -507 -301 -445 230 -991 -636 45 248 -52 460 724 490 -498 -367 882 -635 335 -227 510 176 -153 1298 -624 2 -361 -381 555 643 -825 909 139 -238 847 711 -1364 -564 -29 122 733 -676 -82 1406 -378 1789 1028 -143 846 -88 317 -277 -693 -610 149 -1311 815 -211 542 125 -669 539 254 -360 -331 369 230 -983 310 -378 968 265 855 -1499 809 -359 -1243 -133 -805 -495 -228 852 -1470 431 -138 965 222 -719 702 218 388 61 109 -693 55 -747 114 -46 1455 -550 -289 -514 -526 698 1697 -159 -97 -139 -522 -762 371 -69 -155 -1589 -551 533 689 555 582 387 -241 290 -598 -105 23 435 1074 543 -60 -776 432 425 -568 -396 -541 48 197 -707 -666 -1365 -1149 104 1047 1074 -782 842 374 205 -138 540 332 -25 616 -1147 -512 1045 -1390 1617 323 244 -1203 222 1006 44 -462 1110 -413 936 618 1159 -396 -633 
-530 -902 -298 141 -1242 1157 -935 341 -381 267 -98 -336 -923 382 -623 124 193 -1096 -729 -580 -250 -17 -144 620 472 -1065 336 958 326 956 -642 -63 389 651 274 -11 1237 1290 -653 174 -608 -1464 739 -780 597 1675 232 44 1847 454 -371 204 609 664 -653 -502 160 316 218 -1164 -627 -1251 -206 -1334 667 611 10 -775 -842 -654 184 651 109 -224 -631 415 458 -908 924 413 734 319 286 -342 716 555 680 20 1171 -571 433 10 -213 -651 -68 573 -995 -782 -554 -223 999 -533 876 1199 -1066 1493 545 536 328 -854 -230 -572 -754 232 -289 -105 469 439 -761 -129 717 30 -89 303 210 1296 571 904 2178 751 -449 -142 411 102 1325 -828 421 -125 -222 -877 992 398 -340 211 120 1070 236 284 28 -924 -1151 -1302 476 262 355 -738 -575 -410 416 19 302 -255 -585 840 -437 1607 1044 -319 -1199 860 -353 1297 49 275 288 652 686 -1201 38 119 -561 630 -201 -512 -126 -950 -1224 56 -166 -255 -68 -203 412 374 -850 -778 1487 61 385 1120 619 -91 1453 469 -1018 -404 5 491 382 -10 815 696 -870 770 376 236 360 -409 -148 -7 881 -1641 -272 -95 1035 753 -1037 529 627 -138 370 -465 456 -38 46 998 -375 -867 -345 -1490 -751 -394 -1490 -783 1014 -154 34 590 -86 -970 929 108 -589 -541 402 201 -839 -209 593 -54 5 -297 909 617 1141 -744 -432 -138 -380 1339 -86 -81 1370 93 799 1229 889 -1013 1199 420 -606 -469 314 750 829 -978 283 867 -34 217 -41 -345 589 342 -840 -111 15 -91 -737 1032 
-964 345 295 325 282 5 154 -67 -531 720 -665 395 936 -955 -564 352 -633 -473 69 -697 499 59 -528 267 176 -198 764 -164 522 1429 -976 40 -190 -246 -328 -522 -188 -230 -964 -880 -265 569 -696 -326 -1529 -104 -60 315 338 232 355 -368 -1389 -144 356 234 -936 -532 56 612 -241 801 -238 355 59 647 29 100 707 710 469 224 488 -317 1074 -228 -385 -186 648 -303 498 529 -584 88 -124 -62 458 535 -377 -341 -562 -494 463 235 850 -368 737 63 -660 -225 -921 -819 1205 -207 970 -504 -292 -1193 869 231 -228 168 -394 870 -509 60 -929 96 370 1654 -424 16 -449 -1065 64 483 744 -454 568 -780 -718 -341 -750 433 709 41 228 893 718 1246 -331 -775 -218 677 127 -435 -749 -121 -446 -448 64 -33 118 -471 156 485 -315 239 -444 -370 -318 1059 -624 1433 -181 463 -423 670 -599 -821 -377 295 -1622 -561 1208 -600 -166 93 -127 -574 217 26 -1199 451 237 800 -599 104 -842 127 280 427 779 148 830 -691 19 325 443 63 -183 -651 -386 -609 -157 238 112 691 709 810 354 -394 -125 -526 -672 -660 -226 306 -236 -290 -202 -147 -538 724 730 226 -281 -324 -783 1059 1060 182 -1049 87 -2 1033 268 -193 -152 152 -1084 202 1201 241 -74 77 258 616 -367 -217 -560 353 40 -1329 40 716 169 -371 391 -1299 -777 306 1300 -228 41 820 -256 294 1039 -753 -230 -352 664 869 -914 -892 -200 525 -1754 -147 -576 194 -539 -187 -89 -457 338 1294 -307 52 -410 -192 56 -279 560 -429 -400 -182 -301 1032 
-1369 -271 -342 800 684 843 -358 437 -730 -178 -116 424 210 -804 -482 -1268 299 471 -498 -95 -1228 -121 640 -224 -412 1246 -114 -272 329 294 122 -660 -128 737 -284 -775 1198 166 -723 732 825 -281 120 -741 -320 374 -316 -83 546 -28 1388 -404 575 -1106 11 -509 1223 311 -75 233 -486 88 -729 -733 -1066 539 -446 737 532 212 829 555 1081 -1148 -185 -500 40 -1161 -819 155 1099 -267 -6 286 328 355 973 -402 938 1181 -238 27 13 1152 896 -546 60 569 -82 -646 579 -676 -210 300 34 -961 -867 -528 -1402 1208 281 63 -347 782 -194 370 -209 -94 423 -8 -165 -424 909 -389 244 -290 -163 -557 723 5 -204 -553 -1227 671 148 -314 -524 867 -707 51 -206 295 -1482 123 616 222 414 1066 -206 369 712 -531 788 -435 48 -318 262 650 -1065 -562 -1004 1210 806 546 -159 674 68 -691 -660 -763 965 -578 -803 504 -313 1146 988 -548 632 382 -208 1367 634 -170 19 -757 -219 171 235 -230 -487 643 -459 148 727 1163 697 412 -86 -71 320 -547 -402 283 780 -911 -309 1218 820 73 47 871 993 -101 244 121 43 -593 1461 272 -987 -746 -555 -641 -851 -597 435 121 -244 277 -214 848 118 111 -180 -117 71 281 -289 499 -159 455 309 569 -369 -389 -626 459 -1043 -1057 -206 -1549 -1763 -409 115 -769 -256 -362 327 -459 968 -920 131 -677 0 -347 -296 349 279 266 -227 -538 -641 29 -133 -516 1505 -649 -785 -189 680 -32 -681 433 670 -1074 310 129 255 -779 23 391 -533 583 -39 325 -135 -172 -401 626 
-785 -873 -677 290 -1036 -799 -109 -404 122 -441 409 144 -145 780 -729 243 676 168 1573 -159 -217 575 -425 735 -86 362 -484 -16 -138 -203 212 -27 -504 1 313 1131 -1397 340 441 -570 117 374 205 49 -1192 -768 166 1498 35 1525 -48 1158 54 240 565 -219 -692 75 -31 1028 380 494 774 -529 100 341 574 -592 394 -493 519 338 55 462 -1001 383 -30 -291 -114 696 441 -222 -325 -556 594 -594 641 458 988 -1327 1231 -432 298 137 -91 428 499 410 527 -144 864 -677 -402 532 -563 627 1353 698 341 -398 194 -1329 -206 845 375 -262 707 140 -1739 -737 301 -125 -618 58 -706 320 238 -428 178 211 -94 -311 634 139 -927 -1136 596 693 -104 -1372 40 167 -1758 305 436 -1216 -373 -807 -130 -118 296 331 599 -386 -869 373 553 -519 142 -134 -249 -405 -288 -887 998 171 462 -1015 192 -1025 -332 -420 -294 95 1026 -401 -364 237 -1310 238 181 175 195 12 196 -857 -672 -618 812 37 579 -1506 95 678 -61 86 7 -849 588 -817 1094 118 288 -106 690 -23 764 -156 555 -407 -1339 31 745 -399 -1005 -94 -484 105 -582 -417 -1057 656 1295 -167 -431 19 -584 -235 290 -78 1202 -21 -422 576 479 1054 1326 -411 -197 -70 -687 -681 -988 -805 171 71 1117 432 -339 -295 953 -453 109 713 -903 -96 -95 -744 -436 -228 826 -847 353 -810 912 -639 -50 519 1217 -10 -397 -392 752 606 -455 -420 -18 -18 152 567 1166 219 591 982 -79 765 845 -132 256 -461 563 -703 -1169 -10 146 193 -806 -353 132 -84 
1076 -148 -19 26 1046 519 -358 -159 917 1054 573 -1145 1073 -613 509 527 -1137 -550 496 -717 436 -2 565 -207 225 -396 -578 -788 981 -819 -1090 -277 499 -995 814 -374 676 1100 152 377 974 1264 -430 -386 -475 -520 218 1028 -519 216 -28 19 -245 87 -201 -313 -370 319 24 370 -872 818 -259 1053 -180 485 563 677 375 -206 541 -988 462 898 835 763 58 296 -244 613 622 -300 126 354 -1080 -11 -788 315 -499 -481 312 150 934 470 305 370 7 -326 -650 2 408 -756 1014 -155 903 219 574 -28 25 1033 1009 -976 -96 925 72 -197 289 -1894 491 1166 -1160 96 -494 -481 -27 -310 394 -1108 316 -49 789 -148 1004 -470 549 -898 -485 382 -359 477 -171 30 -611 172 608 -811 286 558 -519 -618 59 -360 223 779 489 -105 952 -26 62 -338 637 14 9 -1418 351 956 -240 -119 335 -776 452 -111 261 158 -454 -680 683 -158 570 -819 -309 -324 254 -451 -5 354 -300 241 1134 -360 -272 -287 -627 421 1262 -85 -797 45 861 -551 -313 179 879 628 80 -278 -1302 677 -125 328 361 -1044 -959 -1017 -1147 -289 -461 605 -472 -308 -85 173 -584 -1024 -324 -270 1194 708 -255 88 -417 -458 648 222 -775 -45 1119 -1322 1482 -566 -107 128 -365 1118 132 83 -494 -292 643 829 -1001 595 -336 280 -243 35 386 -236 -569 -37 -587 -90 519 -474 -242 151 -588 -320 67 303 569 1280 771 -358 -516 -819 787 1264 873 -481 -177 -738 -175 861 406 481 -137 24 610 -169 271 -451 518 -268 322 252 162 40 41 174 
-407 -46 -90 187 684 -150 -496 857 328 -73 396 1009 572 277 930 452 313 -55 -1279 196 -1344 -464 77 637 -623 -19 384 11 -406 947 -770 896 105 661 137 9 -26 -357 -80 381 598 520 36 1118 -705 1060 1438 1913 -528 -406 -5 -415 -599 11 183 -123 31 -1637 -216 -297 -388 31 966 -628 90 188 -1078 358 358 -440 -397 -242 -423 -929 548 794 -689 428 640 273 -1064 357 886 -127 19 -887 597 -815 -107 -433 807 -15 618 892 -387 705 -259 -560 -25 1022 -498 181 -116 378 -463 15 -723 703 29 410 -470 140 -349 185 -1420 -446 743 125 436 -321 -195 167 686 -992 -299 35 486 -546 561 1571 701 -270 -519 -635 -581 49 -96 -407 -702 -238 -418 191 287 -370 -48 446 374 680 573 -64 793 467 -25 563 183 -32 57 -443 637 -132 -436 702 1074 -1197 -896 390 -469 580 1053 365 903 431 130 925 1069 665 117 -1166 368 -285 227 -2089 -611 7 74 377 385 -26 -84 -886 343 -1539 1026 -478 122 -384 -931 -595 -405 616 -269 1084 470 69 -640 -645 -737 569 -512 -96 108 -900 -929 -102 267 -215 -89 293 -658 1464 -228 -84 285 -245 -344 -367 586 -260 -445 -290 -399 105 342 -1602 -26 1592 716 1271 1473 1012 -482 290 -118 734 -937 -543 -527 -497 44 1329 -1124 -191 727 -498 2174 225 -420 1129 -664 -921 1585 553 -155 -1283 840 613 559 -353 -1186 -544 869 1549 -1070 -79 70 631 -577 125 474 -319 -197 120 -646 -704 -112 258 604 -132 -597 -720 -1075 350 -130 354 -377 -260 5 920 -414 -1472 
-218 -369 -614 -331 996 461 -343 -143 592 -430 -138 287 -151 944 338 6 812 920 1178 -38 628 1055 758 -639 1598 269 -344 -259 85 234 155 693 -732 460 -130 -492 1291 -405 156 -770 -1265 814 205 -486 1035 -680 332 -903 -653 -329 -163 288 -341 392 -51 -4 583 1114 482 -596 1116 177 41 374 -730 243 -157 -530 -29 149 666 -216 272 292 534 -252 0 -340 26 -217 756 -471 347 -446 569 516 -400 -841 -588 476 435 860 490 -275 68 -222 -821 1052 -757 -13 -193 75 -360 120 508 505 -423 138 375 -405 -1386 -357 316 880 -619 381 353 -533 -577 -2 720 -342 -268 -1147 622 638 -131 -487 -435 -864 -805 648 -234 -428 530 1161 -732 -984 -189 -533 117 -770 357 -294 266 15 -448 180 159 319 -236 129 -667 437 959 834 -457 1124 14 -258 314 609 351 95 544 863 337 634 1553 155 -515 -1566 -6 -429 -78 -55 291 352 -1138 886 600 -350 -916 -1064 -74 162 302 -513 -1001 1196 -166 -1230 318 -849 1185 703 -1252 621 -1719 -218 -814 -39 176 286 70 -195 1323 -806 76 820 -1125 655 32 -617 70 -833 545 250 -376 -534 315 -584 234 -18 -20 255 -469 -532 1325 -214 539 2036 -583 466 849 538 -60 280 -114 -655 -1028 -586 -1072 -770 927 -61 746 327 644 -157 128 -291 551 235 -1165 -203 31 -182 -762 401 872 1056 463 1058 82 -143 -983 -1238 68 897 371 104 326 212 1302 -164 657 97 -1154 -289 -323 -148 992 366 11 704 664 -486 72 658 -313 519 50 820 -721 116 342 385 190 571 
-364 -658 -408 506 567 -295 423 501 1062 225 584 -667 784 -173 178 303 832 -927 383 -649 227 -136 927 -318 -710 178 -518 -568 726 466 -682 336 -911 -513 -19 -413 507 916 372 913 85 453 -1088 825 -557 -747 552 850 -402 -1170 -599 253 -328 501 -509 -119 -698 1271 370 609 -1033 -294 5 510 -323 1150 369 537 603 763 514 -42 277 -168 877 498 -982 0 577 327 503 -304 -931 -224 -1318 -1003 394 661 -1013 250 -338 1327 410 -407 1551 -308 -116 -760 -331 1309 -21 -507 383 259 -176 -821 -491 163 -119 -204 -135 -3 -590 -138 21 875 -58 20 280 478 389 -1786 -211 -236 1248 -824 -890 -1502 651 -683 -1088 543 354 -675 -1118 -600 -332 138 -658 497 -18 -84 664 -660 729 -259 1039 -402 -244 217 -315 -543 1672 -180 316 1801 23 263 -411 -340 753 646 -477 -262 -859 193 -909 -592 -369 287 391 -486 189 -1433 -1640 -207 1142 -922 238 125 -370 121 -82 -617 -948 -703 -517 442 548 624 -256 176 -724 -822 982 86 1143 1054 -1135 1071 -309 -277 -569 -738 150 -1662 -457 637 236 445 -182 -17 -704 536 -486 273 927 95 -317 250 315 -363 -458 -79 -445 -342 -368 1300 1603 452 -1084 -439 -744 956 -584 -20 446 -373 62 650 -20 -175 -532 572 837 467 1 -565 -202 1410 414 1330 420 -397 -172 86 766 -309 -932 297 -665 961 -473 -1411 -1 286 68 728 -40 1115 461 -655 -476 -20 327 187 -307 373 666 -663 -434 -302 -141 356 508 -741 -744 342 1078 -837 267 471 582 -259 1266 -360 -378 -98 987 838 
437 738 -584 229 -138 838 335 162 469 -113 345 209 -245 541 659 -342 8 494 -300 28 197 163 912 -318 295 -835 594 -633 -220 -307 913 132 -849 167 -1158 835 64 -543 -1293 377 -139 918 573 40 -1226 -1002 697 34 -448 414 459 291 268 1837 48 193 13 -595 453 -494 -935 -501 -686 153 -57 -45 266 -343 -102 -399 -98 255 55 1061 1249 -1235 401 672 1569 -387 593 -1144 -1321 580 -832 -852 -55 529 -303 113 166 16 189 -366 -207 411 498 -471 306 606 -425 -1 22 -124 -1569 614 -1968 68 263 -72 213 -1461 -411 953 -457 -17 -193 -783 18 1204 -112 540 -73 -1253 -732 1072 -371 176 289 -21 24 -638 -448 1077 -538 -550 -1116 -382 -552 -669 342 -149 -864 1386 -572 82 579 -618 684 236 -849 148 21 -744 -414 -366 214 472 928 229 -1319 153 -1028 318 -128 883 -272 -110 50 694 372 -1168 65 -458 -62 1 243 617 -120 63 378 1103 -95 -1106 -373 -252 -203 93 -383 -1394 921 -335 -223 -896 335 -180 -1377 259 385 -166 -618 -1116 -189 504 -241 -15 -188 93 14 303 -23 279 510 833 -161 -306 1483 -1363 -322 771 724 23 -514 287 -315 97 279 -691 596 -1077 140 1017 344 -34 342 -217 -8 22 -150 -487 62 383 -922 784 166 -529 -585 -20 -133 -73 378 -50 103 1578 1077 -48 141 17 874 -57 42 -104 -1345 22 -1006 28 -672 142 -977 160 -963 -744 617 714 27 120 -970 1498 -354 855 -581 -76 -412 -113 -784 105 -428 675 -668 321 -584 -630 325 1217 117 471 -126 -1103 -309 -711 
-248 301 -520 89 604 -460 -128 752 255 432 -456 485 1142 -793 -443 -526 -622 -278 64 -315 -814 109 -325 -660 53 -1720 -28 145 -538 266 -751 72 102 -753 -113 -144 -86 40 -392 556 349 -717 -589 830 1317 1463 259 -72 -388 -1162 -339 178 1133 -82 227 428 -754 -741 264 -639 298 -466 -78 612 62 61 -227 819 -158 1350 708 1120 993 1033 22 277 -591 -1982 335 518 406 328 -1203 -175 465 -589 804 -180 1340 27 -142 79 44 235 -140 736 -445 -545 -576 -222 249 228 817 -627 83 48 -337 1157 -107 902 680 104 -3 879 375 647 -179 -555 551 759 156 -1052 409 649 -12 946 113 142 81 -885 -568 -551 552 -230 272 -411 318 -143 -465 -466 -62 -117 -105 -747 -988 -1154 -159 849 -848 -1347 572 182 841 -913 -833 -107 47 -136 -151 -784 -245 -114 1086 -809 -357 -229 468 -109 74 -210 -291 707 -484 -832 -1332 494 536 -1151 419 -769 -185 -652 755 -822 -67 282 -138 1786 -1152 -654 -1187 826 843 865 -810 264 1198 719 -598 -541 316 -637 338 422 -582 257 289 -424 -600 263 517 1114 -321 596 -297 151 108 -14 -450 87 -4 -1111 1676 -677 -436 403 -175 1105 -58 -680 -398 327 138 -717 478 -286 -331 946 -127 -1230 946 -415 808 -79 -271 -502 -1024 42 210 809 -22 -205 -338 -255 413 -429 707 -173 121 -209 -254 -826 516 454 247 558 214 290 -661 -561 -399 184 1005 -59 -561 1023 529 -1100 -1105 266 -362 -1159 1010 -36 38 -407 -253 941 121 145 505 -630 -104 1333 308 -1258 -1020 -658 -328 653 
-36 -1143 -239 34 298 -198 21 736 275 873 -1254 -684 -627 -602 -394 21 -885 1080 511 -866 164 -1370 -303 72 -438 -793 1316 341 -675 -235 179 -966 443 -405 -326 32 -153 586 319 679 102 416 1705 391 -295 -366 -807 -89 179 52 665 674 -903 -62 -154 -336 415 283 -97 565 -596 -219 1441 1504 258 -148 83 903 12 163 341 -999 -320 -287 -936 480 -656 485 1512 -557 -94 812 -585 391 105 804 495 1197 -261 -463 138 776 -383 -499 1420 810 592 1111 232 8 220 483 89 -929 -279 -241 811 -820 -155 427 332 204 -268 -955 216 923 -572 -507 -2 -1382 -15 -359 807 671 -1208 -423 -344 -715 -124 453 -836 789 -1064 -120 81 -1273 -405 8 800 -851 -372 99 -164 536 29 223 904 -758 487 -360 -198 -250 1260 -521 -36 -266 -737 14 819 -133 385 281 3 -269 -642 -510 84 -572 -926 20 -203 -192 -540 120 -559 287 1583 809 -454 -318 -393 149 903 586 -230 573 -561 -708 25 -374 -333 233 359 -170 -244 1340 1303 -449 0 -607 1008 -144 -380 56 713 -278 356 480 -692 -15 333 490 1275 -903 115 454 -326 -51 286 106 612 487 -608 -331 387 253 109 358 457 252 244 346 127 327 -894 -1173 -152 -1015 771 -156 454 1023 467 -952 -1009 283 -674 -369 239 -556 494 173 536 -531 -539 414 622 327 112 -290 -280 -1111 562 -261 -172 795 781 -986 928 255 -594 -335 360 -176 -92 88 318 188 -375 404 651 -1224 -300 451 -405 -1446 468 583 -10 -1272 -305 781 -689 225 -773 -528 200 83 407 389 
627 1359 79 675 -443 -191 -409 552 547 -98 451 -1156 -881 -1177 -1305 -86 -163 -625 -435 -225 151 -867 379 732 13 446 1226 -344 395 490 630 -632 387 610 -53 -271 -509 1087 838 -88 -248 902 -114 102 4 701 -1077 371 -545 -1403 286 86 -677 776 166 389 -496 -928 552 -44 234 -248 581 -240 -47 59 -712 -142 141 -578 536 469 631 826 -609 -542 1226 -338 -161 620 1216 -360 1069 -661 -1800 -133 972 -502 520 -280 124 34 -302 230 981 -198 -962 224 -597 1 612 493 134 147 -505 -1094 611 650 -106 -473 558 509 331 -1069 -309 -155 82 683 -679 559 -214 -194 -535 623 -1003 179 162 240 -224 -624 -702 -583 -244 1563 405 537 -18 364 821 49 -184 930 -390 275 1072 -617 472 -495 -555 -559 229 245 -1159 975 408 308 -47 -42 325 523 -395 555 -909 370 -351 -405 67 -369 419 -408 -567 305 -545 -111 142 -318 -478 1301 109 118 -321 394 -261 -159 -732 -927 169 -42 -483 -73 7 446 -151 -9 -314 -245 67 611 -829 -1371 -395 -37 135 -944 -269 -36 183 490 454 -654 653 -602 -546 -566 -406 419 -22 -53 -1037 925 -296 141 292 -623 110 905 -629 776 -87 1105 270 137 1308 -380 -454 322 413 -568 -789 -696 1196 -317 324 281 775 -286 -333 736 -296 -1197 -712 11 514 753 307 682 522 -504 -93 -287 -206 849 -237 516 360 254 -462 -735 -399 -222 -344 -652 331 -1325 -666 78 308 -1788 -414 61 589 621 -56 -43 -100 -424 -538 -712 329 -440 -316 -168 -456 989 899 105 -409 2193 1164 -238 
437 -999 -137 338 -505 -176 54 -241 328 536 692 -1111 17 35 795 300 -228 -627 -225 -538 213 -640 -952 96 267 -1026 927 190 63 -242 -853 -251 506 -207 -1135 -286 -1584 -329 -571 305 -284 -901 591 745 277 -912 -358 -666 581 -1261 129 505 384 226 -529 404 223 781 128 708 331 -454 -352 -104 224 -613 -226 -10 171 -506 157 -1188 1878 -558 858 52 272 -616 -716 156 174 -273 358 528 -1632 -350 827 61 -594 784 -1646 -61 -527 595 -18 1617 -357 470 -719 -171 -213 -130 -48 547 59 -10 1412 404 22 -255 28 -911 690 -485 1184 -185 -194 750 331 -1520 110 -415 -265 229 -989 240 298 -889 -1390 824 -1557 -27 544 -259 -179 642 -321 -132 721 -221 -354 -373 1003 -508 250 -110 318 -360 708 -364 -38 -1202 662 162 785 739 327 -546 -410 -373 274 293 -382 -807 54 -797 -488 207 -1017 264 626 842 277 -389 672 -515 -427 -107 -649 -385 -250 -24 53 -514 -1168 143 56 -95 365 -1010 -16 53 198 -1089 -932 -45 1171 568 126 -281 187 -1022 393 -128 -642 316 -130 113 -875 -950 -450 -951 589 -1424 220 436 -1341 229 1221 396 1011 816 -470 -581 -775 1761 -1000 -372 -992 683 119 -543 1025 263 267 -936 195 325 -1656 47 -72 529 664 926 933 1018 300 -478 -149 473 -637 1316 461 -458 -67 1003 980 17 -230 838 -93 -93 -489 -85 -502 -379 62 -134 -1111 263 152 537 -76 203 670 88 -1629 -1089 147 200 865 71 -753 -310 -518 -313 -462 332 235 467 306 -418 -429 1171 360 277 -150 370 1765 -876 
-662 -666 -840 -402 -255 1 284 -642 1148 448 -324 446 1006 -896 -436 -293 642 -210 -208 -786 -99 -396 1129 -138 -534 -272 589 1029 -157 -750 291 508 703 474 -462 -1066 347 -1276 1832 253 125 -95 363 -52 -244 -940 471 121 653 -1039 1017 34 -207 573 -1373 167 -50 -476 -238 -122 120 -408 -313 241 1002 1356 -522 79 198 -469 343 -459 562 263 -4 310 598 788 -1010 -434 313 -322 -208 127 -478 114 68 -354 0 -1468 -5 -122 8 -245 596 189 -368 904 193 25 -151 -303 -361 349 110 675 657 1135 592 221 -53 -1083 -195 -336 1285 859 -604 554 212 -458 634 -442 -307 329 267 -196 -651 -1396 -596 596 -597 -7 -132 -224 -69 -192 -286 -235 169 -398 -719 256 0 -25 -986 207 -182 1240 18 -320 203 707 524 217 655 605 -50 -1106 498 -1116 -759 326 172 -636 -1284 -554 -680 81 529 457 694 -301 858 -14 390 212 -237 -49 359 -59 -374 -668 84 -165 -1250 -637 104 131 -101 -914 640 421 -1015 -599 96 -1050 258 293 -335 -265 367 -113 -632 246 849 -38 609 -474 336 -522 127 -199 965 174 1294 1242 -1333 -900 -341 356 -379 -307 243 414 -9 177 691 -834 -75 275 116 -158 -878 -93 57 -1088 177 651 -800 52 -1213 476 447 164 426 385 -1021 -402 -24 -210 121 -284 552 -384 482 755 450 1725 1300 5 69 -980 -22 -374 -1001 -44 -160 381 -200 411 239 -85 514 -736 -84 22 -21 619 -250 -69 568 -701 114 -204 -1180 -1029 676 730 327 -284 -375 -120 -1305 369 -767 -114 514 -705 56 -866 
227 131 566 1154 19 -204 -293 230 -90 -415 518 -134 1070 171 749 257 -389 -725 528 135 -468 68 661 -413 923 -768 172 515 -335 495 162 -1443 -57 479 -637 -585 90 52 -460 -2 496 848 -333 -686 -48 -347 84 56 -701 -59 -267 -151 -650 314 370 1361 -229 -470 411 326 -861 -1450 -428 -1094 1139 498 -345 -215 385 1016 891 -178 749 -142 696 -1739 -117 428 -278 -733 1692 -208 816 -544 185 422 297 280 644 391 -1348 844 174 -1165 681 -235 332 397 -300 -219 -114 -552 872 1484 31 222 231 -1381 321 860 -1421 496 564 814 -712 -90 119 1082 -556 -79 -713 145 -769 590 -422 -738 -171 -3 410 34 -1305 -16 -276 -899 -1389 617 787 -246 -90 -599 -792 -1308 -775 236 328 982 179 1037 95 908 -294 -409 -614 531 545 364 -261 406 690 -598 -539 1145 -1033 820 1211 861 175 993 -569 392 354 334 -1474 -780 -325 -1275 -455 1195 272 942 -1424 462 293 1452 212 -770 -19 503 232 544 -591 428 1043 -205 248 -290 -1133 115 -40 -369 521 989 -374 28 -1123 -129 1029 356 634 339 -463 -282 258 -663 362 363 487 68 895 -182 -624 -937 -117 162 1355 -141 389 -98 -1330 267 1002 -347 701 1380 -57 -127 398 423 812 -1043 -671 951 30 -1643 546 -321 1182 664 929 -718 505 739 518 1311 -352 210 207 -823 162 -1196 1073 334 -225 -336 -1277 61 -343 1226 1460 880 -251 254 -453 -188 -464 274 394 -889 28 363 596 820 1651 380 -204 446 -489 -491 1562 409 -19 970 -10 138 404 853 1171 -133 -537 -209 
-478 -190 153 569 295 -438 -535 1430 1022 306 -265 -76 -227 160 670 129 897 31 -80 126 -379 -156 238 114 246 -296 -758 -669 1021 82 -52 -23 -143 -798 -149 -351 -377 -458 -385 -719 1173 367 667 67 293 342 204 -559 326 -714 185 -959 983 281 338 -424 924 628 -341 482 -915 540 -223 775 146 333 455 -465 -216 -152 -173 206 777 -144 1031 -808 499 136 1018 -541 111 -1466 690 -990 -77 595 183 -367 -871 302 413 163 -339 91 -1960 -502 -1039 -602 -425 41 -28 -847 84 818 -609 230 -692 -117 348 -665 -218 34 -324 882 -38 -550 1179 -579 61 630 -278 -457 -470 152 279 -563 -1327 94 -609 -134 -115 -150 -345 491 -36 119 -312 -398 759 -540 250 -85 -234 21 -402 -259 -391 -1371 -118 1124 962 -1106 820 -30 564 596 466 -115 -244 455 -308 -302 340 1604 304 -264 537 306 -472 -482 62 -138 -433 1133 52 605 489 -119 264 706 1472 677 1075 792 -83 -771 83 214 -752 396 -105 -148 -822 -1163 -275 367 -163 60 -1677 335 761 212 378 1092 -242 55 -148 951 512 902 219 586 77 277 -416 68 412 -911 837 -195 -310 181 -711 929 408 -468 -251 267 -97 -682 -75 -497 589 -308 -1443 -262 -348 100 -573 44 -343 145 -418 297 104 504 732 -207 -197 -656 761 -1007 -951 -652 57 -317 -7 -1128 -589 273 -1274 439 -68 913 -956 56 -1576 338 -29 535 -495 928 -415 -134 432 921 818 1296 -950 -605 -310 -92 271 -564 162 -322 138 -220 129 861 735 -325 -158 -903 52 -197 -695 -186 -60 1431 
-547 -379 641 809 -330 -147 22 -395 -568 -690 492 -996 530 -173 -692 -326 -371 426 -68 60 -80 -45 -179 118 541 -805 -121 235 96 521 -557 -203 444 -209 627 -343 9 -83 165 847 -412 518 724 1014 842 76 196 -339 547 512 489 -475 61 1109 414 686 -1054 -888 -245 -174 -188 22 -933 62 428 -546 -183 733 865 188 -817 735 994 -385 -1642 -70 -265 -302 119 766 -730 244 -547 -668 -898 -348 178 -577 73 -424 -48 -182 -600 -760 118 1107 593 166 435 304 -473 705 -341 -287 -1409 1573 874 -7 -838 -58 -151 -28 241 -279 -449 -465 -571 342 -1120 99 481 986 -11 -586 -610 1438 -501 -352 -1397 926 -93 -732 925 117 -412 -1036 529 565 -210 -1400 152 -327 -567 -32 -90 407 933 -147 -24 31 -282 235 -115 270 47 -821 -358 -824 -897 599 285 1135 171 404 -694 194 674 -580 -104 843 399 70 -1120 -1136 -177 -99 -3 1717 640 -1148 -429 -331 -48 638 -426 513 -597 581 -200 387 767 -332 -103 143 540 -453 682 432 -627 -602 -235 -626 -211 -1111 -491 176 88 133 -1206 1074 1183 -301 681 12 -1032 -191 150 -1056 923 194 820 776 404 -381 -321 -247 -640 -152 -547 135 -657 316 651 -880 47 830 719 -296 -281 -714 -1030 643 -690 721 -756 -1383 -324 -400 -518 203 291 -257 -671 269 694 -952 -752 -316 -119 -159 273 -1035 450 548 -505 759 509 344 609 -477 -71 508 960 448 295 -594 -724 -177 -72 1146 193 -225 563 -729 272 752 319 -1275 993 -866 -20 -464 551 16 -900 502 486 110 -513 -181 
-175 824 561 -411 32 234 890 -633 615 781 558 -260 -186 -1290 -300 -68 566 -48 1168 90 274 -354 71 -141 -272 -384 425 -447 221 -506 -202 209 -1768 37 562 99 1208 617 -545 25 434 326 403 -592 76 -209 -165 -849 628 -1460 171 -103 -558 -450 -325 584 -130 437 -478 -173 677 822 -981 140 -927 -13 -411 -1483 747 -274 -352 891 -92 -395 -312 44 22 1531 1110 -382 55 -562 -605 -11 166 1027 1187 608 -254 -390 94 -326 -841 -455 -675 -440 274 -406 649 815 949 291 134 264 -251 -622 696 -801 -500 640 -332 -1473 614 -960 -191 -232 -149 -1361 458 435 827 -128 89 1030 -937 472 179 617 462 72 95 -35 1093 804 -392 -745 -771 -33 -442 464 -331 -410 -386 439 225 -29 -299 -1385 -110 613 -374 -989 -467 451 225 524 770 844 818 724 468 322 847 1004 -82 -843 500 -601 1061 864 -513 -488 -123 -336 -637 542 212 -118 -485 -10 129 -138 317 -261 -578 -464 -556 -211 501 -598 538 -523 628 -47 1048 -85 595 632 407 -653 -172 1132 -940 216 1899 1194 -1069 699 1294 363 239 141 80 280 296 -73 -251 -802 -239 -282 -189 441 -30 515 -474 -871 -604 699 1321 -628 -675 409 312 115 507 -1020 -557 -63 354 100 766 808 777 101 -204 -50 -660 -1497 -1189 -495 266 238 -412 1175 -803 -1126 -765 -360 1440 11 411 280 537 -363 198 775 -856 -567 -187 832 -307 -155 124 -555 1013 1009 423 743 -136 -696 -144 -415 74 118 268 1835 1188 -1098 -195 -266 -529 106 275 663 274 -91 118 -463 -1148 -1061 
463 -537 -225 398 159 -1588 -1595 -969 1396 91 -1121 -432 349 418 -1296 84 -130 -278 78 -268 -705 -675 235 -143 -316 -274 -229 120 -136 8 -1004 -736 494 -760 1107 -406 -912 -586 -802 -498 -73 -530 455 -279 270 45 155 965 365 -25 -119 1260 422 -67 -21 -441 565 -376 -1645 51 872 281 -1060 -472 -790 -879 478 -751 -891 607 186 -1665 -547 924 -801 -367 491 1 -143 1182 -317 402 -530 -343 -503 93 -1002 494 -481 265 788 261 369 902 -1393 -745 126 -301 -637 625 500 -680 51 -504 693 -68 520 469 483 457 78 -193 423 920 579 -1221 -136 195 14 478 329 427 -166 798 1017 -1039 42 599 659 -401 599 18 911 -622 -690 -658 199 412 593 777 -319 38 317 -358 829 -267 -524 968 167 -980 209 242 405 173 187 408 -1001 -848 -60 -948 81 -2 -551 28 1137 42 345 12 1003 -894 412 426 48 1363 1131 -683 -300 137 -78 1351 411 95 24 453 386 -62 -846 -340 343 -151 -189 846 -643 -853 369 401 1049 195 -237 248 -466 786 406 -624 810 -145 474 541 470 33 533 381 111 -212 247 171 -317 -114 -531 328 184 -187 54 818 119 1438 -78 -454 -21 512 -1413 -358 -156 290 -59 665 -786 -621 488 -786 -1242 144 91 -949 56 -848 199 -159 -671 584 241 699 -104 196 -889 34 -824 -287 340 -379 -907 -229 182 -560 175 846 708 -261 789 488 -68 -82 871 -44 9 687 1523 -54 -1585 -409 55 698 210 -319 385 -637 231 920 239 412 346 -1159 -349 443 -914 -1038 41 127 -190 824 
346 -452 508 459 -561 -94 -138 -1195 -187 260 16 -1919 1326 486 268 591 947 -406 -132 -802 -7 -768 -103 289 -179 -142 1090 193 -1522 -274 633 -300 222 82 388 -805 -777 -611 -692 753 -178 -665 -269 -902 273 -879 631 -1187 358 39 362 -543 479 -264 379 370 1072 293 -123 -257 187 1071 1268 956 617 -160 546 261 630 68 560 683 -519 49 377 295 93 896 -525 -244 438 -649 -220 333 -170 -751 685 226 -117 485 -340 -484 -484 -150 -849 769 858 55 121 769 -678 709 -57 182 522 -446 70 -57 979 168 -84 1373 178 311 733 1185 112 194 -579 947 408 -327 -118 -283 119 -205 445 -289 -54 -576 -1019 -865 -1172 608 -30 1441 701 -199 -42 232 -601 -860 -380 -834 783 -941 -315 971 -574 9 11 -650 -138 -378 -1137 -65 143 393 -878 -1515 -1022 416 -313 683 154 369 -262 1267 107 -1430 1661 -194 -505 -168 -366 -19 -16 594 229 102 -763 19 -736 0 -783 -43 -1167 -253 -244 -126 9 -449 -149 465 330 555 -380 -262 -148 29 587 1200 260 -201 288 -256 -764 946 334 841 -1240 -606 -414 -140 -217 585 30 430 -521 311 -35 -345 0 1269 -127 255 646 51 494 1151 893 -1138 -127 34 715 -111 -864 299 -874 577 665 -971 -322 169 -768 752 417 499 9 742 1265 209 -662 -246 -852 74 556 -180 578 110 206 -806 438 -87 426 852 -664 499 -950 -158 -547 -629 -814 1349 1319 -1267 -117 -361 -1496 1300 -430 -89 120 48 -168 248 1092 167 -1056 -790 -47 455 190 1136 605 191 418 93 -675 -8 
-82 104 304 881 781 84 511 -1158 731 -592 347 -939 129 862 -365 -28 800 -907 1044 818 573 -84 -671 -40 -516 209 502 314 -453 -1045 -341 -631 -385 27 171 -704 1123 1319 -54 -817 -21 103 -254 -181 516 219 -47 -200 -957 -873 12 574 1309 340 362 1120 -748 -586 -268 541 366 262 40 206 -1248 1667 -664 -291 -850 -211 177 1258 -320 534 204 -260 -848 -352 1084 -619 46 -230 -345 79 166 -1239 -428 -135 128 -1410 872 -460 793 -845 -951 -363 -764 1026 -151 336 841 -430 256 68 164 -116 -613 1014 185 -220 154 -181 -872 605 327 -717 -923 -193 -559 163 -464 -1262 1415 -877 -708 446 48 -729 -222 -236 -908 702 -687 278 -1502 -746 -358 -752 316 -498 56 -624 427 -1049 176 -309 293 545 473 612 630 510 -353 110 1171 -291 324 -111 327 324 450 -83 -298 -565 822 667 1634 -857 -196 -1364 -136 -485 -601 1467 826 1019 -374 -1304 -359 -499 138 -57 -388 -1525 -209 1031 25 458 645 376 19 -337 1717 -303 300 47 -142 525 -407 1231 436 192 1244 -384 -3 -631 -25 -545 -566 411 19 -752 23 411 -625 732 -841 -1382 -194 458 -643 -340 -865 317 64 -213 250 -100 1441 -614 677 66 -205 -274 -494 402 71 144 -149 276 117 -963 -378 -876 722 519 -366 -608 -560 -719 326 974 686 -245 951 -309 -540 -1185 -152 454 -66 -352 -582 -424 -100 -1296 -105 554 949 440 767 887 405 809 857 -47 193 -623 159 100 325 -899 170 265 -155 -367 149 -207 -135 -96 -316 -866 326 866 640 -1177 691 344 15 1006 
1355 -300 -752 771 -752 465 817 61 760 731 1196 -824 818 447 172 573 1113 -28 -375 -555 1152 -20 -976 -753 -86 287 -762 415 606 -298 -861 179 -926 691 -497 225 -284 -947 466 316 -49 -296 -1173 298 -1632 -206 -267 -1137 -605 465 70 -568 204 -411 -312 -368 175 54 44 337 1397 2 -123 -1322 315 63 238 289 -189 723 -1247 -748 329 624 -888 -163 60 194 -246 662 -49 -392 320 649 -120 -1247 413 1382 -1630 -511 -48 -186 815 1671 -285 -811 44 198 724 -338 744 -131 473 327 296 1077 122 -534 609 -313 -3 -422 -149 -59 -279 47 -344 -573 -199 -327 -372 -620 -240 16 363 -1004 -592 150 -780 -477 97 48 888 989 587 -1202 324 -46 -208 562 785 544 695 -219 -450 346 -342 865 -691 335 -174 559 698 591 308 -23 -877 521 74 -345 541 325 240 247 -108 -12 438 -138 146 -816 -733 -888 -172 758 735 317 32 105 829 -6 -452 896 -39 -154 1065 81 694 -645 -665 -1123 -391 498 408 -254 397 456 876 506 270 160 187 1299 -1131 -588 -910 188 35 1739 311 -509 -1005 -596 -1305 -341 496 -461 680 350 566 611 -222 -363 -29 -459 1317 333 646 -1049 1113 -403 -190 327 -1024 1065 722 171 529 266 -210 153 -339 -650 838 -108 579 818 -586 167 -429 -440 605 179 732 -531 -241 -183 764 -397 143 -142 -118 -994 616 640 -50 788 91 -111 824 97 290 686 617 166 -177 -334 107 684 -566 -48 -636 -425 25 34 -51 97 -500 -23 -466 459 690 -1208 235 -136 230 1134 969 -116 -422 405 
652 -906 532 161 536 517 307 -154 682 -88 -469 -441 -846 -595 -376 -891 -418 -417 -616 -863 270 -1071 428 -1316 609 1212 -360 -211 -206 492 -61 -1072 1406 753 67 -1626 728 -442 921 -592 -400 -205 -1235 622 392 568 722 -41 106 1012 -663 465 365 -1557 478 -118 -56 -945 -285 277 -55 -109 221 -4 437 745 -537 -1098 820 910 -736 -606 -71 135 -375 523 99 624 -220 -970 -138 49 -737 -5 -272 496 605 246 -803 -531 -466 -1 -13 -656 125 -892 242 167 37 -108 1447 1123 839 -1415 782 -310 -320 268 261 947 636 317 -391 491 1029 -383 -1453 174 -503 -918 -26 477 -814 -55 643 -785 579 -604 -253 -1234 1029 160 -775 -125 43 -204 664 -430 868 -174 409 481 799 -51 -332 18 685 393 445 52 6 1211 -860 126 614 -1156 -445 -1114 675 302 340 936 -176 539 -201 992 -448 432 931 348 189 1196 -606 -381 -1622 -56 29 -478 1418 -1184 -266 702 -278 -163 -486 -1033 92 13 684 -443 -1155 1128 -961 521 -454 -337 520 -1062 800 1493 -167 -848 57 -841 -131 552 -145 1006 -274 -900 321 210 511 308 951 -579 -331 98 -304 -1130 574 -77 -91 -596 -1312 -455 904 -898 444 361 -41 257 32 129 88 -146 136 256 30 409 641 954 572 91 16 116 -289 -608 568 240 752 1049 -129 -393 67 550 -513 238 473 -109 -211 -912 -12 -632 -100 1189 684 -770 -902 1189 675 -371 384 686 -81 -278 291 364 -43 550 -425 -472 -72 1867 914 168 273 870 -422 -291 -518 681 -765 -589 35 -76 364 -430 -442 -289 
-89 194 -170 499 412 558 -331 1058 -401 930 311 -276 206 -354 -1149 346 -1385 561 -8 -199 -793 -166 553 -1022 985 969 -70 -222 1450 92 676 -557 -35 124 104 -843 -46 474 3 -319 1139 179 59 -347 -874 618 -29 -307 -1009 573 -295 -646 -513 -687 -1028 322 106 -24 981 -883 -588 546 277 -632 -732 -929 -331 -184 -521 853 555 -116 140 511 795 175 -799 867 -238 764 447 653 221 106 17 -129 -1036 293 -98 -159 1467 -194 287 -284 236 228 714 -542 -599 402 -45 -78 -116 -745 -517 -302 -1302 243 176 684 -60 -744 227 1278 74 -1052 -456 399 441 -497 647 -267 153 -804 389 -623 -162 -1086 -433 -201 608 115 664 486 568 -400 881 -192 388 -1186 1381 -659 689 -1 1262 1138 -78 581 1083 -303 339 -812 466 -1268 735 453 433 -491 -43 259 995 -176 137 44 -856 -402 135 178 -104 -408 -257 -861 -818 781 1606 -497 -74 977 -613 -365 630 846 -1048 20 -717 385 -130 255 -541 29 -327 641 -441 60 507 -69 -530 340 771 -99 531 439 146 92 -775 144 -439 418 -761 626 -3 850 -208 -1148 -249 54 11 455 -404 78 146 1013 712 636 -920 237 -2 -52 126 1042 544 1019 -456 -293 -807 -104 115 372 8 100 -674 -162 69 -246 595 -268 -606 -317 1690 -240 -397 -1033 358 -49 -1223 -649 429 576 146 -945 -832 381 424 -460 159 -336 -510 466 -74 -697 139 1667 874 482 1335 137 16 -512 -753 -420 -95 -1260 -426 432 56 334 212 -1 -78 -430 -479 -1792 92 -559 -298 -145 -72 477 -275 848 
-714 361 279 80 296 45 -1720 238 -1393 -22 -480 -155 299 750 290 -730 -225 761 -117 1007 861 -1061 399 154 90 143 91 981 756 543 869 850 -373 435 118 356 798 -216 -619 -1064 141 -62 3 -441 -928 319 114 567 361 -421 -505 -414 -666 -1 -548 -226 1164 254 632 84 -92 -312 125 -104 -77 202 -1048 628 -592 342 656 374 697 -489 611 -457 753 364 -585 479 -276 845 1443 402 -196 111 167 446 725 -212 -203 -360 422 587 -652 -264 -57 200 -582 1113 147 461 30 -216 14 -169 299 -264 601 1018 -1027 -529 263 355 -305 868 -338 -145 -775 279 -964 -1182 -280 -164 707 -712 -413 208 -144 -257 -879 514 425 638 60 -1407 86 -128 -375 -1557 220 469 -552 512 44 -454 221 16 -1506 -499 21 127 -442 261 63 1166 -118 -391 -1043 -310 -1425 216 -443 -1478 -634 106 585 -356 -651 -126 972 874 -550 -57 -587 84 717 550 -752 166 418 166 619 217 -431 -574 129 -97 -950 307 58 -1083 72 1174 553 -266 -849 -598 -826 -22 -276 -256 -1000 172 88 769 -759 -164 553 -41 -113 -737 615 -161 450 536 -788 402 -380 -53 -332 -540 770 188 -114 -453 -437 -988 -1392 -303 431 1435 200 232 -851 925 141 128 928 -364 -122 292 -61 -619 -277 -351 390 -551 -304 -376 1393 -1218 734 -1104 -1462 -1054 18 421 -551 92 139 402 -9 -428 -141 516 -893 -292 783 57 593 1432 372 403 -106 -361 -928 -514 -182 -544 122 -685 -951 -31 104 464 509 884 -76 -691 -579 -60 -86 267 -610 -421 -628 1237 672 327 
413 -458 178 159 1124 -941 569 916 790 -1000 205 160 -955 -594 1343 82 234 1 519 -87 457 82 675 802 1189 -42 -267 -652 1137 350 -946 -405 397 -375 -352 -59 -149 -368 -325 501 -117 123 235 304 -1175 240 -469 -605 -207 235 1078 794 697 386 -448 281 12 130 789 389 464 -269 937 580 704 -1139 340 376 553 42 -263 627 -240 21 156 -5 129 11 914 494 -79 -542 548 -849 -302 -282 819 542 413 213 -137 102 471 -74 0 228 1632 -372 162 118 -536 -221 -1509 -93 485 953 -275 -931 418 -525 272 646 82 -427 -362 -203 -296 -483 -992 53 -376 47 -1815 450 93 -439 -712 776 0 -144 663 -600 -936 -112 190 -283 -1019 -300 -883 -1 349 965 -774 -807 880 -262 -29 -545 256 584 -638 266 -666 1357 350 -162 -723 184 22 325 -426 485 551 453 -303 -291 -926 -1620 -10 391 319 155 -1182 -356 -534 127 217 -556 -763 -435 -799 173 1179 -45 -624 -560 236 -410 -65 1371 -365 366 -1041 332 138 -320 824 -348 -26 767 270 -148 118 61 -822 -760 211 417 -515 1021 -63 36 -396 -133 -685 -1246 762 -752 -31 1134 879 1047 -771 31 -1084 129 444 -185 397 635 693 269 659 -156 309 810 -1049 -102 523 555 -89 125 300 -226 1630 240 683 -448 -124 82 -88 656 -319 1127 -865 1148 -1434 647 -473 323 268 704 -190 334 -378 342 -608 -1200 238 290 232 239 205 18 360 -654 404 789 524 -536 -1730 -78 -295 -935 -21 30 -691 -826 -947 242 760 -324 593 -239 -140 348 -288 -556 -139 -738 
-505 -1012 -25 -1000 -562 -238 -122 1291 870 -601 -231 519 -1092 -27 527 -362 447 264 1253 -435 -1252 -36 1313 656 565 -133 275 853 -115 93 -236 115 -87 697 382 -665 -615 430 -395 429 -264 -354 271 1110 -16 -998 1226 -185 -431 -207 117 512 -431 -660 -421 35 -1242 -108 -437 1311 761 43 -653 634 -181 51 -255 1027 -1124 648 164 -98 -804 604 1 832 183 -422 -522 -129 239 -529 314 349 -329 283 721 912 -346 457 -223 553 771 797 643 313 -282 -132 155 339 -678 173 -182 1197 950 -297 -9 -1015 -1141 458 288 -24 -262 151 -725 533 1490 183 68 -1116 24 794 -723 572 -161 -660 1403 15 333 220 -1303 165 158 -775 280 194 -278 696 343 690 -290 114 -690 301 587 -983 108 66 43 617 447 47 625 -872 70 460 -238 1196 26 -344 -559 -480 -602 497 -210 -178 -711 -193 94 553 89 1009 542 227 -1083 -1646 395 -138 124 405 895 -367 -182 66 -140 -254 -207 -438 799 576 167 -468 204 123 930 626 472 -385 -39 1090 283 -224 -289 -577 469 -464 935 -552 -687 384 -161 -102 -742 -538 -453 733 -478 -213 1211 211 582 93 637 163 -391 -843 -588 -345 189 142 -487 -712 452 167 -358 436 -9 -21 -24 76 1033 -538 -115 529 -499 -721 -194 186 1002 -194 -108 -585 149 -938 -171 991 1068 -434 -1524 1454 -784 -331 171 -785 577 -147 189 650 491 195 -516 -1559 763 47 259 -142 1607 -199 932 123 -790 522 1001 1257 94 -388 109 24 -546 72 -302 1444 -415 -854 73 626 272 -70 186 -674 
-45 242 950 308 -1499 -1361 -865 -243 -336 -274 1430 582 687 -989 -587 -60 319 710 -259 -341 -401 -736 -740 -965 936 -747 102 401 -497 184 -535 1055 -355 -52 -994 493 258 -540 -328 -469 660 -142 -397 -430 1254 -409 -1540 -59 557 -665 499 213 139 -160 566 337 -230 670 300 -22 -505 808 33 762 -34 -138 250 401 -140 -442 129 -262 702 337 395 -9 260 -576 1170 257 -976 560 -862 241 -55 -173 -237 -465 -936 176 557 235 30 -820 322 1331 -356 -193 -318 -461 254 -1283 354 -165 -1716 -839 366 127 63 -45 94 -886 -213 280 398 208 -246 92 71 -171 1045 84 -998 -329 134 1208 232 1041 1057 810 -341 333 159 289 -391 604 -377 137 65 874 716 629 -367 523 -914 274 -20 -214 -550 -35 -20 244 -113 -241 -472 -131 5 264 91 -179 -487 919 568 -439 328 240 -643 1083 -809 558 -484 668 106 -775 428 474 1 141 417 -1306 107 -553 593 1270 -1235 -633 -941 -347 -309 -71 694 254 602 -1030 929 917 -432 33 102 668 59 -663 280 364 462 -160 -705 -1007 929 259 640 1460 -625 208 -903 453 -107 902 -484 -790 -256 596 451 -12 -119 216 -168 69 233 142 1773 -211 -58 174 -320 -316 499 336 -1133 443 -133 -626 7 866 -71 90 -307 -112 -719 -601 -237 -417 -328 180 261 31 234 161 1097 -34 262 195 667 130 581 -343 -934 963 169 957 -504 -512 390 1363 272 6 -921 449 578 -747 -352 -414 -115 37 177 -507 -627 1105 255 -516 -974 94 -47 856 -232 709 -670 824 141 235 
-947 -1135 776 593 -293 -310 -404 462 -525 272 -208 604 385 -310 -558 -170 -155 -486 -715 -242 -645 -619 -497 -1071 522 -664 617 -391 392 -567 -474 1502 59 -297 -491 -606 -1036 -1110 -159 -573 -312 620 1188 90 240 -998 -875 -193 -436 -481 1779 492 -460 310 160 283 -756 -1088 -1292 -297 -899 293 114 -268 -648 -313 -309 -208 37 200 328 -317 -371 -959 1732 -859 356 905 306 178 -799 -99 -198 82 -1092 -531 485 -603 -535 -348 -362 190 233 313 -697 565 -267 -111 -326 -400 -743 -583 1127 22 1041 -146 -247 -580 921 -265 -399 631 601 168 250 170 -860 43 760 -120 -177 346 -133 823 582 -345 398 -36 -211 -636 32 -74 -831 90 197 144 -289 386 386 963 677 -133 993 -692 86 -744 417 611 -14 -519 1661 -488 1776 174 734 488 743 -417 -1022 -419 -254 605 -187 -798 752 -1244 849 1248 -524 -840 -383 1416 -826 1400 81 299 248 -934 -886 -8 640 1229 -619 -142 751 622 -201 -616 -871 449 -1058 688 -878 253 1371 -823 -919 306 269 -638 -154 -1496 -827 -1046 -459 -109 -442 -636 -216 666 -357 786 -873 380 265 -1722 -181 1156 144 -426 -459 511 199 -682 171 998 -122 -182 -631 -674 -257 -143 -97 536 -1521 -284 42 -490 -83 -187 -1098 -459 -228 287 -293 893 -256 -797 -1187 193 -416 -799 -588 -41 -9 952 280 -672 -138 226 -1317 83 598 172 -476 -1669 342 125 -714 -376 -954 702 -656 1864 117 -169 -1318 633 -1247 -149 -605 -1177 -714 264 152 626 441 248 42 269 -69 -1236 385 982 -143 290 240 183 106 145 
-196 -28 591 -156 708 447 3 -163 448 -1243 1695 1121 -987 -677 -913 624 -1089 52 0 780 -122 65 536 163 54 -100 -181 -205 606 112 1052 -141 517 -303 686 227 34 991 75 -535 657 -303 -543 -725 -391 809 -450 249 208 87 -1357 768 -1184 -476 -739 414 210 167 1218 -445 -202 348 -430 936 103 -569 128 -238 597 -655 59 -654 108 -932 -166 53 328 1299 324 190 -680 -553 33 -924 666 766 -1482 -59 479 -391 292 918 -647 -262 -853 666 1895 -386 91 85 258 -1071 -194 166 -503 659 481 201 389 180 1124 -601 -150 -826 1066 -47 804 491 292 675 814 -1427 160 -225 1086 -488 472 538 -223 176 -136 500 680 -707 743 -680 241 -136 -380 136 1574 647 790 20 550 -792 -383 -448 -474 10 -386 23 504 1149 196 881 112 -412 157 177 -372 -1543 -1065 675 753 855 917 -819 684 350 -883 738 -414 503 272 -1469 618 -622 -960 827 296 -858 294 292 118 341 358 -1149 371 -548 -9 -45 -476 -295 -251 -368 749 530 251 63 999 -475 483 639 -1062 -912 -1261 -708 711 509 -39 -93 159 -726 295 -194 -808 -62 -715 -1147 429 534 -344 -130 -689 -703 -294 364 -592 1132 -316 -330 437 57 -661 -645 200 550 -1339 628 -1261 166 -891 132 -630 -1383 -98 -192 -289 154 176 -319 415 493 -1180 -233 370 -285 -226 288 -422 727 299 18 853 -1376 -526 -610 -42 -180 -1345 623 267 -345 1052 688 643 -168 1462 -592 -343 -1015 -215 281 498 826 -755 1125 86 -1031 1081 66 -713 228 -664 10 -644 1145 -736 779 
-17 340 -62 -418 -325 101 -459 -520 29 -412 -349 -203 -654 -627 -149 -761 94 -233 831 582 339 275 870 514 -199 1173 149 425 -405 -16 -476 -276 -442 1404 542 -1352 -621 1286 1071 -466 -851 -141 -29 286 678 942 -539 -925 402 792 317 73 -203 -434 -165 449 333 -204 -125 -52 -179 -519 179 -262 -806 -1032 -647 398 445 612 -526 528 452 390 -1277 -800 399 326 -812 593 -1252 1049 511 -776 -21 485 -1158 778 -134 -76 -185 64 -335 40 -1363 -334 720 239 -150 -864 847 429 -292 1118 -192 -572 816 1484 921 386 -98 -114 357 -288 160 13 -497 661 -297 -359 -121 -205 -611 508 789 -140 -188 605 -177 -282 460 1508 -739 1308 943 -611 -228 900 854 -503 1801 541 436 -298 682 -690 -1334 -319 -386 -352 -637 253 -250 146 392 -476 -575 100 -502 414 324 -529 -238 -411 -187 -844 239 -1098 -1053 -78 1156 2238 145 1259 -271 836 -322 -241 757 -82 -499 300 734 -233 60 -385 -547 -188 528 360 595 -900 271 322 793 147 -4 -297 -110 -605 -80 229 583 -987 -691 -81 282 -420 -418 365 -1026 -451 -267 531 99 318 -147 1063 880 -317 1048 -659 165 318 -601 -361 636 -474 -53 18 -51 -589 -780 -981 -361 1194 -453 -550 -692 255 -1110 647 276 432 1116 -173 -60 398 649 82 624 -72 402 126 -1293 707 -609 -1768 1392 91 140 131 163 195 -416 -308 199 -1077 -473 1171 632 927 -366 -1048 -690 -184 356 -1334 -429 -205 -1594 -346 -584 -570 753 -199 1774 -202 512 535 1128 -962 548 -407 285 -141 1798 724 -696 -267 
591 1167 -883 -45 488 -16 232 -420 536 957 762 -876 -236 -946 707 681 440 1677 221 545 1537 788 -496 -879 -195 950 -225 439 -1172 -437 86 -845 244 -362 159 85 -505 -231 1017 1250 -465 -775 688 -356 -468 -720 153 -145 -298 634 205 -370 -174 116 761 155 -312 309 355 382 607 -250 -398 612 -765 -110 617 80 403 -1649 -431 281 -820 1 -934 -171 -1 580 1222 -208 -324 41 804 -1008 -980 28 -428 -193 -1431 253 -86 458 301 520 37 320 -288 -145 -719 -407 3 778 -958 1352 770 584 1163 728 -615 -80 -180 71 -662 -294 933 -213 -737 -542 -171 -165 59 672 -195 236 -1 -503 -145 -31 -693 -929 483 -355 -523 88 -221 729 -699 -393 425 -90 -113 -144 -1300 -119 -721 874 175 239 -92 1352 209 605 -198 -744 389 -868 294 67 149 -175 33 1486 41 266 220 -304 415 248 -372 543 -725 -112 -342 -545 1006 1290 478 514 762 -400 -35 511 -268 559 149 -52 211 -775 341 1152 726 285 193 413 38 464 346 222 -656 -476 63 456 -803 424 -97 45 -618 -703 775 1168 -588 -195 602 822 266 -264 843 -114 -4 -574 -522 -1637 -280 -90 669 -299 660 -13 368 -1103 1281 1410 -812 38 -889 703 499 813 34 -837 327 -817 607 398 175 668 -216 -543 -55 759 -625 165 174 359 41 -158 -106 194 495 -75 2 -465 -730 1316 554 -1550 116 209 590 597 367 296 537 659 -1037 -707 1073 -417 233 627 -514 -400 -1401 -450 -484 609 -218 -1044 601 307 819 -540 165 -142 406 726 879 345 164 -1721 
-25 -61 -160 830 -393 -328 -1454 -68 -163 437 -395 -1445 122 1237 548 -1053 -71 107 228 -342 279 221 234 334 -433 1424 -609 -1093 334 802 288 -710 -886 926 259 -527 -425 1320 -1313 45 -492 789 -258 -611 121 316 796 175 262 602 -900 578 -821 691 -757 501 490 523 503 117 743 -448 101 -57 -160 810 167 -190 153 -153 887 -820 -217 277 -381 273 798 358 763 376 344 532 213 -144 159 59 731 279 139 1464 925 774 -589 -116 -178 923 -254 -200 -264 -266 299 175 -372 865 -252 -51 1176 111 601 162 -62 -151 881 799 -1110 877 1160 -308 466 998 -324 83 -992 -391 204 -341 1167 -176 46 -388 -835 849 -29 408 1748 -1258 -1033 172 -609 394 -220 -375 -189 459 279 184 -9 -24 364 -156 505 266 -540 -515 -17 -888 1240 254 148 157 -29 32 41 126 183 36 -555 1438 387 -1115 688 1014 786 289 -697 1023 620 245 -13 261 -722 89 1022 -1752 18 411 -731 -35 245 292 905 -22 45 -16 -701 580 -283 355 560 133 134 54 234 -757 421 105 -166 -418 -241 277 -33 28 690 987 618 -614 -540 700 -286 851 1122 696 -604 93 -182 878 619 -119 -1518 326 -264 108 538 -221 -246 946 271 144 521 368 770 -70 772 264 -103 -297 -88 -381 308 -564 -206 -83 445 557 -1150 678 -90 712 543 579 322 43 -750 177 -505 418 -877 -325 27 -1086 717 -1017 -418 390 486 154 -291 53 905 351 -784 147 683 1009 1245 878 550 -545 -347 -240 -931 -816 0 274 912 89 1054 376 -19 186 
451 -416 -909 346 -349 -580 930 -1607 506 718 -381 791 922 -718 -1894 -379 -407 936 -584 -931 18 350 867 -20 504 -1263 -625 -141 -102 170 440 -106 1173 421 -562 -346 134 -105 370 -53 -205 71 794 138 373 -430 -20 -235 -724 753 761 -130 795 13 778 -360 802 -577 -1310 -495 243 -987 -1377 268 125 135 514 -546 223 -396 -87 -629 -60 736 334 27 250 272 -334 659 -485 -53 -1130 518 249 -282 -1289 -190 -673 1045 -153 1095 450 416 327 -277 -333 -1454 -911 -1006 -684 1014 129 -491 26 676 -940 -787 -756 1016 323 589 824 319 551 748 893 318 -45 -1862 -579 757 79 794 612 -126 417 105 218 -153 592 670 608 -506 -518 409 -1345 -619 0 -495 -315 -42 284 336 -1080 -1136 114 1 406 183 293 -416 1068 -360 -562 -427 21 348 81 -1111 -398 1816 -659 769 104 8 -169 422 -53 1003 413 823 -863 -159 -368 -237 642 188 470 -464 -625 -13 -170 -237 890 -731 -12 499 1139 -1058 384 528 -174 -482 1233 -639 -499 -562 -1 581 -325 -273 -367 325 545 1209 183 -159 -380 -2 1518 1509 -336 -800 -220 20 123 -641 141 -311 237 70 166 52 -41 -100 482 -518 1 430 -212 536 -353 -882 -396 -206 -1468 -676 637 -49 -205 85 -881 -27 -212 -846 526 595 -140 575 121 -1516 46 -324 179 75 243 -483 781 -1744 239 -470 -701 -463 -504 -155 -33 -262 -139 362 308 -1493 44 292 -12 254 966 457 -479 1539 280 -624 -225 -390 -318 323 532 -267 -104 452 -92 516 -336 -46 -983 144 208 434 430 384 
407 -37 1072 290 1076 -177 617 -191 428 -367 788 42 869 92 47 338 428 116 -447 -266 -390 215 -202 -16 76 1189 636 18 839 906 -602 66 -210 -1905 -579 240 559 323 1290 434 -914 716 1877 395 754 366 729 87 -847 -274 -969 -128 656 -1548 -603 -1161 267 -400 366 -227 -522 963 7 175 -72 -380 50 583 243 -407 -255 -32 -1312 -84 -237 339 -1077 764 235 -36 195 568 1148 612 -1027 -316 -632 643 444 195 291 -639 10 -7 1140 1027 -460 -275 157 -495 -976 122 -347 -905 292 910 -68 -1265 -1490 -24 28 80 -523 1073 146 32 -1165 538 1121 -904 936 576 -679 -278 -228 -248 91 446 -239 -765 89 -840 -36 -453 378 -164 283 -1114 93 255 266 -710 -1132 1878 988 -141 236 -78 364 -175 -864 -244 699 458 61 455 -374 1986 -174 -99 -94 268 208 -390 350 578 835 -92 34 -1078 -174 -454 -857 617 909 -1713 -194 867 95 596 38 -396 324 406 576 -1441 73 -236 679 -371 -72 771 607 -363 -751 825 -1035 282 702 -979 -78 -441 -518 497 30 29 -257 -428 250 245 -12 -5 286 -416 -310 130 345 49 1102 1558 410 700 673 222 417 -634 693 -80 -140 428 -1094 1943 -534 125 -570 326 57 224 270 -963 90 -947 -150 -599 -421 -153 1702 -1619 1180 -112 -833 -187 610 -340 22 411 132 -228 -472 491 72 -198 794 23 707 -217 647 48 1064 -435 -446 898 320 -1015 128 -837 367 -435 846 309 -306 -971 505 888 76 296 244 -640 -519 193 -605 656 318 330 -558 292 714 -396 -360 -7 
533 -743 -792 1336 622 219 -576 -502 306 338 -95 -201 229 820 125 -634 1411 431 336 276 484 -12 -414 -838 81 19 645 -239 312 -1948 -1029 608 -513 -769 301 788 -383 -149 55 -383 -263 268 -686 288 -229 353 -652 -511 759 361 -466 949 -589 -435 473 934 1067 1135 263 11 1564 -41 1018 -67 -844 -610 -481 74 -977 502 -114 125 -222 -723 -335 119 -271 968 125 590 394 -647 603 600 648 41 -130 -551 1003 448 1950 75 -1307 1006 -946 -422 130 282 -481 -562 -268 -450 -1683 472 110 30 820 71 -681 -854 389 -260 -384 -551 691 53 532 501 -112 123 -111 -483 968 -600 413 373 565 -438 -1323 1013 -584 -180 182 -43 -523 -62 180 242 122 1185 72 269 1228 -970 783 345 361 24 240 -653 377 509 1265 504 947 -322 428 -530 -190 -510 427 -610 -696 -596 1439 -630 991 -329 -150 -417 225 -805 271 1008 678 -177 823 43 -558 -309 1076 1486 -94 117 -327 -196 112 -1097 421 412 -792 -1873 776 -321 541 1291 -190 -774 -517 695 623 490 -252 78 -569 -477 -490 548 -390 119 -1450 272 -339 -1423 -226 -324 336 73 914 518 -1655 -303 121 -476 -451 660 1086 -251 -5 -188 -328 -132 -147 767 480 -445 79 -163 -1040 255 -180 338 278 -932 133 509 -528 -1161 -875 117 -92 914 -294 151 -1382 -149 446 -342 387 691 752 -351 640 261 -151 -377 449 225 207 -88 -382 168 -485 668 342 247 177 744 249 504 2674 -1067 628 -151 -76 527 -459 -42 750 -353 181 -359 -709 1175 792 -488 -403 -317 513 0 
-67 -48 73 383 -238 652 673 42 298 -54 158 60 -1000 772 128 -129 -114 -424 -513 966 -414 -10 -1739 -257 260 -66 141 -94 281 1168 452 964 -1212 872 -1120 -164 -486 -178 611 -501 -254 668 548 11 363 478 896 597 -336 1164 695 -264 215 -395 -395 240 -244 -1146 371 -561 -72 -729 1419 315 -182 551 619 -131 4 -108 -447 -331 -899 -683 -461 -46 534 234 -88 -417 -516 -1058 1570 1360 296 -404 -343 647 414 -1096 -84 -24 -753 -89 -756 477 245 162 85 -78 360 -35 687 -886 -337 -263 -30 587 1336 -137 143 -839 -28 138 -556 424 -85 -136 784 966 -445 434 499 -238 1353 743 -189 1223 391 585 647 -725 -834 -1037 -584 -210 -479 309 -181 469 760 54 -138 479 -962 54 201 1285 -463 26 49 1039 -454 -28 193 -1458 -556 -392 841 960 380 -730 -546 -584 990 -764 67 -606 4 500 -132 244 -127 393 1557 78 -328 -518 -447 703 -460 -347 615 -237 721 -691 -27 266 918 974 -1461 281 -351 -692 -992 -196 -50 -219 -66 166 65 -222 472 1435 -100 -13 796 574 -331 1074 -49 -1079 -1665 1224 127 329 -236 547 110 375 -73 -332 -189 556 -178 -797 -833 -537 106 -320 -514 -333 237 -232 -626 -190 117 674 -217 887 -955 229 -372 -1034 -557 -774 753 90 -808 439 -101 -817 413 -397 405 -193 -360 257 -721 302 -20 767 538 -196 -23 -1580 1462 144 -1010 -296 13 -862 -580 -63 536 -295 -292 726 881 177 -1389 103 291 355 -639 480 -678 -74 189 343 72 309 245 626 -32 625 -413 304 883 580 
655 131 209 -531 -155 287 1020 -700 765 309 -79 -42 -682 -92 643 -117 -363 49 480 -6 -223 68 -375 -154 -872 1131 -455 -158 -727 -29 514 658 26 937 589 745 370 797 134 254 -36 -155 -435 -447 351 184 174 869 200 -851 67 251 341 552 497 484 126 199 888 352 -175 248 -1008 470 1150 -646 -718 -1228 443 259 45 732 -343 -524 56 61 -1100 414 -32 -53 -619 344 -223 -717 271 1109 -60 -151 895 -273 -799 -560 -484 -88 373 -125 -935 -151 253 421 1491 -121 -110 677 -483 -1371 -510 383 381 -667 -59 441 -594 383 256 371 -154 312 255 -40 1121 -261 -285 597 392 650 1019 103 1140 213 -278 748 6 162 -65 368 199 -1599 -93 1155 -336 -604 150 467 -794 58 -10 426 1091 205 438 -1176 323 -283 47 316 798 181 560 816 -44 480 -10 -259 1446 -702 -490 199 223 -1251 -43 531 353 -303 -271 483 12 -65 -422 465 577 954 -617 22 -334 -267 325 1441 -44 178 1057 493 415 1107 338 -404 1199 101 851 511 478 1204 1260 222 274 -262 -1270 -485 323 362 154 -1072 -342 910 -402 185 -662 308 -966 -138 -138 10 -308 796 -371 -268 -146 -578 -221 -112 447 -1784 -670 596 -744 -99 -104 623 -742 -227 -372 -522 -49 359 -1528 730 1301 83 -586 -1381 395 1017 402 -501 -423 -100 852 -846 533 51 -109 -213 216 129 598 -473 211 430 313 -509 -404 -471 917 -889 -153 -208 -1212 218 409 -580 279 -457 -95 241 -92 780 -340 -79 678 -892 554 -178 -1280 1485 66 -271 107 173 -476 368 
-851 -483 342 -242 519 552 -231 -135 241 1207 -112 -86 485 46 -82 -383 -417 613 93 39 860 87 1261 -588 238 109 -482 -184 944 -208 782 -82 -640 51 -4 570 -730 632 -789 505 955 -440 106 125 654 508 -618 1044 931 643 -944 185 536 -179 61 294 685 -11 412 -308 930 788 1215 -823 -426 -581 -866 -1239 141 -1146 550 -233 -201 -9 96 1064 -697 -269 -410 -947 1028 243 -367 852 180 189 749 250 -595 419 270 -1852 -47 524 861 -691 462 277 120 1307 24 -834 -1324 491 315 677 -204 118 -1105 1037 -223 312 -453 -554 426 -1049 360 71 57 -285 -331 -202 229 228 431 401 87 248 45 433 -1279 -210 1069 -855 740 -947 -317 -582 606 989 -658 336 1158 302 -1007 -329 1312 -101 -392 464 153 -190 -313 -742 -1152 303 -628 -837 -508 1048 953 -1046 146 -979 -293 258 -343 -541 55 -45 -170 -737 758 -502 909 -691 61 -865 -348 3 886 791 -1179 439 1042 293 707 -1111 919 -60 815 -691 -934 -374 -61 -1078 232 -1272 1388 -814 313 -103 -200 707 354 -930 229 622 -143 -380 -326 -706 1296 504 75 -77 -289 803 1003 -612 -145 299 -155 -624 -405 -224 -885 -73 -303 461 -400 -714 -496 477 563 474 765 186 -338 -292 932 -65 95 -1208 -42 300 -119 744 309 251 -1290 -355 1040 -1213 -84 -21 990 522 -123 328 -1479 43 736 -1575 592 878 168 288 -761 1658 1117 250 -710 -727 -456 -115 114 281 652 -719 116 -63 -1201 -477 557 -277 -612 -509 -354 -508 404 -1096 108 -635 -662 -411 -11 -428 -3 1081 
641 1205 221 497 1174 -292 92 882 522 -16 352 -327 564 -663 1019 -1168 -242 37 290 -449 -272 176 1100 -1146 -654 1024 -705 831 664 -396 -74 -208 -430 -718 418 -236 -606 608 -628 1377 554 -340 -427 95 1186 373 -194 -1225 856 -643 45 234 -715 325 -469 887 -72 1200 1102 -418 367 -115 -736 504 185 733 53 66 537 159 -143 15 560 -410 -447 -515 -32 -102 189 496 747 1332 418 894 118 216 -1119 933 -379 -120 -70 -154 880 -766 -578 -36 732 310 -329 65 -6 1302 -85 -867 -490 81 -405 -31 27 488 -175 -1273 724 -93 -219 -141 -445 -588 -557 517 830 -617 597 -723 -195 -180 82 -539 -122 533 401 -586 543 300 -1839 -359 329 -360 121 -892 1197 376 707 -576 566 650 193 410 167 -621 -337 -392 -557 311 -183 -352 -996 -409 -608 -15 302 -500 -900 543 -1541 -253 544 613 676 -610 966 891 -516 74 887 1060 157 857 -170 765 41 -934 581 -675 258 -270 30 479 327 -1501 361 -496 844 -343 -69 -418 -567 1113 -928 -1067 635 -366 -665 -1045 366 392 -1019 -364 485 1281 -850 430 292 628 -393 -433 458 -143 709 241 -655 -671 -812 64 -168 -2082 840 -900 1165 1142 469 1397 -256 -48 -368 1188 130 -903 -956 -588 -590 1016 -1137 256 637 456 -283 1037 -797 1497 910 381 -107 1225 -512 -35 -354 3 372 -435 934 404 -337 396 -1205 1265 -686 -256 622 -455 18 1114 41 -357 361 -586 143 589 -144 -1410 114 -715 -148 74 -43 845 622 108 26 29 27 278 -1236 -1146 1000 167 1694 -711 -213 -1302 
4 -127 587 -932 -386 338 -696 18 -104 -365 -518 962 -401 -23 -241 -397 428 631 308 -304 -52 713 513 -632 14 14 -712 -146 -770 357 440 -1796 463 887 -1 -4 5 -999 453 -315 -257 -297 58 -108 -705 599 -264 -11 -671 486 -612 -924 -456 469 -1484 -355 663 -137 -1186 -1104 -480 24 -1364 65 127 229 -211 933 -1240 6 -732 -386 372 -407 560 -121 436 551 763 -447 261 762 62 194 1466 -25 -106 668 -492 248 -531 380 31 -2193 -294 -602 -393 -152 695 408 1987 477 677 200 -1064 -184 -252 167 -874 493 -683 -1214 -467 440 -202 -768 701 -89 -1318 713 955 -1130 70 1424 -1079 569 -353 -271 214 525 -56 227 1015 547 532 -680 418 1472 -706 -324 -402 173 -64 -545 147 1053 127 -84 -625 -565 -168 -897 21 -477 68 744 -273 489 986 -916 118 -453 -892 -42 118 -1138 -782 -321 -254 896 476 -167 117 401 -174 -504 830 1286 -255 -86 331 796 367 1079 -60 276 -623 -610 441 -251 -373 -312 543 201 -218 948 324 1102 -83 -1092 -885 611 -921 -845 477 -168 235 -993 1701 -70 -204 1120 238 -847 -48 744 -763 -590 11 297 74 -383 515 234 1638 184 -170 -626 1130 -588 763 192 -539 135 507 -354 -980 -203 852 -414 -284 780 449 -792 1009 373 -1602 67 963 -119 543 -76 56 963 -1644 676 -591 956 -153 198 -11 -305 1687 788 -951 331 305 238 873 1002 -708 -684 879 -634 391 464 496 -31 -360 -395 258 794 472 -902 953 -1086 -112 190 753 841 -707 -567 540 -9 1792 -556 1579 47 267 340 
687 -1222 -334 -434 -568 252 753 596 92 654 79 1187 194 653 163 91 -108 191 -392 69 -1178 47 883 488 1109 1902 -559 -292 1324 -235 -612 380 482 -1119 -441 153 757 -1045 -227 -802 -98 -116 42 -966 229 -359 -594 -663 617 896 -326 164 1604 -276 20 -529 671 1060 440 370 215 1111 255 273 -369 -886 -132 627 -747 74 163 195 576 778 160 -580 538 5 -1920 -686 358 -424 -711 1828 31 8 -49 46 -32 606 -214 605 474 -170 -278 -805 789 34 -181 -718 497 -916 141 -343 -850 1159 -1609 232 -1495 430 1044 505 1105 122 194 -957 623 -366 -145 -324 -557 -523 -960 -2 960 -847 -265 501 490 -236 3 -273 234 288 652 -892 671 -272 184 -371 585 -422 241 109 -626 296 275 592 -546 43 482 -483 -721 240 832 505 833 -807 904 53 51 417 -849 -1261 595 80 341 457 -795 792 50 -83 925 -754 -263 248 -612 -1119 1095 -353 202 -10 505 -873 -325 653 1046 342 -57 599 273 584 -107 -317 908 -416 -150 -1481 672 -213 387 787 740 -142 -398 612 -657 -228 848 1068 -916 725 148 -1560 -451 13 -29 863 -716 -514 -1318 -328 -974 473 650 716 875 -364 -304 -271 -58 -16 -542 35 832 124 -779 356 231 605 -1034 209 -2 -230 -854 705 -85 -500 -804 -740 -1009 -570 -549 93 -15 608 154 58 -696 -556 254 75 -387 148 -501 478 115 925 -436 317 572 578 453 578 356 -472 -961 1183 236 -82 249 -400 -810 520 -587 769 -47 -200 -938 924 -953 -347 804 263 651 -1082 -462 -759 625 -1264 
842 -124 -777 101 -767 -380 -334 1237 593 -640 172 379 -247 -88 -23 -2039 -7 67 -485 83 1310 28 -479 -451 -396 -666 281 185 1328 447 166 166 136 448 290 -402 -1383 113 -328 -1420 -1338 -54 -244 189 -776 115 -862 -313 -606 -882 584 -440 -795 -643 -75 -44 1432 -732 -845 -1055 -806 432 35 481 -931 341 -453 724 -715 -259 1115 31 -210 -1224 423 -524 1186 867 -108 157 -439 -788 299 420 -451 -312 436 -493 -322 -314 206 -101 83 -687 -669 -514 210 -236 490 -126 962 485 -390 172 864 50 -1022 5 -323 -485 908 284 320 245 -1035 -474 -384 -73 674 590 738 277 388 -934 1055 480 -879 -84 847 123 -169 -632 -63 866 107 -266 -174 287 -770 318 -15 486 -229 -881 993 582 -251 35 1373 731 642 -678 -2060 -66 725 970 370 -568 211 1436 -615 -491 -993 389 -737 -680 660 -650 -164 -363 -259 225 -940 995 -313 1340 1030 -518 850 -678 573 949 80 -1431 -822 1040 -270 -74 1000 1487 514 87 -724 -424 218 -150 -72 -505 854 -219 -878 855 762 51 544 -225 -1136 755 74 917 -534 -103 763 -366 157 207 -1091 -647 -495 942 -94 263 255 -814 -112 -137 -71 -218 656 -646 542 -237 891 -121 -870 326 -633 557 98 1629 373 404 -1157 -1311 418 737 -331 -389 -866 -1185 747 -644 -1302 200 -367 -377 -1293 87 -892 217 125 -519 -739 23 159 -1491 -459 124 -318 -16 -208 475 -23 -329 675 -321 -730 681 208 552 -190 -644 -889 -925 87 -652 1172 -757 211 650 -1216 -56 1195 -617 22 -1611 1068 -771 1735 -616 
-609 -693 -525 -640 1051 281 551 -687 -461 -11 -303 509 -618 574 -334 -342 242 -498 275 8 663 868 645 822 -1039 611 60 -635 -1050 -878 41 -527 -387 3 -76 818 1136 702 343 -281 213 -376 -230 300 -482 -931 805 49 443 392 -1724 728 -31 966 119 -1160 -1468 251 -726 -113 -600 156 153 335 135 435 154 963 338 -595 -165 -126 -510 726 254 659 115 58 -314 113 -416 -316 -345 521 221 -1125 -451 994 385 -720 -324 148 521 -389 180 267 -848 -816 -174 162 -740 -169 138 -494 74 -50 400 276 701 -734 -398 -445 -57 -632 218 363 162 599 -496 -97 81 -339 144 -580 -383 347 264 -513 -589 -1014 22 456 -720 -416 -319 263 52 -629 64 -599 -875 245 72 22 448 -1105 -498 -747 297 561 -610 1074 -707 -230 1043 1134 -375 294 -443 -458 360 -201 146 35 -781 -477 1087 -771 918 -202 306 716 -378 -664 363 230 -452 -1161 -844 69 -488 347 -546 -793 -824 -797 -112 -647 -772 348 -443 -504 108 123 -472 -419 168 625 -77 -143 521 -1825 -52 -42 648 -1387 167 -213 -502 -96 217 -743 251 2 -165 -44 -484 -988 1385 394 1052 -609 274 769 -489 -202 1391 -433 729 777 967 726 -195 46 132 -258 -56 388 -498 -72 464 101 515 -529 678 -1221 56 121 929 -317 1511 199 115 911 214 -248 350 240 495 -943 -544 -291 -145 -709 237 -251 -383 550 928 766 627 1039 -94 -974 820 398 -866 331 724 -1922 -639 -974 -165 336 -498 -512 1439 241 602 -285 876 236 180 149 -295 -57 789 -361 458 865 
489 -6 520 -193 317 1033 -295 -167 -397 -638 1186 535 -140 177 -303 46 -771 1193 965 -593 -52 -627 -835 48 697 -987 104 -603 394 489 -302 -141 -378 528 601 -185 1726 362 -165 -550 -615 -390 55 200 -732 793 -456 428 -248 1318 -429 -678 653 107 -1246 960 799 -246 881 550 -281 1110 783 -251 1123 80 68 -132 179 860 -326 -276 -1016 179 420 36 117 -1236 -692 -448 -522 400 -397 -238 -110 -338 -321 1092 1082 641 -274 -299 253 -786 -569 1864 -218 504 0 -375 415 -156 549 -598 -1369 -5 -548 -435 -1387 711 377 -142 -624 822 -205 -257 -27 100 -1082 -409 1094 -530 1211 -1112 -428 -440 473 585 -782 92 -420 1388 -468 98 326 -349 -155 30 1038 -406 944 -221 342 536 -1580 799 -399 -919 40 -771 -1104 -311 970 -193 -489 414 -959 -45 -55 509 -79 996 605 314 146 1113 -854 651 868 912 1159 -512 165 -281 -602 -611 953 1113 -263 -414 -48 659 -255 -111 1328 -907 458 -750 -905 -1172 -277 158 193 1079 364 639 -752 -1072 511 -405 -1250 539 19 -784 -576 -178 998 -1152 -570 -429 231 820 -7 -63 -941 -421 470 497 749 -334 -295 -419 679 -1464 -52 -750 -534 58 -675 243 304 1014 87 -207 752 -795 -427 -450 11 -99 -1172 -323 316 168 186 368 -245 76 1570 90 -152 546 889 1480 -384 74 -83 968 1035 -928 1309 -333 406 -349 645 131 -585 398 43 -452 -875 -892 -99 8 -979 393 1356 -481 381 701 -134 1296 1089 459 819 74 -648 610 577 174 350 -616 -15 749 282 -513 530 698 -583 1407 
-456 82 222 55 312 -624 139 -672 -2052 136 1269 -673 -240 -58 -326 511 -82 -692 -462 -322 -64 -331 -852 1350 193 878 -455 1049 270 327 -502 1152 -676 -106 -11 -618 -28 -385 -681 -614 -346 -145 -490 -1313 824 181 -1004 -1390 286 800 -731 181 -37 912 -519 441 -767 1313 1184 -278 -334 1212 702 552 918 1554 1629 859 -96 1222 -491 328 -856 -813 -877 1648 304 -417 288 416 943 -1200 326 -178 -165 -167 945 776 -777 -302 -801 -111 -716 -526 -432 498 -252 1077 -130 -264 541 -638 -703 575 322 -182 -79 861 339 233 -79 -5 414 -307 -822 21 242 -420 -144 -56 565 -404 542 -459 18 101 -118 563 1186 -466 -325 -154 773 193 625 -667 -454 562 -1056 193 483 1241 942 -313 -10 -73 -218 -633 -126 -783 -316 94 265 -537 225 -1086 545 -487 597 -140 -490 -378 -480 770 -434 715 26 157 1104 -294 -185 676 -1018 -15 -721 635 -930 -432 -816 -352 -580 -978 -845 -76 30 574 -85 -152 917 356 -375 14 -883 836 -847 -764 697 -783 777 379 659 -1027 20 359 212 -37 135 -79 -282 -8 1051 182 706 -825 390 -1642 -554 1211 -382 -1995 -440 588 -1139 -579 -81 -262 -479 -89 20 703 385 343 -217 318 21 923 716 -360 -72 164 -561 -1057 87 -295 168 -712 162 167 113 -487 500 768 -25 -232 271 1279 1151 -265 -34 -117 207 -533 822 363 -1019 1627 422 -1543 460 434 -238 -394 -653 630 223 -738 -1302 266 331 -447 1123 135 358 -886 -55 -1086 279 -196 -1217 -120 653 440 -320 271 10 -763 806 627 861 1256 
-156 154 237 -609 -513 -1806 249 -67 322 276 372 483 222 261 -1082 947 621 -1196 521 688 461 4 -64 913 -378 -297 280 -1140 -160 -559 -550 317 45 -13 487 -771 687 -372 1061 285 294 212 -127 350 -485 529 -785 164 779 -693 196 -1368 17 422 -304 -513 -846 -140 -354 493 -1193 -16 -948 434 -188 163 311 692 -459 -572 297 206 -223 263 230 86 -1520 -270 166 28 872 -364 848 376 -349 -892 -1648 -1293 -583 319 896 -308 -527 407 191 62 225 -1550 539 1269 -407 489 252 -213 228 66 -518 -133 -538 99 94 -258 369 605 -690 826 254 49 536 717 -767 -1461 432 -457 -170 984 -480 -606 683 -282 584 826 -664 -749 -49 -951 -57 -362 1081 1011 -550 -742 331 1184 -127 1159 466 72 -224 805 576 -459 1000 326 -38 -852 925 1177 -246 -76 21 -200 19 443 93 -29 -732 155 96 -311 897 580 230 1086 353 240 -561 652 14 304 104 -590 1041 -152 1040 90 1361 168 495 -265 324 285 -424 -877 204 1007 83 -429 -710 312 -1555 -1561 516 502 1027 -1 -1462 -264 130 -163 256 -672 -1204 1533 -935 606 460 479 -42 760 -386 502 215 94 -167 -608 84 14 -579 517 -613 193 -309 8 -989 466 635 -1231 -516 1427 894 214 335 886 -234 1016 689 888 -963 32 362 -581 -464 994 -365 -608 -345 -402 -1456 -788 322 -1227 -673 -27 1352 319 606 298 895 -512 328 -1208 -15 353 -1721 -655 453 298 274 -627 575 446 -403 103 335 126 303 -728 600 -1097 -116 497 1121 -796 683 530 -311 -955 450 333 
-548 -1333 111 -146 -507 462 1850 -576 -975 115 651 -402 -479 -410 218 -15 -366 -267 -10 680 -579 -379 559 -377 -253 -757 -1028 612 797 38 1583 839 -30 -57 -419 123 -1448 -166 420 -694 197 443 94 1240 87 535 -881 -243 -710 -180 750 459 275 -1584 248 -84 562 -128 -529 -451 -636 -177 426 812 -542 92 570 -964 -549 -287 358 1247 1208 -668 399 235 386 372 252 -747 494 -308 283 603 430 238 -778 -56 796 -408 -613 -1053 -682 -1045 -290 606 178 -356 790 -150 -258 -530 25 -43 -135 712 258 1111 -196 145 -524 -589 337 189 14 644 -560 -1121 817 -420 821 -165 162 437 -80 527 -30 361 306 119 86 853 851 462 728 -713 43 438 207 -460 1209 -61 -298 -91 -951 -111 528 1351 244 1043 459 122 498 458 317 123 506 61 -319 -666 -219 -169 -463 -519 12 219 399 -422 152 -472 121 -110 -921 1598 97 -415 853 -411 575 -203 -452 -498 539 -252 -391 597 -802 25 443 -360 77 382 -467 837 630 79 -352 790 -1203 -676 310 867 1274 492 400 -141 -1362 157 -577 1451 489 -290 -435 -1054 243 1120 -380 604 175 187 157 221 585 947 403 -7 -981 697 1298 206 -255 -295 -1208 -603 -7 441 84 -467 -307 956 230 -332 451 -407 607 392 505 -22 -60 1026 -416 -139 643 363 1199 -160 437 730 -1093 -219 343 165 104 465 538 -148 337 544 465 103 161 -203 -730 284 165 660 449 -1383 9 547 -30 9 -158 267 78 141 -8 94 -398 -408 281 -37 548 -570 329 1145 795 853 -282 -530 
422 619 327 -596 1243 680 -1054 -181 380 -307 184 -104 -699 575 -328 -299 -127 976 -1158 -356 281 -996 251 -382 159 355 -142 -411 42 846 38 -158 305 -700 -187 -1351 24 414 1148 -455 647 812 103 921 -184 322 896 543 -251 -601 912 485 -372 -209 -258 -1061 35 -625 932 -1228 -90 649 -389 -385 696 -1136 -947 361 -271 206 -193 562 820 145 809 -59 -671 -379 -1546 -465 6 -666 -646 -827 -628 132 -233 788 425 -261 199 -213 74 12 -459 541 235 -85 787 352 -167 275 298 111 -215 443 -494 1048 -647 -92 307 213 -356 330 -163 -419 -918 468 -124 -1622 -655 -1263 4 -1328 164 -698 -584 -659 -257 576 -385 247 -766 -398 390 -508 749 -90 -515 163 -187 -948 922 130 496 329 -335 100 -1366 -792 388 -58 -161 -1269 -345 961 625 -44 -520 -69 215 -625 17 -388 517 -846 427 -85 995 -441 -425 -220 256 -301 791 -1275 495 308 689 -152 -174 487 89 349 -961 -117 837 -42 -593 433 -356 -465 -253 -29 -215 592 335 -185 -598 280 753 -709 214 -266 -6 -265 -644 343 -70 -96 -245 994 752 -330 -84 -165 342 -1078 -109 770 1052 996 -1148 -254 -945 139 236 -1041 448 -386 -1268 942 5 196 -943 727 -541 900 -337 169 270 296 -614 -366 384 741 246 282 85 562 -3 8 -88 -421 587 -733 447 -117 523 -785 -853 177 -380 654 613 -622 -1238 -910 -951 -989 -666 383 -325 -636 142 -60 217 74 -613 -523 -970 -1033 -482 841 -1012 678 -32 485 -167 -1065 836 -887 401 -181 -348 -45 -525 942 66 -235 
-19 -705 -225 -215 670 -49 304 656 410 231 237 258 438 -363 -1242 -235 -277 481 -889 -780 -31 -104 534 -180 -119 625 71 -7 1519 -292 161 -961 -620 1546 -564 -2457 -68 26 -189 -1659 648 607 -1026 -112 -417 65 -1190 334 -655 -1465 136 858 -1550 -694 553 1316 -119 -47 -634 570 1204 1379 798 -242 231 581 288 304 -99 618 -755 -327 557 295 -229 8 158 416 422 -282 147 394 -1000 288 784 533 -80 243 -595 242 -527 658 616 334 71 -108 -227 104 229 1055 521 -203 278 1407 198 556 287 -1524 388 -925 -419 33 495 -341 -549 -490 702 1299 -36 476 712 -933 701 -720 -1706 -328 208 -923 680 651 -846 151 249 -470 -937 -20 72 869 94 -112 -1209 -324 323 -427 459 -17 -558 86 448 -829 196 -1160 -712 -335 450 -750 220 10 -1211 -15 -1010 80 602 -498 -320 437 943 -1184 18 -578 -511 513 -490 -653 -121 -122 434 643 -230 298 -65 -720 436 -33 243 1550 -1061 794 -438 -1011 459 -729 866 123 562 421 3 -1037 673 -135 745 537 83 -322 1094 9 563 13 -849 -334 22 -49 823 -450 -69 18 -932 530 400 -623 437 -209 58 886 736 109 809 215 612 1407 -130 493 -408 -598 63 342 103 380 920 -461 0 -751 456 233 65 -216 -1074 404 806 83 535 362 414 -500 -164 237 487 -483 693 -875 -278 859 1028 -636 -806 -440 -1036 -137 -422 -526 714 -145 232 -378 904 780 -263 320 -245 932 217 -154 218 -95 436 219 61 -245 31 -287 730 527 -248 -682 -471 -1222 -249 389 15 729 
1086 -861 42 -986 -1093 -376 897 88 -126 -65 730 -213 1145 -351 -168 -128 31 1120 133 -144 450 214 274 -793 -209 290 -963 271 -1088 337 -262 -324 352 121 -11 -390 -1288 -489 282 71 792 119 -108 -547 -402 -464 354 284 -313 1673 1218 1240 123 18 -269 -386 475 360 -140 -215 -879 806 388 358 1859 492 846 29 -1326 -484 401 -506 -650 404 150 904 -366 -849 44 966 -503 -1634 542 -146 -497 -580 512 1098 876 -1262 218 -152 177 -150 -136 1113 1415 -699 445 -193 -959 605 525 -572 -207 824 126 -115 -442 -597 705 715 1025 -236 848 333 -648 43 -275 -942 294 599 -892 1303 -497 -1017 -1402 -27 282 -969 -565 400 -680 -481 763 872 148 957 131 1 -165 1013 -168 -1537 -352 -1196 -654 -149 -138 235 -81 1735 643 -1186 -82 290 -98 -656 237 -224 -471 1467 119 -296 731 -1643 -349 -711 -1718 -440 -547 521 -198 -37 -200 157 -304 -408 343 -123 651 966 1085 516 -197 -530 -712 639 656 17 -797 282 -1609 -295 -1225 122 174 -805 1405 -1188 506 930 -682 -912 -192 -76 -577 765 1457 -212 -85 12 84 -104 -828 -9 41 1130 656 172 -770 1025 301 -554 -1465 806 -383 -724 56 -133 -214 703 -614 695 306 559 -124 133 402 302 -610 860 437 -12 519 -283 9 -53 -178 -190 -783 408 -422 1051 -387 -211 643 353 639 99 1604 276 -794 278 471 -465 934 919 -906 878 58 -840 -861 -216 197 -525 -578 -70 182 266 620 -196 -485 58 215 -951 445 -173 -1188 -429 766 -576 -1453 -472 476 -499 436 292 351 -375 
224 280 277 586 510 -1733 -452 -326 -87 535 377 -237 -305 -386 -415 290 -464 -817 635 297 456 1129 551 557 545 -63 -61 -58 195 -309 132 97 26 -462 -138 231 -722 1018 -278 322 -91 208 329 -997 -785 934 1087 -758 -122 423 396 75 1372 -86 -146 499 -160 -384 510 -598 -450 199 -531 171 -228 -138 350 -607 -531 617 143 1410 -257 843 135 441 30 556 1054 1869 1357 523 -203 -434 -855 -223 -363 82 -187 -810 -1027 -504 0 -183 -720 514 -16 -150 -251 278 -390 -57 -489 -612 -369 -164 -950 912 -517 -554 -227 -580 150 528 160 -784 75 -109 -830 -473 135 -385 925 -341 -555 -22 428 -206 -448 -608 822 -207 1117 1194 129 785 250 466 -148 -1033 116 159 1036 -1410 -769 -1028 -6 -410 223 269 1111 371 660 -813 -614 -1220 132 -354 -867 273 -530 -640 -360 388 -1010 96 443 -413 -165 -1041 -79 283 -370 542 667 -75 -128 219 -827 -169 -48 691 -980 -119 -687 -5 -110 1048 283 -410 247 260 -1181 1053 305 -503 1808 288 -587 502 -723 111 122 639 231 270 -428 -506 -363 883 347 -341 34 1341 91 -523 42 -918 121 -38 -386 745 350 664 -62 -1346 -534 1195 -74 925 -45 -1429 -590 -423 209 38 98 -606 -210 -307 520 -595 -457 -41 -417 -103 517 364 -305 -1235 292 -538 642 -731 1170 317 746 -1320 -15 -211 -737 -1197 -746 465 173 897 376 207 -143 -386 -487 495 -567 -276 601 -740 -896 -201 -1262 437 192 -619 -251 -45 -68 -73 -718 722 191 -384 1164 -122 -743 -1145 475 134 -909 -753 -698 -16 
-892 -358 -679 21 1476 809 212 -521 -385 -9 -47 -116 504 -81 -151 520 512 -363 954 657 567 855 849 37 329 -311 828 -516 -386 -956 578 -494 -120 -879 -1325 142 268 881 356 -1188 -831 -892 269 -499 62 88 -116 383 -795 -260 -313 -35 356 1 -402 1303 137 -24 -369 -242 -92 539 1034 -93 -688 218 -941 633 484 -47 799 292 706 -457 380 -433 -99 -454 -159 -699 -530 243 -1028 496 -224 189 -199 -672 1254 362 -391 1 966 898 -1315 130 -424 -736 -440 628 -262 -565 98 -725 1252 89 -497 1010 -654 -37 247 1255 -212 -33 337 984 -584 345 -514 505 -416 396 168 -1335 875 112 -719 -967 535 -117 -630 279 -1421 511 892 176 -514 -291 -582 644 84 88 -429 -604 -480 117 803 -341 -67 320 1212 131 237 -182 -260 -405 455 -185 -1002 226 548 -106 1470 -738 -514 737 -101 -331 -976 -240 365 109 -589 437 -208 467 1170 -407 309 -489 41 -239 -177 -1017 -276 448 277 464 -1267 -321 -68 -1356 1156 1327 -189 -1348 -781 -682 -565 -37 -443 142 217 -736 214 -419 700 -751 89 -802 80 -19 3 1395 380 -838 557 1123 215 -459 482 -1035 111 -717 837 218 928 139 -929 -590 -762 -358 250 195 -1220 -294 -310 -136 -243 1019 110 -1104 98 817 -46 508 1063 -51 396 537 -1091 -834 1475 174 2037 163 68 270 944 -1468 41 -107 -505 -130 284 -749 -88 -730 -1204 741 -224 622 -166 201 -462 -178 -198 -376 1283 -353 -302 -118 164 -180 -790 202 163 661 -422 -619 -94 -492 32 90 -989 -460 -487 556 -788 484 
-1141 -1416 194 247 -1139 -441 -209 -518 -336 -201 -569 326 -784 532 -1213 -361 414 440 -1122 339 1591 797 -830 278 -498 -316 -551 -628 -696 -181 487 2229 -781 28 85 120 -98 145 25 90 501 -53 471 485 -404 -239 -1240 -590 -855 -853 791 -265 191 -229 -733 732 -320 198 -123 16 1060 198 128 -75 -692 -607 250 -879 630 -155 1279 276 434 387 360 -24 0 -746 -635 -431 -963 -824 260 -505 308 -887 251 256 -1 515 340 96 263 -919 -435 -985 277 -209 -410 280 133 -126 147 409 392 97 396 433 -176 -678 -35 255 939 -847 -266 299 379 -640 -13 407 237 -323 -394 139 1070 329 189 91 -417 248 1184 1069 116 301 1008 188 -504 525 -881 -486 256 -26 389 -658 516 548 -1005 405 295 459 -1301 627 -881 -560 -627 779 713 -469 1566 487 565 -726 504 -483 -529 -726 -700 281 -213 401 30 -25 607 -1035 676 312 -945 -691 568 -1066 443 -1098 260 -254 854 -143 269 505 196 115 586 -1062 -114 -846 959 1192 -575 602 -968 989 -40 169 -233 495 699 1961 -371 -1215 -1052 877 -972 1656 853 315 1350 230 344 -117 -740 -407 995 266 1085 28 -995 -498 -733 -479 675 -785 451 -666 -563 -800 97 431 -1465 524 -336 -372 -579 -600 -508 1219 145 -484 -16 40 -552 -351 69 -703 -657 384 -366 -10 -1414 -766 -725 649 565 2121 -1148 320 -941 -507 -1152 -224 -269 32 786 61 -722 1124 880 298 -110 461 -632 172 -1221 419 351 258 -822 -711 401 -26 116 193 203 748 155 -357 705 -508 273 383 429 -760 
-661 202 432 839 -628 -724 90 -252 -545 -55 1517 981 -533 -815 268 -289 676 -129 227 60 276 285 -907 -413 486 -367 260 -261 -27 19 407 527 -343 572 281 702 920 -544 -189 324 630 -271 -512 -328 -369 1037 1060 968 152 -303 -872 127 447 636 -436 -785 -862 449 -107 -239 -649 -150 424 271 -531 376 -41 953 -1037 -307 623 801 -67 145 109 -413 116 705 864 -38 330 -114 -1154 -440 -544 -1069 214 -690 -154 -1206 -132 151 690 -259 -1 56 221 -540 -853 -303 -556 -865 511 218 -658 687 -283 636 57 -830 410 241 1342 -407 -1153 -352 -973 -317 -793 848 138 358 -235 33 -249 744 -1191 -23 656 -637 -1429 -107 569 721 408 -601 142 -442 -714 510 651 470 795 -978 617 -343 -190 -230 -848 49 26 -33 176 594 158 -589 210 -263 -543 -116 -487 -6 -143 -201 -23 -547 -962 598 -847 -123 -330 309 797 748 -306 201 -3 -1061 -99 -138 863 163 230 -948 -628 141 604 193 -65 61 98 -335 -570 -674 -355 574 851 532 126 190 265 -863 9 765 246 19 -1068 -549 -674 1033 382 -58 456 425 -270 433 1000 691 298 57 492 307 474 256 -653 510 726 -670 -475 -325 -54 -341 379 -481 147 26 -529 44 347 253 826 489 -1085 -1155 1533 303 231 -208 -954 -1121 193 -763 534 39 239 896 -334 992 591 201 -275 33 695 -550 -60 -48 -730 868 -106 -783 -403 -721 212 -665 186 -649 -803 666 -1447 -876 -162 -289 425 -436 127 -972 647 -271 -829 -299 -200 -498 -1756 689 354 -145 266 -558 974 -148 
-72 -994 522 -981 717 14 -183 61 -368 508 372 291 -737 12 585 656 693 -77 391 -841 946 -1221 -1147 -208 1123 -1068 482 -1438 36 426 265 -225 648 -549 -106 -183 89 -260 -92 -304 319 -841 440 -591 -478 35 674 -685 295 -1376 1086 -1 -383 -780 -792 -88 1133 433 714 454 56 -119 -591 1027 -983 -610 322 635 514 -1561 -215 -399 275 -1399 516 563 346 -35 -145 -374 151 -138 1552 -36 -462 -138 -316 -1117 499 19 -756 564 124 173 -325 481 286 -847 -781 586 182 -132 591 44 596 -184 -842 -1075 -476 -763 -956 -1283 -487 499 534 795 -1902 -205 -348 -139 -605 -462 866 -583 -320 622 1096 998 663 315 -762 503 -13 44 203 627 -276 77 -134 -854 871 28 605 626 1197 -412 -469 204 -377 -304 1612 -706 305 -175 -928 -590 -469 241 -289 780 153 -968 -194 -158 -638 -670 -651 -802 285 141 923 -303 -928 458 109 341 1121 -103 20 -102 -389 -1324 1370 -215 -106 953 -390 -122 -557 -903 185 -264 -460 -587 -264 323 1714 624 346 484 1106 -797 -396 927 214 327 957 -503 -180 -504 -274 96 -888 -1284 -503 227 -328 -1043 -180 748 -408 -452 375 -436 358 1047 592 227 -2 1032 -364 1271 189 -424 -629 -340 192 260 527 1230 898 -38 469 211 293 624 -220 -1558 -495 351 -1247 -777 -307 247 224 945 -566 181 -556 -205 -1260 659 511 -934 -429 118 388 -761 -414 -309 408 -714 -94 1074 405 -17 -53 109 -610 -184 245 -119 -904 -428 -1409 -69 1303 3 1128 311 -490 -198 -562 -105 -179 406 46 -442 531 -168 
-434 543 835 -676 164 -771 715 -832 -522 -958 -557 1132 -441 617 -742 -877 502 98 1418 512 -915 -1007 875 -337 378 -379 -564 92 -317 -227 273 119 -300 -496 595 377 -1068 -319 185 117 -241 840 -1212 769 -804 -973 -99 216 29 -426 767 239 106 144 -431 -588 -734 -1187 -242 -775 1233 1160 -80 573 550 -241 279 -628 22 -602 -1859 765 290 -179 -229 -410 -233 191 -1039 -35 -488 -217 310 678 -811 321 -169 -1209 -585 -441 762 -1118 -130 244 327 389 89 -18 854 574 463 353 -887 -314 233 97 606 605 -662 -482 -51 -687 315 -1704 296 426 98 21 -190 37 -447 -39 244 85 -581 -278 -31 -226 -54 570 -657 1049 -1129 571 -46 -341 929 836 -468 470 -609 -16 967 -384 -356 -970 720 375 -1427 665 864 136 -1112 -683 -37 509 -242 -430 -951 1602 763 -105 14 155 16 -39 -76 -133 1107 310 -565 -151 449 748 604 233 428 -849 131 93 -164 328 690 934 -1024 947 1143 82 -575 -1036 -399 -508 276 -391 22 305 -257 165 -506 313 -551 98 -398 96 1771 -649 16 -427 -610 -944 -249 -130 1065 -72 -900 373 296 -849 378 412 -763 303 -383 -469 542 316 -1746 -285 -531 -745 291 -773 -314 -731 349 702 791 688 -464 613 240 914 141 681 -1000 163 -650 -313 -627 -20 -822 -1054 -211 -631 368 287 353 1289 -949 740 -1039 1374 -723 871 571 -1042 -255 -243 -326 187 621 -174 459 -727 -71 520 862 -32 -570 -715 -411 634 190 -404 -1004 -462 -651 352 -309 -260 -580 -33 374 -887 -689 502 -391 419 -308 -443 
-637 76 863 915 232 426 -158 832 1619 1223 119 -1266 -255 -603 59 829 317 -204 379 -332 37 -1983 -966 -269 -253 -574 226 -131 -1304 766 -762 -260 -48 1922 -700 -373 -1229 -136 92 -1030 -709 -71 -448 -1346 263 -470 373 436 1106 -1203 555 -1188 200 463 1084 926 39 1442 -388 272 -445 -476 -203 807 580 -36 -712 -608 -5 192 -20 384 -139 -541 480 -497 -694 -1424 1742 696 428 610 1070 -897 -1353 -869 753 190 348 570 336 -755 -279 -199 64 -624 579 95 463 461 538 -512 -260 1253 -406 -915 -961 -118 -513 1202 -94 -500 -678 999 920 503 468 -617 -198 -1096 -175 -514 -269 792 -1134 -1123 14 -478 168 -167 -1441 -226 -312 74 197 -73 195 360 328 279 -861 427 -206 697 137 -259 1231 440 451 50 -361 -939 -402 -666 -582 1090 386 1398 136 9 24 1123 -146 -104 -575 -928 -85 105 -583 -151 859 425 -1703 176 -21 -103 -1283 851 -809 74 555 225 302 546 -1171 -4 -487 -640 287 793 -728 367 -768 -454 -249 -11 488 330 6 -462 38 1188 461 775 -190 274 -310 1206 149 66 510 -110 172 136 -1132 210 247 -1007 413 792 -1322 170 1 75 67 -58 108 106 1059 -228 830 -687 -735 434 178 -378 1239 73 -1031 -218 1103 -493 764 -756 562 983 -823 -863 -331 -1514 -346 773 -1 -393 -842 557 342 -1279 677 -290 2449 1178 103 -632 24 1071 -988 -993 81 559 -680 -576 919 -449 -1251 556 297 -358 237 295 -216 746 321 60 739 123 -472 424 297 95 849 537 857 455 146 127 542 82 -132 764 
-860 -1088 219 -1121 439 253 224 -113 -4 -523 -448 669 -95 586 709 -459 117 1024 -1087 400 251 52 574 906 -720 423 -1094 -1123 -11 -382 -700 654 -405 20 302 -677 -323 263 -50 -1472 68 100 119 369 -570 634 -214 251 -770 -31 619 30 1603 -611 827 -545 361 164 -1008 -198 839 211 -595 -14 -120 -286 -963 1627 737 -429 -1042 -10 100 -461 -550 -639 -145 -448 -284 -135 -845 792 -740 -376 184 -276 -722 -101 746 361 -174 572 -258 206 -721 -460 1126 678 348 63 -217 1096 -522 618 -188 -697 -402 291 -636 175 -722 -59 1302 -1039 676 -658 -899 -296 1536 240 995 -492 1299 -286 -298 398 -125 -17 -418 -1224 -1097 176 -523 867 -108 -315 750 -200 -663 -529 194 367 -381 -144 53 -594 -151 -107 -266 -87 11 287 219 766 -257 -111 -115 -261 -52 834 -318 348 1491 -580 -1240 -663 133 492 -825 1215 636 612 12 456 -584 -623 8 -312 -35 -960 187 -924 163 -856 -311 199 216 -491 -1261 -314 1141 -235 -276 848 289 -125 685 303 1204 240 -42 -438 -722 -659 -902 961 -293 272 290 870 154 -642 -979 -738 112 -388 -202 -54 135 1310 454 -18 -1861 -929 363 -280 -250 -597 231 413 -1093 430 -243 -1311 -66 456 -513 1076 169 -428 -181 -151 288 375 -248 581 -491 -576 -654 1123 -1593 446 -47 -65 634 -867 -181 35 801 3 904 359 199 1550 -498 -628 273 -1428 -742 638 222 468 762 95 -507 441 -185 -803 671 -810 408 -159 227 320 160 774 330 275 -202 872 -739 -816 417 -84 959 464 -1543 1239 130 -383 
888 733 -749 -209 498 30 584 -180 13 291 688 -523 -749 -171 -953 -84 419 -441 495 -166 1066 513 170 -9 -257 832 440 532 -16 749 267 858 -175 186 -681 588 505 366 715 423 943 -675 80 -303 -498 536 544 1031 -345 -302 1298 1103 -535 11 -316 967 -132 703 662 519 -543 962 1720 745 949 482 464 -31 -520 755 -623 1038 154 -313 -614 562 84 -304 -365 804 -473 -1565 -252 13 628 110 1056 73 1024 -1362 367 304 845 -906 -541 -533 -326 -185 1670 -123 476 -201 394 625 1005 972 115 -898 302 -970 1422 455 404 156 606 427 415 -34 -1135 57 205 -263 897 -977 1070 203 -1283 -585 962 67 566 -594 -594 418 958 -211 -251 -594 394 -116 1085 739 -703 -35 187 140 689 12 172 472 251 -416 -134 -19 154 843 325 -575 -130 -203 -138 -1122 -247 313 658 -619 150 -982 -1380 -574 726 320 -1529 -301 365 133 352 892 560 -395 -381 123 1124 85 -911 6 -37 326 -359 -419 979 102 30 765 -226 -1355 -429 -2041 153 -139 -553 621 1389 721 753 1362 267 252 614 244 1117 -101 83 56 205 107 -567 14 253 6 -445 -229 1115 -6 -1361 466 187 -270 -819 34 907 492 -30 365 -370 -387 558 1265 78 -466 -1203 -168 1056 -522 -1186 -340 486 -550 717 -185 -221 -460 496 220 -6 219 -81 391 260 -551 1396 -859 -764 -476 96 -347 -754 -661 243 -413 1439 390 -131 -889 1061 -377 -1196 21 133 255 -253 -1133 -1028 284 711 579 -493 436 -601 -1071 345 464 -350 -142 -804 -82 -244 320 -232 141 
-737 -333 334 -483 411 -886 1433 -39 -1056 1016 -334 189 -928 731 131 932 181 845 619 715 396 -786 511 -1642 98 -22 175 -169 845 638 -152 545 47 21 -1139 -476 1179 -318 -526 214 29 101 -686 -100 -1005 144 561 -1120 -1196 -118 -126 -1422 1016 -115 -464 -225 771 743 776 -237 469 -537 -933 874 -967 494 184 -365 -1248 321 -956 -99 -249 614 -289 684 12 -1098 -71 299 215 -846 1073 711 -724 -316 599 639 -1157 672 -524 -917 -352 -340 -94 -1015 -94 -327 -556 -494 462 -204 762 -814 34 -569 -809 107 -301 552 -72 89 -159 1847 110 935 450 -489 833 -292 -774 -81 281 530 749 -759 -781 -647 348 840 1143 1157 -637 -133 714 293 513 -17 587 252 83 787 -704 -166 349 -454 -140 -790 710 -99 -320 -654 677 366 -343 809 645 119 -1247 -387 -137 286 -1172 -1135 -513 166 -206 108 -779 -102 76 -174 -771 281 472 125 337 213 439 -205 591 -108 324 -127 -897 -462 -416 12 166 -168 -317 386 107 -337 624 76 472 -149 689 386 -456 -907 6 775 503 -378 495 -490 171 460 -60 -336 453 -575 525 546 100 683 233 1102 -295 367 -562 -67 336 177 436 -390 18 435 755 -135 -511 1585 273 -86 -736 -1002 29 1586 -392 335 -205 740 763 160 -664 -322 546 -241 -407 -376 1727 402 -1135 -176 -488 387 488 -428 327 111 939 784 -196 -70 -322 317 -531 -391 -216 -284 101 1238 814 -1242 -955 319 113 -71 -468 509 -424 100 888 783 -163 -75 -1233 755 -1124 930 -551 747 1461 947 -356 -1428 -248 669 
-46 -718 722 -6 272 -464 -607 -236 58 -1557 -124 354 92 -1326 1183 -14 -657 -440 -445 586 -357 197 -577 335 -134 1165 -396 108 20 778 350 -980 -85 -414 315 962 -170 -88 -498 -78 445 -366 845 -415 -430 453 543 55 454 -133 883 531 -635 -808 -385 -296 1004 -71 -396 38 -408 201 402 -1152 1287 -79 644 -784 -188 -639 454 -114 -882 -1263 617 1066 622 -713 191 -968 -741 -248 -456 247 384 -68 1175 -200 112 8 -667 111 1032 -953 -394 1076 212 -405 476 -1227 591 -501 -327 83 963 94 -14 -824 531 107 -596 533 -223 196 -74 -180 129 -306 -584 -630 295 -456 -698 189 424 587 979 -251 926 866 231 420 152 -651 -818 -589 -805 -609 468 -110 865 -506 1771 61 -97 414 816 549 -468 549 -431 -293 -1052 1044 379 -578 -512 -237 -330 -303 698 2 24 363 453 656 -968 414 -273 104 -872 318 473 286 -11 -2 644 -83 -303 -119 -298 -232 -480 737 12 1118 116 53 294 -705 -553 29 470 456 -1466 703 425 789 640 -87 889 -354 69 98 -576 1095 452 -479 231 -441 744 432 199 875 -41 -471 1 539 894 -53 1257 615 -893 540 -996 -423 157 -102 -538 944 482 -569 -82 -134 -395 563 -352 -6 453 280 -92 677 -161 -278 407 230 102 366 -306 45 42 678 1577 554 -656 -362 504 -312 -803 555 -344 -944 202 -763 1587 -1334 -650 -657 1010 -244 215 -423 -213 -323 881 -125 -1043 -547 -301 -80 -880 522 -549 317 703 -959 -456 -135 -491 155 -104 -47 -1385 -561 66 755 1452 105 -192 237 
-371 365 656 -401 -659 700 -416 206 200 -461 720 -339 -186 50 95 -947 484 -575 -86 -694 136 -1654 913 578 1384 473 -83 527 1253 289 593 139 352 -318 -831 -221 713 426 -1065 -88 -152 456 -249 -132 -564 765 582 -3 -551 680 709 1255 -807 -419 350 -148 -1228 -521 -1162 -24 756 102 1101 580 -142 -1577 460 1258 77 170 421 102 -232 -1449 865 -160 -314 790 -1063 -301 -599 1594 -965 -410 -424 -731 1369 -763 -71 908 -371 -1205 -140 1249 545 917 810 1144 519 118 -887 -771 -1805 -612 -1062 36 148 660 -962 -358 -658 -824 -658 -863 546 -466 -611 -441 -610 86 148 -252 -738 -1534 -647 85 441 775 -136 -576 -1031 -555 -152 716 660 -758 -614 113 -222 -162 1194 -228 -679 750 1159 -1279 839 -614 -468 -147 403 -13 -801 223 -145 750 268 366 -1010 144 -186 723 1459 -173 -1100 712 -174 423 489 -272 -1013 178 144 616 -275 -230 176 667 -245 763 -990 -835 -435 -260 -162 -139 -319 -409 -41 -461 360 -335 -116 750 -692 -616 107 -759 38 -1325 1159 -188 -535 -252 -261 -7 712 1404 -1195 -83 -69 -579 1099 210 -441 -138 636 531 104 162 -308 -590 962 -22 -311 170 -304 -54 -11 -675 644 -36 264 -399 -294 465 342 -454 33 -199 222 -1578 32 133 -13 288 94 -428 1292 -709 -194 -477 -758 662 -177 473 4 1107 -574 -805 -701 -159 461 -107 -94 1946 -1409 -802 -1465 -216 406 162 620 460 -1011 -439 348 -1575 -515 -114 714 277 -537 241 82 100 584 1150 -1009 -92 -503 292 -105 1031 -368 873 556 416 -664 -413 
-1 713 -1901 -468 -1523 411 -789 805 -75 129 -65 -995 -631 -965 362 701 -404 649 839 528 -309 -905 -455 299 -278 462 380 -956 -1734 207 925 -1390 670 567 1122 -100 -65 1248 -133 1705 -593 -300 -191 87 128 -464 255 87 -466 818 -1000 762 -104 29 193 -421 159 50 405 621 -989 -314 288 190 -769 2 1751 -329 124 838 252 270 -434 1248 328 -104 204 410 525 594 57 667 -1335 -781 478 -765 -136 243 -308 570 1056 192 -606 -205 872 -768 893 -119 1194 -118 741 443 -1338 -412 -391 54 -1302 2034 -463 197 987 -506 -905 11 277 41 -1322 -128 40 479 -1017 631 919 -957 -1030 -206 761 136 1084 -1766 -706 816 -217 -642 -475 530 -965 -344 814 235 -654 200 928 -246 459 -251 143 -747 387 819 -320 800 691 -1413 -515 32 -136 572 1114 -811 1026 -735 372 -184 -1079 -632 576 155 1210 -472 -1077 523 153 -151 192 -856 -783 -529 -273 -658 715 548 144 -472 871 617 -896 -106 -598 223 1096 44 249 -132 149 -142 857 673 -558 -484 256 -34 502 782 -991 58 -317 -37 -88 1035 -1079 605 340 -422 560 1277 249 689 -167 -225 378 -1414 -365 486 -152 -57 -186 341 1117 -610 713 -762 578 632 1049 -680 -1278 545 -1044 905 -212 461 -291 -665 389 497 -913 70 1533 697 229 392 -610 -282 765 752 465 -74 -396 412 -645 437 -257 -191 269 274 339 1098 -605 -494 -24 -58 450 599 142 386 817 -63 361 423 171 991 -521 99 -338 787 -219 1437 314 -2197 135 187 593 -751 -898 -210 -154 -200 1094 611 
-668 -291 -143 -579 -269 -67 -241 64 290 -1113 -89 -338 -13 -466 -711 497 699 711 -1010 855 780 475 -169 -158 -274 599 -328 1635 -842 1299 412 1231 -452 -1190 -920 644 -530 672 237 -96 -515 439 116 985 -39 -314 -553 370 -71 -372 413 -1456 573 622 542 -500 -1048 -211 571 556 -647 -725 -1081 516 328 -716 515 957 420 -606 -1467 89 -1054 53 415 308 366 -452 265 -530 -22 981 -647 -608 -463 -400 -168 -304 513 84 -905 240 -855 -418 1167 -185 252 68 -803 -161 628 -326 -79 297 715 -659 591 685 1146 746 5 -502 -483 498 50 206 227 -696 94 810 393 -535 -943 463 584 863 -256 -220 407 -270 -418 -62 -479 769 553 -535 -1056 1015 -1971 1087 429 712 -1055 -928 -408 -702 370 -300 -661 -341 -467 537 -312 316 1280 -9 -833 5 623 -143 60 -892 1233 -1050 -150 3 -927 1104 268 1001 -376 50 -759 -23 -523 892 -116 -72 -25 -587 -825 -1196 -159 -618 -339 44 -821 -46 497 200 69 652 456 1362 1057 -2188 531 59 -1771 197 -1311 -1116 376 260 -279 24 676 450 -690 -191 1073 118 -1009 -451 238 -609 368 647 -925 -517 550 -425 24 754 -802 277 -650 -478 -497 -1226 -421 326 -199 18 -33 394 -702 -203 -270 -629 277 -561 179 800 214 -1379 183 -186 15 1736 -351 -1106 341 -158 1158 -114 378 613 -296 1176 -1359 362 602 -564 224 268 -751 -524 499 -102 1423 722 -905 44 -355 -1168 -158 336 -728 -442 -1182 166 -1131 -61 -449 -1133 589 1138 -1104 -437 -326 -578 531 159 -490 1432 -384 677 196 1035 
633 312 -305 803 817 -42 774 -100 1479 -136 934 -201 799 863 -490 -138 257 541 245 -228 180 347 36 -175 -175 155 119 -51 237 250 -198 144 -135 -1077 -885 -198 235 22 -498 708 -1371 736 1116 224 -396 559 354 490 190 104 738 -811 313 709 -29 330 1007 -143 -91 -116 -42 -301 70 -567 -1299 766 -23 -477 -552 193 -401 70 86 310 392 -946 183 1088 -151 696 -104 -149 390 200 383 -1026 -791 -1085 657 435 -281 -1099 66 -856 -717 37 -754 -508 -390 -138 1106 1511 -657 -471 -1022 551 396 1405 451 422 197 -989 217 228 29 287 478 -718 -389 796 -167 -184 -540 529 388 801 -1466 -793 -519 531 -618 856 360 848 -486 -880 229 -271 -547 -337 362 1103 -957 -444 519 961 -352 -345 248 -650 42 -519 1069 968 -178 -364 -490 -132 314 -850 -436 993 -972 -680 707 -793 -765 -731 75 -684 1016 851 -730 946 -636 -373 460 -549 75 402 -155 141 99 -724 -734 -509 161 -72 -60 -334 150 -535 -1286 -141 -208 -87 -594 -211 -667 114 -910 635 384 84 -290 -52 -944 122 486 383 -1029 -659 223 717 157 -291 29 635 218 552 502 222 -1246 779 -101 335 -175 449 -543 100 -1761 -701 964 19 -162 217 -323 -657 330 140 -1466 -212 -79 204 -24 679 727 390 -1115 1443 375 -397 -339 251 502 241 -612 -211 783 -547 595 -225 395 -318 -611 -916 -478 -684 -401 -520 -278 244 148 724 643 -39 467 907 553 -243 772 249 -750 195 544 43 -650 -239 -1653 161 722 187 -344 -536 1065 714 -825 432 228 139 
-244 -588 1372 809 715 355 748 323 -587 -426 -281 132 -216 925 -700 984 214 196 -357 -116 456 145 21 -296 79 1532 694 -1050 -1143 -678 385 1274 -744 69 -1242 668 544 -1015 -698 -705 495 -43 260 -608 104 1091 -526 -130 1386 211 -992 -481 -130 -975 624 -620 712 -271 -700 1243 121 892 409 400 -827 -188 107 267 718 -878 -381 860 818 48 -251 221 -359 490 -927 81 -1106 -135 1474 -135 -403 -378 479 -302 753 193 346 279 -1375 -862 -66 288 143 -264 860 -522 1023 627 257 -457 -977 -534 -129 -752 -840 -2 1897 208 529 -378 34 -207 224 -617 554 642 -423 652 296 175 -130 -213 148 -180 693 -779 123 -236 -1214 858 177 -1432 1572 1214 171 1159 -512 738 -230 310 -436 -18 -3 558 -1368 -334 -508 -158 403 537 198 719 -512 -827 -163 1147 -453 -471 -359 -1031 345 112 1342 -406 -768 392 90 -506 789 311 327 -537 -220 143 -551 -425 386 391 -326 41 -446 433 -121 -662 -811 -563 -238 -1124 -779 187 395 1105 -621 474 -914 472 -1064 -745 -796 655 -243 -522 -389 -1361 -362 1351 -926 10 95 -46 -559 -141 555 511 672 -313 -408 -684 -1020 217 -360 1014 -522 -242 33 640 -144 -517 644 -437 138 -181 -118 441 -672 -474 541 32 -1064 276 865 -440 146 -237 235 -803 -76 -210 152 489 793 -214 -1033 -1026 71 24 -262 120 -392 -123 450 253 -106 -663 -98 -499 -1021 -283 -246 70 -215 -881 -18 193 -521 -870 -373 1357 84 -111 -607 -17 -1099 775 -88 306 -502 -695 556 865 -488 381 -809 1071 1104 635 
46 -750 33 -443 -608 -1517 342 771 -67 267 244 -144 760 -209 539 891 -751 -220 369 -634 -571 -336 196 530 1204 145 -715 234 225 -1933 -1147 -629 73 357 -146 592 -1654 294 -635 -734 -216 -220 -994 -589 -424 850 -685 136 -295 -189 -219 -115 -683 576 433 -354 469 662 -677 402 -192 -189 -1059 -1308 -64 1 -134 169 499 -551 -24 485 441 365 -956 623 761 452 813 758 -1115 610 201 -661 295 688 -647 -1106 -334 644 -250 522 -180 385 245 370 907 -441 -530 440 -637 -367 527 -545 -472 -287 -428 -595 -346 -1094 892 768 394 -8 -115 0 635 -459 638 -32 170 934 38 18 -93 -373 377 1118 -666 -1150 -37 433 798 -368 120 1161 -643 502 838 1075 -466 346 906 -992 -1066 504 59 -7 -385 -546 -28 -223 546 607 -129 -97 292 -560 -433 307 684 317 432 -830 62 -318 817 -424 -1243 -323 -1166 886 301 116 -273 -319 -1106 655 -1584 1115 -130 324 -169 802 -712 1263 199 -335 174 -339 459 -1216 -107 971 -165 -748 23 577 1169 -395 -665 -756 547 376 -589 92 316 -816 -214 403 -652 -808 472 -463 107 184 1143 592 -161 -767 -536 1170 285 -599 560 664 924 1078 -1294 291 -211 -1020 -208 539 306 -300 4 626 -197 -37 154 74 -891 743 311 -128 385 -158 -771 233 553 -174 274 472 -1049 470 938 -326 -191 -321 -452 556 -234 -293 458 573 14 1180 205 -497 -533 -67 970 -331 31 -662 -1404 -17 -864 252 -577 -116 -403 29 206 1269 -656 -4 -124 313 808 300 -52 812 -50 -667 -93 -553 1182 -104 
499 34 -251 -1018 120 -633 -1040 -375 -290 -367 -1208 297 -34 -32 -295 -1070 -182 1615 189 910 1110 372 650 -817 114 -179 -373 -174 697 650 -114 -513 -364 -825 706 -1369 -916 1334 214 -207 364 192 672 -22 -291 -91 792 -1205 -172 1121 2059 1291 514 1085 -485 548 -576 -610 1165 -2181 -541 -693 65 332 380 284 273 73 700 228 -27 -725 -633 140 497 -531 139 227 342 699 -7 386 -664 296 39 21 -594 26 365 578 557 373 340 -438 -696 -88 -471 -321 -219 501 152 704 627 -567 232 1177 -92 -306 -771 -654 706 306 491 304 -44 -263 -318 1334 169 1051 141 -640 -392 -163 185 -1442 -519 -100 -178 -1087 294 -99 445 -60 -227 -487 274 1720 562 -322 -1365 536 -285 -355 -322 173 -2141 525 -522 350 897 714 1006 -184 -3 295 -617 673 86 -323 -444 -948 -541 -398 320 -1317 91 -499 -300 -416 -946 881 -90 -660 -399 94 -364 194 -230 -396 -775 846 352 -1263 -218 -254 -312 394 589 408 -28 595 150 352 631 -454 908 785 256 -439 -422 -404 156 682 -380 -551 -1008 -356 1068 1225 334 -367 714 484 -311 282 -28 -1034 89 108 -122 547 299 -967 -55 -345 -830 -189 25 -98 -778 -134 -817 -650 537 -793 -343 175 -615 75 -686 -886 42 601 730 35 661 683 17 -608 -209 265 793 435 -203 -592 71 1402 -346 -269 -350 47 -717 222 578 -1090 -10 514 1378 -98 -136 -1374 504 508 557 1094 -472 -189 196 -416 -1304 -1057 1342 619 552 -350 -332 -385 373 -882 -239 -1077 745 -303 -62 -1028 -172 30 -494 263 
72 -682 -1090 -312 -352 -1169 632 675 294 -770 -883 20 -9 1623 378 660 709 -441 399 39 -628 13 657 -34 -42 -726 571 26 -22 634 -45 416 -199 275 309 151 820 159 -22 -992 -843 1235 -733 -249 1290 -312 -499 -254 -171 -725 -1265 278 -54 493 -771 732 235 1058 -19 572 306 -1134 688 866 62 -242 -349 333 -108 511 1163 536 -654 492 -201 389 157 -393 694 324 -167 -293 471 -79 93 77 -170 457 -447 148 48 -401 587 59 834 118 -1007 463 -1321 27 -198 -33 98 -241 21 565 -143 481 -892 390 -166 -235 125 -838 -55 1633 670 -431 27 -355 350 33 41 -734 -334 -549 -1142 882 -205 243 361 -320 -189 -1013 -984 242 -329 -109 160 -66 -320 273 -970 -147 -1002 -107 -605 -8 108 -890 297 -105 780 44 -1074 375 -733 146 108 -703 710 -20 146 13 -157 112 -17 -883 85 241 -227 -631 -173 -618 -1583 604 -879 721 896 -660 -368 -1053 163 287 495 -468 571 2275 -467 317 -123 -127 260 -929 -28 1202 -164 -1478 -561 214 -203 784 567 361 398 -317 947 -507 346 -880 -95 -69 -507 416 478 614 178 91 -638 423 -211 87 698 921 -417 -1191 -345 1200 104 -659 -764 649 -41 -628 669 -228 -294 -404 1036 726 -420 -193 833 -351 -437 -45 -259 -127 575 -619 -435 -1003 -1057 404 549 -152 83 742 -422 -524 455 147 -1041 -1317 -467 -557 716 686 635 -591 767 -316 -1316 571 -396 -383 -816 -406 -166 256 342 -541 1154 -686 -546 -193 525 -881 -266 172 -626 -414 13 -541 423 -253 -186 -939 -225 -899 
688 499 121 -74 -33 -467 531 -626 2 365 -385 724 -174 482 -550 24 -128 726 731 -455 60 -467 -12 -1080 -172 402 251 -357 -497 396 -642 768 177 -389 497 -1403 -653 -550 1548 1158 -894 599 -350 1258 287 -931 -308 295 -1002 285 1232 -1051 360 -198 1 54 -674 -924 -178 -367 -210 -511 -303 449 765 281 770 1139 791 861 -22 -62 -212 75 -373 -1161 -582 195 215 359 200 507 -28 -738 -44 -706 -1415 794 -507 -340 -358 376 148 139 -1121 502 -638 -383 587 530 -242 -107 -20 446 103 550 721 -420 105 722 -886 -275 208 1089 138 466 -1629 493 52 1018 -1030 -92 686 -443 420 868 -162 102 -383 554 597 -396 -34 71 -574 378 -183 341 577 -192 379 230 1553 225 196 438 -466 905 -364 -95 -190 -172 595 -538 856 -733 -263 1035 270 918 171 126 -376 25 175 807 75 -576 -159 1271 850 30 246 -592 244 163 -794 772 839 120 -51 310 547 608 217 -187 135 339 -834 -182 423 186 406 -371 -108 -349 358 -755 223 672 -232 563 -801 -1 -416 368 436 389 388 -330 -380 650 727 80 -262 706 311 -587 -211 158 -590 -694 -355 -536 -637 13 328 276 770 -873 747 -909 470 451 -489 161 -225 -357 572 -740 -308 269 -336 12 224 -300 -38 468 716 285 107 719 -451 -920 191 272 -574 -751 -1313 439 -773 -245 755 929 -647 455 401 -34 -534 9 1267 -1382 655 195 -242 316 348 -138 -324 974 361 219 642 304 -665 -363 -172 577 1907 -157 -400 3 738 269 -713 134 505 277 -537 -440 
-707 -235 876 -342 -341 486 -1597 -135 245 433 -813 -413 1103 384 -520 -308 -883 218 -318 -431 -250 745 -8 -110 57 87 -70 302 580 65 -69 370 300 48 -68 -382 -301 1296 -540 -1138 -401 -17 -90 249 -1325 437 -559 -1247 -275 601 -670 -355 552 -539 356 224 -573 -88 -457 253 223 -306 572 -405 -1018 699 -438 306 67 712 -851 249 -968 651 516 235 -388 -292 -1023 198 -689 -2 -592 -362 932 277 -710 -715 1051 -203 478 869 -311 -427 -722 -914 416 -633 -229 389 992 -87 305 -186 1280 -728 223 -101 96 -190 315 142 -971 444 263 -447 -167 489 -15 22 -554 156 906 328 50 818 394 -113 10 -49 1049 288 -945 851 -315 77 -276 106 411 -416 -550 351 -1198 -1160 -461 -1291 -617 -145 -44 155 166 -210 -671 303 557 211 -248 -173 960 -177 -692 -148 748 -629 -1015 -91 1977 -42 173 1035 -217 -175 187 -598 -662 530 -192 -553 -250 -648 -195 -155 -1363 697 754 339 -624 824 -105 1183 -765 208 3 419 389 -803 4 -407 405 -92 -645 273 665 514 669 -746 240 -844 239 -392 -322 -12 182 1361 750 -164 -953 -618 -377 341 -1198 -61 1431 -772 52 -327 -251 -136 -781 370 1704 -314 -1182 -205 -264 -542 -485 -632 750 -623 921 -1039 -725 20 381 102 177 384 1203 -760 385 -389 -151 -1235 927 283 -296 -1627 -563 -564 498 -1478 -255 687 -403 83 261 52 -196 41 166 70 398 173 311 36 -197 -341 372 786 -695 -243 848 553 232 257 1034 -35 -66 156 -1267 84 1042 -287 -612 -85 -102 293 195 -40 
-545 -812 603 -182 -972 -146 -883 -1009 -989 -847 -398 436 1018 252 621 -708 -885 286 798 -774 786 325 72 182 -369 -511 675 -411 -331 310 431 85 -382 3 308 -528 -501 -47 245 1832 -584 188 632 -939 -433 -19 1695 -143 -766 -432 -334 217 747 -73 -972 -634 -249 192 125 10 -803 302 975 -1268 511 1546 978 191 -252 -186 598 -449 -181 60 109 -444 -285 343 554 726 -549 -916 -136 -191 558 619 1588 399 359 -51 20 986 75 -523 1185 -114 -306 -646 -132 -309 -507 -349 351 -578 -302 -219 -728 -500 -60 511 -151 565 51 340 -216 -482 -525 543 238 -288 -578 127 -157 -1298 651 623 470 -119 862 483 -449 524 1496 -514 292 1322 -413 1011 -385 77 202 369 379 -650 -726 -544 37 374 977 269 253 -26 270 -527 -597 -133 -821 599 457 -315 -146 -559 -1403 228 930 -99 -1687 179 -1021 1041 906 612 251 580 31 -66 459 216 -135 811 -1264 603 -151 447 -7 -211 173 284 283 -444 -80 1008 217 -268 961 1136 903 115 1098 688 -319 -470 -1039 835 -942 164 977 -130 -379 441 325 -702 -576 1217 503 65 -84 561 439 17 171 -1058 1060 -758 448 -503 -540 352 242 16 -636 -354 -549 768 697 -1264 -37 1712 1025 148 426 -86 -627 326 -62 -407 1167 1205 580 -245 295 -95 326 342 -430 -473 518 -900 412 283 468 -100 -493 -374 -897 126 210 1090 1017 -700 -498 -1772 -607 -138 824 -184 578 141 -215 1010 841 -153 740 -598 -311 -182 349 339 570 289 277 634 -35 951 -632 -405 450 -406 746 -826 
1172 333 276 -112 -213 307 89 -438 318 118 376 -440 -316 9 122 1170 -354 -759 -422 -1266 -67 1478 444 -427 -964 -67 -1548 -106 -372 215 -827 -530 478 -432 -817 -311 676 -491 771 404 758 -1115 -295 -84 -291 -33 -422 112 619 130 -105 -827 291 607 -1561 857 634 -790 66 381 51 343 99 -445 391 -531 -1444 -704 97 -767 -292 16 509 311 -328 318 444 -434 -386 558 616 -189 313 98 114 -176 -187 -651 933 -924 384 535 419 544 -276 996 1017 36 -935 -546 70 -1082 267 -293 -270 499 76 -13 -18 1075 592 -1102 857 -816 837 -714 360 656 -977 427 527 -921 1462 225 77 -506 780 -105 61 120 -605 255 -24 549 564 822 679 161 744 -230 841 -794 985 -907 -391 -368 -160 102 -992 -1068 16 244 248 554 -485 -391 544 -666 -807 392 -204 -123 -183 807 356 118 -571 758 -69 732 637 -554 -165 501 445 -18 -642 -436 -978 1612 -23 506 543 295 -814 -838 422 -1042 -1192 293 699 839 -1015 -551 -1051 -218 225 -252 -770 44 -1103 479 690 509 -76 -547 603 6 368 568 -514 101 -762 -644 -136 -303 932 842 611 146 -344 -69 20 350 86 -1045 1268 407 -869 904 44 830 58 433 -336 639 735 239 -248 34 -701 823 938 228 163 -557 203 556 258 -394 -1351 534 -407 989 -503 160 139 -409 -206 533 69 152 -45 -69 1481 -730 22 -453 455 -193 -362 227 -130 -170 -1055 825 1140 410 309 111 -23 798 294 740 171 -1324 551 -471 73 -98 294 -605 330 -411 65 -705 181 -270 -194 242 
127 680 -759 492 -364 -751 244 -820 303 -78 754 500 -138 219 9 969 186 821 747 485 463 -1492 -192 -935 0 -694 713 1076 -922 -1767 -157 -790 197 -40 567 465 -695 -1219 830 -916 -94 110 -389 -221 -1649 277 -556 324 -389 368 -603 431 355 311 955 1096 -487 -783 -205 -1478 -266 362 -516 -433 -151 80 1092 -354 -65 -27 -365 -1494 -444 1272 615 -866 -175 7 326 -797 -1555 -419 375 -755 571 911 -407 232 -409 -462 473 -39 513 277 -930 632 -457 -579 556 -36 1058 267 -548 31 62 -662 308 -608 213 -1113 -180 606 -1127 286 840 -218 17 183 -961 556 149 627 -479 -44 234 1632 -140 -487 835 -324 500 -18 -1142 -421 154 112 400 1009 -254 62 -124 139 -570 -355 -709 1097 -445 163 -445 376 120 -15 32 -626 -119 -450 -1066 -522 350 88 173 -18 63 -821 647 876 -92 159 263 -545 -409 -563 -457 684 -699 965 -345 -311 437 670 184 108 -56 -122 191 688 620 -932 496 -907 -221 -1395 1176 1091 990 -306 -183 -1175 -284 -377 -1598 958 393 102 815 66 660 -733 388 -523 885 -272 -148 254 -255 -104 -800 647 329 -464 -1292 -923 245 -280 1291 719 -141 -313 -190 -946 -881 -815 -1818 -1030 1197 -384 -843 695 1052 338 -1322 642 -327 -451 -161 -205 -276 -539 -1039 137 -170 7 323 777 -184 83 122 862 119 234 349 -184 -627 439 -290 -665 245 943 31 32 -593 -729 -1569 -1103 735 445 945 -607 1138 -116 -163 419 -260 -1006 -96 714 -622 63 36 -887 -390 765 978 -886 -834 -1019 319 893 104 900 
23 1590 -818 161 -86 1127 843 -473 363 -883 558 -378 338 330 1300 -837 156 -147 490 209 -363 -81 724 -795 645 903 156 265 -460 -175 -719 -729 -88 -514 -808 -1094 -755 -925 484 292 -172 -1103 -980 -350 -875 172 82 -754 -298 -373 1155 -521 537 638 -516 -371 -66 789 769 -326 210 227 -645 105 -342 1224 -400 95 -304 -513 945 188 -232 -577 924 1175 -1443 507 223 -195 205 -162 5 1194 215 -89 465 -569 879 -81 553 -482 127 303 -259 1273 331 -417 851 -1264 -987 -419 24 696 581 309 -860 -646 882 -1416 -209 -787 -492 375 891 308 -1822 -1483 25 33 -1196 -529 215 -480 -87 -390 -1082 -62 -792 -372 -232 -640 -620 -191 -393 -296 -689 -663 429 -861 746 -1247 371 -712 -556 -647 -128 63 502 648 843 -416 794 -1702 532 452 -534 -229 -348 -431 -252 206 542 -8 -451 386 242 -150 -1093 1257 -321 -320 851 246 -75 -343 199 -825 -1156 300 -10 99 1524 -160 -319 -514 -490 378 404 -531 -378 173 574 284 681 -1029 53 200 -334 -71 186 -647 -51 -543 165 -500 -825 345 -171 -694 -334 1148 50 -874 -654 -867 384 -768 -186 -1112 -1975 663 -971 -396 -1346 -78 -329 389 -273 72 1197 -105 -352 1363 533 22 22 952 -205 123 -661 159 1002 970 1064 1165 -540 -305 828 -252 290 -116 -157 338 387 552 543 172 73 -264 315 -80 -506 -570 507 -965 1014 1091 386 1064 -280 1220 -534 -257 -84 -446 -523 -1370 147 601 -218 62 -1386 -471 113 -213 -1263 700 -1102 -369 758 -147 -49 -558 -341 -969 885 -841 826 -697 
501 250 -209 781 749 477 -945 -69 -612 -782 960 -1578 335 -216 -166 -1064 -978 361 383 -168 358 -1025 540 -177 -659 -510 441 154 694 311 516 -788 113 -1126 467 438 482 295 -846 639 132 -731 -1368 -48 310 -348 646 -1502 -97 308 -282 -406 -36 -96 -1143 -708 496 -330 864 -307 618 -419 -652 99 -467 18 62 667 188 127 795 -1 558 -174 -897 429 3 -601 311 -1004 1371 -306 -700 1449 -677 -636 1053 499 702 -320 385 372 755 426 -150 -321 340 33 -440 22 -593 771 -72 -584 -356 460 111 -104 -380 -121 -455 383 271 164 -615 890 -1079 -857 -477 -1041 -542 -316 -349 -1242 -356 7 1277 191 -310 -96 -1086 112 -765 -809 678 -32 181 -12 -896 -129 -680 598 179 296 87 361 -211 265 -349 947 -304 703 -480 -1284 -950 36 63 77 -1292 1523 151 859 288 -428 -640 385 -454 115 -696 11 26 110 -545 131 -684 -205 745 197 -488 -245 -128 -550 522 -298 178 -507 132 -166 -665 804 227 580 509 42 590 -846 48 1087 -711 1370 46 -801 -379 -906 -271 -681 -157 177 -113 -182 -187 94 -21 629 -414 -1405 947 384 -418 -58 392 894 -589 -1078 -159 -1463 -657 -812 -612 279 422 1257 -54 462 518 887 -21 1144 -62 299 709 -899 316 960 228 608 -702 -105 857 1458 -1217 2 369 -161 -1479 979 305 -1066 -229 -730 105 928 -30 1064 172 42 -598 -314 169 -138 -1572 844 428 150 -229 -1475 40 196 324 -302 450 -482 322 -132 16 386 -431 287 -289 -1196 424 164 -890 -492 -493 799 638 -858 385 -460 
-932 -646 367 382 1403 166 857 -577 -183 -436 -278 1134 925 108 436 -266 -951 -389 626 -488 888 -230 799 687 127 1426 1164 113 -359 73 -272 -450 399 -604 309 -400 226 -34 -336 175 -431 617 467 -839 -854 964 697 -92 -271 153 518 1251 428 -1077 -1202 977 -435 -675 455 590 78 472 -387 -396 -335 98 651 -21 546 397 -502 10 441 -32 319 -544 -1029 41 944 786 -1088 -261 -316 -745 -735 489 963 -95 -234 -603 200 357 -869 184 -409 519 607 111 1643 -1312 -846 1112 -794 1 -48 984 -72 -309 -456 -55 1284 519 -509 -181 -379 355 -34 -659 715 117 1362 983 -818 -1807 616 -573 527 -749 -542 -571 -153 -79 -1148 958 -910 -417 -94 -132 388 928 334 190 -667 1027 -695 -492 988 -521 -198 -407 -309 1211 322 353 -286 -97 336 260 -407 92 -589 903 -355 179 768 -1210 69 -462 -417 -940 -684 945 -783 575 -202 749 341 657 1 21 972 -332 -391 71 -273 431 170 -519 -997 -255 618 280 72 1039 -94 200 282 83 1151 -50 47 19 246 -724 -1694 -143 208 -789 220 -236 426 -628 654 413 -93 659 636 569 1216 -352 -210 -164 -910 230 -759 -3 -486 578 741 -625 -905 -385 -23 408 1519 738 243 650 -165 220 -333 -693 -1125 803 -187 241 238 -294 249 468 -401 1150 377 -157 -535 888 -4 -1008 177 480 65 -266 213 -258 1735 -18 196 -475 -1211 -309 106 -371 -310 1470 318 -332 7 113 122 99 -804 60 -340 894 495 673 -600 21 -762 276 -457 -378 74 63 -190 879 114 -365 -588 -398 
-135 -242 -578 -42 1039 -825 273 368 0 -915 324 718 471 561 -141 -6 497 1104 235 34 1342 -387 26 334 -417 -259 299 -261 -432 -1404 -81 -213 -532 -295 -292 -786 -35 -299 566 304 -361 -290 -208 591 -20 547 317 -829 -677 800 17 67 154 -601 -1379 390 -480 689 407 -307 -93 796 490 -994 -140 414 -707 730 -639 -1070 -333 110 -844 -939 -156 665 -174 259 429 -123 396 -514 489 359 -709 78 -838 -826 272 797 709 523 76 -714 -917 1185 633 -407 -115 47 339 -568 -247 646 -290 501 -673 -675 -310 -1139 -430 -104 238 -75 -327 312 -307 -464 557 -89 -20 334 1000 -723 -352 673 -746 -476 -608 -288 -834 41 228 -179 766 -531 1053 504 -726 -192 592 826 472 -152 -1697 1184 142 593 -591 800 -181 -388 721 -975 846 -765 -295 187 772 1152 1632 932 855 162 81 83 542 -562 201 -367 257 -201 273 -505 -189 -624 1044 894 -69 611 -103 -349 493 -514 -394 348 1962 66 -236 -148 609 -291 905 195 -60 -462 0 672 -637 301 396 -699 -319 55 529 -953 -637 -1082 -895 -656 547 499 -267 294 -749 773 -97 839 -57 489 351 107 -244 -887 295 -1663 240 -1468 46 -117 -1360 508 -340 -685 92 1 -312 591 -776 591 82 137 -124 1238 -961 52 -631 -51 974 419 226 -70 1084 -484 -7 -552 249 866 304 642 217 690 -600 534 -580 226 -219 983 -5 16 383 -183 84 -2031 -698 320 -33 -36 953 513 -907 85 1104 580 -820 648 295 -452 -703 -429 -819 -372 57 1043 -923 695 -59 663 484 -685 
-1171 97 357 -862 656 -239 1169 141 -1051 939 -628 681 641 -1160 -574 -679 269 -592 -131 806 79 66 -365 501 -1594 -105 -829 312 -153 -146 -74 -84 863 570 536 -202 -772 -721 661 163 -584 734 512 71 -43 1165 -575 573 534 -278 1243 153 -1140 58 19 359 -63 -507 -458 -1869 -63 -392 485 -1198 228 -509 -557 -738 -834 -29 -514 976 364 473 118 -249 868 781 -725 107 218 133 59 -770 277 127 500 -25 237 841 462 -134 259 64 657 -142 56 -332 1183 -64 -1490 882 -836 1512 -845 413 1172 -96 1034 -1101 470 1125 -11 -292 27 1182 -396 396 -591 -349 -482 -273 -6 731 -442 632 -151 -121 -98 283 927 322 480 1019 -508 542 -880 86 44 -539 50 649 819 -776 691 -89 990 -276 476 264 -80 1034 -1914 647 -815 22 1064 1909 -434 67 -46 714 776 -286 320 -1394 -893 -577 -217 490 1316 -5 562 162 -541 260 -806 298 502 542 -945 557 -252 707 1408 151 629 394 -232 -162 -515 -88 228 424 -334 78 -564 405 -1091 -1267 824 474 -1009 -94 413 15 -140 573 -1281 -1037 -460 -10 176 2109 -754 -200 -8 57 578 275 -589 357 -594 977 -476 194 1088 -614 -501 -605 -729 512 285 -1440 -1073 -824 98 897 -775 -975 940 -705 504 -542 237 1121 -802 571 -956 -28 677 -114 735 -173 8 704 -259 -894 101 1399 -1495 -1344 177 370 280 304 1237 583 -346 667 526 -217 -53 269 -429 172 -26 -629 -1765 519 777 -1198 -674 -252 240 283 194 -1564 -836 724 888 -708 -536 262 299 -1423 1008 385 199 -1028 
-1123 -1261 -17 445 610 907 544 -606 -404 -287 -487 -562 -443 469 508 -311 -175 -422 538 -1631 89 65 14 -254 -943 226 497 -7 -115 -608 656 -127 256 18 192 -186 -499 -22 186 9 -851 -838 416 -170 -560 514 -68 476 -979 -572 -289 853 -746 397 -385 162 -332 -124 805 423 -369 -26 745 731 145 81 641 -451 805 -476 -682 -658 785 -181 -798 163 -684 -1629 48 -413 -153 -581 407 -771 320 451 1133 83 365 -640 -863 24 -103 -356 1153 521 -839 1056 875 -931 371 602 497 -801 490 -591 368 -386 -504 -1194 1850 482 -477 124 107 949 -845 -329 371 -934 -711 -470 -1368 844 397 -332 796 -701 210 331 -852 -276 -427 -318 -21 -1170 294 268 -35 369 1067 366 -433 -747 334 -584 216 -734 1209 560 120 -623 168 1434 -468 -457 1199 -303 1601 272 -62 72 -699 -524 -659 -1068 221 -892 313 -316 237 -200 -294 -324 -1037 288 385 -1206 36 -361 98 725 -228 369 -738 -547 -360 -642 152 665 -50 -436 -85 261 23 654 1019 264 123 274 258 -147 635 -439 727 -821 -372 -770 1356 1120 -228 721 434 -593 169 539 425 180 662 -79 42 -334 -703 650 254 1244 -198 97 414 203 626 901 888 -412 -177 -1352 -330 451 -731 1251 135 197 249 537 171 -268 -4 -13 -257 -383 49 1047 650 718 -232 167 241 470 181 1411 91 -793 929 464 489 283 406 80 234 -486 389 -950 -635 24 118 259 1304 228 -403 26 35 -92 269 515 16 991 -86 -817 -816 -1241 -365 511 -631 81 -908 664 -984 -121 687 -533 
-591 419 -167 -175 -473 916 125 -733 -1052 917 -464 -615 -252 -16 -291 353 433 -78 441 316 675 11 657 202 -522 91 20 -931 -547 -587 21 135 425 304 -431 -205 -82 1302 -857 -550 -778 -109 721 -473 -526 470 58 -102 448 865 774 -401 254 190 202 -166 -1205 220 -260 -816 557 -455 198 -604 -272 221 -1067 446 126 771 -887 -456 195 -873 -128 -91 -920 1 -73 684 -150 462 -1335 127 992 30 776 -121 674 -791 315 148 -603 -280 -1014 -911 -1089 638 1130 -409 837 707 1490 -717 393 360 243 -1120 520 102 91 -885 -172 547 -203 -1243 -1228 1178 -440 738 -807 -362 765 -1143 -246 689 600 -237 707 -549 586 -655 -85 284 838 -1242 559 -1134 -347 1004 -35 -503 -448 -321 127 -177 -1131 2 450 -571 423 -338 1109 268 -404 415 -150 -168 -445 -1042 -375 651 1247 -182 -13 -156 619 231 774 -429 545 765 -119 -103 248 -675 -81 -1217 26 -307 930 2156 -453 -767 -309 -396 117 -45 786 316 827 812 564 445 -1217 -93 864 337 -229 -318 -525 -242 -123 -1072 -50 -102 -897 527 776 1349 -1028 151 -57 -144 192 -669 -150 868 149 791 1088 -201 -282 96 378 -21 634 -261 151 -423 277 -356 -694 -104 -229 -748 815 -141 536 -909 237 -377 427 259 -1149 -447 155 907 60 -160 1189 1374 247 75 587 -265 -851 660 109 213 1283 -1670 465 690 904 87 -52 -1174 5 773 872 -731 -362 -120 -36 713 1191 163 8 -300 -366 782 606 231 134 894 -433 1477 481 -1213 -240 324 313 250 -470 892 -332 -619 -844 801 
240 -151 -329 -171 761 761 -310 404 -278 311 158 -375 38 -631 772 182 -134 -110 -656 -84 296 -369 375 -248 -1619 406 697 -5 1435 543 968 -566 1315 154 -212 1254 -325 1195 -275 -397 294 188 -1037 -524 349 -622 240 656 -174 -59 -1079 -1280 -564 143 433 -45 -297 435 416 1402 762 -20 -417 549 472 -231 -376 -139 544 -166 343 179 -208 -1336 -509 182 412 -1242 417 50 400 -15 -847 -192 19 698 583 -133 -45 373 -48 -188 -21 159 892 85 -143 942 -364 563 -156 -992 615 -741 -1023 640 886 -546 279 335 -90 -788 -868 305 1134 -474 201 674 -1537 -556 -249 441 1029 168 -783 125 -306 82 -370 882 -1423 -152 540 -684 -736 255 -901 -804 -15 404 -222 247 -231 498 -232 -1166 -251 150 235 284 194 284 -660 1123 -471 -29 -306 -338 -429 193 -302 -862 -282 47 -619 688 -364 -227 -39 710 -923 -1188 45 -438 148 1134 128 -305 129 -1222 -84 -1251 -16 663 201 829 -1261 275 -650 -142 180 -311 594 -999 -1454 -107 328 178 -1582 -272 440 1040 242 -452 735 32 -319 577 1577 -440 -203 -506 726 503 -372 151 -212 -785 -374 631 80 -409 879 814 -140 -257 355 564 -1093 421 1323 -1050 70 -44 398 -249 816 -656 -307 59 526 -782 1670 233 -843 241 -676 964 -308 -547 -682 -1399 -490 -572 133 862 -390 -476 -253 93 24 198 -298 -1168 363 563 -1030 881 99 -1044 3 -666 1173 -905 288 147 -525 -449 -998 90 871 683 -397 741 -364 77 142 -106 268 56 -416 -541 -851 242 -201 129 740 -1003 -768 126 
1032 163 -1349 -436 -1057 363 85 -132 -242 508 109 -83 570 678 -620 504 -388 1489 640 100 54 -265 -998 -556 -200 -143 -710 83 -784 223 -335 1128 398 -894 -692 -423 -553 -175 113 -793 1129 89 -227 537 -353 -734 540 -1677 6 162 447 330 725 752 227 918 -106 195 264 137 366 -71 -547 -25 468 -576 -139 189 -545 -323 144 576 118 1480 1115 329 49 395 -178 891 1002 -37 -416 -95 494 -1110 301 2040 54 -929 1129 152 -513 28 -143 -296 -480 -519 -618 -124 557 246 236 -681 -480 714 76 337 563 433 -55 -222 755 664 -120 762 372 353 53 -150 360 -534 444 872 -467 -68 177 -435 571 -29 473 -904 1811 -244 -31 189 885 -132 309 -663 -27 -485 59 516 -415 -294 -736 -422 344 404 294 1431 536 -724 -472 335 -497 411 -1015 -11 -1100 -404 -222 -639 -183 -688 325 118 -202 543 -265 84 -867 98 -81 -1422 -183 385 -54 -30 1557 830 -381 -631 -635 -1063 -329 841 116 -823 -704 -276 -1287 -114 -568 -470 1334 834 77 51 125 155 55 644 -412 855 293 -26 771 -1120 379 -155 -150 268 -648 140 -767 39 -51 1350 -680 -21 -154 462 -602 1268 -316 160 412 -6 622 585 -709 644 404 -605 -596 108 -1049 -204 1043 -1240 -18 -310 461 540 -1002 890 43 432 688 -275 797 40 -290 -1607 1352 -846 665 -445 -235 -676 1127 903 -29 -235 -1184 -224 -204 -471 -716 -625 270 1253 534 353 143 660 -1033 1129 713 -349 134 83 625 513 -277 1059 331 -818 549 -934 -869 -735 1266 331 -615 -52 1006 226 
-479 38 -100 95 875 -613 361 105 328 1110 -480 427 -109 396 622 -456 -696 33 781 561 -660 -578 263 758 -478 -655 -62 -232 -1236 -330 583 9 354 -108 458 -301 1046 -294 -824 309 823 -577 1164 -226 499 -210 1079 -1126 1492 -778 -263 -487 -575 -923 -88 176 363 820 123 938 239 -240 -532 204 -665 -201 -140 -232 -401 -255 -945 -64 273 294 555 -32 187 1084 213 651 -629 17 16 432 -177 235 -973 456 1164 85 546 -100 1249 22 430 450 -464 378 -936 459 306 543 -127 157 -996 -551 535 574 564 -128 113 -7 -27 636 186 690 841 14 763 -50 405 -329 -65 70 -388 -580 918 -131 829 521 1429 56 -634 -821 -732 1452 606 -417 -155 -1226 -1836 98 899 475 -108 -1200 68 200 -1674 -138 1181 753 -16 182 384 18 258 306 1113 -1112 360 94 20 -606 898 -730 55 203 754 -1126 753 291 448 883 207 364 482 -593 -842 471 890 762 222 867 -1149 -791 -293 169 -99 212 -295 -489 -168 -458 -289 788 -975 -795 -280 845 784 -699 -20 824 -172 -510 745 -76 -130 -199 164 -350 123 230 133 116 -936 -1361 -249 -867 -151 -1021 552 1957 -562 995 -180 604 606 -304 -696 195 597 948 496 130 -302 202 -523 -109 -398 -56 1097 -549 -467 -124 -651 -603 260 492 64 -902 -256 -305 -1486 -494 293 98 -285 725 -398 273 869 -643 -307 -44 390 -79 371 -562 205 28 -281 254 469 -430 -537 224 -596 -476 -837 -114 914 390 -381 -143 415 -530 1677 -779 507 -1332 -147 619 -209 338 -959 -512 290 -277 
