Matrix size: 300x300
Execution time: 0.366388 seconds
Resulting matrix:
-374 452 1026 205 555 209 1051 -749 -218 332 -250 722 479 152 -218 -4 755 1284 -451 1066 660 336 99 -598 252 -665 200 -508 474 -124 -1600 -380 -1427 -80 -1069 825 -338 571 -315 -444 174 554 499 -476 857 -182 -1008 442 -165 -232 133 -536 499 494 -679 -78 -71 344 -991 -507 -62 101 15 197 -692 680 -41 -362 -441 -94 -751 -171 -337 217 828 -214 -443 -212 964 -738 -509 -495 196 -191 123 -864 -966 167 -632 705 549 -682 -107 296 -610 221 986 561 -619 624 -209 -136 423 -50 -313 -14 765 -592 42 -700 753 -445 389 424 -387 1531 -232 250 288 -71 -1197 -322 733 -417 19 41 -848 273 -614 -371 433 369 56 1231 567 -1294 32 748 873 -751 -401 428 -243 1362 -100 766 -222 316 891 646 -245 -819 264 815 388 158 -50 -213 -1093 333 -582 883 -13 -455 1337 -202 -1548 460 589 463 600 -429 -315 354 -1379 1493 141 -58 1015 -796 92 7 774 1438 597 357 -467 661 861 -493 -505 18 -182 67 650 -182 1797 -545 -387 -1097 -246 -1377 -438 1125 7 -1222 322 -418 70 -366 -200 -328 135 -830 188 -1000 -67 1505 822 -941 -570 1084 -204 646 -656 266 -435 -260 -19 388 -741 79 -1132 -772 205 1333 625 -306 -655 -321 -30 65 244 -947 409 892 -1070 261 -50 -392 166 -352 -116 343 -438 -347 96 -519 410 -102 760 -354 719 88 466 549 686 193 -131 429 -589 -212 204 50 472 -594 -291 145 -1535 7 -43 -734 823 -286 -61 -189 303 631 -945 586 -367 690 269 -307 -812 -341 -789 192 -106 866 
612 -650 -268 478 -584 673 -111 -773 703 -447 -849 1592 1179 -315 -629 646 6 -429 682 -59 659 179 -683 -534 -325 -335 39 241 -962 91 -1153 1228 954 -915 -105 -150 -116 -144 -22 -870 -566 105 -589 719 1266 -459 -19 696 378 561 -113 530 612 338 -1029 669 -707 -484 108 -944 564 -909 232 107 -524 331 -588 389 -418 134 1292 -246 63 -383 172 -381 -1263 -49 -443 -433 -791 -510 -25 -345 492 172 -622 642 -728 926 -380 -114 -388 532 -119 -873 -489 170 215 332 115 -67 -47 -718 -122 76 -125 399 621 151 169 -261 -683 1433 -52 -392 29 421 -395 -67 -363 -379 539 282 -448 821 493 958 -217 -1096 330 1539 241 1073 20 -138 -896 60 -1141 594 -566 -703 104 353 -31 -934 -527 -762 513 549 276 -156 854 908 276 477 -99 -151 -204 713 -537 -657 -230 -285 468 -28 167 153 -184 -1194 -3 -748 -355 811 -130 103 278 -556 -59 42 -382 -569 -8 -544 -539 -338 599 -1032 -106 174 -494 722 506 676 -260 -198 -675 -605 263 -14 154 -307 -613 1031 -79 -561 102 -93 -211 572 1332 -699 -750 -451 544 -182 -1388 -835 1086 401 -652 -758 401 -931 -75 -468 -108 608 88 908 -350 631 406 172 -648 -13 603 441 760 -630 778 210 -294 559 213 486 643 -1051 840 -359 -200 -230 -983 103 -146 -429 841 483 -632 -527 37 -241 1307 491 -1006 691 -170 -508 -918 429 1157 -779 289 78 840 -1037 -764 -82 1000 296 874 894 -1040 -159 192 377 -290 16 -1415 -463 240 464 571 -151 -859 472 -637 909 20 -369 
-197 8 -518 -520 942 -1006 -398 303 49 -237 736 385 442 -557 -498 439 812 -134 -911 630 -1511 -1552 534 -593 892 34 158 657 -1069 42 460 374 -553 -1199 164 -410 -533 -1549 -108 -598 90 1132 -268 134 342 -79 800 -405 29 -375 -105 -1156 -4 167 -798 438 -838 304 -236 -330 -21 -434 555 263 -1508 -310 -602 1069 -466 303 256 -6 -723 471 -84 82 7 690 248 -984 353 809 -511 325 -1312 -1367 187 -347 6 206 -455 125 370 704 -63 -451 -841 314 -945 105 1135 -281 225 -686 -171 -321 63 356 -623 -387 60 -601 277 -1754 218 -422 -1017 -388 -299 -668 322 -723 338 -653 -1329 522 -927 1144 64 65 -268 -325 -889 -353 -1121 -402 167 -67 -257 395 134 -135 -461 185 -258 -618 1160 -788 -146 -232 96 146 158 276 537 -45 -203 169 -12 -184 -481 -261 -187 412 92 -30 -598 -884 -347 427 -127 -1271 -35 -261 298 243 -981 -1086 705 1284 1046 -384 -1366 921 -80 450 415 -342 -831 219 -394 -627 48 24 -537 953 193 -456 -219 270 360 96 -182 -1554 101 -471 -1087 775 -1210 94 742 -449 266 1295 1525 434 -12 298 -168 753 -815 487 1144 524 306 309 -877 98 112 -1035 452 -623 206 -666 451 -238 378 -378 754 -994 441 78 730 -446 -351 291 537 560 601 1140 -924 -354 -490 -814 -563 -449 -322 -21 223 367 524 -42 -186 776 455 -1262 751 294 -1176 663 486 511 -319 -117 907 -249 265 -446 -44 542 177 267 -71 -866 1184 1183 1118 828 463 350 -911 -216 251 -128 189 1577 -433 -600 513 1101 
-671 493 79 187 505 522 357 -958 -262 1441 241 444 -262 -119 -655 -106 154 358 -444 -559 317 -622 5 -1006 360 -542 -740 -814 573 687 2 1171 -806 -211 699 774 -175 264 1371 422 -861 -819 255 -158 416 -856 373 528 -179 78 23 145 -598 440 -918 766 -1337 -812 281 -619 1433 546 -79 50 818 -558 -465 764 708 625 -35 727 27 1876 395 -91 309 -22 -98 -885 186 1290 1446 -375 -4 363 178 -1166 -852 -449 -1308 689 143 -577 -347 677 -284 271 282 -265 592 145 188 613 -979 696 477 -115 -217 -679 738 653 -147 -539 -1431 692 -322 441 908 -1945 -1790 -575 -581 -810 138 -67 -607 -1591 -351 931 -570 -540 604 -48 462 -673 -1350 -262 666 461 -175 -225 -745 713 -1294 -599 43 705 -826 516 667 -251 -558 37 107 -139 105 266 -170 -375 399 263 -84 333 147 746 848 320 -74 -1181 -313 -12 -472 501 -280 842 -164 409 -334 -276 -114 1038 -172 1059 -155 -1275 182 519 183 318 100 480 95 71 867 -772 -1117 -733 200 172 982 -589 51 -178 51 518 -788 -1190 -32 -717 333 -1195 -605 -204 163 -339 -266 -161 -158 -46 479 -221 70 398 -691 -35 933 -807 396 587 -1 -538 -524 -628 -798 -383 -1132 884 -609 518 280 -960 -75 66 826 114 716 -679 755 -126 286 1498 449 -105 587 342 885 -632 28 -371 922 32 -1335 1096 795 -952 -230 1105 156 992 -1150 -852 438 -266 -162 -224 259 -1261 891 -143 465 1301 -831 136 1123 570 -163 214 -109 104 -165 109 -433 -975 962 109 -185 231 426 866 
-349 495 -44 137 -273 1387 697 730 1175 694 -430 -786 -499 209 674 -827 604 131 111 250 -1052 127 89 -68 666 230 -262 105 433 330 -1540 -650 53 397 -432 -320 662 738 417 -442 -446 -667 314 1034 967 -363 -937 -497 -561 663 56 243 701 -647 -181 20 -464 -19 -4 -59 -675 516 935 -1441 -1134 27 944 454 75 1223 -433 -487 -465 -143 208 -454 -192 -79 755 -1006 -475 -675 -289 701 385 916 -359 -318 381 -515 -246 189 -158 -47 -667 -164 1005 130 -396 4 -264 -367 263 -270 19 1201 372 521 243 -426 29 542 -656 190 -590 -613 -933 801 1125 206 -177 422 40 900 983 112 -217 -314 37 -533 538 183 333 -574 -1013 276 1225 1587 566 -92 -1095 -385 -626 775 260 388 -620 460 -595 867 -218 -270 -257 -146 -304 -1863 793 1019 -322 1293 -232 22 340 403 -841 -199 340 -128 285 31 -1048 55 -76 166 -1053 -421 1136 115 686 361 369 -116 80 275 592 -576 -183 422 1639 116 971 -74 503 -483 -891 380 -845 72 345 492 -976 -195 362 629 226 53 769 877 16 -448 -604 725 -320 387 -93 -193 -1245 220 -875 793 426 378 391 -109 430 -640 -495 -717 580 106 649 233 406 48 272 -277 1221 161 -224 885 -440 -141 710 -389 -985 -333 370 647 577 377 593 863 77 -592 -768 -91 -120 -678 -1178 -991 -916 -12 739 -154 -676 -1364 238 191 895 284 -531 831 -543 -119 -1516 -712 -264 384 -400 -366 1964 34 -955 576 -6 -24 -445 252 916 530 321 -216 -394 53 -659 473 461 -1214 161 761 
1229 -300 -270 -583 1860 -1221 -908 162 467 -163 53 791 1119 781 -203 373 430 -220 1009 -297 -1143 90 264 77 11 -1472 4 -525 298 -302 -289 -52 1290 252 205 -1048 1106 -240 1064 -58 453 117 -808 655 623 156 -692 -246 53 -149 -532 319 607 711 85 592 -883 -26 -675 -1045 -280 -1237 566 689 -369 708 -1360 48 29 524 713 17 329 -94 -354 700 -406 1075 -872 1267 786 -1299 966 -56 -994 -443 -362 1009 -43 -1217 89 995 -1095 -159 562 -227 -382 1085 -1300 -837 1436 467 -288 -62 645 1293 -89 949 -402 192 -603 -217 -115 485 49 226 -351 607 -511 237 -298 -830 44 -888 797 -421 -1093 -110 401 614 963 265 45 1435 109 -1370 498 -484 738 243 -1107 334 423 -350 -170 506 -615 -416 229 -207 603 552 -238 -58 661 -725 394 -162 514 284 -228 1363 -308 1238 -403 3 -11 730 -483 51 432 393 -79 -1124 1144 440 -827 -262 -1202 -1064 95 -176 -776 -70 -565 -819 236 62 -53 211 -550 149 -91 -166 1093 -169 -146 -2271 -97 -404 184 -1074 -384 927 -227 -352 -818 52 -524 116 -916 772 -886 -88 -567 641 971 491 37 -499 -406 -348 -701 -550 -820 33 -313 -340 354 1119 -797 -68 -169 -197 -430 -1602 -20 -163 290 440 133 938 -117 -1001 356 20 -318 -1093 1860 -84 -1645 -38 -984 -160 -530 -459 -467 -989 -644 -19 -48 -596 -306 525 117 1681 -117 -845 -83 199 -4 -958 -715 -800 541 -1205 434 543 826 -259 582 -277 -326 435 222 508 280 -60 -76 952 58 -112 146 -560 430 823 -516 -744 500 333 
-930 -695 -659 122 -203 149 362 -376 -963 -927 655 -356 -743 -1264 -32 -836 188 261 -390 -112 841 -655 18 -205 114 353 -936 -353 267 -141 -299 -838 304 797 704 419 48 -580 501 663 -315 1022 770 -653 989 871 -1130 -307 176 -1134 -565 -840 -650 146 -116 -890 -686 -1072 -771 629 -379 -530 -1303 552 651 835 -437 533 -401 794 -548 -657 -145 1033 -212 282 -455 380 23 -750 -755 168 978 157 677 337 731 -937 -489 579 -902 -151 32 -813 579 691 395 -152 -1046 -910 -553 -227 -1542 871 767 349 220 -1011 63 304 1122 -579 -253 141 624 -469 -421 1470 215 -672 -847 -368 746 -1075 -42 -579 1411 902 -494 -153 -1058 527 611 -369 527 -241 424 8 558 -356 -896 624 843 -518 508 162 -536 645 903 -483 -700 666 -15 -14 -218 228 1227 -183 768 -323 84 -314 372 -387 188 -139 -1014 835 45 102 238 -187 464 204 -171 -329 -365 148 1284 -753 241 -17 304 -424 -268 773 -449 -447 -49 -896 94 -804 -457 186 298 362 458 60 -1609 297 -466 -278 -328 -171 568 55 232 750 594 678 63 766 980 -772 169 -202 7 -99 -427 -162 -209 -568 519 -860 840 93 433 974 -610 -377 -663 -219 -74 -8 -1332 492 -110 -310 -1192 276 -275 720 -45 755 1570 -246 579 -559 188 -516 264 -973 450 -513 1284 284 352 81 -81 225 199 -258 200 -614 -787 -14 -190 375 419 564 -180 -691 -390 713 -383 -513 95 332 611 -553 -384 -401 -66 -802 -11 -353 919 -435 -559 -723 141 -969 737 546 -1043 -740 -468 337 -387 -866 
420 -1048 533 157 -683 -242 72 788 289 169 394 -184 277 476 204 313 -21 77 383 -94 -439 -125 -54 316 -808 -647 -1160 1161 -915 -651 -266 681 -919 -321 -252 156 -251 -554 -47 -382 512 235 -113 356 -496 714 -96 271 1407 -132 -485 524 227 -945 -543 317 125 621 911 -505 -762 -201 -174 -461 -541 -986 -426 41 -672 -105 -1119 309 233 -74 412 1074 -281 -336 -688 -151 761 1306 -269 703 -80 -141 -320 -426 86 1476 979 -433 -556 914 -525 754 323 -422 930 -574 -87 1167 222 98 -47 544 -1279 3 395 1169 592 -493 -1148 178 735 -825 134 -698 -621 715 1064 152 -378 -353 309 1599 60 44 262 -943 -108 42 -410 1182 -73 -961 301 -730 -177 894 -13 -410 417 -321 912 -817 432 -1079 -259 652 909 1076 1394 372 -1479 -195 -227 -594 343 -989 -252 -32 166 977 1179 -636 -948 336 684 86 -417 419 1063 -382 738 367 328 -487 161 374 -79 -685 -1409 424 117 679 279 -113 -1231 -669 304 357 -559 -452 837 -65 447 -161 122 -241 279 475 -1 -792 418 -1068 251 -288 -40 190 -548 1167 200 1409 -390 -26 689 -1081 -209 -501 -761 -518 14 -932 1519 383 -1786 759 465 -916 -296 209 -131 1008 516 -924 718 782 -660 -14 -336 -67 -576 -833 87 1363 -1251 662 609 518 -554 258 821 1104 565 -532 -728 -382 407 -936 973 -170 -631 -1049 -803 32 -680 -1431 650 112 -368 24 283 527 374 379 -3 790 -201 -838 -562 -318 -504 -567 298 111 -223 -134 945 -355 348 -608 367 -1079 -479 1359 149 -12 70 260 
84 200 -244 275 377 458 -221 309 -702 -818 -660 -1101 316 97 -48 -169 615 722 616 1041 -497 -723 70 -420 -1492 -666 -305 -485 436 -1031 1645 -279 565 164 -624 -587 -121 -1058 124 319 107 138 837 531 1555 -722 107 516 -943 -1132 206 -1382 387 -52 440 218 517 -33 -407 -106 -919 -613 -447 690 -357 1077 -205 -310 -1102 128 351 -328 -159 657 1353 443 329 1347 802 142 790 130 472 -258 338 -763 12 -461 412 1240 -1068 -266 308 514 423 217 -54 282 -516 42 -46 30 42 -501 183 -1192 -264 -334 744 870 -1547 -425 369 4 55 -291 187 -842 -473 -401 511 -926 146 632 251 335 -36 -467 1213 -750 -752 318 -797 -846 -345 387 -136 -953 663 -930 -372 841 227 -497 345 200 1027 -689 1391 414 836 -205 150 615 -76 -846 236 8 279 -201 -654 1588 -54 346 177 -553 -774 -863 -98 -376 -314 257 -552 552 -550 290 670 -481 260 484 960 1178 -175 -347 -706 545 134 238 -1031 -29 -400 -1079 -1028 -58 -146 -108 435 1110 -248 1098 3 -495 577 -326 516 420 -813 178 -1094 -321 -244 565 690 104 30 1027 636 388 829 647 47 44 -236 916 584 368 -955 -190 474 -254 648 339 119 216 941 -182 1026 -211 -578 773 -767 549 -91 644 742 -125 468 -517 -121 -149 -379 518 560 -731 986 -311 -729 637 919 314 219 -68 -591 -205 325 -43 201 166 493 943 -418 -251 1 393 -126 -424 74 415 1696 -206 -823 -755 300 -1481 -1163 -374 1672 -314 613 -98 -590 462 382 784 620 1009 544 -185 -243 -440 
65 235 1193 -599 -417 -784 551 -1032 -1095 461 394 -169 777 -508 -597 347 -386 834 244 115 -1056 -195 262 -1374 1148 437 171 -101 23 562 978 208 18 -604 652 -929 313 -126 -1776 226 218 18 71 418 -92 230 -192 -417 113 413 281 361 -105 321 257 -722 -219 574 438 354 -287 -263 -488 962 -929 6 -177 95 -13 538 -381 336 203 505 -93 4 412 578 131 -44 -220 662 186 27 -339 1484 -260 -358 568 1072 -135 -337 254 -309 268 437 42 224 319 -833 -329 -3 -77 -849 -649 -298 47 -504 712 -342 86 -261 -72 -577 1160 -455 -633 -444 194 79 -426 1148 151 539 257 -624 351 -1203 -276 -909 -83 -979 -495 142 -352 769 952 -451 -138 -63 251 -1012 -652 628 -86 140 -665 600 -883 -1570 -1178 -923 -750 588 -60 -292 -327 238 853 673 650 171 159 -199 -575 -327 239 -386 629 134 -132 -456 492 241 567 773 252 669 -279 -218 1034 -679 -159 842 -360 592 -465 758 -533 776 778 -1272 -266 -76 -136 -106 -163 -876 -53 -655 -854 795 -1100 -413 405 -443 433 332 692 793 554 -860 722 515 85 375 -372 99 -308 520 21 -303 -306 -23 -102 -503 1216 7 -442 -474 684 334 845 -25 413 -676 -17 -337 29 371 463 -407 -1488 -929 552 -104 690 433 -499 -283 86 -76 -102 398 -214 -345 -397 -765 132 878 -391 304 -961 -1148 344 -529 -85 -197 520 -464 133 -202 728 726 335 -645 -923 -797 -90 -136 -561 446 -691 204 387 356 426 -98 18 -176 -375 11 -334 170 -236 301 -11 -193 767 700 
382 735 -1212 -905 -1071 365 519 6 -960 -418 -148 1018 -700 317 107 -310 297 -354 -475 374 594 10 -72 -95 237 -156 -943 -439 469 -301 757 -395 196 337 482 -78 54 -665 -367 196 298 -443 304 1360 -98 314 -107 -127 762 -257 -227 594 -575 -476 -906 323 1537 55 835 99 -896 735 618 -506 82 580 -305 401 594 161 -560 -42 -160 885 -380 0 -388 619 450 -352 304 -1555 -50 -724 598 -17 -708 129 -787 755 -73 -131 1172 252 795 698 1160 -1002 -820 702 -1206 -608 -1001 285 -363 766 248 319 -836 511 435 183 870 -36 -640 480 496 452 -373 -362 -260 141 -537 -549 288 -851 1082 -137 1092 -59 319 319 -546 -299 -243 635 -16 816 -509 118 -800 -86 344 -314 99 -454 -625 -1324 -648 901 753 -82 -787 -116 -213 -522 760 368 -307 672 -747 23 36 -512 -252 747 -170 -500 536 467 -292 -457 -254 308 -215 424 -515 -271 -65 979 229 145 664 -523 -820 -19 310 -1260 -351 -30 -164 -986 -286 171 67 -158 -87 -886 382 -978 -972 719 -850 -436 324 545 367 -700 -95 -281 465 -1098 -355 -723 -867 170 315 -229 4 344 678 917 341 173 1441 -431 -200 238 -34 532 -553 781 -285 -459 -1011 -1074 691 -978 -135 264 -512 373 111 1378 -507 -1674 1633 -363 -171 613 124 -25 584 -337 -164 -199 -635 969 1288 -963 -727 -534 792 774 -298 -442 343 541 -55 -126 -674 -505 -1542 918 314 -332 862 150 -176 382 1494 -219 -69 -2 -557 57 737 -1122 563 -941 127 201 -792 -138 -458 1225 -384 524 489 -1259 
-883 -1068 -1015 951 484 -419 -153 329 354 -268 180 35 370 233 427 -540 -510 1118 -865 -1539 289 209 103 -469 -611 392 -153 -985 107 736 -454 -886 405 -423 305 -372 -750 84 980 159 125 117 447 466 629 80 -838 130 1745 -542 -474 392 -897 -810 -989 -75 -875 -532 -451 -300 -1314 13 -12 303 275 -189 -112 -159 -718 -575 -405 646 1248 586 282 -523 1100 -249 -438 -1664 677 386 -203 739 572 646 883 -519 -792 368 -990 -123 212 -690 -389 -211 256 370 -615 410 -80 517 -468 -607 520 -349 985 1854 55 399 -148 157 -1377 1000 1861 -834 -82 1955 -367 -411 -176 446 -355 -444 532 -48 295 266 -386 582 676 200 531 -41 299 114 509 -565 -811 224 502 978 -401 499 415 94 205 71 -143 -972 1427 261 110 -26 800 334 -506 -341 545 539 944 981 126 825 -1086 674 130 510 394 926 898 -704 -274 -1099 458 -427 -645 -55 -686 -702 -390 -534 -990 -503 653 -114 -561 986 445 603 110 -129 196 -404 748 -140 -273 -641 -1065 -117 15 -651 3 -1231 126 78 39 -477 426 -760 225 484 -1351 826 -486 460 -438 -676 -86 548 -161 -350 983 870 -208 -98 376 -230 -231 -22 -510 1148 -182 39 -355 -399 766 -263 1261 -458 -148 154 -807 66 676 -202 1333 -773 352 59 1129 656 415 -259 454 1109 -742 -801 -464 -369 -573 877 -52 -338 -278 -134 32 1086 333 1018 228 922 -634 -134 -572 674 -81 -1268 -260 298 222 -943 358 374 -909 -866 -56 -764 -1507 -1045 1123 -549 -184 -441 155 798 -314 1177 166 -234 
-1241 1117 191 566 798 179 292 -637 -818 180 201 985 -165 -437 -1043 234 6 171 -399 -569 -235 -301 -926 848 -1258 -277 757 148 -397 -256 -69 1816 631 866 389 506 1223 -659 607 -431 -467 871 -68 -104 -578 382 467 841 648 833 -526 84 598 -1319 721 -719 -601 -162 -117 -280 -439 -303 -330 878 -480 -88 -478 -1484 7 38 178 -594 73 -905 -618 594 47 433 231 -305 3 1299 67 398 -604 -194 949 -342 51 143 264 108 -144 498 155 92 -504 -627 225 799 882 -345 -79 -29 718 299 -1329 -1089 -466 782 -1190 -59 1039 -310 331 -256 597 -1655 412 1325 371 -577 -1006 236 -196 -254 146 894 458 -869 -716 -728 448 -855 -426 -31 570 584 85 94 -386 651 179 115 -416 115 -132 -486 450 133 -755 730 1538 -437 1063 374 821 593 143 525 9 716 385 -207 723 879 -1184 -1084 31 -828 210 620 -516 1637 -255 -674 386 -557 -358 1207 -832 318 -187 -251 -960 888 -713 -1919 638 -242 1187 1520 -319 -1017 349 -41 -679 539 -1086 75 1209 -235 141 -211 -866 358 1025 -497 -103 -1121 -82 -762 -557 -424 -744 1133 -978 395 164 538 145 251 558 -363 1263 -233 -27 321 776 589 950 -1243 -792 -906 1194 31 -673 -2442 482 -1194 -361 485 881 -177 -1042 254 867 886 -1045 924 351 291 -545 72 -302 493 -795 732 -343 152 -414 374 705 311 -95 476 231 -1068 183 -273 801 -934 279 -545 -1068 -93 899 1294 -1084 -433 -207 493 203 -344 376 -398 179 -565 729 -507 -6 1077 -73 806 -554 -591 1192 173 -411 789 
230 361 -265 -729 932 -448 -212 -1016 -359 -318 -611 631 77 -649 497 -295 595 -300 -617 -423 69 -805 475 619 -122 1 -256 691 -510 -249 -338 217 91 -102 95 34 -1131 -1052 134 257 -703 -23 -261 -41 -214 -388 -532 -517 -727 345 306 -369 817 176 -861 -300 816 -189 77 -316 -457 -515 -68 -367 -489 313 -184 451 -346 516 -832 -274 -144 306 -797 -852 482 -892 1720 562 19 -458 913 -172 -311 -817 144 -944 -736 98 293 671 827 -331 209 502 -515 -1400 226 118 -96 313 218 -640 181 -558 289 423 -429 -210 -53 -331 -127 -814 -228 -54 373 -389 519 -1109 -485 591 -474 -204 -1567 44 -343 55 -502 754 -336 -214 -2140 344 893 -291 -109 62 -831 511 1310 186 1076 -15 419 -159 -310 -208 0 -278 47 -654 683 777 -93 125 1241 -791 -34 570 671 -526 -382 -585 -20 -1178 -754 -608 -479 951 125 -64 8 676 35 -213 -403 -167 1102 -661 -114 -179 -1153 -268 -884 -907 124 -352 -558 46 304 -958 994 376 891 -345 -93 263 995 1521 6 351 692 -127 2 1108 780 412 -48 273 765 -981 292 518 -40 -425 -571 -1498 -138 -467 -397 284 -78 -513 21 397 366 -659 729 -632 -1089 -654 378 -204 720 -756 326 -377 317 -762 -32 608 1201 947 613 -546 -552 -92 -1412 52 -891 -930 796 -288 -211 276 -7 918 -766 847 81 -222 -710 239 812 -139 -584 -516 24 826 139 26 746 826 131 155 -304 246 60 1035 596 -458 -431 354 368 -874 -167 413 521 -95 8 423 -352 357 -1019 -107 -93 345 758 -378 
-27 344 1188 532 -108 673 -548 285 -152 -252 -124 -341 1178 50 734 -246 -365 -121 278 -53 -470 245 -586 -46 119 -1202 1664 155 1564 432 957 3 -922 -962 259 -741 681 227 -143 512 247 -577 -228 467 -132 379 301 37 570 -319 678 -40 -479 1227 911 255 -277 -318 503 -1146 -50 60 -483 627 -562 550 600 1306 -179 724 -1936 503 102 289 878 -210 -14 66 -241 564 982 -53 -537 -152 467 -338 771 947 494 -289 -27 -1307 417 293 122 -114 -1469 309 -276 159 65 323 -55 4 -636 -668 -909 367 -803 -1192 261 -879 1321 -123 458 -400 -652 -1121 364 -332 211 661 878 -263 1239 -324 600 -60 -336 -384 -812 -557 -189 648 -1088 -183 1456 -124 -80 640 229 800 347 -325 -222 -469 -691 707 -1145 970 356 -779 188 1525 178 -596 -523 -777 -200 154 379 886 -375 1251 -231 915 323 548 -705 -792 109 692 350 346 -970 453 -676 -959 -619 -584 -352 260 448 -185 976 -999 220 -15 393 -717 -678 63 -472 -1294 579 362 30 252 -589 490 648 323 -319 287 -409 -675 544 594 -6 -556 -812 973 151 324 445 322 -24 545 206 -848 -496 -293 186 1430 -341 -101 -192 101 -22 -668 1040 -57 -124 936 318 -185 -26 -84 -901 -1077 804 -786 -496 -151 300 -1391 -50 -771 913 147 -344 376 621 -163 -368 202 -887 -358 -25 -571 112 38 -13 148 79 -1224 1054 -58 696 -695 -408 476 -520 -508 -255 -456 407 -971 -937 -674 -835 293 196 46 752 6 578 -509 -358 1398 290 765 -356 117 61 505 -364 933 -534 -1066 
-20 1062 -389 -1303 9 537 -125 92 647 713 223 1017 722 -368 -889 -1009 665 270 -190 94 1147 -630 -27 406 755 -208 -512 27 377 548 27 171 -991 206 1248 -17 912 656 48 -436 372 710 -85 -766 486 252 -790 -881 -853 -448 936 89 360 -838 -1267 -20 200 285 -377 -130 208 531 -178 -337 125 -316 -388 -466 728 98 -339 -237 -461 -670 -170 527 387 -349 628 413 -186 -668 -188 -238 336 663 54 -421 -419 726 329 890 1017 -2 258 -1203 -172 3 148 4 485 860 217 1025 -1111 -631 1472 -158 -912 26 44 459 989 685 -131 -534 -1274 -190 90 348 -265 -135 63 373 845 -175 -208 -992 -1525 -699 -86 -2042 -1249 -7 -440 -23 104 -659 411 -467 176 -43 -304 -66 -452 -667 -432 632 7 224 480 -256 -417 835 -1013 -288 1090 939 -342 -332 -54 -1043 320 -1234 545 717 -82 235 -111 1016 189 1252 -397 749 -205 745 -421 1161 23 987 292 -1945 -100 -795 -149 677 -694 -88 -178 -1604 -501 86 340 -506 415 -365 -972 -729 378 782 -692 137 799 485 -294 -433 387 13 534 551 -181 -321 245 825 650 -524 -443 28 150 566 357 -590 -35 -515 -1199 119 601 -1391 -661 220 546 -338 117 264 134 -608 132 -745 559 -312 -92 -141 -28 -45 1478 760 385 344 110 721 635 -259 -250 308 182 -189 -531 405 -174 -533 692 -344 230 -1108 430 310 -1353 -1550 470 369 -91 995 -186 -318 -490 -809 -46 590 403 275 112 -60 -687 762 -2 10 887 203 482 -1056 535 -1319 662 -631 682 588 -1014 208 499 1039 
-374 171 -283 369 601 -86 497 1312 -335 542 544 -622 114 -331 33 -174 222 -659 306 34 342 -509 40 -105 -844 227 -1370 -858 -1747 -830 484 198 238 1360 -729 -602 980 -1671 -503 -46 1358 340 -579 -461 185 329 -78 -575 180 795 69 174 323 306 -822 1245 169 765 361 -1689 91 -1476 750 856 -3 50 229 -1481 611 291 -622 -129 671 440 318 250 -559 -621 490 682 -489 -79 749 -1251 -329 440 1088 1157 876 -724 -326 638 238 576 246 350 408 -138 -159 325 -330 497 211 -1328 -521 5 -60 -972 -250 -686 619 -1110 596 -717 741 415 -18 -585 327 30 610 -150 111 528 -1219 160 780 -688 -676 195 -709 -136 -832 415 267 -298 -684 368 -754 155 972 -993 720 238 142 -249 -554 -457 -18 512 -774 -1229 578 82 471 548 540 46 843 -10 193 15 113 -295 -429 -2 617 48 -234 -447 -1055 230 726 152 -110 -38 -689 -1089 -784 1595 -329 1268 -194 -173 -709 290 588 -82 472 -729 -1189 135 -466 -209 401 -669 -142 -80 -252 649 852 966 298 -1000 -321 -603 924 150 107 249 -490 -1037 -309 -1007 415 -187 -92 -498 20 -806 -26 233 87 -87 -656 -877 -254 -221 1069 708 323 188 -653 -402 96 460 -293 -255 -295 250 335 122 951 -211 -277 -378 -177 -8 -841 196 -437 16 75 503 -230 696 -1001 315 225 696 2 -93 -401 -365 -65 501 -479 -622 -567 443 164 215 -242 -689 963 204 -963 832 349 -540 -54 142 106 -116 1412 -94 82 598 -1063 406 -459 44 1137 470 133 474 501 -837 646 -194 
43 -335 137 644 95 -573 -658 507 -327 -342 37 -221 -916 -153 -80 392 98 513 -452 701 437 856 833 -396 1003 1077 415 1672 -148 116 -81 -287 912 -197 -50 570 -124 10 705 -739 -1058 482 666 -141 843 -648 -153 522 -617 -460 214 -53 -214 674 -429 -145 -80 245 -777 -200 -129 1457 922 -326 791 -600 296 765 -761 -572 169 -594 -961 622 1055 -292 -848 284 471 -489 1980 225 -16 384 1 -365 -584 652 -308 -1190 473 -615 -1040 -944 140 1337 79 -99 -618 425 307 -838 84 -95 481 -269 -481 589 -13 170 488 101 -780 -1152 328 -1313 1548 1815 -371 -561 991 450 1537 -718 425 96 -413 -151 1454 -744 -75 191 490 656 -49 -417 -22 -1004 191 510 -293 894 -873 389 88 755 1402 -770 76 1333 -56 88 -1104 -662 -86 -965 838 -301 421 293 -538 696 -1329 -294 -919 1041 -706 232 -361 -1748 270 -1262 871 -690 1036 151 -78 -272 -1026 44 71 93 -351 754 974 69 -295 326 20 137 -245 -56 -463 538 1286 673 41 24 -237 -35 -140 -180 -137 400 215 246 875 -942 248 -370 554 815 1229 -103 -650 -152 12 462 358 -478 736 308 -862 -720 70 95 514 164 -138 138 -123 -284 -197 480 -558 569 190 -498 -772 117 -1084 454 -780 -1560 -148 -964 170 418 995 -452 1007 651 -330 -831 -2180 785 1477 455 1065 381 370 -429 -577 320 -241 -264 774 -462 1059 328 676 225 -622 -291 68 30 362 214 -692 193 -132 -1250 -1749 532 -254 -1340 705 -331 1136 -28 1533 416 -306 -1212 -842 -678 349 202 -467 651 
-698 207 -90 391 507 -206 -350 -72 152 -554 -884 231 -1200 -587 -266 180 -310 903 -1479 -282 205 -997 -138 225 229 -223 403 318 -1485 -106 -938 -152 797 435 -460 793 -322 -292 15 -348 292 191 -140 -729 -793 336 -610 -268 -647 -415 547 -865 -276 967 342 898 -957 -926 72 -680 -1046 -95 131 -334 -454 302 328 -966 85 287 218 -1074 -98 -399 -564 135 440 -977 -998 -801 78 -877 1123 -100 719 -381 -992 -417 -464 1081 687 -237 -160 -662 279 1077 362 -364 905 493 80 32 -189 763 1618 -408 267 -410 483 606 -451 -674 -171 474 1579 1225 -515 -462 -661 626 118 -1646 1619 134 -1232 -599 245 152 644 -827 -1884 861 263 -423 -367 171 283 -956 -342 1133 -416 -837 -512 350 -318 1078 -449 -106 705 -84 375 1474 23 993 474 -45 -752 -397 764 -123 1269 -404 265 297 -418 1023 204 -247 961 1220 281 -865 644 -735 -359 941 363 1014 133 138 422 202 -976 23 409 -1008 -662 879 -776 5 14 -718 -319 533 -1298 -264 1708 -52 146 -1426 -86 -1082 -704 727 513 -381 -156 -318 141 372 -519 987 -877 -194 63 -384 172 310 632 -111 -250 348 -88 -58 -118 -635 342 -467 -375 952 3 -395 -429 -168 -151 -627 -78 588 -1037 855 122 463 -46 896 579 -290 434 -297 -1145 -697 240 519 1167 -301 223 495 150 899 -82 -262 271 -261 -395 280 791 932 -848 103 279 896 -788 177 1477 189 -15 -1008 1488 -164 -106 6 -594 -78 -70 -586 -958 -558 -191 505 -46 349 -531 425 -479 976 -214 11 351 -747 114 -76 
214 -1941 -354 -230 669 -1174 -184 258 -438 153 66 -1947 22 211 537 -106 -428 137 -64 -238 -635 841 -1263 5 -1354 -443 -494 181 -595 -864 1365 186 -117 517 -140 675 279 235 -482 485 391 -66 -182 -330 -537 949 -189 -137 11 1486 -46 -266 234 -66 947 -253 -821 -220 -1275 469 1452 -391 554 -793 355 116 -469 -906 -1092 575 -155 -744 310 423 -1087 294 158 368 -466 -914 -934 -46 -165 1044 148 350 1822 -75 -303 540 735 538 654 54 -818 -462 -1312 920 -698 -1104 -687 -1828 426 708 -324 743 34 498 -437 -1022 -973 -47 -482 625 -182 55 472 -317 665 -286 -24 217 538 -289 -853 -889 -814 730 -526 903 640 388 108 -270 1180 687 -648 531 354 469 394 380 298 -929 178 -185 -507 63 135 -961 -74 -35 -10 -442 960 1298 224 -808 -504 -530 635 -302 480 -123 219 -391 265 440 130 1068 -1455 66 371 -342 1024 414 177 319 862 -430 132 71 418 -1208 973 -950 -313 656 50 18 1247 603 -153 -857 -362 124 670 81 -460 -720 -514 -433 641 8 47 603 39 458 -70 -242 -1366 726 -729 747 446 -641 -267 -281 361 130 397 -1361 -249 577 -371 -193 465 269 999 -59 -526 -1134 360 171 8 121 -81 778 613 -39 358 -414 304 297 -650 374 -386 362 -664 32 -167 -226 -285 349 1724 185 -830 -380 473 -141 -392 160 164 -131 847 -593 -381 883 -611 857 892 103 -419 521 -228 328 838 -455 801 552 -300 36 1031 258 351 398 -678 442 -655 220 -571 80 192 -408 -2 -661 184 -1277 -423 -984 
316 -281 1140 -173 1332 -926 -391 -595 321 672 120 525 -698 -421 -196 851 -537 76 1729 -902 -454 -625 -572 299 257 936 1052 561 -1188 279 -270 -514 -108 -1150 250 -131 1415 -534 -827 -197 -95 267 -237 -880 -493 -685 312 -163 395 -743 -654 -156 201 878 818 -631 -1143 76 -564 1074 -140 -1797 -498 1239 77 -200 775 -626 209 91 964 218 -494 -885 597 -908 249 578 -299 -377 -306 -1106 315 671 1104 432 660 -412 539 -498 684 -576 -372 2 -768 224 -455 1726 1106 782 1093 -289 1628 -297 -1 108 511 77 -65 814 -64 -682 -352 -1383 -1609 947 -480 -1030 -1104 290 357 -195 -728 500 -318 -448 -1501 882 208 404 -743 -478 148 -957 560 -197 -613 345 475 -1335 178 503 -564 -1191 -627 777 -527 27 839 -535 -58 -170 512 -405 -378 437 200 -408 -730 -6 -1615 379 137 -1080 222 -444 -353 -260 402 818 83 -770 -1173 -235 962 772 1568 201 812 -716 175 365 -45 251 -16 -11 636 73 348 -741 -590 -396 -572 314 -514 894 -58 -848 -633 223 367 -329 -829 1 -216 891 -954 -50 -294 -157 368 666 53 105 -840 -373 -85 539 -132 -154 413 2111 955 -540 128 330 -418 690 618 -1352 -745 -125 857 -344 740 -375 -288 148 319 893 740 259 -1071 -305 874 654 -1645 -930 384 -240 178 -1091 -3 -920 1036 -419 -778 1295 -409 727 -599 469 476 30 1334 628 -13 50 -1010 -7 -171 -1365 212 1209 37 739 606 192 66 -425 -30 -790 118 -955 -186 -139 -1080 -43 755 1628 -162 923 -388 7 62 424 792 96 563 54 
761 -621 246 241 -1308 542 -279 597 -121 248 163 -650 405 -841 -846 -763 -386 -244 1044 -267 703 161 -273 85 -896 392 -69 695 88 550 -428 314 -1245 295 688 -1492 -239 451 415 913 -417 105 691 626 53 621 398 -340 -465 378 752 382 -522 282 244 81 -290 1032 -741 315 -419 -247 -153 112 867 747 529 864 929 264 -212 -585 720 203 -461 -629 -397 -188 -702 104 -255 -34 -682 223 -47 643 1606 -355 659 -937 -516 337 761 -966 106 63 444 -1103 -346 274 -1085 -492 -257 -115 666 537 456 1497 330 173 394 11 -247 -683 -490 -296 -5 1066 178 -286 444 985 -162 -584 -347 -1011 -627 -191 23 413 383 382 -791 219 53 -402 -184 296 380 267 680 -492 -282 -890 1150 -273 353 16 -230 31 -604 -33 -503 -421 276 871 285 -270 -600 -73 -609 -317 183 -341 -502 -303 -734 636 399 197 1209 361 -246 -100 1477 -1611 -486 -813 97 265 -222 -295 306 -380 -241 994 7 686 -1312 -235 694 -588 191 -258 -558 78 -163 509 -1093 91 -595 -59 -592 558 -115 529 -91 538 -168 768 422 260 131 905 -624 -241 -1116 -374 -202 -405 208 -1028 515 -2 -187 291 -487 707 -259 467 -526 105 1071 517 582 361 99 -445 409 704 185 1033 -15 -176 234 -79 -918 604 -1053 -321 -24 -1092 -293 389 275 -858 5 444 331 160 -212 522 -21 -362 617 -482 200 -691 -1509 954 918 231 -920 531 -170 -676 -1205 -295 579 -881 -822 -961 -48 -378 454 57 727 -49 798 171 -939 -635 469 -418 -1009 -858 -770 -438 -255 599 
-965 -525 323 42 1106 -1102 -56 -366 289 -965 -373 1849 -641 582 -188 -237 881 -184 852 -1009 -201 -1234 144 -1431 -204 289 -1068 156 -684 1375 301 374 -106 -669 98 301 411 -1085 90 124 101 -431 54 -88 86 -1488 -463 74 133 -379 696 -305 629 422 289 -66 -1007 -452 219 410 34 -869 309 1197 71 552 907 -997 -859 -693 726 187 95 669 58 633 438 -740 -73 -251 417 -787 1266 468 230 938 -347 510 607 -144 954 -369 8 4 1528 447 405 753 -907 55 906 -9 1494 -48 -318 497 -191 -304 191 -121 -505 125 -200 87 1554 612 -572 -167 1771 -278 -873 -49 -244 165 -1530 687 -1233 -17 -314 -809 877 210 -400 -66 -1040 315 -32 283 617 643 102 -69 -241 730 784 598 -199 541 632 896 -238 -3 134 -420 -1009 -1214 -594 357 -229 -761 -887 71 240 -270 104 804 -354 487 392 189 -79 -1056 -363 38 174 367 100 458 -363 585 -30 148 740 -147 -26 -569 606 317 143 280 -278 1405 364 356 -391 -447 -877 -462 -236 41 -621 -10 536 -985 -1457 -340 698 -30 -305 742 -590 -608 -608 -1846 -817 612 220 -203 248 1221 1249 -565 -115 -783 440 296 -352 -395 -183 -68 82 -93 1009 -1067 -412 754 -711 107 -452 1205 391 454 207 -383 -251 300 145 42 180 -851 -136 -800 -645 -994 -1089 -192 -219 932 571 699 -437 -1308 475 -1340 97 -136 118 680 -165 -550 -1350 184 -384 623 -1029 465 -148 367 284 -519 701 536 -1031 1355 -384 227 -843 0 726 -913 -826 95 292 -361 -829 -418 97 584 -86 1235 
77 -299 1120 432 -78 -7 151 511 -319 279 -150 67 311 -415 604 726 213 -127 310 -52 432 -25 -138 -23 -1118 -722 256 -935 -1326 -455 -245 -827 306 628 526 -737 -645 267 380 427 -386 -951 -521 513 315 -269 140 341 69 -64 251 69 -1906 698 -182 729 250 172 132 3 -377 191 902 495 596 -261 421 -210 1022 1178 960 559 429 474 -26 830 -121 -187 -1141 -20 -477 231 315 -541 641 -108 -837 826 -119 1858 228 881 444 1087 -236 49 -109 365 917 -258 -80 516 143 193 -823 -80 449 -747 1 -214 -184 -198 1003 -889 -1174 1121 193 -77 -236 -30 -783 20 -136 -1048 536 669 239 -95 778 594 -46 -974 292 -1220 1730 599 -262 -643 143 6 -627 135 379 -497 -343 245 86 414 6 -388 678 -804 800 -134 278 1045 -241 1221 851 -548 -1377 372 680 -794 -311 389 190 -158 583 693 -1103 655 113 556 -755 -45 543 293 77 -815 -84 1208 297 1221 -308 -981 668 476 -1 -839 503 -948 -186 -276 8 590 155 -900 405 -1195 800 -64 -306 954 -99 -801 -211 -835 -123 -485 -428 -148 882 157 456 -331 246 735 -781 455 -549 727 -403 70 -332 325 -184 -203 225 -559 299 522 -499 -322 -184 662 1049 18 -637 661 -874 -748 124 -233 -940 773 -1526 -491 508 -995 916 358 508 139 423 -275 616 -56 583 -1249 -364 -339 -126 -541 141 553 -976 52 -63 -640 -433 1127 -848 -696 -120 -13 -193 -159 -326 676 -367 537 -210 -533 -528 -1338 696 1415 -230 380 137 -145 -369 -575 -277 311 -42 105 439 1216 
389 -495 -224 1099 879 908 -142 -665 -226 900 -141 -396 644 -1069 86 -32 777 -355 -112 175 -204 -926 -1149 1498 125 -383 -291 116 -174 69 -186 -968 784 -814 1037 -288 -1203 -722 347 -676 1101 -191 490 -818 623 -955 -957 -403 -112 -570 -353 -112 1012 919 -1150 -878 -244 209 11 -100 885 1206 503 -291 724 573 -294 171 -73 -531 366 -449 301 -410 -605 -116 9 684 639 378 -615 1079 -999 90 -47 1641 200 634 837 -595 289 81 -297 -998 481 95 72 107 1912 -321 210 -850 -71 273 -26 951 819 -381 -126 -855 -805 404 -597 -1381 -1083 400 463 -860 -626 259 84 1030 603 806 421 805 135 160 -114 164 558 1148 -211 -567 84 299 -1296 663 -738 -439 -697 -876 -197 -309 31 145 -210 250 431 242 -543 -119 350 612 129 653 -1424 -64 -100 411 -666 -259 388 708 -927 268 370 -239 251 -32 -7 110 119 410 262 -421 826 -287 -147 158 686 1171 47 -391 -772 -1548 -454 35 185 585 259 181 -237 223 -594 578 -170 278 -48 79 -793 -864 75 28 -187 60 131 331 -361 694 -344 155 -194 287 590 -99 -710 -696 -284 906 156 -724 -282 1009 -1200 945 -105 -532 -391 -533 830 548 345 -834 -767 -235 885 354 402 -345 -273 -698 373 215 104 -688 355 -8 370 90 -277 263 -420 -417 -227 188 -823 -54 1282 -1312 233 5 777 -355 918 828 -773 996 20 -148 662 973 309 -808 1870 209 -66 202 515 522 -20 -1556 1032 35 -779 -59 -629 -88 334 -261 -67 -151 1075 -451 -62 199 256 568 711 -1135 
1364 1181 -297 -1078 33 69 -617 170 578 -11 -1567 19 -1019 539 -132 318 532 -54 -179 -261 505 -390 -109 152 83 -467 80 220 -563 1611 -1022 306 834 -678 -177 456 -349 -1586 337 -918 -330 -353 -28 552 -308 319 306 -402 226 465 1506 -127 -237 589 -132 152 164 -231 1030 1877 1048 219 534 634 -125 667 627 -338 32 45 1143 -1152 444 0 -69 -1068 153 -182 -521 389 -590 -515 248 -1038 -581 -196 -614 -511 -1036 447 299 233 797 -66 -561 -1250 -1096 490 326 -271 906 -125 -16 147 638 315 413 825 1154 -473 -268 935 -458 -360 494 610 -1616 -820 855 442 -165 1071 -124 -241 -550 -61 -757 363 -405 -1521 275 -691 -322 214 -714 -79 -771 38 1360 -356 481 -520 229 523 -824 47 -652 785 148 176 919 379 -26 1626 -147 769 -2 80 -739 -581 174 -564 419 723 157 -57 657 -1513 1612 -419 1062 573 675 -41 298 818 -268 331 -126 316 -282 68 133 68 591 556 -441 -122 592 -83 -1334 -432 227 561 253 -290 825 -932 714 726 37 -482 130 369 336 -283 -153 -730 -186 607 -899 111 -1458 721 -710 -1410 294 410 1306 20 -292 -399 -950 242 -596 -367 959 -536 -139 865 -1494 502 1113 518 1529 324 405 -468 845 -102 -591 -142 -1143 885 361 584 -127 -568 -324 499 -263 191 -262 -42 170 -695 1648 171 910 995 476 414 471 316 411 292 -461 -383 -181 -183 802 103 -85 127 104 -160 -991 263 -901 323 40 494 1166 323 772 -894 -673 397 989 897 414 256 133 -293 294 1046 75 -979 8 61 
-66 964 498 -315 416 -1695 -984 -509 -37 585 -1114 776 500 144 -642 312 -307 1493 -10 136 800 -592 -264 -880 1471 1001 803 -372 -142 488 -1194 2301 -1118 -760 -994 701 67 -452 415 170 -212 -258 391 -233 -2480 -618 -291 -664 176 -175 14 -572 741 -100 -811 74 -587 -437 -297 -120 -851 -1466 271 657 763 188 1175 118 560 -641 580 -216 -34 -161 -1062 -308 -356 -1615 -46 107 456 -634 22 398 -392 -520 -890 -667 1012 -242 392 -486 -229 215 857 -426 1164 -377 -138 -283 156 -1291 969 -34 -36 -393 360 1253 775 -118 -401 171 -204 550 1186 493 -829 -699 895 -1119 291 -304 -350 -618 -499 1075 20 -307 -1249 852 -1392 714 -553 133 -374 237 -1458 497 1987 -730 606 -79 -713 413 65 -665 -86 -1016 -187 1062 199 534 34 943 397 583 -224 -222 -767 -375 1305 1438 585 -575 765 -829 -160 141 528 -649 309 -454 -202 -286 481 783 321 -275 -699 -590 -817 402 228 405 59 282 581 -559 131 -378 -428 120 1005 -981 -452 116 479 132 328 374 327 -16 -289 115 -332 877 -280 -768 252 684 -510 200 502 -315 584 -537 -510 564 318 -117 -436 -197 320 -602 -71 -499 -464 -520 -248 -611 -1617 564 714 -113 291 -601 -381 -810 -1468 -481 48 559 596 298 2435 -159 -359 -426 70 187 -1190 -530 1667 -45 322 -295 665 598 -174 533 770 1286 42 1038 828 -1616 886 40 -680 448 -552 -449 -134 -843 -283 1813 -98 1255 -643 -329 -176 -11 133 -673 -1046 130 -400 547 -246 -650 -289 -33 -944 243 123 -763 189 -1319 -1453 113 
636 482 -145 1153 -987 -375 -377 448 425 1297 704 -403 -666 35 164 -837 777 139 866 -633 346 -801 -3 364 -665 100 -319 536 89 -1239 -945 2030 775 -560 -464 -523 -87 639 -1567 876 856 -583 -447 550 439 754 646 -333 121 248 -228 -41 -240 -918 229 -201 -385 -289 303 -1137 -1705 -1000 -626 -10 10 636 8 -979 721 -826 -15 823 766 -789 -102 -77 -538 1062 -1308 950 -330 -420 -12 -609 -351 1047 -50 -388 -177 514 -1082 -281 262 -74 542 -353 -439 -967 1494 62 50 -249 -248 0 -179 1711 633 -772 1325 -421 -642 292 -77 276 727 -873 234 -123 1105 -781 -563 1278 768 829 -631 -496 999 -524 -628 -1272 -495 247 470 -1138 -862 -868 219 -244 2075 -920 916 -1144 1086 92 682 607 -465 -172 36 -231 915 -820 -864 252 573 237 -1515 215 -626 -169 -85 -1336 -70 -574 337 -1174 474 683 -208 -736 -380 460 1807 1138 240 -733 -473 -1261 1407 -103 -137 -31 1217 -857 635 1024 -206 -880 -871 171 304 -344 131 452 -1334 311 1022 934 -61 -368 425 844 156 126 -956 1315 -89 166 -206 -871 -351 -687 302 707 -1037 -458 836 -292 285 -1205 -587 872 -330 -47 -404 -1273 -133 914 629 -629 881 785 91 -574 345 510 722 -749 808 -630 -356 -9 77 -917 -485 1765 -1060 -297 -561 -76 -844 504 -769 -38 -455 -1106 558 446 745 -256 1132 903 82 -309 -411 -211 107 -16 27 1373 710 462 107 574 390 -773 -507 930 -543 -42 214 1502 -792 26 153 -106 1070 -637 33 740 -202 922 -557 -774 -634 -1526 -5 -325 -279 51 
570 -91 235 -1048 196 224 -735 1012 -635 1199 25 -283 295 -590 43 1293 526 -524 -11 312 -545 822 -784 280 581 -349 334 -193 -344 63 206 43 459 -116 292 -438 813 -1321 1397 -488 756 93 325 -495 1132 216 16 551 -1653 -899 371 14 -441 510 -471 -86 -1050 42 -560 -318 -778 -1004 458 -381 -620 -528 224 165 869 318 -87 490 -270 255 -172 944 373 -224 223 1 184 422 662 996 1346 -545 52 -463 -828 -834 584 -437 15 -221 906 504 455 -358 215 609 1175 -1061 -1 353 93 1041 89 3 -666 -663 -359 -303 -423 -664 -609 -33 -1186 -1316 -899 -85 -311 -1210 -47 -1218 -271 -525 -141 1634 919 -195 -291 -1105 271 97 -227 -248 901 293 -106 761 163 -147 -70 -716 -510 -105 292 -452 -567 35 159 260 -1195 -147 -883 -161 -597 732 -15 524 246 -64 955 324 627 433 884 -260 -1054 10 90 -699 503 -574 717 87 -19 796 932 -1718 196 -267 -965 -341 52 -1336 816 -682 -352 -532 251 41 64 -386 246 670 -853 -241 -704 -268 -961 269 -484 1060 87 366 -727 134 -717 -468 343 880 -723 -46 438 326 376 -80 -1252 337 -816 -999 -7 506 -510 207 -2 -399 -314 294 146 1095 -146 579 -156 -1717 316 -86 -736 -124 -1250 285 697 -1026 341 -188 781 -1386 108 159 127 152 332 121 792 -596 -1054 -853 -269 -817 -1305 448 600 132 1116 -961 82 -1127 1009 722 -279 245 -458 -1469 1227 578 -156 916 157 504 -488 238 -1130 -991 -909 410 -371 493 -427 1316 -1477 -655 -315 97 -550 315 459 541 -596 676 
-18 -902 -152 -875 348 410 -503 98 133 646 226 1097 -289 -194 -366 -447 1081 -240 -30 27 -366 209 12 593 688 126 -492 77 -298 -705 -980 -419 -262 44 308 -686 478 -142 442 -701 -189 -131 -878 -336 41 537 173 283 -566 215 797 380 1380 426 547 -998 291 -131 776 -732 -37 409 874 -52 -123 -158 -33 -579 653 -884 137 -740 388 -1055 -346 -750 -345 99 -797 1160 -1327 -949 -653 -565 102 20 -1407 -810 -1055 -17 1296 5 -572 728 -238 457 -681 -1469 1559 -187 747 846 -494 -17 -921 -446 -853 -239 985 75 164 70 479 1088 -80 608 158 -797 -311 195 -1014 -351 43 135 60 360 58 904 918 -1554 730 720 -520 -352 255 665 148 458 152 767 405 -1225 296 -287 -371 -458 538 95 302 388 -809 -338 642 421 726 1146 237 -629 537 152 -473 9 239 317 -129 -18 -270 -1001 -315 -280 788 -125 441 -181 -2 -189 34 -26 -714 462 384 -425 1035 226 -984 -661 -870 -79 83 499 -1313 -1034 79 -159 888 -332 177 705 309 164 1387 649 -272 1236 138 -908 411 323 295 -382 -306 -494 -686 -65 239 -151 -287 -425 180 -378 209 -1070 -93 18 -1223 86 1322 -462 -363 292 211 786 -1229 152 500 -684 -690 -132 -497 -263 527 430 253 534 -750 -696 170 222 245 -491 -552 570 -1054 -277 -784 817 1277 63 425 -292 -36 113 -452 964 48 -90 -95 293 1367 -127 384 -633 593 342 231 73 272 373 -239 30 325 -234 -1000 6 -521 -1134 -510 -1082 -708 -432 -228 507 423 331 -109 435 518 365 826 500 
429 -652 -127 1016 742 127 536 -1022 -79 495 337 142 -94 -929 427 1109 1031 -29 339 971 529 -272 81 -698 1158 207 448 827 -432 582 -994 238 558 -37 424 -151 -813 -50 91 159 36 -408 333 -880 664 566 -464 -643 -355 521 679 -149 -772 -95 -248 -1224 -244 995 526 -331 -184 255 -424 550 -216 -102 788 1157 -329 569 -364 288 393 370 -518 -532 -449 -935 645 -84 60 -81 -299 693 359 -653 1243 919 -590 579 -327 -830 -2037 -131 94 61 627 655 329 -482 192 51 -545 -219 172 378 143 -85 -351 -149 1523 -681 95 312 529 1392 -176 503 -851 141 -25 -844 -278 1021 -237 -216 -636 374 -1448 732 -80 -245 446 75 -617 -198 685 -182 -51 -638 662 -209 -123 -361 364 564 -717 -600 351 -192 -753 -133 573 296 -560 850 -1652 458 799 -834 72 -959 -118 5 -225 -391 -281 -265 312 69 82 43 417 -214 -343 -1095 -123 72 384 589 144 -165 -463 37 -110 -553 509 921 198 -260 67 -229 -362 -49 -834 -561 36 -80 -1055 1011 952 472 127 -211 -476 -484 427 676 683 30 419 -881 -250 -272 850 -350 1413 -379 -114 416 -1588 -605 347 1004 98 542 -814 -347 497 -579 -18 -233 -454 -370 -292 -237 631 146 959 -719 490 490 -331 403 62 214 -453 -290 -503 -676 688 107 -380 111 164 16 1140 -113 574 265 -809 1450 1596 691 -659 176 1457 957 -331 736 527 218 -707 -127 898 98 -337 296 -1169 991 -707 236 -418 -165 847 289 -1172 -229 83 -695 -208 -686 670 -15 -669 29 -1115 952 -1273 -248 
-46 -115 -213 206 322 -1360 123 822 -492 670 41 322 977 241 -767 -1199 -255 1275 -548 -613 689 536 170 -300 261 -25 7 -555 -225 -131 -194 1305 -145 324 -872 -44 -127 121 -884 -843 -1081 520 198 269 740 -519 972 -730 431 367 774 -337 -285 -451 24 72 -216 565 -537 -509 -11 279 -715 -160 247 -21 69 138 -353 359 -208 -1044 -27 689 -1629 -122 -585 -100 -3 -1179 -339 -305 596 -1104 -834 -92 197 -113 -828 971 -918 814 582 461 460 1048 -474 375 -372 -343 89 -324 183 -273 -1069 83 936 -654 615 256 133 576 309 812 -833 304 -386 570 1014 -1074 131 -419 560 -95 -1185 412 63 -732 268 -1149 883 68 -92 -210 69 -758 -896 38 197 676 -155 113 -368 406 -626 -581 -31 78 -527 -757 -389 772 392 -167 -260 -164 1082 791 -150 490 -120 -1043 -211 -32 -192 89 440 1105 -576 -1716 326 210 46 -84 184 -862 1103 122 -269 -888 -517 -471 -642 -157 -1399 -871 -322 6 102 -198 30 446 15 -551 245 -878 171 -307 328 303 -403 -118 -263 83 64 149 1230 -8 367 715 -207 -1045 344 598 126 -184 -337 614 0 -28 -50 -998 590 -847 514 410 200 -470 803 691 -388 313 -135 -1115 1455 261 653 143 -614 430 222 -965 219 538 -1177 -275 761 437 -372 -250 947 -1026 173 443 541 -250 1476 -29 693 -1009 -1153 -533 433 814 -737 811 -1932 -422 957 3 607 -250 498 82 -841 -334 1692 338 -438 248 -61 -434 15 552 416 990 -710 959 -1002 -783 71 -1525 -200 -204 264 -1014 20 45 -460 588 
98 -393 706 -929 -63 -286 274 250 465 -599 -139 -54 -410 399 167 676 0 406 440 -222 285 114 -154 966 -64 -555 1235 66 812 831 -729 -659 -11 1580 -484 -330 18 15 -203 -889 801 440 1073 -1076 -550 -1473 417 -592 -397 -526 329 352 -140 -77 657 -57 670 346 906 240 -328 215 -559 -90 -136 -403 -73 -892 -272 -529 -659 123 -488 45 -543 1337 180 -373 354 142 -1125 -430 -444 638 809 -612 -194 -514 -101 -35 844 524 0 -578 -781 719 380 -374 298 33 -216 -829 942 661 133 1075 -461 -372 -852 178 1369 -53 -478 -1131 -728 723 618 -938 -150 837 575 740 170 557 -865 774 -925 853 452 554 -1372 -5 -388 257 -1042 -431 -173 -146 113 -451 -286 -568 -301 38 177 325 986 -1391 -96 -1372 -136 1789 1522 -427 274 -166 848 278 -1081 -566 171 276 34 -811 832 582 -606 381 1535 1854 -268 -719 -852 432 -749 -391 3 1261 640 122 1413 205 704 429 729 -252 964 -333 156 -714 1522 -543 567 -217 -371 -1427 -305 -366 427 -56 42 -1180 -48 -49 80 -790 700 980 334 52 -474 469 1634 -34 -538 582 390 216 1 -1648 539 608 -1352 -43 -487 -822 285 94 49 -37 39 -2132 283 84 -598 -733 -573 -45 856 3 -181 -486 245 -384 -1033 495 312 704 -835 234 442 306 -918 1323 324 539 -672 -737 -558 413 334 -1534 72 -1306 88 359 -73 -1100 152 -84 -146 -25 164 -741 444 748 -479 -305 -658 -358 -994 759 91 -640 523 -175 -507 -418 1234 -420 704 -736 734 -594 1494 -154 209 -1369 221 516 
73 1200 -89 620 -816 75 308 339 -181 1039 -389 1368 -423 -644 -45 -1597 -91 -557 804 347 713 -751 822 -458 -236 1348 -705 369 -806 408 -659 -330 -1377 423 301 372 -303 -159 795 -252 26 -1163 -584 -475 -228 906 93 365 812 1036 -351 -396 -1014 523 54 -174 560 343 329 32 1415 342 -859 -430 -517 453 -139 -494 1028 -146 -548 334 603 142 465 -504 429 -322 272 -252 1229 1148 -1109 -1021 1094 -109 -799 1108 1035 61 -561 708 -466 -769 249 -99 -257 425 862 -623 134 7 619 -398 591 1219 -252 53 -707 -935 -665 -428 412 427 8 -962 -476 436 -44 -773 -519 327 80 678 144 258 -37 -265 280 -411 1177 40 -1385 90 -120 255 -169 -56 -626 648 -22 1127 -929 145 140 2098 162 1191 -588 198 510 265 24 144 272 381 -675 -686 -542 -227 28 167 381 -95 -85 928 815 -160 -803 -1218 -1469 287 1356 857 226 508 592 -18 508 614 146 -140 -14 -430 -139 128 29 -293 455 1188 -943 15 293 397 1148 -337 -44 1170 -597 -498 232 230 65 -593 699 1144 150 -480 -103 91 -221 -143 -765 69 411 418 301 214 -331 730 -242 1146 -1073 -109 -382 -675 -294 1170 78 -446 -10 1331 68 83 41 -1325 -1529 527 -430 -429 145 -263 -182 -426 -783 566 -307 -568 -265 512 697 -326 -560 31 78 284 295 -424 786 647 4 -652 562 -460 957 -1210 587 493 -709 202 -952 -210 485 328 -150 -148 -943 247 1415 -608 122 -652 820 406 -631 89 -1304 118 915 49 -946 953 -10 -971 487 313 -961 -151 1338 -219 
123 748 -243 628 -482 -204 22 -465 -110 75 942 1106 1590 -290 -503 259 153 318 1333 -724 -605 -1056 333 -1232 386 -115 -692 -251 236 -227 428 -617 -586 -95 -476 -723 -451 -367 74 -1124 1200 -1166 95 1080 -678 158 480 111 572 90 -1221 -930 -725 -398 -9 -217 -601 -1207 -1074 324 274 1720 51 -143 10 904 -22 -11 -502 515 22 251 -299 -136 -536 -369 61 319 -144 -1330 -402 1065 -50 -141 -1321 -372 1212 1104 -463 151 -679 1029 -702 1251 -593 -241 155 265 -1089 -612 1911 1187 435 -66 -61 108 -294 -505 -1 -133 295 767 2008 -552 -1183 35 -438 -525 -434 -388 795 58 -70 35 269 560 511 948 167 1425 -106 -558 61 -792 833 99 -290 -426 -215 38 -257 847 -191 1410 443 -351 -116 321 -38 -445 -618 605 953 -722 109 335 -107 -143 1012 -386 613 -197 -215 1002 -1079 1765 333 689 -1262 -859 1176 145 -1034 377 -429 831 1208 472 -555 1196 -234 -838 -232 -486 384 43 72 56 579 325 -192 567 1111 159 -165 437 -12 -106 -237 -514 675 -1149 728 -143 100 -101 585 20 -361 383 797 -619 -279 -419 -697 -243 -2253 217 9 1013 -690 -725 -146 -364 535 569 75 57 -221 191 213 -20 980 922 150 722 812 1346 -54 795 910 -1482 796 -482 215 -498 1178 -1404 472 547 26 -873 566 585 858 17 114 78 -1279 459 403 -582 982 397 -341 -231 1083 -352 -299 -1594 -775 31 -1162 -1031 -380 -718 398 -730 594 -1149 591 167 -12 -130 -438 1734 783 26 509 -1059 -741 -645 833 785 978 -177 186 968 404 94 
569 1041 -190 1029 -737 128 879 422 77 -131 -105 578 1480 -138 -259 153 182 -1196 1 -1071 186 431 750 135 1535 -955 601 -467 393 -1405 -1153 -687 -292 887 -1437 -512 -43 -572 -329 429 788 510 -719 -203 -130 597 -734 -164 1375 -1533 -770 -1680 -357 -236 100 798 169 -159 -520 697 -825 -740 -82 -611 -893 -276 282 -916 -89 -76 -1203 -641 -354 -1645 709 -164 4 -377 306 -78 -1228 -896 -792 -370 920 -605 -9 320 -262 1248 677 540 157 346 -749 -447 346 383 -1347 -319 -240 -73 765 451 1464 77 -915 -247 177 -237 1064 38 171 -194 -855 839 91 -568 25 676 1404 353 845 561 104 -140 359 -189 546 1103 438 -300 926 -793 1334 153 -101 329 -445 614 -99 -277 -773 -842 571 549 -290 -8 240 264 451 317 -325 1052 -158 604 116 463 446 -437 443 4 -1371 676 -498 -220 164 -116 1331 131 713 311 467 310 -9 103 -234 763 -179 309 737 510 204 64 53 -593 278 -264 -70 883 174 858 -300 614 -1039 456 229 -756 -168 -240 -529 459 170 395 84 -66 20 -26 -1273 464 -106 49 -399 685 -8 -477 -198 688 243 -173 182 219 -326 -163 -543 -365 352 216 450 83 -68 -281 -239 660 325 -980 56 1328 681 945 98 -996 11 920 -883 715 -559 -267 293 1026 -932 -819 -205 811 308 -1185 -373 -264 -260 -147 -877 -231 -643 -482 673 896 1434 -223 -1265 -696 1296 346 -532 -11 502 -395 1238 348 -290 583 311 -1297 1727 -735 -399 -23 -375 -777 -101 716 105 -668 -478 131 307 174 750 -479 -810 -606 
-266 1306 -884 -508 -707 473 664 434 1232 452 474 1026 -119 -42 -787 491 -474 135 -699 -740 202 985 -603 281 -571 1323 -29 210 -452 2528 796 -1212 -598 -1069 258 1080 708 638 1549 -1177 898 637 -1181 454 -579 67 1277 -424 57 370 -309 362 935 141 687 1377 -26 -806 118 -337 -273 1007 300 -167 -119 -1239 -341 -737 -27 1110 -162 478 346 -1277 -338 735 116 -770 -363 -1332 115 912 52 587 534 1022 967 737 540 -512 1467 32 18 34 -514 -335 29 215 1143 -294 239 -871 408 148 342 -671 39 318 -125 164 -47 143 -137 -428 241 -16 -213 160 7 314 1126 170 75 -454 -1568 482 -434 214 351 281 198 -471 -548 1112 -836 -128 -790 414 69 1314 608 211 -40 822 -869 168 1105 1445 -1288 -241 83 334 -1269 466 -97 -175 -715 -1170 -466 -193 598 -312 388 -358 157 145 -47 338 536 538 -379 -44 -609 -1212 735 208 521 -638 445 105 287 -950 -947 517 -352 80 -357 577 -1154 -860 -480 157 -114 -674 -823 -656 -411 481 19 -683 -104 -138 364 -465 -143 -1583 725 -76 -53 -434 850 452 -438 854 621 578 -556 -360 -137 -936 -699 39 -533 420 -177 436 -1119 543 -181 270 965 576 -680 781 -427 626 103 409 398 -706 457 351 -108 169 -194 577 -876 346 -135 -3 1011 416 -1089 813 225 -179 13 736 -247 131 531 570 -652 -420 -1343 396 -252 -523 -390 -371 297 694 -835 329 -364 -73 100 -153 1316 198 1162 510 298 908 -909 -113 622 457 -442 285 61 -476 235 394 32 829 95 136 695 874 
-797 -428 -1313 -593 326 667 395 260 817 -851 -1189 -1187 -254 -161 -174 -517 721 471 -404 1095 -99 -1 165 -26 -373 -562 -141 -982 -191 87 -618 -356 576 -254 -869 -818 903 813 627 -807 272 176 -29 -768 -209 18 38 -213 -323 159 687 182 421 343 1336 -652 -352 -832 517 -478 -44 635 168 -180 -1024 831 717 -342 1294 -160 -303 -231 362 -1441 -1072 -139 -455 1048 558 -935 -959 -557 1552 944 -341 985 737 442 1552 555 239 -711 -393 -351 1006 1022 343 -1026 -176 609 1226 -215 576 37 -255 106 572 1408 189 -925 -338 500 -75 576 731 99 381 1160 80 -56 715 937 415 -820 -183 -1924 -385 531 -611 -1236 -212 -210 -803 1248 -549 188 617 -680 142 989 191 -147 7 170 627 953 82 519 395 -133 -1005 -631 -36 726 -494 67 863 227 10 -1554 1376 -637 545 1950 -233 107 1174 1040 -534 -749 830 42 -423 -1600 -841 482 361 -742 -172 -834 -446 -1170 -704 -354 134 -99 -331 -265 320 -54 364 -568 251 1133 159 -654 -498 821 826 237 -1747 -1359 315 229 364 -541 1084 433 995 -110 -212 659 827 419 16 -1134 764 43 87 -765 -407 -723 -202 112 -341 1147 -554 153 167 54 720 373 -205 254 -951 -679 -674 224 365 -212 301 823 8 -730 -395 -159 -552 7 -620 -1892 -348 -538 -701 -225 -889 119 260 513 -282 -1183 -392 818 -406 -166 -701 954 414 -159 801 91 207 378 543 -899 -599 -982 -73 -612 522 -761 -275 73 -752 -322 236 873 -203 260 -32 615 -583 -446 567 -459 -112 -1076 355 -480 -249 284 
1072 -806 60 -572 -145 -990 153 361 -315 -493 231 -190 391 441 1043 344 -860 -691 1755 -735 -106 -142 1245 456 -276 -251 633 -54 -952 -755 798 605 229 130 -78 134 919 80 498 -38 897 -786 -1826 393 523 83 -434 789 259 641 -278 171 77 -145 -1240 -76 465 -274 -683 -345 -461 678 -1175 -346 -349 34 -585 521 -430 1915 211 -686 -488 699 123 -29 -493 -488 -391 248 1190 383 -553 10 652 -379 1094 255 500 173 -374 389 376 201 -985 210 420 -216 -1042 -617 853 620 323 16 -123 -501 -142 -575 1095 -125 -1371 1120 362 -535 -868 -666 -82 -841 -277 -144 -706 616 -331 -663 -681 271 -90 -191 90 11 -119 -762 -40 -439 181 -696 -294 -835 609 21 1169 1021 1297 190 62 -308 -58 -575 -669 -201 -514 115 -601 123 -1052 -835 694 -1194 -945 666 227 -458 172 -862 480 -640 139 -277 -187 765 1137 710 -318 442 214 894 573 440 1479 -440 1685 -511 4 202 48 -281 786 -202 -331 -208 227 -744 213 895 1157 -859 -228 144 70 727 -1478 -1005 504 188 480 943 -238 150 -79 1512 590 884 -243 57 -303 602 42 3 -2184 -655 2 -441 -19 -236 119 -741 -507 -625 729 -49 -553 156 863 -343 2232 -540 -106 1684 343 207 -228 -497 -209 -446 127 186 402 210 -88 465 -14 -68 259 -884 -160 -4 767 -829 335 495 528 92 194 748 316 326 -580 -477 -1 807 408 -181 120 922 -537 102 -660 882 484 577 -62 -676 131 468 -692 -126 -75 -837 385 993 -2 -1191 -304 -262 -698 -130 -756 -1029 -97 463 
1465 548 -974 -155 -95 -654 195 692 -151 -787 100 -568 -1200 688 224 -489 415 -684 -271 328 -258 201 -17 215 761 343 -265 599 -732 -476 245 -852 89 -720 -393 -532 765 -1068 -1764 -537 -370 867 587 -124 -194 -392 -105 -460 -265 -571 -688 -694 369 796 -241 769 -41 -1567 -132 -242 -604 77 -253 -32 50 364 229 -662 -191 -384 552 80 -476 -497 516 274 -886 302 -32 176 -979 66 246 480 -1654 -657 -790 -301 282 109 -331 771 -109 1092 120 -492 242 420 -739 389 21 607 -315 -169 -950 -101 -605 -168 -153 28 667 363 172 156 268 -402 149 -771 937 215 57 189 -550 -199 1234 651 346 -8 -202 16 234 320 -115 1486 -75 -738 -118 1189 -790 -502 -597 -383 -98 -459 163 602 -572 -52 80 429 798 -604 -307 372 59 203 -235 -382 -100 -400 479 762 -496 -184 406 470 64 -1270 -185 -1343 -625 -302 189 -452 134 118 -551 -322 -127 617 91 100 155 -953 -336 -390 -163 -299 78 229 -688 -340 496 527 -424 -824 748 453 18 411 837 -147 256 823 -170 -458 -464 -103 70 340 350 -357 -726 -475 1047 463 710 356 819 920 679 -160 971 -366 288 -775 336 -587 50 -108 -66 596 -497 -250 14 141 -5 98 -674 1759 -11 152 -310 431 -866 -443 -196 -484 836 508 103 471 691 429 544 -671 -207 497 605 470 -601 -497 -802 50 -449 123 178 -161 481 115 -1237 180 708 258 248 -45 -602 97 -126 -222 122 -838 7 713 745 68 -865 -1243 287 538 1029 815 685 294 1379 846 -59 367 205 684 
346 540 191 -140 -800 -720 450 1173 -675 418 -25 -22 -861 -770 273 751 -141 -220 713 -164 66 459 -606 1475 958 1141 -288 -132 -144 93 -1037 550 562 450 -910 169 -171 1171 -405 51 86 -942 -295 457 215 1078 572 -237 -858 -293 -741 57 -231 -113 378 1381 -374 -104 1094 -45 -1151 -51 104 636 -392 646 610 72 -27 507 -204 -250 359 50 57 843 425 242 -1060 -56 423 -513 -270 319 676 -643 -193 760 -1033 -886 -1851 -772 -1246 -323 553 139 525 277 467 -615 -332 -424 444 -165 867 626 -673 10 -1237 598 -844 -1114 44 438 1037 -224 -552 391 -967 521 1045 -460 474 -407 -1643 700 909 322 -541 1002 -953 -172 288 466 -379 972 -615 -765 -322 454 -77 -654 332 317 460 563 -618 719 103 1096 -667 -346 -575 88 -238 -388 -320 -643 -966 234 254 36 -456 419 355 520 -10 1081 -221 1948 357 242 793 939 437 67 -355 -702 39 387 -392 -1222 -719 333 -727 34 219 -401 -867 161 -149 751 939 -595 -256 928 725 2036 -567 -1066 334 -1864 170 148 -23 -852 592 -608 78 -242 674 943 1318 1197 -564 465 -324 -525 223 107 1260 790 -536 -8 1003 -17 -1123 465 222 202 870 -326 -209 633 -790 66 649 118 -432 -1240 -1091 -152 -341 33 628 -979 826 782 -1445 1434 593 -277 -189 498 -379 -271 -485 336 471 -437 1068 -219 848 533 357 142 374 -114 1058 -672 -863 1466 -937 -12 -121 -1057 -207 1008 288 -770 -76 198 205 271 1195 -944 -766 59 665 461 135 -998 -722 367 -984 304 537 60 51 -722 
-1362 909 -191 165 -165 -946 547 683 -245 240 313 -773 -565 192 -67 -40 388 -112 535 586 -499 84 220 844 315 163 237 -475 -303 -262 -1202 410 -508 -103 305 1151 454 172 -320 383 586 -89 -432 183 784 1027 783 -1180 -243 330 -199 1144 -443 473 66 -303 84 -156 -779 539 399 -623 1366 65 59 -301 -60 623 64 -1678 466 -353 461 13 992 74 515 -179 -402 97 -662 1869 0 -1247 -1167 -473 485 169 -566 -895 -123 277 320 -320 134 -29 -206 158 212 259 1562 -105 1240 2 292 -489 -583 -347 -70 -1193 -161 -297 -280 -715 -665 -23 771 -1062 162 -163 564 720 316 158 -480 -552 -710 3 -81 1119 423 -201 -163 436 -293 -871 317 316 694 629 290 -230 715 -263 650 605 271 -109 226 -396 63 -496 -120 -460 624 -176 575 322 -835 -466 -1406 182 -140 -667 -609 64 60 391 -657 -869 75 -479 150 353 -41 -367 -508 -553 83 -1262 -1015 786 473 -861 737 44 1053 -337 307 723 -753 795 -156 -541 -154 -524 447 31 374 -244 -1077 -555 -668 827 -383 -6 1082 -529 251 16 -471 -162 365 315 832 424 613 -53 1649 -13 856 52 -1095 809 205 -771 459 670 903 -266 22 191 207 -357 480 -1119 293 321 -306 253 1173 214 -266 498 466 -262 -235 -346 1020 153 118 16 -1003 -431 -248 1340 -531 -1476 -394 -77 431 254 535 146 -518 582 -506 -329 63 -838 -12 571 -175 -1277 1602 737 -706 -288 -564 39 -332 203 985 -227 -36 1303 -972 201 -135 997 643 903 -1008 141 -519 280 664 -36 108 -140 
849 965 308 -1111 219 180 76 -694 720 679 -459 -56 626 1431 -351 -142 198 -482 -773 288 -601 -318 328 -1279 227 180 -337 189 198 -540 805 302 -779 -14 450 119 748 235 -586 -516 -1712 -1000 531 -133 -673 -1021 -618 637 -1248 -54 -128 -489 728 160 1002 968 -409 314 1220 -673 686 -146 -528 -1199 -1137 -891 -1291 246 486 -184 231 -431 -251 1190 -468 390 1021 -241 -112 -323 761 27 -26 -204 -672 -221 -776 671 1123 -806 74 -226 346 -542 -341 93 -1039 635 -836 -250 -102 404 879 199 -394 -200 294 -965 243 -1143 313 122 7 542 -607 -307 -468 873 726 446 -328 -917 204 -177 602 101 -777 69 -71 -995 -272 267 25 -1360 -2242 654 470 -1793 -124 -42 -205 -255 746 531 -784 1333 857 575 -517 -508 1701 -494 -272 -431 -407 -101 710 661 1044 653 -409 632 -1046 -763 -526 -261 -798 -702 33 -101 -111 826 189 605 -880 399 38 91 -308 -230 -179 326 -983 1010 28 414 106 925 861 -454 143 -23 576 -419 1095 90 656 191 -269 -495 -319 1092 -647 243 949 530 -12 428 -276 128 -177 -665 370 573 -661 228 -121 532 -172 421 -55 746 1 -51 831 -102 143 -990 635 78 -64 -694 6 -848 947 161 -695 76 1040 255 -42 -620 687 -442 657 152 244 651 -39 618 -808 -1507 901 343 499 -688 142 -666 -571 -286 216 -770 -846 431 131 -506 -1189 -846 536 207 -906 197 348 -986 -671 510 -880 -187 415 399 519 587 -774 -672 581 66 175 39 730 -1136 1768 434 -550 -274 353 838 -329 -299 -588 488 
727 -116 601 -156 -455 -353 -257 60 541 833 200 114 -1010 -1101 -190 -1272 1452 664 903 -375 -507 544 466 406 -5 -481 -475 -330 103 -648 -25 -405 -1 -210 -30 60 250 468 -1057 510 855 85 -1108 -988 287 885 804 -568 6 -965 -359 664 16 -732 -780 -992 -587 -912 1248 407 565 310 -352 485 576 1063 859 -98 585 79 -43 -170 -27 -1419 -717 -603 -471 -354 518 199 -75 136 -22 113 -108 1440 -754 -312 3 -531 -369 39 252 240 655 -979 -1440 1039 656 -380 437 -377 -640 -511 85 221 109 684 157 -149 -1154 -213 -1583 288 -1572 203 -356 51 453 -204 230 1073 464 51 189 -216 382 -420 305 19 405 388 598 668 -480 628 -634 373 -678 655 550 7 42 -45 863 -167 443 -512 1360 -852 -274 170 215 -867 -41 -20 30 900 115 -142 169 492 73 -140 -965 334 -22 259 264 -314 326 -15 371 448 -186 449 -286 -731 607 -385 252 116 -110 -593 254 42 62 -1003 -723 491 -632 694 567 122 36 -749 -1395 558 92 1641 -223 -507 124 834 -435 -46 97 -187 1048 1029 -747 146 -139 848 222 509 152 -102 404 504 15 -815 448 -880 -151 1012 656 -177 -62 267 352 -178 763 694 988 -464 173 799 477 -193 -845 656 130 787 -265 -604 109 -299 377 -1277 -84 1197 -808 -47 640 762 132 -271 217 -486 -1291 142 -502 -1195 106 -96 -656 109 -206 -1241 158 320 227 945 176 463 -754 -683 216 544 50 -227 1348 -369 -705 306 -732 -753 228 354 158 -81 1654 -312 -127 -607 -436 8 -14 -358 
-572 -148 62 627 -182 552 331 -553 495 -963 552 -316 -8 -354 72 688 -490 -126 -934 -159 -1173 311 167 -168 895 183 -665 48 -279 603 86 -644 -658 -508 1523 -131 727 310 137 -930 483 480 83 -1019 176 -222 623 1112 74 1119 -328 790 1199 -311 -186 -167 132 481 -416 -34 -139 241 -250 -221 -103 -525 468 -53 632 444 215 -542 397 -779 -74 1023 -164 -407 -1469 322 900 -351 -840 -956 -331 -208 413 49 -975 -676 -375 -130 432 -153 -390 1036 -214 -834 -1248 -1223 199 331 90 121 1231 -947 858 -321 625 276 1361 987 639 -176 -132 -865 116 -512 -360 74 -18 -23 198 9 860 50 -344 686 1526 -218 1119 998 480 852 -166 -46 842 155 -332 468 394 434 -710 -980 -126 199 79 -339 -359 24 1117 695 755 -1220 -973 1660 -483 663 68 -493 171 281 -299 -134 -565 253 -1063 -488 41 509 -473 -119 -634 454 672 -410 -812 -976 -437 -600 703 -258 -494 -363 419 -208 -1245 646 186 678 1037 -664 609 95 -215 -650 140 404 -140 801 977 -773 585 509 -21 535 729 -49 185 1704 638 1115 168 -296 112 1268 -578 -515 240 418 796 -782 17 -297 -920 1029 326 954 -397 1900 397 331 -1279 1055 -96 683 1024 -451 -736 -893 -966 -501 559 -527 -388 -611 285 -792 -150 -195 202 -833 -572 -540 94 637 -805 327 -1439 219 136 -734 -371 136 310 612 -400 420 810 -378 -1239 -174 347 -536 -742 -682 480 852 -108 293 -708 259 -652 -8 -716 305 830 138 582 995 4 -296 553 176 201 16 -305 1747 651 -454 
-302 -457 782 63 182 2152 1405 -89 380 -1080 -955 503 852 373 -519 281 -1225 -683 -843 -24 -1258 -77 -33 -17 -363 -883 575 -372 -429 341 793 1200 -302 343 273 17 1260 -850 828 -310 31 -1034 225 -214 -397 -408 -1315 1346 1298 -855 610 -352 -667 157 493 936 48 -10 533 -492 1693 183 -453 -492 94 262 -1099 -144 72 -126 797 -862 605 560 -382 -150 -309 995 -784 -535 -1286 -430 -1209 -286 7 446 -925 -847 637 370 720 -157 737 -223 765 1002 -258 -241 -403 217 326 -328 251 -179 272 -795 513 -427 144 -160 -958 67 -1228 786 867 -1058 78 125 -801 998 -280 -362 -431 -272 -309 -507 -588 80 14 362 -717 729 284 -903 -241 1506 -10 -164 -297 1049 392 -651 1225 737 285 228 -707 312 117 -421 -402 315 839 1347 -124 694 -600 -364 361 -1087 -101 -425 428 -146 16 910 609 -90 915 319 108 -525 -1075 -857 511 664 858 -661 226 1298 -595 -459 572 878 185 419 189 123 -297 -745 -433 207 182 223 -42 -656 647 748 -193 -728 404 -664 -1049 -787 -99 419 1033 1 23 606 204 -1390 353 956 -283 277 -1558 -301 1044 -1620 399 513 122 -764 1351 57 -187 -252 -964 -1048 -61 -752 26 589 26 -40 -1164 51 -908 0 211 -34 167 567 -478 148 956 -157 748 207 -877 -635 1063 280 -453 310 -486 -847 -36 452 318 340 522 35 741 -1092 -615 -308 -340 428 -351 1079 636 -312 716 1184 1089 255 241 297 -243 510 391 -361 -268 -420 -1022 -794 -218 32 -1100 -452 -800 -231 -582 -164 -69 263 157 -546 
497 503 375 -304 956 540 39 -906 -244 376 -890 190 -704 713 203 -544 -698 185 232 -98 -754 -1484 391 -770 -79 -189 -1166 -998 477 87 -31 -57 1846 423 -715 -1195 -555 107 165 -633 -1157 -1100 -232 -617 -303 1338 -832 1136 -569 -365 126 -272 760 -703 -1666 -398 170 -649 342 361 -150 100 383 -266 -10 -56 70 -7 -115 -125 148 -266 506 1073 -406 454 -291 526 -204 -78 277 -1244 67 -484 314 -717 -493 -910 12 25 18 232 286 732 248 -206 309 443 -420 458 -20 -372 -750 -184 -760 -1877 -514 257 -409 -1771 447 860 793 1281 513 11 383 -323 851 1022 -962 -145 174 79 897 278 413 -18 1088 -201 -706 -721 -507 -716 1213 1021 -602 411 -330 -271 645 -259 -789 -46 -384 -1124 -355 1071 -196 -88 -529 -950 -245 630 220 210 930 -117 105 769 39 302 -582 854 674 323 -95 -253 640 62 -600 307 1083 -221 250 433 -1878 879 -264 890 -234 -742 -205 -23 136 -1048 136 -864 466 -1090 82 -259 228 498 584 87 -746 342 69 636 -232 433 936 -30 14 541 1052 -707 -825 -1458 -2 -138 33 -636 -356 -1268 191 -852 -82 -663 46 -1323 301 13 -429 -104 1427 -139 -486 969 194 -365 -23 -155 -949 921 -19 361 -563 -556 -261 -689 695 960 276 -931 1089 -293 74 -1058 -1451 283 444 187 134 443 -176 735 -311 -117 635 -313 159 299 41 -51 -198 907 -186 -475 -214 -892 475 867 -13 -336 212 -587 -220 633 788 296 696 -214 1331 299 -125 194 237 -420 -806 229 -1489 -695 228 265 73 1471 -70 -156 
890 904 -564 -1400 -637 -219 -92 283 501 117 247 324 -1159 -902 889 -342 -416 100 -837 545 -836 -242 -516 -830 380 708 -1 -1298 804 -797 469 736 -320 310 93 -938 -470 338 -593 -822 -329 -205 -522 -590 541 -603 -257 1098 -1219 -804 -1206 -696 -306 -401 -1232 1150 611 -1194 -182 -632 -208 417 537 556 445 337 434 550 -35 95 205 133 -655 -292 -617 -993 848 740 722 -957 -158 -1319 493 -375 -1043 1001 353 -155 191 771 -118 -441 -328 497 536 690 -248 239 214 -539 -247 73 -550 -2 -122 461 835 -1026 -244 230 665 401 -734 53 -22 936 245 176 543 -955 377 483 97 147 563 -81 433 1311 233 -1112 -902 369 214 -129 172 212 -215 310 -1030 -704 -391 -1287 360 239 -708 186 -297 -17 1251 230 -86 -500 24 -189 89 568 707 390 35 136 310 342 -584 -93 777 121 -948 -480 122 -455 911 33 494 -637 27 552 -92 45 -174 -629 591 952 -158 514 -1097 90 -125 -318 -498 -1176 -1560 -828 386 566 -287 739 267 753 -828 -607 -61 -503 826 629 318 515 811 -431 349 -699 -593 755 120 -789 17 731 282 164 -4 1346 392 -208 2023 -991 11 -92 114 -820 377 -55 252 473 73 -754 -748 -784 720 446 -84 -1731 -424 -227 -691 179 745 -35 -486 702 840 -313 1 -327 275 -394 -297 20 19 56 -53 -644 982 660 30 1589 -1062 832 -241 1555 384 61 -1507 -1121 644 -698 565 446 20 -297 455 139 622 483 -849 1415 -120 -801 -175 -630 -201 194 508 -129 -991 1060 -338 201 1040 -244 1117 800 
190 -77 -360 344 319 -42 104 523 -953 314 -909 -936 -1645 -124 349 38 -823 840 -128 -889 338 344 642 890 785 902 19 1040 146 -174 -853 -367 423 177 -184 820 -771 -100 532 112 -215 1336 -465 -881 -108 -662 -1017 -446 -504 109 -412 -245 825 765 -301 -179 -81 -424 82 1341 -1165 -347 200 1370 -607 145 -232 -144 228 -115 -86 -428 -437 -59 -334 -407 77 -430 -852 -222 -1035 -554 186 118 -229 315 1062 -797 -792 143 -693 -381 -163 -702 360 472 548 -923 -152 -156 255 300 -283 486 320 426 -597 79 263 1111 5 -728 -869 775 -323 -350 752 94 -299 1039 -248 -814 -715 16 -95 232 841 117 905 -96 -82 174 1388 208 480 20 -498 -257 -555 -30 -949 452 -460 929 508 -489 338 193 -863 179 195 -754 -1461 12 159 152 70 329 721 -94 90 -382 425 194 -121 1084 1216 369 1082 111 416 -845 597 -64 656 790 39 754 -704 -188 492 1074 48 -187 428 -458 -433 -356 533 -565 438 946 402 -304 204 -621 293 1143 -431 548 62 1035 -496 -609 395 798 132 771 567 -535 44 909 497 725 155 465 598 377 -863 312 269 -357 86 -255 264 -1046 145 -392 643 426 -266 768 -215 1509 706 -498 1193 430 -1050 -470 -355 445 385 314 -220 40 -992 -1047 -670 -865 491 634 -353 567 -363 573 535 -719 -656 13 128 717 117 -625 -200 474 292 284 701 -52 689 -924 512 290 -902 656 -426 482 1074 -116 726 -489 895 487 780 287 96 -370 -569 -272 521 618 -282 -126 -429 -76 40 338 -109 -607 
-595 315 48 -402 1380 -451 963 -1501 388 -1493 26 -287 147 1078 -376 -460 608 1620 414 -1 533 -138 296 106 -441 -869 -472 -159 -136 289 -425 -2203 -695 28 17 642 1074 -338 -199 -1071 -841 173 -512 -1074 -861 478 -1649 -804 451 264 466 708 -416 -1115 972 -1437 -677 396 -748 -416 -244 234 -671 -347 -487 -303 -813 -744 -177 422 -662 128 502 -48 970 -520 -285 -461 -256 -194 -938 858 502 535 461 -780 -1432 -301 784 484 -934 -193 -371 -42 -1241 209 458 1741 561 -389 43 1479 -206 -670 -716 -264 -393 -830 -281 1526 565 222 -76 1433 32 213 443 190 -122 571 31 853 282 -798 1266 -475 254 161 -1168 497 7 254 254 858 -268 122 -247 -2043 -231 -408 -531 224 -789 1428 -457 28 1243 -379 -614 202 438 -131 -853 697 674 -216 312 -398 577 933 -115 610 -390 43 914 -1375 -271 -14 -1732 303 904 -590 -1085 -178 -2188 487 625 462 516 -348 213 409 -304 -667 -95 1347 -290 -148 49 -370 440 175 -165 -13 -682 -95 1158 -764 755 -185 -678 -354 321 -418 274 -795 -21 335 -433 980 589 1430 401 -94 -111 510 -300 1346 -827 -808 -1370 -777 740 565 639 -210 -137 359 -735 -476 876 198 -54 -210 -643 625 -73 94 272 -16 -341 304 5 -528 175 -407 1544 811 326 -343 -1604 -919 488 -564 -135 907 138 -495 100 257 732 209 -658 -591 -344 -48 527 -199 992 -212 405 -449 1732 -184 -295 -577 -720 -619 547 460 -149 26 687 -1089 -709 1063 -119 -1021 565 -25 646 -1564 615 -313 1929 -1114 174 389 -529 104 
-760 -947 399 -32 123 -276 165 273 223 552 290 -640 528 948 1044 531 211 266 837 -881 -574 -726 194 710 664 -858 458 320 -187 34 -1117 -130 -467 -651 730 -874 -264 -321 172 661 -372 -381 -173 -1358 -217 -424 380 132 939 -1853 -364 775 634 94 -998 354 -444 -237 -812 64 -205 -141 -212 -138 555 -213 960 585 948 1096 -298 751 232 -572 328 -253 645 -828 40 726 269 -774 -46 -331 -509 470 365 -66 292 -1234 1701 393 -456 -277 -1016 -344 205 909 -561 -122 427 -1336 482 562 419 63 531 913 -30 -203 -183 -768 -126 -1013 287 1118 -955 -191 640 -380 120 392 568 -1405 210 36 385 1160 -220 -472 -848 -579 558 -40 15 -344 832 190 -494 -348 304 -12 569 266 342 -746 273 243 305 -616 -265 446 -344 22 411 -214 -621 -505 189 269 188 341 285 720 -135 -152 -16 -413 814 -340 683 -528 -585 330 592 626 155 151 -465 -312 28 -221 -795 -691 -1262 -794 348 415 142 -22 -138 62 -522 147 -355 825 110 -402 -508 361 -460 -325 -997 -385 112 463 192 121 -1010 -465 260 151 -153 -1062 -149 -173 -190 151 -1106 -113 -91 219 -111 221 -387 -716 -1282 561 77 434 -125 290 386 727 494 -619 716 393 -49 183 477 -548 -3 -720 448 -357 -264 232 716 479 -106 735 -766 384 -1301 326 -1127 177 -101 -39 -793 -535 1417 761 -583 -573 456 685 -325 359 -154 200 371 369 116 -569 405 352 -453 -310 -437 -626 -518 231 -764 521 -899 -921 -246 209 -223 54 186 -759 -740 403 613 559 -464 430 
-664 909 -20 246 984 -596 454 384 159 910 -1190 -899 -285 -288 108 552 -182 -566 -140 -750 1280 -183 227 61 -822 -268 749 -1136 -35 -1003 -134 -373 162 170 202 343 426 330 -298 -263 608 153 1364 884 -363 -1716 479 -134 -954 729 478 926 434 564 37 438 526 -935 823 430 169 -276 -1071 -8 350 635 611 889 -670 624 -545 -1138 -618 747 628 538 -897 -136 253 -394 935 -749 307 -360 -612 679 -137 1010 134 97 -796 -534 790 -1284 -690 984 -80 -282 -987 260 -146 -232 -570 646 583 -411 1361 359 -500 253 -556 -138 629 980 926 -184 30 1103 649 -3 703 -406 -801 -119 -779 -528 -422 -390 -7 274 -134 415 -291 813 12 -694 266 748 559 -1161 -551 -920 612 175 297 398 -833 -143 -875 159 114 -437 -764 591 -273 717 -150 -293 208 147 1042 -61 -124 1010 -1004 210 482 717 155 271 -250 -599 282 -497 -635 -270 783 -223 -1308 -1039 1276 660 -499 981 196 -284 -745 720 775 699 158 76 -109 534 740 544 380 253 -754 791 -699 -760 -1 528 -1281 -931 208 -176 9 -339 -66 -770 176 -130 -797 -482 1200 120 -751 -428 -261 -297 -834 -131 1877 -77 -451 212 -686 1051 466 113 1013 -602 -1291 811 1390 -519 -1404 514 -55 -551 458 336 56 207 -174 -1960 -433 -1100 757 1272 -202 -1290 -146 923 -183 158 -421 -937 -880 -509 -178 652 -1295 -120 -138 445 395 209 49 -755 -52 -936 512 1544 24 1289 297 -383 -1010 112 677 990 -598 -636 345 285 -338 -71 555 693 -708 1015 -311 193 -381 -1220 -636 -597 
-121 -642 990 -106 -204 165 -467 276 -1041 61 -455 675 -622 599 -268 -523 771 104 76 101 150 132 -323 179 -152 636 216 -216 364 41 -568 169 -53 797 -453 -1150 -93 -602 -573 -980 -1766 76 1116 -1067 -15 106 -1260 -233 -514 569 -468 -263 667 241 425 708 -68 59 -437 738 -1245 244 620 143 -656 50 -1097 -251 1383 224 -56 -572 -702 139 -718 23 -542 -145 1053 -70 310 -440 -114 -742 538 -274 -668 -270 -520 56 17 360 788 -316 809 -34 -118 647 579 475 -894 1076 208 -675 -923 186 -53 -387 -34 613 -134 -1009 -4 709 -732 -269 437 -648 119 220 -881 -251 -624 629 -201 -841 110 -545 257 -418 196 -292 880 13 -419 126 -855 1079 -1363 273 -1935 -1367 -335 894 352 -185 -176 825 -254 252 -1303 -1713 -668 62 195 503 1012 67 639 504 -559 584 558 -748 338 -748 -658 256 -735 -12 -430 -353 477 -487 -180 170 -372 173 -606 -339 -584 -474 -189 606 -1132 -231 -299 344 225 -98 424 619 293 158 1150 358 -169 -10 128 -246 679 -519 203 220 239 -468 341 875 1115 169 673 -392 153 382 644 1012 -82 -373 944 435 890 -577 1147 -94 -455 -524 750 -670 147 141 995 -668 -1070 541 208 273 591 -588 266 398 -31 740 770 893 -68 36 658 1016 -1110 -730 -368 311 229 38 106 742 -141 -12 -540 114 -250 -520 -671 -2184 5 461 327 -610 119 230 -739 -252 794 -215 -9 -522 -109 299 -88 422 918 257 -100 396 192 -1641 -30 -420 -563 -835 882 -693 544 -161 -118 -661 -863 -43 -946 590 
-172 -800 815 -621 -165 1047 502 301 64 1086 909 106 533 453 -552 344 -509 1088 -302 604 -1148 1440 -441 292 671 -63 1014 1207 246 305 222 -95 -382 168 -509 -1304 88 384 900 -377 -382 185 -229 201 2381 -552 -860 281 -159 -816 -380 621 886 123 297 1259 -705 967 -1132 -324 -1397 1048 304 -957 34 -893 -919 186 148 270 -1844 219 -50 368 -264 404 509 -536 145 -23 -1468 -55 521 80 731 -270 -705 47 -1302 -66 -282 -571 401 535 -1141 593 1454 -167 562 896 -465 -730 -728 95 -953 -399 -925 489 -210 -329 594 -247 -1552 970 -276 574 -1087 278 -1074 1277 -316 -87 478 699 296 -531 -404 737 1535 -829 3 262 432 -138 617 -894 -74 81 644 84 -131 191 104 17 606 -934 79 713 -899 -617 -572 119 378 416 -269 -175 139 112 -97 884 410 1095 -800 765 -159 229 -713 538 781 827 868 -951 -2120 -211 -800 516 -511 279 -90 -1206 817 -904 820 206 89 392 -353 720 650 -208 183 -507 83 -111 -8 1255 873 -1149 -889 988 611 -280 -598 -823 -293 -1631 403 289 -857 611 1188 68 -311 998 -603 -615 398 568 372 -783 453 -961 461 488 -647 -852 1326 -172 -736 -1027 1251 -724 -273 382 309 -418 -94 542 664 936 -272 -90 -360 -382 410 427 653 -128 -78 130 279 -330 -149 38 649 -458 -642 -1224 -454 -707 -392 -597 39 -1201 777 -860 -474 -285 1303 -387 -78 862 14 533 -561 -1131 454 -1309 -696 614 345 -30 864 667 -257 -703 308 -217 -1234 619 63 -667 199 -908 286 -30 -1011 -243 -200 950 
-266 -938 -518 -24 -437 -1293 20 1308 -813 -1151 218 773 183 818 -105 -1063 188 28 272 711 -627 602 -193 -550 602 -797 -1106 372 578 -884 -29 -766 -235 899 390 -112 42 -1149 -995 98 851 246 -592 -406 -908 975 -601 -252 142 -1226 -1237 -980 -197 -404 -97 -325 -1232 -201 -828 -120 157 113 1339 -539 741 -26 -359 -325 611 -26 1059 -213 319 -217 371 176 729 -589 -2065 306 -184 -659 -724 72 619 -335 -476 -511 -632 650 374 -189 18 -588 -398 1215 109 588 -189 -710 -124 260 -764 739 541 640 565 2 452 -717 -92 151 256 -205 -1701 286 1085 -171 -225 -755 -134 201 -652 -184 627 773 -152 -243 156 528 36 19 602 160 271 362 -348 281 7 -599 -386 1100 -1019 321 -753 278 -723 -330 -949 -724 -623 -3 -306 804 -181 -364 -46 345 -1243 -657 -1582 1355 242 -527 775 -501 -187 -1368 392 278 277 477 356 584 1333 -398 1374 1250 122 -620 -58 676 -826 850 -158 -246 82 -250 -181 -345 71 654 288 -182 -318 309 409 -135 -599 -654 76 743 177 637 -264 996 21 118 774 947 -419 736 25 -573 75 591 -381 127 596 245 -286 -238 -679 313 38 -448 -1006 830 -157 498 -1504 24 798 404 678 688 963 762 -1040 366 533 560 626 1252 -219 34 398 1074 -121 -429 416 -2118 -182 -1369 410 -1032 274 773 -150 277 -114 471 411 935 1532 -287 662 -63 -432 468 -246 -486 45 1051 -53 961 1114 -500 -40 -143 -620 445 -1206 -43 -663 -420 112 -35 -639 -214 737 -1488 327 185 58 698 -329 -746 -49 -476 
-576 -115 -390 342 702 -2 966 642 -504 -722 230 328 447 1089 1175 113 161 -689 1315 151 -404 404 414 72 384 -417 -705 -417 -338 -2 -364 -376 477 465 -3 15 1541 -936 603 -486 615 141 -635 1325 -115 558 238 340 -202 474 -562 64 -823 319 323 383 885 165 -86 0 125 -838 -842 431 636 0 358 -86 -502 -48 -657 281 250 333 96 560 -304 -410 -210 450 -185 406 507 -546 1022 -1463 594 -250 -1111 460 -527 628 66 402 -453 -302 821 -529 -911 1338 -747 495 582 411 922 -406 -286 -440 -283 -308 588 -256 324 -433 121 341 -993 -34 101 376 465 -1819 -343 756 91 65 -459 -508 -759 829 -701 -133 -134 -10 284 519 325 416 -621 -641 -43 771 -397 777 406 935 -162 -810 1094 719 153 282 375 -83 531 -96 221 -33 20 -548 106 219 -829 1321 -713 527 -5 -897 -164 606 -586 -400 -416 313 -850 -711 360 419 1205 496 160 -25 1578 37 -298 128 1311 -1192 572 -201 1489 -614 -355 -191 -6 -790 284 568 147 176 973 511 -165 -61 1065 751 1245 -400 -173 -152 1159 558 -561 -247 -264 1547 -670 -1128 980 -98 764 1384 212 170 -17 -674 -1114 804 -538 52 765 846 501 -900 -71 752 -327 906 417 842 42 -707 654 60 11 -490 325 -1563 -1150 584 781 -267 -20 -346 -70 -169 -45 276 -1006 1124 390 -756 -367 306 330 -1243 535 -923 -387 1104 -643 1845 87 539 -732 -837 -59 -740 590 -749 -297 -16 -683 -195 762 191 -187 -1295 199 -411 -182 -499 951 -644 1341 -187 -669 585 -339 -281 
-208 1140 633 -101 -1280 397 -626 -313 1250 -303 122 727 -681 127 354 -116 60 -169 162 -227 540 781 -1290 -638 926 -816 1106 192 679 -345 -1213 99 -1631 1019 -187 268 -725 -119 -1275 -870 -756 554 552 336 620 534 -912 -368 935 419 43 1420 1522 591 66 623 -365 844 104 612 -122 -634 462 -101 -475 202 -65 1336 476 -316 -424 1294 1101 921 796 -209 -36 -749 780 983 485 22 710 84 454 251 -244 320 -921 -212 1552 -1198 960 -422 463 1155 497 178 -200 -995 -1277 865 -2590 457 -45 197 -1144 85 -436 635 595 144 -833 -934 868 -502 1055 411 989 -391 -394 -476 679 253 -868 -338 -32 -343 -360 -867 -775 -635 46 1270 -288 528 445 -449 378 -1485 -111 381 750 -472 -315 -370 445 -618 176 606 182 -158 1209 57 -486 140 1070 -329 506 551 -1195 283 466 -258 873 1006 2 985 341 -316 -781 -4 -462 -617 -996 -867 -42 -1355 762 1167 62 755 -830 -1097 -74 1819 -803 -649 1960 -92 -68 -1456 -420 -452 122 -528 -230 -626 -527 -324 330 -23 272 -502 -305 341 80 -253 441 418 -63 739 -304 -436 -436 -1460 -543 -7 446 177 1229 877 -498 -1702 -178 532 1110 301 1019 267 -1045 -46 -1316 1325 -1003 -188 -615 -1163 -400 -1237 252 459 673 87 584 -489 -281 225 -911 -389 -50 -179 -280 227 -1420 450 5 -9 -505 -189 -570 167 191 -1084 139 671 266 -173 692 -980 287 1346 -189 -1096 -862 139 134 -109 -1063 -1376 -105 -64 537 -1829 650 -431 -114 105 -131 56 125 466 1085 -499 -225 511 1408 -555 725 -144 
471 241 725 -1319 781 -672 172 -563 -1341 609 623 -67 1059 -234 244 208 -370 -553 161 446 -108 159 -1312 -1368 279 -615 -173 -1492 -50 -960 -747 -214 100 448 -262 -34 -262 -308 617 1473 910 -1077 -150 -529 -1088 -76 -878 341 1112 300 -111 119 -1438 258 308 147 100 -3 -1038 239 -698 416 543 -714 529 982 1013 95 -510 1288 616 1038 445 1325 199 531 -31 -2559 301 -142 1329 -538 581 -138 330 -1554 319 821 -85 -506 770 1097 -435 240 -775 437 172 -685 -857 -1775 446 -467 -439 777 191 -318 428 894 -276 -242 -1437 491 1077 852 -265 837 -41 -1693 492 -1092 -525 112 624 -1144 -975 -494 -342 -671 672 -214 -838 126 -497 -3 -30 -246 884 -13 946 -6 42 591 626 529 217 -2 -660 -469 468 -848 -282 42 419 -250 355 373 356 571 -472 -1094 313 563 434 307 27 -269 -124 -985 256 1081 589 335 13 -755 -540 204 111 331 -526 -304 496 100 177 -375 349 -622 428 205 1414 233 864 334 41 174 -392 -1177 -855 987 -263 -1595 -104 1603 361 148 -625 -155 -655 -311 -1128 -445 434 -42 -748 69 -82 528 350 130 816 -587 -281 -866 763 -201 -399 1328 -968 163 -641 -319 -135 -1047 -93 478 67 309 -458 -315 -1078 209 -885 -946 -152 -232 -461 -905 32 -203 368 -80 -552 -1692 1454 622 -241 1045 -71 -774 -739 -417 1477 474 565 258 -380 868 651 254 529 341 -1473 989 365 294 514 845 -1203 -78 -42 -1153 -710 462 31 -524 -524 -15 -582 -200 -246 -362 298 -596 -184 683 628 729 222 737 878 -1020 
-487 -1055 1107 -505 25 -615 -131 1160 -814 239 1001 85 766 1225 -67 -944 -447 417 873 -390 -610 -268 -622 -635 -515 -1010 150 1004 -383 587 187 541 265 572 -385 -774 895 516 462 -27 340 272 62 -29 445 147 173 1231 443 201 -119 832 -650 1740 -25 -428 -223 330 377 -128 372 -416 618 280 -213 891 207 828 268 -408 187 -732 -1238 314 892 359 218 199 -592 508 1037 -842 167 -1348 -634 395 916 838 -1017 -700 -1079 -320 737 1087 171 -841 146 -10 697 -220 175 -442 -169 -427 709 7 -1287 -582 -206 -326 -677 -3 765 14 -75 -204 -284 524 -78 342 76 661 715 -453 382 444 -675 -1508 -408 347 -293 -555 432 -1261 -494 178 -567 -1227 1444 206 463 452 285 -292 -1244 613 -347 -738 -788 562 -148 -1418 -1099 197 -1169 -502 -1643 -418 -876 -209 -951 -93 1315 -143 1301 239 -1023 -151 316 -556 -658 840 29 304 93 917 -937 -431 -455 933 309 -205 966 413 1074 -223 -296 745 -518 -685 -546 -1057 716 848 448 -1111 423 -623 -564 -502 603 244 -172 -1997 217 846 -633 759 -390 45 55 268 575 -585 199 -850 177 1074 -592 -1853 52 1291 137 651 -45 579 -1172 -17 197 555 115 422 1299 -525 964 194 -675 594 -264 -10 1110 892 108 -494 -148 -809 -676 289 259 -214 -167 -75 -1223 -708 -379 -975 -219 1032 524 705 -401 -29 -536 392 784 -706 733 134 1105 877 -315 797 -983 718 649 -513 929 -663 -23 514 -85 -161 -475 -940 481 117 559 894 497 -230 76 -673 -650 -1666 997 508 -137 -94 -317 1313 
967 -138 261 357 -29 -26 229 -362 758 -797 -417 -225 -825 -798 238 -744 -341 578 322 415 -596 -655 445 -707 -1883 -304 69 -1090 1125 -526 -277 -31 290 -319 338 -416 210 -245 -527 720 -267 1056 768 835 732 -954 -235 186 -613 150 54 -1415 -73 136 -468 -648 -286 -1289 -289 848 41 -419 291 1011 -399 306 -89 148 90 -68 322 -516 511 582 -368 -983 -666 572 376 -127 -140 -1136 -260 -482 -594 273 1035 -325 438 -647 -260 350 519 388 930 -990 642 -151 171 -12 -251 260 -552 -477 660 -702 399 -98 67 -899 -74 -752 711 194 168 -868 -666 546 1255 -49 -700 -1126 -648 -444 -552 -333 -407 25 180 190 205 -832 -137 -580 1100 455 280 307 -627 -381 202 1335 -263 -821 823 -441 193 -804 851 -1474 -5 -805 499 148 481 308 992 -893 -169 -456 403 713 1029 -303 787 -448 256 -269 226 -851 -215 -333 -84 -464 -192 -611 -188 405 -103 -809 -446 242 331 -827 1240 1786 583 -788 -982 -568 -922 -1370 -564 -318 563 -546 -59 -445 1133 345 -357 307 821 -24 1164 -122 -1179 566 56 -703 231 338 1016 -86 -1 -407 1102 749 375 110 -739 -278 49 601 -1724 -960 656 928 -157 -1123 -251 -563 174 -22 -499 -534 -568 393 -606 -1060 1562 -737 345 497 771 -204 515 -99 -389 -1031 -530 478 274 232 331 414 727 -108 318 2332 -578 -240 -131 -17 -626 -72 -47 1144 -191 -259 -1275 82 -1096 1001 -1185 387 -907 -310 -623 -105 -621 -656 1080 -318 657 41 83 345 -964 226 -606 377 148 239 331 -109 416 -1519 -546 -838 
664 240 570 651 269 353 72 -1419 -43 -41 178 -345 -330 -529 287 175 -498 -928 12 -122 527 191 640 45 202 447 390 150 -72 858 -620 -684 -1452 -589 1652 2284 -41 -666 809 49 421 530 -374 -354 822 -1645 -230 226 612 -1077 -593 216 -872 -52 -169 379 -214 -79 533 59 -447 -636 -134 -534 175 -669 -1580 -1048 -207 275 -607 -214 7 -559 -166 1067 -341 670 1020 -374 712 991 -391 824 1779 -241 -381 500 1391 -1296 -108 423 510 13 1081 873 1456 -353 -803 -940 287 -183 -62 -401 20 1179 -330 -291 -6 -444 18 556 654 556 -816 -239 -99 -450 494 -635 195 -233 1139 217 353 471 -361 569 156 361 1044 205 501 -318 200 1266 552 137 -201 -74 -976 96 -88 188 -155 170 -138 -406 -116 159 363 -24 567 782 -802 1306 500 -830 -121 -818 -650 217 -236 -339 242 62 -712 8 1137 -354 78 -532 -420 -301 444 437 201 -491 -377 -616 383 -441 739 382 -422 -868 749 1100 -478 -84 -654 608 46 460 -781 -741 -29 -333 -482 242 842 3 -305 -561 196 524 139 291 -191 1135 1551 380 -759 632 404 969 -507 155 206 1896 -820 -1127 535 -397 -687 -619 1078 610 -871 281 295 700 447 360 272 -132 -369 -408 427 327 223 389 639 369 -172 709 598 144 101 -757 49 83 -295 -611 -266 -158 341 -567 -34 -695 -749 376 270 272 -546 -1280 164 -391 445 -1406 -185 -681 -217 402 469 -190 -672 561 -412 424 108 -668 505 -722 -182 -389 -260 -676 847 -317 -32 -466 560 98 475 780 -362 -308 1209 -97 
494 353 -1207 -119 509 83 -425 -568 -331 -677 -225 -275 354 220 -401 222 797 290 -1493 359 -772 977 -684 232 51 27 -348 -419 -236 1104 292 -1288 202 -742 571 632 -716 -1619 -496 -77 215 -98 71 36 618 201 -383 -800 675 149 1582 441 -1149 128 200 -588 226 29 -106 -375 127 -258 -146 631 30 997 -164 569 142 754 -584 -683 -1014 1560 -387 273 812 -251 858 692 -124 -59 -335 -157 -1139 72 485 276 280 61 280 -1646 -631 -619 233 -535 -254 -601 -1087 182 397 64 128 -385 217 154 18 1288 -378 -834 -301 -215 221 -270 -95 1385 595 -228 -396 -338 918 361 652 -325 592 17 -766 579 -1726 210 -489 506 -520 1130 -648 369 -566 -34 722 8 653 -493 42 261 62 362 534 892 -471 802 88 481 -87 368 244 -245 -288 -476 -213 14 373 -292 378 899 315 19 1275 843 -434 1433 274 -881 669 114 -553 299 469 -586 -630 -196 -822 995 -1763 -150 215 -697 -56 -489 -720 18 -38 550 -74 -493 -405 876 -287 -296 92 265 306 -677 -264 -865 -501 -467 821 197 -256 97 -828 169 315 -263 950 -979 552 -430 624 -215 -562 170 -365 318 1180 -267 -156 -955 -307 -119 860 155 -308 814 164 108 452 -1126 -127 -418 -427 513 -71 9 83 -673 1032 -147 -368 -312 -475 856 19 -468 -867 -124 815 723 110 -237 1182 709 -159 440 1437 -600 890 -336 -237 540 751 -417 567 -560 -97 -377 290 37 568 -570 -69 -222 -528 -336 506 490 260 83 149 -701 131 728 718 881 343 -433 -417 718 -1067 -181 
431 274 -182 -1057 -75 -280 -386 -613 -321 -570 168 -243 837 1050 607 -305 217 847 48 84 -126 589 -495 78 -199 417 -1220 942 -1422 -592 -9 635 43 93 299 14 -101 -155 -362 15 518 -112 222 1190 -287 350 -447 -732 427 368 757 -157 1681 -1525 -468 -552 -17 524 -816 -352 -255 -625 -795 507 -84 1294 -211 -3 1918 -368 176 -419 1275 -424 328 -1351 -142 614 -367 729 174 422 599 -262 -1237 219 -369 -1061 -571 401 -139 218 365 145 999 133 -630 365 682 -856 161 214 435 445 272 1543 -386 -933 1013 869 -672 799 -109 559 -123 -976 150 -181 504 -219 -423 1060 -494 -269 187 -493 942 491 -635 -767 829 -539 -74 176 627 -207 -163 935 299 -76 1361 -1024 18 -236 -314 -1058 334 228 1264 -355 452 831 -896 -389 -881 837 -29 658 -85 295 16 -353 17 109 1399 -500 -367 -399 -301 1106 140 1087 -617 -25 295 -560 -182 -476 895 -425 -400 -368 -9 -485 491 322 -391 -426 -123 115 762 -410 -649 102 -136 -609 703 -103 -8 -272 -527 383 -1437 -739 84 1421 33 330 396 559 -234 -517 1 -592 -736 1411 -374 -565 -361 -284 13 -993 307 -946 694 169 46 70 -402 368 -1026 261 1096 -221 162 783 -1020 -1077 -51 -360 -1522 799 -671 -261 355 327 -673 -777 -208 865 -826 -1113 949 42 580 -949 -55 -248 -280 842 702 594 572 1661 1510 -77 -544 -935 -1670 -415 -136 -888 -814 1378 -560 -683 1127 70 -230 137 -248 185 780 383 -439 1410 -423 -1013 438 388 -360 99 -1104 -124 -1049 -679 413 1076 -684 -112 
1258 -510 -494 -123 -11 -425 -606 -420 -351 541 -202 296 -998 540 -466 -766 385 -123 -541 37 -351 -732 -732 -545 -422 -1580 25 -152 456 353 91 -804 900 -366 130 -841 806 -936 -893 -464 19 2 -355 -815 880 588 -96 -518 -464 -560 -126 240 71 64 823 -886 -1117 460 -596 -145 -550 548 -622 135 332 943 -157 -1089 -937 -1026 -648 -31 350 1132 -337 736 484 -714 -17 225 -609 -425 -538 -98 -690 335 -249 -574 -405 -406 -125 393 -99 -323 580 -42 -547 80 -46 511 -249 -346 -1203 92 724 324 -228 -656 482 54 -209 426 -934 575 -55 850 414 912 42 681 -613 20 -364 1291 -826 337 882 1375 -225 46 -461 796 142 593 330 -298 380 -121 239 89 -345 798 -576 1401 432 311 -409 360 545 -678 423 77 -57 329 -190 25 -523 707 728 -27 -71 -142 -1596 521 -297 1037 -1055 -189 566 681 -278 -1251 41 246 -769 23 -448 1143 -767 657 367 -221 280 184 53 1001 -762 -110 -470 629 210 -198 140 -188 1405 -333 281 -87 619 -1247 647 -56 -87 -119 -1847 -828 -378 -712 419 -17 -568 207 -804 -291 -40 -503 478 106 577 -717 -498 155 -222 776 914 1040 -68 -89 -208 -93 19 -387 -408 -504 634 -269 -240 904 -54 934 -298 -892 209 587 -26 -1079 1708 83 -29 60 563 -342 1463 -785 984 -163 91 330 794 -701 -1642 15 -214 -818 -14 147 -60 -320 1312 -139 -676 291 -231 -207 20 8 144 463 -979 192 -352 457 233 -114 494 -969 -956 167 -181 -802 -316 -447 256 -396 -174 109 -714 233 -759 -1369 
-412 80 -349 -359 -844 -661 -495 -46 184 422 446 -127 846 -431 1316 -70 283 712 -564 -1416 485 25 20 -137 -406 -107 1048 187 401 -396 -931 -400 541 327 -295 -1020 -546 534 -375 728 -453 1180 -312 -724 -589 966 -116 -269 576 -47 -1628 -915 -377 322 1292 790 246 -1783 -513 -299 -173 433 1335 686 -1334 -695 -444 -253 -380 274 513 -9 -33 -725 606 -532 -174 701 89 -990 -185 907 340 137 -487 458 545 970 1312 1971 -1082 -241 496 852 659 -425 1202 443 470 -545 118 1117 530 863 281 220 -748 -812 501 -233 -221 -1122 -613 824 1178 -943 -977 1147 610 -670 -361 466 -597 -558 -153 370 1972 -352 765 237 401 540 -225 118 -319 -735 1093 -292 795 543 -245 -315 -571 329 1186 1244 323 -765 -560 995 1238 303 -85 185 355 335 303 -262 142 -315 947 1147 57 -450 67 350 -750 -921 493 216 275 -503 -501 816 48 -750 343 -234 515 -220 566 -327 1448 602 -151 1354 -946 -236 1364 544 14 -11 -312 -216 465 -12 611 -14 92 -1741 677 -594 194 -528 719 -1531 -1726 14 438 250 707 -193 -239 -31 -379 -440 -271 346 628 1476 -1065 -64 389 123 -293 160 507 599 1261 -305 -832 136 859 -1832 66 497 -462 -448 1189 -706 -246 -195 192 -1193 -173 365 -708 55 -710 896 -171 -274 512 296 -128 896 155 -1140 -101 70 -1010 420 250 531 -516 572 0 416 703 -584 -91 890 -314 -48 -969 -136 -652 -387 105 -470 -461 -1875 -791 275 -1134 664 -59 324 -304 679 774 362 376 1016 -216 945 -332 122 -528 841 
330 -678 -863 -493 13 -584 -823 -319 -548 -346 820 -1113 474 -713 -654 12 472 -302 -364 -96 431 -368 125 182 141 -92 360 90 -108 144 -301 1187 -714 1014 -938 73 467 497 -583 -213 472 140 -975 433 937 -170 459 -215 -944 1139 354 576 461 308 379 -537 40 422 -96 -1182 -328 50 -109 -179 29 -125 -930 317 -491 323 966 375 703 -537 -592 390 -515 423 395 748 -1124 576 -226 -1019 -86 -687 -660 623 27 476 -1660 491 633 99 62 -1068 -874 620 362 -240 -609 306 833 -709 324 -238 -49 -442 574 362 -114 677 -768 388 -650 867 -75 249 772 -798 899 -126 886 1257 -218 281 1102 -568 -118 863 599 391 -446 319 207 -588 -1481 -633 -227 163 466 -1279 477 512 1007 -1449 -631 -382 -424 972 1241 449 -172 529 302 189 -127 -24 836 -187 -886 14 -1007 -290 -442 -834 431 597 -94 -273 725 -1481 -124 487 499 -615 164 -1246 -56 -105 -588 1046 -112 -122 -1004 43 74 -510 -1073 641 564 1103 -628 -432 34 395 -55 -200 632 394 -220 1276 808 264 1016 -432 -731 -918 -506 688 -241 137 -180 873 710 48 1390 -779 557 145 156 202 335 353 -38 -394 280 -422 434 -443 -209 941 -75 -200 191 389 374 -189 982 -457 76 777 23 -126 176 1067 -280 1099 1490 229 -56 685 -667 -176 236 37 770 -1128 670 -919 -1437 719 784 -495 136 527 -1212 141 584 694 459 7 -524 -590 632 -841 -853 89 1045 934 1179 1543 204 215 770 1601 39 1941 -877 787 -1085 -659 235 -829 -81 -244 451 -459 -199 420 
-312 -389 457 -139 -77 -410 -670 -795 480 15 -258 -7 265 602 1693 1019 -1034 -769 -30 102 -1523 475 -315 -317 54 -362 -289 -282 118 32 933 -1130 -565 -424 -1249 -90 -289 283 959 242 -127 88 -942 46 610 -82 326 553 266 205 -765 450 985 167 -60 499 244 640 371 70 1704 -392 1464 301 -1544 -666 -254 411 371 57 297 -1091 -952 -173 527 515 -32 -148 -745 -1287 6 -101 655 591 -919 -1119 547 -415 -133 -417 945 -368 223 1557 -335 221 -326 1250 -560 21 960 -794 -38 2013 -872 -856 1129 868 395 -274 14 302 -460 383 -1008 -430 -115 -794 -797 766 699 -951 -426 -1098 -472 -256 -67 1653 425 -29 351 -185 302 -468 608 84 -1749 423 944 -710 -830 -21 -111 139 -1283 -383 75 687 584 -482 -365 -116 -835 311 477 452 441 166 -956 673 -65 -62 1030 -145 -564 14 -1585 -775 -293 558 869 1521 -1067 -506 18 669 551 641 395 206 1373 34 -344 -59 768 -576 -747 -416 506 -460 -1189 -118 1154 -897 -1087 -1171 74 46 10 -292 -566 -851 -478 -413 739 676 34 403 327 833 -802 639 -362 -37 197 117 -804 256 535 1355 1673 -972 87 1301 -542 1013 -221 1102 357 156 790 -270 937 172 48 -256 315 1405 802 -484 467 -361 -195 898 46 299 228 1305 -605 378 -756 -438 -903 -267 820 -317 -1180 -856 194 619 254 -22 600 1654 488 -505 26 88 264 -526 319 434 469 352 665 78 1274 -604 707 195 -35 -589 299 131 -778 -322 -6 457 -339 70 -493 962 -601 746 281 326 160 -99 112 479 
206 267 -166 -121 -511 -661 -431 -978 -37 497 35 893 -946 -128 54 -345 204 346 340 -874 -520 -328 406 131 -153 339 120 -323 -610 793 676 264 816 830 -598 556 -31 464 -94 -933 211 -710 -402 -1485 -495 -299 506 -250 -177 41 154 -511 -31 -843 -530 -507 -4 17 156 -455 -296 -598 398 348 535 -526 494 -138 -32 -385 -95 -222 -376 92 -529 1004 566 -944 81 -497 -535 -106 -577 312 -322 122 -290 238 1510 81 811 798 -201 -146 136 454 156 652 281 144 -1472 147 73 349 1051 -190 866 -553 88 160 -936 -738 -968 -264 -293 -103 271 1251 -233 70 831 710 123 1325 342 -208 230 -324 -482 166 -854 -70 -1137 570 486 832 794 -1108 878 -1023 738 946 1000 1246 242 -302 -559 -259 374 -1306 1143 212 961 1335 1609 -80 -142 -488 1105 -906 -465 639 -718 466 730 -422 650 -67 1175 470 -704 70 18 173 -712 484 -270 -256 -778 209 -330 903 852 -226 347 817 -221 -518 741 -178 -104 -731 -1028 241 223 29 -712 415 -110 201 -101 870 -344 -224 -211 -680 -686 -822 839 253 -175 567 95 613 -673 -1046 -9 -956 696 -604 43 1105 -85 453 757 -480 -477 -18 374 -129 172 707 340 -307 577 281 -701 659 -485 -1136 -514 77 -157 610 -64 547 215 213 633 -385 47 327 108 -440 362 405 -40 -1264 -411 -75 744 155 -270 -811 710 409 -362 -455 454 1136 187 956 -386 475 -1348 11 72 -305 -423 115 -537 71 -273 593 -376 731 -917 -306 -286 -1010 708 35 -261 -1047 327 120 -291 -470 -440 -905 
217 21 764 665 290 249 630 428 197 619 -828 -1172 303 -816 -785 711 282 -131 413 -115 9 922 -380 -827 77 171 45 123 -524 -638 -909 -457 -558 59 -534 -279 -207 -397 -221 -479 -144 -268 691 23 138 -770 -591 656 407 417 -258 224 -260 -269 667 -87 -251 -148 18 -690 280 503 2065 -417 111 635 175 35 265 -350 115 -952 -13 757 813 213 141 484 595 792 -57 99 -1397 -198 -414 422 -141 951 -880 -37 -752 -199 -1735 831 -518 33 335 342 -162 -250 -389 1489 815 -114 -547 54 -147 264 -521 -548 -163 -329 739 119 -240 1473 1135 774 46 7 1069 -122 501 524 788 -385 -342 1098 11 -853 289 8 -248 503 40 840 -1474 -796 -446 306 289 554 109 -300 -49 91 -494 318 -16 331 -570 -32 -592 -953 282 -616 -955 -227 178 -117 -571 -79 -1414 1276 -285 63 1354 -798 713 21 1433 335 659 -945 -698 -136 -40 697 -672 219 -399 497 437 901 -128 678 -607 -109 -471 739 -480 336 -179 1509 -1950 -75 821 384 763 -81 -940 232 981 857 645 -141 -631 -41 544 384 275 -383 57 335 -65 703 -194 419 -148 -579 -1077 924 -153 300 -458 -454 -976 -151 112 938 -49 -603 19 1515 396 256 -841 629 -338 1172 -213 -1090 -428 -1021 -889 -163 -988 -31 296 112 -1103 -637 -1139 310 -1178 -158 922 -589 -611 170 231 1058 92 347 -170 553 242 -911 99 -164 33 165 21 317 103 -895 404 -323 -695 -332 -1092 -436 47 608 -308 -770 875 -53 -699 1115 1080 -749 494 501 99 -268 -459 -647 750 -673 
274 155 -429 -711 441 200 -779 -352 1247 158 103 569 -1937 386 121 318 649 -1190 -392 959 -373 -655 -234 1025 -531 694 -121 -1378 938 -1155 1399 616 111 -91 196 -76 -160 -165 723 467 -127 -1048 -461 483 233 -149 -90 -851 834 132 537 893 329 541 906 1131 724 -107 764 -984 417 -425 -337 1076 -86 -22 -485 304 -16 1164 980 -679 -589 -118 -653 -770 361 495 420 1229 113 480 -17 493 430 -186 307 -158 -698 -605 -477 -144 357 -1444 498 -145 39 -638 -534 -149 -454 86 147 -311 -338 -625 122 1243 1210 318 824 -623 -16 291 20 74 -598 1066 513 -307 175 312 -296 -1014 -109 93 -505 575 5 -685 -675 452 936 1198 171 330 -388 522 -605 -631 110 -995 405 227 -648 20 -525 -8 145 926 197 645 -178 216 -120 -542 682 -314 -374 -400 -1415 -472 66 -1235 1107 -398 -119 1183 782 -359 -438 251 -438 768 -733 267 -1257 -817 1013 -89 111 751 546 -386 -449 1356 112 242 -192 -404 -478 -44 -286 -814 -223 62 -123 -114 185 1303 -254 -245 -622 -261 395 1113 -786 -623 -282 -141 -555 -291 -110 -80 1061 804 -350 118 1044 638 -794 -485 1430 528 427 189 41 -1150 185 234 770 661 18 20 -1400 765 -794 768 763 -580 -866 1097 235 1252 -719 430 -1230 786 -14 -70 -1105 402 354 -349 109 12 165 -80 164 -214 792 -619 -213 41 -87 1157 639 -438 446 1183 106 -241 -45 30 1023 145 13 657 -369 -324 220 146 289 73 670 -365 286 -1158 -641 -565 -420 -180 -209 211 708 -1207 815 -208 164 -1117 
994 -241 -1336 -581 812 -310 146 801 41 -775 455 850 800 -552 901 543 1720 -493 1146 -541 -425 -247 747 664 70 36 -589 -484 -1215 -358 -25 756 13 126 111 -782 -385 -284 262 -399 39 -641 -390 345 -821 248 -915 375 540 -20 -722 -595 -581 -380 363 -149 806 242 -121 762 151 -436 264 202 447 613 989 -636 153 208 1823 505 -969 -1034 -1190 615 -117 -526 823 1215 -26 -1017 306 -300 -291 -994 -381 -1033 294 200 317 -263 772 551 283 -1739 37 -144 261 -322 14 -374 158 -193 -89 259 -386 252 470 288 -65 74 -622 -83 -318 -467 -96 -437 -476 129 -112 -460 206 -504 418 6 1025 51 1130 -1 -96 -183 -996 -637 -247 276 -486 -575 101 216 797 199 -1177 -815 13 322 965 -627 718 667 637 153 -1055 -45 -203 71 69 -24 -195 -30 -433 48 742 -726 213 -743 98 -1001 401 949 -174 533 341 -328 559 -1005 632 415 -422 1717 779 -530 7 397 -553 -196 330 -526 -492 -284 316 -393 458 132 -1007 -173 569 -67 2086 -27 164 778 743 -393 -208 -310 -325 66 391 460 -164 -122 904 -207 599 600 322 -1233 -522 542 152 -357 -646 -1102 -490 -459 394 -350 132 -1028 277 -800 581 324 -192 -247 -1282 -270 -347 -136 -540 236 1460 -1206 -371 -1475 529 -254 9 -463 -208 -692 -450 -403 214 -667 131 1215 720 812 -577 312 461 -128 527 34 225 262 -643 -569 -478 912 464 -8 306 571 -1356 362 192 -641 351 -1179 20 282 60 856 -276 96 1380 765 346 -1736 58 647 425 -278 114 769 -27 238 
-585 378 -235 4 1145 -385 18 151 841 -379 728 1092 173 -119 -182 -867 511 309 -416 783 -532 -32 352 -298 94 -367 -19 483 -191 510 296 -205 323 338 -653 303 220 -51 313 -1246 -453 43 -764 306 -789 153 390 -255 -979 -1111 318 446 -866 -515 -74 241 -645 -1102 159 -733 364 266 1092 540 -414 -703 -55 -78 -305 -142 63 768 183 137 592 -739 -232 -1138 1090 95 2272 -299 602 58 -778 229 555 1024 112 -574 -388 -38 -768 -154 69 170 -174 963 1346 -152 -1278 879 -256 154 196 136 768 111 279 429 -382 542 -488 -522 157 -36 425 1003 442 -217 600 -587 141 53 479 745 -446 -292 -1041 -357 -797 -76 -230 -223 -595 954 -292 -1907 101 422 541 814 134 238 -199 -744 20 -545 600 -635 -439 114 197 -596 -51 -1189 678 339 328 571 -747 328 127 19 453 -475 -956 276 198 -447 35 614 11 -834 -796 446 406 -528 -741 295 605 88 -535 568 -856 371 406 216 -229 -476 -658 -506 -595 -875 549 566 176 -563 -72 86 -122 312 385 -881 -200 -97 995 998 725 273 -405 632 310 -42 -373 60 -329 632 965 -1123 -328 -647 -1 13 -331 557 379 -362 400 -782 -542 401 183 371 419 -384 265 9 -188 56 699 781 30 -143 1198 709 901 1536 1293 309 447 -449 -151 -328 -391 -92 -358 424 -698 1333 -161 276 420 -40 -411 118 -271 149 523 395 442 851 -857 228 -184 -509 338 -563 -93 433 -417 447 -262 880 -694 -427 -39 265 95 537 73 -65 -184 -122 21 -720 814 -1288 -511 1537 
270 258 -1436 -850 724 100 -48 -1411 -459 -674 -434 40 -360 1500 -408 28 509 -150 -260 -117 394 -1368 1064 233 756 932 -819 -412 -354 -261 -464 -229 -944 890 -58 878 -1152 -89 343 1585 36 -867 115 -5 477 883 -535 95 -304 -466 107 -13 -542 -1465 -630 354 -505 -200 -174 -314 -452 -1055 510 -340 154 -1183 -821 -344 287 293 331 -19 426 -133 405 -809 115 1129 458 -863 516 -181 83 257 953 -397 -1044 36 353 700 -190 820 78 1575 133 -174 422 -331 -1270 41 -367 29 944 986 -117 264 -162 22 -375 0 -165 271 991 485 163 -212 -628 278 -185 344 -615 595 428 -643 -619 321 735 -17 -805 613 2115 -641 -283 788 467 284 -71 87 793 -450 753 -83 137 -1391 -418 -491 111 -328 42 439 -336 -17 1009 345 192 638 418 -877 832 -1541 281 -729 -21 165 451 -91 -422 862 206 -134 -270 835 35 541 -377 -410 126 435 1138 320 -222 -1236 97 -205 -30 -509 -78 626 -76 -1545 -262 697 256 40 500 28 410 -829 1286 -1277 -202 215 19 -628 837 335 -396 -19 -518 -1617 160 -371 399 203 1491 -74 120 62 39 208 -275 67 277 667 -771 -278 -22 907 427 305 599 16 652 -248 -855 396 184 -770 -263 -946 -794 -323 3 -12 -23 539 -1000 525 -872 848 -58 -842 293 1918 -201 -554 -807 -217 -1069 -569 90 -419 911 661 165 60 349 219 37 449 145 -662 -356 456 90 -400 -552 114 816 204 315 -386 903 673 892 752 -1228 -415 654 -727 -614 -376 -789 -1205 -189 -169 -697 503 592 -331 
-1045 771 287 595 824 256 -1336 632 437 315 -1217 -728 589 -741 -45 118 -120 289 94 -1170 103 -11 -1262 -63 -196 -812 746 23 -80 -133 -638 311 295 -108 -1591 382 -263 455 923 -232 -12 1210 -322 -88 372 181 607 -122 100 -1590 556 175 335 181 -52 -33 -432 -832 872 -438 -643 -416 349 88 676 -696 -127 -413 1076 -871 416 -1106 54 292 591 -199 1341 -625 205 -434 97 -84 620 -648 -79 -421 -45 -1301 415 657 -382 103 900 222 647 -799 -90 36 642 -334 598 -127 189 27 1107 -69 246 322 -141 619 33 -629 -484 296 27 82 -619 346 -215 -407 -52 408 1365 -758 -326 -360 -157 -19 -684 -468 -11 149 -598 -518 276 145 292 -440 223 188 1049 -771 -276 -648 679 75 -401 664 127 -110 1457 377 762 17 264 -500 -1030 -188 -174 -473 459 -883 616 -255 420 -38 -368 -583 699 472 339 -383 -722 512 -1194 -65 -828 -594 75 430 -1541 518 979 -141 285 -363 -480 342 75 -594 -261 699 31 1765 -690 187 222 1 944 943 -274 -466 479 -429 303 316 -550 -495 -466 158 -943 -526 -861 1305 -454 -624 -196 -24 1070 -210 -97 806 -1035 -25 413 93 205 117 337 165 -1355 113 -332 179 104 -444 -1107 836 171 -802 -551 -767 804 960 -151 65 -679 -410 820 723 -1223 231 -545 1 789 494 -672 878 -1561 -707 305 -68 426 467 265 1306 891 245 1140 883 -777 782 -37 75 826 -180 730 -481 -793 1061 250 256 -88 -390 -570 -918 -17 118 230 552 235 318 -1254 58 886 -622 1060 199 -386 -231 
-779 -296 163 140 960 699 -242 28 864 -914 -562 -791 -259 787 423 -348 1066 -589 -556 123 644 -928 1747 405 -1176 -56 -389 -78 1209 -762 -136 -622 91 1321 -547 588 33 115 65 -1032 319 287 -186 -544 497 -38 -441 -80 -175 -415 245 559 396 -114 -164 1084 -498 -28 -23 216 -537 -671 640 833 -1191 432 -247 473 -84 107 -594 -878 -212 -299 410 350 -690 1798 -378 -371 -700 -321 -1176 132 1163 560 -41 -180 -147 973 -722 -54 1065 -811 574 -492 -1136 384 -208 726 -804 -45 1865 -768 361 -384 -577 -244 750 202 -137 60 -573 208 1080 571 -186 -49 -319 457 -783 1333 -711 276 -43 96 378 -229 -901 83 -1011 -47 -1098 471 -604 -118 -1320 502 -276 563 883 700 214 107 -106 4 -243 -524 -884 212 1086 91 -88 1228 -866 -84 -273 -189 -282 -184 76 -606 11 -112 -572 -504 580 -16 -22 -489 497 153 330 635 -403 1251 -625 520 974 -237 -31 322 415 677 458 1063 -293 -430 12 -174 -128 537 -275 20 755 1559 28 448 -620 373 -505 -286 -121 -422 296 601 -490 -241 1126 -88 968 -252 2042 -792 233 -158 204 174 1024 -146 414 -767 709 1227 -425 -482 -59 -1030 360 453 881 -373 -641 219 -732 823 283 -609 1149 -1484 134 -333 -224 -685 254 380 -199 733 87 183 704 888 -478 121 -560 1030 -261 -362 -165 86 778 -342 790 531 -256 -485 446 903 -464 336 462 -187 -401 -414 216 -397 64 1252 360 -610 -497 452 759 323 -286 -123 -49 488 -54 171 -596 260 -152 -76 -697 107 -176 -284 -168 -61 
58 -290 245 -977 -520 192 586 -832 78 -614 -69 -114 -618 369 -235 -1009 -1629 2075 -550 191 961 -672 -111 924 -1107 -889 165 255 155 -1111 -466 919 710 1404 -922 27 994 104 -1046 -372 -343 1452 -695 -733 -104 498 -80 -411 -810 -722 854 716 985 -1108 1 -278 447 625 534 -1346 840 976 -339 107 195 49 -285 1098 558 1466 1180 -90 1207 -1120 -397 -20 173 -191 35 385 -540 -505 739 -1112 289 -312 -1434 -744 87 1108 -417 -610 -341 627 195 60 -575 -1112 695 -551 -311 630 -923 608 -798 -213 886 63 -36 597 -459 -68 205 -127 577 -29 -873 -480 -302 346 290 494 426 -156 476 -37 -207 7 759 -714 -1122 -343 -399 -449 -385 -108 -255 43 -1084 449 676 -276 1139 -312 -105 -341 -130 855 -1098 -883 48 188 -65 -640 -1042 638 1111 431 76 136 170 -162 433 -126 217 -892 -140 -697 -167 -216 401 -429 -515 -29 -706 463 904 -347 -550 -1233 113 -674 682 -256 -148 -756 -1456 -77 -119 613 411 394 -794 546 -320 195 -750 24 1096 243 -1053 -759 437 650 -458 5 495 -799 690 -557 -174 418 -592 -394 -247 -55 832 -566 79 -833 991 -987 94 -158 -281 895 -608 -857 3 -507 476 -760 -1170 1144 -712 117 254 152 144 -1135 993 -240 -475 263 98 -221 1218 995 -935 713 -655 585 9 -1125 421 92 -643 277 -1520 -1473 1094 173 -917 -1137 249 810 65 903 -297 -536 675 -225 552 970 -941 -407 555 175 -1253 176 -210 1081 -87 18 427 301 -80 -574 -68 -985 59 523 7 653 397 -1725 575 574 -246 179 
-673 -553 -552 221 338 1129 -290 76 592 -340 -453 -359 771 -433 -260 -1009 370 -9 29 1115 363 958 31 345 95 -1020 705 -170 793 316 102 151 -1 -142 1046 -572 609 61 -151 1355 -1214 -240 508 566 53 24 -260 481 -173 247 -291 186 322 216 421 967 -199 -825 -1017 411 -994 -20 134 -310 286 266 90 -91 414 473 -518 1079 -40 564 767 -439 124 -71 -460 720 155 -721 779 -569 -769 507 140 -63 -48 -270 1908 110 219 30 -13 -590 18 460 592 182 133 -561 416 431 29 -109 -434 -369 -596 703 304 -198 991 1262 -394 -692 -84 -454 -188 -1278 -424 144 1952 -105 -40 -675 -66 -277 -790 -887 256 319 -64 -360 721 -374 1297 601 496 -305 -702 -1003 73 -73 671 -786 -96 334 -485 252 -1420 -314 905 329 -1026 -754 -57 21 -248 -221 518 -458 -467 211 1328 -713 394 -68 339 -631 -555 -76 -962 870 -328 398 -1311 333 -173 410 -32 -596 600 -1172 -139 -303 537 986 436 -39 288 -79 297 191 734 -230 1113 553 741 -337 -113 -556 1178 275 -109 -1486 -625 1436 213 -783 607 97 342 -131 295 465 443 -78 1249 271 -407 119 155 -30 109 -383 1089 -1154 -40 548 -404 -168 85 240 516 -234 288 -944 -413 627 186 190 473 255 194 -141 -663 -390 709 -54 331 -106 -29 1581 -249 498 -589 -160 -1528 -976 -881 43 248 -507 223 -446 -71 853 340 -38 412 130 83 -191 70 -53 -131 -599 -196 197 -1647 282 125 381 512 -257 924 87 -28 1044 -456 -238 536 552 -436 548 674 -795 -476 -173 
634 663 -631 357 375 1459 -979 1727 -256 -91 480 -242 578 821 222 1018 100 31 1064 410 -602 949 -278 -14 -966 -356 387 -108 880 -87 497 118 638 876 47 -614 -248 387 715 -436 -421 228 762 -672 379 -433 -309 865 746 -263 767 -428 505 -278 -45 46 -1003 -99 -1193 -1468 330 922 248 -979 1132 -760 -381 79 274 111 -309 -1414 -1264 -713 -737 1420 73 284 1038 -523 431 -520 -1012 54 29 520 -967 229 324 -612 742 -506 865 -379 3 280 -801 687 -491 159 -228 -1734 888 661 78 1097 285 500 14 -828 -622 -878 942 -478 -161 1437 -190 -398 275 768 -244 225 -619 -259 -102 263 424 -226 1045 31 -235 560 229 894 -1326 433 -465 661 -833 2211 447 -286 592 -545 269 -522 1384 1255 -379 956 230 -1376 -739 837 -1235 -62 -335 -785 -200 366 -235 -634 752 496 -98 -131 -145 1408 687 -639 -82 135 792 -302 -36 468 118 353 -494 291 299 458 -315 1810 -919 -11 1185 17 -50 -238 1166 785 139 -287 1114 -21 -288 -239 762 -346 -138 -1148 252 -22 -416 -84 181 61 -236 -745 -838 388 -592 -922 -163 -1415 463 149 -891 -578 -522 303 -1417 1270 -785 -740 273 -616 817 734 -389 823 -645 485 -76 421 -294 -474 118 383 606 -147 -196 -20 -1028 421 203 -134 -281 -7 486 836 -21 214 74 -579 -445 -265 258 647 -827 339 -498 -669 -456 337 197 721 -631 480 -148 -139 1766 -744 667 -404 29 780 1477 1418 101 -1223 -859 -165 -660 -1055 -436 1574 -555 457 -1152 384 617 -522 -764 -714 463 413 -65 366 
-452 -571 783 357 -1051 588 249 785 -103 822 -1154 543 449 530 625 -302 -338 561 624 -299 697 116 -211 850 -1335 -612 1101 -137 615 195 150 -29 678 -112 -320 45 185 -696 831 158 -560 497 -618 1068 388 -193 -361 17 -619 -497 291 -650 -527 733 1 134 213 -435 343 316 -11 -457 228 -598 -1523 -1040 -139 676 -930 -278 -1112 -443 -896 364 205 188 -1139 78 57 -372 427 354 -772 -387 581 -501 765 -51 130 -84 -53 -489 1206 -1140 -890 -250 1256 6 -803 539 -1182 533 -108 -129 -708 706 236 231 903 176 -1263 663 100 546 -1013 -765 763 -175 808 -12 59 -284 162 -752 423 -483 267 -6 630 115 -139 192 1109 -712 -60 -619 450 -343 126 -913 -1263 587 -15 835 278 -1011 919 187 -1427 -567 990 -313 -820 603 -269 -955 628 -340 -1031 343 -254 -360 83 -500 -442 1372 -386 -294 -95 -1069 106 108 -344 508 -493 -205 815 27 224 -1317 -412 988 832 164 1481 -93 46 -732 1262 209 -516 436 -1062 -983 -336 -809 -400 40 -80 -836 -449 406 -190 -899 -671 1355 1027 -261 17 -93 56 -576 299 504 46 -732 -169 487 1225 -1087 -188 -1116 -564 238 371 -196 210 467 -389 -1474 -83 44 -1278 106 862 -429 -344 -641 126 426 712 -1292 -223 1200 -544 -951 -670 -426 199 -358 223 -148 -898 97 -666 469 -747 85 978 542 -1185 -1359 152 -427 -419 76 1533 -1131 742 691 -10 1144 189 1225 -458 -253 -702 291 523 29 1083 -743 -536 -343 -220 914 -448 -873 -470 -1401 -157 1137 -1946 -730 -138 -482 -120 55 -1564 -456 
276 -170 -209 976 -210 1066 926 467 -392 -296 908 635 -534 332 -465 -814 1190 127 189 167 -856 887 915 -1190 68 -361 515 -1167 557 -39 -937 495 789 409 488 -1220 -188 451 231 -231 73 147 -909 -16 36 -260 -66 615 1009 60 -826 -714 -93 -63 -217 -592 482 478 -672 -1459 -1437 -227 479 -371 -9 -513 435 7 -366 -134 215 -786 55 -305 -33 139 -734 -781 -437 -372 -7 -637 -73 -833 -282 -349 263 -445 103 652 508 1354 226 648 907 -114 -468 -1106 -447 59 271 -722 546 -580 158 -503 740 -201 -312 822 -90 313 210 -331 -172 141 2109 -740 1625 633 -40 -373 -263 -1369 -614 82 233 201 1116 -928 475 572 323 -445 135 -1126 838 -871 11 313 -335 -34 -1004 11 91 224 135 -321 1135 -910 -398 -470 133 -649 758 1105 109 1032 336 -133 299 236 128 -243 472 861 -1288 -5 1678 67 -93 218 97 238 -71 -781 -437 32 -668 168 87 44 -12 -807 264 547 549 -136 -266 208 1399 -424 68 -899 529 -321 -578 -449 1182 -201 510 -596 1358 780 -266 824 -211 436 18 -163 263 -546 860 125 678 1297 309 609 413 -518 -739 -59 421 -533 -508 -672 268 394 1286 -116 -179 -84 -263 -597 635 -216 -529 293 -299 -192 48 -52 55 -190 369 99 -231 287 -364 521 53 -106 163 1559 -915 899 94 -433 215 1005 -118 -1085 -400 -689 -101 -391 210 380 802 -17 -42 -551 -109 -983 -1400 -255 -547 693 -405 -1188 -590 -579 58 -1338 834 -113 -177 23 514 -1000 98 -639 -567 -6 887 -211 527 -755 210 591 
594 956 -65 -62 973 -1099 622 167 97 999 -123 -398 63 -748 28 -111 570 -385 401 -527 314 344 -224 -156 -360 6 319 -469 -1274 -313 218 -156 83 277 645 -357 -904 -298 285 217 -191 -1098 -653 484 -817 -38 -1080 179 353 -337 -5 4 -47 -964 241 688 -1066 656 -510 1186 -198 -1035 307 -59 1013 -445 594 268 153 -55 -974 236 -226 100 -733 -812 -366 -395 -625 565 309 31 106 1279 -423 -395 240 -501 43 -140 1046 898 347 -573 531 -29 136 -1621 967 210 568 462 646 898 429 -871 893 303 -234 -208 -932 -41 172 735 960 185 -596 -255 -939 -578 -272 -938 1200 -631 -359 -687 827 140 -139 -1045 370 1005 0 355 1007 135 270 337 631 -508 402 377 -1242 -830 -766 -763 -359 1362 58 -703 -1226 716 412 219 -225 -208 332 -1015 513 104 995 -1047 -48 -733 -742 -205 60 -276 536 -269 1551 973 910 -380 -439 205 -521 331 756 43 977 -1496 -94 423 -1187 849 -587 1525 917 -170 -680 -789 667 -603 -125 -332 345 -65 171 646 833 -328 -280 -1060 -915 98 1024 -774 -118 227 -945 -597 -1138 -808 48 -181 -1345 -987 919 -198 -524 -750 693 -1083 -364 307 600 1252 -116 513 -604 32 -220 729 -130 757 -804 315 256 864 223 -148 566 380 -342 -503 -538 -338 459 200 -198 97 522 1505 -262 376 611 -445 53 238 244 -820 625 331 -336 1280 -271 717 39 35 -591 541 -965 1110 703 17 -441 -699 -59 265 -918 -594 -747 -742 155 -55 213 611 -378 -1086 -125 -543 572 370 -418 -439 -288 -556 -94 394 
-212 1009 232 261 17 -357 -624 -393 -618 -137 173 58 948 598 656 377 -338 673 600 -353 936 -1352 1172 -215 -630 -409 -821 328 1305 32 -529 -1649 418 254 -170 -155 -498 -871 -45 927 840 -260 274 -448 -210 1289 -507 248 -911 944 -29 -961 139 -193 392 -73 407 -999 165 28 -324 180 660 439 -67 -780 -575 107 -62 83 -303 -546 304 744 74 1395 -17 836 395 1048 -322 536 956 -175 -400 -153 -490 464 439 1159 -246 -415 -115 -466 1164 -44 -270 -1098 -960 426 -761 409 470 731 247 596 206 -1147 612 -632 -304 733 1757 -238 409 246 -547 -637 163 883 -207 -449 -560 -89 187 -148 710 -466 -1748 1413 -888 -537 -894 -615 1002 1061 19 -694 -182 -59 529 20 262 -98 -255 -895 529 5 -608 154 214 -105 -706 -116 106 -290 1065 -1548 216 -169 1291 581 432 206 223 -732 -490 1133 -1208 749 -328 1523 393 591 229 -325 -652 627 537 -557 -932 -713 982 1075 214 33 687 46 467 209 308 702 438 -201 6 1230 1177 348 110 -1331 124 1310 1223 -74 -122 -293 -446 351 1362 -835 992 504 189 -1087 -154 -914 704 -109 -778 23 580 -667 -1143 249 -290 -719 622 -14 -290 354 -325 341 -644 -257 55 -279 381 -1133 39 -766 -313 -1680 646 -1459 804 -237 823 -685 -1761 140 -66 -199 925 462 169 -480 -366 363 367 613 66 1846 -235 49 682 -522 -160 -572 602 362 -41 547 -175 481 -481 -265 -173 -226 520 -133 -430 -1433 -468 -763 289 -682 -573 1186 672 -704 563 124 -560 124 220 659 -764 129 -86 258 
-190 -157 484 456 -159 -722 968 329 -407 1115 -1386 -895 -24 27 -153 288 135 327 -962 -555 261 161 -208 -125 329 -429 277 -267 307 -649 -230 -657 -867 -52 -1226 241 401 609 -665 127 -46 873 64 34 210 -1028 -75 716 -258 -825 -470 -133 116 -1487 -147 449 690 -166 -722 256 1114 -116 -183 69 510 -945 770 86 -1143 -529 -95 483 -793 -942 402 986 1132 -56 339 -581 -638 454 396 -26 96 -63 -531 -98 885 601 -701 1382 -761 -97 -1024 1848 -60 -70 -1850 -490 -751 211 333 -650 -601 -822 551 646 -1155 499 -1325 -32 -281 -85 632 -493 741 709 -800 -395 969 213 -543 -719 1113 477 -144 376 -92 450 -78 -575 -1191 -207 -44 18 59 -495 -126 179 120 1363 665 -26 -836 987 661 -455 1013 -260 799 -224 458 178 -876 -482 189 -499 -150 849 1479 162 -116 1096 -752 580 -51 -44 83 604 -1086 -302 932 -134 -550 116 -354 460 -175 -245 568 -867 655 -792 447 -528 288 335 -350 -11 -1396 233 507 204 -151 951 -699 948 19 1186 -1539 -885 1088 406 297 -160 1564 610 -535 -352 147 399 1008 727 -145 -1178 -109 11 1540 -1613 1041 -989 -404 -982 1233 -668 160 -78 703 -32 371 -1266 -65 -601 658 -790 982 -693 651 -23 442 246 66 -311 -368 -609 1118 247 -454 -109 -488 1435 316 315 -593 1362 -437 -228 282 -125 69 -118 314 353 -373 422 -343 -908 1327 26 1188 568 195 -275 -434 932 668 -70 240 967 471 175 -71 1473 -1120 605 -288 -617 1480 -177 766 -784 -1368 -208 -415 171 1150 516 562 745 
274 -15 624 -213 -1048 1091 108 -157 100 -453 469 1409 -1354 -274 -215 788 448 -872 416 533 853 581 299 1801 -220 883 889 221 274 1147 -768 -554 682 -1655 1155 -522 625 617 318 -146 -427 158 -172 -840 136 -1087 244 350 219 -1021 -63 -315 269 1118 166 324 258 250 91 561 1079 482 -1077 -471 562 -148 1018 -787 -786 -533 153 34 -226 -876 100 384 -409 77 392 -1635 -984 597 747 54 232 832 -48 213 537 -1151 360 395 -493 -29 220 -101 202 -119 -261 146 -249 -920 243 -860 159 163 1300 575 717 -150 -1043 936 -860 -67 -428 782 548 11 465 283 860 538 -928 405 -38 804 1049 498 -1024 -495 -55 137 457 1642 431 173 75 1409 -346 830 906 -285 240 -156 183 498 -1041 870 1630 550 -453 -366 619 135 -1479 -321 -886 -334 -677 248 -595 -1206 238 185 -117 707 -438 295 -510 361 -596 -446 -1021 56 1366 -241 534 427 459 -550 -216 -147 1256 164 69 -125 27 -736 -40 62 -185 -180 978 264 438 137 -674 -533 178 -487 -498 -489 -765 106 535 25 316 273 219 751 884 213 132 1140 -137 -353 -533 -753 181 13 727 848 284 -1401 -612 517 623 1100 -264 -3 460 1332 97 -532 264 -276 243 -223 178 347 364 -944 -896 149 -637 -75 36 766 467 -1054 1210 226 279 -272 -419 -1159 -256 585 1075 408 -332 -387 417 -78 -339 -299 -754 -297 492 99 136 321 -149 -707 43 7 250 1164 -1205 -647 617 -405 57 556 -557 -756 -758 -69 -387 1359 -446 9 343 -942 416 -232 675 155 1290 2035 
507 632 -818 -351 855 -749 -470 -818 -109 -188 -103 -642 487 -704 -357 -176 1005 -928 -266 107 -386 -994 981 -114 -184 1355 696 -1143 -709 -941 998 -94 -442 431 322 -160 272 -472 201 -197 -985 -43 330 -825 246 58 549 556 244 427 -75 -395 -3 211 108 -112 572 -849 127 193 268 830 -877 525 -462 64 353 -553 673 -629 427 637 -604 -511 -105 -63 155 -366 1608 888 1868 557 396 446 66 990 276 41 711 -820 943 664 572 -350 -275 107 322 -440 60 -136 193 -602 -325 54 1259 666 -358 -388 -775 -1013 951 -213 567 -366 -387 21 -452 -578 -205 -206 136 784 216 983 552 -150 1162 -346 493 118 473 -1360 -798 79 -288 -633 125 -71 21 521 -771 613 -999 -1451 211 396 682 -622 14 -637 353 1242 403 -433 325 325 351 -207 361 -984 19 -341 -1164 321 -448 99 1456 137 53 -740 -1012 905 493 463 344 -202 -978 308 -454 1348 -127 -1275 -969 -682 46 -1252 1460 -1136 -194 -196 -82 508 -39 -154 612 299 141 -76 559 158 -623 -14 -166 -116 211 1008 -149 488 -2 -1512 -390 -236 412 2 234 1541 191 343 -2377 76 315 -365 -334 34 -524 -419 360 121 -448 -711 821 -39 582 -177 -184 -266 21 -462 -141 579 -95 -702 1050 -425 -996 -227 -1258 69 -793 -30 1104 -37 -503 1475 187 -414 -545 801 -564 545 831 -710 97 -362 -627 1170 39 -179 202 39 -644 -88 174 -565 -290 1100 -129 1060 -403 -1075 141 -71 -228 154 252 427 35 -242 1448 598 98 -184 269 -369 -72 213 1700 -241 -369 282 
442 608 524 -275 -276 114 -898 326 -1252 159 -291 -230 -853 -605 497 -633 -984 162 -267 -386 412 -33 277 -456 62 432 -160 -408 -19 592 284 819 -208 1202 -366 -1315 -16 -1634 -309 -62 350 355 237 150 57 -219 -122 -894 813 821 659 -303 -426 816 -1246 665 -328 616 -18 15 -209 206 -920 -419 -1070 -870 725 -276 -480 830 -213 -880 -995 -33 -580 -726 -726 -158 -543 219 585 -577 -382 -58 274 -356 -687 -396 -1170 -403 -1865 820 104 -267 -784 744 290 245 512 4 -930 -649 -318 -1286 46 959 504 509 -208 1102 852 269 593 -1030 502 214 459 -275 132 779 488 -1449 -1430 -745 195 506 592 -270 454 73 -1213 564 -162 -361 -115 -776 810 77 -1011 -10 59 -94 59 -152 100 413 -569 247 -303 -400 1559 340 -1517 -1190 -668 -515 150 -83 -253 916 -400 575 163 -155 523 -555 -695 -377 639 1066 436 -115 -433 -154 382 -822 -817 -44 -705 741 -361 1306 -456 1799 -136 171 -24 -148 -619 -68 -210 -712 -496 -44 -313 76 -510 -854 -237 1305 1374 -570 -84 -765 1194 62 -741 -1122 -274 -589 -119 313 -210 408 64 209 1050 -205 -827 -221 -859 325 719 216 -10 -1695 -138 -146 1076 -793 -203 604 -1165 -68 -197 -70 -192 -353 348 -397 -198 -1385 -886 660 -381 -741 903 1935 -492 1697 940 978 -911 927 -784 349 690 529 2148 543 779 238 103 516 856 -56 393 107 737 1384 -1002 -325 37 920 -1270 -327 -286 708 -401 757 699 -711 -503 -482 72 -1165 -467 410 798 -1009 -356 155 -69 421 224 385 -38 -707 -376 479 
-739 286 567 523 -521 831 -405 -37 463 193 -120 -36 170 420 939 283 570 2 -314 -388 701 1462 -1296 317 -905 -944 372 950 409 817 1040 -404 -195 -723 249 181 406 -203 -554 702 -434 -1078 -398 -734 29 780 901 136 1385 -647 -3 319 -448 -725 632 -322 899 511 578 -72 366 -201 -747 485 1004 -25 1043 -992 -81 398 -240 -1169 226 -142 -328 232 -472 1248 -96 8 54 -431 -1262 -756 -27 -533 -110 -365 -679 -480 -24 -346 938 151 -547 -565 -1477 -554 561 412 -361 412 1006 569 -323 466 -75 197 -589 -117 -896 383 288 1223 90 -521 773 -877 141 -562 -122 647 511 -803 -62 126 148 -366 -404 -308 -1327 162 899 337 675 154 -757 229 -652 1368 1120 97 -1217 -604 -720 936 74 348 920 182 926 459 25 -412 -1355 331 320 35 -39 -46 -416 310 608 -375 -744 271 612 584 66 774 -204 -241 676 1127 83 -512 599 -1148 -156 -678 -290 -644 -306 307 2 -1077 -1709 -232 356 -288 -225 678 445 -1147 200 -330 -495 254 254 -1466 668 -95 48 -175 -1012 614 1036 -327 1324 -34 -672 524 324 454 -370 232 -260 -570 218 77 1545 -870 -75 -250 -477 372 170 722 605 183 1425 291 -1437 194 -337 74 515 -316 490 -662 -470 -161 -340 866 428 -285 131 -444 -990 -1426 596 369 -810 -570 159 824 701 712 400 130 80 -144 6 -438 377 614 -976 1260 -181 -678 376 -54 39 309 -913 -3 686 -20 -179 -989 -1085 465 -69 -236 -330 -516 -241 -506 727 -46 109 1500 189 -265 83 -192 -246 1335 -327 -915 
674 -932 44 -603 -23 334 -257 262 -971 935 -148 -532 -288 -276 -551 -930 -578 689 -1495 27 -226 295 -912 -129 578 210 647 143 149 -207 -685 105 528 779 71 693 493 89 263 969 -822 170 -819 -758 -127 -273 429 953 -286 -45 58 166 -156 631 179 -666 -1285 65 -1235 -128 131 -685 298 281 -133 -359 845 517 199 599 -813 -76 -651 -355 -354 229 -323 972 172 -277 823 -700 -199 634 293 -487 1003 -791 461 496 254 29 -419 483 -63 1661 -875 -673 -466 -476 -477 -904 306 -490 667 760 -128 -67 500 7 -1269 525 1064 -92 -250 215 668 -1318 436 957 -7 698 177 -947 -932 417 -483 -33 -775 110 -1385 -124 -320 -499 1293 569 -491 -423 -136 207 -728 -828 -829 -1169 -112 -664 29 484 -84 255 -1147 128 -179 -748 -904 -747 1080 962 689 537 -34 146 -175 -35 118 187 -539 -601 479 -359 -219 -883 317 -14 452 -843 29 1188 -408 -139 107 -279 77 -278 -834 -180 -622 644 -492 48 -664 126 -29 422 -576 579 -603 -218 180 -755 278 36 30 -781 79 847 -41 -782 -499 192 1500 -78 725 -426 -210 -518 -1627 633 168 -986 -423 -1771 459 680 -109 653 717 -32 -2 914 -9 -699 -670 304 609 -411 -292 544 -428 699 660 -459 -792 -125 -218 172 830 1288 -291 1416 554 -995 -584 602 -314 848 169 1466 -902 73 186 -536 1472 -52 248 656 -840 -1183 120 -244 523 343 667 590 -1112 -593 -263 189 810 -759 -419 -72 -1014 -88 -240 -673 -635 -1054 628 -579 -1478 -315 440 801 -141 -129 255 225 -387 418 
-785 -370 -260 -541 -547 -14 -176 -32 478 595 -702 213 -505 -584 -12 -120 231 -842 -311 -278 1053 631 1318 596 901 757 -310 592 107 -395 -311 -307 -303 -588 847 1131 -492 -142 -162 402 -44 -705 437 250 -170 -825 442 318 -609 -241 -153 179 -1031 485 -1353 -72 891 119 63 87 1118 1025 345 -377 463 71 1219 -415 691 -841 859 340 972 663 235 -12 456 -1416 -291 495 310 -291 -417 -254 -73 169 298 494 1011 -447 439 -806 -661 -186 535 -560 -366 -1480 -337 411 1114 -437 318 -124 183 -848 180 -383 -114 159 1275 735 -271 -314 -1161 -253 149 -696 1 333 -49 366 -621 1169 715 1235 -177 -751 -543 64 431 527 -969 219 -555 532 -79 -621 563 -846 696 819 1135 884 -1180 -101 -762 824 170 -234 -284 -1126 -143 295 556 101 -919 -326 -1378 -509 664 133 -883 -1116 698 828 -706 780 -502 -519 276 -792 -534 -610 278 731 162 -404 -166 -373 -388 707 -503 -58 65 -509 140 -375 1174 -1125 -196 30 1035 -65 692 -183 62 150 -392 1157 -765 -699 -56 -532 -1365 936 432 -268 585 115 -305 -279 -307 -218 679 88 -201 -34 -369 1068 1066 583 -101 -855 -60 -59 -469 -635 -188 16 443 596 1377 -221 -428 456 1278 442 -430 -119 -551 -664 -375 521 675 4 852 -381 770 43 327 -79 -182 -1168 -510 -344 711 -289 -90 -774 633 -534 846 -462 21 -1006 737 351 -1264 -1151 -63 -765 662 -166 1217 -110 -799 -49 -1290 603 -611 700 -222 107 735 114 -142 86 590 675 266 -81 -607 -698 -1244 -548 -261 700 651 -990 
88 -1438 595 791 -749 399 606 223 314 -184 1054 138 -1255 -211 410 -709 998 172 -38 158 -105 422 -592 97 829 303 -321 -3 114 -553 -1003 -1021 56 -72 417 -1302 -580 -428 -281 -202 -845 41 -180 139 458 726 262 -1215 281 975 -543 -27 733 16 1115 -295 699 -421 -618 245 585 163 203 -409 -1165 95 -97 258 248 256 -77 -682 546 586 1801 -322 270 -312 301 -644 -616 293 -246 -362 34 -442 610 343 -749 -326 -509 111 -684 -331 -303 -19 567 134 -110 -938 -540 -178 851 308 -487 -51 -1416 -307 284 -451 -75 -1749 -359 529 -174 -222 -26 330 564 -1035 -910 -226 1098 420 604 -740 -336 173 -941 65 604 -150 576 221 847 -225 590 -56 161 713 -1617 440 -325 -706 -173 152 -51 502 394 919 -681 -63 326 1026 -107 291 431 -121 70 592 -379 -455 468 -847 768 252 -28 -32 475 -650 -1103 -225 422 520 105 -165 -811 -13 762 -243 -189 -412 -43 -272 -1002 216 444 -620 44 -1427 668 -512 421 -683 70 227 2151 471 -120 1209 917 1181 -243 -214 127 146 -108 1438 27 149 259 256 15 -227 1204 527 -521 -55 -139 79 -639 -573 -135 -393 -756 -43 84 357 708 -103 -114 -838 -204 10 180 -425 480 -772 -653 133 -1587 -307 664 247 359 1267 -867 333 541 -651 35 -310 907 389 -691 635 1338 -782 429 176 193 819 33 1162 -900 -932 327 -297 1202 640 -268 602 439 393 -727 -808 -21 -15 -298 52 -2047 -1158 -105 -73 560 -19 -799 186 123 492 578 -417 283 -79 365 -108 -110 -843 287 297 
-901 487 -469 -395 625 109 -685 542 -1052 1235 320 -66 -533 88 372 569 819 -511 -685 -803 -523 -261 -878 -439 -1109 -381 -258 758 338 353 5 -1087 737 497 1015 -440 -757 233 450 -710 -808 -316 651 -519 18 -271 472 1472 692 -442 -80 412 124 -525 349 101 -103 -532 -1091 818 814 -1562 598 -97 509 451 -181 -1421 493 430 963 726 -103 -206 5 -37 529 39 738 -251 19 578 318 372 -250 -729 329 -711 463 -690 -569 1419 230 1254 461 -99 -256 233 38 -631 65 -1285 463 -330 -942 1132 -42 -1 225 -317 -2040 63 -92 96 -522 -204 12 -192 106 -940 -837 798 -1609 -413 73 -137 881 111 -450 -68 745 290 -314 -63 -635 -751 -642 715 379 607 103 505 -437 -454 -905 -1496 333 -395 708 -1353 558 580 767 1052 239 -129 534 -46 -1429 890 -5 627 1116 -915 1202 833 -246 -782 454 269 312 -75 501 267 738 -202 100 -339 -552 100 933 -131 549 865 -489 184 547 -888 -266 -480 27 107 967 303 -93 1173 -1150 894 -683 -675 -340 165 865 -1505 -809 41 -959 338 230 -197 -482 -310 130 -251 73 498 -1676 233 939 645 -131 -611 -1101 660 -213 -377 375 128 682 427 -1112 -522 301 -325 -127 578 -483 -657 -546 -813 15 310 1523 1007 -488 127 102 -388 -228 -247 -761 940 -554 328 564 617 -284 -233 218 343 -78 -127 -551 302 -1528 465 -104 377 460 67 205 -181 300 382 -156 537 -1183 -17 828 458 541 -738 439 -178 -1341 1100 110 1002 901 517 195 937 1290 111 766 -157 -249 1164 -30 138 
43 769 1347 214 -295 -668 -475 465 805 143 196 -245 350 -391 -155 1378 918 -1562 581 364 -220 331 -459 -114 593 977 366 809 137 -80 -446 -1262 480 -520 305 340 -170 708 -263 -137 -621 -182 -134 450 731 335 -586 -214 -843 71 1196 319 244 -479 1290 -1381 -563 437 -116 1009 70 -835 837 -204 -497 -386 -363 -826 310 309 867 -208 -666 235 1112 335 -181 -536 898 -12 256 -378 -128 -447 1476 -87 -360 786 -225 -798 349 731 -1165 531 -206 -376 503 -46 449 -1284 859 274 -408 340 565 1346 -7 -307 -118 975 -533 -1161 -665 -592 526 309 423 -559 -267 -319 -1191 -336 -50 786 -1060 -485 -1054 129 146 -272 1206 -237 1144 -639 272 -203 495 -175 127 468 -797 784 -611 -839 -317 -261 -239 -265 765 -64 -159 -489 -340 651 220 -741 -568 -690 377 885 -923 -1629 -18 -717 1341 -1428 778 -622 -485 1674 774 -307 215 -151 673 330 426 616 1630 178 -201 -82 1272 -659 515 1014 -53 -373 -1205 -151 602 100 1037 1039 418 447 473 -214 -913 792 -1365 767 1139 -164 354 -834 42 63 -1183 23 -168 -54 -53 503 -210 114 -363 443 -583 -750 -1302 -187 -697 335 -59 411 -147 656 -771 -148 -373 -390 1314 297 1337 207 -258 1441 -234 742 614 466 674 83 -295 290 165 -483 73 -95 12 -704 -536 -453 506 -725 619 -1348 730 546 127 221 356 182 195 -773 -904 -710 255 740 126 -197 -794 531 124 0 -747 -307 -415 -197 -900 92 141 38 100 -943 251 -429 -456 646 229 -193 1047 241 -507 -11 690 -739 -151 -40 
-436 -979 226 995 -106 440 156 259 181 -1066 -315 -221 312 277 635 317 -52 -835 -511 -115 -552 -1014 -366 619 -187 -594 759 -53 -275 -490 -101 42 33 1147 639 -265 -590 104 -266 -976 106 1723 1111 -331 449 -49 -562 383 829 940 -495 -18 1102 338 -667 -582 -1079 453 -1433 -745 1030 -1151 43 424 -20 -458 -216 321 349 176 129 -284 180 574 -250 -575 -534 761 335 -381 -240 -434 -815 -387 -229 -68 -546 -1731 -140 -349 509 524 -283 -490 123 284 -77 1280 -324 250 334 600 -171 -249 124 74 -743 -180 468 426 414 -1195 -522 221 490 109 -750 -140 -465 973 -299 14 66 -917 -48 -388 240 -193 -782 -285 495 -615 -197 -478 583 165 -1009 943 -202 -107 276 -103 210 -245 -1108 45 -1121 929 1106 364 708 -960 -215 588 -42 -150 -233 -455 63 -501 -775 8 857 -491 448 673 -740 -544 715 -177 -265 -594 401 361 -251 -170 -291 248 231 1236 -347 437 -587 1123 390 -296 374 1241 -725 -773 -234 487 -1138 -118 10 365 -163 -269 227 -163 1431 -436 -624 289 -482 13 1055 13 -256 243 -181 133 259 -511 949 83 -835 600 1059 370 -163 -753 119 467 -221 -476 -547 -845 0 -85 682 -456 -1103 498 -310 -422 -548 -172 -145 -906 814 221 661 82 97 -26 -427 738 -50 803 167 742 -212 -777 -422 321 -948 -468 32 -253 390 -342 -877 -806 -267 353 -175 -403 -886 112 426 -356 -490 -320 -56 -99 78 687 -91 22 1393 -676 -45 -157 463 267 -384 120 -271 -624 1313 814 -101 -294 -807 238 28 637 143 556 
143 405 -88 355 735 -452 -814 498 246 714 -549 -61 -265 23 76 67 136 -128 532 -1108 1084 -762 1026 1321 868 332 240 -863 -708 -357 -534 632 258 21 -599 367 129 71 1017 -104 1418 -586 -988 -980 -57 601 132 -989 1183 -1263 -13 -292 -539 1649 -398 703 -1108 1120 497 922 -502 827 -844 793 559 312 366 -618 -122 344 640 730 158 -372 -543 182 648 346 89 -401 -384 -711 -158 408 591 223 481 210 -165 -117 1026 -421 -317 -88 464 104 117 965 821 -555 1297 -220 546 -433 1221 791 -1082 457 350 1080 294 986 609 873 55 -238 -626 -1234 -281 747 -680 719 -21 -396 -331 92 307 -725 80 157 -578 -67 -102 -190 460 193 -660 -166 -132 -496 522 -312 -494 344 658 193 459 491 -115 -232 -908 922 587 343 145 -247 686 495 -501 -381 422 715 -830 537 85 -158 702 469 -603 -764 1052 -421 -511 -203 -1239 1206 -59 1751 111 395 915 530 116 -808 -579 389 -567 -690 510 39 -636 -300 -178 -477 -631 774 -271 970 -141 753 95 -1890 -361 -375 196 -1173 -295 -793 1346 -1218 1059 -21 140 -1013 -207 136 -664 -37 -1415 -170 949 -135 965 404 13 1391 -647 -682 -557 85 273 2 -14 533 593 231 -1523 899 -599 -772 17 -584 -6 44 -163 -952 94 1352 1764 436 -58 -44 -68 -564 -7 -491 -727 516 -889 -1305 1517 -522 581 299 -150 733 373 -346 -977 -111 -116 -231 -253 -1949 252 -9 -152 146 -422 -1614 74 -226 1070 393 236 -56 -779 130 -389 362 -1403 -1301 -1164 73 -90 41 1026 -82 -193 -886 
-169 3 -897 -203 -529 1103 -240 483 173 707 -859 430 342 -1088 -854 -453 -347 -473 511 -595 -1245 1033 83 576 -87 163 133 -332 527 1362 -685 39 139 -164 308 -1242 -307 849 118 -1298 173 627 -362 -1014 -67 1022 18 68 473 1471 258 -24 395 -628 -220 -1425 568 -285 -955 678 427 -840 245 261 -77 -770 445 -115 782 675 -928 -545 403 -771 -88 573 -123 9 712 443 -870 -180 -1076 -36 -15 -105 -640 -287 496 894 204 1104 -161 458 150 1195 938 -892 -904 -1187 294 -568 411 -703 -245 -547 192 614 -1090 -222 1263 216 -688 265 -995 370 184 72 -1239 -111 967 -324 337 977 1173 -725 784 1005 449 -809 333 175 -426 -286 662 905 -139 386 -948 1439 -206 211 -92 -411 669 283 -369 510 -198 -1242 225 9 534 53 -309 -21 -305 -138 -854 -57 1020 1190 -730 773 -119 337 774 -183 534 -889 -619 1150 -53 148 251 750 399 -183 -18 -536 -213 80 449 -48 615 -652 175 22 607 -539 568 321 -308 1281 735 -621 -554 340 -454 294 -287 -127 943 385 771 -1068 742 -500 742 -197 156 -326 463 -385 -499 -144 -1667 -187 -554 -939 56 1130 369 30 637 -559 -209 25 594 608 635 278 -592 256 567 -848 -17 173 638 -275 707 173 361 -11 -192 -827 1256 -630 788 154 1062 628 -530 334 -94 531 1304 -400 -25 -891 -816 726 13 519 -1417 -100 1150 -566 280 514 740 244 -142 644 253 -239 -175 -333 -909 926 779 -872 -438 623 168 518 105 543 -15 -24 322 -825 148 -524 -500 657 -314 180 -597 -795 
33 -382 36 -540 -279 622 -11 -466 63 489 -197 -558 1231 1591 -45 -86 -245 -409 -567 -733 -132 -493 214 -534 -111 -8 420 1001 -15 490 1513 -706 585 193 104 -429 631 356 -205 -403 188 -156 -1135 -628 -401 672 -66 41 205 -558 96 -438 804 1152 273 50 146 -180 66 -754 350 363 -356 448 -199 -724 -684 277 -222 224 493 -112 1048 -98 -686 530 367 -132 117 774 -359 -555 -177 409 610 1000 582 -490 1020 -275 49 -957 935 -421 217 30 561 -151 -1245 -839 403 -809 385 123 -264 -65 -9 -95 465 -178 -139 84 860 965 -570 -1157 -690 91 163 815 22 854 -387 -300 -164 407 -792 -984 110 846 -840 96 73 142 646 -202 706 -323 274 563 -106 -96 290 1260 271 -398 698 145 123 -208 1609 -1196 812 629 -611 -431 -440 171 459 -518 7 465 -75 -475 -791 248 334 195 1109 1168 710 -1 -1349 507 -488 560 -1933 -417 -808 -110 -525 -140 344 940 214 -604 129 656 -577 -843 70 1282 575 -324 287 -1172 -1195 279 -1272 -352 130 139 -513 -15 -740 821 317 17 589 97 -360 -37 -463 182 -185 -42 -1220 -19 -2 23 300 -851 -1154 -30 -314 871 155 -634 380 1078 83 -4 -816 -720 491 251 661 -757 -37 -1012 -375 -494 345 293 -330 453 51 56 -401 62 -182 -433 491 -167 317 140 -843 116 -937 -545 -516 -139 -92 402 129 -21 174 -512 -77 122 -59 -72 -216 860 247 727 -1054 686 367 978 -178 512 251 224 579 63 -10 -421 -78 -33 -473 -48 -694 -613 -914 -304 -812 1201 -495 -637 
147 -519 -371 -596 27 -763 468 22 -377 -1013 362 -1540 527 1138 260 -197 449 789 -1229 -248 91 215 1520 -629 -1170 112 -576 -448 -880 -720 -472 -967 972 695 -385 -275 -625 576 803 -565 1156 674 -838 144 -533 -33 -487 152 462 -295 371 214 -192 -573 -588 -553 628 635 820 -1094 385 -217 -1013 195 851 -839 601 999 1198 567 314 10 549 -205 -289 -303 585 -109 702 1056 460 -179 -269 -355 94 -1667 225 -426 201 970 -1119 56 213 -544 359 -143 1832 -87 -398 -53 -566 718 -280 155 -1003 288 1413 -78 56 127 -369 -1207 -394 1299 -327 -384 -738 891 -940 -201 -74 81 484 302 -398 -1090 1372 329 744 -653 123 758 -165 799 -317 -292 -405 -29 -724 -278 563 -81 -1187 -393 -367 -216 233 -1007 492 -289 622 1380 -467 314 172 162 7 217 598 -1582 983 -256 -767 -507 -503 741 194 -1184 -37 912 76 6 181 1088 456 -143 200 -881 190 -36 917 -821 469 -620 -202 652 194 352 359 1141 -209 -206 -1233 -525 804 -1192 -440 -82 -21 435 -190 -156 -792 -1899 -279 623 -195 -71 758 642 -548 -675 19 84 421 308 239 342 158 -105 346 -896 511 109 -461 545 645 -203 -1320 97 -885 1125 -263 -444 506 762 660 167 -216 248 -1387 65 -559 381 -313 124 85 -64 354 668 -638 124 661 161 777 0 199 -1122 -1252 -156 -133 321 -666 -126 -697 -58 805 -215 -209 1200 256 291 675 680 1585 -249 -351 -100 636 489 -189 -923 586 17 122 935 159 -857 -357 -964 -36 -321 116 -1400 596 -950 -717 496 -693 -230 
0 722 321 890 339 853 31 -644 -628 -658 206 -192 1106 423 -956 207 -19 787 51 -357 195 147 505 -183 85 -1086 221 -536 893 589 111 711 270 794 -355 34 -775 -496 120 -516 -833 786 1321 -586 163 -904 -694 614 107 209 1222 -80 -747 -68 -495 591 -516 -699 -480 -409 318 421 -277 266 932 -95 -194 810 -703 -296 -112 405 206 -162 -104 951 -306 -455 771 -259 252 -656 335 -390 -357 -304 -994 -488 -755 541 185 554 -157 153 -313 292 -609 102 -917 -423 -1362 -141 49 -814 -651 -168 179 128 -620 -107 158 230 -204 344 811 -276 -69 -554 157 506 654 563 -567 30 88 284 164 -892 -1115 840 -1433 137 442 256 -351 -534 -1305 414 323 262 336 716 21 1162 -716 -1347 -639 -719 -423 26 1178 -622 372 -268 -263 -815 -1072 559 156 -207 356 -974 -367 737 -195 426 -335 121 860 -599 142 374 -180 368 -239 681 62 -1427 -931 68 -885 638 -692 528 365 133 272 -293 513 -647 12 401 -960 1096 350 136 -521 -591 -33 -212 300 -117 615 -354 118 -297 673 1341 609 -71 -401 922 549 -489 1149 -1092 1751 -400 579 90 22 -940 -76 355 855 -113 -57 -393 671 -364 439 -51 -436 420 -625 463 770 452 -297 -552 -93 118 -144 179 232 -806 339 12 601 14 -45 183 -1003 -40 -1200 187 -755 385 -149 -262 -554 -35 84 -305 -188 -144 962 641 2121 1322 979 816 -524 -1238 468 -899 -92 -641 244 926 608 145 -815 -99 31 648 875 584 293 -233 924 -173 593 -1309 200 -456 -897 1075 -1070 -205 
-754 -332 -1444 -241 -255 -227 -352 -131 52 -629 551 856 540 218 618 -462 1238 623 -384 255 -356 -55 400 200 -304 235 -834 -977 -382 1179 593 759 278 -82 109 93 576 875 553 583 -287 -348 10 -652 532 433 512 -225 988 602 -144 514 362 -127 -76 278 156 303 -657 -642 -22 35 -512 84 -286 -732 -716 641 -841 1147 -873 -819 345 -274 -156 324 -537 -482 1227 532 269 -281 627 -520 -167 -874 868 -391 -542 -60 -251 210 -341 738 -901 -432 245 -69 41 -140 -172 -521 468 863 150 -102 303 -15 262 -522 -1223 173 -411 56 322 -300 -695 578 -257 -64 -1043 670 851 -257 1041 -397 -395 -972 -698 -1255 74 692 -315 -74 158 -498 56 -884 683 756 -1069 537 777 421 524 396 -357 -691 -737 -110 495 1011 -90 -464 166 260 -212 -683 461 43 575 304 -933 -677 -158 -499 102 -7 -391 375 -518 458 -334 358 -484 490 368 277 -439 -554 -823 -356 807 33 -21 30 -835 -94 -54 695 1084 -638 950 -998 -573 -191 555 -1239 413 -670 436 137 370 -50 -407 337 -1702 1347 861 173 -540 540 -283 513 284 -314 391 277 -523 -633 -800 -280 -709 625 169 37 223 -149 -112 -272 676 94 -116 -414 -85 510 -293 414 208 628 -519 7 60 -137 -2 -237 491 279 -1091 125 809 -77 111 113 -208 -310 182 -436 -410 105 160 348 -251 780 319 -413 -826 150 144 932 -226 104 -218 1274 -1498 -1100 -13 -242 198 -488 -328 -32 -1173 -313 -592 282 -804 -201 -496 -1482 -259 -131 -992 -193 323 -989 -298 -950 237 146 
-1041 -857 -402 601 896 -1100 -1159 -71 -766 -528 -1033 -806 -439 658 -190 643 -302 -408 -114 217 519 228 873 -3 -223 326 -432 539 -53 31 184 -193 705 -302 -770 703 745 9 1061 148 -966 -331 838 -292 -885 381 -258 570 -804 -1025 1144 611 307 535 860 -215 749 -175 606 117 1106 -787 444 -568 -806 -191 -736 12 131 -472 -1069 188 -137 605 784 -76 882 -396 -418 887 1250 225 -148 735 401 -826 142 -127 653 282 -180 -791 673 -831 144 -421 586 231 -567 576 -279 335 -1264 25 -424 456 69 374 -280 61 -684 1205 -24 204 893 -867 260 943 -166 512 -349 -516 -502 -508 330 515 -194 -45 -877 750 -621 810 -152 568 -1160 1044 514 -723 -555 140 265 776 -217 830 -495 968 395 -245 -661 410 757 -200 -657 326 -202 -788 -404 -43 -825 325 1362 839 -690 129 481 -82 -44 -1355 -1145 366 -848 651 215 -771 -22 925 -15 388 123 -654 -669 346 -1018 -79 816 -1556 -517 967 -375 347 -1140 299 31 -250 -55 -478 698 1151 -738 515 793 300 -587 -576 207 1577 -557 -266 22 594 -809 107 226 -127 472 -1151 244 -240 -110 -995 -132 566 -616 1106 206 167 1038 435 -946 1177 -651 372 -95 -741 815 -408 567 592 -164 -180 155 744 438 1028 -278 -37 -328 -87 95 -390 -479 436 -270 -381 295 1077 -754 187 813 334 -373 -469 -751 928 -1024 -354 982 -302 1633 722 -757 411 599 43 1563 -225 194 -625 677 921 -888 -483 674 -290 170 -762 -1141 -100 349 -183 477 1070 -354 -343 -135 -192 -128 -375 -518 -908 
-1956 933 240 -764 -1289 773 -963 -724 -534 1015 462 335 -669 -1507 267 -264 -956 -644 281 270 -24 -443 1240 -84 1549 -52 611 293 -863 142 185 196 -85 334 -200 -369 -1304 80 -511 -375 1563 174 -651 413 -964 225 -649 -85 -73 12 473 -693 -296 858 -160 388 694 508 556 323 -542 521 -965 -193 -415 -601 -282 -140 602 -173 1003 1285 293 -73 123 -721 300 -327 -234 -387 502 280 309 320 -443 -197 -360 -753 -1443 393 49 29 102 16 -78 -336 -653 502 260 71 594 135 -672 687 -876 -756 -202 1136 1404 354 884 299 100 378 781 -1319 1265 -552 976 956 -620 387 -1085 78 -412 -1510 1321 637 1122 -763 -269 -45 341 707 -1007 -790 -492 737 -885 150 203 440 699 319 -553 -704 279 196 -1044 -319 847 1331 -1293 -398 57 299 -119 527 -272 51 -164 -1257 895 -889 612 -91 695 -610 -629 168 -294 8 -219 -1575 333 260 107 -320 926 902 -452 33 -1147 -305 783 -729 -313 -1046 1065 38 708 -505 -1069 151 -218 -644 13 -71 31 849 86 -991 -83 309 799 179 -616 -1136 441 122 1000 444 -374 148 89 1127 437 -295 -145 893 -349 123 -651 -241 -352 -375 335 -798 389 -343 -1504 -493 -347 1110 -583 460 -1176 39 24 751 97 -589 171 275 625 -822 525 -695 395 -723 501 477 -646 946 -583 854 -436 -134 26 64 -68 -125 114 486 -386 445 345 865 625 -770 -520 -1625 1226 437 -733 1598 603 958 749 -459 795 433 623 -1092 -248 122 511 -23 -263 14 468 693 2766 -57 357 686 -1427 316 955 -129 
16 0 -217 460 696 595 102 -528 639 -538 -653 -184 291 -462 -657 770 906 441 -478 46 -668 685 655 268 992 686 92 759 1058 13 -549 220 -382 -1128 -1876 -453 -47 396 -441 465 -984 9 205 1614 -198 -253 -221 459 -1388 1190 -953 -339 804 -1013 -657 201 -431 -740 1126 542 -543 -188 489 -86 -2 1691 1111 -1328 -119 -745 -391 521 366 -1148 -919 1079 -75 -179 1422 383 -236 43 -189 205 181 -45 -724 391 890 -905 -518 331 -176 -16 -425 -423 -692 -932 -32 200 -1332 -373 373 130 185 -375 793 235 -491 60 -219 1186 189 -19 -369 98 -67 -1086 852 196 1012 -156 786 797 -711 822 -122 -1326 -625 356 -25 651 -279 -166 -318 -431 -32 1050 -367 -226 -414 -1289 -701 883 -837 -950 -364 -619 192 -131 -1207 -606 -28 -628 -497 -84 -571 387 391 1003 446 -649 65 521 -877 -589 372 225 1529 -400 -311 -14 1673 -385 -398 -520 -1482 96 161 -421 551 -396 -274 1698 -52 -1109 -318 306 342 127 202 -206 1056 56 -273 1094 -67 169 -333 -417 564 1844 -485 -23 -1091 -698 -321 1126 159 -527 357 -944 496 662 -67 -655 463 -474 79 -473 -139 852 -454 -196 1063 -310 428 -58 -51 516 1564 305 -1590 -559 159 920 276 -1422 247 59 -805 -425 1082 -1416 -2501 -782 -59 -622 -309 -51 155 1124 957 1649 304 -849 172 436 72 -85 -420 890 789 -174 -515 549 -295 -673 -525 860 940 190 -588 167 321 -84 -1069 1216 -455 380 230 -16 -26 -330 -249 -706 38 396 0 531 1129 -4 -312 -560 -750 79 20 1135 350 -261 
1090 384 673 -244 -847 464 -876 -616 358 829 -570 -240 680 776 467 901 454 199 172 623 -207 -279 681 972 128 566 578 -559 702 143 -343 352 -411 -295 778 492 -305 160 836 514 1214 63 250 -693 -808 271 102 -369 -1053 -771 -345 44 -120 1416 273 478 585 140 1153 -803 -1120 -118 478 -158 -395 349 -691 -126 -627 -57 129 -1349 1041 94 186 763 73 -1645 229 374 698 -322 -530 56 565 570 -333 87 -709 -82 1324 -691 1074 -448 -153 -721 -1066 197 76 -386 -204 523 -16 1397 92 -30 469 727 1492 -1331 -277 128 -1121 -770 -810 -630 -1127 -313 226 199 815 1542 -499 507 246 611 695 -605 1391 -232 791 379 -161 1293 -654 555 259 552 858 366 882 -383 507 795 414 -604 814 -508 -572 -692 -678 -433 -225 -1107 -190 -405 -622 -1275 -714 -263 506 347 -305 -276 -499 -173 -409 1020 -342 282 581 1299 1041 -9 -433 655 650 -34 517 -174 124 -318 -486 1155 782 -238 243 -667 670 259 168 928 -98 -383 611 -1105 -1428 -408 211 -814 -795 -495 -485 230 317 273 -449 180 578 571 317 50 -263 47 433 1068 -152 -130 -418 74 751 1105 -983 101 -89 203 67 -120 269 399 -941 599 22 -248 1345 279 -394 680 -308 -1092 -254 199 -776 -398 271 451 -769 1499 -1318 754 -22 20 272 415 -823 -738 -66 -1148 -1072 209 238 685 -341 -725 233 -1022 724 -71 460 139 763 62 235 293 930 489 231 426 -242 -417 775 -1231 351 174 529 -771 -505 -623 980 373 875 685 -347 -750 -1189 645 668 -888 679 -539 
-462 -377 -1033 -556 472 318 28 -142 1213 -1287 -1587 -695 736 -194 213 -433 -92 21 -817 1533 78 76 156 347 106 1482 -815 -595 -856 270 317 -926 790 1653 -763 -90 165 -331 -118 406 106 1111 460 -231 198 542 -752 754 95 -340 -21 -311 566 -468 787 -539 -231 -87 -326 -539 -357 -54 307 -547 -457 75 -981 -290 -840 -37 745 973 -124 -329 1527 -208 -966 143 638 654 -497 565 -339 951 231 -134 -1364 595 195 1266 755 -201 267 612 640 -1120 464 431 -33 432 -330 -529 -108 68 -117 -533 -630 116 -108 591 646 220 293 749 -371 108 444 -232 -954 -148 -789 17 176 622 730 -166 764 -413 1783 0 737 30 -264 -267 -597 -273 367 625 868 819 -360 -845 754 -257 730 -33 144 -1323 198 307 -505 1084 -176 592 78 -464 849 -668 -40 -1349 324 -294 -470 -31 1063 -311 937 -162 287 163 1365 -193 251 167 365 271 218 -152 360 590 492 -711 -447 -338 1027 -949 571 181 281 -991 -692 5 -869 994 -359 -463 -682 1133 -62 -435 557 65 674 420 746 -748 -89 691 340 -715 31 -1090 171 -853 298 252 301 -147 -486 -1794 47 864 34 -1017 -287 846 -151 504 370 110 -130 250 -180 769 -798 321 397 -180 -565 446 -65 -274 499 -955 -623 332 -1028 -21 -198 309 330 -686 -238 1075 -135 -341 -1084 -309 -540 -120 -433 146 691 -12 666 -59 329 -380 -1466 348 -224 -457 867 310 687 1230 71 -275 55 -454 -40 267 -1295 -711 -852 154 -285 24 650 599 317 246 222 -28 -99 467 221 -714 883 136 
372 -30 47 395 -27 -1056 1070 -31 235 -759 616 -1147 -2 268 449 1400 539 1351 135 1383 -500 208 -343 404 210 -818 267 73 18 93 770 453 635 -412 -370 -495 26 -273 539 -969 -35 147 -476 -680 -780 881 134 470 509 -574 -731 320 -1004 -516 -380 -604 290 -58 -476 307 80 -93 -1193 625 1066 97 1112 -101 -70 1392 -128 1038 -971 262 -9 -289 -902 709 -1140 330 569 33 -280 1088 -646 -397 559 280 447 329 -1105 212 -900 -176 -88 128 -203 832 -18 -19 253 -67 653 734 -567 -1087 428 493 6 500 -1119 -1121 -365 126 174 424 -672 -884 16 -485 175 287 117 159 -100 111 1123 -387 -587 543 -462 -293 -469 333 534 -249 3 -692 413 -328 -36 471 261 -817 545 1445 -1328 -1107 1144 726 -635 1204 -129 84 154 -261 76 59 -203 -607 126 -185 -271 935 476 694 -57 339 29 -88 -946 -640 250 36 384 137 41 359 -1057 -256 518 -613 -334 -800 168 -1433 388 506 -123 -546 44 78 -1280 -1674 300 -301 299 374 305 -665 771 -353 -744 613 -163 79 23 -216 -319 89 393 1004 217 -937 -563 23 962 -62 987 1312 -302 -491 240 332 -150 601 -658 -28 547 107 -243 704 183 -822 -1322 166 228 -330 22 -419 -1315 141 -948 -620 -137 843 539 323 88 1020 344 -417 618 -304 453 666 -664 -431 -652 509 -514 268 -32 27 996 1256 -200 -54 -481 -1209 -135 101 387 -330 437 -908 -389 253 -691 -864 -1201 638 -176 -922 18 435 393 -255 -79 372 -392 813 -360 584 930 244 1185 1119 158 265 
1043 764 -59 180 887 129 319 -1144 1248 701 136 1189 -467 -615 64 -15 263 -430 -653 9 887 231 1307 -132 -632 1235 -862 268 -634 158 -331 683 405 175 563 -289 -300 -1318 261 -483 854 1476 294 -244 690 -432 -402 188 -684 -818 1257 18 -126 363 -364 494 -333 153 169 -848 219 1201 -585 647 -236 85 -587 1808 37 -78 491 -624 269 617 -447 -578 603 694 650 -518 -275 -81 201 -121 -542 -492 -17 -971 -631 1537 -101 -136 1153 171 -142 454 385 -38 92 205 324 440 -1009 -1369 -557 -577 324 -765 -220 368 431 105 115 427 501 1257 -423 -152 -178 -1229 5 -1250 -160 204 -1 133 683 479 -116 36 -420 -1115 -75 176 874 -43 -35 23 -911 -592 891 -1078 -1480 400 -391 100 -366 -937 -193 305 -597 -572 -538 2123 902 1576 999 -811 1227 190 99 605 -336 -385 266 980 190 -746 491 -867 -96 -213 605 48 942 -151 -369 -342 884 427 802 922 201 201 29 -197 -861 -960 -323 -38 -277 -896 -44 -823 -72 -163 719 431 -1027 -366 -475 84 223 -1147 904 184 -305 -579 18 -430 884 -461 -1439 385 -111 -375 -691 -177 -1586 163 608 -489 1654 281 -935 331 -334 -22 -50 404 203 617 614 34 -172 140 -534 -189 954 -1 -131 -633 -374 24 234 -732 86 372 -735 -286 333 875 -83 -500 126 -539 761 746 1359 -409 460 775 -780 320 443 -91 -528 -1182 -712 1438 111 -618 607 -609 1196 -416 -468 665 206 676 843 -940 -142 -265 1372 -1219 -1308 -480 305 -623 -566 -549 -1265 587 488 435 -45 498 1314 1240 
-407 -7 -388 -169 -746 543 222 168 -233 338 869 247 567 67 -1463 831 -64 4 439 407 -636 -432 319 197 99 407 -845 -558 493 347 1066 -600 -62 14 774 -342 -262 -157 -563 758 -1922 -823 688 424 218 -473 -632 931 -330 -61 -53 -925 491 -794 398 159 -506 313 719 -367 387 -224 -187 378 104 -105 463 -554 -787 166 920 1899 177 -401 167 502 34 -428 -659 400 -467 828 -283 -301 -1205 154 -313 -47 789 -640 130 629 -771 -135 -543 594 1205 -682 -188 -573 167 -108 339 423 -260 218 -1000 -131 -1 1191 279 112 -612 -521 14 900 -216 121 -477 596 -630 191 -940 328 59 599 -330 -627 133 351 281 1167 958 -112 -734 -273 290 575 -1289 -23 1095 -619 635 427 375 -1044 314 129 -828 -728 -173 -81 1557 -362 -541 -430 -1125 118 144 -258 -934 -435 519 429 730 279 130 339 1005 129 111 -1006 -1183 56 -456 515 -1451 -580 -391 377 -342 1171 -206 -30 104 58 902 268 117 644 1256 -73 -176 415 744 366 -287 589 -598 -233 -864 58 -144 75 -410 -1676 231 -1152 -495 -1779 54 -724 -232 628 569 -689 -936 -176 275 562 -376 782 -731 -244 740 273 1295 102 538 -62 -584 147 -455 68 -797 -274 532 -267 -351 86 995 -293 525 -80 -520 159 -80 571 -201 196 836 -10 538 -10 -35 -624 -1111 -950 574 187 407 -220 -43 -445 242 -125 675 -305 317 494 333 271 609 -93 679 529 -989 -18 1385 323 613 560 -711 -642 197 829 -410 899 -638 -620 112 -115 28 1033 -436 560 -132 197 66 -438 
647 -732 128 -585 445 -795 476 819 568 720 142 -125 1024 1354 493 107 -606 571 -596 -1237 -569 -8 -733 -306 24 -211 270 1351 -634 40 -665 393 1047 60 -1494 -1015 -1173 -229 310 -152 605 345 285 -1121 272 767 -570 559 787 -179 -316 -1052 -546 -1161 620 418 -59 -399 -177 994 -296 -450 -718 167 -477 431 -212 -395 659 -346 -442 -718 -730 460 52 802 996 1191 573 246 -209 -326 60 333 -354 363 -851 -1402 -530 947 522 99 -475 -763 -202 848 -334 -1396 662 206 -1008 586 -1037 12 -234 -345 -846 1104 -64 39 133 -1135 -1006 868 1185 -571 -1197 -270 -431 736 -656 -866 -1178 1405 119 -325 791 41 99 849 -126 -41 -452 -317 -159 -339 610 524 -274 24 201 -1120 -534 -615 -152 -419 -1170 -872 487 348 188 396 -234 -247 653 -632 -48 -410 95 -61 1048 1456 1245 1041 182 -647 153 324 863 1029 -913 796 722 705 7 -945 172 1038 389 848 -320 465 89 875 682 -1254 -383 119 467 -100 159 57 100 -163 477 629 5 335 340 1239 860 119 -459 -1519 416 -715 -223 426 -319 254 -969 -685 507 -234 -484 -833 -328 -1635 -658 -1044 428 154 236 -159 710 -810 257 75 309 449 -101 -1435 -250 -1643 720 -190 126 463 460 816 -893 -256 -411 -19 -430 937 574 335 -213 366 -525 684 -149 -284 -27 409 -132 276 253 -514 -706 449 -250 -263 -134 -428 -903 -744 1048 1249 -510 616 331 -420 -439 -606 96 -395 -677 -11 778 -1640 438 -268 -74 636 -430 586 427 -829 727 -521 -1013 310 -877 365 -560 949 -798 427 
-319 73 727 225 34 301 390 153 981 -1097 -399 645 845 235 -437 275 133 1405 -609 549 -868 55 156 762 -326 -300 -298 -889 606 -110 28 1054 -288 -883 -561 -80 1406 -618 536 7 -890 -591 -27 779 371 -1166 366 -273 547 -539 863 -376 96 -430 512 -451 -622 -840 295 -131 -658 -804 128 477 -425 219 155 -1489 185 912 110 -922 -99 -528 -194 -120 -433 930 242 -161 -585 -1256 -1069 -210 -957 539 0 -215 -32 239 -205 67 -97 -418 -469 196 -141 -68 -445 -388 776 743 499 -266 -764 -87 81 1585 364 615 -1105 -800 -506 1648 112 385 -485 84 452 -786 232 545 511 -697 -134 1 -519 -174 -293 -977 308 381 812 557 165 -129 891 22 745 682 -205 -819 -421 291 155 261 -382 -873 -314 -34 133 999 37 137 97 -133 -658 486 1067 -962 581 187 -388 401 519 -623 42 677 468 209 686 -42 -1323 -359 -93 -152 51 90 -244 -1625 -776 -57 -865 464 676 -37 -1130 1158 -1281 180 197 -310 -693 -669 -450 99 586 62 736 353 1218 -443 -956 648 -307 -1276 692 -13 1333 -633 190 -221 635 179 548 -193 273 81 703 -770 -1395 -956 228 -61 541 517 -870 376 68 490 1622 586 105 -424 -738 202 98 -413 433 -76 119 695 -364 1606 -304 -5 295 164 309 -106 300 290 -614 -371 -1745 934 484 317 418 370 -1001 -730 -648 385 376 694 54 200 1385 210 549 -372 652 458 262 279 786 198 -490 -277 -23 291 -872 -117 -93 -245 388 -1604 -1152 -1027 513 -114 -1260 706 148 -839 149 -664 -457 100 
386 -284 1103 871 714 54 764 -95 -16 633 391 -178 1156 978 -483 -142 -1022 65 377 763 1115 680 166 -1392 -485 81 -196 -57 -376 -947 -859 -290 -727 17 -122 -115 165 59 424 225 -254 1151 677 -261 -418 -1404 -469 618 498 180 7 132 599 32 203 -200 163 114 -747 295 -8 453 955 -741 -277 -95 -125 188 -1351 186 -656 11 -205 303 -1002 609 183 -144 427 -262 420 501 -364 1295 -383 -284 239 -1173 -187 614 735 329 -173 -440 -609 437 -117 -897 -457 -499 -7 -635 140 15 -651 269 -738 668 -779 -775 135 -467 -119 -470 245 -89 -335 714 -297 81 -195 -101 -604 150 128 -734 -1095 567 -803 7 679 203 -1034 1606 18 -676 572 191 302 -141 389 616 -474 240 -656 -747 -399 -182 -1044 245 -189 -1362 673 -161 209 -187 323 -567 -704 -77 876 -121 661 460 133 795 -193 -608 223 104 -167 554 -211 -529 1018 366 -143 173 -207 -440 -528 693 906 -292 -358 -345 -37 398 239 216 440 798 -415 659 149 -489 -240 725 -876 -104 -466 159 489 -986 780 -35 22 41 192 -985 -588 -144 -1243 175 589 46 446 -460 386 -4 -160 -425 -712 329 -556 -225 -334 -444 -740 632 -8 -246 -173 165 471 -402 -787 -774 531 -153 -693 -887 -358 -631 -989 -483 57 -73 14 -468 -233 -2 233 1434 -533 729 291 -767 -53 -446 183 480 -1308 -795 411 441 80 -521 -60 -260 81 -329 1039 -151 -107 325 394 562 559 172 106 -1811 617 1220 1411 -194 -279 -364 119 -273 171 -473 -416 -112 665 -345 -6 417 497 689 
-554 -202 62 399 -379 285 447 -721 1536 588 64 828 -662 -761 -165 -745 -55 -803 -1029 -87 1187 959 98 855 149 230 -680 -387 -804 418 -682 893 398 -534 467 -87 -227 1083 406 1394 388 275 396 -78 38 665 -841 -67 -520 1257 491 49 -761 83 -92 151 585 164 -1192 257 -102 -739 151 -507 -439 -1039 1148 413 807 60 -836 1426 -789 -690 595 -492 210 -636 -286 454 847 915 -47 789 315 550 -297 -430 5 263 -42 225 34 8 -697 625 879 -273 415 1193 -187 287 -156 414 -574 580 54 882 -413 -578 -20 442 -1066 -5 -185 311 -27 71 9 -35 442 -334 462 477 484 -509 206 321 417 -274 336 -861 706 -27 128 -910 45 -207 -396 331 413 643 -1065 -1220 -1120 674 -199 -94 -191 344 -593 417 -40 -455 226 -44 -22 -240 -696 479 -98 273 -276 -975 -549 860 -386 -533 -644 -1777 -1643 720 21 -91 1394 327 198 1321 1018 -991 -834 -18 -1461 82 196 350 928 222 -408 -713 749 -446 -171 -777 5 -448 -160 287 -88 250 60 -630 1193 513 320 740 -434 368 -510 -406 245 276 -196 -1118 770 89 -210 463 879 -746 -361 509 -402 -25 -422 775 274 -308 191 -19 -125 -176 207 -105 490 98 984 152 1428 515 -222 103 695 -506 -430 535 -1791 -694 -359 -257 462 -473 -775 378 -773 467 476 -93 278 95 -245 922 -758 -880 -951 -525 222 -481 83 611 -319 406 90 642 -157 -56 116 -1048 201 355 -232 -256 40 305 -1492 151 -538 -225 702 1187 -226 1067 449 111 -384 -86 -1473 -1242 1468 364 
-857 -279 996 588 -77 36 -527 -502 138 -806 462 -68 534 -1278 425 97 776 1371 885 1673 291 397 -199 162 325 -893 754 -975 181 -494 -204 -606 -1 1172 -854 -202 641 -271 -836 74 -583 -237 -166 271 -1541 266 107 184 -139 679 -831 -339 -207 63 -114 -425 245 -733 930 -659 205 -555 1339 288 -838 509 647 -562 949 220 275 -605 -17 -96 -106 -212 -994 483 -373 984 369 352 -150 382 -1028 -501 -187 513 920 -490 -64 409 -664 -56 -698 -1164 896 448 507 600 1 532 -470 32 145 -238 382 474 344 -102 752 -535 1835 -286 -298 369 -864 -68 564 43 225 -502 831 -1136 177 399 404 -40 -1318 1064 373 -209 -400 980 553 -185 105 -636 702 200 -565 678 -41 190 -1118 920 -298 -584 54 544 -1138 -225 -721 -509 448 -739 -805 946 -135 1067 -671 868 1041 976 45 -287 -22 1714 -804 -724 -840 -18 -363 300 -831 -738 236 -1208 1008 688 -995 724 22 1349 961 203 -188 -252 476 -661 777 707 -509 -385 -681 464 1127 250 747 434 412 -1300 -266 966 -391 -138 578 -681 498 80 8 -136 747 -1043 223 141 929 925 231 -1259 -970 -522 216 356 -577 -1716 -465 460 389 347 1079 231 -1067 -1020 73 650 375 -278 -422 330 -652 -321 -781 -223 -876 -874 620 -137 427 -250 840 1426 -1316 -787 484 -349 -250 -149 428 1856 -154 -708 -497 -195 -517 -443 -440 -419 142 53 -449 -429 -1095 -1021 526 -1370 -687 501 -360 106 -1070 21 775 -218 207 -75 190 644 -1404 -376 523 -804 479 -224 -520 -502 55 406 -1412 -63 
290 1090 792 -1339 -293 647 577 460 -756 -251 315 775 -227 -292 196 -569 -1203 7 854 328 -1028 -297 -733 72 121 397 630 -132 618 200 552 762 -485 1174 -1434 225 906 -1263 -191 -326 -360 88 -398 -1545 133 91 -305 -526 296 -135 690 -564 486 -128 -717 -113 -369 481 -320 751 -288 -599 -462 333 263 531 -1340 -440 -260 428 -423 -385 -1284 -366 -361 -212 -34 -303 1112 52 76 20 -1414 1302 -1120 727 -32 -202 -941 344 775 -1008 -163 687 -1264 -325 -249 711 906 -462 378 -950 -500 127 -388 -616 -1154 633 -316 330 173 -813 -524 -1644 518 -795 -719 -683 1312 1020 153 -712 -607 431 16 -116 225 -455 897 -201 -723 -310 -216 4 -1261 663 971 1057 -556 78 296 -21 960 -49 314 -1128 26 268 -95 -223 -814 286 -363 -1166 -212 -332 145 -951 9 910 -938 443 862 -464 59 -695 -1692 220 732 1258 -1042 635 198 740 458 -356 1147 401 -1951 142 495 -204 749 1365 -76 872 511 -178 393 122 -58 -592 108 -67 -804 -515 -38 549 544 -224 154 121 1518 546 949 -574 -457 199 521 -308 205 -849 759 -1217 -261 -511 774 574 -322 533 143 583 -464 487 -130 28 779 -1100 69 482 -492 -166 -441 -602 -342 -161 -414 594 -616 738 427 -101 477 -439 -528 -248 19 963 66 1205 -448 -520 -360 1164 -940 603 -177 410 -236 1089 -290 -248 -895 187 -666 309 560 176 -484 -637 -651 608 1203 -191 41 835 1019 -280 34 -397 -568 239 373 63 -1224 -810 -422 -144 726 820 -31 466 -29 -109 994 -708 -10 -742 -566 -221 
-892 238 589 -449 -668 -1974 -244 1069 161 861 182 -303 628 205 595 -660 794 204 522 -83 223 -429 1071 54 207 1081 -146 -1164 -87 -463 -474 -22 253 1224 42 392 479 -178 -493 -571 -181 -131 131 356 -24 -195 765 -367 438 -772 1202 -400 -411 591 431 -2 -440 893 246 -35 -168 561 -880 795 1255 -320 -776 752 -1547 -174 -957 -751 -317 102 665 -249 -632 -318 1242 -450 -261 808 -932 -1018 -240 681 20 28 -415 308 332 193 2016 135 -424 488 4 626 325 -1374 197 826 689 227 220 404 -1745 359 196 -80 437 147 13 -374 -1550 -269 -457 167 1202 -537 509 929 395 -719 -428 455 683 -1813 1108 -464 1233 158 174 -89 -829 -314 501 1658 266 699 -207 -23 -730 101 -605 -445 291 450 -151 -725 513 367 -586 -1131 -31 64 486 112 1002 343 115 697 -234 -78 -495 655 345 443 423 -445 342 136 729 299 -94 -361 -121 -125 600 -394 39 -2 671 -128 -296 -365 26 -483 1277 116 920 -201 -518 419 1134 -55 -398 -369 -955 80 223 1038 424 387 -196 -708 -877 370 -357 -41 -484 176 -600 195 731 -110 -833 877 -157 388 -499 -190 460 -24 -430 540 641 704 1049 -817 -422 937 775 -476 -374 1423 -230 323 -126 600 -60 226 145 -1116 -1175 -120 -62 -42 -493 857 628 -505 -538 -997 158 -21 677 -373 -596 40 -945 -676 -466 376 -607 -8 425 -122 405 -918 280 952 -1031 -76 668 396 598 -218 -1602 -619 347 -266 743 -690 -482 -78 314 -1063 -3 -580 1256 -263 -454 16 382 360 867 551 355 -81 
-11 -482 1304 -112 -598 -621 -182 211 -789 1227 125 -340 628 227 -925 -295 264 990 44 415 -437 -68 -153 -910 -717 -1262 -128 326 391 -136 -29 248 -773 -583 36 -199 -472 563 -163 495 1231 -103 201 363 56 496 861 -174 -420 -3 263 -1198 51 984 -587 -342 -441 531 -699 -14 513 -313 660 -112 637 838 -540 -344 780 -392 684 -591 1322 443 -193 -708 342 -544 -1212 761 343 -857 -164 -1537 -457 -171 -555 126 -450 -136 261 -466 900 386 579 582 567 -826 440 -701 396 446 -1040 124 1071 371 43 -2004 -863 150 165 -79 169 67 -902 -88 118 -1025 354 -964 -766 -54 993 54 -886 -683 -158 -68 -319 -758 -68 138 750 -432 596 -364 697 -241 284 -356 -395 -334 309 -886 -738 -359 -151 991 341 -792 -421 -139 -181 585 -1035 559 99 1758 -208 951 353 519 -1056 -341 764 17 -225 -1110 324 350 1150 -518 -522 731 -32 855 349 15 1045 352 -510 95 -521 808 840 1031 -766 -104 -1104 365 -503 309 -976 746 14 -841 935 483 -420 337 150 -660 -396 570 -1545 -110 -298 -225 -529 534 -348 -1104 -590 1121 788 944 -237 -171 433 -335 1216 -55 749 -433 -295 -335 -1055 -432 -732 33 -1899 28 1113 250 840 1221 413 366 -579 232 468 288 -16 873 155 748 65 88 -59 921 -7 120 321 -497 -562 474 1065 -249 1321 -24 593 621 -415 606 848 -1116 267 -183 28 105 -791 -77 267 -152 697 -302 224 -844 -1057 242 -1809 -131 208 -186 -207 405 -174 516 -267 -192 -27 -981 -178 336 -850 362 -390 -1289 -153 -596 
-235 -224 194 1148 -179 1045 -113 -324 526 352 -219 -632 327 1219 -1119 464 -406 -87 -135 96 297 611 569 -761 -315 389 -356 -344 40 -125 792 -126 -367 -629 90 396 -901 1383 1093 286 234 361 -301 -112 626 -492 -201 -233 87 -332 488 -68 -103 -728 -449 -969 642 939 -359 -1001 537 -98 -1091 396 682 -727 857 -452 950 -1490 116 62 -598 244 537 125 1308 257 -897 -208 -25 -1062 -361 299 1225 724 -279 333 395 695 271 -419 821 -537 930 1076 700 1097 -544 -213 -680 591 -356 -280 -179 -221 619 103 -1142 443 -784 -855 408 499 412 515 1046 1071 34 -99 174 -31 -5 886 1067 -545 -132 -298 20 -714 54 -508 676 714 158 793 -215 -381 -519 483 175 472 338 -96 151 333 -704 903 -207 1073 239 -786 301 1055 420 -628 -67 -645 -161 -584 273 -792 -735 477 657 -1047 -1197 -919 -688 -390 102 662 -802 225 77 303 -590 310 416 453 -659 418 1392 -753 232 529 815 -91 512 318 -502 758 -235 -303 -807 -1229 127 1081 -293 380 232 -99 56 -338 -396 372 942 49 -141 1317 46 440 245 71 824 975 -46 817 -106 -358 104 965 55 171 -476 139 -977 355 -484 -527 483 718 54 -1064 401 167 -269 -370 -142 330 -104 965 -855 474 204 1330 -531 462 595 -1384 -598 168 207 471 -600 63 -1067 -489 -139 132 945 -439 -662 -214 -88 276 873 29 -555 89 -376 -257 956 -1744 1196 -114 37 -400 813 -90 -66 373 -208 599 -498 470 741 -433 -111 -1173 419 -200 297 -192 91 -226 -620 -817 82 529 
-142 126 -898 295 -495 -132 -357 513 1348 283 -179 -180 278 -1288 822 173 908 -810 -17 -2 -568 481 302 117 -757 -627 590 -545 827 -169 267 191 224 96 -318 -591 1615 -1226 123 -1096 -576 -38 -158 -374 641 -67 631 1079 132 -547 -725 79 331 1355 971 663 264 -128 -177 -1069 626 -151 555 -301 -846 -287 -1190 -421 -201 386 -5 119 -964 -76 -335 -70 -41 992 -874 773 -1072 -74 26 -513 -237 -318 -492 -654 899 347 -194 72 186 534 866 -837 145 115 -827 -332 507 -950 24 370 734 -52 429 477 581 -1409 -52 372 -778 -467 -173 -830 -73 -615 626 138 -207 -361 8 -428 648 635 1488 987 205 -126 544 826 -1035 582 155 -902 -297 -318 290 187 -107 -46 224 -19 -910 -805 -722 202 -263 646 -565 554 522 70 -945 -678 660 175 349 475 -400 380 -456 -777 -354 32 528 -40 -327 -251 624 140 -11 586 411 941 -998 -498 -362 129 65 -898 -149 1795 -1083 -110 926 32 -202 -799 -438 -311 -256 -1251 -740 -1150 124 -720 -140 156 477 -1482 1389 458 623 823 -505 492 108 248 511 165 1005 -11 602 -85 -855 128 480 -787 986 -274 6 -173 -173 391 881 198 374 462 825 -356 -274 292 207 193 749 -372 777 -41 -735 -1244 1103 236 -209 4 -275 557 -322 344 -673 510 -120 577 -214 38 353 805 365 -586 287 -144 185 998 -726 -998 -112 -786 -149 85 402 -311 -319 -1228 959 236 -608 -668 -245 -595 -67 582 -687 -959 -218 -109 657 -877 -459 811 815 314 935 90 -795 989 273 -990 -398 782 
65 -926 -352 482 1116 -202 58 -345 -451 485 -344 757 523 -680 51 919 -985 233 557 -742 12 -290 -1032 -233 -307 -419 310 795 1155 -519 -487 -169 994 -392 -382 -709 730 -750 -362 -137 30 726 86 -365 137 -936 -949 -569 -617 -166 -60 -601 87 -665 996 10 56 -835 -302 -166 -1186 -263 1196 449 274 -198 -703 -32 229 103 -1528 101 -43 18 609 -565 -476 411 825 -67 -757 627 649 -25 319 316 1017 107 1490 -456 -226 -914 885 430 -209 -535 461 -368 -267 634 -725 -78 142 -172 -453 673 -158 -309 473 -792 -667 -683 668 1124 -201 1244 13 -308 400 -641 -1472 -428 199 -856 -683 -391 -67 -189 221 993 96 -1269 275 -706 1160 -681 43 151 490 200 21 564 -201 -185 -57 -334 -627 124 -1305 -77 2 -363 -16 213 -41 1130 523 141 -103 816 74 386 721 -240 345 -440 -829 639 -324 -60 780 -954 819 -928 88 -775 -52 -279 40 -1323 851 -477 77 633 153 -693 -1564 52 876 -119 814 -501 1453 -42 289 -95 -129 480 31 -148 55 1343 272 651 -1221 -295 286 1047 -515 -515 715 -668 -938 -428 -336 -1353 845 54 1319 -732 -290 -307 905 469 -1010 -288 -140 223 14 -253 -163 -577 -628 2 -33 -26 -332 -1534 -21 79 213 -883 657 202 -1230 701 205 -422 -1173 -217 -196 -1327 -114 217 1386 272 -1010 -936 -899 -830 177 1007 504 164 -4 -638 -273 566 208 565 -491 -248 -74 -164 -21 -93 328 -226 -335 -531 20 655 -37 203 -65 -1247 640 532 -2215 556 -1297 873 -690 236 340 59 512 621 -1260 322 
169 1316 604 -132 -1142 -78 770 -722 -11 1571 1360 287 239 -1073 162 684 675 -538 -117 3 314 778 281 -1109 733 -1151 -35 80 1169 705 729 16 83 -533 234 179 -703 -213 -317 -426 115 135 240 653 -834 574 157 302 753 410 640 -137 -281 670 -413 -396 -146 43 -640 179 659 1583 -970 -46 747 73 679 -528 -348 -212 -447 643 -480 768 42 -386 -604 -882 446 -426 -584 -126 -96 -436 -660 133 999 814 -612 104 455 451 -501 43 -223 -456 197 -14 -170 -541 -395 745 -397 125 783 -170 -86 295 -558 -1201 1145 334 518 -379 -1541 774 302 -154 1502 -1102 -561 77 16 659 1260 -82 872 -581 0 119 -512 -834 -879 -570 -445 -364 -305 843 228 -716 -75 980 -303 55 900 -156 -270 1224 698 130 289 -766 464 -204 597 467 -1275 -565 -406 -1184 647 -156 -759 -253 257 -210 10 1140 -506 613 979 -453 -149 92 -709 974 -866 -455 -46 534 -712 296 290 -548 144 -77 647 -397 505 -723 -997 195 6 -1054 -246 -434 386 -104 -788 93 3 1134 -404 -43 -1162 -366 -66 -114 507 65 -813 -825 -49 -295 103 -1105 -7 -491 -76 114 -107 -969 -950 -444 -212 786 9 -902 381 1069 506 83 13 -698 -51 -668 715 120 -381 -973 188 -516 656 1106 -437 1016 -1207 429 -392 -1267 -469 56 -304 262 575 53 1601 -41 1261 1048 -932 -48 -1005 631 -885 -272 1028 1150 -317 -521 579 -880 -1009 255 -1458 440 544 -1876 -1703 -63 996 1258 -256 339 78 1162 52 397 -60 -611 700 863 174 -291 552 -1219 176 10 141 354 
579 1069 76 199 641 613 891 471 685 -196 -363 540 -204 -25 -46 433 -674 -563 190 287 -150 487 1052 -107 -404 191 614 -606 201 -630 408 -3 -265 -405 -295 338 -710 -123 -270 -677 1064 -729 -10 378 241 -1726 -193 -4 -869 431 -150 215 -314 403 -866 201 -207 3 -41 -894 -70 -139 305 338 811 -366 -503 -511 175 -800 283 1205 422 514 -19 -866 -446 -111 -838 -687 1060 481 242 984 266 380 676 174 197 767 425 740 535 -425 603 639 -1183 -940 -1314 1116 -224 -442 -77 -629 249 545 392 29 -1133 -187 -964 -805 -940 -764 660 -722 545 -1216 164 92 -246 -628 74 983 -204 -516 400 1573 -345 -247 537 847 190 1136 -1160 1338 375 -704 -711 -774 868 701 802 -227 277 33 277 -624 -493 -595 729 644 314 -51 981 -1200 370 -1081 288 -440 105 93 -72 -172 -678 1053 -180 1134 -1398 687 -754 199 -330 723 423 -4 678 99 319 -884 757 558 904 -1116 312 -471 457 -1373 -341 213 -21 734 -692 -460 449 292 636 143 172 -600 -689 -598 -882 -1301 -722 561 -233 138 -370 -55 -5 -266 565 61 653 1155 -94 -189 -385 -65 208 474 676 -127 -1142 -268 144 770 181 -1041 440 703 631 -182 -897 -319 176 -189 757 -410 165 -12 447 -1061 160 551 234 -170 -165 1079 -74 -695 486 627 15 1436 -1153 217 -557 200 274 -310 -89 381 184 -166 -112 432 -445 -23 -173 886 -108 -1115 911 526 -283 -307 411 -20 942 386 288 775 -1059 -617 -308 -713 -128 1016 133 167 -88 431 -352 -33 -617 -609 866 -47 
-437 -163 -1146 38 -380 366 1475 248 -1007 -41 609 -1075 -717 363 -899 -658 1018 212 -260 543 352 383 112 68 787 -79 -1258 656 -1272 -604 597 708 161 793 -831 -93 -1064 98 -381 265 61 -423 479 -989 511 241 602 217 -637 47 -620 -916 205 -599 -504 512 -154 187 -291 238 -719 -1137 -1256 -924 -374 67 305 480 -142 -158 631 855 -1419 -337 -62 1081 7 -114 875 -262 -339 882 -618 234 -949 -945 -177 -105 -652 -604 1571 -518 -462 256 565 540 -655 -101 478 104 -390 -978 -39 -737 -72 -201 -253 -196 -128 14 693 273 528 184 994 -182 367 -367 17 -336 -772 -265 668 -266 202 -1073 73 122 -213 1396 564 -231 235 605 -229 -638 702 242 107 -456 154 -807 162 128 475 -61 -23 166 -100 -1192 163 -145 -180 899 428 -198 509 -89 106 -631 -289 -600 1119 865 356 -347 -104 184 585 224 -100 -1383 -106 188 -637 1026 -449 -245 177 386 808 -675 -340 -698 -39 84 731 -696 90 -9 118 -207 -245 215 159 1048 -1016 762 776 155 452 420 457 144 -323 19 323 -663 -362 137 -194 -591 445 -590 -265 -308 242 -775 1118 -344 546 -791 594 8 -32 -85 267 -278 239 -563 -260 454 -584 -28 -59 492 -17 -19 -72 -377 508 871 531 459 472 -166 107 716 237 677 -230 183 -200 40 -106 391 -254 -613 382 -69 -213 100 261 -691 935 255 751 1401 -352 65 731 319 1116 -885 475 16 201 24 -262 435 50 614 -1471 -739 -408 905 672 310 608 741 -642 956 -82 1016 -298 186 332 242 -286 717 
228 -136 -1607 125 61 279 246 -797 220 525 102 -1093 -1225 -517 -448 -216 -21 1616 -606 -193 -597 -153 196 720 246 278 -315 -122 -397 523 675 -209 -129 -199 -334 763 96 96 1021 -461 205 391 66 -381 893 -401 -279 -39 -730 469 -118 -324 -24 -128 1181 -477 -407 -540 -328 416 478 517 -402 809 -176 438 392 -1111 -628 43 -353 -1543 -1445 414 142 88 -1117 619 1932 -409 1265 1347 268 344 -432 -910 809 47 -398 -701 -941 -825 576 837 143 1632 1235 -931 -197 87 -932 556 387 -412 -36 -755 497 121 468 -221 144 463 661 418 -57 51 600 356 800 -405 -249 -19 -145 -34 958 -861 245 -41 204 -502 -956 413 -166 -382 -718 811 -110 -1266 -522 610 33 -653 0 297 -107 368 -817 -475 -453 128 -762 1377 -607 -327 436 -540 301 -769 362 -558 1014 -511 -509 788 885 -176 -341 752 -853 -319 454 -1595 903 -764 -881 474 -368 446 -112 -168 -49 -564 -171 1002 883 129 -1573 -30 -210 -15 1824 -1173 137 404 30 107 -652 -59 118 -1655 -294 389 789 71 75 1026 2 -331 900 -378 921 216 973 -333 -289 253 361 1137 -565 73 320 960 -456 427 97 -626 332 -230 773 -1 708 925 -1058 621 -394 724 -1206 -671 -904 430 -244 563 1331 -372 306 -239 -15 223 -398 415 -104 255 737 757 -485 -297 714 530 10 155 652 -260 -1042 154 3 476 444 1089 311 322 98 71 1270 383 -796 -200 -278 165 501 -1009 56 -418 -218 138 356 448 -61 704 579 -93 279 476 -719 -134 506 -697 751 -220 -1197 419 
-759 -68 -468 -348 -161 -1668 283 -730 -1528 -14 -32 180 -683 -764 -436 -172 -859 979 -299 416 1141 -1483 -625 872 537 1984 267 -470 -425 509 74 304 -787 -302 225 1179 737 -261 1171 -797 925 -926 274 -426 -719 -483 -292 -129 1204 -39 759 -1105 -261 467 385 -773 -660 179 343 108 707 -13 -666 -577 1060 469 -263 637 634 -306 829 -74 905 -77 307 850 -189 -220 371 33 -691 959 127 -662 -395 -502 293 -628 -1173 729 603 79 -443 -120 361 841 1713 -991 4 368 -441 448 -163 -472 -435 540 -273 -568 675 1356 326 585 620 -29 173 102 680 220 254 158 181 217 -735 -1336 149 -1126 390 487 -263 -87 -329 -284 1000 223 268 216 -1133 793 25 78 -1097 -264 726 1689 -678 -312 1632 -184 -938 143 -559 1212 -149 514 -245 1551 591 447 347 -1170 974 475 4 -775 142 981 17 -525 -197 -1080 643 -1062 -7 -733 -799 -265 501 -621 272 -104 -173 -116 -100 -256 1028 299 -905 -250 136 -8 117 -140 218 -399 -588 337 402 -345 -1403 1095 898 -931 -128 94 -818 200 1248 -7 -328 566 1682 629 824 150 -125 55 -802 580 -279 -667 142 -816 375 -756 229 369 306 -59 -588 0 -843 -255 -153 1325 -1439 1631 139 -1209 -688 -405 -394 104 299 -163 574 -214 -865 -640 -29 -605 -569 920 -750 -384 -1106 -340 -522 56 -435 981 1422 -513 1343 580 -330 -277 922 -1000 1449 345 -285 -574 322 -319 432 -307 1031 -167 -545 -888 -291 -236 338 -392 -1695 552 179 -1100 -611 -2217 229 -305 293 -885 777 -633 -27 -412 384 -1095 
68 671 -638 443 -138 -648 -1427 649 -770 592 -14 -761 928 -111 245 -180 17 -475 -52 -866 1183 831 -1629 140 433 -689 -504 1370 294 -6 -979 -432 -1423 701 -362 670 1027 163 1064 347 -318 -791 -830 -546 616 553 -420 209 919 61 53 442 738 275 -216 -39 -1059 1627 -491 280 -271 -420 626 -503 511 -843 -172 -219 1086 -439 -700 -280 -222 -429 224 1482 639 -886 -53 -420 -102 -650 360 -1307 -226 21 421 -433 -451 -914 -454 209 751 815 300 461 -523 -200 1230 601 624 -767 -491 174 632 1892 -329 414 -333 193 55 3 -411 -653 -764 -253 -12 -411 -552 376 -300 47 -174 239 -745 -2 99 -819 -227 681 625 860 -486 159 167 -1127 -885 251 -902 759 -325 -474 663 -721 -919 -393 542 583 -100 -332 709 313 -369 -1004 -1343 -59 -654 -641 94 263 -991 215 -873 10 -1038 -444 -562 -603 -20 51 -4 682 -86 37 1101 -42 -289 218 -192 -586 635 -392 -219 268 -1459 555 -670 841 -576 -15 1255 208 1601 53 4 65 -458 -875 -270 249 785 345 -164 -1150 -183 -11 -184 1335 -332 1162 689 -471 -1224 748 -778 -961 -1023 -444 22 -841 70 18 -352 -191 -194 570 535 -523 -373 487 -1160 746 -328 1146 86 -263 1072 -312 754 573 -325 383 1762 806 -394 -262 460 -19 -204 351 -304 -645 -179 703 267 -296 524 578 -885 702 750 0 627 49 -305 558 -1230 -639 139 154 -22 15 -477 -195 608 320 82 -647 902 135 665 556 -1101 -343 -1690 -30 -68 795 -636 1431 173 279 -351 -131 -9 1079 -255 802 419 -276 
-464 -373 -259 112 18 -10 455 568 1006 -57 -636 -168 741 1594 255 -291 524 567 -1 93 575 637 -61 -385 -370 -4 -32 245 -67 93 -816 -608 338 573 -1288 338 92 -310 219 -764 -573 263 62 358 -342 469 776 69 -371 12 96 992 398 -254 619 -1092 285 30 -754 -297 1698 122 -197 -524 -1686 193 95 -661 631 -613 263 -274 -9 846 460 -307 354 395 -1598 -391 -492 338 179 -280 76 -1084 67 -240 711 496 28 487 832 -76 -215 -695 -817 -42 -282 -1009 285 -310 -91 -518 -22 -179 -912 -711 -143 -125 -587 181 327 -36 -114 -1014 -209 -695 -363 48 395 -1441 -47 734 -393 -180 -1168 945 -521 75 887 -1514 120 -1121 390 -28 1098 -304 -62 -102 182 585 330 1025 -278 423 750 301 -187 -1357 -376 151 -473 229 140 -760 351 -557 147 186 -136 -399 418 80 161 -169 -584 -413 -647 298 465 453 597 756 360 696 -1117 1343 -414 839 353 -59 112 -501 672 -385 -513 394 661 352 -718 751 -1173 188 756 -276 -248 -77 74 -973 210 794 80 -566 707 709 507 -91 -34 256 -453 305 198 -742 622 406 -95 -1602 -20 -404 609 1432 -118 1 1 108 -760 498 -404 -363 555 202 -395 -889 -46 147 -322 -504 702 -962 -612 235 269 -543 -983 914 420 -222 -86 52 207 -173 -470 125 3 1106 588 -699 -445 -195 825 -354 803 617 336 -568 351 -440 464 729 -647 491 -136 763 -337 -464 -237 41 425 -881 17 512 -1454 42 1173 24 -662 -939 542 403 888 -302 -256 175 -147 -307 226 1170 324 538 
-196 384 1089 169 1464 -89 201 121 -1156 54 1155 166 145 1376 179 263 109 358 856 -538 463 11 698 653 -752 198 -22 385 -581 208 -568 495 290 -312 -127 -52 -96 580 372 -836 -1727 583 192 169 -36 213 72 740 578 892 -1371 443 606 -482 -72 1226 -378 503 -719 46 -572 1153 381 -229 473 225 20 343 -4 -641 -469 -702 -28 291 -458 305 465 232 489 44 113 670 -487 73 -262 -629 -48 304 -915 -1080 1576 88 113 532 -68 -137 -767 19 -6 964 -68 -698 526 -668 226 -11 -1212 -728 503 -211 1506 244 -89 1011 45 661 -173 -121 -59 1835 746 -108 1197 -241 -312 715 -72 170 -297 -47 484 -517 703 681 -720 807 -694 90 -487 371 -634 -1305 -467 944 -1 340 413 709 -1255 -199 -253 -382 -1338 -132 -113 856 1032 1244 839 841 -1643 233 532 476 -536 846 -1025 -280 1405 -139 173 746 684 564 -185 326 -166 807 -355 769 -242 -392 -721 1638 -313 753 369 205 168 799 945 618 -182 598 734 1032 491 142 -384 356 -616 -921 -1231 -450 -748 309 267 -1231 -632 -687 -362 846 1157 659 -193 129 -1797 83 -176 -399 1277 -380 874 485 410 -366 427 -598 -529 428 1471 -333 161 -10 -76 571 -740 -939 1386 449 -1117 712 -1185 102 -44 -580 -218 114 -332 229 -333 881 158 401 -654 -711 -85 201 641 -861 50 807 -163 305 -909 146 76 -768 -710 1280 1008 529 219 84 114 -280 1121 76 592 397 785 -1236 -257 -475 461 -368 52 612 38 -1034 752 -957 -770 -1061 46 133 -505 584 -872 -136 
-686 -507 -585 1163 -393 1116 -600 -932 -690 650 199 -747 -357 -967 -805 -177 193 -13 -528 -955 622 -350 515 158 359 -8 -230 192 9 -587 -793 -781 -970 180 868 188 256 813 -54 824 747 -96 46 -344 1221 -164 497 -1807 -1437 -958 -9 -447 213 143 -929 433 849 1446 706 -97 644 -839 5 -486 -265 -1018 539 192 121 -1043 256 112 234 -960 -44 -721 49 640 108 137 -567 -1413 -54 239 823 -376 -1088 152 309 -1678 15 -537 303 72 305 -240 -112 430 945 704 228 -792 -170 346 267 651 -603 -719 -369 -33 590 -235 -84 -708 567 215 519 88 150 394 -836 -376 155 1021 744 196 356 -461 -331 222 -1019 -489 1272 -285 -398 194 349 -789 100 534 586 -514 1130 -907 -249 -72 -1041 271 -68 32 1399 -535 -600 817 -411 629 -1264 180 1040 -431 661 -1395 395 321 504 -222 -471 -797 135 985 -1378 -625 -683 231 229 206 -785 -545 407 52 -295 -43 -15 973 -610 -1099 182 52 -76 -96 -281 630 97 -675 -487 -41 -1710 417 -320 -1232 1092 29 -900 717 1257 520 -313 -666 348 559 272 -610 300 -915 414 209 1039 -467 -185 2 723 1138 -1132 110 444 -163 402 -1593 -805 -430 -1234 809 -551 -1086 5 -965 -170 314 85 425 418 94 895 1177 466 -817 -481 644 673 -558 -565 1692 212 621 -960 -489 -866 -141 1198 221 50 389 473 198 -172 -171 988 1 -305 -979 -119 -551 883 -938 -116 -353 900 -1266 -457 -5 231 1 -596 -2012 661 1250 -962 105 1506 110 -608 269 -27 604 -740 -359 348 291 517 -205 
-622 113 979 1615 -377 513 207 507 1214 -249 673 -307 476 899 -39 158 392 799 588 -152 357 210 148 -553 143 -1102 706 -243 -943 616 33 -57 -120 529 -1116 296 -760 246 233 16 722 -999 -949 269 -153 334 399 -1768 1434 -461 -320 -163 -1071 -857 1104 -62 -807 421 552 -768 119 275 -439 -46 -517 -1341 -127 -1864 -345 443 1046 440 239 -843 118 360 -937 819 -445 -832 199 -1 -310 -403 1320 1171 455 1729 1195 57 114 570 -563 -923 -236 -625 -267 135 1026 -335 700 1095 353 771 460 1720 -1351 1186 86 -290 -2250 1308 -181 376 -117 389 584 272 -386 189 -662 317 146 -301 -97 1025 95 -483 202 -203 976 -5 -962 -107 -1201 123 -593 -145 268 1226 290 906 -1230 291 382 645 -30 198 -5 299 -911 292 -309 -95 -91 -1006 -20 -1386 -446 -1631 -766 110 446 1698 -1268 450 393 495 -94 -268 -505 210 -1081 49 389 568 963 522 817 715 245 -749 297 -713 536 -402 521 358 373 1324 -202 936 -484 -332 -1393 288 -1102 295 607 -179 644 -606 769 -539 -347 -361 -121 -575 1386 691 245 -612 -98 225 985 -162 287 955 -910 -324 -628 431 -262 -209 156 711 -459 367 -289 -410 -210 -546 -241 -901 791 24 -580 630 270 1572 1249 -537 11 -166 -750 -689 -1372 1752 -99 -688 -215 -905 -631 -131 -403 208 -197 218 775 336 -291 -591 752 -380 -250 550 -539 -1010 -484 -669 105 421 -306 -884 227 -522 287 -936 1058 -1039 632 -400 1098 -617 -1944 1298 -789 103 -299 -945 291 -1215 695 1087 -171 554 162 -498 -32 -86 
192 276 -239 706 207 -25 959 791 103 -40 1065 -205 357 47 -444 -682 298 210 806 -463 476 444 335 38 -293 -1027 -430 -127 1099 -601 396 265 1090 -411 16 -141 725 -28 646 831 -279 318 777 398 -274 -202 -534 376 384 -985 -249 -2174 533 11 -2004 255 1918 -291 921 241 146 1083 -1149 670 -433 1324 -314 284 -26 -741 1545 -599 -494 16 235 -664 585 519 -298 -564 -1032 594 196 -98 -1676 1036 310 86 660 423 135 -979 801 316 349 -832 600 -1028 -56 438 1055 -192 593 868 -485 1062 513 167 -498 54 -1202 -254 -190 202 788 -866 -578 -294 837 917 -233 1322 595 -162 -1446 -830 -44 -237 -924 -188 -462 -1647 -327 -472 646 -365 -595 423 1102 103 -831 -472 -686 -133 830 28 -585 1123 39 842 154 -143 -642 1365 162 -1339 595 -304 -429 -266 353 -1094 466 301 1316 554 201 -75 -401 711 168 719 -170 612 189 1237 -509 -127 1157 1205 -962 -488 -278 -631 -5 501 -558 -767 553 -489 -212 -319 464 25 -402 -270 -194 658 430 -386 -697 108 361 -986 -275 -149 2 228 -559 47 461 -1921 146 -14 646 720 -154 -175 477 203 350 -1113 493 -24 27 122 770 369 -591 -783 -337 -857 1319 -1263 -82 -223 -729 -548 -1584 511 659 -133 -32 -1543 968 700 -1105 335 -220 337 96 -905 685 287 -298 -376 -1134 221 -521 309 240 182 -361 -298 1760 -250 100 -989 -585 307 344 -294 -36 -311 2010 323 519 -273 -109 -684 467 -155 1127 47 1067 1020 1065 -996 -726 -646 466 -344 -487 998 437 453 440 -880 362 404 
704 -204 -139 -70 785 477 1541 883 -1801 -590 751 829 217 457 -660 319 713 -749 437 -512 232 1304 -705 -590 290 -30 847 237 -503 59 461 332 420 -261 26 278 481 -543 -651 -771 -463 681 487 -627 -33 -502 -499 1511 149 -633 -406 -39 -224 -834 547 73 -447 -406 -1344 1139 -451 -1270 -1070 -628 200 -801 -558 76 -284 123 2 337 -230 530 493 1178 986 -510 -31 -1079 499 108 -707 256 723 -68 21 -909 -765 -92 -604 978 -715 167 -650 64 3 -616 -136 -6 -1103 -214 44 298 785 519 461 1155 429 217 -4 171 -405 -78 -329 1377 175 126 -6 1128 -465 -437 111 -347 -363 -362 188 1192 413 807 1133 -235 -119 103 -827 -447 -707 729 -857 -665 -5 400 -386 -1524 371 1270 1002 662 -648 203 229 -68 133 -405 -516 549 -555 567 0 226 -89 789 -75 1069 -332 -166 -140 -166 1192 218 85 75 240 -556 499 -30 -753 989 374 840 1450 223 -100 -223 967 102 1138 1229 -427 -530 1114 762 -145 -246 -423 235 17 -166 434 806 34 -808 188 112 116 522 118 -339 289 182 496 -203 110 297 -22 -61 139 262 15 8 -1267 -348 299 -1355 969 -76 437 6 515 1241 111 -291 456 -234 595 411 -117 93 -439 1435 318 -115 -578 836 -68 73 291 -342 -896 314 729 247 -668 -6 342 -153 242 715 346 527 77 -490 568 229 1236 147 157 674 21 340 -361 -935 -102 -269 -456 -599 769 46 1584 -864 -255 -876 396 626 -412 820 196 -819 238 -203 479 92 235 169 352 228 -125 -783 557 1251 
-322 -143 -319 -389 659 -1666 -1569 -940 -938 114 -263 -1287 963 -155 -181 1135 -446 1380 -100 1236 450 108 54 -567 -702 18 650 563 126 -398 194 -348 735 -272 -1468 318 1101 -565 23 -271 284 437 522 -697 303 -1234 661 670 -813 -112 716 1176 154 883 43 -548 635 1048 413 -392 -293 -840 -33 -456 452 -313 -212 483 -705 62 -388 118 332 -534 -624 101 852 693 127 396 -368 1071 1300 535 -251 224 512 -558 950 696 -657 41 941 634 380 148 -1174 308 -306 -97 -576 -51 501 226 118 1110 -408 -51 -147 950 -617 809 -496 -326 443 343 69 -360 584 175 272 -652 475 -576 -130 731 -180 1086 77 -523 1008 -832 -36 1365 -32 343 209 -51 115 -92 150 -569 -867 836 -504 -678 404 1112 -376 -796 1381 -12 442 -1346 -555 -463 -244 -259 -263 -140 144 -127 357 -619 95 -907 -527 431 -1743 487 175 -325 969 -532 661 397 -559 -330 317 -111 -1230 174 43 496 -147 -601 -850 863 -928 1909 481 527 321 649 -991 863 8 -629 -484 352 -92 422 54 -213 -374 -362 32 58 -687 -676 -1255 1103 -1037 -362 -77 297 -144 -15 -747 369 180 -621 624 389 -72 -718 36 -142 222 -20 1105 852 1126 149 185 338 1060 141 398 -1487 -962 189 -955 -1017 -979 504 408 -938 -1237 -299 571 -585 -1508 346 1 322 -420 -836 31 -233 488 27 122 -224 623 -395 -316 15 -604 866 622 -23 -368 -123 -238 90 -833 247 18 331 430 629 346 133 970 326 883 -807 -1025 686 -645 -28 -98 830 349 -514 -201 549 -188 -689 
-713 198 725 -27 818 -1267 -106 -329 -118 -377 206 232 -7 38 -42 749 -131 -1056 744 -761 -685 -157 -1101 206 -530 -480 256 402 -740 -509 1509 -666 1088 -699 -701 -615 181 498 -1025 -218 -480 -587 22 626 -758 -948 -1106 337 994 552 -844 553 -325 -263 -552 1591 730 183 1536 701 -209 -858 161 1036 161 115 -229 -659 -210 -1096 -1032 -591 -318 -813 -622 -405 282 -477 842 366 -982 5 508 -107 50 899 -685 9 -468 -1647 625 -34 -74 301 -295 -164 -216 133 1415 419 209 947 354 -792 340 219 165 -404 -460 1193 -545 -642 -507 1259 488 758 43 448 347 722 28 54 123 121 -639 244 -629 725 -999 -290 -471 564 178 552 -503 -28 -1075 -832 -773 -405 269 -914 723 -294 -280 1096 -218 79 411 -632 373 -237 230 990 918 820 -1004 -313 -219 198 -1185 -133 333 -57 -738 -283 -1002 875 12 -96 -102 751 936 -345 -974 -1307 -441 -167 523 -766 510 22 576 699 -1993 -65 408 -163 -1602 595 -147 -495 748 565 406 1147 591 -579 969 -1137 -245 814 -597 -145 177 -112 934 633 -535 256 -964 -319 -285 909 -469 799 -118 272 -168 149 -626 260 820 -478 -707 -306 -108 290 -469 -166 -265 1346 558 413 -715 -353 162 112 -643 673 -648 768 -415 -296 6 471 -762 -1109 1087 -475 -1203 125 785 955 191 -403 -814 -1193 -101 569 -191 -401 -943 -271 -269 276 -1098 -1070 -462 801 -786 549 -611 -210 1690 640 -916 395 472 186 -581 474 -411 178 -599 -1605 -127 108 -1395 177 -305 196 -2 -716 490 865 -64 188 778 -448 
48 -359 -129 300 30 538 -323 377 323 1259 -224 1170 594 -730 -442 287 1205 -504 -1293 -61 -394 -869 311 594 -409 -1072 -258 -173 1210 -768 112 761 835 395 -357 -204 -591 -47 -520 729 -1063 -467 1031 383 503 -9 -135 97 728 -1591 419 22 12 -819 496 146 -794 -943 647 -698 944 1244 -764 564 1026 219 1000 836 -749 16 139 1040 -266 -99 -1094 -352 5 -286 1177 -867 897 -57 1058 -195 -165 459 53 -242 -226 -346 192 427 -302 489 718 661 485 653 509 -944 -926 339 -48 272 -339 401 416 140 90 -285 -418 -23 274 1950 220 5 -714 379 -157 -844 -637 -287 -333 -313 -328 1003 745 193 170 89 -846 1250 989 -183 -1283 -796 505 1117 -544 1072 284 -165 625 706 -1603 -1036 -679 -938 655 354 -1328 393 651 -828 -879 -538 -517 220 445 805 1133 596 -757 450 -601 378 -831 -479 745 -1676 626 -725 20 137 -821 583 394 869 279 446 530 -396 376 -66 -1499 -706 -86 361 170 2027 -577 -479 964 -5 995 -766 -981 -165 -1176 -404 -258 163 109 -104 166 -136 -360 308 -560 711 151 -1003 -851 -559 88 -357 -225 227 246 -530 -439 -575 -25 1091 183 -238 54 -110 1527 586 -627 59 1692 -553 413 -474 -200 1590 -152 567 1599 242 -653 261 -515 -400 785 -292 95 -173 -1025 263 589 -712 771 -606 -782 -133 -460 101 -1341 -323 -343 366 -282 -825 -622 833 413 460 221 -452 -423 6 180 -478 232 -1001 398 197 39 -547 -777 1213 -1154 971 -1596 -202 1058 -562 86 79 -125 -950 -1090 -994 -294 -81 -593 8 
47 224 548 -84 -445 12 -278 694 -2 335 586 1079 606 -577 -4 408 -1051 -200 260 -281 -436 -41 -1222 -1307 -744 -439 1039 165 -146 -294 556 -225 -155 72 301 138 -333 -39 -35 -1232 739 951 -1048 -227 -64 -34 -483 365 731 -1181 -221 1141 -374 -273 -56 433 -308 328 -621 251 -3 297 269 -345 2269 -465 469 73 -779 690 -66 491 -30 608 130 -371 -371 -371 -165 -329 219 720 591 731 182 30 -879 -1241 -475 558 1624 927 586 -322 233 430 -8 -296 229 471 462 1090 -953 1574 551 -232 215 643 -568 68 -878 -671 -76 966 534 398 1112 -783 100 -527 382 164 254 -351 -805 -229 91 -71 1127 -926 -353 30 743 333 162 -156 -292 884 -888 1192 -161 56 440 -771 -212 116 471 712 -567 416 -264 316 -98 402 1340 1505 366 -551 -262 -1665 164 -321 406 -13 1379 554 315 541 -855 -197 704 -92 -835 -143 750 -420 -164 266 544 117 601 -1029 -969 -1005 -45 59 57 -1658 384 -875 -613 1476 1520 -715 -656 -1871 -336 553 -47 -1233 370 -938 433 -1423 74 -64 603 -139 228 127 632 -118 -1603 220 -522 132 -105 -1222 -740 83 -316 -450 46 -1066 -849 -721 -700 1335 -913 1055 -427 -988 492 519 -739 677 -638 645 389 308 274 -694 85 -481 711 320 -697 111 -797 52 -546 -16 -317 352 35 56 121 849 -563 467 790 110 844 -358 -130 298 420 -597 -978 -908 -79 -627 313 -854 -876 321 737 45 246 -1072 174 340 541 -328 -253 -493 -196 -468 -109 33 -497 206 -179 -231 -882 189 -205 263 703 -335 
741 -728 448 -348 -657 1092 787 232 -496 -890 639 583 -716 -233 465 165 895 51 220 -882 532 -226 597 559 386 717 85 -512 -252 88 49 872 245 -758 418 -522 -581 -202 127 -541 612 644 444 -74 379 -218 163 77 -178 448 -517 1299 180 632 -883 -191 964 669 224 367 283 947 126 92 162 203 502 -145 -426 -404 -89 720 -121 209 1213 -791 -581 -432 162 -218 96 1001 -909 783 436 830 -2 955 -621 517 -391 745 -838 154 -741 -501 -542 -883 -384 -699 -546 -130 -1277 850 -608 989 -1320 476 -16 -62 789 -1025 -789 -1030 1070 -169 -27 252 -225 791 -322 -391 143 333 23 1067 687 41 117 402 1159 -677 92 1284 -779 -982 1009 -3 490 -539 167 280 53 -1587 883 254 1130 -897 -159 140 497 147 387 -1066 373 155 -536 -130 -140 -212 -676 -235 59 -17 120 981 -784 307 504 918 -71 456 395 -697 -543 -1150 -720 364 731 239 -210 -166 499 246 -43 861 632 -1280 -126 -765 -286 541 -587 229 346 -714 787 -342 169 303 -745 -56 -1481 -490 757 -192 -117 743 -1026 255 24 242 404 -1063 718 -155 840 -242 140 469 -843 -338 -22 -603 -519 602 1037 259 59 -53 -878 587 38 -439 -1013 -966 -411 -551 766 -754 -122 -49 -832 102 1113 450 -58 1382 252 1684 287 -959 -260 711 524 468 70 -518 781 499 -16 111 459 407 673 118 790 -1163 -560 -385 328 618 -786 -302 26 -148 -112 328 -559 -156 605 -496 352 170 159 -311 -232 -282 528 389 175 -290 325 7 -663 68 -469 -240 636 103 
-1218 -781 437 -798 786 143 311 728 200 -629 -184 -404 -621 -332 314 -24 -195 202 -435 -217 -215 -190 650 -398 367 295 250 934 224 498 -293 303 -355 147 254 859 -310 950 964 -1270 -1224 -375 123 -1310 -20 -801 212 394 58 1246 -754 -52 747 314 261 -515 605 233 -1481 -406 297 676 1361 1105 1288 87 -901 78 -261 1067 503 -437 32 -760 1492 -400 650 -778 204 -489 -241 577 -6 16 580 -1504 223 485 -329 1292 855 611 112 18 -17 -375 280 -238 202 -286 192 -809 1002 158 592 -1314 -992 673 872 431 128 -1188 345 337 435 610 199 -772 -150 173 397 -378 -3 -277 68 859 -873 327 -495 -369 -1060 -506 -137 204 -231 718 585 29 -8 -517 610 164 1062 563 -727 -982 502 -236 646 -270 -73 1011 834 86 -408 122 -563 327 98 100 96 1235 -364 -682 56 -666 -169 -622 572 1074 546 327 -128 294 730 729 729 469 -732 -53 -117 336 -935 145 527 153 1218 440 983 518 -86 -612 -314 -799 135 690 909 -258 -506 22 53 -301 139 -35 410 1351 -63 584 -339 -263 -284 1113 1297 -577 63 -807 -326 203 780 -319 -389 370 -525 1278 -98 51 44 92 170 247 -177 145 1202 -121 205 105 1628 89 293 -771 -26 1045 177 463 1316 -62 532 509 -878 117 -319 182 766 -156 0 718 402 -137 -553 569 -64 15 -365 876 -627 -1021 -1040 996 14 317 -610 -103 160 -208 554 -636 1238 83 155 163 -324 -295 -482 -809 -1144 -861 -382 695 608 37 1021 -115 476 -425 -690 1118 720 -52 958 782 
-749 86 -742 -820 37 -46 -572 -280 -628 -813 539 -25 -281 -837 -284 -35 -1697 475 -815 1186 -232 -92 7 228 -252 530 12 23 -405 287 762 -836 -123 542 298 565 353 -113 -252 209 -333 427 304 563 479 1024 298 -890 635 653 158 -337 822 -600 -910 -740 126 -765 -285 497 -1041 642 593 -435 -396 -347 221 474 498 -871 332 -438 246 275 -595 112 678 148 324 454 -65 -757 483 227 -291 -863 254 204 487 -1222 818 -709 -1299 355 611 117 626 83 1007 396 1183 315 124 -536 -32 -1727 152 -510 -471 -102 667 -28 939 679 -393 78 97 -632 -328 -137 59 1558 219 -340 -299 86 199 666 885 -171 -977 -371 -1165 -409 39 -115 -200 1018 865 -1040 1037 -1087 295 -14 604 -625 -759 -158 964 1289 -745 106 -290 1278 -125 846 129 -774 108 -552 -927 621 287 -346 1188 44 9 -338 -393 950 346 329 94 -660 -792 -67 -605 -738 -725 626 506 -342 -684 135 -1045 392 -334 986 -9 -905 522 -1274 -50 -54 1101 791 -655 101 -78 -143 -567 -151 259 1353 190 297 4 334 258 -239 208 885 324 -267 -1402 -905 -869 581 -1466 -972 827 -626 -209 803 264 523 35 -675 -112 -94 198 325 67 275 -102 398 -898 -719 -1527 21 -508 313 33 466 945 -507 1488 -251 483 -391 -870 796 597 602 885 96 458 -190 477 -598 541 142 -23 232 801 292 599 230 -333 -428 122 -1156 -269 133 -1210 814 190 274 -532 300 -596 -440 -738 429 -531 433 105 -255 -786 -253 -1707 1283 -415 -188 375 -187 1415 673 -738 58 
-461 -585 282 -71 -576 133 -343 -1054 137 1033 -332 -168 -678 211 495 646 619 755 -1556 71 -1027 -59 -488 -293 183 -374 125 698 -118 401 -250 -1156 -124 -921 130 -77 -1133 317 -30 440 -579 398 1080 -997 -658 365 -161 30 1083 -806 -796 342 150 -248 -52 747 47 123 -218 -984 -213 -785 -358 -764 350 113 172 -237 1435 -444 -1545 55 -1062 151 -552 223 900 -276 -414 -135 -845 393 638 1737 -225 1275 434 -313 -932 -207 624 -491 771 -991 625 -125 1045 1321 10 442 -1577 -525 -770 521 213 339 63 307 -632 -244 919 189 -972 641 208 -519 941 -275 1447 309 -707 664 283 649 832 797 486 -361 548 -780 122 892 139 400 -209 75 586 678 3 696 358 -1003 -426 -8 544 -62 -72 220 -119 27 -345 -695 281 837 1484 509 272 -1127 39 -40 1269 -163 -84 606 1189 -266 -1281 169 1221 103 289 111 -107 -640 176 399 -750 383 522 -346 -862 468 143 -275 -469 674 130 -304 -426 -654 305 858 -91 -1108 -569 -653 -11 -60 -192 -209 -253 573 9 1135 192 493 469 819 575 172 -768 -230 -782 -585 354 -1085 -106 111 -183 225 -936 436 568 -114 -631 -657 234 40 -61 522 -25 614 601 -156 1112 -754 -784 237 161 544 -996 -296 -109 -256 -650 -433 -1583 -986 534 -812 -245 -596 814 886 1407 405 -535 -817 678 -221 -1144 173 168 -914 -150 197 870 139 -255 642 -392 193 143 -192 -557 -934 289 -952 -802 761 -651 -997 -321 309 -938 -475 23 -28 443 -310 -1120 573 5 -842 -44 -33 -1010 712 193 -224 
-1101 51 -65 -344 235 -1057 -260 59 -96 58 728 302 595 107 -631 -65 128 316 210 -127 -28 -866 539 -70 226 794 -1086 -802 493 355 365 128 -131 -1101 -185 -689 -493 -459 301 682 -920 -751 365 472 64 -335 284 -846 -460 579 -8 693 611 344 -541 751 -410 -741 -84 -243 -723 -126 -641 -576 -799 -676 212 1317 528 -167 470 1081 -46 605 213 260 -599 -203 -170 -557 -148 -300 246 -280 409 273 228 314 -345 -21 586 -171 628 -292 -368 -376 614 -25 -718 395 -596 -1035 717 -575 -609 98 -125 -75 -270 -551 415 -264 -485 -312 154 -752 136 -238 1017 -1690 -572 -228 -20 1023 -334 1056 -1145 -1065 -224 339 31 370 689 -890 662 812 374 -270 343 156 188 -256 -71 415 -253 -892 496 304 -1471 -1026 -468 -866 -776 -119 1324 45 55 392 479 784 -203 -1034 852 -466 -15 -1368 321 -167 -216 -482 -218 -516 -154 274 668 165 -1030 138 -450 -21 -421 608 1128 1394 183 -351 464 77 -827 1483 -467 -1613 527 1034 -761 924 195 350 -665 4 51 -474 597 -705 -624 1361 640 -1151 -508 -317 610 -169 -8 -588 -447 -153 -1091 -580 -713 261 10 1189 362 915 -391 -375 192 444 -112 -256 638 746 -245 348 994 16 358 -342 -405 -175 -96 -819 -437 381 493 130 -712 -257 54 382 -299 1149 840 419 229 -174 -682 -294 -246 422 1237 265 -165 913 -165 -63 -479 158 -13 1571 776 308 1100 -282 80 -556 -87 -951 77 -283 234 57 -445 -133 186 -967 -166 337 -456 205 -950 439 -1098 -1106 328 363 -635 -6 -587 -272 
762 -300 119 480 555 530 224 -241 505 164 -387 -209 -473 -390 -1076 723 -130 888 820 803 -695 466 66 1207 -421 -710 637 -26 -241 282 -71 757 697 -719 355 -409 -21 -830 300 -999 71 -166 -289 558 721 18 438 -23 -995 -82 2192 -67 126 -619 787 -776 359 354 187 74 399 -176 1066 -1291 -139 -387 -575 -895 -492 -668 1041 -178 214 202 -162 -274 -692 497 1185 1112 -679 136 -1278 -268 1530 -24 -734 372 181 -794 594 -611 -421 1524 433 316 76 -583 210 -81 -385 -881 759 -500 -435 158 -4 -570 -501 955 -229 528 -1152 -487 -201 2077 -61 -462 -148 1410 532 -1357 429 1073 -452 1002 -693 885 910 668 -202 -306 376 -970 78 675 -1351 -708 715 -26 33 -116 -620 -668 414 162 6 -728 633 529 1291 -76 -292 386 -541 -154 118 1230 209 -456 -615 -299 383 473 371 -582 225 524 783 109 322 -284 489 -969 -113 -686 855 -106 314 463 -1003 -267 -579 673 -1159 -253 628 -478 -1101 -995 -321 423 -793 -777 -835 473 -488 -37 -21 -240 -276 308 768 849 -102 -995 -119 180 503 -1220 466 -45 -240 606 -167 -671 755 -441 -206 -880 16 -561 -1085 22 479 789 -999 -422 1482 385 291 -1167 -272 -446 285 -1589 1099 1008 973 -76 165 919 -267 -218 -393 1152 74 522 166 -958 -615 -194 -858 -832 676 -1075 1049 439 1308 -378 152 918 -79 808 1366 -229 -946 -169 -615 327 1056 -62 -328 515 576 -230 166 60 -1161 642 -855 652 847 818 793 1 -382 299 259 1230 93 -697 -982 764 -79 301 351 -958 -682 295 
-1542 -18 -176 631 272 -385 1173 -401 1089 -110 92 -706 -1130 -228 -208 152 -544 695 549 281 542 -207 -478 244 -72 1222 -770 97 -415 194 -1981 448 -627 413 -867 -37 186 -398 1251 447 -421 888 390 -458 -415 1139 287 -25 331 323 -1186 -240 1243 -505 364 -368 -1096 19 -100 -45 1669 -395 961 -272 -1001 229 -505 -80 -905 53 591 296 -254 306 1243 -285 -387 -1181 -331 226 843 849 196 812 121 -310 -18 686 -741 -512 1165 -182 -570 -521 676 -132 -712 681 461 -878 -432 -1065 1229 -148 634 -718 -789 4 363 469 399 -142 341 -128 269 -255 282 160 -505 222 470 -343 819 -542 76 205 -253 307 -704 275 345 -298 253 -166 427 -844 132 -700 -113 113 -384 271 323 -322 -166 -664 -700 -150 1231 284 -1263 186 -87 211 64 -465 202 -552 -381 249 554 -927 -109 93 2158 638 68 321 722 -272 1155 -161 -200 -203 836 398 206 820 668 -47 -593 347 -1106 -200 -231 359 -612 -10 354 -952 555 1258 -1015 1360 130 567 -196 296 -266 1027 178 437 -204 386 66 -392 263 531 253 524 1053 119 634 -512 963 -237 -83 381 372 -407 -772 266 16 -795 -589 648 -591 598 1002 -112 -1100 -657 126 1082 -794 1418 -184 -737 201 -678 -193 -32 -318 1235 442 862 -879 582 100 789 906 221 272 1355 -812 -810 643 -837 471 -252 257 737 1119 -304 -850 -651 154 -1385 756 304 968 -937 783 1008 414 -527 583 110 -305 -240 -854 -638 233 -1581 526 158 -323 731 712 -207 1156 -784 527 -503 153 -940 1055 -392 547 422 
-312 -564 -82 -349 443 587 629 209 192 -154 -314 107 -449 -553 -775 -203 -345 -124 1221 -386 -498 -1024 300 -810 -741 30 -1106 -881 201 -299 -934 246 -732 647 112 -718 -369 -980 252 368 438 77 353 12 571 50 -852 -1604 -734 -603 713 -745 -34 -501 -96 103 32 -488 -335 950 43 -863 -754 -1188 973 186 -652 -126 444 787 301 57 -241 928 1136 -3 -353 -415 417 -55 -322 -160 -1117 283 74 123 337 -110 -532 951 347 -728 -175 -936 -908 48 218 -1585 -301 482 387 -167 -498 631 129 445 623 26 -190 -182 -275 -156 -23 -837 -827 421 -499 -219 -422 45 604 -1186 1124 503 711 -1453 -188 271 -264 535 -1024 272 -301 -1360 -241 839 -459 591 395 265 -1 -386 -376 -1961 -721 991 359 1144 272 -1011 -428 -159 108 -164 1307 146 304 582 428 -413 971 -29 140 979 420 -132 593 -62 -276 1248 -216 -220 -854 -422 -568 -797 736 -95 170 799 -73 -823 -265 880 957 -249 198 295 -637 -1121 -1679 431 494 752 -839 -304 -607 21 -122 163 -235 396 -268 -726 -479 -642 -659 -129 -88 772 -462 -756 -533 243 -679 -134 487 200 -627 1396 671 -96 -486 -677 -829 -1093 388 187 -413 -403 214 -638 -165 293 -563 153 380 874 353 936 1170 -325 156 425 734 1934 -283 -106 618 -346 331 400 -497 207 171 -78 -34 535 -19 771 639 234 -216 -148 -93 257 779 1195 -475 -614 -259 -745 1196 -472 -85 -87 798 -772 -734 300 251 -121 440 -705 -535 -471 572 344 1453 -917 -218 319 825 354 727 652 -1740 -1193 316 -1092 
-535 1224 -707 -223 224 816 943 -1464 447 74 -23 -874 938 965 811 484 953 317 -433 356 -29 98 -234 285 -774 -1029 345 -324 597 141 -719 462 -27 431 -891 -1372 279 1441 -274 -624 -539 642 -10 1305 227 91 210 40 -806 144 154 247 868 -432 -17 -263 738 214 -599 -603 31 -1660 718 1829 -629 306 990 430 -199 491 -240 -709 597 896 928 917 53 -160 359 -742 -105 -214 -731 -874 -629 -1621 -548 295 124 268 -1135 1101 439 444 -1168 439 -188 480 -302 536 -110 145 622 1872 253 -166 355 1003 -593 -285 2 -116 334 -81 -335 1164 447 967 326 -42 625 82 -1328 -147 525 -1123 217 -300 -290 498 -381 71 245 404 619 -938 -645 1198 -670 1107 -608 1046 90 232 -445 -1345 -542 -727 944 1316 400 -1086 244 605 250 177 600 1003 -86 1340 -563 1033 -411 377 -461 1139 102 -539 469 805 1335 -6 522 1174 -640 -229 141 1268 529 398 57 767 -1238 266 -495 22 -170 -409 -22 -982 481 -200 -1475 744 -314 -954 -621 -151 -1218 -253 -89 175 -398 -899 934 -413 -436 -1700 -1264 -31 586 199 517 -555 185 -304 -755 11 1212 621 -128 -70 317 934 14 -623 713 957 555 580 808 434 -243 -602 -412 197 50 -266 1171 -1013 134 125 -712 -1 348 438 -211 -200 -940 -26 -24 77 -1548 -140 216 331 -392 -644 -195 133 -772 308 1135 1235 -371 1530 477 -778 52 819 440 387 265 855 -250 -1117 -687 374 463 -568 -1385 -456 512 1163 79 1466 -738 135 -495 115 577 1171 214 -711 83 -762 332 937 96 1268 
26 -923 611 1218 665 -416 1319 303 254 -1597 1325 414 60 453 834 1007 993 254 715 118 -179 1546 427 13 146 -356 540 196 -166 379 -73 -786 399 19 -213 -596 535 -571 -884 -74 -1245 -44 383 1224 -116 -595 -29 -880 1144 -2149 402 751 -998 -295 315 -714 -886 -164 -256 -224 231 -40 489 -1248 613 -106 148 529 -188 -789 322 -202 611 435 418 237 421 -1017 302 -244 677 190 -107 -107 182 -1030 31 1064 -763 369 -1081 301 -952 999 -1311 412 -913 1146 430 537 -1386 1432 138 -268 239 -715 356 -918 -189 1686 1378 -745 -595 -1505 -43 -273 346 165 609 -250 -6 198 -580 179 -455 1158 -254 294 -1033 -547 29 -384 -1259 78 79 -443 189 -1152 736 -110 200 941 -845 134 -627 907 -1205 46 723 674 888 -668 -835 71 -124 -995 -349 -307 950 688 37 1180 127 -221 336 -182 -711 209 -604 -860 -581 1198 364 -633 -723 -205 -364 129 330 -46 -601 1019 224 8 -598 161 -128 630 9 -538 1221 101 -241 -383 423 873 883 -2219 861 1096 -34 -362 -971 819 -1209 -448 -126 -89 103 1151 -155 204 431 -109 1006 893 1107 337 -300 -658 -502 611 -265 182 74 -16 -318 -436 1140 -242 -1028 -1177 358 -1344 -544 866 -462 150 -245 1363 -288 -378 -358 -738 151 574 -484 701 425 -116 462 104 -374 -51 -864 -400 331 -524 598 868 202 271 -36 -55 -78 -487 -222 178 527 807 919 93 -793 -6 -610 40 529 429 -98 -1152 -794 -518 540 592 287 -322 -343 -301 -862 826 -24 -694 433 -219 573 -268 3 -196 -34 66 
952 76 -281 -241 -884 271 502 -439 826 -564 -344 1439 -1174 952 519 -1091 -74 317 -257 -5 -258 1819 -376 35 -163 34 165 457 159 -96 293 -405 194 236 685 -643 -1106 249 110 946 -500 -526 -246 605 344 254 -51 480 -513 -591 983 756 -500 158 -672 -405 1257 -839 -606 899 -133 -491 178 764 326 621 704 -81 -370 -802 0 711 1095 255 382 -1406 796 -34 -994 -641 -60 1016 765 916 276 -1776 -436 -1739 51 1421 -459 659 -311 -121 388 -260 333 7 298 56 43 1415 -982 1097 -812 -609 576 9 -218 -329 61 -241 -924 821 35 -316 78 39 -101 -813 207 -1133 -1092 44 518 -267 59 -499 1189 546 715 -60 -510 514 830 284 103 -557 -30 -690 255 686 -501 231 -794 -377 35 648 462 409 822 -170 -132 -520 396 198 589 147 563 -395 -532 1454 946 -1977 -725 533 749 -531 313 -325 347 114 623 -1179 385 -691 540 564 488 551 33 45 1255 -726 345 -55 -664 1084 190 -38 -380 -56 -370 -387 -345 -411 367 -100 -796 -294 183 627 196 -590 -3 40 204 -593 -598 -149 -149 -157 -559 -689 399 -76 -329 804 637 155 88 -559 -867 -168 723 -685 378 750 -290 -721 -303 -228 -646 610 -663 -223 62 219 -318 309 -439 -371 423 298 -333 185 60 264 15 -942 388 1418 951 443 552 1378 271 400 -572 917 1422 272 -575 -954 98 -89 714 235 -577 -359 -257 -105 17 173 -967 645 10 -514 467 -431 405 -1639 516 -359 -232 902 -826 -1531 -1239 542 184 -197 -655 19 204 -1008 -315 398 144 1177 
632 188 396 -280 124 377 581 -969 -609 -105 134 513 -958 -272 -376 102 -801 349 712 -577 -793 -308 372 -645 24 98 -989 308 -1123 -57 121 833 -92 633 -76 253 246 673 215 -26 251 -218 348 -499 -799 -67 183 -408 733 -193 -1044 -1023 -110 -624 -470 476 419 471 -1350 157 706 -245 -704 120 467 359 -145 -589 145 538 57 -154 -1490 530 124 585 52 121 -224 304 562 -593 -213 289 -512 54 -717 -65 252 -1147 114 117 299 -144 201 800 126 295 -938 185 412 53 -239 -751 131 -943 519 141 796 70 -1254 -263 848 -61 553 -1543 684 -67 473 32 -77 1029 -573 -98 -137 343 -595 -202 -1226 557 883 172 -288 -183 134 609 630 -840 43 -44 762 10 388 500 401 63 -771 23 609 -819 -415 -646 -633 988 -616 139 146 419 300 222 -483 -217 124 102 152 -19 -283 -147 252 145 -585 1383 -932 -323 639 256 428 95 -316 -111 442 679 -976 1045 481 769 -59 186 865 -282 547 79 -895 876 -617 -294 -195 -418 982 -464 -855 -731 -55 497 -859 1700 1319 142 886 1551 443 296 -146 1272 -816 327 -691 -891 287 -153 -16 -960 -65 -587 -106 -378 824 490 301 -151 576 815 446 -204 105 522 -561 304 450 529 -350 528 -118 1149 454 -511 -232 -1219 -999 -529 66 -275 -351 -940 83 537 -51 319 1030 -67 -463 -1107 -942 -893 -571 297 -663 -120 -231 -201 22 573 139 1115 -981 -354 -536 -648 1230 180 -124 -736 247 -266 -274 17 955 -1735 42 -796 97 -170 -32 -878 -1121 -1024 -383 1251 421 -109 
366 -1641 374 -627 265 -526 2227 -438 287 364 924 -46 -182 -430 -157 -411 284 676 -732 -456 1338 -552 -646 1007 -31 568 -738 1110 -371 -351 -234 -362 -182 832 -808 -120 -170 967 -1059 -209 -460 155 940 80 -764 107 -1464 -535 622 552 -664 449 -383 -573 -51 -458 538 -340 -350 -973 -1025 -489 461 125 -226 420 -484 -486 -1142 566 -108 546 116 551 413 28 -396 -779 293 226 -520 443 -140 677 -819 -85 -936 -93 342 669 731 129 -189 -541 -788 -1123 164 78 35 865 -379 -299 -68 697 -554 506 -896 534 -858 327 885 277 -857 -289 762 -302 364 392 680 -16 34 1216 19 -814 1166 -258 577 -904 -39 97 507 356 -691 312 -440 -778 -859 -1501 503 1206 268 813 288 -621 375 396 -245 -272 -78 -91 -159 -1229 -1027 -1021 1387 -480 386 -1307 -574 -19 612 1899 471 266 643 267 -242 804 -183 -1086 -273 -881 764 -346 -97 -157 282 -437 32 -261 -608 -86 -917 -79 -314 -45 -521 -930 344 -650 473 244 -1400 548 2 -248 159 242 -153 283 -365 -296 608 547 -659 449 415 79 188 -273 -101 664 -499 -599 62 -462 228 165 -1175 -161 -915 983 -603 -561 613 -220 -658 -167 309 -1376 112 -999 732 -1089 276 -532 -384 -645 -558 -370 -565 659 -117 -790 303 -763 -613 38 -304 548 -260 325 737 550 579 1084 -134 -796 156 -875 -144 -511 234 -1764 -356 -67 -110 306 -201 403 1689 674 -1147 757 0 -141 672 30 -310 -131 1122 -605 163 484 -535 864 -255 -1033 -492 -289 117 109 200 317 -102 204 -207 -234 750 -205 
-1011 548 320 -926 -1362 -143 -274 -836 -415 508 -728 -457 739 450 327 -891 -630 -312 -385 419 51 188 -21 -475 -28 -297 -5 189 -1036 -125 708 448 -121 37 -69 115 -438 -424 591 980 594 -1448 -694 -70 30 55 1309 549 -1294 -393 -238 13 -47 -56 -400 387 756 -117 361 -1588 109 -772 -276 -437 -1037 1150 -140 -75 -279 -534 -626 -104 66 1315 988 -61 811 -1062 -343 31 5 -616 500 645 -415 -332 1082 -995 360 -595 268 -617 -254 415 115 -1232 -73 736 1290 1220 -96 -592 -294 -214 -782 84 148 -625 -28 -814 -1567 -411 -148 -366 -205 -781 18 386 127 -1026 442 227 -540 -6 316 -103 -40 -597 -600 61 637 212 181 344 297 55 460 240 997 -580 201 1036 -231 312 -205 -160 253 519 683 575 378 49 119 210 465 -1001 -596 432 995 841 256 -477 -150 282 153 -402 15 395 -584 -61 -979 -359 -497 -294 -86 -1189 1462 -506 -430 556 -1091 498 -5 -809 1449 180 -325 214 445 542 74 702 89 -900 -454 442 -340 945 538 849 319 94 124 -375 -2002 1673 195 108 170 -623 -355 949 -512 816 384 -36 -277 -695 1459 376 194 132 -734 405 -16 158 -66 559 407 -429 32 790 141 -326 740 -905 193 870 -143 -198 -793 227 -702 768 303 499 290 -790 375 359 384 463 -630 340 -504 -481 -1692 120 863 -31 -266 -312 -488 -327 845 -1746 246 1188 1457 570 -795 1219 -648 1497 1108 -714 932 53 -212 -613 -400 -542 -834 -1177 722 -261 250 -167 49 -534 873 843 1217 -1186 -911 -171 210 412 3 -512 
721 535 58 931 272 813 143 -91 31 -252 -219 -255 -142 -629 -613 157 437 -495 627 -155 -12 -497 189 347 -655 -872 -401 -896 597 -1199 438 -488 46 504 -1257 -369 -16 339 -1371 -357 -686 275 -22 -85 -162 902 14 -222 -700 519 118 475 -190 -857 21 1068 4 -1542 -466 132 254 -525 853 1397 -333 -410 81 602 180 -70 706 -100 765 340 197 -805 64 244 -925 -93 -102 -845 -36 634 -529 317 -370 1003 -173 -513 -1292 -332 -861 197 -444 502 -137 -110 -322 54 -587 67 389 -661 -660 372 1243 -366 -1159 312 163 -794 528 -309 1420 784 454 -194 -614 355 -183 -609 742 -404 -156 42 -429 840 -201 125 -683 -566 -332 -519 -1002 1221 577 663 -213 769 578 -865 1403 -444 56 624 -241 -19 -277 761 -559 -785 1023 1339 710 267 891 449 -689 59 805 -63 -686 1214 -441 935 -150 -254 68 -482 -171 737 833 533 -1162 545 237 -1148 208 1176 319 400 -344 -257 -389 1127 -373 -453 157 -664 -134 -358 -305 143 -748 535 580 498 -220 -588 265 -1709 508 1127 -192 -530 92 592 75 -1188 -166 -1133 -656 -333 -941 -1161 802 149 -1387 1138 -591 -238 1267 376 73 99 875 0 844 4 847 -263 90 481 -690 138 432 376 -232 -320 530 -228 191 443 -759 -282 552 -751 -1053 -144 -60 809 358 -766 335 159 -336 458 128 -623 568 1402 -439 863 -172 -318 -116 1096 -578 457 -427 -869 -182 -831 660 -759 -888 -318 -355 -101 -785 -413 715 733 -414 -950 -477 4 125 349 -338 526 -424 1312 -1070 -197 1834 -477 -24 -134 
-36 -355 -204 -525 149 -869 861 -504 1325 -952 254 -990 62 1263 310 -18 -829 -518 -320 -780 775 -734 217 -1023 221 1132 -985 -385 -297 -216 1016 356 -831 -294 -58 -363 1345 -161 266 -341 622 -244 -931 748 209 -781 -153 897 -910 -120 -122 799 -495 -690 108 -286 -920 267 123 -507 370 1121 -153 -379 -330 -69 1331 -667 265 141 1070 266 204 141 -441 -503 204 1088 -317 -106 613 -356 -972 -100 -768 403 490 334 -37 -327 -768 -241 731 -1485 -311 71 -60 -977 -1466 957 96 -550 -83 624 876 20 -450 212 116 -179 -1383 -377 433 -908 1166 -1061 992 783 8 197 1019 769 -1795 507 -1092 -921 -155 -134 563 -894 320 103 148 -657 -96 70 1317 -630 472 233 449 28 -245 -299 71 -868 -669 -646 -268 757 -382 -673 -13 -493 -282 -61 361 -701 1131 -722 592 -1212 1311 296 203 -300 272 -369 592 -280 -427 -189 -1602 456 632 -400 -1158 -94 -863 -677 969 1118 570 -954 40 -149 -625 -213 -673 -1346 804 50 902 -12 41 -963 558 255 300 39 95 685 -105 -162 923 62 -198 493 -282 -1107 806 654 -442 235 36 349 -173 859 -922 883 -630 580 314 170 338 523 -337 1144 -234 -865 405 1296 487 -386 -272 -524 -219 -1126 871 -228 -1227 -944 -411 -1087 -35 67 -21 561 148 660 -349 -62 166 -69 -546 -494 -1204 852 -402 -137 -160 -409 173 15 -615 646 -55 -182 1099 591 -21 -164 366 -521 352 607 -1132 1591 -89 -942 -1024 73 1065 -676 -328 -51 -207 -433 0 120 -1016 -313 -755 148 282 -856 671 -363 476 -100 
434 762 -569 473 -6 565 -1755 -361 312 -98 -555 1300 -730 -298 -590 216 -312 -625 -390 172 -1232 295 460 1222 466 867 1186 310 -483 -1402 165 -419 29 -313 79 -95 544 -277 544 355 -357 -539 -905 404 -1647 955 -1007 -324 855 -6 36 605 -285 444 -321 833 -903 373 84 -383 -337 -431 -366 -820 573 -392 -365 307 -65 -369 -1310 -395 896 -1368 -234 -503 -417 2 -23 192 -282 -455 -458 863 1590 316 -785 -172 213 -563 249 -25 263 -495 496 418 -234 -221 -271 -727 -739 354 -576 101 958 1135 103 990 160 30 86 1769 1233 1044 198 76 -533 342 -237 -300 560 576 982 -202 669 485 45 -70 607 369 21 379 -420 496 602 -1095 303 411 487 -813 152 -631 -504 -95 364 687 -322 13 -765 1288 714 453 485 4 -474 -263 115 219 -575 674 426 -584 -249 -247 164 -545 -984 388 -90 235 272 -37 202 -1105 100 -676 -726 -1055 434 514 808 -503 1037 37 685 -687 215 -355 181 1595 110 -728 426 -214 -940 471 565 -730 225 907 495 1046 -1636 -265 -134 300 -825 824 -353 148 -539 1678 919 367 220 187 578 187 24 -277 -410 -536 112 -303 9 -827 -688 -677 -68 -674 -144 57 653 -302 -149 534 298 -948 -868 -298 -562 150 454 1249 -490 -448 -940 -247 644 25 676 -57 319 -267 280 -1750 -1089 170 -435 -186 -279 503 327 796 -188 -285 260 557 -548 -453 671 -122 -840 -503 353 76 -156 580 -335 1195 390 668 323 64 394 -37 348 -345 1325 -9 -779 -286 102 188 -229 -22 876 76 15 137 
942 -265 1267 1570 -833 764 -1118 388 -303 53 190 690 -475 596 1695 562 123 323 1058 -744 -599 -87 -395 1031 -980 -885 867 -554 1163 -214 644 -133 -194 1480 338 -924 163 -264 -874 -104 496 986 113 743 514 -1232 178 -484 606 -1011 -375 157 861 -306 7 191 138 -300 299 -682 40 -224 710 -142 -907 -3 -840 -1194 461 350 -704 -825 -494 -271 -506 -164 -724 398 718 899 660 -453 211 -166 -277 -481 101 -148 367 23 -673 357 770 -95 902 -797 507 766 204 -768 -355 2112 470 457 -439 -165 420 -663 729 211 -351 200 -401 457 -253 -466 -512 137 75 -528 40 -214 -596 -37 988 460 80 -856 626 -264 -573 -430 320 586 285 -730 -130 282 -104 -715 -270 398 -23 412 250 -227 -366 96 -169 730 470 222 -565 326 -519 409 166 550 -521 152 43 395 -773 -1432 520 -63 -306 371 434 65 389 -637 7 773 399 83 816 145 -173 194 -880 969 -39 -176 265 845 -334 -4 -47 97 792 733 -107 -129 -491 -779 -91 -5 975 1675 233 -508 845 -9 -843 1022 -384 -532 528 -15 -697 685 270 -410 -447 457 913 -126 85 81 1314 182 -202 -799 -394 -1342 -361 -684 1128 81 -126 -46 -300 476 64 1682 94 840 -759 32 -1478 -1332 739 365 -529 83 -511 166 378 -517 -883 247 -1195 -382 -757 -440 269 537 481 1264 -299 -848 304 -651 283 -113 710 -196 302 617 -420 -1009 -150 396 -504 460 -261 444 780 -336 184 -366 -19 386 825 -1005 401 -1207 71 369 450 -219 -120 -517 -175 -969 -731 213 306 -185 
-614 -714 -605 -1029 711 248 618 1243 350 244 -498 -656 -1236 -433 -382 100 52 -157 -585 707 -976 -439 -1214 -370 695 -163 1321 1352 503 30 96 443 -440 -1042 172 1148 505 -219 161 -278 260 -771 1004 -236 -359 469 999 -105 1545 239 -196 -177 -585 64 208 -228 544 41 1668 803 60 1584 -668 -623 123 68 -1388 -924 -162 1090 487 332 -1010 -785 207 -542 -213 560 -200 -343 -328 -317 691 568 -910 39 17 -951 -1061 267 1754 -641 -215 -214 -256 -326 -839 -351 326 371 1063 -341 82 -640 -906 -376 688 158 -747 110 -1022 496 -957 -1207 -742 -1437 508 -767 -628 702 -8 -312 154 -566 -500 -872 188 689 246 -996 -12 347 274 -144 -1429 -62 477 -494 3 18 202 -1188 222 -483 -436 -4 1155 151 -240 -413 -1611 51 -790 -61 374 -831 -1240 504 -120 314 477 1401 531 799 319 -148 1670 631 45 1333 -172 191 -356 342 -389 341 493 -279 -701 -487 1177 -1110 36 -652 405 -435 511 -624 0 -56 231 -720 1515 -145 -1172 69 503 366 966 211 -1127 -6 175 -498 1200 842 -193 1082 722 -229 -269 -1265 513 1307 -89 361 825 -699 244 -917 1001 1088 786 856 339 33 108 426 -535 -146 146 10 -762 -268 -87 -1467 563 -521 -1199 632 -123 859 923 -177 16 485 -755 1096 -245 125 -819 -504 -142 1408 -295 -54 -114 177 -876 -1411 387 752 -584 -989 438 -643 141 -30 713 -1168 55 155 569 -521 451 541 989 -411 -1007 -339 -251 263 1388 -403 -919 620 898 -362 859 346 -418 572 -397 -211 83 -70 1085 -888 -838 -440 
-118 -245 -863 -630 1183 305 -1049 -519 216 687 -434 367 -991 39 198 -587 3 -656 110 -1157 -35 -191 -1066 779 -344 -316 402 857 -962 95 -217 207 751 633 737 -328 624 88 -493 379 1334 351 654 -904 -191 559 -235 -56 17 -431 -417 872 -538 386 816 -125 -1532 -291 -922 -586 -448 -549 797 -464 -526 -341 -592 -445 1129 195 -244 301 -34 2 -499 320 796 -1057 -342 -385 -316 607 555 1371 -210 306 -71 -821 -485 589 -147 -479 544 -446 -500 95 -142 431 289 207 599 117 -71 -399 372 -23 407 -167 519 163 -620 -487 924 617 -439 9 -224 688 -63 97 -595 -96 -287 102 -317 -827 -377 796 -117 283 623 468 1230 -134 -1368 -1381 932 118 232 389 429 380 -1149 -143 -229 -508 1354 1629 -491 -327 471 -737 -55 -233 -67 -933 -583 119 -349 1319 378 -524 306 -388 332 481 -428 -525 -502 -456 -194 -711 -873 659 -158 -611 594 301 203 703 -31 1235 -426 680 -117 939 -673 356 22 -7 1002 837 135 865 -548 751 -162 -433 853 -30 48 -291 -537 -487 -1135 -645 -537 -203 -143 17 324 -115 -64 -758 844 739 867 -78 1008 -409 -624 -699 -274 377 356 -400 467 -178 474 -403 290 -1276 333 -976 519 1334 -593 -374 766 -427 670 -289 726 651 1156 -307 -899 1496 354 -76 909 -504 -60 265 549 14 -1005 203 -444 -76 -1635 984 -1208 224 -150 -650 -660 566 1459 41 -155 493 369 1216 35 1102 75 -613 177 1357 221 -225 47 -227 -13 974 554 698 1268 95 951 -11 866 88 436 -380 -907 161 -857 -37 
-109 -1211 34 -388 154 -532 1384 -458 582 -886 -595 -197 -84 -1313 106 367 -325 611 -1101 -318 287 -28 1159 -574 -701 201 -68 -201 -495 480 -1382 140 -1 398 130 884 -503 224 -258 481 -283 174 -161 212 -750 -1004 -360 771 107 -989 1302 -14 -1156 527 -404 -255 584 -605 -840 -161 -216 -481 -519 -238 247 -1460 -935 716 -1051 -498 618 160 58 460 43 595 -311 -40 -634 -349 737 -1062 30 446 29 13 -341 -6 -259 15 225 -272 7 -545 -473 270 1362 -177 -1394 -769 478 -223 -1196 -432 -54 864 854 -42 811 -202 -1138 -753 -1035 -202 1108 -378 -548 881 -541 -309 662 -801 637 -634 409 231 -95 78 -288 -84 111 -569 453 241 516 743 153 -523 147 -291 44 -627 -468 400 265 -939 1540 -102 -219 319 39 -861 -360 1031 105 -978 293 657 906 -700 546 45 -1177 252 41 -979 234 -650 717 -397 1782 139 -181 735 497 -360 352 -23 -325 -286 -1038 -403 -70 34 72 834 -536 -399 -728 -306 -256 -219 -1510 -182 -417 85 238 354 -256 401 -322 -517 110 -677 815 913 456 -44 -297 277 363 290 162 1064 -57 600 -73 96 -154 666 -601 443 963 -99 -162 400 149 -293 -417 945 -311 53 1 689 165 395 -352 70 429 -669 22 483 -616 1507 901 229 -1320 -110 722 -1121 602 -212 -546 -1036 -716 -59 -78 1102 -470 553 1275 -1092 -505 1036 120 -259 37 -611 -537 596 -1036 568 160 268 233 -999 -80 -333 145 -297 79 -620 -482 123 655 171 -839 213 -1133 -849 343 -382 153 728 -1328 -282 -420 -679 -182 -178 
991 223 514 1567 -1099 -323 851 -739 497 -223 -639 -531 748 -815 -10 1029 106 -106 -80 390 185 -210 -588 -320 471 -461 855 526 -145 699 180 265 -1431 -927 73 -243 -76 914 971 -98 -1130 -668 495 481 325 -59 537 -89 939 -671 186 -365 -880 -233 -62 646 -285 401 -74 865 241 1076 -262 -677 245 -388 81 -802 354 -155 -832 424 -422 -67 13 -770 -479 810 498 32 1105 -94 -807 318 -800 487 834 -201 -476 208 1151 582 -115 -75 -1262 524 -495 646 708 -278 215 354 274 -74 532 -557 -336 385 -168 146 237 49 -1431 -284 90 -693 -229 -300 -616 -719 38 371 517 744 47 -344 427 52 111 -181 336 -53 23 -186 -874 446 -911 -591 -757 -181 -208 -294 -389 116 388 75 466 471 769 959 -89 171 -280 -161 655 -1157 228 -402 -305 -749 22 144 -812 -512 -1401 483 577 556 145 -640 -91 738 1257 350 -201 -102 1236 1034 -761 -844 -392 -159 -51 -1132 -926 44 -272 1019 250 -58 -349 344 663 -506 -487 654 540 -29 -61 211 -738 -289 -814 348 -580 322 1344 392 -265 -211 623 -36 1124 134 -284 -128 -1015 629 469 -203 -140 -498 -612 -517 655 1334 381 -656 162 -869 -439 -240 97 19 -543 -1312 -576 1025 387 -545 -214 1311 173 474 -615 670 -899 241 842 534 -1108 -1502 -471 -210 -517 -151 1159 164 -61 -749 287 -770 243 -591 -476 1038 204 -740 -743 -823 798 953 -1126 -208 281 -13 118 -1504 276 84 1098 786 57 1091 -63 -903 816 -676 793 1213 1231 25 -870 1206 -1355 69 1488 82 -503 -411 
-481 -94 -620 77 523 -62 136 1434 1073 1356 -434 450 -1001 -523 0 -166 1521 895 -1353 242 783 -806 -211 -514 -897 731 -576 -839 140 321 376 -260 -430 -197 308 -624 -679 -888 102 -493 -33 -862 -551 -1276 232 359 -95 -1249 402 -179 630 -468 1907 220 364 -362 -162 473 644 -599 -541 -704 -814 1137 749 655 -181 -1350 -537 -137 517 -324 -219 169 -726 -466 281 16 -85 -875 -820 -2 431 -1042 -186 364 -400 -365 62 487 -462 204 1891 -618 951 -169 1171 186 173 -568 50 -259 -390 -393 -423 1237 -1315 -257 -24 110 -616 -331 544 1250 -212 506 -892 -380 106 -419 -1238 -559 -594 -830 -461 167 997 286 1416 -475 740 -221 -253 -711 -1134 -1039 -89 -139 -110 648 -372 -326 79 -810 -752 -369 199 591 645 -868 595 -493 914 -65 -476 -535 -29 -680 583 -1009 533 -365 183 -620 -82 -150 193 -621 1630 28 430 -513 1378 464 543 156 -581 -312 276 0 -495 113 165 -110 -130 -334 -919 -218 -723 -433 -1675 -586 -92 524 -58 -307 -356 279 -394 1122 43 -351 1495 -1362 337 -380 874 66 287 407 -715 -687 117 -204 1044 800 518 933 -869 -65 -893 205 89 -1583 -1163 663 632 -825 -464 497 -840 -637 -1306 476 12 -342 511 -1693 -580 -851 -368 68 871 258 435 285 -2237 243 220 156 -343 -80 303 1441 1388 -350 162 906 -809 431 680 -490 -123 -577 -974 673 -702 217 61 771 -868 -538 487 -858 -116 -55 417 -107 54 -494 695 796 96 -76 -679 4 -320 1018 494 -812 639 -235 -77 117 -360 -444 -397 893 875 256 
-60 -660 1275 -650 349 -859 -548 -481 -1038 917 -5 -1362 664 -650 827 1073 1291 -1152 -663 -676 -421 -475 -243 228 -118 309 -863 252 -453 -766 -1341 211 -208 298 -136 739 -1394 725 837 -76 -371 9 -792 222 -1600 374 -54 539 -954 486 -321 -8 -216 -263 -443 -353 320 798 779 500 111 873 -1071 -1892 205 -343 768 535 -16 -529 -669 451 -241 -462 -787 1135 -780 -48 1326 -121 1141 -52 -74 658 -41 191 -257 -300 1607 648 319 -153 217 436 -327 128 1 -135 227 -871 -506 914 -378 424 67 536 -588 -445 465 -141 704 -929 -93 120 -1117 540 1489 245 -20 -76 625 -1407 302 426 1216 -192 426 89 391 1056 574 -96 758 90 201 1377 226 -326 9 -23 -366 -160 -1373 24 68 365 107 -746 -155 -125 4 21 -939 145 334 1684 480 -50 492 -105 -350 -64 464 443 -502 -292 -684 179 185 -974 62 653 -64 -759 270 16 823 179 -571 -28 1052 67 790 756 89 -281 22 -266 -354 605 -741 517 894 -484 414 -504 -702 601 -453 671 138 985 -1849 742 425 -109 13 -56 -100 320 -968 1050 -673 119 293 -288 -608 -1089 -569 1559 -105 -656 144 877 -765 -119 -1298 436 205 1086 -100 183 493 -388 -282 1386 -482 -75 696 -663 -284 -78 -836 -406 -602 797 -957 66 996 -718 -479 293 -624 -576 621 -485 334 -535 672 163 568 170 929 379 470 691 239 322 -273 542 323 160 218 534 572 -1297 -730 -441 -529 848 17 -520 -561 -93 -342 731 -468 662 194 675 -21 -460 461 62 -779 -681 -1014 -17 -412 441 
369 -751 -458 365 -219 986 162 32 398 865 -147 709 1322 167 -410 -264 -768 109 1376 1071 1598 -403 1151 -650 -320 1031 159 -111 -485 1007 639 -92 -207 -308 182 -119 -456 374 -329 -314 546 -746 834 -892 857 277 34 -890 732 460 698 -370 -54 99 1075 382 59 1138 39 -588 -479 -968 -80 550 1247 -549 598 760 -247 -392 18 135 496 36 -826 -94 436 929 280 112 -329 142 389 55 522 747 74 -183 240 496 256 326 577 -408 776 147 505 22 71 -168 -731 -7 916 -375 -164 198 -731 613 -572 -193 276 -176 -829 551 -8 608 -735 -255 -641 -619 1077 1022 987 389 -784 -844 355 -197 33 -330 -25 -599 -1420 780 134 -1103 -1185 -315 30 31 652 518 201 -605 -1409 -134 766 131 -758 166 561 701 752 -696 -840 770 163 -379 -270 -1328 233 -78 -614 -953 187 -482 879 697 537 17 660 872 -126 132 133 -156 194 101 1022 296 -642 -1518 -163 -589 966 202 685 936 -252 -424 69 -813 -430 206 -443 410 -550 -60 769 -59 -798 -802 1526 132 -227 -247 -403 656 369 331 902 -249 1079 425 -202 -35 -243 736 -906 -419 -576 542 -72 -285 -736 -61 -1732 365 299 -449 -28 -886 116 775 -227 -494 -35 170 -176 -658 -157 -609 -694 -1140 214 725 -729 -347 -177 -592 833 -833 -318 131 -188 -1098 -41 248 778 -927 1652 126 942 -382 -615 14 -93 -740 -1917 -440 249 75 -185 -532 810 133 -52 601 985 -1295 155 1009 -121 544 432 489 418 626 122 186 -925 -617 607 -660 -999 159 -1686 -404 -380 70 
689 527 19 -37 496 417 502 -496 985 600 -182 -100 -819 -576 779 43 -1692 -265 -352 -785 -223 -1174 -796 -956 -1359 227 132 -1101 303 983 582 595 -98 -604 896 1062 -116 -149 -408 -640 70 531 660 320 614 432 -545 763 568 -242 -381 -366 138 326 1212 -121 -484 368 231 360 1153 241 -963 255 723 -67 505 -836 -826 542 1299 -1100 288 -320 313 501 818 787 345 -579 544 353 -518 422 57 -352 219 134 344 216 700 -1012 -164 -265 930 331 -137 462 1149 -267 1073 -255 -372 649 894 -392 -161 658 371 -417 789 -122 -1445 -707 -146 257 -130 550 161 208 -765 -453 -1087 1840 563 -1 -43 219 1106 19 451 268 706 -2346 -391 1487 -349 477 -299 658 -85 765 1344 -1064 630 406 -245 40 408 334 -106 -335 130 -524 -586 603 -110 -819 -900 -105 -631 -353 -471 -1273 -252 552 -280 357 -331 -1137 385 546 24 1256 873 70 646 -860 -576 27 704 272 1043 -35 261 803 142 382 159 -692 -203 -1345 89 -794 194 552 541 487 -451 972 35 29 732 -145 541 -570 -220 -1103 279 -650 -259 -120 338 796 -897 -173 -543 -405 -769 -77 -669 -648 478 35 -47 735 1187 -495 362 -1365 1043 -194 -305 191 -573 -105 -728 501 -91 772 -488 -305 934 -532 -490 -259 -135 -93 1471 -184 -656 -277 716 -709 882 -517 -494 163 427 -1154 -524 -395 -1097 644 -1304 0 -509 273 -378 449 -414 -12 -901 -125 448 46 83 983 63 -70 698 1514 -731 -762 -941 -1302 -601 -256 1095 -1204 -145 696 891 -418 56 426 -60 -434 39 -812 
-199 -271 -790 -934 36 -543 -248 -4 114 475 -723 -543 382 -126 -927 -531 -2 -572 128 149 523 -69 357 -1231 206 941 -1214 412 194 -75 695 -546 526 -601 -726 -254 -503 -721 481 -180 -373 -709 104 -517 -213 102 -413 352 -661 514 -25 -322 306 -1006 -904 -694 -794 -605 -373 643 123 1501 -89 -573 437 474 500 -723 1416 871 139 206 -577 -23 312 -1635 -92 25 -161 528 -69 -287 324 660 822 571 878 -291 -131 333 4 -546 -612 -144 222 -226 1087 -306 -1938 638 263 -606 -568 -635 -301 394 1185 -811 -159 158 -184 703 -226 1196 -2 -297 -571 145 -339 942 -324 478 636 -774 -523 -540 18 -296 -42 -356 -62 1007 1089 614 418 -19 798 728 -70 136 -988 -215 -202 427 704 -349 1027 -98 -384 259 472 583 -640 96 95 547 884 745 205 152 -139 -1028 -274 -544 -490 -658 -1022 -1188 1 772 61 -282 507 -866 225 -7 394 388 -680 -932 673 -807 -1358 317 636 391 -1069 253 -106 55 823 -650 785 1524 505 -757 -50 1334 -554 58 1136 354 199 -436 -877 -1482 101 728 362 -332 1116 -17 -657 -143 33 -142 -414 -2140 23 -419 -395 -598 -535 -443 -906 1411 -310 -421 -621 45 570 187 -550 528 -610 1184 521 -724 1446 192 -1870 877 -124 -1038 -490 245 1142 482 -206 224 554 -673 -272 43 918 -265 -541 138 -762 -484 -1008 2026 838 374 -591 255 773 417 717 1033 -828 -746 785 1629 123 277 -1407 46 120 786 -162 -492 -449 244 188 -948 -387 -473 -535 -993 -130 -150 970 -194 617 -123 -589 -114 -1139 -1284 
-373 794 -604 -256 -817 709 100 -749 205 -288 -461 435 -452 298 -717 -6 32 316 -187 -1014 679 324 534 1060 313 -391 -41 -571 -222 -560 -580 184 640 -648 -14 -542 784 115 450 -419 -333 -644 -434 -170 -354 815 96 -838 514 785 -535 -300 124 327 -525 1121 306 -331 1205 893 -311 945 -245 -301 -651 368 19 236 -278 157 -629 365 407 -1699 -1330 -309 112 -379 -570 -570 -1128 -1956 35 -7 -377 132 395 162 -832 -453 420 -86 -35 319 -1237 183 630 1210 -158 648 336 -968 -163 -789 -198 -157 -390 133 248 -230 -371 2397 -166 1392 -878 -678 32 -456 -335 494 146 814 304 160 93 -936 645 -410 342 -69 284 -522 977 118 796 -915 337 943 -27 62 -262 -561 -239 310 48 -1068 -522 -154 -674 -573 -583 958 959 1410 326 422 915 -805 -387 739 515 -146 -107 864 211 931 -4 -373 747 101 -278 884 -139 -270 481 1212 -313 924 -617 26 530 -1014 -33 -891 -195 128 82 -647 464 184 451 -434 863 -863 -355 208 -10 1 272 -703 -1279 -712 -423 -58 809 654 -259 34 469 -256 1316 -136 533 -98 -1103 13 -1083 -1072 424 824 2252 -1030 910 -750 -565 16 847 -188 -499 243 -344 -520 362 539 244 -823 -62 -484 -535 81 -1013 -697 -3 832 -362 -827 943 943 -165 20 -1094 -642 -1009 956 -177 -339 -375 -198 -721 -135 -553 452 779 672 -781 854 43 -126 419 190 26 57 317 -34 -427 780 305 4 -899 227 -24 612 886 872 -179 113 -1406 -1367 914 735 406 154 -1730 -184 -228 -174 967 -198 488 184 
218 288 -511 336 -676 65 661 116 -826 -591 38 628 335 -12 438 -229 119 167 -615 -316 128 36 510 -318 385 -678 -194 -750 1236 182 -286 406 777 -960 -1750 217 -436 814 -415 -635 128 -1305 337 639 -590 -272 9 1191 -91 196 -1739 -430 581 343 -710 460 -179 774 907 -822 281 -7 -528 230 394 324 2420 1565 -61 -552 296 -269 856 15 -162 116 64 -485 -559 -258 -13 -724 -1327 217 248 -45 -947 -812 -440 -1094 -671 28 -53 -1142 951 -320 -194 75 -364 369 -704 -402 529 1198 417 302 -50 653 15 580 329 162 -81 -350 291 -223 1377 1094 -94 -211 -229 -194 978 -783 -650 339 625 -995 374 -268 -1189 93 416 492 606 -175 88 658 115 -444 138 -598 -296 927 -33 869 576 622 732 813 840 -879 -546 202 -707 329 -300 574 -433 -1345 -822 -431 -562 14 -1031 730 -342 719 643 -106 -209 -340 312 -296 -471 -126 -944 -443 525 225 458 -411 130 -238 1156 -607 -361 234 163 2149 -61 -609 -834 -658 -719 -588 -437 231 713 591 303 -554 -615 -534 -1437 339 346 -217 -686 76 957 303 60 405 -559 -107 -1308 847 -11 793 62 -320 -256 -323 195 595 159 -1301 0 -436 -389 -584 44 22 -646 -125 187 148 -437 -1055 -185 -162 -1081 1312 960 -456 -47 203 -24 -222 614 782 355 -1125 -820 896 536 -154 729 401 152 -122 223 1304 53 69 1061 615 -797 -244 582 418 -827 8 266 -329 -11 380 456 197 986 581 701 -929 734 804 -449 -277 -557 -1562 -1068 347 -422 109 281 -108 567 -711 -48 -1061 
490 -1039 681 667 13 -412 -393 -1014 792 1317 132 -903 -285 187 -306 -166 -473 464 -304 -399 -604 -892 -1266 -103 -106 -668 -258 563 -676 -345 -425 -1521 -176 633 75 -104 -684 -177 -788 -673 324 -184 -227 394 -654 -2 -574 -80 -539 -94 5 -1023 508 -46 1138 -284 -197 -765 -208 407 78 -1334 169 -232 21 50 217 -188 -408 -247 74 -119 -588 618 620 200 -171 197 -20 807 -45 -703 -428 467 -478 130 549 1022 -957 288 74 -1261 -310 305 953 -714 521 -140 58 783 -569 350 798 370 -43 701 -513 -251 734 -698 525 65 746 -487 313 1209 -184 540 251 480 46 -173 759 218 87 -225 237 202 928 620 -425 206 -89 -559 778 305 -899 -379 899 52 444 398 409 -1729 -881 -475 173 -390 -12 -716 738 700 609 -172 1052 232 558 408 -149 138 651 -98 64 -647 810 -193 -224 535 1087 1574 -503 575 -581 -551 79 124 -369 247 1120 879 1092 -865 481 -673 1650 995 314 -295 268 -539 1314 489 -323 -226 -316 -106 -80 77 -676 -158 424 -470 953 211 -802 204 110 287 -801 -734 553 808 -601 -137 503 476 -907 34 -654 -250 -1418 591 1371 -1268 163 -231 129 -1505 -451 191 -942 -208 824 -174 772 711 -196 -781 -336 1369 -919 101 1298 172 -714 215 -1059 -727 -1148 -308 -103 956 1102 591 841 606 -1018 -1212 -242 -342 -3 -137 6 518 260 284 -498 210 -1090 72 -741 -607 639 -20 -286 193 1552 408 320 124 -700 1108 666 443 -159 -606 965 -190 537 -512 -470 70 -336 709 -244 698 1071 -353 -765 -421 
151 -499 -354 -797 719 -509 -860 -1027 -533 -421 -771 450 228 -792 826 -463 -707 -192 336 427 454 14 -347 79 483 -836 -292 785 -357 173 -750 -232 731 -587 1029 345 -330 293 -640 398 -39 -288 -233 -664 -170 1271 -1660 -566 -824 1175 -322 -277 -895 21 857 -1342 -24 -265 -96 976 -907 1141 353 576 -625 -416 -404 -333 150 -757 585 706 117 -220 -829 -845 1244 -218 -687 -785 -865 -1364 -481 -412 -340 105 17 -115 -440 849 -398 -269 -489 -143 790 -1000 836 -516 234 -847 2 753 -448 235 -419 -9 784 791 -652 -397 -35 374 436 363 274 618 -1398 -298 -482 366 22 -2250 -1154 224 724 -303 -147 1221 -208 4 559 -362 -215 226 315 341 674 -870 -153 -437 -114 738 470 -292 316 382 -1105 329 -221 288 -329 -592 421 -89 71 479 -1208 511 319 -601 -543 -238 448 -204 237 -825 489 -1053 -147 556 730 -514 -188 151 106 375 10 961 387 222 197 -469 28 -945 660 -395 766 -853 -409 -859 723 -1281 83 -221 -420 613 548 284 -35 396 -704 133 567 78 1598 -1165 247 -379 192 -81 1157 38 -356 115 -807 -907 721 149 -233 482 -298 759 -388 549 -724 161 -869 16 -919 220 -1257 962 -419 -444 -187 -1116 1263 -628 -949 -1451 598 -859 -102 312 343 -925 113 854 76 309 900 -733 836 270 400 268 546 15 62 1205 279 1111 438 688 -145 -1017 -346 1310 -26 -285 -447 -277 -330 -14 -961 -483 -530 738 -740 74 47 -196 -17 -579 -724 -514 -49 803 -681 -821 56 365 281 -95 323 53 -517 476 469 373 
-214 263 -801 1067 671 -582 -616 70 -709 26 -299 -243 1302 370 -565 437 -43 208 -390 -1075 236 -73 -108 535 703 392 872 -420 -464 -454 292 150 -137 -963 -196 82 -966 -1012 599 -668 -109 256 164 47 -812 666 -92 841 70 -43 50 -935 1255 62 1046 825 -415 511 76 -452 -126 -238 -303 62 563 -701 450 -983 529 -882 -15 796 503 322 639 490 356 268 -268 -185 -652 488 266 -156 -176 24 -851 711 569 155 1014 -32 -196 -191 742 260 380 696 -659 253 54 -21 380 682 -43 -257 -1572 -58 -58 -1641 -780 492 920 372 397 -544 -110 -738 -454 242 -161 -656 -471 906 -251 -647 -562 679 -647 555 1050 -55 -89 -313 1456 -943 -790 38 1566 19 -778 1497 -220 -677 653 722 1278 584 149 -45 -593 -34 937 -869 863 -315 29 -262 522 424 789 529 -561 1497 -380 118 850 -421 -555 -428 591 -171 -420 99 -36 -403 1274 -764 164 48 -1057 -92 904 266 -770 -318 -364 -375 76 821 -844 491 -599 650 -145 867 776 422 -198 119 -1368 -554 -171 668 -592 119 1326 -291 -835 24 78 594 -985 -147 -251 449 -138 574 843 -174 1181 -556 -870 -89 -271 298 -181 73 528 -345 -189 -909 -479 -153 440 -453 -252 -3 -602 1561 441 243 -1326 -843 1178 660 590 -547 114 339 -775 257 -94 -37 -33 -461 -36 -743 -258 54 -319 -699 164 93 1355 761 597 427 5 -177 1041 1187 497 -921 -96 -99 654 -546 -392 337 43 535 -895 985 445 454 1289 339 260 1141 52 1053 339 -959 -422 478 26 762 550 475 
1019 -928 134 -583 -68 -1148 -130 854 -20 356 -571 533 243 -214 -704 -89 28 -502 435 137 232 912 -502 -471 1298 -57 727 -107 341 -361 -394 617 -544 -1321 -314 173 -224 791 -797 166 -1118 292 194 815 -281 -644 826 -64 -43 -878 -257 -53 406 -1435 362 763 562 786 -77 660 -924 394 -221 -10 247 654 975 -242 -746 830 601 1151 -1410 -1110 -248 1539 713 457 -414 821 -516 -1158 -352 92 -1131 773 -563 -159 722 939 113 73 367 -907 -1163 111 -181 -467 347 -165 -144 -491 606 98 -172 368 -184 1264 -896 700 -1253 434 21 -1095 -474 1216 831 -936 -5 -979 1363 317 -770 -159 -87 480 -1704 949 -379 -136 217 -1170 -1028 4 -218 -889 929 500 -265 -243 94 -778 280 -27 -685 -1353 -233 291 531 638 4 -1069 -11 900 708 50 1125 -38 -1255 406 -254 -1015 476 305 1152 -140 -211 1341 111 1027 -754 -40 -318 -381 -240 -447 -498 588 -227 -1975 -54 579 -559 -193 -1081 -665 1198 -348 -672 1264 -388 -211 1376 -734 -447 1141 743 -204 1007 -626 -1258 -44 921 1324 -182 -472 1351 -31 -150 238 -221 -213 83 1259 766 -91 994 -1049 -350 206 -1478 257 -1186 -800 410 -639 -408 197 287 -323 855 -389 66 224 -389 -1450 508 -408 455 158 -502 -110 -546 -1502 -544 562 421 -1087 -187 -316 -131 1164 -801 -994 -656 -1558 -729 1181 2288 -368 105 -444 594 -73 -176 500 -378 -170 -536 -626 -1 -480 822 2 91 -465 -302 1109 308 562 -44 352 -700 -329 673 181 13 -285 1574 1135 279 -740 -884 718 -1411 -667 871 533 886 -61 
97 423 294 -713 731 191 656 272 -404 168 453 -840 -29 20 -35 88 19 390 -343 -261 -796 -769 -34 437 -114 -188 -1136 -63 -61 -249 -631 -759 1060 -266 358 947 562 752 489 -591 798 -36 570 156 153 -507 664 -4 -1212 1095 442 1389 642 -167 -997 108 -1329 -767 -500 547 -1483 936 -834 212 389 274 428 -205 -836 735 394 -886 221 -55 462 367 -1727 -631 1151 585 103 402 188 1426 43 253 344 -447 408 -395 135 -1294 74 411 618 30 202 -417 -210 -393 1352 -711 132 -192 -1343 -145 707 -50 -193 657 1009 153 -357 -339 -1191 -376 321 -591 465 -334 -1361 -537 706 -975 756 -242 176 -254 251 -819 -313 -8 -242 107 355 1235 -473 -351 817 -154 -640 116 849 95 248 -192 -481 -587 262 -437 349 -508 -654 508 376 -320 1431 -436 276 -834 -864 -356 -282 782 645 -640 -683 849 -202 678 1820 146 -291 -827 -595 -195 576 -84 285 -125 353 -678 269 -168 -185 220 -1331 -415 331 -419 -517 -1258 -324 217 289 612 -417 67 342 -419 -901 -248 -122 550 -68 -969 -919 677 -661 -985 -566 173 -496 -256 268 -148 -226 250 -942 1055 1072 -265 -40 -536 905 688 -770 -1270 74 349 1010 494 -166 706 -345 1053 -103 -29 378 -458 -137 711 -578 -884 -248 -456 796 -285 1133 538 1264 206 1368 -801 -165 -50 -570 -230 -528 -1328 -161 473 444 134 682 80 40 750 54 354 -227 562 -913 48 851 -1046 -195 405 619 227 1424 230 -1921 -437 538 -724 456 321 -195 412 848 -396 -1008 345 -595 430 380 -415 -88 -793 
-202 -1050 -697 -10 -367 825 1211 864 -186 322 316 114 -1548 -978 -835 -737 -505 29 -758 550 610 545 -455 182 479 -188 1015 277 420 460 -1026 168 911 570 -481 -453 -774 591 -83 1 -502 395 884 -1056 124 185 85 769 78 187 355 310 -955 -235 -148 125 -85 -660 176 166 883 101 552 29 486 1033 -416 919 -619 -548 870 -258 547 1675 203 971 -1060 -43 -1632 -946 -677 -422 134 247 -366 -33 -31 -55 -209 707 -146 -429 -526 466 -16 -66 329 -916 648 -542 -247 -112 -1004 442 -322 926 382 354 812 -292 418 -554 -1122 151 1611 -606 439 712 709 -210 -501 -334 980 -1073 504 -282 1410 366 354 -473 503 -156 724 -187 440 -85 277 505 390 -260 -658 -1395 -517 1039 106 702 1316 -195 -463 219 641 -1367 -1618 46 -816 593 -47 1883 408 118 -945 608 -58 240 -440 87 143 77 210 -1847 -707 -447 -94 -1505 -532 -120 -145 882 571 -96 276 1136 147 -895 887 -287 -367 755 489 654 -85 631 -804 455 242 -470 -197 -467 277 -808 -612 -214 465 301 -893 1479 509 -1136 -461 98 -1005 -290 -618 268 -1642 -610 -310 918 -163 -146 756 -627 347 174 -7 -1014 864 -13 -771 444 -179 -216 381 -1189 243 1171 717 153 -1163 -275 450 -289 -538 -164 -593 645 1525 -291 532 -1127 1015 559 -39 -1004 1209 475 693 -1163 376 -401 259 -1418 -146 -1361 -368 -1199 -966 967 158 372 -529 -79 -346 -1116 -923 -106 -596 -137 304 -256 97 -388 -96 312 232 227 -319 -814 -1905 -559 411 95 452 -671 -416 471 -1154 -430 -516 60 
226 706 -481 -1475 334 -79 35 219 -210 -25 -157 -481 -1215 1390 -280 -719 -661 675 769 -607 320 -1097 -515 34 352 1261 692 -451 -90 -867 1154 -285 238 -182 -527 89 -493 433 603 773 -613 -1066 -390 250 220 -165 -542 512 -353 336 -95 154 362 -1009 462 -961 831 -467 -80 499 573 -500 884 723 -9 -1205 -192 -611 1206 -30 1232 222 -161 -16 432 529 134 93 -78 928 42 76 -862 -547 373 1238 -605 -472 680 -114 -252 767 6 -418 1299 479 -333 -381 -204 735 -355 58 821 862 -451 341 734 -1011 -247 267 -20 -162 1615 -225 43 549 1186 -1193 1095 442 -651 323 -508 549 -339 -664 139 774 -249 -787 161 -901 79 413 -1077 691 455 184 -29 -645 769 -306 374 -1114 -584 411 108 548 1059 54 -407 911 -454 530 229 -83 975 -616 -63 -1529 -295 -683 -595 445 -354 1016 59 337 -194 -1106 -1012 279 -749 1256 -761 -26 -1046 211 395 -162 633 63 503 -330 9 255 1298 145 1019 161 -446 442 -47 545 645 163 -1235 267 568 -185 230 710 -791 -689 -808 986 1587 -529 296 159 543 -1163 891 -1460 -140 559 890 1001 -715 -648 57 -98 113 326 996 -501 1125 986 491 -121 575 -848 799 -482 -375 761 266 24 -152 -319 590 -254 84 262 718 -63 -644 -60 1004 9 -158 244 384 -409 -110 683 268 168 329 453 -102 -1792 762 -816 -395 862 -1017 1058 -286 -1218 -380 137 473 -322 -1098 472 -141 491 71 189 334 1441 585 636 -575 944 -370 -886 533 -57 -355 866 -93 -422 390 -223 792 -68 532 0 
-377 407 424 37 120 -472 229 465 -496 476 -84 -1318 204 -1124 -593 -299 -1359 1348 -143 1129 404 -1482 730 -650 -298 -268 -917 -203 -958 99 459 348 -600 332 573 531 470 -140 294 -160 622 844 136 -734 -139 256 -118 -1049 -1184 470 -775 522 -817 -180 -427 -335 -667 -627 -343 524 -946 437 209 -340 570 -136 39 -226 -470 -205 666 -626 912 954 -52 359 -240 -876 101 517 334 286 497 -87 -211 -176 -170 -699 -660 54 -22 1207 293 715 -1151 -80 -49 -1354 -230 602 -144 538 -269 489 366 -1052 148 1143 500 223 -160 -441 -159 315 303 1255 -162 -1021 -858 664 162 383 -523 -342 231 200 194 -473 1011 -309 -1258 -180 -289 1219 495 733 779 -787 396 -28 1208 993 123 -990 226 47 275 -1053 -498 -356 77 -109 -402 -930 -611 254 1 428 899 -765 -150 399 -667 459 661 72 10 -1545 659 -426 110 -100 -536 -762 477 688 614 -757 -745 -1 -1428 473 -1073 1194 988 1035 -1474 1140 -351 -782 436 -283 -204 872 691 88 -553 601 -94 1321 -103 109 -558 391 -414 -217 -350 -302 -458 -181 109 1374 -331 1022 -687 -1009 -173 471 -82 -458 385 579 -196 636 259 -699 -222 212 109 187 -55 -391 -1267 880 1069 393 18 720 -203 222 -198 -552 -589 1624 1232 -684 1509 -531 997 290 1099 275 716 604 129 17 576 -46 1060 -442 353 166 -1103 -94 -570 -139 -793 -271 1334 167 423 277 454 987 -66 258 -571 -615 -772 422 -299 -236 894 -628 82 -1169 -247 203 -700 -1148 -122 760 437 -391 929 1098 -216 -455 -814 -533 
-1135 -159 -848 77 -25 1065 965 -385 -891 492 235 472 869 -438 -447 19 -89 351 -239 58 -338 -635 685 -103 1158 89 359 -619 913 935 420 576 -577 267 237 -398 -111 924 885 -7 41 -936 715 -534 -700 3 319 265 760 -217 -695 -769 -116 -714 -321 364 138 172 -203 311 -255 782 -82 -735 1176 -120 -209 -360 587 585 1052 153 -708 -751 -1017 573 329 -163 -964 -373 -1002 170 225 -350 -1465 8 -76 85 254 806 -457 415 1077 397 -386 579 734 -1275 62 306 -119 -1146 -296 445 260 -16 -953 889 -2 -417 -439 284 418 -824 -606 -1755 -73 -860 1176 714 -730 114 -285 -1208 430 -240 743 -990 -259 -690 32 712 115 -447 -764 -204 585 -225 767 -137 -1054 -448 963 508 309 -1250 1 -105 -627 -151 -446 258 580 278 -865 264 1672 -2 211 7 914 1055 269 812 -80 -307 -754 46 783 -259 -263 1123 -242 -356 -88 679 -201 675 -1829 -99 -264 -318 -166 1364 192 -771 102 -176 932 -662 596 -762 262 -85 -346 356 -288 482 984 -147 -254 -8 407 1081 -119 -871 748 -878 6 30 58 -580 212 -40 1011 54 226 1091 -721 -284 837 -611 -853 302 53 300 1219 -512 -506 -12 408 -184 378 -834 -33 -362 -293 440 -1365 -110 -20 -220 293 -966 -500 -86 -559 307 556 676 -409 -41 262 24 15 -728 -373 -562 332 10 20 -359 -1597 -4 -656 71 -824 479 227 -880 -200 1115 1183 -1298 -853 284 -95 -512 351 -1248 721 -320 426 -1172 -190 904 -839 773 -109 -781 1050 -451 275 -677 -188 -10 268 -614 139 365 
491 -520 -348 -403 -151 154 161 -869 849 311 669 223 -409 -842 -549 377 -27 -137 -322 76 -19 1428 -577 482 -570 -652 741 -546 217 428 -73 32 -271 -330 213 -425 312 77 -371 654 1009 701 -152 2004 669 -1776 -320 -705 -1039 -252 384 117 560 143 790 401 142 -442 151 199 -609 -222 663 498 -203 -451 92 191 -48 665 552 702 -532 -1021 -797 -744 291 -136 -511 183 31 -185 726 1778 -209 775 323 953 916 -341 -250 1247 -1008 -1310 169 -207 327 -451 -319 51 37 664 661 409 469 133 638 -395 286 52 29 275 -271 -651 154 111 -409 441 -67 178 -1051 290 -819 -189 -340 -177 353 -146 -248 548 -750 -444 677 794 -318 -282 221 636 11 -282 52 909 404 768 104 -450 -9 457 -612 363 -1204 521 154 -130 -653 -1640 -31 -17 -250 18 677 -570 1070 -435 -1491 646 462 426 -539 1335 309 133 195 -885 -349 38 -65 -372 -2 -515 117 131 -737 1026 -391 -498 -1446 701 44 605 1066 -110 -400 -43 329 -31 -147 -380 27 -472 -1324 -642 -836 -383 -735 -287 -420 -612 -145 112 386 -319 -305 -1177 -526 574 321 -204 -1204 746 308 388 -221 428 213 43 569 -438 219 -1194 -182 -835 -180 38 -240 -594 -204 -478 342 -76 1008 -543 -640 -420 572 550 0 514 -164 -571 1506 758 -925 -695 -913 254 -659 -250 -707 1233 -763 -723 943 549 263 1351 -230 471 520 270 -888 -787 63 254 103 532 149 81 389 -564 104 -17 -151 348 -240 793 -61 693 -1181 -289 79 -1021 -268 595 -309 -666 691 -1340 336 -285 
377 655 -354 332 -394 570 879 627 948 -52 879 -155 -107 -781 -246 -503 -99 -975 415 794 -732 247 -138 63 1374 -247 -392 956 1361 -655 -59 275 375 758 -1215 -141 -154 -243 -181 -47 -675 479 130 -596 178 359 509 689 -1166 -789 -758 -639 -182 -757 941 99 214 -366 670 -650 1349 414 1809 -47 -955 59 -1718 -244 869 229 1219 1477 -405 41 861 315 1904 64 399 665 130 -526 428 444 -832 -441 -588 -411 -26 580 -460 267 -138 372 -521 191 496 -462 365 -330 710 -238 408 -285 457 147 -1393 -21 47 613 -431 274 -904 -607 594 -389 1110 -28 -564 -272 -255 669 783 -276 -22 909 -718 -19 -34 -673 -834 -373 -1012 -745 -1278 359 -894 -683 -118 403 -478 -459 -33 230 -86 -907 296 -440 114 901 3 707 90 726 -1023 -453 -276 408 -99 -967 -891 -912 -174 95 711 725 137 -705 909 -1087 396 649 652 -450 489 804 277 -171 -114 62 700 -160 -560 -256 -393 -271 269 182 -644 -792 382 -187 192 706 -817 95 97 1235 757 -291 932 -512 272 -599 78 620 458 -80 512 -2122 293 -478 -1033 -59 615 -510 815 -85 1814 66 469 -410 -1570 945 -515 2039 -108 -250 569 610 1180 -340 -288 1989 -539 1314 633 -147 98 -38 195 770 1578 -67 -411 -51 -307 1671 1618 194 -379 -74 -392 213 -464 531 498 -268 46 -581 -157 564 -226 -841 -722 99 179 176 1003 545 500 198 499 1136 860 772 -586 -438 306 944 491 615 -1062 -514 -395 -917 -44 -888 -485 -32 1069 656 1525 -707 47 -390 1745 297 144 1543 
-825 908 -181 -766 -553 -27 46 -300 -473 -283 380 -788 -919 403 14 -672 674 -922 -916 92 -328 414 -504 137 -755 -331 -985 -32 127 390 1476 -223 1150 558 388 -164 76 124 308 -82 1292 432 -736 -710 136 -147 -1005 1074 -675 238 -72 831 -140 -536 577 191 -1402 -648 -564 -765 -900 493 333 -36 719 -484 -337 -89 -795 786 -169 463 128 43 -109 -295 71 285 847 556 -909 398 -126 -250 1101 958 -788 -1239 -66 -664 -1022 439 -522 729 571 -1428 109 179 112 -591 -605 156 -287 -736 -437 -1167 -336 -51 650 1 -475 798 102 913 -518 54 1028 515 -540 -211 -766 -79 -176 -923 97 -124 -131 -85 483 -852 -212 -88 -127 297 442 -710 -689 619 172 -208 459 1648 905 81 484 -496 611 860 -829 -523 1263 -184 -635 303 -176 -685 -954 -763 661 647 -1316 -523 -45 -396 791 -930 653 -1615 -163 -300 671 -492 631 -1004 -808 458 -821 322 -832 599 899 268 276 749 -1 -861 115 816 -649 -109 -663 -68 -350 2269 -40 -98 350 -273 -349 -544 758 -570 835 353 -43 -24 -665 297 -289 83 96 141 -787 -1084 -247 -590 -23 -81 906 369 95 165 -161 -455 -312 389 -3 -1115 1132 -297 -255 44 -1239 1278 95 244 -632 145 -317 343 2055 -241 1238 -198 466 260 209 407 -1095 -517 175 444 420 -123 -274 -159 385 -1167 -388 64 142 1197 216 288 1 133 -50 1321 393 -259 -218 -175 203 266 -1256 1055 -321 490 -595 281 -251 147 -424 -351 -819 -661 629 986 109 211 145 999 532 -778 1244 247 34 -1465 459 352 
319 55 145 941 -43 22 -219 -537 608 225 -174 -759 -96 -68 -439 -310 -828 -33 45 -378 359 1 -1889 -975 295 482 -226 773 -294 -264 231 88 175 -311 58 -80 -198 -729 -465 -95 -783 562 1457 2 -683 -781 154 -515 -611 -342 329 -253 603 -535 -460 -469 333 456 -518 -1319 527 -315 122 -195 -353 678 -87 446 -844 707 138 953 1006 676 1513 234 498 34 -597 100 714 -948 791 -267 103 -47 -897 -50 600 -772 -745 178 222 883 -400 681 -498 1580 785 -439 -1030 -248 196 -604 209 485 -1625 196 -971 681 -971 -133 -825 308 -152 143 1111 -487 557 -1287 408 -814 609 893 -33 1067 -663 398 1106 29 606 -90 -283 -910 -388 460 -1046 536 744 56 -753 -506 -3 292 181 39 1684 -281 47 -293 1505 349 1155 53 -279 117 -336 498 695 1307 -945 -312 -820 171 1864 -695 -945 -773 537 -990 -258 -535 530 -551 5 140 -1100 -193 -96 228 -354 484 -1431 -593 67 58 -54 702 -1257 455 -1318 416 1042 432 -1193 -217 -213 849 -930 480 -47 124 787 568 718 243 1 427 -347 -280 -421 75 -639 363 149 440 -50 -296 321 274 -414 -751 729 -954 111 -57 -1252 -311 902 -269 161 -346 1143 909 1481 -104 268 404 -34 -103 -11 1120 98 -58 28 1132 -14 -769 464 -533 -1455 1092 -190 -345 -721 -1034 -976 -179 867 299 856 259 -1037 -72 119 -935 -764 -477 465 928 828 -859 -180 1889 168 24 -758 73 502 536 -535 -115 -144 68 304 -572 223 523 118 196 427 451 -145 439 -375 -561 -262 -1429 518 -442 
2371 2 318 733 -362 -572 71 -1030 1261 -678 -9 157 -850 -308 5 -650 457 -881 1491 -790 442 -259 -113 10 -693 -453 -938 -563 243 -1109 145 406 1020 33 48 -844 337 795 -70 60 269 -757 605 130 -122 199 127 321 -224 -802 -439 -468 701 -1086 308 12 476 1369 59 -1016 -698 775 -819 103 596 -256 196 -168 226 -414 217 35 291 -802 -1171 475 111 608 -939 676 996 -55 -216 -142 61 -1152 -1112 -717 238 161 227 731 142 -308 992 -546 -15 443 -328 -511 977 482 -997 -102 -619 969 -719 -364 374 -974 302 -471 -114 700 298 -135 53 -423 -876 232 -1515 175 688 611 160 -257 904 953 878 1 1025 -767 1132 173 -500 -167 792 -346 11 -268 -195 611 -599 161 -810 -143 -365 964 241 -251 524 -127 -54 -163 -753 874 842 -64 762 -1692 -41 106 23 -1125 1234 1846 -596 114 848 -543 111 218 540 971 540 23 -1033 278 1093 1433 57 -171 -479 714 -843 434 -806 -687 -118 -444 573 -324 390 -2 814 -462 261 123 13 -116 1071 3 -69 -247 -938 -543 -607 195 -331 250 -1074 17 226 -727 1086 700 -22 814 -1160 -532 -532 -221 -765 712 -154 480 809 923 -2 207 50 -974 194 851 -410 1537 -528 -129 321 -121 406 34 844 -117 453 57 -848 125 511 -152 -605 -339 844 13 846 -339 482 218 -10 -153 103 203 -397 -114 -902 -630 392 -814 -1147 -370 -627 314 -223 439 7 297 -144 -1053 -1116 94 -42 -327 228 -1756 153 677 -32 -213 252 -1322 722 -450 -159 191 88 -821 -373 182 545 -313 
-886 513 257 449 259 -224 89 420 169 524 -393 -90 752 441 618 288 -464 -736 670 -93 -113 444 -1284 -18 -823 -380 591 -647 -780 -28 403 -496 -785 -273 308 -250 907 970 -658 1193 -867 -268 76 289 560 -923 421 95 -350 -418 257 -900 83 -770 -80 763 -111 -256 246 332 293 -1163 131 328 -812 286 -106 -33 388 210 436 -1757 -431 785 -392 1323 805 -266 536 908 552 -668 305 -1090 638 1314 -218 592 67 -1038 -738 43 464 437 602 119 -63 30 705 -484 -294 1002 -596 408 1089 76 1026 -1423 621 663 -425 -217 256 -440 -409 -431 -125 1710 859 -288 -377 1391 -620 268 523 525 -234 -656 -1106 122 1245 532 233 -845 203 935 -391 253 -10 -393 -345 -1262 2191 -108 -1571 420 -1366 -1063 -391 228 6 -867 -813 101 25 -203 -47 226 728 -935 606 67 -308 -538 343 -504 226 839 459 1109 -195 859 -222 1005 -176 -836 1134 674 354 -1204 -397 1437 1186 568 -687 480 278 694 -718 -465 1476 -180 129 230 250 951 -747 4 -705 457 -475 -867 545 484 308 -884 941 461 422 298 -896 -626 875 691 -49 2196 -1102 925 257 -190 -603 696 -410 -590 890 474 254 655 -150 811 613 1178 985 -579 -565 24 -222 -600 450 338 -714 -1200 1309 -658 -187 473 -1062 -806 -376 -512 -128 -359 146 310 -1609 -366 897 -276 -760 -884 370 -113 377 -367 402 832 -595 -1125 490 -216 -741 637 313 482 288 747 -628 1185 160 386 -1262 455 -538 829 -502 -823 -215 362 275 210 1552 -824 343 16 -389 -57 -923 -580 259 302 
774 -453 196 -290 641 703 190 302 253 -1802 136 -66 -269 -390 91 -609 423 698 511 121 -399 -77 -329 933 185 -19 685 389 974 159 -110 141 -600 121 -351 -419 -620 484 24 -142 -103 1211 -10 -282 -339 204 469 -379 -157 -529 1441 270 -406 241 -64 -350 551 65 -498 735 254 -787 850 -985 333 -348 383 108 295 -166 -235 621 -339 117 1016 485 -734 878 982 946 -104 -312 42 330 177 -656 -437 258 -398 -51 -435 -205 243 760 -763 417 0 -695 -1122 -351 -634 428 -282 946 -277 1266 1161 -255 -463 324 -244 -94 532 -1195 668 566 -274 -599 812 -944 -502 -1034 629 467 -819 209 320 -424 -667 29 316 466 -167 -597 473 -1494 220 688 753 -94 -536 659 -883 -893 326 -56 -276 -1036 -323 452 -317 -467 594 -594 131 -341 102 541 -814 -139 343 -545 -404 -142 340 -130 1486 -904 -740 -843 -5 10 -453 108 101 245 926 265 133 1275 -342 599 309 37 301 -334 281 -572 573 -953 335 -492 -283 -25 -108 -240 -161 -128 51 -603 466 740 348 -281 -1615 197 -786 437 -570 33 -633 -800 -562 -191 -616 -716 839 528 337 -1261 -162 -84 -571 916 -815 150 -18 502 -312 131 -446 -698 -996 107 633 558 -541 -235 -825 789 1340 189 969 -46 -1163 40 -887 1073 425 -78 -1068 -448 -470 -25 -964 -46 219 -549 136 142 282 44 -401 -586 -282 -1137 1483 586 -1352 -78 -134 -155 23 56 -795 341 102 -593 -1290 -188 -1001 -408 566 -675 1118 1814 279 431 -212 327 -1145 -343 375 -718 -534 -168 1592 31 -674 153 
-198 -427 -664 335 8 191 94 -30 247 -879 94 -615 1146 1229 -1018 460 443 1423 -361 333 319 -922 517 146 -1348 -278 -581 -789 -721 433 -1256 -452 -442 -410 -444 91 -670 1307 -685 -94 72 377 1028 371 546 655 797 -94 -473 -686 855 1078 350 -414 -149 -175 -262 -949 -377 -747 514 683 120 -573 950 -375 -149 -351 -520 972 -1272 -391 -20 -811 -299 279 -1004 997 28 -392 152 679 195 -979 -429 -779 -603 67 -1145 697 450 334 37 1595 -901 -273 989 -825 -830 -72 309 370 -1108 -38 -421 -791 195 11 555 -570 891 380 -736 388 97 -64 -1036 -644 -609 -116 -479 1257 -580 297 -58 528 936 592 -1096 295 60 1127 -316 -5 -389 -154 -1022 602 -336 312 705 -1275 227 -80 120 -1344 522 -745 -650 216 1265 -1292 412 -726 220 246 -786 159 1546 -656 920 99 -182 1017 968 -290 737 58 354 136 -656 234 -311 335 278 195 -586 -206 -346 777 -1406 -179 847 51 748 550 440 673 -988 -674 81 629 -294 913 357 556 -194 152 -134 346 -878 -1062 1102 -559 366 -486 -90 -279 -577 -886 575 -486 232 454 -113 -833 -8 -776 -366 -1133 -860 -132 -83 538 515 -842 1131 -1437 89 446 -364 806 -662 -630 676 -85 935 -122 454 -1027 1025 -579 -3 -632 628 -239 -739 -112 19 325 168 948 301 882 505 -89 -946 536 575 -1070 136 1051 93 -797 -1157 -145 -133 95 1221 717 1242 156 293 -156 172 31 -22 -434 1136 -461 234 -909 1277 -28 -554 527 371 -207 -294 -342 55 -411 -216 -574 862 216 -366 463 -929 -518 
-95 -290 794 -415 -27 995 923 -342 -284 71 277 467 131 -1294 -1054 -249 -902 -208 -445 -301 1019 -445 -773 -1149 -101 212 501 209 -324 75 -870 733 -1035 888 118 281 654 -340 56 -47 -42 450 157 124 393 -896 -1293 -1300 128 -98 -287 369 820 72 101 1068 470 750 101 -805 1169 335 -55 -1367 207 60 26 226 248 -183 -530 823 1246 23 145 -351 -8 -1429 282 -409 83 -902 369 -234 -160 102 543 8 341 644 885 231 398 199 11 60 633 -80 364 274 -1283 -1169 -185 297 -689 -298 -522 -563 -1065 -1404 -495 -708 1366 -23 -950 -29 -575 -1235 -159 -270 211 -545 -455 1007 270 869 -758 -473 -649 1068 175 213 -739 335 958 155 -1662 54 -426 -672 -553 952 471 -262 -491 -144 1330 1021 -100 -550 -587 71 1968 85 -1098 280 323 -177 393 -237 1121 266 -406 -150 1118 152 74 33 -583 -371 -268 -1024 -236 -629 1239 -351 678 54 153 168 -518 123 938 77 333 788 -1269 -1551 252 -548 237 451 487 -509 -329 -634 -542 -508 265 124 156 72 200 -1040 -410 -49 152 -388 699 -92 369 -154 -1114 144 1168 -1461 -322 -606 223 -384 715 212 -415 -1000 -1182 -373 566 -503 115 -356 -903 -550 -314 -362 601 -236 374 781 19 -613 1052 -326 -324 703 400 743 -655 -307 383 212 -558 -183 398 756 742 -1315 -567 -261 -1112 396 524 613 850 -481 -779 -825 104 138 925 -237 5 710 -1099 234 394 -943 798 -623 -52 600 630 586 632 369 1158 264 824 892 -149 564 -586 -949 1249 -254 433 -534 -383 -311 511 -74 
835 691 -25 834 81 65 -253 -62 443 -604 -299 -772 861 -66 357 -453 -390 -1345 -1326 437 571 1427 1181 747 187 1034 -78 82 564 439 -220 122 16 -428 -563 1612 -1109 1276 -200 553 473 358 -984 -355 939 1388 -250 -539 -183 702 1028 0 -392 -549 -315 -1487 130 -521 -914 37 337 171 835 677 139 -776 371 144 -229 -327 132 -504 50 308 -664 438 169 699 289 189 995 -210 -937 753 814 -812 194 -1073 417 487 -521 610 -376 260 950 171 -370 -586 842 -145 -23 951 231 -696 118 -690 109 661 -850 351 672 -281 31 283 -191 233 945 512 -700 -9 1368 -41 -338 -562 488 -400 -543 926 -1751 327 -372 -894 -56 537 769 994 -421 -841 -737 565 -89 11 861 619 286 585 274 48 299 245 464 -230 676 868 -1246 -267 -903 -1281 386 -1630 -375 -791 -618 -538 -480 -311 -404 402 -191 -79 64 -766 -401 91 814 -26 42 -660 -50 440 291 -707 -76 -440 -119 534 117 141 -1413 -1138 -198 384 149 192 208 768 -215 257 36 -152 348 -802 -91 -492 844 974 212 979 124 445 -166 494 712 948 -3 -106 264 165 -818 -334 30 -475 -659 872 487 751 -825 -430 849 -186 -242 22 -686 85 269 -287 707 165 492 -1422 803 498 -25 135 699 1154 -609 927 315 -836 -16 479 253 738 -1515 189 -567 -774 1223 502 471 860 -580 -292 188 -635 -649 361 -613 -859 290 -428 -204 -360 115 -503 -195 -1071 579 -474 268 -111 193 221 -256 1101 -310 789 208 -348 -1014 58 363 213 -76 14 495 -621 442 131 
-1073 310 36 62 193 234 -781 -513 -24 -263 -33 -1381 -108 -642 109 14 60 183 1119 231 85 -438 217 -1034 -715 42 -530 -855 393 -679 -541 451 -359 438 -173 -20 580 227 -99 587 316 663 846 -1187 497 89 -1069 -500 99 180 -779 103 559 -351 -64 -20 44 -217 295 -1020 91 -359 366 -13 -388 -887 71 67 232 825 561 -185 543 -258 -297 -350 401 626 -145 -247 -961 -394 682 -249 1430 865 -106 495 719 -244 -1822 486 96 1165 251 402 -168 -126 -399 -51 534 428 1059 1236 -1019 -267 310 -552 -274 -477 -67 -498 257 -487 36 197 -190 76 -282 131 270 164 285 777 233 -1182 -625 700 -107 -564 -369 623 313 -170 522 -823 -1239 405 287 437 -23 166 173 -1435 491 778 484 431 -63 -423 938 963 1793 -291 -95 326 394 -473 -69 -852 241 126 -1087 34 880 -326 -291 -307 -499 122 1 -349 1015 944 408 -107 85 -800 1105 419 -402 -416 622 628 425 1373 561 -75 206 -329 324 999 195 259 605 -53 -608 -540 -1745 890 -760 -1700 1549 -495 704 -589 -667 128 -329 631 -1131 651 -339 -459 173 -584 551 118 -392 303 1117 -220 909 11 -414 444 -498 1227 969 -1202 -655 -1045 486 -166 -1 -178 -45 95 477 132 -25 -10 -196 -152 905 849 -380 -969 -162 42 50 294 -23 907 814 139 1071 -714 1192 157 606 164 -345 64 576 17 -143 209 -218 11 -156 -111 -62 375 -188 -51 -625 -542 126 42 -151 433 463 564 232 72 -143 755 -351 1037 394 506 452 -187 -376 -276 -1048 -988 -139 860 
1330 239 193 -1742 334 -833 471 -250 218 60 868 -911 1311 678 -24 953 68 -314 83 379 -686 -88 24 -270 -197 -196 -444 -253 -480 -874 1088 254 349 -782 390 -653 120 -427 74 608 579 -635 251 -473 1410 -497 -386 529 -484 1435 261 -847 -775 370 -493 613 1353 -515 72 249 -24 -69 -960 774 -113 794 -526 218 138 1761 244 438 368 166 -500 -58 -197 1587 623 1988 326 261 -97 386 -981 144 238 -636 -265 -45 -341 -586 -535 -29 325 -328 506 -917 77 1017 -86 -231 101 -575 -793 307 1031 -415 -64 -476 380 734 -175 924 427 -785 -570 756 568 177 301 -356 145 749 178 -509 -158 420 -253 -386 -138 -120 -216 -106 -24 1372 -395 364 -1705 -92 1228 -1040 1316 -1220 592 601 -232 -321 -994 268 803 496 272 518 -128 646 671 214 1284 -585 281 -182 -453 49 1004 -1076 136 -181 272 397 177 -104 -257 135 153 -118 -954 -626 509 -484 635 -36 -555 -45 523 893 -414 564 57 -44 154 -122 -119 465 207 -352 1397 -581 -575 -369 -132 -341 309 -55 289 680 -810 63 831 -1474 -1037 198 1015 -375 651 59 62 -506 -965 410 -59 58 706 -365 1480 635 -70 -435 -733 -886 847 272 1201 -250 -883 439 432 197 963 -223 -968 -626 -29 -407 82 86 -284 -32 -845 -150 -567 319 406 562 -607 -472 -525 -42 -309 -720 -317 669 360 -779 -152 39 -62 270 26 307 740 1123 467 -420 962 -75 681 -1130 127 304 -230 -543 -356 1475 46 -173 768 -337 -344 -78 -416 -366 -569 97 268 210 -430 -127 -882 174 
88 -362 -970 116 -1472 388 509 -359 364 64 810 893 -505 -87 -278 -918 493 -1001 -252 -27 -551 407 -1241 521 1011 652 91 -609 348 143 30 287 -42 -302 -199 23 11 -679 -245 -145 399 529 -1400 350 153 -44 -510 -390 621 -247 -279 -642 699 -501 -140 462 -224 -37 497 -712 -402 571 570 -881 -586 -190 105 -187 621 414 -27 572 -1398 -220 -184 -273 301 68 909 314 -256 635 747 169 -219 407 -479 -37 -133 380 1106 114 1307 579 1062 -471 1670 570 1682 927 -319 -1135 -534 8 271 -582 -772 -664 790 143 1122 -268 -76 252 -90 -208 267 -1288 1447 -691 -193 -50 116 732 -800 672 -130 -286 259 530 -443 -392 167 -809 29 -210 485 987 117 416 -74 -61 172 -800 146 -599 610 -31 763 671 -1244 739 -135 1127 166 -138 742 54 -513 151 924 468 -704 277 409 137 -85 564 184 216 173 -817 328 701 148 -745 -57 -81 500 -266 73 -582 636 -466 437 788 44 -843 -840 -344 251 -1121 805 -936 -545 403 169 105 1029 -526 334 -379 -336 824 -121 90 733 202 480 -101 85 -628 12 -1002 136 -1125 -120 829 36 547 -501 568 103 -735 -43 -128 -103 79 352 -1461 4 994 234 137 -158 -422 230 427 -584 210 -865 470 916 274 405 474 586 0 938 434 -279 -664 974 523 70 -1343 308 -25 -312 71 -1206 -195 -72 -139 -471 -1005 -304 -250 -52 -240 -654 848 265 -314 935 -586 323 252 -48 -1069 246 325 -184 -208 -618 -433 658 282 166 1289 -862 -167 -74 -1203 327 317 713 -1088 136 260 
-653 117 -75 133 -159 -146 570 -855 -91 1221 -103 -713 305 63 256 604 -348 -1445 611 -585 509 1123 1893 -330 188 168 294 437 -791 -772 512 1423 1195 -626 -1084 144 -715 443 -72 88 1538 430 -602 -299 -1464 164 1104 971 21 242 -224 -796 -197 -447 -722 151 517 -93 901 -467 -351 173 -706 221 -456 1189 158 375 -397 719 809 -629 -274 768 230 244 -49 48 -871 -338 -163 -79 -424 -23 -608 -35 940 -173 800 5 -262 -829 -48 -246 -560 -562 -158 219 -722 188 -817 -766 542 -354 381 861 504 -1043 -1221 853 -124 53 -547 -253 -505 -1419 812 -130 330 801 700 -736 -386 -659 -1050 884 361 -38 -77 555 -1315 -1195 -1095 -456 308 982 -228 -150 865 -83 952 -463 -233 384 1465 -824 610 -91 765 812 -380 -598 -804 785 -336 342 641 -127 304 959 375 553 -94 -87 -380 -904 -598 55 -95 1649 553 969 227 191 -858 149 -1029 -865 -470 778 138 134 -1407 675 -589 -429 358 -787 806 184 -267 -407 -323 513 140 25 243 256 -143 -184 -206 -11 -635 353 -42 118 -1030 -105 -785 547 -161 -849 565 342 441 -432 519 -405 -1507 -157 2006 999 625 142 815 124 -52 -107 706 57 204 186 -319 -161 -2 51 -289 569 278 71 -548 640 55 -972 1400 811 -309 623 -717 415 -1397 -939 360 101 416 -401 -1266 22 -287 -766 -715 161 -1064 457 561 -372 34 151 -411 620 896 125 644 -59 137 -339 1137 969 38 -581 706 -295 521 -268 752 700 905 102 425 247 23 39 206 1022 283 225 110 -118 -1402 -1265 
388 400 -379 219 -627 102 342 0 727 -1783 -93 445 98 -411 515 133 -316 -802 344 -146 -113 425 -616 946 38 662 1108 -590 95 -312 -136 1206 -776 -767 103 207 456 -389 -933 -412 -722 -340 -76 -40 -761 -1080 -605 979 1054 719 -738 -1385 103 808 -192 364 103 436 -345 494 682 -847 -152 491 -957 219 1085 140 522 -891 -335 699 1067 -287 626 -711 680 1125 341 -957 -944 73 -957 -627 345 188 26 -1259 832 362 224 650 273 -571 -242 464 105 -114 227 -328 -520 1462 -594 566 1115 1641 -484 297 -296 622 -178 158 -244 -1202 -1017 -689 601 919 94 -622 787 -430 -795 -1262 -536 494 378 1183 339 -320 16 -1072 -577 93 311 604 292 -253 -673 -83 -602 94 -162 287 -77 1029 824 -422 -63 381 277 -464 550 -826 -626 934 113 -412 18 -529 -159 1245 981 -262 -117 320 7 -374 -317 -849 -696 63 -128 -640 579 -504 462 -238 1036 -619 124 675 520 -471 86 -226 246 558 520 1493 -175 -320 -83 -897 -547 -1656 -147 110 610 142 324 17 65 -38 1139 953 -500 684 392 441 -185 1309 1228 134 151 365 -539 483 667 -46 833 526 564 -1312 49 932 -1096 -324 20 -1507 -786 479 -295 778 -517 -215 629 -246 305 -403 527 42 317 671 -667 -49 -605 -295 -449 -374 -72 -758 -433 -737 -553 691 -451 -122 -529 175 312 -224 -339 -866 -258 848 676 369 -363 -1351 -389 1117 -712 -848 -66 481 -216 -869 22 -13 -239 621 81 -292 -865 -113 -67 -1136 268 234 -947 62 128 858 -146 1199 101 -943 1122 129 
250 199 -208 992 -524 -115 558 490 -234 -762 -25 -695 1537 55 -405 476 -413 -437 736 -343 419 406 -289 -968 -679 -792 928 -1875 837 383 781 -223 -538 -367 13 -265 -103 1337 540 253 43 669 1258 -1370 250 -851 280 1304 1110 -72 348 -382 338 -974 703 407 1453 -732 -1655 456 -384 -11 -209 1042 949 -59 -533 271 928 1034 500 -117 -525 92 1071 862 -226 1045 -380 -174 1718 262 563 459 101 -410 -426 909 1201 356 -1011 -104 515 206 782 398 48 341 -410 19 265 -149 463 350 -638 137 1005 -20 -634 -845 -1014 -1097 21 218 443 378 -494 -37 -388 -908 -1267 -675 130 105 -154 -1849 -147 -85 -1728 1035 1416 -602 431 -567 -340 798 593 1311 -139 -61 -836 32 1617 56 402 786 -1302 555 -99 1299 15 -403 141 868 117 -68 -242 183 -350 -2201 -157 -533 407 -284 1155 -556 -365 -186 -319 142 209 27 170 1853 -312 790 -314 -61 -825 -387 -712 -157 702 700 379 -692 2 316 -450 -491 273 746 625 1436 494 1360 717 -122 -186 -387 -799 -657 258 717 704 106 575 112 82 -487 -512 -916 661 -771 -394 780 182 563 -136 901 -295 308 996 1171 146 494 387 706 725 529 843 32 596 326 -776 413 -825 12 273 77 487 1489 449 -1012 570 1585 -1033 158 352 834 -1244 -757 165 -651 -434 -320 -1158 -512 -877 -171 -55 117 545 -395 -38 289 386 -299 -1491 134 -1104 -729 -513 -958 395 -704 120 -571 -1008 -239 -266 59 -163 -377 -539 -319 1274 810 -224 82 904 52 -1384 513 -871 -230 -428 -105 442 656 
-806 132 -128 -135 80 495 -261 378 402 1413 -997 1 808 -253 498 90 888 -1118 -839 695 52 -1627 -1244 -633 313 -140 211 138 523 116 -2088 155 -507 -1876 10 108 424 -333 -436 338 -42 -1050 533 1410 787 315 -490 165 -205 -128 -504 -31 218 1698 733 -1230 -1493 502 219 -786 1012 -44 596 572 -873 204 358 187 -1053 27 400 -420 -275 799 -438 130 -328 -426 422 -425 -115 -331 -892 -513 -207 588 644 -57 -575 283 -160 119 292 80 -45 -112 1102 463 -366 -554 160 -1111 -551 283 -196 201 -283 659 -323 -993 431 978 354 480 -671 1214 483 -278 342 -1364 -435 -585 218 -387 -401 -372 -413 704 237 -66 210 -145 315 -428 347 -267 -344 108 436 -414 -1577 -426 734 93 -408 312 -584 1637 364 -656 -246 -532 -299 -265 74 592 -614 -585 -363 -314 -805 479 131 951 350 422 -601 188 -240 75 363 -571 165 -142 -182 602 -261 1360 97 84 593 467 -164 -505 1417 -189 7 426 -392 1204 -1271 236 -34 -1120 -735 -636 -139 -274 -231 571 -1502 -830 383 -641 -377 -156 -464 -619 -596 -75 215 -288 554 773 138 -134 -717 741 1057 673 -964 -1156 288 652 -700 509 -118 -1227 -500 39 -482 6 1395 -686 158 -392 -126 -145 -1120 44 1092 -497 -246 1384 827 -366 -307 -894 401 371 301 298 -1134 -621 120 -192 273 225 553 -302 -417 315 938 1213 262 -352 562 1069 -46 -542 1075 -504 -376 172 431 393 763 737 -303 -1090 77 1252 732 -254 -77 -131 -120 -117 -599 -567 286 496 -543 74 972 473 153 -1133 -30 -959 
-1546 866 25 941 278 692 -250 -159 309 -70 -959 811 -671 374 -1174 -268 489 148 74 -148 477 182 -1252 388 -194 -1658 -184 54 929 -746 253 -27 -234 139 -764 39 155 380 -791 118 -1434 166 2023 -947 -502 -552 -99 188 -401 123 -822 465 738 -1662 -295 -605 51 -650 119 -679 754 -929 887 286 -1177 -515 175 -780 -282 -390 -106 -893 -7 908 -566 -659 299 -307 -295 -1140 -472 189 -774 -220 -291 -220 -538 -144 -373 -216 -664 62 -364 -490 -222 -531 -645 243 -1124 726 -172 23 966 1724 -724 45 286 240 -527 155 -721 -625 -313 1222 -306 19 -1073 847 189 292 -68 -638 -615 -723 -78 1049 -1471 970 -33 210 137 -468 311 416 -218 346 -382 472 136 385 1359 917 1815 730 -304 533 -268 84 1108 598 48 75 28 -748 434 -409 -1009 185 -454 -651 -491 -678 59 94 510 974 -1156 1253 -117 -19 -209 -228 59 22 23 -26 383 3 773 306 -353 1002 -359 -43 473 -640 161 -399 924 175 257 1159 85 -188 513 -478 227 416 495 -1159 -659 818 184 456 796 -112 115 -73 1591 -963 -353 -1028 951 596 232 -178 462 1797 1802 -459 -697 370 -1492 -568 1361 -159 -50 -235 977 812 -555 -110 362 -128 12 292 753 96 -704 254 477 429 274 -64 251 354 -927 554 -914 117 -169 -1574 284 774 1194 229 -129 -1354 -833 601 -509 737 99 -9 642 37 -385 -634 -857 53 111 -867 267 28 -437 789 250 528 -17 1296 -404 588 219 134 117 815 -475 -306 -18 -1065 42 1237 70 -639 -377 452 22 1778 485 -805 
395 610 -470 547 288 -76 -680 -216 -350 471 -584 -254 719 122 -423 1184 298 -883 -258 -902 -601 142 -419 695 -718 -63 680 -274 387 -831 53 -264 1004 634 674 30 237 975 223 447 245 -661 632 -138 14 12 182 537 -1283 78 57 -507 248 1086 215 -266 -30 123 249 -372 -1229 -971 258 412 746 -8 935 -1044 -115 -298 434 166 -256 -488 664 501 761 159 243 711 -1122 -842 492 169 439 -44 854 448 754 -551 -804 -934 -462 168 321 -1022 -284 -189 -561 532 -45 956 367 -129 1445 196 -486 -399 7 -251 -929 -1123 336 171 488 29 -600 65 220 127 183 -491 619 546 -298 -813 635 651 -90 100 -308 -1561 -1 -531 -163 -592 538 -655 357 -384 -7 -61 1799 -163 -771 -216 45 563 292 276 530 154 490 1388 353 -362 -864 93 1550 -62 54 -567 -1274 -219 -298 -204 455 371 -790 433 75 704 1059 -235 -384 -703 -236 -689 -818 575 -1540 805 -694 -160 -249 -74 662 163 10 -15 -707 208 -425 -792 -830 1345 266 530 -894 -815 425 623 650 -9 -1058 -840 -839 35 -1134 481 -37 1 -273 45 -1060 740 951 -217 -588 102 -1238 -430 -44 639 -327 13 -299 -1708 713 599 -374 215 205 -228 353 608 854 -337 -326 -341 -385 -952 490 299 -286 934 -371 355 -941 -400 -638 619 488 -1425 251 -207 -462 -941 -261 380 567 498 -63 -339 -681 331 129 -291 -1444 -1023 813 -129 -946 -1264 479 -643 -1291 960 -276 -1177 302 1517 341 -1097 832 -260 778 -567 -654 303 213 644 528 237 -491 450 1417 -335 113 -948 
-1031 -1357 406 -659 811 -666 -22 284 -1601 -53 -960 -379 376 24 1008 109 707 416 -11 374 1215 -1322 14 758 396 324 -829 -628 -29 -84 433 -361 -753 -840 590 522 805 -612 938 -192 300 -561 94 -486 -707 -249 451 -72 -1003 -320 -730 329 942 12 503 -95 95 737 116 687 816 664 -336 -22 899 453 837 -1365 -381 194 242 -776 -268 342 484 580 406 -199 746 -173 1088 -799 -214 -93 -95 -878 -335 -808 -638 -398 71 98 -792 -1186 -263 -1148 -906 -282 -803 419 -404 -1543 42 924 605 -862 -553 704 330 -814 88 578 906 54 -1297 -820 -361 934 -219 -594 371 -422 -925 -920 1464 -966 132 883 -175 1058 -507 -259 -143 44 330 1268 -281 -285 409 804 -298 1120 324 677 499 47 1073 -222 344 -167 1297 375 496 1055 -429 -602 -200 220 -269 -169 544 266 -1137 1048 79 446 171 646 -826 223 -1101 -537 -441 806 -437 42 -59 302 -529 92 182 -83 -486 120 555 -712 27 -845 81 -1346 -373 912 -109 -460 138 -392 422 -567 101 881 -821 -530 -1858 36 1079 -288 705 774 31 -348 -236 880 966 -869 -166 52 793 -645 -995 77 1072 -810 -553 257 997 933 321 1249 -368 -113 680 874 469 -515 -976 173 11 67 -377 -104 -734 -123 212 -431 -86 -489 -116 291 290 -375 269 464 -974 -640 -737 -491 -863 -450 145 323 106 -1466 359 949 307 -71 87 435 234 -248 165 112 1038 -479 -648 -585 832 -36 138 -390 -319 -230 -352 613 -532 416 26 -1268 474 448 -49 193 1017 -1361 337 -1155 727 1323 248 -1403 
-405 -119 55 -73 -1009 424 38 354 -61 953 88 81 -443 -1690 123 667 139 217 -115 1274 375 -128 250 -678 1166 836 901 -20 -278 504 691 608 -365 646 655 -413 28 -102 763 667 272 -408 392 28 -265 118 111 429 239 -129 661 417 -837 -37 -839 -646 -413 486 -543 -645 148 -589 571 549 -123 -354 209 1020 -15 -337 1324 606 -1434 572 -397 560 127 116 191 -708 -465 56 -1088 348 -985 178 73 -123 -68 -1052 -223 367 -666 427 166 254 575 825 -287 -4 -198 -1017 149 -941 -416 1388 -356 237 -422 798 459 -902 98 -355 852 385 -1798 -726 -341 -227 307 -905 810 -222 -308 -299 694 70 1249 208 904 -1678 67 104 233 -525 593 -108 638 -492 -702 -623 -1061 -629 -357 601 -22 -114 399 339 790 -100 -1085 116 -272 -1121 368 300 488 273 -214 -328 -350 10 644 181 -340 891 -794 -868 535 -1000 1197 -452 -197 -572 -832 -349 -254 1022 -235 465 -152 400 99 -80 203 -443 -1144 -63 -550 399 -1313 -744 -603 1102 -140 -46 1180 432 -525 -851 -161 -4 -910 -526 1052 -874 -1567 679 263 -1077 436 858 -173 -171 -262 655 700 563 -679 -1096 1016 737 -38 -167 267 -443 591 -351 45 -877 -393 -470 -498 -1073 25 -631 -604 87 722 495 703 45 171 -92 869 1520 -498 228 876 -881 -573 -498 -420 209 -183 -351 800 49 380 -1010 -470 85 67 -752 -532 168 -52 -482 319 -180 46 -13 277 82 160 1407 -774 -155 956 434 -830 -651 1368 574 494 -419 345 654 -722 118 -25 387 -993 163 364 -1037 519 681 
948 144 4 873 375 937 9 430 541 1357 -147 170 -195 1109 -48 -677 -197 -14 353 -126 51 424 90 -738 1 -136 -1582 398 -583 -217 540 -185 252 647 -468 18 419 390 -1551 -80 -511 -29 -252 -232 983 688 -662 -248 142 1186 1136 452 -532 -746 212 -121 -741 -833 246 -984 -65 -40 -7 -289 -295 -425 -823 -251 170 295 -612 620 -465 933 784 -66 -718 -406 -101 169 -345 -870 333 -867 390 100 -684 21 -184 -1088 247 -411 -562 193 715 223 616 712 -703 -283 -226 42 -74 -865 -1401 1296 103 65 -191 -1085 411 -85 64 1222 794 311 -482 -15 -66 919 -693 -147 46 10 -591 -531 -759 -383 -727 -95 259 99 -1199 -35 -313 -429 -244 236 -546 686 1061 -1286 393 -90 364 -584 -431 -514 -707 -143 -161 -835 843 -954 531 -120 406 46 -617 -6 762 275 -459 -285 330 -1151 108 -531 517 106 -52 -910 -498 -635 -1250 381 -810 408 44 -348 -46 379 -17 -232 164 288 1456 244 -891 -159 -548 -1045 435 602 -216 -627 706 143 29 -555 561 391 1351 876 362 -545 -111 907 278 -69 -112 861 -765 -378 339 -875 -191 -408 -269 -617 -869 1721 -65 -166 -590 -441 435 -664 193 515 -26 438 -11 418 332 -724 50 387 -1141 -408 -637 13 101 117 -252 -838 903 -567 208 -131 -1302 -259 -120 -47 533 639 -242 -158 -305 -344 -423 -99 680 -451 524 -1328 407 272 344 792 -1063 -876 -241 -237 829 -59 -887 -461 403 241 248 548 499 621 -573 -692 -834 162 -358 250 188 373 -1121 658 -632 53 5 -1 -358 30 
275 -4 -568 198 401 -431 -392 -246 569 -459 -291 -767 -799 1248 -605 -1772 91 -480 188 -145 -724 -378 114 224 -1159 292 885 1326 -18 -517 1576 191 -332 440 -889 -377 695 -775 -726 690 -428 291 -131 -835 -432 509 769 -733 -418 -639 -92 154 -27 16 34 -23 312 124 -792 -8 890 -886 -445 1220 541 -953 -312 288 -67 -125 -371 887 -1426 867 1146 -341 457 -400 -560 560 351 -189 -167 -530 -66 45 -792 -45 -16 -286 -1020 -287 409 -101 216 1540 19 1346 -852 1178 -314 654 131 -923 -246 -1444 -850 26 465 -84 -67 292 744 286 -317 141 -91 585 -291 57 -14 613 -609 -121 577 92 -490 959 -766 605 61 555 -749 810 -381 386 122 -1517 -221 -771 -102 1110 1285 423 148 -60 -107 673 -722 -559 -214 -478 -759 276 45 -815 -242 -788 300 -931 -1143 517 -1097 -163 240 107 -290 580 506 -310 -370 228 685 418 381 -587 -479 426 497 1060 1574 152 1320 958 593 -837 -136 1666 92 621 61 1590 -239 1044 -369 173 543 487 718 640 772 -163 -230 -314 -72 -590 71 1387 -547 208 245 -199 1136 -366 346 1225 -105 807 984 -1890 -481 329 613 555 1240 622 -29 -1592 -117 -485 320 486 370 426 285 1453 981 -379 968 1605 942 631 886 847 606 300 1161 1445 -9 -13 500 525 1018 107 -228 661 50 312 -374 165 254 238 -681 -399 -994 -432 940 352 514 142 130 -507 1531 1301 643 404 -138 -650 455 400 -1016 861 -818 95 388 -336 725 -885 442 247 1335 726 -38 -513 -206 -7 1165 68 335 1327 
-903 -360 -795 764 1113 409 395 -106 340 810 -24 -240 138 -94 -1144 107 280 467 -77 357 196 761 818 -905 851 -1003 -833 -665 -169 -91 -1013 -315 -719 1267 -495 317 66 -164 735 -1040 -185 99 1284 -160 92 -842 -57 -717 673 436 -649 1140 82 -961 350 -62 -1244 -139 -12 76 -780 -781 305 -437 -322 -1009 -792 -544 1289 -524 169 1053 -183 991 -395 -542 442 1080 -170 -721 -1128 -65 146 -518 -132 120 -200 60 769 -884 -579 -371 728 -96 825 997 921 -565 -1158 -15 -16 -314 394 -1296 -189 884 970 -751 322 625 -254 -550 -110 247 -98 1107 -941 -100 -452 461 -776 1027 -250 1208 -230 -456 -1032 76 -275 1152 899 357 -780 136 423 766 218 218 -490 390 629 -1550 -614 728 139 -422 -1478 117 -878 48 -152 100 -703 789 1106 -470 -330 78 644 -1000 -849 -34 216 555 1166 -940 -41 569 1235 -35 -621 -1441 -1100 261 -71 -664 -809 -1060 80 -21 957 -866 357 1257 -138 77 -247 -689 110 88 607 -166 597 588 -489 968 -482 -624 1594 216 431 1431 -199 -169 -21 -514 -290 143 972 -45 867 -1953 -410 833 619 -713 1394 197 -269 -532 -803 828 219 893 -30 -832 215 -267 599 -13 -191 475 -1113 -1010 -629 -443 -281 -169 -264 -17 -97 629 1198 1140 -872 201 78 379 811 995 608 898 -186 749 816 79 771 323 -248 36 -668 596 132 447 57 387 60 405 -258 -304 -326 646 172 790 343 -539 -202 -1257 -535 1813 1218 121 -706 271 -1012 1271 -136 86 -1012 -574 -393 43 -1056 1229 -375 225 -196 1638 -798 846 
485 -454 -53 -190 1033 -988 133 621 -495 -503 758 406 223 607 95 -702 659 -139 418 -74 -1113 -35 -107 -716 -478 -918 -950 -2252 -478 -1463 -383 189 663 303 -531 -511 609 325 -589 -830 -473 153 -31 -572 -716 -646 976 1142 567 -332 -443 -421 624 -569 -392 -1152 -9 -659 -1372 -820 -184 -69 -622 749 384 784 125 -706 -468 137 207 -241 -1028 -236 -100 581 -1525 631 8 -918 657 -1016 256 739 439 -227 -285 -315 179 628 -95 839 -1204 -591 -581 839 -56 864 -419 -140 150 -637 635 265 -232 619 689 -586 938 -685 -968 -562 14 383 -118 -755 566 1184 113 327 -365 -697 -464 -1004 326 192 72 557 380 114 580 195 -503 19 54 714 -710 344 250 891 67 122 390 1299 189 487 -986 -229 448 -256 221 -398 762 687 782 -591 -945 392 244 -632 -913 -153 1267 343 -117 224 -105 -146 758 489 -507 986 132 542 719 1467 903 633 -150 200 -154 -348 79 142 -966 395 665 70 -402 -260 -34 368 615 107 1157 -1085 -215 -1295 -323 -219 -457 -866 -387 355 1161 -169 873 -429 -231 -825 -703 -51 575 -1427 95 -208 411 333 1252 -790 -780 -211 -156 783 61 649 405 76 -57 637 -384 730 -451 -440 -395 539 6 -150 -288 914 11 148 -321 -585 -312 -324 -223 252 -232 -880 519 -110 158 901 -276 1557 348 -44 -179 318 -472 -396 438 84 2 1395 -223 719 98 60 -319 -332 62 225 -41 1050 206 -6 1244 -29 193 -449 -664 119 -401 975 24 -731 -1038 -396 529 -375 741 -270 199 673 -336 433 -383 -126 
213 250 351 85 41 -1978 -671 998 1021 1363 103 840 52 -568 45 -106 1308 -472 600 301 -675 -784 -155 280 93 -771 -262 -460 95 -190 -496 638 187 -565 431 769 263 -251 -21 683 -328 -410 659 935 272 -244 787 843 166 -1239 -18 452 -49 500 -84 -1046 -1031 -280 162 1219 -283 -343 -1003 1575 126 -243 834 -217 24 -406 -278 -271 -211 -1141 374 1025 -760 -181 304 -193 233 141 391 -1013 -607 -98 274 691 271 980 1051 -15 -622 -1147 -489 -750 2 616 532 -728 1110 2760 245 -401 631 217 425 1044 -267 -173 366 -734 -1366 -1044 -344 506 -166 1372 -441 -272 -420 641 -456 -248 200 586 169 -70 64 120 -1149 -472 -530 -197 -196 181 808 -154 -796 -1042 20 -292 -178 443 -180 294 -343 -702 556 -78 -924 -271 498 -1029 -623 173 -1580 89 489 -333 -151 783 416 -812 -422 277 -726 873 -460 -1136 -834 -339 1116 -105 -41 138 271 -553 -166 283 -411 -86 -373 -117 -945 54 337 -170 180 139 -889 -706 -591 -322 1895 22 -522 -1253 -1198 457 433 -9 -377 -1593 -87 -510 212 37 -802 -77 -623 -648 -577 568 -340 280 -624 -720 -189 -53 329 114 250 -694 1098 511 193 371 297 161 83 -594 735 -12 -979 19 836 -145 -483 -199 807 827 -7 -1010 856 424 473 655 1484 -728 241 248 181 -1089 -601 1598 541 756 -523 528 -126 -1358 -83 -341 176 779 370 -301 381 468 -383 -1085 247 -469 742 521 218 138 -728 -1071 -168 688 -632 52 240 -731 -2079 -698 182 -434 -179 585 -1052 -649 -395 683 1214 -908 -987 244 
684 -161 -1131 172 370 140 666 -924 324 -91 83 586 381 498 -750 415 278 5 -508 850 686 153 -229 -1272 -206 -328 -777 -105 316 -161 -33 -625 -697 -317 1040 540 856 -258 196 688 -407 13 798 393 -393 -298 181 -523 -597 -155 -273 -328 765 124 -18 -236 -192 -791 -1252 -665 274 1718 -725 -827 -1027 -293 -17 376 49 476 550 36 979 575 -620 -664 918 -620 66 -64 224 949 900 -94 526 464 934 485 -1169 321 829 323 -827 -229 679 764 -8 -1013 184 -139 698 -383 -794 -1232 246 -398 -117 -1580 1015 -1099 612 963 -455 -1255 540 499 385 27 80 281 -398 631 -1221 216 -1277 516 -1069 812 -371 420 -1083 -1250 -1165 404 106 -49 -289 -337 967 119 889 118 635 -223 -437 30 -258 91 683 -380 -1151 -63 988 -1000 876 345 -95 -153 148 -607 1195 856 -598 -290 1018 -840 366 397 7 622 34 8 186 -124 822 -902 -210 31 -259 -83 -743 8 -785 680 -568 341 475 804 -1036 261 310 -720 46 -677 418 418 -338 -416 409 -22 135 -493 256 185 143 -553 279 638 -179 -581 905 496 234 -209 543 667 65 84 -551 -769 -461 -416 273 456 28 1021 410 -725 -353 -186 -78 -171 -506 34 -534 -239 196 178 -444 269 252 -125 566 -549 852 -713 169 476 -389 -442 711 -395 1773 1103 -669 -182 2625 34 -82 820 1836 778 -757 92 311 -334 -104 -402 -91 -20 361 -511 134 -155 -953 104 -42 1184 -260 -392 -358 156 181 441 158 -1448 -938 127 361 -245 312 306 69 -483 77 180 664 -235 234 -504 
330 476 813 -173 -959 810 -680 -73 134 109 686 1119 515 294 246 93 483 -513 -582 182 -560 5 -1014 -968 675 -117 1215 -848 1162 803 177 -642 -475 -274 7 195 633 -92 427 -417 -138 812 717 -717 130 262 -404 299 857 -278 503 -979 468 587 692 -832 84 -30 -835 -108 147 1004 -706 179 -1006 214 -341 233 -163 331 -655 -580 -3 3 -143 426 -351 667 -316 -1085 868 177 457 -256 338 431 -180 756 408 993 34 -208 1098 421 41 771 801 40 327 -620 586 91 -907 494 583 1002 12 307 667 -1025 638 139 -2 640 -195 361 -1140 -247 443 61 522 280 -90 -978 -723 184 256 197 1587 -689 230 -394 290 470 3 -1449 1330 671 -407 -276 -1100 290 -101 555 -158 1122 624 218 -218 -65 284 917 -211 -559 -1919 728 243 383 136 -120 -623 858 -179 -407 165 -684 -1946 -453 93 179 16 221 851 -402 -243 734 -262 64 1225 -809 764 -434 -1342 810 1097 41 -1143 -425 94 535 650 -137 -496 356 281 -342 -71 -1055 -439 -1190 -17 113 988 488 300 -356 -727 -1054 -697 377 83 223 -416 310 87 -266 -853 1075 -194 -396 -1951 547 186 349 772 1392 -1082 363 787 799 -388 570 122 -488 -341 1259 709 193 -671 613 -37 -245 144 -1217 -1220 -219 -100 -1004 -988 -245 -42 -575 32 -992 758 -631 475 -521 -231 279 299 -535 251 -568 -807 913 -284 -269 -132 -40 -1019 180 -378 243 -900 61 -177 815 38 -709 417 -770 -502 -676 -738 349 525 -151 -1240 544 -1033 -73 1454 -512 -239 724 -550 293 65 358 
-319 -1088 -936 -525 -76 -545 -319 -45 394 -1186 -231 1276 77 -12 -441 431 -435 -830 -28 -254 673 -543 -1170 352 870 1037 161 884 -500 371 204 350 406 826 -506 24 93 -326 48 -306 -501 243 1602 351 -158 95 380 -59 703 -809 287 373 252 103 -125 164 80 114 -377 -551 -348 65 -446 -1149 -398 396 -225 -775 951 -191 -801 805 -342 330 -86 655 757 575 34 -711 -161 -60 1489 189 10 -693 -707 -520 358 -273 974 123 266 -416 -145 157 1006 54 -445 1023 -438 -989 -769 -133 -416 1886 -1005 -468 -381 -249 478 96 -307 -1586 734 -228 -111 939 -190 -1068 -57 36 -324 439 -803 518 74 497 -484 116 -465 -37 -49 -249 261 -1065 814 1020 1358 -511 -55 -128 1627 -163 744 -447 -98 462 -660 1170 919 -824 280 -286 -452 287 -193 229 123 -550 218 799 60 -604 1372 -455 -413 146 392 86 -995 450 -400 -789 710 -846 -589 76 -413 145 -1065 588 696 -37 738 -151 -335 258 -653 -1001 -744 155 -123 -257 650 955 379 233 -81 -40 269 827 -250 -533 139 -753 -1010 739 798 -1192 -169 64 -746 367 -531 -1188 679 -723 -901 -225 -441 1077 -1293 -280 489 -584 61 340 -74 95 561 -524 -258 -817 -342 -238 -1305 -1079 -485 -332 -665 -34 206 -1072 -455 883 -1208 174 269 862 681 7 95 -257 24 -415 -827 1376 333 482 790 -388 -294 -426 -98 -403 397 -836 700 624 -393 438 -963 782 -667 -84 -609 -138 -752 -507 -54 -882 -775 -273 -196 286 -708 -12 -918 -362 584 815 -564 284 -387 -771 -984 311 385 404 
126 287 1606 415 -526 -658 551 91 -435 -557 -85 -1329 -261 181 90 -142 620 -278 -311 985 1484 -778 718 -625 405 634 171 -399 377 -542 -996 553 -470 -292 984 -120 1084 514 -1392 -408 -51 179 1170 176 -114 -449 -854 -632 -385 -91 533 -123 820 -205 -780 -877 -802 865 637 -715 -294 148 -1482 460 -314 813 625 741 -3 701 1559 -1158 1254 333 -276 -921 -252 635 790 -852 943 362 -1753 352 -544 7 600 676 431 -73 -904 -304 465 186 472 -164 153 1745 261 -667 165 -317 316 392 -155 232 -179 -533 -472 -1083 956 686 -247 -753 82 590 622 250 1493 -111 -1192 260 -774 77 135 471 680 -76 -286 1537 738 -752 276 200 -568 100 -261 -381 -305 21 -476 222 -577 -153 -453 103 -234 340 -310 546 313 -1272 234 -447 -914 1136 571 690 -694 -334 -794 55 1144 -316 159 -355 -595 115 -641 270 637 -529 821 179 1381 -689 630 -455 1227 244 -783 23 -547 1102 -351 366 -777 -167 434 808 759 -1723 -450 -665 -732 11 -54 149 -1002 910 -396 -423 -256 -202 -1066 976 118 -146 -319 -166 115 -507 687 -507 1148 -709 -219 1103 -313 493 60 -1539 525 -85 -5 670 -159 99 -310 -1429 -190 191 99 -154 -918 -348 525 211 -1167 -710 -147 475 -215 765 22 76 13 -451 -419 -528 -704 -1637 -1077 -634 -123 -302 145 -991 406 -41 -46 481 -311 107 100 -876 -489 358 166 413 -288 -621 -685 -853 -37 -225 367 -162 -624 -1022 -174 -371 -234 -1479 983 127 -148 -832 574 -825 -703 -18 -914 -601 952 223 518 -106 -162 -19 
1098 105 1658 1005 196 -239 -445 -262 -4 -179 -141 -296 972 -299 -576 1180 -97 -700 -263 366 234 -480 708 -53 80 -174 661 -325 -135 -911 -128 -245 602 -537 623 108 -705 888 -58 620 -711 342 929 472 103 -849 -123 982 237 -196 183 -1345 -899 -566 746 140 -271 -124 -504 -54 -884 1475 295 110 -633 190 -240 -342 454 114 479 -846 246 355 340 24 -924 1048 532 -432 -469 282 -732 -104 -76 -373 -321 57 226 752 579 580 681 50 -534 -184 -952 -529 -885 66 159 2067 17 115 -147 33 -231 -417 123 -1612 -63 -620 149 359 567 -1100 40 -965 158 -1107 -1076 -125 -573 354 -327 156 -35 -447 -262 -1344 663 -23 268 231 396 620 1059 22 -420 507 -618 -222 -606 221 -1036 227 -330 -215 23 59 -1521 -860 706 -538 -1072 794 528 470 768 -438 -22 -240 549 598 556 -252 608 -722 -313 -1259 556 177 531 -299 1292 159 1230 369 -118 608 -1190 326 -425 -139 980 303 -272 -543 818 -238 117 -372 311 213 708 548 1206 565 -452 -600 -166 471 -200 264 570 211 -728 882 72 -458 -883 -343 -1216 1168 879 694 -254 406 69 -13 -150 -462 -176 415 -37 -295 -372 655 -166 546 -653 -795 -258 296 1115 -383 -69 619 -220 -520 52 -103 -245 -703 -961 15 -291 46 195 -318 -1912 -725 1383 -541 -329 19 635 -621 -589 -604 618 -1394 -144 -606 -163 -136 -963 -884 883 510 400 342 -539 -955 -603 778 -338 653 -39 -1101 -315 295 -260 1220 786 -71 954 -340 -1429 532 35 -536 -221 -14 -257 1183 241 -257 -300 -282 
-130 126 -681 -900 -346 29 360 -232 1004 -2 -170 276 -42 -379 495 -765 -219 -328 106 463 -454 357 217 -111 -76 -204 825 -528 -115 107 560 -85 47 -669 -50 -33 816 -112 181 -222 -937 -467 337 330 -966 620 576 2 -51 -649 -806 -151 315 -51 -1232 594 1068 340 114 -183 978 -922 -564 -569 112 -110 -655 -1114 826 -296 1422 800 -355 -209 462 -386 404 1155 -930 208 -985 -42 106 -118 -648 637 1386 -362 734 -1582 742 217 115 291 -436 -304 -83 767 -1283 239 232 -185 240 -450 1062 -240 272 239 1443 -289 -643 -207 -222 -254 -2 -778 -877 344 -157 319 145 21 400 168 176 548 -158 178 157 156 1635 306 -91 -726 -129 -559 1084 -9 -62 797 317 540 32 1083 620 779 821 -1142 632 -909 -315 573 -91 -682 -27 529 -881 68 163 -473 -37 -446 327 -479 -672 -336 -1133 463 -112 -668 -451 -186 -45 -720 -324 -26 -368 -1247 6 -94 -77 -1623 -348 795 -648 1152 274 705 79 391 -159 -1462 17 1054 92 38 -422 99 109 -486 -1167 393 217 556 820 468 691 428 -207 225 562 -91 259 832 -1272 78 -1070 811 629 -64 -439 -403 155 -153 -1410 133 1171 1631 -241 -663 -388 -159 367 189 -192 -1266 698 -373 27 -320 -588 45 -338 414 845 855 675 -41 770 637 -505 284 -790 -467 -39 -969 -249 -695 -954 886 -526 -616 -1552 104 178 -1285 257 -777 -106 -70 -197 70 374 1179 -63 602 -91 -806 549 626 475 151 -672 -1093 625 480 203 -426 252 -1387 -325 -285 290 -407 220 -92 267 679 281 566 
400 -284 -500 517 -1286 283 -932 -75 860 470 290 -79 514 -165 -101 -432 -1537 -292 995 777 -544 797 -11 -270 1406 319 111 0 -271 56 1460 27 -143 347 -631 63 1028 764 -327 96 -577 -917 -675 -1125 -255 845 603 255 -380 -76 -947 -213 244 66 493 -252 -73 -231 136 -402 617 -185 705 -104 230 -142 -1498 210 873 32 268 988 33 -1637 -534 908 -691 399 -1145 791 -294 -36 -470 -335 9 186 -878 -747 368 -544 345 -437 -61 -14 -1094 680 580 868 1352 506 29 265 -2237 498 -230 947 -474 1101 -435 -521 28 193 -797 -113 -73 -103 539 721 -1055 68 -747 1465 456 1595 -640 -4 304 -128 895 193 -1409 -243 -762 -643 -329 496 187 -390 -1065 -372 26 -486 -297 -154 698 -776 452 647 -704 -48 -511 -12 342 -1081 254 -98 555 -159 222 222 -1057 425 -951 406 -422 -18 667 720 -526 -665 -1127 850 -175 -369 -335 352 -636 -806 -286 -461 -343 777 -390 37 -640 -119 897 646 441 169 -29 -167 693 125 -576 897 -814 542 -9 -699 854 505 215 1333 -155 -14 401 -75 427 630 87 -1007 354 57 -264 -303 515 -410 -276 -850 330 -76 -640 -10 118 -892 2742 514 101 629 335 455 -678 538 -109 -501 -362 1058 -79 992 1315 400 479 541 -139 -303 432 795 164 35 -754 730 -1397 657 -83 -264 -653 550 270 950 16 -1256 650 -302 44 270 -732 -382 672 -822 293 -450 657 66 -508 1406 1037 -2128 906 -636 523 561 211 35 -399 966 51 -504 -452 54 1206 857 395 -358 338 -157 20 31 71 512 
993 -703 1212 -1132 469 -83 -1373 -435 344 871 156 -390 -161 426 21 11 631 -215 -128 574 -876 1128 -316 536 -237 582 -502 285 -446 -558 -113 -190 -936 942 925 -626 258 1169 -371 1 1155 -348 750 -286 -619 -110 -114 -1365 300 807 59 576 217 386 609 -114 736 1122 227 -515 222 375 -100 963 -1413 -274 -1239 51 -165 -199 493 -118 -29 -432 332 325 -631 -718 -5 -424 -842 -1241 -1628 125 -275 -211 1134 1684 81 -229 101 -846 92 -199 225 -286 82 911 625 -649 304 128 -594 -535 -581 71 254 538 -996 91 190 -697 622 -466 -163 -683 -444 933 -168 -1108 924 -1040 -252 -299 1352 110 228 -985 1378 -828 926 -457 77 281 -166 217 922 -345 -29 -465 -23 -839 -1027 404 469 919 -210 -308 -61 -265 1112 17 -844 1034 475 711 319 -602 -258 -54 -597 112 -593 -618 300 286 -282 -894 -905 1399 543 1137 813 -104 -324 341 447 483 -58 124 510 475 -765 -334 207 819 892 -463 571 -347 952 162 -100 -1633 -354 -767 -434 104 -298 -126 -782 539 812 -292 -67 465 -1492 -179 790 427 -17 -858 348 1046 1523 -58 -374 -416 275 -308 -505 6 1513 -1516 339 342 -1429 -540 -503 -13 784 645 341 8 48 103 -161 45 319 -1271 -952 131 -82 3 -1096 -1212 -1030 283 -845 -780 271 -654 144 -580 949 84 -623 -1362 594 -602 647 -762 -320 460 695 -114 -377 910 242 779 -872 1463 -1891 -666 536 -81 16 376 -710 -543 307 -819 -765 367 76 68 460 -736 -406 -1340 93 -161 -312 476 -1323 551 91 -22 118 342 
-655 -1008 165 709 37 140 -683 770 73 77 909 -494 626 -238 -937 -385 748 187 547 -188 -15 1551 615 398 168 -1003 -367 -514 1080 83 646 -1460 592 -894 459 -430 -54 286 153 805 -1228 607 1025 229 7 575 83 -280 -1167 -791 160 616 603 343 -661 196 -608 75 -845 388 -509 -82 858 732 713 -1468 -349 76 -23 -719 1 1238 788 29 -189 -338 -84 715 -821 -572 -440 573 -358 -1082 209 101 971 753 -653 -306 -1109 395 688 1845 -419 -453 404 29 -259 292 -740 1263 897 445 -712 -228 -232 -489 -451 -99 772 -543 692 -566 -204 33 4 30 275 458 318 394 661 -1052 320 1307 -62 -782 967 380 359 -29 -850 -832 581 -79 1560 -326 -470 -248 -499 -364 -166 -67 -468 -81 -306 -592 -591 371 710 -583 -56 -310 495 279 -533 -283 687 114 73 -370 675 -870 -204 46 -809 -999 -423 -219 826 -229 909 220 447 79 -1439 768 1134 302 -235 -69 200 111 -233 603 142 -134 296 -1921 179 -834 49 1100 -156 588 287 -1398 135 -840 510 -676 334 1262 787 35 -162 2014 -598 -349 893 -1365 296 -499 208 148 -161 -226 1022 332 -567 -327 -142 1100 94 -261 172 -15 497 -106 -191 -612 1174 -879 168 617 1067 -77 -506 568 103 299 702 -1020 367 250 -296 380 613 1199 -118 228 391 760 938 30 -113 -307 -351 33 -242 399 -119 939 -162 -517 -46 -470 -528 1243 330 1214 88 102 -182 -1015 -406 -751 -421 897 48 -355 -466 517 -321 -4 208 -420 -89 842 -471 510 -273 828 -332 -139 558 -636 -428 911 
797 137 -624 -232 312 125 -908 -429 542 332 -797 -40 1208 -411 -997 -857 -401 331 -337 292 90 -704 484 189 856 367 580 -1160 -341 -1506 -97 755 112 -976 -685 -7 -339 -362 -264 14 -556 -183 -360 -484 -51 1211 608 716 -238 -161 -563 -195 -517 1122 424 102 -309 -779 -933 295 -322 -979 1604 -1000 -563 53 -438 653 700 -437 1026 -249 -919 428 -317 -315 498 -974 -244 495 560 -165 80 232 -257 345 -694 -921 35 1802 -507 93 1030 914 -202 287 -114 -1094 -48 -453 685 -132 -107 427 400 -1250 -676 223 -220 364 45 -28 776 999 -342 135 -501 -499 -127 -1131 -800 393 455 237 -477 382 -1424 -927 3 665 -422 74 -726 -844 169 -726 -248 -209 1338 -954 -6 -301 167 -530 -590 -815 799 -431 -917 1057 -1113 286 616 266 750 79 233 -187 -1011 -494 340 -394 -519 444 326 -39 576 -553 713 -1387 -281 -95 417 767 258 -369 114 -44 724 624 -594 -9 -241 -79 -144 -141 434 -28 3 -25 42 388 325 692 -373 878 -873 705 485 -1064 48 -565 575 196 547 -498 43 -393 -306 -1730 211 -348 -372 -943 173 -40 587 489 4 -17 -239 329 -242 1466 416 283 -517 406 319 81 -626 -558 -266 637 -588 -1075 -442 1010 47 -200 711 -1339 -570 830 161 -538 -873 -400 1435 1299 -406 -675 -468 46 260 -765 152 2427 -126 -609 -516 456 244 -60 285 486 673 -1232 260 -143 -953 320 -141 36 2008 1495 -150 -761 372 -80 1253 341 182 594 1150 830 767 504 919 918 63 -1289 248 -215 475 1212 439 536 -857 852 
62 -34 455 37 -345 1187 -1267 -1306 689 541 349 406 -442 222 -395 325 -579 399 188 446 -911 501 -188 -714 114 -1065 462 383 87 355 -219 -689 780 -350 295 -370 432 443 1111 -578 575 156 -418 -62 217 200 -298 1481 -534 773 444 615 1156 704 -276 1468 387 -499 -335 -309 -708 -586 400 479 -1313 -245 -107 1158 -68 1044 -620 501 127 206 -606 -1455 -122 600 -1165 1113 -225 192 739 218 -799 -253 577 -1222 22 -406 516 -51 -836 293 485 -870 -523 -155 742 1523 -359 -1657 -751 643 -110 -727 236 8 -100 545 -685 124 185 339 555 -272 115 -437 -510 1433 419 -57 60 367 -201 -177 -656 473 533 -613 -1059 5 -23 -169 1113 -361 -334 377 -33 -939 597 50 700 278 -342 -980 865 -262 811 1317 603 259 87 781 1005 -167 611 -822 956 825 182 -33 -21 930 499 -61 116 -1149 -50 554 649 -1206 -1058 147 1009 510 -437 -1177 97 211 -356 57 -513 -739 87 1238 -104 -282 514 -550 102 31 214 -29 -134 32 252 -516 -89 -803 627 28 703 95 803 790 -206 238 -554 -533 -205 229 -757 331 -6 -1792 261 -884 137 -39 -1103 -578 522 311 103 -346 1063 569 340 75 -675 -585 853 196 811 128 273 1446 -218 31 348 -715 -342 -525 234 -29 11 -1102 -418 677 -737 -305 591 642 1072 286 -492 1042 -90 -552 -415 305 251 -382 1259 -1041 -170 -709 -61 -492 511 551 -618 -400 764 71 -84 13 -1403 539 -240 -501 1431 -571 548 426 706 71 419 424 -675 784 783 824 -110 398 258 699 196 661 
551 -146 250 -41 -349 56 -995 -396 -267 7 -178 943 -676 79 -874 -964 -1385 -169 863 -571 -601 -520 75 1580 -903 560 -142 -521 -343 -484 -149 -360 -55 -182 591 -650 -103 924 1080 997 565 -409 -270 -946 379 -911 -652 -511 -595 -1059 -1421 -294 838 387 -1458 -120 393 -340 17 -255 -473 -1029 76 342 622 1274 158 -719 695 -242 96 -183 1265 -912 -1080 1096 110 104 -337 998 -463 983 201 -375 870 -663 -394 -341 982 -500 -853 -234 -970 216 170 -236 -389 -1554 1349 448 589 685 -33 389 -162 266 380 -778 -389 316 -176 -46 608 984 469 63 103 -393 -623 319 -775 454 -238 1587 -387 339 600 -90 759 -120 -963 627 -754 99 61 220 1055 -425 889 -484 -51 120 -716 -173 -15 523 -240 1079 840 -212 1123 968 -31 1139 -717 277 439 -99 -137 -430 -683 62 -309 -674 -209 1341 -1119 -98 -523 407 -1102 -327 46 10 307 -478 396 -236 -202 554 -691 -1180 233 258 847 365 -995 269 -885 -123 85 825 587 619 1051 532 -889 442 -7 855 319 -113 -123 -920 -1821 51 -82 -996 -313 26 210 -357 437 649 504 1316 181 465 -1014 -162 656 -119 -240 -794 276 -665 -45 -341 -682 -846 -455 -921 -133 277 584 329 -759 -727 -400 -104 675 -1225 584 -306 1214 -92 656 -84 388 917 387 949 840 503 745 489 -609 -98 567 -520 731 655 -541 -1238 -265 -58 -138 -39 -829 -499 -54 -536 521 -252 757 242 473 2029 -210 -406 -700 -949 365 -971 -680 -56 -730 27 -287 -1270 -350 -216 404 -417 593 -454 -895 -23 1169 -526 
-575 -317 928 443 -609 -339 99 1163 -479 33 452 -410 -267 378 -169 215 -188 263 778 -618 386 -194 -1022 308 -451 471 1044 -37 -180 -576 1190 -742 -599 35 -66 235 -334 1728 -798 1056 -370 430 80 -1035 -970 -592 1165 562 -67 -1259 -428 -1278 -1201 -1399 573 -516 -461 538 43 126 275 -623 -464 71 591 -1169 777 -585 215 393 -106 210 -356 -850 289 842 554 -581 -115 -1173 -448 988 -35 -63 1207 -135 -401 201 -167 -932 542 -53 -476 -118 -281 452 -1211 680 579 527 -84 -630 250 127 -461 -383 534 -1214 -1924 295 -702 -383 -336 171 181 -436 908 236 -249 929 313 673 573 10 170 -272 467 406 137 460 -1384 397 -146 -1752 1 848 180 -385 -223 328 781 -164 0 324 -568 834 -44 119 694 -1238 244 -643 -184 714 1251 -739 -132 -386 123 73 -723 -142 1255 303 -760 1254 462 -197 -891 651 -915 -103 202 434 161 -137 536 1688 -288 97 -575 -388 1079 17 -882 24 114 -754 -643 227 689 310 1107 743 504 180 -1742 483 -155 -387 1168 1576 -15 663 -1056 182 1568 -297 175 423 863 -344 374 -461 168 122 -474 3 662 -999 807 -46 904 -698 580 47 175 476 143 -2070 520 -755 -119 498 18 1108 -567 569 -254 218 1551 245 -127 522 1089 -433 814 562 -45 -1219 299 76 809 -867 368 1006 634 425 -231 -309 -173 465 571 -1160 -105 -554 264 767 51 -1014 1515 244 325 -152 -540 629 240 -548 -69 548 -514 -434 -737 398 -791 -58 500 68 173 525 -1015 503 175 557 614 38 618 -698 -518 -501 
18 1147 -1151 -639 -296 -866 -815 -1223 529 210 -699 10 133 1204 -542 426 399 -26 -943 -87 872 39 889 -8 728 244 -563 -61 -1194 69 -851 -291 514 -597 -1066 501 1201 -215 1145 9 1308 -1299 -101 -407 -134 86 -429 888 -542 -163 25 325 564 613 -1034 712 -540 1136 -755 -1531 52 409 -973 -134 927 680 392 459 -487 294 -331 655 74 -115 -429 1160 5 1399 90 670 -151 -993 -346 -935 250 1143 15 -20 -165 -51 872 63 280 -453 656 478 657 123 321 783 -1133 -138 211 1040 1340 293 111 691 -40 -45 -1564 1451 1072 -25 399 -780 -3 287 -728 709 -536 119 -17 956 12 308 1088 672 -225 -83 469 -340 -988 -467 726 -615 1658 523 35 -942 133 299 416 1050 -109 -402 -1245 330 450 1342 658 154 557 344 -239 -390 -1006 -1376 1118 -961 1186 -597 -1336 192 -494 146 -113 403 -468 1127 283 -1058 508 1566 -21 575 150 566 606 -24 -952 -243 86 -344 311 -694 -574 591 -164 18 10 -139 -920 90 -8 686 421 -700 294 196 364 -162 -755 -227 -585 248 102 471 -1 548 192 -49 -141 -501 582 -744 -58 -1044 150 484 -493 453 -80 499 -499 8 796 -339 282 -696 1332 482 652 -132 -1043 191 151 -937 -1098 -873 -697 -301 268 -236 875 1463 144 536 -795 367 573 -606 194 -640 -18 347 -255 -81 459 -287 -483 146 901 269 334 -991 -69 -547 -228 103 481 1375 -534 -866 88 -383 -644 -208 -512 2 264 316 -90 -272 -405 691 418 -34 238 -759 -221 434 -633 214 -486 -1502 -169 -374 628 -905 
-627 -833 38 -631 842 803 348 623 -418 616 -506 445 62 443 -25 975 -120 -395 3 224 743 471 -797 473 -296 674 -34 -50 458 -338 -579 -546 -129 -94 -76 338 -1248 -255 -170 -270 40 752 -363 -306 -810 -174 -283 558 779 -394 -924 937 -32 744 -181 740 -281 379 679 553 -1070 533 316 -862 687 355 -683 -122 339 478 756 821 -178 454 579 -273 1594 1412 -924 -139 -1303 364 567 -354 150 586 351 -340 210 932 -169 -567 522 -104 682 -177 40 -581 162 114 187 -334 -188 -136 170 -952 468 -519 173 1180 -377 -1012 816 443 323 -561 770 -712 -141 -112 1 -1067 -387 -181 -644 -641 -284 -122 648 -818 -357 560 -123 -552 1132 -354 997 28 -442 -144 358 157 -311 -202 1335 -1007 110 -518 98 241 -1166 25 259 663 216 -275 1096 -1316 -888 843 -777 -736 292 505 632 33 1580 -1393 337 630 1137 -665 217 601 -660 -162 -272 511 -473 -547 285 -1107 292 150 -767 490 13 333 484 708 -1849 -449 -418 307 320 120 -74 -125 589 -371 -1323 338 489 232 832 -312 -104 -193 25 -148 -456 267 353 445 -707 -1253 560 -1107 80 118 116 -202 -630 -119 -1195 -1133 -618 893 -718 -314 -172 -979 356 -29 -302 -95 -331 776 -360 -692 -1324 -1052 -354 -306 -1083 -1042 1096 -1218 -17 626 550 367 44 591 284 165 980 777 447 -1269 -1030 -162 201 -289 -68 588 -689 283 125 287 954 1144 -232 716 -123 286 -1355 568 658 177 -216 -1084 -804 -237 -591 -460 -212 -158 -586 -646 -878 -444 201 -369 -461 125 -1401 522 81 219 
215 -567 -168 589 -310 284 892 155 846 -277 272 727 -246 -758 -568 -29 237 882 774 690 58 573 -924 695 -1533 -1340 768 -167 385 1762 -4 575 25 -852 199 281 544 -801 401 -552 -30 2309 267 528 477 -837 1090 -1220 40 -1046 -31 757 -79 -30 360 -450 -117 -219 652 -703 -96 140 -253 39 263 -155 -16 -2 -168 -598 -38 1259 949 -796 966 389 -703 -563 -777 386 -761 651 132 246 -215 158 684 730 -936 -1380 -521 -30 -283 -337 -414 -538 -689 -708 964 367 232 764 438 389 -1 1131 -82 102 610 37 52 151 -1011 -677 -624 1019 432 -427 92 875 724 117 -493 -657 59 663 178 -928 397 -715 216 -330 -325 700 -1047 16 55 -148 -876 176 -90 436 -64 -454 770 615 618 -554 -1087 -375 -602 511 204 -238 -194 423 240 449 141 -542 169 -1131 209 602 -334 1860 324 371 -294 -700 81 -129 -683 -687 -158 -365 -290 -912 241 -933 -223 -284 -1321 -1286 1018 251 -163 -286 731 -135 784 710 -148 -229 -216 -1020 -1375 -643 1166 -273 503 449 -125 1105 -538 -403 -235 677 -165 1085 856 261 177 823 -351 735 -545 181 116 -733 -697 672 -442 -692 -1311 404 3 287 809 -965 30 -810 -55 416 -95 -273 442 65 711 826 49 -930 894 -675 302 -348 -423 112 -253 204 930 -827 -1046 -610 -389 -814 -414 464 -102 47 -1395 46 1139 -784 95 1098 1088 -1626 1082 -503 309 933 212 -662 -153 360 82 -311 -385 -589 83 1041 130 -829 -269 545 -830 -791 -337 -51 367 -668 47 494 528 -34 1084 -746 870 204 
89 -399 -1624 -275 -618 -363 -144 1044 -19 849 1027 -76 -527 -10 9 -1113 -166 838 715 -241 437 53 -682 239 350 425 166 -376 1146 -934 60 -598 -541 295 -482 -523 977 -789 430 -784 -1582 -703 80 -785 -773 198 121 269 792 -858 -64 663 -206 -605 556 662 385 -1259 392 101 679 -961 893 -928 341 -776 -728 430 612 -68 -143 1880 -163 393 277 -243 -894 731 -326 -246 -76 -192 -457 -545 -248 929 694 -521 1328 218 -1314 -52 -325 89 595 323 -146 -920 -651 -297 -977 -738 -38 329 -1081 1191 336 -293 -274 -638 -862 97 613 364 -451 -1224 -1144 902 63 -722 -362 -440 -605 144 -37 -261 1091 -286 822 74 624 623 -110 -19 -469 -143 -54 -768 1836 503 -184 400 -1087 -667 -741 1219 1789 -123 -1124 -387 763 386 197 -638 -486 13 420 1026 -349 56 37 -105 -52 -454 372 -615 -385 47 -166 -1163 -908 -274 -440 -76 -593 -1255 -172 -407 488 460 63 -287 1105 124 124 542 -173 -241 -765 -380 -116 -82 553 -148 -801 -520 -1216 769 1050 565 347 -75 1079 -320 -189 746 154 -379 622 -610 359 -199 442 -50 -225 -885 1080 -1084 637 -371 246 220 2017 110 -334 -365 -71 1168 -91 -399 -781 149 -1178 405 4 -240 54 -214 368 -594 -594 -445 -90 493 -1253 812 -100 -264 382 691 -587 585 -966 -774 311 -404 -553 -569 -573 -20 702 -201 -282 -466 -892 -632 991 -85 937 -192 -184 421 -318 -277 -573 -606 -963 -1113 -260 -959 -703 594 -75 162 272 487 1302 809 521 490 -282 -820 -711 100 1219 -1182 -474 681 -168 -375 
293 223 -158 -345 -701 1193 336 -1314 874 -1020 399 -308 100 1254 611 99 -189 -813 -570 -561 684 -961 903 -489 -247 -122 -718 240 -252 13 -133 -403 -335 286 332 661 755 247 -240 124 647 153 -397 -1211 202 229 -483 331 380 703 799 1090 -1250 549 362 -413 567 -287 499 -832 200 428 128 -152 -34 -1543 324 429 -133 590 772 558 356 -1064 -272 -913 1071 93 325 613 -56 348 425 -422 146 478 -426 -1324 639 1857 -621 -27 1071 -770 675 -537 -936 163 -118 484 459 522 -1059 380 -473 -1094 -178 426 406 -6 -124 149 -164 -76 862 -234 -372 374 129 -110 -247 2049 317 965 751 -923 -449 -17 -773 -788 636 -64 -458 1138 -260 399 -1143 -913 -1176 382 831 912 1215 363 -231 42 -339 504 -119 696 938 339 1061 50 -361 -496 -232 -1600 959 -1725 -959 -29 212 -161 -7 -634 1230 -167 832 -114 134 -19 122 492 489 -95 308 641 135 799 -1180 338 37 -532 790 -263 191 550 -293 -91 -313 1517 328 -43 -959 -1011 606 7 579 137 381 702 360 141 -284 180 -273 107 498 1218 -313 163 -431 449 1162 -844 754 -914 270 74 -226 -910 -122 173 -485 211 -380 -239 42 414 254 880 1638 -381 1021 -54 30 366 -197 269 -133 642 -589 1081 143 87 -361 174 -785 -618 458 246 235 -645 -476 309 651 467 549 -544 51 1002 -219 -1478 752 -418 -521 -1234 -1043 8 1220 110 -322 881 97 446 104 -450 -59 -529 718 55 -538 -55 489 -44 -590 -81 283 252 922 -668 52 -282 -654 -529 -861 775 878 17 
207 -535 437 -934 -73 811 -859 -1057 -152 -31 180 -904 -489 -130 578 -476 -586 588 -165 1748 -597 -816 -169 -338 639 64 313 701 695 924 267 813 1391 -429 525 336 -153 -643 425 -499 -959 147 -458 -589 491 905 293 221 -482 -298 900 349 -898 748 -94 -1094 869 56 478 -158 459 420 347 -24 328 191 16 -398 -375 758 477 211 860 1230 1833 605 -462 -555 110 226 912 -1060 -707 43 -21 -405 724 1246 576 242 22 351 -1428 715 235 193 -536 -1272 422 170 -104 -747 862 868 -652 -36 1120 356 -6 -238 158 557 928 -252 -885 680 -396 -254 -240 -455 122 -748 -263 -303 216 129 -1278 -114 -651 221 -988 -286 -275 -1490 336 958 -676 256 -682 71 -353 530 200 -839 1109 154 479 368 1074 -636 -580 187 741 354 1 -747 459 257 -792 -25 -801 -688 -785 186 1350 492 607 -2078 -699 -701 -642 1169 -455 -913 -940 890 204 155 254 238 679 -224 -236 137 -73 191 1240 347 369 -1485 -283 -100 -844 924 1250 -763 41 177 -1503 357 -624 -511 -983 -665 -1209 452 313 -891 -124 -37 386 919 1061 436 45 -692 -351 -1518 492 -560 -254 -522 774 653 -905 1815 -115 -60 -226 -983 393 -283 994 -42 -372 35 -690 485 226 341 47 563 -410 406 514 128 -367 1268 -994 317 547 -238 -420 71 814 -674 -403 896 248 164 10 -152 -243 -476 325 -473 -237 34 831 1423 1183 -935 -108 1033 281 328 -32 655 -404 1059 -735 -216 155 238 918 -1013 -830 -697 283 -922 -43 -91 -543 -652 -315 -559 784 189 -177 -768 
-735 -353 21 -882 472 1437 811 -369 -759 -1357 870 -701 -970 686 -707 221 227 -148 151 389 749 274 -665 20 306 176 -341 324 364 -346 336 898 151 -81 -274 -492 -699 155 839 58 -887 -510 1038 550 677 -1003 -842 917 750 -199 193 -669 561 73 -1851 -335 835 425 -472 277 -369 247 -484 -1126 149 51 -308 -227 142 -88 45 -632 -385 300 -580 -380 174 905 -147 -671 -756 -747 15 32 741 136 -689 21 322 1021 -747 -137 -211 606 -818 19 -509 1 556 261 332 -173 -392 -876 -647 -230 -304 -553 -1187 747 1133 522 -650 835 808 -372 -88 -142 314 641 -721 568 886 923 -157 -1280 236 -606 495 -649 902 -684 122 1057 -236 -573 -747 1062 -751 -735 417 -436 -217 -220 199 193 -895 432 222 680 -613 713 235 347 -1023 -474 263 210 -1163 767 -856 372 -1362 157 -568 -290 -836 63 -238 -232 -313 -420 -398 -324 225 1484 133 162 -332 -798 -46 -357 433 75 45 443 254 1307 182 73 103 318 649 338 295 443 -1 -2 -840 298 -449 361 -472 -259 1046 -13 145 -1217 455 -310 523 -530 -21 -680 -667 -262 -92 -427 663 652 424 163 206 -14 9 607 206 -446 -852 1446 446 992 -553 -689 -1526 -267 -102 -595 459 -170 -54 -199 -90 441 -500 115 341 -371 1024 -558 -1084 -553 -1123 979 -158 -755 -296 357 133 -173 1023 -941 -840 -288 -1272 1173 122 303 -172 -299 -535 -2666 227 806 1397 254 116 -949 90 -508 973 388 821 484 55 1204 1015 433 -984 -195 116 -1364 621 -175 672 -1025 -1184 549 638 -463 
-571 -464 -696 393 1392 696 565 -453 -383 -173 219 -99 238 -1041 -388 -1474 -794 71 -1485 759 -1079 -570 98 183 -387 7 -275 76 -402 624 -155 -585 975 589 380 -197 838 -614 306 -261 843 -77 -7 201 -174 -409 -566 -1284 -351 256 -660 1072 217 -28 -902 477 -1546 554 -326 309 429 -845 301 -854 1221 105 -733 -303 -258 488 -101 -459 381 5 -115 -575 -660 -119 238 1110 -548 142 385 229 -582 -1085 131 -488 523 -32 -143 -226 1130 110 84 -405 451 -440 145 -200 -320 459 418 25 251 -356 -292 310 545 231 1173 534 -705 -1328 -463 167 306 -259 -397 -340 -576 -120 890 -479 1773 -148 -324 -572 -631 62 -27 835 -1177 -532 518 517 -894 -301 -160 131 -521 -895 105 511 -507 -92 -505 587 -576 -421 -758 -464 413 1022 -353 207 63 790 765 -109 433 748 434 156 318 -67 -84 58 172 -439 751 -867 -1385 -673 -1544 81 62 -82 126 694 124 319 -294 314 -1105 -580 -55 585 -410 -500 -32 -519 -440 956 -591 650 147 -1671 350 28 369 232 -378 159 -227 531 -327 222 -191 -463 -1492 -438 -1305 -1764 508 -710 333 289 -506 -219 30 970 555 1130 -797 581 458 -292 -1181 -768 827 322 -199 -295 -503 23 -161 -610 -486 1109 1 -15 1066 764 1092 339 628 -139 365 486 201 638 1420 242 1095 -239 -833 4 -413 -700 505 614 -903 -1461 213 -1053 -780 275 -757 237 -188 360 979 -186 749 -1006 740 -942 550 1556 297 -1029 452 -61 -202 -139 -282 709 -736 -370 -495 65 -156 241 50 213 -346 1125 65 -1417 
52 -690 706 1181 539 -96 1366 193 541 96 -969 874 668 -354 -649 -132 1245 31 -486 715 -718 -356 70 -1266 589 77 -264 -530 -33 330 -494 570 -1338 -609 830 -14 6 558 -303 -849 -28 -686 647 -206 286 -90 -229 -243 -338 244 367 365 387 -363 -472 -698 -207 -195 -55 31 308 -301 89 265 1431 2436 606 -92 -558 -128 576 -320 -575 -579 586 -558 -491 100 564 -179 1333 646 722 112 -627 -947 -107 137 -656 -148 -252 -197 864 -450 -912 -387 201 400 -88 192 962 45 66 496 87 -963 350 827 1175 -540 -409 -343 -938 510 -353 479 -1227 950 -174 -596 -886 694 505 218 -509 -426 1360 69 -885 -702 -84 928 -70 780 -276 -599 -633 216 1435 -155 -19 -948 -309 585 -59 31 176 104 187 92 203 -532 -129 914 -78 -971 -521 1928 90 253 284 159 -255 11 402 -96 -200 -120 825 492 -579 829 636 261 -855 -477 -811 -331 -888 247 548 514 -1508 -2 881 -524 -94 165 604 -912 -415 -379 -128 -788 -413 -61 273 486 438 -921 90 175 -414 709 -22 -324 610 -543 714 -80 -935 -523 377 -113 -494 -404 -183 -970 423 -530 -25 190 96 -252 -60 290 238 -462 -956 711 56 984 -356 -354 -609 1637 -216 -463 -724 -37 -1368 818 432 61 431 118 -740 -205 631 -336 -416 1 370 -227 -1013 -247 79 -295 -454 -1022 409 -233 25 -191 321 695 -228 342 -319 -671 -605 624 436 -748 342 -906 -1079 -482 776 -1662 437 -907 -218 659 458 -776 24 363 54 -556 474 -138 116 79 -400 1048 172 1382 949 153 
1036 315 -278 1115 5 -114 35 202 -198 -896 -671 247 1087 836 -515 105 308 716 -1195 -150 1035 -125 648 70 656 45 345 828 -272 692 -264 531 -1 -493 -201 358 -955 138 2 1767 -689 -238 -215 720 -1326 608 -171 -4 389 -49 -974 -934 -48 24 -629 1084 -488 422 40 -145 -1385 151 -236 -1225 -542 -272 -480 -160 -1103 60 1320 -280 -29 -352 -320 1314 497 847 71 -476 355 -150 304 336 -317 -41 233 -281 768 -205 641 426 -30 862 -328 -1020 358 -278 -198 524 53 723 -1004 675 884 -48 -1829 1206 961 34 -534 1236 -55 -1493 138 -699 393 -848 -312 -1182 184 958 -695 -255 -41 -153 269 -1153 -208 304 93 -183 -456 402 9 -609 374 -756 1770 -183 -148 -483 -247 374 -513 -228 -231 -1374 -1312 -80 -112 -110 -657 776 -600 -629 1266 -1466 -634 -636 1228 12 951 -26 466 -196 -27 -69 -567 -40 271 1023 372 291 823 191 558 -89 -803 -343 -415 -819 -501 437 219 190 -434 358 -838 346 -1115 674 130 -587 -759 834 264 142 573 -1077 -480 -16 427 420 22 -39 -283 941 464 -633 -805 108 365 185 498 -353 -36 -66 3 986 599 -314 -1123 1020 399 -263 562 -692 398 1237 566 -544 -625 -1565 315 -203 318 -300 -808 408 -355 807 99 -1376 361 -111 -634 -858 505 156 -375 265 493 -688 -1274 -550 -409 194 213 237 -52 -284 -331 755 38 28 421 408 21 109 820 -155 811 183 202 452 202 -613 692 -48 326 -29 -705 -216 -344 99 -5 -201 -2 1361 1163 -253 -839 539 -1391 -732 561 -1536 164 587 
-713 -916 210 1088 -412 396 485 -595 -196 98 -449 -431 647 -996 -588 -889 87 -480 626 -97 100 -751 510 37 -598 -593 -1590 -76 -39 1005 -162 128 410 370 492 -593 774 -179 416 -412 461 -745 569 576 132 -47 -129 490 -640 761 -490 371 -259 -534 193 509 -1624 -452 -1095 -306 -52 246 -22 -126 397 1983 193 -1742 -356 1672 -138 -526 67 -855 221 -1584 -859 78 -600 284 -98 333 -262 507 31 -884 707 1193 875 -649 -421 135 -85 967 -149 -567 419 53 428 144 38 1871 938 248 236 -619 1139 18 -6 -466 -183 925 -511 -709 -843 -345 20 1297 -627 -18 -752 1214 -29 -663 -274 -37 649 -1455 -306 1161 -102 -389 -1094 -577 1278 -45 473 739 285 -831 776 209 -733 181 886 -472 -468 602 62 246 -1112 -515 691 100 -387 342 -556 249 -1236 -114 -70 -426 -215 -278 859 -113 270 266 -53 728 -104 -269 -335 -98 532 -997 107 -962 124 474 131 -1007 -1017 -681 -246 -1002 458 245 649 -71 189 -8 447 390 483 -170 -161 434 840 353 -415 419 1176 1314 139 570 -503 -376 -273 -357 -814 319 567 679 -1268 -924 -34 -492 482 -55 800 -331 -737 226 -877 543 -188 121 49 -1291 -1203 89 273 -490 354 232 351 1642 299 266 -85 515 1231 -94 -17 487 -119 -248 -666 450 -56 -1798 762 680 1000 -39 -227 249 1192 -115 -605 -574 -109 -957 329 481 -368 -401 -304 -14 142 1035 -444 417 180 -291 88 10 801 881 272 213 -1271 251 124 -727 -440 1186 623 261 -1444 287 805 -312 -69 85 -1129 454 -483 100 
-438 302 296 157 -65 613 16 -948 -1036 -311 325 364 229 217 -295 -34 -601 298 343 -266 -451 97 1575 -178 268 -1710 189 361 839 -1113 1021 -682 97 963 645 -1092 111 360 634 -77 -359 -284 718 -561 -98 -999 -748 77 -661 -215 -459 -526 1204 -675 -745 770 299 -940 -664 -673 -426 707 548 320 -480 390 -128 -732 417 -582 -150 502 432 1130 -172 96 561 81 629 498 -619 9 -354 -253 1124 112 -567 222 241 -256 30 55 -562 -8 828 -503 128 33 147 -747 -909 -1056 1254 -472 -213 206 369 -1323 -1637 -387 -1085 577 498 945 -466 432 339 -862 666 155 -418 -1183 367 -124 -46 399 850 114 810 789 -65 -627 797 -200 853 -160 54 -934 -147 660 -68 573 -645 564 -504 -1245 -1129 670 -45 -55 596 743 -524 831 274 57 -364 -572 -842 -183 -284 -120 -87 520 369 1548 -635 848 683 561 -228 -658 390 339 -500 1256 -408 637 -244 -281 158 -536 -745 1530 -884 -606 26 260 -203 -335 -691 890 -903 -41 132 1153 -170 -680 -208 -701 396 219 611 58 -94 862 -117 -725 97 106 469 -1121 -685 -1433 -759 386 1179 674 -195 529 415 -399 -368 798 78 569 437 -1064 -634 646 -731 648 -694 -164 578 81 -288 823 -1046 -584 -95 -956 1141 -38 -1279 -743 319 -951 537 597 572 -712 867 786 184 1002 -318 -1697 394 -779 -103 -31 -114 35 110 -954 -1050 1232 86 474 -867 -840 -593 -55 -873 -963 705 -82 563 -82 537 29 -632 94 -899 -25 313 -15 -474 67 -724 117 353 -923 783 -478 -277 410 369 -832 
957 -1009 600 -866 128 968 402 126 336 260 -1301 52 -1021 572 -681 -1115 999 -499 -1368 -434 -326 -362 279 -342 171 105 274 89 205 -1567 -87 466 -1631 -524 997 -110 400 986 333 1065 498 472 1008 -2 957 103 687 -442 -63 -326 71 122 592 283 -69 905 1129 -989 175 667 434 540 437 -714 337 149 -184 374 1534 -410 -170 456 -647 -10 1023 -366 262 214 418 -242 1291 -315 285 212 367 341 1222 -15 694 716 695 234 -356 -273 595 1714 457 -717 -624 -32 -474 808 888 -446 -1527 221 -368 -484 -658 -573 310 -472 -9 -843 -341 -502 -209 -39 -416 218 673 -549 -272 -625 104 -930 -667 -779 -72 -742 1444 -160 72 246 -627 334 789 -1477 442 -991 -1096 -800 564 -811 801 595 676 515 -205 -99 619 256 -50 -131 -1036 -444 1522 -608 -748 -1097 570 -957 168 -285 237 939 -346 -685 174 -187 414 -145 702 289 -144 118 477 372 -329 -729 653 36 186 -433 693 -493 -173 0 -941 -1875 -315 37 -887 447 1179 127 394 270 816 327 -1142 369 369 -673 359 482 330 360 -606 -416 183 -885 858 -452 718 -152 470 -1698 622 -447 129 1226 680 67 -625 -195 -569 522 657 -561 751 173 119 -156 -487 -416 -772 157 709 -467 -837 -723 978 -1191 371 237 -377 227 355 437 -1467 -1554 -367 464 464 519 255 -563 -1326 -759 -42 -935 0 -549 381 247 1619 291 140 53 -606 89 -443 -271 -788 -1342 -22 340 -134 -970 -426 -689 -538 -658 944 -558 -278 -1397 1770 326 517 -382 -234 113 -391 -4 -755 -874 23 -241 
-543 -1244 669 63 -142 127 383 33 -269 976 1115 -528 -913 593 -515 -1130 769 3 68 783 767 -725 -464 616 572 619 -892 807 -813 133 704 -858 -1459 88 20 1448 155 -8 -1356 258 -95 -23 -4 -1415 -570 792 38 -400 -468 193 -29 -8 42 -72 -1157 -727 -4 642 -226 6 584 250 424 625 105 -260 830 1164 333 -617 1014 -346 982 269 649 -5 -212 -566 836 -239 386 1351 369 766 92 267 -542 -379 -2108 200 -145 -452 740 -327 -380 288 -850 806 1645 -89 151 -1223 416 -125 -146 -1183 332 -437 129 1614 839 -846 92 -306 -529 824 735 571 984 -530 -551 1131 -5 -650 -1070 -1652 -320 -76 374 785 -854 -661 110 198 627 223 -27 -58 -484 -17 316 46 293 -216 84 -90 1235 241 620 135 -65 -11 -986 -643 -183 116 192 111 -647 40 -1439 -524 405 -861 331 -141 14 1598 -9 -150 -526 -757 -126 970 168 93 -174 -1513 712 -807 81 360 -878 -376 -461 219 -530 -300 552 543 981 -1161 838 339 -539 324 289 48 328 -92 275 558 -752 959 -212 -573 471 -619 654 222 1168 -234 -387 -30 344 -1122 818 -455 373 898 573 -404 -274 -49 -484 617 386 172 297 -1527 -133 -666 -328 -971 -661 818 56 -786 -1238 479 -624 1520 211 -140 304 692 -798 633 -52 -1190 1501 -382 207 283 -1211 -299 181 191 59 -229 -1005 523 -686 17 979 -568 -1032 612 -87 -865 -619 -4 856 1613 -3 912 -483 -660 518 -215 -307 89 -438 -275 342 119 -683 391 1057 493 209 -469 -287 -483 -57 466 -45 -325 1055 748 
562 786 111 208 837 -292 131 -1163 -520 301 -484 48 -670 -141 -93 1294 257 -1120 598 151 -359 -536 -26 -652 270 90 10 -86 644 -123 -159 -703 119 -314 -632 533 1135 818 -46 -375 -517 841 -510 -582 -643 -987 1234 693 139 710 -4 -1232 -89 620 -804 -165 939 -761 492 650 164 -299 886 1226 -64 -160 518 -527 -1050 245 493 -481 -827 -779 -838 565 -376 387 -30 -58 435 -108 302 146 -310 -783 99 -86 221 -490 87 -254 956 -475 -282 374 592 -351 -442 96 383 -195 78 146 808 -256 857 -228 -8 507 1184 -381 883 -53 -1537 -27 396 -255 192 108 -433 68 -281 -696 -381 -1246 -267 362 13 1052 -98 -1043 -135 -665 -143 590 -642 480 125 235 -1594 -59 1101 -66 400 -436 -825 414 244 -508 -927 -1428 284 574 799 124 730 151 -933 42 69 -947 -230 85 109 820 76 265 202 576 550 -811 -572 333 -95 633 566 -495 742 50 61 -816 -549 -421 466 -878 180 -584 530 -823 -1597 40 -557 634 384 -1025 -971 -174 -769 -550 145 283 -144 314 537 -80 -327 656 -150 484 -691 34 1437 666 -341 -389 452 1339 326 -76 371 456 -54 -287 -53 -556 -34 -171 -172 -54 771 1658 358 -805 -259 304 255 121 -83 -704 1033 -40 114 845 -711 1160 -723 -1160 -20 472 156 -455 508 605 442 -892 272 -679 -672 1104 -908 -485 340 -281 293 383 634 17 -143 -1091 -262 -676 -1568 -366 -568 124 1302 421 -1160 65 247 267 -408 29 475 116 335 -651 60 -504 12 1026 -117 -396 -455 884 1308 733 246 839 
-281 884 -293 757 -1339 -1333 -470 50 -1307 -450 2323 1209 48 193 -453 374 -851 137 -189 -147 480 379 327 -430 908 285 -1150 331 467 -499 602 -349 385 -39 -1208 -639 -740 53 -314 -169 -547 318 1002 -54 -736 591 448 -212 -203 -784 472 271 152 -867 -475 339 426 261 696 369 323 -556 106 -90 -209 -1585 172 1255 566 53 -310 -251 338 128 -365 1056 478 -54 -608 -544 -376 921 172 -1295 -968 -314 508 -1177 -787 101 6 223 -35 -61 587 175 495 -454 -371 424 -1338 1028 -209 365 -373 551 -462 -649 830 905 -280 159 236 -1193 514 -577 177 -688 -166 -631 743 -488 -159 342 -1280 1072 171 -778 -313 -26 839 -28 292 1248 371 133 357 -451 605 397 -425 69 -391 125 -1023 139 -172 152 -914 626 258 1094 -778 -210 495 1071 -347 -947 1179 -720 -233 -717 434 -857 -263 40 -1449 1531 352 -501 -341 738 987 -947 1514 -935 -756 -319 778 1074 -858 -262 504 -466 1112 -268 -219 854 -583 780 -303 938 46 12 -199 -728 1305 -870 270 359 184 71 -472 -643 430 705 -180 750 1185 467 -354 -228 -1197 505 609 926 881 -125 -244 707 -926 -123 -466 -547 234 -249 -198 1468 669 989 -822 -102 259 328 902 -668 437 738 -196 69 46 -20 -783 172 886 608 -59 -340 -1151 220 278 790 -1 141 267 562 140 -48 713 285 1032 -293 -403 -186 54 1208 84 -615 422 1078 -139 574 -505 616 74 -448 775 930 309 -183 -42 756 -749 -311 615 -710 -123 591 56 -1057 177 1026 0 738 344 23 -471 -442 404 -323 
236 264 7 19 -52 87 602 -290 -873 422 -399 719 -649 554 -565 289 160 900 70 -734 235 -761 616 -1072 1079 851 320 -94 1184 724 -216 538 -327 -453 962 -350 -517 584 1010 322 -645 13 837 -256 -895 57 294 726 315 634 131 -537 232 441 -898 428 725 940 -216 770 247 324 -741 142 -738 277 918 1100 385 -40 -397 315 -560 -101 -188 -899 1179 -786 -175 3 1043 -607 375 -458 -188 350 1101 -303 308 -343 730 -623 726 547 66 440 922 69 854 647 69 -1106 -569 21 431 17 -9 -204 753 384 1485 819 330 -273 -165 1057 -66 119 531 355 -613 -16 -1045 212 -698 -855 -282 -180 -441 -361 807 -796 1096 -81 -1021 -1554 833 859 1222 -994 -508 -118 -338 -327 -857 223 -388 447 87 -983 595 -328 -960 81 772 1250 -401 465 -1184 924 408 476 377 972 882 659 -573 -540 1190 -376 -153 458 867 -183 -286 156 -709 1192 -174 -892 925 203 -427 -130 400 871 -38 1131 563 -612 187 38 67 -799 -89 143 -466 682 -471 536 -311 651 -1173 541 -129 166 228 930 314 -576 -261 -614 -1018 339 941 -218 -226 146 119 1243 -730 -40 490 -242 -335 -1256 511 -118 104 594 -100 448 1327 -695 131 -629 -1081 -968 -693 -418 -663 800 174 354 -106 -696 335 -1015 -442 -1073 9 -330 67 -221 340 -153 719 -243 414 -431 -35 537 -95 343 854 -1059 1325 93 -828 650 -657 -410 -252 -735 -1032 -110 272 328 -155 321 432 368 -50 49 430 -517 -178 419 965 420 -223 -159 -1008 807 -250 157 -376 -402 -578 -426 
541 284 71 -150 -217 616 176 962 438 -204 -647 -1650 198 -23 866 280 -269 43 314 13 -271 -110 838 -1005 272 883 -156 -81 -257 -591 275 -192 -255 20 488 629 231 82 -797 -30 990 -358 -23 -780 -708 637 -478 234 -43 633 -1145 753 -855 491 -434 401 429 781 9 -472 159 -37 -460 471 1 -620 107 1058 -304 1249 164 16 -260 -948 308 -510 260 -558 -379 450 61 -442 -520 -280 -289 671 439 364 -28 -404 197 574 224 263 -138 678 -1159 601 -1296 -820 -120 808 269 243 -655 -211 -148 -180 -114 75 672 -42 301 -1276 64 -47 1220 -369 -451 443 516 -65 -1013 713 72 280 301 -176 -96 351 236 -10 644 317 -1137 1019 1981 -763 -945 -612 -97 -1185 303 519 -381 1402 1013 -1540 104 -1051 693 111 -202 -1446 -789 1 -633 -495 -380 -385 -304 -835 461 -489 -490 472 1049 -575 -913 516 -969 1068 614 452 585 -222 450 -1032 9 766 -21 715 -571 -322 723 356 1113 -69 -313 199 984 26 -715 -58 7 -794 -714 -93 910 613 -773 -342 705 140 352 -448 497 634 772 489 232 34 -91 655 -1144 -30 -451 -516 52 -19 726 795 1147 -681 42 -615 -453 1046 1236 -817 875 -1286 -893 183 826 151 18 -1282 -1196 -670 -208 135 -438 -277 8 -605 545 63 -828 -140 558 460 -72 -767 965 569 -330 813 -825 -465 868 260 386 451 -489 -369 -40 113 -43 31 22 443 106 -163 -47 427 57 586 -355 -180 25 814 -286 -741 931 -419 457 -678 364 398 1012 -158 117 871 -703 583 426 137 226 -251 
-1283 -690 768 856 -80 541 286 -539 915 -758 -338 -125 -56 -85 -1571 -460 590 385 611 -214 3 -409 423 380 -1135 -1042 776 -881 482 987 -404 -489 -1482 124 -563 -1050 313 472 -350 -748 -34 160 218 65 156 451 370 8 340 496 -315 250 -342 -276 782 -703 -390 -3 106 -797 501 -180 89 234 327 -49 578 96 309 -1071 -398 -1083 1074 -622 -91 1344 -459 688 581 -44 -988 1231 -1064 423 1628 -360 142 23 -465 520 193 17 270 421 -489 -67 -537 474 -313 -105 395 695 420 -609 40 -392 -280 478 -712 -572 88 -722 177 -570 -85 963 1098 -430 189 124 1349 -132 6 -8 1143 122 590 302 899 218 -127 -15 -65 -642 -370 -25 -290 -338 -1192 482 -557 51 209 279 -23 127 830 -93 255 -517 715 439 49 -1374 997 -376 367 -411 -217 332 -490 -31 119 752 -498 895 445 903 -165 -459 71 67 466 -325 394 -650 440 798 -1151 614 -493 -1027 -221 236 -623 -476 1119 -411 -433 428 -163 418 -94 986 -1447 269 -644 30 45 491 215 467 1484 990 -100 421 454 686 140 -260 757 498 138 -674 1100 630 -16 235 -2061 -228 169 -926 -392 -64 -347 -929 -811 -210 255 200 1368 -584 67 333 -705 858 -465 702 -84 799 699 -273 570 77 -1256 -115 245 -649 178 -454 -476 1390 -521 344 -102 705 190 -1222 -58 908 -240 -360 -93 323 -600 -73 -799 544 -599 -258 -186 -746 844 -994 -524 -267 355 -963 767 -38 -629 412 -770 -700 -649 -302 -670 -455 -254 -520 374 -1558 1782 -415 -467 -121 1430 -828 -37 9 
557 53 78 -962 -665 -366 308 377 405 402 -985 447 -113 54 371 -43 -304 -435 747 -298 -769 -88 216 -463 123 -274 569 -780 41 930 444 900 115 -288 -218 -140 -1039 -1094 126 -471 710 -315 -126 -638 345 424 -148 -177 585 -625 1168 447 1542 -385 306 501 1814 547 37 -303 -113 -46 -803 743 39 1146 562 -189 301 -681 452 -158 624 724 706 174 292 -870 -325 967 403 -186 1069 -571 127 -413 57 -108 -139 1421 914 -1550 970 -947 -367 690 686 -250 318 -329 -991 562 -770 -30 68 -453 -1173 -58 655 -735 701 -33 185 313 510 -34 -297 188 401 -832 380 -44 115 1810 609 -888 1268 1279 695 -1153 -128 -97 -1019 147 -428 450 -71 -266 302 -1448 1 -622 1110 533 9 -412 178 132 144 -315 -161 392 717 -14 -115 -101 182 -757 281 -1728 -157 194 -842 406 480 81 24 104 -296 -162 -657 632 540 683 -231 295 693 422 188 -89 661 46 413 -1432 562 255 -540 454 -198 -392 -692 400 -636 -132 882 -1308 -920 485 -104 262 -820 -208 -564 -261 212 345 937 -494 -16 151 1188 23 138 -44 -494 1290 -121 -1030 -141 -351 692 -419 221 -683 -755 -50 -220 -1192 -266 2003 222 598 645 360 221 228 170 193 -787 83 -144 -177 -764 -613 -124 512 22 416 -271 -357 22 1292 156 458 314 -369 -569 148 -28 353 425 210 -451 -979 201 162 758 57 -715 -763 540 -972 517 -313 904 578 198 546 -830 -637 -503 452 -368 1058 170 -122 -697 -500 -179 -96 1249 -349 633 -1006 -252 308 -127 -900 409 -325 
1005 621 325 926 -218 210 -283 -789 -180 -221 -488 -63 426 255 447 341 -973 -524 557 -1191 -1091 78 2 -459 -610 -656 -1266 -74 815 210 -909 -416 476 -1166 224 1066 -363 -428 927 169 1068 1720 -24 241 714 82 -846 -416 -213 796 -918 359 62 304 -712 457 402 -109 -242 1025 -741 621 904 386 -439 -439 -558 431 784 -389 60 -214 859 174 -210 346 1051 329 -352 464 429 -123 161 -506 -730 -247 574 -331 171 -291 262 -450 326 -134 287 253 335 -277 -623 442 703 287 -161 122 691 -213 60 1108 1238 -393 147 -773 232 603 548 -467 -232 -106 -255 562 -1642 -465 -414 796 -428 -545 -924 -656 -76 158 843 -721 335 -181 -73 -188 -988 1563 -235 118 130 778 280 -446 64 -553 -494 180 -1186 730 319 -8 -247 1213 -585 349 323 159 -133 -651 438 -274 433 -1076 -672 1123 -303 -303 -302 -170 8 -444 -307 669 860 844 -789 -734 -121 1686 580 838 -148 43 1570 -144 -730 736 432 394 -61 647 1104 -197 -362 -1017 714 710 -545 445 104 -463 -292 -997 -520 296 -984 137 -892 -204 1249 -532 -316 408 544 -22 -666 3 122 560 634 -41 380 1040 280 -477 969 233 -705 328 -912 -882 691 525 1405 -450 68 356 -109 546 156 159 -104 -1264 71 -399 -95 -241 -1145 587 -386 -920 124 -1597 -543 635 -2149 -278 -641 516 -207 1737 143 518 313 -255 225 -953 -892 1009 -1267 164 858 -130 1403 511 230 -11 73 -322 1034 -213 786 224 550 1027 183 366 -38 -244 -183 -231 -223 186 -567 951 29 -624 638 -222 
-102 466 -105 1235 93 956 -136 108 308 -173 -223 159 -515 382 -333 -64 1162 -2084 235 -487 -795 397 1621 548 481 645 -319 -158 359 -296 -299 -153 107 -636 -215 694 -644 -818 123 823 -929 -612 350 622 -243 455 1258 -68 683 -950 -24 139 -549 -21 -1079 64 6 677 511 600 -157 586 139 371 1154 -62 1280 -183 241 -303 264 -250 -116 752 598 -82 161 -9 220 -652 249 687 -848 633 802 -970 -679 -592 -387 617 -277 776 1118 -467 -504 241 70 380 -869 -238 26 369 -561 -144 541 -636 13 721 -686 -1151 207 -192 -340 -136 -52 -1 -489 -311 303 335 -833 752 -697 1198 192 512 1134 -161 -646 743 -352 321 229 -437 165 965 -1532 940 -410 -198 375 -25 -799 -670 -527 301 -1110 364 17 355 -463 -162 1697 -592 -486 -556 589 1012 1354 -1006 998 -539 74 113 -1050 -1341 493 -372 456 240 612 -119 117 894 497 -363 -1032 640 603 1680 -535 354 722 69 -362 86 -341 -1273 1065 485 -937 57 698 -156 19 166 203 -178 767 896 804 872 -241 -1745 1016 -367 -1292 366 -219 782 -455 -172 569 -732 674 -84 -214 -193 276 553 698 -209 642 539 861 952 80 -594 -832 947 212 407 766 -557 1035 526 -841 1119 254 -46 1030 -12 -624 1169 -47 286 -137 921 276 120 349 -297 1015 -150 -538 353 -573 745 10 -18 208 394 414 415 519 -255 1008 549 -1445 -836 78 353 710 -726 746 -512 414 -1035 -509 -733 -475 24 -531 34 74 323 645 -962 1116 -30 -566 83 651 -1027 6 979 412 -126 713 93 
-105 716 496 349 348 784 -1218 300 -410 -684 74 120 1022 648 -201 -147 8 632 -1020 1236 197 410 -582 141 -544 211 -422 -372 808 -381 -855 -909 1005 596 -338 495 -469 130 364 -584 648 1007 848 -6 -528 -297 -437 667 715 -426 511 -64 -42 -88 -569 772 -19 255 366 -1438 -972 -365 765 -948 574 71 -949 1191 -307 249 -453 -259 -408 -961 265 237 -280 276 1114 718 267 -157 -617 -244 972 185 -224 -217 -870 409 -57 -963 -424 -212 504 -442 229 788 165 -219 -725 532 -429 261 -784 -1107 -326 -338 -304 -678 58 -354 1350 -509 -37 -80 -809 756 -1182 -378 -124 -94 310 -155 913 451 512 1092 60 1111 -910 395 -2066 -331 454 -378 -773 -201 -22 -252 49 -551 344 842 -779 -689 457 -631 -7 571 -1138 -59 740 1033 466 -465 392 -807 -57 455 139 -68 995 883 961 -938 584 787 -957 1057 796 183 -328 146 -107 -877 43 97 -797 124 -387 -269 1058 330 813 -144 947 -891 -521 500 -511 -369 289 -874 271 1191 -817 -317 85 367 -251 -319 -50 881 1021 -430 -30 1149 892 -292 400 636 26 -1182 -542 -780 540 -810 -68 -85 -10 -812 487 426 -1251 -647 -418 -1495 26 582 -402 -127 123 -47 -900 193 293 -531 -381 -1666 1277 715 -1934 -398 1030 580 1035 -332 416 662 -507 1282 533 -346 -863 -641 -210 -530 -898 296 1216 738 496 -505 1542 -1438 30 -266 -346 181 751 -86 -368 -914 -344 -205 711 -711 766 216 299 -172 -988 -737 563 92 1870 315 -668 -308 -582 -859 -189 1194 288 462 -103 189 -325 -44 
-310 677 -715 280 535 -13 -641 549 -166 562 -230 -452 -339 -263 70 1348 -1130 391 920 757 -958 -662 -705 -613 462 156 469 -97 -674 -872 -75 1340 -146 93 1378 320 -105 131 480 -469 156 -546 1262 872 -92 684 338 -471 -162 -223 -637 84 -311 -98 -687 -339 -984 -391 469 -953 200 836 -595 65 652 116 -549 79 -574 264 1027 -290 508 1189 -511 -360 828 236 -296 -532 -178 922 119 824 -160 120 766 1070 -877 -627 -715 220 -1229 566 -768 184 -112 338 -271 -317 809 1241 -762 -183 97 90 419 -162 292 398 -304 612 -471 -544 -589 32 -70 230 -915 910 -380 648 -278 1733 -195 -162 -139 770 142 695 228 -113 819 -186 -223 601 -476 70 1049 -153 -753 -376 706 369 912 101 -652 41 -823 685 85 109 183 -476 1315 30 -431 341 268 803 -196 237 -8 303 -105 959 131 346 -749 -425 -275 400 286 350 472 -314 1817 260 -10 1502 -703 250 -460 141 579 1485 -308 504 -241 -383 812 623 79 -1358 -767 1115 -1355 243 -571 755 -1047 -1152 -181 -467 -464 490 327 -72 86 -198 932 -1115 805 371 -854 349 -415 203 812 -244 414 -995 1042 -47 1020 282 -55 200 282 129 269 222 -136 434 -871 -422 430 18 -402 94 228 64 480 653 -30 -284 795 -5 983 -51 1513 -362 -1217 -330 -34 -227 483 328 -604 -471 1055 -5 871 690 -679 -408 810 -313 734 -431 40 -354 -741 -338 942 -188 -537 376 -949 -406 460 750 -507 922 545 -680 -256 -715 270 -1042 120 611 -1287 -1049 -1216 66 487 -213 -813 -499 
-412 -1473 974 -736 -207 569 258 -214 -799 61 14 -360 1271 1214 752 375 987 -341 -888 1265 -351 -511 96 537 -882 -357 34 49 -701 -430 402 416 -412 477 -482 -754 -1197 -463 440 -1157 -153 131 -677 -10 -433 261 -422 -547 59 -353 108 -635 544 -257 511 -768 -263 803 63 -66 -236 515 -972 -786 -645 503 -535 -661 -783 744 -819 -310 -512 -60 207 869 -298 -1200 308 -676 498 431 -49 -715 -32 -957 313 1559 -465 -496 659 -1524 -188 -1574 -369 1057 -918 1222 -791 -277 -963 412 -1099 -1073 395 -560 -1064 -676 73 679 477 71 0 589 -120 -786 -715 -569 -147 879 1288 456 147 -822 1493 -658 -546 -704 924 546 -369 563 -1004 181 -772 140 -115 -204 232 -858 122 -1529 -981 1009 987 -967 210 -654 1129 -104 -543 351 -492 237 243 783 242 99 -25 -87 1325 1092 -669 346 -545 -572 -1088 351 -403 62 1305 127 54 -543 -1322 674 -162 -69 -1008 447 229 -166 -1774 -145 -600 -792 -684 -550 -3 862 299 -629 -577 229 116 708 635 -605 -47 349 -212 -302 -212 1218 -864 -1749 772 -862 163 1031 551 -34 347 -1254 342 54 788 1061 -734 -780 -338 -886 -302 136 140 1544 -715 283 -854 60 304 -110 -1423 851 86 54 504 498 -19 -517 2 -559 374 -587 1453 -362 1128 554 -464 -116 -999 -260 -956 -608 70 -107 -274 667 475 -24 -617 -1678 -381 -1144 115 1384 579 1053 1660 -451 822 -18 561 -475 1187 -616 936 979 -864 574 -67 -496 27 592 407 1199 425 394 253 -157 1007 146 598 -860 -361 -1390 -500 1473 -1348 317 
-641 470 943 -138 66 1086 343 247 1035 706 -1218 -226 -1181 264 -1000 122 -250 411 -942 -477 67 -258 -154 740 -279 -587 518 714 400 162 -400 -238 245 -151 270 -1683 497 3 -1021 53 -230 314 72 -518 89 -622 2 -697 -1011 -94 -467 891 228 22 952 -67 94 149 180 10 -410 -125 996 81 17 -866 535 10 -185 -1023 -248 -303 -1040 463 443 -836 511 178 403 417 349 -1214 -305 42 -18 1363 328 -851 -428 -105 629 -146 127 -528 292 -131 52 492 -458 583 811 -240 841 -203 -833 -846 -18 355 -638 -273 -656 800 -298 404 -100 314 -440 466 -593 -1079 -404 67 1071 -584 -3 -23 -843 -330 -33 -452 -923 303 349 -209 -557 280 -190 -601 301 166 -729 752 -962 595 537 340 -399 193 87 -1087 -169 -64 -14 210 -868 -1502 -896 -429 -162 681 -828 -135 90 -312 -556 256 1461 -65 265 372 -176 -623 876 -44 434 144 871 855 -716 987 -453 -2 -351 -676 -148 -625 -512 720 564 -704 -46 -138 -605 495 147 -183 116 186 1592 168 -787 -654 1036 296 -911 510 -290 -369 463 -1635 -614 51 480 -367 -1123 -935 -1412 101 607 -1406 270 464 505 594 -448 361 -153 -226 631 -164 581 135 318 633 811 425 20 209 299 722 1113 765 -272 911 240 -1182 685 714 -821 202 479 21 -370 438 -110 445 125 -51 -708 -1152 -1471 -699 -192 -444 -184 344 -59 697 328 952 -9 1031 33 181 168 564 724 430 -815 -287 -865 454 -454 -325 317 -1348 1139 -452 42 -200 118 1 290 71 694 -63 1307 -822 -703 -431 
375 -1013 -585 270 -707 -8 -219 5 -956 -535 -200 -351 945 836 432 1178 850 -606 594 -501 159 945 -190 -975 -686 -528 -269 709 196 524 -148 -804 310 585 -673 804 8 43 294 -1004 -230 582 -235 -803 -89 499 -495 552 800 24 68 1146 -221 -1531 798 -646 183 475 -716 -168 -1197 407 -832 -803 -576 -781 -608 -1565 428 80 -492 -58 95 -258 1194 694 -769 -249 -951 -779 -510 44 -463 552 913 -521 242 973 897 -457 235 311 -183 -437 -584 -380 -28 1430 192 129 898 1049 454 441 -625 -167 106 1432 -703 -168 828 -81 -450 1023 652 224 52 -402 171 40 484 91 -918 1531 1045 -179 -707 295 -144 600 1702 -807 -283 -47 -301 -348 96 311 -397 1380 188 609 405 600 1135 564 -51 205 -428 768 172 -680 688 927 349 -481 -531 -492 -392 -713 44 -128 -685 127 -120 -388 858 -288 -827 795 663 -609 204 180 -1122 775 227 -530 -483 -370 45 -1663 -976 142 -243 562 132 -475 -563 -180 -267 452 996 121 -254 394 -1136 -434 -126 972 -447 906 376 1297 411 -1133 353 490 -430 478 -215 -749 144 728 -1099 -1392 259 -256 -971 450 -344 147 -324 -178 294 -762 -832 602 8 879 456 -348 864 426 248 -354 32 345 -90 778 -588 1357 -220 -917 -421 282 51 -602 -219 111 161 -1095 543 -997 147 1463 -366 -599 -609 -383 -326 -466 -333 16 70 -655 420 -153 490 -991 972 -312 152 18 -729 -677 141 991 -423 -512 -469 982 -583 1009 -64 -561 498 -314 -193 1062 666 846 288 -30 289 212 -111 88 -153 -214 
-58 -69 488 15 427 -543 433 623 817 -308 886 87 -107 865 559 769 371 -1277 23 -238 -1344 1770 -201 -27 1079 646 920 114 6 -303 208 -342 95 15 527 978 161 220 530 633 1334 1351 39 392 -544 850 115 430 59 -724 -1172 -28 -46 -719 -2 832 872 1025 165 125 -141 -1181 428 785 -1156 -921 -313 751 893 -40 696 -8 899 -175 706 386 992 24 -30 -181 46 -192 99 -184 -91 -481 868 1034 316 435 368 -809 -469 -420 -884 -226 -462 838 -620 399 634 -751 -511 563 1021 -887 27 167 83 794 177 -902 -205 -1014 176 -1212 44 606 -545 122 994 -926 34 944 -152 -1035 -931 212 -825 -492 -130 -140 375 -11 585 778 -210 -663 -86 -793 310 470 -186 -1214 212 1439 -13 -544 258 543 119 -526 -747 1195 -582 -426 683 -471 -1181 1265 -254 100 194 -148 558 -681 47 -183 -518 337 -394 402 -679 -553 109 -798 486 -287 447 -316 1733 1244 1173 -61 4 -704 390 219 -331 -301 -88 -35 -203 -157 -739 -172 920 -150 31 338 -460 443 -1487 -990 181 652 373 -959 -478 777 342 -1336 -267 763 781 -116 1624 -169 999 383 1619 264 -35 -274 996 -43 -399 1548 -322 -1074 -541 822 -433 -937 115 -366 -144 566 -157 244 927 759 546 -258 311 157 536 769 -1060 131 -603 -166 640 -501 5 6 -1296 -566 -137 -24 -1215 -305 -620 -227 868 890 247 -1172 -316 -483 539 421 438 -606 443 764 560 251 -243 665 -164 -970 -170 -284 591 -530 -607 -484 973 315 240 -509 -262 853 -712 1831 179 -719 -341 568 
93 311 903 -332 251 -146 1174 -60 -470 -284 516 1202 -314 -739 -342 -925 -884 1610 916 558 542 170 717 258 477 1233 1718 677 -550 -662 725 349 203 -136 129 -496 253 -51 374 -537 -936 -1569 -38 -161 -319 -625 244 490 -413 230 14 -959 357 722 -444 397 1434 1116 659 -272 258 -912 -107 740 246 -217 -53 -44 -237 137 76 -1692 -567 533 9 -598 10 11 118 -86 -371 1131 576 50 -1133 743 -857 -346 -112 -669 -463 365 -549 -492 -714 175 528 489 -452 -99 1364 1022 1520 -268 -403 181 -843 -1359 30 417 1017 -484 -343 193 467 204 -52 -529 634 247 -456 267 29 914 -895 712 -934 -461 -44 -138 153 -872 1350 596 158 -299 -1139 1000 -1191 527 -400 629 -161 -400 -757 154 32 867 -872 153 -701 26 -708 -603 269 181 760 442 580 329 74 1218 -791 356 -843 -137 159 1352 1135 -506 -115 517 -151 332 690 -668 -515 650 537 193 -639 61 884 683 -346 -56 -102 -597 583 773 324 88 -728 -253 1522 179 756 580 -402 126 -120 -1601 550 -220 736 122 1475 -330 664 878 -217 262 -480 176 487 1944 -121 1204 -403 -215 -23 -529 600 73 554 -1412 1238 -299 -160 886 209 -667 312 -758 50 -1227 344 -218 808 845 833 818 -103 8 703 544 -836 863 -168 -598 860 -295 -789 -480 -20 466 926 -280 25 137 394 -404 -378 596 496 -269 -638 -495 -495 206 -643 -237 783 -92 -725 167 127 332 1076 -618 66 607 710 69 361 916 465 -937 147 -368 -256 -1183 -276 948 -17 417 -637 775 218 1075 
185 -1199 -116 1120 -219 -221 49 96 199 583 -661 -655 -787 -692 51 -1559 120 811 92 -308 -1252 -95 348 -1882 985 11 1134 1538 242 107 -18 546 -951 431 -310 -590 115 396 0 584 -933 -604 -850 -217 730 -38 351 805 67 -542 92 704 566 -870 69 -10 311 553 -393 49 -523 238 276 -643 484 742 -409 943 278 462 -88 93 -255 359 337 -1119 1313 -137 133 -458 235 -112 -470 358 119 190 1016 -859 99 703 -387 -19 229 719 -905 729 -245 -778 603 428 -410 363 642 -1054 581 -233 -1629 103 -577 -310 -460 -507 -1507 -264 811 835 242 -580 -167 -1007 -133 -215 834 906 -790 -485 -88 -1028 -63 -559 -246 106 -254 -417 -198 -194 -81 -1714 55 -631 110 37 -1692 267 239 561 -13 606 -166 120 1333 -547 -545 266 -1115 -480 483 -610 1085 -529 801 -315 -88 -138 521 250 -270 -363 923 -861 -666 -331 281 -1019 300 172 -1171 256 327 -296 991 -1014 -1202 -842 41 -204 -835 151 -408 -654 603 -300 -242 617 -570 389 70 610 1838 309 1079 489 179 -194 420 555 766 415 506 -100 -391 -698 -245 -312 -165 524 -101 -465 596 -382 17 687 629 -58 -1126 -370 -216 -1211 885 803 -9 -1350 -593 186 644 -191 129 2235 -640 60 749 175 880 -129 1105 761 -1039 499 318 -79 27 -503 1173 312 314 623 545 288 -475 -920 1053 -107 -277 -508 62 -287 -59 974 62 938 346 -152 847 418 -1029 -148 406 -534 0 69 -91 1096 -189 52 37 -1247 1192 -352 -766 503 -773 262 720 303 918 -780 751 -337 -497 567 
-168 244 653 830 -444 317 179 192 409 109 -845 -750 283 -73 234 122 -230 -1906 602 127 238 -798 -378 -323 1381 -41 707 552 530 762 815 266 -817 423 -881 1386 586 -474 396 -631 1571 -835 -1458 -973 670 -1020 -70 862 1632 -269 469 -514 450 280 -247 -146 1556 477 1461 -86 579 1193 546 317 -592 1468 366 543 -431 -619 -150 58 -470 113 689 -1248 509 1342 -481 -398 -632 486 -422 -294 -245 -682 855 552 -166 41 -895 638 590 933 705 -225 -356 -66 1199 1288 235 49 -38 -84 -20 256 -431 -371 254 134 2324 -495 1198 -478 21 -580 649 231 -484 92 56 -249 -1844 -253 237 -170 368 1133 419 -40 -640 -494 1538 -8 -16 750 43 1010 -676 -13 -342 -270 456 943 280 204 815 -25 106 395 297 -261 -655 -266 -110 800 751 434 340 -944 -403 124 419 -11 227 29 210 67 -1008 -365 -72 -26 -539 -495 -844 -314 -637 -86 -32 588 279 471 1096 -575 1117 386 -258 -1209 1186 171 320 390 325 -90 -58 -705 -942 1196 820 541 879 1223 -339 -33 921 -109 1162 -296 285 -561 -756 -778 317 191 541 867 -841 -570 -650 -845 633 1183 -267 78 -85 -1760 -175 73 -714 -59 1085 773 -164 -710 -1022 61 -758 -486 -492 -1210 216 411 2156 -685 -452 -461 63 -1097 -31 -257 -606 -864 -214 905 -492 446 -539 -128 -462 141 254 -894 -500 700 -451 -325 -129 112 346 -587 -1357 -319 -407 -701 -530 903 381 603 0 -689 -68 241 317 822 -746 -452 -104 -672 -689 -611 -230 84 -1080 619 1085 1225 -987 1501 678 -2013 
225 -1174 -3 -592 446 -799 167 -971 145 -799 -761 241 1042 67 -61 76 773 495 596 59 197 -16 -20 -335 25 -352 -534 660 1056 -214 -275 -90 -507 -390 782 868 -727 614 -309 -121 157 934 909 923 102 -57 1077 518 -399 1326 215 622 1641 -163 -66 -745 882 -323 704 -1244 -68 11 686 648 620 -32 329 213 -1079 191 760 227 895 -379 -715 598 -189 1564 202 390 -121 213 439 924 -199 -385 -910 577 206 -868 300 -435 -133 -389 166 -941 -351 658 -1233 579 -80 -747 32 -98 -66 269 769 114 819 -1410 587 -59 272 926 -627 825 232 386 386 -135 491 228 -340 -783 102 -386 597 -240 -435 -753 233 50 -160 -576 -576 423 -71 736 190 343 270 -88 857 -168 133 -807 -531 -232 1145 -839 1051 -701 -699 -321 39 -1233 484 -954 -36 -1154 130 -1134 539 -84 598 -67 39 740 801 -1092 -40 564 -136 -551 637 -259 -678 -613 -225 -642 -406 -5 -55 -933 796 -856 -111 -52 73 -275 -1074 126 -251 680 324 715 -355 222 -427 -970 -1573 -15 -89 998 532 974 306 274 171 337 -1087 565 312 -331 -1119 1298 -87 319 -616 -28 -16 -405 -846 -371 599 -440 -70 -672 132 1128 -663 833 660 -246 213 27 -245 -814 -150 36 -603 84 241 -325 1073 -633 -1011 495 481 -583 -75 913 -923 -208 -210 358 -124 -2370 -13 -377 574 -154 1156 458 -1002 1030 -1112 50 28 155 1382 -753 171 107 -511 3 507 -662 -663 -1062 569 76 -517 -519 -312 612 704 -980 -774 -645 653 1263 188 -926 -306 -127 1295 -20 -234 80 
278 -739 -471 586 -320 886 833 -239 -22 -971 -320 580 99 147 -1040 -251 96 199 333 1617 138 973 -211 -607 662 -356 31 -538 417 622 502 222 159 366 -900 -570 -61 -147 -144 -243 -1215 509 721 1475 132 72 669 1316 963 -1366 605 -247 -398 -724 302 -1 -164 361 -675 253 397 -94 -397 -331 252 737 719 1690 -543 -1127 1191 -464 368 -323 161 688 -814 -280 -164 -413 31 780 -970 -176 -268 -1157 -1188 1147 -536 654 763 496 -875 738 336 -374 -596 -274 -675 -993 50 -386 -1106 -316 90 -703 -169 835 591 -133 713 -462 215 65 847 971 259 72 -345 230 372 -323 -270 1191 632 -653 -248 334 -160 613 215 199 -360 -22 -18 22 -825 -535 950 389 -1583 1000 1039 -127 -1636 -482 397 847 515 -1028 -363 -1442 -132 -607 869 -539 732 770 -431 161 -36 -142 492 1158 1201 -210 -483 608 566 -1005 660 -1108 66 -1370 -1348 687 695 575 23 -839 -1699 151 -748 1146 -171 -311 -161 -799 -1494 -98 -1000 -433 208 606 -192 933 -769 -476 81 -336 170 47 337 48 -231 51 238 -1323 -714 64 63 -159 -93 -1106 1261 -280 -696 673 -522 -661 -697 647 -479 161 497 -628 -701 293 270 149 234 -218 809 373 -649 599 -207 -523 -1145 -89 1539 -45 -969 627 -32 -306 924 -215 1163 -226 -329 470 -359 -93 -281 -619 1557 233 -53 965 804 192 217 413 -409 1343 289 -288 -154 -847 895 -522 -82 249 -1075 28 343 -668 345 -178 -577 350 -306 -240 602 105 196 603 286 548 -174 -710 -1090 38 144 682 -260 -553 -403 -837 
288 -1167 -266 192 -645 139 129 845 313 -975 -457 -1079 -1285 260 -143 -223 331 -89 -521 231 -33 -404 -371 800 -458 200 -65 573 930 395 -683 334 1588 -536 -821 532 -242 326 -989 -541 -861 692 114 -748 -165 63 5 456 1177 -479 1123 234 -856 49 1021 -480 -26 191 -14 357 2017 180 643 -184 696 -426 156 8 481 374 45 -1306 -615 -253 357 713 49 360 -603 -223 -1386 -37 202 576 1044 60 410 58 -7 1040 466 -537 428 -579 313 920 -713 -1244 -81 -381 -556 -191 72 203 883 -240 473 203 -952 400 543 614 -825 -279 1265 -30 241 24 77 597 -629 558 -26 268 -686 899 484 -411 -872 860 -68 1610 -895 -1157 -1264 143 -49 -103 -103 1352 115 -745 -892 193 621 384 116 -494 -189 -84 -25 -912 -247 -324 -828 -614 -742 86 -2068 -605 385 -816 828 764 -109 781 -42 402 -648 -185 -558 158 198 99 -50 756 283 -201 16 -245 -443 -417 818 -1205 192 -425 600 220 -522 -147 -993 813 -260 257 627 253 -353 819 -256 -608 -29 398 -202 6 -906 708 863 1124 442 267 -1316 382 525 539 -116 -710 -930 -767 980 -411 -160 -1736 299 -415 -546 397 237 -206 -220 -472 1083 -73 -276 -588 132 -797 811 385 -553 -472 559 367 -179 387 -762 28 743 531 391 -219 -25 -504 536 -501 607 1307 1234 -350 -621 -1354 -11 -193 -389 -999 -599 124 -254 269 838 -165 1190 -380 -878 90 39 -16 8 -414 397 52 -771 -234 -1149 -144 686 91 -352 325 445 -1082 -953 -173 178 -525 648 -750 1041 127 -156 -185 
-145 1518 611 -1065 -35 -391 67 -87 -1080 342 -335 601 -94 399 404 -737 -69 -157 -5 431 -746 429 -641 -298 -366 -782 744 420 199 -563 -40 -399 770 -729 188 -70 111 169 -16 106 -738 -329 -74 178 224 -644 602 580 337 -1029 59 -412 386 -113 1346 568 867 835 1106 410 1461 78 -344 -229 -1044 399 299 -51 -163 369 -277 -885 24 -209 946 817 344 124 285 -146 130 294 -109 386 -452 -262 -668 -328 -128 -809 342 -1058 42 -769 -330 -969 -657 231 -85 -741 870 -638 151 862 -1146 1064 699 603 89 -1777 -1052 34 -42 623 -7 -281 -817 138 1057 -365 -994 -591 -406 48 486 -598 389 72 -233 -691 1258 -326 -240 -848 -1172 459 443 159 785 1015 -860 234 903 -154 -1279 247 -78 873 -930 -885 81 -612 -345 975 837 722 547 696 431 -48 471 505 1468 474 -97 426 111 -455 -469 -678 -251 474 -558 133 288 730 537 -16 -737 -1691 105 221 -177 193 18 58 -142 -984 767 103 -965 264 -204 -1917 670 -852 164 1085 -1468 -94 892 129 -992 59 -380 -54 -612 166 98 -501 -424 428 -1250 452 -414 264 -195 373 988 260 -139 -881 -1299 97 -731 312 860 -64 -837 334 481 160 943 55 80 -533 28 -1308 -125 -794 -397 -1222 -1134 219 -221 165 -517 14 847 -357 771 -127 -1220 -33 66 353 149 -597 441 292 -495 925 146 446 -339 -170 300 307 -372 -564 203 101 -162 673 664 -913 100 -305 472 -331 -1178 654 534 7 -818 -966 -396 84 -698 666 1071 1043 -330 660 758 451 133 -638 359 337 
41 -293 1133 -204 348 -687 -462 -1393 201 -380 48 27 401 449 2282 391 -225 -1248 419 275 -435 -763 25 342 299 777 290 -698 -768 -757 -184 112 -1119 -81 -241 -420 895 207 1685 -287 -418 676 -921 -92 -1205 261 141 275 366 -111 -459 316 337 403 330 -231 -942 720 874 -778 111 83 -100 950 49 -313 -1722 544 -518 135 681 799 922 326 -105 407 518 -86 825 -422 1003 127 28 -423 81 -522 -138 -856 212 -350 1113 -689 -561 1549 -722 320 858 837 845 -64 -971 1227 270 -314 465 -315 -1139 986 1661 1122 247 -873 -140 1037 285 900 -523 874 -359 -722 1570 340 102 -891 -253 594 236 799 1421 -346 371 231 367 -751 336 266 -169 -582 -735 -859 -663 -1303 -1030 61 19 -1034 114 -917 843 248 -872 2051 -47 -1298 1212 1338 -199 -840 578 1262 277 508 -818 -364 -256 -580 635 -1251 -211 -401 1510 -383 1195 -228 -349 -934 13 915 -692 214 816 -325 -1543 806 -101 590 -494 20 -895 688 148 -263 318 -48 -1201 -151 -49 474 566 1243 52 -453 135 409 1231 813 -174 315 381 179 829 172 -190 -920 -1550 -369 1194 -114 -89 -390 -732 139 787 771 -237 -223 -355 1418 29 586 -68 345 -62 633 -641 525 -918 1061 149 -162 -939 -309 366 261 -130 -283 765 -20 -220 -254 -1371 119 -769 -588 -793 -840 935 -49 -657 1196 -110 -1130 -459 16 -443 -969 -648 -153 557 497 -421 -636 -47 1152 -183 -783 468 66 305 -123 251 414 -972 64 -40 -1409 24 -1497 82 -34 392 193 46 -649 20 -1418 428 -416 -381 239 
727 445 133 899 1038 -272 -2383 -95 -1099 -580 -281 -460 580 -12 141 325 -626 627 845 230 510 1450 104 1283 550 40 1031 357 503 -1113 777 276 609 -369 282 784 137 -163 673 704 -827 863 -601 -913 -354 -96 -586 -101 292 -60 -582 357 -309 706 846 591 972 -524 -244 151 -373 519 -259 -957 -493 -651 -272 971 1089 -400 -695 -292 -128 342 639 -402 -65 -198 -1536 854 -42 532 -1106 592 721 -1284 -717 1 454 824 -556 -813 -200 469 -226 -1238 70 -550 -413 637 182 607 -434 545 -715 -269 142 311 -166 -100 291 -693 1258 2400 -826 314 -570 -483 -588 280 -149 -29 -440 71 94 858 -248 -541 -614 521 297 -444 994 -70 1488 -145 1364 -1045 195 -437 -117 145 -650 378 457 148 -1728 422 -692 233 -843 1079 -707 68 71 -199 807 696 -679 596 157 -705 145 -819 86 -627 381 -777 -165 478 783 1119 535 -140 742 1274 -242 -265 -787 -92 -63 -153 -318 1189 271 486 -46 596 582 691 -396 250 548 832 -533 -86 948 -80 1129 -155 1017 12 -647 1349 1147 -154 -1745 -608 465 624 109 778 -573 430 504 -722 8 40 642 -947 189 -580 531 1080 134 -934 242 59 216 1195 369 649 217 -240 1220 824 -199 785 113 320 -948 -167 -761 925 -801 1035 -11 622 363 1305 -46 98 -397 105 913 -193 553 -1441 -485 324 16 21 634 689 -33 439 127 -310 920 -243 374 -851 223 156 -360 -727 -246 125 -1618 1257 -379 21 29 -121 601 -510 1470 -327 -1594 635 -374 46 -591 283 863 102 -40 -736 -1328 807 
435 76 4 -840 -102 -652 -213 -1725 -733 -569 -959 -135 227 1097 128 -163 196 422 -696 -65 1326 28 -320 550 -370 -435 -648 306 312 -464 -689 -1159 -166 392 -313 772 -1408 317 -984 445 -193 166 401 -153 29 1009 -1291 -561 -242 -131 343 776 279 789 -1520 604 311 -325 -69 -292 -593 -444 1007 -769 -727 -306 37 252 244 -158 280 101 175 -742 658 -818 -26 -155 439 608 98 996 -68 141 856 -866 -739 -270 -914 -48 408 -271 188 465 286 136 582 645 -89 174 710 473 -224 -702 -60 12 -124 -885 237 -343 1097 1080 85 -86 -1494 -871 496 -659 403 -320 -500 751 627 663 223 -835 -319 618 -483 583 534 508 755 678 839 -1285 250 482 244 177 -1155 -338 -239 489 305 -312 -300 -1286 517 -928 184 -917 -130 74 -198 285 497 -318 -562 80 -61 167 -61 754 -377 -189 -325 -327 -386 -521 -528 -319 145 67 -326 54 -290 353 395 -407 83 -303 7 -329 499 -1002 -528 613 -535 175 -233 341 -1514 153 -485 495 -66 -218 -16 -1789 -808 368 -662 1636 -327 -199 -1256 916 -49 419 -98 213 -376 -359 -1320 505 -933 66 -32 756 637 -1636 885 830 -1174 451 -11 -126 -655 -1245 -1260 304 441 660 688 -385 720 258 -347 -458 -725 609 -171 514 279 -148 -365 -444 80 -1180 -458 -647 220 -138 -358 567 -1073 185 -466 -676 -319 620 -595 927 -225 -337 799 936 637 260 171 -272 -791 901 528 -553 371 -359 -1391 512 -266 -371 -259 -640 -995 -160 -185 -835 495 372 43 402 -301 -753 -628 394 840 599 511 -778 
158 -280 1594 669 -147 -402 317 -360 -16 511 -204 -1185 -560 -478 -325 -993 -298 -214 626 -686 150 -147 -414 1022 -501 921 473 -1393 200 268 20 778 1928 -838 549 -412 182 693 693 149 66 -207 477 -467 -199 -325 -528 618 49 7 -122 -676 -209 1272 -140 29 -738 -420 -449 -640 334 1157 -675 208 410 1658 824 -328 -1602 257 457 -711 -410 -866 -366 -1776 -408 -116 299 -547 214 -82 -976 648 438 -819 -498 348 483 -1366 316 -838 -1147 614 -334 -200 444 101 738 -127 274 -261 -43 386 -781 347 -157 -268 757 -268 29 19 66 131 636 656 -1153 667 -896 10 410 -210 596 -491 463 -910 1711 874 656 -512 -495 405 553 -932 57 71 165 -720 -716 326 -1388 -723 -630 835 -111 -812 187 797 -886 256 -919 -258 -742 421 685 -369 -424 55 49 1332 698 -288 -74 341 -143 367 77 -531 -5 -827 1652 -1212 703 264 -129 750 -557 669 -227 217 -167 -235 1340 580 701 -955 -8 416 -305 1320 -101 311 -644 183 -376 -163 271 670 -648 130 -208 -1261 -430 -45 78 -546 -87 17 -609 -876 80 151 560 -1189 -347 743 -133 970 -247 -373 -324 -908 -355 -8 -459 -412 914 -29 -785 -1432 458 246 137 -209 -178 55 22 466 -1462 389 1132 -1276 -356 -298 1056 -649 220 536 233 228 190 313 571 1090 -132 885 -816 -453 -606 713 260 -96 822 22 -879 -316 -154 141 -93 179 530 -532 1111 -678 1519 705 -568 124 -688 199 -771 -605 475 -440 -741 -512 -737 545 -365 388 -293 40 -617 1387 -183 -19 -78 -997 -571 204 
139 571 -683 -396 118 -529 760 794 93 446 -846 55 -214 1953 -561 524 -68 400 -650 683 431 551 -1005 507 828 81 22 831 114 5 417 524 -384 -81 650 898 193 -492 -673 -305 -62 237 379 -885 -286 979 -217 -132 917 -793 37 684 -333 -662 1103 -105 614 36 180 -916 3 -479 -673 496 1268 627 -1227 89 331 -102 -246 -99 -29 1612 849 1437 -55 503 -360 -424 69 -410 -865 -1056 337 825 -854 -974 -894 567 174 -602 -703 -649 -1245 290 -406 296 199 55 -536 -1288 623 1084 -340 9 433 -1213 -724 -269 -64 66 -435 -143 -682 1061 110 -698 -1299 693 -211 320 -743 363 -227 251 91 302 -989 791 -164 1028 -289 -29 -1451 -629 -651 1515 -63 -157 330 379 229 301 224 -339 -54 -4 -501 97 229 -101 830 189 -385 -534 -513 -372 -348 121 -300 534 134 703 934 515 511 -792 210 143 367 329 135 1181 -589 958 -125 1 -282 -576 555 690 900 135 140 631 673 -245 -178 -1257 377 166 690 -1275 671 -182 -375 -302 -805 -1180 16 -1086 -410 -995 -785 189 180 -330 909 556 389 682 420 -659 -254 -140 -415 -723 401 857 188 719 174 127 728 181 -711 -487 635 87 -84 -638 -446 176 -1552 -238 17 -7 -160 -900 -251 232 -449 760 -65 -482 1168 45 -42 907 -572 179 -622 -384 -181 -480 586 535 751 -1261 -155 909 1167 266 1210 307 765 391 -141 -64 583 -123 -17 736 564 25 249 -696 -472 79 -961 -329 821 -222 -1491 -14 354 -1150 -272 -223 404 701 -625 -494 209 -388 -574 386 -678 -248 
136 185 706 -392 -257 562 276 -275 724 889 -188 -500 104 -311 -294 49 -560 -383 -75 460 -158 1188 -540 -93 -249 263 748 315 -466 -25 -781 905 -170 374 42 844 514 -203 170 -1345 890 622 -12 113 -1196 -400 -511 505 1402 -293 771 398 -982 299 18 21 -223 451 -305 -497 237 -1082 -718 -662 -362 527 -661 -1259 688 701 561 -130 -841 -394 199 354 -348 -123 812 632 -481 -713 169 757 297 -831 83 -730 232 967 1127 713 105 -53 304 1105 759 1105 239 -2081 -641 319 755 293 -685 2023 1223 -662 -240 -369 277 252 -131 -284 39 865 836 -84 -164 -249 -934 447 720 263 429 -904 128 593 -383 -566 -1064 -1239 20 -45 348 -704 -616 102 95 -609 -638 -590 909 -567 -1076 67 1361 194 -92 92 -1450 -549 846 -397 -142 549 245 1005 123 19 892 -466 255 -91 392 -176 1095 322 250 -206 -288 -901 -852 -647 -503 1010 454 236 698 -693 -456 -141 236 -47 -360 1502 -520 -575 157 -183 961 -278 -146 -882 64 70 -1745 -749 -491 -817 -867 413 -1319 623 59 757 840 634 771 -190 -142 -408 -17 -401 -771 -660 14 519 34 -1237 629 241 -782 -617 -1208 60 216 476 699 -151 -117 -811 496 260 -76 -598 -596 -762 -282 -1204 368 301 69 786 -568 1324 258 163 170 -113 -324 7 -122 618 -964 -667 463 483 -1363 896 979 -855 -204 -364 591 -942 -340 -721 -467 -629 1566 438 1020 -73 398 -626 411 -750 -429 -290 -217 158 -333 444 195 837 -524 -240 1029 166 309 621 -620 -224 800 -256 -353 -853 389 736 
-76 1414 1027 -1366 475 -342 1351 935 1142 -1749 -60 1118 1317 480 914 687 203 675 -793 65 -1063 1222 284 23 324 108 232 -920 892 328 505 -292 -738 -1199 261 -196 -931 647 -221 -385 -1330 628 338 408 1 575 970 247 390 663 -1181 -49 -524 1086 846 36 1136 231 1219 1445 403 210 -923 1063 133 657 964 583 779 -384 379 49 636 163 -169 144 613 -288 628 787 101 208 217 -376 219 -3 -852 -188 -341 -1070 811 -995 1211 -276 467 -987 577 199 -525 84 -293 257 -683 600 -116 222 -124 54 -749 682 -97 74 -45 541 586 124 -786 494 1146 807 223 -1103 -300 -744 -294 136 -254 -513 73 597 -750 -280 -249 935 -98 562 233 1096 89 -99 300 -909 -649 655 -15 -704 -153 -376 116 -141 -1055 70 -1144 54 208 -354 -149 342 -430 280 -1298 -190 528 -168 586 796 -182 -48 959 84 721 -225 118 930 -759 118 -790 -310 95 -191 295 -590 -149 175 -570 -379 130 -305 406 764 -76 -259 996 -792 892 232 -20 -491 -1109 -571 -179 -52 915 -556 -378 -127 -568 -305 -1509 1079 569 257 590 -241 225 413 -540 1070 -380 514 -225 1190 -136 -898 955 -149 1219 319 -619 -514 -1449 1444 829 -2 -288 624 -841 666 149 -318 884 -925 210 -1016 -207 -840 149 651 299 -242 -1160 311 -850 -1192 -226 339 415 -359 -468 725 -503 161 374 -691 507 -928 1470 622 -695 -1128 -302 918 216 -519 -44 -471 83 -1154 -160 -534 -229 87 35 -366 512 123 -603 -76 212 -65 -1135 -244 -242 -175 -375 450 -59 -698 -749 895 
13 -758 648 -590 282 1286 1271 991 347 -305 105 -310 297 1114 447 -254 -148 -5 -137 -1122 -1624 7 436 263 -535 -183 831 -606 -132 -383 870 -475 460 -363 72 377 -458 -649 284 -1064 749 441 358 177 -682 -64 293 415 801 -22 -365 -111 367 1946 649 -58 -720 1355 -222 110 319 450 32 -243 -276 -484 -1200 135 -661 -137 433 360 357 -295 850 -288 241 771 125 -732 -935 -35 -281 654 216 59 -448 -413 -550 541 1084 -621 270 668 -26 774 -222 971 -250 -575 59 -420 -570 45 -476 201 -571 -222 -359 1003 724 -1169 -1360 -774 1670 235 -746 199 210 958 -967 -922 -464 -874 773 -66 934 -127 1089 -1069 1359 -64 266 -53 -154 -819 597 784 -1314 -681 -5 -202 -936 -1012 -26 931 -242 -221 -371 -555 1191 -180 207 -211 1117 -200 -323 -416 513 -151 34 720 1502 253 -141 327 889 -76 -124 513 670 -364 1132 -160 -494 1063 -1319 626 -261 33 211 500 248 -656 122 -365 -163 -1005 43 865 318 240 333 -353 15 23 -568 -52 -773 645 -420 489 78 -517 51 -181 -172 111 85 -774 19 97 -471 337 123 -144 -337 -767 -116 106 -7 -126 272 -423 -173 -63 59 -1591 -693 724 -457 -984 269 -12 -900 -48 -712 -37 -365 495 1057 -323 -241 -444 -764 -313 368 47 223 377 -16 -426 406 401 642 728 -1081 -735 194 -655 -108 -546 331 585 170 -1804 281 872 -919 697 -697 -893 976 532 -462 735 741 28 513 -21 822 -575 -235 -465 236 205 -1283 -925 -183 -373 -608 -711 -1267 597 104 391 -226 320 324 476 
-117 1327 -42 -520 -1470 -763 -832 307 -1038 -694 -773 -508 -729 834 246 -238 -94 -27 413 654 1129 -113 72 -958 -124 187 -768 -348 25 517 101 246 -643 249 -248 411 -129 -311 -1097 481 445 505 100 624 -765 -361 190 695 -758 453 -33 823 93 -544 -182 518 198 -388 376 -253 -467 23 341 -1091 -87 654 1115 -263 -466 373 820 -72 472 -432 1123 -305 782 -507 -339 199 828 441 216 378 954 -1303 101 157 -19 706 -51 289 1157 -610 755 -368 -39 -221 -230 -223 -60 -294 -1169 814 272 -112 -544 947 683 200 -108 983 1150 -428 449 95 420 -312 626 -761 -486 710 -1258 755 -938 107 -564 -534 -847 364 395 855 47 -5 -1046 235 240 -406 669 -786 518 284 -360 -529 157 -259 -97 209 272 405 401 -573 -368 948 -1083 620 382 188 -1027 -661 486 -1244 848 -1130 1051 479 -792 625 -476 -209 -333 -541 519 851 -238 -946 476 -1040 215 1064 -340 943 -624 -199 1200 238 -337 39 123 -28 665 -45 -558 338 -360 -389 -64 656 515 1205 -195 176 837 797 -648 453 699 -333 -796 -910 -882 221 380 635 914 -130 -415 -4 940 255 459 -320 479 375 -1519 -801 873 1603 563 -483 1014 -465 -87 417 -37 -525 610 -195 175 -348 -645 -19 -1316 477 873 494 -211 -1289 -815 175 1229 -423 -440 -311 -291 -1072 -1 305 987 -581 956 178 65 -574 -493 265 1062 -250 174 1473 -855 1148 280 -85 722 -470 -802 -21 880 -752 -643 261 -1071 -250 1834 -621 -59 -163 673 -698 -666 660 534 -1082 274 287 164 -29 371 -292 
432 -93 107 438 9 -207 -102 519 507 -273 664 -682 675 -403 -327 472 742 -826 632 451 -517 335 -69 869 319 402 504 -766 1152 35 -503 -10 534 310 -959 -38 484 229 28 36 -434 -688 681 -459 871 11 723 206 -1384 -1104 -47 -656 225 169 111 444 419 -449 -360 -109 209 -221 503 1175 592 523 10 -357 765 -531 -239 923 371 289 675 -319 -87 1135 -118 959 93 -536 1104 423 -201 -81 -757 72 -201 -939 -32 -144 -208 -132 138 408 237 17 703 799 477 -600 318 235 611 551 1088 -498 -386 215 -480 45 -301 -279 -425 697 -204 -180 -348 -415 -110 9 -468 -682 165 530 -612 149 -365 203 -1190 -821 857 -87 -140 232 270 799 -575 -373 892 -762 563 636 1117 -124 38 683 1018 -139 0 84 -53 -158 68 179 -140 371 -310 -532 -782 -65 -59 244 1309 -569 -435 701 -41 -244 726 51 265 151 347 1238 -135 -344 -52 -1040 -449 -111 -4 437 326 -88 784 -526 1032 348 -488 -12 402 218 489 -146 -186 -517 -421 -1557 43 -999 -147 -330 -294 56 -522 -133 266 648 166 288 985 357 -652 1109 567 -260 -513 19 1788 -282 -256 -117 -613 -332 777 -804 -832 130 -234 -178 429 -710 -13 477 -35 330 -288 -995 313 510 -706 -181 379 191 -349 -1306 1703 113 -293 1094 -531 -772 234 68 -142 -1048 215 -132 448 1098 1253 301 1027 845 -170 1887 -601 426 -857 -249 -805 -158 327 2025 -37 -830 -71 -324 -296 564 857 1376 926 -445 -379 -28 -226 1073 508 736 100 610 -896 -933 1429 -475 -410 839 
-861 -777 -927 980 1157 1946 -325 -453 -642 217 611 -631 403 1050 701 222 552 316 -1577 221 730 -618 527 550 -140 -1321 161 522 -533 -72 661 322 303 713 451 -332 -58 -529 276 -642 -447 -278 937 -305 192 -1061 45 258 -763 303 -413 317 -264 393 -634 -394 -189 455 1068 -432 7 400 -162 -1196 -157 -84 362 -1109 385 1153 -440 -730 986 248 -1029 334 650 632 680 -306 -744 815 420 -213 72 124 1229 -471 -1327 685 -1846 62 47 -96 -247 -967 423 -1433 -620 71 3 -1050 481 -247 921 -249 934 353 553 -866 247 919 241 312 -1117 732 -205 -183 -123 884 -416 492 148 -511 -133 -154 561 172 -34 932 -895 348 -598 909 208 -274 -423 -762 -527 -221 -435 124 667 144 274 -1500 116 159 -845 -409 -347 -42 -120 169 558 151 381 -822 -955 -175 1018 -498 -123 1189 181 464 -228 790 1067 -273 -114 205 -1221 -370 -562 -150 -664 79 -169 -915 755 -484 -1117 362 -564 -776 -1388 372 -30 534 211 47 -166 950 -41 934 263 -89 143 263 845 251 318 437 -652 -669 -349 305 461 249 123 -289 -147 136 759 -28 1316 -73 -188 470 -635 -490 316 1520 -693 532 -545 -1760 -290 -78 767 370 -155 -669 59 -73 1324 1286 247 382 -799 -904 1010 954 -1124 -878 1508 -1282 108 -304 873 420 128 -161 602 47 871 -640 640 -1135 -798 19 423 78 -187 231 -313 1212 868 746 577 525 569 33 561 -1059 -642 299 721 1164 -387 655 -646 -257 219 -618 -1208 -121 -254 -405 380 -780 14 -1432 539 91 -498 558 -1022 -552 
849 134 -551 -813 -150 -713 -173 -19 123 -472 -858 101 -35 1066 -444 331 969 435 -928 218 -310 -50 182 -284 -1158 697 1723 1363 -181 -731 348 -1099 -1159 -256 -160 -616 -1372 822 -1134 524 -72 -473 -303 -970 -713 -425 147 -639 -1195 -269 1094 -445 1378 -388 -458 306 995 -192 -940 10 195 10 195 1550 193 346 895 -507 -239 -916 56 -1536 1081 928 -260 94 -801 132 -1170 -801 450 946 635 645 -516 -346 304 640 457 53 441 6 106 -1301 21 -30 -392 782 1164 -408 189 -799 -1336 159 263 -57 1060 -216 -606 -607 -1261 -109 117 99 1126 -515 1463 -775 1483 911 737 1321 -256 -197 370 613 93 -262 -559 -150 -1 -64 -563 -210 -637 548 927 -1165 -109 173 545 -284 -611 -311 476 677 548 -662 490 -515 354 -398 -537 -180 265 1340 399 -165 1042 -567 344 1856 -566 -107 -874 -1321 -500 1020 470 390 -488 -497 50 -167 -12 -862 603 -140 -302 50 -1032 105 82 -75 -1023 1689 -106 367 -133 703 468 -865 -274 -480 256 -255 -146 55 91 -1259 -872 1059 -329 -507 -412 77 797 154 442 1246 -693 2 -53 538 -508 1021 -292 1389 -482 195 -77 -1708 -122 -599 903 -731 290 1207 -266 -370 803 768 -138 731 237 -305 -811 -297 -954 68 -406 -124 -129 -972 176 -360 -97 320 455 -852 445 -211 -246 447 252 -633 218 -654 -146 -803 316 498 198 -252 1055 -119 -31 1113 -76 -157 -440 98 -564 -383 -946 -906 69 66 -160 -1574 -1050 -721 342 606 -143 651 7 20 102 -775 82 86 254 -1237 -1348 -148 211 -507 -265 780 
251 777 208 -700 -677 296 413 -323 1010 -183 -173 -888 -84 -69 319 409 -477 552 595 381 124 -1062 -724 -724 260 538 -55 -225 703 1259 -16 432 -71 -16 608 -771 -244 -644 -719 -996 651 -1133 -2068 -509 624 -240 -216 -108 501 -846 1426 -507 -222 775 1882 150 -457 -204 384 -605 650 640 -1618 -760 -421 -139 3 -912 194 336 -386 599 -64 81 767 -1124 -655 -919 -1646 -105 5 -638 10 -950 -141 1027 -88 249 563 -771 85 -93 277 -1504 407 933 -1247 965 999 407 1949 -1558 40 -1022 -717 -429 1016 -772 -953 -606 -980 -819 345 -630 1028 437 119 -1307 700 -7 343 11 314 -451 -599 -475 -134 -244 1010 -388 -473 549 500 -837 -142 -1090 1398 904 -1380 -3 848 -250 -1464 367 283 227 598 1324 -119 -1105 -399 -38 -493 205 840 -52 209 306 133 889 228 227 305 -322 -460 115 1677 123 -447 1688 327 -947 -873 140 985 -704 -171 1571 -291 -395 139 -720 611 -1231 -90 624 707 -11 -445 54 200 559 51 -166 814 120 -247 132 283 -125 507 -798 507 154 -1091 -919 539 294 394 521 1093 1328 232 -423 -525 427 -1004 -588 -15 822 -223 -732 781 -1011 -378 -754 323 112 -1 -255 435 1025 608 479 -413 -438 55 1100 1604 -726 490 -438 -1157 492 157 -212 1103 -258 -505 1038 -340 -123 -958 -288 -128 590 126 1345 118 1513 989 -337 1190 563 -104 459 -187 1374 745 -417 -341 -1058 -669 719 -635 -899 -385 272 -686 -188 -723 500 1429 -177 -339 27 966 -41 336 1189 -436 320 871 822 -201 -475 51 398 -182 244 
125 -775 -378 712 196 -348 475 -169 851 98 791 103 -184 -235 -120 27 753 -356 179 151 -281 110 -399 -885 -267 -255 -627 -857 -302 14 912 -283 -251 -102 669 -1018 217 99 -1554 -443 -1065 -587 -608 740 -84 1129 -196 -216 1052 -676 748 575 -849 -353 818 -687 -1112 -565 304 -180 575 88 196 7 560 -309 -360 536 -384 -63 418 -608 77 -405 -10 -193 344 95 -985 285 -65 893 -1064 -209 1019 -54 92 627 404 278 -563 281 -322 -400 -530 919 104 23 410 -250 -731 -66 -181 209 1187 378 -1022 -264 -131 693 965 -255 160 -213 -490 466 616 167 -1448 549 -65 486 -106 360 1243 558 306 205 593 -326 152 877 1033 -1077 989 328 -99 -650 -123 226 -21 -157 -266 10 74 611 -270 -681 -380 868 664 64 -28 -260 -391 -327 -1751 34 88 11 -171 -1040 -505 384 391 337 693 -1179 783 -378 -274 485 67 843 -79 1121 -1490 -421 1364 1099 -299 273 -820 -492 -267 89 925 1150 -654 -483 40 -221 -321 489 42 163 369 -292 -470 -350 84 351 37 316 403 294 739 -452 557 -666 41 13 436 -751 -174 50 -470 806 -12 17 -913 70 -116 -235 1254 101 554 502 -341 -864 839 -222 -191 -211 464 -477 -386 881 -426 1166 410 -524 1169 728 -895 411 27 110 -568 -185 146 -497 -386 -250 -154 -511 697 1579 165 228 136 -1036 56 -199 378 48 -81 -93 1078 8 700 -429 523 433 -763 195 -422 -1061 457 1039 621 -234 -746 99 439 695 -232 -627 -119 -1856 -385 -795 260 -348 527 123 -484 634 213 -662 
223 -68 -249 565 -165 641 -432 953 -1095 -1677 758 835 229 1874 271 117 472 122 1640 556 -186 1437 594 -1039 110 -248 249 -439 -262 348 -7 475 54 -208 -257 -685 -140 -216 179 238 68 249 693 813 653 -654 -319 1032 406 77 489 29 -494 -63 -546 837 -36 -762 -917 18 -534 -112 969 -315 62 -436 225 1481 -722 -143 365 -229 262 168 694 384 -448 -672 455 -706 462 -680 466 -8 1005 -413 -1305 -631 -575 123 192 -132 -608 1856 88 -211 376 1164 -451 858 -486 -868 -93 -533 -1425 -1380 1610 -338 9 272 618 -751 481 -375 731 -202 -489 435 -304 393 -529 -939 -8 -203 -634 583 -106 -171 -732 7 -625 578 -390 325 -1372 280 -987 716 -40 -260 -433 682 -479 -340 319 492 42 145 295 889 511 19 -369 -314 804 -231 -647 -790 -431 -936 -777 419 -40 503 328 -861 -323 -519 -94 174 -388 -522 -124 -1430 -711 -160 -36 -609 -13 -90 137 -72 865 676 -11 -315 187 468 267 -454 -561 558 -340 102 -400 98 -440 -474 581 -1325 1203 -509 -1285 -221 -191 -30 -396 877 -492 665 -879 531 -491 -618 -217 229 266 301 1078 780 -5 669 -1184 -115 -26 -1400 -302 -306 -757 28 296 -246 -887 171 -648 -249 -85 530 -709 -7 622 -380 -225 231 997 -126 2504 273 808 -101 -299 643 778 -248 196 192 621 398 -259 -365 458 -420 1411 50 429 -143 740 718 -432 -963 -72 510 423 435 -232 -318 383 -359 989 -256 577 -438 18 -118 -77 -608 52 38 -443 1674 172 36 -460 350 1078 146 -785 72 -229 744 
236 766 -433 301 -344 506 -1488 138 27 -313 -543 152 -383 358 32 209 299 -339 1083 320 58 -545 -528 -12 -719 -991 294 194 -382 87 117 -1006 820 -35 -333 -170 174 198 -285 498 -1012 -1480 93 -248 1286 -145 -12 -1208 763 1467 534 -634 376 -607 -706 -1181 -399 338 369 30 -403 1409 436 572 -1050 -707 269 -956 720 1088 940 106 66 -964 -491 992 -455 -23 -418 -505 -817 -1302 814 -204 -156 866 -447 524 287 684 -826 359 -1733 -34 -362 392 167 -103 276 771 822 -76 -680 -194 -420 325 125 960 -800 262 -1267 524 884 544 318 -948 -648 -997 -677 672 -627 -979 -635 638 -396 -922 -314 156 88 -1056 440 -89 -904 -809 -327 155 616 543 -605 46 -956 -32 375 -98 -489 397 -1507 1607 316 654 217 219 120 -440 -695 -736 -529 -853 -457 199 -391 -588 241 981 -1291 -385 323 329 -855 48 -1839 -317 378 -98 -199 128 762 827 201 -238 -48 -1024 118 -318 124 -900 -459 1163 -78 789 275 499 1305 -340 -744 152 86 241 -85 337 -673 6 717 -786 -497 -1749 248 860 -521 234 1154 -1511 -365 35 -208 -392 126 202 592 1516 -152 -547 -873 294 211 365 -376 -229 122 -242 836 1035 221 235 -1126 -688 1044 -477 292 127 893 -114 237 -841 -1434 -371 2106 13 -10 -234 910 17 -1056 -715 465 93 -360 943 -262 407 -914 -746 1494 -333 -171 160 299 414 318 -1211 -463 -999 -522 -745 64 133 -1125 835 -634 -514 -340 -45 -60 -1063 -699 206 -858 588 -450 351 362 478 -422 278 -423 -597 1285 -292 -353 -198 
-528 -552 196 218 -659 236 -154 259 0 92 -104 219 914 656 578 -714 128 -920 -582 -67 -505 1100 -117 356 270 -989 84 -566 435 -721 -747 -95 229 -227 -560 -211 -343 1057 -405 57 347 344 82 269 -288 -75 218 560 -449 -373 -2331 -598 413 551 46 -75 247 -357 -581 -54 402 -608 -653 361 -772 58 -100 417 831 -743 -530 5 859 253 3 -93 -554 -382 -281 -843 -16 -928 -868 -601 659 496 -61 -118 1401 -63 1368 530 486 -542 1051 -1303 -719 286 184 -436 -360 -631 -189 1467 827 -96 -187 143 -856 -749 -446 386 -365 894 -841 -53 474 1063 733 -189 638 181 952 16 660 -15 -1050 -295 -306 -281 1272 661 -486 -73 771 1531 1092 42 -226 746 -489 908 -715 366 1417 742 324 826 168 -1435 526 -876 794 1109 30 407 -737 949 -534 -434 -1070 -143 1163 -782 313 -518 -653 182 461 504 -603 -422 -591 340 -70 264 101 -563 334 -133 -174 360 438 -271 1413 -373 78 91 114 641 644 461 86 591 -542 343 212 -124 65 408 -422 1074 -205 -457 -723 1190 -475 90 497 -328 305 190 514 456 601 -162 -831 -853 7 118 405 -875 472 -637 -178 -268 -674 1297 -307 -834 430 -748 -86 -23 -142 63 -28 734 -98 -523 -228 -644 -65 449 -373 -273 -811 -44 -259 -1083 -109 256 -544 129 165 805 -249 -831 331 -65 97 538 690 269 -1037 1206 1442 1399 -481 -115 716 1106 -496 1111 -29 259 -273 -575 -442 120 -874 -400 490 162 -287 -105 -91 -433 -519 -205 -7 143 362 -15 -738 -184 -368 -216 -81 -909 
-445 -1225 828 -290 673 -203 638 -534 -394 -440 -116 -277 488 1407 -47 165 -118 -766 -49 22 -116 -127 -634 -317 1446 -729 -1039 73 -175 -1199 143 76 374 134 -411 -875 210 -104 -530 -410 -660 -255 1344 -130 -1229 -1418 -2155 390 271 120 -990 -1145 392 -452 -35 839 676 359 546 213 -643 289 18 191 -262 -557 1230 149 447 1035 440 11 -404 -259 140 515 -214 510 622 275 -462 -1285 -1260 -367 463 -186 -752 355 224 142 687 -47 -509 -199 177 -441 300 543 -793 -36 -997 -956 -141 1275 -271 -233 -211 289 -1322 61 452 219 918 618 -796 284 236 -219 92 650 307 -760 1172 199 -799 -614 467 521 -581 312 -426 104 101 1141 834 731 -139 -86 -1169 -569 -900 534 449 620 524 10 -90 -925 83 -761 436 11 561 483 -215 53 20 174 -1106 -64 -1212 -49 2 1111 394 234 -1002 -25 286 1431 -928 -414 -1008 -456 -280 199 -1063 623 -20 -361 1173 -358 -600 -307 393 -961 944 -1073 -293 322 831 -1343 -607 -290 183 69 766 948 772 -1108 546 691 -390 523 1020 -987 -1245 -243 506 -261 288 590 1133 -300 -123 -486 235 -178 1293 973 44 -312 -230 -6 -218 780 -1107 -541 -201 -985 518 189 -503 -160 -671 -84 92 662 -483 874 -757 -28 -57 1139 -1103 -205 1550 51 136 389 -532 -283 1075 -85 -660 -298 -1134 -853 -53 -272 -1089 -719 551 307 -317 533 504 -65 258 -938 -3 765 -20 586 1148 -612 821 -141 -740 120 -745 313 250 -1478 -80 99 319 -933 -74 -750 -372 -660 -266 -1144 389 1407 -106 168 478 -882 
-803 -270 233 952 -1307 746 -610 131 594 -852 68 1186 -415 203 166 -1248 -820 431 -455 1050 -160 -96 -500 528 -977 1075 406 -335 -496 -267 -177 -690 -444 -892 596 -382 907 1339 224 731 -320 -372 590 -636 -79 599 298 213 796 -457 989 712 1074 189 -412 139 -295 -1400 -228 -513 547 -1093 1492 -285 -90 46 -400 520 -572 -638 771 483 1478 -733 432 271 -518 -893 733 -358 806 283 -581 337 817 -79 -576 -345 913 -397 -278 54 -97 881 554 -558 106 1148 243 -436 -595 -120 959 -440 -245 -632 789 863 626 -1060 -204 403 580 1267 -134 282 -979 1347 -4 -223 -394 1055 1461 -429 -865 210 656 304 339 -89 1236 876 -573 215 -31 -277 -586 -151 -147 847 1028 94 740 -833 -5 604 -131 745 1073 620 236 -1196 -125 -353 918 -237 -1065 629 -61 -935 -2 90 -220 -605 -128 1324 -147 455 -408 -781 -123 -1158 149 -487 713 -917 472 -304 215 220 -717 485 1489 -988 -60 72 -328 -291 84 -254 922 104 394 1095 636 1082 -23 145 -227 -561 -871 -258 -250 -338 902 156 728 673 148 -506 254 -71 88 -772 432 266 911 193 435 -543 -679 -819 280 38 -22 414 91 391 210 -48 -282 927 508 567 -360 973 -526 -578 644 -47 1741 515 -74 37 214 256 -1159 935 324 -7 513 -910 -47 585 -814 -1267 -1566 -435 203 -821 478 277 -47 -1082 -1088 -920 -516 -967 -365 -740 57 -346 -963 -147 -832 22 -324 54 -260 299 -152 46 1123 1493 -1122 380 66 -367 608 141 -956 1218 -342 16 -153 -756 224 1016 751 742 
941 195 -809 -918 1159 -1181 -1091 -590 1056 134 -645 -437 195 681 -979 -902 539 18 407 -885 511 27 332 400 1208 798 -306 -8 -251 -808 -286 -446 -204 205 -783 93 347 -949 143 -939 -476 106 -1990 -790 -574 -157 -742 666 -126 -594 718 606 -417 -405 46 -1039 -954 -1119 449 150 573 -407 868 -48 -76 -1036 -406 426 502 1185 291 78 -376 -1021 -440 395 -49 53 567 754 926 -484 -31 -158 1128 -377 -395 1222 655 1126 -794 -329 -629 358 -292 1623 -83 -495 -625 -230 -820 917 1350 -82 143 -466 475 629 -248 -362 -1008 1153 1618 -1114 1378 877 -53 -86 456 -60 1429 314 145 -413 -565 -24 -351 0 -617 -125 -299 -860 -1260 1165 372 -1093 717 -683 24 -1490 -336 -1217 -210 755 -1119 -432 270 -322 -642 155 331 1202 -16 -97 -461 235 -25 -70 -398 675 209 -566 -763 -58 -777 418 578 -366 -191 -19 531 -614 441 302 337 1332 -1012 511 -120 111 1170 -1590 190 246 -325 -761 922 -609 -562 344 -71 -725 1131 1205 342 -78 -544 -1459 229 -676 827 453 517 1 154 -60 -497 -530 327 110 1875 58 -876 -1112 -329 -1266 215 -201 709 312 -516 -93 -297 501 12 255 -1122 184 -32 610 -421 89 195 845 -283 413 -63 151 383 316 794 -1287 -499 -281 389 1561 927 328 -456 -6 -813 275 -42 2 436 280 25 1130 -140 907 454 -219 1281 1071 -208 112 -99 312 -859 38 50 -1198 703 155 444 -269 -748 686 -267 1496 77 953 -719 -101 -630 500 -182 -53 208 139 -822 -406 -457 -360 626 36 1251 -3 -80 2144 
386 -80 205 260 -589 -7 -410 -1341 194 -528 514 -37 625 530 329 -1242 -96 679 -1573 -83 -312 408 -192 -669 1640 -572 -427 -602 -212 1089 417 -707 697 219 78 -498 -491 -442 461 1036 -1377 -155 -204 84 -335 202 446 -25 -463 -453 771 -1345 -835 -63 -1215 83 -206 -165 -849 912 -322 1081 117 921 715 -173 732 -158 -569 1064 340 61 199 614 -335 -650 918 -353 446 251 232 -302 115 -642 -417 415 593 91 -400 -407 481 401 -1001 74 193 538 1524 822 -1436 -679 -925 344 -236 -424 -121 -213 322 -176 -291 44 580 -506 860 1100 606 -135 98 -166 233 -420 -140 -186 -221 -772 -478 649 -473 -258 504 402 59 384 186 224 852 1063 906 444 212 -790 -176 330 -934 797 488 -468 207 -965 597 173 -903 1477 -142 -543 885 165 640 309 1247 -424 366 214 -595 -436 -719 14 344 -280 602 517 726 -53 -543 -225 580 -767 -264 157 242 199 -499 -244 -459 -157 209 247 -633 533 853 -414 231 246 -692 523 -3 259 -384 277 144 -1067 777 -462 520 737 44 -769 1244 429 96 -1406 889 593 266 -1258 252 101 -1509 1096 784 -393 -976 -727 103 -407 402 1159 525 54 -529 392 -38 -693 -1755 531 64 272 -296 -72 -197 301 -513 -260 -389 224 469 -1153 2162 -221 79 332 331 -6 1062 346 254 681 1086 295 -838 -36 -430 158 975 -340 -1 554 746 660 100 -494 14 136 -308 75 -27 879 783 376 -764 -156 -22 -410 -141 930 857 -424 518 -254 -639 -1074 49 -823 -101 -149 111 -141 933 273 -478 389 
869 -1078 547 114 -441 101 335 197 435 379 -370 -35 -716 -349 1005 -690 726 -144 -341 101 -65 -972 -110 523 -123 684 557 478 245 187 -192 -562 374 378 401 433 -119 -471 -24 119 -112 69 -1333 879 -1046 1189 631 -1318 468 119 517 -335 -992 493 100 -62 808 239 -801 37 726 1261 -79 84 242 -438 -721 690 112 18 533 -745 -461 508 408 -735 66 -1264 -690 -534 496 -215 -119 123 492 -537 -638 810 -97 -167 -678 413 249 -486 -1010 190 234 -41 876 -363 -748 56 145 -537 -264 -325 116 -541 -224 637 1376 -366 -406 -122 -598 580 583 -270 -761 737 634 411 241 -1579 593 894 156 -464 52 259 530 407 -301 -840 754 -288 791 1267 -16 -213 22 -1047 -60 1143 732 868 410 -228 196 -943 -749 184 -431 -435 671 71 47 648 -372 1357 -108 825 295 -641 112 -392 -105 -456 134 671 65 27 325 959 -496 396 -114 -347 -854 1235 128 161 120 -984 1177 418 359 597 715 302 581 -1201 579 -259 1081 -277 779 -656 430 445 -63 -643 -618 694 120 551 -385 -15 -224 -399 548 22 -364 754 -92 377 -701 -515 203 -453 6 -368 1163 150 728 -224 11 361 287 -489 971 -366 -300 522 -56 989 -300 -217 96 885 54 766 -169 237 -268 512 698 1014 -4 -360 586 745 254 -380 -126 297 1044 -787 -157 -216 852 -333 864 118 429 -1588 247 368 -200 523 -255 -1205 -17 758 246 -182 -892 585 -981 477 401 112 814 50 1308 -233 -295 187 408 -631 -389 -206 -531 -348 162 202 940 -268 272 -786 
-131 901 14 395 -368 -596 -198 -429 172 1094 661 447 -572 -1203 -161 -494 -845 -400 752 -71 136 1106 -1577 50 952 951 282 227 355 -142 847 400 266 -757 -981 1037 -271 525 620 -235 926 902 33 -558 -286 -657 1905 382 724 -16 -743 -294 -697 16 -723 666 -234 -779 538 658 410 84 673 1190 -544 -65 -56 481 994 277 998 43 -897 -42 803 -157 -991 29 1010 904 1930 1734 -981 -461 -417 -215 818 809 -91 -377 -9 -369 -317 -315 1419 -275 369 1154 965 -216 23 570 255 -213 549 307 -179 24 -373 697 440 -910 200 -158 -336 -371 754 461 515 -297 -224 248 -370 -321 313 -908 -64 886 -94 -369 321 -1117 1409 523 504 98 -638 367 441 -293 -516 277 -47 292 -168 378 153 -149 312 226 105 808 -629 -54 452 576 -852 156 -602 -1120 -178 -318 734 -840 1073 768 -7 654 345 -1229 164 -1488 -746 212 461 -142 -31 -127 821 -693 -561 732 -510 -28 -220 709 95 -799 -240 225 -375 -3 465 -139 -310 232 -915 183 -321 -272 1433 649 -115 209 87 -33 251 41 822 -776 672 -349 -90 -775 170 184 310 627 1133 699 347 -85 423 783 652 780 -524 956 434 -585 -402 519 73 763 -734 1178 -317 -493 824 -1060 284 613 141 89 839 726 -1046 91 606 -293 153 -684 -507 338 -1339 390 1127 -267 -294 903 -302 -65 509 -639 169 423 751 338 545 -1223 164 -359 605 333 207 6 -71 -43 -46 447 -499 -233 265 331 -315 -226 206 -689 -252 867 308 941 -85 787 186 -175 -333 -603 172 -297 
167 815 -206 -313 -1423 458 469 -950 163 114 -134 -780 -316 456 -370 -341 1011 319 -792 -755 -625 -692 181 212 -934 -75 -305 -134 101 -18 -338 -1188 -879 239 51 -182 -1012 -460 -75 -132 607 547 -551 -585 -165 -581 402 -639 -639 -1053 465 -562 615 1053 -1653 1174 531 119 -735 -8 1102 535 1565 -1332 397 -441 495 -757 -435 -34 -6 290 -397 -403 -310 106 259 -1585 324 1078 73 -581 7 -100 -342 -180 -480 576 418 -893 1490 71 481 701 -16 774 445 -606 -533 -300 -242 744 587 437 -382 -885 777 -1163 120 126 1221 -1044 -323 -706 -775 628 286 -708 572 -331 228 -314 1120 -696 206 469 -363 -534 211 -35 85 -211 -1387 466 608 158 489 141 -20 -175 487 282 -264 -339 -731 -75 1618 3 362 -547 685 -82 -37 927 184 315 355 540 621 -964 -65 -332 -1225 -1234 -22 857 138 577 -293 404 -358 -670 -1601 -710 -718 -603 -157 -1016 -234 615 -312 573 -706 -280 253 866 -584 -42 -176 -763 -604 932 -734 -505 -748 -519 427 -718 565 -716 -973 138 -782 218 -810 -517 31 397 -160 -416 -447 351 409 -522 -373 -27 -115 1504 199 1084 929 -586 -208 -525 -885 -1105 969 -549 701 -151 -95 -71 -155 -272 208 -74 -52 124 1073 -1024 91 -112 -315 578 1048 621 -981 606 226 -758 888 -516 -735 160 -778 -173 -806 370 1072 -78 -612 -332 -154 -753 110 -120 57 -864 -714 -59 -384 309 82 377 -63 -52 -256 -309 223 -49 584 -132 311 -68 907 1346 600 393 -582 61 -460 -515 -88 -592 -630 -17 44 -296 248 -427 
-357 -481 -480 -301 685 602 -655 -97 -212 -1061 229 106 191 -150 72 752 722 -386 473 128 -457 564 57 667 545 -263 394 84 1185 -729 502 178 1327 -824 -805 -644 -85 633 216 7 -972 -420 58 163 29 266 517 727 293 -18 -211 168 314 -44 551 84 -14 -583 1319 -665 -149 -360 509 395 788 747 -380 -383 743 506 -102 -713 402 -1310 399 53 342 -14 676 420 -255 -209 164 625 310 -85 211 855 19 -1906 -1231 207 -83 644 382 -21 558 1268 -1114 340 -782 -385 -28 -254 387 426 -1133 783 -453 -1076 -398 41 -649 303 1090 -232 678 1126 -109 361 1212 542 400 516 510 638 556 467 -299 -449 -868 125 788 406 744 778 -479 -734 40 336 -826 -407 113 -749 828 468 -417 -343 -55 626 20 1000 358 -605 805 243 -328 -1285 410 -32 640 551 -1779 1096 -500 438 19 855 -509 -527 -221 804 367 -261 895 455 35 383 -1315 -836 -672 659 -483 -82 -292 -837 616 -997 -908 1019 687 59 543 -231 1785 704 134 578 297 -143 146 281 -1313 -537 298 222 -150 -834 158 257 -458 55 244 -1381 -1709 312 -65 136 631 -167 1225 444 -1161 777 649 692 -21 278 -634 565 475 202 943 104 1 -577 -226 -470 753 464 -437 1357 681 576 1237 -154 900 -170 1502 -430 -473 173 -497 -614 404 -6 252 -385 -1020 687 -559 -481 -135 -1140 -758 -117 547 1258 833 -683 1048 -83 -109 -133 -1069 32 943 7 932 171 724 236 163 119 209 -1116 133 474 242 805 641 563 812 -183 668 -1043 -315 -138 -783 -269 
-571 -394 448 1438 -102 -121 -785 -693 -156 799 -96 383 -1323 -423 -285 317 -57 248 386 149 -1171 581 -333 -463 -818 92 391 471 -532 1290 -464 1777 -430 -258 230 222 360 776 -218 372 -1090 264 -371 188 -377 -138 1278 -102 54 -653 -214 764 806 -361 573 176 -98 517 -98 155 192 55 89 432 397 -685 -757 -307 639 -213 -301 -395 -785 1064 714 823 190 1108 -327 -819 249 1119 -388 562 374 -126 611 252 455 -251 -50 -1179 -438 1112 -124 -496 -305 668 877 -913 381 259 308 -77 746 458 -564 561 481 -1087 -584 -48 -374 265 -511 881 515 161 -1032 -459 99 118 1096 -322 -587 688 -427 -564 -98 932 464 -641 -595 -131 290 552 -281 -230 1253 160 -531 1246 -31 64 1171 -992 31 968 -994 810 -37 -174 138 264 -229 -1018 352 517 -535 433 -614 -89 277 -912 642 662 267 1031 511 -274 558 179 -140 -675 717 432 343 -888 -218 392 -307 -704 -87 837 -1806 1013 -350 457 -292 -1726 -1094 14 -86 22 -961 408 -210 -756 74 -751 1791 841 -695 -600 244 -356 -863 475 -73 -581 -748 -82 -190 550 -233 -586 -926 370 134 -8 -390 -582 279 773 -404 420 584 1880 1710 -529 902 394 -240 1024 -679 -17 874 1119 -12 616 -296 510 123 -610 -540 357 1174 105 1048 -169 17 -882 -598 49 -475 -414 1165 -746 -279 -173 -476 -203 104 354 619 783 443 -179 -409 -780 86 159 321 1151 -782 -1426 -1076 -535 -770 162 -777 320 -1089 -597 548 -234 -216 254 -33 775 192 1022 1050 -247 -603 526 612 13 -105 1213 
-151 -610 -189 -1187 -794 -74 80 -707 689 -868 465 119 795 -400 -76 -361 -44 127 345 1071 -855 -280 -500 -482 677 -913 -504 -33 769 421 285 786 -570 -684 254 1147 59 -121 493 -585 708 -1370 808 -227 -137 311 -157 -103 -544 955 -623 -407 -88 -604 -628 -426 504 434 -349 407 330 -1256 183 -241 -861 -1138 789 836 1013 253 -347 147 -495 113 -532 -228 1066 65 670 879 -973 -1188 -1273 -500 -380 -33 54 -197 -56 -775 1308 -67 800 -235 -159 94 1230 987 -336 886 -430 261 407 -227 -439 -1328 -486 -812 -698 495 1015 301 318 435 -1223 679 674 -594 -367 -28 -1061 410 -1460 875 -1159 -59 11 349 -733 251 -114 -288 -654 580 -826 230 -1391 920 -173 -438 -435 19 900 -676 -123 -540 287 -1050 -121 144 -321 68 -58 168 -126 764 433 -549 -991 -427 -425 482 623 -1127 1303 -989 -81 1372 -458 -591 -1046 278 -876 539 -234 -941 287 -391 500 1 317 14 -339 -125 486 455 1595 314 555 -99 909 -564 -91 -561 -265 -868 -462 796 1664 286 317 -199 541 316 239 -953 746 77 968 75 1662 -888 331 -422 413 -149 870 -1465 -91 -953 331 294 137 -295 -483 702 332 114 -590 -638 528 -808 -286 -1165 -463 -439 -239 -260 -423 -323 1121 473 214 255 935 -529 -316 613 -242 -429 801 -499 213 389 -14 825 -722 19 -400 -143 -157 389 -419 296 8 97 -468 -325 -402 583 -1505 -195 1335 54 753 1427 436 -296 -652 273 -487 1871 -501 518 -328 5 -221 1008 -99 -1130 322 354 210 143 -201 706 -389 625 392 -979 
218 1202 -744 1293 -387 696 20 -140 -311 748 740 1160 387 239 -1413 231 158 115 752 -945 230 757 -576 526 -443 1198 -416 -552 -60 621 -494 -73 -785 -1502 401 379 365 -1642 366 309 -165 -15 -328 -225 1012 -285 249 -1847 -902 458 334 403 828 0 -248 746 275 -58 -42 1472 -307 108 658 -537 -4 172 -1052 -235 1631 51 -471 -81 -1452 -499 -995 371 -103 312 -27 1201 866 108 293 -593 -381 1590 41 760 682 260 -564 -747 506 -930 718 64 213 -23 443 -161 -728 573 -678 208 119 1070 -95 -1357 -144 800 172 -3 -534 -934 -346 399 -1068 157 618 -298 -694 -1087 -33 765 -1195 -282 -384 -196 -615 -302 117 -782 -477 1509 -819 -412 -753 234 -109 -649 -1195 1291 -629 559 550 968 -462 1188 -2080 450 -544 984 -381 376 -781 -1289 131 35 -295 874 -614 57 72 -603 -431 -469 334 573 76 956 -360 503 -51 728 404 -1059 -28 -710 -1149 201 -736 -655 -32 302 -579 -257 774 286 -154 706 -549 878 -301 -45 280 309 667 -305 -138 -20 -256 -198 379 -2 -692 -265 -692 484 893 37 305 238 338 -335 428 318 1202 45 -170 717 96 773 -471 -498 1429 249 -393 -248 146 399 -890 -423 -348 395 -145 -614 -117 33 1453 894 849 684 -140 132 -144 268 194 126 -897 532 768 -549 112 234 -1084 -808 937 367 993 -296 -301 397 543 -127 632 94 661 -898 -410 435 165 817 344 789 193 -449 30 517 1298 -204 416 -260 -360 647 479 70 -387 258 835 49 -233 -478 229 802 -359 1081 -2420 -759 -31 -171 
-1337 -291 191 -1031 879 -975 37 -712 -64 1333 610 -673 533 -752 -728 1068 540 797 -280 -259 -1295 -308 691 -1186 543 450 -1337 -329 213 -75 -101 -1124 56 -71 285 -395 -254 -257 609 103 -264 -271 -135 -138 -604 -132 267 970 191 176 -932 -394 298 210 1008 741 -497 -474 -228 -123 729 657 -49 -650 -341 165 -173 -688 -478 893 -518 -428 -539 -392 -471 -170 -1057 -303 1513 -240 422 297 42 -68 -540 -246 1214 765 -30 -308 610 -841 -773 170 1030 -345 439 -70 -1336 -160 1111 -583 1298 -469 -522 -143 1163 1161 323 -935 -633 239 286 -1093 -637 62 234 965 -273 -913 790 441 -304 -688 176 468 419 604 889 -1064 -953 1007 -121 -415 1088 -748 665 -88 788 -1027 292 616 732 607 -160 -135 116 -217 -772 -106 -279 -412 -245 -153 468 68 565 -14 -6 581 1013 -292 499 -208 1495 -280 -269 63 -1003 658 444 1463 -1615 -1017 755 771 -503 -1272 -873 -1634 -166 -673 546 -784 71 670 996 36 1471 -631 -243 438 828 -261 879 925 13 -658 -333 542 -963 1048 376 466 -205 15 11 770 742 8 407 -251 -115 504 700 211 416 -939 804 1405 -244 -1606 437 -224 -588 -312 1207 -751 605 309 -278 484 1330 -619 -173 733 497 -871 -402 -516 -1460 898 212 -868 591 196 -913 -1608 1012 -158 -536 -281 119 429 245 -50 198 -321 -8 190 -720 -927 188 114 298 -994 -48 1335 1213 76 298 -13 -121 -253 -185 -157 359 218 366 546 -56 -40 -600 498 931 -97 -347 938 -275 -588 741 4 1055 658 64 -386 -266 188 -204 -111 
514 -143 312 567 1071 -953 839 330 433 -546 -1122 -551 -124 -229 -82 13 1533 474 -989 -1172 1525 -718 423 485 -197 -264 -1104 926 967 117 -1384 -903 -471 287 -430 422 -377 454 607 -704 -753 323 -23 -6 -178 -120 23 1034 -1727 374 -576 -381 1454 -1249 -146 -696 203 -300 252 18 924 628 -670 174 12 324 510 -343 -112 7 385 -39 266 -1269 -669 -845 -172 -367 1086 -27 343 -528 -101 1214 551 -723 -59 928 429 -391 118 194 -298 -1035 1112 -876 344 -182 529 456 47 -602 769 477 -327 -769 903 124 -1211 -369 285 409 233 -509 136 747 50 1273 50 -38 -560 256 -322 214 -866 195 -284 148 -1879 1274 -908 339 -329 -183 -776 158 -262 -650 -888 472 -306 601 -908 371 -695 -227 90 -155 1315 -746 -284 -175 76 848 -624 364 -134 432 159 -428 877 -808 305 -1137 5 960 389 1067 -16 609 -232 -392 -1223 515 109 128 630 -1133 440 489 -89 -527 379 -1549 -1315 -512 740 -243 976 -1714 1 -139 -366 337 -165 -234 1330 1058 836 80 595 289 523 874 -55 562 841 -52 621 -217 -665 -1291 -580 -244 -443 82 -606 320 -127 405 -831 -366 -808 -146 -295 -191 606 -393 346 -198 63 527 415 -1173 455 -1263 490 396 113 -513 222 253 804 -405 1181 412 -847 -278 -1418 -330 185 -6 897 -321 -267 650 918 103 399 -86 -990 893 403 405 -436 547 -202 -301 -1269 470 721 -72 848 -550 731 384 -339 45 790 1561 -145 -9 109 182 -95 490 -80 7 1863 -1657 -406 -313 1240 164 42 -1115 -183 240 -559 -56 
1505 -82 276 -523 -1060 829 1336 -1054 95 -602 51 -463 -812 -959 -294 685 650 -345 -287 1114 -276 1201 -13 583 1044 -373 -510 64 252 -752 177 -351 -1016 -63 -620 567 -282 98 -1030 -791 -19 910 651 -70 -415 752 176 -1216 179 351 -936 132 940 -415 -1283 -62 245 808 423 -189 393 -393 370 1007 95 199 -135 425 499 49 94 752 -122 581 -951 412 -260 779 -208 -152 -912 594 -170 710 -584 -453 -140 -880 97 603 -283 639 665 -40 -139 457 453 297 -359 -416 311 1041 -876 -244 -124 -376 -889 779 -615 825 875 90 -1248 565 -635 -598 -233 -565 239 198 73 -522 -224 515 1296 720 -405 -552 155 453 955 -1004 -844 -197 -299 1774 -938 -1083 -490 1023 422 -458 -390 -1191 -149 -86 -927 248 175 139 -876 -1264 295 -457 170 836 483 -621 526 241 -175 -760 451 464 562 471 -103 1193 216 -163 150 -346 -650 -224 -251 -498 -63 610 700 364 -51 -879 -1419 1276 -605 28 -329 241 -585 -59 -403 -136 476 -60 -498 -270 -1154 -54 1057 1057 -932 174 -719 -146 819 814 -288 -162 -506 1280 805 -1202 712 650 1013 -1051 515 418 -304 155 -484 -869 356 27 207 -325 633 -20 -449 315 -326 -228 -243 -93 455 -404 -895 242 -95 -260 939 800 859 221 -397 -624 -959 569 586 345 -320 -453 799 415 1187 -251 -752 -344 235 461 111 -111 -1375 -1068 -134 683 -669 -1370 37 -1096 -58 869 -102 -302 -961 495 1174 -252 424 66 453 16 -472 117 195 998 -8 289 623 -963 -478 -512 -95 -18 -444 1320 -212 812 266 -933 
-477 -127 811 -254 -939 802 -96 -1021 -296 225 116 -853 1314 -121 -920 -701 43 197 370 -374 1156 -1240 -53 1089 211 -25 -321 -587 -106 -395 -763 239 -241 -137 -616 -302 -383 329 -41 1044 -372 -67 -530 424 -155 208 -6 -650 169 -346 -27 150 405 -1 -276 786 -531 751 -348 -1113 -317 -1281 -847 -797 -870 213 321 264 346 1686 571 70 228 -375 368 -148 41 -754 210 1013 419 -964 -51 1024 -366 -1105 -1678 93 448 -945 -634 -56 -185 194 99 226 -340 1128 -908 507 612 -753 514 1035 -1475 183 -2 20 112 1121 -689 -771 1046 1053 -665 323 -124 -971 -158 -742 -248 -780 41 196 1038 -243 -580 430 -1148 130 -737 -701 399 -1153 113 416 -599 -431 365 1357 792 677 224 174 -188 -364 487 370 -24 -423 302 126 -270 1766 -370 -1263 191 1 275 631 237 401 107 -399 1476 -361 -255 -399 -1268 -197 1636 52 -1956 676 -79 204 128 448 277 969 -2061 -631 -811 194 -630 -993 -542 -604 -537 -472 -1222 326 -185 -1023 -140 -228 58 97 -329 -356 74 -1146 -1124 -65 -180 -534 478 -162 285 -570 -490 696 -451 -988 21 -351 97 -175 -1515 1189 301 -206 -63 72 -380 774 -805 746 236 -324 603 -447 483 949 925 -250 668 -530 117 -427 1177 373 -208 1336 2547 355 377 -109 -92 80 1192 -519 841 706 -43 491 -1294 610 255 -663 -1099 365 654 1017 604 -1607 -309 -1133 -284 -27 -363 -925 -79 1521 121 170 167 74 297 652 -1333 -84 659 -385 -83 288 -649 129 -184 -484 -205 56 -278 1293 -1056 419 -56 1666 29 -544 
-936 -705 -631 294 113 -544 -128 1080 -291 1233 47 -857 620 -509 -209 -451 74 914 -478 6 1038 -375 -1897 -439 -368 -116 862 -25 -366 -1026 -528 -209 -475 1324 -1211 -328 -258 -399 -752 28 996 -672 -980 -300 -674 566 19 -388 519 165 -749 198 -99 -362 113 345 -1309 -92 425 -794 3 -1190 549 942 -63 -292 998 -180 -249 135 395 -255 471 249 126 -929 114 449 -323 -193 300 446 -14 821 -788 -204 -298 467 -18 181 -926 -67 -1547 -104 167 -247 -867 -88 1516 260 694 114 1094 -106 407 144 -714 891 -239 -518 -330 -688 914 -185 794 -604 -210 -907 597 393 235 336 59 -494 -222 -848 -629 268 -1140 -139 -1577 35 -520 -85 42 -396 -413 -392 535 -291 74 112 -32 -959 460 775 16 -426 554 861 -95 743 1083 -1181 492 -942 791 144 -958 -417 637 965 -416 614 1230 -736 22 -279 123 -446 301 -104 322 314 -482 -480 -478 222 -71 344 -491 790 315 -62 -370 343 -144 487 1 -787 -488 323 -138 673 -322 358 -63 1029 252 321 1479 -1532 148 308 501 -761 376 -742 688 -586 -604 761 -130 -1558 -1 155 348 76 -482 -842 -102 -172 488 311 285 164 -1088 -770 289 244 3 -669 -485 -244 190 -137 -552 167 -271 649 634 -207 503 -831 1197 -157 -70 374 455 355 -41 873 752 1198 -123 -455 -37 49 -994 295 1241 302 350 723 -374 918 -569 231 572 154 43 270 949 -685 -1109 574 -1095 -396 -482 -1374 -1346 -863 -576 287 -613 724 -265 776 -19 -96 728 700 -366 -9 -399 -508 294 -176 -971 53 
422 -71 -505 -362 85 55 197 -441 758 -393 -133 204 357 1505 740 -663 -386 463 -1642 -824 -361 218 362 961 -554 652 850 -175 169 630 992 -1246 1183 1132 263 -244 36 1543 863 -475 -266 321 132 -709 -222 511 -769 2058 740 336 -215 481 -511 -380 384 385 -22 105 593 -1252 98 -431 418 90 677 743 -15 -23 740 787 446 -89 703 451 986 302 -407 320 163 469 84 390 -1494 247 1040 -501 -899 299 -629 -690 -479 576 -261 801 -635 -241 -428 294 -992 -460 5 -406 354 554 -767 34 -465 646 -1152 -67 2 -4 412 388 527 -585 780 92 31 370 758 -429 356 -47 266 1250 1216 -1015 184 -259 802 1358 1200 291 146 -946 188 -50 -326 771 -61 -412 -1195 -170 82 -788 411 -1175 107 660 405 -587 -491 -360 243 -484 515 -134 479 454 -5 659 342 664 1535 674 101 -484 -298 -676 325 1061 -61 52 -985 -718 -235 338 73 -335 -12 315 -1107 -1025 -981 -783 1058 -738 79 -729 -344 21 261 860 -79 142 79 518 -207 -1111 860 -406 352 53 -157 831 -628 1012 -1864 142 549 228 238 -734 -113 993 -1082 185 -1590 -90 -455 -1044 1561 -113 339 297 -259 294 477 383 1522 -127 888 -135 361 715 461 1012 70 241 398 346 49 -589 59 -442 147 -6 132 -127 -425 -231 21 -230 91 -280 514 -651 -489 -1077 -537 -628 -145 -269 -417 -339 -286 -708 -641 431 1017 267 58 -1056 -1037 -370 -727 202 594 444 -888 -598 226 -369 -720 334 -469 -229 -993 -1215 992 -858 -580 -634 548 -647 174 912 -1276 307 
-1090 86 -1109 -424 -124 430 -76 241 -79 -27 277 749 -166 848 -542 -187 -789 -227 701 1186 -178 -89 196 189 477 157 -877 -428 732 992 330 508 707 107 -366 319 -165 318 455 -240 612 650 -68 -418 577 362 521 432 -252 919 -576 1532 157 22 -699 -84 -573 -1505 -528 -13 -622 -1236 449 -57 230 313 -542 -58 -307 -1664 259 -228 -1073 -399 -236 -291 69 -921 -332 469 205 -683 83 -1059 -1002 -352 -79 -234 -1536 -332 159 482 568 -622 -895 -157 -263 -16 437 4 1102 13 376 570 -139 -473 389 592 238 67 -773 -140 -468 -246 -142 -794 622 -39 -405 569 -337 443 760 114 823 -387 -215 -263 278 -1149 131 210 261 -583 -327 -436 -548 321 1427 566 11 -661 509 -287 91 -1186 415 -4 -630 1588 -721 -764 -98 -181 666 -927 -299 107 -230 -180 221 -594 -151 271 -85 635 -609 -158 -7 50 -309 98 331 1115 951 383 -659 896 37 49 -1149 550 110 -458 763 577 -50 127 -1277 -565 -263 495 601 -674 423 -24 60 -182 740 187 971 -159 -77 825 -278 -68 -262 102 -279 -298 -162 -557 868 -593 724 -364 1227 31 455 -615 487 -120 -1572 589 -39 -43 581 -301 200 408 899 -140 -652 157 -32 -297 -111 -1219 -1002 436 955 -150 -79 -924 866 -337 -907 272 807 -225 595 -502 -534 441 -1094 716 -443 560 -637 501 429 983 -113 128 671 815 -136 -1109 319 573 1481 97 702 -588 835 -285 -652 -239 336 -255 366 -403 -61 467 -742 933 946 380 -19 297 1081 741 964 -235 322 -935 -273 -983 -107 -69 
614 1053 -323 -498 737 -354 -340 -765 222 2093 -432 83 -628 408 -310 -341 -1606 -257 983 -478 850 407 -834 371 -729 -276 -429 259 -560 -327 -286 347 176 218 557 15 606 408 512 621 166 92 346 -914 -209 -1492 56 -273 719 -566 -349 355 795 261 -539 -13 -421 987 -195 580 1128 524 760 -467 -312 -477 -368 242 808 -684 55 -684 295 -464 -639 -89 -142 53 -367 -116 729 -37 378 -1112 -836 508 775 1484 585 67 320 494 -266 -330 944 34 -77 -719 838 -1811 161 642 627 521 706 -665 -162 68 -1026 768 -3 -150 15 1024 246 -1110 -44 597 -442 1050 -564 -269 -434 594 -496 215 155 -170 899 -93 52 -1513 194 78 168 641 469 -165 594 331 1007 -13 -348 -22 -629 -882 -76 -941 291 -483 102 -600 338 129 -1379 479 270 118 -1485 305 448 -506 705 -1355 -399 -51 -894 374 405 570 -795 999 188 308 -594 84 331 -104 -222 60 -630 323 -1094 287 -501 936 610 1382 899 -401 -658 424 -553 174 -196 -1521 -1780 -624 -370 -486 474 921 954 -498 -444 229 185 -804 110 209 -1039 415 1064 -272 -247 -433 -401 -109 535 -429 596 37 438 -1480 108 494 -659 -637 136 513 -760 -624 616 -305 -1431 -13 301 1214 -500 -764 -562 -427 299 349 -880 -62 -171 73 -914 -123 -955 -1500 542 245 -1298 -26 -16 886 -300 -961 -155 -38 -395 133 -141 1490 -380 480 193 -28 -549 687 52 442 704 -49 159 430 -844 66 -305 -966 438 737 -825 -514 -64 443 1801 25 220 -787 -435 -1077 -605 -325 204 -485 818 177 
134 -242 -100 450 -1196 165 -983 -367 -125 14 76 -339 139 -889 -272 457 652 364 -238 -1411 410 752 -685 195 669 -907 595 614 1143 -586 -285 -488 -135 -466 -1180 -984 -530 29 -321 243 -678 337 362 -789 -877 -27 394 -57 282 -436 -997 721 1002 -1204 -154 935 667 469 -1226 -47 -245 1745 1116 -557 -61 -682 1327 79 466 132 -698 666 -65 -976 811 -16 -331 -371 -196 406 -380 482 -1098 549 -755 481 -514 371 809 680 -298 -56 -130 310 -35 -715 632 299 -180 134 -410 -239 1153 -146 -1327 134 273 196 -374 -128 -671 -680 -472 -906 -299 599 1403 -877 615 -1279 451 531 474 -633 -579 1069 -177 -416 -122 -671 595 -384 49 445 764 -391 884 527 -46 795 -107 218 -624 663 663 -28 769 -270 601 625 247 98 14 -774 25 1126 -1167 532 1042 -564 -361 126 -208 -209 223 1028 -490 210 790 -178 -111 -1850 -850 -789 955 -152 -988 -337 235 544 184 342 249 197 -742 -349 301 360 8 -33 85 68 570 -430 -1086 -278 301 879 838 -1842 489 -179 172 257 250 -651 -794 108 786 -1205 940 55 -597 -380 -197 -451 -561 149 -277 1060 95 -646 119 604 200 542 -777 830 1445 1180 893 125 -125 443 590 465 1003 66 775 -508 -544 -426 62 -900 -103 119 -861 311 -649 195 611 -796 598 954 655 728 -444 -104 88 -232 -1253 1106 501 -247 -334 531 -428 32 -363 -1125 -279 -122 -975 -344 -987 808 -823 -296 -628 579 -1091 -706 928 -110 -755 972 -513 212 85 31 -257 119 603 -258 263 548 789 20 757 668 
-200 -297 -498 -472 440 1434 -338 -216 -1253 -948 -300 -1186 347 -401 -553 186 1218 -347 359 1624 -93 370 -325 22 -258 -1121 444 555 802 -1402 574 -638 65 -164 -63 -233 245 -539 485 247 -452 -102 950 624 444 920 -704 327 -353 558 522 777 522 533 410 -1488 -302 554 -234 -833 -176 939 -88 -1089 -54 818 -201 -294 689 353 -548 -684 -59 432 674 -1504 -653 1081 280 690 625 319 517 644 -17 560 480 257 -239 665 -342 -99 -710 -641 250 419 40 -522 -1187 -145 608 -396 -154 -439 -642 -32 861 -495 -413 -1183 -345 561 539 -591 -799 -49 714 1 -724 -131 1542 -213 659 -185 -11 -663 -53 516 -591 -191 -238 -244 -664 -232 1105 -526 -419 496 25 780 -1384 -25 950 -303 -323 306 95 -228 -774 273 -1030 -498 -34 -262 -71 -639 -312 32 280 867 -337 -673 -476 99 -163 -825 -11 -450 -1467 538 -327 236 -121 -4 -828 -392 1198 -198 169 414 -602 -328 -515 -1090 467 -199 -320 -386 -318 199 -452 -322 91 -825 -672 -46 601 789 380 -343 -1541 1040 910 65 854 1005 -48 361 188 -852 689 -659 329 310 -836 222 213 179 -967 74 76 -446 -556 835 -176 -576 -120 -253 -350 260 795 608 -297 -149 -763 -70 560 -616 290 -304 -815 284 -109 -364 -1302 -556 987 -501 -35 116 492 334 -889 -904 265 -559 350 813 -362 302 -1356 607 -148 606 238 -256 739 754 1210 -169 137 22 76 175 736 -995 792 -182 -167 466 11 837 -324 -112 -92 -962 974 -416 -215 554 315 -468 274 805 -48 -1138 99 556 39 -437 
1070 -507 -180 456 680 -413 -293 -83 530 -529 808 968 -1071 -369 -228 267 610 -453 58 290 -489 457 853 -463 -362 87 836 1046 1812 604 616 246 492 1088 -462 -1267 821 629 -445 -1084 -610 467 699 552 398 600 -28 -71 147 -328 119 -330 768 -598 301 -846 -371 173 420 -391 -618 266 -21 -56 -451 -461 243 -405 793 28 -1337 -532 -466 179 -748 104 -1485 834 520 -179 -1022 -1207 -645 645 967 216 -1064 -337 852 -154 -886 1085 108 304 -528 -1293 29 -49 -152 -761 -873 -698 85 -90 1261 463 -602 -99 -639 -1175 -552 -124 560 817 24 235 -462 -558 942 581 399 1247 -248 268 1013 534 853 -826 230 -508 699 -119 -234 519 -50 -467 511 99 -175 -479 52 386 85 -482 -325 316 -141 37 -140 335 652 -336 -998 946 -105 -335 -263 -82 607 445 -463 -351 -990 1330 409 382 -131 -322 1343 -1475 -389 -101 586 133 659 1388 -1762 344 433 -491 214 -263 658 119 336 -212 86 -916 -1037 -865 964 -1264 -60 701 1425 -309 -128 -1198 -769 448 464 774 108 461 61 -360 -448 -906 60 537 -34 -870 51 669 44 384 19 1418 788 -1057 -1041 352 -1843 -299 -909 -550 -219 397 -93 54 937 182 -322 368 -41 10 -258 -477 19 311 -456 -1038 83 -670 -802 908 -375 -82 1019 816 89 693 -278 501 389 -999 1391 -237 -7 136 1375 -973 -225 135 242 139 161 -1711 -9 -392 14 145 285 -281 -1370 -747 -1071 780 -1583 -530 207 -401 -725 -162 464 33 -572 -483 -57 819 -91 814 -240 -1437 835 97 -640 -69 -528 161 
-534 684 234 -345 298 -431 -1201 -384 -290 -245 111 202 -570 -339 -363 -192 -369 -238 181 215 -954 -131 711 289 -341 -330 314 -441 1376 702 -832 -505 192 681 424 -157 434 309 413 -830 -327 407 1084 758 439 -1109 -87 12 -909 154 518 488 815 173 223 -398 -1577 -1523 -983 -1042 -237 966 -282 -846 1287 -151 -765 -1283 418 -707 447 4 919 230 -990 -354 -4 157 170 -551 -687 -11 277 477 368 -408 -34 475 540 -818 -359 406 -27 189 -252 228 -341 -242 -1204 -201 583 -129 317 219 -390 399 447 80 490 -280 812 998 363 -963 -453 243 -141 1581 -181 37 -576 -873 -79 -481 103 115 -1101 319 -393 264 -831 -839 127 136 679 1220 213 569 -224 499 -1417 242 656 1091 528 -524 -617 1015 90 -180 -388 -897 536 -118 -178 252 476 681 -1102 -957 -1593 -982 -201 -714 459 652 -377 1128 -690 548 -366 -363 -298 -700 -1426 -44 1477 -692 159 -450 -822 -601 -47 -56 179 -575 -520 136 -43 151 156 409 845 573 201 1133 85 388 -831 649 -472 795 613 -286 -77 141 -26 -676 -674 -243 -188 -381 -49 589 -1144 -1200 -359 560 -498 646 290 1293 -689 385 101 -1552 1046 -302 -900 -116 -169 348 46 11 -1032 -675 -347 118 699 -1096 640 392 177 1250 -724 960 191 -380 101 -1068 663 136 -951 -517 704 -544 -236 443 339 885 -38 -1815 -109 -415 -954 -1 -107 -559 1161 580 -1695 -111 -70 71 -492 -644 542 -646 553 328 1357 857 -459 -329 682 -1030 -1035 695 -1089 -934 -289 -310 -100 -49 262 -2360 26 30 -258 -174 
687 -854 -335 -319 -619 255 319 -320 235 11 -600 207 -455 -351 -213 -548 -597 567 380 -199 -653 -515 187 -1257 643 155 -225 685 -412 1283 -651 314 -299 9 135 -211 275 -1376 -443 668 1474 438 498 -528 30 360 458 77 -850 -198 1169 -465 -895 177 -1086 -646 -61 -56 -1156 -286 1447 -14 175 908 -85 -270 -202 768 49 641 237 -605 406 402 -668 -378 -179 93 -773 -521 16 4 537 -85 36 -1005 280 162 -571 948 347 583 -676 516 -496 1793 980 321 761 -357 196 484 652 -215 -220 -121 1571 -130 522 440 -74 641 -583 401 612 -248 -220 1122 -295 576 -227 -99 83 189 -932 -158 -71 782 -921 84 556 -87 -463 -455 1339 -312 570 841 -216 -1216 341 24 0 37 599 -657 264 481 904 -101 1344 4 666 302 -90 -880 -492 869 211 -291 221 -442 -826 -242 -716 205 526 98 -258 428 -897 -1110 -475 265 379 -866 745 773 125 -583 -363 215 309 -1381 50 596 725 1487 676 -139 -201 -216 172 591 -1085 -619 814 -1176 968 -910 518 1294 -251 286 44 24 611 187 418 -142 354 365 -313 -528 99 -910 318 -684 1172 -631 -1039 -754 -43 -107 102 1171 1049 475 573 -653 194 908 391 -892 492 -471 199 868 -209 74 484 214 -414 664 119 -99 129 -541 95 -628 770 -1575 63 273 148 -479 439 826 -51 -125 -1594 -49 483 -482 -551 -67 -1500 170 85 304 389 -337 -122 1033 49 465 -785 -108 179 1393 252 -463 -1121 707 68 808 -2183 441 34 -586 169 167 290 -558 207 -231 -1330 173 -147 1170 
50 541 -564 1347 980 -404 149 326 329 907 202 -1069 535 554 163 107 599 -244 522 889 714 -246 629 16 -850 -619 55 -1125 84 -1338 694 -948 128 689 101 -468 -45 -901 589 -286 358 386 -351 173 -465 10 613 304 299 -635 639 -1039 -381 964 955 -382 634 -770 -339 77 -1 832 -102 1838 1002 856 797 511 -57 -787 132 -143 82 -835 527 -372 852 -462 -811 5 127 -735 -348 -469 852 505 364 1199 133 -69 -932 478 -416 -97 -91 661 -672 1943 -310 -874 -106 -841 331 -185 703 -154 379 42 34 -228 975 610 937 -145 -835 1231 584 1127 371 576 466 157 -502 -196 401 -207 1262 1027 563 832 -1103 -117 -265 -57 903 83 -1202 472 280 -422 -696 1283 128 -842 11 639 477 748 746 -644 118 68 760 87 516 -382 402 -73 -775 290 -1552 -1219 -1054 -385 89 608 187 904 -244 40 -289 459 -359 573 472 -590 10 519 -911 -275 -244 -666 265 -409 -852 -754 1547 1248 -31 -119 -1983 -273 -356 -414 1090 821 86 317 -556 -49 438 129 -151 -442 -63 -400 450 644 -245 -569 -757 296 1177 -1307 939 783 -534 -558 134 -1017 -216 -543 94 -132 -298 1642 -302 -676 129 -159 -96 8 196 756 -755 199 487 -234 -870 391 89 473 760 653 -794 428 -836 674 828 -97 -498 -732 1033 -235 115 980 343 349 -36 1081 -105 -1133 794 1029 -1767 721 727 878 -137 -691 403 -453 -1060 184 -191 1358 -147 -292 270 146 -978 108 169 1035 79 -183 -252 -156 141 1178 594 -563 -605 -316 279 180 282 -382 719 -465 
-1013 34 527 -248 -1289 86 -323 836 -85 1723 704 469 -564 95 -824 -729 -731 -961 -462 -148 -822 107 -114 -1209 78 708 -220 -816 150 216 203 497 -612 -506 30 -429 -310 685 -291 -416 986 -726 727 79 810 -1053 188 575 -321 -263 87 498 966 -499 47 -251 -1110 42 -613 559 -66 -604 -294 -173 -468 -452 -489 363 1168 33 771 -1101 227 1572 -408 85 -738 -243 42 -1463 484 -466 -622 -879 -497 510 525 -1093 443 539 633 331 385 -103 566 649 -411 -888 1077 -181 629 341 -1048 9 583 -444 -1530 -853 -222 965 987 338 -739 -526 -1147 -2641 297 165 -731 335 -954 -329 -829 -82 -545 -421 -564 600 1065 -1459 1041 570 440 69 31 868 -497 425 786 581 -683 -358 617 37 574 -1033 1075 371 -1266 -477 641 146 -502 -459 -1029 359 -143 447 -52 448 -276 634 -367 359 727 -1241 -2102 -585 -623 304 -392 450 317 232 365 -726 -826 610 162 -894 709 266 310 -165 602 550 549 -22 -342 -109 -554 389 475 -812 -398 -676 -139 511 -307 282 574 -1137 464 -155 799 -65 -712 253 -547 -230 1228 -830 692 818 -146 1082 -338 -770 -1123 -182 180 222 170 -1328 1221 582 -664 -266 -288 264 257 -68 -390 525 -825 132 496 546 579 79 -85 -305 280 -1203 550 2 78 -825 766 -567 -1122 -12 251 1067 -588 2 511 -663 -253 -9 387 -1303 -336 75 -173 1518 -913 116 673 -833 -1478 294 270 -597 582 1072 -1160 521 -81 -1496 -98 -271 -321 -1078 -901 -893 -263 149 -123 -490 141 -75 -222 481 1046 873 -2116 -498 622 -620 
-984 131 -66 182 447 730 -601 -250 -865 379 -181 1341 384 -571 1067 -277 26 128 1338 106 -914 -625 299 45 -1317 326 -186 -680 -173 674 375 682 1323 324 1320 -271 -446 -1035 1267 -737 -285 385 -1537 -573 753 685 -601 -547 -187 -29 697 -885 -759 526 -167 16 -142 -1679 -529 -54 182 -72 -538 -155 321 -7 -614 -888 -396 978 20 47 1270 -764 -417 -589 720 -1863 -33 198 6 1066 1121 -695 -10 -858 495 663 -206 -970 -664 137 -107 -22 143 1025 232 146 1397 -600 1264 701 358 -293 489 -280 549 -976 729 619 581 -11 226 1163 -105 334 -383 793 163 660 85 -835 -17 -71 -346 -133 669 -645 310 911 -672 -705 456 -258 1133 -680 -439 278 -204 -679 -188 -228 1098 613 -347 227 -345 1129 225 275 428 503 -284 -852 540 591 1417 742 -287 608 241 1027 -1160 -1485 -2063 1754 -117 165 4 -693 333 430 458 -632 -263 71 -604 -141 -860 -621 426 -849 688 1793 109 -451 -115 -293 551 606 257 147 91 -189 2175 -1098 -1119 -1033 -643 -427 -66 -141 -536 502 -593 -877 -119 -1380 20 -651 -209 555 -179 -121 -261 790 -1050 1093 545 209 1180 671 -135 98 65 346 3 95 -263 -445 -592 662 -493 135 -1343 560 -631 -594 -55 149 -315 -1099 826 -696 -712 336 642 -183 382 -17 500 -200 -437 315 -781 1121 -93 267 -1198 694 1093 339 -282 926 415 717 113 1012 685 306 -239 46 -227 399 424 -289 222 450 -463 737 1007 222 -676 818 547 428 19 768 283 795 220 1118 -149 -1539 -718 633 -774 886 114 1444 
-316 -579 -145 658 -924 133 134 -77 563 74 -1446 -1149 404 -880 783 504 33 -133 -631 417 -325 -893 -448 -293 -1477 690 240 253 -797 -299 191 70 85 193 26 163 1406 -561 -637 -446 91 529 -367 255 1529 -6 -34 75 -564 -485 370 -436 57 786 1259 -379 -326 623 646 -616 694 -657 -1333 384 435 292 244 409 719 -118 -430 -914 -604 973 240 81 -621 664 297 423 -386 354 -1014 -526 -91 263 419 1338 103 -586 -128 -680 240 133 -676 189 -685 1263 857 722 -392 41 463 242 -270 -327 9 292 128 48 219 -356 -656 -321 412 210 869 383 1031 420 -127 -3 -1562 632 -188 927 -176 170 499 -483 876 873 538 -559 -1417 252 482 -684 -159 185 -248 740 202 -1129 854 1669 606 -784 556 -240 1065 706 -478 -228 23 43 -192 -854 -132 -465 -1074 875 -678 -387 101 -235 -110 -332 -364 214 385 371 39 -971 403 -1654 847 -898 -124 -829 779 -3 -457 900 -292 761 233 301 -929 -572 343 -365 -1158 163 -1085 74 -476 314 -91 -75 -64 -312 -641 1204 296 35 147 1239 89 -437 345 136 269 -71 -556 528 -269 -1001 -956 -481 -370 452 73 -53 -123 1071 -1817 798 668 -905 836 -990 -434 -370 -313 -371 179 857 -87 164 108 -899 87 54 242 -636 -103 322 -69 187 -655 -1437 -461 -1083 650 -177 87 108 -468 -558 -737 -1014 -356 -146 106 385 -211 -141 404 911 324 950 -426 662 -643 -167 -733 497 -50 -1157 -552 732 -822 888 -172 -1420 -534 -1132 -23 -258 800 1452 -588 -41 -483 117 910 -166 190 -50 
-98 727 104 -179 844 783 1439 -545 402 115 226 4 -121 73 -637 -556 227 528 347 -1205 -10 -439 -981 -1363 -2067 -1153 423 -607 65 -114 219 58 -464 198 131 -248 440 -1603 57 109 -988 -876 -659 -508 41 -703 -1611 898 -298 -1143 -233 -434 -1262 -1463 -148 442 795 -429 669 364 499 -146 581 644 -705 -41 209 -704 -263 15 462 65 -193 130 532 60 352 870 -638 -583 -357 -621 -486 -348 311 1641 -688 -160 984 -65 -36 164 -496 -708 -744 496 -519 -855 633 596 476 -626 956 572 848 1058 885 29 -486 -594 -1233 -100 90 -351 -677 185 -163 87 -462 530 -197 -542 -27 -395 787 -153 656 2050 947 570 -237 220 461 305 -389 505 -748 -856 -1204 707 -352 620 -130 -1236 -588 42 497 -333 -925 -1162 -825 332 483 -60 556 -538 795 -784 402 -11 -594 64 -336 1568 -1167 232 1558 129 -261 -951 -166 1111 -311 151 -45 705 247 351 -342 -1243 596 -463 908 876 -947 306 -281 -927 822 870 -356 973 500 437 257 37 -65 -350 713 -140 -431 214 -69 549 245 -811 515 -819 680 -561 301 692 -556 221 -657 217 -1671 304 17 -1460 -729 -809 -329 -531 -1141 139 1536 -498 -462 -547 80 -199 663 522 -328 200 -296 -347 -46 1193 321 -702 28 -830 -744 -272 1130 -214 838 -347 -122 384 879 776 -309 2 354 117 217 709 -212 -75 632 1073 -680 199 -1258 546 364 544 973 -35 348 911 452 -343 -1202 105 893 1013 -57 824 116 -418 -1614 -561 -44 -317 -812 313 -173 -1081 583 427 102 1167 -220 -611 536 103 
-388 -482 53 18 394 400 348 247 -139 -457 -428 -266 1289 66 483 959 534 176 647 508 76 -922 1107 -690 1178 168 -471 906 -366 218 640 -229 -222 -1211 171 1616 -105 425 15 925 -132 773 150 48 195 460 276 198 799 61 -666 -333 -73 520 -1503 90 819 738 631 818 1002 -118 585 768 -291 -202 676 1170 -82 359 -234 126 -723 -228 992 624 -392 700 720 433 64 456 464 -91 120 -798 173 510 -1404 -363 -278 337 475 1286 210 -339 53 -226 -953 583 548 368 806 -245 -948 -25 929 -130 -557 -611 844 -380 1203 -443 511 -103 79 -308 142 -9 -447 335 -441 -770 238 560 -102 -586 -585 -616 -281 -321 -477 -177 -143 370 -390 318 -993 636 139 600 -195 -1043 284 69 163 -442 -463 -49 613 -372 90 68 -494 -914 509 -751 551 -1489 1273 -396 -481 370 918 159 894 -407 -849 -994 765 307 -396 158 340 1018 -1107 -299 -89 2 -561 -768 1027 -138 784 276 809 -1102 1206 486 -485 -27 838 420 882 862 -501 -467 -120 59 -969 338 -777 -553 -256 382 637 665 255 -92 417 -20 845 103 518 611 -608 453 -777 345 748 -750 -844 -40 482 369 574 1022 -737 -293 -505 -662 598 57 173 -352 -356 -937 -762 -9 1692 77 1091 -787 1594 -1160 -947 -98 61 324 269 -1341 403 1221 -665 -461 -765 -492 96 -248 225 -261 -80 -218 -42 -594 537 -554 -719 -1514 780 246 -519 921 -773 670 615 -247 -4 -598 416 -3 217 209 449 1224 -456 422 447 -644 127 -163 0 -602 663 1896 10 959 320 47 
-595 -615 60 -30 -345 -375 375 -115 -211 -20 -841 -169 482 -711 332 292 1372 0 -1060 526 1386 1047 1139 154 -242 503 -896 -1256 -37 -23 -1162 153 860 -529 -375 782 -662 915 -354 171 -105 447 449 -855 -700 -1255 780 -382 -492 -499 -353 307 651 -406 285 -1229 705 -588 -140 -504 -907 383 1492 -135 22 -972 1000 263 87 -1190 94 -324 853 79 -371 487 201 -587 -78 -558 -309 160 727 335 667 132 433 -2150 -319 649 -548 808 329 -368 15 -537 656 48 628 1 357 -748 -663 -229 -589 -1359 170 338 -593 747 -8 -929 -837 583 252 655 1579 47 134 -456 -697 397 36 -654 178 661 195 -255 -143 944 -155 -539 -79 -813 724 567 -767 -345 -443 822 -527 148 -616 1134 124 -661 335 -399 1137 226 164 -330 498 1017 457 194 205 -564 730 -623 624 -696 -30 -605 -1039 45 98 366 117 960 1328 -755 49 214 2106 -1070 382 -21 -1077 -174 -701 95 -121 -971 386 -685 73 -956 -18 -601 600 -1615 372 -388 -28 -289 12 148 403 458 282 174 -129 -323 373 193 79 1327 450 -297 119 425 52 1067 168 191 226 -529 -1389 847 -282 -715 28 -566 -1403 906 -121 805 -96 -121 196 13 618 3 231 -1243 404 -253 666 -1296 -364 416 -274 405 1795 -128 -578 -391 -492 -838 632 -1145 220 115 261 582 515 -951 354 -24 -540 874 986 710 1164 -128 -1127 -311 -515 221 -693 339 -618 210 -183 250 480 -519 -514 -827 182 710 -1 391 -36 177 -182 -734 -1577 -972 332 -481 43 411 154 681 883 292 532 819 
-813 -684 -902 387 -146 -356 -77 156 181 231 -288 -854 512 -102 -937 -783 -994 586 545 -905 151 -408 157 90 -379 904 -155 -686 87 1056 529 309 322 -133 1414 667 -206 -119 590 898 479 35 420 -240 -427 478 -1344 -251 1326 -954 46 -200 -832 439 709 -1354 -388 113 -2337 553 930 521 -1237 168 595 -89 -446 -331 -355 -1028 -716 1565 582 -408 1160 -435 -529 -738 -576 -163 -169 317 -4 -880 39 555 -1401 244 572 147 -1061 830 -918 -569 310 167 559 -611 121 -219 273 972 200 -216 1194 439 658 453 -671 274 -154 308 -784 777 -471 665 545 -276 -562 -263 -485 290 -1740 933 850 994 1611 -333 195 1015 -87 760 46 -179 -41 892 296 -581 -719 105 1276 702 -873 493 -306 267 653 354 95 -234 66 327 -272 -460 -429 340 -690 260 -1157 437 494 936 -346 657 552 105 680 -44 -8 -903 809 -241 -596 -69 658 620 -1022 176 -750 -388 -265 404 -227 65 65 765 1083 241 532 -166 62 743 -38 -643 794 -1103 -750 -282 -792 888 -192 308 -220 -168 1652 -298 1143 -282 -211 -718 630 -6 76 198 -3 331 -8 -305 306 -191 24 563 461 44 290 -623 416 -690 -35 853 -1340 1302 -198 -438 -687 129 202 -1148 402 -267 563 358 255 -500 668 565 576 -562 716 816 319 -755 474 1117 -238 613 -1022 217 376 -542 740 -586 408 124 513 -321 -62 -88 144 700 -231 -340 967 -90 515 -309 -1049 -634 365 -1269 -957 -235 11 -229 -1530 783 -160 401 -332 133 -61 705 1126 -993 307 907 -991 -428 961 123 
804 651 -556 431 -329 -1307 -236 -378 1058 -1660 -841 -833 854 782 590 194 333 444 -1089 -1179 15 -488 392 604 -779 633 248 356 540 1184 -395 -963 -626 -344 -503 -212 -1318 514 -332 -542 -320 399 -40 -401 -911 727 440 -1100 -156 -58 451 -488 -659 -154 162 -463 -583 -569 -562 280 342 392 403 883 143 -701 498 1019 457 923 -81 529 389 -721 219 511 -532 419 595 1065 -1237 -265 -1094 247 915 -731 305 280 -219 -1317 -48 414 557 227 5 -244 -87 107 -680 -825 496 -699 -452 811 617 -233 -1206 541 -1215 325 901 -96 -509 -840 314 64 288 -953 -744 -182 63 876 239 1055 -141 156 1694 -165 -552 339 -591 -725 -366 538 959 -403 -47 -356 -515 166 647 -459 -503 -925 306 1 452 -397 -521 342 245 -162 -527 -323 -200 147 364 -667 887 17 833 212 -1200 731 -857 196 1080 1018 -329 -1002 -464 611 992 506 733 249 -190 12 -391 147 -776 1082 -695 415 -776 -223 135 632 -855 784 -13 -964 -303 -428 1 231 -160 402 138 436 425 -179 -94 -321 -717 -416 -805 205 -515 0 560 -78 1209 -882 -279 -868 -616 37 665 -277 1206 -477 -134 548 847 716 452 -811 1065 -596 7 46 -356 401 374 415 343 241 291 150 968 -283 -657 -402 -276 364 -511 836 44 7 960 -103 -55 266 -770 -152 -446 453 303 -39 801 98 949 -641 -946 298 -37 -586 383 381 410 509 812 -178 -303 440 -230 -652 -85 -1358 -322 -953 -356 -391 944 75 791 643 -40 -189 -635 -208 -408 -845 -468 1160 629 455 -82 -696 
207 -774 284 1344 -952 898 -1181 -909 778 140 522 893 324 144 185 -582 -27 101 -430 -98 -65 -35 81 241 -129 407 754 157 -171 646 -382 270 178 198 367 -834 353 -571 -540 86 816 -303 -792 -290 446 667 395 -1679 -506 -697 605 557 388 -345 48 -122 -224 351 17 -1322 -728 -1082 534 -759 253 -834 -309 -744 1103 -753 -373 1307 -137 -922 187 -316 265 -432 346 879 -39 -417 305 -137 590 1020 -715 -894 -43 435 -224 556 435 -930 1169 -938 161 -325 268 900 266 -40 315 216 1012 51 -279 -420 -590 -821 504 1423 -275 -111 -9 183 -1011 -1061 -1024 90 -100 -483 1384 997 -24 110 1403 145 -263 -272 339 612 -110 97 463 -698 -119 136 -785 684 818 44 55 -638 -829 578 553 105 -474 -101 609 1206 721 -34 461 -513 -644 -31 -574 -422 658 616 -764 204 -536 249 -460 -101 -467 171 -1256 -503 -188 416 -392 -463 -279 -591 862 60 -849 592 510 -671 470 -938 632 -1478 -407 -601 698 850 -352 -388 -119 -839 404 -990 796 -817 697 -1618 770 -874 61 -316 806 -676 -47 -56 -719 -400 -2172 -1098 155 218 382 590 53 -24 -193 1411 -685 223 -498 -753 943 583 -839 -33 -466 239 -490 103 -236 -226 -381 119 1135 799 203 -76 -491 -473 -450 -85 928 223 478 1552 -326 915 -731 -3 -403 630 66 588 -75 -728 -862 -175 490 -68 27 -1320 81 -712 -503 -124 -161 613 278 -1007 896 -438 -313 -104 -1099 323 164 -234 672 -1689 -107 -515 64 -469 533 950 -1014 -375 121 -126 -727 166 -74 1394 -643 -818 
474 319 76 -147 -163 -1628 -979 -735 4 707 75 -705 669 926 1107 800 281 54 -513 657 574 -124 -192 378 -527 -858 -897 -535 -256 -791 -168 475 1000 -149 -588 170 69 71 -339 859 1243 -2 -285 96 -894 -378 -261 -357 -108 200 138 -853 174 653 17 392 292 -868 -143 -459 -737 385 -370 206 -549 601 458 -65 -366 490 -327 453 -208 -960 -669 929 -669 289 -225 1198 643 -1596 910 -49 -976 -682 190 167 -378 738 302 907 -350 -412 516 -399 586 1041 -346 109 -696 318 -987 947 -286 -199 418 -515 455 -727 -738 1241 1318 1763 130 571 -334 -8 235 -550 126 -479 -67 197 1509 -878 1495 516 -303 -9 -1010 189 -754 -496 1238 522 -539 255 99 -1289 201 -376 956 865 -414 -310 -156 -1364 -5 -457 95 -269 -307 922 -31 -99 -579 521 50 -981 876 467 12 -241 -66 -638 1062 -26 -148 487 -346 632 656 514 -804 147 637 -2 -75 -108 91 353 526 -1388 -208 -1246 -490 473 195 2131 -815 -1154 -540 132 -953 -185 1159 -724 359 187 -1276 94 899 -41 -360 -795 -427 -1079 -252 -268 5 425 1104 -496 -151 -1145 650 -337 407 1136 622 -1224 -264 85 -39 -739 -64 -402 -672 -358 -23 342 955 -540 327 871 531 -792 -104 -673 3 -714 -452 399 48 0 313 -1334 -1516 -1086 -653 1652 -370 -181 -995 416 -437 411 539 -46 -662 106 556 317 -374 583 404 397 408 -372 489 731 517 -682 129 -13 526 606 -690 254 -1036 -256 -91 70 293 -481 321 -198 -269 177 70 133 -345 475 1012 625 -1140 -708 -46 -801 
239 240 271 -946 -414 -1238 371 1276 -568 136 -559 -386 108 2006 1093 -1463 -109 -443 -2128 18 -411 -852 -630 810 -1491 -515 99 401 254 -1000 708 -449 -184 -460 261 465 1079 65 -639 283 720 589 218 1053 -466 61 924 -855 -625 312 20 -851 147 919 414 176 322 -461 758 -1204 843 571 -616 35 -597 84 899 450 -1040 -62 -479 487 294 922 148 575 -110 1085 -747 1006 1146 274 236 167 -580 -110 381 -489 -144 -576 373 113 170 -999 458 -622 -594 973 -1110 672 -388 -246 -993 -103 -837 315 76 87 1098 -1644 -308 83 577 132 -113 -8 300 255 893 -464 -764 -98 -809 -590 -187 -759 -24 93 -722 0 -156 987 473 1092 -1467 -780 801 763 -817 58 -59 1228 -616 877 606 512 639 47 219 -45 -537 -706 -887 -641 -538 -233 927 1191 -343 -1016 -904 1734 495 -1095 -643 1858 1532 -273 -535 -682 -1067 609 -598 664 337 -634 204 -219 -1093 295 -137 313 -156 -899 21 -325 -464 1007 301 1695 158 -600 -1657 -910 1063 -654 37 519 -393 468 308 -44 -888 598 -1493 -298 -1309 35 290 225 -104 883 900 -387 32 -1116 -610 727 549 -738 542 -472 1337 489 0 570 348 -574 -398 -511 428 -732 -1654 -765 391 46 -727 -231 549 619 84 -344 -403 -33 390 -1303 -842 -114 -882 -1395 968 -685 129 -1245 -35 -92 636 607 917 -525 -515 36 79 -42 -887 -398 1111 -622 298 131 -119 404 -123 1262 -191 135 -220 -903 606 -1151 -244 81 477 962 1193 767 261 -419 -266 -292 -590 1097 61 -784 -854 359 -340 -182 327 -104 
-531 91 482 502 -356 -678 844 439 385 110 -430 -267 -328 244 -345 -401 287 725 -68 -349 389 -356 1737 -700 -472 -1418 -729 222 24 245 -948 -396 368 -263 -393 -751 -143 799 -516 -176 94 -508 -578 1111 2078 321 370 -587 -188 1210 -1041 864 -675 -624 344 488 -604 746 615 68 -597 -265 45 -118 -75 -842 488 655 -828 119 1014 -480 151 -246 1101 -230 -1090 -132 118 -1093 619 1453 -243 418 708 -388 9 -841 -932 496 -2240 526 -375 53 377 -864 152 431 -1398 179 -38 619 -361 -1103 -160 -407 -401 578 -778 343 78 -137 -1129 -526 499 388 783 -146 -165 -78 -1118 -231 771 604 313 -53 884 -846 750 757 820 -238 506 647 -575 -389 -884 -519 -430 431 559 -551 -345 -388 -907 -19 -639 -20 -52 -528 -182 -68 -986 172 814 -1357 335 -23 333 -143 -876 -1038 602 1192 -252 974 818 1432 -419 -30 -72 82 961 644 355 -418 -435 380 107 7 276 -845 -1028 -813 335 -719 578 -432 -1600 128 1000 -142 -593 -364 430 760 -835 -1148 327 31 -120 -804 922 -142 -705 449 -522 -55 -1327 749 1153 -750 -1207 647 143 367 -163 -333 -328 982 204 256 862 -67 -708 -1182 361 -12 176 676 617 630 276 298 268 -784 -47 905 1396 981 390 -17 -150 -597 -801 -48 -6 678 -200 -32 849 716 -302 -195 690 891 659 -1805 1432 -702 -204 1163 321 505 558 -322 -629 285 -413 255 977 -698 -522 -135 363 -978 616 -19 -93 -624 937 1266 477 -954 743 -64 -363 -30 454 -174 -841 -691 -267 -103 863 612 126 -1199 103 249 
