Matrix size: 300x300
Number of threads: 2
Execution time: 0.281311 seconds
Resulting matrix:
132 103 890 916 246 834 595 -563 -586 340 -602 836 185 -989 385 286 -481 141 280 1003 -584 712 1678 -617 66 -642 151 -423 -1368 397 -102 -620 621 500 -207 116 -202 -909 21 -517 -786 -518 857 -128 -1171 -641 544 -901 358 341 472 -68 209 -331 278 112 441 429 -1682 920 -331 1 1001 240 -120 1853 659 -87 -434 279 -860 680 -430 -503 -1607 -698 -228 -839 -58 658 1273 -126 -124 225 428 -2 -287 664 337 120 -872 -438 -1787 576 437 -88 692 -224 -675 -268 369 -705 -521 -755 -23 -399 268 -1517 595 -877 560 183 -302 598 -1027 -1309 384 158 -65 914 1018 187 -149 -162 395 1009 218 1217 868 -586 -116 964 -527 -518 -171 -89 -823 -245 565 319 1420 99 -1252 -1034 613 555 -897 -377 396 -290 103 -11 -524 -293 -131 -43 1491 -402 1151 441 373 -1079 -443 230 -285 -623 -598 605 -119 465 892 161 -59 349 760 1236 -475 604 128 -1130 -679 -1475 393 700 729 -853 -234 197 -174 97 13 -591 497 612 704 -788 231 575 -433 -415 -416 263 443 -925 779 -76 785 -415 -242 194 182 -32 -808 -334 -328 244 218 -885 -293 204 -689 -974 295 -1039 1890 325 -104 -468 284 -285 -14 -159 416 812 -1460 895 617 -482 -66 611 -1386 -18 -299 154 -173 596 204 98 230 505 -291 664 507 -113 73 218 220 -59 -274 379 1100 -17 224 -418 267 -709 43 -414 -525 -958 -516 -32 276 179 -215 -531 -1342 12 573 -12 -267 174 204 1351 250 -483 729 -586 12 594 50 -1640 -512 -286 -459 -195 978 -950 139 -1065 
298 -604 424 477 -1177 555 -816 -104 618 -411 542 -809 515 441 -161 3 44 913 482 -63 652 -92 919 197 -785 24 931 483 -279 -140 -1516 728 754 1308 -174 1027 660 399 395 325 64 -76 -19 -45 -619 638 -629 -568 -511 -1334 -545 -347 -365 -1224 -155 -329 -334 377 217 644 -189 1119 1153 -88 634 647 -135 781 -649 -111 826 -247 -216 796 -695 152 -85 134 -699 397 -229 419 -123 1028 281 748 374 -451 -217 -354 -1368 -77 816 -333 2 260 763 470 -350 -190 356 -1454 -423 1062 -1029 997 -553 -744 492 -292 -701 788 858 481 675 751 291 -428 168 1692 137 299 -976 863 301 -323 1376 707 498 -720 173 332 -559 71 621 1200 -502 -861 -610 639 900 108 -1078 -196 -943 996 -654 289 -264 -58 464 209 441 196 -850 51 -170 477 8 -352 383 -405 80 605 164 15 763 179 242 749 313 -256 -963 -125 1208 -93 777 -74 -343 -919 -133 -148 370 1708 -397 503 773 -225 514 -257 565 -617 -55 721 377 630 81 1027 -174 -829 -842 -413 -441 215 1224 -80 660 586 649 189 564 -880 -267 -1805 94 846 154 33 373 8 39 787 -765 -614 -259 -23 -147 -351 1350 5 -1226 479 -471 -217 -658 1198 -152 -729 339 -237 -297 -271 -225 -680 44 384 76 100 970 266 -669 -516 911 -562 -1031 297 -298 216 -515 -457 -905 -96 742 403 -1554 -127 -545 290 406 -124 1119 -349 1366 -228 -322 1252 633 -467 16 269 -484 277 268 800 511 -40 -541 -1116 -564 -1003 -254 -84 20 724 320 -612 124 727 -114 34 
-1289 528 70 134 -578 -578 357 -285 -380 -363 -970 38 -147 -223 -490 -233 -266 181 489 -1058 -37 166 -1109 905 -179 -104 109 359 96 -268 -386 26 204 -153 805 731 -523 65 -32 123 -485 -662 13 670 -1126 -459 -739 -166 -189 273 562 -731 8 943 97 -674 944 956 -620 557 -128 -49 45 169 224 -1367 1669 176 -249 -534 41 -655 -324 -270 -116 -446 -1 -288 869 1135 184 708 209 -469 -780 -74 517 0 -769 619 -723 -1082 337 -378 148 -979 705 672 -778 -208 -630 107 -114 -63 602 -344 -1305 -173 490 -460 817 -470 -447 2177 1228 -996 -1468 -858 491 264 66 915 646 -157 1343 -760 255 -235 906 650 -353 237 -760 911 -720 303 -548 1071 190 267 179 -435 430 -842 591 -1333 47 -36 -267 75 -280 -1092 -479 -42 -416 -323 1350 -383 1759 925 9 -68 -402 81 -628 -1080 -73 7 -183 -244 232 -1044 1090 -239 296 815 15 676 -387 -546 158 -206 1189 82 -131 -374 355 219 -230 -408 -436 852 734 -242 -1 -51 -1298 299 -54 941 -70 233 263 -856 -175 -1252 -1026 160 -111 -1421 387 451 376 146 1366 -1248 -867 44 -72 -367 -492 -840 65 116 -364 57 7 137 4 -609 448 295 318 -427 -77 358 -149 187 1265 -578 -268 -25 733 303 -407 1291 398 357 -49 -470 -245 149 139 -922 -363 1199 572 303 219 -463 712 338 -282 -1106 -907 269 307 810 1628 -305 -1264 -636 564 571 -502 -50 66 14 -485 1003 -831 1158 -83 446 -202 -2 -385 -589 455 850 -477 216 591 1273 352 569 -850 -969 49 955 
442 163 2319 685 -164 308 398 -511 283 121 288 277 -34 -171 402 753 171 -1278 -553 -690 499 -805 -536 -950 725 374 641 -225 -468 -495 700 -428 348 938 -167 238 122 -1113 125 148 75 -711 949 152 351 -82 -446 -799 1047 1225 -211 -15 -122 -877 -499 181 408 195 -1433 -45 -76 49 477 1070 587 1096 -566 1067 -4 344 -517 -125 376 11 414 132 -9 638 374 -131 -1274 -451 590 -174 -770 -712 -732 -671 697 45 138 79 1014 -121 -134 132 -576 -580 -78 354 -407 -1398 12 716 -151 712 -744 68 -50 -1000 1062 -397 802 -536 651 55 -483 -147 177 7 -348 -535 75 -278 -486 -739 -374 -92 203 -471 1142 457 -65 -649 -1533 -258 -806 175 -625 1052 -375 171 -330 476 165 -611 951 358 1143 345 -626 1076 -994 375 -579 -132 1833 209 1521 -199 -564 -30 1028 -61 760 -201 412 -496 -381 785 -346 53 -333 -583 481 -114 814 -306 399 -833 -193 416 251 -323 489 -407 -463 138 -470 -589 -681 -1087 221 596 -504 -1022 1193 -27 -263 1338 246 780 454 -424 -124 226 8 -141 433 530 339 -758 -1051 891 -123 593 708 -578 656 -981 1544 44 576 504 -1432 741 491 461 1049 58 -180 -309 -15 351 -34 1476 -607 -487 732 -123 114 -895 -570 -940 282 -447 751 65 353 498 322 -417 -1185 -19 144 -268 -229 703 259 -735 994 -1006 58 -821 1334 -1111 166 784 796 -1529 -605 -651 691 185 -534 -677 124 -397 914 -223 131 -231 1250 -446 648 -175 645 352 -685 785 -249 599 287 183 -96 520 -83 118 129 -178 
-579 -1050 1261 -833 -688 974 -1613 -233 -528 922 439 -209 1307 -1138 543 65 -526 540 -1140 -234 176 381 849 1112 422 -87 658 -780 81 -1039 -988 -18 -195 -305 -380 4 -486 30 215 -255 -992 828 -290 -480 -59 943 206 -373 117 225 -666 -482 205 69 1748 157 -258 -1226 255 689 -45 446 154 -612 188 375 7 -1423 724 709 -118 220 517 -513 82 604 1324 631 557 543 740 1046 -458 -93 -116 -711 -298 608 -508 245 244 174 -718 356 397 -92 218 393 -493 -462 -331 852 1109 -1082 175 -20 -564 -451 318 -360 -171 -366 103 -629 1150 1165 -651 -344 -114 642 124 -296 251 554 -303 -7 -1363 -515 -69 1236 -1030 217 -997 24 439 1364 -308 132 -379 577 462 444 -809 1054 412 147 -401 204 -908 78 640 535 1074 673 -1117 -55 -881 221 697 13 437 -648 -603 -802 -851 -223 -959 497 189 -104 -912 524 801 -38 259 -683 1456 -718 593 527 -1029 1261 -280 580 -616 -21 414 -877 -152 64 1153 -357 -745 700 -1077 4 -616 786 819 268 351 -29 1066 -206 138 135 562 -488 -953 274 157 -388 1493 -676 -13 -1171 157 546 -259 -220 -831 -1122 81 -24 910 24 -80 64 93 -1320 708 -768 499 221 -481 -960 -803 657 -606 802 625 218 973 -1173 1310 -171 -781 184 188 963 395 -2 -996 646 -442 -1200 -333 -1008 -451 -879 584 1141 468 -991 260 -4 -409 -381 -949 -726 -59 -366 -85 1176 116 -541 -62 -371 614 820 -498 -1450 -260 -21 -177 804 130 129 -167 -392 -884 -354 -149 80 -134 -1258 800 1101 -932 -117 
275 1110 462 319 -330 -161 -683 502 -368 -430 491 434 68 -198 -472 -670 773 263 -35 -872 273 401 -1309 187 -1424 -566 -840 434 -1396 584 -403 -581 -209 39 -1144 305 1546 663 -798 -1208 -264 -191 585 864 632 -460 1114 751 -586 -424 265 -154 729 -766 56 371 -52 -134 -674 315 162 637 -1579 -30 618 16 -16 629 -654 659 -601 225 331 866 667 114 -419 -50 -572 -188 -565 -744 -87 -21 -95 1460 1067 1074 412 -301 -950 -236 1046 -111 -292 321 1101 -17 304 -135 -631 -457 -576 -187 -137 64 -1200 -529 -708 -756 305 -188 -234 -574 251 -615 -354 -124 776 -315 617 301 695 -909 858 218 -787 551 52 -566 197 871 -208 -579 1166 786 -132 -491 -405 774 819 137 -76 694 688 96 -875 631 58 -606 86 -99 98 -197 -345 62 -802 -666 -325 -304 105 -674 708 -455 -5 -757 -465 -201 -50 615 100 591 797 408 263 -619 -481 1008 -342 -1069 410 211 605 -473 -355 -1103 -887 -480 -234 263 258 1526 -532 -970 1260 -174 517 -368 285 -858 56 986 -1310 -205 731 635 -490 -16 13 160 584 98 727 672 573 1406 -728 768 -81 221 561 -322 -1009 -267 707 404 70 205 1080 1507 -299 -394 -367 171 333 99 -29 853 -1822 1404 -248 -455 -681 -291 -184 -786 85 -425 269 -479 -1299 -71 -933 499 135 -259 -269 -239 -438 -248 241 68 129 595 -12 -526 1279 -84 75 -364 19 553 -460 -800 646 -120 -338 -135 -566 116 -426 531 236 -968 24 -523 466 -409 515 336 -390 -463 -791 10 -695 192 -89 239 528 659 
-212 110 -487 -1070 319 -905 719 -903 954 122 -149 -699 1377 -382 -595 707 -847 222 -1225 1300 219 -441 134 75 123 -299 -467 184 456 157 160 517 -1414 199 -1247 -590 -284 569 777 -625 -215 -132 1305 -363 374 91 -462 -139 988 210 464 -691 292 -635 -1099 457 593 -100 -400 274 -398 -648 946 435 -19 -40 -424 -712 79 669 21 -742 181 427 -135 277 -197 -262 -273 771 762 -210 -77 339 -873 -461 -1034 -971 -91 206 508 224 423 -151 -1032 -112 -691 320 81 604 807 -706 -509 1205 -109 -231 698 -878 1008 -188 102 -921 916 476 108 766 -678 85 875 -484 -140 182 225 410 -21 -936 355 178 -988 617 -849 393 398 -170 -627 -80 1181 255 -345 234 -291 247 132 143 -802 -360 -595 -493 -698 -754 58 324 150 51 1032 247 -345 854 488 560 -1385 -594 -481 127 165 -527 620 1159 356 174 1543 617 748 4 725 78 629 404 -626 1004 -264 -529 -101 -454 412 -203 557 -89 835 -248 1224 -7 1396 -334 95 910 567 -532 53 300 -67 275 186 12 852 797 907 146 -457 1393 155 -144 456 -178 456 -1068 573 -866 605 368 154 392 101 -1157 -58 33 -19 -607 602 -268 430 -712 709 778 -66 483 -534 505 1340 23 71 -407 -336 -267 -94 -51 -1102 -338 1350 673 147 -822 -641 726 892 -504 470 -711 965 -807 -615 48 967 -145 -823 -481 -791 -1032 284 -94 280 -620 -318 115 -571 402 -257 337 -586 -128 931 -597 232 -13 18 263 633 -487 -691 -355 373 -880 354 681 472 173 483 819 -1241 -251 
466 236 -900 654 -156 -1070 -380 -1205 53 -980 165 -649 -82 -550 -342 434 646 -424 236 -1101 -123 -185 288 227 -90 -32 -470 -440 -283 164 1218 -807 -899 -152 -815 329 789 957 601 466 70 -627 -434 -969 -385 108 63 626 310 831 431 -376 396 360 102 -125 155 -555 527 -174 749 -123 -1114 -965 741 129 -1237 452 -253 -948 -739 -337 -572 -617 -337 805 383 542 179 -714 -416 -147 -621 82 -895 166 -719 1210 -477 -371 466 -20 1681 -166 12 457 217 34 352 -160 -882 -1126 -200 -345 -95 -348 -789 282 -515 191 -591 158 918 -909 1449 288 -997 592 1052 767 948 132 799 251 -648 -2055 -572 -254 -1403 -1000 -194 -435 373 470 340 253 669 663 -98 -422 471 -1219 2 802 -249 -1050 503 424 -242 -777 81 1092 -486 826 383 385 -283 -113 1654 -340 -800 293 326 569 893 -542 -144 -416 -302 -68 -223 -674 -707 -1470 -3 -356 -508 4 -856 -569 164 100 1332 1101 52 -347 102 -107 477 800 -376 -384 332 -326 -406 -201 243 -756 281 -103 -681 -200 -96 -101 344 1100 300 -268 397 57 426 -137 1027 -383 557 -579 -362 426 1335 131 519 117 -742 -975 181 -238 -509 1101 442 578 -817 -986 -948 587 1052 133 -1283 440 17 275 -287 -989 746 -320 -2 111 -141 187 -1051 -727 -55 265 -287 -111 1111 126 -1170 -326 335 473 -145 -335 -175 254 -889 -343 594 61 1059 -357 -197 -87 -550 672 144 552 592 -1013 954 194 504 987 -548 225 -651 629 -460 847 789 284 -954 1626 217 -1149 718 714 1160 658 -75 -271 
-274 -36 -144 191 -599 215 -452 870 -184 -395 669 -896 -220 -1052 -262 -622 -815 -157 894 -647 -9 575 -144 -631 303 -86 -881 242 726 232 227 -97 349 865 83 902 555 -39 653 592 1231 192 -574 629 333 568 506 1973 -1198 -429 1103 2233 -842 104 -734 276 -11 346 -487 -265 -113 418 366 -882 -828 -355 -767 -1474 432 702 549 -8 -121 280 -52 7 -461 -553 -205 98 -758 -22 523 463 -477 -159 -56 820 -1095 801 -12 435 26 -172 436 -343 -854 40 -303 -499 338 956 -964 -53 -678 386 -1119 688 -1644 -117 -302 -1230 -267 -99 938 -267 276 -578 768 -591 853 -425 418 -374 -52 -400 -1662 28 515 170 -155 -722 449 -48 -180 -750 -274 631 399 1129 -1476 526 -169 -12 116 -499 -596 406 519 -570 -234 -165 741 180 578 860 -301 -387 -1045 -670 -526 191 -112 178 883 134 307 -712 -143 1136 253 113 -295 334 -130 -936 -320 -266 -329 30 287 372 -1161 342 755 688 471 649 -714 -363 -648 84 972 304 -318 -438 -781 -221 583 -110 446 -396 -274 -78 -763 -219 -268 -546 -479 -412 857 473 36 2273 -469 776 -884 -810 -490 241 -323 22 -424 -227 -242 514 970 916 1044 -476 -968 -230 -176 1305 -118 -660 -793 565 -589 796 -8 660 -150 292 -81 -284 832 37 -72 -1078 -451 780 -1162 524 202 -1112 386 1031 350 -1623 -1006 46 259 -1046 166 400 -166 305 -728 420 1055 1073 -143 41 64 -683 425 -95 408 767 -152 -721 -431 228 -1370 741 -783 -566 661 -46 -244 434 -130 857 -1023 490 493 -428 -688 680 
-926 725 769 907 -84 58 -283 29 174 331 104 137 -11 620 -11 393 727 104 -410 -371 -288 1199 795 -466 592 -473 369 -341 142 415 -883 70 -392 198 -1566 -4 -294 -280 -1130 65 406 1427 -435 20 6 286 156 -270 -208 39 -313 -1073 309 -263 463 -715 370 -751 83 437 -394 351 294 222 821 -1360 -1393 217 -529 -1025 -513 95 -422 949 -1044 367 121 432 1278 325 -1020 822 -269 604 -237 79 -627 161 -811 -158 156 -410 179 384 -75 1490 -288 1342 596 811 -404 -754 350 408 719 152 -318 -520 106 -60 -1239 897 237 -376 0 -74 -250 -404 84 -477 1220 -64 -313 251 -1109 -712 -353 -81 223 -313 -106 1165 -1116 -91 742 785 612 408 -29 -437 296 -347 261 -481 -831 736 -256 -593 597 336 394 -422 -250 486 707 28 -137 157 -868 190 -197 -381 528 -641 155 -515 -785 -233 422 -40 -287 -552 279 269 -103 -427 897 -893 -1383 -764 -981 -418 256 -89 621 55 661 -1618 1435 632 -335 588 -889 -1012 216 436 748 -272 -987 -433 -575 -498 -607 351 2098 -90 21 54 -42 101 -184 9 369 522 293 -1058 -463 -517 -99 -441 -866 875 449 -374 -390 -672 -941 110 95 507 -839 212 -880 886 166 165 -1249 202 -212 721 -859 100 -135 9 -67 1013 -115 -742 -1061 457 269 -438 -1347 49 -213 -723 -571 195 -314 -132 -391 422 118 -1102 -955 1175 -19 -749 -1116 409 551 -690 81 -89 964 -238 711 -195 161 362 -646 388 -474 -410 87 123 -208 479 692 -5 139 -847 677 -224 -1103 42 -474 805 514 -17 
-287 -107 706 180 -560 838 508 -260 244 366 533 126 -839 -158 871 1012 791 1439 205 -923 -1259 254 -413 130 -310 -1586 -898 238 -273 49 725 421 1335 -360 -1238 1465 1090 50 -420 -195 1309 143 220 483 414 -123 -189 -687 -882 -755 706 153 1355 948 -148 652 649 689 24 411 -749 537 -228 -143 590 512 214 -239 -574 173 1361 -1084 -1035 103 -237 173 420 441 1007 528 -493 -770 -241 -162 -401 -213 -1039 1085 467 -133 -302 612 488 214 387 537 -1106 413 976 558 1075 -104 339 -230 -1265 -509 -313 16 -547 -962 125 60 -1660 1210 610 -382 186 133 734 642 1468 235 819 474 1301 -531 -158 -691 -579 -289 554 -69 587 34 1330 -309 -665 762 -1306 -31 -599 387 -580 -347 373 -657 -237 204 -291 1628 310 -1520 370 -777 336 173 134 -922 214 -594 -326 127 1030 1321 361 -542 -331 -225 585 -329 -260 -1216 -358 -397 1220 -452 996 607 -1075 -461 807 453 -91 1128 660 -186 -429 117 737 -148 181 -22 418 -1014 129 582 76 979 494 -178 26 -236 -603 -107 -334 502 -836 -438 -359 62 -655 824 -71 1629 -52 1123 -680 -774 -507 -44 -141 -358 618 430 -314 -48 -285 612 -312 233 -226 -720 -113 -44 454 382 183 -779 -80 -622 603 -1088 -264 -1076 341 -909 -351 -28 -177 154 421 -554 -530 481 253 110 743 -362 143 792 438 -324 355 -25 -1040 -259 -271 -1302 293 293 107 786 -2214 117 232 -454 464 330 291 1087 -1058 454 -713 373 1035 -71 -1143 -44 -534 1670 10 134 1340 0 1016 -349 -414 -251 -445 605 
-672 -339 -195 -699 311 103 479 -504 -146 -845 32 451 -275 -533 -279 -633 -176 -391 -187 1211 -1792 574 618 -461 -489 -1072 217 605 -489 50 638 154 1741 1252 -494 -183 138 634 -867 -324 16 658 -56 660 -245 163 118 -232 -719 -101 787 669 548 -637 -488 -516 -156 142 143 163 -481 -322 115 -713 -18 -936 -121 760 -611 -1 984 -426 1044 -22 -237 277 -355 -1248 134 -714 354 -207 313 -607 -1062 600 150 525 -229 -307 -424 313 -824 -910 -209 1687 312 -886 -366 145 984 -479 -595 594 1421 -556 308 202 -882 1109 645 -555 -280 -869 1333 329 -686 -600 724 852 725 -154 -17 115 -978 -911 -288 941 -493 -781 581 180 -941 1034 -221 549 168 897 -501 -709 -459 -17 -251 -315 -807 -87 532 190 -91 95 46 826 -475 -138 -540 -22 -458 -1240 -737 -1192 -395 503 773 1348 1806 239 98 213 -1020 524 442 62 749 -2300 264 -759 85 692 448 -827 -966 -462 276 -928 -546 195 2509 1025 -83 -764 412 -1528 332 -552 127 1023 -1005 -265 -26 76 550 1251 -141 824 671 -420 239 -446 1167 547 342 411 -130 314 755 -1170 621 160 677 -54 -6 180 -235 -386 -658 263 289 -594 743 -337 -219 -749 -514 629 -1296 -361 -840 -50 -804 -18 -432 -415 176 -846 169 -614 -238 -59 85 -53 -638 -212 -1757 893 439 -17 -1279 -237 805 638 -244 -155 445 897 330 104 379 -1170 -75 224 -1202 400 -193 -548 429 142 -1091 -751 -30 -484 -291 930 -1357 -1009 -1228 -1712 -349 -589 265 -124 -667 -532 1242 -475 609 939 160 -377 128 458 
-702 -1723 -585 -7 -103 63 -283 -1579 932 335 1121 761 192 -551 213 509 1358 -1014 467 1875 -597 -550 805 675 351 -175 553 204 -652 -491 803 -1223 316 275 716 -1261 -1364 432 1123 565 450 -62 325 -608 -1048 -69 322 396 30 -864 -235 785 1094 845 -102 -84 -412 -1271 -380 -858 -238 -157 687 1154 -367 327 -75 315 -3 619 -548 -983 760 1353 -313 -205 391 -60 412 -1109 -26 -196 -778 332 22 524 -581 17 752 -90 -1204 -384 -454 -630 159 -61 160 -167 -62 -614 -207 264 -645 800 407 541 -288 281 633 -122 699 -830 273 -17 -907 546 390 -314 -1271 42 698 -577 -370 -580 651 1162 607 -1741 99 -492 42 445 954 769 159 906 -145 276 859 -538 -620 545 534 -705 398 808 666 -450 -493 389 757 1292 -783 136 -45 -73 790 -292 -301 -34 78 -324 614 527 -990 450 -176 -275 356 -985 459 -258 257 -723 -943 -300 721 -573 661 -476 342 630 -514 148 -456 -299 -61 -428 -1511 -179 415 -57 143 -265 -463 160 -861 184 1291 -655 364 -250 726 -362 1207 915 586 -132 -127 1559 539 1247 369 -905 -948 -35 195 -595 -44 -1055 -872 -198 867 178 -558 -251 754 -2112 310 -888 145 -684 1666 139 664 557 858 -625 -1036 591 -231 646 -823 -982 -796 360 352 -779 1605 892 -1855 315 -79 896 -409 616 194 -953 348 709 -140 -1051 -876 -359 -661 -42 256 102 316 368 565 133 -453 -980 -795 1179 -287 93 1029 -970 -740 -745 -437 -992 702 1149 682 -821 368 1180 425 -1321 90 568 188 200 -569 -979 -141 50 
-284 435 -153 368 503 -293 -829 258 961 -692 -183 -981 -649 930 500 542 724 -31 100 115 -178 -836 923 643 660 -610 265 -232 122 -100 131 -659 -873 -1516 323 -975 -1142 -339 542 -1013 580 -498 760 324 118 -102 -681 -428 -136 -15 -270 361 112 146 -390 -703 607 1013 -498 614 -384 -664 -1118 -664 882 1253 -40 653 -902 -604 -840 -912 -6 834 694 -345 48 617 -341 490 544 226 633 -1339 423 518 -600 -501 1042 454 96 577 104 341 1076 405 688 40 -901 1234 -179 178 338 -216 997 -551 -33 -9 141 200 -457 1057 -221 131 -11 1127 210 -592 509 -1209 -286 709 -412 407 835 -134 -531 -229 861 126 -288 -514 974 -63 908 1142 -110 -117 1051 -456 -744 -471 -501 -467 459 -13 511 95 -437 -260 -842 -489 -101 346 -27 -1009 208 197 226 8 734 -66 -68 -223 -68 -330 338 -427 -218 -159 -122 -240 226 1066 191 1 198 646 -319 -110 794 993 699 -926 817 -414 401 -411 -44 245 78 566 -764 1201 97 -341 90 788 -334 -212 1107 -136 32 655 1061 -743 -135 -398 116 457 6 1098 697 -83 -37 937 156 -393 -481 383 328 406 1267 -348 177 220 -117 -595 1004 -728 175 924 299 -783 -153 160 32 -826 953 903 -30 70 609 97 70 566 -268 226 -185 -262 -484 354 914 -801 52 162 786 -267 793 600 1234 960 431 -134 -1021 935 1222 -461 -458 -55 659 -124 -4 -309 1266 -249 854 -125 -855 -266 -220 -278 279 -1002 198 412 557 -67 -468 -70 -1107 3 -763 339 -694 159 209 -544 -60 313 
-498 -485 -299 -218 785 -1155 341 -289 -164 -9 -187 -139 337 1138 -304 1018 63 -349 -123 -528 -214 156 -100 226 -159 -661 1149 1550 -1089 -87 676 -669 69 332 209 330 155 -821 45 446 365 172 1420 -341 99 513 436 -95 -64 816 -569 -82 -476 634 131 31 -438 -534 450 -18 -99 -558 593 -230 215 552 1177 -720 -311 72 -36 549 271 -1126 -1433 194 616 512 -96 606 376 -779 1135 -159 -566 -367 -1202 505 153 614 -52 -648 -535 -456 447 1232 694 673 -504 -854 -406 -307 1046 -495 699 -917 -55 364 841 524 -520 120 954 -52 -1224 -393 272 555 -1369 314 -357 -427 -863 -1171 -105 -635 655 -156 214 -211 -56 19 -313 -22 -11 -689 610 607 725 477 1074 39 561 -698 -169 -603 91 -98 202 601 356 -356 653 1371 -131 1211 635 -331 764 1283 -220 -755 -138 -526 -283 -275 -335 376 87 436 -205 -256 -1145 -156 -861 3 279 -657 -45 0 -1142 -923 630 166 -139 -877 417 1288 641 515 -320 452 -119 267 1089 -195 607 217 -546 1141 -878 -847 -854 -1008 343 223 -220 4 811 1078 -315 -337 117 70 531 -701 390 790 6 363 166 -1132 923 -489 -139 -463 -685 1161 -97 -261 -393 363 -382 -296 -2 292 -899 627 700 254 50 338 -401 56 320 1006 781 -16 -562 -103 65 -48 -273 535 1 -670 517 465 -525 -1156 310 -689 -508 134 512 813 -242 77 640 -789 60 -150 -494 -71 359 -453 -1112 -572 225 -1049 -419 -519 -320 198 151 250 119 427 -83 -451 518 697 631 -239 -156 282 94 110 87 810 
71 257 1414 68 1712 1458 319 -17 -361 21 63 1103 -1157 -78 -480 -393 89 -763 1139 469 145 -410 -513 700 784 148 426 905 204 339 622 -719 25 -37 55 -701 506 -587 880 62 446 -681 977 -375 -369 -458 -490 -41 424 236 -172 513 -146 85 -389 679 564 -54 597 -608 -1422 -1154 446 513 46 -250 -1273 -764 -570 -63 -1047 -755 -750 -83 -139 1312 234 -881 892 -613 889 426 -953 815 -1184 303 288 -967 -394 -993 322 -33 92 329 390 -746 -437 -1084 1061 -837 240 -236 288 -518 134 -309 -941 -739 -16 -613 596 -115 -925 697 222 -70 -1527 -342 717 696 284 146 -35 229 1134 -57 -199 -328 -532 -527 -330 406 485 -47 362 124 -11 -1160 283 176 194 -126 551 -432 444 387 469 -137 -966 -182 705 -560 -237 -175 -495 -805 628 659 1258 367 -516 -275 526 90 521 536 656 665 -274 -1492 -224 65 -499 23 40 -174 139 -327 -51 -217 -591 982 -1321 737 -360 -268 -251 -778 -380 -183 -82 446 -66 447 96 -464 166 -1227 400 -892 -470 -219 263 -1700 60 456 -612 -475 651 -869 223 -382 -34 75 851 -1147 -1104 -917 -1095 -477 495 -120 618 -187 620 -871 294 -308 -965 821 1338 -602 -80 146 1307 -110 406 338 -33 1082 -255 -268 410 216 -568 1144 -649 902 -227 238 -971 -10 -728 -414 -581 -710 -864 88 158 -966 538 78 778 506 -122 56 69 738 725 -277 -1141 208 -543 -100 380 157 -378 -788 138 25 -945 -81 -207 -137 24 475 -515 -254 -961 995 -973 -295 -253 303 -167 398 -75 -756 -705 -120 
-1213 -890 1082 -1015 961 214 -393 297 -58 166 -513 473 -394 526 -230 -221 -218 -696 64 -72 -273 286 -1171 295 -478 -613 767 459 43 927 653 430 -821 304 859 -228 -62 -1182 23 332 -499 -1254 -1332 -962 176 -390 -1788 484 142 -37 816 -838 -1177 639 412 880 805 508 -1064 -1114 462 30 556 1552 48 1354 -184 629 665 -1039 223 216 658 -460 16 16 477 900 -389 -305 1056 -212 725 -726 313 124 -1147 0 -479 -169 -497 -71 -390 669 -143 -1176 518 -598 -718 393 923 -606 524 -1450 232 -785 1164 -297 705 179 347 487 -325 -113 65 -158 207 401 559 -1305 -723 -711 -273 306 1 1094 -183 -460 540 90 -70 -832 -404 754 -436 -237 -161 1212 1271 -38 769 -427 338 931 214 347 741 511 403 -975 -507 1281 -148 42 247 -574 822 580 -703 -82 409 550 247 -578 863 -428 -449 576 810 -1105 217 -261 1084 1209 -90 218 209 -108 -61 505 -359 1221 1628 527 -93 580 -742 -184 -177 -154 -658 326 -32 639 1431 503 386 529 445 -161 238 -534 520 -266 -160 -210 -298 464 -637 616 -356 296 267 -937 -1894 -1188 -448 662 482 519 -510 -590 328 -680 7 -330 -532 -123 688 79 748 1238 -288 -935 25 -112 225 344 106 -966 1190 192 869 294 1012 9 48 9 178 976 -448 -837 -847 358 -213 -422 610 874 55 -54 414 -707 83 197 372 1011 -441 748 35 638 -693 -364 -159 -3 -491 429 98 -886 554 -317 -7 -651 -268 665 -137 1134 461 -1348 522 228 -998 -1341 110 881 -546 -1136 -1116 -438 -651 -75 
308 133 -522 -235 -933 -1 -188 -618 578 1076 298 742 385 772 346 371 -333 558 -1153 -496 -685 453 237 -140 403 -1388 917 666 -281 1275 -657 228 -164 -630 362 254 16 616 828 -679 140 -159 178 425 1521 -16 306 528 298 -265 -639 -283 -239 -363 -86 543 -277 -294 519 502 -847 -471 113 839 -303 534 -321 665 -22 1458 849 -169 -189 345 591 351 586 766 -792 169 -51 49 1100 52 -300 456 580 -571 -341 446 496 -371 893 -1262 -323 437 -76 -837 191 702 316 -739 111 -412 50 -114 35 -329 345 -53 197 239 -56 168 -431 628 730 -267 1362 -663 267 -609 -345 -241 -43 526 394 -678 407 -886 309 1283 124 -1083 -230 304 141 490 -1006 659 1294 -80 -212 547 1625 -921 -391 -938 -1425 634 -371 -449 -103 1167 -263 205 375 -379 -313 128 -66 332 -883 -146 -625 -429 975 653 188 -772 47 878 -1024 358 -726 325 1789 -950 -280 -1098 -835 -22 852 311 -967 -829 148 735 715 -234 1013 16 -105 344 -485 -547 890 -25 80 -376 812 752 1017 -372 -349 -432 -2048 36 -585 432 -506 -561 531 -115 -420 1719 550 216 286 -588 -491 537 -116 700 -56 1029 675 584 127 687 -915 -410 934 -250 187 515 -625 -528 300 179 1038 -593 27 -626 -588 722 -924 1179 -561 121 272 324 1432 1042 159 -92 458 582 497 192 940 457 29 358 86 133 -216 -136 -749 -632 -835 -124 -1139 -213 1349 287 -675 -1049 -26 8 401 -682 49 -866 365 13 128 63 368 207 -524 579 661 871 579 -321 631 -617 -349 69 
-515 351 967 -594 348 293 450 123 174 -163 -383 195 -257 251 -446 -612 -224 -574 -1014 652 -74 -501 -456 33 -577 -588 -469 -50 381 -85 -906 187 592 -336 -585 417 18 -584 37 -297 -149 802 1632 -148 88 275 -435 238 540 202 493 88 -417 -632 -226 202 -410 -552 -838 673 42 -1221 1232 178 -770 -321 119 405 -1647 1439 208 244 -437 -634 341 176 476 549 -207 719 -106 44 -791 -1182 82 -97 184 404 877 -568 1361 -846 30 -1193 507 381 103 -772 -352 -114 144 -503 980 -94 484 360 -1389 697 149 217 -1350 -637 88 507 416 360 -57 21 70 56 -1231 -398 3 -490 496 -375 362 160 1529 -668 -28 314 34 -295 -603 370 -250 -368 45 719 -82 -589 -1403 83 -85 953 585 1173 545 861 -492 182 -150 609 -258 -1316 -426 -694 37 181 1245 288 -164 -470 -97 -1028 -167 -8 -955 511 762 416 -507 -141 276 146 -516 -435 82 -276 -538 402 -269 -586 707 -399 -298 705 -365 -285 -275 -569 390 827 -512 299 13 927 -541 -178 -963 -169 -161 59 -493 -370 -753 70 756 -666 -206 -1022 192 -321 -167 395 513 37 -869 -384 -260 -76 214 662 -528 158 915 -740 127 48 88 -411 616 -186 71 678 -136 1627 482 -210 154 135 1101 474 347 961 -685 978 -45 1130 696 -968 -84 -163 -562 382 -95 543 889 -205 796 -355 169 141 266 503 675 890 -601 -741 -1553 -1041 366 254 263 -599 -503 1125 -737 -431 75 -437 -751 604 -482 -643 -146 -411 -983 -221 482 -485 566 -1347 315 261 -237 -201 -726 -755 
-488 -975 -414 -975 693 186 -279 314 251 -466 -498 303 354 1427 -585 679 -517 48 -25 -955 1133 -516 987 -340 -514 885 826 341 -509 754 783 -231 200 -375 292 634 -164 183 415 603 -1142 -233 19 996 -656 192 582 653 -745 -1004 -515 -235 -530 -166 490 -1142 -18 -737 1142 681 -721 -326 552 -322 -1075 -81 -170 -287 35 -288 1503 1013 170 34 -839 524 344 -284 741 -1132 427 607 -1005 315 -318 293 120 -149 -355 -486 -477 252 253 768 760 104 595 527 -308 283 965 -26 748 -711 181 472 751 560 -392 -964 -789 191 -500 -352 -61 -594 162 -3 -623 848 -377 38 -827 29 -1245 -407 145 845 667 -276 258 -500 -846 -635 25 -131 303 683 449 865 943 2047 -214 356 708 -610 485 309 103 486 396 581 122 514 -595 769 -246 746 216 -275 60 -556 -77 427 4 -569 1111 141 -223 -240 707 759 -269 951 -1162 702 575 254 919 -326 -775 133 -435 -155 -333 -314 275 392 -227 -884 580 1074 -112 1 -765 -321 -584 -595 762 405 -387 -517 -170 -851 104 -130 -266 304 328 -1115 844 549 -106 444 138 -829 -578 -567 671 -69 -204 670 402 -813 265 -723 -483 514 -105 315 1308 -215 -876 -406 528 -1075 -32 823 -681 232 173 -665 747 -96 43 401 154 -130 -588 356 -238 802 21 772 109 67 100 1076 -632 -521 524 357 -437 1016 -876 63 455 -42 -693 386 483 488 1030 0 -731 841 -1054 -404 -585 -7 -99 213 -171 609 281 529 -206 783 401 550 1003 -117 196 85 -89 106 -1284 838 -867 -267 
506 60 -896 -167 589 -553 -368 1085 -829 345 1041 134 269 949 842 -395 -314 658 871 224 -479 389 233 92 78 497 -987 348 77 1031 241 -2057 -435 582 647 -1046 240 -1124 -1482 -186 -667 988 -1007 -629 327 687 852 -513 -1121 297 10 931 588 176 -153 -304 -367 176 1589 -542 828 618 -1608 383 -327 439 -170 -190 -146 -58 -473 463 658 614 91 315 -232 -265 228 -1068 -696 575 195 -641 380 -252 -596 446 1211 603 115 520 -105 -595 268 -177 52 240 141 -154 -41 534 604 -1458 588 613 754 -383 -65 131 60 293 -846 -1978 -1268 -1035 -181 997 74 -779 -574 -861 -532 803 96 573 -415 632 985 -132 329 640 26 -518 -129 -1269 384 251 795 1058 -489 -160 243 -273 33 -98 278 -252 1237 -1479 -127 -593 -214 -1033 865 -679 -252 242 -689 -745 -593 -256 509 -1653 87 331 874 -992 -1090 706 529 -42 265 -593 -136 953 352 314 1283 -127 -15 -332 -1121 37 -430 178 942 709 1214 231 503 729 727 159 -674 -573 -259 705 -559 -446 -81 396 -537 281 129 629 -363 899 -89 -1012 -468 1575 467 332 56 75 41 -1000 -378 206 573 835 755 434 368 1739 -579 246 -647 -618 -3 526 -1487 32 -488 -419 401 -95 -1183 309 248 1174 -909 -76 -1398 -640 761 169 216 500 307 137 -99 -975 310 -641 -263 270 683 971 -46 1580 -96 604 577 -3 69 -670 -492 832 444 959 104 -1701 -366 8 -211 29 -575 205 177 -649 1424 -1383 -533 -1135 314 -193 834 -55 -214 803 492 407 -979 -53 114 630 553 617 
297 254 -141 -569 206 -200 -458 -379 -214 -530 17 -230 180 1295 750 -753 -67 478 -295 -471 -129 -397 -345 -130 115 -193 -14 -119 -40 -631 -984 -813 -267 -615 -834 -680 80 -907 831 -76 554 -838 798 -927 -319 -699 25 266 804 -512 84 11 890 357 -240 324 -68 962 76 -224 183 -253 103 179 390 -804 -571 -63 268 332 -250 183 -171 451 -176 -180 712 122 -673 -610 278 32 -1601 332 -552 630 77 833 -1013 -521 -51 161 419 -348 -1055 -463 274 -405 639 -658 -898 -33 -522 -73 708 828 -1153 -236 419 -1040 534 -1237 271 508 -225 444 -10 -126 -28 -361 -677 -715 -237 74 286 -887 -317 647 -1041 300 -336 863 -1254 -205 964 601 242 -584 -1204 139 262 1011 -664 899 23 79 469 383 637 40 490 793 494 -315 -275 -683 -730 358 206 -180 307 420 156 -602 -1448 729 -749 836 325 291 -328 -433 225 505 3 -672 532 402 451 718 -161 152 -151 -9 503 -427 -1030 -497 207 663 -13 557 -1229 -28 -422 -77 400 -901 -91 1023 -1010 -219 976 42 927 -15 -215 733 -1007 -385 -296 602 -92 341 132 619 99 -331 -1128 104 -817 -742 1275 437 -847 -518 332 -377 -1280 -681 -653 610 165 -591 -1217 1076 -869 -831 -728 405 -485 767 -532 -490 -28 414 232 -826 949 -236 548 -955 618 -630 106 -22 -322 -408 -1288 -151 -443 1 -683 -86 341 689 314 -367 -604 363 4 -765 97 246 6 -934 1152 761 674 -20 175 -342 527 -182 -613 -402 -584 -354 1475 751 202 -1015 -255 572 -220 247 -271 254 368 -357 
29 -1068 -448 -180 1205 511 1894 906 993 636 -234 -1110 -742 991 -177 42 -725 -600 -636 141 -323 1258 -183 -784 -1012 -384 -553 -208 134 370 559 -667 105 -430 97 -581 -113 307 887 -687 184 368 -349 1483 -733 -576 967 -745 50 -419 21 611 -90 -811 -965 -307 1141 336 -448 320 78 176 568 -454 750 116 -840 411 -262 1203 -28 87 1269 -81 228 482 -135 -301 -821 814 -758 504 -749 55 41 127 986 -360 -203 1001 222 1382 -608 331 -39 208 99 -141 -322 -138 1500 511 60 584 374 -252 947 326 29 81 -405 252 -532 -971 -748 38 84 153 -85 704 640 -475 1131 273 127 851 -441 207 -144 -321 436 343 -121 336 153 264 -174 448 -556 33 -592 -319 455 -143 175 -1920 486 -815 1787 13 -307 -127 -182 -1137 -266 343 -322 -93 537 -1139 -381 -29 -545 525 -84 772 943 -687 175 -445 -301 1397 -85 -50 -1 -853 -1135 92 -422 26 172 -915 14 459 27 573 665 -501 -183 -63 -37 250 106 434 285 734 -356 -764 155 -110 54 792 -457 770 -658 -548 -42 443 226 566 793 -685 -63 1140 -141 438 -235 98 -1012 828 286 385 723 -307 154 550 -599 387 -25 -792 181 175 -442 -969 -145 1262 -46 -184 -207 -5 481 58 -182 1731 869 -943 -452 -420 -162 4 -558 405 250 -507 1117 -957 -187 -72 141 201 -16 -270 558 -1134 445 -352 -143 -394 -1162 252 778 564 -593 19 215 -571 -651 603 -457 635 83 491 47 -254 -645 -607 -902 863 -226 375 35 594 501 216 534 61 -527 200 -253 948 
656 293 986 896 -600 -367 714 642 -261 -24 -676 232 297 848 -506 561 -677 301 -219 -207 40 -877 1387 11 -38 1214 -1277 1024 -486 -681 251 -1197 -256 963 276 -557 130 -94 -320 -646 384 546 -629 -735 319 822 929 -1716 -220 21 78 -914 263 1085 1249 -770 -923 71 130 -134 -275 145 394 358 259 128 1290 -704 -264 210 259 -77 587 -172 -556 326 -444 546 93 -666 -418 19 -46 82 1787 395 -621 -1244 82 -419 874 247 -888 128 -244 696 -103 140 460 -223 595 788 855 -485 451 298 1102 376 308 -366 196 -42 -31 658 -84 676 -386 -520 -177 -33 -18 -665 18 1129 981 917 -4 -439 729 722 -603 -913 329 -767 -318 806 1072 574 621 -217 -351 349 615 -902 -651 -1 -104 894 327 624 -17 -457 -783 768 386 -868 -85 -598 369 1387 506 1640 -887 -14 -482 372 -1131 87 -735 1256 171 325 -241 -105 -183 -528 1043 910 205 289 -585 -1767 57 41 1007 -824 -239 507 -534 -42 -672 192 -17 197 -642 287 -473 1574 -1112 -471 -253 173 832 -22 533 -578 383 479 1185 1282 -171 764 -522 -212 -323 1220 1558 -633 -335 -184 -454 135 -535 -36 -57 798 0 -776 -284 -775 -197 286 287 -824 -1132 -569 -390 402 921 -509 -69 -109 934 -1531 401 1108 794 562 75 1446 -1383 -6 407 -322 -444 618 692 179 -270 -427 726 -1191 -547 -724 -145 711 -94 -295 -97 1550 -162 50 -460 -1451 -48 -125 -517 907 303 960 -1195 -1181 54 172 -325 -29 555 290 144 263 1072 -198 209 -504 -632 -474 -520 114 197 -86 
-513 -820 -113 -1321 -663 909 668 139 159 401 -281 540 -217 183 70 -177 537 -416 228 385 -1908 -172 977 -106 -238 495 265 -748 -127 302 -1799 -192 -206 331 430 -21 114 196 -37 -382 298 1438 -659 45 417 1044 -128 -86 -1079 -19 -464 1001 -55 -5 216 -676 818 -601 -184 2 55 340 -201 558 1027 -56 871 762 237 276 -601 -298 -355 -223 274 -355 740 -106 487 -216 -227 1142 -426 -289 357 496 1001 -600 436 177 -167 -207 -615 148 1517 357 160 1638 119 -569 319 -559 -230 -1 194 357 -114 150 -452 -689 26 835 58 -37 1103 1083 316 -1096 -368 -504 364 662 918 325 -88 37 -1132 -1986 743 0 506 573 291 -691 -789 1111 274 89 641 -141 -899 -292 147 509 -428 176 329 -583 352 1051 -1349 277 277 -380 -219 -508 -845 -288 -832 794 -182 239 -238 -4 -246 -232 -121 -272 650 1254 560 37 -28 -180 -2122 -1066 92 809 593 -566 -293 345 -94 -935 106 873 621 -951 -720 -692 105 -348 -635 84 -898 -81 -178 161 745 119 792 34 1227 824 305 -834 612 788 863 1209 1849 -179 469 127 -520 547 303 -271 -420 -1589 -133 289 -931 383 158 -182 -693 328 71 -349 -547 192 -314 114 -958 -105 428 -154 865 -250 569 1360 -430 524 119 585 -125 210 470 -385 391 -515 -82 302 340 305 -839 -987 -104 860 468 -125 122 -295 -313 -394 984 85 324 -441 158 297 -805 562 1539 -58 -139 -300 670 -572 -84 -591 -179 -281 -1232 311 -425 35 -304 -52 94 414 -406 490 213 588 -121 857 -456 -129 
124 939 -350 259 -682 -86 70 -1216 999 609 -725 938 193 378 128 316 -1161 -71 535 -102 -805 -54 -1749 -629 54 -776 365 195 27 -18 914 -455 1351 -900 190 -1387 458 1086 298 -396 685 93 1049 -731 1050 428 -552 -428 591 892 579 -580 553 -259 -587 -531 -243 1159 -972 -588 571 -1112 454 -577 1131 924 -423 -464 890 627 -627 446 -158 -445 144 -1168 -47 -598 -1306 -242 -591 203 692 -477 1586 393 -215 241 -658 586 426 -236 -271 -983 -473 -702 -290 -316 -30 511 91 -188 -583 415 -405 -506 829 -331 44 152 124 -383 99 779 325 957 64 -173 -85 411 -3 748 753 71 343 -879 445 850 -1383 284 -12 406 -93 -547 -335 1905 485 -651 -667 -388 -250 -1046 -1022 1145 656 688 -134 -739 659 1002 -270 -361 -532 -191 -454 806 -64 -210 783 -211 -546 1160 900 -797 -657 99 -246 99 485 817 -382 542 292 -16 404 156 291 1015 348 -1254 465 -286 -37 194 -475 -83 -509 208 135 121 -61 -111 -1056 -394 -563 -518 -562 324 -1266 64 280 -3 888 -152 -221 170 827 -244 -1010 567 -1190 418 182 180 1012 -62 808 -384 -544 -517 30 -520 -85 -54 616 -1051 -586 116 -851 502 -422 -42 -341 23 -605 106 1008 -431 -322 -190 44 -312 80 -559 -155 -171 0 -217 3 -633 -486 480 153 -36 454 316 -511 -1108 -760 390 -17 -1032 866 321 -1099 778 -701 646 389 681 -336 238 -771 733 294 -504 503 -31 69 434 -479 201 -151 -1572 -348 411 -843 -19 673 381 221 582 535 -827 1805 268 1131 -74 -844 -637 
-1299 -384 -1533 663 -1232 -112 1293 -1096 1243 76 480 -250 221 -499 340 249 512 348 103 -28 -549 -623 -643 909 -375 495 275 120 391 141 39 -700 974 16 28 -280 363 481 -90 301 1219 337 83 632 -297 571 896 661 -892 -136 -476 1485 475 141 180 639 418 1021 -327 168 -308 1486 343 -326 -726 598 958 -915 -294 -442 1534 267 -1218 48 -184 481 -249 -590 587 248 -912 227 -547 -364 -483 446 -1099 654 -50 -591 -185 370 519 -353 282 736 159 316 765 -263 84 -859 851 16 1553 15 -215 -302 918 -1070 -567 -1206 464 956 609 -86 -454 727 64 750 -969 -332 425 -650 604 165 -827 -541 -9 -98 81 -1119 578 91 -158 -634 -538 -120 79 -298 -2501 -483 -2 -602 -823 1184 -419 -213 -658 968 -108 -1399 379 86 -106 176 -25 483 340 -1022 590 -183 -499 127 788 -854 -686 235 -733 914 -520 117 -1291 67 180 -474 -449 616 1304 -367 652 250 -475 731 -337 108 -459 357 945 -890 715 -486 -624 157 -877 318 216 468 -922 439 -596 563 222 670 35 581 1250 1231 601 -198 987 -1763 221 -624 267 840 1 1291 -1421 184 -50 1341 -899 -160 -345 74 792 509 783 -1273 14 1649 620 334 1 -373 92 780 456 1113 -1100 405 473 -743 869 477 1563 -500 -46 156 -617 189 -283 -32 -929 -394 -757 -1264 388 -739 603 294 -769 207 186 704 559 217 282 -742 105 -350 -320 -280 -233 109 -859 856 519 -375 -1173 -446 327 353 859 -300 99 477 376 -472 762 -387 411 -706 -791 -3 774 643 329 -715 
661 -486 107 1428 -404 667 -138 526 -127 778 -468 1284 1858 -750 -600 1093 205 378 428 317 924 -171 109 576 -964 6 1009 369 -1292 -301 201 -13 -416 -849 254 589 -1129 -642 -548 715 304 -529 -1125 -222 -753 -25 -974 -717 -31 -1094 -450 -641 -175 -91 -1060 143 -92 228 173 1757 384 85 -434 -770 24 -654 295 180 179 -863 -209 666 778 367 954 -1423 119 -1086 -867 754 216 246 -235 572 563 507 872 1110 -602 -672 -706 -596 -293 375 939 -1070 824 223 800 157 -563 -195 -524 1722 -78 878 -49 1140 -401 161 460 276 44 1051 1050 -347 469 -829 295 391 370 389 -341 -299 49 90 -1101 -730 895 -934 136 -1051 702 922 819 -509 518 316 -790 -312 678 -615 806 -815 -444 421 -417 204 863 -196 -63 -39 -619 -49 -250 -545 -355 146 -1000 1839 -676 31 -487 -402 -631 81 -275 -213 -384 -20 -96 48 497 -380 119 -540 261 269 584 -244 733 -265 1211 1056 -436 1014 451 1092 408 478 211 916 -314 -1482 -1086 1642 -322 -105 239 320 -392 -180 1095 -476 -774 -836 297 1298 -1232 736 120 267 -4 -349 -13 737 -964 -531 463 130 -256 1516 160 523 222 -453 -1038 70 -81 -723 -323 -31 -885 -811 -14 -516 -564 -691 -627 -1052 -135 -110 -330 -118 288 -460 617 150 -322 -797 -366 -214 -468 -296 -60 -592 -950 354 917 -397 -943 394 36 -131 -759 336 2138 -229 -130 759 -182 637 1457 -377 -586 -756 520 -654 124 -814 -417 1452 156 -197 -486 -24 320 161 20 -688 -886 1326 -430 843 508 376 575 419 -429 417 
-647 -601 202 431 1002 -323 769 203 166 912 -121 117 1329 -247 -649 -354 -156 -34 -780 -24 -248 23 82 -119 260 882 -385 317 459 -1368 -656 -1083 166 -254 472 -760 184 201 214 -961 974 308 227 -219 -458 317 -568 705 623 -404 -1030 80 313 -1366 155 280 -547 -1044 -488 322 633 -845 -1270 -226 -976 -885 -135 -171 -82 -291 -513 -728 -572 1618 617 -1016 -778 -1060 133 -47 -664 -828 100 -687 67 216 98 -235 838 1495 -650 -339 -975 -43 341 -1357 -221 502 788 778 44 112 -4 1133 401 250 294 -318 -18 408 1477 -57 10 926 -88 -82 417 -44 -492 -637 -1113 -922 116 -970 -464 -71 37 307 -53 1199 344 -1364 -301 -969 -921 462 916 -25 -888 -682 -406 -246 1546 -6 -133 -69 -71 -822 -176 -418 422 239 -576 -293 204 97 -159 448 147 447 120 -613 -700 -271 -757 -914 -506 824 -521 -307 381 -209 501 1074 -789 -11 -250 632 -59 -906 537 -17 837 408 953 -129 138 -396 -174 -473 -147 212 -402 -251 -552 26 -50 388 -94 887 200 52 840 435 1105 -1022 -493 208 -169 555 66 75 -1026 -246 -487 229 -1056 225 139 922 -328 546 -277 1204 -761 90 547 686 -536 93 169 -93 282 55 107 -679 323 132 254 559 376 359 32 328 -525 347 -565 -634 668 -443 1256 -440 776 -309 -157 758 -347 394 -632 880 79 -120 -917 207 -916 -595 -531 -93 1274 -848 -718 -372 8 1129 -462 357 -1 459 -359 -765 72 -404 639 -239 -138 140 715 -408 -38 339 351 144 -61 664 -481 -227 353 -110 3 441 
325 -952 348 -1132 -49 1249 607 943 -897 -34 210 223 62 797 892 724 376 108 66 -1226 -1121 -1015 -681 766 745 224 409 -296 253 1688 -25 123 -11 -702 -645 813 182 -855 -1053 622 -746 -103 -674 292 -11 121 246 -673 -1215 -446 1004 -302 473 377 304 -61 1139 -183 -59 -687 -1156 -351 -255 -238 866 1129 998 -156 325 23 1209 582 667 1062 1219 529 1032 77 212 971 468 -645 867 -880 560 -875 -809 436 409 176 -8 -474 -1392 215 623 -1183 469 -196 125 -471 -112 -675 1216 -196 17 -1043 -16 -748 241 -35 805 365 -462 98 102 180 -1014 -266 44 675 137 662 -46 -236 101 435 -734 -300 613 -80 -838 996 660 -274 -50 619 -423 -15 205 1205 302 -233 -785 -344 1754 485 274 -256 -1100 -75 129 -1482 602 -126 357 -1087 -563 -793 -692 29 402 527 -168 -73 -618 61 -22 -66 -760 239 393 -50 -98 238 164 -61 -321 68 -249 -411 -861 459 -659 486 17 947 -358 -424 527 -919 368 -100 -917 -203 -116 -880 30 1207 168 -1268 -903 -355 -550 -430 -587 -1318 -605 -433 221 -337 146 157 -435 -250 -341 -359 315 -281 -619 -566 -1201 -423 526 504 798 -1056 -127 484 1147 -255 672 869 1224 -211 74 -842 1047 243 1254 -71 -396 1732 813 -197 620 631 1201 -721 479 491 29 367 -1275 878 -33 125 54 -462 44 -1294 371 709 -164 528 371 1367 431 12 -364 1736 -667 581 160 913 -203 749 213 427 140 -296 -609 -434 -192 764 200 319 440 -41 -444 -192 -63 -665 142 216 -1294 -624 718 769 -812 652 
-515 127 -609 -1321 -341 -260 323 219 393 645 1069 -78 -608 267 183 613 1198 881 -25 -336 -137 -992 -117 -1281 902 -986 398 981 -796 -1434 -67 14 -180 -151 674 1393 414 141 861 972 595 -867 127 729 309 272 384 1466 -569 -153 982 924 -125 667 440 478 470 -181 -198 -71 -43 -407 527 9 -244 393 299 -310 1444 637 -149 -938 404 -281 -38 66 -969 -89 547 230 764 793 235 -1062 -210 976 147 382 -709 596 -460 -9 -995 -655 469 -232 -401 1414 189 -635 -638 922 -292 -623 -627 -927 533 171 61 -911 94 -595 -1542 70 -12 -1247 544 1459 429 613 -434 1109 -650 -168 1210 -490 1542 -58 696 1219 -267 1397 207 140 -818 -659 171 -363 1620 -491 232 -495 -661 -683 561 316 -691 -257 -203 -269 -156 -801 330 -357 796 -317 316 -1068 -348 270 455 631 -62 -501 159 490 1011 -490 -201 309 854 525 -90 803 -272 -351 572 155 -10 -620 -883 1032 -591 1397 38 737 796 556 -758 754 -732 1191 638 -478 -526 -167 -183 428 417 21 793 -175 -292 268 -202 -243 -662 -971 527 -765 -394 -253 716 -131 743 325 60 -941 381 -897 -672 -12 765 -1327 427 -248 -164 -526 -974 77 1170 991 391 684 259 -406 830 -849 708 768 -404 -158 -480 372 -867 626 -670 -210 -605 565 256 650 567 338 428 111 -915 -326 144 -883 44 104 521 438 -171 871 -363 -133 71 -223 771 1527 488 -291 721 -101 -407 499 -222 -1417 -147 -818 -11 -340 -650 696 518 -162 114 -681 -595 -40 266 437 293 26 291 -401 -462 240 
524 1 133 414 35 612 -420 -893 178 137 -482 -975 846 -421 640 494 778 640 -201 103 812 -397 -890 641 1483 -492 652 1473 -1070 -280 -27 191 -799 707 -664 104 -286 -562 98 1390 -7 15 -761 -1210 283 -24 592 -113 -655 78 364 297 1271 657 -1012 -180 17 1198 -272 -525 1108 -231 -274 -587 352 -775 -469 471 -474 464 -239 -747 3 493 -917 746 -298 -132 -347 -336 8 484 821 -4 -378 -688 48 -124 -109 -729 -649 -656 488 -591 -782 -610 257 825 878 24 -335 518 -766 135 -141 72 -230 -1949 -715 983 158 -495 -240 149 1209 -551 446 1103 -1555 -560 -30 359 727 -903 -148 -658 -5 219 -129 -376 -138 25 936 567 -15 -285 1392 -374 -112 -700 -23 -68 -453 -505 1470 -165 22 -618 -307 -741 1066 306 -4 1898 549 640 -556 -634 584 849 -1412 532 -173 -1498 555 397 -1033 1510 -9 1007 -216 -556 -861 1038 7 136 70 -673 -355 940 -530 -386 -228 -820 -877 83 437 503 -882 1413 -216 1163 -751 -180 -924 70 -62 504 -836 244 1086 568 979 -327 -617 904 81 -425 415 -672 -838 244 432 682 584 -332 354 -361 -508 -49 114 -659 411 62 276 1458 870 -710 -728 207 -741 -645 -640 373 71 -142 -335 -141 -524 755 542 -777 1622 -323 -1550 -678 73 -463 -1214 -166 -117 1549 -306 994 -269 -714 -810 -518 516 -837 -350 504 518 -206 702 466 -782 -522 461 163 -157 -289 -179 -199 1213 1085 -2 301 -53 -226 -129 30 -835 -971 -294 -875 -45 -1015 460 271 -557 -118 -387 -1005 295 433 548 -396 -1237 -53 
-669 -468 -596 -93 -266 -505 -742 1025 292 -472 460 108 -485 6 1073 580 -228 -293 -334 1087 371 468 461 -291 -450 1570 -292 -176 491 691 995 -176 -250 169 -669 -79 -1453 315 -1352 -1202 422 -1020 178 -632 385 -245 998 -76 8 337 554 -869 870 -122 535 -1372 987 -1042 -552 499 330 -135 -970 -313 245 159 47 354 497 -612 718 -170 367 565 -1109 340 -248 408 96 -36 468 -916 -798 9 8 -181 1657 52 265 513 -433 1540 -914 484 -107 -99 157 -759 -1157 -715 -232 254 -1120 863 305 -1032 -287 368 1362 682 -222 -473 1441 -395 -320 222 -683 734 427 430 80 -115 246 -25 -839 -769 339 132 -105 -1307 612 642 133 488 139 -706 83 555 883 -144 561 -1432 799 -91 -579 -212 15 464 963 -195 -692 7 -81 -359 92 456 241 -604 -1147 -28 -349 533 289 647 787 -1486 565 -733 659 -733 -702 -435 402 87 -304 -4 -77 442 147 -225 1296 713 -424 61 339 -1031 -66 -343 -63 251 922 884 90 672 859 140 -720 650 -1154 127 350 -682 468 337 387 151 185 -1494 -1685 531 752 -134 -742 846 -653 542 754 -60 571 287 1654 -367 -68 -794 110 762 -716 374 -133 -407 599 105 859 -278 -155 30 -741 783 869 889 -106 908 -106 -195 -437 -63 -1063 -1031 -394 -145 -590 -356 293 -331 1389 158 1740 181 275 931 490 -375 302 -573 1425 -622 583 -580 527 818 -897 -737 615 -485 85 978 187 197 574 -708 1100 1063 -536 -975 353 601 -868 699 180 305 778 -778 -623 -79 307 -303 23 530 783 -906 
-325 486 717 858 -531 1023 -384 1033 -756 -476 531 945 393 485 261 659 1214 -48 -284 567 704 1091 -405 -265 -1396 52 1263 -54 608 -815 -160 -168 51 -344 -686 262 495 -398 -202 -360 -549 -373 -254 -8 -708 544 -874 -259 -1049 -665 62 -741 122 403 -231 882 587 347 -310 330 -611 223 1014 258 -816 -140 -481 714 838 -708 881 729 -344 -961 1693 34 184 -510 606 2035 -103 -1140 44 -237 -824 81 1001 -544 321 672 567 1423 -964 152 1553 -894 -86 -541 720 246 198 -823 815 984 -232 -1093 677 -115 418 411 364 393 -1142 -161 980 -1148 353 -466 256 871 182 995 263 970 509 667 570 -459 89 -765 577 38 104 -270 -5 585 783 -11 222 -62 111 -478 1161 -304 -508 -965 19 -529 144 -1090 -405 -1318 418 885 738 -328 564 1055 -1771 -876 763 -280 115 275 380 224 -439 -1439 -267 109 354 21 -41 87 110 301 843 219 -62 244 146 582 830 -708 -772 897 132 13 382 -1336 -57 -28 745 -623 40 653 161 -103 291 648 74 -1042 -1107 -1243 232 -271 -547 435 89 93 -658 -174 -487 -743 41 250 -78 -797 -775 588 537 -258 55 -161 -1124 -767 -230 698 -141 615 760 -170 -474 664 1158 819 -39 304 591 -783 -42 -150 90 226 -283 -1074 -20 63 -135 781 353 -792 14 -629 560 280 1048 -166 -370 201 236 407 -367 855 -1137 308 530 -381 1162 207 -650 55 862 569 617 -1241 1921 357 246 1124 924 -59 246 125 -237 -142 209 -339 -150 -1017 -992 1068 -416 168 -142 -563 -668 -122 -493 220 
32 -256 -717 -450 -15 -200 -330 737 -536 -27 404 275 -957 1322 26 -833 -325 341 92 -105 -756 -152 -1439 1306 -139 642 337 -1508 264 -976 999 -648 -228 -358 -502 355 -771 923 -17 -493 745 458 -208 -526 479 -297 59 777 -670 -44 -102 -280 511 64 1862 57 256 526 153 -1100 180 -55 -449 -421 -456 -810 352 -180 -289 -551 -18 -301 351 -111 354 316 790 573 -880 -716 79 -946 32 -703 626 65 76 -356 -733 -399 152 380 -1172 -814 -283 -686 767 -268 499 -418 -851 382 116 -1132 446 -796 53 726 -1686 -518 -899 -323 -961 -726 707 -226 781 392 -578 322 -627 523 269 343 90 -180 462 -752 -679 1555 1061 -347 -138 -1481 16 549 547 82 -454 -870 -536 -176 -856 666 -61 -114 28 -312 519 -439 -309 1126 1046 197 -369 -531 -1147 -577 519 -293 356 -65 -253 -309 647 132 -915 -529 1149 -1523 -336 343 -999 -94 522 -297 706 -889 244 986 -1053 347 -109 572 258 69 -972 -865 221 -835 262 1257 185 51 -540 444 218 532 -166 519 451 -231 98 286 350 209 -758 -378 -717 -560 -591 83 806 385 67 637 737 -207 -1141 -306 -726 -472 -444 142 -16 84 295 619 224 -351 1094 144 -274 -439 244 -366 104 1439 -519 366 -786 711 -188 476 1288 1014 -64 -152 415 -274 -215 -478 501 -392 1196 -501 -40 -148 281 988 231 -367 345 -547 428 831 -964 1051 -487 301 -56 956 292 -672 162 701 473 -472 268 755 582 -69 -1157 -803 -336 -30 -368 -729 -206 149 -276 -484 -88 476 -646 822 -321 797 -182 -410 
526 -609 411 -670 113 718 704 -316 610 -940 195 -86 -1016 236 -176 558 1038 58 -980 459 -732 -534 -1547 -823 604 99 1022 -9 829 -778 -783 403 780 583 -1480 -63 -108 -197 -204 -108 -442 -381 231 -1535 414 207 764 -573 1163 232 -251 162 509 -583 -505 -75 807 -756 146 -631 -199 -168 -727 -110 1147 597 244 -1341 959 -724 -1605 252 147 256 257 515 304 -651 -268 155 -478 109 325 369 -888 197 547 -370 2010 -26 -95 990 -675 386 -594 -35 670 -2 -39 109 354 -1080 -733 427 -120 -72 -180 -645 254 -405 640 879 -26 -199 1038 -370 813 88 1558 245 96 792 -894 -297 546 303 1293 48 -363 -853 576 693 -232 -267 381 760 -394 -961 518 -559 -445 621 -220 -351 -613 -541 68 -699 817 -26 -564 100 -1079 -467 -65 687 789 516 -638 101 869 -698 -244 1256 1402 68 -619 -293 889 -92 376 56 -807 -843 563 -852 -659 912 -295 473 154 540 -133 31 342 -430 -41 1054 -141 -887 -1427 -110 -938 715 350 -988 359 -364 408 -153 226 -869 -424 -1498 871 1149 475 1026 -1764 637 -519 700 -369 475 -143 -133 453 -334 -325 -848 882 151 629 481 -142 -174 1149 -281 -944 934 586 -240 132 290 114 -669 377 913 -297 -54 273 387 -642 296 -515 -417 423 562 -7 -83 973 -426 -1171 -399 811 637 614 239 1026 1190 65 -582 30 52 166 315 -176 -623 525 -5 401 -894 685 -337 -496 -1389 803 -615 -428 22 -994 441 587 -469 -855 1594 140 1163 1000 329 1062 -402 864 328 -341 799 545 552 157 -245 
-600 169 -371 -466 775 1011 -499 225 -699 44 -75 732 -307 -1157 107 -8 -297 -71 -610 173 105 -639 666 598 -329 447 -184 -93 -1446 1130 32 726 546 593 -846 212 99 -136 -906 -759 -580 939 -42 -561 1334 955 57 -367 607 357 -561 -48 1134 -111 -340 205 -214 -82 -650 583 431 405 366 -431 1091 -444 -894 921 827 538 707 710 166 -520 -702 -388 498 114 -1123 952 268 -221 -13 44 -334 966 -161 -456 339 394 1154 -607 -808 39 -162 753 323 234 -106 690 633 909 144 109 -475 639 622 216 -198 -1527 360 -625 -460 10 1262 1144 -442 356 456 820 647 827 467 233 -1358 -603 -239 592 -781 149 -650 698 79 -289 -80 648 672 111 -220 -150 758 728 96 1090 439 849 -1517 1024 -356 357 822 -866 -531 -825 -732 -778 -262 104 -556 -444 -19 -638 -185 284 -46 -667 -341 -373 -725 1490 284 234 457 -857 585 -516 -66 -40 -706 -49 358 266 46 -2223 408 -299 100 184 809 -1757 934 -118 73 -433 -906 981 -6 -507 -500 758 -1157 114 148 214 -554 -191 777 -102 280 1021 -1169 1057 1165 148 304 643 332 -1173 243 -167 303 29 1234 -159 474 -232 -212 7 61 -669 740 -387 -397 -318 -835 -380 760 171 -1007 -445 447 -337 -835 -589 781 135 641 -108 -42 -42 22 -505 273 97 -19 -1188 -15 866 -1003 963 -560 426 -355 -420 -878 36 450 14 -352 761 -495 -97 770 527 1045 -41 -300 -39 337 793 -825 -571 -851 -903 -150 -225 459 -215 172 827 -86 438 -493 -1112 319 -89 949 460 111 54 
529 -19 839 203 -614 747 498 325 481 -1792 -789 -292 -468 -160 -157 474 -651 -152 540 307 -461 -705 246 564 822 -60 -161 685 98 530 -47 1180 339 349 -1001 -860 119 232 -319 -366 296 559 -89 -265 626 -316 2 -380 27 1366 -932 -315 9 108 191 179 126 157 575 -670 -581 537 -368 570 933 328 363 60 -277 213 -594 -138 -875 352 -1031 1159 -33 -635 -410 270 -7 -273 -405 471 -5 1040 732 252 784 -289 -293 -975 -719 -4 -316 385 298 973 -201 897 810 198 -230 -247 -949 732 327 -209 235 992 -94 49 1122 925 61 -297 417 164 624 638 -815 830 -189 -174 1288 -662 -67 -84 60 -594 -747 -72 -91 -282 -168 -501 -330 -894 -33 -324 -198 148 915 -1030 -939 395 175 -288 -509 256 -1141 -1793 -106 310 -169 -1188 -113 428 112 325 -371 -414 -14 -178 161 -234 1197 148 -402 -602 -978 -883 -693 1584 14 -78 207 917 -394 1710 1050 -160 -247 949 539 -402 -582 747 145 -551 -1187 693 20 549 635 651 -174 -925 -1072 -766 -836 -748 108 -866 -22 475 930 129 -715 -755 308 1260 48 -976 213 -290 330 -479 -180 -201 547 146 73 322 132 628 -189 432 -363 1089 655 -260 983 -624 883 84 -492 -586 372 252 -407 367 1209 -19 128 -462 -254 -706 352 -212 -217 -529 66 223 -148 462 556 1052 928 -180 -956 316 83 697 -210 -596 554 -24 1703 1668 717 442 -352 -483 1008 -662 461 -911 -530 -582 -505 721 -354 803 -633 210 -1130 1156 -98 -757 569 -196 35 -581 403 1092 497 1033 -218 507 
809 159 -491 36 692 -230 -854 -990 452 -683 -983 -336 -67 50 -711 1504 971 -792 481 -680 671 -268 -576 1154 -843 1128 -751 159 216 1042 -333 603 -916 -39 -485 209 269 -140 -23 976 894 338 -648 -620 68 -874 -492 1203 850 -313 -179 130 -1077 249 -14 -559 208 713 84 244 -702 1140 52 1383 -791 -843 -637 994 -287 -245 -128 576 475 -453 -1084 102 -870 158 -136 157 870 -227 -970 -358 -58 -679 -314 -1358 -673 -639 507 -1364 565 -13 32 -157 -116 662 42 291 -666 720 540 -341 -552 173 355 1252 -900 -377 -198 185 895 -307 224 -690 -131 51 538 -157 889 -1097 946 -2 -456 -857 -1183 681 385 158 -292 36 682 331 -371 -428 842 531 -463 152 -1233 -40 52 -156 858 -564 1149 341 91 -223 -1027 1165 -444 666 -931 97 756 -40 -1262 -36 246 1332 -129 1897 -95 -302 -1290 -354 -276 576 -389 89 1695 -1012 392 1236 827 -800 -161 1221 -309 -83 470 2 100 62 346 -514 -1184 998 -336 -93 99 -37 749 602 236 434 223 218 65 1239 -88 293 -480 -540 -314 -562 498 -777 -243 -316 -823 426 411 401 -508 824 -382 281 -2024 342 -783 826 415 1301 923 -305 -351 -522 244 458 1210 -384 -646 -621 297 -964 -1239 -649 -71 -48 23 340 -4 -132 -400 -217 324 -728 -624 245 -364 444 -208 2184 166 1689 -565 1068 -897 -1301 -39 -783 868 291 280 324 -184 1568 974 -999 435 -1525 809 615 -279 212 179 205 -99 -921 -579 385 419 -670 885 -1634 -172 2 -402 -68 -491 339 917 943 755 846 1386 -783 
-58 -627 -313 723 -432 1374 -135 274 -71 -1094 933 399 1004 121 229 1079 -339 -325 -1334 301 769 46 -234 -168 -853 -618 578 68 1062 183 313 701 -143 -843 271 -555 380 -162 323 -472 418 -172 124 -403 -620 669 4 575 1017 259 -227 -431 -467 62 -171 130 1195 740 306 -506 221 -435 135 366 -1029 567 616 919 515 -132 427 -435 581 -589 707 598 98 256 -495 -400 -172 -647 968 678 796 128 -423 107 -40 226 -849 598 813 -22 606 -573 -590 22 839 766 41 -191 -1144 -385 801 -1736 310 -352 -158 -855 1731 -45 383 341 369 408 -1105 1340 291 -114 -354 -1270 27 -219 -540 -472 528 -814 -1222 -901 -445 645 694 -377 -605 277 727 331 390 -197 1169 136 64 -150 382 -904 -124 125 597 202 -1180 796 -121 -193 -98 -25 705 -807 379 -916 380 -225 283 1516 392 -453 -595 488 -713 -760 -250 -522 237 -123 -202 -230 228 572 577 1370 580 852 287 -888 -297 883 -887 129 -961 -758 785 -139 331 -211 -43 -101 -506 690 672 543 -70 475 532 -391 64 -309 840 773 40 361 55 62 -39 -722 -409 -580 55 594 463 50 453 -601 -283 1490 -529 407 -1127 -173 114 -1787 83 -237 -311 -543 893 491 899 -94 -101 -780 35 -1230 337 -747 1857 -850 152 -217 851 627 -1109 -404 -974 1099 -173 -34 691 241 712 200 263 -764 -683 -4 474 -254 592 -943 623 -264 -362 2075 -341 -192 -673 499 -296 -848 -195 450 -625 448 634 -477 -1005 161 -677 -466 99 -252 -383 196 1005 -702 688 132 -51 310 391 -378 
-373 37 -659 442 -1120 263 -827 -501 515 -703 291 222 -634 -2 60 -309 -634 -326 175 976 139 743 411 576 -448 -287 -631 274 188 -178 -518 -774 184 974 1310 83 365 365 -285 474 655 756 -854 1620 218 -32 339 814 -1054 260 234 684 68 -743 -100 -708 -153 -566 681 -120 806 280 -974 -1385 -195 -327 -1702 -402 144 -53 145 -413 -842 39 18 656 -523 614 781 26 -395 408 -611 -972 -261 -298 554 178 -367 750 -418 936 -580 167 277 451 -1050 1790 1204 384 -90 226 1364 -209 229 161 -627 -421 92 841 900 -837 -1150 -4 1247 81 -396 434 664 -919 -633 -255 -339 -647 -140 1038 637 29 -12 569 -142 -1071 -535 -40 101 148 -233 -201 162 -454 -386 360 -153 -343 68 -1140 988 -377 179 -428 304 853 323 -314 592 794 -861 467 1688 89 161 227 -5 193 -403 383 1108 552 38 -1029 -322 299 -554 336 -876 293 -596 312 529 -90 -27 -426 -586 54 -845 286 848 -153 -45 330 410 1178 1618 -8 -199 860 -889 -381 939 232 879 91 507 -449 661 192 -922 840 383 -443 -764 -345 1249 154 -595 -1501 634 203 97 -1003 -159 949 -459 -534 -252 409 801 -221 481 -48 -544 391 -1356 1128 -137 -225 155 -633 -19 626 -909 -972 473 -13 -821 -253 -703 598 -166 -9 574 173 160 -288 208 102 -852 -1189 -374 903 1042 93 165 688 462 173 -801 943 -286 667 391 -67 -677 172 468 94 595 124 771 132 824 -551 576 -1324 -378 -62 -582 -167 1048 519 -48 232 388 731 -638 408 -984 -2041 -635 256 
-775 -456 -73 232 -15 1041 403 88 16 -220 454 -292 173 -356 -565 -297 638 -326 359 792 -263 310 1474 -959 -233 -293 951 333 -848 275 -139 -321 163 -566 119 -417 303 406 78 428 57 991 283 -1654 654 -1169 732 857 -612 -49 458 126 -24 -545 -259 -311 57 -99 397 1407 -222 -619 -834 -509 257 87 297 -305 80 -742 -417 1165 107 -430 47 14 -590 -586 668 371 -47 -444 -499 376 -622 176 349 -170 85 565 284 775 -389 -63 -83 -266 437 -364 -80 -1551 210 295 -484 1291 271 -1388 771 346 1092 -149 1485 471 205 -732 -128 501 275 74 -1310 532 1065 627 -887 -800 -880 -158 516 431 -786 -671 490 -480 -77 575 110 308 324 84 -313 768 778 -183 565 -940 283 418 319 -49 124 1965 695 112 371 132 727 1381 -101 -1286 -347 144 656 -518 503 1277 -1353 64 -1006 828 7 626 -981 250 -408 819 390 -12 901 653 654 -517 -181 -160 420 -490 -64 -394 -483 -103 -1032 83 56 -247 -751 -684 -675 620 -381 -1001 969 905 122 -799 595 903 136 -116 -535 216 364 681 -366 -1003 -446 263 290 104 -826 -348 1296 -327 -304 -964 353 -217 332 -672 -771 -449 -1057 284 -749 -98 277 665 592 358 -208 1105 654 1038 -4 226 -542 515 -241 335 573 37 -86 722 452 225 826 -176 778 699 -577 528 261 455 -287 -1137 -977 -928 372 255 275 33 -295 -565 1570 -899 -277 1174 127 457 -1136 1072 -37 -1071 802 -266 833 1206 -378 764 147 270 -263 770 -505 -683 406 -333 -560 246 -1538 -161 -173 -631 
-202 -310 -1084 768 -379 -98 19 -761 263 81 -1308 -234 -339 111 1381 408 -172 350 -165 -1053 -397 -918 842 971 -351 476 57 78 -746 -603 1056 -1387 1293 1059 441 -767 -47 -424 -77 840 -834 -312 143 207 520 -382 -499 -337 -1488 267 127 -593 780 634 -10 963 -577 -1085 -434 -63 1066 -489 -533 9 726 13 952 273 174 610 89 211 19 -696 835 -272 258 -607 536 -362 928 -706 1396 -801 364 -35 1269 -982 -42 -409 -413 91 -534 -329 805 1072 -91 131 77 -365 -563 -661 -85 568 337 -810 -419 -1163 -673 -479 1104 143 -483 -565 -128 258 -499 434 -447 235 45 94 -388 -95 -501 -395 -172 -632 1822 -461 -751 -509 257 -289 -423 951 -478 -593 665 1017 1168 632 -632 -1008 -703 -1411 -882 1044 1298 -378 395 -928 57 166 590 1222 -153 -769 990 465 384 -352 281 -1149 390 -165 322 -338 77 681 807 1723 -671 -279 -430 1271 -1088 -1253 -616 -147 -1096 -867 -221 -134 -925 -872 1147 141 443 752 -226 -461 -664 599 458 -521 501 1675 -698 310 292 36 -1050 -19 -329 -4 -832 -480 2 90 -787 803 -16 1934 177 564 1090 -707 469 184 321 -304 -632 78 -550 -172 152 -162 -60 -150 -1283 -1043 -518 635 103 -110 692 493 682 -796 -739 894 -277 70 -101 -453 -64 -299 -461 -219 -166 83 -526 -301 -360 -433 -1582 1095 686 65 846 -820 -1008 -451 793 335 -305 281 -330 -515 259 -384 1526 804 -716 -239 -978 1037 -519 -117 -645 -615 148 -481 -322 -159 -887 -663 412 478 -836 63 -56 136 -3 -171 1653 -224 -1371 301 
-1079 -669 -424 201 -527 365 754 831 1054 578 180 -692 -1066 -64 251 -596 392 -445 -1077 -743 -451 370 -506 -140 1109 -480 1027 -300 667 -73 -290 -125 430 1442 -867 -768 -97 -442 460 -531 491 -719 -566 482 -320 285 -1094 -93 -675 -665 189 89 -274 -641 699 -779 -454 290 -120 440 -653 -627 -515 -762 -238 390 -10 760 -786 891 721 523 468 480 283 1015 386 585 -252 182 -174 -398 8 -544 164 280 309 -202 -431 -303 -694 -177 428 -122 -660 380 -519 -586 -574 706 105 -485 -1047 841 500 351 -327 -720 -518 883 -68 -631 -275 -893 1101 -197 663 -1093 -423 406 562 992 -64 108 700 -90 -16 -1242 170 471 -293 -266 -89 -848 10 -224 -308 -347 107 -451 398 445 -487 730 179 62 444 -1432 154 438 370 1303 620 -194 -1174 -559 562 -883 332 20 -99 206 -1328 565 11 -423 636 74 -1274 -9 -11 1047 -460 319 306 -514 -1007 -182 157 -271 115 220 -1048 65 845 -421 635 -212 -328 159 -636 -855 -678 915 600 136 608 244 12 -1034 -232 816 973 -58 850 854 -1577 -439 -1075 -524 804 220 -920 -673 -31 737 166 421 342 -1580 -1217 189 -240 -1158 -83 60 648 267 -877 160 678 -395 807 144 -1000 -875 -812 837 -863 293 -395 974 -87 -486 693 1183 -575 -239 1255 -481 -283 421 -1176 29 -941 108 122 -94 541 288 832 -192 -723 297 -113 -506 -405 191 -320 -594 -235 338 -311 -1243 378 724 -405 -286 147 -658 947 397 -1263 -426 -22 168 202 -498 -99 441 191 171 543 64 -453 587 1153 1654 -300 814 
-802 437 392 263 -568 -331 -350 451 -1020 403 -580 364 -947 56 -577 -1610 -419 224 475 -442 -367 446 611 -288 297 -868 648 737 -16 -262 -23 188 -138 -136 -397 923 -1120 300 458 32 1566 -55 -1257 537 812 589 311 946 -1681 -131 697 206 -653 -434 80 7 -284 -255 -202 -309 -609 583 -494 206 95 -261 798 -342 -236 -401 921 -429 311 -58 95 -148 922 7 495 -339 -783 164 890 -346 217 152 -96 284 -164 157 -805 -70 -123 -255 -793 -291 -305 1471 168 919 517 133 -592 -123 10 -602 -437 380 275 -705 50 -298 254 627 951 427 281 -657 -237 158 552 719 -568 -119 -232 -288 -270 -1338 -16 626 186 16 -726 -569 713 469 344 387 606 -131 -546 498 -376 -326 162 502 -567 -818 -589 -239 203 922 245 182 98 957 7 -777 -389 482 -173 294 -615 -178 1088 -948 -191 -621 701 929 737 366 -117 301 -879 -39 -199 223 90 -1146 -38 112 711 -89 -47 0 1144 555 -219 -294 -628 61 63 -226 -84 9 -110 491 664 -9 101 400 -49 520 -476 -673 -140 653 125 -115 378 -455 421 -287 711 -653 -1243 83 -1050 -189 -62 -294 -779 -467 501 -501 -346 1440 -19 508 -604 598 -503 -219 -172 -1663 -715 -424 -88 72 -173 258 -905 580 178 -7 469 -824 999 -501 -314 124 -207 863 -982 340 11 12 620 358 393 -744 -948 680 -337 510 -53 -404 1691 156 550 -696 -734 192 876 719 -306 -511 -99 599 944 -220 -984 397 -190 1218 410 644 -544 -11 66 219 -86 632 46 -891 393 410 878 529 
1107 -909 -170 551 81 -89 -170 -382 -844 -1353 -86 -168 -464 944 220 756 -594 236 -17 -970 1213 -87 -417 533 -328 -1044 688 276 -903 -369 -1080 144 673 -65 -386 -38 -768 397 824 -479 939 934 1138 -650 132 768 538 231 333 373 -953 -238 -137 696 599 -600 -138 356 -292 -374 -113 453 869 -361 262 980 630 -261 -58 1573 723 516 -466 -1407 300 -698 415 874 105 627 -321 -1503 334 610 834 -953 -806 -940 1014 -113 529 513 256 775 948 938 930 -290 -523 -295 -933 119 -811 749 245 -1376 415 -6 229 257 -485 -478 562 797 -707 351 -107 479 -214 567 393 269 -172 -405 -166 463 91 -432 -880 91 -22 521 72 491 -386 99 381 318 104 1324 -374 223 -647 -544 283 -987 177 81 -182 1074 896 1547 768 643 525 537 -116 1873 -168 307 -175 735 709 619 841 -619 220 249 407 309 392 421 -792 165 -287 -871 415 1530 1262 19 689 -363 194 13 59 111 -476 444 -465 107 -641 -361 -159 584 579 397 324 427 249 -173 95 -802 -117 -910 -523 -31 -771 359 434 -500 -230 -335 -1366 19 -617 1279 -306 795 943 -711 -74 61 -118 -629 -1377 36 -1311 694 -370 -444 -443 1069 -736 465 18 -313 -263 -673 228 -514 712 212 -1810 -47 -172 -490 2 366 1327 -179 -196 -207 575 450 -115 -1172 158 -415 -971 -768 703 644 40 -455 935 434 -424 -632 -74 -922 -735 -248 -202 474 879 78 1075 -715 1190 577 457 -1035 445 -181 419 1680 838 -1187 905 -513 -335 58 466 820 -692 -648 -750 950 1318 -127 
1565 636 371 -1064 -1145 -257 -604 -849 -975 -2 439 -354 2 -206 -31 -217 284 559 -660 812 -603 -835 -279 -804 421 683 38 138 -823 -1094 -396 243 337 -163 1430 781 -429 -98 450 17 166 -1146 141 -460 -80 10 -830 -457 950 35 225 48 1047 565 -990 -133 169 -463 -1499 450 -328 273 -688 525 -221 -356 -1187 438 -636 286 254 -1026 -1142 864 -433 -759 -649 -169 -117 169 -414 490 -422 -122 -96 -209 -304 104 -683 730 228 570 786 -56 -357 428 -249 -22 365 120 444 -1158 229 576 -1599 -734 -930 -314 -274 -175 -116 250 -223 -233 -217 147 426 -377 -251 188 1587 929 893 427 -127 -705 -717 131 49 -178 477 782 149 1251 588 -155 -60 -10 -33 -682 568 -100 162 -452 -102 -433 717 454 -1142 -1987 206 213 257 659 671 290 -428 309 716 -795 -1223 619 416 -116 883 977 1134 -434 478 24 308 296 -481 -66 1384 -375 -463 -612 -243 444 631 541 327 9 -572 770 24 -178 -28 368 -209 195 -115 118 -631 131 394 338 117 -88 -300 519 676 227 7 246 -123 -1515 -399 -148 364 -261 -694 -629 83 -57 -48 -921 -473 -1034 687 194 -825 -791 816 -612 506 -611 244 1231 -1209 -597 -749 -72 -70 -349 -507 -1 72 199 -169 -1324 266 -663 -150 803 495 -520 -440 -566 -760 -270 306 770 -250 740 -18 -335 385 -532 -1728 1183 482 -451 -820 -618 -737 -92 93 682 430 296 921 303 655 -210 329 -466 482 -2098 333 -94 270 666 220 -803 -422 355 -25 200 -603 -340 -1282 645 -56 -787 567 -1199 -710 315 
-228 6 664 1077 -49 -436 900 -174 769 -158 732 837 -112 333 827 983 -159 51 -71 -304 468 618 471 38 1018 1123 653 506 -200 -930 -691 -369 402 315 -167 53 -992 -326 410 -520 439 -11 130 -765 -587 -717 -91 757 714 56 -935 -281 969 -376 240 1067 907 23 -969 -407 -779 -401 68 -996 -1282 -838 -372 127 817 -237 257 -90 -579 -200 850 -209 -660 462 -931 -377 -1022 -334 402 -103 -265 107 -212 -971 -1122 220 -801 1149 -304 -224 216 508 -936 127 313 908 -437 -814 -428 -381 163 -578 879 660 -1200 713 -585 -1266 -827 -982 554 -513 848 655 -515 -375 -139 -412 -976 -724 94 -112 -469 -603 -357 349 229 -554 -899 -814 892 1022 680 414 -642 248 279 631 107 -405 -89 928 848 471 77 150 -266 1553 775 533 -119 -350 375 -345 468 -804 678 1238 -727 -9 -646 470 -330 -303 -743 -636 84 -1114 -973 775 -664 67 161 -1358 -573 865 -292 609 -475 -418 1904 988 -312 -688 -1214 52 118 814 -70 290 -353 -341 -669 -442 100 844 629 158 592 705 -181 35 -1533 -1479 -39 -279 -539 -827 76 -1402 507 421 -32 66 13 -529 -885 -569 -584 1347 -369 492 -438 -1144 -357 1481 565 -1082 389 -368 878 -323 -384 1164 101 65 -337 -969 576 -82 1171 -488 -749 -406 -84 -21 386 -455 -825 -1014 -497 40 120 -784 -1022 -264 -136 -1043 151 -606 199 74 -898 -1108 -95 -287 396 -211 468 280 -631 764 1088 -316 -42 -342 -980 309 335 520 -1033 219 -216 331 221 -631 -381 490 -1003 610 -1025 359 -143 215 -80 151 
861 -28 -1147 -437 -802 539 702 1338 416 849 691 -20 -1258 1454 339 -812 1047 -1059 1575 -292 969 344 -848 317 499 -1318 -888 145 88 1203 -764 169 -67 -657 -54 973 16 -386 -806 691 -74 443 591 151 598 -492 102 928 1 193 -148 -656 483 -445 -453 -1116 -312 514 -67 -447 475 528 451 260 -223 -121 1004 644 112 -69 -465 -1506 295 -1008 -399 -925 -1444 15 1370 -400 -667 559 -747 -1028 -52 -1151 -321 939 202 -662 -388 -115 343 -1387 -164 -44 -1372 135 -1231 308 439 637 304 -815 334 1312 -215 191 816 -665 -139 -183 -364 -212 -937 -366 397 -309 348 -266 -180 304 -201 -262 595 112 743 891 660 785 83 1152 -957 -237 -1096 -499 -183 -438 -1120 -770 -279 1016 -731 -382 -303 -508 -407 -323 415 -803 -1110 -631 -393 -376 -1311 445 -113 357 -211 803 -2 552 47 -260 -765 272 -4 -362 604 162 20 605 890 -383 -430 357 1201 1161 591 224 760 -1267 181 695 510 594 -59 18 203 241 511 779 105 -609 897 -71 802 -59 129 -24 138 320 -375 371 55 38 -98 259 -1900 -611 -303 86 -54 163 -42 -247 -205 772 -86 -1089 134 539 107 -1215 1125 -917 -621 -513 86 1051 -661 149 -905 260 -464 1054 694 -1288 314 -10 619 81 -821 596 -1312 -687 895 -222 262 236 759 767 611 297 878 -49 -97 -54 -212 196 -528 228 1117 -458 -650 -405 116 -1012 743 1076 -462 7 -135 269 -760 -128 -85 446 -969 368 59 786 -12 -149 503 -1235 -403 -453 -1240 -402 899 -133 171 -691 864 -220 -324 244 92 -417 
205 -116 -47 1236 57 127 -306 -12 -240 -171 776 843 -548 -389 -27 948 -233 196 -710 976 617 -168 -483 -738 -883 967 -18 148 -60 -27 193 -705 626 -1199 485 -190 -96 44 -918 201 -1064 -455 176 -280 583 -862 -783 616 69 -1059 -35 19 -637 -253 8 77 -500 -279 589 782 687 95 -405 355 -953 -1512 1296 516 368 -701 370 589 1301 517 1506 -228 472 -301 -301 684 -180 475 -709 -381 1056 -520 335 231 -569 -1106 716 1137 360 448 -236 -717 314 -672 1279 285 -1006 1477 -802 802 312 534 381 852 1072 -1246 449 -740 -1289 273 832 -689 97 239 940 119 -1016 -533 664 601 322 736 162 730 -270 283 636 278 690 573 -276 731 -400 288 332 -1422 58 816 1147 -487 -304 326 516 56 409 287 -988 -203 185 -9 94 302 966 -96 -255 -824 808 158 185 88 -109 -646 94 546 -85 98 359 1396 -31 -453 316 -356 183 -655 377 530 8 -608 177 784 1256 772 -464 7 9 -656 -225 -448 -709 -114 -28 562 -230 -638 845 486 -701 -159 877 -345 523 -203 860 1189 -795 -508 -713 -978 -294 -536 55 -261 483 785 -629 984 264 105 -950 1432 -694 631 -350 29 -317 -753 517 9 -679 -1165 894 737 638 -58 878 -74 -808 953 -598 282 305 288 363 61 629 652 26 -1336 -479 -75 239 -160 39 -21 -479 -91 -374 -457 1426 -115 412 -810 237 387 -600 -266 -781 -476 370 259 -1163 33 -144 33 -633 -97 -199 -179 -58 -381 -205 98 1300 -25 368 976 -929 515 107 -409 170 931 260 164 1279 -369 
69 -151 -351 -304 -436 114 1091 -469 -732 -291 330 -766 378 -345 -1397 -967 -617 -169 650 -93 1232 302 -145 33 -541 -21 -93 176 9 380 -36 101 486 643 1526 167 970 83 640 -310 360 480 683 -456 595 -19 262 448 1112 580 705 414 -356 -251 -1231 -739 -1016 1066 -244 589 548 204 707 14 348 192 947 195 -200 127 -298 238 279 588 -54 -1263 -250 -560 -785 537 -132 126 -40 -188 581 131 274 -1110 -1032 -568 199 -151 212 -325 741 175 223 0 -110 -611 549 812 0 358 -506 401 -493 670 938 -733 1042 757 421 577 -65 510 -1009 -976 690 403 1035 178 156 -244 -1277 -8 239 521 -599 412 363 670 -333 1376 -995 -622 -618 126 -341 71 494 -745 -609 26 -791 636 -205 477 -559 863 -109 493 -207 -136 -157 910 -118 343 -968 1005 -753 -343 -229 -545 18 -899 -374 -230 -254 -100 -40 75 953 368 -615 152 105 1383 200 -897 589 -631 -355 -525 472 -282 187 192 -308 510 -41 -338 -382 -731 772 1007 -659 326 -524 1769 -22 956 306 -265 -229 392 -62 120 1075 338 -239 26 -849 -771 1153 -32 -145 319 704 -663 105 -498 -358 -665 -318 -223 179 -68 692 271 -90 -160 -766 122 -1133 -1425 -161 165 747 -1172 -1081 -739 -7 -737 660 73 -123 -661 220 -310 -846 1132 -266 -2 -591 -174 -183 -212 -816 -489 -1577 -916 322 -473 -1198 167 1248 1411 -1617 -436 593 -843 -573 -556 1225 247 -106 -1042 -996 627 521 566 -189 273 232 -422 1629 -36 -797 70 371 -69 -549 17 959 -268 1214 -510 382 -38 
797 -243 -218 571 -34 758 95 -168 37 1176 343 -371 542 -148 957 998 -368 -275 -1404 351 -47 672 101 -854 -866 654 415 402 86 -475 233 586 693 530 258 -586 24 88 777 -161 210 -174 -449 519 -487 -45 201 -391 -296 70 237 1529 -288 -71 -942 -401 363 108 19 -409 847 59 316 -20 -266 1323 -246 1450 986 365 1430 -310 -62 921 -850 -372 724 175 -561 -11 -914 -520 -470 -939 -223 394 211 -520 -503 218 593 1081 -907 760 -534 37 -1181 -855 -1326 -590 79 519 206 59 510 38 242 -599 405 275 588 -53 -906 -1000 -67 898 811 706 -47 572 72 -1628 502 119 -91 -1077 708 -493 -278 20 -182 616 20 -218 -312 -1365 426 1070 -126 -40 442 -412 -504 230 865 -212 -606 561 872 120 135 1290 -259 -51 896 695 531 -221 -743 431 -64 614 -302 402 174 -168 -188 -272 -530 1067 676 -506 348 -344 -593 409 564 651 617 -830 404 -292 -567 -153 -662 -929 213 424 482 719 1068 -1035 236 983 -169 311 -919 304 -986 -127 255 548 -480 891 -104 55 -121 541 -160 -111 528 72 -486 782 -979 -102 388 -96 817 337 377 -117 1399 -218 -643 313 -458 -25 -371 -1472 198 -770 20 147 -528 -111 -26 135 -128 -505 -127 -35 130 -274 1475 -163 -100 -819 159 -815 -910 -92 -742 -195 553 -998 -589 -29 198 -514 331 -847 -571 459 908 -1040 -1367 -426 -614 -557 -295 389 -691 424 -408 183 -347 135 -157 -543 -329 -1308 -487 -660 551 -80 -12 -993 -803 -5 663 76 -82 -383 325 -899 147 299 -1010 -627 
-75 29 -321 -663 320 -729 1157 602 186 -477 -581 -347 239 -227 -259 -1198 -396 960 336 669 -29 -194 -423 749 816 10 -249 288 -61 -23 -745 -745 373 124 1039 61 648 394 1061 -783 206 4 -93 -788 999 -84 162 297 587 -149 -126 -723 -56 -1286 -701 -102 -771 519 -985 -178 132 122 -1457 -561 303 -544 -656 -532 -993 128 -10 469 -1032 -1004 -78 -81 28 132 61 1065 670 34 884 179 175 -698 266 -407 266 1604 -95 325 390 820 237 -1142 170 779 -977 546 -815 609 97 234 89 -723 -1225 -72 453 757 1175 -1127 -827 73 -169 -785 912 230 -758 -209 706 33 343 -1728 -196 111 234 863 560 221 902 -426 164 -303 23 -59 -288 -652 -264 1555 -579 -800 633 -1420 1189 -591 24 -617 -670 560 1197 -1 -284 -87 631 -16 -813 396 1347 255 752 -172 632 -792 75 -139 -308 979 160 -1774 -1083 -186 241 1852 173 756 -999 -1929 -737 665 1468 731 3 -1285 940 -348 -488 402 -539 1319 41 -94 -861 248 -416 523 -30 799 25 538 873 336 187 -224 -190 701 -828 -1804 44 -1276 -331 -365 -550 832 172 -377 -573 -333 -622 219 -1051 -1054 429 82 71 -725 59 30 -1309 421 424 54 -200 -1320 397 76 341 -251 -284 617 -138 645 -327 510 -136 -228 59 -1140 -57 235 -645 1438 245 -284 -1422 324 -24 1434 -643 1204 1582 872 271 -408 25 -564 33 19 166 -389 926 110 -415 -237 304 784 -766 43 -9 -597 500 -692 -696 80 1108 360 656 -173 160 610 -1731 145 -37 630 -282 -756 -92 -30 315 640 
2170 -344 305 -217 -425 -3 1162 1010 -317 -656 12 -434 -1305 129 -289 402 -16 -410 774 -53 -305 45 83 -228 267 400 -492 -122 -151 585 -163 -91 299 -503 741 -402 958 -208 1365 -20 521 -630 -1457 979 -108 604 -34 754 172 -676 86 625 -325 -51 -110 -842 -419 1374 -466 -659 -87 236 861 -241 1683 -81 -63 850 -884 327 32 617 418 108 408 -1875 393 -225 -1839 510 469 -672 339 -889 1020 176 162 -624 19 -22 -50 -358 -485 228 247 505 37 -348 -425 -599 -97 958 352 -1399 540 1045 -716 111 -623 833 -352 -179 -222 -132 123 77 -177 -698 271 1041 389 518 113 -513 776 -212 -459 -51 244 519 440 780 -33 492 187 35 832 -635 -366 -116 -1047 221 -1317 -920 211 579 -12 414 -254 748 -515 -276 -167 -128 229 307 868 288 403 -32 142 443 -1206 -80 -348 125 -127 -276 535 -943 556 236 732 -49 1228 -338 -744 408 25 339 752 -481 462 329 -594 440 -153 1069 144 213 -288 -429 700 338 -382 9 286 593 -1412 -336 31 488 158 566 102 -933 -241 61 580 -51 -788 341 -817 241 -559 346 533 213 -317 998 -903 137 923 -117 -497 112 -188 -1459 423 -431 -110 1145 67 -469 -393 -520 866 287 -959 411 -54 531 -690 86 953 -646 567 782 352 -280 -114 209 649 231 -179 42 467 117 -506 885 407 -600 678 -521 642 -77 520 1050 -630 276 357 999 -1028 -275 51 -1360 -764 470 1103 76 745 -407 -309 52 -21 -822 232 418 262 -3 -616 98 558 -957 -243 -687 -202 169 412 -1348 
-250 -77 -913 615 -147 733 -216 46 154 417 281 70 355 -945 -409 -293 719 385 505 23 -328 -688 742 1046 651 -330 -125 -508 5 -583 147 -82 547 270 1002 361 163 44 -413 561 444 -87 -161 781 -699 934 619 -499 -184 624 103 167 -35 -73 851 -115 1497 -687 407 197 532 -615 766 -28 -172 721 699 -408 -408 564 -99 -548 349 40 -901 -368 55 -837 -116 88 -1502 -164 130 -258 -103 -125 -887 1736 -578 103 140 346 0 -340 93 824 -497 -48 -261 -461 8 132 847 -239 -115 257 -88 827 -863 173 377 -292 576 411 1285 -203 -422 598 -1364 931 -480 358 -559 -305 -366 -904 -127 -577 941 855 -1116 403 -113 -465 -1205 213 540 -280 -605 790 233 1326 -470 353 363 -977 -291 -839 171 306 -96 -1389 447 -119 -237 448 744 -173 -168 -121 -985 -137 7 1024 -563 287 835 432 -471 -626 -800 293 124 -82 -774 860 158 -476 -341 531 396 97 282 21 371 -228 -98 912 -294 487 587 390 1760 -563 396 -737 10 595 -1874 202 -769 -110 -471 114 382 1033 1189 226 37 231 -485 1 573 -183 -537 -218 -807 -595 685 -158 -166 -209 -252 158 201 522 -1155 -80 489 -452 -274 -6 681 655 131 873 -673 571 -1213 -908 -833 117 169 -1796 -50 -945 219 -381 -711 -63 375 -595 -44 -385 -863 281 -527 765 -567 26 -501 -470 -1240 -659 -1119 -1158 263 -606 932 332 280 428 -125 1115 -132 -412 -289 -149 -1216 -463 -116 21 -78 487 388 250 -484 -171 -137 -629 -126 640 -65 449 854 -77 1169 -978 -547 -947 
588 -860 705 -212 630 1207 829 1450 540 421 546 -524 7 1357 -428 423 299 875 -93 -832 -630 414 -1351 588 108 -852 -255 -364 -403 212 354 -267 271 52 523 -17 -1317 -341 -232 261 -1073 -678 -1071 282 554 -314 542 -496 1102 -1321 307 -298 598 -292 405 -442 408 208 -79 -802 517 457 -237 -647 -370 -937 949 -257 -411 -408 166 -633 319 -193 -1171 185 698 438 -372 -268 -518 -189 298 884 832 -450 -698 244 431 1302 1460 -1004 -577 342 455 -744 -323 -485 -566 -578 116 797 320 -299 -864 360 688 1521 507 -57 645 -853 1441 -386 -574 -689 560 -462 -245 7 -36 -207 35 -766 96 965 376 534 -357 657 -119 -378 -423 412 -970 -1175 -1179 -840 -65 1218 -568 895 -316 602 501 341 -653 759 433 1103 83 -1312 137 -187 -1526 532 707 227 -363 -504 -875 -221 702 330 -42 -556 -289 -1255 804 -356 -677 19 -284 -1368 -47 493 -148 -1108 -278 1639 502 771 -240 169 1011 -4 -1888 -87 -377 507 -630 -884 -202 200 612 -298 -25 608 -529 -690 736 -235 307 164 -492 1666 -763 -569 -349 -197 -29 107 -624 21 -668 -169 -642 211 -68 -948 -72 26 809 140 -1091 686 -110 -872 -649 -710 1605 743 54 -1483 51 1365 370 -198 -225 -1268 673 -248 260 95 -417 -538 1554 -25 555 67 -478 715 155 -619 279 1305 195 1156 1025 697 -452 -1352 1033 -462 392 -1099 -435 848 -831 520 -346 406 -965 14 -1149 196 -957 -360 495 175 -680 25 516 87 1413 -236 152 368 -689 552 -398 -307 -2 485 -676 25 -903 -674 584 69 
813 392 212 340 333 589 -140 -766 67 -313 -191 234 805 135 -1239 -884 -487 -172 -504 -141 -144 652 -293 846 633 371 1580 1333 36 -121 -598 -152 28 -925 -57 -421 -283 581 902 -383 -500 587 -374 -524 133 -748 -278 540 -398 522 -496 134 -157 -958 178 420 320 190 895 -692 450 -223 -646 27 531 -283 -333 338 198 -495 -112 -519 -205 217 613 -417 -198 -1033 881 870 -346 234 -178 -31 -1494 982 1048 762 -294 622 1197 -339 -268 -504 139 -1102 -1041 365 512 -1207 917 -972 -303 -89 551 -554 489 -118 1053 717 -902 262 -433 193 -233 182 -974 392 -165 -1101 -955 471 542 -29 131 -254 702 61 12 -152 -383 344 -555 418 -323 205 594 -1464 276 -223 -407 -150 1751 -401 515 -959 -424 -344 -169 -517 -1232 -555 143 282 -176 641 520 559 -919 430 348 505 55 -390 -517 -237 554 -142 -149 269 48 -816 -708 303 -1488 40 486 -321 -864 287 448 791 -924 672 -160 86 1327 90 -1255 363 312 540 470 327 -1023 -438 -800 -253 -203 968 814 68 -470 -1594 216 -757 -349 -333 340 -552 632 215 947 -251 336 -306 -723 301 -1052 -544 908 -736 578 949 -337 1179 179 813 -729 115 123 -2015 348 414 383 -41 -1140 -1 988 1091 299 -538 -499 1062 -1067 612 -180 -625 -151 -458 336 -59 -950 -140 -612 -31 -1316 -1099 50 -2085 61 223 -184 335 36 509 -560 464 34 669 -1113 -27 -735 -692 -809 -400 -501 301 -829 744 -271 -468 238 -465 -869 -51 -425 81 154 187 -188 3 -160 -369 -434 -246 9 -1510 -874 -185 
-126 -107 967 151 1087 119 133 -550 -819 175 -823 660 -123 -520 -99 -101 -41 40 -840 183 -57 -287 760 276 -1091 25 -500 -399 -88 -593 90 -537 582 102 -42 445 875 -366 632 -1000 892 -217 115 857 123 -109 -161 -365 0 -91 263 1295 293 -208 -507 547 -26 1108 -67 619 -34 586 -877 -953 524 290 -1143 -744 190 514 -609 -951 -54 -85 642 301 72 -1195 966 503 -601 628 -510 -105 316 -32 1251 -636 740 1364 41 414 194 213 276 359 689 672 39 -1682 253 -417 716 -326 1558 -446 91 -148 -410 -180 1505 -559 1377 -1136 420 899 287 -796 521 -78 -178 -347 631 306 568 865 -427 -764 -608 -661 505 -30 960 -161 360 -977 -348 71 -74 -245 -70 -1927 694 -849 720 -404 747 1313 -1295 326 -380 -648 -1349 -94 55 -1055 -925 -198 182 85 655 792 1482 -531 -339 -398 1207 -1209 -136 1089 1010 -233 2 -142 -594 282 -1091 640 -332 -1021 280 207 -97 -375 202 -8 -93 -610 -453 -360 2 710 -11 884 -1029 -218 -114 -200 534 577 -233 476 491 24 24 -796 -486 -78 655 739 -49 -1082 -790 -743 823 -149 -173 1466 529 -204 248 738 81 362 -295 1005 750 -763 640 559 27 -143 615 -504 -722 894 426 702 662 965 -663 -685 -743 591 -332 -670 -109 63 1163 -1200 -1129 76 -308 -192 -152 92 622 24 712 653 -307 -276 637 667 -368 -581 1328 1102 51 446 -402 -1004 -458 -598 -99 -461 939 2 -122 -1215 1027 533 2036 -303 483 27 -429 43 -952 -249 316 -34 645 -160 448 -3 58 638 302 -133 
712 -1393 -34 -358 253 -36 789 -185 424 508 193 -556 -1019 -275 -45 45 -448 -1231 -85 695 122 69 -312 -1565 -593 -656 87 -396 381 -182 66 -446 795 808 -356 192 85 -455 412 469 -62 392 169 110 -11 -772 934 -489 356 -321 -1031 694 -1208 924 -9 -581 -455 -373 1251 -702 -1157 281 193 -668 231 -60 1686 -686 -362 199 246 -260 -52 -996 127 -3 -246 -15 -429 1189 -656 271 326 -232 -55 -1253 -832 722 -120 997 -494 -140 -909 114 -750 483 495 -781 -336 -433 309 1130 333 -115 -65 236 415 303 86 -350 -842 331 -172 515 -738 156 584 1005 -267 418 -598 -523 -167 -504 -865 823 -536 740 -335 1047 98 89 52 -597 -725 1301 713 1252 151 -151 -191 -222 272 250 -253 384 -908 -247 -356 295 506 -375 27 379 -606 774 1563 -153 -238 143 -592 210 -878 184 282 695 382 -262 423 167 -195 108 -159 -546 344 -1368 -523 87 1133 538 -916 -236 10 938 71 913 311 -272 367 -1462 -103 205 -267 457 522 -445 -478 -1274 696 242 -644 -985 805 1018 593 -949 -407 1595 599 622 -53 916 -333 677 228 -417 -346 499 -464 -317 -356 -289 471 6 -22 -592 -709 870 -1632 -281 1124 2510 112 -444 -516 -287 963 1130 -132 836 86 1042 176 830 710 2043 -1420 390 484 369 -1024 92 1506 -404 -632 -720 610 -864 -240 100 -148 -952 336 -1260 -383 -66 -189 -446 -449 -580 743 -771 -486 -346 783 -750 -137 -536 196 -38 471 -1814 931 508 -195 -613 717 497 -349 -257 1748 475 1434 731 -1138 -1037 -459 180 -694 -749 
703 -569 774 949 1317 715 278 306 437 768 -58 475 141 897 -822 -686 908 -472 -693 -223 -22 -309 -402 751 312 242 180 -71 -329 -291 -1026 -1443 -405 -349 -631 -130 -550 -579 170 -320 492 -308 262 -249 503 1422 823 594 -191 240 56 -105 -243 15 -104 114 646 -1155 775 -413 -355 -900 415 -13 -598 1193 159 118 -195 827 106 -681 236 453 1544 -36 -206 104 257 -903 -143 444 1141 -757 -62 -696 -20 15 5 953 651 -808 -393 -775 -277 247 -174 -203 -228 102 -319 -1629 1202 68 297 -200 938 -169 -1028 499 -497 96 -819 807 275 -305 -194 219 3 -103 -1303 305 -184 362 1295 482 483 -1297 179 -1150 -28 -616 888 -707 466 897 666 -769 503 876 -354 -679 1171 331 183 -520 745 -237 159 -119 -1103 741 -399 786 258 -1803 -213 817 1298 -151 -872 -185 -592 -146 623 -807 62 574 1496 -1218 733 1032 -1058 -913 -1453 -1750 514 -982 -760 606 11 473 -105 1116 584 -190 1004 735 -1649 229 78 966 703 178 -57 -27 48 722 -25 -986 1122 -943 -377 189 -1218 -196 -1196 -94 -1281 794 1401 -1109 -117 1288 -793 877 -1136 -361 -504 235 943 -30 195 299 -155 1287 -316 -311 352 -357 430 -69 -1177 -12 1831 884 -805 -158 380 88 561 -654 -266 429 193 -353 -139 1729 501 52 -864 445 -836 -254 755 -1197 -701 -44 749 -886 436 69 585 -362 -298 -230 52 -213 614 566 102 -525 -69 -1121 207 622 429 -522 -1174 -604 -1617 -189 -787 -718 140 492 966 -20 461 -599 -156 783 -355 496 1338 950 698 -573 -357 226 
-528 -1321 541 1081 -45 6 345 143 -420 706 365 -1199 -431 -118 -507 -68 829 378 -579 -80 1177 -260 349 4 -313 -723 529 -254 -689 -651 80 462 -583 612 -39 -1125 146 -730 385 -293 -281 -134 -859 131 -208 129 366 902 739 -495 894 246 -527 233 72 -228 -58 553 428 739 -10 -1840 -616 -1179 -300 -643 304 669 -380 565 -549 -299 969 451 -90 -150 -238 7 -971 -193 -1460 -929 -178 520 -782 -578 -671 265 -280 -883 245 -589 383 303 501 -1271 -494 -1177 143 610 -316 -165 -438 1256 -566 943 -1027 -269 162 -923 -26 27 794 580 1102 -1618 -657 714 -929 -273 -31 -384 203 241 -349 -820 -506 633 -68 852 -448 457 -333 995 -1033 -83 419 -595 117 -219 -1046 -571 -387 161 62 86 -733 -122 1390 795 632 1429 1292 -354 -206 899 108 1013 -359 -996 -547 -1589 -282 -229 -606 229 -220 999 76 -480 -587 -242 188 -68 -482 -241 1045 -409 444 -58 -992 1275 -1018 57 -144 616 -825 -169 -318 -280 181 -555 -554 -606 340 592 103 159 693 -215 711 -49 29 655 -121 827 -318 141 -552 -737 755 350 -978 -671 735 252 -994 289 89 -882 82 319 131 -527 -401 -61 -614 -409 -447 325 643 -632 382 -660 729 128 -63 -890 -30 457 132 378 456 224 -41 -319 220 319 -484 482 366 386 -41 -795 -293 -1596 486 34 272 -384 -129 209 378 192 172 20 -728 -394 45 -201 -476 1083 240 -976 695 994 -664 -315 438 -96 -587 -334 -1586 -90 654 455 962 16 -193 220 375 -1280 -41 385 583 493 392 892 415 -82 
-112 -387 1890 -151 -457 276 -1370 -134 639 -278 -626 -299 -175 -456 -459 35 -473 257 182 364 410 -25 -600 -893 865 -225 -815 868 -42 -574 -285 784 489 -132 247 130 64 368 -134 886 283 805 -637 345 -501 234 20 82 -3 405 -716 1070 779 209 981 -670 -682 -1084 -90 1121 140 -348 770 409 54 562 352 -576 -391 680 -106 416 1648 -223 -603 1290 -875 242 443 299 -614 862 -866 -841 -66 416 -296 -423 -603 1098 -753 -60 -1332 -1172 -454 906 -185 376 -173 -480 456 198 366 -465 -1777 204 -857 -879 -15 79 457 286 -807 -239 782 442 -260 -386 -500 -16 373 214 -935 -198 518 -339 898 -1365 -242 1428 -38 -970 415 55 -470 314 1583 -520 467 -182 119 1269 -301 286 -572 -28 -382 701 -318 -90 -712 916 -109 -350 -130 6 153 111 -52 541 129 1162 -230 289 712 38 -242 -6 409 320 -449 160 685 -97 297 -230 -337 462 -875 -194 -272 121 8 522 455 -445 1008 471 -971 424 -1484 -870 1302 -432 -280 -1368 -886 -80 445 -1000 731 -1019 -808 -727 -1010 -1408 751 -577 1133 -171 -299 33 -354 -607 625 -509 -554 -422 -757 -340 126 -424 569 -141 265 -444 -246 -328 103 -1337 563 57 929 1197 -134 -18 -603 -15 -21 1203 -528 -1046 -626 614 -82 930 233 897 1243 1496 1616 -91 -344 911 -545 -83 -23 186 -331 -330 361 -745 1140 696 1077 732 -470 73 515 -295 471 569 -992 -92 -25 643 211 955 280 1412 853 167 -763 -924 -998 590 728 803 206 261 -260 -903 1682 -254 192 568 -1486 -683 -78 -13 
-993 468 536 -23 -139 -158 -410 177 14 430 -540 -617 54 -653 -905 -898 -624 400 137 -397 -826 382 1369 -117 -851 698 -851 642 -370 1262 607 832 461 348 -212 1047 490 1854 -15 -32 -498 1049 -448 1454 466 353 -179 149 -1188 -335 -224 -369 430 -344 152 12 -120 352 -363 1565 -377 58 -954 534 134 -1151 -378 126 315 601 359 528 470 -1448 -109 -394 -252 -116 210 100 -808 675 -135 39 -155 85 146 -372 -403 1288 519 -194 879 970 79 1057 -432 234 -821 277 -85 -627 777 -613 -1070 -122 -345 364 472 114 -293 -649 -301 -85 14 797 58 129 153 287 736 270 1889 -155 -753 -414 12 500 -935 634 -110 -632 -1679 -69 -344 -219 232 -257 -324 765 786 -225 -117 -79 797 -1239 -410 528 -27 -453 -392 -510 -819 269 -364 -860 230 24 -22 1149 694 1585 -379 -215 248 739 290 -1419 159 700 166 547 911 185 172 8 -521 -844 44 -332 95 727 -83 -516 -382 102 1103 -419 498 -161 867 406 487 770 286 2 -799 918 733 -219 -401 71 92 1023 -685 -615 -901 -430 1305 -439 -698 -1212 1149 706 453 190 -1167 274 -561 -1153 -945 553 -163 -1229 -222 760 298 -353 121 -462 182 -1120 267 -135 -1591 -742 136 -281 628 435 54 194 113 -263 251 202 -144 516 359 -801 442 616 595 -341 342 1041 -93 253 841 -882 223 -1273 445 -202 17 -286 129 1252 19 -315 470 -1058 538 900 -726 173 -1037 989 146 981 433 -854 666 -253 172 -1115 696 577 283 736 757 664 356 688 515 96 610 140 -254 828 
50 -179 278 -752 880 404 -171 -61 246 212 -366 -497 -828 -647 663 549 -577 -35 -514 888 -942 587 -363 1018 1088 -436 988 -108 -362 -586 -254 17 335 155 1083 -1712 706 -162 -112 -171 908 -105 -165 -150 -251 325 147 -365 629 -894 -196 18 329 603 -24 -38 649 84 462 -591 -52 1174 -1389 -2 1555 702 132 259 -139 -526 169 -919 145 673 -114 -190 1344 -494 -893 -336 -253 24 48 -1014 164 -649 -579 -937 887 -492 -651 -495 -852 634 -38 -281 341 176 -1926 -453 -527 -776 -882 285 253 -677 -37 -262 -130 -14 55 549 -479 608 -1459 -213 785 297 282 -710 -45 344 -66 403 -626 -237 628 1282 -552 -598 -268 694 591 265 -753 208 230 647 -292 -1071 977 -547 -26 592 1842 -445 90 158 535 723 -131 295 -142 -587 -792 77 667 -625 -289 1143 184 -941 -413 1148 -537 177 -311 677 104 -529 -678 -849 -791 432 -743 953 156 89 -1641 273 -904 364 122 347 -649 -108 -292 821 -112 -759 -438 -417 -695 740 120 271 187 189 1197 385 103 -685 538 -679 -262 472 -358 -631 404 -584 926 332 410 -444 12 1223 -33 -316 -485 -169 -325 -480 863 121 209 23 -795 -334 -276 247 133 -71 135 -110 590 -538 -30 -587 1169 271 58 1569 -243 956 519 270 384 -398 -620 -406 -146 745 -114 577 26 810 -138 602 6 -355 546 -192 -21 -135 -35 359 161 208 58 -620 -434 96 261 568 304 -371 802 -780 956 -562 -45 294 342 509 -625 315 -455 -147 508 142 -193 -545 -506 1167 765 8 1367 -405 -943 490 
-840 152 344 15 -662 -891 72 -192 118 -162 -1050 -124 -121 577 -41 83 -501 -232 -203 542 325 -718 -1313 429 162 969 -311 258 -1210 -67 -534 1343 118 237 -210 -413 -346 384 444 19 -199 -886 -369 197 -1179 -666 -350 343 -318 -28 -353 -1457 -276 185 889 -395 -919 400 255 -36 11 91 -238 576 736 -47 542 172 -422 739 -399 -28 -22 15 246 157 893 -363 351 -31 745 -462 854 -957 808 -543 100 -1581 -1506 -1338 -1453 -533 -164 295 -959 -596 737 151 -318 307 140 619 1200 274 1117 571 -344 -204 -78 -369 -616 470 339 -558 -39 -499 -230 104 -899 67 -1083 722 256 -238 1460 419 -732 -142 49 123 -857 -1054 370 546 -99 174 638 771 -434 -1006 -71 46 -455 -393 466 522 262 430 332 -925 365 860 718 908 -613 -279 1087 -190 817 253 -136 -144 -651 907 -913 -775 -592 854 233 95 492 485 -898 400 1411 902 554 94 -58 840 -432 36 -347 52 -1073 893 -590 650 975 -20 -86 -53 292 382 -532 831 239 -113 143 -326 -2542 403 517 1238 738 131 -477 662 53 -592 -261 173 455 -1006 -188 -905 255 433 113 -19 84 -272 -290 -372 -121 245 445 1288 115 716 -714 126 491 -478 -351 -972 -388 -462 -177 -132 -78 975 1148 130 376 -484 263 -994 -982 -1043 258 101 -198 423 -1002 154 683 86 0 356 228 335 -1518 706 -54 -218 -34 -247 669 444 -578 -194 504 669 1050 1 300 1216 589 434 26 -132 -28 -93 -22 243 6 -850 -503 497 607 -304 -356 108 40 238 9 -399 -111 -249 
337 -76 590 124 -233 1193 356 -244 417 -1894 449 259 -644 220 -47 199 5 555 -817 974 -145 626 -172 567 -624 -37 629 276 -994 843 591 612 921 -492 355 642 -173 -859 603 364 -381 -288 1499 1100 36 -148 782 603 407 542 257 -138 482 -278 32 10 97 450 -323 -520 -912 438 446 -486 -809 727 403 165 541 150 -214 -52 649 70 311 447 683 -184 -1416 -496 757 498 410 613 -505 482 -207 122 341 -332 7 1145 -72 -526 -260 546 491 -469 -217 544 -1407 1354 635 -698 -435 375 192 -253 -1326 -183 310 732 23 -13 -480 -348 119 -1060 80 408 982 1251 703 -84 -295 -53 -18 699 -214 -1665 154 -141 -991 -673 291 1215 -706 1681 -144 -68 36 605 -242 -377 509 141 514 963 108 49 137 503 -533 57 -496 -647 357 345 -44 49 -293 60 9 -211 796 -575 -329 -989 177 -259 309 -703 -389 -685 -932 -515 -137 -1048 -884 1023 -174 635 927 -934 -247 -1207 -471 848 -853 -1310 45 240 -673 -652 29 455 45 388 525 656 900 -94 267 -474 -299 -568 -43 417 417 -396 787 753 61 497 912 694 -825 -1543 471 -50 298 -740 -43 -59 -826 1065 957 -506 290 -1301 574 -1037 850 -276 756 -148 1020 474 -134 403 -536 -1265 715 -1336 898 -371 1052 1660 -1015 -343 -912 563 -187 -175 486 -155 579 -582 -454 1018 -102 997 -378 -165 507 -69 960 425 974 -757 -961 193 -393 -366 593 -688 -427 -497 -750 653 -438 258 -519 -217 -265 708 882 732 966 178 751 -248 -27 457 -349 79 323 -141 157 744 
-241 -734 1082 99 106 383 -97 910 -263 -859 -528 -727 -584 758 295 1259 -231 500 -118 -607 -11 1325 -1838 902 240 -326 244 20 332 121 -40 1069 -873 -518 -291 654 -958 -743 305 580 -39 325 -7 -30 -559 -142 113 -1626 41 -205 502 495 -913 509 473 -532 2313 953 -971 478 76 -1034 -282 -20 -454 197 524 632 346 -548 652 -690 309 319 -266 1497 121 -246 482 400 234 187 -1561 21 -366 -24 -197 -153 1656 844 -345 905 -281 1152 66 -141 -1087 286 3 893 -503 -63 -711 -42 505 226 174 -770 -288 112 -91 -747 -542 768 358 272 -595 901 367 -799 128 -872 -105 -795 -28 1208 295 -662 388 724 -36 1950 561 380 -325 -247 -587 -318 744 391 256 1045 -818 -35 1074 177 1135 -43 119 -594 -286 -248 -96 160 299 21 648 191 -142 -566 1374 5 -45 300 -1242 -860 416 377 -917 -563 630 -355 228 19 -94 630 257 139 -289 653 -498 256 878 -1577 -973 -489 -270 -156 1008 -1024 -1234 -840 89 -244 -337 146 -13 -735 -516 902 -330 549 -37 -1054 -507 -399 694 391 1013 -331 -611 783 -1141 -1002 959 -814 -386 271 -1222 -78 674 548 -454 299 602 118 150 -652 228 -1191 286 194 -20 395 330 -156 -69 410 449 229 -670 321 166 -161 865 -644 -505 -163 1188 222 23 -309 -442 322 282 -365 1177 -67 -761 472 435 -156 -368 -109 43 128 356 -248 387 369 -340 729 942 366 -230 187 -950 -143 308 38 -277 81 -434 189 -99 -283 397 355 266 -850 -855 -1220 350 137 -610 155 -878 251 -681 -211 
91 -35 -447 -451 -461 422 26 137 -1193 342 1204 186 -1524 -443 -17 -216 830 428 -403 -529 296 -395 300 1428 -987 51 -1146 -1000 1270 -787 358 -533 -585 -326 -34 -350 328 -201 43 1135 390 518 -428 -328 550 47 -809 904 -957 225 -955 801 -422 1116 -112 -378 -33 -118 1248 -691 1198 -416 879 -884 768 1461 -31 -506 75 234 -425 -1353 -155 401 954 -648 -1561 357 822 332 -426 1098 582 -1468 1052 -1160 -641 -292 384 -940 -783 229 413 -1557 -897 -378 -436 735 -402 -169 -472 -912 589 -271 1130 573 -633 -643 -220 -1140 68 780 -332 -57 -243 723 -453 293 715 -179 -586 270 -202 -296 -581 -219 -132 927 -887 929 -661 191 -390 -521 782 1476 -1104 558 -6 -779 764 634 -331 -72 -314 310 89 404 976 -357 -435 -946 -720 -1344 -172 449 362 -771 -783 -85 -313 410 -6 -795 267 405 475 850 -492 458 -616 -302 -1107 412 210 171 1010 -701 -287 828 691 652 -153 -282 -385 -694 -800 204 603 -785 1100 4 236 -226 -54 207 543 291 -1198 -338 -1298 378 496 472 -82 1075 -748 1890 241 -473 -1248 713 -14 819 -309 251 -50 -48 646 -613 -341 147 1145 740 -857 -2 714 -372 665 996 448 838 71 1444 -150 -163 -54 -662 197 -474 -896 -413 -179 -394 580 -213 -527 603 -271 108 -789 -484 -282 507 -826 -757 -23 -240 -360 28 -40 1030 -835 -1367 -30 707 736 -108 -873 -323 -113 -620 114 189 149 913 -885 354 16 2091 -509 708 45 -1021 -160 -892 -94 -556 -817 1283 109 474 774 999 156 -225 1438 517 -150 696 
-45 -757 -45 -91 -313 -187 373 135 -69 -333 -304 2 -207 563 274 -281 -816 -954 476 -137 -308 114 -179 -353 -108 -949 -644 -504 -459 -948 912 -1692 -118 560 -679 831 700 -120 119 -967 -90 1463 703 289 285 780 575 -1017 -873 26 677 -329 724 -34 11 485 545 410 -510 834 455 -802 382 -1072 305 115 101 -763 275 539 1016 -32 -459 -289 -125 -873 -682 321 428 -493 -272 467 -931 -1286 1218 -1122 847 -421 -96 630 375 -294 -286 -207 1574 705 -231 -624 -1663 -590 102 216 -267 206 322 106 -36 -487 -200 -66 719 861 -201 -65 -1062 -1036 -284 -42 758 588 950 -1592 186 -594 -592 370 -243 440 754 -86 -96 -101 -591 -193 118 -15 -658 -878 -353 600 -83 -217 145 -303 -501 221 -201 -517 568 831 -122 856 -446 -420 -1011 18 -769 338 -53 540 -535 -294 403 -28 -843 145 -1299 -179 704 241 106 218 50 -861 373 -22 1065 862 -1532 -1887 395 -548 -521 1009 -229 -645 25 -2 1491 724 349 -671 150 -170 282 -414 45 770 -1215 -123 -923 -40 25 -250 323 -1215 -659 -332 162 269 1095 -289 -978 -605 -806 811 508 -222 -60 -627 -486 -193 918 -493 722 891 60 132 -817 418 -2371 356 -681 -1253 -336 -14 -1025 65 132 -750 -635 180 -227 -199 -941 553 -605 -514 824 -503 697 76 697 -487 -290 -121 1431 646 -1065 -22 1828 -154 377 -931 -388 372 442 445 -500 -1768 -240 -1034 -382 -506 -163 -273 300 1148 -479 -576 538 563 624 367 -454 -645 -202 -113 -395 272 284 -384 -293 312 -134 572 302 644 388 -628 
318 -609 18 -873 -50 -437 -111 -1615 -208 -941 -482 357 320 -266 -413 -1041 112 4 -704 -1632 -1660 50 -620 499 439 386 51 459 -62 -45 -233 297 -446 -211 341 -782 576 755 -494 -286 -388 916 -708 -134 -215 -1540 -87 -63 1015 -555 -559 -726 -349 893 -742 433 1557 694 107 842 607 46 953 112 -14 635 470 -177 -1334 1167 187 -890 531 985 -1521 855 1439 113 -459 281 808 38 -641 -744 4 65 261 689 113 177 -144 -720 453 -141 -640 -462 456 -194 -92 -656 16 -316 -74 -344 12 183 84 1265 -211 -367 197 -442 -122 349 355 -464 460 550 700 1013 -302 -54 494 830 948 -813 134 756 88 414 -592 314 208 102 544 977 604 -98 643 58 762 -713 422 934 836 -191 -496 829 -396 196 -1275 -274 184 632 82 -285 -293 453 17 -171 -218 223 424 -242 60 -466 -252 812 -1047 -317 -349 -942 -818 -432 -68 32 -355 -8 -471 -16 452 654 -131 -68 439 573 -285 -403 -484 -234 -69 102 236 -541 -573 -116 -352 268 -233 858 -328 -775 11 162 790 377 747 -471 -1092 -1073 -40 258 -73 309 -476 -55 -655 743 293 -42 107 181 351 129 -822 226 -39 -742 -1062 -578 209 -501 780 -810 -527 1178 95 -567 -209 -24 126 -280 863 -559 48 -97 767 -515 -1310 -811 -278 -506 713 -569 757 334 180 150 427 -352 -107 541 -16 -820 -701 150 -339 633 -864 1888 -690 -301 -1579 923 1152 991 -95 939 499 1257 -1024 -530 -424 -500 437 488 -1734 658 276 403 -249 394 133 9 387 -392 436 -493 -523 -386 
-570 -142 732 -585 -303 826 592 -22 -535 806 1152 -114 2205 37 -372 -159 -80 47 -1344 82 -803 -871 69 50 63 -210 1227 631 -537 -481 -516 636 -119 -28 -1410 195 -133 329 561 186 -667 -163 -672 -371 76 876 586 -1079 523 -1326 -414 -396 -223 -779 -748 -1078 485 682 584 -6 378 -89 82 -1034 637 128 514 -569 859 1556 -284 -144 1269 -305 -1 1082 -587 646 -346 133 -376 -300 1382 834 -388 -234 352 506 65 -77 945 -261 502 -237 323 -531 292 -723 354 -367 951 754 -282 512 -811 32 1281 -670 -179 365 1200 -387 -871 -569 826 -458 147 632 -336 -193 -447 46 -14 17 -409 218 -373 -679 -185 -320 909 -319 207 59 -434 -711 761 -387 -178 -16 246 -57 159 -10 107 490 -719 -670 -114 801 -309 68 570 2 397 733 244 266 413 481 -5 -234 -660 225 665 707 530 230 668 -5 535 715 -1184 -25 -464 242 138 962 223 436 -487 -410 -450 -449 -303 970 -963 -540 -447 -731 -1190 -1010 -90 598 -480 -1228 206 -497 406 -318 1235 375 409 -352 -247 -240 -529 -167 -179 50 824 -174 -687 232 -827 248 -281 -797 8 200 -1125 1 762 322 -1272 1201 653 124 -1456 -1301 102 -794 603 -1001 -83 813 -57 -766 -63 -456 606 220 -823 -387 -566 -249 -128 366 358 65 -525 -391 -539 403 -666 -403 -428 -460 -108 -837 727 591 878 -471 694 -424 -141 -405 -1357 -15 -68 458 -899 -239 168 -608 -151 -29 121 3 -1034 -676 -619 -1037 530 792 12 854 508 -59 -725 692 -93 1427 -675 -496 -1307 13 -161 329 
-188 -776 531 -595 932 1175 1035 -393 -479 663 487 401 -88 123 174 -43 465 346 -785 -517 -1285 -509 -1058 -683 -1428 -1190 137 -196 -671 78 544 590 545 186 307 1592 567 605 55 663 1048 -269 -221 -170 -426 73 272 -345 -462 125 902 1490 -1460 -875 -549 674 507 -18 240 285 573 -1309 684 -953 -288 -605 786 52 -426 -479 -605 1161 531 96 -666 516 169 -331 244 -227 162 -848 -297 268 -449 -118 488 375 -344 -284 -902 760 945 1043 -213 -457 -204 -672 -407 -1065 -182 77 -385 -19 -162 -166 -206 -217 73 -281 330 53 1068 -648 583 -723 -227 1067 774 488 871 723 9 -167 212 -517 -583 -813 -569 201 -28 -93 -13 144 77 915 -239 133 -749 207 508 196 -1327 807 381 869 102 -3 -9 457 -590 781 54 -557 560 1064 184 -450 -831 31 -312 382 87 420 1312 810 81 -897 375 -47 27 -644 -393 -623 226 44 125 -713 333 -598 -354 308 1477 590 -689 -54 -700 432 -747 -439 -746 -236 -1377 -726 280 -1168 954 -1307 891 164 929 -313 -572 717 139 -854 -1186 777 1124 480 -132 -427 122 -793 -31 755 -1262 -745 264 -147 101 980 132 14 -896 -258 -97 890 -320 338 1239 717 -173 52 748 1262 -249 751 -483 733 698 -896 -760 -172 138 1101 65 285 -1273 -302 171 -349 -505 979 -552 -125 -1217 775 -963 -94 5 -1411 71 -246 412 -290 -1 497 -1039 -18 -1656 977 -669 -19 321 -1168 -33 2 96 44 958 -1022 -324 -199 732 -612 -499 391 609 -36 622 97 -143 630 501 227 -583 354 -421 511 
-804 -652 -235 -812 -289 -331 -418 220 888 463 444 -301 175 144 769 550 50 298 575 -257 -515 11 23 1000 216 1383 -154 516 -295 66 -136 -44 -1219 1457 -669 -253 -26 315 -565 167 -654 375 -1367 -660 -374 -115 650 98 -565 -594 624 78 749 925 373 152 693 116 130 587 507 569 -1330 -203 41 90 314 251 791 556 335 281 327 -75 372 1136 21 338 -6 -866 -23 538 -791 281 -723 242 -254 -174 2 -409 -369 -144 1006 361 1310 -1220 -161 244 335 -197 914 286 -432 1186 -103 -363 -16 735 1078 -795 868 -805 -62 87 695 438 -589 324 941 -994 -68 -345 -569 -555 267 844 1 1085 -1129 -984 85 917 -853 1055 31 -446 296 99 -231 209 -605 683 -225 -1235 -512 181 -661 118 -228 515 -13 157 121 113 -576 -746 501 -165 448 841 922 399 -129 796 329 -338 -246 -219 -1924 199 -758 1223 -584 -789 -482 -153 436 63 -121 605 12 1125 -975 229 -49 720 631 -377 1135 -1712 639 -939 -30 688 -17 937 -1263 1298 116 -734 178 174 820 674 203 938 -258 172 -556 -98 998 1180 992 656 255 757 311 -509 393 -1208 442 -208 578 -818 -95 -224 -22 -394 -113 118 -252 1106 -578 471 -446 -379 344 -372 1106 -888 -386 -202 -571 431 3 -451 -607 -678 392 293 712 613 -65 259 772 333 -248 -346 272 -32 174 -7 -473 -262 811 1294 -328 123 -1548 -530 -437 -595 966 -474 965 665 -483 362 686 747 -1090 -593 96 592 -252 724 -197 -1008 480 144 -916 -943 630 354 60 -301 227 -209 -133 -89 
-870 390 18 -653 897 707 298 833 -850 -574 -44 -455 -369 -125 -311 -140 -973 386 -153 1100 -13 -185 436 -387 -641 -185 821 -115 -534 -112 1054 -240 -198 -46 -792 1071 831 -380 -811 -991 -305 631 315 821 761 -411 -237 -945 734 189 491 -146 -1062 -376 -520 190 1018 268 426 285 -770 -1604 502 392 -112 287 -330 587 295 -284 907 1189 -225 80 508 -73 212 -751 681 1199 683 639 -1175 -457 -51 188 160 -451 -232 -427 571 -20 31 253 -595 612 835 -195 -193 -944 361 184 626 -133 1060 -425 -1523 509 -431 408 403 781 -260 -193 -147 -1189 509 -274 721 -862 953 -227 612 187 -412 -98 -103 -73 216 127 55 35 711 84 66 386 -399 740 -374 50 339 -258 275 -1322 777 775 -75 311 -26 488 429 -801 155 116 785 247 -120 1185 -313 486 37 177 -199 742 -1081 -893 -108 -1394 50 354 -169 -46 -184 -1161 -155 -528 295 -117 -941 -799 -320 753 255 -158 -495 58 -693 -403 234 -1225 -270 369 -347 121 567 39 607 -331 -235 745 249 -374 198 -1040 -136 -727 -768 948 703 -769 -251 72 -383 422 824 270 -63 468 -327 -160 303 -379 -154 -424 327 898 964 -110 -1184 941 41 -279 174 -464 103 423 -628 -1018 51 229 -802 240 1109 165 414 632 -834 -870 -947 -742 -796 -286 1038 73 -760 -78 -67 297 -365 299 -1033 265 423 530 -506 -615 -87 649 765 336 424 -616 469 -498 1300 915 -1398 463 309 -1381 -442 -355 721 587 771 -329 -193 -708 -470 538 220 -628 1053 -95 -623 -791 -512 -43 -718 -410 
-379 -604 -1058 -130 -842 280 809 -656 -127 39 43 586 229 -276 -740 -650 -86 703 -37 61 -1123 -1353 926 231 -885 -94 -126 -632 -28 -414 1141 787 310 -556 215 436 -232 1114 -30 432 337 27 15 -1187 -12 -388 311 511 -276 -19 -156 276 -59 588 -5 823 -440 560 754 -792 -83 389 -431 -173 633 724 1275 -391 -545 45 -1197 -137 729 266 -243 -270 382 -248 33 -563 -263 554 -31 -1187 -863 -975 380 -223 107 -266 -7 528 -512 61 356 577 861 347 92 -438 -753 -208 -58 -318 626 -788 894 122 972 -54 -372 -346 -249 138 -230 -30 -153 -184 43 1048 728 -718 -42 254 -1185 -821 531 196 41 -267 -175 -103 633 499 351 -453 737 500 247 229 254 130 -530 -469 401 -867 5 156 -364 -1020 -295 -549 -932 -237 406 647 505 -853 407 116 -333 -300 -714 -260 859 -1 575 -1044 -598 337 758 217 481 -340 -196 -94 -488 -1074 -354 881 114 -29 1320 1309 454 -630 11 107 -542 -195 22 282 -928 1070 86 -988 256 0 -470 44 -795 -475 -819 214 804 -262 327 403 9 -135 -26 763 -385 -286 403 -1218 -261 -400 1177 350 795 634 886 -271 -1079 469 -483 -68 1365 1005 334 259 764 -429 -691 1039 176 1188 -202 294 -397 501 86 90 -184 -434 62 326 -249 -1088 -207 420 252 191 31 550 27 -476 285 751 -310 -570 135 -703 -311 530 37 229 -518 -310 427 -132 506 1012 -713 -951 -404 620 128 203 1269 606 -593 -170 -1966 -720 2 -896 -387 -275 568 1672 102 79 495 -415 105 337 -974 -518 
160 906 -1741 368 -541 45 -535 -437 -371 154 374 -435 208 -6 1293 357 -481 -624 745 568 589 526 1000 -844 928 -513 272 430 741 263 -268 -396 -171 172 -400 -256 -41 928 -635 -566 -298 -385 142 28 128 -44 -766 -656 -609 -1079 -341 244 1018 -335 3 -343 297 -314 -551 347 -210 535 271 -214 -1098 1370 -747 -425 1094 643 -212 45 786 -375 515 164 214 760 556 -111 693 190 268 939 -915 -403 748 -1152 -7 -840 857 554 974 -70 360 -268 54 -4 -1016 304 503 413 -1243 469 894 -245 1079 147 323 55 1 -462 105 -1061 -569 105 490 -808 -506 -695 -481 304 -1081 461 -190 111 -421 -130 587 240 -169 -731 225 -831 608 129 990 101 -449 450 -351 -745 637 -261 1348 -201 420 276 -209 -241 503 486 561 292 110 855 -616 626 -430 -124 -2 -743 -521 70 117 605 -803 -165 404 230 997 946 620 546 1533 30 368 1227 -206 -811 339 -826 -839 -1770 -1576 86 -163 393 -338 -490 -42 -109 -222 1010 -70 -23 -723 566 1097 270 221 -71 511 417 315 -368 -990 -894 -91 -54 -629 716 -48 164 505 1212 905 -646 740 1132 707 528 568 -929 131 -42 -427 369 347 -786 -831 -417 -345 1689 627 -49 156 204 -411 -489 1182 38 557 228 -268 -272 655 -1133 -1221 -417 2 1459 -4 300 -88 476 433 -1263 465 -378 -2 1140 109 535 1006 577 47 131 362 -176 594 -131 -33 -49 -1097 9 177 840 -579 487 -1064 -623 -121 -413 -461 -411 -580 -851 707 -860 -960 1150 -99 -876 -446 763 -441 -90 -146 -144 
-257 -676 64 505 180 -181 -581 -539 -135 403 16 231 -459 323 113 383 -284 -560 56 739 -172 -74 1268 -604 -284 6 -586 170 -17 164 137 -379 -170 452 -742 153 -28 -590 -455 -532 -358 -191 -510 1335 9 536 -85 -1254 -83 -197 -184 234 -148 -344 -368 226 1083 567 400 203 -873 -739 333 -104 -116 117 -99 -886 425 -282 -661 -711 563 435 952 -16 -131 -342 827 334 739 612 265 720 -310 23 1286 -402 574 709 192 1000 -1047 849 -222 -381 845 450 1530 -209 1036 220 1265 -461 898 841 630 -62 -879 552 -50 -977 448 254 -400 85 -112 -9 -859 597 95 -41 396 -197 889 309 -69 186 1027 211 -58 -816 1045 -1711 372 -71 -167 -1153 710 -307 -441 -313 533 -620 719 -651 370 692 -470 171 539 -1069 -267 -913 -121 -186 219 -1043 525 -692 855 -387 -296 150 -414 551 -527 723 -764 635 862 -442 -51 997 648 -377 346 307 -389 -748 78 50 124 -26 -542 445 -232 144 -108 -216 -91 1347 18 554 -1311 60 -628 -1122 309 75 -511 -219 1592 1128 628 -343 -135 1091 1140 1460 -631 -412 -671 313 -419 431 76 25 -1156 927 178 116 -139 -414 -108 470 415 442 -131 24 -494 192 605 -625 1088 -851 390 -420 -290 -210 -250 259 1349 217 510 -559 -1157 -177 -401 -152 -874 -241 286 -1237 -199 774 -554 -1109 151 644 1136 284 -66 188 -786 -278 1082 122 374 256 -161 -75 -274 657 1 440 572 1178 -608 288 -270 -829 -210 -80 -429 -548 -334 917 -337 768 634 1060 627 1285 -859 1039 -15 -349 1288 -469 
-311 -89 -633 -201 569 695 -263 1113 -11 112 576 585 651 1341 286 -362 691 -1236 334 -602 251 -1194 -58 -547 -443 -436 -914 -1248 -100 539 559 -537 299 -514 -1153 -592 -1182 81 -216 -872 506 -212 303 -361 -825 997 -534 36 700 -1153 -694 168 -687 -755 826 768 346 -491 453 356 -389 518 572 -323 72 -92 604 -304 -649 219 1113 293 583 -427 -1174 -722 -889 794 216 469 310 -313 -559 -67 1061 282 -530 1255 439 -214 11 279 970 -284 600 -354 -18 -583 -581 485 1958 606 165 -37 -330 -256 1187 -346 -297 -427 51 489 130 509 -163 1456 478 -22 -93 304 -557 887 -460 581 -150 -1603 529 -1231 -522 218 -312 -471 111 -7 -3 1226 1131 741 -1197 511 1241 121 522 236 -831 87 -142 497 -596 -265 -961 260 522 302 351 -189 -51 -373 -506 -260 8 -75 118 706 239 -396 176 859 677 -174 895 535 -820 -397 410 4 190 611 617 -356 933 -175 1166 -138 442 -551 160 442 -1243 328 -315 -355 678 101 -463 649 506 386 -1649 289 586 318 -375 534 722 365 184 -603 79 347 15 -478 -832 -1116 -301 576 -457 538 12 114 -1015 1523 232 -614 1125 167 -499 -1 1362 833 -372 372 944 -918 -1096 757 -602 152 -1117 -313 719 -1145 -286 -1114 -1048 -521 592 -162 190 -235 -134 -504 614 599 -938 975 457 805 -19 -311 294 213 1017 -1007 -1000 429 55 -1027 -548 -1060 -319 273 -389 -594 -290 127 217 -276 -1128 -126 532 1436 360 1133 395 262 -808 -654 -1089 -358 -280 462 146 -131 290 -894 317 1281 -376 -10 
287 -270 361 -477 -244 1243 670 225 13 824 934 323 45 -659 600 181 775 -151 -595 806 -177 489 210 -50 -655 -1098 188 4 -739 947 203 333 1300 97 -1222 1045 -70 -142 -307 -305 415 227 499 63 -1396 386 -137 137 302 -166 -512 -836 -613 -690 242 -1162 347 -223 263 237 -97 -872 203 726 448 491 392 -1 799 393 -397 -592 21 -418 17 774 -318 -594 802 238 98 -171 -745 111 -112 537 643 856 30 568 -261 -520 324 -813 -322 283 -505 -869 -830 214 1225 328 383 -437 -348 173 1303 204 535 -494 168 -336 -131 -864 -257 110 453 378 1538 1257 -273 -239 -489 -887 -682 -81 -235 311 -262 -345 75 289 -1074 -668 4 -35 -276 -70 42 -73 1360 -95 -2192 748 -644 -457 -1257 -1166 929 355 -23 -1732 786 -823 392 410 -152 -1088 -673 -676 -594 922 -238 327 201 -255 443 172 304 612 -813 -335 -143 -118 -203 1590 302 -680 361 339 1061 -536 5 -417 -394 888 -635 236 -679 -799 403 902 954 374 33 -188 522 -749 -338 -1596 -263 312 -1338 -326 100 660 -1160 314 245 769 -127 352 -21 788 -44 -173 -435 -1257 671 493 -1275 -277 613 658 -673 -444 -656 393 475 -313 926 380 229 -16 -266 1644 -628 267 -32 -1624 299 -436 -804 363 1346 358 174 -805 1402 110 -783 -463 96 865 38 374 -160 991 283 140 618 -1069 -265 1013 472 -931 1072 -1024 -1224 37 113 -506 -846 887 -83 452 -988 111 -317 219 809 248 -743 270 41 -1076 177 -114 -854 145 165 408 145 1168 -332 254 -207 255 -623 104 
-116 -559 -160 -172 100 -56 -966 -46 -1233 -1 922 -958 541 -474 270 -350 -39 502 -124 -444 99 -126 211 14 743 -907 337 252 -34 558 28 490 422 1071 -23 -363 136 -239 196 309 464 -504 -145 23 -993 303 -116 -988 182 692 1606 196 1142 -89 -615 -419 -900 26 74 849 -81 -417 262 1120 -810 -44 -903 990 1305 -1071 109 26 -239 466 627 -452 -231 -317 951 238 -105 -351 991 176 -538 734 -345 350 198 37 930 31 -212 -91 768 -156 -359 -71 1224 460 -201 3 -261 880 92 -379 -301 -1477 -285 282 1556 725 272 310 206 1017 301 -145 564 -906 575 45 432 -16 -709 864 -855 -551 -199 1071 569 88 685 110 3 48 -174 663 1273 -1212 -567 -182 1012 -1347 315 -758 965 -406 -956 -678 973 166 158 16 975 407 999 1061 1024 -619 355 -479 -817 624 -399 1373 57 -531 1042 516 -2341 -344 104 -780 1145 -306 140 -410 983 127 768 694 1083 -1309 -356 1338 1080 378 -536 -159 -616 427 -98 291 -474 1530 -827 -785 433 552 839 -160 1217 -114 58 -36 -273 -516 318 -220 198 325 247 1147 169 -1085 -93 211 -871 -43 565 -803 1189 -836 104 -1009 182 -592 603 -636 -983 -823 -656 1814 -807 -1116 756 -1502 210 -152 1008 -639 -780 -213 -527 -1027 -45 -904 -981 -729 714 775 -1479 858 -44 445 80 -776 -211 395 303 22 -249 -276 -181 558 12 -851 324 358 382 54 -57 567 594 95 228 223 -339 1140 -315 34 -382 -747 -29 10 663 -1755 159 -664 -591 921 -85 -37 118 -846 694 -1055 1352 861 
-810 293 -1096 955 59 -211 539 -856 376 -1110 -158 355 521 1096 743 789 -283 -821 368 -327 314 -442 14 -256 469 -3 72 352 -700 -122 1157 -241 -427 -600 293 45 -1017 1321 1170 -668 -209 -309 -213 -362 -846 -978 56 151 -353 654 -61 -431 -713 -69 27 149 250 -520 55 -307 274 -683 -865 -149 -484 -759 -375 -1151 -122 -186 1208 390 261 -926 154 635 772 40 702 186 -1297 -221 46 85 -860 -600 -555 1653 -866 498 436 671 1022 -511 855 1537 -250 -668 444 1183 423 -441 692 330 -159 33 4 -181 -26 -886 -1040 -686 -431 -6 628 1642 77 973 -372 392 1050 -318 1071 530 -324 -211 -416 -890 398 -257 -12 -473 148 715 535 -635 -472 -446 138 202 37 4 -802 -226 79 -154 277 -1381 -1113 -2159 -159 572 -372 -86 -90 -647 -763 112 600 -959 -96 499 659 -810 -82 -290 321 253 778 -703 355 541 -1176 -260 75 446 -127 -92 125 152 -1132 -481 -1159 607 -1097 -280 74 -813 1003 158 978 -34 -10 116 -94 -404 -877 -709 778 -472 -58 644 797 -992 -670 220 367 -1049 -344 -330 654 -358 890 -501 65 -3 -726 190 -1029 18 -4 284 -488 -109 23 556 98 418 -709 574 545 -376 -1606 1 49 65 -228 291 797 416 -276 -557 -314 162 -74 323 207 -1241 948 993 -358 665 492 -416 -745 -309 -423 -309 231 -965 689 745 406 -155 -96 -350 -1301 -351 -162 -685 102 -88 -288 486 -1076 671 -239 -470 962 -43 493 -197 -235 -52 319 -546 234 1159 -603 398 196 -329 95 -557 -409 -217 -694 32 123 9 
-490 -503 314 512 425 488 -108 720 -866 323 427 -984 814 68 -775 -767 -550 -335 258 275 -247 599 -878 21 -929 172 476 -592 -82 -147 -306 452 -287 -593 -203 424 -232 373 -23 -594 -524 63 755 -616 -977 -1608 -259 -104 63 128 -124 -722 -781 150 -487 539 -52 624 -411 -330 1092 -187 529 251 -468 75 1419 -520 -512 530 -210 795 494 -1247 -1013 -790 -539 -573 -696 265 -451 -796 193 542 764 -574 281 -864 -180 599 680 -18 289 -492 342 -1750 140 -349 -654 -613 6 1219 826 -197 68 -840 712 654 31 -617 780 -56 274 622 189 618 -243 -729 -279 -873 -115 -246 -11 479 -358 -1051 21 474 -283 67 476 -878 593 1156 -308 -427 -239 816 -456 1298 -3 -446 -261 1212 -542 662 -523 576 -520 1232 -597 142 380 761 -1231 -182 210 -360 -545 677 -939 473 326 412 4 -64 -860 -934 755 44 179 -176 -41 147 94 -119 -1173 -794 472 664 -82 -160 -731 -572 330 -600 -1306 -1006 -1337 80 399 390 -658 -130 295 296 50 338 -417 371 -189 -16 -423 1210 49 211 -901 279 -541 -931 776 -264 71 -416 443 -6 -349 496 -206 1271 231 -68 -456 673 -161 653 579 -5 -393 60 1311 1005 793 -1075 -1313 1417 721 52 -47 -860 21 -231 467 169 499 481 -264 734 -35 -255 -658 -1090 1014 -250 -775 130 -627 6 7 2 549 -983 -132 180 -654 1026 -291 502 -97 252 -1045 -976 -96 -366 784 -1024 142 297 -372 282 524 17 -644 -351 75 285 884 -49 -282 974 -580 -986 617 800 -645 1021 -147 909 684 363 
-797 -149 -764 159 394 58 -505 -49 437 -519 471 -48 19 -816 195 922 -94 473 738 -483 -271 224 925 444 461 500 5 254 -243 -21 635 495 -985 -552 810 -498 323 634 -593 -162 -197 617 838 997 62 -284 135 1698 1 -1023 820 580 -648 -119 448 563 663 207 -156 168 90 -2 92 919 -499 -591 -1008 -407 -363 -130 -635 447 56 -226 -649 -502 -338 -614 404 -694 -1293 -916 90 242 136 1622 -378 -530 -162 -243 46 -1015 850 1172 546 332 -244 1072 -774 210 -595 489 -1093 -265 -27 76 986 24 380 -443 -169 1080 636 -179 -284 573 111 313 -382 1193 83 134 551 657 334 -46 -526 856 -1061 -74 -584 -473 -1123 93 631 1016 39 -704 -199 715 -245 183 -131 -570 -362 221 -664 -750 319 331 -538 451 131 -980 -742 1686 -401 138 -460 -268 -576 468 -476 -747 507 -68 495 -144 1360 -357 -569 -149 962 -37 493 445 301 114 842 228 1246 -167 -1459 517 -699 765 -457 -699 236 546 363 602 -130 -92 860 -791 -167 -837 -328 -88 233 147 -552 324 -271 430 -154 1582 -727 -205 -549 -279 563 -159 475 -267 903 -1406 1164 15 214 -1415 -813 -633 157 -747 -798 -148 -733 471 676 613 769 75 -76 -126 933 -1027 -460 -231 146 886 644 255 796 512 -304 1024 -53 -442 -630 -642 1431 -291 -238 1583 141 635 -243 467 663 -547 -1019 -439 -841 755 -730 186 675 -142 1252 543 876 -979 6 253 -950 497 -984 370 1102 364 -1088 -644 469 316 -695 -322 -756 -224 -474 -35 -760 625 50 302 -77 -431 -234 528 
-108 186 398 -384 -363 1485 -422 -1224 -475 -616 202 838 611 -595 -50 1179 -514 -405 -499 -260 -2 656 -836 362 740 -70 -139 -128 2421 -578 -21 568 -185 -402 -1022 237 -1573 1051 477 1169 -7 48 -214 -341 -474 81 -73 243 378 1 80 -356 157 52 1040 -175 -8 -519 -570 -376 808 101 -954 -387 -46 -424 63 -306 -394 -480 -84 -1047 846 712 54 1 995 391 1110 417 831 1399 -462 -1059 -256 -548 -1087 -136 375 -143 279 96 -98 -319 864 637 494 944 -266 659 -1696 -890 668 -1245 -538 426 -410 -1047 604 549 -580 -574 -1149 373 -26 456 -156 -241 640 952 1070 -1120 436 -962 -644 -163 -477 852 -562 -128 -386 1270 -49 -118 162 127 359 -626 -394 -74 -431 -479 -1794 813 396 -186 1790 -826 85 329 1048 -54 21 193 904 -539 -734 -306 241 -64 -104 1242 146 331 461 -1173 -812 -259 -974 105 512 -928 949 -338 309 -422 621 672 -571 133 -666 330 680 318 482 -761 665 -63 613 435 426 356 -797 -164 -499 -597 266 -1167 731 -810 -200 532 -171 -1097 -218 -950 527 -703 115 79 744 154 863 -201 230 -1420 -303 -561 224 -889 -1296 -276 -226 220 246 255 114 204 -60 -124 -166 -388 276 997 -604 -34 -494 833 475 -271 -164 -1072 867 -468 401 536 -689 -737 1706 1509 -428 -333 -613 1182 1126 199 866 -984 346 -272 -808 132 -481 -574 -917 1072 -109 -448 -424 434 -196 1638 -118 513 293 32 203 -58 -225 -693 -288 901 -144 515 -1208 117 1088 -348 22 -513 182 -324 -80 -136 24 1095 902 -58 -1331 -735 
-19 256 843 740 323 525 66 368 43 -414 159 544 -494 656 274 -140 -346 -546 -586 605 -927 254 206 -338 996 38 -140 68 -249 1486 175 56 -409 -223 236 986 98 -174 -167 215 91 203 235 1116 1074 85 155 -68 -453 -109 218 787 8 207 -493 -858 652 745 -256 -20 -499 850 144 488 362 767 203 -447 -540 -640 -1028 147 1016 -227 858 -1167 149 -23 -537 -514 212 391 425 -1105 72 117 -711 -338 -601 -613 589 779 -580 -227 504 -87 195 -369 290 -465 881 -171 -360 -47 -353 -21 -153 -439 -63 -973 -1387 181 -238 3 -170 -374 -961 -729 27 27 689 927 136 -392 1101 -395 -491 43 -496 -499 -136 -414 -464 425 -617 -335 -182 -947 -1832 -200 -806 -336 -518 -179 -562 101 406 -129 -84 -482 -926 1106 1090 -273 -805 397 765 -863 576 -1453 -177 309 1548 92 1321 -358 -35 340 451 -797 146 -244 658 516 491 -593 297 -1018 401 -689 -1304 -552 -917 907 -449 1306 -62 -727 -69 956 -369 206 567 118 -33 -743 476 -108 133 175 221 26 -935 -163 1028 151 -204 -356 600 881 352 427 -365 -503 -884 -62 251 583 382 -611 -203 682 -152 -274 -518 297 138 -730 334 577 275 880 215 -346 741 734 124 367 337 -339 -598 -886 -95 283 -61 -86 546 -884 -177 1017 -257 163 -626 -205 803 380 -656 -188 -603 -1000 187 143 804 -775 1342 -540 753 545 -387 819 674 718 -380 717 216 -400 -5 713 556 -64 -235 313 535 -368 -426 -221 531 966 -755 589 -218 519 -282 -605 -585 372 -284 412 -1024 -136 
-1068 439 -300 1219 -625 635 -500 985 -530 1505 754 -703 786 -433 348 1052 -360 95 925 1614 717 424 -663 -893 551 821 225 -745 -304 123 -509 571 -331 -175 -241 884 -456 -425 -946 -11 1599 791 -97 -802 -945 407 -296 -1412 -16 483 -969 220 578 -21 407 86 1101 280 -188 -456 1187 -218 -259 275 163 61 1298 427 1476 -1224 222 995 -315 460 -568 -131 -628 -508 0 -95 -1079 -1059 -430 1065 73 -164 223 -261 922 879 -96 787 -598 -157 734 -808 -934 868 -549 -459 -350 939 -418 850 -99 -508 855 -287 -355 272 507 -322 -97 -1271 -313 -35 -1503 -457 80 -844 -398 718 -767 -36 468 -664 -96 -208 60 -698 1433 387 154 -574 -788 -588 262 625 360 421 -178 83 286 -842 108 711 -189 -739 216 914 916 -504 197 1424 928 -726 -776 469 -714 102 350 -502 441 -157 574 226 -694 -751 79 871 -79 -101 706 -184 125 -509 916 -584 -48 657 -562 777 -437 -489 8 773 -215 -153 -186 -909 355 -719 -451 -425 -173 43 -985 565 -735 -970 -1264 -252 -674 450 830 138 -317 433 -573 802 299 702 -248 677 149 1104 323 499 -1561 768 -80 723 126 -152 355 -776 -484 -489 128 -295 -567 1323 -156 174 -461 957 828 454 538 82 -600 1184 150 -421 1390 153 -626 709 -84 194 -181 540 -118 -13 798 168 403 -765 -778 507 769 -329 357 -994 720 573 -909 32 760 -480 297 -391 914 298 375 490 446 -224 -57 -655 136 -631 -490 1722 1036 333 133 -1345 -511 873 -120 -667 -517 335 -131 -90 -919 1066 -738 1381 
-192 434 561 -125 200 556 -1024 -571 1137 329 -338 -397 -1265 -39 -836 554 -30 -439 54 215 1095 -263 33 1033 -1836 480 -255 -245 153 126 104 -252 876 164 -806 2386 -557 791 -1691 -236 -353 598 557 1707 1337 -13 -86 -557 64 48 -371 -1328 304 194 1085 695 914 -410 -1163 -322 426 341 1016 -556 1132 212 -180 864 -14 316 250 107 -338 -576 -143 1258 345 321 38 604 -83 -708 -706 286 550 -535 573 70 617 286 1174 1010 -258 269 -463 128 100 1303 -272 -672 406 -409 798 309 428 -248 -316 -628 32 -145 -519 -368 -548 430 1030 342 312 -350 317 313 -670 566 699 765 -299 424 -824 455 -1113 -2 902 -51 -1062 -236 -489 1302 510 58 -829 68 1008 -63 -868 -403 330 -144 -148 453 -165 750 -450 -376 285 1721 -91 360 -406 975 -58 -648 407 659 243 -159 559 -298 506 -263 -119 661 -668 534 1570 277 444 205 10 -352 74 -594 -346 -379 345 -20 -100 222 187 -847 1311 -968 783 885 321 241 178 -117 -105 -377 -1401 158 -878 549 162 -321 138 -157 -967 416 190 589 -852 -542 -161 -207 -359 461 554 500 -414 536 -765 1754 -147 -928 52 346 30 217 913 670 162 -549 273 993 419 -710 -573 675 -521 371 -532 -326 795 -131 1252 -61 -493 157 61 -246 -618 -1132 46 114 -318 -687 783 459 -610 698 560 451 218 440 -606 -230 -848 -2 -410 357 -2030 -1118 -481 234 105 395 -511 -611 -346 -78 974 342 -284 690 1171 -947 -254 777 -824 760 1118 -785 100 -532 -390 -330 471 -532 79 -568 
-407 -277 509 113 -772 287 -1245 -983 1041 -191 -609 -743 253 -240 362 135 108 -491 251 755 402 -307 -756 -475 -962 -387 736 -261 239 -551 18 759 -110 1285 -131 881 -100 -658 852 106 -718 -116 640 -491 -25 -1758 -1598 1205 -358 -498 -12 48 1888 1029 361 454 1296 -604 21 660 -421 570 -126 -309 -311 15 -639 410 1280 782 702 -109 -887 -299 -565 837 -309 478 485 134 235 474 -374 332 -321 645 430 568 -3 709 -884 -403 -32 -7 -552 1007 -140 -448 675 641 1541 -539 351 -35 -498 294 290 266 -395 1085 511 -1128 -424 -374 -65 1008 -576 511 -541 -534 -1418 -106 -659 105 -262 364 -143 329 586 -683 45 -313 2 -864 106 1142 -509 727 779 -407 -38 83 413 119 -780 -843 -43 -591 -1747 297 305 1 624 1591 600 -771 666 -702 637 -646 847 -81 634 272 -127 -472 1023 -174 -624 -30 380 853 -643 -377 -340 1355 -1142 -253 645 723 -463 1262 725 -211 101 -271 673 -1174 -185 732 -983 -495 902 727 -12 1001 -1410 -924 558 -1479 -429 -240 -661 -629 -1623 279 -904 215 -1071 551 614 -27 1530 459 482 249 -825 148 123 1225 -559 181 -251 -762 72 -340 498 178 39 -63 333 -14 -687 1333 212 513 474 713 -143 -373 -1409 -454 -599 200 728 -250 -269 1620 999 -433 -133 1143 -946 -561 517 313 802 -640 203 1221 633 -4 63 215 -672 -112 117 -274 -249 149 -78 -1125 -649 -341 1190 -386 -438 -382 -790 -428 -63 -357 -96 -299 -469 671 -507 47 468 265 -785 -632 300 440 1063 219 470 -520 -812 -892 
280 1 830 -494 518 107 78 640 260 321 -880 -209 -147 741 -1088 -6 -606 -657 -305 1302 507 -190 -1492 -142 82 63 -1129 579 108 6 856 366 170 172 -95 84 -86 171 -196 -405 -646 393 434 -786 -129 965 514 465 594 -8 432 -494 386 -496 71 96 373 -1107 -466 175 840 361 509 1036 -204 -210 428 -1007 -87 142 -200 309 411 -1617 -1162 816 456 -1181 255 476 -518 -234 -579 -26 356 22 -72 -90 166 227 1021 -92 1216 -77 -437 -828 -848 -219 256 407 -274 918 18 290 -911 47 -431 -511 374 576 -1738 -71 578 318 -487 73 317 -238 -220 442 493 -292 390 -62 -25 -922 513 -886 274 469 419 123 -41 747 -1099 475 841 333 -489 -461 276 -196 435 -37 -737 -474 -322 -722 -913 -695 -695 291 -42 -520 696 843 339 186 -1138 412 -900 485 -110 -554 -131 231 906 -10 776 79 25 1 -70 -476 269 363 718 466 162 -291 -382 -1288 -463 787 -470 576 643 344 -27 -506 -1433 1287 -166 229 13 -175 443 -445 -1193 -13 236 590 -238 189 -1124 -1298 231 -146 392 -449 919 -410 -500 -1601 84 -237 630 643 -965 15 -134 776 -676 -656 -15 -89 610 288 -773 646 261 -410 930 -1128 -1208 -581 -452 1020 -521 637 653 120 60 505 -175 356 710 -598 600 -50 287 -141 -114 809 -171 1075 1311 795 -153 17 -402 -469 1693 -311 487 -156 259 -894 32 11 100 828 -578 -387 -231 -866 32 591 778 -394 379 -435 210 -714 -511 171 407 -496 -552 -1074 -624 394 150 850 631 -59 114 631 896 -724 
10 1230 -250 -124 105 118 -430 382 -601 -256 -811 100 386 -1253 87 -30 630 -142 -21 -1101 -28 430 -59 80 577 -164 -1265 -1062 96 -118 694 559 694 677 683 337 855 -9 668 -337 -288 524 -124 379 -1025 -170 413 851 464 1647 1845 73 160 362 278 -681 838 960 -1325 464 914 964 -1453 343 443 909 -653 -1017 -612 1963 149 -328 -57 193 417 276 75 709 579 -14 626 432 -400 -1032 -60 -112 1006 80 -177 1000 814 413 309 1285 -658 160 771 121 -1138 -525 1340 861 -309 -276 697 1086 -21 1593 145 -191 -1219 -82 1735 -785 283 16 45 -12 -803 232 81 534 478 497 -362 -210 -256 -95 -110 -210 15 -266 194 651 -1382 -892 -902 342 666 1042 -502 -313 -478 -47 325 -843 -208 -460 1074 -860 -244 -1172 -136 433 409 328 -63 -188 -1365 557 -1678 1079 627 -1170 1025 380 86 -2224 -967 -533 306 84 220 -543 374 881 444 377 197 498 122 852 -575 -738 41 1236 550 925 98 547 -406 -438 -202 775 -236 22 -198 1896 -437 -1136 -494 -886 -459 161 243 -12 -186 -480 -814 -621 24 72 144 -310 -96 -54 407 325 97 -640 931 533 568 60 110 -1184 708 991 -742 -220 -70 -87 384 710 439 560 941 -1100 318 -46 -395 -193 560 1590 831 -102 827 -217 305 54 -550 1216 -83 132 19 -693 -128 1379 663 419 313 394 -112 -229 1229 -845 713 -722 599 -1137 137 409 327 -1052 665 -679 577 -83 214 616 199 232 638 -892 29 970 181 -568 -606 -609 -708 850 -866 818 656 -555 431 105 88 822 
-99 225 290 -865 818 118 314 586 149 1233 -13 -951 286 -855 -606 -161 -1398 1632 970 623 -325 268 465 14 -209 -261 264 -254 74 254 -45 643 -232 855 -703 1 -467 -388 -159 685 584 250 186 -624 -14 -546 -612 -513 1261 946 322 -43 -1044 -612 -780 -63 -289 195 488 -2146 -29 93 449 250 -426 856 -52 118 532 70 -608 -355 -733 -445 -463 -1396 -775 -797 -491 445 661 724 611 974 -182 -711 -544 -832 492 1630 -161 -704 -1567 19 -136 283 154 -475 -600 490 972 -320 304 -328 -1010 506 387 16 293 -239 310 282 -106 51 -50 -627 -339 632 128 -168 399 152 998 -97 -304 -346 -459 562 1483 567 -84 -572 818 327 -600 -541 -309 1267 1205 19 -1031 -188 -521 -43 92 902 -110 1161 452 -533 742 -35 -489 -366 -126 -371 -46 902 32 -669 -1387 -288 -294 -287 -136 311 -530 170 147 432 34 -51 -712 -1427 1324 -1 269 -225 -369 678 -778 485 467 494 625 699 -266 231 795 -47 23 107 -175 -1129 -1062 1123 -116 -289 429 -100 109 -306 -17 185 -167 687 1204 918 504 -140 564 -213 -155 539 516 93 -301 -258 -350 -369 -739 -558 791 207 892 214 329 677 -238 -1096 369 227 -247 324 -98 152 294 -221 289 -149 -290 176 -674 -305 -748 854 750 1383 740 493 -126 1080 461 605 227 -163 -319 341 757 -756 -15 -255 363 -474 -1107 -945 -220 -314 216 274 1164 -977 589 -439 479 478 -404 -322 120 199 -291 -1056 336 -571 94 -11 1081 -719 -743 715 800 62 469 36 252 -153 -111 590 -200 287 
-722 -553 -1020 1069 106 -180 -203 741 -392 -430 317 106 691 857 -61 124 562 206 752 -497 203 -678 -1143 -634 -463 -1053 117 -733 139 98 -338 -79 37 252 -217 -301 386 -167 -546 101 192 -523 -550 -333 -1218 716 161 -87 442 -565 357 326 -206 256 477 771 -662 -457 -896 385 -976 667 -190 234 285 -878 468 -101 -428 -354 736 170 -685 1201 237 -1118 346 -105 957 26 1039 865 -1121 -110 390 250 327 -136 -521 6 -666 906 -511 478 -237 -131 4 -377 1099 1267 -715 253 -541 578 4 183 -265 109 -75 1061 130 -501 -647 1135 116 -208 38 1073 -293 1202 -131 -1050 1170 823 -477 982 653 -1049 984 -945 -900 1483 811 926 584 6 181 -1119 913 244 -630 69 651 -564 116 -731 -699 827 -400 -382 257 451 553 -650 186 -1221 -733 -708 -535 1618 736 -253 -123 298 405 -427 -404 561 -810 247 84 -948 430 -20 -361 -1005 -247 -274 832 -800 636 317 -875 416 -18 -88 -134 -477 817 -25 -195 648 -612 36 72 157 604 -636 648 323 326 -42 553 640 131 297 20 -224 1011 -291 -721 -211 -130 -546 -623 -707 90 -342 796 529 -209 -91 -946 -226 -120 -21 -1076 -527 -20 1096 647 1030 -1875 -125 557 -1442 -444 -1009 -1326 -1039 -672 608 -262 241 -156 -680 191 544 -360 457 514 -56 -302 -781 -170 83 462 -970 871 -677 -132 -211 192 -314 -199 249 428 785 -298 466 348 613 -33 -291 357 443 1138 245 345 353 -529 -122 203 406 -104 806 -1268 -888 1156 -618 275 -397 48 -446 -268 605 407 -405 362 9 
-527 -129 -502 418 -381 13 457 -681 1288 267 -648 -1226 984 -129 153 -651 510 -298 -576 1560 528 1011 1596 -317 323 -17 136 233 -30 -297 425 56 249 -429 -980 -380 -291 -82 -89 541 -333 688 -4 1415 854 714 -503 147 -1360 -1009 619 959 -592 339 -1165 -269 -273 564 108 435 -1035 -52 -202 -483 1 -88 46 1006 57 -479 413 -175 -126 457 653 755 -1099 58 -241 977 -496 398 855 -519 -917 -466 -1243 144 -1019 167 -238 -333 17 15 -196 -13 -622 81 826 -780 1383 501 221 556 901 903 -281 94 -487 40 694 -125 57 682 -587 515 -1147 -1356 836 -1116 516 393 582 -348 -252 -348 -1061 -2 -182 -897 76 60 -422 460 -823 866 -972 402 -1044 -1512 -818 -110 894 -667 178 -166 -11 272 -1279 -353 1317 -500 -22 858 136 141 -318 -1226 -491 405 185 -159 -476 581 -3 158 -801 629 978 303 180 530 387 143 283 -506 -116 98 636 -351 -221 -1728 1174 -643 356 -751 -140 -164 196 207 -141 -1575 423 711 -1165 -959 234 709 -160 261 -253 655 507 -146 249 -535 184 346 911 751 -157 40 117 584 850 -503 320 75 -397 40 -1121 -995 -165 -679 -1094 951 680 112 -111 -979 -411 326 707 -139 496 219 -63 929 1668 -77 -662 247 -939 -286 -1248 55 178 1056 -420 -95 1216 861 -1541 -394 -671 -1287 -122 -151 974 -190 -317 -1271 -582 -462 -176 226 510 -90 -397 -188 244 -1713 -1071 -211 410 -355 -666 939 14 -49 513 -22 -901 477 555 521 376 -1165 278 1008 -1130 -1423 455 400 -686 -148 70 -230 -696 149 
108 665 -352 604 430 26 229 1044 -210 -308 -331 368 -1268 347 -515 -103 -80 1036 -312 -244 -177 650 -444 481 143 -933 91 76 69 -266 1285 -147 -170 -1754 874 552 -549 -1305 1269 273 826 -853 318 -72 -76 -1110 -104 672 -1286 23 1441 -51 452 211 411 557 856 464 629 708 432 804 -245 157 -332 -460 -573 -1038 404 56 256 -119 -781 -403 728 1017 -217 -207 -123 -72 -454 895 -196 -1191 439 -388 -811 732 -785 346 -569 771 -1045 -28 -353 313 -670 -915 -51 -59 -1221 726 -1671 -269 661 -50 1068 30 350 -504 -599 77 -499 -761 483 -373 -152 357 -64 97 -982 86 498 224 945 1003 -927 192 428 481 -155 361 268 414 460 -385 -132 -396 161 -349 -1301 810 211 88 -159 217 576 -1418 573 102 -155 -606 -959 466 -1244 -505 886 -669 467 -952 -1054 122 -1924 188 38 129 209 -442 -492 -205 -203 976 -643 -124 -50 598 -633 -294 -367 838 274 1587 -380 -438 502 -1020 129 726 -1158 -66 1556 248 -706 -527 836 434 -65 -160 -1201 586 -791 196 636 211 -283 253 792 41 -116 -279 671 -278 -1098 15 754 -732 -684 831 -319 509 -492 6 250 -297 438 1167 304 -180 1203 -611 244 129 -1580 99 -500 440 -658 -475 401 528 609 712 -627 -875 -1117 -68 35 -1298 1027 -1171 -237 262 -793 -456 -539 -199 251 -276 379 324 -518 -266 533 -1095 -1508 -494 465 -785 1243 128 728 -311 1740 902 494 -1093 -1289 -1149 -1308 60 977 434 699 -391 -586 -713 1801 -349 361 -812 -511 -171 482 816 -716 -192 1727 -80 212 -832 
-1181 1453 454 -341 -736 -34 -583 31 464 -271 -358 1935 321 43 175 506 -1008 -393 23 -376 -1497 -192 277 -374 -1071 -304 682 622 233 405 -572 859 -210 149 -67 190 553 -334 -1241 -315 152 -1115 261 291 977 -1249 236 -677 280 1480 -47 215 -600 820 -346 85 829 -122 -672 -185 -607 -407 1101 -525 -260 1211 622 952 635 105 179 1442 322 1076 178 407 643 -532 1217 472 1614 -252 -125 -375 -326 -1042 -297 519 969 -255 64 -869 -906 -11 373 823 -551 606 528 814 888 -427 74 -349 -393 257 505 577 701 -850 -1057 110 873 736 -541 -26 134 889 -1 329 306 91 -1062 202 52 89 349 346 124 172 -628 -141 -460 419 226 1105 -229 940 1512 -418 -350 796 -851 -1305 1072 -107 -1353 738 -289 104 -63 -286 -1526 501 -366 -209 16 -874 -1188 -180 259 -454 -335 26 -719 -1004 -340 -1430 206 7 -1069 523 -939 135 -462 738 234 247 432 -206 -144 -312 -448 -86 -188 -535 1428 -802 -187 452 356 -373 -1200 682 1746 -598 800 251 376 392 -207 -1076 -1790 -530 -173 155 20 -412 -2 691 528 209 847 342 -132 -266 990 -344 581 -423 842 -411 -1253 -375 729 -640 -151 -159 -609 -895 885 -736 -824 437 213 330 912 -878 713 -162 -544 -671 1091 130 4 -417 194 790 -444 -94 -279 -222 -600 405 5 736 756 -464 -117 515 -821 -632 526 210 157 -178 -769 -336 30 1041 371 266 90 -195 577 -121 270 197 343 -1756 113 -409 152 -1105 428 -1 -483 748 -1465 -174 538 -34 -176 -1485 261 399 -409 -1372 -703 370 
337 28 1045 -545 297 660 471 715 -833 -312 492 562 948 429 -408 737 603 1097 107 -667 -278 -92 -795 1188 437 552 -211 -469 473 1142 -559 699 -120 -253 -1728 -877 -631 -269 -194 -636 -17 -700 -989 -1233 -625 -1251 666 -829 933 724 -443 -905 466 482 180 321 532 472 102 276 -262 862 -997 -913 642 -1546 -522 -261 346 403 68 688 -541 898 -2079 -297 92 -873 -95 -435 370 -467 -643 611 -29 134 804 -64 -398 805 693 -140 52 328 552 -183 435 -380 251 346 -172 -489 -759 -323 -159 -288 266 -246 -736 -998 -385 270 -93 832 -288 317 345 883 -32 -449 200 283 953 210 70 -630 -712 364 -807 -432 450 602 95 1140 -110 55 -246 -976 125 1331 917 554 -1885 -495 166 706 628 -90 -12 469 -63 -302 139 -136 -429 -720 -1165 -187 33 271 -183 295 763 -221 -280 -161 -1070 -957 440 -928 -424 -864 203 -1131 -1215 1010 826 161 -642 -154 -2165 1131 -802 1162 20 -918 -892 -84 -250 877 832 232 -346 -921 432 712 -869 1086 -506 -338 -400 650 115 -216 -193 2185 28 -1268 -849 -99 857 -359 210 5 197 831 -850 -31 -995 -736 -505 -265 0 30 1135 1284 1318 192 -1865 210 120 -855 145 -91 -1006 924 1159 -767 725 438 -577 477 -452 -296 -439 795 146 -441 -185 1181 443 -358 -163 -929 999 -598 488 -244 -190 -342 -51 281 765 114 744 -444 -722 416 -405 134 82 -135 44 -245 -522 277 49 -252 349 657 -814 861 140 311 751 289 415 35 -1065 308 -239 -982 -34 -574 -98 338 -467 317 206 -91 
1343 -1822 1033 -517 597 210 -357 -120 -458 -1392 -293 602 -160 451 -1476 -161 -104 -429 259 -773 436 339 -405 -404 -347 -475 638 2 400 -1160 850 238 -542 -626 -323 365 -547 -721 283 -1078 -607 34 224 474 -918 -892 543 600 66 -1018 624 255 -68 -679 -1170 -560 -419 -255 -197 50 56 -254 141 -579 -94 -1598 -158 1265 -68 1025 -12 189 720 -113 -1080 957 -328 205 -243 -75 -641 -107 -110 840 -145 -251 565 1398 -909 -316 450 91 116 -1238 -560 121 -675 -740 421 -724 95 180 683 377 -15 534 -654 594 64 406 237 814 699 452 933 -115 -1658 -228 -463 408 305 -235 99 -141 509 -602 -316 860 -978 573 -266 779 -831 241 269 407 -53 -178 493 -144 50 804 -89 359 -71 -227 198 161 -135 -991 -389 309 788 415 -1166 -1487 -645 -350 60 -2353 -928 -507 513 -104 -301 -402 -237 1423 -13 -1118 -875 319 504 -1068 -644 -1068 656 -1510 -518 703 -24 -207 364 196 -108 -205 533 70 484 709 445 -963 1001 -76 291 651 614 -780 -292 593 292 391 -1088 21 -87 1193 -34 213 -59 -459 606 169 22 329 274 -1302 -1327 130 956 -117 502 -915 408 169 690 -806 355 54 -121 167 528 -349 296 164 -182 46 -837 -1543 93 -1061 -487 -1497 324 219 -1151 -851 -974 -230 372 -477 1050 -324 -259 -734 -680 -558 -1289 1251 -1274 -266 477 64 -548 591 -447 1249 232 -402 -884 63 -467 -61 227 -264 46 -975 -94 -372 -541 599 -74 744 343 482 1885 336 305 -185 -2 -1254 -663 -238 -416 857 574 1240 -152 729 1281 -211 
544 978 1121 -278 -32 -1202 -308 63 -1333 -235 885 -881 263 838 43 -346 -239 -545 763 -770 538 -535 571 -357 159 281 217 693 1304 80 679 938 -1692 -70 -41 -376 388 38 203 1027 -239 -975 -581 114 1166 407 -710 125 -50 -233 2175 232 -1124 542 -686 23 959 482 730 -373 462 229 758 -221 605 698 -511 320 1363 -732 -650 679 -878 284 337 -295 -345 454 -385 -1017 753 454 256 94 -100 173 -42 707 -436 557 764 -695 -221 784 383 -1886 -241 719 803 -925 1032 335 -1448 -208 526 654 -476 485 -395 -178 510 146 1510 581 219 76 -356 -333 793 -993 -935 1816 -236 -115 -67 2 37 -405 -1555 622 394 -216 411 622 21 -1027 -711 5 48 -134 418 -951 256 -580 884 359 1377 434 -325 -340 770 40 -831 -645 1521 260 -225 -539 -1182 935 -2257 -857 -354 307 6 827 120 -435 1217 172 559 -669 -263 528 286 -231 310 353 -244 3 217 435 661 -56 -1009 -511 -450 188 -520 761 -216 -1319 721 651 -250 134 30 443 755 -57 481 427 -510 -182 -950 490 121 90 201 285 -38 852 92 861 552 -875 -467 -473 -297 -63 699 -744 -601 303 -277 757 617 -136 204 -289 609 -277 448 -1 1316 -24 1105 749 -295 -347 652 128 -26 311 -868 693 775 1294 323 -158 -424 -836 -640 -368 -664 -1149 374 -610 383 49 -934 -592 530 -17 152 -1020 -339 326 379 -718 1282 -700 306 -311 1039 -55 557 -373 -83 -159 896 975 -159 27 337 428 -215 -649 -706 -474 767 1240 -610 -67 -17 113 -597 891 530 102 
-75 -606 92 410 688 -208 186 397 2113 -128 -443 -355 -288 -102 202 578 282 -58 671 -513 589 367 911 -765 -1324 -572 780 85 272 -111 1239 -137 596 1395 -32 394 791 448 129 -863 899 255 359 443 1029 -789 -128 215 734 103 628 -95 275 -436 -749 501 506 -628 117 254 -784 658 987 -619 510 88 -944 -92 -214 -409 -129 104 -481 -1292 -729 804 -675 777 -205 246 -305 -235 -235 -344 963 -354 -1049 101 -392 256 -338 -319 -411 -588 -81 -676 -67 385 -659 123 -341 -666 -1331 1353 -401 304 224 -782 -81 -232 468 70 -204 1451 592 366 -349 360 -110 355 -376 -311 543 283 -94 814 1058 701 -1521 1016 -1376 -922 -1043 -288 -1018 520 -279 -608 -301 -1487 238 -221 150 905 -681 -588 -152 242 570 207 709 -175 8 -1400 -174 -126 -51 344 500 -136 -932 -407 387 1115 -675 554 -259 72 337 11 537 793 -702 -528 956 -564 -507 185 146 -591 776 -489 -343 355 -450 -377 1015 -417 -37 -29 248 33 609 -173 -319 534 -935 561 -831 164 675 -252 -2 -304 -1429 -220 201 157 16 -628 -519 40 -238 905 -224 -483 625 -372 -2 -1027 -936 241 -309 -224 38 -669 465 893 -529 -204 -949 124 1050 269 -502 -688 900 -458 541 281 -84 -438 902 -177 75 57 -510 -621 1262 -1113 505 56 309 -7 -370 590 426 -14 488 -389 -637 -489 6 -1364 -806 -94 79 296 -135 -843 1145 -324 -616 1247 317 569 299 598 -329 649 -293 -14 836 -788 612 -859 -36 -940 -1696 -220 1237 659 -34 235 1112 -58 -31 718 974 -306 
-227 -161 -1238 -818 -320 -74 174 665 1005 -1037 -19 -1243 -20 -356 812 -301 117 161 -694 390 348 -439 81 -167 -1227 1423 22 -561 -378 -359 -268 300 221 10 167 -1071 468 -829 136 174 792 316 -555 -1669 -143 1814 82 -430 309 -45 -405 1129 -247 849 -920 -351 -795 140 -520 -568 344 -1324 -388 -1164 -341 524 -440 207 42 -963 19 818 146 477 -1061 334 -1003 930 347 1054 -195 -560 1057 -768 1148 -566 -16 -728 858 1206 281 483 172 -896 -1229 1277 477 101 -659 -475 -1588 -717 170 379 -470 572 1318 -411 -146 355 377 -5 775 -135 63 17 1092 -112 352 147 -952 2 -998 -567 -515 295 354 310 673 -211 -1154 44 897 -748 -1414 -331 -1391 627 1425 -923 393 343 102 201 558 1692 -1443 302 528 -255 1340 -317 -988 -262 339 -357 44 -111 -717 916 -1599 -812 -257 -7 843 418 41 -354 418 883 -19 831 -1614 796 -184 -468 -494 96 -40 527 705 1076 19 -371 27 314 -761 1141 203 -272 972 -410 -723 -1015 320 -1036 1317 486 -1002 -90 -118 -759 200 1094 -725 480 -159 686 701 -152 207 -1041 -228 646 -1079 190 1444 -96 1156 337 1111 -535 1675 400 -862 -500 482 -517 -967 -447 -584 620 -68 -316 599 122 -199 -130 531 -166 1549 -219 -363 -1104 -72 -106 372 538 -643 284 20 -708 -165 -15 345 -966 -51 481 911 -195 135 -65 -142 -5 359 574 -437 865 1490 -872 441 971 -229 -223 -376 126 206 -23 77 -1160 -135 -818 -1365 -397 681 20 -507 -612 565 588 72 -472 47 -539 -383 6 -646 414 -560 240 
59 790 -86 -1185 211 245 -1268 -94 -1575 -1682 50 477 -566 261 1257 -203 222 -1040 85 526 186 -132 115 744 -586 425 44 75 -750 513 -537 -568 -367 -569 -396 -150 667 565 -653 -1161 -264 571 -406 -1071 841 -124 492 442 -1350 -290 -369 271 -516 611 -114 -111 912 711 88 -395 196 1343 -462 -684 -130 -715 -625 398 192 492 549 368 925 -475 -815 52 1164 695 -1142 1559 154 783 348 -28 558 -554 -583 848 -125 -507 598 334 292 357 -142 1485 -38 782 -270 -177 -535 -10 -394 -16 -262 -368 -54 699 229 602 851 303 -199 283 -161 1063 81 736 939 541 -453 -1219 48 537 326 -1247 -315 301 -745 -397 285 1174 -293 -115 142 1077 -329 131 647 624 -188 183 474 466 920 9 -1250 1202 -739 581 -735 -321 273 -70 -411 -345 -482 -450 476 -344 17 -93 416 100 551 -836 -209 582 144 925 -180 -678 -177 716 38 -328 -997 356 309 -543 250 -435 -963 -682 658 389 753 -423 180 194 -108 521 192 473 208 246 -722 658 266 -484 -269 -428 628 -147 -1281 35 96 651 217 -397 -57 244 705 274 -221 396 -565 -708 340 182 494 534 391 -252 -759 758 -39 13 -585 -925 -634 -407 -1137 807 319 -1144 -418 -98 -1188 105 -35 140 560 -545 173 145 183 -580 -600 -897 -1270 615 464 341 -432 770 -391 -173 132 291 -268 1132 877 -168 -977 -143 84 263 -44 805 -66 592 -673 533 -612 -1212 -483 -394 519 -114 698 -1072 -1026 -1931 -1074 96 -664 -851 931 -387 -394 1075 497 -223 -470 -585 -430 459 875 -1101 
276 392 -663 -336 510 75 586 497 -216 170 -335 -319 -595 577 -1412 341 1115 -378 638 -1174 -542 -56 512 -253 725 -158 436 307 -237 -701 641 -381 -1440 -265 1083 -283 1184 869 -497 -571 395 1018 643 -1095 739 -440 1046 -1150 -322 671 364 -966 -656 -1738 -39 477 641 -1 -67 -700 110 -44 -1407 936 1149 326 -261 54 -1085 1169 -790 -106 801 1141 63 322 1187 78 -87 105 -542 256 -248 -532 -867 -604 -439 157 600 272 -159 63 523 -701 -1375 203 41 -1093 167 -157 11 1048 613 -491 -130 -65 -154 -453 623 10 -209 292 -825 98 518 522 -446 327 214 190 325 -211 -542 510 -689 -997 585 -514 -408 -179 -212 1020 -22 -373 -285 1354 -132 482 -389 133 -263 -291 116 -153 1353 331 144 -1238 26 -122 -1086 247 -191 526 -254 -196 -628 -371 -472 1042 538 552 1354 -584 -527 -648 -323 -1030 -424 -147 422 56 -414 657 -34 297 -122 172 -383 506 -8 -1872 1319 -74 488 -1004 -173 198 -116 -1401 77 5 132 -542 -663 -102 1239 -138 921 -181 -97 315 401 564 155 -378 157 -934 -121 549 -924 882 402 -428 -957 37 -1498 -714 -702 -703 486 -336 568 -26 -769 317 -205 972 -535 274 -631 32 -246 425 944 -94 -680 -604 -230 74 -120 400 -1360 708 -435 -752 1488 -193 -1010 463 1049 -163 330 831 1076 427 256 1271 -229 -491 366 308 756 346 -306 512 352 81 506 112 465 587 -1621 -242 1016 -2057 -346 -539 -850 -262 260 -198 673 -242 -166 61 -70 943 -467 -906 -259 966 -121 471 385 -725 -211 734 -335 -692 
-110 425 -129 -63 787 659 -753 -204 -437 -149 754 -331 -1317 200 -653 -903 463 280 -417 294 539 142 -280 -652 -219 -1830 -92 -483 1540 -709 930 499 161 591 -27 -768 -690 403 629 694 -599 341 -1088 -174 875 275 124 667 -888 -744 1382 258 -1102 -513 -670 -1196 -349 528 1457 49 -91 -407 141 -503 -1184 -1066 418 -1209 110 -110 1325 725 1085 -689 46 -1044 -100 298 385 1391 427 796 244 -684 566 -1608 -1238 545 137 20 594 -218 135 -1260 -277 467 -414 -778 567 881 474 1278 873 -11 534 734 -251 -141 -17 1084 800 176 -242 13 542 251 1403 242 669 -1045 899 -222 984 581 -644 646 -922 -552 621 414 -638 -421 142 106 758 -783 1229 447 1233 -1146 -889 205 -300 638 725 74 178 -719 107 -189 255 -779 -169 -708 30 -344 -274 242 -740 -458 -724 364 -160 -43 825 868 936 80 384 -284 -881 149 258 -365 -253 482 662 258 -220 512 1043 1174 1176 -96 900 960 614 481 -786 708 -595 -1204 993 -1492 408 444 -202 -690 1472 -709 1598 -560 -111 -123 290 41 775 123 -224 -888 -226 -609 -848 -323 -101 -918 -78 -94 158 -723 -572 60 1044 -991 -1612 -147 375 -282 -227 1039 -575 -92 -874 872 -418 116 -868 -210 -515 196 737 -733 -64 417 -1765 817 -245 129 966 -392 218 280 -320 -697 -622 -315 838 198 856 1214 199 648 632 -101 -917 271 -62 -858 -120 920 405 -138 -1692 459 112 350 525 -607 142 -146 1748 459 -132 -1390 -660 33 344 227 -1202 -847 191 -214 279 -432 417 -870 25 -851 53 -263 
207 -1147 -712 35 -552 -1072 819 50 532 -769 93 -364 -911 993 -36 -771 638 131 -184 -394 -602 53 168 -487 -408 437 -172 -777 358 340 46 -92 -962 114 -699 -668 621 16 -847 -522 579 623 -747 -1389 582 -429 -1025 197 -836 118 214 569 738 -310 -309 1140 572 160 -791 -564 320 -346 -762 -765 53 165 865 697 -1833 -151 -392 -1057 801 -79 -61 149 -204 -355 -1441 -206 -267 -806 853 577 719 394 674 367 -169 -1451 -315 348 -138 -303 -363 -934 -87 181 692 -274 468 -686 -140 70 101 -250 1008 -318 -44 230 -231 1112 -48 48 -709 363 480 -8 -425 -500 733 -626 -866 -62 483 -1060 457 888 -610 -168 390 -124 -318 -518 380 458 735 -575 -1317 338 162 -358 695 -999 -287 167 -85 877 549 -124 995 -117 -560 -724 312 -322 438 -1521 -1025 -85 547 -308 -229 540 -216 337 -203 655 -180 -515 424 -1078 -90 321 917 -370 -340 408 325 303 699 102 249 676 -58 76 281 -843 651 676 -352 508 -397 -88 -176 -2 669 323 -481 565 -279 458 319 1498 1124 -889 112 47 -671 760 -1371 414 -555 234 -911 5 -366 680 616 322 530 721 -692 -1886 389 -775 -999 -411 -294 731 -620 1019 356 -343 -711 -1222 601 76 -278 -281 95 201 329 -185 -1278 80 167 -246 -729 27 1802 -263 408 -365 730 563 -1274 -468 682 -43 -443 -614 111 -644 420 768 -1685 -198 749 500 1302 1374 -507 -816 -245 570 71 -300 -353 -1800 -126 224 383 405 -1294 182 -655 169 408 410 68 -1269 1049 -740 -1066 618 212 738 -841 -255 
1328 -319 121 966 160 -299 202 -184 1109 -43 -648 194 689 108 -140 640 -453 226 3 -311 219 1328 -120 87 -283 -893 30 -241 173 -808 480 -258 -568 11 564 56 157 -1184 1025 -707 82 -693 -340 -347 1052 406 -403 834 1441 153 -779 840 -748 -619 -411 -1702 -1371 992 280 -267 415 -731 479 -219 137 -749 476 -142 -703 -43 1360 789 289 -906 -430 -123 -446 449 -371 417 -628 208 154 350 79 -1153 -775 -254 -1429 757 -649 -382 -552 201 -1076 1119 -1239 -531 -5 357 1176 281 30 -472 -197 1153 -495 617 217 662 -1265 -735 124 156 704 -216 312 -605 -492 -342 -661 26 348 -1856 -1 317 -574 779 128 34 -69 -496 235 196 14 420 602 69 -477 281 37 0 -270 1453 51 -1098 -1046 -542 1142 -440 -314 405 4 58 144 383 -916 1247 828 382 -148 -333 -1060 310 -521 -639 -579 731 -431 -448 91 928 583 -354 132 339 550 -790 -616 816 -252 174 882 -376 410 452 379 1337 -13 441 1471 -635 907 14 251 -191 -566 -624 357 -302 -550 -76 107 -696 404 161 470 699 482 -641 765 519 -1148 111 85 324 779 -313 -33 815 -683 -445 37 641 -278 -976 24 -52 148 -877 712 291 -807 -558 393 1322 286 -1067 -345 -667 -119 -403 -85 327 -293 953 -17 -516 360 -848 -158 -269 585 -838 26 -212 546 694 13 -227 31 -757 -194 204 -568 -47 -394 -1778 102 1069 1302 -208 -578 451 -402 -365 763 -436 947 1856 -17 -20 -255 -107 421 -134 89 -857 -169 142 -352 279 323 990 -111 -134 96 -241 398 456 
285 716 -589 9 26 229 -1180 687 293 447 547 -745 410 -259 295 1093 134 50 148 189 154 197 526 -160 -196 1122 -315 -205 109 2 898 284 578 -621 -51 373 -1381 162 145 -876 57 331 816 656 -614 -316 1458 139 -17 -667 298 -352 519 -363 -349 -835 -701 -40 -544 891 258 720 -459 577 123 -203 197 -270 288 264 -150 300 298 682 -693 42 479 -976 -428 -972 -432 -426 841 -1302 525 315 195 -308 -1175 -215 -652 331 -83 476 -1123 -160 285 -417 -1020 -537 12 1328 -367 -30 290 -27 -946 116 404 934 304 -99 -451 407 -208 -631 -156 -382 -301 -184 71 -615 531 478 -1367 576 -182 628 -507 406 -299 131 761 -248 100 -1316 416 -933 -96 -466 -855 -84 -604 369 34 248 -1016 -572 183 -110 -76 1650 999 -689 220 -246 775 671 352 -624 -1045 546 25 -908 460 738 -631 -556 -145 852 -1321 1193 585 853 -3 -1216 1423 506 -1574 -206 -758 -1132 -1294 338 505 -188 -1090 215 -157 510 423 458 36 487 -526 1290 421 413 252 -38 275 1158 507 2004 -1213 -558 -36 -127 -265 25 149 148 1058 1837 -1177 176 -757 -744 -1309 320 345 -532 169 1098 -941 875 882 -440 -378 -419 273 -155 -236 467 -504 -241 -791 523 -1436 56 429 -1580 -366 -240 -42 -1066 -182 -1139 -143 -67 -522 406 192 -874 64 -655 827 894 642 -83 -1158 -138 61 -558 -844 -358 -102 332 -1722 213 372 -251 -51 -119 -143 -294 -1377 554 -740 269 106 371 397 -849 -257 -189 619 321 129 559 548 44 20 -699 396 755 80 682 555 -177 
205 -350 -576 649 752 18 -10 -246 311 320 602 -140 -252 -355 -871 472 -803 793 -432 17 -246 1179 -632 838 -134 -575 227 462 168 158 -618 886 143 689 475 1252 -220 -80 28 -387 106 187 762 737 37 -128 -542 -48 32 550 48 406 -434 -357 149 150 -426 145 383 -89 315 -237 841 1599 -866 -231 118 -69 -479 -672 -284 288 -1016 -13 -264 425 21 -1069 -381 -517 -556 -93 433 102 -299 770 -101 -782 -468 -60 896 -981 -164 -156 -835 -558 -358 48 -676 -423 -3 111 436 -580 791 252 -38 -162 -343 -444 867 1574 -545 494 -231 -67 -712 -521 -606 1155 -390 -740 551 -47 238 337 798 -545 -1544 -344 5 -1016 -97 -21 -400 -486 -108 -859 -357 -35 -758 -1421 -108 320 -609 -90 -201 -44 409 -243 -3 663 447 -679 89 -104 257 328 348 -851 -35 -26 809 -321 -483 -251 -167 -3 1076 962 682 -51 -247 -1312 575 -1154 -38 -437 12 -1341 641 567 986 731 -983 661 761 462 791 496 1334 -59 856 -345 146 1383 142 166 932 -287 9 154 358 171 254 269 -299 832 210 649 631 26 -797 1331 -274 380 978 741 -170 92 689 -109 21 43 -738 -771 125 -318 904 -1523 -237 934 -866 -176 -858 -457 -48 -728 319 -419 78 -57 -37 133 438 -174 478 -703 336 -212 -17 298 -683 -169 1191 -1057 943 -782 200 47 -528 -840 -1380 588 495 1121 -925 -91 932 128 -354 -1269 39 257 -182 474 -142 -717 682 504 -563 -772 300 -802 607 74 343 -725 229 -694 474 150 -80 -109 -654 164 688 -650 890 250 
-771 -196 219 -170 1017 1200 -140 -667 -89 -115 429 -215 -128 222 -841 218 -51 -196 -66 -782 -1183 -850 752 449 -1274 116 -424 -805 1016 -441 -153 -872 862 -904 -730 270 -1389 187 -547 589 910 955 -528 285 1146 926 -273 -54 -18 190 -1094 965 -802 52 490 -1208 286 -1523 667 579 995 -689 836 -198 1001 138 850 -849 61 -987 -943 139 1170 -143 -633 849 941 320 152 -670 351 357 -1907 77 130 -697 698 -222 670 174 -299 598 -265 -506 823 840 731 716 -7 -855 -504 538 -4 65 319 -502 24 268 -31 -331 -1154 24 -292 -7 85 -420 47 -605 -634 1146 793 1861 213 1019 -13 159 757 -1 -484 304 778 61 -233 935 703 545 645 -916 -42 -387 1026 116 -607 126 233 -1290 88 -389 -469 724 -432 56 -232 108 275 458 -621 120 410 -42 549 235 803 -167 -198 -272 411 370 545 781 1164 -469 -306 499 467 -647 -110 189 1154 18 -629 -1443 -1972 965 -49 702 799 -182 3 -316 -550 228 -1021 202 -893 -1249 -211 340 -84 595 557 -391 -710 -113 -71 -150 -71 381 798 -17 -129 845 -603 -619 978 332 -88 239 -1295 130 -951 -341 -16 572 596 -135 -478 -777 -176 54 1018 -1197 589 -203 -1347 -240 160 894 271 335 -307 498 -81 249 385 1186 66 51 787 -624 -231 -847 -22 -177 319 727 224 180 411 -25 -1006 -407 1334 230 490 -419 -1424 -596 -1394 -1051 -250 -897 1105 705 25 649 -72 1328 836 926 336 1295 -6 -653 846 489 -283 328 -429 954 -190 -556 -526 -148 -247 95 -1279 -62 -42 403 
675 -709 -435 -209 -939 -22 -230 307 543 -462 -1005 275 853 750 173 -768 -81 637 1216 -579 -1168 -341 -648 73 26 217 -45 -213 -177 1046 -368 -212 -10 -125 45 -184 187 645 515 474 195 -123 681 -536 -989 576 457 373 -363 -337 267 -564 -242 391 301 -890 231 -34 -294 706 120 508 -562 -612 638 391 485 -154 684 125 51 1041 165 -483 506 387 902 285 -513 -1513 659 -1048 494 -18 213 778 -255 555 948 -7 -240 -231 329 -302 244 293 635 -20 -151 322 372 -251 -925 509 502 -980 202 -1364 140 -770 1282 -57 -39 335 731 556 -423 13 355 -316 -1717 172 -308 330 294 -382 -831 -252 -629 637 541 93 -431 -349 510 -293 711 38 -455 246 425 542 -502 -694 506 -57 29 -1341 -872 -405 401 -170 -250 348 689 -631 -24 -669 21 -977 -247 435 192 -78 150 493 1439 65 963 -580 -827 149 -867 -1198 806 1047 809 -876 425 -40 356 786 -259 415 -87 -280 76 -180 184 1381 580 806 816 21 -90 1082 -880 156 -728 -48 -276 -29 -1330 -167 414 -712 915 -1156 -556 -2075 -168 -598 772 -188 610 -172 -328 -649 137 -111 -554 445 742 903 -782 26 -904 -619 -574 38 333 541 365 646 -90 107 -673 104 28 -164 182 -413 -376 -837 795 46 -125 -303 664 -544 -665 -476 -164 559 -410 629 -105 203 -1115 466 1380 759 424 117 -576 -23 -80 1264 505 409 -159 366 -466 -178 37 524 143 -185 637 -1237 730 -223 -633 1028 -217 -109 24 -667 -295 222 -641 -918 -503 -305 -195 561 -234 692 -313 284 
-369 -725 811 -1377 -646 -80 -567 -1167 84 -230 -745 -223 -605 1320 -41 157 -301 145 173 721 332 -772 90 172 -940 241 589 601 -759 -71 472 743 -391 169 -558 1135 -465 355 -312 1070 -46 -740 396 530 -43 -152 117 741 -486 -440 -672 -246 -15 317 -1170 -197 -92 117 -594 -655 1044 -439 -500 -482 -485 -1146 -32 360 -290 -1194 447 -129 -398 -25 1112 590 201 -444 608 796 184 -730 518 665 -489 -285 -498 180 261 68 -321 283 -56 1102 -1176 446 -579 848 -258 373 -515 77 417 355 84 135 -1068 5 292 -308 -73 -1388 -457 -244 758 236 163 588 -7 -254 -413 157 452 398 831 -525 7 -742 281 559 834 -253 766 332 -912 -694 -112 -292 633 683 -163 -368 562 563 -390 -95 -159 394 964 219 136 -64 -968 139 -127 40 721 -81 232 840 -429 54 -82 -629 336 -5 577 -88 750 -467 -1064 -20 1277 -258 -242 -511 44 -986 -265 423 609 623 833 597 840 586 263 107 461 -218 -1157 467 -292 129 -1033 92 1171 -705 -375 -643 -201 -173 254 548 700 225 559 450 -29 550 -1077 -797 482 -21 -264 -189 430 849 -51 -88 1073 -186 1328 1280 -488 793 395 424 1147 519 533 702 688 -1063 1132 -223 -508 701 397 -30 148 -209 -616 -217 -1082 -13 112 -440 155 -255 -621 -949 -1188 816 70 -807 -567 334 582 192 406 -335 999 273 1373 -51 -391 374 884 662 57 430 -1011 -491 -792 479 178 -43 297 -659 524 -635 -1193 -333 -27 403 -362 275 777 150 189 937 -763 1107 -637 457 -846 1012 828 -212 
-198 -722 -243 -952 -108 -233 300 -514 1020 -207 -286 -316 835 697 843 -62 188 384 221 -487 522 -1003 904 -194 707 -224 -67 -402 382 -552 1192 143 629 332 261 587 205 -91 -623 318 312 423 958 54 557 -354 444 -103 81 -65 127 -265 556 400 -3 -731 -931 -146 -493 141 -461 234 965 346 1 -514 44 -740 -194 -22 860 -1086 -271 -479 -793 96 -1258 81 393 -545 165 -324 -305 373 384 428 -14 -259 -350 -284 -4 -2003 -1233 -29 633 388 -64 339 140 45 601 -243 -1514 -812 -15 446 -981 -272 -352 -170 148 901 -151 1093 -240 478 963 -13 -25 67 791 -875 198 389 -326 362 -100 -371 1213 657 -754 336 319 -265 -101 933 -971 -636 -483 -358 -37 497 -332 -510 -98 244 -50 68 284 -473 -9 177 -604 -662 254 1373 -445 -24 -204 963 -86 107 -598 -455 -948 1141 -603 -1140 -8 -143 -222 1077 -475 444 649 355 -652 442 322 -329 98 17 -454 475 592 -984 -1202 -807 -953 -15 -289 -83 491 229 -191 -475 -18 651 -387 -306 64 679 -122 -370 -336 -681 -398 -413 498 -576 -389 -363 -68 160 706 427 953 -800 -339 -83 -219 -751 -1018 -303 -481 -130 621 364 83 -248 -713 -874 747 -1045 -526 -436 274 -485 -842 188 285 -3 135 727 22 1007 267 -1193 -977 405 424 241 44 617 -1093 683 742 729 808 510 102 43 -762 -18 -1036 508 602 413 -898 391 1043 -87 -283 -1453 0 -209 684 -359 -717 -641 725 457 894 -121 -406 -311 73 -1571 7 -96 411 -673 -383 -82 -712 178 826 563 89 -497 
-446 1616 -804 661 909 597 -691 1257 -1138 351 625 653 281 -680 778 503 -261 -453 -781 631 950 476 179 -359 -85 121 -270 759 685 102 -21 -315 889 151 -279 -24 -1023 1125 -170 -913 -203 434 -681 765 -963 307 -346 6 1014 -387 -1216 674 -188 -1259 156 1154 596 442 -185 -1152 -515 246 -201 1104 1139 -373 -412 -46 1483 814 -1292 36 -1430 -847 -1008 93 -466 -1396 539 409 149 -245 -220 259 68 921 -324 -1 -81 286 824 618 980 -281 765 -429 -1276 640 -1037 246 1353 -325 275 -319 -400 199 685 544 931 -253 -126 418 405 -316 -964 157 -832 -1 -476 989 -849 567 940 524 647 -690 -503 14 -362 -57 -403 35 -284 76 290 -81 403 -135 225 -134 184 -830 339 -343 -795 -260 64 71 -843 -613 807 -424 -189 -176 53 138 8 810 213 -951 -49 -1368 -435 927 233 672 842 -540 790 1489 102 -318 376 -264 138 -786 261 -207 99 237 -375 297 712 -884 -859 314 -814 -1039 715 -636 263 935 1332 938 20 -140 104 -567 341 1011 -492 724 -597 -767 210 43 142 1386 274 345 -1256 635 1 156 -130 687 -196 697 -95 367 678 366 -43 -829 750 212 66 249 369 19 290 -5 -578 -440 -64 -463 -604 -184 -235 -894 -347 -390 125 421 475 -153 -1104 -864 438 -620 -850 414 1041 -44 -444 780 -95 239 -391 45 -390 154 -828 230 -476 -1734 880 -467 1161 -73 515 -130 382 6 224 104 -255 -391 -411 768 101 -482 1360 1032 810 -189 -681 -585 1115 1137 278 -291 -313 -471 -189 1110 315 -193 -146 -371 
1917 113 -308 -1028 -1121 -710 504 -1147 -205 -592 -826 -45 -37 -99 -53 970 -745 163 249 -875 -151 636 197 397 -482 827 385 -1260 581 -1334 708 1004 80 -753 -50 296 -970 1004 -179 -737 121 -511 -18 762 100 -152 495 -182 158 78 -1178 37 -56 410 -73 355 647 48 -1131 -756 1043 282 895 -666 -522 523 55 -530 -544 -253 1236 -898 762 -177 275 -418 534 -401 -1489 594 1667 355 -773 -63 1230 349 501 117 694 -395 45 301 -194 -361 643 -808 668 550 -777 -254 -1110 -170 -333 -482 -102 -1110 422 38 -453 1719 -446 -774 88 309 -727 531 448 -375 203 674 382 -276 -302 -51 482 50 -45 545 634 828 31 1794 161 -545 591 23 -346 -458 885 29 -328 1198 -603 -289 432 -755 -922 320 -660 -606 -597 -417 856 275 -24 188 -2 -707 -1818 -168 -802 -45 -701 -152 -668 -673 147 361 -775 -23 861 395 255 -46 322 -654 542 215 -993 -200 903 72 94 -616 128 -1209 726 -281 1014 -14 -153 469 -337 -180 -769 30 581 756 -1171 853 602 -448 -747 -606 509 -511 1029 -408 -28 -330 54 -171 579 479 519 -453 -121 -231 -92 386 -305 -382 -555 214 -133 1204 603 -8 210 850 -74 -560 253 -76 -1033 -1011 -530 1433 -1008 -181 372 133 935 -821 1082 -396 -1555 542 231 273 589 -1286 50 534 526 715 160 -364 182 -92 -294 520 1039 940 -844 886 -676 -179 -356 -1085 -568 827 -363 440 320 -363 -67 -163 283 313 -303 243 -760 129 -91 184 -180 751 265 529 -24 -247 -1121 -158 -613 471 512 302 -187 -496 
83 -252 866 -821 262 411 5 -437 -282 448 -139 -645 423 -993 -986 409 394 396 389 42 -926 217 480 616 326 464 365 842 113 35 -485 89 -131 686 -1132 297 347 -660 366 901 -172 278 951 -196 399 22 -305 -206 498 -675 460 298 185 28 -316 -342 611 144 -35 472 86 243 59 468 -585 227 -529 -141 -1240 431 -328 -656 285 420 319 236 612 -1317 -215 -622 90 -311 -251 571 522 -651 273 253 406 -107 1138 65 -12 646 536 -580 540 684 96 -791 158 537 907 -173 840 105 295 -43 -502 335 119 1063 -842 541 358 -777 112 -959 -1374 1264 131 201 355 589 794 658 -789 423 -425 -279 215 -740 -1186 705 645 432 -434 -1247 -435 525 -696 -26 -1284 -170 -116 163 1279 363 154 680 280 730 798 -186 328 -52 -1050 393 695 -570 -679 792 804 -286 659 1024 -916 460 625 -296 442 545 24 -1393 -541 341 -97 -309 481 -1569 -432 -360 -1020 868 886 117 109 -609 324 1757 -97 1060 19 586 -790 -398 130 -8 386 -350 635 -806 -33 727 20 265 -250 903 931 -1244 146 -239 500 -1 387 -727 -267 -401 -286 698 -934 -829 759 532 435 102 381 -772 -1173 74 -418 -138 -269 281 -544 942 243 861 -761 -598 -552 341 901 -509 251 129 440 810 391 490 -384 49 431 -392 -643 -769 709 -889 14 124 888 -512 226 424 -1241 -747 364 170 -989 -742 -41 -1150 -101 -77 144 -353 5 891 95 -429 -536 147 -1592 -408 -830 305 316 -416 155 -493 -67 262 -356 -214 161 1427 441 -52 647 617 
23 305 603 18 -632 -1427 -252 453 261 163 -1084 996 -217 480 598 -1104 1018 -303 -101 -14 995 -477 488 -1040 709 -482 -123 -601 -203 41 32 205 846 1171 241 1507 151 -522 548 1024 1150 -812 -215 1003 -436 -84 -816 -680 334 36 492 -34 732 345 -207 10 -602 527 226 114 -471 -347 405 -1491 -283 339 53 -311 337 -144 173 -18 1195 -93 -1260 -705 664 -311 -339 -53 2 1326 -437 582 91 787 297 974 -740 -237 -274 1047 -104 -1 1120 -564 115 691 -558 283 276 -414 38 160 470 1465 -638 -108 -44 523 -475 576 -578 -352 72 -988 -146 -557 -700 620 -442 303 -478 -584 233 -926 -247 845 507 342 235 -324 691 762 255 -799 -633 -826 -177 -713 72 316 209 912 2 -911 101 520 -379 628 21 31 57 -664 200 74 690 588 625 -676 9 20 567 379 -140 166 639 522 -1302 578 196 -1055 219 376 1031 762 -401 -112 836 -690 -824 79 -872 -38 775 56 214 -462 -775 1163 -545 -264 991 -106 -195 -725 -405 -537 -68 -417 -253 -72 -1220 -716 -340 112 889 -713 -971 272 469 270 -117 643 531 -585 346 -185 526 833 -45 1507 -350 -728 313 -741 -137 -699 1313 545 -1101 165 231 -531 -585 -846 192 182 -1450 -257 -627 -1117 806 -274 938 -92 108 230 -1349 666 607 801 -214 -35 549 347 377 -693 -172 -855 1042 240 -125 79 -1506 -748 858 -683 -1525 156 123 256 -111 928 706 647 506 908 14 323 1266 1376 142 -650 -179 250 87 -84 -1110 686 -599 626 -219 534 738 17 -579 -29 -186 -366 
-31 222 -673 -390 150 -924 412 -454 1342 -936 -1117 192 -902 -247 -833 -136 108 372 512 -394 -553 -96 1049 319 273 -33 -689 -798 56 364 -503 162 -4 -247 1 -1 -246 -545 -431 -435 -754 -93 -68 331 627 -593 -7 749 -335 -805 -440 509 -355 525 -58 -267 51 -1122 729 -77 640 120 -648 -81 -280 -117 335 -67 -956 -247 225 -973 418 -595 13 1711 473 550 -23 484 -703 703 -196 345 -825 629 255 288 -551 -123 640 21 -228 1120 -509 -645 187 629 -419 -730 8 211 402 1046 234 299 -149 880 409 -393 -862 35 -653 1832 307 -160 132 -877 474 264 -1220 -212 -647 58 -647 -81 528 -1024 -308 -568 -1365 -540 305 356 -358 271 -151 -820 -305 24 -528 731 1088 1319 52 397 406 -36 234 -163 -587 -102 897 878 -560 174 -593 -780 -277 204 165 -58 -891 918 -377 -1069 -564 265 932 -77 521 465 -354 -668 -378 -980 -974 378 -643 597 -981 -103 -752 604 672 181 553 410 -278 -643 427 -527 -994 -1180 -553 843 -698 -115 -229 826 55 -1125 -450 -356 -215 -598 1032 584 -224 11 867 -1568 -14 269 983 -1011 813 -40 56 -203 -125 -672 -300 773 119 -1330 10 -831 -117 -1221 352 370 987 -110 312 -568 -131 -942 440 -214 -311 284 886 -354 862 -718 575 155 1093 760 1104 -386 191 -216 86 -32 -674 563 625 -205 686 -54 -623 715 -593 280 -627 124 -519 -200 -729 343 985 1070 -255 -1051 526 264 -667 -393 -727 -348 -43 156 -207 1134 315 117 75 -208 -732 410 94 732 380 -51 261 -70 72 7 
10 -183 424 873 62 -1253 -290 -353 718 -203 -90 351 833 81 -295 639 -971 -510 262 1049 1014 -379 495 480 616 -1005 -727 313 387 -1226 375 -999 61 844 800 179 -134 -800 411 492 -548 -251 945 -8 1264 210 794 118 762 1082 874 994 463 404 691 -246 -567 125 153 188 -143 593 644 -483 240 144 334 319 260 -55 503 271 -450 -1538 23 901 -542 -446 577 -296 -321 626 -66 -71 -111 228 -536 434 384 -69 -16 448 826 17 -610 660 -283 533 216 1182 -688 -636 96 -233 -690 517 433 399 -730 -805 -1211 -556 44 596 280 685 691 -568 -510 -632 -775 -585 274 -131 614 170 727 -562 -440 -750 -76 -793 408 -1259 218 846 -1161 -118 -208 -278 335 271 489 -667 -422 -121 -478 -950 -504 -540 653 -288 -1362 840 1449 222 -790 736 1233 184 -92 -485 -222 -956 -317 -424 440 442 205 22 -316 329 -1039 -473 -472 382 -659 -629 1271 710 -660 -210 705 -428 949 -437 277 -108 -827 -233 658 27 135 715 -810 86 470 -379 -743 195 148 432 596 -420 -1098 549 -275 284 380 164 360 296 1071 -1004 288 796 538 -217 67 544 14 -189 65 195 305 32 -445 19 -607 -1 -260 -911 -96 -720 221 581 -310 -875 339 -3 250 423 839 742 223 -558 363 545 256 884 -552 95 -73 566 -204 172 515 -732 0 -440 488 109 -733 -562 41 28 -237 -228 522 -899 -98 -1059 503 -208 -1063 22 614 -1221 3 165 796 99 -332 325 1345 -1046 -527 600 49 351 32 458 -683 -797 431 64 969 26 113 380 
574 -281 15 268 200 199 -902 -62 125 -305 -199 -483 -291 -110 354 177 -266 -295 509 611 182 -809 -181 676 954 -89 1374 -310 -178 -835 661 -484 -1222 -38 286 -1523 81 354 -663 -465 -839 1123 106 218 -503 157 -239 87 64 -103 807 437 1005 -534 1070 -358 -136 -509 1165 645 67 142 -366 0 -243 -1001 -960 430 -406 -534 -470 40 -147 34 891 678 33 -13 609 -290 340 -143 -175 444 -497 422 -143 305 54 -915 146 -90 -695 133 286 -679 1150 -375 624 189 208 583 -700 1191 329 -315 -1080 -988 -862 1057 1157 2 -338 107 -148 322 -1199 -404 379 450 -142 -434 977 96 439 121 -393 -105 -726 227 -293 -408 1045 -115 -226 545 769 -237 -739 -630 305 -717 374 6 -180 -565 6 -171 -81 673 646 -82 429 1278 -472 -215 -825 -803 -44 528 -413 112 -588 -19 -5 1007 -752 -8 -1008 857 -958 181 903 -94 104 -588 270 161 177 213 45 -465 145 -12 -696 -467 44 334 352 320 187 292 -699 -431 -358 217 853 290 553 -178 152 -290 876 -288 101 125 -106 929 -284 -130 -273 1202 -85 -581 -181 103 604 -77 -276 436 753 675 383 725 722 -768 6 235 -436 250 353 -396 692 137 514 -274 -858 -264 -1058 872 70 831 160 202 -1368 100 1289 358 58 -1385 -33 -633 638 195 570 -367 -273 2 458 348 -478 240 1210 -625 712 -336 397 -93 321 -686 -572 49 423 -1342 -358 -778 1258 386 980 569 381 -631 713 -565 -118 271 -229 -711 759 -139 -329 818 449 -964 -1388 653 86 52 -411 -221 
-909 -364 -309 -447 -444 -679 -116 689 -518 -333 -591 -84 -70 -690 -336 -921 -987 -624 1004 25 815 -56 -1253 -499 433 -800 -269 529 263 -464 -601 138 -145 -857 473 332 653 9 197 545 406 -44 1234 93 236 116 -469 -469 -10 486 1067 -200 -506 -323 318 -114 856 719 -344 -863 771 635 -416 -402 209 -250 983 -150 800 -132 248 -329 -624 -256 -430 1141 3 767 284 895 -235 -25 -899 841 -172 -663 -720 1467 1089 1079 -293 720 -656 725 339 -751 -50 -133 -929 -394 452 -261 -1600 102 -1479 -525 -651 1137 667 -732 -55 -1561 -1184 490 232 -669 -562 229 528 -349 -243 -589 620 970 217 -824 599 184 591 -423 -569 746 -484 -303 5 -910 735 572 858 -348 -434 86 -488 763 -57 -74 -629 235 77 108 -458 -869 88 622 901 653 519 717 -262 -733 1396 -188 589 235 -4 -888 770 -1229 -501 -625 779 498 -192 520 560 356 -1398 1078 -1222 789 710 -532 175 411 1341 -948 -909 1080 230 -592 1030 -115 744 -121 264 304 46 -236 32 -831 -1286 -536 -1583 -1002 77 418 456 -987 -167 45 597 407 1311 402 -1471 -680 -164 -530 335 -912 366 -208 -434 -472 759 196 -815 720 -290 -116 -264 121 -1005 528 538 282 184 -219 187 894 565 1029 557 1241 -406 97 -19 331 -276 -509 890 -367 -1170 35 512 177 259 -158 -491 572 -487 -122 412 -586 -755 -228 -1186 299 -69 178 248 306 823 48 -459 314 158 771 318 677 -251 -968 462 319 128 1579 -1022 -526 802 -298 1517 -600 550 -445 -2 -295 -495 -1617 -358 195 
-50 -630 26 -423 -552 314 581 50 102 -188 76 456 675 -130 1129 306 152 327 297 85 1346 -1019 -283 -390 201 -83 -140 -220 -1479 385 1029 578 -101 217 460 707 72 29 -60 -1088 -311 -525 81 76 -1289 -640 -223 103 246 625 -305 -1666 625 137 -152 81 891 712 -451 87 331 -308 -785 -1015 366 239 -760 121 -629 85 303 -632 579 -494 564 108 158 186 1762 -166 -108 -157 -94 -216 181 -270 -339 823 205 56 -252 122 -1006 -11 1037 62 473 -437 -702 -245 1338 333 -1081 501 -31 -1142 -981 632 -247 -512 199 61 -1172 -2039 -225 511 -949 130 -21 -79 -30 -509 -514 775 -292 -24 -289 149 913 72 1071 618 343 842 -645 -497 -768 -206 -145 -57 227 -337 583 -842 -493 -567 245 -335 476 -491 -499 630 96 -157 -940 701 75 -394 -118 886 -314 31 304 103 497 -1009 16 -729 -518 -450 -374 -396 -319 189 408 1178 -64 -14 -69 -257 94 -729 -649 -55 -15 671 396 16 150 -451 -275 -5 1612 995 83 -161 -1676 743 300 181 -194 254 -187 -2063 -10 254 -303 -884 -546 -158 -696 -113 -579 -432 261 348 -625 251 175 -1255 -681 -42 -370 -587 196 15 421 89 215 439 1088 -890 -493 179 -26 -898 128 439 230 -169 250 845 -1082 -234 700 266 476 -81 -774 1323 -191 872 -729 619 -380 -755 -618 615 348 7 2273 899 355 -400 -1 -775 -234 -584 1229 -98 70 928 -40 -198 -217 272 -402 201 187 423 -949 277 -176 766 480 2040 -176 234 -702 -142 -800 -58 625 305 -487 -808 25 1064 -192 123 
-156 -553 -275 -126 -602 -394 -334 -1135 -576 69 215 443 149 -236 255 -910 121 124 -407 539 -815 -327 -13 -540 224 444 783 -248 -98 665 443 78 -116 -1248 1201 -1194 207 -275 204 -983 -556 57 -350 -628 111 -475 -661 -263 149 -1938 -1804 -668 1125 -324 -720 -190 -889 -216 253 1205 -285 -36 -634 908 -459 -581 1048 1260 139 319 -460 995 398 -621 -353 -384 1166 -300 -1082 199 -1548 -334 1157 -376 -515 1127 -706 443 -154 -862 -466 -541 2548 -111 746 467 -51 -123 -235 57 -871 -117 -140 -590 -659 -345 -212 811 335 -418 1516 545 -650 231 332 -101 -184 -384 33 542 -178 -487 -363 947 926 -51 670 99 -687 268 74 636 -890 -376 -282 146 1244 344 -613 -552 1381 408 1231 -244 -403 -468 -608 757 -113 173 -147 85 -1051 440 -519 -759 995 -440 366 722 682 -1202 -1088 -1122 -1206 -542 247 1071 1112 -1233 -1581 182 -159 -6 -286 610 372 -244 527 61 66 557 623 -447 -405 285 -1119 -152 -100 -261 128 1094 -529 -459 1183 -403 326 -263 308 1611 225 -234 431 431 616 -293 -240 -194 34 -737 -829 85 623 -189 840 578 213 620 770 -84 838 -1729 -804 553 -921 -513 -501 -943 92 -418 335 456 -51 -511 -1764 -353 325 384 432 -269 612 -471 900 -571 -347 305 -64 -265 -407 -475 -4 322 897 -1135 -788 951 -778 -536 -1010 1409 16 -593 -141 -788 -623 793 305 1209 38 -1346 -796 -162 704 929 -522 -542 -803 -389 -497 -530 -552 258 241 -67 90 -604 930 -450 584 774 -167 272 324 -67 -206 -507 359 -799 -112 -813 
485 -1107 -712 -811 545 256 361 -861 -213 -259 -659 175 641 -306 -511 19 -1249 -951 577 -139 39 -637 -10 366 2094 367 -269 -78 464 564 -164 -427 -354 252 419 -310 189 316 -77 1432 -217 -47 585 -896 -143 405 -222 -291 183 -397 -1187 426 -689 -299 -1303 -1441 -238 -265 113 -427 554 -620 -920 523 -68 -537 -77 -1096 -625 -185 -579 -1015 238 -549 -247 -195 318 -615 -119 120 -476 1805 -298 481 -755 -368 376 -1009 788 678 393 -612 551 849 442 -506 -139 -806 -284 331 1147 -32 -285 -1387 351 178 -68 667 315 219 114 208 -895 1193 -283 417 426 -403 -377 -920 216 -92 824 -312 -400 -256 35 -527 1107 -278 -123 53 313 325 -846 -207 567 -398 -367 1260 228 388 -642 523 177 483 363 -305 -307 2 -656 623 -486 185 -313 702 -917 -200 808 571 173 1 106 -892 -345 -549 -671 1351 724 -384 -572 270 391 -22 124 -887 -864 -957 104 -258 486 -330 338 193 658 627 -45 558 -383 286 -295 426 138 694 -1071 -178 -113 -661 449 51 -930 -466 374 -502 52 222 764 361 446 637 187 -336 -481 -43 218 -266 -222 -636 279 -703 46 -345 219 87 -839 -734 -425 -21 -545 425 -468 422 -384 120 445 548 219 -260 1111 578 724 -451 -451 858 564 197 1268 -86 1132 1294 1241 -348 72 -120 250 658 -905 385 -191 -123 230 450 359 228 101 693 -1312 363 183 -479 -324 -1040 -958 1327 -1279 -615 419 -73 126 -330 424 541 517 245 -730 283 250 930 539 -12 -376 1323 -182 -303 -160 -53 292 127 298 68 
1409 505 -549 12 -4 260 326 407 -253 -1184 90 -808 -415 58 -483 -617 -450 1017 -104 -371 282 1061 -797 350 -1004 -41 181 -1507 617 298 58 398 599 -562 712 468 264 187 -68 -667 -3 197 -709 870 -675 -601 183 932 -425 -90 98 555 464 -319 19 270 -211 918 -372 975 -509 108 -1307 -473 540 582 -564 135 226 -592 85 877 -992 -208 250 -703 -756 -35 -754 559 -437 742 481 104 -166 442 -1030 -545 -210 509 118 -58 318 517 -428 107 -402 -357 -218 -824 -623 -1111 1378 314 353 763 747 896 -196 521 734 722 47 -284 -767 722 -223 -571 47 -423 -109 -65 157 -1430 597 -65 -377 42 -1049 -118 -519 103 122 92 -598 478 -1074 41 -980 9 -1280 -825 75 -758 121 1459 1248 1141 -928 -159 1203 -633 279 78 -48 -81 -746 -993 -1047 -840 301 -1082 -141 1119 -205 -402 577 -714 -400 1261 906 -154 1292 0 124 -448 400 57 -235 66 -57 383 1891 -387 -1322 1181 869 234 1163 -135 248 -21 -252 -206 205 472 -91 50 549 -286 -218 285 -256 170 -156 -941 687 218 319 27 -150 188 -803 367 384 -787 -951 304 -51 -1410 603 -174 46 -452 724 -361 1594 247 450 -169 -752 926 -273 312 294 -596 763 -969 625 373 541 -828 -662 -1171 392 -255 -300 -717 758 -31 359 465 -405 -202 -897 314 -371 517 120 -174 -368 -488 -433 -630 13 -55 1191 808 -40 -88 586 1211 -166 -314 574 302 -104 -677 -755 -584 -1193 27 762 1113 1306 -430 1604 -814 229 -508 -253 -937 959 -222 72 851 16 1110 230 -326 
-34 -20 -153 282 693 441 596 -261 -1180 -440 -59 -714 -559 -38 -682 -100 -200 722 -1099 -695 -869 -731 -251 21 -541 -1167 -1193 -117 -491 1912 -338 731 150 -385 -45 749 -850 -643 694 -500 -224 256 -301 222 -191 359 188 -470 -510 645 109 -337 -136 -515 -330 -15 -368 -837 764 1325 -353 -559 -184 -277 -437 -420 541 167 467 987 669 109 497 -1939 -197 -354 -8 -289 59 -163 265 515 222 266 -167 -830 833 -185 110 91 222 -275 -319 -7 1106 -554 995 -61 -712 -225 -668 -309 -130 -152 -485 695 -512 -377 -755 324 -633 -429 1056 -490 -949 -596 90 -233 -145 -454 1232 68 -143 -360 -41 357 15 398 163 -229 -190 -132 -557 212 381 221 -883 31 -772 736 658 -932 1207 -605 217 -976 125 273 -960 726 -60 379 525 604 -510 -46 -854 162 -246 1059 397 -901 126 162 -70 -136 251 518 873 -625 -367 -286 1055 510 386 748 -335 -598 879 -302 614 715 -298 429 -673 -93 -59 1251 657 -73 249 -1010 -688 288 762 -611 85 -92 558 1254 85 163 -120 -463 -1499 -1267 230 -201 99 143 -312 -1280 -970 -1197 1063 -55 -533 1339 -249 1060 265 -270 -645 -713 541 508 -87 219 -1366 1267 1013 -367 668 -489 -499 -382 309 28 1022 -958 330 565 517 697 535 -358 -313 -225 77 -410 226 67 257 268 -56 -66 -299 -173 -435 940 320 671 -83 -515 1447 -206 -451 -277 1303 -372 -1136 96 513 604 385 362 -138 450 -759 424 -213 438 -910 544 533 247 445 -140 209 168 489 349 -66 -61 1226 -359 518 482 117 505 
803 348 289 -117 756 256 -450 441 -982 -291 704 226 -380 -11 -372 -545 -152 501 -452 405 244 -1802 431 -883 -1079 263 -1122 -1019 -190 -499 -167 -55 657 -623 69 -189 -1220 304 -669 523 97 -1121 -900 -1054 473 463 -288 -259 549 598 529 221 454 -554 1079 -436 -290 -413 -290 104 105 -445 -471 232 137 165 283 608 444 -1527 160 301 88 -1318 -344 -188 765 -714 39 -889 -638 -768 146 59 279 -145 -478 -604 507 -467 659 470 -99 1225 571 151 -303 -325 609 -391 -1188 51 358 -1300 -360 534 724 748 -304 147 -178 -259 -171 -846 596 688 974 693 579 -691 60 -180 -311 -633 -509 1107 -546 202 267 84 131 591 322 -963 513 785 -458 -128 -130 -690 -271 852 -146 -558 -1022 34 -112 -299 -244 -1053 83 1696 927 -282 791 762 -303 -452 592 -1935 132 -129 1113 832 47 359 349 1300 503 30 -359 1280 -401 -623 735 248 -571 -587 432 132 -259 109 716 -632 78 1518 -825 638 -573 -121 -233 869 402 -26 -571 -327 271 -604 137 111 -625 901 646 210 -181 78 752 1162 254 -148 -380 22 -164 -892 -861 420 285 1816 783 390 1003 -465 -322 -18 265 79 -714 541 -223 928 322 519 -543 -1172 20 306 747 -751 997 -602 -825 -291 130 -599 115 506 -293 -591 370 550 328 606 626 196 -195 112 880 48 -682 1116 -14 -290 424 199 516 -491 -283 -41 -200 13 -680 973 732 -90 171 -139 591 -1083 -74 -917 -193 -351 1146 160 235 -187 -740 -643 1444 718 -648 134 220 -792 230 334 537 697 644 -120 
427 -740 753 -66 15 -365 -738 -516 -13 590 -802 -304 613 -37 -753 -577 259 -1581 1011 1384 1645 -161 -151 759 382 1507 13 290 -92 565 471 768 -224 1053 -456 1482 461 -618 417 -514 -187 -608 126 -169 -1298 70 660 -365 -470 268 460 -1229 74 1104 -462 249 -871 306 -79 132 141 -1191 -252 343 365 -750 58 -1006 139 -586 128 52 -217 597 11 53 525 192 482 -648 -993 -584 -89 254 247 141 666 -860 -652 -1096 -420 398 298 487 -1626 -2551 525 -290 -208 95 63 824 -599 273 677 580 -274 -675 -173 -1749 133 -1510 -933 1358 1089 74 -33 417 -680 -185 -1134 165 392 488 828 -678 200 -894 93 660 497 -426 482 -216 -1027 -1075 113 -548 658 218 357 120 -313 -542 1013 135 -20 999 1216 562 1146 835 -18 -591 1260 -1169 537 921 597 998 11 747 -539 86 -603 -183 -743 113 623 445 615 -262 779 -988 -173 -294 878 118 -268 -1492 124 187 94 301 170 -98 159 -215 -539 -567 707 765 923 479 -757 1402 -228 149 -288 -987 438 773 684 441 320 -113 -252 -181 -199 1481 513 194 1447 -284 -920 -1075 -1415 -598 -62 -187 194 173 1269 269 617 -951 -168 -311 103 -875 389 1049 -143 -614 -268 718 258 886 -178 402 133 -420 104 -734 221 -1058 907 -667 29 491 1314 -118 -709 192 188 -1170 41 357 -48 -850 838 -477 -784 -727 627 -597 48 -216 207 514 -974 -1009 771 778 -1038 291 3 1414 538 -423 -720 419 -860 282 218 174 609 -513 -878 -45 956 -104 529 252 -103 1003 -480 1621 472 1145 
901 -803 -811 -500 -390 -922 -618 -282 -1127 344 -934 -318 669 311 759 -349 -1158 1016 -569 -443 153 1118 -611 1086 -1571 471 5 -720 -841 427 553 725 56 -136 648 94 -909 -396 -937 80 -674 -847 -358 -978 683 443 505 -1024 -472 -1054 -722 -1291 510 -837 -548 110 -117 247 1666 47 1105 -86 -336 -466 213 728 1111 830 965 -740 305 2049 1295 8 -241 20 779 176 -598 -678 368 152 26 -137 344 -1435 646 -1193 -625 -612 -1204 -1098 206 184 -604 -991 658 -151 3 211 -1292 559 1001 1165 -610 1271 -52 -773 324 1023 1497 -258 676 -1140 -509 699 -194 173 38 -3 259 -387 323 242 -199 826 -399 -31 -613 658 337 -321 212 -299 62 -1534 132 -229 -646 -305 258 -198 -245 361 1275 1390 -672 781 -303 -1145 167 -687 84 775 562 -650 -65 -693 538 -526 -180 358 148 -1712 -855 598 1094 -211 -1336 1300 -870 895 1655 571 873 233 1033 -235 -315 -73 226 318 1587 87 -974 426 255 -517 1399 1624 1247 664 -511 -259 -600 512 88 -406 241 706 -432 1533 38 296 288 422 175 65 -381 -15 689 117 651 910 -98 -31 -96 566 199 100 432 8 1216 -431 -582 754 266 173 -96 -754 677 54 -379 -938 101 624 -2 -482 373 238 762 51 -338 -391 -215 -29 -1000 -1321 1115 -618 -128 208 -43 -133 1072 -664 545 186 342 -1497 752 860 -167 519 -234 119 -75 193 -240 1841 77 335 -494 226 169 1844 515 -1090 51 34 271 490 -572 -1278 440 -1376 -219 331 -369 375 212 1081 -598 251 763 31 -8 898 658 380 
-249 -363 527 -42 547 422 347 848 1109 707 588 -51 416 1055 -1698 524 215 -85 697 976 899 321 76 525 -259 -1167 529 147 -539 685 -230 1192 -36 256 -942 277 -355 257 1709 365 -328 208 862 -41 -665 786 -216 2037 743 1132 238 -163 -546 768 -99 -355 111 -239 -70 -1335 600 14 205 384 -232 -715 -347 1314 -571 -503 -436 208 -1123 -594 727 -233 -859 18 -381 -27 215 69 -229 472 801 722 -273 -768 443 1849 -276 -320 -52 -16 -94 -504 852 59 150 865 1206 -450 837 -573 287 -575 397 195 842 528 -116 -357 -371 147 -135 980 846 -304 -394 -305 -35 -227 -181 284 109 -182 200 464 1450 -802 -359 703 -730 -1 -241 1635 -235 -139 -488 -269 668 586 -413 370 -1271 530 -300 -749 -617 698 -107 -146 478 226 1487 40 535 -148 46 484 -819 1187 -481 96 -191 386 -59 649 958 598 565 879 565 398 -1843 196 -655 -112 595 -336 -864 -660 14 351 912 -852 1929 626 -857 -531 601 515 -754 -902 480 180 264 414 -257 -1325 1102 11 -600 351 -1043 -1721 -55 1118 655 180 -601 341 645 169 374 -19 -578 -145 -1130 274 -947 -966 289 132 -593 212 205 321 -1066 272 1032 -194 -590 188 -413 1855 697 -435 736 -425 -206 -683 -116 -104 181 526 -122 -708 800 871 -765 -27 -46 -373 70 -103 -187 214 -378 313 594 -974 -558 298 611 134 505 -465 32 14 189 -1185 -223 -231 38 -151 344 366 -534 213 -58 277 -48 -181 785 -554 -645 -75 347 -500 657 567 282 -77 847 -134 -485 615 626 -869 
419 1037 756 -274 1131 64 -802 -388 -258 843 1386 -344 1263 381 749 -969 16 -429 -483 -771 507 -648 764 356 384 35 -109 -279 566 -971 -126 217 44 -89 -481 -330 -163 190 -164 57 -600 -850 755 340 175 -444 -724 -455 103 424 719 -234 703 -265 228 309 134 -878 -1345 -189 -582 -227 79 -1096 -328 495 -1290 445 1562 1479 187 149 208 406 519 -131 -1201 1149 1294 -547 -564 527 -184 141 -511 800 -536 860 959 1982 1182 -300 1123 478 70 444 -432 1464 297 277 -291 -254 -1086 -46 419 436 13 -1205 -43 1011 -546 -901 -571 -960 222 1323 450 349 206 -1345 -538 501 738 -1277 -1043 588 -123 -143 689 287 -174 172 -715 -144 813 -1060 -1627 -1000 618 58 -44 -129 457 347 18 -1355 827 98 -415 -186 1003 -239 1157 446 912 479 -55 -184 295 -18 -144 -839 -53 -126 -320 330 -324 -85 -105 251 294 1071 -762 -45 760 623 -521 -211 -691 6 138 201 282 -1023 698 -565 -247 495 -217 -404 -136 -1085 60 1620 3 -584 -339 586 -463 -1432 723 1018 -460 -235 -441 -737 -1763 346 -513 -267 -382 448 -192 -305 -921 791 553 -248 -505 319 -1443 -242 -171 -448 -999 310 999 51 -543 306 761 -955 803 944 -103 916 1372 -49 -568 1162 -489 -712 61 -500 973 687 -251 1549 124 239 768 583 -304 -272 282 -173 -487 -480 87 650 172 1537 -369 -459 106 -43 989 -359 -314 -870 -558 -454 1950 -201 174 -705 146 432 -407 866 -34 476 832 -950 87 400 -335 -725 674 -769 -1388 119 -727 1256 426 86 834 257 664 656 
470 -52 744 61 503 452 153 919 -1093 52 -80 -676 -220 233 -7 -590 257 -514 -116 822 451 89 203 -577 -1272 -67 769 -387 -782 -819 848 146 177 -117 20 536 1269 -41 1071 915 -489 245 -1326 1044 -544 299 599 -337 -691 -373 740 831 83 -647 330 -412 -61 50 937 -70 -260 910 113 -179 1205 -139 -192 -1366 133 650 757 1127 -6 -296 -258 -596 -712 -474 305 -1802 -530 -643 -639 -898 846 -57 290 -545 115 -950 378 304 -36 -935 -1211 517 -425 174 -42 -1687 -443 -78 -98 -832 934 -446 274 449 -76 307 885 -1334 272 272 550 -1040 594 614 282 -632 -1017 961 828 -20 258 738 378 -95 525 709 -900 157 314 -901 -144 291 650 522 1328 -613 846 613 -179 283 444 316 -502 -255 501 336 690 -74 -134 592 764 637 -294 1186 -147 722 -205 -98 -650 -198 527 589 379 -477 -533 372 556 447 -930 4 -836 -525 -488 1998 -39 1052 190 -1047 359 -352 -465 0 613 1657 -483 -687 239 -1222 269 -536 244 487 920 140 434 -376 462 303 -923 246 122 44 -707 843 -393 72 -21 1292 252 308 -678 -294 -643 -436 -901 -124 628 170 592 -1237 -701 834 714 249 320 470 151 -508 -634 1548 -376 -373 117 -780 -871 689 407 -437 -86 1285 -1068 -1272 -365 -228 -776 -1122 -481 -188 84 -913 610 -494 -2510 1650 -187 -536 -804 -953 -788 -100 -198 -81 -543 206 -62 690 -529 1261 250 -30 963 -1709 74 -277 1134 -218 871 106 -35 244 -234 57 -84 -936 -221 93 1399 -709 619 1271 -780 -85 -162 679 -1082 381 
-710 -512 -235 -1242 -429 429 -742 494 359 142 478 1335 -759 -92 569 1019 586 -176 -456 -550 16 1391 136 -938 -282 496 -245 -836 1127 -194 -467 -774 893 462 201 -138 -375 -463 -29 -116 -309 -255 33 -604 991 483 -553 -423 -621 950 -1209 412 675 -1055 68 -1522 -13 1221 13 -503 1152 -870 -539 -350 207 -248 78 379 298 -261 637 -75 773 1167 -661 -175 -1685 1626 -276 516 -878 1677 -907 119 852 74 -465 -1347 749 846 -951 -455 265 358 1272 133 -56 681 -488 693 483 410 -180 249 -759 457 1223 371 49 747 -373 913 -561 -1573 -145 -16 203 390 1029 -418 8 -1025 -334 -689 -152 -246 378 -156 702 -252 538 -403 -309 -604 -802 514 -496 82 -3 814 -825 -122 -294 137 -1852 81 -710 -609 1269 1361 -1244 307 -705 -131 -520 -83 378 -274 804 -1192 -34 -454 624 610 -566 -1951 513 124 -924 -439 433 286 503 536 -925 968 402 998 -318 -1543 -430 433 -17 -1067 1608 562 208 -632 -75 436 21 -724 -717 488 -387 -607 127 54 -1349 -971 -602 -644 462 19 48 -197 1172 292 -853 109 200 982 -999 689 -1211 128 757 220 1343 136 -37 741 206 -1016 -152 769 595 152 1636 662 -536 200 -786 -475 -544 945 -44 -26 392 -328 -31 43 544 689 312 -688 -202 -160 811 -296 -916 -536 -72 20 1239 999 424 386 792 717 127 277 636 746 -245 228 76 -598 -406 -7 481 -177 1168 50 -335 -306 -257 -431 -522 730 308 497 643 -589 -578 215 -165 264 -379 226 -582 -457 1413 81 -583 236 -510 324 -140 -1315 
-775 777 743 -416 398 -902 -863 542 -512 -151 -154 -104 1012 6 54 -1201 -263 -1154 80 -256 -486 415 -314 518 -137 -84 -433 -317 -336 1394 637 831 245 -986 1193 -905 824 -1423 1391 -401 -305 1034 -159 -1291 -348 -295 -349 -1673 1042 1468 -301 169 313 -419 -49 -237 492 1488 -352 398 -474 -343 394 594 46 -412 692 302 -548 -178 -291 191 706 -806 533 -732 61 72 -760 -362 357 -383 -660 -25 445 -77 -600 890 150 -342 171 -72 502 73 58 -146 -142 -2062 238 -108 -352 -528 -280 -277 -139 -652 -1391 -279 -849 252 -388 -771 815 -39 -399 -203 -1155 25 -722 -356 -125 -301 275 -598 -818 52 -1110 201 712 -802 378 812 200 969 -1141 251 -944 755 75 1268 -242 223 -345 361 14 13 617 299 395 -432 754 -149 -574 258 -191 -639 267 -751 422 1417 -530 -79 -46 447 -460 -87 -410 1009 -806 -906 -315 301 -449 501 281 398 -223 -412 169 596 405 1103 254 -873 259 -703 -580 -315 52 624 -30 -1078 -665 -1039 367 -268 1217 240 870 1023 127 20 -1244 -48 -851 121 524 -219 1486 1266 -372 -171 -166 565 -443 -394 -894 -281 -140 -111 703 -232 6 121 -38 -1067 297 -714 -91 -441 -1603 -492 -1071 -332 -480 -137 180 11 -659 -417 349 -496 752 -700 -83 -632 -560 -166 -523 424 150 -398 225 -306 -64 -343 -1623 191 -646 187 -472 -777 -270 -1660 164 -800 1242 -805 512 -701 -540 619 1225 973 1434 -471 -159 249 -59 -337 -454 636 -180 72 -1347 687 259 353 138 344 60 366 -635 -175 191 -1074 1526 152 -109 -671 
-818 767 -1591 -474 769 -175 -1254 491 286 81 895 -408 528 -931 26 -467 259 317 -451 677 123 310 805 175 521 -761 -138 -46 -522 -71 1242 15 690 2484 -622 -200 545 -220 -247 -294 -876 257 42 541 -72 94 613 -256 19 118 664 129 1037 -232 85 436 -324 -565 -126 -361 -185 -506 -409 186 -1177 824 -551 700 -778 125 -835 -38 680 270 110 -238 97 -388 -575 -630 630 -902 364 1236 -573 1292 -577 -411 349 -623 -599 -194 336 83 -499 -333 747 -1221 -402 39 -546 -530 -518 -264 146 -145 -132 -991 506 700 -343 -360 965 -174 -1253 789 -614 -659 -939 137 148 929 -439 62 -394 129 1151 43 -483 -522 -909 233 94 385 -680 789 174 54 -43 -38 -270 536 781 517 -481 600 158 512 81 -56 1239 780 189 223 -623 348 -355 456 570 -829 -1197 -1079 806 -422 1090 272 -21 620 -186 8 -256 716 1395 -120 1247 -270 397 320 955 -88 1220 161 663 -514 -1418 -576 1213 622 289 -1781 536 174 170 -1477 93 1040 -511 -301 -479 540 -49 97 -92 1091 135 801 732 -1059 -42 147 -259 766 -869 209 12 154 136 -742 1316 375 899 -12 -693 -875 -498 -883 -428 -30 -40 -694 -286 508 562 1060 651 141 198 124 -101 678 868 -492 -570 -1091 -741 185 -103 -1034 -51 39 541 866 604 618 -300 676 689 -1145 514 -446 -750 602 266 -1246 137 -769 506 -815 676 -845 132 -1043 333 -245 164 1141 673 574 -486 -504 -162 -414 -57 -972 489 -1289 -389 496 319 -167 14 -70 414 -748 404 133 9 -378 837 298 
-329 -473 -537 -433 196 943 656 331 -73 481 -25 -359 -597 -371 -51 -141 -192 785 206 -494 -287 -688 -806 -140 -904 713 -506 16 933 407 325 -921 748 -602 496 -129 855 -265 -634 -834 -200 -1152 -87 -539 590 207 608 164 -286 308 -84 -293 822 -444 88 -460 646 477 -694 -346 596 220 397 -435 402 396 -593 1862 20 -934 -95 1157 -786 -1256 -73 -247 -58 -6 431 -470 -830 -536 20 2220 243 353 -1787 6 310 419 693 -327 617 -320 167 -77 313 1228 34 803 365 -528 -56 -265 -658 -84 -264 -708 72 -1122 94 61 -1098 746 694 309 -236 -253 -1051 8 99 -572 720 301 -955 -555 -824 -975 -594 1053 561 31 272 -659 -891 720 -207 -387 -329 773 633 -451 321 640 -159 -38 397 960 157 648 436 -218 -101 -441 502 -443 -705 639 -113 -1038 31 17 -682 -96 108 -70 -120 -77 1508 412 -1254 195 662 96 -351 -1284 -500 355 698 815 -789 -38 -121 -147 1262 -473 -891 -681 -401 -861 553 543 -1260 367 95 -391 -367 433 365 -173 -990 -414 -357 16 -994 -323 38 230 348 -514 -528 -388 -648 402 -1314 1352 251 -35 -716 54 -25 -241 174 320 -424 424 -942 -399 323 -274 1066 1057 -294 -97 142 315 504 -641 373 35 98 445 612 298 -547 71 469 -88 -58 392 119 -487 -731 624 -507 481 -132 169 -940 -380 292 -1192 821 -180 546 -289 -1259 259 -24 3 276 -150 734 -686 -223 -301 17 553 953 473 -1557 359 -110 118 500 29 -234 387 1010 -1088 -972 -853 1282 -802 -158 740 -894 438 -88 -415 
-260 226 410 -224 1315 844 354 -767 525 -250 274 -105 109 669 -1589 802 516 692 -1007 137 -6 -219 -1622 -293 709 -1130 522 610 146 341 54 142 281 -202 409 1130 840 -773 270 1310 -729 271 -652 -78 960 -316 -520 420 749 1018 -76 57 294 -41 245 620 403 -269 -789 960 110 -1260 515 728 -1644 -425 142 123 447 -82 -623 686 -616 516 -347 1392 -58 730 412 384 -151 -371 -711 72 -364 -242 -472 -175 657 709 992 -1307 404 -99 -130 624 -873 1086 270 1050 -860 -513 1078 713 -1820 152 1315 734 -27 -490 -138 -19 -66 35 884 189 1323 244 1144 147 -86 311 -897 35 -308 -360 141 1128 -1077 -1152 619 -784 -249 -84 -229 -1441 513 -155 95 243 245 202 -1536 267 461 -454 -584 -461 25 -1149 377 169 -698 231 -271 436 -746 26 -23 -69 549 82 371 -80 1668 -334 466 1265 528 1087 -790 -7 767 -231 -198 821 -682 -340 1294 -389 538 367 266 198 529 1188 42 -483 371 634 -1547 384 715 -763 547 -1271 898 -942 187 28 1450 -1153 210 -904 -492 387 137 -859 -868 -290 27 -908 -211 -1051 -251 380 572 -718 1523 583 -297 1092 -366 -520 164 -879 42 -1125 -309 554 -1032 -73 -741 1234 78 1403 320 427 1019 -532 -710 -1500 98 609 588 97 76 772 612 528 -137 679 -505 -671 628 309 696 229 507 1092 83 -29 1409 1288 1093 -733 -461 725 -346 933 -445 -48 112 1151 -410 144 -292 -106 294 -431 426 -272 264 -26 -159 -381 -16 901 -528 -829 629 -692 -98 -655 841 912 244 -268 91 721 
600 69 289 -554 -311 615 122 687 -1023 472 -1060 -965 597 -1076 -1146 521 -199 680 478 1156 -247 1184 588 75 -702 -12 -781 -1061 -633 1352 -133 218 954 980 -156 601 117 88 -517 276 -572 -504 -25 -272 344 516 -212 -155 -252 -498 -420 263 -15 1046 186 -626 433 -225 -226 -524 405 -48 -440 536 35 -149 468 -384 -961 941 -647 148 -966 -789 -74 -760 314 -74 -966 32 -1121 196 481 -174 59 -282 354 -658 204 -990 -11 -882 -540 -484 -575 -1153 170 647 -410 -646 -86 -311 -631 -737 -215 -543 -377 -432 -180 -131 95 720 -425 390 -690 201 652 -626 -382 56 -1310 35 114 -973 1212 399 -480 -771 154 -158 153 633 -133 -436 -833 349 -534 140 13 1023 543 104 -239 165 11 476 -532 4 61 -529 303 481 486 240 689 742 -238 42 -316 30 -574 -282 -1414 22 297 397 -461 -176 760 1175 77 522 -231 -703 610 82 300 -256 -138 -396 -215 373 117 93 -610 -433 838 -53 -244 -312 483 -628 -267 -721 1079 250 1074 280 -901 -441 936 1018 18 -568 121 -810 637 146 563 1105 463 629 -272 -243 867 306 338 321 758 445 299 -1034 266 -1154 17 515 523 238 1223 496 220 313 258 744 -509 145 472 -444 -640 -715 678 715 734 -870 85 -104 -515 -812 282 1594 -517 -170 -858 1176 -1176 -193 -77 -708 249 -167 839 291 624 -136 678 -686 291 -523 484 97 -990 308 -698 1097 -427 -524 319 -107 -917 -417 -95 -580 -61 1127 539 -656 1047 -761 -229 -349 -62 547 -9 502 -1005 -20 811 887 -703 -302 
-1609 -955 514 -1543 246 625 -101 -130 -340 533 984 818 54 -73 -157 734 -256 25 -171 633 877 -720 329 364 327 -823 1115 297 -1330 630 167 996 68 172 842 23 -1396 741 -413 406 408 290 -424 -22 -680 151 184 -195 -203 258 215 234 -537 376 -218 272 -785 305 -598 538 -90 46 474 223 -502 -936 -379 296 525 1231 749 -123 858 39 1013 911 -122 -582 417 -170 -496 -551 -366 -1277 -701 486 -800 607 -679 180 -28 -391 -1189 -1387 752 956 -1178 -89 -1345 -703 1272 -84 129 -447 -155 247 817 636 137 -571 115 307 -218 -737 -693 42 457 -474 507 395 1056 -329 -760 -1404 -151 260 -69 1069 -584 -21 931 1035 597 -434 1391 -686 586 272 89 261 -724 1388 180 199 737 373 -1785 -125 -200 -291 354 -956 322 -18 -396 598 602 581 -332 -1668 70 416 -299 703 235 -318 287 441 -225 -200 -385 553 -142 -968 -645 457 473 -20 960 136 489 816 833 -99 -143 -243 597 212 -143 -836 -241 -701 -36 187 249 391 329 -282 -389 194 256 -284 438 -500 -354 170 -180 -65 -230 582 25 -294 -314 185 259 796 128 -544 -270 -408 297 507 804 -533 521 196 -610 -783 -26 130 24 -1125 577 1014 -239 -1329 -112 96 253 715 461 280 -135 -456 -221 320 567 -1058 -491 560 -84 1050 -1381 877 1034 64 503 -208 -332 206 -95 857 -331 247 697 158 -937 -514 130 948 842 -1307 -475 706 -452 607 -1194 -52 93 271 -192 -883 -444 21 1216 403 -336 -28 -418 -526 1131 -232 1063 -719 -1 -855 577 687 -964 615 
-123 -58 1216 606 2019 -361 192 968 86 -7 509 -24 -352 418 -239 -21 352 -323 -898 403 640 1247 534 99 -670 -142 -273 1904 -1340 221 86 -766 729 -73 750 349 -338 -1832 400 -516 217 821 722 -181 -234 594 -898 -838 -1460 891 -439 -451 -856 -473 190 -54 -862 717 378 -107 -881 572 -433 -481 469 -729 -110 -141 805 368 800 627 -189 -1696 -177 -797 -13 -1514 -1236 -152 -220 -538 -794 -369 -308 -1132 -255 -1122 91 337 1054 -63 27 1164 605 17 -399 427 14 -881 855 111 1129 405 -335 -295 -269 71 -116 554 -583 -419 330 509 -347 -425 -62 308 -622 254 759 -359 1127 -58 -13 -486 -672 -105 -450 -1038 639 -630 581 243 1209 -1067 127 338 156 175 -589 18 1173 -1470 -726 427 -54 -251 -149 -231 1068 -418 1347 -362 179 57 16 561 1699 -342 721 -110 0 -613 -207 181 -88 1084 -197 357 -589 178 -214 -933 98 552 -94 203 -1292 421 217 -1091 -524 203 -753 -141 607 4 180 -711 24 89 203 -320 -177 370 116 -300 900 308 215 -551 -840 164 -339 -776 493 -467 558 -14 24 -284 309 76 -73 -561 -932 -37 -1223 716 81 -473 -31 -109 -140 748 361 822 -1268 -317 382 -57 -506 -1034 1138 346 57 24 300 -186 69 361 -53 482 -910 -1168 -951 -432 -82 -215 600 97 -19 -1250 350 -139 249 -19 -1185 -381 267 426 192 -919 380 -1300 -638 -1108 1314 594 46 -188 -575 770 33 -205 -585 -1229 -164 5 -445 520 -290 1056 591 -1055 -266 384 -272 734 4 428 -639 672 -187 -670 -493 272 83 1126 
296 883 -457 -359 422 27 20 945 -459 -916 -174 -500 -182 181 -134 -983 -518 -786 -821 -1641 -68 -400 478 450 -317 99 155 -490 -210 -1257 168 -494 -767 932 -323 -423 138 -208 108 119 391 739 593 764 -488 -1 404 224 -293 -91 825 -32 -406 -916 909 -180 -479 -347 137 459 -728 230 -459 -35 877 771 -937 -285 90 16 -109 -20 526 1320 349 498 -1776 74 -23 -982 278 580 762 -923 -89 -167 112 252 -384 -288 -533 604 -919 -333 775 -339 -406 713 -220 425 369 -556 780 -413 164 549 -17 -370 -1162 -548 -576 733 -1976 204 -396 78 62 -15 -246 600 239 183 -171 -428 -450 -1028 5 -160 157 719 -546 -122 313 -483 -583 -702 915 5 894 -173 -478 -375 -565 703 -474 -1557 -679 -173 -258 -121 -706 1325 372 -1172 248 314 196 -264 -112 -349 -755 -1142 171 23 562 569 -965 -145 -340 156 -135 -126 -304 253 -397 270 715 -112 -83 -602 -688 -98 -647 633 215 -309 -553 -308 1 196 268 651 689 961 -661 -694 -295 -481 -934 278 544 -52 459 184 -20 198 -113 -114 1156 368 1123 429 -573 -390 705 -903 639 -653 -220 829 -428 188 -63 -73 -139 436 172 371 -99 107 772 460 -135 -1200 398 -2009 -191 -434 -310 -406 -415 -292 911 357 -453 -492 -261 129 -53 -922 732 305 -769 -563 -4 461 844 1154 339 409 -521 434 282 -279 -666 429 3 828 -1282 -479 677 -147 -157 -302 -1166 639 116 -1035 -254 -553 789 53 260 -919 -1450 -628 970 539 538 -33 -361 -470 -215 75 -495 859 -27 306 342 77 
555 21 -26 -110 131 -954 -397 88 478 712 -1781 -405 -424 61 182 226 -228 8 780 -869 -150 -157 -752 -546 1073 -488 190 560 1025 -1103 1106 -647 -483 -257 -401 364 111 -175 -443 539 500 597 464 9 639 -172 320 -786 86 449 214 -682 773 1296 -446 152 486 -591 -282 -433 -209 -546 239 -37 315 -206 -384 -5 475 1021 -951 -1045 100 197 -250 562 -150 -397 744 303 325 542 1215 46 421 -62 1042 -214 -2 180 -78 -115 -594 -958 -203 375 -132 -230 -419 108 771 -788 -474 -202 -993 -371 -1196 -416 -491 1702 785 583 -518 305 130 -557 -1029 -90 -383 -980 -1298 -983 82 -372 -571 -153 -643 809 -28 -12 -794 227 967 328 141 220 -125 -652 658 21 -429 -17 165 168 440 -384 -168 178 353 -818 -20 301 -270 -538 -1857 -165 191 37 -191 -17 -527 618 37 -1381 -773 -211 -351 -23 -44 -1224 51 -333 157 382 147 293 -973 -724 -843 -266 -420 266 -383 -22 334 -1087 -1015 -367 1293 828 -260 251 212 18 898 -223 864 309 -981 387 -112 -644 -216 -80 -1355 356 -424 304 -1800 -345 -429 -442 118 1627 -863 208 257 -323 435 374 191 673 -74 299 -306 -306 28 -556 -539 -337 -609 -171 -417 -184 1247 738 81 35 -277 -542 104 -7 -620 1164 -1415 968 -595 967 -1063 -1382 -739 549 -30 -73 370 -771 -99 733 -611 -248 -182 205 707 -377 -1406 -25 861 84 442 -444 -280 -1187 758 18 45 -717 344 347 -85 -37 -670 416 -77 -777 -759 721 -1194 443 327 1000 -270 517 -373 -413 1021 494 678 -1012 -601 -505 
-88 -226 142 -85 -788 -45 -88 1031 92 -204 3 -421 -71 369 130 -1420 214 -377 323 162 333 -219 -492 -47 148 -1064 268 25 931 821 254 10 885 -74 -1292 -527 -190 2 379 -277 -221 415 -657 177 164 667 -73 354 -1747 -351 -309 -591 432 -565 -579 997 -443 -32 -808 -675 383 -686 20 19 -827 -237 399 425 171 -567 -259 -269 -5 -677 191 -435 578 -28 -284 -681 791 -426 157 -209 412 275 341 393 484 222 17 481 -24 251 22 60 223 180 566 1069 633 191 86 -218 237 18 77 -277 1215 561 51 897 -390 -754 -1394 -113 699 -1244 -1081 522 764 247 -101 638 -628 -34 156 278 326 -146 188 -582 -972 -1667 34 -139 -10 -1054 341 -421 -912 -144 443 670 181 -954 -347 -1331 -888 511 -259 -466 -14 155 357 -303 96 438 432 1161 -236 -763 108 -299 490 108 214 -212 1326 -589 -49 -413 59 675 -811 -826 -1085 -764 794 331 -81 -525 312 31 799 -326 455 -613 197 440 -105 875 -215 6 503 -1112 1412 615 323 308 1184 -421 -116 204 323 -767 -463 -685 422 14 322 303 25 646 -234 -574 -655 110 298 1171 -765 442 40 618 -351 714 133 232 -462 -266 -1114 -424 136 -307 -216 -963 882 -532 -968 -522 55 436 944 -544 -133 294 235 219 -987 846 -67 919 333 -820 312 345 -6 -151 -175 313 -263 -706 813 356 204 -15 14 386 194 128 780 305 -924 -622 57 -785 329 -204 -190 -168 10 142 -755 -519 -547 -693 -124 508 1064 -390 584 596 199 -525 614 320 969 -143 -762 -327 
-419 -75 614 -161 -805 -191 -1142 -93 -638 812 -421 -274 488 42 425 -265 -463 -614 -237 123 642 1886 -140 -133 -1053 1084 340 29 -273 338 -708 -172 395 620 -363 536 1048 -1607 -239 758 -1163 -200 -334 -8 -64 -793 -512 -553 384 1112 303 960 -97 -67 -934 52 641 501 -797 -1607 336 -107 -236 -341 -886 1137 -438 1156 447 73 -537 1105 -588 1042 14 -77 -665 121 -677 472 -368 355 243 1142 688 -432 675 -415 1389 196 -554 895 128 -60 523 -1266 -553 188 407 153 -808 -539 121 -215 -581 -1011 -170 -849 -737 -73 709 -371 -269 346 95 -1069 -74 677 -526 618 911 42 186 -599 -472 -121 -597 -928 47 -65 -897 274 -610 -166 731 792 32 314 491 554 -531 78 473 287 123 329 627 164 498 24 -11 -230 111 -1301 240 191 205 871 437 -1424 -758 -116 760 -1579 407 434 73 -353 -396 -302 246 194 -250 534 -240 782 -858 -843 344 -295 969 -179 550 -312 335 319 -476 -202 284 -994 141 993 287 356 -251 -347 715 536 559 -353 -914 536 -1124 650 182 -612 647 386 253 181 -499 82 530 -389 -970 -1029 -754 -483 -261 -544 -20 -273 -637 469 -211 1031 862 926 79 -793 174 1785 -239 -537 1037 549 312 -800 -1638 -781 1137 -1508 -308 644 1835 191 -762 551 370 -98 -656 -51 -1635 -17 246 -1037 -446 -71 -845 566 -616 1498 -248 604 85 -381 758 695 -255 223 597 723 453 -81 -346 842 -390 1039 -450 -766 -148 -1113 1040 -644 -629 -843 -249 -769 957 745 -554 452 156 1629 -587 855 -117 -120 696 1028 
-37 -716 -69 59 632 -779 1363 780 -645 -1309 601 -1857 453 491 -1219 4 472 -254 -278 -121 -645 -581 -23 114 32 -1425 200 -672 335 655 454 -276 -108 171 6 -117 -41 -306 -617 -717 -859 241 1194 -101 -9 -172 -210 -1125 600 925 335 -774 338 1146 838 77 109 307 -444 -149 312 -1244 -489 -1102 1150 -586 1218 -420 220 -1121 -992 -30 205 -243 -397 -167 -636 754 629 710 312 210 306 772 -312 -97 712 -201 763 804 -371 33 -464 1647 2040 211 309 308 -17 114 1436 -85 225 409 -292 -173 -90 -348 266 47 32 132 -676 1451 -665 -154 -437 -323 -493 210 529 1217 -117 63 -823 233 -984 1125 -1078 450 -197 73 -330 639 -876 122 -959 -110 -261 83 -461 -38 148 -364 -215 -889 -216 -711 235 819 361 -1178 177 124 628 -329 -819 340 94 1536 -258 264 257 -163 -299 855 -326 583 473 -164 37 588 937 1162 -71 -672 -765 -843 -227 -194 955 1194 -369 567 -266 -56 39 1162 -1001 716 -561 -770 -217 227 -472 -682 -361 -256 1219 -342 892 659 748 -317 -107 462 286 500 893 1188 668 848 -484 197 -633 -32 -280 269 -117 61 -638 -436 -352 -208 48 241 378 -619 -265 681 205 195 391 -143 387 -291 1825 511 157 492 112 473 276 233 -767 606 -512 -453 801 26 113 -170 261 -829 66 -1063 791 245 817 -505 164 236 -529 -1239 714 370 -318 -120 -149 -1121 -11 -207 -177 -569 -256 -383 896 -840 502 -271 530 -344 427 556 -467 464 442 576 355 -553 29 204 -826 -143 -118 -321 126 -243 375 505 
543 -871 -101 310 465 599 -361 -729 -519 201 -578 -519 732 1128 1055 -923 353 147 -251 188 177 297 986 -289 557 608 652 400 -1187 -74 634 -165 213 -124 505 552 643 -989 788 197 681 -278 172 -775 318 -840 -327 362 -696 185 -995 -225 -466 510 234 723 -786 698 -1 -268 -145 1014 -271 1534 -752 -1059 -304 842 116 -864 495 587 107 135 -423 336 1686 472 -363 1060 698 -201 1082 37 121 -571 558 -854 208 939 748 -1432 -393 10 -428 554 -823 1554 -19 -65 -553 -662 -522 -599 -798 751 -126 -1292 -1107 1029 -972 349 847 -769 -307 251 0 313 -356 842 1286 -302 28 224 -1033 -256 443 -391 -519 79 1297 1457 835 -189 -1660 -566 -616 304 15 -532 -291 104 -83 595 671 -644 -959 -268 -212 618 -52 -235 -226 434 1277 507 -54 9 114 -402 579 160 -63 -203 196 201 -121 -76 572 -518 -677 467 -1102 -875 -240 -244 -505 -1325 98 -32 -1145 -271 -271 -182 -577 76 67 -1384 221 268 -678 -207 -128 587 -845 394 839 -61 270 -180 -280 590 102 -10 -389 -1262 -237 -173 1400 -1251 -539 279 342 404 -46 221 -78 1562 -1319 -73 104 864 -1085 1680 -420 -544 491 -1147 -799 -733 190 -420 571 -247 304 -121 408 840 565 719 -356 881 328 -161 961 424 313 293 -219 423 -369 -261 -395 160 125 -937 -39 -294 323 372 -561 -523 129 -467 -130 -1014 -1226 124 -348 1051 927 160 -508 361 -169 241 -379 511 -350 -392 788 -25 -327 -191 -873 -1083 -31 451 -1146 -234 270 1464 285 -319 390 853 114 1810 1355 -142 
278 -13 67 -655 -360 386 1052 180 -23 -126 -70 -788 -606 1056 1199 -81 37 -355 14 502 -707 -1315 -995 -812 94 137 -111 137 -385 -280 -69 724 -951 -156 -684 -429 448 412 303 760 446 -57 -278 -1054 624 505 -129 1109 -318 82 51 -305 591 181 129 -617 -480 459 -591 -483 332 469 536 278 -393 -516 -577 366 -180 495 851 -359 -822 -62 240 1107 -943 1043 -74 34 -355 926 1467 -1253 -193 -786 -183 -346 -992 -8 -21 -453 -1521 528 -646 872 -845 -163 -597 340 -517 -953 244 -339 -819 -1541 -319 -61 -50 409 649 -303 -928 -401 269 59 1513 542 -74 -495 432 56 -631 -922 1254 -679 1173 461 1131 414 -1280 703 691 -1619 -123 -924 893 414 -86 -642 -518 23 597 24 54 -373 -717 572 800 -288 -1152 -24 -1354 -781 1630 -401 -293 100 173 1078 -1122 -357 -396 -50 614 202 -132 482 1084 -630 76 -136 -461 401 -396 -660 -131 -313 -688 250 -247 1247 -840 764 1286 -35 -362 1480 457 315 -411 -218 -6 743 314 -428 1088 1486 -965 -1177 38 105 104 710 415 -516 -61 -279 488 -305 -243 -108 1113 252 -432 -32 966 -10 584 -789 -89 -140 453 1614 753 -60 1 -742 -639 686 -969 1400 941 -1125 -516 234 -263 314 890 -111 1330 483 560 104 -747 -26 1236 1134 46 95 -32 -174 804 596 -265 -735 -189 1430 764 -244 -787 863 243 -183 1234 1003 -1690 250 244 874 609 -8 -503 -585 -136 768 -327 1090 64 194 -431 -673 703 -1188 125 178 75 -1630 481 503 958 1144 546 -33 285 437 -624 -70 -366 755 
92 93 490 -350 -628 875 -977 -1321 231 -376 20 459 -335 -197 -71 378 56 -633 1149 272 -147 -479 -935 -361 -892 600 -748 1068 -95 -369 551 1502 329 -197 -115 -230 448 617 833 -629 -560 -131 -314 726 -683 36 76 867 -1552 -457 1544 980 104 1172 742 1600 408 409 -492 -185 791 1248 445 330 288 -401 -1117 258 200 -121 1125 -410 -724 -748 253 -126 213 -238 545 397 -319 109 -327 -1076 -142 465 169 104 -378 -56 879 186 -723 733 -378 -422 -156 -9 -26 55 -1539 337 322 -215 234 169 -662 201 546 -594 1319 -842 156 116 1131 730 420 197 1203 -407 -613 -671 -203 434 1265 1043 570 856 42 -779 -595 892 120 -926 -756 -252 -32 261 -1 -401 38 -470 758 -169 385 -57 408 956 -152 108 34 -254 -283 74 224 -726 902 218 368 220 1097 42 1045 213 -1151 -406 1101 -396 -987 485 647 355 -255 1026 171 -19 -8 176 -272 -361 -554 525 -779 603 274 133 144 323 544 -1236 -582 105 -651 -501 -1751 1171 -905 110 -630 -516 457 -596 500 582 808 -770 -956 510 0 -514 630 -304 525 195 -1607 -9 591 710 -570 -567 662 269 888 747 -410 -1554 -257 -622 -61 75 -1 558 801 -135 174 523 1010 -425 741 -329 -248 -309 151 -376 -592 -477 261 855 923 -642 -11 -181 998 -47 407 -123 245 -473 221 945 1122 156 -272 381 59 322 340 -52 627 92 -947 97 -290 117 180 -1039 -800 463 301 350 -1270 -772 -389 -1064 -887 522 802 -707 476 -300 239 -187 -421 -575 540 -352 -226 -634 316 220 
-328 -377 -825 -794 165 1244 579 -97 997 -655 704 948 -1415 153 -349 267 -882 -300 -6 204 -313 -797 15 469 -109 93 131 306 -1016 1401 -330 1023 593 226 74 -187 265 1031 945 872 82 -732 679 -752 474 -430 -1538 1662 -405 649 -729 -55 -467 661 838 139 -510 -231 58 -908 -15 120 -117 505 -74 -619 857 1357 -296 -310 -333 -660 -344 -740 533 467 -190 -88 -276 541 50 -373 892 6 -416 -341 -1137 435 -400 641 -551 -624 -100 62 525 -543 151 -266 68 620 -340 -491 -517 -1036 -140 33 706 374 1049 -685 1110 -208 -522 -31 -272 -249 -585 372 -89 17 -506 -558 1003 325 -1441 447 1375 490 235 74 211 403 -372 -20 36 -1238 -722 -377 -705 907 911 -1223 1176 -656 -1279 -312 -199 413 -255 -170 -317 289 -890 366 -847 -252 983 181 -424 421 528 -113 -641 408 1019 -64 -88 -326 -231 -1255 -346 -324 917 100 -701 -490 -427 -946 356 433 713 143 338 729 6 -392 271 620 -583 491 269 207 77 621 570 128 43 902 -490 -93 -476 376 365 -462 -72 -187 216 -316 -218 -779 -154 935 103 -75 597 -794 -842 93 810 -310 306 -1253 638 -147 517 -55 175 159 741 -384 323 -250 -98 199 -1570 -654 715 391 240 695 1027 518 -635 -345 -572 -891 31 -373 494 -340 387 -714 -486 -581 -228 566 -861 -821 -56 591 -326 -498 300 -1058 1342 359 -105 615 1632 -318 -201 822 -128 55 -745 863 -343 -170 129 633 -57 322 71 -356 168 63 315 470 608 -309 547 -77 1229 -53 753 -407 -68 -1019 576 163 
454 -385 -881 638 -72 479 611 479 -644 -628 479 -257 244 -575 -1216 -749 -1261 312 -259 -860 -523 297 618 518 1618 909 -1254 -593 1692 -248 -855 -248 244 237 710 -459 -67 339 240 601 785 599 -1744 259 -556 778 1964 -4 359 -395 338 -237 -888 -309 100 -650 158 570 -330 691 -1418 438 -871 148 671 -1293 1541 -585 1113 173 -1184 744 649 89 -199 -1016 306 -759 -580 -808 178 667 121 -861 -1383 -227 169 -966 281 -774 -160 760 1051 -322 847 -1093 625 -676 1270 -978 -1280 1348 75 -938 245 1542 937 -117 -114 -534 192 98 434 -20 215 316 309 -1145 -527 -397 430 -518 -74 -861 -463 -887 -847 -760 339 -316 956 -28 320 336 -842 211 90 434 -740 71 -293 -409 -632 -1533 783 836 732 -116 -725 -461 1245 579 -422 -545 1054 -638 465 158 -270 -959 1350 -684 123 -190 690 798 -278 18 -102 581 -574 -505 -135 843 337 -736 477 -1076 376 1246 -1151 1328 94 -601 435 404 601 -1650 -746 -611 77 128 131 -319 -847 740 -400 -87 -154 935 1014 1009 331 330 842 -39 844 -621 424 285 -642 -162 -1045 -368 542 608 -1591 1047 -95 -571 -908 531 -460 -861 -699 507 -823 -174 -489 10 1117 -277 46 -516 85 -574 607 -231 1255 -530 -519 96 -18 1108 -722 -586 -365 -543 197 1121 608 359 -631 -219 413 204 212 -597 -913 -348 -8 386 723 -1705 -1138 265 -140 706 1106 -383 -141 -301 267 65 518 513 611 -270 671 26 -36 -448 84 796 -697 89 640 -562 567 -897 -702 -315 -893 -501 -1269 580 1435 747 769 -974 
-507 -30 -671 323 184 -468 -329 -139 -224 227 697 -978 -266 565 1301 832 932 886 -775 584 -419 -139 -496 -287 -785 -629 816 45 -533 -821 -416 -401 -504 -1372 249 -208 155 -245 313 -422 300 -911 -630 393 -208 321 -239 -338 -897 -615 342 -269 946 617 216 597 -461 -206 -845 415 -341 629 1082 -612 225 230 57 380 675 474 564 331 1073 482 696 -566 -80 -591 -406 315 105 -841 856 -544 -448 539 -1106 711 -937 -557 -740 1015 182 -22 439 -487 8 -477 1125 140 509 649 -219 978 475 137 -283 -458 -943 -325 265 -733 131 -268 908 840 460 -138 -268 -863 -654 361 1254 -564 624 291 -369 -1577 549 303 -25 368 386 -88 711 1229 509 251 -649 784 -1198 957 707 522 603 778 -1034 -73 -983 -932 1140 238 274 1203 259 -488 -481 -377 484 -901 -852 -56 -1064 -505 174 -699 80 485 608 551 1234 -174 -1031 261 -108 -140 -116 20 -171 -818 188 231 -539 -1040 -851 189 -765 -806 700 17 -278 57 -21 165 -156 -69 694 410 -700 -133 272 658 -211 85 851 -1103 -123 1509 433 357 218 90 184 -436 -573 1066 194 807 -556 1284 263 142 687 -1043 -1531 139 -295 184 171 365 -435 -106 -203 -503 85 -231 -259 84 437 -8 537 651 -193 94 381 291 57 -934 -867 288 -49 -522 838 1004 -232 333 111 -553 756 -284 -766 928 832 283 -401 744 576 -626 7 -446 -1177 24 -259 -167 1266 -1027 152 -165 -1004 40 -35 -1264 -380 473 969 79 320 -671 254 -334 -654 -628 -102 195 333 -458 -143 847 -933 528 
-400 -39 -871 -411 -1622 -50 155 -53 -438 -674 -737 1147 -1034 -221 221 -1107 283 -167 -444 -887 -305 -139 849 -1014 -655 -62 926 -484 -19 -16 311 -1245 852 333 391 258 619 205 715 105 410 216 -190 183 673 142 289 423 -1371 549 -852 1766 -1158 42 -476 -600 566 160 -436 119 24 -410 929 -1245 -241 1699 405 593 385 -368 392 453 -578 872 -508 -621 -447 72 -383 67 -387 416 1519 -1361 -56 -370 -683 483 81 -512 141 737 -501 -195 494 571 -664 394 -687 605 396 -824 242 -804 284 -102 305 -441 -66 562 641 908 -86 -217 174 100 -238 -462 -1458 320 -418 -92 -148 223 -1150 429 350 182 -220 1040 -1599 -375 -1046 -1441 -754 1629 -1263 -1180 -154 -647 -300 -573 311 515 -1027 119 282 -30 -65 593 -808 1206 73 -208 629 1207 211 1178 -249 -1269 288 -613 454 -438 -278 108 204 -112 -180 443 294 166 -1245 787 366 -1156 -224 212 1168 -334 -634 402 -704 -459 -371 -687 -386 -572 -140 -454 229 -121 -430 1127 -26 -807 -442 16 -1343 272 -1078 -33 -382 701 -162 201 1129 -135 234 -452 -354 544 -33 -87 -201 521 -116 367 884 -204 -469 -353 -525 -130 392 308 -1195 612 508 202 1180 528 -916 145 310 -920 -578 161 1010 868 -1075 -351 627 729 436 -22 90 91 -216 -1456 246 3 -1237 824 698 -475 64 140 41 -44 -369 503 -561 -73 -372 191 -428 896 -411 -624 -97 844 -457 -368 605 -631 -509 8 691 -131 -921 -975 -349 821 -812 -308 -227 1 405 -755 938 307 -904 -1255 106 -73 86 -94 344 -669 
-79 496 276 -138 955 -113 -894 248 -239 -892 787 -162 29 99 985 208 1099 -147 -1196 -457 52 319 145 -544 785 206 80 622 -676 -13 590 131 -515 -955 1007 137 -65 -1498 -3 80 -1260 -142 -102 -256 -346 67 959 152 -310 -73 552 -64 201 191 -324 -539 436 -772 1211 463 -974 247 -626 350 506 -87 939 -306 1144 -191 404 149 481 1167 500 251 -271 46 172 -630 1459 -464 -276 -46 -182 1078 -609 374 -185 -546 -619 -1142 -485 -602 24 420 -695 -160 762 -292 -941 -907 -1149 43 14 -264 146 -870 -665 622 586 213 330 784 5 -725 337 436 -97 149 -147 -387 -1208 406 -410 -54 -159 711 -121 467 354 28 275 -328 741 136 -183 465 1648 -377 931 443 -147 537 -365 744 -731 -851 -238 600 -494 -187 -1316 -17 57 -104 -388 73 48 667 -832 -455 -627 251 -24 -1140 58 1038 -568 -1443 312 -197 -1150 -1192 -1178 -578 411 -89 42 -25 -817 -267 -505 482 144 -296 -1091 493 -782 -422 -848 232 1062 267 -826 -449 78 -357 562 -705 844 -635 -196 -832 -1085 578 1099 21 -33 454 427 -386 504 -1049 951 -1449 -1378 -446 -413 351 -214 204 451 815 814 -74 226 264 -857 -687 -321 899 -372 330 539 -311 -494 941 408 284 -833 -704 -117 1178 -834 268 1170 1431 914 -984 -303 1353 -574 -537 1247 -11 -701 -388 -541 -530 -412 -39 -30 608 -907 -926 -283 490 446 -477 -571 808 220 -218 82 101 -1031 -499 198 -553 74 992 -30 398 -145 646 -861 960 -221 199 283 -73 -83 639 195 468 -580 -460 696 -599 
399 461 887 498 -491 -496 -465 -606 1464 -293 -771 206 -647 126 -465 73 878 -193 343 658 -266 174 -557 -237 -411 502 -288 51 208 -593 -314 -130 -477 1630 267 -462 -20 -521 -95 498 -120 247 -436 -905 -53 -12 150 -173 -419 406 111 417 -181 1309 495 330 -514 -266 -443 308 -1208 -178 174 700 1224 -549 14 171 -293 346 -1114 -116 1005 -243 -119 584 95 -457 570 552 -390 -182 -1266 -281 -1308 -1321 -177 -1114 -827 -543 -67 -838 175 -350 -2184 507 -6 -811 1001 -55 172 249 -22 -38 -1010 522 119 863 177 -153 -343 -50 1149 -170 189 -127 -289 38 642 241 -681 -458 140 78 -869 653 -539 1043 -67 -652 -41 587 506 -122 -1468 204 -185 -504 1374 902 -520 1307 224 801 -222 396 833 -547 469 453 634 -127 -324 1149 -412 -623 952 -226 -61 -409 -530 10 -81 -134 -291 -951 -552 -145 -967 1148 -319 851 -273 -327 -6 669 69 -478 -220 1047 -350 -53 -102 224 90 167 -231 197 -681 -676 -162 -641 -293 801 645 119 249 -564 -110 629 -356 236 275 8 -1082 -74 -332 130 220 483 107 -723 853 747 135 -81 948 12 -903 718 1429 -412 -45 8 -56 298 542 368 -606 -82 -248 158 56 506 480 -239 -735 1105 -809 21 -1231 -456 -115 175 239 -599 629 812 -409 811 -358 137 -611 -1253 550 -785 452 602 691 776 475 -973 480 -711 1169 -1078 -237 752 -160 259 620 -41 -1150 -759 26 -844 -1094 -489 232 392 -5 -564 -1194 318 -1785 76 1151 245 188 506 1091 -1942 892 -40 655 640 142 29 -171 -588 
-392 -1729 -785 777 -1920 -1152 -115 -753 434 159 284 -416 -488 220 -269 -479 1081 530 858 68 -316 529 -711 -311 225 334 -199 -642 17 485 338 -1149 -547 -153 1300 -126 346 -263 -723 336 -1332 284 -279 11 -624 -533 755 11 -994 -348 866 377 404 617 48 195 -59 717 349 1463 476 -373 -944 408 -490 437 1811 335 -715 58 228 621 302 -75 810 788 655 -81 -104 -645 705 399 163 311 314 803 399 198 1063 -103 -709 -421 418 193 1491 -577 446 510 844 77 -749 -186 -1167 -42 -1101 415 -383 109 1121 190 380 -577 -357 504 1064 236 796 -831 -71 -441 397 -359 -228 842 918 -610 266 164 -32 43 284 306 181 -748 -78 752 -83 249 -241 314 -380 -52 233 133 663 -482 -511 23 338 1512 -381 327 -540 525 1099 -92 922 -460 -420 98 285 -420 -859 -395 -302 77 376 -521 230 232 -278 506 1219 -128 -47 43 -581 928 282 -480 570 -215 743 12 -601 -584 1039 -455 -988 -3 -24 -955 -183 -357 -432 10 -21 461 411 -899 -524 -198 763 274 991 -1160 919 70 -189 1078 -588 84 -405 -114 -452 21 14 1570 -817 -274 1151 -344 162 -470 -425 160 -1126 23 -603 -203 104 682 -431 -585 364 -130 408 -779 291 -593 -855 476 500 -277 106 -74 88 -28 612 187 1050 316 744 -402 362 834 299 -722 -510 350 685 -282 1099 126 72 154 503 229 243 -1152 -126 279 -37 -1129 52 919 -366 51 -454 504 -550 51 -999 -178 259 -76 271 813 457 56 -661 865 -201 1460 331 882 -230 1166 228 -327 
-640 -650 -547 516 142 -53 98 -651 4 378 -446 -190 -209 -824 -1371 473 -362 207 296 604 1095 -248 606 -296 -1616 1216 167 801 -715 -561 -75 276 -1021 668 -128 -1084 1557 352 -345 -367 664 501 62 -1052 8 170 -751 1591 324 -584 -543 408 -254 348 802 396 -239 425 1013 -5 774 -268 664 783 -1038 373 -402 -202 646 65 91 -517 -1248 752 324 -820 -529 108 751 -449 -741 -451 330 -46 -45 -831 865 -1224 -42 224 -731 -535 -807 -405 -338 -664 719 84 679 -194 740 234 565 254 106 718 207 -221 -485 -532 -249 -190 -500 308 409 52 -31 1322 177 629 -46 -488 220 358 295 120 -140 532 127 -58 -624 -297 774 495 -166 226 -277 1104 -252 -372 75 -224 -170 82 93 1251 23 -275 344 12 -90 -449 65 18 112 410 -38 -73 47 -295 1287 658 -276 450 -628 468 34 -241 -619 56 -26 -1014 734 819 169 -716 -435 -33 1300 412 -336 -117 -861 629 -707 -162 -333 -1122 634 -531 -431 770 -246 -57 -113 256 101 132 586 -567 -1022 -771 493 241 540 232 321 323 735 -417 -425 1108 -569 -443 261 986 -560 1063 1134 1062 -383 291 478 357 10 -601 -648 -243 1105 696 -403 504 538 187 466 -322 416 -779 -4 -534 587 800 -344 99 -252 243 -551 -756 -701 -449 660 -607 866 -568 227 156 -569 -626 -161 -964 400 -4 -373 581 -244 -41 78 -319 -373 1219 5 -583 72 93 147 -273 431 714 557 283 -1105 -284 630 578 -39 -494 -469 373 -448 -140 597 1112 -893 -139 292 651 -288 917 -252 105 
-603 503 -324 484 602 -350 92 466 311 778 741 -412 1402 840 267 -24 -78 -395 -51 87 1089 -1143 -489 256 102 654 235 255 -298 85 473 -334 -33 1063 -792 -476 -512 346 -647 293 1549 -987 411 -1559 403 757 409 -925 1105 -111 -368 -370 -93 346 -180 880 15 -903 230 321 1271 200 -101 -223 -875 86 739 -1580 536 -18 190 -1227 -487 -604 -651 1561 1154 262 1205 -306 -399 -290 -583 1618 -353 211 -244 1348 929 1257 680 432 -48 -318 -7 -433 -1262 -1012 33 483 -92 162 103 873 -221 -150 137 43 789 -1026 961 -671 -1905 1156 -13 353 1396 876 -473 547 -275 640 196 -31 -788 511 -177 -165 -444 734 -37 528 883 -360 149 -588 816 1104 657 -910 -148 -1 -14 -351 331 -178 227 685 -251 806 995 -816 -385 -339 683 -139 -464 993 508 -678 861 -195 -370 183 -857 340 335 1213 628 177 -319 -114 -154 29 -381 -113 -921 -250 381 -257 249 572 -393 241 -140 -594 250 730 -2070 423 1027 585 1768 333 -1826 -4 -832 -1198 492 -1109 -212 -651 -575 -214 -291 2033 69 -1640 512 500 138 -716 215 554 240 -308 -976 -720 -704 -415 -975 -72 -300 -238 690 325 848 -1269 -1573 -666 -613 -371 108 -200 -485 -40 402 -509 -534 828 350 196 -197 -1583 -481 412 -1126 -137 605 131 -246 354 -846 -193 -684 812 509 -671 662 756 1751 742 50 -236 -772 949 -558 70 -209 155 1785 -32 -1106 314 -161 2322 -119 -1 -173 414 -998 362 -646 -564 707 1015 910 -51 128 -2 -286 699 595 -484 630 -284 988 41 51 123 
126 1240 226 -456 -772 819 -130 222 -424 -112 -160 121 -80 98 118 -195 610 -144 65 1514 -408 846 481 -1122 -1395 -762 237 -240 450 562 -324 407 215 -433 -267 645 -889 223 393 -164 -118 164 -1069 -424 1315 -723 -600 -266 -732 -736 182 370 189 322 117 713 591 -651 31 843 53 -11 -333 -1238 -385 -779 -512 -977 -430 -438 -366 -403 159 923 -363 -52 -763 183 -719 632 315 265 54 -125 228 -450 184 -353 -524 869 292 321 -362 614 -512 -782 -908 -1369 -969 -384 21 -289 -144 227 -399 578 118 -15 443 -591 100 -502 693 -668 -281 939 -684 -1386 666 -248 -691 -67 304 -106 27 -54 -37 940 -250 -1335 49 112 -747 366 1369 297 -857 -688 84 918 -1134 126 -633 600 1099 1126 133 -471 159 -156 822 -1768 -1180 -471 268 121 -1181 -96 -484 203 107 -1073 -307 20 774 -552 299 -1713 204 37 1650 745 -351 -1169 402 -413 -496 236 159 1229 909 65 -228 235 327 -1415 131 322 -947 -363 1135 -2448 10 -323 -73 376 -350 297 67 -933 67 145 835 78 -471 -378 207 -829 -583 1250 -754 169 -214 120 -416 947 -688 -1389 -633 -366 -191 -347 1092 -287 1454 493 -54 -546 1490 40 -706 -920 469 929 -744 469 943 -129 429 252 -190 277 -325 -693 -734 195 -491 361 685 619 -195 2044 300 767 1906 276 607 -223 1488 187 -65 316 582 -1135 616 720 72 -196 -426 404 513 -318 -808 120 -400 -534 -513 94 -265 203 -969 -105 -1301 344 12 -652 379 1130 -548 170 471 -1056 -1254 313 710 -730 838 679 -74 120 
673 -553 -1131 282 -1057 631 -197 -573 73 516 -719 -980 -404 660 360 1018 1 1658 -212 -165 -533 44 412 162 -115 -903 1127 -316 1085 372 -1324 611 263 261 -437 719 243 668 601 -364 -446 -1235 34 1540 765 614 -31 487 -947 -1059 -248 -200 -256 -232 -114 -1229 -699 -941 646 772 62 612 1145 -325 -572 1363 461 28 -975 670 348 -347 60 490 1144 362 -28 784 -168 329 467 -23 897 -48 756 226 -79 274 522 -325 244 183 1145 -1688 -655 -127 -311 994 -1256 1231 -459 -581 -268 765 339 932 429 455 783 238 -180 -240 287 -282 980 60 -541 -1276 444 200 -743 -173 -327 493 842 518 214 -652 1008 374 48 -815 -126 70 293 -217 -1111 -155 -190 566 284 791 -593 -115 810 865 1155 425 714 -108 416 -1023 -517 -516 -340 244 -597 389 -159 228 250 -182 -476 -497 326 716 291 -557 670 255 673 531 -539 -78 -612 315 803 270 400 552 161 7 433 83 360 -1258 -650 389 412 42 120 -1179 870 273 553 297 -80 914 -301 -649 686 -25 706 232 -476 -115 -795 -569 -838 -334 -1728 144 -691 -146 374 1064 91 -452 -949 -769 253 108 132 446 -304 352 -236 -549 -37 206 -309 -233 -386 470 -1290 637 387 -835 673 377 -470 -731 176 -867 369 167 -327 -14 486 -71 -1625 -473 1044 1758 -352 -171 99 489 924 1576 716 870 914 763 60 -432 74 84 26 4 103 -3 -178 -827 687 642 -998 102 516 624 -869 -128 -1986 -1048 533 -494 -502 66 52 -1718 148 446 442 -310 591 181 -379 156 314 47 
478 -207 -124 729 934 150 407 310 405 -158 704 -421 238 -88 -246 -1130 357 300 1094 -430 546 -406 164 -234 -634 -76 610 -732 1092 -442 77 -503 -99 -240 571 326 503 -543 -500 1145 575 792 1 -998 1190 496 -1107 -680 -1086 1103 -330 788 -62 235 -15 -423 -803 -180 395 307 744 -347 88 585 167 475 -257 -1154 -210 511 -200 -1308 -439 -27 1488 337 -862 1046 -416 -443 -1137 -703 -590 -543 128 320 -402 88 586 628 400 -666 -725 403 -909 -344 162 609 1005 -314 -724 -1031 -218 -293 -687 -553 114 -117 494 249 -44 1055 -1098 1039 -556 -198 1005 528 599 32 -178 -291 -281 -650 -214 805 664 -70 180 600 -1118 -55 198 -664 709 346 -689 -1242 -846 -627 -997 287 648 -489 -675 -83 637 264 310 475 339 -665 -59 -574 1053 336 -756 230 -526 -1153 1181 -286 610 116 -669 973 328 390 -738 -842 -588 237 -838 647 -508 -536 -364 17 1165 448 729 -649 305 -720 -211 -800 -297 -48 24 -290 -282 1123 277 -782 512 550 428 -621 -293 -743 -47 -942 -693 459 -1112 485 388 506 746 157 -954 400 119 -72 -769 170 187 -1076 92 -740 214 171 -553 482 696 -1094 -786 -536 208 467 257 294 1021 445 352 208 166 -258 357 810 312 101 -1254 -747 -623 -824 226 -31 -649 -303 330 -534 -919 27 364 -249 -349 382 740 695 163 475 -234 112 346 955 662 207 -210 1624 378 132 302 -61 730 -137 -35 40 -171 36 282 580 670 62 -311 -201 312 -268 282 -229 43 1080 852 -1018 117 887 876 137 -209 675 
488 -984 -217 935 735 -173 742 -148 93 614 -804 728 -687 -575 -183 249 -259 -321 333 588 380 1593 -223 12 1746 -297 -367 451 476 -310 1390 -1074 59 -129 645 -324 -294 1092 326 403 772 192 -757 1055 -199 1022 567 102 146 -258 54 118 -345 -611 -11 -166 -800 -572 255 -625 -199 -424 99 -386 244 -76 80 -1282 -191 -17 -547 804 599 -638 180 233 1208 -241 213 347 -1040 -208 1275 269 -561 -296 346 824 805 159 886 879 10 -626 -1064 -412 912 693 -308 -105 425 1177 574 524 68 -103 -936 1067 -79 1082 -929 -753 478 336 995 -645 721 -1047 -123 273 -25 -89 -409 -673 -126 -249 -193 -42 199 126 891 -1081 839 -518 -456 -842 -228 -85 -590 -475 -1146 357 445 717 575 -571 1030 -899 197 -343 611 218 -660 -576 -441 636 -492 331 211 -492 373 458 332 419 481 -256 -72 429 295 80 473 -355 -1097 638 -545 -651 -384 1073 -75 -525 348 -774 228 -1065 291 -355 -117 723 -241 -925 -429 -13 -47 -717 229 944 -388 -856 -809 79 600 -596 358 -723 -574 1444 461 -626 -1219 1103 545 -381 -370 436 -547 814 1131 -677 566 371 166 521 -177 314 -1094 -208 -519 -320 -915 -206 -614 -354 763 1001 134 70 -169 -129 -384 106 1164 -9 -109 37 -943 -237 21 -1226 -1092 135 411 598 104 886 386 -61 -760 478 -28 -113 527 15 875 609 499 53 479 184 270 971 -629 576 -849 684 789 -419 -131 683 678 705 53 252 -2004 -1053 -1400 649 289 122 -498 -622 -834 893 1266 404 108 752 -511 -494 343 608 
494 686 -95 -53 -147 339 -225 598 -301 86 -248 961 187 768 238 -830 -498 346 566 -445 -713 -658 -799 903 -133 1743 915 -365 -373 -239 450 173 1368 334 339 -483 -349 840 -762 25 -272 27 495 -199 792 886 -494 840 -600 -304 -458 -451 -44 -361 573 191 -1 343 358 532 -716 203 -536 8 354 -591 -45 293 638 -877 41 353 1141 370 -830 -56 -42 -99 256 -641 840 -282 1088 354 1080 -173 -344 -785 565 -439 -60 215 -382 145 -58 -268 -98 317 240 950 1038 -477 55 29 382 -737 623 849 424 354 1158 -173 -567 102 830 1379 217 -298 69 0 -380 571 1100 376 408 401 555 147 20 6 -548 -5 -559 -848 -144 490 -391 476 141 -995 -332 -824 -73 23 -784 -156 -652 -547 -166 624 442 -798 3 -92 -215 -11 -1272 759 282 -677 602 -797 -732 -241 496 -712 -30 220 -1284 -28 174 542 -1261 -266 501 -45 -415 -1164 -101 262 600 314 337 -1129 -41 -480 931 10 -707 -1442 1249 906 909 332 395 1023 94 -327 794 431 -158 452 -188 -398 1761 -637 77 625 206 -186 62 661 15 -133 -116 98 -82 675 202 172 -478 350 -665 422 -726 917 219 1548 689 842 -546 -242 -431 -245 -500 -129 -376 -872 -865 -446 922 179 85 228 433 -567 210 1125 -265 -1043 235 -907 -370 822 -27 745 -198 -103 614 48 -415 419 -370 1040 -844 1727 563 -344 1293 638 -213 -96 -43 -416 381 -54 -539 -40 -398 518 271 -95 -279 -412 -295 855 413 234 -397 -18 -401 514 522 -93 -157 911 -50 326 1212 -46 
-138 623 525 -253 529 -561 23 543 -300 605 -456 29 411 1025 -246 88 229 61 324 -958 18 -604 193 561 634 -249 -197 253 -72 535 -196 -790 -325 -881 -52 -354 196 297 107 605 -642 1395 -573 435 514 -399 758 -1099 -430 -1061 -495 -849 1174 123 702 283 469 -56 698 345 -942 1008 -28 120 -445 322 -226 -74 591 316 -324 730 492 127 74 180 398 -268 -436 -419 -1341 719 302 238 367 74 -1059 -367 73 586 807 -107 795 788 1050 563 767 -15 1150 -558 -621 752 288 -179 -765 50 841 778 -645 -1238 693 373 -704 -232 510 142 875 247 897 358 -494 -69 1246 -278 314 405 -436 -271 148 293 244 -214 -536 188 473 746 252 1109 -622 755 -888 606 -339 299 360 205 126 94 93 -863 761 -150 -866 66 -404 43 109 -59 651 110 102 200 490 -705 90 -205 -371 -427 94 1290 269 644 39 488 192 105 47 1139 479 -859 807 -341 -154 -1099 -132 483 -969 -220 -221 79 -189 -511 -321 -954 -260 -511 -529 700 -373 827 -603 -73 442 -189 33 -593 1090 479 655 613 -399 128 67 -132 -84 230 366 -676 -790 497 86 -286 -615 -84 -28 667 -437 236 -325 -214 -462 -429 -642 552 -300 93 665 146 -579 1560 1088 -633 -243 -791 900 743 1219 -141 571 139 -374 395 254 -201 216 339 -224 -633 -560 366 65 1164 -43 -325 -407 -150 873 11 340 -649 723 -33 269 -149 106 -195 518 -258 1419 1309 -668 -55 246 -45 20 61 1515 41 77 401 -314 -56 -585 -853 -285 -1048 227 706 -234 -301 
282 -889 49 -483 -114 -124 344 353 389 -326 -141 -910 498 -714 106 -185 58 -930 -1436 -124 300 148 745 -1036 -160 -945 211 318 558 51 -337 -1100 1666 1114 255 276 613 68 -59 12 -1082 -867 -904 281 -196 198 490 -1361 588 -255 -701 -187 -195 -1158 -80 -550 60 -757 -29 477 76 182 427 1007 964 1660 348 143 -545 -336 -89 1204 110 -148 166 623 950 252 -965 205 -360 -631 -54 260 335 528 -372 153 -392 242 -374 -465 -497 374 -316 1753 103 42 548 -357 -104 30 259 253 675 -316 -960 -1410 -226 455 902 964 -1269 -234 144 990 117 -267 360 217 -1674 -607 -236 -191 -938 530 -57 -126 -222 -881 905 185 330 409 393 -610 -294 254 -134 266 600 -329 -241 -226 631 -829 83 -349 494 -438 -212 -797 134 225 -81 1477 -289 -861 641 -286 449 -722 -289 1718 342 324 1219 304 109 721 -627 150 112 -691 304 409 52 -693 1283 323 659 582 194 -1166 -1184 -1120 1406 341 825 405 -1044 -465 1004 694 -708 -612 -531 132 735 -480 -97 1013 607 -580 -820 63 646 105 1214 325 228 -326 -339 641 72 2 167 -42 -318 -284 91 404 1040 -459 -365 575 393 -73 406 -1 193 -296 62 -430 -760 -1145 68 1129 422 11 582 997 -970 -383 1353 -529 -325 -423 -588 684 507 1037 -392 903 214 -188 1012 208 -42 112 800 -177 -1465 946 -11 -815 1039 -717 -283 613 48 -1146 -721 1050 -253 -577 -361 -658 -195 -267 -484 91 736 798 477 -362 261 499 -397 164 -112 431 -424 -728 -727 66 1020 242 105 -355 
105 -48 -239 1711 399 -1350 -856 -191 -469 157 -398 160 -676 75 1401 359 515 -39 -1334 1320 244 921 796 302 -474 812 808 -273 -496 -444 460 -245 -1000 386 565 -756 -285 -2 63 320 171 -380 -936 -319 464 282 -216 -114 -860 166 -950 538 637 -478 -330 -1539 -1014 350 834 -262 1512 -83 -1005 -754 -755 486 -929 807 293 -132 995 258 -260 -53 379 303 330 277 -920 -1167 -98 -143 176 -63 -101 22 1023 83 339 815 -559 -19 -898 1059 1075 278 -29 329 491 32 181 -467 431 734 560 360 851 -655 152 153 -1180 15 1507 -1678 -867 334 148 -540 -619 -674 397 1422 -370 145 123 -410 191 -694 -198 -260 679 -853 -957 1253 166 -351 570 267 -19 -778 237 -914 230 74 588 -496 -39 -670 -351 104 616 93 -1222 710 120 377 238 -426 143 601 -600 249 -38 238 35 89 -387 57 575 -200 487 262 744 -608 -1063 610 -220 -349 905 674 -71 139 558 -1094 -2073 610 972 -568 424 971 418 -24 -858 968 308 601 -1125 220 -46 -231 -357 963 661 -194 206 139 -391 -175 362 719 299 634 -335 -622 -141 485 453 837 56 605 327 1247 -112 427 -576 -550 -267 696 113 -785 -714 -375 -487 -197 1057 -449 818 617 589 32 -142 1167 -726 429 529 788 820 -713 62 -447 -137 589 78 -607 -476 1679 265 -257 186 486 -914 870 -534 -633 -37 259 -911 -373 369 -150 435 -517 188 465 -522 710 421 -775 535 -600 695 1942 -767 -324 562 -1209 -390 729 -314 1018 -436 680 -698 180 1532 -739 -486 264 -253 73 
80 95 -382 860 -1542 -1012 760 -694 187 -11 -255 -1203 51 138 -779 -812 186 -539 921 183 767 -293 557 -699 293 -5 -985 365 -703 457 14 -524 -830 -275 -957 -650 -530 -304 761 1277 483 -453 533 23 256 -271 23 -922 773 -523 691 430 -62 210 390 -873 -1066 951 171 696 -1441 463 -621 -622 347 502 405 86 81 -891 -300 220 794 175 1171 -1308 -101 -511 81 -421 -174 48 223 -253 -326 -49 -920 -426 15 -1128 284 391 111 -507 -258 244 -522 -808 728 -170 -1053 -176 -13 229 -43 590 -393 246 152 287 -266 74 283 246 -507 912 -71 -1104 273 -192 -587 -54 -1016 -1171 143 685 -1332 680 0 595 -458 319 -449 -4 -280 177 -97 -184 -1051 29 -285 612 -574 95 -134 -436 -261 -609 574 101 509 -20 -572 25 -449 -518 659 -167 -173 -55 -713 783 -655 718 -809 276 1151 -446 -113 930 772 -58 -175 110 1113 569 226 -9 715 -138 457 -305 -695 331 -137 138 -194 -103 1828 374 -1039 -592 -772 -281 -827 589 -281 -945 -138 168 -928 315 -117 453 1159 -241 835 204 698 -351 -759 187 -54 -823 -360 282 527 1047 569 218 -162 22 703 -820 -982 -685 417 -1414 -564 1009 -311 319 1435 -162 -456 -128 176 -736 194 -168 -93 108 -586 -623 -292 1165 401 -1194 834 218 667 -640 962 -94 -61 586 -315 664 94 -377 313 -256 194 -903 -240 -112 -635 154 138 211 925 -473 1239 -640 210 -471 461 670 -719 -1274 -373 -383 -519 628 -1121 -220 724 -401 -732 -403 596 -564 -704 -265 -1034 110 -228 1047 -355 786 
-42 95 404 -289 -284 -685 -204 -876 418 141 -1351 370 -148 -147 308 109 6 -694 -8 -866 -382 747 1453 -381 68 667 -976 -453 -1081 -120 81 -1012 419 -965 762 686 76 -856 -353 -95 -890 733 197 369 -1824 -585 279 -1099 -1180 626 -801 370 -365 595 467 -303 -69 -971 1038 -330 147 -340 -662 404 -427 246 143 409 -1086 1030 -160 -785 1061 -258 -1126 -635 568 442 699 -253 -235 386 -187 77 -86 -607 264 714 721 -28 740 -982 128 -274 949 1643 378 795 -125 236 -230 -748 1193 -187 -40 43 363 55 -767 879 -261 235 40 112 -1309 -267 -1507 -658 -921 -107 852 -917 -1177 1284 66 -63 -305 -681 -98 -56 -884 -1149 -825 -376 211 719 1976 166 -124 -162 365 402 839 -380 -917 -1545 881 190 329 -10 -822 -891 -1500 866 -366 58 377 564 1850 -453 -1093 259 8 -747 130 96 77 -396 -235 -417 318 176 -398 559 23 960 -26 -689 -418 829 -872 -1286 -298 827 483 286 80 -531 946 502 -1164 413 1253 406 288 -31 317 -83 144 19 -303 648 -1575 -293 81 41 -19 -454 108 133 -273 -698 35 525 -1417 -1809 -324 295 1325 -171 -165 245 85 -2200 -797 39 -157 775 167 -465 131 9 244 152 -417 -287 -568 -109 -565 852 249 -548 894 1032 360 -234 1004 805 -406 -99 -63 -997 -594 812 431 452 275 -222 106 945 831 828 353 -671 -473 -995 -1133 -604 756 -46 459 362 853 -380 -729 -1096 -863 69 480 -105 817 196 690 297 -203 974 -549 -163 -293 171 56 491 94 -1410 -357 -740 -1191 -749 63 252 
205 -23 145 -89 822 362 -20 640 -685 666 -508 40 -434 838 403 -1034 336 270 836 -330 -152 492 -154 -437 1180 -315 -549 -327 1073 -977 175 -627 -551 -524 905 261 -842 444 -299 -1024 320 -278 -719 1063 -477 120 -498 -285 40 -70 -46 -952 -877 -679 219 450 1080 -107 -580 -781 -420 682 -543 -361 -296 -133 360 -793 122 -619 906 -385 -1097 963 -529 405 771 -1243 334 138 -30 1423 -418 -374 339 -573 -654 -500 -840 649 221 -77 -75 -50 -499 535 370 528 155 231 1014 1208 472 550 -6 -198 -393 456 -605 -865 -323 -409 -239 645 1507 -302 -133 714 -854 1072 -178 1946 -601 1092 -170 -1348 596 -799 -62 1194 -136 -234 1527 91 -354 -741 -638 513 92 -50 -626 -76 -158 315 -194 999 903 -601 -495 -1189 299 -244 767 -962 -592 388 -1005 -892 411 35 -520 -318 301 -751 719 -903 350 -418 13 810 -5 -309 -166 -482 816 -618 -570 -1419 -789 -939 -283 272 -325 502 -423 789 -749 844 -141 -389 85 -668 1472 -365 -87 30 56 -46 -415 -1413 -370 394 634 289 -732 581 451 502 948 -414 -723 -1060 -383 -283 986 -8 -1498 373 77 -653 489 1337 -486 897 561 -437 -408 859 360 153 716 782 -545 637 -150 -455 -981 -58 -305 796 -555 -986 -240 565 859 -83 225 -909 -672 193 1150 -56 1038 125 -664 -334 908 240 -276 -102 329 271 87 1110 -636 -202 51 297 1041 -756 495 797 -167 -424 636 -260 425 22 -267 651 608 589 -269 504 453 617 390 587 -1530 -834 30 -605 -314 728 -679 104 353 644 200 -269 
778 1275 -561 54 79 -189 246 -190 815 190 -580 -165 -406 147 1515 113 -542 -161 -927 -49 -303 -19 -321 8 -175 1339 -755 48 143 -319 339 566 31 -111 -599 26 654 -305 -493 -715 1258 -965 -298 -864 -455 -325 -254 -598 -188 -768 1426 338 483 -17 -237 389 452 453 130 -335 -56 531 -426 -214 -173 642 -1231 -866 101 811 960 17 -4 481 -458 681 -89 488 -1168 917 431 453 233 112 -296 -9 78 -183 -1165 827 60 476 288 793 -1102 -350 -308 -1031 181 -262 1656 -45 -1412 -209 -50 -392 -199 -899 -647 677 399 1050 1070 -1079 602 -328 -964 523 -336 -267 -1355 480 1244 -463 603 -725 -602 54 327 1147 -702 -1026 813 85 232 -849 698 754 -909 124 403 148 1151 791 1332 667 -178 -39 246 -272 -990 -266 290 709 86 -166 -410 -1272 172 257 -474 888 -525 153 168 600 -673 -203 -292 392 -520 732 -1432 36 1295 1255 -1012 132 -1211 116 250 526 -626 -94 52 -519 -1707 522 -715 -84 814 -284 207 -30 261 -249 300 1123 -180 909 -493 664 -511 198 -435 -510 160 -796 -135 433 -217 -25 522 408 639 -859 1169 441 462 132 774 364 320 -413 -265 777 502 234 -149 -170 69 -347 562 258 -633 -845 824 971 -636 714 367 -202 -1046 -1162 -692 63 1017 -396 -214 -1044 639 962 606 -718 254 -751 178 -4 -320 160 -729 294 -206 -61 109 773 -641 -84 249 993 522 1045 -16 -685 965 314 -559 -319 -1022 66 -163 -297 2384 -12 -158 410 -1345 -1033 11 961 374 826 -176 812 141 -1022 451 27 -803 -410 
-544 271 477 -1295 1572 231 -170 -365 -866 160 308 153 -551 1296 259 -1066 224 -200 583 1067 183 537 452 -812 115 470 39 -537 -195 -727 365 -693 -37 -4 150 205 1337 -102 -523 -263 267 -454 -477 711 674 -555 621 -634 -466 416 261 -631 -702 -428 -313 -134 914 418 264 255 -691 -317 22 380 -654 -829 225 507 258 -1541 409 727 679 243 169 595 214 -605 558 -145 537 214 -1536 -290 -364 -664 -764 645 -104 -1007 140 -35 359 936 -367 -555 484 -327 495 -999 -398 666 -1351 844 169 -847 0 -56 -144 -515 1153 885 -167 -64 309 1047 22 276 1626 778 -945 434 -9 -441 252 -568 139 -429 -339 545 516 182 242 290 71 -116 -1037 -185 25 -615 248 -393 662 1431 -290 -50 -15 -1026 -534 -195 268 483 690 -91 344 460 -660 -1441 54 480 -432 -421 246 1359 870 -238 1191 -377 871 724 363 -350 -412 624 -444 -62 -1461 165 -1174 -60 -438 -556 -64 -168 663 1120 -215 -1155 -145 414 306 683 830 -172 -44 -422 -227 -770 562 -953 -49 -121 514 30 -822 -19 -295 231 874 -53 275 -1161 -151 566 -425 -260 -598 842 -392 526 1405 -1428 -142 -404 79 -15 849 834 13 510 262 -387 74 -109 20 -372 -266 -64 -440 198 835 -560 1053 319 683 796 -500 -1514 -109 611 -40 -1680 -380 18 497 864 1028 -900 860 -870 61 -808 157 -1546 -177 -853 79 625 851 -206 619 909 -741 1015 112 310 1031 696 -261 184 1369 248 -333 562 -474 -191 -1235 -1047 -1325 -278 153 -252 -615 -246 -584 70 -1234 -233 563 -655 
-82 -347 336 -1399 -563 86 841 95 757 778 755 204 63 940 -251 133 -360 367 -1321 -214 -205 -214 -840 322 120 -1729 648 822 102 209 -502 -300 1532 280 1071 272 -543 15 211 384 -114 -600 198 441 -466 409 89 -118 -32 -766 -843 406 -1131 -378 -78 333 259 -99 -527 239 -420 -122 414 -435 352 -229 208 277 714 26 -779 24 672 -754 -304 407 -440 -184 -722 1390 785 278 727 -565 110 716 -750 194 -909 -341 -855 107 -848 -55 -270 -896 -868 -113 -627 100 1069 201 404 140 -57 -981 -157 -773 -478 1040 714 237 -237 -290 -1232 -720 730 -855 -292 56 -810 328 378 -353 -327 64 298 -470 -369 -653 174 529 -263 -842 -589 -86 808 -836 -178 -109 264 -129 -1167 -1015 -1159 1565 -512 -1552 762 616 559 488 627 -86 -288 -396 434 -704 577 320 -472 406 -31 -132 -323 -82 302 1329 499 832 -96 668 -774 -665 681 1269 343 -361 71 -272 -312 340 1161 1037 607 -168 394 382 453 -764 790 -90 79 117 -737 852 87 -473 -758 622 903 434 -284 11 162 396 -120 -344 -831 -405 -654 -434 -1489 1169 1242 260 -263 -1459 1204 1036 -629 84 1257 -961 -141 833 -889 417 -378 220 458 862 -93 -179 -504 415 -1352 -574 -415 25 -312 -283 -515 -871 -217 -1096 337 -578 432 -413 1580 -25 -39 -518 -26 -187 882 120 150 183 733 -377 481 155 606 -634 -543 -213 132 -751 293 753 -395 -211 -98 421 -1117 -1390 -447 -94 369 -391 279 889 234 -638 510 1675 427 -339 218 -182 459 269 504 -822 -179 -209 721 -1595 
551 -37 -597 775 214 68 185 -156 547 913 -1135 -103 948 -181 91 1016 -381 661 -1515 -372 43 178 32 875 2 -35 -100 -620 425 -150 536 758 -354 -218 -1257 71 -460 -297 -272 239 1133 188 -597 19 507 748 178 -540 1065 -183 -442 -759 206 -400 264 198 -707 -201 -107 214 -1322 350 -787 -602 877 441 505 448 513 834 -15 -733 1020 149 318 -20 549 196 -303 -627 1963 645 480 -126 -793 -205 667 -1305 187 -897 348 -512 1417 252 -895 578 -122 -168 491 26 -975 469 -754 819 -64 596 494 -853 717 622 790 -605 1143 447 913 591 -1306 -333 540 23 -762 -416 870 180 -620 518 -119 -269 -870 -778 -1071 -376 -105 427 -782 974 -575 366 206 -941 34 379 508 -340 656 -525 821 254 -920 -715 358 -709 -1147 836 -543 -137 -185 1020 638 603 -609 108 -347 331 877 490 86 517 -1246 723 381 83 239 -310 1067 -525 767 543 -1242 -365 456 -82 828 -780 372 362 7 64 730 445 -902 -643 -1525 -9 -312 811 377 412 324 957 221 796 568 -931 -1097 -1061 -117 -1191 1223 -521 405 236 -199 -243 513 -951 292 666 120 134 205 808 578 428 202 -123 26 556 525 -284 -663 -1613 128 -363 -216 -175 -293 695 263 -114 213 -58 -882 -394 -103 921 236 -593 75 -288 -40 173 -439 1204 -776 -159 207 209 -284 -448 -191 -785 848 -1162 -1118 -814 -208 466 338 -1029 -1108 581 -274 700 744 -639 658 -69 -170 578 -194 750 -784 -752 -519 298 638 -866 -533 247 -487 292 -786 -945 956 -267 682 109 -385 538 
870 120 -864 -224 -595 -75 -662 -504 415 606 -234 572 795 -625 932 -121 807 -132 1182 250 730 -438 -405 1103 -128 985 -227 -947 448 -208 890 355 -692 94 444 122 610 990 -105 422 300 -646 533 -466 -846 507 331 -330 -638 451 -1252 -754 -853 281 386 -956 -253 594 -437 -842 114 360 -251 547 903 739 -160 -910 698 540 -622 -201 8 -176 460 -939 -302 -310 299 847 562 -413 242 -236 322 402 -699 -615 1612 -296 -284 -13 -714 -483 -557 -839 -30 -43 666 1026 541 543 491 -122 -312 -649 799 -869 -114 -386 -202 531 -1208 1245 -818 283 -529 -81 -197 664 -215 -582 -334 497 257 -858 328 615 -505 -400 -202 713 -576 625 -1086 -207 597 -434 196 175 -109 -101 -11 115 -495 -495 -910 -250 -726 532 432 166 -1205 -846 1001 219 1315 332 -603 -320 -434 -206 177 -407 -852 -561 -785 395 -253 375 119 -380 -737 -1528 682 1080 1367 14 -54 116 109 -374 20 685 -47 -428 -626 341 866 -1649 993 1100 765 -196 1030 -118 -563 891 -1155 -317 -972 -505 -545 483 1405 420 1604 1217 -540 -111 -1182 145 712 -735 17 -83 734 5 204 689 728 -527 -550 43 396 -934 48 -414 -302 229 1343 1674 513 262 454 -1171 -599 -50 -175 389 -316 233 -263 -668 103 -930 923 -61 40 260 -410 -269 -162 -496 -274 -796 814 317 -1073 644 616 670 922 -280 -1543 524 -1280 1113 1047 306 -653 -326 398 621 -1014 -844 -218 32 118 -390 -574 69 69 312 429 197 486 -420 365 -458 426 44 -93 -984 533 15 181 867 -848 -748 
259 274 189 7 343 -1467 111 -1173 1308 322 -1215 372 193 896 -816 -282 -840 -841 930 803 -208 1345 -48 88 -492 -322 957 708 -11 -206 9 -346 -130 -663 -636 -692 138 -463 392 -106 421 1040 560 -972 407 -1241 -496 839 1195 491 445 -677 -1184 137 47 560 1167 507 449 313 -428 -742 -262 -191 -1457 808 -904 844 535 -487 117 430 116 -478 -427 -371 -909 -483 -908 -392 529 -476 -551 1516 -453 844 338 -760 -817 -242 -233 703 -496 654 16 -506 -695 -1183 83 -171 370 -874 -329 -122 397 -1571 -891 644 -647 471 1388 -737 2 -47 -247 611 -370 -446 110 -999 -459 -875 -816 -624 99 -668 557 -973 -1032 -327 -685 48 -253 -1754 756 646 268 695 245 -364 -355 -841 488 14 371 -482 186 275 236 -963 -898 552 586 17 -354 422 -807 588 342 128 1422 857 -136 204 -1089 -673 190 7 -584 -1134 36 -116 522 -238 124 735 440 -77 202 -1070 513 -885 99 -135 -543 732 -458 -1076 496 882 -557 12 3 525 -1253 110 550 60 824 782 857 59 -1181 -850 -2 -1395 1110 -301 -38 77 157 128 869 78 237 -266 -618 -290 -275 344 -684 -341 -938 695 440 -696 -153 403 9 -649 -695 -1303 -8 555 1039 252 449 -29 -741 -419 33 32 -585 776 717 1463 -584 174 314 -161 562 382 451 81 486 493 -353 -15 -634 -183 -53 -200 -528 708 514 31 123 609 -854 20 1169 -685 341 -326 -299 96 501 -694 -568 -177 -732 -1338 566 381 -381 186 142 23 -489 275 -130 677 -485 260 -342 339 165 -583 -219 600 
-36 170 585 -496 -423 103 -835 524 633 1019 -79 287 882 222 443 95 1050 -810 186 380 -205 -840 -921 14 591 -1195 -942 318 -236 8 486 -699 -670 215 177 -487 -383 26 -268 -66 68 -1006 118 -1334 -674 454 -1033 -47 678 -273 -5 151 -277 698 426 570 37 -256 190 102 174 392 -728 268 504 -499 -801 -758 97 -744 -1046 -1395 113 -131 -509 -589 103 -1179 -618 153 -129 -981 169 -196 818 736 1 1088 -1340 593 -227 -552 345 791 -276 -413 -779 -677 258 924 959 686 146 273 -438 163 -395 402 -218 293 -80 709 -580 -214 362 93 1236 1296 -643 -351 -165 -144 374 639 821 -540 361 148 -1371 87 427 -940 576 859 -401 -917 401 -278 636 -179 41 -67 352 -346 -1496 -669 -325 817 580 -969 48 -508 -786 -724 -540 -514 -365 -367 -622 21 -315 856 -1165 -444 -144 775 -1146 -192 -107 -1155 -1199 -562 390 -519 -467 795 448 -917 778 366 -67 1234 -63 312 -1228 197 645 192 -229 -529 118 1010 193 176 470 726 -526 1151 332 -91 670 123 -127 679 685 -32 519 -1 -1288 252 -923 831 864 98 -768 -672 -495 42 -701 -574 -310 79 710 826 1480 -691 660 -847 -606 -228 938 -146 227 -606 -720 -236 471 -350 -1055 -923 715 -495 -206 -30 -950 865 52 -123 78 522 -837 -68 123 -395 137 200 -182 649 461 93 145 -1188 -199 -957 -595 841 -127 138 1084 40 84 64 -101 -42 413 625 -256 -1004 -534 -431 -185 610 853 -620 -976 1218 356 -1006 -349 1017 -378 -170 15 -312 558 -355 1318 344 -1044 453 
-735 248 390 -157 -702 772 -357 924 -229 -88 385 369 413 109 382 1180 997 -209 916 1006 -830 -533 -1035 163 -1559 96 -110 -1051 954 304 -363 76 -23 1128 -1689 72 921 1153 -107 221 234 447 -384 679 -1054 1290 -588 219 -23 -364 1231 620 -376 731 -558 -284 1261 -77 -538 112 264 656 -26 -16 -434 272 -544 -119 -173 -47 691 1549 504 285 1202 219 491 -491 812 -1153 -216 70 -1518 363 560 -740 -323 1119 376 563 -190 -7 -1082 1889 -57 -156 1151 257 14 -640 300 -621 -153 508 1730 -418 -265 302 -423 12 440 -98 123 -1075 -142 -548 564 62 209 -615 -331 -255 1101 107 -581 284 -276 188 -483 196 -216 36 0 -22 -218 582 122 386 -508 -202 894 -237 -208 -477 186 -200 113 -810 -490 -648 1057 935 307 438 650 451 -585 -893 -534 373 693 -518 774 697 217 1575 -1629 66 332 748 -679 87 922 450 160 992 539 626 413 -499 -565 -721 76 208 -932 1257 -80 -657 445 1137 -1068 499 -848 -92 138 -49 347 524 722 -431 -343 -153 -317 934 -375 -879 -168 224 268 -359 -1059 -108 1118 700 -287 -340 227 -284 -1461 628 -789 584 -399 0 -686 131 291 1061 338 149 254 -753 -16 613 843 -406 -132 1288 38 -1197 -1283 1725 -497 -128 645 212 986 -365 -600 -474 -900 -172 -163 16 -1639 344 366 356 -87 622 228 -283 413 479 -314 -370 421 -482 -28 215 -247 62 369 162 -582 -454 -40 1195 1112 -813 316 758 -182 365 -510 -300 -428 -491 88 -89 1190 -352 574 183 -370 897 -443 -155 -859 370 
605 442 315 -487 707 1003 127 -1383 -417 -1292 -151 1084 577 1131 126 91 58 218 -683 -443 84 819 252 -439 684 929 -458 99 -328 -853 -213 1020 -937 -407 -497 -24 -345 312 618 -47 1202 -665 140 -416 175 1105 -349 1012 18 -470 -422 1405 -311 656 -558 -1276 -428 -281 -255 1283 -1067 870 -1395 -655 1077 -571 -25 -237 -438 -645 -181 -1135 483 -397 453 398 -518 387 -735 408 -1053 117 -242 98 -402 -515 -481 295 -88 -846 -387 -323 1203 -796 -162 820 -1286 687 126 711 -632 -295 103 -135 -413 -711 204 -846 535 -1057 -189 736 -120 982 41 30 340 1237 296 -601 -7 -723 52 -368 -57 -387 626 752 1142 -398 188 1780 550 158 -606 -621 412 -19 257 -601 1024 344 -132 -482 -267 -567 317 -871 130 -1137 -928 970 261 -1068 164 849 464 -1117 -866 -120 165 -447 -779 529 765 -721 633 882 -725 -300 -131 -776 -1076 -950 -79 922 1017 311 -1113 1080 11 169 -1213 543 639 58 1215 410 533 58 -228 30 636 1346 39 -350 -679 -353 -331 546 319 -230 200 -442 -684 -497 416 -726 -391 -822 235 -1271 -308 -605 1166 -517 -1331 145 -541 81 806 462 368 57 523 3 120 483 -423 -119 967 113 70 597 -354 -526 -251 59 767 -134 435 -1014 -283 -471 -611 -697 -589 -172 105 37 955 -1052 -294 585 -364 -207 568 72 -582 -535 -124 651 831 185 274 502 -113 -1534 246 -1014 -213 789 -83 555 -1281 -536 -495 1042 -828 -377 274 1126 -979 -78 -1467 -69 296 -411 -959 -1229 126 -982 -127 1440 32 -655 -831 -720 72 471 
-832 -760 251 149 1494 -734 1045 1275 -209 816 -1035 1103 743 415 762 -480 190 -133 547 -158 575 -411 -1454 185 -836 -376 279 927 -1096 -333 906 -713 -66 524 1349 12 350 456 187 -295 239 -614 1814 -983 -2036 -140 214 -549 -133 -33 446 854 -280 -91 -313 459 -358 327 -46 -496 273 228 -624 -324 -106 915 933 -508 -35 -146 211 203 420 -820 -945 72 99 499 608 -99 432 1498 -19 369 506 501 -481 674 -266 834 -812 7 45 433 41 158 -1491 830 -548 228 706 -314 329 -22 -418 82 -11 535 1005 -33 178 -63 -674 15 569 1867 -630 176 -674 -211 163 -963 560 -886 -524 -285 393 -494 -193 -555 657 -346 454 253 51 -82 340 1490 -391 -682 780 -153 253 551 -275 -3 -1030 298 -1195 -572 816 -335 -823 -77 282 -168 -408 -1151 1023 2156 -600 -118 -527 -752 780 -54 -1364 -397 -1729 -137 -196 911 28 -126 -564 763 -1604 206 -200 -220 -158 77 1209 83 -264 -901 -692 -8 81 -234 1168 -813 -1161 -22 -242 -261 169 383 1055 -13 -1051 1208 -11 607 -1209 -822 41 216 -745 -402 -279 948 -763 639 1061 -623 -676 -175 -384 650 -105 569 -65 -1156 8 -1825 448 -60 -233 -554 799 790 -604 -730 940 124 895 -173 -310 522 -161 677 -645 393 37 448 1107 -7 -65 14 -97 248 963 -195 -201 -960 -248 -1202 -665 -660 388 14 265 -1357 -644 -250 99 -981 1230 -608 1379 548 1277 953 -977 147 -484 -1830 65 -32 5 165 1280 -269 -237 -627 -632 -232 -911 223 18 967 -489 182 351 -343 -470 1283 -321 664 
115 202 21 -75 -104 6 1259 -199 1544 676 397 -612 638 1282 -549 1187 229 -306 242 -609 -117 209 -615 -1163 796 -99 -332 -282 -1051 72 1390 -1144 -645 -729 363 -464 361 -1435 -250 -59 915 549 460 -458 826 -701 -647 521 156 1109 -24 -809 -347 -424 823 -978 -916 -691 156 -107 -178 182 152 -662 -430 -620 697 -624 -19 -440 1490 -1082 312 278 853 978 449 -873 -173 -814 -358 -970 -252 279 36 -1284 -231 1323 86 -388 -43 196 -954 -364 475 834 -222 48 607 491 516 -289 -63 1284 98 -96 -934 894 -107 646 -685 499 649 210 42 -498 -54 -361 302 135 500 648 -551 -553 997 -951 -433 -245 468 828 1344 -195 622 186 -170 -1174 -163 880 -80 -374 -1017 234 -250 -81 -180 -1820 -525 -390 2246 1228 -727 -920 -961 -353 -8 -1163 -864 240 386 203 1089 228 -61 358 -1132 -73 336 1410 -1149 -699 -1195 -798 -182 -356 -978 -596 -462 550 6 141 -423 -264 -1718 738 792 -190 -281 -1274 991 -712 -459 1252 844 -3 -193 -344 -698 -89 220 501 527 -400 31 -534 693 157 1402 195 -454 -82 1342 198 524 469 303 95 -364 418 757 572 -45 580 -719 -170 -89 -428 -739 -119 -979 -485 -407 -890 -12 1363 -251 445 -281 38 -484 -830 379 -572 932 40 1088 875 292 -637 -314 75 -344 -466 242 709 607 3 -387 -584 683 -103 46 154 -146 -18 -144 -360 -227 -1314 598 791 -141 763 303 152 103 696 -373 581 625 -369 62 722 115 710 -818 1015 -1003 806 -950 -277 867 -181 944 -463 -47 -390 -1434 -153 -63 -103 
-103 -822 -1210 430 -343 -504 -267 -216 802 -530 1094 -158 -947 60 -885 -1273 370 1025 -707 -178 -516 -1745 607 -371 1037 -508 55 -318 1097 -322 -297 555 640 511 -522 565 -101 36 574 486 587 -932 576 276 -231 60 -233 -806 -310 -63 -136 -861 -16 508 -580 -393 468 559 -555 473 -152 -75 -272 583 -371 455 472 -526 -363 962 -42 -235 266 -118 1124 860 -520 1138 -1044 293 -268 -168 903 116 -1420 -43 309 509 862 261 -100 949 25 -929 141 -1117 -784 -178 730 478 722 -881 -275 -307 -395 -907 837 -170 395 530 605 -163 -54 32 -1248 -455 -338 1222 -186 -1248 -1316 -607 -1647 -274 90 -673 -189 55 454 92 414 -188 58 285 447 -488 -505 -24 -104 -740 512 -243 446 -819 -371 513 946 319 -1317 -236 -1174 287 842 594 195 -5 244 -366 506 -1125 1094 316 444 1395 991 604 1069 758 -102 -610 -154 -443 -671 -437 704 -885 -467 -1437 268 537 844 1655 87 -860 -98 818 -648 828 -1106 401 -438 -1180 -497 -65 300 -521 -1042 287 -936 551 -290 -262 213 13 -105 756 255 -861 -157 806 387 241 -1681 -455 1095 983 -791 -187 127 101 61 410 1062 260 215 -831 274 11 780 353 -560 -646 -293 739 -340 647 934 -555 2346 207 397 -1045 -36 -1003 -601 -560 113 -634 -49 632 468 313 312 -124 246 661 1433 -604 1448 220 465 759 -1111 -774 -195 82 600 -383 -310 212 -3 189 -440 73 -157 -53 701 658 -379 66 -522 450 501 1450 243 223 -35 -52 -222 -482 -425 388 840 1248 44 -1105 652 -927 839 789 
-490 1000 197 -137 675 -463 -951 -163 182 -97 0 588 571 -540 117 1116 44 47 -811 489 855 566 -167 407 1063 -62 727 691 707 638 -599 -20 -628 1611 1030 -849 -881 165 168 144 502 -21 -84 -187 -738 219 -77 -130 750 925 54 1291 463 -526 -150 654 -117 -448 -483 -1209 -860 -1335 -577 537 -637 675 -196 -556 28 69 -78 -818 -579 1285 684 353 298 549 646 288 -282 -37 -517 -35 -333 532 -547 569 968 720 -456 393 -905 -1380 -82 -920 743 -509 -1133 -73 -575 -508 -233 -948 584 -75 -549 -876 1065 794 -287 -590 -476 -852 -673 390 -126 360 13 -478 61 -640 452 -17 -204 -67 197 -684 69 214 -254 -711 -231 1431 514 -554 -65 -293 919 -651 91 -1154 -141 83 554 981 1081 -201 -158 -703 146 266 1185 148 -84 -45 -876 -468 456 12 883 1774 1185 -337 -197 -87 339 17 318 419 -183 -1157 368 -50 -57 58 -661 -489 684 -297 -1051 -189 433 -672 -461 -463 677 -653 302 -97 -166 480 -51 426 581 -129 426 -398 305 143 1302 -2 -520 334 -881 714 -695 -906 -707 516 -420 -1002 699 -818 456 -77 476 442 -90 240 -739 -582 454 -420 260 1072 -114 -300 247 -97 221 558 -267 1198 344 -11 -1261 373 353 -10 50 -86 -1133 1916 392 344 661 24 886 857 -418 1050 12 -503 435 300 373 -1020 1072 -31 586 970 -660 350 901 367 276 -808 210 822 -1211 115 -257 125 1216 458 -1193 1550 38 -532 705 449 577 -263 -319 -916 -752 251 -571 -964 468 -520 61 179 1058 -258 178 -161 -195 309 
-201 -1419 332 61 -726 328 -457 -233 106 -451 1500 308 108 -857 568 423 -452 224 43 287 -80 -61 1345 -164 477 100 901 303 148 -1057 -303 -795 1081 711 18 347 580 -935 710 632 550 -268 -215 178 614 911 -1526 -404 -113 -562 -910 605 188 -48 210 -747 -278 -136 542 464 -228 -341 958 54 -315 -239 -892 -209 -567 260 588 -244 202 911 468 -141 209 101 -46 295 99 -425 -1108 -419 -1476 336 49 703 -737 279 -156 -189 -506 -586 -451 582 389 -545 602 -548 905 -119 703 163 -587 835 -333 -80 -273 1831 759 446 47 -1541 714 213 239 -808 -619 1189 -244 -262 172 501 -821 -292 -363 873 -8 459 -45 -828 601 67 692 -851 328 -620 -1000 -306 -772 -68 281 48 -813 197 263 913 -384 -122 584 450 572 744 -541 -606 -539 -485 334 -1182 -108 593 749 139 521 -305 1061 579 -815 -89 -467 -221 -241 265 686 -1239 -463 -297 851 -390 414 297 40 1186 -723 538 505 151 -617 1509 794 173 651 -116 -1187 475 148 -360 413 464 -48 -119 -517 -189 -177 464 -1064 -289 -654 -455 604 1306 -391 1834 -165 1222 -391 -1922 665 -180 -149 954 68 263 -392 131 171 139 431 21 -859 -1170 -286 719 62 -288 -653 40 -358 -282 -12 -487 246 -569 -696 -332 -851 446 -254 188 -473 80 93 -1480 -510 277 -671 686 458 -607 266 757 -1183 -580 -884 434 -79 -1288 -615 648 288 247 209 -1137 425 -230 -76 -20 1043 -616 492 183 249 486 246 172 -621 876 181 -121 721 609 1155 640 329 -794 547 -310 -720 -212 
1170 -255 814 -160 -92 179 -612 -664 -685 -113 -154 -133 -198 -882 -604 1097 402 393 -496 135 -348 400 -1450 379 366 -1058 352 -106 -505 153 -605 -461 712 169 -910 -738 -291 -832 446 693 649 -394 28 126 873 666 529 -946 720 103 394 1438 -414 1567 -268 401 210 -74 77 -315 -563 -760 385 130 -1006 1669 -822 178 -552 -556 585 209 -719 799 443 436 306 -189 -489 -221 766 539 428 -971 335 -734 384 1208 1140 287 -376 130 -736 -856 502 71 906 -472 -103 -791 -373 1067 860 -110 -1262 -1277 175 -1349 -585 988 -1289 495 -474 405 90 -1005 -11 518 -377 992 178 -348 -815 31 837 392 486 -546 913 -259 1701 369 426 332 259 338 -133 -826 1103 -278 -1344 -722 -184 -726 -31 -1003 -486 -283 -748 -270 41 622 622 -213 211 788 -449 125 208 -224 -514 433 1052 -859 1434 299 715 -649 1072 178 -157 -682 -537 721 296 -226 -989 721 1799 -111 -370 -523 -602 286 -24 553 205 510 -334 697 -1292 456 -50 -591 296 297 709 -452 256 394 812 135 -571 -868 -890 -36 5 -411 1083 -416 95 1041 -1737 133 566 -441 300 -180 -358 433 -319 -1207 716 451 -208 -838 -382 -852 -388 -95 748 332 -586 -141 978 -707 429 158 -692 -786 -257 682 501 472 -784 -516 -378 -258 -142 -225 -469 -38 -334 524 491 316 -318 -1151 -184 -270 305 -67 1063 1900 59 800 487 -490 -711 484 50 193 255 155 1144 -603 924 888 -507 -987 1067 -917 -463 -609 267 -645 -942 823 -151 -404 233 1116 1101 621 -1910 -598 -31 -232 -50 -500 
320 584 1546 252 309 470 191 -200 -92 390 -577 -729 516 -331 -214 704 125 -465 679 408 877 243 783 443 -310 -919 -21 -143 86 -595 -407 909 -133 -158 -1781 -1345 -506 321 -545 -689 71 -323 501 -506 36 -651 -80 1085 174 1165 -1795 -81 -46 -541 446 214 -29 471 603 -1038 369 809 -192 -441 424 365 -1167 455 322 446 540 -273 66 -782 -916 -1267 225 -832 -326 -1145 -101 1020 106 1028 -1067 -14 616 1403 531 408 706 -98 90 848 -35 28 -533 403 -261 432 391 -1171 -502 917 899 -696 -315 -712 -407 112 -1547 -186 1537 19 -184 461 -259 210 -986 62 767 2 769 386 69 -1192 868 -339 -153 -457 123 440 -1139 -383 437 303 735 -1326 -38 260 123 -205 -903 525 -453 -1509 -243 -900 794 736 -693 254 669 276 -215 429 -1239 -305 -362 281 856 200 853 780 409 -318 -95 612 -951 183 -46 -409 40 -816 -574 -316 472 -413 246 -479 302 -438 869 -809 -124 43 829 -105 31 373 659 881 24 440 -883 1338 -704 -595 -292 441 582 280 -710 396 146 1361 1113 -307 449 295 152 665 51 -488 30 -92 -388 -516 993 709 -81 -218 307 1270 -682 -73 -511 746 444 -971 591 -33 837 306 -346 1712 -464 -87 380 447 -9 -1022 143 628 254 272 104 527 290 -356 -730 -402 212 509 -404 -378 -1023 263 115 -1152 478 387 -485 -50 771 -1196 910 -163 -545 13 467 267 -426 -96 -8 -164 362 951 1068 1284 -169 -499 -786 -513 -796 -247 532 420 -1642 439 263 547 1331 -97 424 400 35 -443 1338 366 
-934 -87 300 727 -672 -408 105 195 -50 470 -700 -43 235 -40 -421 706 871 -648 -547 75 981 -938 521 221 316 530 748 146 -723 -395 -410 -1259 -233 -243 -804 -589 -803 -190 -355 -331 -751 127 -290 -213 -508 -1187 427 -385 637 -270 -686 -1467 -625 739 -267 50 -203 213 -377 -1122 -392 219 -618 -556 -55 -690 1622 69 -777 570 -390 -115 268 -145 -1405 397 366 -1532 884 -515 822 -1121 906 320 1119 520 519 252 1210 -191 -287 -1113 -534 100 195 -207 423 297 -204 303 942 285 -364 531 -113 643 -88 -217 -394 437 735 -757 328 946 -426 -366 877 42 -1162 -543 -712 -144 536 -82 -224 949 -1237 -354 -314 -187 -392 552 -174 146 277 -1029 -469 -1107 652 561 -220 1131 -1027 -1408 64 884 -451 409 42 140 500 -628 459 1256 325 -546 -1021 194 272 148 45 685 109 31 -416 1310 -752 -819 735 58 -201 -358 114 849 -586 399 -100 -186 -443 -248 -1105 28 -114 428 -434 -480 -1611 488 -331 1066 957 575 8 76 -443 811 292 212 -235 119 230 434 -649 -468 -327 -611 -241 -44 109 266 964 103 562 -118 -508 589 -303 -1209 124 -768 -1168 -301 431 638 -710 78 -972 -1447 -1508 34 -450 -230 419 -358 324 -647 424 620 77 601 300 -375 -754 115 -986 -588 -258 -410 -148 -205 56 -194 -458 221 -455 -99 -620 -80 1522 -329 959 -926 -862 -378 179 -1161 199 524 178 53 320 639 145 -89 579 950 -693 -270 -757 235 -81 116 -234 142 1185 1518 -572 -825 -122 -47 406 -328 -429 65 -582 1059 27 260 -889 -177 
220 697 -35 -606 -751 166 -269 -497 -157 -207 -823 27 -391 332 188 114 -557 301 -677 57 -26 101 -1398 338 228 -6 -347 -766 685 506 -23 410 -814 495 -385 -550 -326 450 608 -151 -271 -1423 -675 -28 -189 15 -207 -12 -270 -1087 -36 800 -286 -50 -739 278 56 -125 889 446 -332 -97 95 -108 293 377 101 476 1050 -437 248 1001 -739 401 -321 -337 221 -428 -199 85 1440 1117 -129 -128 -1113 75 478 -608 -61 -484 -512 1047 194 -142 69 -3 -1025 -1573 -265 985 260 -97 -91 751 -313 -195 260 -956 -1207 -384 847 -639 889 -911 -554 149 166 234 1080 -270 486 299 -88 26 -1236 -349 -1370 -145 -1060 -431 189 1299 -390 -102 507 996 650 -29 330 -457 1148 768 -347 -41 1342 101 164 -497 -1311 -1133 -66 696 153 733 -553 430 32 -628 -611 -802 1071 -63 -569 1092 598 -399 894 -567 329 -290 766 698 511 337 534 1051 -274 255 105 1058 -1169 864 -149 108 -1900 1229 1308 -933 253 -226 -502 -389 -294 408 -473 66 -181 -549 57 -69 -324 156 550 -637 1163 427 -667 -1274 -864 -927 495 -5 732 -475 944 560 556 525 -458 -541 -25 -428 -283 -1334 1446 1005 306 -245 184 511 250 50 104 -6 228 -1123 -597 744 531 -624 -676 1575 48 330 -189 167 -1345 -585 987 -1410 1164 918 -316 879 20 724 345 -23 -762 -63 -216 543 494 1022 -449 -460 -206 859 -615 -514 -304 -698 417 398 -281 -187 -142 281 -323 -360 379 -313 -410 626 153 -1060 -744 -483 -498 -551 -315 -254 -683 48 60 -908 541 646 245 -310 
262 951 -456 -39 -717 -714 -1145 -1456 -37 65 -239 -800 378 -619 -738 900 -58 826 467 -470 -92 1364 447 808 -467 535 61 64 580 -249 662 -342 -384 1412 -508 -112 159 636 347 0 165 -183 -606 -327 501 -462 -445 772 -503 -394 -177 -866 -352 508 -96 318 -443 -694 -528 -361 743 895 114 1133 1039 -915 -440 -933 -556 180 18 -458 -13 -594 461 763 969 990 -446 217 -553 -820 -1285 223 -63 -757 -395 -32 619 -244 68 218 255 -448 -376 -259 238 -67 191 169 -387 344 -9 -810 -817 601 136 595 549 574 -307 -338 -179 -513 699 -431 351 -550 -155 628 820 163 162 528 798 -528 -655 21 283 114 65 -102 85 468 317 86 814 637 708 90 -494 1278 -297 422 110 206 183 987 239 -695 170 -1233 -1051 -397 -300 -768 149 -329 -50 -1351 487 22 355 37 -431 346 268 283 -397 161 658 390 464 -310 -148 346 -611 -298 7 616 817 1548 -469 -561 10 -177 1015 -538 151 -228 -665 1768 584 250 -62 148 -116 -196 -1244 -658 -106 -242 -525 119 1081 548 -312 121 1089 -171 -4 1126 470 -142 -597 35 470 -85 -51 264 -204 -305 -369 -692 16 -531 -181 -258 -639 -606 -173 300 348 651 -57 -503 965 -721 -168 -417 -222 1337 261 -1189 571 419 -1550 -796 1149 -15 -828 -231 -654 112 -619 1053 555 -899 -26 1036 12 -20 54 308 -658 1001 -454 -1553 -431 465 596 -443 -1086 262 160 976 -27 1625 683 615 -86 49 -785 -114 -38 189 -611 -767 167 -407 130 1169 825 858 0 -732 160 -504 334 245 
850 -54 861 -1325 1144 828 -68 267 398 -214 -712 -862 -609 181 0 -101 -674 531 831 -941 702 832 240 720 776 781 56 -1080 -83 -1457 -396 448 -633 -576 -456 -986 1013 62 -453 -798 412 1534 685 -122 2093 460 -89 252 219 -588 -18 829 -694 45 -734 -1025 -229 295 556 -438 644 -408 -841 -66 201 -102 528 170 -1302 -379 -158 -452 -138 -44 347 -1544 200 117 -1061 -164 84 126 -1074 -281 417 -460 -675 1 606 739 192 -608 -456 243 -38 75 715 1304 -166 334 -904 60 1399 298 283 993 -567 -79 -31 333 953 818 69 214 -119 815 769 -74 1122 -186 1554 -736 -337 165 954 -224 -288 -378 24 575 158 -1227 -33 -561 146 854 12 -617 231 -695 -535 -219 -373 -469 423 893 -302 333 -154 19 -462 365 -871 -998 -245 -827 -833 -28 670 262 -74 -382 -477 -119 49 -1573 196 603 308 -515 -43 -403 564 -261 -654 -1147 466 1037 -1505 -465 469 -541 454 502 1200 461 616 320 677 -416 487 170 -279 -897 863 -192 -93 671 -680 519 257 -635 -256 -897 -106 -43 -221 1127 -670 -629 909 -633 45 -7 -51 -68 564 2 132 4 -232 -101 -879 402 -288 -1414 569 4 146 -531 -120 723 1084 -120 -645 555 162 -248 -121 848 813 -77 370 302 329 432 -139 722 622 -98 -1017 -1065 1345 -638 -708 47 284 -272 2 1366 -174 -266 440 -211 -951 1451 8 1634 283 212 1134 289 -515 10 368 203 -307 675 -379 709 709 -183 -433 -468 -117 -8 556 -897 -241 -69 152 103 1530 -1009 370 569 -263 1339 665 104 
-236 -709 -369 620 -153 -20 1149 533 837 -188 -88 -1400 1082 956 250 -536 -1123 784 1055 -474 -497 -116 872 254 738 -682 265 171 313 -867 -319 154 -535 273 -61 852 -112 608 808 -64 416 -26 -254 250 -430 518 271 339 -596 -525 1232 -597 204 84 -45 712 -144 -195 496 646 -129 -444 423 827 231 167 625 -653 679 220 -950 1094 -172 -1263 42 710 -503 -868 736 -825 -836 81 -712 660 -479 -244 -349 -516 -1646 -206 279 -90 -531 252 -1535 -91 -409 -680 -387 -1889 515 -549 -465 236 731 728 -122 -342 -234 23 1361 739 -205 -74 -621 -266 101 -831 952 -855 260 -1015 370 -606 -196 -1 -381 -627 -335 -752 -247 125 -824 -280 234 893 -256 14 -46 -592 898 -380 419 -1362 48 335 -53 -1248 -444 -534 372 745 232 588 663 287 -203 107 267 893 -599 -100 -261 -502 400 840 -467 511 496 197 -549 373 -115 842 1509 -1027 1275 476 -516 413 314 -1298 -962 1498 122 943 993 542 124 1111 995 -1368 -616 403 -107 -340 -156 -39 -381 -186 -186 -160 774 -40 -1237 -758 -695 161 -971 -533 62 771 -276 1542 214 -193 193 -1607 -1030 410 255 -369 -320 -378 -206 174 628 -522 -603 -105 791 -510 202 62 550 391 -787 -1140 1720 -363 -730 -151 420 -856 -929 537 257 -871 -341 -852 438 774 427 -557 -689 -726 149 1419 -213 -370 1543 -1186 34 -456 -737 -413 -995 -481 546 171 1019 -962 240 114 -91 -416 119 30 -242 -144 -593 871 -943 102 -704 417 316 -460 75 561 970 -156 488 471 -407 283 251 753 50 621 
-603 782 -837 -259 -1265 605 -792 -1287 -777 402 1160 -208 -337 -1080 525 351 -212 -237 -1627 285 -692 -87 -519 -447 -1299 779 1044 -61 662 -1803 155 247 922 -214 244 869 -370 208 -57 124 -1199 -669 1319 321 -1249 -152 371 -501 -469 350 81 -828 -325 -786 -658 342 802 -511 -375 843 1060 -1003 50 -3 336 1163 712 476 315 1138 -42 608 443 1543 761 -551 -414 -1471 422 -194 301 -1293 31 -1737 -1321 617 908 232 816 -605 -1277 1081 14 -47 1088 -694 599 -1509 -226 -723 62 -1058 -633 -1092 403 -465 -670 -1176 -259 423 951 257 149 29 -318 -2039 -1177 386 -397 1419 -715 331 -694 365 -286 -391 576 1263 1055 -264 451 1557 1526 153 1075 -535 -414 -323 102 615 -57 483 -397 -645 296 39 -575 323 1241 1 -80 -444 772 18 460 739 307 516 484 -903 806 -518 154 -712 564 139 429 -42 456 333 264 425 -907 675 -892 -154 76 314 1058 77 -50 508 727 527 -449 -514 -985 148 -208 -393 -278 1045 -498 1178 479 -235 1068 529 -723 -61 -643 -609 -1288 623 482 1134 -193 -253 -406 372 762 238 -7 452 -283 1570 699 -391 120 -865 1189 46 -341 467 -904 729 -16 318 441 531 -327 -676 -1455 -174 -164 762 926 611 734 -1210 -446 146 -1416 -198 342 425 -1126 390 -710 -791 108 26 -302 -628 1151 -28 257 -879 -375 35 -541 297 -398 538 430 24 272 14 132 -1976 -1903 -543 1304 -648 111 -306 -284 298 -887 -379 -1622 260 236 452 373 499 -1024 -599 1775 700 268 -489 -832 470 -164 -398 862 -820 -160 -344 
4 344 98 261 221 35 9 -50 132 442 -430 -369 248 -992 -15 369 -281 1295 579 47 -95 448 605 -280 144 973 306 41 -1337 -634 997 -279 -851 -48 -2 391 461 -1762 135 -1042 961 1505 -744 -678 910 -271 346 436 187 -44 85 133 533 300 181 -436 128 -7 -494 952 -470 -327 833 -937 315 412 53 -306 -501 -857 -437 -88 197 443 942 -631 -475 -465 -315 -1093 124 -252 -371 -324 136 975 -808 1359 -653 627 -107 -48 110 -931 -16 336 532 928 55 -815 -291 81 -338 -206 -964 63 -513 -585 677 286 -366 -1017 -225 177 15 -354 -40 -1381 -629 1121 279 178 -187 -644 1130 416 -559 -214 386 1643 -1067 -1204 -964 -637 -229 925 -168 -1397 -73 271 -376 212 191 1032 -473 915 -825 -390 -43 332 -49 -599 -170 466 -524 -1040 -668 746 -653 55 -1216 461 462 -534 -1279 -494 -578 522 749 -841 -40 -365 111 -253 350 220 -400 419 906 216 -180 -771 -377 471 306 -238 156 -770 -900 1007 774 287 423 287 -41 -281 -389 -45 239 -521 442 -40 545 -9 -405 21 551 -556 305 952 596 -1314 586 85 -810 -817 -1429 -80 -100 788 -302 -760 -21 307 582 -111 -853 -1318 -1095 -1413 501 390 282 565 222 -224 36 962 -701 840 -942 -982 278 -786 -796 1053 195 -238 742 -654 -1120 322 -428 -145 1014 558 -940 293 414 -259 -111 -629 -95 -1052 -511 358 -536 135 -617 -58 997 -100 -1089 -20 -24 248 39 857 241 486 79 -110 -659 169 132 469 585 1545 49 -689 96 -907 -300 169 621 -659 -1040 -73 -606 -782 
609 -957 965 159 386 239 -335 140 710 555 -1441 -873 216 887 -483 757 -994 1345 957 -631 -387 -727 -154 -486 -1 -968 121 -171 21 443 32 -1299 303 -528 594 1190 -459 -885 -103 1016 2 -229 312 833 195 -853 -725 -565 -980 -645 211 545 -748 472 441 401 -233 -879 446 -180 104 -97 527 359 832 -590 -214 -590 329 -450 -240 158 -151 231 750 622 143 455 -471 331 326 791 -556 336 -561 21 970 -279 -613 202 252 -628 -1161 894 -751 252 -657 449 352 12 -564 -190 37 225 -412 -728 -1147 385 -1063 715 -235 508 -445 -255 -54 -1022 921 -480 -48 -616 -338 -320 -240 501 357 278 443 495 404 795 398 -1235 1062 289 -49 -73 -701 586 -624 534 -595 -149 -718 -490 363 195 480 356 182 394 -164 242 -323 241 -921 1142 -1134 -339 12 100 972 -776 -348 96 -1412 293 320 -686 -292 239 324 -1280 -175 -637 -5 -291 838 -663 -241 413 -1104 -508 -474 840 204 808 682 95 433 708 -1633 357 -106 72 -441 -581 -634 -551 760 -237 933 144 586 -298 -309 -796 -511 475 -413 423 -288 -114 527 -751 580 55 85 -120 -482 473 -289 333 92 -260 2057 358 468 389 869 408 -692 -105 1139 144 107 84 -6 -689 -117 247 144 17 409 412 -360 -673 533 240 -332 -401 365 1025 -479 -487 -128 303 -954 1300 -862 213 -345 803 155 339 506 -7 -1116 535 263 71 139 303 -104 72 -682 -689 782 831 283 686 406 -7 1118 1242 882 298 -463 -60 249 458 -707 -233 -166 422 622 -803 478 -1135 8 -36 
349 -270 515 -99 20 473 -836 642 903 -861 -693 45 253 549 -410 202 459 323 410 405 463 27 -277 -268 -229 772 -953 88 745 741 -535 -614 -354 810 3 819 -918 163 79 -324 980 723 79 557 753 635 -177 656 399 535 139 479 751 449 155 308 105 404 -1292 972 -839 -412 21 537 303 -98 431 103 -1328 708 -338 573 327 11 -181 -453 155 -166 754 436 550 256 -980 -518 -21 -570 -136 -1178 -569 -391 255 406 728 -264 17 -31 682 824 -6 -135 -735 474 617 153 -266 37 -243 -755 76 -1774 205 410 -88 551 -24 573 -40 -1427 454 366 869 875 -356 437 -150 215 50 490 -247 -629 -714 50 770 -145 -478 483 816 -194 -112 -218 603 217 664 386 828 -63 -260 -341 -1075 -293 654 25 -329 454 509 -212 229 833 1001 701 -726 -340 125 325 -566 -1265 1111 -460 445 999 1613 338 91 -760 5 -115 -304 -157 -1027 -226 702 -17 -527 -247 440 1305 1222 -857 6 409 650 917 313 180 -628 -218 256 56 -820 535 540 -81 675 -844 -815 -497 -498 -195 -708 434 678 -472 37 249 -57 816 -394 816 -160 -458 -847 1366 -434 259 64 -1331 -185 -255 295 593 -108 -534 420 407 -603 -199 415 450 870 -153 -84 -570 802 138 -377 -142 61 -279 -747 81 -171 403 -104 -280 -204 -357 284 923 -289 -177 33 224 -142 -633 -306 462 1052 537 93 301 -1068 -560 -662 108 161 -696 -260 358 269 218 759 -262 156 697 1879 422 440 95 -89 44 -1063 -1133 -373 -313 1248 213 1219 -910 -1026 835 
148 868 962 518 -821 779 806 1297 -66 701 557 437 839 421 -300 -28 902 450 453 -803 390 -521 24 -55 23 518 -362 -429 477 836 414 672 64 -288 788 455 521 -1493 1170 -410 -1180 -202 957 450 -748 -690 279 878 464 -395 -378 -678 483 -11 37 527 -760 -349 -563 137 -518 1656 -176 37 955 -152 -428 4 387 52 189 656 -919 -39 -136 -979 -839 1149 493 -1153 -75 164 439 110 -254 340 -818 -489 -201 107 697 226 761 571 661 -387 -65 464 -264 448 -732 0 -212 -92 -77 916 747 -297 -341 -1345 -542 -270 -1158 344 -470 -842 865 502 428 -849 598 235 -648 -192 -414 -772 -960 1748 27 -323 422 87 -617 781 -516 497 -85 135 -337 -118 518 997 -424 -187 -607 -336 -488 38 5 997 233 -634 193 822 408 793 468 -481 -220 371 -306 -512 -470 219 280 914 -253 -1882 -711 -1043 -729 -738 238 243 -207 730 970 80 -1045 802 -104 385 -565 400 494 -184 -221 469 -1120 639 242 66 -3 -43 -421 -469 -303 -455 -908 -485 -701 -255 -665 1030 -409 211 -92 -1076 -240 -651 449 611 674 -288 -165 -247 -144 -1099 -1050 -600 -573 -503 -652 1006 744 -822 173 -538 677 278 990 1006 452 275 451 431 1032 -217 455 -1057 -55 -647 1238 -163 329 -548 -324 410 -538 -301 6 793 -374 -531 114 10 -739 13 -433 643 -129 208 -101 -710 -1018 -899 760 289 -216 -95 896 1093 354 722 -33 -614 569 911 -130 -349 199 845 -196 185 -147 156 1290 -555 -579 -546 -786 1097 -319 206 2 969 382 321 -687 262 
91 284 683 303 -14 -48 -638 -30 -353 906 -317 -702 -1034 -1235 -154 -16 -779 -642 -947 1200 1416 42 -1014 32 -633 -1039 -384 171 467 -779 -826 1420 9 908 178 1024 -14 447 -357 137 892 655 718 -350 -261 1757 -1049 -363 -901 682 1177 1061 -1096 -89 -405 -459 265 -274 319 76 1078 -1000 518 317 -530 197 -254 -694 -246 549 -219 -1372 -86 500 955 -945 915 -199 -71 7 -1254 689 -472 737 740 -773 740 43 166 911 -257 580 230 1351 -769 -566 -334 476 -99 -177 286 1234 -105 213 141 -1034 -197 327 -633 316 291 126 -1135 80 -832 -289 300 -671 131 -184 421 132 -193 -288 -218 -612 432 -291 -108 -422 -249 -419 682 272 1153 -45 260 -235 168 -272 172 -1203 -260 378 -808 -459 918 198 730 1284 244 337 1048 -293 868 1189 7 -256 -158 1163 -832 840 346 826 816 266 -827 134 512 1074 1350 73 598 283 -962 629 -489 72 885 -1067 229 -184 249 351 -136 63 156 782 -148 247 -612 49 -199 -565 29 -659 142 356 450 -1395 662 -964 -167 491 -296 -147 -895 1038 144 -267 -598 41 -690 -322 -1339 -198 135 -82 420 1033 -626 374 696 -689 -337 -100 278 346 -501 734 357 321 617 296 727 -1168 349 44 -1028 -167 -264 708 -198 -695 637 -64 -372 23 -325 27 245 561 -68 -39 -1075 -180 761 230 804 323 512 -126 106 -750 518 132 373 -1139 -504 -919 377 -247 -1013 -1236 -10 -661 854 100 -132 -554 -414 -231 -925 -371 -165 349 325 -371 270 109 411 -775 1286 1501 -157 95 1225 273 -911 429 
-591 303 179 -357 -390 699 -203 286 342 556 132 -474 53 -1267 62 -380 -310 440 -966 862 716 -73 156 -329 -1328 -246 872 -274 577 -1035 331 676 -121 -112 -731 294 -60 -291 395 510 595 -414 -638 578 784 422 -447 551 -166 -645 502 -955 876 351 58 152 293 -561 -234 -544 490 877 104 -383 569 -310 -875 -53 -213 -409 1070 -1219 -565 -121 -455 170 688 -784 436 -589 237 -251 11 986 399 -682 -700 -135 380 871 347 437 -517 687 -905 -1 382 1302 485 584 855 280 -562 -28 1143 -591 -656 491 380 -40 1257 -954 330 268 -4 -835 807 -364 169 -180 -610 -390 196 106 -584 218 1082 -381 -74 1047 60 -66 1041 -542 -504 -365 112 534 830 -877 541 277 270 1066 331 -817 -1408 -521 5 32 307 -387 -152 -595 -73 683 -447 -563 224 1585 -1062 -951 -362 -182 418 288 -839 -1097 133 -24 439 422 160 1010 -434 300 -420 -120 -907 74 143 814 141 76 336 496 -643 270 -597 -397 -153 727 868 198 329 233 159 -417 1170 -16 -622 -1183 540 -775 288 253 -359 164 -158 812 -14 4 -232 -229 -69 -1186 448 -589 -434 231 156 130 -267 149 -482 -197 685 772 294 -247 272 -370 -166 -168 -316 -172 537 -424 -800 -573 785 810 67 -215 492 -51 92 -105 -63 274 -722 -760 143 282 -421 -208 -125 -455 462 1347 -1102 -976 534 1266 -94 -584 761 310 1274 -808 90 78 -16 724 288 -321 1346 -851 1018 -223 385 -655 626 -741 -704 1711 -379 -624 469 302 74 175 893 540 -275 -581 -160 305 67 -920 
268 -89 -70 642 -492 -43 52 1618 -665 -854 120 -274 -342 251 176 -1354 1373 526 72 413 395 -194 -1667 -429 552 308 -163 -435 94 873 110 800 163 274 132 408 -260 -151 583 337 729 697 -586 641 -1025 -62 688 1489 532 -473 695 436 -281 951 -730 -586 -887 216 -477 -310 260 1044 -43 224 -834 -687 285 200 -317 -451 161 -857 -1144 949 -31 -391 50 -180 542 303 643 -721 -211 -1634 -254 902 -159 50 -249 -258 -1005 -316 -186 54 374 105 369 -157 -203 301 242 1259 -355 -102 635 584 -800 642 -66 123 -194 -39 -501 -490 -1340 -555 1813 -1035 453 -1157 75 367 537 302 229 -70 114 1349 1724 -357 414 231 100 -838 -432 -427 539 254 -37 -541 -180 -288 534 404 84 -337 -476 8 -367 -30 673 459 -715 -716 306 -125 821 42 196 461 -209 -712 -396 -267 649 -903 -284 -238 1235 -605 -445 -1038 -567 -189 -202 -311 446 501 580 1083 -497 -450 -499 73 -456 520 946 -123 -929 -746 -1335 -13 728 149 166 1272 -108 402 -205 -479 768 -518 -148 -327 1312 186 181 -487 -1573 -866 -1160 315 470 -121 -1036 110 -459 567 -416 334 -1542 -150 -289 495 -657 220 469 925 799 -307 136 87 708 492 -230 575 -446 139 -305 -319 365 -234 -975 135 -526 3 634 786 -265 -255 60 825 -765 -794 892 739 -558 1258 17 -664 -502 -93 -107 372 -455 -1094 455 -340 818 783 -259 -970 120 191 470 -693 266 38 391 -1160 -196 239 313 478 -222 377 363 -296 -140 -144 5 188 -828 702 -629 -628 -114 919 -968 432 
-971 431 239 495 -327 58 -773 396 -522 -627 -137 783 485 222 1460 -1004 -162 798 71 -31 284 728 249 -312 991 -463 639 655 -524 39 239 -411 -700 -781 266 -111 -735 -1303 655 -531 -132 26 688 525 -1105 495 -864 -447 -1602 -1238 546 -123 1137 -1443 -541 155 242 -404 -509 339 -560 -722 -523 915 -118 -486 -725 -43 -147 775 225 -48 -8 -904 1493 -466 -87 505 814 353 -742 -920 -602 -207 -371 1780 -205 260 -27 363 255 91 -769 223 1210 -781 -448 -407 200 357 841 -976 -1099 916 336 598 93 515 -113 360 -75 -723 50 -284 317 -615 -652 -970 -940 272 1594 612 901 634 -127 1836 -336 -1402 1357 -492 919 -50 -680 317 470 523 711 -1013 445 52 -337 105 493 -200 67 -16 250 -1206 423 -917 860 750 131 286 -696 67 132 625 -131 -496 -36 393 565 -438 -86 -186 1087 -1192 538 215 894 325 81 622 213 -1114 203 1131 -267 -293 9 139 955 -192 -220 294 57 -833 440 -253 253 356 32 112 -67 1375 145 -524 211 761 609 112 -163 -884 832 -601 -519 -598 -262 -510 -118 -857 261 47 -634 160 428 267 -680 -132 1165 -471 -937 -681 -483 91 311 805 -239 -31 226 -285 -436 -106 174 -311 -381 -197 -6 201 -130 -75 397 1211 -784 -35 -578 339 304 451 1554 -12 -588 -729 -196 148 -810 -462 241 -132 169 -75 -591 -706 -1054 -738 -345 1348 1428 745 657 647 65 115 531 227 726 1126 45 -676 355 -9 -788 170 -930 -62 247 -273 215 910 -459 -415 222 -357 -1022 402 -696 -271 -278 382 
1056 104 -805 1382 378 -65 -384 -104 -370 -398 450 269 407 -580 268 582 701 295 347 -790 332 285 -80 533 809 -669 88 -494 253 -893 801 -89 -302 490 -5 -656 74 873 626 261 431 -429 524 1222 66 350 -112 1086 1006 -292 -478 2040 398 455 -890 -78 -315 908 -78 -324 327 -337 -692 904 -385 445 -383 -1217 -460 451 -996 -846 481 399 566 -111 479 650 246 -247 865 146 685 -83 -450 -150 416 803 563 448 -33 -187 1078 91 -173 242 609 -941 -943 -313 -1248 88 -129 88 -6 300 443 -494 665 -481 -583 -385 260 183 -1732 914 -506 -312 -236 400 -245 -342 312 -392 1224 -264 -1293 1280 209 -644 -145 75 -806 982 425 487 -375 244 -412 -835 -176 -640 -837 165 -444 -401 962 -534 -591 -241 379 -328 147 351 -411 1439 -141 206 317 -273 -129 -185 -378 -1360 615 -35 362 -200 -31 -72 218 -703 130 614 1204 -494 366 -952 107 11 1104 429 -112 -439 -311 -251 227 223 1299 1210 -304 -66 15 -382 822 -1221 -693 -526 311 253 235 675 749 404 628 980 -289 -694 644 340 334 -482 -1607 281 503 431 -3 232 691 -525 187 -381 566 -841 -1443 -509 773 443 206 253 106 -340 880 783 177 -311 -516 -894 113 -582 714 -152 -647 -541 -582 446 -392 -901 93 -205 170 -166 694 -1171 -927 1060 1535 -853 1200 -162 377 873 -503 -956 138 714 1563 -104 137 -731 115 620 -1052 676 662 -573 -500 770 179 576 294 200 -421 657 336 -91 -465 -74 247 215 -508 102 451 651 240 185 121 -1329 -277 -100 
-373 -200 1316 -850 -96 353 231 48 264 -595 394 -402 1237 -641 -391 331 -1 -627 -550 1956 -650 -281 -697 -1507 976 270 -991 69 1289 -251 -1457 559 299 381 -280 4 446 -184 54 909 755 111 -1018 142 -709 894 -593 408 180 636 -254 38 125 -528 -41 -147 -234 -146 1222 -959 -601 58 370 709 -609 1217 174 213 231 -244 52 -728 266 658 -578 -465 -816 -288 230 122 544 1293 346 -37 184 -140 424 -248 1133 205 -1014 713 590 -330 -398 44 511 215 -626 237 225 -378 1294 -376 44 639 -281 443 -467 576 -470 -525 573 -922 232 415 736 -770 402 -236 80 -315 -926 -207 95 -837 1070 -463 -165 -991 825 -374 1196 -1337 -509 -277 301 312 213 545 182 -391 4 396 -10 -900 97 -165 -835 385 588 319 358 69 1296 193 194 267 -365 -684 268 622 -155 469 -333 -531 -679 -610 65 129 -359 -464 -1159 7 331 -333 -767 -439 -521 435 -1096 762 17 -164 1453 823 -487 152 -1361 -455 -210 126 -400 173 -1145 -396 932 168 826 -1261 674 -1688 -1496 -388 189 690 -269 -114 -524 330 779 -578 483 131 298 -53 323 346 -453 1452 171 914 -686 255 30 -499 234 275 -1050 234 -355 -815 592 -363 -873 453 -791 516 -81 307 -579 -71 733 698 -148 -965 366 731 186 1338 -290 284 -1267 1282 -314 -366 -23 -375 210 -263 -709 -758 1091 718 140 -215 -205 504 -407 -678 -466 96 -167 83 -701 -823 413 -171 343 958 84 -219 78 -10 -76 358 314 719 491 849 343 -328 -304 -379 192 -297 -556 124 -1253 227 
701 666 444 -753 -831 -861 -1389 -961 -86 1024 -376 1004 1382 -1075 -1037 -462 410 -256 224 -6 160 -107 726 -360 -1145 871 -148 191 -502 804 -501 460 143 1608 -798 -250 -76 -193 -10 125 322 876 -134 -772 -745 -722 -124 -148 -120 -640 1055 356 -831 402 402 123 -648 353 1163 192 239 1060 -497 123 1258 852 20 -306 287 287 572 -129 -456 -268 159 -1041 -124 447 -299 967 1125 45 81 411 -150 559 -141 -374 -776 -575 -441 -711 -160 1176 613 -776 -148 205 824 -838 253 -879 310 -620 441 580 -442 126 572 1016 301 -234 -431 251 -556 22 127 465 81 -912 -978 -393 -24 -409 -178 92 -1426 -682 123 483 -160 -1025 724 154 -326 -1263 1230 1737 340 -253 -415 -241 -450 -595 -645 652 -764 248 263 396 -429 -1052 -39 -45 -321 -326 498 142 -23 894 -616 149 -760 67 -990 -1512 656 -327 -841 -646 628 -304 75 -25 279 1259 494 1776 -112 -75 -428 -1134 645 944 -404 -178 -753 1395 -60 -470 -290 -311 314 -154 -837 1 277 -310 -197 328 223 610 293 -887 146 -1194 78 277 1110 22 741 -282 1229 410 496 -836 641 81 126 -365 -1077 -2 368 349 -229 32 -204 2189 11 -607 -1520 544 1292 160 -56 -96 548 -224 -819 -212 213 -270 599 -605 -519 935 -338 540 -31 15 342 -653 153 -12 -603 285 -878 180 288 828 109 170 -767 15 370 598 225 -346 32 -32 -228 669 174 205 -1508 -449 -405 -844 302 -129 68 756 1003 47 399 -202 448 -424 175 -435 -707 276 -1059 474 1011 -161 -123 476 -227 -593 
-231 704 257 857 -46 -761 935 811 335 -107 651 -203 781 -783 887 -122 -33 1458 584 207 465 -856 243 -498 -300 -390 -193 -423 -648 -533 -778 -65 556 1104 35 459 -1146 20 -492 -1115 889 -239 949 -979 -376 526 -840 -78 -909 819 -796 212 489 -221 -162 -836 -749 153 -23 -976 229 -349 374 -1038 768 -311 -1491 747 -105 809 -478 -917 101 -11 317 -1171 -745 308 -337 434 -578 -335 239 380 538 785 36 190 25 1509 658 173 -8 255 -18 290 -691 671 -302 -831 -1262 -1913 -84 -81 369 331 345 -436 -515 536 -211 27 -816 -351 -670 -695 660 465 72 -418 -286 -136 965 -532 464 79 -458 -227 765 8 -798 -374 -616 -415 273 634 -254 -551 685 -287 -476 -155 349 -513 -568 -472 -209 34 699 497 113 -1107 1019 151 748 -222 173 289 -507 -1364 -544 349 742 -1166 -205 -512 -216 440 1344 -225 845 -664 -570 -809 395 -851 -10 -293 -694 984 -105 -114 -1212 -331 512 76 553 670 -270 782 -444 990 -388 660 -200 -568 -635 -595 -776 -1139 1187 -896 114 350 19 745 225 -610 -200 -358 -803 -357 613 1188 -528 -146 1508 -209 -628 221 -559 -221 358 184 67 24 204 -1057 -232 627 -84 632 -317 -54 -20 11 -553 -477 -685 561 -1475 235 545 -428 -1154 -449 168 110 -612 -15 -32 -60 -819 682 -278 -326 -1219 37 -267 -595 508 830 697 -327 32 -402 -536 -555 -45 652 -413 1078 111 -1385 -575 133 207 -376 -958 -438 -708 170 -307 -88 452 -876 -601 240 508 1029 -662 240 -353 -1317 -169 -286 29 -586 -718 -8 
-1405 530 -233 432 777 -347 -183 -257 -265 -110 -539 462 836 -47 276 -404 -985 -568 -414 212 388 1205 955 1150 -245 307 1048 -80 -1344 -707 2014 -384 102 740 -835 -37 -120 270 -74 -386 154 478 1930 149 -652 1187 -78 -1341 222 255 -853 -278 432 422 -560 583 -397 883 -843 -490 481 617 216 -579 653 1156 -248 -54 39 536 -58 -557 388 110 711 1143 -488 492 168 -788 -213 1057 -660 -246 26 813 -762 500 895 -284 -1158 681 300 -42 -1 472 -1278 799 -456 -95 -544 360 917 302 -147 -508 1013 -1181 250 861 417 124 -554 48 42 1257 -545 -91 569 43 -949 -1095 187 193 41 -4 139 -534 399 -327 -776 827 -374 251 -200 -450 163 -334 -201 -440 0 1680 733 1266 -530 634 1508 -632 -847 -1494 998 765 -686 832 -438 -66 250 -189 1132 1268 -1685 -251 -588 232 491 845 554 553 -169 1035 503 274 -1114 -656 -1473 -11 355 -435 -310 159 854 421 -432 165 -108 -1076 -1 -86 353 -286 -74 590 22 1196 -541 202 291 -346 -409 1294 -648 97 361 312 -152 -353 -25 -18 1014 126 345 112 145 -112 744 -587 -297 -804 511 -167 -800 150 -403 -916 -1131 266 1636 84 386 -141 -657 254 -49 450 -224 -384 342 268 483 -637 780 -616 -361 -918 -671 42 -594 389 -428 -904 570 -425 -272 -835 -308 -366 -1085 -821 -465 -602 427 -148 138 -615 -854 -963 741 1070 494 -2357 -652 -1455 20 649 -216 -505 -44 -526 -814 -1075 922 897 45 -490 -705 158 -1229 -912 104 33 -637 72 -259 1545 -51 -44 286 -1477 -348 626 
747 24 -454 -497 1 1196 -75 662 1159 -219 1176 224 460 -468 686 394 578 770 -1003 -55 -656 -397 -127 1485 530 -2 -87 -736 -7 470 -455 644 -115 -692 -143 -471 -334 -542 -63 309 -139 -312 756 552 224 681 -109 1698 41 -259 686 688 901 -457 -177 -230 -1148 469 -7 -85 1017 -364 217 325 250 -177 682 703 -478 504 466 -1015 633 -777 535 -696 -54 577 -1683 -516 931 -321 851 -1175 -164 839 116 436 -468 -1987 -166 -500 -1311 -147 -536 490 45 -1248 -1372 958 106 -55 -812 113 186 837 563 473 929 70 -336 853 -5 -488 527 -91 -763 -797 219 -170 324 -1404 -1160 -1049 -169 -698 717 635 -100 -374 469 428 -483 722 -603 -1178 -1072 -378 -246 -388 -512 718 -103 775 -1077 1089 -1573 327 1428 248 -748 987 -1141 -238 -863 559 296 -253 -1009 -607 -121 637 -226 -1498 178 -373 587 242 -1377 -359 201 231 -44 -1133 -89 -1276 525 -98 597 219 415 436 476 -1229 482 1113 226 -123 -503 190 -895 -422 280 -409 719 -762 485 289 -923 469 1142 699 866 231 107 801 115 730 -1048 -115 660 -12 -151 397 -115 324 113 1156 1174 172 1100 -296 446 1024 -137 -86 296 -164 590 -534 -270 74 205 -494 -1453 -180 -307 -923 -457 -1098 902 -402 -113 -494 50 -791 -414 416 751 58 -738 399 1767 -381 590 -1168 1114 -46 1038 -785 132 -303 16 -535 368 -503 515 244 -863 -727 -1447 953 41 889 -278 956 -184 -490 206 -321 109 325 622 -209 -193 -435 -634 152 59 1179 -26 -444 91 -231 1264 296 -1143 312 -28 -20 
475 676 -590 -232 -425 -428 -426 341 605 -51 1084 -1579 400 -511 395 1245 -615 428 -15 -776 198 -272 -759 345 967 -325 -614 -811 1085 -977 -1198 -190 318 132 156 468 312 273 -842 400 -45 88 -702 138 294 1066 354 -379 340 658 230 413 1637 589 991 554 -463 -912 1113 757 -52 730 290 479 94 654 -801 -1108 -191 -58 368 34 -464 0 444 432 391 301 236 -926 798 43 -895 -827 365 482 -187 -412 -135 -157 670 -461 223 -611 -343 -64 826 -158 -175 68 -1018 364 -942 622 -66 379 530 204 -117 948 154 1097 585 -225 306 490 686 -208 416 -861 -928 977 -410 234 160 1349 1221 -218 200 1037 -648 -609 588 -65 637 967 657 -449 -86 300 -492 -112 809 25 71 -186 -462 -22 503 -430 761 203 663 -125 1525 -176 419 -97 -923 566 125 233 -732 -233 546 1013 195 -764 -320 215 -816 330 340 129 814 -762 -197 920 -147 445 960 -76 -357 -70 -433 1431 534 -170 -1079 768 -31 67 1261 187 83 101 1183 255 -505 293 308 -1587 -125 -433 -273 -173 -646 -673 -845 -263 21 633 -174 149 -389 252 1364 -913 -895 -68 1006 -43 -403 -625 -149 770 -269 312 -501 383 -632 576 -668 1527 75 484 -309 296 438 331 994 -95 -193 303 100 -536 220 -64 -247 -200 -578 -309 388 -237 67 751 650 -637 122 -137 -873 -328 959 -148 -711 719 -133 351 242 -32 298 -1156 743 -434 484 209 895 40 894 472 -268 -554 86 -686 612 472 -530 -613 -628 -1026 498 829 271 -219 153 -410 530 -173 -535 576 
-695 575 619 45 -324 334 -567 235 177 1023 993 -322 -210 -334 -563 734 -1140 710 -663 -967 169 -1043 -126 855 361 290 796 -533 -588 -478 -371 -931 492 -483 -162 -499 -134 -719 -312 943 -2146 540 -208 962 323 1204 -387 579 -83 -234 -22 78 201 663 -787 -1311 -1183 -639 280 -1110 674 607 -820 -1350 -28 -708 87 -368 505 -904 312 -288 -412 435 522 -883 -418 -1240 -88 -17 882 -329 -48 -729 -611 9 280 -312 990 175 -133 -426 -1142 241 1004 -738 138 -824 -50 783 -105 -307 -331 -403 873 -503 367 71 649 -8 217 8 -599 447 875 -1458 -510 -946 769 -206 -128 195 -649 336 -158 -625 -119 -167 1062 262 1021 1170 -413 955 233 12 287 -335 60 24 -635 311 -14 493 -337 -318 -330 784 -9 1327 -298 652 128 987 554 142 468 1003 393 -807 791 -1205 123 219 -175 608 -464 520 -610 251 -63 -283 291 -197 -1854 -530 420 -493 660 107 -1241 611 -657 329 438 572 590 -1002 574 -1108 -993 -421 -912 -1534 -219 -820 880 -25 208 389 492 49 -983 -217 905 981 462 511 -231 699 847 89 -742 -788 496 335 418 -500 1400 874 56 -180 23 -414 170 -403 18 -423 1558 297 -296 358 -842 -42 636 155 554 -165 768 -692 -760 68 -1777 607 -753 -704 932 -115 112 1517 897 -650 -1016 -283 1214 115 219 -720 -382 -24 729 1394 302 249 216 393 -362 63 306 -614 -1344 -141 775 647 -496 826 858 719 -5 -1039 20 469 937 371 301 134 -279 973 1298 1323 -690 -232 -152 -580 -731 232 924 129 -94 341 
-931 284 150 385 1128 429 -195 910 14 -507 824 574 -550 -560 277 1297 -924 -295 412 -749 415 -542 364 -1172 1179 301 -179 391 384 -327 801 84 647 606 548 -818 467 1173 -688 299 641 619 -65 352 572 -602 -216 140 -444 521 -533 167 -924 -136 1474 -536 -56 -489 -79 -380 -844 -301 -590 -527 1362 358 -1104 -1140 596 92 -1073 -712 580 -232 -50 -287 -1576 617 253 765 -85 -584 607 1416 -222 -370 -586 -1009 -698 885 -262 -232 259 116 203 -510 -452 -522 649 8 748 -47 822 -70 -623 -77 336 198 92 59 292 906 -119 -652 -26 62 -53 712 -364 -1305 182 -496 691 364 -1623 -549 -352 145 -1383 171 -1222 -1495 418 573 834 366 1549 -161 -322 321 -256 75 600 -90 -1213 517 507 588 -544 -1222 -598 -494 878 -982 607 -79 -38 -425 -310 -613 -474 -307 1210 1167 795 400 -799 -118 -320 35 230 93 -370 563 762 -268 -133 -55 -526 118 -552 -447 -744 456 18 -902 -138 -140 430 529 583 -56 198 -477 665 -305 30 1727 558 -306 -256 -464 -812 -234 -78 -272 610 -525 -516 -508 -33 155 -589 1089 930 180 593 -1202 645 -175 547 583 -281 -1181 -604 -14 -537 2395 660 -183 -456 -696 1165 600 669 -877 131 -1152 -839 308 166 57 179 593 -688 -675 227 -486 -778 -11 499 109 -347 281 -779 42 983 -298 -311 174 -369 867 -1100 1216 283 424 -289 -1518 -128 1113 473 577 -501 -418 -166 28 -84 137 16 638 380 -933 2153 -813 -7 367 94 833 -900 -511 467 184 37 -945 -680 -330 518 -336 542 -253 
-354 -172 -260 -1389 99 234 -365 943 458 28 -189 -126 142 -781 1690 878 -222 -273 125 -70 189 -981 -157 822 168 -1052 5 -271 -25 1102 -72 646 -84 301 -636 -613 751 -424 -308 -738 -454 265 427 96 -1659 245 4 -1563 234 -1853 -445 244 304 801 -91 19 -486 -686 351 890 -853 -502 -1270 -365 -255 -279 -969 498 303 -725 -627 1042 1292 1083 -514 -815 143 165 216 662 514 -762 -302 859 161 -351 -630 653 -507 -674 303 516 729 -144 264 1132 -483 -215 -1 30 574 762 -287 838 -405 -273 739 56 -45 420 -2 1140 -598 -66 -483 472 -112 57 68 -450 680 -1024 -131 771 -394 -1350 126 225 -1745 -61 17 -461 33 513 -977 -304 -139 -163 702 127 389 665 61 534 -808 -209 -697 1387 541 295 189 341 621 -288 454 691 164 -1166 -805 884 -1297 -279 -476 847 -648 236 -613 -511 1012 -305 64 -902 423 -99 -45 -393 241 -321 576 -1381 328 570 -246 243 244 269 -412 -687 -53 343 -86 -744 -274 -1471 1134 15 -220 536 443 679 163 380 -707 854 -468 -515 -445 444 264 1157 -417 -302 -479 230 80 -8 -350 -479 377 -168 -423 -65 531 722 794 -852 -688 -211 -632 -1295 791 -167 -38 -790 -42 -1083 -295 280 -369 34 538 229 -682 168 -672 620 1059 251 -868 560 551 -748 261 86 37 -311 -182 -498 -249 -407 -465 -371 1670 177 173 167 -47 -20 -364 762 245 360 -555 -822 315 -418 419 -378 442 -1025 471 -394 -263 -110 -102 -263 -397 704 290 474 1390 -743 741 -1283 -1145 761 -511 1151 284 296 
612 -238 -211 222 -162 751 207 363 -340 -110 -395 436 -181 -327 -1157 170 -702 927 -315 528 882 -1136 154 589 143 421 -765 -482 396 -1104 -31 -606 1028 313 308 397 60 673 145 924 989 212 -1288 828 464 685 503 832 1093 -18 -164 726 -773 -207 1254 -411 -274 -494 -306 144 -249 -707 -309 -1110 627 -852 -356 -757 791 -1293 227 -360 -119 -521 -584 36 872 88 -680 751 -256 118 260 -355 -287 -1075 -439 -91 -1685 -242 329 1280 -1631 386 1301 745 -249 -1 -747 313 -1037 574 1122 -298 -859 268 -719 990 -459 -633 -287 204 -840 -393 1218 602 -287 67 -623 504 523 94 228 284 -1243 -869 -905 1179 -818 755 500 -832 -322 809 -1006 -58 74 277 -329 -1015 272 119 -812 -96 510 -380 534 178 -1094 252 725 497 461 765 682 -617 -566 577 799 -1312 584 159 542 281 812 31 857 604 -29 150 660 97 429 78 -282 -681 98 -1361 -278 193 -1136 61 -887 -914 -974 30 -485 542 -43 496 -1077 -886 -760 -342 -700 -1567 -555 177 -1809 -396 -321 532 108 -1861 -1349 234 532 -907 326 -698 -353 -11 589 -191 328 -269 403 544 -382 -1193 -1129 14 504 174 -277 -105 -471 961 734 1114 -24 -950 -732 -13 1 -1076 -568 -265 -215 -149 -1407 -570 202 -29 1031 107 -334 -638 -417 503 873 722 -1458 1339 -756 -436 -122 109 -547 -1244 -203 137 571 333 -67 -647 -1660 -299 -1074 -288 333 993 252 361 280 773 -946 -182 667 -627 -319 230 283 1199 -512 -562 624 141 -168 228 -373 -441 -652 -178 374 355 -411 716 -50 274 
491 -480 -708 -857 -1 79 -142 382 -406 540 -784 86 34 137 -538 -209 -535 -106 607 -225 -724 -163 -902 -716 595 -668 1397 -302 937 839 -268 -337 30 933 608 475 -182 352 498 -410 -547 -395 8 -70 135 -558 270 -682 643 57 631 -8 -145 350 -128 -533 590 696 -472 -139 367 -1235 611 746 144 1269 192 -710 -724 -106 616 -281 -142 -267 221 44 771 -186 104 323 -3 -144 232 -83 -422 -121 -498 220 65 1142 670 -1204 -35 457 920 197 -226 -609 -1132 -1210 1149 144 139 -284 694 -636 798 1278 390 339 480 33 -1210 -121 -268 185 128 -730 81 465 -330 -212 -367 -261 39 443 -640 -784 55 719 -15 569 1435 487 -181 -306 753 -320 -313 327 -491 -316 -356 -175 -540 632 -291 -306 -628 685 43 -129 -283 -651 -1180 601 -1327 -127 615 951 -1026 1384 -493 -543 621 1180 -72 -1647 1061 -94 -875 1208 776 -288 626 388 -606 414 346 -435 -117 -317 213 144 187 268 -912 50 -1427 1329 640 984 815 328 -197 -448 -112 -938 529 -747 873 -1056 -676 -568 -627 -948 123 -337 42 -337 -42 1222 -395 399 373 -152 632 -1968 167 -144 -78 -835 1531 852 -470 235 -501 -335 -637 189 -304 983 -975 -652 364 757 493 -1169 -524 -1357 737 8 106 -82 182 977 -121 -866 369 744 -1611 34 1417 172 -429 1642 665 91 694 427 835 -969 844 -104 -1235 390 342 -819 -611 318 953 -490 -1071 -925 1334 -1142 1106 -1249 501 -524 573 -235 -70 -325 -471 199 -606 -412 40 -1034 -380 876 844 581 -464 894 -197 -516 -1350 -991 
-634 -566 458 -56 816 483 -233 363 84 47 -487 -99 177 -734 278 1149 -206 11 230 519 -149 -487 -1141 233 770 -430 -142 168 393 -713 -126 327 889 829 657 -514 -882 603 440 -167 -769 838 900 1060 -128 764 -35 -445 913 -18 -370 585 341 571 473 -293 409 -341 -28 69 -65 -1182 219 521 479 891 -458 -726 875 530 -165 -386 -221 -263 16 497 -399 -274 809 865 -699 -162 -229 -53 271 369 -1501 -814 -966 -206 -837 -39 -149 316 -573 -392 -665 -412 -1035 -1038 33 126 119 -511 923 300 -64 -508 501 -140 486 1511 605 463 -860 1139 95 -225 1013 254 -1340 -948 -138 -711 375 1255 -443 1118 -1000 328 -158 -170 919 391 387 2222 -921 -396 -577 -122 391 -304 7 -499 235 1179 -356 -1214 -736 424 1485 130 -343 -544 -616 1290 226 803 -46 101 -496 -192 -784 -117 426 89 536 349 797 -937 410 303 199 -905 375 547 38 -141 -435 369 -68 756 -981 988 53 -857 5 -79 256 -701 1639 -17 -275 167 688 -23 -586 -391 -618 -1458 -1590 -106 -512 -101 -908 598 538 1241 -1584 240 -916 347 -1185 38 787 446 -161 -1224 -450 1143 921 -138 948 -8 522 -772 898 -18 160 213 546 575 -190 27 -842 883 -771 -1212 578 171 451 -324 -349 488 -467 -32 55 -684 54 -561 -810 364 770 -237 -247 -384 -129 -955 -669 -885 467 -102 1004 270 -421 66 -504 -807 1082 -294 140 -1850 -467 -155 791 -436 1039 -303 592 284 -803 -1171 -221 -457 1211 -304 -608 360 535 1077 199 -496 417 123 -526 -20 392 -1256 94 -586 
-394 1014 1324 -512 -546 1224 66 -1356 203 506 -194 -221 372 -784 -798 -121 986 82 642 -35 -1229 -279 -601 -756 602 192 1255 1060 -384 818 -972 432 -528 524 -132 -540 1587 305 95 969 -632 -12 -659 -1542 -265 -621 -1044 1231 -185 -337 601 29 -522 1012 194 -1129 699 -544 -88 436 -46 992 -26 179 -1072 304 -1239 1544 -144 952 219 65 -48 563 -769 -1369 138 -452 -239 -170 -551 -751 149 -1027 94 -875 -344 1949 148 -495 18 -929 684 -238 616 -114 -562 22 317 409 482 -1047 -487 688 -866 118 524 195 526 -45 -519 -344 308 762 461 -764 698 709 -57 -285 -332 169 -1045 -118 116 -585 593 235 446 -526 -572 1393 482 473 -83 -559 988 -405 491 45 345 -91 -420 -580 126 -1293 129 479 -972 507 920 524 -281 157 -12 -68 520 -736 -544 -532 438 -662 242 -62 -440 -302 -1014 447 724 -577 -358 214 -1601 -510 55 806 595 -738 130 766 -1276 196 -378 472 -181 -111 116 -964 -1002 925 -714 -367 720 1014 -42 1291 -338 425 7 -606 1596 -1010 -677 671 220 606 -26 -209 -643 -1233 -128 29 840 -362 -409 1032 -895 -884 353 -368 -490 -438 187 425 -261 347 -516 -526 -1272 -488 446 -487 -172 2142 1181 294 34 -660 282 -518 108 -401 764 -311 -281 -1463 -193 1791 455 -274 -34 1061 -1028 688 1160 823 -669 175 848 478 322 223 379 380 -400 -1463 -79 -294 -844 653 -177 232 -399 -7 -47 -122 -343 774 1042 -743 -785 -388 -516 -392 -549 339 558 -1306 -300 -745 265 -349 -221 115 1262 208 -781 -892 -1061 -711 
-94 57 186 -750 -502 433 -813 -3 312 488 233 -1030 -784 801 -187 292 -574 1385 -143 -19 -180 -212 -807 184 326 335 598 862 66 -27 -473 615 163 171 597 -1248 116 -254 -886 420 -483 -1044 -359 -581 -10 -1597 -812 -196 -874 -1243 -299 449 -1296 -436 244 672 33 -168 275 727 370 -551 -20 450 -840 564 -369 162 -396 -574 -304 430 242 539 -681 -521 -444 -777 -608 247 -249 116 302 -54 -518 -397 -94 -375 -440 280 222 -138 -503 665 96 -341 -954 -305 366 764 1281 24 66 927 -437 458 -104 1327 802 1460 -1020 -178 -210 -1015 -163 -331 -320 413 -1652 -320 21 -412 -1358 1295 1267 8 1370 172 285 -149 63 -615 479 511 601 -1516 763 147 739 -527 -879 -1031 260 614 -444 583 1049 -306 723 397 -686 -35 414 653 -966 321 830 -405 -502 -210 219 -409 172 -334 -1203 34 -462 1040 -341 376 -1373 -1104 -1059 948 1146 686 1242 -1020 -218 1655 -282 146 -441 843 206 380 -94 -307 -22 170 531 -58 -30 127 450 643 -278 481 434 -486 -726 448 -513 -233 1526 1098 -168 709 766 589 -597 524 -259 -952 862 458 -120 -79 679 -564 62 -648 893 779 -429 215 -1304 1043 -77 -209 219 623 173 -574 242 217 -200 -242 444 18 -793 -177 1064 -481 -410 214 -431 552 -356 241 481 421 269 -1277 -937 1136 1881 729 271 1003 -162 -619 -317 1233 -432 176 270 -111 -295 850 583 916 184 -383 564 370 69 -329 -346 -438 -128 263 -962 -459 64 -869 703 689 162 -562 -166 -328 -899 -26 1457 -544 -122 543 -43 -906 
-457 142 -686 797 -162 -812 601 -317 500 302 -755 -775 -688 341 344 934 366 453 820 105 -862 478 304 -262 429 -486 -653 -14 -485 48 -241 -177 928 1035 109 -249 232 -410 -102 28 293 1200 175 849 1027 -99 -82 -50 713 -408 356 -116 -439 -280 -1276 -302 935 173 -342 -428 311 -133 -90 -60 -230 -360 1563 216 -22 -35 73 -1631 271 95 1127 13 -1035 334 825 942 -487 -250 -521 152 -309 -1806 -183 98 237 -215 -538 -364 226 -793 384 665 -394 95 -59 1428 -489 903 -277 347 624 77 42 -495 -966 28 -89 -907 18 -250 -685 -326 472 273 78 -70 -618 -110 244 44 1010 77 -963 -486 1423 722 140 215 -982 -440 -1183 166 530 -504 425 1075 -1212 -562 674 -312 -634 107 637 -952 -31 -496 -41 -948 52 54 -717 5 -32 -475 478 674 167 -239 -893 1302 -191 5 -1403 -176 -194 1423 371 -204 323 -171 324 -577 909 383 495 351 66 -793 36 97 -30 516 -288 388 768 -167 -853 -78 -1001 283 561 -89 202 352 78 391 149 17 403 450 279 390 347 -374 -254 337 635 421 -347 629 319 -342 -283 -1031 102 786 -457 76 150 -165 406 7 -202 1048 710 -226 -1302 362 -329 272 526 202 -46 330 -1037 -1176 -9 536 -1657 429 -17 -676 965 -26 219 -498 217 -935 -737 573 -57 368 939 325 668 -105 -298 -967 451 -94 24 858 627 -182 324 -329 2 305 -953 -332 -46 -797 1059 83 -1734 955 253 -839 1040 438 -470 402 243 -393 134 -158 -495 538 -635 556 -756 -185 448 -709 583 611 
-381 547 -505 -270 -207 149 -485 289 -832 150 -33 746 369 633 81 -394 -271 -479 -374 330 -398 -507 -517 686 647 21 1 14 -1 -254 852 -323 -176 -239 54 -124 526 304 198 515 -631 -189 551 -557 -390 -264 -406 -884 462 859 -569 -197 -481 -1036 846 309 714 9 28 -521 334 -955 658 621 -961 375 -77 -843 345 12 -1623 -386 1077 -392 -1047 856 520 151 -23 978 -125 390 -59 218 185 -85 -134 -323 -28 -513 1059 -535 201 -256 -435 237 -1134 -7 -467 1196 -265 -646 863 -296 -922 -382 923 746 -388 489 107 656 -369 -886 -565 -196 -66 -190 -186 -12 -489 -209 -785 1496 -265 166 1625 359 -804 -183 -691 -606 -471 -980 -749 -866 192 -139 -102 -935 562 847 -200 263 -383 -389 -31 -285 607 -486 -308 -333 -1316 370 -57 -361 1334 731 583 -1325 -848 -735 -234 -326 -877 35 371 633 -77 304 947 1059 -717 230 588 1125 -725 -207 15 -17 729 595 -467 -353 -187 185 545 -152 -245 505 -1159 578 -507 555 -110 -646 -96 -131 -1084 275 622 209 -542 -1330 -340 13 828 -295 -1339 -1275 -151 77 228 333 143 116 1250 -327 283 883 803 11 -363 493 648 297 350 -423 -707 1173 -764 -1156 520 742 -794 174 45 -553 -352 -37 -671 -1164 1137 780 -156 221 -834 -711 471 -1133 -1039 237 -283 -27 -753 823 389 909 243 1099 -928 235 -246 -720 484 314 -1381 -981 519 490 345 -15 57 337 -36 334 -431 87 86 -109 -1692 -622 667 -653 -693 172 519 235 -78 529 901 -659 -423 -431 836 -261 930 -256 -321 682 
274 -137 738 308 1168 -174 159 781 -372 -381 444 -1052 90 957 -315 -694 -26 -645 657 574 72 915 292 -46 851 876 89 -82 551 140 505 -1142 -761 1169 -896 142 -450 23 -567 1135 174 794 260 35 -130 -309 585 -259 -290 -214 935 162 465 -15 640 -346 251 25 -417 -217 -416 292 540 1096 670 1340 1027 -313 125 238 276 -309 -154 1094 -588 -83 -447 883 1043 -1318 440 182 52 154 -420 -409 -504 -907 320 161 -159 287 -40 -884 -401 313 -54 -362 -427 -1441 -595 3 -386 -153 -182 298 -884 130 799 -581 750 -1486 -28 1022 376 -96 414 -473 1218 721 -1025 987 457 -227 300 165 852 546 -1410 -462 -771 -223 287 165 -950 -550 -492 441 -189 -152 -315 -410 -1302 84 2095 211 -34 102 -883 -482 -123 499 -794 790 -906 -149 -847 528 871 1917 -663 388 280 -198 568 -1068 -126 -997 576 24 141 -253 315 256 232 -891 -1492 394 -45 -875 99 -379 -822 415 465 -1250 -514 -15 -245 -172 1171 -305 656 43 324 -619 814 791 -913 -499 -711 686 734 68 816 966 -445 -607 -445 -541 1033 -554 -476 678 466 -112 -12 -173 -176 -301 -44 -696 602 -646 -1253 741 285 27 -846 -782 351 -173 318 120 -497 -46 -385 316 -435 -404 -300 113 209 -437 -451 176 386 -385 61 -408 -669 -403 -3 -1199 -12 148 -324 80 325 -253 173 209 -847 -378 -315 -558 419 230 557 128 -1172 -997 -703 50 259 -791 -27 209 700 235 1194 61 -335 -134 636 -620 1241 114 -446 -422 762 347 -1148 -128 638 675 972 997 472 542 
-742 -653 422 117 621 -1118 -272 -1093 63 -305 385 -331 -1083 -1101 1513 -38 38 559 -531 759 -175 -201 342 1019 723 586 803 679 -556 -1160 -693 112 -277 372 910 -69 -10 -325 1160 -924 -1583 1156 -285 739 -597 -571 -337 -58 -195 -494 -425 1021 1744 -513 -1125 2044 276 -186 -568 122 37 553 932 -107 -704 519 -175 547 -127 733 389 -403 -198 37 -289 937 251 -14 69 -382 539 495 -122 63 -768 232 -279 783 -437 -73 -469 612 161 -903 -354 -38 -330 797 -617 43 -302 41 188 -651 16 492 -422 -172 -397 604 794 -1583 -870 -360 777 95 -333 -531 -1156 320 1105 -809 -282 -165 777 82 1124 -634 236 -257 -454 -21 166 -395 469 480 -599 -286 0 -354 -352 -238 750 490 443 1020 1003 574 -656 -1270 701 852 -480 -584 -609 -989 432 -385 -47 1014 168 416 622 -428 -167 -402 -563 620 -642 78 324 -954 -607 1441 -323 -992 -262 597 -573 -163 1338 80 1090 -86 23 -901 -834 -603 -262 13 -88 -1364 -131 227 -180 577 -27 -345 633 1433 -247 1018 956 145 -116 766 105 -1651 828 236 -236 146 27 -968 -171 806 -331 -1001 538 -219 -482 -330 549 668 43 915 -36 -701 -704 -433 -410 -857 1077 414 -103 -841 -678 611 -145 941 -284 -264 -271 -260 -1144 -489 -1023 315 -4 -234 -127 -252 2065 26 -913 -560 -385 71 -90 210 -1020 262 -100 -607 -552 568 -153 -83 1251 -585 -284 331 -230 -28 -352 467 -707 -556 49 -788 -1272 -254 -1811 245 -382 -178 324 328 419 53 -697 -802 -1341 546 471 1131 24 -153 884 -1440 
-20 -224 -714 -905 358 -1142 1036 -266 690 -489 -299 433 -336 -586 748 -445 -128 254 439 92 -156 610 -264 -298 948 625 -714 660 -530 457 673 509 -958 -768 -818 -360 -565 176 576 -336 628 -156 1047 -92 283 827 305 1098 94 664 614 863 -1187 1285 249 468 142 479 -332 100 -551 -1070 -208 85 -239 -1082 142 -58 -333 875 506 520 384 -285 580 -1284 -544 91 112 -458 -748 355 -719 -219 -1454 -868 944 -883 -552 -636 53 -256 510 -241 -683 41 -122 -556 47 176 -500 636 277 900 967 -715 -645 371 832 -919 -296 -37 -60 92 781 83 408 592 -557 -511 1499 -218 7 -844 -6 250 262 -315 397 324 347 674 301 -596 -166 -214 -1017 1912 -1014 427 178 518 672 -221 743 152 792 185 774 -1045 -1307 867 -123 -689 541 -125 539 -17 -186 627 -365 514 -871 -155 -674 -812 -82 894 416 -461 905 280 -548 903 -33 -1048 -609 49 -35 -654 210 410 -74 -1036 769 -305 117 161 -16 -16 80 -161 -591 -1246 14 -276 -396 126 -478 191 -52 775 311 -247 -597 -626 164 96 -177 -638 58 -907 72 47 822 633 -314 -362 336 -40 -681 -317 -573 -218 -364 -428 431 766 -60 -255 -1615 -382 976 -1006 -760 1359 -270 93 662 146 -677 1140 -231 247 -1019 854 1031 -537 -442 653 790 -387 760 525 -496 547 744 -744 -790 -80 -13 -279 -1001 -438 727 616 -299 618 579 -282 99 -273 542 -226 134 563 565 -101 231 66 -168 53 67 408 -505 -178 -983 -175 -632 1184 1586 7 1 -221 106 -2091 444 99 415 827 
-621 -728 -71 -508 327 612 -618 -152 308 -178 239 95 21 -914 780 157 1396 30 -760 430 70 -547 -717 -1028 1255 -149 -417 1035 138 -55 341 719 -928 193 -711 181 -372 -1312 -331 915 375 -442 1189 -557 307 1352 -137 260 1296 491 99 -512 416 -711 621 -401 394 -577 -63 643 -888 241 -662 426 782 -1019 -537 -435 1350 -1038 632 -46 -820 134 157 982 554 495 358 896 23 741 1042 160 -412 -468 -357 127 987 498 352 -732 -173 423 -812 611 -415 1263 158 1275 130 1119 -229 311 -207 -818 228 619 -453 -489 -78 1358 873 -44 -890 -214 998 302 -453 479 843 116 -750 -268 -1543 596 2110 515 -57 -908 432 650 -157 -1298 -154 -201 13 303 -192 -329 -239 -57 504 175 -219 258 -328 146 -481 1032 114 -53 -754 -1470 292 16 -365 226 -116 432 990 -704 36 509 -789 -981 -156 -733 904 14 874 -782 65 -1188 -378 335 -503 385 117 -991 -219 194 -159 -116 551 -160 216 55 -2 -1031 -507 700 54 -96 -312 901 -628 353 -284 -472 -559 -1215 -229 -158 104 -416 722 397 -76 104 -176 -268 820 -169 -299 84 -392 -824 833 733 287 -666 239 861 624 -723 -456 307 -1348 -588 25 606 469 -562 -55 -630 -800 -87 347 -10 11 398 -15 -377 422 136 -91 261 758 -30 835 -593 676 410 -1277 173 882 -40 588 732 549 -341 -1126 854 -677 -511 -912 73 683 524 156 -880 -620 31 557 791 585 394 -427 -878 522 -351 -7 -179 497 495 739 674 -1062 -343 1308 -395 349 451 26 -152 386 -51 163 -673 
1402 -903 -293 -127 -1670 425 95 -144 1143 -528 -442 -1964 -509 -325 406 -517 -148 -531 -225 86 -787 980 304 680 868 111 924 -191 1326 968 -678 487 192 956 -769 655 467 -453 973 11 83 -397 -1067 409 64 -393 1390 -1265 -104 -1372 197 -1402 481 -219 933 -665 -591 318 -313 -319 -1310 101 -928 -563 407 728 -95 411 -727 1041 -575 103 -33 1779 -86 2216 370 304 -1299 -191 -701 641 198 47 181 -668 -68 202 -312 272 -495 404 1165 -486 -1188 -1039 74 -253 -747 2 -499 697 -909 -194 300 -23 329 -1390 -200 447 -766 -1048 64 903 1074 -746 -1377 -341 -259 1345 -571 221 23 -542 25 -326 342 62 -185 -307 -155 -514 1051 -229 -1332 -1040 -759 -1069 1086 514 -235 -253 30 931 1506 437 708 -17 722 1235 239 33 128 -1505 -196 -59 -94 -401 1447 798 -1003 448 -639 1586 -332 -26 -544 621 352 -652 306 563 -929 -1108 -619 -48 -146 543 -425 -265 -6 621 -575 261 675 -131 -1364 -297 -459 -806 -505 -714 1002 1116 398 -450 1437 -319 514 -953 868 721 1382 1225 -591 865 -206 -517 -25 840 493 -331 -839 -1049 93 -538 -1286 69 660 -100 -404 110 -47 495 376 1433 365 -683 -52 -719 -116 -78 -76 32 -178 329 -402 888 -41 1 17 868 -155 -709 36 -514 1199 30 763 1154 -372 35 597 587 -83 -1891 -182 426 -407 294 -172 -501 271 667 -137 -626 916 258 -308 407 -1221 -477 -284 154 457 -106 239 19 48 -353 -237 217 -523 237 -124 -269 79 910 882 -835 424 420 639 1388 -609 484 1431 408 46 -235 
912 -61 475 250 188 392 -324 141 304 -746 -882 297 -122 -519 -826 1429 560 729 -768 -546 -329 -579 -1324 298 1057 -238 -326 -124 801 -555 -409 -1132 1272 -60 -917 -933 -1738 90 347 1585 361 605 -377 1072 192 284 -631 -713 -1000 -129 31 708 368 626 272 -505 -1090 -204 132 -16 149 -55 -418 146 359 -977 -929 278 784 -469 285 -100 1612 443 772 -634 -1182 -107 -128 274 626 -335 -686 -1458 -675 -768 201 -233 430 332 1092 -474 -244 -1394 -1286 -471 -1016 228 -733 -590 -971 -1172 439 318 -1130 -26 1405 -39 110 312 -11 -467 136 -1344 475 531 -578 -680 782 127 -643 -462 192 -574 -244 -745 -309 -59 -1426 -4 844 -295 287 594 -391 -541 463 -76 947 741 83 207 -438 -1067 -298 287 240 673 -229 -1376 455 79 -872 -3 -159 1104 -370 -405 285 -1397 -68 1094 629 -567 -98 489 350 -78 -181 114 685 823 -529 -606 492 1116 388 -563 -366 775 -400 -161 771 -136 -538 211 435 749 -1125 1304 -477 -734 403 -1322 -1591 -95 968 -472 -685 1346 1281 -374 -851 138 221 -1221 163 -1277 182 -830 608 822 -599 467 638 -840 1130 -26 -821 -44 271 -118 646 1185 -150 -623 143 -223 697 199 284 -1989 322 339 111 482 -176 11 627 -593 -671 417 -189 981 -1388 -569 249 -1054 999 805 -959 -163 -1428 -344 347 -36 -1661 -268 372 29 -324 -451 941 -518 562 687 -496 -329 400 265 -236 227 471 47 -1532 -5 -293 -909 -198 -17 1083 964 232 1199 -330 -658 744 174 -397 -126 -479 389 1166 16 -626 852 3 -299 -428 1069 
276 -588 -405 -379 734 294 -295 -14 188 -116 601 175 54 -240 689 -205 -723 -383 22 -737 -395 -90 -1173 362 -331 -35 425 -259 -273 569 811 -736 1036 217 -503 -234 825 -10 361 358 181 271 -856 -398 585 744 423 -15 15 746 251 759 -386 729 609 287 -557 866 -772 -395 -202 425 -464 309 285 389 -82 -682 -427 1005 1098 -33 792 -753 -295 73 425 1068 -622 -336 23 -872 97 132 324 -435 -1485 -334 954 -738 254 -12 -205 181 753 -101 -436 -177 243 -457 -440 -790 -640 11 -741 -1461 292 -299 101 -213 583 -467 197 227 177 975 209 1270 -848 -197 -1285 -143 -591 243 -1031 158 -563 723 -32 -52 538 371 -198 -38 -855 -300 -318 435 -27 498 429 219 12 915 -14 -347 -134 -116 664 -549 -543 1381 66 -406 997 -135 407 630 995 -529 -807 -547 782 272 189 383 475 -79 -425 -208 -64 1252 -926 11 620 576 -1106 863 404 -492 33 -475 -861 -1317 -752 -660 306 87 446 -95 -553 -446 531 -11 496 829 -176 180 -23 22 -176 -465 -110 -487 -483 -1011 1168 -1388 431 -1216 -98 156 432 526 479 -341 -121 -352 394 611 107 -234 -239 146 -1144 922 330 440 -598 -1229 789 -323 -124 1075 29 -10 555 -327 441 348 827 -200 -631 -629 650 -846 -201 4 295 -301 -275 63 -403 1103 830 -1260 59 -796 -126 -283 503 548 -351 696 906 609 419 447 -232 -43 -1003 423 599 -295 -935 -210 -91 -108 138 -421 -275 -533 542 -283 -857 -189 22 -414 434 572 743 143 247 -519 -119 641 -235 169 629 -109 
-858 -538 -1045 492 354 -528 652 374 1258 644 -482 -931 496 -135 -957 987 247 -474 575 -365 38 -1548 -265 -468 717 -704 -261 -20 502 -821 -503 485 822 176 1353 -947 -391 -96 -843 -45 268 -309 975 -187 799 -465 -502 -980 953 1477 726 526 -191 -940 -82 -100 276 -1248 -396 11 -25 -479 153 466 28 353 -251 -80 -195 -238 234 -43 -499 -856 -129 -411 -403 -337 673 -742 -195 -198 -656 221 201 -892 212 -455 -361 -33 80 524 260 -927 -815 927 155 -169 418 465 379 -190 -841 1827 476 -253 -553 409 -523 -275 -50 844 102 409 146 1056 -823 461 741 -404 -701 731 -301 -284 263 414 -299 18 -69 -514 -214 232 869 747 -855 774 -76 -453 532 177 -352 120 92 -115 -544 -640 103 -405 274 427 61 -195 642 464 -551 368 -1031 281 393 -336 -447 -42 -513 64 -1407 954 -184 448 -441 48 -257 1625 -673 -1117 -18 909 -1487 -127 -274 -76 -794 -812 -329 -1069 150 -310 -67 168 -263 660 434 -121 1147 -804 -805 -197 -265 -159 433 -21 172 1220 473 104 -868 -542 -190 397 -25 -50 534 49 -75 554 -40 503 672 193 85 672 1574 -364 -226 302 208 -1722 -23 156 139 -672 135 -1057 -383 170 76 207 -508 -1181 -516 483 691 63 24 -430 395 -74 349 -35 -1377 19 79 -291 -453 -195 -225 294 647 -1938 333 60 1007 194 14 -224 -1497 -62 655 -401 187 0 1096 -186 215 565 270 306 796 -779 300 -654 114 -612 698 -699 309 -344 -376 478 -330 -309 -220 -539 148 -1591 307 763 -24 -675 154 -1007 
194 -1133 -215 -291 -588 130 519 -276 -1453 -112 -463 142 -470 200 -1460 -558 -479 -276 -1222 -357 503 -591 557 -736 -834 -799 -89 -49 -250 173 -199 479 269 1119 97 -93 322 -486 -607 394 414 -152 41 -16 -190 -322 -6 -836 141 -150 1147 306 609 -159 -351 175 931 -16 -400 618 1471 281 116 -48 -193 1180 74 239 17 -671 -354 -631 -566 130 -943 329 1067 58 1003 630 -488 -453 -518 321 173 -2 1115 650 1306 -482 491 235 -1767 530 707 96 3 540 -82 -380 658 -1041 458 731 -37 -1218 -115 -123 752 800 629 148 384 -1468 -1988 945 -586 -366 -1038 125 -351 -633 348 -483 -89 -66 -168 451 -1016 -93 679 245 369 -213 340 -1765 898 -353 247 -900 802 -1254 -546 -770 -39 -303 385 228 -117 -1 -440 -342 779 81 66 671 470 512 -512 162 41 261 402 1047 929 101 442 -637 -816 607 -1383 247 -60 314 -903 560 -511 -102 -252 296 -80 -92 1316 -486 -681 -685 -420 54 516 262 -859 258 -420 252 225 359 770 -320 -485 853 6 -227 -315 -115 885 -339 145 -586 871 -240 -503 232 347 -58 5 -79 -370 186 1102 241 -469 926 1440 -169 25 569 -358 659 9 906 -171 24 152 615 -199 685 46 121 -30 -496 -498 393 560 -944 171 437 -525 196 -836 651 374 -595 -465 -247 -1041 531 386 -458 -143 1152 938 563 -479 -987 569 -1083 850 -979 131 -846 -72 49 -118 426 -805 -529 -637 -363 211 -588 -81 246 712 558 682 -172 897 -870 759 -416 -138 530 -130 57 -280 413 83 126 64 -341 
-260 -577 -349 -193 -1557 197 756 -731 128 -259 270 390 1533 -1343 -632 159 -557 -725 19 91 -977 636 628 -560 2 1220 -521 -813 -64 108 240 909 180 119 676 1141 -146 663 688 -235 374 -316 -459 -549 -1162 -44 1098 -328 1070 230 77 -195 -662 -297 755 -395 -37 246 -641 460 30 -799 -656 843 -74 203 523 -696 -188 1590 -499 -55 818 282 288 -105 -320 863 749 176 -1623 103 793 -1124 -301 -595 654 633 -607 -115 -274 -114 867 -1334 138 24 789 -192 -53 -1308 168 863 76 -310 -182 -168 -281 -273 220 342 -222 140 244 -412 237 -219 -129 51 -813 742 -200 -200 224 288 307 226 -1152 -400 418 471 455 -658 335 -649 333 791 -142 413 597 221 342 -144 -212 -70 -396 428 -347 117 891 235 -208 76 833 1043 341 -1098 194 -966 -668 261 111 862 -1314 -615 1035 193 -545 183 489 -261 -746 816 464 -878 920 -281 994 -564 447 126 423 -904 385 179 569 -19 -1447 738 -872 -148 -452 264 241 1439 99 -626 154 1035 224 -93 -630 1035 -599 -108 -1391 -738 -337 -430 -478 574 147 -469 -817 -360 477 813 -558 -1482 -213 -617 43 813 -242 -221 160 154 285 254 -610 363 -162 -412 5 487 -177 148 -516 -507 -1453 -1143 -1243 -497 -430 -315 850 628 -147 -160 -409 -222 -1505 -391 -428 93 -488 387 -1064 882 -1026 359 939 -206 -408 404 746 108 219 307 -718 605 594 744 -337 -940 168 74 -1105 581 553 185 -428 -70 -501 422 208 261 23 639 -712 1104 792 -638 104 418 334 185 275 -104 -145 -299 
-146 -177 -599 -443 -19 -692 1473 414 -468 423 -1168 -659 -247 500 -256 -516 -665 686 733 46 -317 316 -373 -667 688 -102 -301 -174 -838 -692 -62 160 38 -195 955 -262 197 -572 678 1090 237 -732 -592 236 105 -821 1313 -659 682 -110 230 -256 -963 418 104 15 543 -992 100 -623 244 326 74 791 -688 -452 1400 -381 -757 -1393 620 -406 120 -301 -1060 -109 705 50 1021 219 -1240 -740 318 332 -61 -392 -177 -750 -251 -94 -547 -123 -222 647 -1415 234 -281 -110 -2 -154 1186 312 456 -961 200 288 -1370 1197 195 84 -306 433 -711 245 -783 -474 -338 515 -753 -210 -60 389 167 937 792 292 84 -436 760 -188 160 -1035 67 160 -377 559 -658 237 -26 278 -483 694 103 58 108 -659 212 -1090 973 -645 -144 -232 -521 -26 -825 161 1324 329 43 513 76 173 -927 -146 682 565 -515 96 1610 -461 -1321 319 152 117 37 -172 -554 -689 -377 475 859 -68 -293 1200 307 284 -38 -147 -911 542 -110 -701 122 -78 353 4 623 -564 807 -190 140 403 -1061 -1077 -556 -960 -641 -538 -425 -965 1272 -409 -323 69 -579 -356 -173 102 -1729 267 938 -810 243 31 -324 -539 -673 1046 -1446 -109 -105 1086 -210 -868 919 1383 452 -1108 767 109 142 814 468 1708 624 1586 -811 644 -536 1434 -1184 202 -252 166 -1441 284 -978 469 -1128 938 800 -675 174 315 -300 998 -424 -623 1107 318 299 278 -369 -386 10 -759 785 15 1041 -925 691 -469 -1643 380 -417 832 837 417 -124 560 825 -394 -866 -43 760 -882 -191 -232 737 380 
49 36 -428 815 -352 -1464 -856 176 1029 -298 -224 -721 83 -238 58 15 503 1113 -7 -1111 257 -1757 610 649 -928 326 150 793 -1117 12 459 59 625 -7 -159 -206 188 -430 -963 227 520 469 467 -936 -776 -659 541 149 -441 264 743 -681 1009 1713 -52 1715 -793 425 661 258 -451 -4 -907 -27 641 -191 928 433 730 -846 -714 1276 -698 -918 572 -1221 10 -195 128 -487 -1057 -904 -288 -17 -1139 -175 -534 262 1152 -207 897 -272 -4 -847 501 -13 465 37 -555 -873 -2551 -288 -438 -190 233 89 215 -463 529 390 -730 -2 -1124 328 -540 -377 -144 1413 -977 605 -488 -307 238 209 -342 -540 -320 -853 9 636 -985 -1206 1197 217 -480 360 310 1084 343 -285 96 298 504 -157 26 -128 -922 1478 918 570 108 -318 506 18 712 1136 944 -97 178 -417 64 345 -655 -729 -1419 626 -246 479 551 1754 -285 -421 265 248 138 438 -340 -100 -51 97 -400 275 -298 231 -249 -367 -264 -330 -873 -254 -116 78 -606 -18 742 -973 101 -788 104 1251 -47 -231 -794 342 -1219 -603 -389 208 175 746 23 -955 -127 1395 62 578 215 1759 139 821 -105 -649 -422 200 -1867 531 -1062 173 -889 -470 448 -623 157 -1113 786 20 -254 505 -739 592 -249 390 565 -914 -103 939 1787 -567 -791 -673 -708 -38 -121 -908 -289 -251 241 -2006 -1422 -562 577 -654 -385 12 -477 -709 7 -21 -120 -112 233 -1394 300 -111 217 181 96 645 -253 818 15 -1110 -294 254 1107 -537 -447 -730 118 -444 1036 548 303 -205 -263 -593 -253 828 25 88 
-686 -225 -160 395 782 187 1180 -1237 -244 -445 -476 -1316 -564 -1220 -46 -136 589 794 1003 41 -630 -514 -670 -16 821 -1529 705 108 -804 -1135 231 1290 1115 909 -797 887 750 367 390 128 -161 612 1 203 -1391 -307 492 421 325 663 1333 -792 442 870 -266 402 141 1031 -133 -252 942 -82 -472 1189 137 -382 -835 1059 -541 294 -836 -270 -105 -1368 9 38 269 -397 131 503 -143 -732 -6 513 516 1009 -633 -347 -765 -967 171 -270 561 560 -310 760 -370 897 420 602 -146 -607 -615 -347 524 -1082 222 -388 -625 1410 -848 6 -376 103 -366 -1068 665 282 298 -876 1779 89 -503 -182 694 -252 491 534 -663 568 143 453 -573 -170 -227 -713 129 -634 365 -138 112 178 527 -217 -196 73 330 -672 -763 419 53 152 463 -328 495 549 600 691 765 -75 591 111 70 441 583 -145 -116 400 703 -484 -700 -606 651 -227 543 232 577 -368 597 413 507 -213 332 785 389 1211 289 42 -150 -477 -2484 -201 -894 60 -105 100 337 -1653 154 -41 770 -62 172 -501 288 -528 -420 -540 -88 -643 -402 -1107 376 -988 111 -1123 -809 -791 -542 -798 -767 -132 -585 1106 482 -217 262 382 -1990 1737 -210 -675 -161 295 483 -251 339 269 841 -526 50 -1149 205 171 374 -1093 -418 -435 352 421 -622 -163 -733 -241 -603 -593 -1101 -24 -1217 -335 -881 -402 -438 -43 -241 -247 -529 -641 103 538 62 -909 -603 740 -317 92 960 109 80 -1340 -207 -617 -75 1058 -759 -1 -97 35 477 304 -183 -232 -660 -166 774 835 410 -782 563 238 
-173 621 -344 -705 1350 -771 -583 -614 -676 -1162 -277 -324 351 -308 917 435 496 -559 -305 70 314 754 -823 305 759 -146 -827 119 73 420 793 -186 403 77 -1108 -675 -227 -343 -740 -160 306 -300 892 597 705 1303 -371 -1900 -856 -305 1094 46 1112 -326 -215 47 814 -24 7 -48 400 43 -718 -638 -432 -160 -389 -145 -442 1205 281 -979 676 -892 -206 -514 -217 -758 229 -569 626 308 -1392 177 302 -845 86 -435 315 -59 450 601 -63 931 743 76 -17 92 163 133 699 730 128 356 1339 308 528 208 -1729 1011 -728 -924 435 1130 -946 262 -205 169 -427 -1080 -404 -17 69 -100 308 961 -939 309 202 -186 870 842 1149 -262 598 180 -130 64 194 1402 -708 -323 505 -84 1538 -285 934 -23 -759 -778 1435 1063 1324 534 100 737 75 274 227 904 -772 -14 713 444 265 -184 -409 -904 -334 273 2257 707 728 -1534 1135 -79 -481 891 222 -265 261 -6 53 1431 -326 263 610 -506 349 -21 924 -183 523 -3 -1084 158 -372 -312 70 608 -428 121 245 -59 -657 -275 -469 82 -545 104 776 -388 -763 1185 957 130 -656 -277 -784 1190 -589 783 -296 -1299 376 -279 1227 33 -635 -68 -392 -708 826 404 -747 -981 1089 502 -248 -80 -423 1311 -122 -192 -627 -314 -152 383 550 -346 927 544 375 270 -54 168 -78 -1533 521 -727 184 -156 726 109 -423 -465 -94 -523 970 -104 -181 -2140 -513 -109 688 -68 1777 583 -1025 -282 -58 -911 -337 -981 459 -210 -220 -1192 -22 70 -184 784 292 443 -855 -512 584 474 57 101 
534 36 -702 333 -526 -515 -930 -409 412 -56 -489 71 -269 -887 -245 -23 -913 -1000 -312 726 -89 699 -94 -696 -200 -683 30 -848 362 766 -568 235 1112 -24 -441 -760 -1495 676 165 -1098 491 218 -1209 -645 -398 419 -705 -575 575 183 -1777 426 535 -175 -314 -796 -183 366 -267 -806 -195 1385 560 -234 1099 -350 90 861 -947 -363 790 -478 -19 -620 749 25 705 467 -761 1032 -273 -578 208 -319 -204 -306 -297 966 772 -213 1212 261 -432 -952 -1100 510 478 -383 397 847 535 -845 -384 -50 -602 -752 1140 -48 -519 -188 -103 -331 106 838 865 1238 186 -281 936 654 -637 -128 107 822 -843 157 693 -260 -230 -365 570 -97 637 -24 -1226 -333 669 355 808 80 -120 -593 633 -268 -416 -523 137 9 877 -481 -55 -461 -1319 1121 56 -435 449 200 -557 -510 -737 -140 -102 880 108 -173 910 -96 943 -33 963 1 -812 -1400 -40 623 -385 1351 405 124 878 1216 632 -916 -194 -1360 836 1433 591 25 -581 106 1803 409 -130 484 -632 -386 -716 1276 45 -353 1045 -738 -392 0 274 -885 -371 -122 -89 562 838 275 -407 -638 613 307 -845 687 546 1513 337 665 -128 1344 -28 -424 25 325 -978 167 -116 -414 -1122 -283 -627 180 -261 -74 680 110 -722 -650 -109 -1405 13 -501 612 -42 227 -1002 -45 976 348 -300 -1156 -512 62 1252 -767 -165 1647 -1200 111 241 -822 770 1394 -558 -810 -297 -1100 -28 -142 -29 442 -499 1271 -230 -86 -546 -603 184 -286 201 -1040 -20 -15 747 -16 9 869 -1082 127 -227 -296 -989 -603 -321 
821 -434 200 -1050 -241 -620 -195 1022 813 -250 -497 432 -979 -563 827 -1011 1028 -39 -261 98 -481 -687 -646 911 -795 -569 -198 -698 -296 -984 561 690 542 1013 -98 -127 -846 -135 144 230 -139 -731 1138 -532 -1046 696 326 -1183 -1063 271 10 468 409 1493 -198 -1836 -549 297 -204 98 966 -772 -103 343 -476 339 -182 524 -1069 303 629 -2216 386 1223 -692 82 -455 -203 -287 357 -595 90 36 782 -440 308 -203 43 -279 1452 -557 -756 1179 -81 -570 -246 555 756 84 186 -506 94 789 -131 -175 302 -50 -512 -31 -145 -684 -678 -328 -304 -807 -469 54 317 -114 165 133 -916 393 -586 227 -279 -132 330 1033 -133 750 490 1234 1302 -294 -389 -1480 -765 907 1177 -503 1052 -49 -1137 -483 213 -167 470 303 -454 20 -864 71 -1083 360 254 190 -793 184 151 -497 -767 -296 -164 1100 290 473 872 -217 -496 -92 172 619 -920 349 457 810 -714 1290 334 92 861 544 -126 -835 -243 -275 -136 329 -317 404 785 396 -8 634 306 -293 78 -656 -1003 -879 427 -154 1632 90 765 835 -423 556 676 -472 -1287 -1044 -740 -691 -301 1163 362 849 214 364 626 90 -88 139 -716 -1399 -264 785 -334 351 706 166 -1713 -341 761 284 858 266 250 -177 -118 -919 -834 -377 206 504 -42 369 777 428 -326 697 496 529 -848 612 -630 652 64 775 142 -283 -220 210 -1262 580 -989 -371 417 648 -277 -77 -1103 253 -751 121 77 120 -251 23 -413 552 312 458 -298 699 431 307 223 -360 -531 2055 -136 -661 348 164 -3 732 580 
547 426 -389 -761 -833 149 -697 30 -1153 -623 -785 536 -40 795 -360 -840 -218 -711 338 -1214 -812 -52 -204 -479 -147 749 721 521 594 -63 331 281 -1347 -386 493 553 264 901 -153 -633 -1190 -127 -638 -297 -401 45 -307 -887 -1096 -583 110 954 -96 113 722 263 382 44 385 524 823 -279 -886 -56 -475 202 -513 -144 1162 -194 119 1502 -373 1032 -396 220 1368 -782 -245 -397 257 914 214 -119 95 43 863 1467 -109 829 -346 1094 1204 633 830 -449 -324 1127 -466 -326 147 -494 1112 -17 -358 901 522 522 -588 319 212 -375 -574 749 898 512 -66 1414 -590 148 392 -21 -490 537 -175 -265 -48 -884 -182 -25 -632 -244 674 344 416 -280 636 554 901 -196 441 -22 -11 227 67 617 -19 405 -329 -284 -228 81 -1 -185 477 -325 -155 -585 -709 -516 39 523 1207 -818 708 -783 516 7 354 81 617 59 1049 464 -652 176 -525 699 243 -639 36 157 -332 288 -1041 -60 -217 212 -566 112 817 66 158 -37 -354 -755 -424 -84 -54 -346 401 109 -821 126 -722 466 -195 -303 365 55 632 1163 353 113 -489 -377 85 -651 1300 34 490 781 -194 -169 546 123 -569 475 255 752 -225 710 -2411 162 872 -417 -396 770 783 16 -808 -789 635 203 -661 717 -398 -865 -101 -941 745 1168 45 -67 100 616 -54 391 566 -45 -446 -182 769 1243 -1115 -695 -479 973 -1426 229 595 597 -67 62 -668 600 -200 -340 174 -165 440 831 125 125 211 900 -82 -512 -348 -157 46 -422 125 10 -47 -418 -1082 241 -680 554 
-244 356 400 -501 -820 -922 -436 -488 -421 -738 -522 -531 189 210 -424 1012 -716 1555 29 -562 -285 -297 803 -328 -248 -220 229 43 -270 288 -942 -590 -170 298 429 -508 -991 153 170 -648 -1773 -897 105 1325 26 -786 313 -326 291 991 1139 -18 564 -488 -210 -856 -60 18 -332 151 -233 148 120 -31 -846 -685 -309 -121 706 -153 -388 227 -469 1055 1408 1037 207 859 -476 -298 158 -92 215 -1075 -978 -423 233 222 -325 -530 -282 1427 -329 2 -645 1253 1467 271 -791 -124 -62 13 -1177 -385 1608 -378 447 462 -12 -573 -865 -639 -106 -480 270 -1012 -164 380 762 -1317 144 835 -580 -1207 -531 -770 -532 87 -515 -888 551 -682 -1061 726 1161 291 -635 1491 1075 -386 -471 -3 716 -577 1004 -646 1020 401 1118 -750 821 717 404 57 211 -362 638 19 -682 135 1035 -8 -734 -297 576 775 -290 -503 767 -1292 -141 -158 312 375 -672 426 -267 -786 -290 154 -818 -141 592 -549 611 -788 188 159 -649 900 -121 91 84 -134 -61 -483 1041 857 -376 601 1069 379 1135 -365 79 308 -654 224 45 -346 540 -44 -494 -338 1073 302 257 863 1274 -331 294 -201 435 335 959 1427 604 -65 674 1091 -123 -177 527 1173 1409 -165 -914 -469 -35 -1004 62 -291 59 485 -209 -535 166 -129 -1276 445 -410 263 -212 255 -516 -859 102 -600 71 -413 -659 1278 582 74 1557 522 -679 -569 -168 -449 -554 -633 1581 -166 -207 -431 -490 -192 10 338 659 -677 -526 377 163 -1018 16 339 664 -164 -129 -729 400 -87 -1390 245 1 524 134 13 
1374 -507 164 -616 -277 1348 -122 -537 -1667 194 655 -347 203 407 413 -1152 427 -225 -607 96 1361 -1189 -321 -146 -480 -71 -715 -467 5 -242 145 -96 115 211 -705 -160 -312 -417 213 80 -852 -403 -317 261 -88 350 577 -1184 -1188 -282 -298 -14 -46 225 -162 -568 392 684 232 -616 8 -250 -187 -1179 264 -143 117 279 159 233 -1298 1451 1104 499 58 -455 250 -651 -1146 -33 -856 606 -77 395 288 -955 -561 352 208 -377 1126 39 761 607 -104 -18 686 210 1008 47 -75 342 514 1148 76 1203 638 -1200 -1246 -1101 148 -721 499 124 95 941 -640 -329 542 -1031 191 -601 -448 -986 49 99 -1113 -216 -1001 -675 -301 231 -945 26 576 12 153 -1194 -881 842 -36 -198 -1408 472 -586 -244 453 -517 420 542 139 -383 1071 389 84 1988 -303 -219 1613 -474 -1397 -224 1248 -14 811 718 904 250 956 902 480 -23 -117 -36 243 -127 392 262 -1 1497 367 -701 -24 -342 -299 536 -909 -32 757 -323 79 603 19 -270 265 -1039 -467 -823 -106 -817 75 849 325 -668 345 526 515 1344 33 -108 277 606 -337 -550 -229 126 129 630 193 619 -85 1292 33 281 -844 -273 -278 -30 608 1061 450 704 7 -247 684 196 -1009 429 -162 56 -516 -9 1435 -172 1467 -929 698 -405 41 98 395 -2 486 400 -507 -781 491 194 -670 200 -583 606 95 -718 -74 -417 -40 785 101 574 -153 1421 -1026 -877 -801 -839 916 -218 -7 -96 381 -225 -192 246 325 -745 -685 -95 -56 -124 387 855 464 231 -541 930 -198 924 -10 -61 
-457 150 -317 408 979 1225 169 -74 -257 1210 561 275 -359 -719 473 1267 -836 249 -285 -22 189 1117 224 -923 159 -239 112 -325 487 -798 845 -304 707 899 1154 819 -305 -140 -417 -143 750 -8 -1038 -11 696 63 -79 88 -377 -457 -476 496 192 -743 541 -242 -600 -326 225 -413 776 190 -274 874 -732 -302 919 -674 -235 544 1013 -446 -845 -1460 235 533 901 -471 344 210 -472 -598 -606 244 465 -638 423 1835 245 1223 821 -31 -958 513 1280 476 -417 1199 -222 -900 294 -704 -118 -97 -1116 -307 -304 281 681 1871 -677 431 314 -832 -285 407 428 646 -319 -412 752 514 2246 -642 -172 -299 -655 -289 1017 320 -418 146 97 692 -1026 -1986 152 323 798 -140 182 -893 -784 736 -609 -835 523 -120 463 168 -19 815 76 668 72 213 -1157 -919 -1240 538 39 517 457 134 540 -539 -406 -25 -1841 584 -688 -97 1306 287 -100 629 -146 204 492 -48 -255 671 -373 895 -1097 118 -141 211 1013 -80 1037 -151 337 -272 570 -1395 -370 200 -247 -568 92 -183 -1335 -75 -1187 -182 -349 192 800 322 -114 1083 -639 -4 1160 73 879 -1159 120 255 266 1197 -826 -1393 -408 -1439 63 507 -329 443 615 663 -600 -77 -50 79 339 669 761 -122 807 566 -122 875 617 840 -417 -782 567 -433 -317 68 -275 231 -813 776 -377 150 741 270 567 24 1091 -286 350 -166 806 -567 -556 138 -675 1213 -37 1166 493 1049 -1379 200 -15 19 1398 908 -368 638 -499 -387 823 -265 -456 237 606 332 118 713 980 134 268 -259 -848 -223 
-148 -136 1555 204 221 -105 -1003 -1415 -668 738 895 -729 736 97 -557 629 8 -1036 -576 172 -410 408 1760 -387 -138 901 746 159 351 -806 319 -778 -825 -207 -682 -455 -84 -678 -53 189 -470 1132 -307 1166 -17 -608 74 -231 -154 -55 -488 -93 -319 -1780 -425 -556 -701 -83 -616 953 -1012 -116 1741 455 -216 -597 435 878 -353 313 286 237 -164 -144 651 870 -1138 -80 1742 633 -531 -311 -667 476 -720 -658 355 -103 -143 -85 -484 -136 -1328 -264 89 1102 865 -1254 1267 -712 1253 764 1555 427 268 784 -745 -287 -719 -1443 1511 -816 516 498 422 163 -565 -261 -79 993 667 -70 -99 272 -458 -492 -1272 -1232 -247 543 995 -1365 -175 55 66 705 1151 253 -511 -428 -285 -239 270 424 755 656 -490 403 -897 -118 716 -134 -485 1395 -1185 81 564 -352 451 -284 -583 145 -529 137 -196 -878 -239 740 11 442 -263 -378 56 -605 316 19 268 563 -262 -573 -759 -694 171 -1627 90 795 623 -898 52 91 -149 283 -269 853 -167 403 -219 -1041 547 652 18 691 955 -577 1349 -515 84 80 1559 149 -666 -927 -362 -640 -483 -527 60 1000 -1239 -185 -570 304 -667 521 -884 -290 -504 359 -658 -1085 54 -24 450 1053 725 -606 -729 -281 -611 349 -1000 -116 845 257 -11 1023 -1431 276 300 115 -369 -473 -1196 -489 -1105 325 -814 -359 468 239 339 -911 -234 436 -326 -146 374 448 150 97 -1020 -170 -232 759 300 122 -177 -17 763 507 928 466 -270 412 445 183 496 182 -583 -344 -377 459 68 -907 -267 851 -695 868 557 -307 
-123 176 -961 419 -605 825 312 635 -194 -784 -888 327 -435 129 -687 -818 -1341 -411 -203 132 -1004 678 261 -534 -976 -15 263 -689 21 568 -38 509 791 -247 -515 719 -109 -131 72 410 735 -1249 378 -799 -330 -1011 462 -140 758 629 252 -991 -1145 -399 866 -430 287 525 -497 -519 568 455 -159 378 129 -960 1097 549 105 728 -815 173 561 -262 -125 529 511 -594 -698 -753 245 321 -234 53 369 985 1506 508 748 -1676 -513 -269 -207 900 -206 -1528 -269 416 -285 -952 -125 -128 -1344 266 -159 -513 -150 566 317 325 -6 -209 -75 711 -182 -1240 573 -29 -725 260 -558 -34 121 -350 -1256 110 607 -1190 -203 -63 -848 12 -80 -251 289 -725 250 539 -372 -511 964 1045 197 -1232 -1276 -314 -134 390 1527 -68 160 598 323 -799 845 137 472 656 34 -739 836 -1250 -804 710 811 -130 -114 336 -584 -232 -794 967 -1385 -1244 -716 478 -700 116 -757 632 507 256 895 -913 643 -793 -44 397 -583 -487 -938 -52 266 636 -78 606 1391 -423 131 84 86 -350 -706 -1 1296 -1544 750 711 727 153 -274 365 361 -111 -143 -954 -363 344 111 -893 -84 -108 -296 -1212 195 546 -220 891 237 276 705 191 -141 288 -610 771 -177 -589 -622 -885 -522 503 89 671 227 -381 393 -644 698 -702 691 -231 -1214 695 349 0 -441 1069 -12 718 -686 -1233 -941 -605 443 -883 -323 179 -23 -754 -1053 1167 680 429 95 72 -735 226 -233 43 -205 798 247 603 -198 653 -1014 -1200 1278 55 632 -405 496 822 -179 -422 448 -1621 -827 471 
889 33 1448 -681 1472 1237 -103 688 482 -1397 -211 266 515 804 713 -320 993 -793 -150 -97 1412 1027 -2106 905 834 -628 -752 -299 -124 297 -599 270 580 -223 -164 315 -647 -42 -627 -946 -132 -902 1077 -99 233 680 -268 -419 1018 721 -195 -147 461 -217 191 136 918 334 -677 -150 396 -944 -1145 -31 113 -685 -739 6 433 -249 964 462 188 -1372 42 137 -78 778 -3 1318 -958 -428 -350 1558 479 -21 398 -846 46 466 138 -672 1005 1939 565 -697 -477 -352 -122 -313 12 22 8 -780 -404 -524 72 884 -146 1101 72 -600 -512 688 -210 789 29 51 -29 -589 410 143 1231 -348 -497 110 -1152 4 -1351 31 596 209 30 838 321 22 766 -99 -182 698 557 40 101 758 -121 -14 -280 -1305 -120 958 -825 303 1458 -664 -259 -320 320 1274 -315 143 -825 1778 73 242 936 0 -1030 726 121 -57 -804 557 1447 -271 -294 -125 648 516 -646 -363 276 -143 -572 -508 -150 257 -701 463 -1201 -472 -30 739 117 836 134 622 170 -39 -635 1311 314 -120 172 -776 -2363 -182 128 -109 -1182 -653 1015 -574 302 978 774 404 233 199 -209 195 -604 352 -451 -377 -751 1438 557 253 -76 100 1341 -837 -578 -768 -483 -366 -781 468 -634 -1020 544 -179 -99 347 -306 224 369 -852 316 -721 -769 -165 -631 -147 -711 -1521 1030 669 407 -1067 -414 24 827 375 -998 -545 -1149 -792 -612 1318 -215 -389 903 -955 -557 -828 -668 -453 -907 493 4 662 -576 492 38 483 1153 -860 -721 -570 -712 -309 920 871 -476 180 413 -503 -321 -780 
374 -449 492 636 617 1031 -35 1137 -605 -647 -793 -731 606 552 200 192 196 -62 293 68 -498 309 73 -649 824 220 151 -412 -609 -378 -216 289 -313 319 864 765 352 -153 -468 -520 958 99 538 -859 -271 180 126 -537 -513 374 -970 -715 325 -663 -102 -1086 1172 286 -21 1133 -154 401 185 1027 197 949 -834 -236 -162 -310 95 -691 777 191 -465 -858 328 18 727 -74 -617 442 -620 -226 -159 -848 477 -524 1317 -270 -1079 -525 611 1326 -1112 51 -1233 -392 159 -1284 28 503 505 -971 323 459 187 -590 215 5 -318 581 79 620 -1382 1025 -415 181 431 -388 171 -759 920 -607 -514 85 -656 666 201 -87 -240 775 -540 393 -490 -22 -328 -864 318 40 -43 685 -1610 -485 -190 -213 161 -120 -967 402 756 -171 1289 -281 -874 882 -329 -14 -50 76 623 61 -575 -35 406 383 -1443 844 -89 -365 615 -836 822 -461 282 92 878 -118 -864 23 -765 -750 -506 505 -1312 -675 308 -507 -809 393 1077 -761 -492 1061 -654 -928 704 -934 -389 742 182 -476 829 -114 -504 -1542 163 -300 -714 -495 -269 358 -771 38 -708 -1065 -727 171 -1523 -640 328 -246 10 -107 1276 29 582 -166 -929 678 214 101 -10 157 -74 278 349 -1032 598 -69 171 -30 545 -248 -1501 -501 -1053 -701 681 486 200 195 -33 49 -327 284 -1425 964 502 -396 1057 -581 411 -767 -599 -565 42 -1180 337 1723 -321 -318 -3 954 827 -1353 -900 -7 -501 -769 473 273 154 769 -127 920 582 569 -843 -231 -28 -1621 673 305 442 -480 -331 206 -151 -1139 
862 -52 -179 564 738 404 -258 -139 -224 -31 -266 23 -672 407 -818 -365 -143 364 -28 -610 777 -187 -1232 68 -9 332 68 265 332 -475 325 705 985 335 51 322 -31 -52 1097 616 596 968 -261 -284 180 -725 121 1380 86 80 277 -257 201 266 113 -159 -1451 -13 752 -1839 -199 684 -696 -111 13 -893 -782 -76 -315 -16 642 306 -193 -312 100 -1276 -522 -572 -29 423 -248 -64 2124 -375 89 -426 88 -372 367 685 772 -493 -520 251 -617 736 -151 358 391 192 -30 105 56 -375 -1187 -750 52 -995 -1019 -509 159 563 -62 804 -545 470 -185 -292 -1006 501 -356 240 1317 -265 -904 195 562 34 258 -535 -581 -522 595 265 -872 142 831 106 -963 -423 -633 -445 423 35 -1310 -72 559 543 -577 -475 871 184 -509 -118 742 825 72 1189 -127 344 -1097 -381 236 -1021 785 225 -1006 -448 337 121 1229 714 -608 -445 -446 -21 293 -898 -1304 453 493 1263 -101 1206 -137 329 1361 1534 -345 865 15 -1496 227 149 425 437 954 -64 644 -220 510 235 -172 -669 84 -375 276 1190 146 -233 77 775 -459 1215 371 -515 525 527 -907 -897 141 -222 110 663 -2 -20 694 14 -43 580 -346 -121 151 -477 130 -124 403 -761 -505 162 827 360 -690 -996 -743 -641 -479 22 801 -998 140 -316 -269 -371 139 -1399 404 -38 69 865 -840 778 -949 -911 744 1146 23 167 740 -300 378 205 -419 -572 481 372 1230 -275 -687 798 63 -225 497 678 412 622 616 -480 414 206 351 441 277 463 630 99 999 846 215 246 
931 1091 -432 -856 -338 -592 9 -803 580 342 576 504 -53 -380 459 -298 632 671 1355 1582 578 -480 180 149 -287 656 -1929 491 -379 -391 -427 -10 -1088 -688 -406 336 687 100 504 -623 520 -1667 -89 -284 1314 563 -760 321 111 -933 -617 285 567 1211 -364 -396 111 511 -811 521 858 1330 653 1026 -26 -1119 -258 -568 -545 718 649 -561 -706 756 -22 -362 11 232 324 171 1514 519 -195 325 636 -619 841 -805 -650 -116 492 -688 -540 -381 -687 159 326 47 -245 -353 -38 1105 -1205 502 -440 558 -1790 787 834 -178 629 -949 -360 181 27 63 487 -89 496 -491 487 595 -25 815 599 97 451 -626 72 31 -323 -293 -46 -350 -537 378 -633 -185 645 -1180 -480 353 -222 1187 719 -161 470 -827 -1048 -257 -861 667 -586 2044 549 -208 133 -533 -1128 1307 125 -435 1217 1328 -211 -8 -556 -778 -3 -332 1379 -56 -357 431 579 114 -493 1889 -491 824 387 -378 -393 -1787 -165 -1001 320 158 -522 729 161 -1359 17 258 -439 545 -802 85 2068 -849 -825 443 789 -1036 949 -816 572 -1167 701 -352 936 260 363 -340 -191 130 348 448 -1212 -689 -1312 445 14 -64 -1698 92 161 -125 773 -449 -1015 -546 -60 1075 396 -724 -474 -492 -501 -1117 -105 250 16 65 65 331 587 -1066 -413 598 -13 750 -784 701 -1712 971 664 704 1000 497 -357 -247 57 900 -224 73 273 694 -422 791 -842 -36 -994 -184 -112 -903 81 161 -168 -1111 1470 135 -269 8 124 -465 1031 1235 533 -230 186 -800 -1783 928 -50 178 -255 -680 697 415 
-311 -316 -899 -2 383 306 563 272 -936 271 -185 -597 1121 -271 894 1 663 -419 584 -165 1259 -265 349 -790 -180 823 165 -766 -80 569 273 560 1114 -272 1070 505 -171 700 -111 -862 -795 -501 176 231 -1747 -417 -745 654 -371 442 -876 167 -87 -589 -237 -280 -683 -250 -531 -91 1025 576 278 -714 -413 -119 -565 246 630 -208 1046 -6 -174 -308 1253 -507 137 -215 -721 -155 722 -622 -1004 -1282 -647 477 1027 1177 -791 -319 -94 -161 -11 -541 199 712 708 488 550 -834 257 660 -202 363 -512 -188 -1483 -121 -118 1256 30 1038 353 -597 -289 508 111 454 691 503 -222 -411 -597 -659 -491 -360 342 439 297 -295 1317 759 768 183 -1433 -318 -1195 -90 501 -1108 -382 -531 -98 168 24 349 164 1217 -139 733 161 -146 -434 -103 1037 125 309 -644 -866 -233 1388 221 -392 141 -903 -163 1327 932 -463 -654 -753 -462 -588 -959 -190 -622 -659 708 437 -416 30 1096 -840 130 -632 -840 559 -541 -303 -538 340 204 -258 933 -1057 756 -213 20 915 605 -79 283 810 659 -687 -1510 -136 363 -572 -307 -376 -439 53 304 -742 1155 -89 52 538 -120 -113 673 -743 775 612 -383 966 -855 -644 -252 330 146 565 781 96 506 226 -158 580 1441 119 -167 -171 369 345 167 134 1016 -595 256 -36 -203 1456 -535 991 -765 -1178 -522 -600 -1009 327 713 -1026 -157 -68 -1035 -265 228 328 -70 -310 -86 270 913 -305 435 -656 26 1177 -242 612 837 -140 49 423 -199 -94 741 621 54 126 431 546 -1005 -183 153 -1379 -113 1260 -1230 
75 -354 376 941 -115 467 215 -144 -835 1035 664 -642 -558 892 22 -52 834 732 -492 737 12 910 359 410 -290 1001 -490 -1092 -780 -495 -70 -281 -486 -209 368 -144 -706 -1132 -1491 -1284 -289 110 389 -211 1313 -208 -17 764 618 -754 -230 36 738 -560 146 189 -303 -364 74 -146 -787 -51 202 -231 561 95 1077 -267 -84 -219 286 -906 954 -318 112 -1093 -560 -927 -863 60 -810 -46 -389 1086 336 169 -458 -382 -338 -499 -456 -430 -377 557 770 261 13 70 621 -190 -228 119 129 438 1017 -745 -529 -840 153 -14 262 873 -647 225 -143 -89 80 -432 63 -183 1025 -915 206 -549 527 -522 -770 426 190 -336 717 1070 29 54 100 -381 -292 -562 -411 -847 -145 -186 357 -47 -516 -194 59 -156 193 1121 -403 -838 384 -391 -703 356 -632 781 -81 -208 -127 -865 -573 -250 524 -102 -85 328 -372 218 -803 -110 263 1014 -499 474 221 -328 -1830 266 -282 86 -700 846 1129 152 -999 -738 137 186 -9 536 -979 -306 -351 -46 -882 111 -927 -399 462 724 -82 363 -190 329 -1227 663 1374 282 -395 -1218 -418 -893 520 -326 -62 461 -982 -273 -301 -1187 -644 188 717 374 -213 72 221 1220 470 224 1422 -1504 210 -595 145 1024 74 -532 79 285 1202 -193 -401 612 -941 224 -451 -141 481 -402 777 248 -841 -313 -315 916 183 -485 -34 -28 -214 -22 377 1197 499 -685 -54 -295 347 -413 660 -589 -232 -32 -1143 229 -1744 421 56 800 -860 300 -56 665 53 -1137 -252 1155 -890 -1295 -875 -75 -1473 986 40 -975 281 -681 
-14 -1098 40 565 623 -965 -25 -592 -213 813 -1007 448 -169 -778 -775 703 -746 31 398 -271 52 887 740 598 -343 53 53 -1009 457 -680 720 -103 288 870 406 332 -1200 -107 -833 323 990 1 229 -513 -147 117 777 510 -260 -75 -506 818 -959 264 340 60 -941 -52 383 -202 -234 -692 -1610 309 -945 -360 79 -649 -605 902 -107 50 970 573 -1106 -866 791 -548 -472 -393 -466 1090 821 -391 -1340 -1112 -31 213 1004 -595 -181 -154 925 -496 -806 512 328 490 -1132 -269 -478 153 308 417 -164 603 -230 869 677 88 -628 528 796 133 164 -48 -349 435 -423 -114 24 -787 -152 559 -633 391 -636 -1106 -481 -94 -277 -1236 -58 -628 -1 -154 -426 254 147 -470 -1257 784 -1131 -23 861 -403 1184 465 313 -1049 282 -481 407 1188 866 257 -540 -371 -277 -598 535 59 -57 -597 1328 -779 -629 -530 -842 853 171 344 -986 -374 394 176 308 -860 -239 -1141 -1390 -1145 785 -744 155 -212 1088 373 299 848 128 -624 -574 287 221 -261 222 -81 1176 -772 388 233 -933 -209 103 630 -889 -614 856 131 908 558 671 1102 587 15 374 -144 -58 -306 -184 -1 -902 -656 -1463 444 -355 1150 640 -408 -1316 -1438 -446 1480 182 -1 -890 391 -1190 1054 694 514 543 566 538 -1044 -51 333 -94 806 416 610 -1147 -378 287 -314 27 -73 1102 -123 508 -902 -1066 -86 198 -53 -331 927 -788 347 -96 878 181 260 -179 -821 -1579 -748 718 1375 192 -1045 -1527 -598 115 -155 1015 -187 -947 284 1099 -168 543 -224 439 178 756 -65 -395 907 
408 202 465 -939 755 -345 -276 -181 -100 182 257 -1433 280 612 -1081 52 -753 168 140 1213 -142 1097 12 -164 -687 383 -481 -461 812 132 462 687 -574 -148 72 1015 749 -663 -45 45 465 -1166 -107 743 -222 -529 -1525 549 -894 122 129 1030 -321 486 -974 1668 -116 -859 -173 -93 1071 -123 1311 -652 -110 419 -360 -706 -107 -180 -838 -45 -189 263 214 -336 -646 -120 -320 -1162 -740 194 -849 -35 -1739 35 1396 975 -597 886 -916 934 62 321 -494 -293 -13 -142 888 403 912 -968 -40 116 -160 -376 -35 -168 126 -194 -140 -1252 -543 35 1075 -331 584 437 86 -153 -320 632 78 -201 -654 -576 266 -514 -120 -147 164 -159 -477 529 616 -732 487 217 152 -468 524 692 693 584 826 -430 -71 811 370 -1064 -71 -380 -634 -269 205 636 -76 -862 -124 339 -894 -1183 -77 -273 119 -33 204 1287 11 -486 -81 -22 314 691 -194 -45 -910 -52 -679 1065 680 469 140 -384 -580 -394 1015 442 -400 -71 16 1627 708 -482 770 914 -13 -589 803 1311 -300 1245 -317 -802 -688 368 324 -770 -91 1273 -333 192 200 183 1700 -105 -273 117 -372 730 1261 579 -631 -1321 977 283 -546 768 1431 602 -48 -763 11 1412 340 -790 -467 677 -413 426 -688 -119 -1046 624 407 -242 -667 -113 -548 -118 -87 594 -1241 411 173 109 -153 -177 -452 224 -1435 593 -964 1170 201 928 414 484 708 107 -1758 -269 -226 603 -636 -409 -289 102 250 24 1581 925 160 132 -359 -1171 58 544 -244 1194 -406 -388 -687 427 1102 -666 641 -1565 -270 -322 
-380 38 411 40 70 263 26 -660 -159 78 1090 677 38 69 -433 -108 -597 -746 -668 446 -106 -1176 92 -505 -44 -1123 987 889 -266 -927 221 486 100 7 -671 1034 -359 259 2014 -260 -358 102 134 -439 -1247 -25 -582 -205 -968 121 490 -633 -219 354 1042 401 744 -551 -21 -616 -20 -235 728 -1322 348 110 354 213 714 -83 403 -261 140 -233 -418 -891 1427 -247 52 -140 -232 -1099 19 509 793 502 23 430 -356 1443 770 24 -244 -28 751 333 1429 -1408 324 -784 -842 -1574 24 -115 696 112 -106 -1259 -36 833 198 -924 356 -647 1313 -748 -534 -549 -1453 6 -175 177 925 329 -778 -590 1313 344 -94 -763 223 -429 71 -341 -528 -603 -334 -245 512 703 1307 -218 -420 125 767 -377 105 -1025 -427 -196 824 1159 362 287 791 -706 643 563 1067 -258 224 -206 1219 1158 -929 457 -429 648 259 761 362 -150 11 66 -458 -917 -645 623 237 -588 -1649 2 901 388 -834 -494 -935 9 -298 -332 13 210 1270 1441 322 -11 -249 -196 437 -919 -44 -483 -977 -464 -1365 -55 -697 -84 482 -227 4 798 553 90 -451 -64 24 708 -155 379 88 200 89 -256 11 -112 73 598 312 -303 -67 614 -994 -470 -957 1210 699 1187 1143 -442 -1057 528 -191 122 240 812 185 469 -117 -573 -571 204 741 275 33 -858 -390 -471 -1315 -438 735 -1404 -574 138 131 -39 -1632 922 104 -490 -968 -728 227 625 147 829 -51 -158 725 -421 135 72 342 658 -696 -463 1021 -271 254 303 715 30 441 -755 -280 212 -304 192 -505 -110 
-131 -746 1118 -184 1181 -1365 -162 -1303 -575 475 -633 786 727 -679 202 -455 -649 192 394 171 554 558 1179 224 98 727 223 1296 -504 -226 450 310 -437 157 -891 -192 -148 -388 491 -391 190 -558 409 352 139 647 -780 -1280 134 -1081 -286 359 -883 1418 -614 -217 -691 -585 1006 1030 -30 -428 818 -242 188 -929 -524 310 262 59 247 685 383 688 1134 -178 -176 -211 20 -224 -404 -297 -457 748 -32 1786 -361 -1013 -482 385 0 181 83 1461 234 -320 436 -588 1378 -251 1689 -1114 -240 1051 91 198 -569 628 -843 -1 951 58 -135 360 622 792 -657 -227 -244 201 770 243 667 1151 -57 477 -1167 -337 -764 501 1442 -530 216 674 785 196 800 -1318 150 260 -215 429 1168 -521 -688 641 437 267 -265 -220 555 -484 10 79 406 1 62 260 278 -362 -246 1257 -261 -992 755 738 309 291 1053 -205 248 -17 313 -891 -429 -537 441 578 -1002 -703 764 58 162 344 -492 -669 -663 -48 -256 -251 -498 -362 -33 35 -802 -75 -204 -325 1035 33 1024 -680 -10 -182 795 339 -1 927 1529 517 -286 -176 -201 186 -449 174 148 -201 -551 236 725 -711 363 -10 -567 -409 408 39 427 465 803 1683 480 -826 482 610 604 810 1066 625 1084 337 -232 271 -791 1163 -1174 45 99 800 445 -142 819 -218 -1118 -1295 -1209 -73 -1510 -562 -183 -276 -241 88 -19 713 -677 262 -582 522 706 -1980 976 -41 -1038 585 59 544 727 218 946 420 -323 708 1884 -100 -243 383 876 326 -187 517 -819 -563 -447 -806 -189 154 814 275 
-364 -456 -354 1000 -8 505 1061 405 1325 687 323 -577 281 -809 313 293 1889 -25 -625 -64 -271 -201 -1004 -413 -307 -482 -714 53 -402 249 662 -151 611 -119 100 -384 -466 314 -394 594 557 -10 1626 -1037 -659 857 446 -170 -191 -1162 517 225 177 -213 -414 1522 923 -1185 -962 889 -377 277 -664 -564 -98 24 -536 -494 87 -947 376 462 471 -1183 341 -636 306 -584 -428 -256 -680 -416 -219 -340 -779 -1198 -180 19 -805 371 194 165 1283 696 -219 45 -570 56 951 -503 -855 -399 -864 1256 519 -1113 494 -1291 733 86 354 141 421 -520 815 -820 64 289 162 427 410 -244 429 -29 -379 15 -524 923 309 440 594 54 733 844 -357 -1065 -312 1156 227 226 -109 444 108 -677 41 377 -954 -670 852 73 499 52 30 -124 464 942 -205 -500 665 66 133 -403 -1034 -304 652 1065 -517 -579 238 465 -683 -191 252 -454 1113 -472 715 150 -171 52 802 28 -1475 872 -670 419 -294 -217 -195 294 -85 -222 -380 -769 -74 -274 -531 -715 252 2147 220 834 150 923 -422 -168 -418 83 -1044 -345 -2 -939 424 661 537 -1036 611 -515 -446 313 112 -307 243 -324 -447 112 -798 -167 -400 -358 -175 -764 165 365 -425 53 65 1127 3 556 567 -233 672 99 -122 -236 370 -148 -353 -578 -301 -873 -1 -525 153 -633 -426 -280 437 35 275 -603 541 -944 -679 -1423 -824 -1154 356 55 838 166 -382 -829 -937 -337 557 -291 201 -901 158 499 22 363 318 1416 161 -289 -847 -300 -368 -748 -184 -190 -176 -244 10 -584 -132 505 
-27 1087 1221 1312 -789 47 -381 732 -429 -413 53 -167 -91 -237 336 -434 1293 1407 104 1727 376 532 -598 -368 201 -439 472 1181 -463 -379 -421 -17 -15 -75 65 -96 288 -775 784 737 -205 -1330 -153 679 174 912 -738 140 -1411 172 127 -144 624 476 -548 -384 -180 -140 188 -222 -478 57 734 649 -774 -1074 -722 289 400 530 -260 -478 -915 -481 253 247 492 -946 117 286 -956 354 612 -187 759 1026 362 -197 -298 1052 1005 -493 -92 -262 359 -629 -708 596 622 -84 -535 808 -316 -198 123 -288 583 437 215 -172 -475 -25 171 547 -513 17 -362 -243 -538 -268 577 591 902 -844 -971 1191 53 17 1001 -737 -231 524 -806 431 163 373 -605 -232 586 -369 59 1693 -30 -723 -245 96 -23 -464 -102 863 1036 -258 -322 -169 -50 -31 678 -617 -306 473 -317 97 -295 8 334 523 -520 -1438 -255 949 -275 -159 -254 592 -799 505 388 51 -1069 700 386 -609 -190 -46 -328 -691 -521 444 239 646 -622 -1025 694 -62 -309 1070 -803 -847 -446 -997 -1146 -676 -81 -677 -679 89 350 81 379 -506 -324 914 319 785 -479 64 -39 -876 -1014 402 555 -614 389 414 -335 -666 739 -342 -760 297 -168 -500 128 426 376 88 -717 775 -133 588 -1095 125 400 -194 -14 -553 868 83 338 486 500 -161 -395 -176 -381 87 -102 -153 490 693 -463 -1129 -214 -970 -1150 -415 -256 313 213 302 1308 -765 -504 364 46 -1232 151 -430 351 -581 707 -736 -518 573 -562 17 306 -140 154 267 -236 9 807 -215 -417 -333 -650 -1267 -734 -151 
866 745 -170 -32 656 -542 1008 364 224 -12 -36 -450 103 40 -720 820 -329 -424 -160 -1098 298 -138 928 -202 -968 109 -225 -1170 -619 -200 687 -197 -873 -684 -925 158 -273 30 -706 -638 1268 -35 966 229 400 200 399 1122 253 -606 -331 272 -1180 813 189 -129 -228 151 -289 -395 -179 15 -144 -170 255 -155 563 -612 -60 -380 889 -1867 -1803 -785 -492 -1306 -158 196 259 14 851 -129 989 49 658 -175 26 -534 216 -308 -139 -477 530 303 421 42 268 -1115 -959 -99 -118 -255 -507 21 -434 575 -70 847 980 -268 -1067 -722 599 2221 -322 1194 -126 1143 983 -411 100 -268 -367 133 164 415 -571 128 -387 521 -865 -16 -620 350 785 115 -831 662 857 180 414 445 -126 523 -939 236 375 1532 177 886 -518 -908 -408 -153 756 -695 -183 1093 -911 1224 715 8 -261 128 -107 720 -283 -31 -156 -119 306 -781 582 617 151 -117 241 996 389 299 -312 -600 621 -118 660 -173 -970 151 321 -309 264 -327 410 -379 809 -231 663 -127 -55 453 -1534 206 -1082 -1102 -32 -678 -47 -85 942 128 -212 -1103 -89 -304 521 -503 229 241 758 -1546 -696 -1177 -651 -1363 -130 -520 307 264 -260 1029 -495 238 30 186 -306 -1043 127 -506 1647 -530 -286 9 -467 -366 669 496 -206 196 1219 73 -252 -971 -144 -70 911 365 116 216 -49 -1320 1049 -260 -268 -260 207 658 -467 780 233 -1081 498 -310 443 183 384 769 183 -210 -66 742 -139 379 732 120 -89 1234 -172 -1193 -374 -82 545 -550 -1290 -217 464 57 -743 820 -136 -25 
1595 -401 -192 507 -247 -541 166 -2070 679 533 -258 129 536 40 232 223 154 96 -568 651 405 693 523 -893 937 441 592 -211 444 -289 894 -1650 -267 -697 585 -282 494 -408 629 -51 -544 -116 -906 681 -346 -381 366 -244 -820 -656 -1113 279 361 -537 245 -1002 -612 221 -80 -455 -1198 -1046 411 199 -261 229 199 -1010 -773 180 -173 35 -234 278 304 -418 -619 1045 -1036 962 347 216 -666 -379 -140 638 -833 -109 635 790 491 -596 343 -807 -379 -803 159 118 1116 -789 -671 -605 551 -641 -1148 -153 -1361 -1127 -123 -466 -279 -89 1708 440 597 -555 -473 -192 175 496 58 458 459 70 674 184 377 -797 823 894 -953 -575 20 -818 72 884 -152 -429 -124 -463 789 -398 -47 753 458 -1355 885 -620 -249 -227 -820 -178 98 1029 -662 478 -389 469 -127 347 194 812 -463 -566 -970 -141 -925 -30 228 429 -663 -423 -457 419 215 480 -244 36 -481 331 -157 -1369 144 -742 465 -370 -641 113 -500 -542 321 -484 -59 -63 -274 -1499 670 1601 35 267 -375 491 32 -742 1092 316 -3 -927 -236 -124 -5 856 234 -308 234 685 -5 -551 345 -156 -304 -926 -136 -895 302 281 1784 -508 1075 -76 -1040 -1189 136 69 -1177 -686 207 520 -70 924 -623 236 306 392 -440 999 481 492 248 -525 315 -427 187 -372 48 807 -255 630 -19 89 -68 -374 7 222 664 1214 -311 684 -794 -1077 -450 381 -243 -586 -531 -508 -5 885 294 2035 -449 267 569 993 701 -381 -197 804 1049 482 1487 632 -1353 909 -207 -397 802 239 -200 -396 
169 -299 453 700 1503 880 856 154 447 -105 80 28 327 4 -850 291 -417 -859 216 1101 680 796 -825 270 -643 354 -284 -699 703 -311 -651 -42 -506 -225 -432 40 738 -615 54 201 -755 -202 -634 135 160 210 404 -636 1084 -65 -294 50 86 -751 443 743 257 390 690 209 162 1686 -131 -295 290 1058 -77 -314 -457 78 1182 -407 -92 32 -411 1125 -202 -1187 -531 253 91 571 -33 492 -780 -766 644 -439 -409 397 -361 43 188 357 -1283 -488 -168 -248 438 -742 -157 266 75 -715 -449 238 40 576 -1389 176 222 446 1598 215 509 9 148 -385 98 -583 -379 144 -353 -257 -144 -685 1117 561 -110 92 733 549 268 -1176 -380 1014 -1306 -126 114 636 -412 823 1415 410 584 418 -753 -486 -102 -607 -437 -21 -474 395 886 68 833 -578 -565 48 1420 166 724 1217 233 319 1809 -285 -322 -556 525 -286 -219 8 186 -1073 -666 1197 -588 -483 306 329 -723 53 -446 -153 -350 -616 -1183 -429 -311 -1254 -781 920 96 90 896 -787 363 165 -393 179 25 -192 -220 -403 -359 -194 667 -471 1391 -169 -127 398 -94 -237 -220 576 -968 463 1360 -193 496 -471 -550 1075 -542 15 -286 352 494 662 -220 -124 692 -120 1324 -33 1129 492 252 597 65 1707 572 -920 -451 -440 80 500 -297 222 -404 -982 448 -1322 -548 251 -247 -1333 -166 -688 525 495 888 -829 -745 408 27 -99 716 -340 293 -171 -201 -432 602 -455 -264 -1047 -789 912 -488 1074 -496 362 -325 -254 -762 -343 -14 -733 -320 835 -32 926 -822 129 713 494 
-975 149 -90 1105 -361 99 -183 1027 -65 847 -657 201 -1277 1189 222 -1368 1140 135 -238 -25 637 -235 -1272 980 -624 -754 229 -705 266 357 753 418 414 -729 -235 23 -447 1037 -504 572 -75 -806 -599 -204 1119 -163 -53 380 -1097 -162 -137 -400 367 -377 299 873 -352 -984 -229 -777 855 -171 -746 489 297 -345 626 443 -85 -290 1202 631 -329 -589 -430 137 1550 -155 815 894 162 -306 128 -204 -185 -1010 -444 328 403 381 773 -431 473 -319 -1106 -64 -783 221 -281 272 -2097 -67 13 274 75 466 -785 -703 32 1108 -1171 213 -1241 -339 -75 -317 969 -256 -1291 -703 379 682 118 709 17 1015 851 216 879 108 583 94 287 782 15 -1003 6 479 -64 -74 1137 137 870 -103 -508 -531 816 535 1166 -245 78 3 354 -135 -423 47 -291 364 203 1267 880 -947 -1029 -353 994 -133 519 -50 424 -154 -413 570 285 1187 -395 321 -356 101 -852 2 -309 705 1388 750 -168 -707 -51 1317 265 -488 -427 -281 -657 -810 635 601 -382 -267 -301 758 -389 -123 446 647 991 83 135 336 -623 -809 -99 -305 -92 598 -381 609 -161 1323 -321 -1181 -19 -621 -323 92 -938 102 669 -156 111 3 118 -1118 -1096 547 -1103 31 95 -661 339 725 33 307 -521 -205 323 1089 -187 345 -185 -811 210 -522 961 -1694 738 -594 -280 1003 147 802 183 -813 -498 -795 739 236 -405 101 1309 -868 -90 1189 -382 530 495 203 403 -531 267 -1272 -456 1082 -329 -1334 -1012 37 490 -684 661 -123 -158 -587 700 1204 -322 -14 592 52 525 870 
-802 -694 159 -840 -418 164 -22 -1265 554 -296 348 -815 267 98 -27 313 -215 562 -916 1114 91 1557 995 3 -501 -35 45 -42 -410 745 -425 -364 1259 1 -73 -282 348 -196 130 388 20 945 -219 402 523 1570 32 -1174 708 -1407 -665 -668 -924 934 -1155 28 -151 -495 -386 711 -1040 -391 568 180 666 -499 -528 786 -1663 -1229 -513 189 67 1131 -767 276 -65 1127 -751 -322 -217 189 -1343 -199 -168 708 -229 -86 416 384 -928 863 -580 -783 104 837 852 27 -568 661 110 594 156 -703 529 -33 -103 176 277 330 341 861 674 -784 192 -342 868 -297 -589 1102 197 -720 -518 -1027 -585 -109 203 809 -127 -197 1348 -167 -242 675 83 -63 268 38 -109 575 1161 -1314 192 447 450 274 582 1916 -442 -439 691 957 -639 138 -190 170 144 687 -101 -1128 -804 -437 544 551 -418 -854 8 535 505 -677 855 -996 -730 1462 -1266 -1217 88 -159 890 -298 -298 790 218 -345 -93 253 -839 -766 181 1111 299 1128 519 224 -896 511 400 -615 -1327 880 623 428 -236 -386 663 447 -119 196 989 1126 196 -677 192 70 43 578 38 891 -1013 -356 307 -125 -165 -681 261 -30 598 -768 301 124 -310 -566 -381 -1483 -152 -439 -295 -280 378 441 46 285 -5 148 -337 -13 -535 -93 -419 1020 389 -134 -629 -950 2 -738 -530 727 146 -201 -277 381 252 182 -676 2045 -704 -1253 847 -806 -107 -1067 -688 -961 852 1497 -608 -304 1200 566 -391 1026 101 82 715 -252 -97 485 889 -161 726 -423 -373 293 -5 -695 -698 -773 129 758 
185 760 649 -707 -1502 -640 -1023 -34 -309 274 412 -109 218 -804 -494 -41 -777 -928 1125 -345 1844 513 -78 -784 73 600 288 -576 154 -907 -188 576 779 856 509 560 230 65 605 -371 -29 -862 962 813 -655 -309 -1192 215 -228 362 -566 420 -100 -381 -380 313 -856 -515 154 -1395 -59 1238 251 753 825 313 373 -543 -331 605 129 -593 -840 579 196 -182 -248 295 627 -677 -704 -36 176 -70 119 357 289 -343 -553 -215 147 684 5 -655 -846 310 20 -18 -250 227 -473 123 -326 -1311 -325 179 15 -60 -629 88 -48 -561 -1998 304 -176 410 489 -364 -285 -237 -115 -419 351 285 742 220 92 -894 1220 -309 -101 43 308 -815 580 877 327 852 -513 -1446 97 190 472 849 -280 -310 432 777 -140 632 250 -28 777 793 -459 312 697 -381 797 -2031 -256 -499 -230 85 67 -349 -211 302 648 -1296 -498 586 531 881 895 109 525 91 -509 -77 169 96 -752 -244 -493 -97 202 1043 -506 -233 -254 1219 -569 214 218 842 688 -837 -5 -141 -721 670 -827 365 680 1078 -347 -885 -281 -194 312 19 -156 889 -566 -840 -86 185 -534 74 -839 -288 -1276 -494 11 -567 1503 -519 124 1605 -12 -336 -170 595 154 -64 53 -776 -625 419 615 304 -136 -420 308 -432 142 428 -620 -111 -249 -1119 -467 -10 -820 617 -720 232 -976 496 20 282 312 -370 -1206 -146 152 -497 879 -272 -149 -934 -119 531 69 -418 252 195 208 -304 1 -69 -461 -286 822 705 -294 -414 -1047 360 -442 1264 -200 404 -803 53 807 -107 49 671 
961 -257 721 -689 -557 584 830 -764 124 -697 95 236 780 -1158 -449 -206 35 -116 -16 -1167 -794 -804 48 718 1371 84 -164 957 114 6 -562 34 -237 -264 -56 16 376 -26 315 968 -266 830 -306 164 13 371 -332 -116 543 123 -628 -292 1238 304 357 -776 -185 -495 426 184 -16 -1055 -297 -321 -27 -313 554 67 -1216 -242 405 -1191 -123 328 535 1433 509 -675 561 504 -880 542 314 1126 791 1131 -317 1214 1038 -167 290 -1203 -228 -99 1076 -86 -360 -158 189 -266 -92 1127 1042 -370 -802 601 -445 -13 95 404 837 402 -691 853 638 863 -1045 -807 -271 394 -263 -327 513 -18 188 602 -468 502 554 913 797 -1278 110 63 -347 -280 -548 -1640 -1058 1109 -304 -24 -132 -336 -908 -911 -286 769 -1127 -329 -591 -97 746 367 348 -903 -550 -361 -958 1103 95 804 -305 0 46 -60 573 364 -1216 367 -295 219 271 571 -323 -557 -1078 -1083 -319 -242 39 264 285 -178 1025 -603 254 557 65 987 -1085 -781 709 -328 -556 402 -492 94 323 -1257 -633 -802 -49 -1162 -944 -452 1018 336 -187 -569 -41 362 212 -62 -708 462 -1790 -412 -111 -600 -1275 -228 -132 125 -861 -863 461 -1002 -395 -331 1130 -211 283 542 -295 42 -188 375 -421 -308 -625 -201 -66 -453 403 174 -504 709 -186 1456 358 -780 -704 1281 -611 314 -946 -681 296 -1179 1120 -435 316 379 -266 708 796 920 5 -50 -918 770 -193 72 -190 -163 -287 -149 -250 46 -327 -849 -747 -115 -593 1128 662 577 398 -1077 -528 -561 265 612 -909 240 983 -157 -316 275 
670 -1000 1253 138 925 1744 467 -222 -221 233 180 468 -485 -571 -226 1210 90 -1079 -490 -329 599 595 -123 -8 528 614 1484 878 285 -841 1535 -427 982 -201 517 -62 18 -326 -287 -469 72 995 -391 740 -197 266 1114 88 -535 -640 329 -340 -432 292 1792 -191 42 781 -778 -438 -84 -1320 772 -554 654 -1019 -492 707 -241 -319 209 303 713 -1309 1015 530 920 -385 -118 307 -1003 -1422 364 336 1187 265 -1360 592 -1053 -648 -367 -42 297 20 577 349 612 145 831 -629 -615 633 463 2 994 356 -1122 -1202 -190 -734 -1029 266 333 665 915 343 -210 -98 -765 702 -90 225 523 59 -516 891 -1274 -721 -860 -132 261 -575 -138 -969 -347 221 655 -143 892 1025 1599 -1565 -490 -216 -507 290 -225 269 782 15 1246 -756 1116 -321 797 -1007 885 -468 1370 -724 -359 46 -1040 -122 -193 -1198 -937 2016 684 80 781 759 -503 -1302 -753 107 -1281 -67 -493 -961 -379 131 63 -1516 -90 123 -661 -218 -117 -1066 -786 180 -322 554 -477 -1269 521 -151 14 148 656 -722 -10 -1024 -230 -311 -32 401 698 271 -374 -1812 43 191 78 -792 921 782 -523 282 -172 -783 -832 -502 -513 -74 732 -146 60 -300 491 -873 190 -844 103 -502 -417 565 -601 487 -697 452 454 -197 734 -571 -142 -125 -1022 -423 -541 -191 -747 908 -641 -869 114 -408 -696 -61 1213 -905 -612 528 1208 1659 -274 -430 137 519 -55 13 -173 -108 124 320 -2179 145 390 1428 -485 663 554 91 -4 -4 861 1608 724 -1540 543 -525 554 -438 -784 -573 211 315 301 -642 
-221 983 797 -1282 920 212 -645 374 36 -900 259 -517 843 727 -411 598 -254 -918 -338 562 -706 186 -729 -762 -169 662 -89 502 -44 742 671 434 495 409 149 1069 227 -464 -772 89 -1281 -183 181 287 299 188 436 799 -888 431 154 785 659 366 297 178 -93 -900 71 331 -855 14 -575 812 1179 -226 -493 -1093 2353 809 -1 730 815 1373 -281 -82 -159 0 773 259 121 352 -63 241 -393 493 294 -420 -237 494 456 188 1477 163 541 302 -318 454 787 -425 -627 -106 179 342 -296 366 -128 -947 129 -715 1044 -775 60 1110 387 -230 1087 853 -634 28 162 132 770 -972 -861 108 -610 137 -625 -1011 -655 894 608 -461 244 169 698 544 1451 33 633 1148 863 140 1011 -607 438 -16 -777 735 558 -26 742 -644 1690 473 225 624 -344 32 -190 -397 -820 -1036 332 -628 -61 1967 -61 -137 -1075 54 416 -56 -247 -667 -3 -542 -494 -705 498 497 -1057 -976 128 -515 -996 -335 80 -1229 -53 1725 3 212 382 90 349 -679 -533 450 -756 83 -256 192 -1101 -87 87 -13 460 407 -155 -507 949 280 -545 -330 634 -1430 1055 -380 661 -211 167 -15 -124 315 369 652 -435 -182 -370 291 65 -65 257 -136 -768 1085 -20 475 23 -172 -709 -232 -449 -57 141 182 -680 -830 -897 -622 -1519 -132 610 -613 419 91 -471 -122 -873 1580 -161 891 -542 -675 629 -357 -655 955 -66 -357 -566 880 213 -300 -896 641 -296 -1486 74 42 -17 -233 -504 17 927 -138 -216 626 489 76 -470 577 -313 1188 -40 -480 50 60 
920 232 -209 -637 -8 -579 227 -471 1059 1045 -404 688 -1248 1236 -66 -89 -1581 321 6 -1174 -1673 462 -653 617 235 -28 1123 -953 1109 -567 1028 -364 -1024 -10 -5 -148 -73 845 588 -1489 57 975 618 357 519 -71 -120 -941 621 -753 -494 -912 643 -1323 -78 78 -458 -668 43 -12 289 -526 148 -1249 414 -580 -426 -125 -193 -500 -483 -376 -59 528 208 514 703 -472 322 1057 746 257 1132 -334 -79 -276 368 150 776 860 -182 141 -332 -516 159 -592 -861 -567 -967 -59 717 -637 31 404 407 47 409 -111 -376 928 -439 -282 502 161 -250 -1079 -696 -1031 243 -225 -1045 839 463 -885 151 587 265 487 366 121 -725 -681 25 -335 -106 881 -744 -1291 -1003 1282 -95 319 -839 -521 -198 534 -225 -144 550 586 336 -551 -141 372 -661 -421 116 -556 0 262 -238 -383 326 -57 -814 -999 -343 405 386 264 833 390 -1159 332 -888 531 220 -852 -1428 -1131 34 789 -344 719 -44 -720 -841 740 1578 -424 423 -658 -634 -84 -96 -138 670 -745 -736 1151 228 -863 784 739 -583 1096 -882 -15 45 168 231 318 -772 1542 825 202 635 -202 -1435 -330 702 -235 417 1052 1128 -367 789 -117 -506 1404 -201 -216 -351 -691 384 300 -345 -798 827 -83 -1155 688 -850 128 97 70 148 -393 -16 -934 -212 -399 1174 -266 1181 437 -819 54 -432 910 517 315 1335 641 -1002 272 772 191 629 -568 -1370 50 -88 -565 213 -535 -38 151 -969 254 -648 294 600 243 491 540 -3 1226 33 233 908 10 330 1519 -643 39 966 152 -33 -414 
266 -386 -35 1145 -197 266 -467 -55 430 -400 22 552 934 -736 223 1689 -573 -396 175 96 525 933 438 -558 -514 -74 -823 -526 -697 945 154 496 447 549 987 656 -1733 395 407 -657 343 -16 653 -17 -675 -725 251 944 211 811 -154 149 820 -539 -53 -740 173 -342 -1583 837 -1257 104 -416 781 469 -706 -482 -370 -200 1367 1299 -123 127 -698 -840 -444 85 639 -67 838 -405 -716 -384 -301 218 -188 468 -94 -309 -506 55 -27 1706 635 -970 579 -347 -367 -496 15 517 399 -33 -374 -834 337 734 629 1109 948 -1115 -163 1507 4 -259 811 -301 300 -415 620 480 243 274 -436 -141 3 -1545 -485 1241 -1164 -205 992 614 1162 -542 -120 438 1140 205 443 -777 1485 -414 -572 606 -253 156 145 53 -662 415 -353 165 -303 856 -590 219 1072 -231 969 -189 186 -286 253 883 186 604 -61 25 -358 -506 1356 285 -1472 -287 475 879 -2 88 369 -566 -108 278 100 465 195 -505 835 -21 -111 -326 968 1547 459 27 143 -294 -1041 -899 -710 -977 189 -70 264 -1326 -179 -242 -427 525 -370 -271 -658 286 343 321 -13 260 -473 984 -157 537 902 483 -1467 1478 -898 256 -485 836 456 -1574 259 -358 995 -842 529 -21 -529 97 924 -359 -304 -277 -989 -346 -640 78 431 166 556 323 1128 -142 422 523 -97 419 -335 311 -1416 1131 848 87 -462 841 -483 -52 -758 -224 -42 -106 446 -623 1152 -293 -22 -429 147 187 149 520 -371 -34 -27 439 236 -881 -82 -135 -214 -726 -644 971 245 537 214 449 -354 -737 -453 
46 279 -441 -488 -32 -467 137 -796 21 828 -177 394 336 -551 215 -674 -501 -656 -175 -1043 648 102 749 -393 -589 555 -457 153 398 -1262 724 -680 -286 330 48 203 791 482 -275 -903 172 1075 288 88 1302 -426 865 592 652 989 -194 -35 -195 26 352 170 -521 -495 -283 -270 -992 -714 575 81 -293 -123 169 -459 -159 588 774 -553 -1145 -1459 -418 -116 -425 -464 656 -863 -60 -1743 662 -233 359 22 568 -417 -566 824 -209 -397 -1376 392 342 229 -297 -417 121 -1153 1113 -276 -939 -599 -939 -38 84 919 344 502 1098 -467 415 21 -1053 689 448 214 -191 499 719 -795 120 -910 -1064 -208 -179 412 -214 149 -204 -56 231 668 -406 -79 746 446 -1354 -182 888 203 -319 542 367 -673 -225 395 -213 -168 -113 355 -897 -495 -420 -512 -570 -274 -386 372 -376 -72 978 -19 -355 465 -1157 -321 -226 183 -1256 1025 1351 492 -795 357 372 146 169 1011 -60 216 -498 -146 -297 -1456 330 509 380 -1 932 -1000 696 302 164 -261 -77 822 437 -153 22 484 203 -349 -202 -680 -1005 -269 418 1371 -660 -188 -265 1128 -377 804 1339 -184 277 -948 -686 36 80 213 -368 -797 -119 -130 155 -40 -312 -121 943 517 410 256 686 -211 13 159 684 -207 -1066 279 99 146 -698 1120 462 -67 634 784 -162 324 1300 220 709 459 -252 301 -55 -456 -916 -983 -394 219 -213 -961 -361 -1190 -725 -394 -833 482 -619 1179 -849 375 361 226 541 727 486 -575 218 -355 -1304 -338 0 223 172 113 -974 -309 1583 243 235 538 -675 -55 
441 151 1428 -126 -131 -183 -378 377 -1164 -137 962 -79 401 -126 1075 714 727 311 -929 392 35 108 666 -322 -249 -175 1004 -296 1261 -537 -599 -108 43 -226 -544 -375 550 -661 666 -793 -733 -1428 93 -1276 964 -111 -221 -401 -48 1611 -1195 -403 -561 -1616 194 -964 162 -201 -141 -924 -195 -672 329 100 196 1123 1130 511 -255 5 40 -657 -451 -3 1643 326 -369 717 -981 -676 396 -641 1123 -809 -265 470 762 347 -230 128 -1255 -87 -861 -476 -213 118 526 -753 616 660 730 -916 -693 -716 -952 -981 988 -824 -246 702 13 1328 -583 -93 -202 -592 35 922 -574 85 -129 -221 -270 334 -479 146 827 -312 -517 -462 182 -102 -348 -440 389 547 1376 -480 820 77 377 4 703 64 286 501 1087 -1455 90 -416 -602 -14 -954 -464 380 -443 107 -396 133 -722 -178 5 469 -169 917 -885 339 1405 132 -1799 616 -420 28 763 -1197 329 344 949 759 413 453 390 1067 -671 -777 -503 160 936 -638 425 164 302 1359 399 1139 169 956 338 682 -945 116 1592 1049 -157 -685 646 399 -840 242 843 -183 343 -984 173 -78 344 -79 650 1206 -938 293 -176 -819 397 -3 967 746 1234 880 -419 16 222 1254 -74 509 -662 53 -82 722 -625 -127 12 -100 1055 -1790 700 -723 -255 -432 -593 -585 843 -629 274 428 530 421 297 142 -2 -491 67 -1069 351 -673 -1080 -309 -1112 558 300 455 759 -949 101 -623 24 -377 -597 -59 -778 729 -729 -514 -786 -470 -890 1606 261 -417 -962 -233 261 309 186 -966 209 1019 -389 61 -660 
-697 -723 -132 -732 -405 -99 416 624 -433 204 412 -549 172 -2 -294 -1547 -664 -82 203 1016 634 -171 -1378 -281 -154 371 -146 -317 -129 944 103 297 -1216 -593 -17 -912 95 -747 872 1069 -637 251 -107 -1426 -424 -6 -1106 236 -1042 -310 1361 -491 405 -145 -926 271 -57 -144 -317 -4 845 231 39 789 990 108 -969 226 619 10 -668 922 219 -233 -356 285 461 494 -530 -43 -1316 1387 -97 824 541 244 -1287 -861 538 -243 285 -109 -264 -1267 -598 19 -436 -897 165 1221 -450 433 -321 370 399 -364 362 563 170 -1240 221 27 -941 -860 412 -63 30 -183 -471 142 662 615 -154 -505 -493 1098 -308 553 -268 614 499 -94 -319 -334 294 128 -410 613 718 -445 -608 -589 161 -486 -380 921 629 -964 324 82 -180 664 937 284 778 -462 3 150 106 -238 -428 772 -1180 -275 583 437 288 -406 698 -399 108 643 53 -22 526 -49 -2444 -599 -14 359 702 76 -460 849 575 2 -854 204 -390 397 248 423 -411 270 -555 -132 985 20 44 -712 560 828 780 410 -6 -445 22 671 -614 19 544 -512 -42 -103 1013 -438 201 -303 -676 626 -314 -1578 1279 470 -304 -820 810 -782 -537 135 -303 855 -1266 335 -525 249 -428 -551 280 366 462 -56 301 587 -430 202 227 -136 -423 667 1702 -51 -427 142 -292 -138 -1576 -61 -579 526 303 200 344 -689 210 473 -621 -443 783 -147 563 -225 -190 149 -12 854 72 -354 210 -834 -277 -166 -856 -698 150 58 1628 28 537 -382 -401 -22 -210 1398 -487 -288 454 1735 789 1426 
-373 -1690 -625 876 -603 588 209 253 -568 -83 318 135 138 818 -796 -1650 -158 674 -533 -182 217 595 1070 401 665 -178 1402 160 219 662 -416 -660 90 -374 297 706 647 -711 717 -244 -118 261 11 1069 426 482 717 139 -351 -439 495 -978 23 512 -144 297 -753 918 -363 -135 -41 -221 755 -87 466 -140 26 438 -1223 -15 -972 326 -794 -339 -276 830 56 -206 -74 482 -677 -460 478 -373 -1315 1582 879 -62 1338 -148 -221 472 -730 -1673 -79 -470 265 -386 -1331 336 173 -968 -816 -663 674 -77 606 240 443 621 598 -644 202 45 570 -853 828 -757 -829 -439 970 -376 -1734 -625 -1224 -342 231 959 326 -586 1114 1854 -1248 756 190 -82 1105 -146 128 339 670 396 -39 -172 651 181 -1510 817 -493 364 675 156 -1230 72 -847 567 645 1425 -813 -308 844 -116 -89 87 220 -413 664 -679 -344 746 -204 -194 -24 59 -1432 -341 -371 540 -516 -211 649 289 361 -414 607 -102 235 500 -546 -612 959 173 -464 -689 -217 -698 235 131 -1524 -517 669 -405 -490 -1476 669 -65 260 -496 -233 -319 562 774 -748 776 754 1096 410 -244 569 -230 666 -548 750 -1641 522 -212 128 -764 1149 958 -517 283 -1305 313 -519 970 352 -995 625 130 -156 -135 -178 -305 -1105 -246 -943 -1206 -401 195 -326 1843 -343 217 39 -248 74 267 -1172 307 279 585 -1474 592 -671 273 161 192 -593 355 -798 -925 382 867 747 1352 -682 -101 -313 80 51 381 -586 464 527 -691 -367 -43 800 393 561 -313 1495 -529 -869 -1173 589 -187 -758 -492 
693 341 1118 470 -800 -387 -170 365 -657 -787 -787 -651 -221 1110 148 -943 286 681 665 194 -1119 -955 -365 -287 -226 -629 301 661 -1184 -138 570 -1141 968 648 184 -601 179 -108 4 475 -510 -297 607 -1358 182 -783 663 -441 -1193 234 489 -675 316 824 -1028 122 -15 410 -847 -338 -579 -813 -38 -312 -290 235 553 -744 623 1133 -776 -101 172 -446 55 1684 -697 -582 262 -691 -404 -252 -176 -530 -660 -980 -239 -310 -6 -146 -9 -259 -128 -1209 418 -931 329 -951 354 -1147 376 -27 614 -1615 -446 1047 -81 360 -406 -326 -1170 227 -73 163 -273 -805 131 997 376 136 416 -198 -301 349 536 -493 -808 -279 584 -408 1002 484 935 1500 -284 488 -483 -269 302 -921 -303 353 -973 -208 659 813 179 1269 -1305 -600 84 -1131 -503 637 732 -1400 1426 -67 -1465 -963 -283 -196 104 -323 555 1082 -356 -347 -1 1280 -281 -1465 107 -265 187 -718 -22 35 197 1806 -1598 -488 -893 1087 620 -109 507 -967 -40 270 551 935 -894 972 495 -540 -476 -700 -827 127 -838 571 -295 -339 -438 50 354 -789 -702 801 71 474 -106 -301 1608 931 -118 224 170 251 884 10 56 -345 121 47 2 -590 -558 -530 27 -582 -394 -467 568 524 1170 84 -295 1180 -701 -824 515 -413 -1149 -429 -105 404 -1008 477 -235 511 -1494 -83 -231 -584 -197 48 -66 -325 -129 -17 527 -231 -825 342 308 -537 -134 1108 -67 173 -792 -649 -4 -390 1253 818 388 -446 -535 -339 -716 -784 120 -634 554 -175 1110 611 -1276 -1149 -62 -636 168 106 -94 448 92 328 
-298 247 -50 -339 420 -251 659 291 -679 -739 -907 -64 -108 -15 161 510 -1682 -100 580 -204 378 286 -249 866 350 558 -756 -51 -711 290 65 257 607 -13 -161 -155 -859 -490 -252 -110 -94 433 543 138 508 171 -214 -93 775 -438 -429 20 -131 -266 -129 -106 395 647 -133 -1383 597 -253 -100 -392 -794 187 856 -862 -398 324 518 -231 272 -64 -50 -1870 -164 -997 403 -1365 -222 -358 181 -372 -438 -318 77 390 -60 -896 -1066 -358 246 895 495 -639 -212 1154 -1210 27 -503 1300 -1406 -953 1271 253 -333 250 -310 170 -486 -1620 689 1277 -1032 -1166 336 -672 13 286 -266 -24 -430 -1754 403 563 95 217 284 887 325 -137 -104 -48 855 -586 -620 -297 -597 722 294 52 151 -2300 321 604 -619 897 1422 -322 406 430 -911 5 -706 927 1024 548 521 1066 78 80 782 -1544 -366 841 342 531 891 -682 766 -370 159 968 19 165 -97 -55 -380 -122 464 613 -1113 -639 69 -790 -581 318 -47 1340 -55 52 -1274 -51 -112 613 -978 81 -1188 712 -395 857 -529 -467 318 546 -845 404 1142 -250 907 40 34 920 139 -301 247 -134 -693 124 214 -605 259 -580 -188 478 -596 -745 -809 734 947 -702 -1045 -847 -499 -1133 -613 942 -924 -344 -530 187 190 374 -686 78 358 -1016 162 35 -427 -120 -384 -650 -81 345 -644 -457 649 379 635 -653 -923 202 615 -86 -600 -679 1053 -642 -181 1013 520 -1073 37 48 -143 -446 239 1427 -706 878 -560 405 -423 645 -752 221 -180 302 184 565 263 315 -844 -62 991 -200 -202 247 
181 332 -451 -642 -13 -456 -10 392 -488 -338 589 -1203 -720 119 -195 57 -649 -212 456 -44 147 -327 -395 95 -189 -271 -1330 853 239 -904 -297 115 -1482 -840 -466 918 -439 -782 24 -620 291 -565 -702 227 341 787 -25 862 600 451 12 -278 -590 -296 -327 -184 531 631 465 -909 1106 348 1338 824 126 1407 163 -468 662 112 1089 -1301 -215 390 -268 123 311 180 955 -298 -658 864 283 281 971 -511 -654 -874 1111 493 -716 214 1090 173 -98 759 90 301 607 -112 -366 1040 680 -638 1151 230 206 300 -6 -410 -417 -16 -419 88 -764 -1378 200 -376 321 -189 -1004 890 192 -422 392 488 1124 53 101 604 -84 658 -377 -802 487 277 -118 911 -616 -57 -1181 993 1131 -136 190 -216 522 -907 -61 297 -962 -154 632 297 1203 512 1016 589 324 -1167 -400 -795 -25 767 545 359 808 248 -637 -559 1249 -247 -5 577 24 -214 905 -431 308 807 515 55 -525 -755 -449 1526 213 1265 25 158 -616 541 -497 119 -372 -162 153 53 -676 4 -427 -448 10 822 -227 301 1133 935 637 -871 -776 691 -922 -975 -1043 -1701 85 1341 -714 401 308 230 -322 341 -347 -73 348 -161 40 179 1613 579 551 -643 535 -979 -208 -803 -117 -688 614 -11 612 -257 28 -852 -430 -864 -127 -730 -563 -820 -457 1136 -1154 175 1537 171 9 415 -9 204 -720 125 -1050 -471 355 -963 462 -345 -18 -84 619 -113 -67 -734 310 448 -511 115 -852 266 -106 697 116 850 346 -584 -652 96 165 -257 631 583 -1159 107 606 -948 181 989 
-160 1552 877 -89 1416 -700 152 692 619 -121 -341 -950 222 546 -1137 173 8 -1195 443 -902 417 673 -1276 -96 681 779 -1350 170 587 -701 480 -219 -1585 300 -35 -678 597 617 544 -376 -49 -5 374 -315 317 -306 -587 819 1221 1209 833 -601 -626 139 549 565 1063 -395 -42 -874 1216 515 131 460 416 1323 179 -710 406 285 293 -1008 -540 -909 -243 -646 350 302 -327 -1014 758 -533 -265 780 955 1046 -835 409 -63 344 -774 -644 1461 492 -987 -240 -55 -219 891 1137 555 651 -139 -61 294 -340 -298 578 -122 -742 340 -123 1349 569 142 1878 1399 957 1439 -1212 -360 61 -276 25 -682 -424 -217 74 -116 958 -15 -211 1339 -486 -540 -270 971 740 438 234 546 47 -450 614 -345 104 -382 -553 -266 -475 -279 -365 -684 -458 448 -534 671 43 -209 173 -575 817 -441 1068 -14 -534 72 59 -381 -653 -72 104 -93 -597 139 255 -598 621 -487 -53 519 378 388 -117 426 -236 -1149 -543 -1508 -3 -420 189 571 -353 -166 165 511 231 -888 -369 203 314 -234 -408 -1083 181 310 -798 -1031 360 972 -122 1261 744 -248 606 -318 -902 -293 789 -81 1519 -789 735 -1244 291 107 1266 526 -784 -548 65 -306 528 -71 1457 17 373 107 -44 -163 -579 -910 -294 -473 -338 176 512 -126 -822 -987 -442 -293 -285 553 -387 -480 -415 132 824 -204 -52 356 437 -371 -421 448 -796 259 -81 -102 -437 -394 626 547 900 40 -320 393 1256 -444 546 987 -1175 -1169 1179 -333 -39 -1053 158 -549 230 10 -58 830 -325 -265 -263 586 -555 
418 120 -114 552 -255 -279 375 -248 38 276 1091 -703 -549 338 -74 -1022 -1358 -380 123 -388 89 624 575 158 -298 508 -292 -274 -578 854 492 679 -181 602 -7 -885 468 292 -110 57 62 68 -530 -398 102 891 758 591 162 -242 -215 542 -439 191 -706 -548 -72 159 -468 260 247 -41 594 -813 773 -14 -421 213 -109 -68 937 -450 -50 -136 769 149 -1227 476 1259 787 75 -307 -1154 -631 -620 -16 -1057 -890 380 -199 -362 -133 7 -413 -18 471 -419 413 433 346 657 346 617 87 -374 851 -651 645 256 29 270 -526 -284 565 -456 967 240 -255 363 1103 635 744 495 -186 -157 445 -266 1258 344 1742 -396 790 837 -354 -181 -185 195 235 824 -307 -491 991 325 459 4 -742 -1268 1039 135 -38 389 -13 726 -358 -992 -1240 352 36 367 483 234 -430 -1426 -738 -1099 -145 -728 1431 -989 437 -771 714 -168 -34 -221 71 1171 275 -470 96 199 781 159 116 -457 -286 735 505 -535 -1071 452 -172 -731 -195 -575 667 693 -129 -568 1022 -8 -633 23 17 446 -192 69 239 1153 -1451 232 -1078 -82 -141 366 -121 959 -1363 -457 -733 -536 -1069 -810 -208 80 638 643 249 706 170 -538 -251 -88 48 27 179 345 -1270 19 250 634 -51 58 -932 -644 546 -650 504 -162 -251 76 -404 -830 -204 -1043 847 -1640 94 -917 -424 -84 506 265 389 9 866 -54 449 1002 124 434 -672 -272 204 539 396 -69 -144 29 907 -786 68 -458 537 14 337 -496 28 91 1063 -375 129 -191 -278 -602 88 527 -206 252 243 
321 985 701 28 -300 -283 78 358 479 -1027 604 -29 -645 838 -580 341 242 86 374 454 -73 228 -718 -642 -122 -253 -126 841 90 -1113 -351 27 -945 247 -1784 -256 -182 -17 -1256 -917 1027 75 368 -29 177 -268 135 -624 672 -402 -697 -182 219 -208 545 266 804 521 -367 -151 -455 -357 317 26 -686 -511 -782 614 -580 130 -477 356 934 866 -346 649 293 -692 -190 15 -139 -411 -1141 460 665 60 -723 -1255 228 381 498 255 526 631 -753 -479 516 -523 330 410 -809 592 -1149 155 -106 -33 45 -750 1242 -167 -322 -60 63 1359 -323 -264 -33 613 -18 760 65 1337 683 48 1050 -126 1097 1000 -775 719 -937 29 296 760 -395 336 -362 -72 -187 -597 436 1223 132 -874 348 652 -354 482 1611 349 362 927 843 -329 -314 364 530 -633 -442 -101 108 1129 432 296 166 253 -98 -416 -184 1332 -374 -15 879 679 895 -617 156 140 -1415 -110 -308 -1259 -314 391 -443 422 -227 -182 50 -533 -1537 -181 309 -680 -232 665 205 -1640 -862 -580 -1120 -336 -72 131 1044 2 663 1025 2184 400 -618 588 454 -497 -784 229 -930 783 -390 77 429 -688 480 708 -577 172 -97 320 -1192 371 1332 641 -116 -785 17 635 -213 -66 -246 -491 -243 -921 -477 -482 135 579 -113 -1042 368 -61 454 -1762 598 -222 -239 701 935 77 -609 -632 -179 -190 852 -647 643 393 -317 908 151 -604 -453 -203 51 -597 927 -662 586 1197 -34 -303 368 812 297 401 -1069 -280 274 742 -719 751 373 -717 471 60 -1538 87 -736 -445 21 513 
799 473 -95 165 -737 -847 -434 -149 -325 -262 80 -575 -459 -944 -504 -987 165 272 -435 436 -414 -28 -202 164 1054 701 -454 131 -2 -124 396 -1045 -880 1018 875 413 873 -16 70 -232 -920 171 449 214 248 545 -389 -1315 -369 479 559 -174 972 -485 -739 -162 -526 -36 -784 -190 297 297 -378 -127 469 528 1007 -785 460 296 457 248 397 -978 -673 -1182 55 -122 -463 -339 -293 393 -132 180 -1122 -490 -460 188 144 137 2 118 522 -188 159 -364 772 -1093 1451 -391 1052 -299 597 523 -249 129 -1048 -97 -1228 -356 234 -800 -879 52 -65 -853 -595 -683 436 -689 -157 -66 -62 -587 281 -982 -370 -426 -511 -564 146 13 -88 -232 -269 -202 -2 -655 169 966 -869 507 105 164 -568 -3 49 -692 -1851 -679 761 226 954 1166 168 -14 -955 130 280 -20 -1369 -87 298 1081 845 -285 -846 -568 -322 113 128 -913 150 -1133 -6 439 -480 249 -240 -223 -108 147 1346 1015 -301 -104 423 495 619 346 613 -12 1885 -260 213 373 -213 489 134 425 -14 973 44 -10 242 690 537 57 -159 410 818 -915 1145 -81 167 -307 -408 -893 620 217 -19 -616 277 -1064 548 528 763 136 -852 -637 -335 450 -66 816 -65 -940 258 407 -221 -1219 -271 504 -638 -673 -221 -2 -387 323 -644 684 497 -410 207 -5 576 565 -89 316 152 221 828 -190 -611 -988 -847 -538 861 61 954 -36 -355 108 -1035 1416 -211 171 1134 806 -509 -311 -141 -379 -362 189 772 482 1652 -773 -194 -94 -427 -846 49 49 78 657 518 32 -209 198 
328 529 909 238 -1153 240 -9 -571 -124 -977 -540 -181 -947 60 -1310 -379 913 -353 1448 673 382 76 891 292 79 -46 56 -757 940 -160 463 -520 67 -387 1526 81 542 292 140 295 -431 -602 187 833 -334 -759 -917 -722 -196 870 865 395 -1250 581 -197 -52 245 1057 -203 608 58 457 1020 77 408 -540 219 -1497 -968 124 -630 258 282 -207 872 138 -281 -216 403 -600 283 800 -1118 -1194 -475 -969 -552 -370 -258 -115 246 863 -197 1153 1417 -230 -483 -400 -115 -273 -912 53 -130 -232 110 280 -1122 870 634 398 842 -24 -992 -85 -52 -162 11 -1102 433 582 165 695 60 294 1118 169 -931 -313 758 52 -925 200 -210 153 844 334 -1262 0 5 -458 -465 500 -444 -37 363 263 -362 -453 611 110 425 133 -387 1021 667 -334 -88 -920 864 -319 92 -515 224 703 -1141 136 558 -865 -1780 -80 252 -53 999 -230 142 -32 -1250 52 -660 107 648 169 -255 -780 -426 -446 -24 292 -831 273 -90 -126 1322 269 114 -773 291 93 56 -524 -146 -291 -313 -531 1450 218 986 15 -45 687 127 970 154 -887 315 -474 181 611 656 -1301 -629 -188 665 -1187 -213 169 -516 -955 100 762 -406 -734 -566 873 -876 44 356 -721 -873 516 -6 40 -138 30 -490 547 62 -338 225 -798 649 -559 -161 -770 712 227 -235 920 614 -396 -126 -572 -434 432 -36 -133 763 490 275 -162 636 -485 199 543 425 -736 1409 439 705 -468 371 -655 1743 1099 598 111 913 -389 -128 -442 115 567 -984 475 -934 -89 1425 12 -677 838 
-61 182 1454 -483 494 -910 351 598 -946 373 -486 674 -558 1252 21 -497 -679 432 -71 -339 -989 -1364 -229 672 -815 -897 489 -659 -660 391 -577 -175 189 475 -673 761 -527 574 -733 -728 53 849 783 -436 572 708 929 233 689 573 26 664 565 280 180 453 258 -422 1523 105 840 -779 399 -381 26 -99 -475 -51 -429 427 479 138 -987 -763 357 -117 834 448 -174 300 -368 739 231 182 503 436 628 1266 -225 1139 538 288 -1399 108 1399 356 530 522 341 567 144 -1203 587 -270 -520 488 5 -337 72 -217 552 409 -568 352 -125 620 -376 312 63 -1170 390 -254 -11 584 678 1110 1177 -485 -54 -12 -562 -143 -1750 114 985 573 -36 -1089 -427 918 622 -47 417 -206 -1114 -1412 -674 1260 -161 700 -734 -381 -715 495 851 -61 149 222 228 104 -48 700 -318 -801 -135 -262 787 1088 -695 -632 -433 6 -500 1469 -585 -51 -862 -160 -510 -585 -170 108 -944 -659 -43 164 766 68 258 752 -588 163 -675 540 271 -211 914 -774 -910 704 748 -113 -732 12 -431 -309 -631 1128 1318 -500 -1097 -111 622 -205 -603 -293 363 719 -773 645 710 -600 155 -149 352 1223 -187 -201 -10 641 1844 -104 -763 -1469 -684 338 -904 636 220 -302 684 -56 571 374 391 331 -624 201 -1153 346 -1332 -536 1040 -1281 -719 -624 -502 -473 -482 2 466 40 2340 -544 141 451 28 -359 -1067 -724 607 -503 251 556 54 -535 -15 460 280 -269 1141 370 -40 -464 -355 504 277 164 463 293 -432 466 529 876 -419 346 -792 -499 -757 239 
-257 -627 107 -279 715 843 -254 914 534 -1172 326 -570 141 298 666 34 -202 419 423 1075 152 -22 568 -105 -48 -1455 -293 184 -527 1033 -77 48 220 -43 -199 621 462 -443 1192 123 -1024 -58 -276 -102 -768 -321 -227 500 160 430 625 497 653 441 414 -1 -250 845 -327 303 111 -34 187 973 -212 -398 -1077 802 634 -267 -757 826 -1157 -759 -214 -262 -652 254 -209 193 675 -363 -361 1130 -239 811 -281 -215 -741 -347 131 440 -437 -285 -348 211 -35 323 358 -327 -41 -308 128 531 92 -211 -429 -232 708 -855 1222 146 -577 34 -919 -194 -193 -512 584 261 646 -1105 -232 -106 303 -203 -158 -78 -1234 109 115 928 -231 210 -203 294 -258 625 -465 -1078 372 -609 434 -149 681 -746 -483 302 -248 351 279 779 185 -703 249 -337 -132 100 537 335 234 131 -155 116 46 690 360 223 -199 -292 -740 -770 462 34 -486 -397 -535 -1144 1133 67 -292 -724 373 -300 312 33 605 -125 -567 -159 469 -785 957 -742 -262 -179 1087 -58 1219 -96 -3 477 754 -295 90 -1226 1890 614 87 -194 -688 595 -934 -1137 -299 96 635 433 677 -733 -248 47 1198 364 -586 -199 939 -1135 637 -250 274 -894 967 717 -743 312 -905 -1111 -899 -720 -285 -698 -111 -6 -1217 335 291 -1286 -813 853 -347 444 449 -288 -516 385 685 519 319 474 -463 -70 -915 265 547 -178 285 102 305 1466 745 567 81 235 -906 -68 1260 -762 482 -784 681 -417 1296 1223 -581 -636 147 -925 646 -131 -293 -102 607 -304 -472 123 247 857 116 -220 
1175 660 -36 52 -129 1076 -688 65 -426 -146 702 -651 -178 299 628 -19 139 578 749 162 -949 -163 -24 125 810 437 6 -463 -370 820 -180 -445 898 -537 347 -493 -228 16 42 455 -304 796 297 -361 380 504 -169 56 1055 646 -539 1014 89 103 -1260 -822 284 766 70 -42 -628 -789 -224 857 1420 -349 323 238 147 1067 -1232 -506 -579 702 882 -55 -333 593 -489 311 1120 -10 -757 308 -1028 642 418 -601 -871 302 610 -92 321 -738 473 1433 -78 -1114 -363 225 -686 -79 462 -1031 -342 2118 -1018 352 -550 148 27 320 -302 123 410 -134 198 106 155 -90 -433 -461 -104 -222 678 -859 -175 -499 628 -144 -625 503 -386 215 -493 391 -362 5 609 -557 -1452 -302 -173 1761 -522 -109 1051 1364 -711 -799 328 480 -1446 308 -365 -1796 -754 387 -1101 -6 -164 -331 1167 156 879 -215 -400 680 -7 99 -3 -914 54 -479 -627 -967 886 331 442 578 783 391 -2 -678 459 606 -451 146 228 1434 620 200 -750 821 -250 68 -196 38 -48 480 1090 789 -865 -390 -219 -71 232 -549 584 275 -823 337 -143 -349 -609 165 1223 -893 601 -1210 191 139 461 1048 626 -1163 1313 -1299 1829 48 -666 -778 -359 591 947 981 -209 -909 -196 -1284 340 -1325 -693 -640 -281 191 930 430 452 -286 -311 1194 -708 -178 -1508 222 59 1870 -897 -1414 -127 129 -49 -97 528 482 509 57 -847 -458 -155 -55 -147 -549 1079 256 77 1203 -657 835 11 -215 398 -241 -585 -583 348 -728 1020 168 -332 -875 518 -753 408 970 -435 -486 195 1569 
438 -209 -575 -416 -716 664 -246 18 160 -791 332 -104 -1021 -775 746 -1044 138 -1028 -212 -637 818 -1014 -216 -225 -409 -333 287 187 754 -1321 -756 163 610 -144 791 282 -471 -549 -10 576 -44 -338 773 970 -1183 -409 -114 810 -396 310 2 -400 -85 511 329 198 -198 301 24 -706 470 -93 -939 -71 611 -259 -133 -414 1228 442 -557 -191 91 -151 -377 73 -1885 1189 208 -141 129 926 6 -379 -295 25 -94 163 -732 335 -413 710 314 -49 -397 -614 -275 721 113 -49 492 -961 -337 636 -501 -284 -312 -614 -120 271 189 328 -628 -515 106 1069 -897 607 720 45 -1692 -628 68 -669 383 -1390 1244 -749 -245 -337 -411 479 81 782 -931 -5 196 992 325 -227 1032 658 173 1093 524 -571 -553 -702 -397 -371 -650 50 338 -103 574 1057 776 -411 1431 -132 -1641 -28 -23 0 1030 -239 228 183 -1130 652 116 190 -318 -95 -594 -95 -440 -29 -874 695 355 450 324 597 -612 654 177 1018 -568 -555 262 -63 -716 68 1448 264 -606 -1244 -814 238 -403 236 15 -536 -831 -413 270 1081 -607 -26 36 -697 -529 223 1044 -496 336 179 332 -916 647 1497 -286 36 -701 299 -184 561 687 409 -46 -108 220 -291 -126 -898 -479 -144 379 633 -67 -213 385 -62 -312 -177 814 556 -1054 -802 261 529 506 421 -472 -66 -297 29 -331 -627 -940 898 -88 -654 398 688 -156 130 883 -981 -1065 -1187 758 89 -1653 -260 467 -235 -857 551 177 83 797 -905 535 121 -86 -459 675 39 -802 938 -556 691 427 343 406 106 291 -286 
495 232 655 -312 194 -309 4 255 -240 -324 -23 560 -134 944 -8 -1174 1253 -690 -372 244 -539 871 664 -514 -382 654 -389 586 3 -8 105 -954 -1032 -238 -316 101 -280 -1102 -454 52 1168 591 -1009 -1304 146 -159 865 -34 871 11 573 -529 -395 -1259 1021 64 487 -659 -615 1180 -426 -153 111 678 365 -727 -33 -15 -1497 497 70 588 -243 -375 -139 652 -633 426 910 234 -262 -225 372 313 -310 -459 428 1078 -142 978 -214 124 -195 -350 564 -890 -408 290 135 70 -192 373 818 -141 -1081 840 -1431 -491 -85 304 -224 -74 -537 -220 -421 76 654 628 -874 36 -298 88 182 -246 512 -232 738 -646 1290 437 3 -545 197 -31 679 -554 -358 506 -913 -4 -789 279 -489 -313 -277 749 -782 916 498 -1207 -809 -503 834 -1362 -440 -174 -1065 -1237 247 721 -191 -1090 -462 -130 411 -1254 588 620 591 665 551 -721 675 -324 311 -466 177 526 -687 -386 171 -309 271 -92 444 -170 -33 256 -282 -44 -134 -59 1262 465 238 -964 550 470 -582 -706 188 6 697 -574 446 -295 954 -383 365 751 402 -208 -37 -593 -1005 1268 -322 318 -949 201 553 -67 531 -495 404 730 -565 1278 -220 -209 -548 -52 225 -637 -622 909 -163 -779 -565 24 -181 654 -288 110 -460 1424 -873 277 845 432 808 12 651 -334 -209 417 731 569 228 857 524 608 -275 853 226 376 1726 762 398 326 330 1036 -1086 -289 -155 -41 317 726 112 1203 -329 335 1400 -16 766 137 193 -642 -409 352 7 120 -674 1825 396 -749 -304 639 616 507 
-1060 -486 71 -383 -34 -51 1678 821 433 -190 -946 20 839 343 -450 -618 -19 606 -502 -92 -251 67 911 1072 587 -473 549 -1195 180 -574 228 -950 593 712 1417 -1378 -308 196 -526 448 -1284 768 -312 23 -164 547 735 495 -150 -336 21 -11 -51 -416 335 223 260 -560 -188 -539 126 -242 -850 -1168 -525 296 -868 112 384 -78 296 796 273 399 -803 453 -418 -170 497 -1253 1140 917 483 -724 90 438 125 -445 -499 -476 145 -527 -893 -425 262 803 466 -603 88 429 1135 -32 -230 54 193 44 126 -612 380 -442 137 382 590 -377 1095 120 -388 -885 -483 646 -18 -286 -163 477 -81 -108 -680 -66 1310 -54 -577 524 443 225 -1152 54 -633 448 1161 -57 -336 580 -818 -413 -747 1113 -496 -314 265 -555 999 -607 158 -524 -300 -183 -224 -257 296 -845 208 -694 -1310 -817 534 278 230 -101 -1114 397 -554 1544 -150 -795 484 -941 191 -1496 492 -169 -1092 782 -299 -19 -61 973 1045 -361 -42 -69 725 -369 -843 -571 -442 1305 -50 361 -877 688 -70 485 -514 865 668 596 358 738 419 -450 1128 -161 -312 113 487 -1391 1486 -1058 635 -325 -114 -328 120 201 -185 120 39 -1073 807 -1525 -919 453 -934 -674 624 -614 -89 -962 252 418 265 600 594 241 251 -501 242 -214 76 412 -216 1010 -241 92 -191 -299 -668 -172 638 178 783 1447 -1183 -188 -158 -1181 246 -518 -665 -368 2405 659 1188 -1036 -319 816 -792 350 429 701 -657 -343 -351 -24 -307 1012 353 -473 -618 -272 -606 106 775 490 -419 -603 -387 -242 212 -1641 
132 491 1027 -238 380 -1224 -830 -1225 -766 120 919 430 805 700 332 -1140 901 -1233 528 295 795 606 1133 -830 -446 140 21 -173 -1381 -852 869 -862 -113 106 240 -208 492 182 62 -74 -249 -772 206 -306 -459 612 -771 -883 -270 2 543 -393 -981 321 1074 -574 769 1136 379 -1 75 -299 582 -743 1067 -176 -175 294 -200 -904 -352 -595 306 -32 569 -1017 -209 -244 -850 -277 1109 -229 -1008 -54 191 1017 -162 -309 157 106 -683 125 1251 375 1106 517 426 -380 281 -467 -267 -67 -321 435 294 -548 -261 -208 247 -157 335 153 329 564 397 -89 572 -160 96 -1217 -294 87 364 372 503 -1160 264 -668 429 -72 -302 1060 -103 718 797 -518 651 -57 817 -395 -504 232 124 -794 -661 121 -382 620 71 -86 232 1220 610 -1112 534 378 996 -1687 -180 -413 184 -230 1060 302 -896 -547 811 -48 -562 -279 806 -55 265 -839 940 194 201 854 -603 -785 -544 -277 103 237 102 -912 160 145 -1757 575 -270 1043 -152 -936 -595 542 -535 119 -204 592 793 -491 -292 380 1268 -159 1150 -14 1569 104 891 -559 -342 -647 629 -332 552 443 39 -559 789 -731 -772 -165 -380 872 99 -1032 -422 441 531 -151 1091 -454 762 640 -213 87 347 254 -173 -752 -333 270 -1171 783 -80 -473 376 32 113 -659 -749 -555 17 747 -333 -622 378 704 136 141 951 423 -304 -907 20 138 702 -98 456 -498 -661 87 -759 -425 -486 -282 -338 -88 789 769 1086 123 -622 -221 -685 173 -892 31 -459 -272 -43 93 -1443 -1161 -323 121 225 -589 
237 -390 -511 -917 -111 -1 488 717 -839 -541 -14 -582 1160 1757 846 557 646 55 441 590 -177 -799 -19 469 -976 276 -60 -498 -1384 -175 -276 155 344 -754 -220 -88 1482 -551 -319 -839 -1246 335 -64 -483 -904 452 -416 133 354 -336 -395 -842 789 543 79 1115 1143 279 86 -45 646 -176 330 22 -490 242 -777 481 726 274 -817 -97 -936 -151 -113 150 -983 475 55 -683 701 492 -1007 -934 -488 65 -127 -459 -317 -776 -430 237 81 -20 4 -859 -531 308 -368 -1087 -280 -629 775 -839 419 -645 -67 345 -794 -1145 -540 1282 -548 -672 -423 -424 -34 1522 -256 311 -409 936 -444 154 37 -1081 1320 16 15 -111 66 1095 11 780 -1170 1407 -163 732 -722 -318 647 40 -15 -164 -227 -478 227 105 1058 979 37 -396 205 293 320 589 739 164 -181 -126 922 -1020 -376 146 230 399 -14 -264 -553 -475 242 -678 -911 -510 287 554 -40 97 -769 517 -833 833 -486 244 -375 -387 796 -550 -301 325 569 264 -707 -522 -526 -396 -135 1056 -294 601 1099 1229 -156 399 810 -406 -277 -807 188 -79 -220 488 -470 -790 952 -773 775 377 -328 53 260 619 -381 -196 64 9 384 -1217 1294 467 1081 -696 1453 -344 158 95 58 -1515 -619 -304 406 -1485 -71 -501 -95 -334 27 -452 -881 -38 205 416 281 12 -710 -125 -1197 -801 -877 262 -903 487 594 -56 -275 -314 -233 -708 -209 267 136 404 -124 -588 158 615 -219 105 -16 -596 -799 -1165 415 362 536 -266 -398 -92 127 1037 113 133 590 546 -756 -860 -125 -110 117 105 
-204 -1048 -1147 1040 -1060 -450 -176 609 -375 398 -222 -1104 9 -442 -840 -808 661 583 -66 -725 -746 1329 -265 -1103 -1334 88 569 914 936 713 -64 769 -486 416 -733 -62 -990 138 -319 4 111 -1076 -56 -1150 -1409 -255 -325 36 -1017 -945 929 300 -935 340 255 -160 1146 -580 252 -143 776 -234 609 -461 -447 260 -401 1323 76 725 345 77 264 405 205 -339 60 -91 717 -165 -387 -141 -535 61 620 -1167 694 121 778 446 215 -181 -644 -140 -70 -1470 4 531 693 448 71 -406 -693 271 -151 -361 111 -677 -106 94 1299 -62 -535 914 635 794 -591 350 -931 165 370 -10 284 1382 -475 -49 479 -53 -806 612 -586 -111 414 569 203 -438 377 438 1084 -98 834 257 963 -604 -172 -407 -43 115 682 -191 1630 -459 -507 -662 830 -274 -437 -187 -435 -709 -879 -456 -146 -900 81 533 -940 1254 852 867 -525 890 249 -1060 329 -669 424 69 199 550 193 463 513 -583 -992 -926 -292 134 42 619 19 -420 -117 1181 356 1521 19 96 464 -570 738 512 65 1647 -67 -105 -721 602 661 -1182 -692 1182 490 85 -725 89 371 1023 170 507 -243 679 960 -818 -488 -225 -1536 -527 316 705 -380 75 -920 -146 815 1083 -307 -303 165 -65 -786 821 -590 -375 -121 -469 -856 185 -549 378 269 528 -937 471 -211 -1128 -730 -260 -374 1660 204 -708 228 -733 -647 137 80 -192 -104 223 98 119 -102 1084 -562 231 -683 310 413 129 -537 740 -627 115 -116 -255 247 -354 687 161 -334 -708 -15 -339 1861 -350 -689 319 -786 1897 
388 -842 -306 1011 -86 -1082 202 -366 -554 1358 511 -843 -558 840 -910 307 -1342 180 236 604 -1211 -42 1040 316 211 -1247 1008 -686 -175 30 578 78 464 -851 1494 1059 551 -339 -86 -38 -147 -320 437 -1211 329 -199 -1055 -426 283 449 413 -585 -62 1194 640 1185 -150 63 -71 -458 463 -744 567 252 -824 536 89 -277 621 107 -1084 -250 -618 -743 1159 569 72 -834 419 700 -261 651 597 393 -690 -55 20 -31 -617 -168 134 -838 -181 -696 729 -84 90 -844 -574 41 37 -273 -846 -132 -1091 -455 133 -455 223 -970 -598 -846 216 929 265 -438 -716 -249 344 -748 -295 1368 -1795 184 624 -694 -638 1027 -55 -5 -1176 582 457 -10 244 -589 327 563 -541 134 -98 403 949 -163 -75 519 -1259 -417 1018 129 670 -225 -372 490 279 -322 854 -195 -386 -35 906 -1466 -1088 245 -1108 16 409 1035 529 966 -533 59 37 -620 1513 238 -85 -362 38 693 -467 867 1169 497 -286 -648 306 992 -153 -412 1547 -718 -372 -60 319 151 1341 298 504 -272 -1247 96 544 -13 764 -677 -306 27 -34 676 245 430 345 -128 1069 189 154 249 1344 247 292 -412 571 -198 -426 124 -2297 -81 -223 428 -214 600 -417 454 889 -361 -176 247 -147 -11 308 -164 80 -1086 617 -1638 -1194 -424 369 -1342 192 -349 -866 -319 775 -430 670 -383 -1437 406 -390 377 -891 -526 -616 803 108 -273 751 136 -162 272 701 652 -1163 -606 586 -525 -283 -520 98 -780 -174 415 175 -425 304 -570 -279 581 418 547 62 360 722 -421 876 -160 -962 -587 
647 -557 1325 8 -961 -716 -933 -2584 978 -674 -395 -168 -468 -756 3 829 -11 274 -724 913 554 -743 -163 -272 197 607 -410 1453 -115 -280 -445 618 -467 216 -132 -125 -92 -842 -529 225 -223 269 -1511 -135 670 553 701 484 262 -401 149 94 450 -13 -702 -889 -583 -287 -6 1353 29 388 -289 -216 -347 -1258 498 -169 4 -938 -98 -769 285 -86 -776 1418 -394 378 606 1111 -1016 -751 -374 -198 -380 -1320 -42 456 976 310 -689 -357 411 -14 -486 436 548 884 -684 26 -498 989 204 325 208 420 -385 -142 -703 -516 464 -774 -40 81 -87 -379 772 340 -12 341 108 -544 1042 -1475 316 185 -118 249 799 -483 -140 344 -151 -252 -185 95 579 832 210 474 211 -23 152 -388 1315 147 -481 85 379 -1267 453 441 -775 575 -749 8 115 -1606 282 821 -876 957 -80 -516 -216 -696 -332 1001 1049 169 509 -427 340 -686 74 913 -562 213 418 -67 1133 356 -64 -323 -927 776 -216 315 -1139 707 -193 -339 643 811 -573 -213 -198 115 -1127 144 -87 -98 751 198 -815 -402 1492 -218 641 -135 -209 -896 -726 -50 298 -682 -593 -125 567 350 -554 -216 397 1062 -109 -363 -514 -886 -279 185 298 1088 532 -502 -221 148 800 -401 -191 38 -528 -464 -32 -662 -807 779 -177 -1154 636 -937 -1765 -489 50 1324 -1159 324 451 1038 747 738 640 -981 537 203 187 541 169 230 309 334 -1163 -472 -62 -146 -383 -9 -1488 206 -22 -625 -461 835 -1031 370 22 -385 708 -7 -920 46 149 -224 -27 600 318 -46 180 -113 78 92 
443 -893 89 -342 891 -541 -538 1226 219 322 -152 -567 -143 62 -1438 -467 -453 -8 1287 594 -145 865 -988 -1597 233 -80 725 339 -67 312 -225 -461 -523 -418 363 -80 1183 -1004 1106 -419 -123 48 733 -757 -678 -878 285 -272 803 509 497 627 -889 367 256 -628 330 -311 -269 190 548 -663 373 370 -893 -66 534 219 25 316 -496 351 1010 833 -85 49 147 -549 -1199 165 -270 -142 -156 -551 888 27 -229 -114 -453 575 -828 59 1302 44 167 -162 937 -210 1107 -487 -135 471 -1415 491 -658 -464 -472 1107 -602 -800 950 187 -578 676 642 599 352 -637 -190 -338 772 1311 -109 1345 85 -1110 809 -31 68 512 -483 -225 2 -453 -393 354 911 1715 11 -1074 -510 1736 598 428 180 30 -636 -387 613 485 -655 420 -213 -320 -344 -206 767 -770 174 285 -9 110 330 338 -512 -601 -373 632 562 -880 159 276 -349 -40 -171 -635 -612 -366 490 -274 -338 -248 -885 -933 462 -928 235 1314 7 -47 -809 -346 -1151 -1285 186 277 705 574 -106 -199 -1042 -429 693 881 -328 -532 736 -153 1340 -1316 -31 1697 -1437 -889 -1249 59 -356 -693 846 -100 -623 10 -152 531 282 -672 -653 621 -792 -1021 -552 193 -85 -599 -146 665 1269 -1364 -754 298 369 249 -330 -181 381 691 114 -688 -813 -257 853 338 -299 -25 111 1215 309 60 -864 818 -1802 -502 261 -1036 -117 187 470 756 -221 -259 1779 262 778 511 -141 -1125 367 -182 -391 -396 43 -501 545 1508 -812 -28 235 41 789 722 -130 6 656 -1221 347 110 73 192 468 323 
-509 511 188 -632 -528 1071 -1329 250 -1256 657 431 1270 -631 17 -111 1064 356 -455 -202 858 -785 318 1 907 -625 934 116 -1003 -798 1290 -661 138 112 185 1155 -736 329 231 309 413 -517 1876 -210 -1562 -482 -339 -363 575 -1378 85 -1385 19 -1110 384 -738 574 258 737 174 -454 -443 861 -471 586 448 -349 -307 -766 151 190 -247 -346 -558 471 44 -578 -1074 496 -44 537 597 546 135 -805 421 -772 202 -526 162 777 -700 -341 261 -22 -660 -820 -714 -71 -575 480 392 -260 1618 -434 -157 -125 993 422 471 -181 -435 -134 -45 -765 -880 1422 406 810 -52 -227 74 132 -103 341 516 116 828 -858 -278 -757 212 -315 -942 -102 -91 866 407 330 69 126 -543 566 -741 387 -299 798 -618 -537 -1474 918 404 -814 -424 17 -118 -23 571 -221 418 -141 85 -327 302 -32 413 -283 -285 -93 -505 -342 939 -756 -887 -706 -530 1638 1127 518 -868 -998 -233 308 188 305 -391 484 229 217 -152 -220 347 -11 -935 364 170 748 -70 730 154 -409 160 209 326 914 1103 -496 -317 -334 190 300 -58 -485 437 -217 -700 -348 893 981 -1210 329 -1328 -230 -396 159 300 120 500 -129 425 394 -1029 -264 133 506 602 104 -188 298 -374 108 422 195 -514 710 -230 -55 956 1031 924 -89 -241 917 133 -619 1028 1234 269 -741 -861 -162 -238 735 -357 -761 1438 209 -925 -503 399 -215 912 -778 -1057 1346 -602 -259 -107 -556 494 561 -535 -1709 612 808 -300 -106 135 -200 -706 920 101 349 -398 -76 38 77 -1475 268 85 49 
813 -149 114 1654 -693 -419 1215 -1 36 710 1098 -1265 276 -479 83 -394 0 592 795 214 323 -92 -188 -989 927 846 -1607 378 93 -725 -163 988 -1161 -686 -792 -218 256 370 123 1620 1074 86 -1008 -443 541 658 676 767 42 876 946 -479 490 -341 -441 202 73 812 558 -215 -766 589 -599 -840 388 -20 1365 -71 1021 -790 44 -873 -893 -121 -410 -688 -338 -979 -960 -995 -175 -510 506 739 621 -410 -809 3 346 -29 111 775 250 1141 -729 -302 410 -86 1756 598 -370 -189 -526 -391 -175 396 -288 314 -806 -460 -81 -210 1421 442 547 339 553 -312 761 -831 72 -873 57 -607 -153 -939 -677 556 116 1178 -831 -736 410 -720 1148 -494 219 592 -977 -559 -1561 -516 -1263 437 -871 246 -410 -814 -218 -509 829 670 -160 -711 85 -135 -827 216 -1145 518 645 521 -578 1137 508 1479 -1241 -1090 -254 451 -403 -331 390 187 372 -866 -300 -341 380 684 656 -474 785 709 703 241 -1502 -552 397 1039 432 1705 392 -239 -418 -240 -724 559 -240 54 -592 -192 -906 348 -815 472 -136 256 -571 -153 -545 -296 913 -345 -119 -447 73 -609 -185 918 1172 724 -933 367 709 -1150 -45 824 -264 -95 -541 1691 1188 -254 362 -447 60 12 441 72 293 -426 225 -380 249 92 -121 781 -850 -1162 213 427 -679 1145 -1228 336 144 -455 -306 -36 -1 -1087 1078 543 -408 875 -87 1010 469 175 787 177 -677 -692 886 631 1402 579 448 293 -244 -755 -891 -580 -1180 580 -516 -481 -753 52 758 -726 -185 -1141 394 1314 -405 91 -287 -4 
721 65 22 -101 -1154 -270 -423 -613 647 543 -1032 883 -434 311 -842 -275 -699 65 -218 -181 -258 623 -982 -981 -814 -365 -337 1150 -366 -500 60 217 -518 -652 948 157 -226 378 371 137 -393 976 63 464 -784 708 1169 -366 -84 -632 -151 1260 -1002 -263 -1383 89 439 -321 425 -780 290 -900 233 -244 -263 347 467 173 -44 148 -859 61 -94 626 409 156 -1043 -1111 -52 1249 -1239 -295 269 -521 -221 -1143 312 -103 98 491 217 243 677 -200 -668 -857 4 314 703 170 148 -116 31 -864 522 -166 -341 -629 -366 -154 486 530 891 300 -54 -765 374 910 475 -16 419 -623 -590 -884 -9 195 -329 858 1224 524 -164 -89 1046 -134 -93 1094 -12 1302 378 -926 520 101 -309 -177 1536 519 79 -237 -292 -681 -1105 716 -1349 445 22 935 1290 -503 -339 -40 154 347 -584 -368 54 661 -491 884 1046 -284 533 -220 -782 300 530 184 -177 57 55 51 474 -60 -571 225 -1003 191 -602 -86 515 -414 753 755 -1057 626 2 -1264 -467 455 -847 664 -448 -124 -555 615 198 -750 163 467 315 325 -784 171 -347 -52 -89 -998 -135 -784 -24 333 104 966 543 300 -463 -30 -503 110 528 579 -1220 493 -384 -774 5 557 88 2 65 -407 323 -997 312 -230 315 408 286 800 -445 269 -290 -436 -425 -108 -20 -230 -391 -436 -121 513 148 -863 378 104 -100 278 158 394 -102 589 -1151 652 -612 -305 522 -946 -765 9 607 -38 -103 153 -158 333 -1148 618 -888 274 496 919 597 910 -90 393 844 -580 -606 -910 -945 -363 
581 1478 799 198 348 308 151 -837 300 -662 -338 -812 -809 421 -1489 275 -438 422 -428 391 254 736 -230 261 1492 981 51 139 965 381 -806 -1069 -1 -7 -739 -902 694 -420 615 -183 117 -562 -440 -351 1036 -199 90 1204 528 -976 216 -958 -313 61 16 -175 -1324 -613 411 618 -61 545 1211 436 72 134 710 -940 -1187 333 161 401 -1186 -1639 -27 1169 699 -336 -162 1592 -392 852 66 -768 -306 -1532 485 -926 -1507 -263 44 1447 482 -394 374 -755 97 -1241 489 -924 199 381 471 13 665 97 -741 -804 1430 -2188 109 -262 98 126 911 -285 240 -1157 245 -693 -88 909 -495 -219 -193 -731 -1032 -319 495 40 -544 260 -982 208 1022 669 1450 88 -1424 134 418 900 584 518 1473 -476 414 -762 42 -144 -567 85 1476 439 -368 67 1163 -1101 188 74 -3 176 -55 1041 -761 -910 79 -30 589 -758 -197 104 57 -36 990 339 -169 248 -631 1812 -491 -963 -291 590 -387 849 -47 73 -859 -320 946 -356 602 -201 -122 -648 539 661 336 509 -190 558 652 -1114 -338 398 -1288 -912 -608 -1365 451 -507 178 -174 1782 -394 -616 667 -272 -872 -596 -752 -663 -118 -485 -583 -403 -234 -1156 -932 30 -285 239 398 -1052 -171 319 45 -99 946 177 555 -135 -426 -1162 -30 833 -302 58 -277 1233 -92 228 1338 532 187 468 1044 98 -270 281 93 -278 411 -250 995 -241 -332 -819 495 519 -673 -899 1136 -471 656 210 471 128 692 871 501 668 -783 -247 -269 -325 -550 -549 -803 -898 1534 634 212 -256 -475 761 242 -515 -38 
-60 -514 -170 -1333 99 613 -738 -979 -121 450 -1133 249 -428 -465 -697 528 570 -761 -171 430 -279 59 -190 1008 -778 -1577 487 99 1131 -682 348 -362 107 689 -1300 932 822 205 137 1410 1246 -655 413 270 -832 229 -406 509 -780 -162 398 191 -168 106 -725 1018 304 283 443 -513 -448 -650 126 259 -142 184 -706 -422 233 733 -836 289 1795 117 -550 -26 621 -613 928 1312 899 538 679 948 -486 -243 1192 -731 -321 -607 -284 53 -76 822 -400 -178 254 185 298 -559 244 311 190 122 214 -1214 -1 -173 508 -118 982 571 593 -801 154 123 -1250 -399 -343 383 -955 -600 222 -642 -566 -1496 -879 962 -631 -370 575 90 183 809 -136 103 653 15 430 -364 -1171 11 -279 -695 61 39 1142 217 -679 632 249 -67 -899 930 673 910 -474 483 -101 366 638 105 -731 59 1963 506 164 -191 -473 -133 950 -87 -449 98 678 -230 -394 276 574 204 273 634 12 -335 59 59 96 -631 705 203 -337 -505 -1028 -523 -436 -894 682 -191 428 784 -244 -74 300 1129 -36 -30 716 1283 170 430 -699 -323 641 501 195 -831 814 244 816 692 71 406 311 -894 -597 724 283 -196 1462 302 320 498 627 158 51 -678 765 -105 275 -356 649 804 -241 -24 -639 307 -397 155 -989 -704 665 889 934 99 501 -725 641 104 1644 350 1331 657 -559 -768 571 1163 -140 252 442 139 -15 -139 867 172 333 -481 502 79 140 924 -286 -114 214 -79 -991 182 -410 -160 796 167 -12 -586 409 709 560 798 7 626 721 43 
-61 1150 1259 -83 -638 -188 -1024 -514 9 167 -354 71 -1256 -203 126 997 532 -17 -628 65 284 534 -678 -515 12 -503 1052 582 -129 803 1523 -178 -43 794 117 -62 14 664 -377 -111 -758 -259 1134 -473 115 -215 -1728 -453 -684 -157 -386 495 -147 433 -573 170 -290 1133 31 -135 -849 -187 27 -781 582 -401 -1757 -557 -72 352 -118 -535 -260 51 -41 -180 -1223 -224 -319 707 728 1169 566 -357 188 0 157 -460 -525 -168 571 -197 -97 748 -386 -1537 -250 -233 -799 1379 1030 -382 407 799 -533 -107 979 -614 476 -809 32 1086 822 76 -420 276 162 217 -28 988 -89 -113 684 608 61 225 -443 735 -314 -523 -936 78 -985 -461 246 -205 -181 -419 531 -1114 -118 -1069 173 -57 -378 763 1590 825 -171 -382 1033 -490 -357 57 785 217 -114 -1194 131 -1310 -134 -1289 -199 -55 -1436 925 -1247 116 67 897 1887 557 -772 -586 345 478 173 580 -643 -735 -1500 931 82 98 -1728 -260 -196 -275 477 -789 11 247 -317 -173 88 1003 51 -14 1026 1310 137 -542 888 961 -404 -806 -350 -284 -23 -121 -63 429 -139 65 1472 -443 -348 675 200 -150 -851 -400 -1243 -487 529 -828 856 -7 121 218 -58 170 226 355 -82 -1058 853 -168 -871 -224 -220 -27 1005 -344 -634 -666 711 -328 -1038 -204 447 892 729 -134 371 -393 -46 63 986 1712 675 607 458 -223 462 248 -120 1007 1382 -677 -332 -572 113 -396 782 451 -1063 -300 -269 -23 -723 -10 639 -569 -447 -744 -128 126 -363 -48 -447 171 177 -943 496 693 156 175 210 459 
-62 -415 154 -180 -89 -222 43 -452 943 -936 117 456 533 -241 202 902 -113 -584 482 -901 -448 308 910 -500 -97 767 -394 -65 145 -10 588 256 641 830 -148 -662 400 -196 -804 -892 -779 545 -28 115 -197 -47 85 -604 380 817 -879 776 1261 778 -617 273 329 -441 90 50 -617 289 -400 318 -374 -315 444 -1343 37 474 -781 270 -289 383 -1006 328 1277 -151 -23 -228 357 834 -831 831 310 -212 604 177 -289 1233 -571 -268 433 464 -239 418 349 1043 -173 236 -824 233 336 -1156 335 -483 1175 -243 240 249 426 -358 -1017 1496 -191 225 559 300 825 1253 336 -292 -286 146 -775 -411 175 355 -1019 -102 -1445 243 -111 -159 810 27 -82 -487 828 -596 717 -382 -657 -11 -261 -208 -807 383 -278 976 -20 49 248 46 66 485 -8 953 1047 1265 -348 -140 1689 70 142 580 616 -327 -410 -1054 706 224 470 274 -536 -47 -590 -254 -1216 -786 -141 53 145 345 -565 -724 551 -825 -200 -503 -274 202 23 346 -918 504 -511 -573 479 753 445 -142 298 262 -583 471 451 103 -131 -323 650 492 -213 -12 282 -901 -666 -1027 1083 1036 257 525 -203 865 -423 -589 -528 -540 349 -13 646 47 -213 440 294 -393 -231 202 336 44 -244 -927 800 -474 -363 -208 -232 258 -185 -1501 599 -576 1230 -1054 48 -1007 626 -431 616 -584 350 461 -729 389 -615 1838 574 -22 -569 -490 4 371 96 -304 333 -206 60 535 -153 403 311 898 1018 450 -938 -340 183 1042 -107 689 428 541 275 491 553 1316 -187 -1147 1153 -265 
511 961 -294 -80 -1242 -811 591 -750 -208 -140 210 3 -1373 48 460 -412 -630 913 -134 -1552 -1328 -492 -21 -731 545 -1061 -353 756 200 -253 -40 -550 -600 -672 277 810 85 -950 922 336 189 -959 1281 -535 1320 -777 -1334 470 -1438 167 -68 -695 785 -882 82 -1201 60 -562 952 -260 -732 -266 -25 601 621 -55 -287 776 406 -264 -1107 84 -773 0 556 -705 294 318 -871 179 95 138 299 81 234 94 1271 -965 -897 -558 65 -732 437 -467 -144 789 385 -318 659 635 -1568 -66 -289 142 -709 837 127 -761 447 -272 -502 218 485 -998 103 -1121 -527 847 -378 -495 587 551 392 -212 -836 -613 412 89 86 -616 756 347 -1158 170 297 547 -1047 -663 90 -1064 -129 -184 -395 -362 980 -420 534 424 -404 474 -239 778 79 -123 188 262 1272 -1419 -891 -560 1650 -666 244 721 -845 906 -245 236 123 -118 1296 -1094 303 732 482 -208 -141 539 -1018 915 -1233 225 -1124 -844 -1319 -1295 330 -73 35 482 391 -494 -1177 320 565 80 1180 -446 309 704 -567 689 502 967 30 -795 -810 829 -555 -220 -526 722 -700 -121 132 42 938 861 -530 -661 -161 -648 -816 -134 1773 -812 1119 7 -324 225 678 127 423 630 47 567 503 -20 579 4 45 671 -665 466 -478 223 -245 -167 -296 -289 895 453 -1542 753 -709 63 -146 -667 -1062 -1200 -439 -344 -140 -583 135 -76 -505 1108 -117 1054 727 281 -110 -28 -10 969 -541 1270 -647 -396 345 -171 -604 -863 1076 -789 693 266 -726 978 -609 -150 480 -348 -314 -50 430 465 598 402 
111 -488 -99 649 596 -1248 -579 -578 -406 -185 256 -17 287 -966 -149 270 503 831 275 -388 -402 487 377 -80 514 49 407 80 -9 -123 507 -1731 159 -239 357 31 232 973 -885 823 661 693 653 -711 333 811 -1263 -546 -673 1145 -1158 303 -566 776 382 -134 439 -1444 352 544 -97 -1099 656 -1168 -161 -730 585 -74 387 -1274 -354 703 817 332 106 -755 -292 139 -246 -69 -384 -934 101 144 -376 702 -488 414 135 246 -187 -465 912 -856 -41 86 -1257 102 1046 869 -893 -1185 455 743 -740 328 -59 557 998 295 274 868 790 593 1004 976 -52 203 -240 356 58 561 -411 721 -894 331 -361 -893 173 1140 -437 -789 763 -28 -694 1016 173 -501 -219 189 156 1413 484 -945 532 1110 454 -194 -423 -560 288 -8 -342 352 1035 111 105 -797 -1072 -234 314 173 -544 264 507 230 224 181 228 805 -706 -784 -655 347 -751 -725 -23 -407 -101 -916 -304 -213 1458 131 1 -418 1306 1131 489 -150 -598 -215 -416 -1199 638 543 -270 34 -967 206 -505 -305 198 678 -293 801 1326 9 161 721 69 -822 205 625 134 897 135 -128 -655 391 -60 -110 -1291 -202 -826 535 -477 141 146 -1099 -587 -877 -826 -35 237 466 205 309 972 443 -583 540 -1120 -533 -515 1031 680 -265 -787 566 -897 -1008 -687 621 791 1 -825 -584 -423 166 -1321 -741 351 -274 -362 -250 -155 844 445 561 218 -245 -413 26 -65 452 944 -590 -755 112 -241 -2003 67 734 677 -63 -236 288 -188 264 -412 392 22 -412 -533 -711 346 -481 986 219 
211 -1227 -445 539 448 524 163 -216 404 898 1108 254 307 -771 -709 -143 636 -99 -525 827 226 10 -174 1297 -660 779 115 -515 -720 443 270 327 1302 -52 298 604 980 -1010 -70 1552 -1305 442 243 -1169 365 957 -224 -148 -479 -811 701 508 3 266 917 -497 -1399 37 723 807 -206 908 -962 199 363 267 -463 -441 -387 338 1207 226 -572 -597 -1552 19 -731 802 -401 330 3 131 271 -461 -560 -785 -1174 -190 837 -787 -192 -754 543 -462 -243 -245 173 -257 -459 -1164 -903 22 39 -95 -78 -581 -5 19 155 110 -727 -659 150 496 -163 489 509 605 375 -32 -404 -636 253 -669 260 426 1121 657 400 441 -93 823 233 -371 497 -439 -438 -335 -130 227 253 -533 582 277 -1201 -407 -1516 881 -548 295 416 -817 368 618 283 -693 533 441 289 11 -371 -1197 -93 -400 378 572 -24 126 -275 -500 225 -47 -624 -56 809 -28 732 -525 -436 13 461 -1287 256 -292 -10 -1454 -930 -289 8 772 517 -1552 188 708 -277 634 727 607 -10 -38 -791 1104 -1453 -175 -520 214 1256 -369 218 178 1190 -625 984 -90 1017 -1286 -636 243 -285 -534 -203 -513 -275 -567 -339 1385 462 405 1293 136 450 -616 -1321 122 -1192 -174 -345 542 -762 -385 151 -482 270 -167 -835 -168 530 626 -749 -1153 184 389 -515 -936 -137 233 -640 741 526 1208 -1154 337 112 50 251 -908 -461 147 -854 -899 -12 -156 944 -887 426 428 -256 -656 -152 265 45 -418 122 -624 199 -1269 203 -983 -394 15 293 -873 125 -182 -993 822 795 292 616 181 
1348 202 595 855 339 -423 111 292 -118 810 -982 -97 680 -78 259 503 -1176 166 424 350 751 1148 -1287 68 11 -817 410 413 91 276 -229 1144 -119 -1065 20 -120 185 705 739 -198 285 -35 -335 -252 -2 -252 -193 583 -698 -1939 425 -279 57 -1389 -893 456 372 -376 -237 148 81 907 -339 215 230 1444 49 220 1220 -1010 470 1385 -432 -770 -535 -1371 393 -420 935 400 1341 81 1316 122 5 -75 22 -617 191 250 595 -468 565 681 -462 -861 265 358 537 -252 399 490 581 252 -629 -562 101 -961 -188 893 884 -306 -36 -157 777 136 1153 -374 -293 27 474 290 109 262 441 754 -396 -301 770 -626 613 -442 518 -145 -1041 1359 1240 1568 -556 -570 -156 -575 -102 479 886 -272 -106 -360 -854 537 -688 312 11 3 904 -624 102 -357 -202 1149 1459 586 -206 284 609 182 -1282 86 -597 877 81 328 1414 449 96 455 940 538 -526 293 -202 -584 667 -954 151 175 -245 1647 -888 -86 263 353 49 -1510 -76 -829 -889 -63 2316 18 -529 948 -463 614 -492 -1502 -116 -398 -515 -646 -255 80 -470 486 453 -1129 -267 107 380 1710 -1148 -225 350 319 217 -234 476 420 879 -633 -462 -226 -713 322 734 -302 -231 -1921 -1462 1053 255 41 -354 765 -837 169 -561 -301 -56 -684 853 748 -298 634 1 1297 299 305 -1205 -1035 132 456 117 309 -1109 411 10 482 -2 585 321 628 -839 -405 -334 -320 603 110 14 512 -783 -1637 -688 121 -922 691 -735 364 497 0 -1363 227 548 -560 972 231 61 -107 -22 -910 
-582 -738 -993 -343 -453 -368 345 -653 -1120 496 -208 1025 -558 116 -29 19 -88 -881 469 -610 -365 560 371 25 -376 252 121 238 1436 176 834 330 -644 -561 1471 985 629 343 92 1039 -1434 1054 -1210 1164 -295 -119 -410 -616 -1737 430 207 -437 -627 -48 -413 -728 -276 -44 1066 -256 342 -303 998 512 1091 -35 223 290 500 218 429 -174 -348 -432 143 -201 -1153 586 1314 1192 587 911 -414 547 406 -558 411 -607 313 -179 -435 -380 -10 664 191 877 -171 1080 514 37 55 1023 527 -249 -692 542 -382 321 -174 -877 -147 314 -402 -649 160 366 -419 -438 1566 52 464 -181 -308 -242 -220 -216 -75 671 -91 967 -298 -127 38 495 -400 -258 -773 -450 -258 -9 179 287 281 -205 -246 -287 761 789 -608 -214 -368 -1026 -893 794 -1439 561 199 280 -754 95 793 -319 -74 930 -1069 -568 987 -1065 16 -776 35 504 575 36 313 876 -926 1502 501 140 -14 -523 841 -292 502 -803 46 -625 886 82 890 426 198 662 482 -239 -1090 9 611 -189 -128 511 104 798 231 -241 -413 228 -32 105 -869 -179 1154 -231 -868 -116 536 -625 41 1090 105 -238 -582 -100 -236 -421 -474 -1 511 -296 -162 894 -23 1650 -574 -751 224 348 763 -116 -48 -584 -239 280 -287 -909 -880 624 132 -235 296 -524 -175 384 91 127 -203 692 -81 777 37 -1088 -1002 -1321 -193 957 157 265 121 176 -17 814 -17 1087 974 196 -1039 -85 862 -71 -301 1660 -429 -894 -1550 -914 112 198 95 51 6 -141 434 -414 1253 -642 -302 -585 204 314 
521 1253 50 -1019 -862 -98 -292 -832 397 327 -415 250 1008 67 -752 414 1551 212 -184 -63 -1156 -1264 263 874 -1282 -30 -393 364 -716 476 -1329 -314 -490 -458 -213 -265 -514 -75 986 1571 -783 109 28 -4 -844 -1226 -264 -302 -324 -561 -733 -342 -1593 -289 -458 -91 1332 4 263 745 -602 392 277 258 159 -410 -37 340 159 266 72 -576 -276 1532 299 -28 360 403 -130 265 1018 594 -28 -599 -742 -841 -98 525 -26 266 -1028 159 -289 112 -68 63 -85 -285 -203 481 208 -1490 219 -828 708 255 -431 -306 -817 -95 166 362 -865 -838 -399 -815 520 200 -528 -528 -1096 -172 663 -70 910 134 250 -106 1085 -410 392 -774 6 -259 1667 504 -470 90 -48 473 198 -489 -441 -1696 386 215 302 272 286 -534 -624 -1367 -522 218 -456 -48 -637 -403 133 -603 315 14 85 -346 -51 991 576 533 364 -22 110 -473 146 619 811 308 607 -1237 -321 -380 53 -231 1063 293 522 69 -1027 -2 903 871 -1052 966 997 -345 893 193 -975 1248 277 -1910 -736 767 -1351 403 1122 873 169 -157 1004 446 -75 471 -125 127 -515 1506 -1261 -956 -482 514 -313 -487 671 719 274 186 319 981 222 -82 -942 -783 -25 -88 834 1107 -1302 12 506 -89 81 -300 -526 782 71 1309 237 -235 -564 12 -420 -518 281 537 293 899 328 288 964 166 73 765 -893 190 -247 -591 -226 -684 -837 1125 229 390 -712 -261 -154 -442 -456 556 428 72 -1 -548 249 1258 1065 -1408 279 373 -20 181 787 -286 -594 653 -170 -287 440 -80 -295 98 
1123 -623 532 245 600 567 -704 751 -656 -398 170 433 -1313 167 -257 -649 158 -125 305 773 330 -442 -456 617 -1045 -646 -705 -476 -277 138 -1001 110 -331 -343 -212 590 -285 -339 -244 -581 62 362 -366 55 29 35 -297 -732 -65 -907 -865 -53 -170 938 108 192 -50 70 -144 614 -386 -1024 253 17 478 -373 324 -41 441 -20 386 273 184 350 -409 -1055 -1103 -232 -445 181 886 -98 -227 -294 -719 -76 1055 -1842 -488 79 -149 -972 -754 360 -126 438 -362 -159 -352 -202 126 -1290 839 280 236 661 128 360 -1449 -204 486 -762 206 -93 -260 -600 -587 -522 183 617 720 625 -194 632 384 -121 -974 365 129 -38 -236 -411 -216 -656 298 -220 1416 605 167 879 1205 -497 747 -578 -262 116 -335 -872 376 -753 -1621 -540 344 894 -1149 -180 29 1297 -584 1007 -779 887 379 186 586 450 -645 -483 -1027 1278 387 650 2140 -326 151 -368 1315 750 -406 -780 91 -854 1011 904 -1671 782 -57 1369 367 104 -930 -617 286 -433 753 12 -456 -33 265 -23 -658 609 854 -502 1256 78 -69 -58 1534 -79 1176 696 -1691 -275 1085 -797 353 326 -30 730 -99 791 687 988 513 -29 -707 763 1 -70 256 187 -116 -574 378 -1553 -1400 426 54 -713 -1379 180 832 226 -829 952 -467 -182 469 -437 704 729 815 -446 -381 -259 1202 715 46 -453 -608 -397 -410 891 628 16 933 -288 263 24 28 157 -112 -1362 -533 -695 382 -747 47 447 -757 -265 138 1949 -96 -472 974 510 -148 176 -343 -102 -35 49 -860 831 94 411 -1308 -41 
-974 -114 -1345 859 94 612 1155 857 -6 -715 -264 145 -241 -518 -359 -351 -227 276 -276 -374 -950 -155 -438 1053 -641 -567 -350 669 64 -414 8 -245 52 200 -526 427 -12 -281 -49 269 650 8 388 -196 -1035 340 142 -400 -721 497 380 -405 88 -938 905 483 -462 391 -910 -196 -386 -162 -2092 8 -199 -491 65 -422 574 -297 -23 1051 -402 -288 377 317 -1085 -317 89 830 229 -360 152 1115 67 116 614 -551 -477 772 -1186 1177 52 1034 -49 -1089 -721 567 818 236 -1166 -1402 -242 -609 788 -1261 677 -955 -1012 335 -344 424 18 -418 40 -1261 -15 382 363 93 39 580 584 -793 474 -292 -366 -431 104 -643 -611 -588 -78 445 524 139 387 442 -656 237 629 -233 286 -933 480 446 353 -1602 -905 -223 104 325 102 -58 931 376 170 278 -347 651 462 395 -327 510 77 1147 -195 433 -709 558 1325 -315 -153 379 -414 -464 -837 -1068 -775 76 192 1263 423 15 297 55 -464 24 683 -1255 665 812 -528 268 -711 118 413 -548 196 -380 -186 473 249 886 -280 -329 -776 649 -488 1273 414 -75 -7 -373 59 482 -754 565 -360 -359 113 589 -843 -598 1086 -213 302 1020 -539 309 -243 922 -530 -955 -337 -896 -344 784 340 -230 -670 -351 -243 466 -504 417 -149 -354 -232 -841 514 -294 -240 -258 -213 -1025 211 -398 43 -754 650 517 -1138 694 -183 700 322 -373 316 50 -217 905 643 -839 568 452 -3 -772 -513 -219 166 391 520 545 54 -921 -10 -838 1428 631 -857 -418 -781 925 -25 221 481 -1457 -480 381 
-67 74 -585 -252 -922 573 -989 119 100 970 -926 -268 -191 975 -214 -171 -740 -128 -441 -549 -293 427 -449 -215 398 -591 307 -56 -145 -148 311 -374 832 566 -786 735 -479 243 554 -197 493 1400 222 323 -448 -751 717 -696 -321 -759 47 238 452 462 -565 -654 -238 903 -771 881 -804 582 -756 -661 421 -814 -680 -1402 -533 516 1398 -374 -147 1157 130 -675 -79 -796 615 730 -306 -146 -1123 845 -500 645 -16 -35 -844 -353 647 -418 -239 60 -818 -681 -53 664 348 -522 174 -271 -385 -173 -281 66 -303 -1352 185 978 493 623 -148 -506 113 682 -980 -1324 -219 4 -439 80 605 677 1195 -3 26 -560 -1132 271 210 -908 -960 953 -477 -884 -1368 -1145 -1375 656 -638 -1172 32 -1259 -745 156 -78 -428 708 -583 471 858 74 925 -715 98 -645 1172 280 696 188 39 325 305 -21 -245 -1021 299 219 717 -289 -73 208 -292 572 -510 -253 956 696 -2287 -1080 -378 -766 72 -1484 -396 101 -1233 907 429 35 -640 -268 -231 -660 742 301 502 -540 -230 18 816 1163 969 101 -1145 -1166 806 -1463 -439 -405 286 280 282 134 74 -1600 423 -95 -112 -532 361 1145 -1095 -92 -106 -19 344 -588 177 -814 355 -923 601 -416 -668 176 252 -226 395 -758 -172 -588 1336 472 144 -318 211 -560 81 97 1009 463 -782 948 25 -118 -1174 592 -598 370 111 437 -1304 -461 2305 296 497 -125 -1073 -1008 337 -234 -394 -291 -1163 1400 948 -430 -520 863 -76 360 870 1118 1082 -312 -109 1096 -99 83 -1620 451 865 5 586 481 -182 247 1029 
911 -615 526 1028 -157 35 245 -546 -568 -118 788 -457 309 -282 -1164 -912 835 994 -567 91 -684 -403 445 -22 306 29 -112 983 798 1130 -855 332 -113 -370 -1361 -689 -288 345 -73 587 655 557 145 -707 679 997 -1216 -159 163 -21 822 526 -246 -81 -468 1115 -906 303 123 158 -58 -677 1158 -504 176 1042 -288 -313 1276 -599 -703 539 -1125 505 64 -1076 -431 94 -623 -354 627 750 -129 1102 -973 -171 26 -1086 -47 252 161 628 485 162 764 -1116 464 -173 252 494 589 -792 -702 348 -190 1781 175 -1147 234 -1851 -76 295 83 112 408 375 -43 -352 613 -343 1006 967 114 713 421 522 -60 430 -644 -470 -823 375 -286 605 912 -30 -380 -1149 -633 -710 213 -104 -643 -136 317 -436 392 -712 -151 306 478 399 208 -472 -238 1033 98 697 -414 -587 244 -393 241 93 -912 471 -557 -259 -146 1152 410 -653 -296 238 1206 239 750 590 -685 -355 903 -295 -36 144 -97 286 536 456 -758 -527 556 -1219 -342 -597 1026 358 -94 522 161 -611 -436 524 186 -138 1053 1035 398 328 -93 701 -175 1509 -161 276 -776 348 591 -182 675 -719 -721 -726 -303 -135 -883 282 -9 -70 1289 -234 -332 -906 742 784 -390 889 464 -215 1010 28 441 -235 -871 -1054 55 -245 806 -143 470 288 284 -510 343 -16 -48 -477 1068 -655 584 313 -1321 196 -101 -307 -198 421 -315 -527 -1142 749 132 -512 -32 -437 502 1250 665 1034 77 1043 -285 431 -539 216 382 111 1020 -980 -1046 -306 -268 662 -232 -202 404 345 -477 270 -416 12 
-319 366 465 -712 -533 464 -1099 -992 1620 -776 -454 856 532 253 -424 1567 -425 355 1248 76 303 947 -18 430 260 1005 -1018 106 281 457 289 789 -185 647 -167 764 790 264 -151 -117 -759 -174 -205 86 -653 -232 441 112 -343 470 -225 -1273 1439 -232 174 -665 -1050 161 -786 589 -413 1653 648 308 407 -1062 -235 -844 -897 -509 164 -385 -167 76 -412 388 315 -306 97 498 1142 540 -153 704 -435 -828 -231 -609 665 -941 -618 -198 -692 257 -772 582 424 -691 -110 161 1026 374 -867 -1305 -854 460 57 -102 -2 -603 29 -724 132 1101 -375 258 -246 261 673 204 -788 -246 18 398 -111 -732 387 953 -418 62 -427 -516 -54 361 -178 556 409 -756 553 -203 -814 457 462 248 775 202 -55 -264 -409 -977 152 -52 -329 -618 -7 379 284 269 -525 1164 1190 77 -78 128 -140 359 -171 -1048 500 -904 1493 -77 -268 -590 1088 782 -498 1159 -1590 -146 212 -605 -766 1085 774 312 535 -176 -601 550 312 102 1176 811 -211 -698 -226 -51 695 429 -414 -716 229 -1361 -322 -1104 979 -759 -123 74 865 827 1433 -417 260 -1421 -535 -1171 -1461 227 851 -812 383 211 1272 -905 225 -141 -436 -505 278 -495 -439 879 -142 -797 364 335 -85 -539 800 -498 -481 603 -648 -708 -194 -244 -481 207 691 572 -5 -89 593 -250 449 736 274 -59 -440 -534 1640 972 157 348 45 462 -16 743 -370 723 -892 310 -276 -52 820 -105 427 406 -521 -195 -15 133 -574 758 -1053 -508 -571 -780 -663 -507 -972 659 822 -347 -651 219 234 -21 
