Matrix size: 200x200
Number of threads: 12
Execution time: 0.150851 seconds
Resulting matrix:
-651 291 -1157 -81 256 -559 -289 -564 304 680 -285 -329 -469 368 95 274 130 112 -517 380 -289 -324 -493 121 418 409 -15 -310 -29 -828 -122 59 111 -925 -369 424 -128 490 -158 -96 -419 439 139 73 -692 804 -45 -45 74 -312 -91 846 455 -1585 -644 -520 -566 582 922 177 -254 -385 124 151 307 190 78 18 301 -625 -106 -558 367 207 -676 -85 -532 -453 498 176 25 283 -1089 -612 -666 -775 -321 -926 209 584 178 -208 -155 -127 674 -59 1087 -65 -188 -284 4 -91 -712 -763 -12 278 -476 -79 -17 -49 -275 2 371 19 172 -564 -1074 -322 -336 299 412 425 443 697 -253 -612 -951 301 186 576 -55 -933 564 1157 -824 304 383 -542 -160 -762 -209 -198 -285 -501 -210 -446 764 -727 -187 -198 -11 -500 330 391 -736 810 -182 50 -886 -317 420 -629 693 -366 -677 -128 -303 206 -205 -462 248 116 -227 1181 -29 -1004 92 -6 -646 202 -406 180 469 307 -491 348 150 54 164 622 -427 587 -587 638 -284 -918 981 -1064 124 -237 
-831 258 1095 470 -807 256 -44 -547 -142 997 450 215 -906 -483 257 883 -264 249 -609 684 387 240 -680 16 -970 175 -356 436 464 -135 447 234 724 -47 330 -267 -490 82 -56 -597 -63 -149 1263 375 -785 541 -368 640 41 185 630 -312 637 724 15 69 156 -165 391 432 503 356 40 -288 773 392 -53 -283 -848 -350 -642 -134 62 -1047 366 -1189 539 -1002 227 -122 -511 445 -491 162 84 161 -554 444 764 1204 870 574 -711 929 316 -283 755 -529 -663 203 -14 23 541 138 106 51 408 -312 -654 887 193 -582 364 565 43 1437 142 455 166 -97 -67 673 1073 -519 42 -528 -106 611 613 519 234 138 400 -624 -615 -41 93 -15 -479 684 -232 -155 87 188 -909 194 57 1071 254 -108 352 32 22 591 645 -381 -344 797 832 1406 -1103 1214 -393 2087 -266 -978 -768 127 -1036 -171 -106 -1057 780 1223 -262 8 461 -221 941 59 268 -495 517 296 119 686 213 -201 -100 474 163 -1067 -351 -75 -291 1380 -66 -350 -81 -121 
324 -762 960 647 828 -145 656 512 268 24 -1381 286 335 485 694 403 255 1174 312 -700 -49 710 87 840 -55 454 691 -1222 -120 721 137 797 -361 -944 202 -208 -559 -552 -1398 -295 629 -11 456 612 -61 522 -1265 1523 103 -102 504 -693 817 585 -84 -658 -846 433 -984 328 349 416 346 -156 841 66 -526 -77 997 799 179 -403 296 -39 423 464 489 -58 -526 -599 -211 29 -83 499 126 -459 -530 -290 305 -1408 96 387 812 333 -44 246 -754 337 623 -507 -649 1002 86 -706 -15 -203 -419 -306 309 628 81 660 890 386 -88 -49 -798 -37 357 -363 -206 816 76 -125 -470 -671 328 -985 9 1079 -132 -382 6 -203 266 606 750 439 820 933 -651 -530 -534 -500 -124 655 -513 559 294 -190 -12 -230 353 -20 622 -206 -293 -112 -473 -331 506 141 -1218 -178 -163 2 -813 -132 -174 815 -895 -662 -201 -708 -618 929 930 -357 -288 112 -19 -768 79 257 146 -930 -1006 -509 458 -369 289 283 313 -905 -472 276 -191 335 714 62 
79 780 886 -514 1026 803 70 403 -515 639 -807 -494 280 389 613 169 501 207 -742 394 -181 467 -1605 -686 -256 211 -11 -545 -247 164 600 -350 -728 744 -582 360 110 -24 423 -615 -121 -694 310 -158 137 -352 -19 -113 -1116 117 -198 283 638 -583 151 281 196 117 -664 431 678 211 392 -246 -963 436 -39 -400 -61 -457 -909 -159 250 722 -21 -46 -271 -683 545 -431 -1196 -275 -18 648 -180 422 -1144 209 443 337 -1249 246 -415 -365 -202 -292 -1021 -382 913 222 367 -172 870 -473 -13 259 589 575 987 149 -311 -232 267 -485 -185 -574 335 -46 -769 152 -515 795 149 412 -121 172 811 -519 182 414 0 -103 1639 -28 83 188 -500 69 -352 -1259 -274 53 -219 31 -382 -871 9 588 603 154 507 -829 -824 -383 -430 846 818 -515 -622 -481 -117 77 39 1393 -668 199 -591 470 835 -1122 -771 333 -205 -296 -81 -801 -150 61 -953 228 999 -29 661 208 -278 -684 -345 246 -456 -254 236 200 -455 1370 -800 1221 549 -422 -917 -722 
-100 -357 356 -498 -674 -407 -489 507 -172 -49 621 177 -119 781 180 -760 -50 539 -560 818 415 896 -43 265 195 472 -24 -888 769 -236 -103 1359 419 -553 108 -698 -1435 52 156 -599 495 385 225 250 -812 -521 -134 1059 134 -330 -1 396 471 91 -386 64 -745 -489 559 -352 -417 -284 529 -92 -1144 181 233 489 1216 -69 -234 189 -325 -332 186 -884 -274 346 630 -539 109 -976 80 -868 927 140 -56 753 194 -286 443 659 -138 317 -895 328 983 -373 281 283 -490 856 -99 147 -131 122 -130 -680 466 -159 1 500 -793 855 -1149 -449 -25 69 691 170 572 -57 435 -99 -887 286 -608 -23 298 227 692 444 -298 610 595 417 81 767 -305 253 -50 -123 -331 1049 -457 688 254 37 -195 -614 229 -702 452 282 -852 372 260 217 -385 488 485 -81 -51 -234 -303 -287 213 -593 -207 -113 -251 453 1443 398 -369 335 -134 700 825 804 -52 206 879 -590 -101 -213 -28 -40 200 -557 526 -159 77 -604 270 281 -245 -602 -526 -67 
-558 -346 512 -840 -660 1145 -302 414 -286 255 450 461 -95 120 605 203 145 -710 -916 731 -55 969 8 -522 -403 -239 -184 -476 -292 -180 881 364 916 208 -214 -20 -423 -83 -763 254 112 114 -1557 907 -185 -454 360 586 72 164 -747 749 -853 -375 -1015 252 611 -400 208 289 492 -645 354 -660 -199 705 497 526 -167 -79 194 767 111 144 -25 -608 -37 14 464 205 368 698 271 799 -432 1073 55 233 -135 935 -1129 -250 -378 -875 817 998 -660 -823 643 263 -685 174 -75 -31 -250 203 -102 99 -308 110 152 -841 278 110 126 -1374 -638 429 15 28 -373 215 283 -31 -316 174 -111 124 -35 -492 -661 -269 422 625 -331 -301 -385 441 -522 174 -183 -688 315 -194 -382 -219 -60 -271 -363 223 200 -1138 -14 183 206 213 -513 880 591 239 589 -802 -2 -670 -523 -233 98 534 -823 0 873 773 301 143 265 -1009 383 284 78 -5 -299 212 1342 -174 457 36 605 -985 -103 329 -840 13 -794 443 97 -129 -641 168 -538 -279 
295 256 -97 693 404 -4 -83 616 -251 -670 -403 363 -312 96 55 -181 134 554 85 -801 187 448 -896 -212 1521 181 150 1332 465 233 -257 759 521 22 1026 -470 893 351 41 -245 296 487 264 998 63 18 168 588 35 -749 1140 14 -85 255 402 -352 318 -747 -832 -222 -445 71 -251 -252 518 -694 330 -275 -510 252 -91 271 57 -83 27 444 -295 237 -510 -336 187 115 248 -1093 -25 -577 -148 893 80 -2 60 97 -527 10 389 260 974 622 439 392 -504 -368 82 77 -114 192 426 -430 257 -440 430 369 -731 37 -121 0 264 7 416 -324 47 -334 306 -886 17 -881 -892 77 -134 576 -36 598 231 197 -21 -125 450 -654 -318 628 828 -491 -723 1334 1830 141 536 1001 854 -350 61 -703 191 233 838 -962 -359 182 -904 -752 69 126 -339 -155 -508 -809 -504 103 664 174 -597 38 596 -96 306 -352 842 -688 -938 290 -500 -56 -64 -232 -395 484 487 160 47 -25 705 -323 487 -370 -157 225 1242 222 798 697 
-470 344 -669 122 -348 529 260 131 -93 -669 593 706 -205 171 257 739 -107 -55 -421 -543 148 394 -441 -113 1156 471 188 -246 279 -861 23 -180 -361 85 -50 401 -535 -113 -464 62 86 -415 -814 -127 -661 122 517 -66 243 259 -719 -309 -39 -299 178 -695 457 -120 902 -649 -490 453 -307 85 399 -253 696 -216 386 -73 389 263 325 -83 170 -282 -333 262 90 9 -211 321 -634 -492 -637 269 -26 -374 378 680 209 1190 707 481 460 -474 -49 137 -344 404 -180 -70 633 540 -1007 -342 -104 387 433 -1116 160 487 -324 1032 164 -298 -502 -255 477 818 -664 892 -78 266 320 -1143 188 93 293 294 334 470 826 -242 -216 -432 -57 -117 655 299 -358 -54 -140 130 424 89 17 845 324 -432 530 -205 -328 255 314 488 -185 -477 -188 150 629 58 -1626 -508 56 -219 -497 -731 -354 818 -546 458 248 598 -1383 -445 -1509 -1784 -1040 310 -304 39 614 -47 -499 126 317 -724 -273 559 -492 1416 186 -49 226 116 523 -124 498 1055 
403 -269 445 -506 -396 815 995 72 357 -837 173 118 579 463 -392 403 -440 175 -369 -30 68 65 -874 526 325 -63 -121 -380 369 113 539 468 -274 -227 112 -509 -382 -253 -211 815 945 453 98 -161 810 -498 67 -378 -627 -7 283 485 440 -239 -1434 -454 1099 -283 564 -617 -1158 382 -316 215 1053 -225 169 1165 -467 69 -553 410 93 22 820 -355 362 170 -340 -80 450 23 -54 -784 -488 -261 441 78 -282 -473 -565 228 -338 -679 145 -594 40 679 -332 -145 629 -647 -409 -821 -233 -60 -154 229 -600 -23 -225 65 345 647 -109 -442 1130 822 -187 334 -106 465 182 370 181 244 416 -592 -507 -309 -290 189 302 -734 490 -507 -338 954 297 666 2 376 195 29 -129 121 422 662 -1111 -320 52 266 121 -179 1033 583 -202 -480 -262 238 273 -262 22 71 -61 -662 215 170 603 18 272 -285 719 -356 69 282 161 275 397 1606 -63 -452 -448 -39 73 690 319 -602 178 -160 -142 -127 489 239 -805 -333 -4 322 14 207 
170 545 900 555 -774 161 363 1461 -1339 -802 96 -169 -620 566 30 836 -910 -823 323 -1258 214 -126 100 266 -60 -146 66 -549 197 -1002 -89 443 -43 507 213 -362 -763 66 -238 621 400 -652 715 -536 -717 527 -128 161 -775 -600 693 821 -328 -461 160 53 -239 563 140 -695 879 19 242 -74 -285 -657 -370 179 -788 289 1008 859 -80 -113 -822 -1167 -219 575 43 511 -227 -106 960 72 330 -48 399 948 -309 -481 -123 -201 316 97 -155 460 -804 -162 597 656 348 345 -634 -15 -496 317 322 977 -865 288 528 189 429 1116 -335 -434 -181 73 -877 -264 -367 -1 -429 -102 -818 -457 74 894 709 -401 -537 537 27 -363 -237 -37 -288 -61 -408 190 -594 -185 -68 666 -265 1353 -306 757 -149 253 648 47 -155 -797 -1177 -789 -866 75 257 -604 -420 -407 135 -255 -51 -149 647 1771 600 74 -182 -208 47 -259 -143 -156 214 555 -188 242 887 301 -516 90 -638 8 -208 788 -600 -15 613 -166 -302 -62 68 -160 -90 244 302 -692 
-243 -115 -2 -32 -67 -298 -165 -392 -206 -895 -1237 111 353 555 455 293 -212 647 40 418 -543 -349 -7 -887 702 289 354 -188 -629 741 -298 328 461 1035 766 278 -14 -1041 -623 423 -724 762 -578 498 -1258 -406 -335 -242 56 1023 -332 561 -53 645 -88 953 -80 -413 -473 -592 525 -144 313 -237 -152 -62 824 534 869 -75 385 402 -155 -194 -85 -620 -522 115 22 -60 -71 -383 -667 -901 322 1183 -183 -73 -116 52 -475 393 405 -146 14 288 527 -435 851 -303 368 -377 728 242 375 562 487 -530 -693 -258 -190 735 237 104 78 -374 147 184 -547 46 -258 573 670 -1096 -99 -625 -271 -1668 1079 677 -37 -307 -408 859 630 -101 644 585 -747 769 625 104 1057 74 144 -114 47 -1290 118 936 254 -94 -179 837 1422 323 429 408 -137 -150 -964 707 160 -400 -689 -618 165 144 216 967 -756 420 -860 385 -88 130 -508 646 678 -198 300 207 445 -100 -988 1041 29 700 506 -219 -301 -290 -13 -195 -140 409 -4 254 296 457 
-25 -131 493 309 150 377 -606 282 -484 -207 948 1224 161 -543 -255 -1049 -204 -450 -306 308 34 -144 371 -502 -733 -160 15 132 -420 -311 -186 194 -232 523 -348 -544 815 -688 466 259 513 598 -77 132 934 -373 -62 120 762 -25 -1135 -200 -864 242 1301 792 714 -657 -1180 108 757 -678 378 208 653 -543 -1556 423 -19 -1036 -443 -347 -49 141 -12 499 -577 -697 697 563 238 291 1285 -10 -210 700 -283 -80 10 65 1278 -1220 -619 570 487 729 521 160 -694 341 32 60 -236 -36 -65 -300 256 159 -364 -309 -457 -454 -498 -569 -310 277 -192 -75 -518 -56 -467 -1552 -40 -1037 -410 -467 -324 -853 -311 -327 -536 0 136 -153 -102 -285 878 -123 -129 729 -192 -60 -384 -128 471 -683 124 421 94 -324 -504 27 25 -490 -335 -800 372 1001 352 843 -582 -152 244 -1 297 319 231 -898 -499 -345 -58 -237 -185 -206 895 -575 -369 -854 314 306 -201 -708 -665 -198 895 47 -169 671 274 -285 -680 -633 -1309 496 377 114 -37 -119 -43 31 
-437 498 -1427 -202 36 -699 -260 1054 -571 747 -24 395 323 -212 -146 1284 -531 651 763 -858 -1066 216 338 -126 69 -216 944 -141 -389 333 7 188 113 -60 19 624 417 -459 260 -1086 501 -619 -181 258 -491 -99 -72 -636 635 176 -486 -308 -1031 -359 -651 -129 583 -95 459 229 889 -339 141 442 31 -429 283 848 455 -371 -204 507 -232 81 -339 -340 -135 -471 -965 219 189 -477 -808 874 -133 -654 107 -1017 633 257 -602 -445 115 -221 -414 490 -50 -26 19 -148 1045 -140 30 892 -153 415 245 -417 -174 -1273 153 103 504 177 -391 826 -760 271 149 244 23 498 -579 1149 -1090 -327 0 -280 -49 -218 -781 1357 578 103 75 192 -103 133 824 -603 125 -371 46 -136 -211 -412 -583 -496 -228 165 660 -631 204 715 219 390 552 91 -603 151 1003 -537 460 -675 457 -204 -692 206 247 -381 106 823 217 -203 -1176 543 -765 -317 827 395 -427 338 338 -35 -584 -957 -816 913 682 159 -158 786 139 132 -308 -425 109 -421 -444 -762 
915 850 162 15 -373 -475 -514 74 204 -488 958 1211 -480 736 -188 234 210 247 226 -523 275 359 112 895 34 -402 218 -132 969 399 198 582 -484 385 45 -432 -524 -294 -459 -108 -119 -343 -18 -465 -195 988 243 414 500 517 -1139 11 289 -100 -898 -308 -774 -251 -598 -688 -170 -91 514 763 -717 -67 -422 -954 -59 141 -395 110 520 891 835 -940 -118 -77 -861 -443 112 -185 611 739 -720 224 -380 -30 -932 -528 -236 -119 729 106 -115 15 -315 1044 -529 664 407 -491 -727 -719 164 -160 -143 -238 -478 49 331 -1112 426 615 713 -1097 17 -583 -668 448 -163 -57 -1143 455 -415 -301 -745 104 -776 -79 -352 638 -710 -1520 353 -482 -19 966 -103 146 -901 238 -696 -5 -264 1062 160 993 -472 -411 -228 569 -581 -52 -56 -86 -287 -779 -525 382 153 -337 419 -300 -429 521 240 176 267 865 -156 -80 -11 464 839 988 518 -73 413 -51 962 118 -977 233 93 -710 -323 -658 127 521 -232 225 -361 -775 584 96 524 -375 -45 -540 
327 -276 -441 -663 -463 -122 -554 208 343 -559 -111 -604 758 362 -214 -57 186 -213 196 -661 -608 -37 432 -108 513 197 227 238 -531 402 650 -327 -71 -827 -484 760 1294 -405 -379 -336 -299 238 -735 -290 -478 -146 -953 -758 284 -61 -123 970 -476 -335 -451 309 -741 600 482 -409 82 -21 -284 241 -113 -586 1041 265 -40 -516 -63 223 -1225 -24 -671 -393 -235 358 387 418 258 -382 428 645 -95 590 -283 -623 -23 97 -877 -1253 -566 -135 -18 -835 -567 -1322 667 -127 834 -462 -111 493 -552 584 435 -614 43 559 -127 -423 99 -150 -764 346 -1350 303 -182 -354 -126 -301 -261 -354 832 1262 114 -149 376 -26 30 123 532 -571 -708 327 -586 353 510 -1357 719 437 351 -398 -98 692 1159 -1113 -1261 872 -294 433 -864 163 -709 -424 176 642 97 251 911 611 875 -844 -876 242 515 364 285 -543 -55 252 -439 -1120 765 -368 -1139 352 1057 -561 -384 607 -311 -416 206 659 448 -770 193 -406 44 -130 -214 566 -377 -1097 -737 330 -517 -543 
498 216 397 347 -640 181 -298 432 -59 -512 264 535 -980 -550 -121 430 -412 792 -620 245 -439 69 -395 321 -1024 276 -700 -9 250 233 -692 -199 -22 -42 229 -425 -1002 -33 -748 -493 -508 108 905 -109 -1231 113 -189 -168 -330 -787 -43 982 653 15 -128 -982 234 463 355 -1533 109 -155 -396 285 139 -202 358 -917 -172 184 -859 125 -523 380 281 -191 -377 648 402 -546 -177 9 -175 382 -737 -40 411 343 466 769 -173 -263 404 -41 456 371 933 -107 305 -83 -315 186 423 -264 7 -526 -873 582 -62 272 348 377 58 1912 -215 -201 -509 -433 74 -187 -1634 763 284 747 -214 -270 -404 484 223 821 77 578 242 234 -351 -544 153 -275 -656 -637 -467 -333 -167 123 -560 518 -362 1331 366 173 -820 -793 1055 253 -732 5 523 438 -94 345 -1025 676 -399 -11 -829 -687 322 542 569 315 -636 -353 -670 1003 3 -1088 -343 -832 -667 -270 62 -286 264 -204 64 -191 -472 682 -501 45 -383 -95 302 70 -135 -52 208 -458 509 438 
265 -1011 504 22 -699 -336 804 469 609 -345 184 42 387 -164 96 -716 597 423 866 1 194 1077 1132 -708 507 -650 196 -331 341 511 324 344 -308 180 495 490 -507 -309 -567 1034 977 -480 -654 42 350 -841 319 -197 975 741 -451 422 227 -113 -29 -234 -374 -307 159 -189 -798 47 105 556 -38 -25 -122 558 847 264 -24 -5 293 78 876 87 391 131 -225 -309 865 193 -291 160 288 1197 -551 -1119 620 60 954 252 722 70 -274 595 748 518 -387 341 -967 -147 118 -887 124 553 -950 722 340 352 654 -270 380 -270 -938 -465 685 -821 580 820 -167 -435 4 -767 790 503 83 -765 1106 50 -98 574 -808 -880 121 1198 -150 569 310 -449 -1170 909 -134 100 -716 -16 511 -34 182 -99 -201 1079 -141 -341 361 -422 440 482 270 1075 -435 -401 -704 336 421 56 536 -408 437 -314 86 -121 595 -4 38 78 -1072 67 528 399 339 243 277 -126 -68 875 -86 474 -997 -570 68 -443 -476 559 15 422 427 173 -636 -283 
419 281 513 175 -913 303 -973 766 -242 -136 212 28 221 1324 753 1041 148 574 -162 -404 287 792 498 -35 -552 -664 697 -239 -805 587 188 -119 442 -193 -92 982 10 866 301 35 30 256 234 688 -590 214 345 -658 -286 -881 692 91 -611 -414 111 65 -644 107 -326 475 -394 -453 449 159 65 -449 -478 1263 1866 849 625 -123 90 -75 -349 -400 -252 -157 -320 380 -438 -26 793 -740 -112 729 -556 1039 -473 -116 47 -838 114 -459 613 89 -271 -191 670 1501 100 1060 326 -153 79 -267 -238 -541 -738 1031 690 -320 303 -266 -18 6 -58 -398 -795 1127 241 -142 -541 1115 531 538 -468 46 -491 381 -191 -617 572 -370 608 1076 -401 -201 1152 22 640 28 -577 687 -152 866 95 335 -436 -910 797 -902 -975 -515 -10 1088 -399 -851 -89 -776 256 -170 146 -355 404 -377 1211 259 -537 3 886 3 55 102 -64 140 337 312 -485 206 -403 647 1231 -89 403 -148 -599 -423 1612 571 419 230 436 1041 -893 -990 195 -174 526 557 
443 153 236 -542 -246 -701 -505 648 157 408 575 285 -644 201 -146 -145 -374 550 441 -624 459 -182 221 568 551 66 85 -349 1019 505 16 -594 -542 -710 452 986 -449 509 -97 -266 179 509 662 346 547 163 -439 767 450 -343 469 -295 -331 -387 490 -350 -419 448 779 333 -477 259 -401 38 -842 79 -343 508 145 698 1283 139 493 8 457 -675 836 -31 640 150 -105 -1603 -258 176 1595 -51 739 -458 779 5 590 -207 -125 230 -1201 319 -5 -1118 698 775 61 989 510 -322 -210 337 -734 541 35 1030 85 -861 593 380 -1041 674 -256 212 -860 908 299 -31 -632 -161 -77 302 675 1671 -188 -135 213 -384 -440 225 -637 -574 -707 989 1231 -500 -813 75 -571 -928 363 -244 381 -754 -334 -267 278 113 696 -724 -580 -553 638 -478 -651 -12 818 611 206 40 -345 -110 773 -129 -57 36 -8 997 -440 665 -942 128 556 112 -592 -74 290 484 171 197 -722 -329 979 -318 -949 -317 -176 -99 649 -29 675 0 -218 -652 228 -139 
-97 48 26 14 -986 219 103 -483 -60 343 671 -894 152 -1069 366 -38 -537 -309 860 -676 189 -408 -208 -313 122 -443 402 110 797 743 97 -48 195 312 -515 299 439 358 29 850 290 -1049 743 -154 405 644 -243 -261 -652 101 -605 601 26 295 130 -714 -702 -598 -158 -308 523 -325 -794 276 644 -351 -31 81 608 -66 168 -930 -101 -77 47 -659 176 -89 281 -1472 -153 44 -246 -183 565 -254 -172 -393 -483 -167 63 99 437 -448 -167 -821 566 288 -20 362 -541 618 -388 -166 -272 358 -386 658 605 1658 -539 -1072 1012 -78 37 776 738 -565 -230 680 -235 -542 -407 169 -623 144 1352 -302 622 -457 754 374 -129 -1228 182 364 290 86 605 423 -178 426 -827 -201 -655 285 708 236 764 -318 -615 420 -131 -196 -371 101 880 -101 289 -602 -23 469 1034 440 255 -287 -10 -186 -158 -911 -1233 -674 -101 -186 120 -324 -96 27 -147 -701 416 38 -489 -94 -176 -493 -383 -77 483 -305 15 -609 -387 593 -70 170 -550 630 1062 318 
311 36 518 962 962 -1207 540 4 133 -430 -448 391 441 -439 26 471 -420 -30 31 99 970 561 129 -281 -632 -359 733 -496 -448 -258 -560 -398 436 282 -910 15 -757 -52 230 831 433 327 -866 -218 115 866 803 125 607 -444 -260 -827 -333 237 362 -170 171 -97 48 255 454 -172 -186 -620 549 166 577 219 669 445 137 -1398 523 -921 73 187 426 -279 -57 340 326 -361 179 28 21 -100 -32 -847 -790 -438 61 745 -219 -179 -172 343 -151 167 240 392 -594 143 510 -612 1572 -855 -385 182 -278 132 -388 473 -157 -201 -535 364 434 -335 227 125 -90 313 -28 -363 502 -513 4 -483 -95 1367 -502 162 91 -958 527 134 78 280 -373 -103 536 -845 -177 -701 -261 116 -643 -454 160 -202 544 -258 197 367 41 196 91 -889 -258 -27 -525 305 -801 130 -196 984 300 -244 108 512 -190 -22 -412 -641 40 653 -641 -657 -189 -432 87 142 -125 222 -158 -494 -273 576 -335 -919 359 -614 -891 691 820 483 841 -299 -889 -381 
52 -913 -380 -76 962 -347 -1132 -101 -40 -32 450 122 399 395 -536 84 -674 -902 -182 1134 501 -338 151 886 499 234 250 -433 446 637 -440 -713 218 -965 -747 -922 301 -783 -107 -149 379 169 -761 -478 422 512 403 -311 1057 -252 -336 686 -1440 -1185 35 74 -142 755 372 -427 -700 -459 1017 710 238 -60 43 518 -300 206 -415 330 -602 428 279 258 -657 -100 -235 -117 -636 -134 -258 -931 -22 -1535 4 -67 -309 -656 412 -416 -499 104 -168 -197 298 -460 585 -478 -643 178 -42 -10 -565 -897 370 -1304 438 -569 -332 1206 -112 -330 66 -78 -541 -7 506 -249 448 -1045 601 -66 -49 -552 -546 328 635 -709 556 209 527 -299 -1322 -57 43 -152 -687 231 854 557 300 -143 545 -215 325 -378 -229 66 -452 -134 9 78 -115 -741 120 183 -570 253 777 592 -309 -337 -324 203 -606 322 521 509 -447 54 -241 506 546 146 -522 344 754 -208 -341 575 -530 -517 -229 76 -617 -286 67 -4 1160 -105 -326 1252 357 -655 357 -67 207 400 
378 15 218 -13 -2 -549 1007 -1215 788 -450 605 -128 922 290 189 -252 -201 -69 -31 552 -944 -494 373 -294 -190 -623 -9 -477 -362 -120 822 -376 -278 360 41 -841 -638 -26 -197 24 278 -74 -248 -424 99 -110 574 -55 342 -105 552 -689 430 -139 -523 139 -348 -901 453 -36 64 467 -553 483 -419 132 -335 348 -164 485 227 1245 -252 277 1177 62 -606 -254 1147 -249 601 -18 311 -409 697 -680 250 66 -266 286 -316 305 591 -123 -164 289 293 -518 -793 733 -464 -1106 35 464 1263 168 -246 139 -118 -536 602 1419 -975 903 -264 -914 -161 270 889 -962 239 -267 -405 -1088 -471 -585 -96 -515 150 443 662 -402 -630 815 -196 -109 -682 -332 -219 -122 446 -499 -569 74 104 -1148 241 -751 -620 -413 310 403 443 729 -235 558 -1663 -1200 -313 -362 363 -701 -269 -350 782 582 -166 209 904 170 -356 607 362 118 932 -290 422 899 541 541 -421 -388 62 80 -763 -240 485 -122 -335 -372 -970 -312 -238 -311 -283 724 350 882 -619 -213 
796 -181 659 203 484 21 -683 216 -366 -478 163 -520 493 912 103 -374 -227 722 133 -101 -375 266 -33 364 106 -285 266 455 -233 792 763 -187 -718 346 736 -159 626 211 429 -63 899 -431 872 -564 -145 -523 -538 132 490 336 -602 701 422 520 -295 -395 355 -749 120 -1037 228 -400 434 97 -235 -116 869 -373 -100 -413 -476 -821 496 1074 -421 -154 -272 49 -450 44 -310 -90 -827 172 -73 471 -377 -125 -100 44 -432 -138 -179 855 567 621 -21 400 1540 416 1353 52 -318 -425 -412 670 363 135 -494 701 529 -77 665 60 -501 912 613 -293 -746 6 -349 500 133 29 225 -303 -570 -513 862 -415 463 -63 351 -915 -265 15 456 271 -960 205 574 -739 -154 426 55 734 999 320 -250 486 80 -767 -727 234 -321 -104 -355 -272 -284 308 -472 521 626 50 245 611 542 71 90 -1582 481 1139 341 476 64 151 200 335 -50 -917 -176 -555 268 -167 -383 547 374 -170 -1087 -23 -59 -207 -222 402 -135 64 246 -1694 368 -598 
416 351 -817 231 -22 -1133 421 225 739 -261 -511 358 389 -11 -404 -864 494 407 165 -7 -754 532 425 758 112 -101 1159 962 -162 -625 404 -1423 477 164 -805 321 -774 -204 13 232 -34 -427 5 -625 -534 736 103 -495 150 -266 -57 -1019 246 -123 -370 -339 484 652 -533 -691 40 -491 189 -377 -569 1250 -2 -116 1 839 -158 -236 1107 431 -112 -230 -359 28 -476 763 -464 -332 208 218 -565 -677 33 -507 -472 -1517 150 -132 -587 250 -182 -643 795 482 -213 387 875 620 -718 624 557 -985 -164 -353 -259 -1235 219 -580 546 -698 508 -950 425 -614 -378 136 473 611 617 306 330 145 -973 -124 -47 342 17 1063 175 -364 295 -135 326 -215 169 -1311 383 761 466 67 130 204 -1493 -411 -137 1213 143 -14 121 1267 -469 420 -403 27 -266 64 -161 -63 295 1456 859 860 662 146 -60 427 817 -158 838 1191 713 70 -709 -596 -135 -688 -959 282 -191 -599 811 -899 -467 565 -1425 -107 501 -269 -73 195 -546 1099 367 -979 -657 -724 
-325 769 408 -1 38 61 -877 5 -19 136 -22 -562 1167 -606 -80 -425 330 -670 -864 1018 -867 116 -533 105 -509 607 -450 273 342 548 66 689 -62 -439 191 134 -669 378 -213 227 -224 247 -544 765 -173 59 452 150 342 310 -588 -513 -98 464 -212 527 112 382 -167 887 637 -49 253 -203 -408 1163 300 -103 -723 -74 -355 465 -826 -34 -60 -174 593 121 722 -248 722 -434 1406 -457 409 130 245 -379 -173 -529 -676 -83 -562 -430 177 533 -365 -215 353 -390 -394 -70 -41 -561 -898 -577 -253 -551 942 -144 -252 590 -160 471 -238 305 214 448 443 304 204 274 -68 -157 378 51 -160 -605 -208 -266 285 -542 342 995 452 -653 282 792 -594 234 -1066 394 -360 -298 -16 -477 -1042 389 -221 404 -313 -909 256 227 292 308 96 79 709 -17 -869 -582 -190 460 181 -1188 199 -327 -460 96 -447 95 2 -30 -5 -953 476 697 -55 157 242 -857 205 743 -462 113 595 -477 719 -479 151 -403 -572 -237 195 -138 401 290 -494 369 
-13 -295 -69 49 -659 559 760 -994 -51 -1008 336 338 191 -334 595 252 991 -271 -189 -789 -137 -862 -566 535 549 -795 -143 -308 103 -410 479 506 25 5 504 440 521 -238 -197 192 913 -1004 -635 -205 109 309 297 -328 417 535 424 -335 -410 -737 -712 -121 306 -83 46 -240 -294 22 -653 1036 346 -857 -1351 -400 -738 -194 -253 -12 171 -542 367 -163 323 71 98 -670 297 -430 -381 62 -564 -607 12 85 -222 367 88 338 896 -1062 795 -211 266 207 -253 77 -371 -290 10 -348 810 -102 -717 -339 141 604 -147 322 -520 -498 151 207 293 -157 680 255 -540 495 -1199 -55 1520 369 351 -1223 369 -820 560 -146 833 -153 -969 175 -291 -400 -265 620 -221 613 -113 -656 209 287 -136 841 289 -696 65 241 -919 -483 0 -161 543 -76 -238 3 -252 -202 -81 -1040 315 -735 427 256 1224 551 -956 -1031 -11 -645 -436 -347 767 -361 503 757 16 -268 -806 376 572 -906 -555 -389 61 214 106 -728 -25 -214 -43 76 224 920 -176 1005 
-367 11 -377 38 271 -39 347 611 -1279 -825 -666 34 115 47 122 -88 424 875 575 -527 -244 -814 357 -516 89 -28 431 115 510 555 241 -172 -630 155 -148 -354 387 -109 -130 -543 193 -52 -25 -176 -11 273 -482 -621 -385 -9 432 -60 383 -374 933 -41 -340 -301 -772 -457 60 -557 751 129 -1233 480 -241 -643 -61 655 212 262 46 -70 -409 141 -252 780 -912 197 527 268 315 971 225 270 76 60 315 125 323 -585 -87 -210 -483 207 -515 713 692 273 285 -249 -211 -243 112 412 503 -780 -246 71 664 379 -726 260 -673 -499 121 46 -281 803 393 -63 318 23 -237 -254 -191 300 642 345 -114 211 116 984 801 711 593 -196 -17 -476 560 -365 -653 399 -366 529 116 120 -364 -193 -110 676 -173 259 -552 80 -100 191 -208 -1313 -524 552 -309 203 -31 -736 54 -472 -9 -452 388 271 -9 414 -251 821 -393 220 136 -455 164 426 -953 -15 -644 -153 -158 1255 -460 177 430 -636 -502 -1062 428 414 78 -934 -22 -1054 
-296 -844 -877 -211 31 47 195 186 -683 -729 342 -155 1226 -318 522 175 495 551 57 -539 14 99 -401 -555 -365 38 701 -193 224 461 604 -26 318 -476 -260 -290 268 -131 18 293 285 444 -894 -467 405 -254 611 766 94 910 147 -326 -626 68 275 319 -1244 -394 41 533 -119 334 71 -397 -385 -99 53 -246 -502 86 -558 -2 -192 74 34 854 203 -68 -634 803 -70 -315 -324 52 99 -289 370 244 -870 -6 -568 -123 -782 -645 425 727 -144 -420 554 38 -693 207 251 123 -191 73 -318 -351 754 -6 534 -98 -1068 -278 -576 952 268 57 230 -211 525 91 865 -641 178 25 -221 -1274 64 -818 -348 -215 548 176 14 -32 46 102 42 333 891 -896 610 419 -125 761 438 -713 -347 333 375 613 -413 125 -410 683 -895 -5 -847 -970 391 -127 -543 556 385 322 -383 -407 753 876 -507 4 695 192 667 149 -12 -155 17 -837 -517 711 -737 25 361 89 -341 -132 510 -619 424 -343 -928 -1010 -813 862 -749 675 234 761 
-696 -244 -812 416 252 -472 397 -43 939 216 486 -427 87 -368 269 -595 651 615 162 -472 894 -710 -899 465 63 657 145 234 4 14 -213 192 -522 -158 -857 -644 -271 273 -725 -414 582 291 121 95 72 -92 117 -27 421 -373 -810 683 123 216 34 189 82 278 158 -303 -161 20 138 -141 -616 117 877 632 -54 238 -340 -463 626 333 367 -451 234 324 341 456 234 230 -433 -927 -32 -951 333 -248 -67 -77 96 -204 37 -457 -1072 -340 864 307 608 -342 -675 -167 467 343 92 -680 76 934 436 -542 -269 172 -172 394 71 -574 -319 472 655 -711 -9 -719 91 -843 -639 495 716 354 -139 831 1016 -209 -428 -409 -419 -639 444 -351 277 -186 107 608 -29 27 470 129 -237 -37 -222 -483 -52 -352 -43 -164 -938 414 -112 -348 -162 115 -249 107 -155 -820 -228 -473 -489 32 -352 -36 78 371 -112 -206 886 -627 -91 -790 -54 11 -315 270 282 293 -367 -755 176 715 -754 -1438 460 452 71 -236 -206 123 -69 -352 -22 822 
749 -270 -876 -728 224 -1007 220 -168 200 42 -585 -243 301 -147 -693 -207 340 -534 -264 -570 187 -138 340 -152 -839 0 -32 184 347 -412 -13 485 417 -653 399 303 -312 904 12 738 -183 1120 841 1470 718 1387 257 -697 885 -273 493 799 -83 1013 243 761 -82 -735 -973 788 607 -740 43 -984 339 128 410 392 -19 -790 -185 -140 -556 -323 -134 -145 362 -71 586 467 1097 -91 184 -198 -643 758 -209 -482 -1005 166 -601 429 -307 -400 -207 362 4 208 -66 -1366 803 -110 123 -649 230 -757 36 -223 464 -342 -305 769 526 319 -585 249 682 345 1197 161 -275 -786 239 -348 -652 -183 -221 -470 132 334 -508 -245 621 342 -253 -409 470 -58 -501 28 -593 117 -1011 513 -440 618 -486 -377 176 581 -892 435 34 -519 198 -76 379 575 -626 398 -522 187 315 1107 1464 450 -89 -202 436 922 -880 -788 -580 -292 -272 434 -681 121 -171 175 229 -711 629 -1092 -231 -268 162 924 788 -406 279 -1003 -1575 281 -814 207 510 1144 -292 209 
-714 519 -1047 -1025 -345 802 64 -913 181 237 -123 207 9 -589 212 469 -254 18 346 -581 -172 -47 -65 176 -671 -53 840 488 578 -862 -36 747 -61 -301 470 844 -97 -351 411 -416 -233 -506 -81 -470 -22 230 732 -735 -259 477 110 162 -190 975 -562 381 -595 -464 -116 -135 -150 590 -733 -393 993 373 60 -80 140 -85 -634 -370 -186 -330 -245 337 569 737 -41 -192 87 492 -164 -217 -666 -743 -72 -244 -649 944 51 637 221 -772 -561 130 1240 538 -1062 260 369 -836 -842 -27 78 -258 -573 -847 148 61 -873 -981 164 26 24 348 -676 1286 30 405 479 -242 463 555 83 -608 -279 -256 541 -783 416 -435 -1018 28 10 336 -117 460 271 568 -559 -263 -525 -182 -442 611 0 -699 145 133 29 -474 -784 -643 -485 -825 320 1650 130 -41 226 -211 491 921 -56 -102 -168 241 52 358 -524 -202 -193 -268 1178 138 256 138 681 296 15 174 -49 727 -140 404 424 -913 137 667 -340 300 -1056 -568 -222 -9 560 463 113 381 
-531 222 -206 203 282 175 -117 652 637 84 -4 -189 -107 289 294 24 -59 -767 709 826 -612 -687 641 -444 -710 -434 69 28 600 624 42 111 398 86 1276 -279 70 -969 -132 275 -402 88 -227 586 -337 -529 854 -778 -1014 -262 294 334 -253 745 757 -928 341 339 -969 -64 296 -137 -556 -590 474 712 -1058 -908 -25 285 -258 -560 796 -109 -463 -418 -243 -956 -926 -292 434 671 -358 -317 -336 695 551 269 1057 321 118 832 -674 142 -846 -857 -118 -632 -30 -170 -88 -366 -73 -501 -284 628 -687 356 490 125 207 686 342 125 -205 197 603 -113 -234 333 186 664 739 799 -42 420 -469 -185 509 -525 -557 -230 -257 715 108 786 -209 219 -56 -357 -615 422 -161 -386 457 -204 -429 589 83 -115 -345 -728 764 26 582 -376 670 396 167 117 -389 725 614 1428 -774 349 859 314 119 589 -83 -281 -632 325 327 -186 17 29 -3 878 329 -252 -217 630 -314 82 -454 443 -573 920 -258 -268 -153 -115 1514 -76 -369 -60 -185 -106 
-35 130 465 1303 -259 177 -102 681 -135 -409 279 468 -34 -617 180 -712 19 -290 -324 222 525 268 330 -615 -20 -1001 -522 -310 117 862 604 -207 -766 633 229 557 107 1029 -482 135 284 636 -309 468 -792 -221 -836 -342 50 -206 -247 40 395 -678 377 66 -228 -948 -400 610 -368 173 135 457 -91 -1725 -621 -334 -188 -452 777 110 -145 941 -760 210 -276 -146 799 -1 -796 14 630 675 -1555 276 -1549 -22 568 310 -1058 128 590 581 1033 -93 1006 597 234 -265 -35 -157 442 108 207 144 -254 129 -421 133 11 315 -258 -114 -169 -620 151 249 860 -315 18 -197 -721 -352 668 -1270 -381 428 -721 -305 -72 -7 487 28 -288 334 50 -225 -563 -699 -477 435 899 -102 -283 -1196 277 552 -116 -811 121 -318 339 281 1157 -322 10 -415 501 319 270 -334 -323 -757 440 -59 353 102 -432 81 -388 -188 176 -204 271 -684 333 -11 93 -296 -281 283 357 -705 348 -137 374 308 359 -860 9 332 -716 343 399 -776 560 554 156 246 
206 -46 -349 -125 594 229 393 -87 -357 179 438 -804 120 -73 -334 -439 180 -290 645 -27 5 -253 130 -856 234 195 -96 -101 790 -157 541 148 302 -165 -686 282 1257 -14 523 120 -520 -165 -350 775 4 586 736 145 356 179 -190 678 -624 -243 -308 -426 595 -393 -224 111 -839 909 131 -96 466 -56 -664 -1164 -214 -230 -519 -154 -524 -928 -1001 777 -74 633 183 148 -196 393 -663 227 694 -47 -607 32 -346 762 954 -613 -8 -81 766 -619 -193 -561 -818 -329 57 -923 646 -380 -179 -796 -19 -346 143 477 783 -1090 -654 -980 103 175 980 -26 694 -305 900 65 -46 -1069 415 318 -445 -1389 23 125 735 -640 -837 -459 -947 -955 332 -468 259 10 28 429 -672 319 661 1448 124 329 134 -914 220 -517 -74 163 455 -1174 -335 663 210 483 -97 533 -693 242 122 205 -709 -412 -126 115 -83 -652 -162 -867 439 913 149 552 316 -442 227 38 -447 279 533 560 565 -525 -126 -24 71 441 -740 -262 249 -631 2 397 66 340 
49 428 -786 286 -394 278 -781 548 396 960 -396 694 -475 414 6 266 -97 1204 83 762 -134 -493 240 -46 276 -582 439 -702 -98 877 109 -313 -37 512 562 550 156 -354 -496 -360 6 60 -195 -149 46 -771 69 -531 -530 121 714 -542 -625 -836 434 -50 -38 159 -372 363 -432 635 197 484 -857 -281 -406 838 -128 735 142 -194 420 668 172 424 875 -207 197 -208 5 -1276 -496 175 -588 -48 -232 226 936 -239 130 -134 -434 6 18 806 -516 567 665 512 571 191 149 25 -111 94 127 470 769 -458 674 597 -265 -767 -813 -220 538 -11 -305 120 159 1614 -280 -348 -139 -527 -655 56 -467 934 -14 -237 308 1021 255 450 -949 -839 23 -296 -271 -670 784 -25 646 -516 -184 218 -220 445 554 -692 212 49 134 -160 454 -138 -245 -126 425 157 26 -51 -856 69 86 174 -312 304 153 1038 -167 -772 93 -433 537 -234 -302 278 1149 506 79 -711 -795 -283 46 -377 -310 431 -760 492 1125 565 -32 175 1059 135 -459 887 
-275 1190 -199 777 349 -706 -100 397 51 236 -521 148 -210 236 -395 -432 506 -146 916 -1069 20 999 87 -87 311 -97 -20 740 -652 270 -399 421 576 866 393 227 159 -188 114 -808 231 189 -1148 724 226 376 -578 -365 587 -328 -298 533 -1186 973 530 675 -768 -322 283 276 535 -100 -509 -202 735 -968 288 542 -250 -255 144 -87 -627 -287 423 85 522 -951 -141 -530 1064 -208 469 823 89 270 275 -571 -45 -579 -388 20 -96 1206 522 -712 1027 805 -607 592 204 161 41 1029 -247 -184 932 -968 892 -169 734 156 -23 837 -366 -260 -500 107 908 986 528 -946 -622 133 -642 -185 701 423 204 155 -823 391 138 -469 434 -204 -573 -121 488 237 -519 -98 -526 -27 -166 -127 -90 541 739 604 633 -155 -706 747 74 490 -725 -534 278 153 411 406 -500 0 -53 160 -833 559 18 750 -655 891 252 -815 -716 -364 -608 -107 414 -457 -463 476 733 -1218 -873 -842 745 -683 34 -532 -222 -171 230 -237 -1356 -1102 -644 89 -1065 -495 
-161 650 42 -366 601 -380 -171 -184 526 -310 -423 -5 -304 548 667 -614 -377 -964 30 1115 558 326 458 -37 -202 -13 233 625 -1007 -428 -97 -398 264 398 -685 -880 125 -544 -201 -267 -425 279 384 22 -530 455 -276 -382 -33 -396 -90 -462 684 277 -758 269 263 152 69 259 98 -1153 -26 294 -8 -1037 1133 434 -260 -719 -161 -124 -380 120 -474 -401 -555 -314 560 -62 178 311 113 -561 533 -339 954 45 282 -825 212 -134 262 -529 399 343 720 691 303 -844 -250 -392 -555 613 -399 189 827 804 -14 585 51 696 170 256 750 293 292 444 -295 -559 239 -482 287 50 -112 698 -187 -648 290 -189 402 -299 -1239 -206 1031 617 903 -168 -1080 124 -713 130 -101 442 -329 1088 264 -556 110 633 172 541 508 519 493 873 -1123 78 573 710 -246 83 210 -743 -373 -374 817 -18 -138 -241 1500 691 616 386 502 256 -566 -79 929 -413 -37 53 -298 101 -350 559 -50 -460 813 -282 -206 762 581 499 3 -305 332 -168 660 -234 
-301 -161 585 -444 547 -385 423 -227 1327 896 -25 354 -78 569 -434 -40 452 211 1493 -347 199 -385 -394 56 415 649 627 530 283 -341 906 232 -720 85 -195 -244 6 9 214 -738 447 -109 212 -131 -169 534 -479 799 230 541 491 -442 -185 -834 -531 -540 -41 -85 -752 249 317 173 37 156 -125 -428 -58 -15 363 419 -777 -529 172 1598 -130 527 82 153 470 415 -275 276 -705 45 -1317 -252 -957 -110 -297 -510 327 -360 -21 323 -676 521 1003 459 224 -306 57 -152 -254 -156 -231 899 84 -91 11 336 -293 -471 -274 -32 -191 240 -731 -460 -341 226 -157 -239 -727 -121 492 -180 532 -749 -735 387 720 -393 83 -103 -667 -612 426 -1315 794 216 19 602 -307 -903 -272 26 253 -446 -877 213 261 490 7 261 -73 -817 -300 598 -596 130 -500 425 493 -493 -164 42 -415 168 -149 122 84 -369 -601 -391 235 775 515 -779 -125 674 307 -363 -33 327 -586 -1141 -182 25 -145 45 -1796 38 -393 -232 526 268 944 60 766 -271 
-246 -664 -83 -666 616 283 -177 -114 1131 -13 -408 -21 -938 508 -180 -403 502 -711 -471 111 -400 -432 -108 541 86 -769 434 -1107 140 -223 -257 -252 -182 683 623 -544 -26 -97 -365 -182 -397 802 180 512 25 -509 403 -945 790 -209 -658 -954 179 576 277 -838 810 846 -74 -213 -1394 -79 133 -545 441 482 641 -278 -479 -207 -735 14 371 719 621 1056 197 487 -1327 137 367 271 882 -94 671 -631 346 921 455 196 940 -149 509 -483 -203 169 -580 354 188 301 -749 -791 822 -1113 -27 -21 979 -177 297 -363 579 245 -411 -488 1438 292 -1076 -1015 -93 -709 612 -442 249 -258 -691 -899 616 566 -399 206 -477 1262 -340 -715 132 -147 -307 589 552 763 -729 710 1018 677 -1435 -318 400 -615 803 223 806 305 637 504 686 -1080 -617 383 582 735 1009 203 -950 -597 -1021 1033 -32 -487 -628 -77 533 -264 -293 269 -121 279 -521 -155 611 -341 899 -555 -524 -373 378 480 377 -480 403 -1151 206 986 326 -806 312 -630 -292 -1144 -285 -636 
-235 -302 11 -46 844 831 754 -904 244 -776 -580 -242 486 -661 464 -139 -979 233 444 -517 -434 70 -48 -811 803 611 -791 691 -571 -901 -101 616 549 764 225 406 539 -174 891 -419 -721 -488 -353 -94 64 220 126 301 -860 885 173 67 -564 497 -578 336 1056 91 -410 -499 -411 319 -299 -258 -82 654 -32 375 214 -119 824 22 193 112 -812 27 -29 -363 -1103 -535 642 194 -311 771 -1003 525 295 -652 -467 -644 16 542 -239 -696 516 178 36 297 272 732 169 -810 -218 -203 336 378 283 -23 385 149 -339 -107 518 -1611 241 -494 35 524 319 195 323 174 290 -348 -1531 -112 418 -459 122 -315 -381 20 166 -85 -270 -608 -457 444 -279 429 681 88 855 239 254 -702 289 -733 -247 577 510 516 -1041 34 858 -179 63 791 89 -146 1 -780 473 -107 -281 -54 65 841 -181 -177 -663 -453 -263 -416 -33 360 471 146 -225 -156 -349 1134 -766 -17 402 367 80 -949 381 786 105 -662 960 854 -744 -156 -1 -436 264 321 
-605 -565 -344 -563 -182 -436 -229 -112 -93 -998 -131 348 383 265 -1051 140 -125 -39 93 -924 783 134 -882 -116 758 899 627 -47 159 -902 -1192 569 380 919 -800 80 -424 -382 913 659 186 -107 -718 -337 958 1598 328 5 -597 597 -482 -519 -510 402 -22 -626 -319 -219 -656 -268 -519 204 -99 102 -316 -6 556 127 736 -22 300 -1035 -576 83 -92 496 -45 238 -40 -1 410 -383 427 -16 -32 433 548 -549 -1346 -1218 -206 -536 618 127 -111 256 455 469 -938 644 -756 -129 -582 -503 171 267 -20 -718 -2 -592 -14 -129 -152 -1084 -7 407 -122 -213 455 487 668 -514 -981 -1149 921 236 -766 -238 390 -786 79 590 -192 -822 392 -303 566 172 -566 610 316 -273 95 1023 435 879 -289 -512 -446 -137 379 481 297 20 -349 84 -315 422 752 387 710 -554 579 -550 270 7 393 55 -215 46 -30 323 183 -914 388 630 -862 -491 -1252 -627 -506 1157 -770 -40 209 1351 -111 216 -239 -166 -91 -518 -475 -1387 -541 143 -762 -420 437 33 
67 397 -359 -508 -61 -211 -365 511 -328 523 -174 -356 433 -231 103 187 -327 -526 -182 -221 304 -158 791 -232 -515 173 -172 -664 693 -479 552 -616 -597 -1044 -517 669 236 853 -41 985 -773 -524 -584 -83 268 -306 47 -382 177 -526 -549 268 -1 -736 854 -718 -714 -221 95 512 -312 -345 1182 596 218 605 357 -301 -403 123 -793 -267 710 423 -315 477 41 -316 -361 779 230 130 450 -268 -766 -38 -2 -438 -590 114 -317 -886 -170 159 93 -435 -904 -864 79 1011 276 -634 369 -199 -613 -225 -201 -73 487 -320 249 85 -666 -309 269 -132 133 -722 837 608 -2 -385 140 -6 669 -456 -482 -64 406 -452 572 60 593 -331 41 398 129 602 360 84 266 -440 -515 -416 796 186 110 -116 -98 -706 875 -143 405 -72 -734 131 270 -934 -243 5 -411 -334 315 -106 102 838 997 -200 -64 -751 398 982 -368 -231 615 -1506 334 171 41 -284 200 614 378 -57 -896 135 -193 224 -51 -190 847 -238 -822 139 3 776 -187 -179 -147 22 
-118 -257 -986 -433 -365 188 -438 1053 -43 542 -1203 260 396 331 -299 -241 585 -570 -115 236 225 -64 797 -71 -362 -25 607 -280 297 -315 1248 368 -45 -302 1132 336 323 -228 -248 -767 -12 533 -100 484 118 -776 -1223 304 -344 -108 -308 237 -327 -216 528 95 440 314 -946 -222 -1048 -168 1091 -1436 -386 19 -317 -455 466 -307 45 98 -72 88 160 -303 30 957 -789 321 699 334 116 885 573 -542 367 527 -214 -712 463 -731 -1815 -53 -862 306 -417 -424 570 447 461 575 819 788 -190 621 716 -601 -112 170 137 397 468 -668 -691 599 -612 -522 -352 35 155 265 414 459 -682 153 -192 -676 -727 -132 -334 140 147 215 199 208 -322 -80 695 -488 -33 -681 1667 155 -1078 454 627 -1519 687 699 902 527 -148 485 221 69 709 227 21 -95 1025 -883 -97 -394 -1022 1424 181 -150 -849 -340 324 121 909 -160 292 -586 812 231 187 -11 -548 212 272 -906 888 178 165 -383 199 233 910 -361 220 116 -263 -358 -722 -600 -34 -494 
-147 744 -739 618 -464 110 670 -345 -465 -214 307 -532 -200 -247 -497 -404 -850 15 -233 -1 -33 803 -309 66 336 123 -924 666 -205 -344 168 -209 -96 306 73 161 206 -914 -529 -350 -666 549 -513 396 -193 149 -319 -884 -715 -65 212 125 1056 -541 -473 58 806 -128 950 -255 -280 -950 -397 -867 -14 248 194 -1388 -7 -67 -420 1080 -637 -867 3 -427 -484 -448 497 -1374 69 416 -489 416 -337 -83 883 433 -644 383 972 307 -400 -115 1005 -109 29 -284 -289 -453 593 -273 -362 229 -651 998 126 -62 -591 -352 -506 -176 290 -325 -84 -93 -163 141 -500 662 110 1132 -572 78 959 -375 -815 -406 -766 -83 44 215 319 946 1314 426 454 148 -681 123 420 -6 -653 -109 844 270 662 -340 -532 679 -141 417 -858 411 -152 923 -574 -481 74 267 -492 -113 530 311 365 292 -208 -185 575 132 429 -655 1141 232 -98 83 910 -66 -897 -92 -392 864 -976 221 11 229 -456 -351 369 105 -186 665 99 -20 -45 -485 507 -717 -575 490 
1115 -287 4 335 906 194 449 -292 1390 241 454 247 -40 485 -119 50 575 214 1090 652 -215 -129 357 982 -119 100 -74 289 26 1182 758 -389 -444 -150 1006 -1358 74 79 -53 -298 -474 -145 131 -251 12 -864 299 -413 -262 226 187 950 1325 462 -909 -746 103 237 86 -804 -628 -44 432 -250 -127 -875 -597 -53 52 114 -278 691 -211 -159 197 516 -605 948 503 -347 181 1274 203 -477 -190 33 -533 442 -242 371 107 -732 -256 -190 -363 285 189 196 70 -18 143 -878 436 -449 -213 -546 129 865 -269 240 -838 -167 -621 -272 -207 715 -676 698 -162 -406 -54 -451 183 -842 -215 579 312 -941 1122 423 746 634 -983 -1077 -214 -469 -57 -41 -347 -218 839 948 290 502 -979 -61 633 187 283 -152 152 335 -550 -429 200 -397 -354 315 581 406 -365 -578 -253 -305 -34 389 -275 273 -382 143 -446 -144 354 -144 1628 264 890 757 536 586 419 -57 234 -333 -553 289 -82 -187 -226 -271 34 129 319 427 411 -266 631 282 -350 75 
-175 352 -184 468 38 -274 -224 103 -102 171 15 -1387 310 -413 -58 410 336 -426 236 -458 1326 443 140 259 160 195 421 613 212 302 1027 35 562 -164 58 -540 -369 -66 -431 -199 606 -942 -714 -497 962 -142 215 -412 161 -80 -1253 459 -845 -720 -444 -380 307 522 377 -629 822 -171 -246 -653 183 525 248 479 184 295 188 -88 279 -667 -196 -1275 469 432 -493 -204 22 -463 -543 273 492 -535 204 -652 -95 -425 -360 39 -153 711 -500 -108 -528 -225 709 330 299 108 -520 698 -322 -446 342 -932 308 -382 251 -487 169 697 6 -159 393 -194 600 219 -40 1131 -492 387 -1054 186 370 -15 346 -1423 357 529 -52 -82 -193 922 -946 -935 -196 -165 179 -990 -138 -115 -295 241 349 -739 767 231 515 -130 -463 600 -334 -1077 438 -444 242 396 16 -183 118 -657 -663 667 -447 569 91 180 -186 -46 409 -760 -547 -269 -48 315 561 80 -692 112 -342 446 -432 -370 -239 23 -925 -327 991 110 505 552 -356 353 695 624 -958 -281 
-568 649 395 -614 361 -33 -170 114 -398 -812 -657 -407 678 12 342 -141 493 129 -525 -94 -624 -808 14 -520 306 163 220 248 -819 -196 701 -310 -370 266 -139 -17 340 -15 -133 -480 123 -412 -459 1079 -621 590 -861 -21 419 -821 -276 -1270 -31 -773 173 -125 -579 429 -869 386 1012 -435 -200 125 -508 69 -505 -1002 -767 -901 -54 -209 428 -138 -188 775 -599 197 -448 -99 704 -70 624 558 406 -939 190 -302 680 -3 118 103 443 -749 -671 -674 -117 111 -599 93 946 492 957 683 432 -299 726 -514 -444 122 1264 768 -1141 -570 341 322 30 189 410 -555 -284 141 224 -335 626 -320 -1323 -309 424 -586 -476 900 542 22 70 113 574 -673 -79 -59 666 370 -397 -230 311 -235 -170 -50 -511 -160 457 465 583 134 357 -707 -30 -135 -37 -983 -504 273 -130 -215 -316 -29 -112 -715 822 -443 632 -311 1164 490 -565 -301 262 288 151 -293 -643 461 -510 395 -57 -1550 -913 423 -665 -377 1524 -64 525 -1019 190 847 -461 206 -685 -141 
313 -177 1130 13 229 -23 -594 -377 1177 1390 778 -784 191 23 -791 147 -33 -788 -348 332 1217 129 78 260 -756 32 -485 -232 -1275 -853 -161 -803 546 500 -575 117 -267 1132 1455 -355 46 506 458 -436 79 -419 307 585 -9 -235 894 -312 -112 -1023 832 -298 270 616 88 202 -237 -822 142 -348 431 399 -240 -118 246 95 831 119 -402 -147 -727 -475 -792 -476 534 500 -392 113 256 -164 402 237 359 665 -192 -529 -748 -394 154 160 315 -827 604 -621 -674 373 497 597 -585 313 -117 -569 799 353 -70 -98 -1063 852 57 391 1002 -351 112 99 573 -524 -422 655 124 -76 -392 34 275 -270 -603 -696 -377 -567 -79 -61 -465 -93 379 -1018 -82 328 -472 1394 -502 225 107 -242 -443 -139 -368 -752 -400 -98 301 505 -577 550 -464 -261 -79 280 328 -50 669 -55 633 -42 1337 -79 266 257 -2 516 -223 404 -307 -424 -887 169 -31 -135 -716 -501 335 -289 371 -424 -128 -610 71 64 44 46 199 891 -375 148 573 351 -4 693 
-1435 1042 746 575 -41 -135 -202 1147 545 -626 833 78 204 -188 1644 -557 -195 -201 -282 266 -319 368 -345 -848 217 330 -305 -732 -252 -876 997 -262 86 -634 -780 -432 564 -56 -1025 537 188 -65 -432 -906 120 -776 682 839 239 13 -664 -268 716 -309 521 -340 271 219 -43 197 152 -29 -402 -159 1191 24 -392 -118 -559 -1070 -653 1357 778 65 657 -491 482 -480 319 -219 -232 734 396 -657 -110 1037 769 -25 188 -120 223 -38 442 -130 -433 -651 547 -581 61 325 -421 -1503 -259 977 -263 467 258 399 486 -126 126 -33 -966 596 693 -241 381 137 -364 27 -149 476 -395 638 -980 -535 -150 -724 446 -216 361 57 -539 319 469 -269 418 536 230 786 -135 219 -225 250 367 -446 625 615 806 -753 -258 510 368 -174 52 265 -1071 -848 220 -485 -367 119 -921 -869 55 -81 -979 153 696 -377 -465 1060 -372 -234 -64 -1188 -507 -345 440 -6 -254 155 110 930 -558 452 348 -132 414 -667 -37 186 -999 957 -281 197 152 246 306 116 
76 -720 -119 -201 1056 -1 441 445 493 403 133 -439 289 -187 -144 -791 854 22 -781 385 146 494 157 -261 -668 -433 -432 539 103 12 -647 220 336 500 -128 -854 420 467 691 301 311 -345 -603 848 -165 191 -612 1168 950 143 279 122 156 -1147 -123 158 7 -9 1248 957 -629 1205 31 -1169 170 -273 1 1112 -371 -168 80 -725 505 476 -286 -571 160 262 348 694 967 558 -621 -155 307 -498 -282 465 216 -195 794 -156 440 214 194 -87 -119 -525 334 -191 -123 354 707 -471 681 439 -46 593 -441 622 -445 -209 -226 -1524 -369 -406 956 -209 565 -459 79 -434 206 -685 525 -691 121 272 62 603 562 -572 -82 -723 -1232 -804 -220 436 -547 -527 49 -409 -103 840 -913 177 143 -441 -1503 -253 216 -457 643 -1084 1082 -1326 -235 836 -563 624 41 518 98 -88 -866 -18 -47 107 202 -885 1336 -438 -402 -204 672 -44 -284 329 380 -755 322 -308 29 -153 284 -315 -328 -475 132 -374 -431 -368 -306 1428 1052 -370 766 -18 43 -38 
248 -696 -716 441 184 -235 -307 -763 -522 -569 427 -143 -241 -398 225 672 -296 246 -444 12 -1196 -1 -198 92 65 -126 569 -597 17 -824 123 44 205 1396 536 -494 -762 -216 -428 294 -441 -761 -282 -357 -639 47 1303 2 563 -242 656 -804 338 802 -369 -29 315 108 -69 -722 161 -124 -120 -10 -755 945 278 -554 465 775 -828 -911 -141 -266 386 199 105 50 -825 195 368 684 -367 992 808 46 124 843 412 -59 -301 -383 743 -528 1395 789 -391 399 -534 410 350 476 -223 -785 -61 -471 -109 -518 251 760 -367 894 -874 -31 -305 -429 -634 -807 -502 -402 -323 650 -79 -792 198 89 456 62 145 -924 -157 476 1140 -36 -114 -425 99 -193 -387 869 239 -284 -838 -269 190 -207 103 -195 549 1246 580 21 -418 1102 -63 -694 55 -306 -633 296 -94 274 -330 567 -919 310 -81 -58 -246 139 -35 -185 334 -296 702 347 -326 -217 675 -1290 372 -144 170 167 558 120 147 -863 -96 432 299 469 331 -671 448 -94 -186 27 -1557 89 
106 -4 946 -687 -431 -232 -585 -517 460 665 -106 740 -366 -124 511 743 680 948 -65 0 -377 548 -752 132 156 402 761 -574 702 246 -49 28 13 277 253 602 -448 215 -11 -394 -120 -1074 -204 734 -769 -642 759 -169 -319 856 -26 -806 -57 137 -640 44 -578 -277 30 722 485 756 646 237 174 -132 -79 -470 -40 -552 -1141 438 -186 212 557 1044 -108 -746 -494 -178 69 746 -769 0 45 -685 125 310 185 146 -741 829 -227 122 572 -309 149 -232 -38 237 375 798 -94 251 299 -213 -331 -15 413 387 199 -298 -352 -508 -250 891 -455 389 -68 105 -158 -76 60 30 1025 277 678 -1592 -404 195 -755 -37 1007 76 31 865 386 -249 847 811 255 362 -1219 -738 185 332 -310 375 1060 -640 -107 -858 -236 1173 469 -167 587 -451 122 -403 247 -193 -162 739 -93 -733 382 -488 144 45 -725 -198 68 -126 -242 5 1501 -127 -440 -157 231 212 473 168 183 -958 93 -581 -600 -128 -310 -627 508 -829 -433 -319 120 416 -424 818 
112 238 -1494 132 34 695 -329 264 -725 6 -417 -465 -87 182 592 392 -810 189 -220 -290 75 427 -691 16 737 990 396 -662 634 -706 -160 162 319 -37 -460 30 -491 -764 50 -277 -837 -124 -207 -497 -92 -265 597 -502 -911 330 -769 679 297 406 464 -526 -136 -229 -86 47 208 -388 -589 124 343 266 573 -590 75 -186 -180 -783 -692 -206 -852 186 -31 -129 -670 139 -110 46 652 65 -770 451 251 -380 -788 0 -139 688 -796 67 -34 -123 -842 193 -489 265 -268 -299 -279 202 7 -147 -399 -495 361 -697 165 243 285 -272 561 -573 769 547 -354 -536 698 121 304 130 319 -581 -437 277 90 -968 153 307 178 -298 535 -395 -215 647 -492 357 754 -89 340 -365 557 -177 -657 382 377 -1018 1431 585 83 257 497 637 -491 -590 348 -220 -33 -194 -641 474 -41 382 -980 342 386 841 -398 625 -90 -91 248 370 -553 312 38 -198 207 204 143 908 -654 38 -440 305 -241 -790 390 14 291 -942 -179 101 -823 -300 -271 11 
-440 75 -1066 -459 248 161 -846 326 -194 539 272 710 -679 182 -151 731 459 797 -122 61 -551 -334 -513 -528 -86 -620 630 10 -486 -177 498 -549 514 982 -503 701 122 741 -80 -453 -435 202 243 123 187 292 -122 -51 -473 -491 -368 -962 -1275 50 -543 710 -302 -68 86 697 -203 219 -935 -323 64 -21 -848 980 -677 -161 -389 -732 -115 -138 78 176 -982 -535 408 716 -209 174 332 54 -175 595 -126 -571 914 -170 278 -348 194 563 -784 -299 -966 -84 128 -573 -380 451 76 1267 -616 -579 -150 994 224 457 -252 471 -269 341 -934 696 -160 65 -1308 487 148 -729 169 698 419 759 -243 -154 -365 1084 93 202 243 580 45 -352 76 -833 1493 158 790 -766 -520 -401 -192 -715 469 41 -311 297 163 -258 218 -783 -423 589 -951 -78 -146 220 42 25 -426 -271 -705 122 -293 152 -763 409 245 110 334 299 513 -207 -498 456 131 -357 -893 -528 146 -140 134 -813 207 -262 365 290 -546 555 592 985 -346 198 -824 97 -257 58 
-143 731 -129 972 -380 -343 474 314 -316 179 333 777 -336 -476 -2 739 165 443 -397 -194 -206 757 -856 -222 518 42 -1092 204 826 493 1072 568 557 -128 862 415 32 -558 401 -291 -617 578 176 65 -604 472 398 -262 -901 -48 378 607 128 -567 220 -85 872 333 135 -540 603 -778 -500 -348 469 335 -262 112 -1157 330 -858 918 -594 -868 -102 -239 661 413 876 -212 -1271 -471 -346 -129 -28 587 -36 753 -420 1029 -585 -377 -641 304 1300 -85 212 -387 252 -94 391 -602 108 -882 -702 -444 162 246 93 865 27 -314 12 745 -753 -922 -645 -119 263 583 -162 1678 199 214 351 -46 -358 -152 -86 530 657 186 217 -193 278 -882 643 -586 -467 -266 62 693 917 -215 202 91 -27 555 204 1031 -6 -223 -767 1195 469 362 190 568 -457 752 -569 108 -61 358 -535 -808 -392 1204 25 262 -533 -1136 -148 405 625 -955 -204 -225 -369 402 752 -217 252 -206 -409 33 786 -573 -928 -769 -363 664 -391 -416 -144 380 434 -266 -106 438 
485 1021 357 -305 339 551 290 841 -837 106 -871 480 62 757 1320 -997 -85 -799 -168 -116 581 130 295 1089 -34 -154 -500 -174 -87 943 -669 -735 104 -502 847 -149 -15 -627 -900 -493 -86 -741 -379 347 816 -349 -171 134 564 251 754 445 -263 -195 186 382 174 471 82 370 -479 -294 -31 -298 -463 -155 449 722 86 524 1351 115 253 779 -319 -297 -164 -697 -335 -129 160 183 757 267 -49 -102 586 590 -876 -564 -16 391 -109 345 161 -191 366 1480 396 403 183 -107 -540 -216 -9 -753 -160 -341 978 -107 396 -812 -28 -481 400 -860 665 217 650 -491 -180 -401 317 -180 224 37 45 836 383 483 -412 603 -270 242 901 175 -149 249 359 -80 -185 429 -357 -476 781 -560 710 617 -492 -117 -755 -21 196 1093 777 -405 -474 -1039 -405 597 -7 626 -380 49 152 378 830 95 231 350 537 63 104 -297 225 -493 -29 -451 -507 492 134 -276 -323 509 -200 1 344 115 -263 163 -38 151 297 607 405 -199 684 -257 -134 119 
348 -45 -354 -455 -500 -790 -231 -918 -768 -50 -831 449 70 224 -81 288 -172 939 -32 -309 94 -134 -371 -602 -82 342 -323 -639 -220 -501 -561 12 238 98 461 -234 71 -388 25 -879 -66 -191 501 7 615 -699 652 609 -161 112 372 -350 476 50 -471 -319 834 -563 3 -121 755 416 175 6 -301 737 -226 624 306 283 480 -279 -9 436 149 397 -116 1221 -54 562 471 -972 110 -635 1048 -824 292 518 718 340 926 -1215 757 -573 750 10 244 849 -1119 -102 395 -134 -904 18 -16 -49 566 94 -702 -98 -265 405 -774 163 489 -48 -573 222 29 238 -1056 843 -40 -1643 -305 -330 -701 1200 503 97 -326 757 582 359 229 284 -636 -501 -853 956 732 -693 539 -404 562 152 -184 -342 1276 377 863 -1369 842 764 611 -607 92 -416 541 145 -66 -375 -312 -1079 -258 -592 -721 -1112 568 -666 955 107 905 -479 -551 305 -142 766 529 87 -864 88 483 208 889 175 566 116 218 276 440 383 917 -150 -225 -164 -300 -506 -809 -1073 
215 946 158 361 305 24 491 561 485 -623 -382 63 77 -131 911 325 -508 -463 -244 97 -56 -66 -233 -296 -197 816 509 660 608 -452 -562 85 -141 13 -70 470 119 116 -124 550 -1068 -5 -518 755 -475 104 344 -137 -774 -41 25 -118 571 32 633 -156 732 -273 -902 208 293 59 112 -782 -240 314 -404 -881 458 1243 -701 480 -335 -73 -184 -170 299 -480 -29 79 -863 -59 61 525 -544 417 469 278 -82 -284 -738 243 -382 -681 187 920 79 -527 358 350 1386 -503 -58 -1111 -1119 673 -677 -786 1124 -455 350 -241 102 -43 137 264 -292 -416 18 306 -989 705 75 -102 26 502 157 136 -424 -433 87 -135 1269 980 56 -1036 93 -414 -337 -62 -316 148 97 -524 -176 -201 -246 769 544 451 323 -532 -382 773 224 614 -43 399 -289 -984 167 -197 -580 1448 668 269 341 285 768 -78 -230 -3 461 7 399 -248 -125 -869 -1469 31 -547 115 88 775 403 235 -118 648 -86 420 519 -119 -772 -42 249 -109 570 -761 476 53 
226 331 156 34 130 -337 -672 -458 719 -743 -660 -58 -186 -124 -92 661 1274 215 -437 -136 -586 282 -651 -131 -82 -52 -642 252 -502 239 249 -142 1006 -108 777 431 -255 275 178 -455 184 -333 -799 18 425 -75 -164 -386 -147 -67 54 -571 -1106 -240 -983 -54 284 727 -287 -249 -66 623 -498 174 -32 -63 0 362 117 203 129 639 306 -206 -558 114 310 857 -1020 434 1067 -822 609 402 642 149 -185 -237 154 58 -302 -880 192 -789 -167 -582 860 86 -232 351 193 -374 231 250 647 -745 -46 -809 -374 508 114 -3 494 -27 96 -737 535 -200 321 527 595 108 52 -482 353 87 236 66 942 -4 -216 331 8 -253 -646 -293 -205 -636 -528 -202 101 -165 -756 200 401 -321 314 556 250 -721 132 -593 -222 -669 855 66 -123 673 430 443 598 161 -503 -595 -137 -383 342 472 -247 516 -8 -48 159 -418 -25 -861 -181 448 286 281 314 -344 429 -246 2 -16 -231 -762 -847 -405 453 -670 43 620 -473 444 73 54 -259 -426 
908 -202 185 -409 102 526 -156 -503 -75 562 607 -284 757 -157 -150 394 -217 -108 1194 -396 -377 403 1314 -63 -63 -231 622 935 264 -1323 569 510 366 436 -126 -265 595 -310 261 337 418 -319 -412 608 516 638 240 -96 863 794 -376 313 -378 92 -332 498 96 -411 230 -536 -62 35 -571 -494 -106 -539 -401 205 184 321 -353 -581 -964 -1113 -538 169 697 981 61 -430 577 -51 -278 -99 -66 87 89 -326 -546 -497 358 452 -100 42 -92 -364 144 -361 209 1300 311 1181 -21 -414 -682 -165 -92 646 -809 134 23 64 -548 -845 -415 -597 -197 392 1472 164 353 837 -225 -435 47 361 61 -139 502 64 -65 -129 -85 -382 -171 -197 702 204 -368 589 103 -580 -633 659 104 902 -325 765 642 -187 400 -374 -324 8 -5 186 -778 1165 -269 76 -283 -778 28 797 -697 45 -422 428 -158 168 -677 -305 427 -447 680 -252 41 602 452 703 -573 -110 -851 -237 140 198 -953 -262 416 -522 165 -816 536 389 -272 -13 370 5 100 239 
-346 -616 167 -390 -703 480 83 79 -36 -860 -700 -85 -355 246 1023 -409 -343 84 92 -256 -291 -1084 -1582 369 -303 -241 -682 799 309 -83 -262 -302 195 -327 227 -126 -1018 -299 -111 -204 -789 -606 -807 -1031 -151 -59 -30 -642 -785 11 379 -45 492 888 427 -116 -670 -272 -131 755 -359 -385 -491 240 1032 -795 -229 -865 39 -224 86 -149 -512 -507 -696 -407 -514 -777 303 -423 -48 515 -684 153 152 754 685 585 -849 644 -63 825 -157 -182 473 706 -754 478 85 528 18 166 -589 564 -261 -231 -842 -106 303 487 -5 568 -540 1047 456 892 2 -43 -536 322 -745 -343 665 227 725 410 538 -1387 513 -486 -727 -447 239 508 -590 319 -152 114 -377 110 -400 -340 -384 -1063 -408 301 159 100 -217 546 -339 1135 -452 883 358 325 -602 419 -303 138 -1394 823 309 -139 -80 -378 256 -361 -1302 24 -394 446 55 1007 -1054 999 -451 97 -187 222 -45 -878 256 191 -367 1258 729 409 259 470 314 -197 -370 -339 390 -394 -202 906 733 577 
-602 579 -988 424 159 132 194 -419 -184 -342 -351 -105 -696 312 294 403 87 250 -541 -803 -477 427 -160 1354 565 -664 -682 1071 53 -146 -499 1014 683 -330 300 -437 -42 891 299 -482 -752 433 -51 -567 202 62 115 -572 -100 440 206 487 548 35 191 1049 -544 -337 553 184 106 545 -620 -144 769 -347 633 886 39 -45 -241 -529 -916 -1703 -730 133 357 -241 -36 -576 1001 148 690 668 -646 -340 579 -162 -621 -488 -208 874 450 -268 -370 495 502 415 -720 -292 -1146 302 -1604 -725 469 368 -780 -1059 435 180 -894 -467 273 -476 -373 -789 825 943 976 591 115 11 500 296 214 538 18 28 -514 106 -202 -766 515 857 856 177 86 155 198 -348 330 -64 -1224 -292 -509 218 -510 210 -6 317 -1375 -412 -88 526 -81 -435 834 442 216 -26 27 241 443 325 -208 4 1122 -662 -45 525 125 23 156 -37 -171 819 -301 -229 -858 488 -183 15 168 29 -382 -132 -890 -399 230 -297 -152 -61 193 -429 -890 -94 -74 -434 -23 1099 
-568 -280 282 -10 204 1496 483 -403 349 293 41 191 -676 319 -117 -225 728 -402 -1001 956 -250 415 364 977 257 -477 463 -359 -106 -631 294 601 964 65 -1051 -707 444 -154 -303 413 -173 536 42 -126 -102 636 552 -275 46 423 -573 -394 -166 597 -572 114 244 -799 -82 -497 -289 -635 336 65 325 1776 292 -452 -465 -287 170 -966 -351 -1118 946 699 208 220 -697 -162 -933 1498 -493 -214 690 226 -664 -227 176 -520 -425 139 -627 -795 -361 71 -117 32 144 514 -312 1370 841 356 -66 -633 -105 -707 -405 -145 -1069 -916 551 -1023 -488 171 -686 238 580 -663 402 -167 113 23 693 -524 771 -124 -249 82 -475 -447 -386 340 233 -518 470 11 1124 3 400 9 140 -99 858 -420 37 -801 607 -41 -387 237 401 418 -269 -362 110 617 -1227 183 454 304 -615 -324 -273 -295 -494 135 -1705 907 -859 417 -876 -486 650 -737 -470 -290 97 -765 228 -188 -605 -528 1033 969 739 725 406 -165 -910 -451 -876 -685 875 -27 -128 -1240 -184 448 
-694 -99 399 -568 47 119 -446 327 -567 546 114 115 652 -852 -160 120 -24 -381 334 355 -375 -67 -574 417 246 -1134 309 234 180 -554 837 456 -714 418 -340 -42 104 -592 45 436 238 10 79 -293 221 202 60 101 -1084 -690 -328 330 234 446 616 -18 -24 -176 -983 -687 129 556 -589 -244 -132 89 66 -687 263 725 -1154 -612 -152 -444 399 611 571 1024 -45 -172 -380 1077 -830 552 555 518 326 220 -50 399 -815 0 16 200 -86 123 -158 -606 -630 52 -48 571 140 428 -216 464 -66 -302 583 190 -401 -218 22 442 57 -453 285 58 -550 -330 -828 938 378 -87 336 172 -23 -300 -594 -780 269 -766 101 168 299 -847 108 -383 512 182 -937 -305 -460 146 793 1147 -1220 390 28 133 -437 512 -923 -432 -985 30 334 192 62 -317 -634 -131 -127 839 -556 1171 -623 661 -75 -448 -699 691 546 172 815 -358 498 -221 -573 -540 667 -1064 246 -57 322 -576 317 -778 -278 -82 -816 570 -490 -985 -450 477 -361 -44 -530 43 
110 -384 23 -648 439 -79 -200 -296 443 -114 452 -538 -266 -269 179 42 -1196 -515 -95 576 -327 209 -668 227 -364 -187 456 536 456 -593 -1 -1132 -293 -212 -204 95 275 -264 90 644 -203 117 -132 25 566 88 -525 145 -786 -816 725 -10 186 -743 735 -263 -579 -101 1462 463 261 -645 163 -1063 -291 -1137 191 -137 -1057 1072 32 -563 -131 802 411 623 -86 192 158 144 -242 -87 -313 -413 -145 446 -3 -355 -648 -223 154 202 148 -559 833 213 152 -519 322 57 305 -400 147 29 -937 -546 526 488 779 -26 310 219 463 -11 234 -462 -544 -603 47 -250 736 -7 -122 703 484 -421 -539 -11 -735 873 -439 397 -745 73 -825 152 419 217 -456 192 454 446 1206 191 -61 -456 -346 -394 -1356 328 358 969 117 -78 161 -174 213 432 -76 -178 -226 836 -286 409 -68 445 243 145 1126 -625 1156 658 118 310 538 -546 -344 -421 20 9 774 -349 -955 -669 -595 -832 691 -623 242 -606 -364 22 4 -560 538 -79 728 393 580 -21 
157 605 470 -752 480 327 -638 112 -1213 -491 306 -26 -80 -22 599 -834 -131 -910 1217 388 -180 -728 623 89 -755 -6 -286 14 413 422 775 477 -1158 405 162 24 777 4 435 348 124 -201 -551 -398 -321 -381 -134 -303 -166 -6 662 -240 585 -92 976 -73 34 -44 87 -260 -28 -170 -14 2 -887 -521 -341 -751 604 -261 -206 -513 -412 -634 58 1057 159 394 460 -610 308 483 -110 151 -219 1110 -295 803 -108 227 366 -272 -113 -235 195 -58 663 -367 529 -519 187 199 122 -345 564 940 597 827 -105 602 -347 431 -305 -706 377 -65 669 38 35 1048 -250 67 201 283 773 754 -1065 -355 -300 -766 -25 223 -109 113 1260 1140 60 154 851 294 368 736 -86 207 192 611 623 1017 -279 150 -427 302 -384 -2015 -424 25 377 -235 98 245 309 -210 479 932 -191 651 760 61 403 -999 361 -568 445 666 -309 -306 108 637 165 1191 92 -355 1463 720 611 477 -617 310 341 669 1065 520 918 155 564 -467 -816 -30 669 119 
278 -7 -97 -614 -802 233 620 -1068 -635 460 135 375 -277 195 29 82 771 550 -758 267 447 -326 513 123 -759 939 -96 557 -718 -757 -438 356 -340 -396 106 217 -455 625 854 -392 -105 -58 -114 367 -281 -380 1052 128 -52 196 278 44 -1472 573 -155 -217 543 45 -213 490 -120 -208 56 313 -89 343 65 -500 154 -659 -475 -581 -145 -1129 101 -152 -73 -5 -109 -450 38 105 -1085 -131 306 -426 -114 721 308 761 -44 410 -1003 -393 -69 -742 347 -698 -1118 952 612 -9 1002 776 275 -36 -576 640 -21 -1026 -419 -460 173 -250 -151 771 685 80 1176 -330 149 513 -92 -173 648 482 891 -86 497 -583 450 -336 238 -1194 451 -20 -970 50 -4 -237 -119 576 -170 165 258 191 -209 849 772 -310 389 363 -398 75 183 346 274 -328 -170 -355 193 -290 401 739 110 -14 -510 -1308 360 289 -398 -368 886 -307 134 -770 100 -867 612 -107 -578 355 587 -203 -95 783 -247 360 -294 1273 173 -171 486 -747 527 480 79 203 -113 967 
729 -266 447 757 314 -47 -761 -187 -278 -266 -586 -317 489 -513 -923 -1128 -229 -12 -56 226 1247 720 237 -742 -559 492 -89 -137 -639 171 794 509 -1423 492 -480 -540 859 100 506 191 215 969 191 302 -209 -685 -978 521 -67 -157 90 1208 768 -576 1161 -202 -877 369 244 -347 -316 620 786 -495 328 -446 304 253 -80 -866 374 -144 393 877 347 451 53 -433 764 -76 -86 10 898 310 -129 60 -43 -208 -270 409 658 -882 -116 785 142 571 1134 -749 477 -305 -29 -1245 808 -175 451 629 1099 341 -215 445 -160 -214 -211 361 -444 -320 505 -861 -306 -288 -351 -942 -55 -814 663 -108 586 132 -146 -213 480 -253 -861 -258 65 151 -26 1161 48 561 811 -750 591 -129 -107 -94 451 -198 -386 79 597 458 135 -1178 172 246 200 -90 -9 811 251 517 151 -188 -633 744 590 677 -75 -455 -600 169 -596 -1065 39 -538 -744 15 138 292 583 -144 763 194 -205 220 -449 1241 517 -453 -536 -648 -829 610 696 617 22 -392 -356 -833 
-136 494 -542 -1119 149 -223 88 -260 -353 526 407 352 -211 342 -786 223 -107 -975 602 -233 -306 -382 -339 522 568 518 692 -129 1333 -619 -261 49 554 -124 -1108 624 -434 -417 629 -379 188 -604 574 160 505 63 -82 117 -1134 -369 -697 -38 393 83 146 554 -329 -229 84 -406 55 -2 120 -463 -1010 1279 523 -584 -57 347 168 213 317 -102 154 530 264 639 256 514 103 -147 622 -1209 617 -254 -126 -1618 -714 -488 774 963 -518 -135 -321 328 -452 -226 841 247 -973 950 -619 377 101 -359 1762 -377 -19 -1364 231 -727 951 81 -518 599 561 -303 126 11 55 -199 919 437 -245 520 6 1026 -144 923 206 172 571 -93 537 -284 -820 692 80 -112 -177 -704 142 544 84 7 -976 -480 -10 224 -27 -266 970 -231 -1294 339 369 -259 997 384 -86 -665 -968 -147 -958 982 -128 -270 -710 -279 -597 260 133 -459 -472 -757 -505 -150 -1035 804 -207 121 -1049 158 47 -82 607 -153 145 -424 -328 -26 422 378 -8 1142 293 -256 79 -385 
350 210 118 369 -413 -238 -1365 104 -135 -442 -124 -153 477 445 294 -297 -394 438 -614 316 431 473 239 -425 129 -74 -449 -94 104 -343 -372 -687 -342 -183 -25 508 -1338 407 -181 8 169 -57 426 342 -566 389 -695 260 -91 -385 -250 244 1258 -699 675 -495 -15 587 -171 -42 -594 -186 -447 -292 -213 -1 -186 -369 581 -72 535 382 -8 -228 -65 -469 261 -218 -415 -25 843 -88 314 261 343 1171 -312 -400 -690 249 -257 98 505 -20 -555 276 -748 354 170 357 232 310 302 314 23 -573 769 -159 -913 1237 615 -83 -19 662 892 -646 876 -57 -1004 -12 -492 -1357 1040 927 109 -61 66 432 -306 463 -565 -457 -759 188 61 -90 582 299 345 331 -206 -47 -505 449 38 604 88 -240 -395 13 -339 -275 395 66 92 636 -404 -18 622 -894 -228 558 -255 -543 -553 -835 172 559 103 706 -77 675 -411 907 58 212 338 -12 435 -649 -159 -719 591 594 -762 591 349 724 888 24 589 -1012 -659 78 77 -232 -212 317 135 -474 
520 -772 -57 -464 108 876 -321 69 -569 368 -274 345 127 -523 320 -475 55 -405 59 -225 437 240 -9 608 239 -110 541 -298 418 -438 693 749 -718 -61 988 855 -869 455 -232 656 -409 449 -334 -650 -125 -340 545 338 -201 1080 -49 877 -278 218 378 -269 154 -147 -3 673 -795 142 294 -432 -34 -1267 -289 -205 -819 -451 -295 445 -654 -54 -336 323 157 728 450 27 5 -682 38 452 99 190 547 303 203 787 -277 134 525 -48 -900 851 139 -531 178 -1325 -361 -319 -508 209 368 281 -689 735 -361 656 -724 -52 -509 441 -440 54 -687 -276 -502 -83 137 473 306 174 -147 260 894 -708 -287 113 -44 -663 -557 -92 -48 -53 256 1548 -128 -213 27 -384 1302 -935 -487 881 -784 -455 821 320 -99 195 -188 4 -10 817 337 582 -1183 661 558 -32 -631 -516 -435 -111 -755 -18 286 35 158 -546 -622 414 556 -420 -444 47 135 -515 380 -455 422 165 121 611 -274 -336 459 -669 -779 65 -347 -317 466 -168 -735 -74 -235 -229 
-357 -467 614 542 -347 1526 87 -447 -198 -71 -13 -373 516 -1034 87 -110 278 29 -475 884 147 391 916 -408 93 -46 291 1148 174 11 -154 724 -119 879 -940 967 160 437 575 1297 -443 -86 157 -149 78 -31 -629 -437 -980 -62 255 -209 266 -657 227 -153 109 -257 264 357 560 -312 159 -282 -264 437 251 -56 99 -165 502 132 325 -241 -725 -252 650 -192 122 7 291 -274 50 764 -851 318 -487 68 466 -510 -58 57 285 40 -338 400 -279 330 213 -387 398 -274 -379 -334 -1322 565 39 933 658 429 -604 -662 201 -941 -329 -394 301 371 527 826 929 711 -395 -816 646 456 817 221 -64 -1108 403 -215 752 -785 -461 84 -247 305 -828 -413 -209 -7 -4 -281 -762 -200 308 290 449 -150 632 -343 -137 -1327 597 654 47 324 605 371 248 -807 6 115 143 -38 1159 1779 -664 209 -131 -661 313 -600 554 -796 246 -9 315 -285 -28 -48 -1044 310 435 588 -863 567 -134 -455 525 -211 1084 666 455 -41 -220 401 1036 -3 
244 -1054 122 482 -849 -76 -402 172 -360 98 -297 -457 -77 -557 -128 133 -39 -371 439 344 1107 -294 533 -196 -526 -311 622 -47 989 -84 -146 52 408 -283 375 -436 -355 904 468 -488 -203 -137 -73 131 -834 -232 566 238 620 -1028 -187 -401 -1023 648 -284 -244 -677 -117 574 527 109 214 -79 -502 4 379 -410 -85 145 134 -86 -942 -1013 974 335 -503 -492 353 1408 -41 665 -562 785 145 -70 -316 62 -448 -80 -36 241 -659 512 173 454 240 -307 -158 -786 650 -264 -85 -565 119 472 -202 -96 435 -989 -858 -261 -192 455 -14 112 634 -359 -765 -72 60 607 -564 -1367 -333 309 -835 753 362 0 -510 -477 855 -464 -960 266 323 -1186 582 -293 -171 192 -735 -90 99 -892 -65 -25 177 301 -1 1 749 1317 -772 -391 -1599 -673 -321 469 573 -137 1058 -498 628 -505 276 164 64 -94 154 650 72 -264 130 -542 889 425 201 800 -222 302 -1314 48 -662 -22 26 205 86 53 -566 483 -785 487 -159 622 167 -49 711 893 -816 
255 -991 425 -751 -401 -565 -130 -278 508 1081 639 313 210 -667 347 883 560 429 180 -99 -508 -392 420 -1033 271 -62 1299 -602 171 4 699 -364 66 -1518 -196 -659 -168 -1066 -90 231 370 256 165 -569 -411 -232 329 -145 275 -11 -355 -290 -420 -490 -839 133 24 -913 -52 -502 466 -773 331 -426 -88 920 206 -226 -849 444 -1349 437 14 931 -80 324 64 192 257 858 -313 336 49 128 -536 -413 167 -962 -505 351 -6 -595 -1484 -879 -404 460 219 -239 720 -866 468 -508 690 -962 377 -355 394 301 -163 -266 -351 -46 394 -33 252 103 -896 67 -148 -429 583 -22 -145 1330 -509 -402 -276 -244 -280 -458 -579 783 1132 -426 765 372 112 463 682 -729 1015 -858 620 -303 -245 -105 -265 -526 111 108 767 -324 -498 -1141 -409 -172 -768 -162 151 574 -547 -208 -348 256 -400 82 -249 48 515 -1054 340 -435 -120 221 533 0 825 424 317 288 66 -546 -302 -368 -544 -16 -577 491 -423 -1019 -606 -372 313 291 -176 568 717 -234 269 -227 
-535 -578 -435 646 281 -251 -60 118 300 683 598 202 -302 42 -891 259 -149 -589 -338 -823 -568 34 -401 -10 141 24 419 -131 -424 -622 -640 -1567 958 -83 152 -724 400 -1439 -358 33 112 474 -163 -571 221 212 961 34 1190 -171 220 43 528 1158 794 488 776 416 -72 -473 -258 -30 -559 -44 627 -69 59 -651 -340 144 -13 -8 226 -834 -32 -789 673 -455 -189 -221 56 478 338 659 -9 411 444 156 -420 -109 506 -437 -312 -417 -104 -782 -27 804 725 -439 607 -188 -37 -168 28 -424 1027 -792 -122 -25 -66 804 161 -274 682 76 -50 -991 -292 -801 30 -508 -184 222 -273 304 50 196 808 280 -455 399 83 -164 605 -373 478 -103 -57 81 -654 524 -247 666 711 -90 -94 -604 -186 343 -387 6 -390 197 377 -245 -473 311 416 320 -413 140 343 -407 408 -338 -1226 -750 290 -167 -338 153 177 -7 -292 661 -848 -426 380 -160 55 -581 115 186 323 298 -489 757 1069 -383 -312 618 -88 16 -161 -272 259 345 -104 119 
314 521 -1461 913 -768 709 132 -483 -242 -543 -583 -560 -967 284 206 267 -621 -303 -106 -1 -598 -425 -589 -927 661 -132 -386 -912 -526 -1477 -55 937 576 -475 -150 558 -268 292 -702 -177 -441 -1248 496 548 -63 -453 436 -741 -805 194 -645 -118 150 -13 88 -649 75 388 -18 443 27 -472 -697 71 403 -360 -36 -239 45 -580 -1234 -522 -265 91 313 -125 748 -394 364 869 -66 671 -1209 392 26 267 215 191 640 658 599 214 87 466 131 625 -364 76 -351 301 -414 -352 104 -391 -15 1183 -1104 65 487 -651 10 -662 207 -886 -38 84 367 -495 -289 260 403 548 -825 638 -78 1184 487 -408 -472 -114 295 -210 -383 359 -749 -708 49 -549 433 402 -220 -78 751 -734 234 -574 -8 -17 642 -957 944 317 -339 -315 -153 651 -163 -82 -366 -43 588 667 -269 -633 -119 -820 1094 -1092 507 -185 -630 -759 -96 -551 -811 8 433 -369 -484 356 317 -419 1120 748 300 149 316 -735 410 417 405 701 -362 -369 -1054 -819 317 1369 -407 1071 
1388 -133 88 -17 -2 181 413 -233 510 -31 154 -1005 173 -305 185 -784 52 -263 -612 350 208 625 -848 255 -817 597 -307 -106 -374 -124 -693 -3 -368 20 -521 241 -844 595 112 308 -250 -107 -920 -413 -338 -732 333 188 576 -45 72 -459 21 -635 -671 -63 -865 1643 869 511 -724 -69 337 601 252 -371 94 125 -560 -290 108 106 254 127 714 1025 234 7 73 107 -28 -90 -371 -437 896 -538 337 -752 455 -320 -432 666 496 357 939 -64 -368 -386 -121 -1335 -251 644 298 131 -260 -1626 846 287 -481 -71 284 951 -377 142 266 -251 6 139 -52 -1126 -306 176 1240 37 -734 -378 802 534 430 81 -11 -54 -44 -719 -987 -182 51 161 -104 307 85 350 -21 -863 -429 -64 -889 1245 297 -315 -925 334 786 -388 -589 493 187 -270 -582 299 64 131 -369 -1014 -183 133 -186 -158 860 5 209 102 -438 755 266 -691 -667 40 304 -6 255 394 898 -569 -184 32 -56 -464 -172 -800 38 -248 -357 473 39 427 327 -222 -665 25 
-1321 21 132 316 247 -507 102 -334 -10 261 -423 -555 -256 -921 -52 -696 311 490 240 -6 844 -527 -801 -240 240 329 289 -883 -674 676 -852 982 -618 -369 -603 376 115 135 359 427 1505 511 943 136 26 -243 -121 88 -199 681 652 461 666 259 529 991 -1020 559 526 295 71 43 -162 -137 479 151 1042 -127 -230 -247 177 665 654 30 -803 -411 491 -942 -122 444 860 -596 332 370 -1153 848 559 812 -439 -223 621 135 292 1145 -738 -106 519 -794 827 -418 250 -256 -388 1057 612 972 988 -160 660 -20 -414 850 35 575 779 282 1191 -1348 -115 118 117 1072 -210 664 -81 -118 303 340 300 -311 295 29 -569 63 1148 498 179 596 -72 254 -183 -91 195 1270 -203 487 -113 -346 -84 624 -93 251 108 -740 -346 390 -131 213 473 -397 -778 685 609 2 108 -259 341 -406 -347 378 -402 -737 504 -551 150 223 -803 -549 -690 104 -115 487 117 123 -355 15 -465 1343 175 338 51 -26 -916 515 -281 1036 -156 172 -30 -189 
403 -647 -201 257 -558 3 332 297 -265 -376 -281 634 469 -524 -339 85 -483 835 931 -1228 603 -170 -102 -219 -419 780 -76 1072 256 328 223 691 -712 -295 890 404 -346 853 413 706 716 -505 59 1012 -31 323 821 -437 -340 -697 -481 -236 -904 -85 493 617 -1264 995 -102 262 593 410 595 223 -356 8 -1035 231 -156 -660 -524 -163 75 97 642 -513 -102 254 603 922 396 -528 -525 -183 -1507 -426 237 -459 -206 21 -83 -263 1772 -306 466 -31 -676 21 -759 1360 531 -669 -274 809 239 223 111 -316 -274 -509 612 -618 554 -51 -658 547 -24 -185 451 -7 5 -17 -498 -1248 -354 -935 406 -449 533 -209 -298 -545 477 444 -174 1246 -823 -163 248 480 -21 74 -75 571 -767 -51 143 242 -545 83 341 894 614 -496 133 413 346 -227 -79 -1330 -652 -16 155 910 -34 869 222 -285 -173 73 -785 110 -810 -1090 258 413 -715 -589 -217 315 718 -336 -479 -245 -365 -936 75 1257 981 934 572 -175 -839 -959 -352 -430 16 993 201 -622 
-336 -24 -3 615 485 504 -144 464 -626 173 -533 -29 235 -543 505 34 389 -211 -865 408 144 -405 186 294 437 -600 -268 333 210 -381 18 891 51 535 -616 0 -199 1400 158 98 567 -532 88 629 -94 -415 71 -468 -322 -525 222 -331 -60 288 439 819 176 -821 62 897 434 792 -359 -124 -140 -87 -347 -90 -215 -385 -252 -828 -76 -708 -222 317 -158 376 857 743 -465 -139 -461 50 -847 580 -863 678 341 -63 -109 -608 446 724 -47 381 -105 -358 -167 190 58 -192 144 279 381 431 -348 -263 390 -1186 751 38 -4 -310 -807 -506 665 655 820 11 297 421 310 -594 365 -360 -550 201 101 147 431 -1205 806 255 53 -273 -688 -676 -224 61 -298 493 -147 -603 -469 -793 -773 355 372 -58 305 -741 -29 -531 154 -254 -453 -363 396 300 55 -747 -698 454 -35 457 -29 106 75 -767 -147 -244 734 248 -98 -627 398 538 -394 531 -506 -764 1548 -813 -311 -343 117 -33 -892 -442 53 501 -52 892 -202 900 19 135 -786 -392 
-189 444 388 206 1262 1005 125 -672 -625 -729 -864 -123 49 278 -38 -424 -374 -319 136 -283 -209 -192 -612 340 502 -4 201 -188 -129 -620 809 -96 165 416 275 -1076 80 69 -288 -514 59 -383 662 -234 -609 579 508 -43 -30 569 582 732 -319 429 685 253 -59 103 300 -445 712 -939 -706 188 -694 -325 -171 227 -1117 159 737 788 -812 -371 -50 -780 -552 -704 -479 -796 875 363 -1124 846 -289 -1139 429 -306 141 -553 -147 315 768 -281 501 -101 -101 -818 1060 84 306 -358 7 -259 1154 995 1591 -494 822 153 471 -11 1157 324 -74 436 -238 -216 -61 -152 -236 -269 -167 842 -1144 -162 945 -39 820 -612 -1415 -813 95 382 -189 812 -581 -375 172 -780 -722 377 162 -151 -280 -62 581 -503 -715 1167 328 113 -629 375 330 287 -215 76 -488 77 -546 563 312 542 145 204 306 -154 -68 94 69 -397 -502 255 -580 805 -188 220 -123 177 294 -253 495 241 23 -183 994 407 -693 747 -331 205 -478 -1110 -97 -581 753 256 72 237 
-495 -885 -60 244 -10 328 -290 697 399 -318 175 -169 735 374 46 -461 -95 467 364 199 -53 -446 593 169 398 567 197 -247 504 396 311 24 -137 -67 345 -139 -110 -418 -871 -29 170 613 -499 -434 -167 48 -65 723 369 142 -1710 1189 -703 255 -268 -509 497 1119 89 -780 -211 -395 -218 -111 7 -342 176 528 215 -849 -27 -411 689 607 -545 -772 -454 -30 -133 -494 -498 -124 -505 -18 270 146 -255 -206 246 -49 416 -150 -90 396 -390 0 211 -114 414 230 806 788 145 144 -574 -837 -113 1342 204 801 -260 580 -7 225 -191 218 278 -238 -698 -149 -150 -309 583 196 -848 -164 -13 -475 456 -434 519 -200 -767 -82 -827 -107 606 58 679 -625 242 736 153 1026 -160 921 1544 -796 -363 666 -338 711 372 110 -441 29 -842 -123 -344 -293 438 554 392 -52 -360 -165 -675 667 -381 -50 32 -590 -306 271 188 -351 -249 1059 187 -672 4 -767 949 -899 -1061 -152 -30 248 125 711 -71 249 63 382 -486 -150 -221 -534 523 389 
-825 771 -739 -891 -229 -1118 -246 -538 1 -318 -994 -436 755 397 793 -165 -187 -56 130 -345 -502 -310 -453 -1106 50 404 -66 -858 -800 398 -97 -76 -236 -347 140 252 317 31 -294 -116 -281 -348 -46 737 -648 494 -1044 75 -345 767 57 173 260 -427 -931 363 -1115 30 163 253 1254 359 86 908 265 -692 -810 383 324 -981 161 -50 557 98 -884 -385 80 -511 218 610 -77 -37 -147 -119 261 475 -145 -1475 932 655 -611 373 568 -799 393 -114 423 -421 -205 600 -74 -629 525 1066 1315 507 -465 -75 -491 -456 -209 286 34 -43 42 -48 -653 -549 -242 793 740 -430 62 1226 -223 191 -14 58 988 -16 611 204 354 833 -108 1144 45 -230 827 -948 750 -455 538 -92 -489 -706 236 -94 63 -676 117 -143 -503 324 -695 335 736 -314 -279 -513 -65 -270 555 -221 -239 40 -194 -579 931 -425 254 -82 -352 -282 -302 -284 -567 171 49 -893 -470 592 -394 548 383 -866 -546 -5 -81 1093 -24 25 -820 21 -859 234 -391 381 338 -460 
75 317 463 -355 949 -366 -950 -3 -30 -148 -847 -160 664 250 -69 -516 -1041 -386 44 1075 483 513 130 733 1009 -269 503 128 10 197 -154 -88 -16 624 182 -326 -319 610 219 924 -475 224 -633 485 -95 -6 143 -551 -707 -544 -403 -490 -454 357 793 380 -771 -129 -693 471 435 -1116 732 -73 -88 -354 464 495 764 -960 1393 -56 162 280 -1024 560 -228 -991 280 -120 -93 247 -193 471 -253 1136 -562 392 -90 -614 -274 -731 693 -169 -414 151 475 434 133 31 526 -225 -272 -564 365 524 210 -689 774 -131 -142 899 500 -69 -157 53 216 -200 -137 -494 -248 199 72 -214 -675 -329 -692 -1102 624 -96 -1413 -884 -835 273 3 134 506 -552 -278 378 -436 400 -430 379 616 124 1002 327 -230 487 -30 392 390 520 111 143 265 -426 546 352 -572 -331 702 -552 737 -80 1251 363 -520 -75 811 85 -554 400 205 769 -1233 -506 -282 -51 -741 803 37 -189 -745 156 358 698 481 575 -116 -99 -444 162 -181 -201 -248 1104 180 844 
-420 41 305 466 258 -793 511 -179 -562 -309 -249 -141 -334 -160 -33 530 -928 -872 -252 39 -276 -1118 116 -220 -331 -276 -987 -368 -203 -37 -771 599 -406 300 4 -284 391 -427 -386 -539 273 -183 1210 112 144 776 -285 75 921 516 -595 995 566 132 -261 54 760 495 -141 -679 602 -595 119 179 445 291 560 -529 -429 -471 -675 635 324 -141 -568 397 -668 -78 -471 538 183 626 -943 -88 -11 -151 486 320 -503 -150 -135 -291 445 -59 -546 -164 -201 -272 172 -1726 271 -507 -144 -546 -229 582 287 -131 -217 889 104 480 -196 1188 1002 86 134 295 -16 -74 -1094 464 500 1387 -402 68 39 -7 253 469 406 -421 201 -182 -157 -272 631 -639 -476 425 -795 -631 409 -373 59 867 -779 -554 800 274 -736 -1100 131 -148 141 476 1211 -244 480 172 -314 -1433 230 -1516 -47 225 -876 -79 819 -243 181 -696 -46 -63 -796 -60 -555 251 -310 -48 51 -212 -80 141 717 -181 5 -762 1042 634 -513 630 -946 -79 431 262 785 -828 184 85 
-306 -556 -772 940 421 530 648 -653 -450 224 -237 386 127 -1502 -512 -819 -555 123 -165 -613 1467 -341 -509 158 338 344 -1076 38 -212 -83 590 381 -267 -227 -690 313 45 -184 607 476 887 -345 768 191 -649 -74 63 -126 -1290 -99 255 385 241 162 697 -381 -270 -295 130 -295 237 322 122 -315 534 877 -487 168 -570 -503 -763 -230 -191 -1480 551 544 106 -57 -109 -404 -118 -345 -770 -143 -381 -87 -341 995 380 598 780 135 37 -50 900 64 -145 -186 -385 -804 -634 -97 1042 141 -72 -114 157 90 -194 123 -177 34 -200 -664 74 96 781 -22 -169 -98 727 905 1024 -460 255 -693 -654 111 708 -499 -666 -846 -450 -171 -528 201 40 99 -893 278 23 -287 284 -422 -84 17 -174 -403 -494 -761 52 487 -49 -210 -156 -175 365 531 198 139 -573 821 12 495 447 378 1279 130 -481 218 -833 -326 -670 -500 69 -162 -1 -527 -134 300 561 -90 -32 49 201 556 -343 439 -589 416 -90 -819 -981 263 -593 -349 -392 -1093 -947 385 
205 90 -1123 -599 -666 51 610 -454 519 186 -635 -401 205 255 -323 -334 108 175 -199 296 -604 114 251 68 -208 44 786 245 -649 -79 -386 371 609 -698 -297 -280 49 -507 -550 593 -177 -141 -839 -425 -818 164 11 124 245 -193 -605 -211 447 691 -423 -631 -606 217 258 698 -1128 184 750 39 217 -139 564 1056 1054 105 350 184 -443 -501 447 82 780 99 308 -761 -113 -265 -517 81 181 -6 -14 220 228 508 630 -114 -75 -702 635 630 -601 -226 -457 332 129 925 -135 -147 707 568 -2 -253 -609 203 -97 93 -88 -1142 -231 -294 -1019 291 346 -729 -125 -211 258 125 461 -231 -562 516 148 550 589 -276 -948 104 117 -134 428 984 161 -251 158 -468 -321 -187 -1183 9 242 -402 -221 461 -350 656 121 213 -741 -62 -656 860 -484 26 715 136 821 -400 -324 422 -753 62 61 -419 218 79 -291 338 -406 693 -77 286 185 -410 59 739 475 -137 -368 995 -673 -448 -73 -563 -204 1065 200 381 -724 -238 -612 66 11 -307 
156 292 1069 -1347 432 -232 -509 394 443 -55 -81 496 -638 502 -280 216 1025 -485 375 -381 -564 96 -131 -478 -620 174 -178 292 -635 162 -928 -16 596 288 464 726 266 57 665 -322 596 901 -401 -172 -54 -313 -326 -80 273 -361 -542 -138 -899 -363 297 -521 -144 -229 -290 953 -875 147 -101 -821 778 -190 1063 529 -10 636 77 387 497 818 -1068 597 -145 -217 -508 679 272 663 -211 -878 85 119 -443 725 747 -313 470 -193 -888 700 580 -326 1083 311 226 -632 -225 108 -115 31 -52 -313 526 149 987 -278 487 37 -203 -111 161 220 271 974 282 261 -2 381 688 -121 129 718 -391 -412 -174 786 602 -107 -393 684 -776 -168 589 -820 105 -105 462 50 41 -145 -175 56 213 -12 384 -673 -571 503 324 -849 194 949 -332 17 -281 195 -80 -96 459 -297 -517 -683 -168 -202 -470 -474 8 -236 -566 266 -581 -229 211 142 334 390 -703 150 1058 160 509 84 449 -419 -231 961 -70 368 526 757 -258 229 -716 -288 -3 73 
-240 -189 398 -267 -25 -11 1113 502 -221 -258 168 -1289 -942 39 849 -361 191 244 62 -213 -276 -647 128 269 477 -285 79 279 -400 -952 -445 -396 -414 1073 -386 291 126 -261 -269 -43 87 -91 -148 428 490 -927 -7 -718 -490 -575 333 -1405 465 237 -437 272 57 144 260 -1383 -622 353 -61 425 -460 700 125 -336 114 259 594 -305 994 -645 237 731 841 824 157 189 159 866 188 341 205 678 -716 458 39 -517 -471 364 268 881 588 -191 -1138 268 -325 -652 -170 376 347 770 144 -181 884 368 -520 -90 -451 -662 183 -315 687 -169 38 -154 -116 -41 48 556 -917 427 734 88 30 146 -402 182 -257 258 196 -261 689 329 -210 702 1103 1165 503 -335 173 -769 -728 892 -396 -85 380 1033 437 186 112 -257 -428 -1077 137 765 719 331 -101 -484 -460 -458 170 80 593 -153 -816 515 1111 153 453 567 -176 399 -123 72 324 -811 160 -97 868 178 349 316 609 -308 -220 102 -82 759 99 62 195 -16 -106 -362 -70 -172 
-382 -444 746 -865 615 -311 -115 -385 693 830 -112 -57 -707 481 71 -368 529 633 36 -341 -203 -608 -391 -326 1220 719 -627 169 -145 173 122 525 333 -521 206 218 619 67 665 -803 -302 -153 427 750 -428 -449 147 -113 -433 315 1029 -252 -393 574 -249 46 -598 -920 32 38 665 -380 356 289 411 -241 744 -269 -578 -180 -103 -444 357 131 -365 -8 -210 45 -534 431 495 380 -974 -775 -267 563 87 -992 386 -445 -507 -36 -1330 279 -11 -610 -462 50 459 297 927 -61 485 73 -318 340 567 464 822 -192 -259 -160 -74 -317 435 487 655 755 -284 429 1021 797 211 -769 -94 -3 170 191 1075 -727 107 877 178 111 -226 689 -269 -1185 -457 249 160 466 -121 -60 587 -366 23 -390 507 -1032 748 259 -365 95 700 272 89 -91 680 -145 -316 473 739 -210 -671 -145 -88 -408 234 -997 -309 -104 -188 -462 -859 -788 -468 -265 76 485 183 -219 -550 -279 -1389 545 703 225 -583 542 954 -269 675 53 463 256 207 -466 -726 228 
-120 -261 247 -919 128 387 -61 -385 -507 66 -322 -365 884 -144 -170 -660 175 -656 -126 34 -27 241 -161 -252 855 527 178 218 -148 -846 733 -356 32 -68 -656 157 159 641 61 407 -137 -680 -306 320 527 128 -160 -141 -186 -1255 291 -255 -475 -889 21 -594 574 -81 -193 -609 -508 -15 -65 257 -372 1166 146 75 314 -626 514 -516 204 -40 -640 1024 -580 682 -297 1016 656 999 49 -273 170 511 -53 -914 714 24 757 -425 -929 24 -722 -360 -292 -605 -333 -670 41 -437 297 330 -579 -712 1331 -140 550 480 -163 -38 38 -1018 -1089 686 407 916 -257 -91 898 -546 32 -755 85 -197 174 285 998 45 221 -164 460 -281 -513 -46 -103 -427 447 184 396 -106 -756 422 722 -437 1074 -703 -924 -8 214 731 -259 -1889 -245 611 -8 361 283 799 190 645 -81 -103 -209 -428 -87 -351 -146 -1282 503 88 680 158 -320 -1017 -318 263 122 -419 -196 31 757 -815 774 807 1039 -463 -262 -243 -356 -737 -68 700 -344 -110 753 -64 -962 -599 
167 591 266 -13 -783 -379 -317 -462 27 -252 -266 -78 -279 333 215 426 -317 -656 216 -864 217 -723 -780 -302 238 35 -394 217 -911 67 647 -733 -624 626 841 201 -162 524 314 247 -109 -77 913 -172 308 450 -734 -617 -269 -118 471 860 573 -395 922 -394 469 135 524 -170 -278 243 834 -30 544 -620 545 257 28 -316 -72 33 486 -67 -295 -101 174 -328 -34 390 922 -501 274 -4 -258 -718 275 324 -766 -23 -332 -12 -656 589 214 -270 686 -669 -833 -34 348 -108 809 -419 -187 433 527 -247 -406 -57 136 328 -470 -513 297 751 401 371 20 -281 -1045 -376 -309 229 963 -364 46 215 -621 -247 596 -372 -125 -832 55 383 -752 291 263 621 -735 -4 -574 -23 -276 -123 159 137 113 478 1104 -114 -817 60 190 -206 493 -376 -363 67 -741 -96 404 -375 259 509 423 -565 560 -1264 -380 0 417 222 -535 624 -665 642 454 512 385 765 -997 -383 -279 164 894 -454 458 -132 -1038 -481 -557 87 330 -1112 201 741 121 247 
99 -403 -601 791 -136 -600 709 -499 403 878 -355 -376 164 -692 -350 -305 -858 17 784 -315 257 -256 -34 -376 242 269 27 623 -578 -339 368 -728 48 -185 -128 4 731 -367 -625 142 -711 346 -445 -51 66 693 -426 613 -879 355 109 304 -664 151 477 -122 438 159 -393 860 32 -541 783 -415 -375 533 -249 36 -735 565 804 420 -467 -378 1691 -714 -614 -543 235 -159 -298 729 -506 280 181 -274 -68 395 -23 474 332 -625 -193 -220 731 188 -1030 -206 126 826 163 -682 441 355 -83 1141 -376 506 -105 -180 -908 947 169 -373 126 439 264 -595 -656 -492 -252 -293 612 -310 -415 -12 -844 300 1348 -618 -509 -292 -379 -409 533 -471 -780 -1 -643 -242 -275 -698 76 -391 1071 -107 -551 -505 -494 727 43 -8 -9 667 55 82 -402 7 -276 -395 -544 73 -167 -102 137 -144 418 -290 122 389 -260 1331 -334 -615 -345 -1 -243 -409 -1001 -162 -77 479 69 -320 -367 1271 -1005 413 50 78 -608 219 211 -248 -191 -33 1165 -14 16 409 
-1098 -222 297 163 -598 2 192 -141 108 701 490 -1221 -732 -254 521 52 -900 409 -705 -454 326 152 -575 5 -293 -37 -201 142 -664 -656 -678 137 -448 -46 -197 168 -369 -171 272 -101 -57 -678 -640 -582 186 -487 209 112 65 341 -335 114 -299 769 -736 583 550 -409 286 -533 164 -102 135 402 271 -771 723 -808 381 -522 -315 -316 1008 -232 -1187 -48 -296 55 -132 -105 317 866 -901 650 -705 194 -64 70 80 584 99 -406 34 19 -544 -413 430 -177 -1366 -297 266 93 -98 167 197 75 -88 449 -525 -305 -705 -1365 -758 310 113 -932 -914 898 -159 -16 -373 -315 -134 1 -164 -710 58 125 -740 -405 -274 116 -158 -510 166 179 591 -442 256 155 -79 335 -772 -947 -385 -311 1008 1285 166 -280 -159 -354 -665 357 -574 321 80 707 230 -208 -391 124 533 298 -351 1058 -306 -445 -437 -639 1073 513 378 357 -172 110 -318 193 166 -271 14 670 600 -191 343 -446 308 -320 -979 -373 -332 728 -171 -32 98 -797 -134 -1170 68 -840 
-5 -562 42 866 -299 -110 132 46 379 465 187 548 330 -688 48 -153 -105 451 -1014 588 241 169 471 539 -151 635 -38 -226 -936 -704 52 -592 -91 -756 -1146 82 -702 532 -166 16 195 -1080 -484 46 206 622 -275 1086 475 60 -177 146 327 -726 -575 -616 704 1427 528 1080 -52 635 213 -978 220 -79 -645 329 -501 -78 -236 -65 116 -599 350 -193 -82 490 162 916 374 178 -678 473 302 155 32 249 508 205 234 -405 -15 449 423 -410 -484 -1519 -64 155 -520 1135 447 534 -160 -577 -653 -222 -1329 -56 -639 147 -806 -732 9 113 388 255 424 -1036 -499 -156 422 351 313 -1697 863 332 595 600 437 -154 -337 -422 -195 -387 751 -159 60 -303 436 -320 6 -291 -814 -315 -185 -909 -239 -188 -922 47 180 19 453 588 -238 -39 -480 -960 487 -56 -889 -826 194 466 -588 -873 -328 -870 -480 97 -78 -343 -317 -534 -157 -548 -467 -688 -1066 -225 1199 -679 937 -64 -553 -538 724 47 1062 -178 -187 501 -644 526 697 51 241 545 
99 1253 418 -624 -816 -439 144 618 -316 -610 50 755 373 -751 370 472 868 -1050 399 303 -239 490 28 41 -565 79 255 -228 1294 6 261 333 172 -286 -9 566 -141 570 886 -679 21 615 -296 7 -496 213 917 659 -335 -124 985 -825 194 -195 -482 578 -19 492 75 136 539 -31 -514 707 -293 444 -810 612 -14 52 -1105 -155 0 -718 -676 277 243 130 -535 1048 63 101 36 342 441 -234 -609 131 1335 1009 -121 795 -258 -123 -80 -519 -826 -210 84 -37 316 394 -992 226 -331 505 -806 557 -377 70 8 -348 365 -1402 -933 606 390 -560 -270 650 690 666 460 451 -421 419 668 319 126 -29 350 -18 894 -600 59 178 235 488 739 -561 -573 631 -925 172 1411 766 -200 610 -415 -299 443 -820 -169 -984 -626 489 430 379 453 253 628 15 724 602 234 -675 185 -737 -1117 -286 646 -939 469 -117 165 635 429 564 -424 384 753 -258 880 203 471 -252 340 -770 448 105 -139 353 -590 209 447 14 190 51 85 -253 
418 56 -691 -396 215 -654 -387 -536 481 757 279 -365 543 -202 -437 -407 563 273 325 -738 209 189 999 -95 -134 270 572 641 -533 614 180 -401 -723 -133 -115 -531 182 457 -167 31 -503 487 179 138 -996 337 -955 -353 228 -724 -506 -396 -395 -873 447 280 -167 -493 -441 134 -644 401 708 -145 161 573 48 -324 -239 982 -767 -324 -628 517 389 306 65 317 -118 562 302 352 -276 89 -779 -554 -175 -622 -112 -524 -591 -535 -324 -632 -216 54 408 -539 322 119 -4 -529 401 498 80 372 504 157 -426 67 -266 618 -23 -806 341 -547 504 676 503 -1225 275 331 30 273 411 268 -273 50 -1028 273 965 314 695 -406 -725 -712 256 -940 141 -294 136 -291 -197 -65 359 128 -633 31 -864 -337 -519 76 -368 -650 391 -577 536 716 -514 262 114 493 175 85 -697 246 -307 699 1600 -261 -357 -223 -549 -175 982 -310 557 -133 160 -176 563 -65 -160 -723 -184 -119 -1266 -393 555 -62 -492 1051 441 190 -488 -186 841 1016 240 159 
-373 330 516 380 -270 -114 -510 61 -349 0 0 -671 -180 -137 258 170 -930 -157 1363 -630 597 253 728 389 -302 -970 356 274 -262 -197 650 80 -639 63 -378 738 -426 674 743 895 599 -399 382 596 218 113 458 -709 611 -294 -363 427 514 737 -633 -716 446 -734 315 -306 140 -768 -375 379 769 -821 1257 -363 -398 -598 -375 20 -266 1208 -439 1 -149 -12 288 -367 -60 280 -388 -90 -1239 -219 850 -331 -283 -513 -829 270 840 1006 27 74 865 469 108 -239 953 -289 -963 672 -71 568 -407 -37 317 -15 103 -41 174 530 96 662 -686 32 480 870 -53 290 -2025 464 8 184 659 -560 -714 -46 -207 -33 -550 213 768 382 355 243 273 450 -554 267 -359 -8 -49 661 -245 11 361 582 36 195 -165 453 639 711 16 -791 -70 209 -477 179 -356 -270 884 -218 1081 641 223 218 179 134 -148 384 -143 322 85 -102 57 -366 -291 142 1166 196 -170 370 799 1332 450 -60 -28 467 -727 -372 76 -822 124 -757 752 -941 
-50 -743 -636 -1 -571 -160 118 117 -34 -354 478 232 -239 -96 -962 1037 822 485 -130 274 -774 503 131 -1097 -560 -54 619 96 -393 -929 826 -473 355 -533 334 -421 -490 523 19 692 309 766 -388 -33 320 -323 248 -603 -723 -333 -605 52 428 -163 143 88 -21 185 -301 568 -405 314 -351 25 301 -187 753 354 -959 346 -811 684 -748 -59 896 -281 0 341 247 403 164 -217 -112 -78 -706 58 -131 -96 1362 378 -614 -41 286 -461 234 399 -455 183 -721 -812 -69 -698 222 -823 -80 752 -984 -173 517 231 -570 109 140 -549 -703 1059 -524 468 -384 -1006 -193 -284 -614 -802 807 562 563 -469 -185 -669 -317 -942 311 -542 -526 -499 708 -243 177 -616 -113 -113 117 -54 -132 -39 -472 -592 88 725 -456 41 467 -101 -143 -74 1009 903 580 792 255 203 539 -713 673 -583 275 -732 233 331 656 983 -555 2 -178 484 -482 27 256 -253 443 535 79 318 68 1084 -438 309 581 -293 -18 358 -545 -629 95 304 223 236 -225 299 
741 -1084 276 -209 499 -49 -74 927 -23 -505 -1197 908 -523 -134 230 -767 740 499 417 714 605 172 -200 -315 623 212 0 -156 425 309 -294 -164 387 396 672 -219 1177 -542 39 -405 851 1282 929 1285 -243 -727 -576 -104 -995 -669 976 -111 1 241 705 -383 -722 -103 -403 324 -562 244 -370 -239 274 27 1138 312 -213 777 794 51 -625 254 371 -113 128 -275 -580 -178 948 -1041 -1201 46 870 -87 252 1310 747 -385 -247 -266 -343 768 1328 582 22 -91 674 277 78 233 374 -294 389 690 -208 67 625 -758 -424 389 706 -531 -240 683 -1023 -457 -327 -238 267 -213 -146 -1376 -116 -1039 315 38 184 751 325 -274 -358 -446 -658 480 -683 -313 575 -168 -573 56 451 69 1098 -608 -202 -961 -470 -101 1359 880 -369 -372 1318 -653 -742 -466 453 -343 -38 971 -386 -1163 476 142 -544 -347 50 -937 161 -33 -544 167 -146 549 27 -540 747 -1028 396 -742 -144 -822 -228 375 236 -997 -506 301 -76 -307 151 451 436 -814 1008 -197 -64 545 
236 104 -559 -946 1881 -204 -209 714 1212 -417 -319 -204 809 1010 -152 -498 -129 959 -188 712 185 -441 -920 65 532 631 1812 -225 185 -552 -857 -125 139 63 -106 231 295 171 -659 61 89 228 393 495 -52 466 -984 -754 143 196 -529 373 -513 166 535 -424 -34 183 -636 -399 318 839 123 -99 -1041 271 -649 153 167 -584 495 312 63 418 -713 571 -340 517 113 264 699 33 -246 479 -671 -39 698 -278 694 -974 -22 16 49 524 -1159 -339 -253 -108 59 -434 1121 -160 1010 -392 -194 594 607 -812 103 -931 -26 476 -695 -977 -439 652 854 -353 92 232 -116 -608 -382 -472 -184 -1035 -1406 -660 942 -713 -31 269 -844 -311 -253 -929 -113 -228 98 705 -88 363 -359 -152 277 482 1350 -297 -294 -321 1105 394 250 -40 487 364 -612 -541 -882 -580 179 -83 193 1226 551 145 238 87 268 126 204 759 759 379 -485 992 -307 153 -40 -359 -425 1145 -27 -933 -428 -98 227 -474 -496 -119 -2 -712 -242 445 -395 -542 -580 -79 185 60 
986 -399 535 122 22 365 50 915 216 -78 -105 515 684 457 407 365 -886 462 -192 -12 -169 384 537 -444 -1206 -1065 -97 -243 -1011 435 -367 -6 415 -1056 812 -114 624 -423 -1 -181 341 -271 24 -200 958 -292 465 457 577 -695 -585 611 30 -426 -327 99 992 33 -338 1145 40 -111 -685 -538 3 -272 -33 -309 1240 258 -601 -1200 224 445 -878 186 -460 190 854 -677 -305 -180 905 -704 -1139 -584 221 299 223 -151 622 -200 180 35 -376 4 -262 355 -242 -216 274 -210 66 -178 -516 -1097 365 938 -14 -165 278 -356 260 18 72 -243 -843 166 976 249 -1594 -565 -255 -272 -21 -107 675 -208 -812 939 -16 -69 -506 60 -97 548 142 142 -227 -238 -706 369 371 248 -540 -558 -56 399 1128 434 -235 -559 -45 -174 631 -98 85 -387 -113 112 425 -11 -161 366 411 859 -922 -1171 603 -347 -792 -306 495 -436 354 365 -681 767 996 1648 -749 -998 547 92 586 360 697 266 979 871 483 -457 -193 744 44 38 535 -798 -649 457 
363 1017 -699 682 857 204 29 -351 860 -58 328 -253 387 284 -597 246 243 595 501 -627 209 591 40 956 -94 482 1078 719 182 -33 -413 -706 -3 247 -437 -619 -685 -45 596 -206 279 -402 -711 472 185 -288 307 -477 -10 443 314 -206 566 701 -195 -272 393 1038 -77 -597 -292 871 -1245 303 -118 -634 191 -397 -84 199 357 -495 150 718 -524 -578 -133 157 191 34 386 -499 464 -22 -793 -632 302 -51 -366 -1271 -5 710 -446 -490 130 -674 -210 300 -234 -161 14 468 109 -60 610 378 550 -1441 266 -115 -64 98 410 1259 505 0 -225 -330 -178 -316 -352 600 -178 -182 682 -642 489 592 -523 6 406 -181 121 -143 -383 13 -762 -717 -467 -673 4 578 -535 161 -26 252 404 -401 112 -139 100 215 -26 1217 440 286 -38 -390 5 -530 -500 549 -430 88 -449 803 -162 -270 -282 1322 -539 72 -474 -738 -22 372 -710 -757 1 -180 -29 -84 -527 379 -304 -1237 -213 -722 319 144 -478 48 -255 -29 377 -446 -59 -399 -202 -256 
-47 576 -1292 640 -30 -788 161 309 124 -1208 -295 -48 -361 146 -140 -1159 0 1392 -47 -858 865 -562 -528 -247 186 605 12 478 310 -113 518 1210 846 -375 41 -301 -176 27 -390 -622 73 -540 527 -177 -594 167 371 433 -273 -850 -1006 -166 1012 508 141 -411 -845 -367 -389 -403 290 170 54 285 -1017 627 -1467 -533 -240 -683 137 -153 824 -354 -45 -1856 -230 -161 -333 -64 486 -511 -311 49 149 836 384 -54 1003 520 114 309 836 309 -651 -230 -295 -734 -259 -942 157 -489 616 406 934 379 203 195 45 904 -348 248 -190 422 -174 -187 1099 -495 -889 633 -269 -375 -1329 0 272 -60 -266 78 943 -147 -321 -108 184 145 -101 713 322 -221 267 528 -516 -743 -897 -505 283 813 716 -206 -955 -600 514 -251 239 -39 -76 717 825 -431 -342 73 -71 265 566 169 253 -1363 88 -303 474 -156 -591 -319 269 -527 -885 1167 1225 618 -11 532 94 1078 1060 -211 -421 -1091 -2 729 190 358 1131 -1289 -184 168 119 506 -60 289 -200 -166 
-215 1033 -521 -678 -498 578 133 232 485 -32 -451 362 -179 659 469 -432 214 -794 -851 -74 -156 -199 -293 -245 372 -618 -4 34 -451 -572 231 -5 120 307 -83 -244 487 -141 -401 -137 -381 -499 547 -324 -474 -580 435 -834 -173 102 -86 -775 247 -351 318 -784 683 -32 -1235 -499 -84 88 729 111 -585 782 -403 -556 -225 -623 -485 -313 541 762 293 357 790 -600 -913 8 608 714 -518 809 -377 -993 -385 -136 674 62 66 511 -928 -518 585 -62 -1410 960 -2 215 -7 -202 916 120 -605 -491 575 -426 352 -150 -56 -674 138 -536 -309 32 -414 404 -365 284 -677 -31 238 930 -53 -37 132 544 -779 -214 20 384 1026 -567 -382 -409 47 235 -57 132 -592 -388 -566 476 -158 -565 105 -11 693 -5 386 -472 -243 200 504 -354 132 277 -119 -846 22 -525 378 310 -956 116 203 631 -300 -106 164 766 -255 231 821 -818 856 -429 -573 -525 106 90 -270 -461 804 -102 -5 -4 -483 -387 -942 -145 -346 -216 -585 -731 692 -1162 -110 335 
-54 -416 158 169 150 -380 -240 8 678 -538 -375 -1306 -110 -266 114 -1000 -566 -134 -1290 810 253 334 -176 391 609 -92 250 -920 -617 -333 -813 252 -1087 318 -614 63 -709 426 -30 601 -464 -78 -261 69 388 -942 487 -308 -881 -592 416 328 1195 414 713 -1047 510 59 605 -592 -752 -24 663 115 -354 -525 -127 -547 388 -254 -465 39 679 -38 -696 559 -461 -485 -233 128 -499 384 -503 -227 68 176 983 39 158 164 539 422 396 94 -627 -117 848 -462 -325 -1666 -435 -1019 -231 238 408 47 -54 -59 900 -825 -85 745 40 501 309 90 593 98 -107 463 317 -711 -384 -407 117 -413 -174 -202 -1045 -446 -287 -267 -273 700 457 -40 317 -140 162 195 -782 484 -351 63 874 -143 227 -1041 -330 -665 -264 201 -300 -581 1076 -146 304 -435 672 818 303 383 -220 -393 1079 -35 1144 389 371 448 1230 137 463 812 -1447 -169 72 290 -848 -145 -532 -291 206 90 766 455 -234 511 350 80 108 305 54 -362 -343 185 -75 494 -104 77 
222 -221 1000 -537 342 182 789 -1124 1250 110 441 -288 -242 357 162 -564 668 -723 214 101 257 -629 -546 -367 112 391 80 721 -476 -500 -477 440 -17 438 -342 -262 -110 -542 257 -185 1292 233 176 -187 -431 -285 132 -288 -420 380 190 -682 -1210 287 -164 -44 641 -230 -222 -1033 537 645 403 -675 790 341 -256 696 -314 334 344 449 11 -609 -458 -258 597 -215 360 40 -158 472 -935 0 502 333 71 1023 -76 563 135 -111 -246 181 -358 -594 601 161 -111 99 -292 -648 421 103 428 185 863 -35 73 -127 -354 -396 -156 -373 359 -67 358 899 15 -634 -400 -189 1115 -102 187 586 44 -95 562 -169 924 342 -848 812 -310 148 116 -1784 -452 1047 -5 277 998 296 -277 97 -20 46 297 -644 1068 -303 -862 474 -442 -31 -930 872 593 248 -2 134 -75 -262 200 28 -382 314 505 -4 270 -326 -848 72 -536 199 238 -322 163 458 -1115 63 -479 187 577 -55 -187 -121 -821 728 224 -181 -191 -750 37 -92 -307 197 139 441 
-35 -428 -444 -115 184 306 81 -63 280 -152 3 -593 -810 115 161 -606 314 196 355 -547 320 -898 351 -156 -637 -134 148 -348 164 551 -243 -32 118 -641 -547 325 -712 -514 936 -190 651 229 48 -137 125 -445 -224 -649 -312 687 103 -289 54 701 -142 -111 78 -408 -128 -668 -258 -263 427 154 -769 -138 546 214 -304 945 468 577 520 206 -61 -835 442 820 -224 -399 698 -360 -237 -48 -333 -195 657 273 -62 -94 370 -415 89 423 -834 -454 -80 16 152 -667 -235 -239 -27 97 -166 773 -128 158 -480 298 -912 -779 317 536 233 -991 -24 -135 -794 702 190 698 -672 266 -1126 -667 177 798 -44 -530 -158 886 -1433 -278 402 317 -114 135 -138 -244 -438 344 -197 131 -474 -155 232 -633 -264 -245 272 -142 -174 -332 144 384 671 -374 549 114 259 359 280 -245 152 769 757 -516 -652 -303 104 -239 -540 -346 -625 688 -473 460 -171 501 646 640 -49 -740 691 -907 -83 347 97 275 297 614 886 -319 476 564 -128 -938 -224 -397 
-555 -670 -774 -237 -484 700 -481 270 -624 -149 -514 -426 170 -947 368 262 -432 247 132 423 -519 -418 676 180 -27 -704 1276 -309 1392 -91 95 338 155 463 628 310 321 764 640 504 -363 -57 -296 -73 -352 -659 302 84 -447 787 786 -621 -171 13 -976 -13 -848 -163 -207 695 -772 -68 486 374 -286 -57 6 163 74 -26 190 -219 102 616 -789 -19 -80 741 -75 1220 -121 -71 -472 546 -441 -158 -309 -85 -261 -239 -234 -876 232 -1256 -751 396 -1150 175 661 -300 121 -185 -36 -288 537 514 -397 616 184 -120 -455 -338 396 -811 -448 292 82 -164 -802 44 662 640 -94 -128 -67 -1074 -618 -128 447 65 -87 -336 -463 -232 -719 634 -252 -297 -92 -61 -254 -758 171 -775 -548 288 -255 -515 221 278 151 517 -418 -633 53 -164 142 589 249 186 -443 78 -194 -1172 -329 380 8 876 350 -15 688 -393 -339 373 317 695 -44 -334 389 -226 558 -471 -198 -25 -242 690 -109 645 533 242 -21 115 -509 -173 1097 99 328 -188 293 -99 
697 96 -190 50 968 646 70 207 -932 -454 722 -109 282 103 492 693 369 -543 -1126 140 -253 -577 904 854 -238 -690 -384 -739 522 1117 34 -477 -64 -464 -296 -331 -176 -1 -1015 917 21 -1 343 -16 1155 -348 -287 202 304 101 -1194 302 -109 -614 -741 -233 -5 107 908 -206 199 -155 -138 174 -508 -570 357 454 415 524 -404 -329 792 31 -371 178 -134 919 -411 -552 96 -317 28 -1116 465 -522 520 1087 -833 -439 -217 -155 697 -706 -288 80 -38 142 -114 -507 -151 934 -515 -393 -154 -406 90 786 -529 546 92 -516 -743 866 -132 -386 -297 -143 -275 1280 61 -419 -95 162 -30 -664 152 -854 -104 1089 10 -130 297 591 21 201 431 -402 107 695 604 -561 -969 -220 46 877 290 -137 -280 -494 -93 168 57 -657 -208 564 -295 -557 -424 165 -217 563 -684 -1267 -262 183 -517 726 626 187 260 -482 -283 385 -535 -295 188 84 257 -158 185 -643 -476 -137 50 -232 7 -343 322 -709 -238 158 240 260 -257 137 -437 -394 66 -151 
-167 795 -690 666 87 87 184 888 -197 -679 -341 -410 -38 676 772 543 -477 578 376 302 280 -366 -462 -371 -415 637 763 364 -365 -210 -112 375 1178 468 -290 -225 603 96 -10 -142 -403 -762 -467 -797 -259 726 85 -119 -266 350 -693 -342 191 854 523 17 -471 0 406 -430 1343 175 246 -165 -678 226 369 544 413 709 -297 -997 -258 -513 1127 -198 245 -251 -12 459 -479 -56 -281 -536 623 410 -566 -393 -812 -1221 279 431 -864 542 -144 190 -706 554 502 947 219 7 -431 48 -675 364 -146 23 317 -658 804 -367 270 -108 -152 -552 -637 609 184 98 92 108 467 386 -712 420 -536 -506 651 245 301 613 -268 -279 -160 -637 -584 -240 -566 -503 -312 16 -432 746 -410 -472 -223 293 842 632 587 -12 433 85 -1056 -442 -195 -162 83 238 -456 -95 -305 365 388 183 -915 868 8 -145 -215 1050 648 -41 115 246 -145 177 126 24 630 -188 507 -636 -512 -584 708 300 -1057 -588 -17 884 -490 668 -716 198 -96 -324 204 -207 
42 440 457 -190 189 -509 234 -322 346 -369 417 -952 339 552 433 -582 66 -1092 -68 -352 3 246 -830 -827 -279 89 393 747 -300 -98 545 -422 158 -61 2 -66 219 9 552 1083 -245 758 -1425 -167 -168 224 867 -708 135 402 -308 -477 -642 21 472 199 772 341 137 613 882 -206 571 523 471 719 -168 362 120 -487 -81 778 58 -91 141 -1062 210 -254 345 97 -298 -654 -785 -536 -82 26 516 40 730 131 62 20 595 -232 -115 -34 341 -8 38 -160 45 -538 7 -362 52 1332 161 -979 108 -478 160 453 267 -218 -350 214 164 -314 -68 -226 322 752 -1154 148 -256 323 -470 -319 -790 -800 241 -345 -274 55 -261 -67 -421 -41 247 179 -528 -680 296 -332 252 135 752 -517 -252 -217 459 175 92 405 350 683 -203 -326 -708 487 -180 -97 395 253 189 404 5 142 565 -398 436 167 178 -148 -714 28 390 -361 -506 199 -130 153 453 892 525 234 -363 307 636 -308 -409 559 -289 -229 -42 -158 -491 247 213 321 
315 -126 187 -42 -382 695 -159 -91 -346 379 -139 -203 -174 109 -230 280 1072 60 -867 -519 299 62 -54 -11 -754 -659 -851 476 -264 -882 302 -102 -131 453 -267 130 -969 409 141 746 480 -608 -559 147 964 -110 -700 -130 165 -151 -411 652 -144 -817 -237 -771 -834 66 1266 -266 -409 -23 -799 -222 1387 -12 458 -223 -996 728 128 -436 233 -82 -533 -234 -39 71 372 -390 861 231 633 -750 -482 -425 437 -68 -855 -426 190 -286 3 -22 182 -198 580 759 87 -74 -484 1151 248 192 63 -343 -465 -765 -223 36 775 -43 -1068 594 203 291 1239 -361 1001 442 660 140 -188 -397 629 -302 -339 16 141 -141 453 -431 740 54 -788 -670 -5 -411 718 334 -996 -1057 -342 633 -569 573 -289 -18 481 282 330 664 -394 80 -281 754 -236 -685 -289 303 -872 -850 -379 -1006 -175 1039 -143 64 212 -363 -337 -737 698 1157 -392 -827 -524 -388 -727 -692 323 -44 206 -37 14 -274 47 13 -148 -594 -129 -232 140 -10 -728 232 -44 -146 -618 -36 
-136 -717 384 316 541 979 231 168 -211 -436 34 554 -27 -110 458 87 420 -129 -16 876 407 -327 -230 -265 -419 -15 90 5 -1240 -941 1035 615 -490 487 -349 331 -52 -208 1102 447 847 -548 -1055 369 -248 489 -45 733 64 61 170 -566 -105 -1225 49 -868 598 874 686 205 -321 -265 -362 17 770 393 25 9 -472 -125 -1047 -73 1085 -348 -188 741 652 -29 -650 172 545 1001 -59 640 -1080 -314 -430 331 472 -312 720 536 -1017 666 -161 379 819 -463 -129 194 -220 555 158 -62 -284 -67 380 -44 -660 129 -163 613 -877 -765 -777 -239 246 -120 -342 460 431 26 -306 425 333 -1323 -354 -914 -1050 -343 -364 -397 191 -162 -341 -615 1062 228 727 1006 510 156 -401 -208 327 -576 340 302 -679 -503 87 887 270 -770 9 -622 -56 353 -641 -49 333 -721 -296 -486 -1372 669 0 -97 -319 769 -394 -127 258 189 -39 -320 185 365 240 612 225 218 -619 -575 672 -216 -285 -478 47 441 -547 -425 -405 16 142 -76 275 265 -61 297 
-97 -380 648 -1485 187 -811 -615 -91 -277 98 301 369 130 -20 133 809 1387 16 474 -41 437 -1033 -471 -864 -895 272 214 -1157 302 359 -114 -782 322 -100 -114 1158 191 -621 -496 -270 542 -48 -595 -952 341 -242 60 83 -405 338 -625 -66 -1279 77 -104 -317 50 399 -487 -57 -1075 402 197 -45 -561 341 340 393 92 833 806 528 55 179 -223 751 -400 323 -131 -34 -1035 -454 132 186 346 -506 -227 581 151 737 -1031 -274 183 315 687 -495 -403 332 810 24 -94 -204 69 -10 762 -802 629 70 526 903 74 -163 -385 -603 -362 -215 -709 108 -693 -214 -611 -446 239 -219 848 1157 -247 394 -114 510 861 61 307 415 -152 832 -40 -1062 815 -174 -1 640 590 -564 451 486 -803 -239 -246 -422 -54 -666 -475 -543 -715 -315 -47 -244 862 438 1152 -571 265 -616 68 -336 -623 1709 222 79 352 479 -933 -646 181 -787 424 250 -107 -57 432 135 213 -438 -106 198 -108 -769 -512 124 -307 -247 368 429 135 220 -784 814 -339 -1357 
-258 260 341 -476 227 747 -150 -349 -587 508 629 -101 -615 -252 -784 -588 -386 152 166 -552 112 458 -62 239 10 -792 95 86 547 544 121 176 72 -7 -339 367 579 228 -22 107 528 708 -331 658 40 -910 -466 -649 -483 106 5 874 -1222 -402 42 29 -960 -874 -184 -453 -161 -124 613 174 526 -149 539 66 -53 -144 -511 -94 248 64 282 -672 94 -420 -360 -688 128 125 -682 -595 756 715 40 825 -327 330 493 562 81 -170 398 404 224 -98 523 225 148 709 308 207 -623 369 -698 -74 -10 357 234 -899 357 268 333 -309 443 507 -334 210 1423 202 39 -194 -22 164 33 187 -51 -41 56 -411 -654 -579 -248 422 -251 -109 350 377 -565 -477 165 695 -524 404 235 -34 -449 -739 -388 286 581 60 -303 -335 423 466 -267 -300 405 1461 77 -644 -980 -951 393 433 -502 97 279 -416 -827 -421 430 -394 1224 -668 720 -497 969 410 -375 184 732 261 -555 -200 281 143 -227 145 -47 330 -39 -33 1239 -647 101 467 
624 -391 -896 505 -358 -563 -55 191 523 661 -53 -1083 685 -656 -85 151 -276 784 10 -711 -348 290 734 327 605 -236 119 299 419 391 17 -107 -716 -841 544 87 279 93 129 -112 73 -332 413 37 1023 -6 50 -779 657 -420 259 1033 1083 -507 -561 -285 461 -15 1114 808 248 -114 -138 423 810 -310 272 -426 -59 -63 -107 653 323 1200 -1076 -313 -129 -479 291 -353 -297 -395 -126 -711 159 -631 51 -977 -678 -220 188 -113 53 132 380 -624 536 -196 -590 -685 99 -1060 -735 -438 -1046 -558 -135 37 48 -8 305 -1004 925 663 330 576 120 471 986 925 321 -614 -976 327 1083 -171 1579 773 25 -178 707 385 1284 -803 -271 769 -245 1465 54 228 -736 692 -391 214 -474 162 546 33 -189 306 463 14 -480 246 683 138 699 -42 -43 704 982 -294 274 713 599 859 -460 -101 770 -526 237 -406 258 316 -170 153 47 186 410 517 -652 342 169 -100 -512 -462 557 127 241 -445 67 12 350 471 -658 -327 252 9 168 -34 
-256 -377 -333 -949 -19 -196 -11 -384 162 -27 -599 -141 77 400 394 -475 -200 -64 -417 -560 -113 -392 441 -87 618 -344 -532 -490 -176 194 -344 419 248 -322 583 177 -79 -312 -61 688 -1489 62 -606 688 1306 -165 -778 782 846 -377 97 -46 -633 4 202 -59 -280 -1176 334 64 16 -396 -133 394 94 528 1058 -12 77 161 184 -712 760 -6 -255 896 252 595 242 239 -64 -743 -373 -476 471 825 919 -1022 186 -306 286 -329 -225 -1613 197 774 -229 -53 -20 -652 15 -27 456 235 -315 -329 480 -111 -94 20 419 -864 -795 94 271 851 312 242 16 1 321 60 -453 221 615 207 -533 -219 104 -526 -500 173 37 609 -76 -769 -327 327 -130 638 57 -722 932 -68 -28 -440 69 -867 -217 591 -149 437 650 -930 135 679 82 409 -876 645 -177 660 -179 -59 -121 -422 -61 -151 795 461 -94 702 -22 -76 -259 -761 -65 -859 7 -356 -61 423 -527 554 954 562 578 -594 181 168 224 5 -84 -770 0 -272 -13 -115 -457 -117 
136 217 -886 -495 -141 -701 219 354 328 398 -686 -147 -266 681 498 -589 254 619 508 49 -72 -277 -231 1023 617 896 280 1066 353 69 -601 121 741 -788 638 653 -443 -623 -58 -461 51 788 -485 250 184 254 -141 431 -905 -289 832 -452 -633 209 260 432 -526 -155 -570 498 -264 206 111 308 281 -34 -172 144 -423 -535 -60 -284 -187 -176 -400 -101 165 54 384 867 -484 -723 -1260 -321 75 -94 236 114 472 434 -145 856 -1116 35 -250 -195 632 57 -254 116 -3 200 -36 395 57 -79 -281 150 -15 401 -714 -604 562 -502 -628 301 -313 577 -161 -574 -185 126 -15 516 777 -464 560 53 320 161 489 315 -491 419 -408 512 718 -1080 -1204 -585 -329 847 180 -614 513 462 -479 116 -340 287 225 -241 -325 1189 283 628 207 483 -549 68 357 372 -562 131 494 -564 -509 -40 906 252 813 -848 111 360 379 -651 303 124 119 -127 -822 896 1218 -542 -460 425 378 -47 -129 1078 777 319 -937 -752 -311 388 -170 -395 -96 969 
-508 151 -537 -630 -49 -601 -184 -248 41 557 491 517 -526 441 643 -361 -152 272 375 -617 133 248 -95 791 -765 -195 -429 250 996 -295 129 -32 470 -147 -311 475 -296 543 462 121 -820 265 257 -310 399 191 -645 799 -677 230 -31 493 -378 -600 792 261 -1019 -28 -201 965 -822 316 24 589 159 294 -287 -718 -336 198 -42 -272 471 66 -80 -68 470 284 458 90 -439 -343 388 -637 -169 -225 -99 -10 -579 -570 803 -10 432 -220 1529 718 107 46 70 758 -201 1207 -48 492 -725 454 142 345 -90 413 166 -913 -256 -365 513 401 848 -72 8 -56 528 -719 345 -249 1124 -809 -550 85 19 -485 1004 -865 -239 -802 -290 -419 -350 254 442 694 3 -372 564 837 -102 815 -278 604 -10 224 192 603 85 -221 -304 510 -37 -495 432 -424 -451 -96 -492 993 562 -326 43 -817 304 562 -403 -277 320 101 342 -564 775 -623 224 -499 545 951 -462 -57 35 -21 -890 -1031 1223 -121 -92 -353 -130 -71 43 676 115 -460 375 279 
-195 613 597 -444 369 293 342 -430 -47 -19 -490 -566 -107 479 431 -216 -28 224 -93 1314 128 -319 421 20 549 447 -215 -832 -143 582 -234 534 29 -301 -476 288 117 -147 -204 150 384 797 684 85 -26 -113 -418 -167 -733 332 -786 20 1011 -179 -255 -150 -334 66 889 -79 74 117 383 -182 -162 -894 174 184 600 703 432 591 -241 305 -153 94 -213 239 395 556 173 156 540 -1133 573 869 -809 -798 638 488 596 675 502 208 262 -417 471 158 -92 127 -113 -783 164 215 220 -530 -81 -307 857 -619 624 -340 -202 -351 1673 -280 840 467 -242 867 823 424 -331 253 115 400 207 458 -31 -509 150 126 -222 511 -106 -105 -643 -765 298 -748 68 15 244 215 387 100 952 172 -171 -807 458 64 -467 -574 834 -596 -1205 -1 556 56 -165 -109 -233 -177 -201 -409 317 -49 -107 -300 414 148 672 -302 -142 -409 575 -79 440 857 571 -56 -994 7 -291 63 640 -202 -254 230 769 548 -104 76 -497 791 -139 615 161 -677 
50 -616 -1 -33 49 -152 152 -795 491 95 -440 -204 -221 -253 367 767 182 1327 248 -179 -406 -431 -124 -1 347 204 499 -248 -270 130 428 -81 316 -33 500 -23 140 801 212 -405 -261 -407 250 -94 59 -25 -114 -418 503 448 853 -249 19 -15 -955 348 -70 -24 -79 163 -119 588 -224 797 217 -255 183 189 336 -51 -629 -328 -153 -301 203 -545 -243 497 -130 -197 339 488 -523 789 474 85 466 -299 -62 -95 -537 270 -72 613 -417 -443 22 304 -30 478 218 -30 -434 424 436 85 -358 -780 -726 -246 -263 -934 562 -48 277 191 377 -111 84 391 294 333 -741 128 -394 -407 505 -976 1535 83 -540 309 918 211 205 417 484 -152 715 691 226 126 361 -290 -323 -2 -12 -877 268 288 21 -96 -882 715 768 -348 638 -309 834 13 508 84 -564 -166 -179 -482 329 35 -624 395 -745 144 46 -461 -344 567 38 -169 26 151 -412 -368 -88 170 372 577 -70 -99 195 214 352 -200 33 595 -1022 693 163 683 -42 -90 
954 -491 669 -350 -250 498 409 105 -500 -898 -922 430 -395 11 620 166 -317 -303 257 -416 519 -60 102 -443 -196 293 170 -385 1 -493 -49 706 -551 147 130 -1367 -246 -143 563 -767 -264 -274 -395 -155 -396 566 95 -298 30 188 -261 339 -52 -179 -383 257 254 -161 615 -172 -583 480 816 528 386 -603 28 722 -317 -470 -221 -792 -354 -855 369 492 -717 206 144 -261 156 1215 -603 161 -730 -396 -381 131 -90 -81 499 215 44 420 1283 -46 -639 123 -372 -100 230 -246 363 -24 709 568 -363 16 -181 -253 630 305 -887 -524 -240 -625 68 431 288 -1136 -725 -28 591 67 -59 100 -778 -747 -491 725 197 -354 737 -173 197 658 238 -164 664 555 606 -649 -21 324 -471 -704 310 -98 552 -797 -164 463 -264 -153 -670 -628 -42 -386 246 -178 -1007 226 -305 -825 -871 347 -1197 -325 745 -1097 -446 105 -67 -540 -362 249 451 12 199 471 439 274 11 -615 5 64 -233 -501 -450 -74 -88 -176 32 -17 114 161 -665 -265 -729 -437 
549 -419 96 -153 491 228 -12 124 -325 851 -43 148 -162 -201 -65 -363 -192 51 -442 -481 673 220 187 -238 -38 524 -1259 295 -1081 -424 -91 226 391 63 -247 -579 179 -92 817 -562 95 -1141 887 274 -533 -458 -310 132 -200 258 970 740 900 111 35 -723 210 -373 166 -579 506 151 -343 699 273 33 -82 -1075 321 831 -82 -1165 -256 -112 -176 -889 -143 -983 176 204 663 106 -658 -825 -382 -320 -4 164 -432 -569 6 344 100 861 1200 -745 674 -127 -389 -267 193 175 387 35 1360 70 352 224 750 -250 451 -715 882 357 1208 -375 327 -175 621 976 -365 717 -61 366 -254 414 666 794 487 -92 16 -227 184 -799 114 -183 -1091 -1106 529 -223 -132 -354 191 167 -296 -72 -1038 -98 221 -328 697 -186 -812 -172 707 250 -346 -1321 -431 834 -366 -209 78 -91 314 652 -12 -177 379 -1020 -290 -1081 -86 926 -868 -732 424 -526 26 185 -26 -778 180 373 1253 -624 850 -451 -356 1189 587 -163 -9 195 -290 187 -263 -328 -539 0 
-113 110 618 1233 325 711 -754 303 -348 -721 -152 -595 519 124 -1582 -383 539 1002 -319 152 402 -633 342 -176 -795 -686 -549 437 14 -36 -171 491 -891 1060 502 124 585 -442 -106 1089 -123 954 -430 -1128 499 664 -187 350 434 35 163 -586 -462 744 427 -332 272 286 61 184 78 484 691 -255 388 346 160 -408 -1219 -398 391 -184 366 680 710 -744 -413 110 -247 154 523 -422 595 -725 600 205 501 323 105 -555 -251 -509 512 904 306 -209 60 -359 -341 -713 -251 338 157 -261 525 403 614 -214 -1165 -21 61 49 -272 -144 -16 875 337 175 -361 -7 480 -109 -762 -331 400 -638 -1264 443 -306 -501 33 -317 -578 425 393 41 -995 -52 -81 -277 -674 -508 440 120 -568 35 35 -279 -316 1547 566 434 -159 -843 -62 -841 -687 456 -837 108 494 467 -775 253 608 709 -298 560 -68 -355 6 151 77 121 -14 400 215 -18 847 -839 542 140 93 -36 19 477 898 70 -480 -266 394 391 -1364 79 469 -1276 15 -506 -520 -587 
-712 636 -1032 9 746 -328 -131 -131 -243 -51 -331 -794 -1087 4 275 436 -122 -362 33 56 25 -873 -176 1019 1074 425 1008 -419 565 1 755 -35 621 185 188 5 -276 407 -24 -586 -701 114 -458 -90 949 450 -145 71 -808 -22 50 203 623 589 207 -231 -366 132 138 -12 -390 -953 239 -785 -506 292 619 -795 30 50 -347 -127 604 -573 -45 521 -389 1102 366 -381 -703 345 -63 -78 -814 412 564 383 288 375 -250 726 444 -381 -837 -423 -668 -366 275 -711 -42 436 258 -72 1077 321 -287 -965 159 411 -520 101 -221 -481 114 -36 189 -168 -110 -168 -544 1487 -236 -27 983 -39 -736 386 -186 251 645 821 521 -74 -42 -934 161 443 -206 430 607 395 -511 -444 -273 568 -389 -55 -43 112 -32 -287 1044 -242 299 -194 335 617 -440 1207 1177 588 -80 -1313 -955 413 483 871 442 432 -173 89 -801 333 -129 -360 -538 -670 -1427 -515 29 503 407 297 -1228 -95 -388 -223 195 -611 -509 -361 541 -813 887 -292 -507 -425 79 655 
885 -56 -392 -345 127 325 1277 -307 -586 403 311 184 336 679 -949 254 -1000 643 -87 -135 210 -1034 38 -465 -766 217 51 536 -452 -707 -312 -1098 -243 -571 1355 -271 903 94 -591 1 -202 124 751 5 -505 -194 316 -191 159 656 351 196 -496 42 241 746 238 584 477 29 457 978 230 -240 -537 432 -919 -336 -940 -16 43 593 247 412 -50 -689 -322 329 -147 101 226 -385 -428 -406 -69 -1017 511 -228 413 608 180 -15 361 -24 -124 -576 -29 108 83 739 1103 -91 447 505 -437 -484 85 284 -1034 -217 45 1179 -507 226 -126 308 136 -403 97 -374 -660 402 308 -608 -1258 -68 -129 -431 902 64 40 1155 247 525 -1370 107 165 -223 -933 -36 -35 483 -490 779 826 780 -193 373 -155 -460 -104 105 904 1296 758 -199 363 99 -275 -705 -335 -42 161 653 289 341 259 -761 394 -430 -792 -114 467 -184 -479 -199 306 -267 296 350 459 272 -860 -143 -463 75 -653 876 -244 572 -349 -61 88 23 69 -44 990 416 198 842 
-238 -195 -594 -323 3 77 -94 -632 323 384 195 -161 435 359 -85 1264 486 308 -109 -915 -8 14 128 608 391 346 704 -337 -127 -249 640 -29 513 -365 256 148 -138 94 102 -436 -13 -334 483 187 -69 -166 -4 -159 23 261 342 -619 -836 415 -8 514 -376 100 -898 34 135 -51 239 -444 -338 254 428 -348 -493 -12 -61 326 528 -150 26 -682 170 -225 -671 880 759 227 72 -456 56 -68 197 -717 385 1 262 -755 -717 -507 -637 -416 189 526 197 708 471 -388 -690 -173 -129 286 536 -463 -50 -329 -68 -316 19 472 -355 196 -142 426 -220 -188 -635 786 481 360 -42 665 -253 -641 -269 80 -653 472 199 -288 -158 -379 235 -173 739 262 -267 767 100 227 -796 420 -235 149 394 -178 -46 553 -784 566 753 -138 8 170 0 14 538 -411 -184 380 -454 -318 861 299 -94 474 -135 -201 97 431 261 171 -551 -896 9 550 138 332 -860 156 272 -1054 -261 -755 260 -468 -179 434 539 -877 -888 652 -441 112 -489 -168 
-37 -1058 -958 -417 72 371 109 -173 119 -22 -375 -244 -375 -299 487 442 -179 -283 -450 -397 319 -1237 861 183 36 962 264 -222 302 -1462 -827 804 116 -299 -1025 819 313 -192 21 374 351 43 604 221 96 867 -160 -33 -214 269 -335 45 402 39 -551 -152 -360 -743 130 743 -1 -648 700 -158 -222 299 -98 -164 166 477 538 -505 705 -391 -1588 566 220 -267 -224 -452 889 258 -182 -613 -1270 -860 356 -1247 -140 -1014 350 919 206 348 371 -512 148 -242 -455 -901 -459 602 -1102 -36 200 31 622 464 222 -40 -798 -1300 430 -1855 -777 502 168 9 630 742 -72 151 -292 115 -168 -304 38 -406 72 662 242 -741 135 887 135 375 550 481 -242 1001 -170 -299 -639 -498 -257 842 -556 -1067 -342 730 643 633 83 -301 616 380 204 581 -308 1125 135 -618 56 -434 -320 871 -504 -957 -297 -494 -532 -698 326 -144 -1039 -251 -97 -449 -495 459 -304 658 -681 -827 237 51 310 -427 664 251 -282 -620 -106 -13 559 615 -1081 590 -248 477 
159 469 505 -358 1074 2 244 123 340 -616 269 241 -96 259 542 -1346 -119 -566 -626 926 584 -229 -923 202 1082 -11 -155 716 134 -573 142 151 -24 -307 -879 -229 611 -722 -369 -91 411 -345 135 183 524 138 437 -442 -179 139 -573 -899 188 -946 586 152 -123 -269 -412 -209 512 -61 509 187 -833 -199 -511 326 -170 131 -497 -305 990 -372 611 745 703 701 -288 -159 -459 127 240 -70 -250 -579 -364 -707 894 401 -217 573 539 113 783 -631 740 -270 752 -597 -938 53 413 -212 1003 357 750 15 557 -1147 -27 -54 -356 -869 187 -1818 228 -509 444 -151 271 326 329 -296 -592 701 -1 357 271 31 14 -330 251 964 264 143 564 -348 -266 205 -32 115 233 -195 271 -998 -391 172 183 -554 -675 -172 551 1563 -458 334 -209 508 291 191 -1068 -685 -8 -165 -77 -318 -492 -321 392 -604 -442 556 278 -529 148 -120 -191 -271 -104 216 121 -277 -734 493 452 -516 -286 528 -711 -651 -83 -507 -614 -21 150 251 203 -164 404 -171 
-139 -175 -492 -112 -65 388 -50 379 563 1140 -785 62 88 416 -1151 -713 903 490 -153 545 260 -404 -483 421 1181 -380 -1186 234 9 407 -440 -60 320 121 554 890 -563 -409 340 628 116 -10 -181 -411 -382 469 -953 -623 -865 -135 511 309 466 -407 624 140 -626 576 -225 -35 424 -453 912 -207 -496 404 897 724 -1075 -504 743 168 790 -200 -12 -454 -204 -1116 -770 688 576 126 -538 -165 486 997 -578 214 185 -248 -704 244 -565 1339 -236 -1343 245 10 -486 -630 204 421 -169 -165 -755 -678 753 876 297 -279 -1178 -1011 742 -348 -520 788 53 326 -335 775 75 -351 543 -318 -124 -42 428 895 1536 932 17 -702 -653 -218 694 559 -230 -229 397 -91 -312 647 18 91 -129 61 -74 894 -101 541 191 -249 69 -94 -574 196 -288 176 10 443 101 910 -338 -1 233 315 208 -137 -1310 239 490 316 -9 -260 -342 -645 -1095 -17 639 43 138 449 82 -1410 -379 635 1142 80 -384 552 -1784 -995 -1629 1082 402 174 194 -216 -908 -657 
-447 728 330 -132 -912 -21 -123 324 -310 -493 709 -12 846 371 1043 266 186 -1000 24 -63 351 -667 104 -407 -610 -19 575 225 1142 -691 -1171 1023 -2 182 -1054 698 -175 -168 303 154 -611 50 -473 488 -977 330 117 1274 -54 -235 -296 -940 332 100 -1016 190 712 -36 -15 -719 459 273 753 756 -192 1243 -519 -598 762 -108 -388 -260 -473 -461 -142 -368 -878 -371 384 216 344 -161 317 -809 -262 -660 -99 -621 -68 -778 477 228 -127 -220 -65 147 -398 8 -623 663 -605 -107 -754 574 -111 -51 280 147 -699 -1105 -344 -728 -132 -150 -914 402 -184 340 -578 -194 267 -364 -87 -567 -1592 601 204 -231 -1651 -88 362 -434 57 -753 759 -737 -236 28 -6 -49 -269 136 -324 219 435 -416 -345 303 298 965 -370 -234 1481 447 -1056 -427 -11 -495 -13 -673 -691 -120 -616 47 -506 -626 -915 -378 157 340 846 -386 746 623 755 55 700 -535 -155 -476 -159 767 -595 -530 648 -502 -343 199 587 -184 -580 -127 -941 624 777 377 -586 -625 208 -891 
-561 134 -237 309 -47 410 287 -416 8 230 62 -778 -349 74 694 861 -246 -262 -708 -46 -378 206 78 -331 -423 -1117 -91 306 -779 -258 147 59 1391 123 521 -576 306 -560 916 -556 -258 -172 -82 684 235 51 883 -246 -328 -1117 871 -7 118 218 -79 1100 4 70 1107 -100 -230 -145 -1393 -433 537 -1088 421 303 362 -893 -41 71 -98 -935 -1227 289 -543 -467 -36 235 165 614 -1286 737 609 57 188 597 -487 180 247 519 1 -656 140 412 653 577 -834 579 765 107 258 354 95 -849 335 520 385 718 713 820 -980 -638 -146 69 326 306 328 -279 358 997 775 -755 -122 59 858 -415 529 409 -763 -407 7 223 -267 482 -252 -1203 77 500 685 -499 -585 117 252 -246 722 -32 -450 -821 243 422 91 189 429 642 -607 -362 17 -143 -529 -254 -131 -260 -247 647 -150 -364 -560 29 119 234 317 -49 -667 197 -1177 502 -99 704 8 107 -581 301 -560 95 198 4 78 558 151 -229 789 477 256 -195 -35 -99 -771 784 
-365 524 130 -34 -213 236 -273 533 537 -19 -560 1105 -512 485 -349 606 72 652 323 1286 -628 -706 -558 -528 497 484 212 -633 709 708 6 890 556 -457 826 5 -199 -1102 -280 25 122 137 -133 -434 -426 -679 -325 37 -538 -144 598 -364 -351 251 196 737 97 670 93 -48 777 878 132 -713 330 -133 848 73 -171 -305 -323 905 181 109 -167 -1300 -48 -769 191 922 263 397 -510 719 866 787 998 -76 385 185 306 -683 -832 708 -100 -845 306 -356 -401 290 -377 241 -46 619 135 847 -764 -450 -756 157 -49 258 -404 140 56 891 -433 550 -646 551 -10 -769 -76 246 -681 -962 22 -781 422 -377 -445 184 -14 538 -142 25 -451 -33 267 614 186 800 687 -34 262 -556 304 -68 -468 -255 725 5 7 749 1415 -85 -903 -881 1421 -347 -824 179 -553 -399 -726 181 -177 -346 -502 -807 -235 -40 -526 -890 -7 457 137 158 18 218 -388 155 -360 395 -458 -43 559 -48 64 632 510 478 -47 308 166 273 -553 648 681 -75 
296 36 -551 -667 702 465 356 -603 -946 -483 -320 -41 -360 -140 83 -147 381 -334 -10 -353 495 -228 -318 771 512 197 -907 -592 791 519 448 844 -344 -892 494 -169 773 377 834 -576 563 142 303 210 385 -1173 -887 265 467 754 -789 1177 171 -634 -208 526 -954 355 746 604 -856 273 73 -704 573 -467 809 -761 -744 -423 -615 38 176 95 -323 -121 -371 400 -331 363 -451 184 208 98 -194 103 -312 606 -556 415 -280 107 -1005 -423 270 4 -176 -710 1358 -700 228 572 1135 -733 -31 342 329 308 163 328 -316 -304 -9 -256 624 327 528 169 -281 135 -25 262 -51 244 683 -360 -162 330 722 -152 -926 -93 788 -253 -476 -680 136 513 583 817 506 -447 -348 -101 -345 520 342 245 108 -782 263 -215 286 -757 -484 482 -499 -292 -595 -176 1044 -225 355 -419 -727 202 -567 304 196 -502 -1287 365 1026 -600 -369 -459 1423 765 -575 1094 -368 246 -8 -447 -195 60 -526 -226 194 487 81 -1160 87 399 -414 -48 269 -1025 -235 -308 
-78 387 48 -552 -311 -209 256 266 548 579 -190 -394 -417 -77 -392 530 471 470 -185 562 491 -915 544 -284 -819 -799 847 253 -199 -197 -367 -433 245 -1090 -439 10 -840 -1135 1203 -283 -139 981 73 31 752 724 1512 -1419 -73 -414 -172 578 98 153 205 -94 281 -168 -142 39 720 -837 235 277 306 -467 832 -491 -276 2 -719 1045 259 -100 424 -781 22 971 -76 -380 613 -152 47 622 8 -731 1407 124 -367 1159 -238 346 341 165 -391 -24 489 -559 314 -950 -35 493 301 -239 1117 397 -558 213 -164 -840 -133 330 -463 586 953 49 -825 -775 306 1037 -937 -118 -918 932 -639 -338 168 18 -109 215 -317 192 509 -247 82 -739 -602 -427 1027 -186 -128 138 -455 158 -81 707 -35 306 473 375 -120 -2 -663 24 -505 709 -257 -826 -365 -87 -377 31 620 590 434 989 230 5 812 47 41 -278 -681 719 269 469 -5 441 62 228 33 350 503 533 -191 -441 -144 704 -362 0 -199 5 -103 354 -419 -82 -118 -1066 -61 -326 
-437 1572 854 -905 -373 -26 22 345 -500 -205 -1262 100 630 -276 741 -173 934 -967 -631 806 131 -544 -810 346 -1330 -5 -308 756 507 -155 -401 -328 -654 1006 523 201 681 -203 -656 -528 -801 -156 -932 735 -681 142 -633 462 -31 -658 680 -1148 523 633 -385 -286 -488 495 388 902 385 678 124 640 2 -95 -383 -140 -429 -220 -7 -670 284 -229 46 149 183 -342 131 -293 290 -599 532 580 23 -368 -216 269 203 102 663 -35 -392 -224 37 4 -93 336 -74 295 48 -263 -301 700 -139 475 0 -150 254 -343 267 295 288 -225 -36 -388 -313 -313 73 342 -594 -18 104 -102 1038 -108 273 -205 182 145 213 -596 117 250 1286 374 125 1183 -193 796 -661 -673 -678 -582 243 -257 -411 208 -117 334 269 399 886 1094 84 -53 145 239 -233 611 -1206 -97 76 -807 -552 552 283 -377 112 -177 437 -237 505 -121 295 -648 -157 327 117 112 458 -824 -362 291 670 -1068 -125 -454 143 -412 -1262 246 154 -583 1308 286 -1010 -324 -52 -190 
-1175 562 -547 300 -579 -12 76 500 -111 268 320 -1075 -473 27 158 564 -307 259 358 -405 357 -1198 180 188 1033 -536 -387 736 7 -480 788 -876 472 -615 -216 -323 -782 439 -200 -86 316 -1260 596 271 343 123 468 -252 -510 28 607 -37 187 -147 -93 -322 188 -191 455 -1102 647 72 -267 -461 112 163 162 -64 -434 -4 -129 -48 506 182 15 524 7 682 777 1235 862 59 418 70 504 -198 17 -473 -523 -1068 -357 85 -147 827 536 -243 -47 -302 -453 704 -405 -331 -235 272 -879 -175 -1231 -417 -614 4 444 -430 543 993 -782 423 82 688 234 -105 102 672 -489 -699 -103 216 840 328 -8 -752 768 668 922 164 797 -319 -932 177 -415 499 504 293 -556 106 -529 -225 -1134 652 12 416 13 96 817 376 -680 -520 -227 100 375 -306 -169 736 -1037 1139 -100 282 489 782 -689 42 814 510 169 -30 280 -647 661 21 -336 -1085 4 173 112 -128 -338 -441 1865 -544 -844 -512 -64 -249 322 -169 -1256 -51 741 -31 57 -347 
484 -97 -1222 449 351 -594 722 106 884 -221 -861 497 -201 18 -190 253 -779 -237 263 75 -608 -70 378 -470 1313 -2 -109 454 752 -1232 469 45 60 -446 -430 -803 -299 13 288 -599 -1012 -180 510 1221 615 891 1097 476 -579 -245 851 232 1131 -1025 -552 -337 741 -71 -197 -122 601 -467 -644 -102 -380 304 74 -835 452 -412 468 239 -153 421 520 -144 -682 195 210 856 -343 57 -27 -549 -743 -773 80 -289 -138 -212 493 468 61 -486 39 1113 269 793 182 35 -708 -935 -282 -705 -839 278 -415 -489 699 -56 386 617 442 698 -65 -107 -46 -155 -642 101 269 -782 296 263 160 504 -654 199 215 -105 -63 51 368 -75 -441 -511 -326 44 -642 135 198 591 43 -86 311 -131 22 -426 258 444 -304 -194 84 236 515 -954 134 87 -324 322 32 -685 69 705 -132 218 1204 -23 814 164 -49 -214 51 -116 -379 -31 -162 -209 -87 476 -155 -81 -132 998 -1067 -528 587 -275 -464 263 655 -304 -361 -17 241 771 -101 -179 520 128 
685 -545 411 -357 305 348 526 -721 -140 102 74 158 -79 13 416 -346 5 202 -497 240 65 789 -12 807 172 -67 -85 -67 -511 -549 -761 202 -530 272 -318 -265 254 23 865 227 313 -427 708 881 652 572 -2 724 -909 -56 126 -73 750 -814 -2296 373 394 -351 613 -628 557 -175 5 146 -662 -139 -319 674 969 625 316 263 169 146 -781 600 -979 695 823 -225 -871 -273 618 -325 273 -885 -458 -40 -95 -827 107 -586 1151 -377 601 410 621 372 -1225 -38 -334 768 -673 -359 -241 -826 -208 683 -236 667 -713 -269 431 -64 348 -1119 88 165 -185 440 -6 -1105 67 -771 -12 -241 1002 336 -315 -638 7 -536 456 -693 -381 504 560 -298 -507 374 630 -151 -1396 -274 368 823 -307 602 -747 20 -609 -423 59 165 203 130 -123 274 775 184 372 -530 311 150 756 -509 144 -170 -196 -437 147 -328 1058 55 212 -6 -442 126 100 656 -176 -111 -737 -410 132 -116 52 -255 333 723 -631 -543 481 73 -739 945 480 -168 146 -67 
97 293 219 249 -154 -507 639 193 46 77 -831 121 -116 153 88 241 -547 582 487 -629 -577 25 -244 184 135 125 177 -359 -281 20 106 -743 -878 -66 138 588 105 5 -524 -648 118 190 207 947 -134 659 152 -1231 -79 -276 471 235 488 226 216 104 -1072 -173 147 653 -879 -569 450 -1 -447 -179 187 -830 473 615 209 111 -424 -383 123 1191 -67 445 -185 -310 -1122 -239 10 -231 519 -86 556 379 -465 636 -476 -90 675 -186 342 157 840 145 422 453 148 126 223 -578 -596 74 -1042 -748 782 -462 481 103 -614 720 341 69 -539 -481 101 867 73 631 -114 -455 1060 909 -254 89 25 1004 141 -262 5 -54 1 529 -404 1161 12 195 -334 510 951 -141 -414 454 49 335 1280 165 499 -636 -492 525 -134 171 1149 -990 -240 265 461 31 311 190 327 69 1302 -1078 -22 -72 -483 -25 203 -174 -350 390 -497 -42 -144 234 -39 1216 806 539 -687 517 -23 135 540 -276 116 285 102 -1741 98 -778 262 -654 281 1005 
-963 140 -489 500 -565 191 237 369 -726 -270 -176 -148 -186 -329 -481 998 -457 312 809 -948 -167 57 112 -212 -217 346 1537 1472 422 -373 229 -247 -120 -263 -550 448 742 -313 129 -281 -150 843 217 40 819 672 -338 -305 -620 -673 281 51 -367 -281 490 1087 -764 -44 -46 392 -885 303 543 376 -419 44 -390 169 550 -146 -121 -99 -739 -116 -30 721 -185 -40 100 933 315 676 -141 1206 -1044 1387 -665 -357 156 302 -383 -157 -416 -629 603 83 61 -241 -1033 354 663 -107 299 -206 -335 -86 -601 -1070 943 -250 209 -20 -289 -46 -223 -958 -617 -265 68 321 -645 -446 -537 1073 496 104 -92 -627 -378 -20 -859 -411 699 117 660 -301 83 271 -146 -1040 -385 -162 -102 -708 -507 923 269 60 -839 242 -569 -47 -330 574 -405 -68 -143 754 -151 -810 643 -379 -746 336 -49 -249 890 -616 213 456 -454 766 216 -805 55 1248 -1317 -1501 -171 -1205 863 422 236 -543 -237 81 -550 255 625 260 214 843 -742 -672 -284 134 565 -20 1584 -87 
168 -480 -90 338 493 33 -239 -204 777 294 -496 76 -114 -530 -443 -173 1079 -913 -638 134 290 -39 55 661 54 -740 -273 -623 211 952 -742 321 545 -544 248 -747 461 512 431 90 -429 675 -533 356 462 869 65 -215 -420 -1033 -170 -11 -792 -707 -230 146 -616 -101 560 527 -23 67 691 229 579 466 398 -97 -318 -432 -946 -144 -52 594 -533 -30 399 87 163 599 -272 -991 185 377 121 -596 358 621 127 -833 307 -1156 266 -729 -129 -265 557 7 16 -494 -944 200 809 446 -1481 -196 68 111 485 -10 -468 916 483 -135 -399 1082 -204 -1020 -40 -100 453 -289 153 -739 -343 116 353 -167 330 -653 -170 -62 119 -17 -258 -290 -465 320 -1480 261 -888 17 379 695 -111 -291 41 -217 50 423 655 885 -1064 -1312 -383 -256 174 719 -68 772 117 589 -135 199 566 -744 568 -156 -210 -24 222 -649 317 -481 68 360 -829 -495 171 238 -659 206 -189 -989 387 -463 -756 -418 630 706 132 -380 981 -758 -754 -316 -290 -85 -816 1615 
595 491 -495 250 119 -115 635 79 214 -890 -248 164 -89 625 -210 -268 444 563 -150 143 216 -628 -521 -895 384 -256 -226 -1276 -686 -445 489 -22 224 -30 58 109 671 -311 -1243 234 139 1143 -126 -292 -525 202 16 -514 471 -354 352 -98 803 -93 1231 -395 -537 395 -243 664 -736 358 -498 -296 -276 -439 489 169 135 459 -246 -856 -828 -201 789 311 -571 -225 424 -767 369 -893 860 -132 -1036 -992 98 374 251 -208 25 310 45 756 1181 -271 -270 39 -719 106 186 -372 1163 -420 271 3 -176 100 851 -452 247 1184 -591 594 66 -265 375 -345 171 -207 -866 312 -433 -870 1364 286 -490 273 -1094 -151 869 -783 627 578 172 88 -666 -198 -290 -356 161 257 666 -319 446 -112 284 117 455 766 348 474 739 35 2 464 -340 -785 -594 -130 -469 26 -719 58 -564 684 -248 141 658 1684 -412 149 198 -213 345 175 204 56 -341 637 311 -197 381 -541 -145 100 -128 416 756 -261 -478 -243 122 -278 83 531 -110 -132 -976 334 
730 -904 1248 105 569 614 263 867 -270 -153 93 -413 -133 603 32 -478 55 -355 -476 82 2348 414 573 550 -1180 -624 -260 480 -587 806 -258 -166 -479 -420 -148 176 215 246 1038 478 262 -112 -157 -90 201 385 -21 -26 79 -463 377 -182 410 -645 172 -1077 257 231 148 -456 469 -19 784 592 822 -499 534 -1246 1419 -74 -466 -667 762 292 -280 494 -329 242 -785 703 337 315 -564 -181 -819 -175 -113 77 -244 22 217 -845 465 1166 -1071 -254 -26 7 -319 -29 -577 172 406 245 372 392 706 110 -254 229 289 -271 21 65 795 -585 -994 389 -95 148 220 -717 -141 624 941 128 101 69 -742 -148 -271 -797 -308 -984 -918 1043 272 -532 793 819 -122 326 -238 -470 -180 -426 617 -130 316 -734 -192 -373 -14 -593 -31 -136 -56 436 275 -431 551 -167 711 229 -233 763 -72 -218 10 -1129 822 491 346 890 516 49 928 950 873 652 -119 -371 324 -57 -19 -657 539 -222 54 484 -213 159 -251 1018 193 -54 -716 -5 -316 -687 
503 -213 -263 218 -574 -16 -224 -122 -756 140 -801 385 551 79 416 -76 -418 104 -220 -93 473 -249 1152 161 -832 -479 -355 -319 193 467 208 -214 123 509 238 60 -3 290 -1260 -365 -484 -907 -701 720 -469 -855 -226 732 592 -148 87 136 -436 518 -572 -481 -326 59 1195 -113 46 107 -365 -349 -407 878 -795 -360 481 273 -54 -1420 890 371 1126 -136 -445 -49 -732 -5 462 515 -535 -618 806 153 446 -683 908 849 937 -473 497 -81 371 154 184 -393 -237 346 832 -99 295 441 -471 517 -450 372 -39 -605 934 78 215 304 -459 12 127 -109 -94 -237 -85 255 -62 14 -309 -796 -7 586 -259 460 -85 198 -124 -4 -48 21 -1348 33 564 245 -613 -549 737 129 -107 -718 307 -839 -210 373 -607 -224 927 -34 461 -343 422 -844 -354 460 -109 871 -327 -127 -873 83 15 -581 1396 -284 395 -265 -278 4 -289 -636 709 371 476 -202 112 -695 478 -353 1173 -514 281 191 -76 946 231 -208 593 -548 760 -168 260 -374 -597 -468 
357 38 -812 193 -684 480 -110 -909 -524 87 975 -1185 -179 -82 -33 -520 -125 273 -203 -330 -225 -801 697 -390 274 379 -503 521 -592 -981 -381 404 149 -767 -9 -71 85 951 14 149 -436 -740 241 48 -399 -21 -56 -568 -90 790 -383 -233 -512 -444 -618 -561 -425 445 768 -573 291 48 -320 432 289 -232 -106 483 109 -217 123 -854 92 -281 -862 -77 -493 -103 -100 132 938 141 132 -1133 281 -1162 -460 -727 -506 6 886 254 -930 624 430 -79 -80 -151 -400 322 -600 604 -11 -1164 -57 187 36 -460 -506 -188 -45 -240 28 -804 -92 91 397 835 339 -411 1060 -698 168 587 -162 288 -2 413 231 -474 408 160 -10 -371 -1094 228 91 -335 -695 -857 187 539 -19 -6 -340 117 -252 -81 -46 -490 -969 1008 -447 110 -327 -155 -209 721 -133 66 -689 23 176 293 162 857 -344 -342 -403 183 -1051 -349 973 62 -106 -707 333 -204 732 467 666 198 -759 -461 92 166 198 -143 297 -215 192 -429 -385 350 -102 27 313 166 377 127 
521 203 773 -709 -472 -57 -378 -93 425 -44 12 25 8 -22 190 -1059 -606 -436 274 288 289 -1191 -687 652 53 -151 -674 -953 834 249 894 27 -302 -357 674 416 -608 -61 -715 306 84 20 105 406 100 -532 707 -273 -472 -9 -34 676 127 716 128 -123 -1243 -376 -128 368 222 -383 -642 -166 -193 -1539 -89 -223 145 -367 383 585 139 26 695 167 57 -607 207 -430 267 423 425 80 44 153 -200 611 46 981 258 -269 527 1293 544 -272 -563 -188 342 1100 -33 -1001 -804 786 234 18 -350 -157 795 -77 595 -13 531 811 -234 295 636 -521 -556 -101 -382 206 -498 -64 -477 353 -2 340 1044 -556 412 -814 254 148 -472 1227 -1078 -140 389 -516 159 7 73 157 258 140 174 385 -531 -169 162 118 -478 -237 -814 140 344 -451 1369 -22 -705 -399 1013 -181 82 42 280 477 247 203 -4 -43 -853 -435 171 -190 -185 -363 -282 253 94 -196 37 33 -18 -314 614 671 -174 129 -280 -313 -972 -478 -628 398 396 1139 -975 -459 
-325 1044 239 479 1282 -148 -813 -138 -837 -885 -778 511 410 -174 -74 -827 -904 -438 -58 352 -599 404 -611 451 915 530 -524 -292 872 -495 1110 -493 -336 643 1011 -853 638 -429 -1009 -690 -341 232 -536 -1059 155 242 -608 13 -136 124 193 -146 -167 61 531 861 -88 72 -932 -1362 -184 128 140 57 -464 196 -540 -388 123 -865 461 478 679 267 731 682 -198 212 341 -259 294 786 623 864 314 283 -875 -238 960 123 917 -376 -166 588 -281 398 106 1120 260 -898 138 -621 636 -93 1237 -251 -684 -1042 99 -137 447 851 -639 -856 -705 -119 -218 16 -425 -419 -279 -175 -16 -89 -1009 -421 -781 131 266 -249 -394 438 356 700 272 -318 229 409 30 -376 659 -1197 142 -280 -177 -741 909 525 -37 -388 620 191 -17 -222 253 -398 -499 72 -554 935 -463 -285 -65 -443 -207 38 -199 533 -1158 -1139 99 -166 663 -284 -145 -4 471 -678 61 457 261 530 -58 813 1073 25 -142 869 -592 -314 77 -246 -364 378 589 354 9 -454 -446 -375 
21 -382 159 -195 81 268 417 58 125 548 -369 -342 -117 -232 -381 -221 165 -560 1224 -162 -209 431 39 -482 393 127 147 -529 466 916 -663 163 20 -57 -281 -355 987 -791 431 -167 -517 157 -170 803 1010 271 265 506 -10 -495 95 788 -1015 1181 787 747 96 -351 1196 -566 -180 336 -1308 -413 443 -655 202 233 -271 -319 231 -240 271 -137 -259 523 249 -463 561 600 343 -492 -850 584 192 862 382 -593 -133 543 -267 -1118 1012 -392 47 92 572 -223 794 -124 -6 -1445 -35 -4 580 513 1505 -85 -54 -451 734 -366 -115 -381 796 6 535 -676 409 -87 252 -672 -240 201 -573 -578 701 855 178 497 -1146 -223 -501 57 90 -872 201 -383 987 -40 630 -205 764 321 883 439 -155 1044 -413 -429 824 -398 528 -182 -21 -332 47 -138 355 -700 37 201 108 22 185 -44 -852 -687 895 -382 909 82 -209 -712 -427 1077 -756 687 67 -416 788 322 -76 455 -41 -1611 548 -521 -220 -129 541 355 -389 -217 501 -725 -170 -631 578 49 
642 -120 -292 1761 1080 325 -461 323 -379 159 437 -270 -556 936 -28 311 -1350 -120 269 677 517 1389 178 681 -112 3 197 -504 980 792 -37 254 279 -860 419 -970 42 -25 -768 79 112 114 772 744 100 63 392 -95 174 -277 -16 -18 594 445 60 57 724 25 463 -828 1522 -558 -166 -199 -665 -105 1233 -778 429 -864 -374 140 -509 110 357 -46 351 -146 1111 -418 -579 -89 -278 565 -589 797 -332 448 -29 453 169 -167 933 1069 148 963 -67 696 -379 -692 -626 -985 205 -999 -530 350 784 -918 211 199 668 -239 308 707 236 -897 -1529 -642 698 387 -1086 -133 -379 91 -713 512 -18 589 -843 280 -626 336 496 -178 344 488 759 155 61 625 -363 565 196 -578 -1214 -799 1000 763 174 79 150 -326 559 1103 51 382 -371 -312 574 -292 69 154 -471 477 431 -416 126 125 386 356 -646 606 -341 778 173 586 210 -123 1009 -63 350 -192 133 768 -240 59 604 -319 52 -221 507 221 529 1073 299 -796 -315 -109 -372 477 
180 -262 -528 623 -926 591 107 847 844 -99 670 234 -471 800 -953 -203 23 1159 -980 -504 -279 104 -589 -263 118 500 -937 632 -702 -58 -729 770 1100 -456 -49 -505 -9 -62 394 -1 -323 -313 394 -905 -915 -946 418 -507 -376 -116 16 -210 18 -124 -89 -786 -722 273 14 15 -81 -6 317 49 278 866 -488 -126 -778 -102 -347 416 -337 -298 -102 335 -248 -833 -280 -439 670 -149 89 -957 -200 -117 320 -55 -240 -1203 791 -218 -116 191 138 -809 202 339 -721 -1034 -595 451 366 256 -907 -81 240 48 -2 309 -386 -667 -341 -166 80 192 377 748 111 -252 -307 -478 344 -1482 -400 -282 -551 -16 -376 -354 -413 73 -466 417 -881 -367 412 185 180 683 306 -461 -657 422 -76 -70 48 104 427 -724 -615 102 942 37 756 -223 -259 664 -356 -796 -389 149 324 575 576 -224 69 68 -203 140 -646 1016 -676 -346 -1 -289 86 261 -392 241 400 -129 145 255 -341 1318 30 724 -62 -53 -27 -775 896 448 -523 -174 -176 -598 -518 730 
-299 -96 -15 -1109 -405 386 597 -410 1339 1024 -77 -479 -591 -336 379 -597 -402 -260 262 228 -57 -718 -70 -249 287 -787 -534 465 1007 -152 549 -72 204 -261 447 -359 332 -1084 -361 10 119 -396 -249 -541 217 -154 478 -928 -463 -356 -387 -88 540 381 -177 -451 -49 -231 -213 -444 -1360 -93 510 -238 -75 234 271 -841 -1059 237 -702 -379 1270 412 897 -414 18 358 -20 -2 -381 437 -849 -1084 292 -916 345 -283 989 392 101 1559 -504 212 -164 564 19 896 4 -1237 34 26 700 -69 700 310 640 -340 476 -127 190 -722 780 714 -302 -131 263 278 -931 -379 930 135 -516 -705 -77 46 715 628 -936 -275 208 -863 -458 181 -967 547 -680 5 -344 -388 -547 -214 420 -1157 231 434 -672 -501 -671 494 -162 637 -836 -897 -37 707 -371 -122 -861 1257 -969 112 -525 341 326 591 -293 510 478 -421 -287 139 312 231 598 -676 155 769 1025 309 961 -664 -122 678 -35 55 871 478 -228 -712 -883 -869 -406 588 1281 3 -327 -717 -774 -291 
-310 -434 341 -197 341 161 -486 240 -629 -52 -183 -264 158 -408 372 96 344 -523 -525 187 124 300 -13 -160 -220 256 265 -572 31 -420 -941 -742 -87 83 554 -487 -498 79 -726 730 -358 393 -252 355 -14 290 263 687 -587 -106 -44 -449 268 956 -371 338 134 633 -813 -248 -258 33 -520 92 -282 -33 -113 -128 1117 83 1231 185 -145 -457 -1073 -17 -286 -337 353 235 -578 819 1312 781 873 -71 -362 286 -171 445 -177 246 320 -727 -75 -326 -663 378 322 -19 -463 -277 -231 -98 597 -529 195 119 -537 562 -294 336 338 -383 246 378 -497 87 -223 -368 -1169 -1366 701 360 -239 -294 -334 615 945 -137 208 968 287 96 733 -14 172 50 -357 174 263 743 303 -286 607 -10 -56 -577 63 627 97 -261 -610 300 -12 -556 -369 830 627 -496 13 -164 -280 -73 717 296 -496 -643 -389 1298 254 -524 199 1165 -21 734 -637 -294 -730 -968 -145 347 760 36 -66 -533 -347 456 972 696 344 1184 -965 423 127 19 -869 613 172 -299 
-242 107 -515 621 -285 -1009 -76 -542 117 -122 93 -734 -462 -50 -381 -139 501 829 -626 -228 1 -863 -181 298 -106 90 -51 230 240 -634 288 -323 374 -243 -1033 -223 670 -186 -165 -1122 -266 -924 507 44 -816 777 -884 552 454 537 129 -44 460 -199 -740 30 -1164 -122 945 -691 1 582 720 471 512 134 -238 240 -77 884 250 -1158 443 -1154 -221 -537 335 221 -875 506 520 772 -805 371 598 -1178 -972 -948 340 -593 971 236 -663 -258 50 -138 -322 -159 -328 878 806 929 232 -4 464 113 443 -31 -420 -402 285 276 -115 376 -402 -151 545 -180 -790 -158 668 83 389 -25 -55 -315 -362 129 365 178 282 -476 239 -226 -381 -408 -708 -883 356 -314 -488 -826 46 562 290 -439 -128 -173 -867 -405 -372 -250 440 -579 -726 -514 -71 438 78 -777 -342 -455 -747 288 -208 -891 -896 -473 -421 -34 -177 -128 152 297 55 645 -26 -73 -657 -435 -379 -364 -1279 7 188 -248 -258 248 184 -343 259 -463 194 -489 46 -235 886 305 322 299 
58 -626 183 211 -738 -312 -393 198 -404 -65 250 565 -386 -322 425 -178 -691 -323 335 -130 1059 -638 852 518 46 227 -70 -225 240 -145 125 21 -57 -506 -1213 -219 203 -553 -1150 -867 615 1258 930 19 -522 642 -575 179 57 -786 -641 32 -17 27 -1098 -494 557 87 619 -568 -679 -252 -59 599 375 -45 308 46 600 179 413 -255 51 -177 -206 -389 -69 35 170 -1160 648 182 501 167 178 -873 258 560 307 332 708 -954 54 199 309 231 -239 -185 130 -35 -342 456 -29 548 -32 861 -346 1017 -769 959 -563 -333 -391 -60 282 -838 -294 322 200 -603 185 -1373 -698 327 100 -48 618 453 -444 -131 157 -19 -962 -274 796 91 312 949 537 180 109 -352 6 -266 325 639 717 -35 -328 -9 620 9 13 -392 257 -46 -352 59 762 239 100 -84 300 -1074 57 -985 559 -723 -534 -763 908 -963 37 335 -405 658 436 -370 289 409 -495 52 823 -424 -165 -189 -765 -52 705 -348 -48 515 534 -113 510 77 -345 -806 1119 -28 
64 1237 -1149 -473 1108 -308 -15 -482 191 53 448 706 -557 576 -247 -617 146 434 275 50 48 -67 -690 1032 147 226 -65 -607 -540 145 -882 -459 932 -873 -1051 -687 433 -829 11 -673 5 106 352 -123 275 -239 -331 -141 -89 -348 -443 422 273 804 -285 327 244 -547 -924 331 -225 -35 -519 -39 -500 164 152 -863 -580 -149 -152 -48 -9 -130 99 -190 -423 -492 -178 -914 315 -373 1157 -512 -583 247 767 -334 -17 65 99 -308 -957 739 -153 13 660 501 59 187 -155 247 -1007 507 576 183 375 409 57 -1732 -1111 -473 -258 662 453 154 -430 -148 -286 543 -79 -390 -1 -244 -824 245 -778 783 276 1027 -817 585 253 928 903 -1341 -453 32 124 -226 917 180 -508 105 548 -1954 -770 607 80 116 -417 -454 82 177 -379 562 -116 -1454 254 744 -134 750 111 -205 546 97 -455 -765 -938 503 -978 600 775 -26 -317 127 1475 -39 -421 1494 -1112 850 282 240 161 -874 -155 186 -301 309 -1028 -449 488 973 7 -70 414 -915 -1557 -381 
-192 -208 -297 -53 622 -709 -50 38 -250 -231 221 308 910 399 -62 112 225 -222 428 -182 -130 -740 -670 -88 -94 -716 29 141 -387 -82 365 84 -245 -588 1118 -201 116 240 -192 208 1154 174 -191 -309 -316 -921 -242 198 33 528 316 -739 565 499 301 127 -569 603 -363 -447 13 -183 37 -150 -717 -91 209 -408 897 569 -315 -153 -483 39 -43 734 -37 -515 181 -31 666 69 422 -6 446 290 -683 165 -311 72 -1258 449 -149 -688 597 149 66 -585 -117 1261 -655 771 721 -6 1097 -636 -108 -480 585 -887 -159 1185 -615 -181 17 815 -1174 -368 729 -334 -64 -20 458 94 -977 1274 200 -269 66 424 -419 569 280 -303 -408 491 -818 -40 200 -390 132 -98 302 460 300 340 -168 -279 769 -178 -250 287 -223 391 -1005 -234 -446 494 240 -449 892 -487 -313 550 260 1141 233 -219 -577 -478 -1166 776 -169 -153 334 101 55 -455 -257 100 520 -841 140 -589 -344 1035 976 -114 967 563 -7 -470 -1062 64 -1424 -334 134 286 -277 34 
-518 -158 18 -599 -354 -633 290 240 -327 -46 339 1173 -439 -4 755 -49 55 -628 622 -394 -351 -697 574 471 635 -641 -420 -332 439 291 1036 -776 -22 -581 338 622 -62 -834 -67 195 27 31 -225 -345 664 321 -297 62 83 -621 -206 678 1137 90 132 385 567 -388 -836 -625 -249 809 237 667 -489 -952 -402 -292 597 -213 -694 767 -24 -112 98 546 246 875 204 61 -137 -119 -27 -1082 -366 160 402 -176 42 389 -342 219 551 33 96 700 379 987 -812 1040 747 420 -1032 -611 240 -876 -27 483 486 -14 433 -491 -284 -432 229 -411 -531 1134 664 321 447 -265 -1267 -40 815 -453 583 66 -203 -19 -113 -104 -294 -166 708 -228 426 -403 202 -2 -73 -183 -248 -236 994 -251 214 -456 -470 -262 -445 342 -220 -156 1001 -237 -414 -379 25 314 679 -62 -787 -70 215 -201 378 96 599 280 -42 736 291 99 -333 -385 832 -234 -445 821 -279 -362 -881 345 -82 784 530 227 -138 -453 -343 31 215 272 -45 608 34 323 510 434 
204 23 -265 511 -215 -9 351 -1311 61 625 618 -389 0 107 -780 400 -637 -495 -319 -597 6 273 306 -151 -309 -343 -142 -42 -1016 -693 -1112 -27 991 778 -370 657 -84 -133 -115 230 -138 -960 317 80 138 312 -86 188 -476 699 108 -751 28 508 95 -567 2 -187 549 -246 -393 57 -334 -159 -351 -369 -64 -322 -416 125 1267 622 -515 282 12 -331 -130 -119 539 -322 -197 -685 -150 424 149 -26 472 88 -117 325 513 -199 657 -105 458 837 -299 706 -599 1218 -464 -629 -482 206 448 4 635 -428 -501 330 671 278 -88 361 238 770 -230 -250 -146 -36 -95 -387 -413 13 265 462 141 525 -48 87 365 252 -788 -762 -318 289 -370 -951 -397 -526 339 455 528 236 -347 126 -7 -26 -416 343 -79 685 -901 -148 -235 230 -1382 213 197 -682 436 -1198 409 133 1220 -764 518 637 392 -231 767 404 193 772 416 -740 -514 -471 -418 -887 -870 986 -492 -440 -135 409 -19 -512 225 434 100 187 91 -68 -1041 -477 -584 270 -566 -791 
-400 -868 -127 -522 -424 -914 336 -260 -276 735 20 459 31 -488 332 687 -290 -934 352 -523 -314 1374 -397 -578 76 511 282 -826 319 -102 273 -428 -692 -93 -456 1025 -687 564 -717 761 143 -448 -122 935 -49 77 217 225 651 6 404 232 560 -326 370 -1074 -253 -668 -564 1099 -484 -1109 110 -958 247 235 310 -877 546 -466 -900 221 -358 313 36 668 99 -153 -769 -62 -17 608 -94 -72 -332 -498 -528 -174 -941 525 -437 243 694 -934 749 528 392 -1425 -19 -550 53 -257 309 -350 324 -361 224 87 -67 -194 -160 722 668 390 1072 -105 -377 -680 48 -669 -77 -356 -285 2 725 -358 -262 -290 -143 207 -731 -331 -464 -396 -229 320 76 485 -540 140 397 238 -501 -945 498 268 -808 -70 1200 -138 -301 1348 244 564 565 379 459 -788 -9 -639 -781 -331 -270 122 339 710 44 -398 1200 824 219 -386 -265 -244 -17 500 43 -62 517 -628 25 -557 170 541 222 -170 -479 323 317 411 536 -619 -76 -517 -48 301 -108 302 -606 26 
-701 256 364 -744 208 115 38 294 100 -175 -178 -299 -60 430 -125 128 62 -238 -550 465 534 490 282 668 -819 683 -182 71 9 -387 351 268 -173 539 -197 36 -36 617 -11 -371 -13 72 509 670 -284 352 -109 -60 17 18 -68 -760 501 642 -190 -464 -421 539 638 -164 324 -95 -66 -462 -166 -159 872 32 341 -763 119 756 816 -63 50 -27 -14 -337 2 -131 111 606 353 693 -517 -83 -482 329 938 177 -193 387 -241 648 248 -710 -735 -1309 240 25 1183 -259 460 158 425 318 899 -233 27 463 -159 -9 135 -1064 341 -411 -542 121 -586 -126 -253 921 413 -14 -384 293 23 -23 304 287 475 369 936 424 -285 232 56 798 -112 398 718 30 -419 -148 -368 -204 32 -468 -69 -319 446 466 263 122 252 -96 -783 850 715 24 141 -422 496 950 -284 -62 303 612 -762 -334 -405 679 447 -47 403 -524 100 -710 -48 98 259 359 737 -36 -1048 -563 -604 -468 -315 277 245 -663 135 -91 -272 -26 -974 -697 -227 -1148 
-395 -600 570 -214 -33 642 -276 -262 -880 -93 -145 -627 -339 42 605 -623 -414 -537 269 442 -257 -506 537 -670 -5 100 -485 -595 -296 -284 -90 -295 -317 435 -250 520 328 479 -63 1559 0 -234 40 -237 -138 -322 -354 -856 121 466 -274 -329 352 692 826 282 50 136 297 363 -560 -676 -130 -485 272 -675 -172 -172 327 -515 149 -421 430 186 161 1063 342 -832 -947 -267 749 -222 -121 318 710 1730 -361 169 -490 -696 785 743 21 185 -19 -192 958 -462 -256 -518 238 -219 -65 -555 -644 139 -794 -77 490 690 568 -79 246 211 437 239 615 401 380 71 492 -420 -183 -260 800 951 -18 -685 358 -612 -194 -374 66 -754 85 125 65 698 -259 711 3 108 -341 -349 -145 362 287 -27 50 -220 -272 708 70 217 486 -480 653 -497 978 593 -281 -40 -150 -284 835 546 94 -187 302 -253 944 -230 1116 -267 -372 -171 308 165 1269 -274 -187 -143 -441 -335 925 36 62 -57 105 -212 284 -282 453 31 -507 62 -566 481 343 -369 
-170 -236 -203 574 187 -1306 79 -378 511 207 494 130 926 -396 -260 444 -490 -199 379 -276 -5 1016 973 652 -407 19 531 464 65 144 -165 -418 -749 -288 26 -265 36 -56 216 -59 -215 -453 -1276 -88 275 -361 269 400 810 -450 -430 -74 -702 -45 -704 -479 264 434 -921 266 417 -782 477 703 378 -240 107 -392 307 -882 -394 249 -849 615 -93 398 -1190 -180 304 237 183 623 -226 503 -193 -298 -973 -321 -12 -234 -357 -995 -68 -224 36 -90 -749 -92 -414 -589 -111 -785 -156 441 339 64 322 12 -223 49 -588 226 638 100 -938 213 -897 630 36 -484 -1814 -338 -499 -513 -164 -625 413 -906 -28 897 223 -13 -33 -1000 57 392 188 -446 -111 -546 -439 -266 -349 -1245 222 109 189 -482 -715 1150 -635 144 -802 -261 262 -52 419 75 -198 -326 176 -1065 799 -776 -164 957 -748 317 38 153 -27 749 -991 -321 48 126 -1450 -743 38 -501 -71 -168 1376 -106 -293 715 -43 -22 245 80 -531 620 -417 301 202 299 578 383 -387 -256 
-717 -228 -738 -196 6 8 -601 499 -387 639 801 -274 -138 -257 -592 257 240 -252 823 107 564 577 -825 284 -418 19 723 -34 -481 -343 983 0 257 -223 -485 267 458 95 343 519 738 129 -62 121 1305 501 -512 495 -355 379 359 57 -269 651 -599 -384 -94 2 -405 822 225 -562 240 -473 615 52 463 -57 230 -534 -393 -485 341 -84 747 -425 54 -769 447 -267 -409 1029 -854 457 -780 593 497 700 231 -760 152 297 -1066 988 576 -433 -529 -916 -771 151 297 188 114 -106 -840 668 236 -514 1456 -356 -1061 -3 99 33 -66 367 -804 -437 -332 166 -1184 1322 324 20 428 446 311 -346 -590 -534 723 229 -308 -199 452 147 190 1 225 170 -175 161 -391 -377 192 136 197 696 36 -205 152 753 -324 148 341 -134 -8 -782 -2 66 769 292 -92 -672 -170 725 -671 753 -941 -55 353 724 157 -245 189 9 -1156 -620 303 -17 -353 619 596 -442 533 461 612 -918 445 186 -520 74 67 -85 393 686 -963 -192 -423 373 
94 -672 -1278 488 -429 101 21 -668 -375 1030 -357 -718 1309 90 -86 974 -11 319 -203 260 -349 -609 751 -487 -317 -899 283 -670 -353 -238 -506 -319 9 -518 -537 710 -729 -366 54 27 454 -453 680 -176 44 533 -380 -217 316 197 -115 289 531 -637 -213 -294 340 1040 743 1010 586 -589 374 -101 136 875 25 352 541 -153 209 -910 -459 -307 3 478 -45 -197 -135 -237 1046 296 -81 -424 -58 -372 -849 -12 -241 480 277 -887 464 -243 113 240 -961 14 -1067 576 -347 -409 -145 -57 -404 -1732 105 -105 -220 -742 -281 134 380 43 -219 105 -780 209 130 55 -178 50 16 -594 -439 92 620 426 -30 410 272 -424 -126 -672 487 26 -586 -172 -484 -178 -687 -172 616 -269 -575 -327 -610 313 565 392 651 106 25 42 -421 -546 197 193 -330 -398 208 -892 30 368 -929 904 -383 470 -231 254 130 -747 -283 -530 -262 7 -482 -368 823 410 -287 2 -581 237 815 -81 -523 437 -126 560 45 -287 59 107 -53 1273 5 24 -20 206 
-29 -13 384 290 402 738 -564 -226 -534 -368 218 350 679 -354 376 -1217 213 255 -751 436 434 841 -332 532 -355 -186 -676 -926 285 154 495 462 -619 84 -283 41 -397 34 680 -574 110 -740 232 -305 -311 366 -437 653 -376 -653 62 152 -149 -1 691 156 -1067 -313 -688 388 -45 -304 467 365 -727 14 -483 307 -451 -20 48 637 -393 -184 701 -156 -711 -920 795 -589 -1686 -204 -69 195 -37 203 -548 289 453 372 307 -64 267 -233 -182 1022 -252 -74 248 435 -317 -265 206 421 806 207 734 946 -354 621 -195 436 -1023 -178 15 -941 -432 -31 -552 -749 533 -891 746 1151 -65 -1025 113 -198 -124 38 -421 -943 -518 583 -621 -74 314 -140 345 -267 373 204 384 -97 387 -1137 245 878 -981 -182 -578 93 46 -1029 -1137 686 -442 -207 -607 128 -47 396 114 -901 608 -894 -118 498 539 -21 -43 105 -753 334 1012 -433 -501 -211 -24 28 -63 -42 -571 74 88 -1162 -288 232 -366 361 119 -397 -874 452 116 651 -449 35 -279 -102 
-221 167 -1003 -177 767 860 744 -34 -328 -320 -514 -545 -100 176 132 -119 -208 149 813 -135 -407 55 -474 -237 302 1147 257 235 953 245 -88 498 -252 -327 -36 -274 -49 -348 254 -753 -260 -24 24 375 635 -22 -87 -126 -34 390 -42 -99 868 -330 257 -69 222 -733 518 971 373 -280 207 603 -1126 1009 -35 -752 976 161 27 -725 -276 -80 35 -967 -134 1034 -209 340 -633 228 69 415 96 -69 -763 -309 98 91 928 733 -741 -279 -146 744 -732 243 360 45 -730 -99 354 467 -793 141 69 -1108 149 -171 -152 -51 142 256 769 -23 165 -83 -352 100 -675 177 117 545 -767 -850 -1388 97 -6 19 -532 87 68 -74 -55 90 -186 872 -858 -108 27 73 113 -84 -58 -57 513 297 420 -671 638 -4 832 871 261 104 262 29 26 -344 -738 294 -39 -570 -1213 160 164 -196 -79 -385 28 604 831 389 228 -914 -277 -506 -59 192 65 237 268 292 -42 231 961 -140 -236 -254 203 96 -370 -381 -33 582 -403 -1099 -289 286 
74 109 369 -875 714 61 465 -1193 -140 -234 405 -436 -332 596 364 348 1083 -414 -507 510 517 252 -102 -359 -123 -225 1065 424 185 -417 -267 -1315 257 825 -802 132 465 377 799 -176 -768 80 -293 -363 -10 -361 372 -478 -443 462 967 -689 -528 -324 -209 -567 -521 -14 322 -1463 -589 1211 91 397 462 451 745 223 336 -128 10 275 528 -1242 -893 751 312 535 -100 6 20 113 -906 202 -200 -362 151 -922 108 737 -509 -56 330 571 336 -964 71 276 -655 -2 -225 263 -761 33 870 -964 549 -268 -1040 -119 565 -890 -721 72 56 55 -456 -177 -268 133 421 -134 717 552 73 -104 -233 -752 -937 374 119 -58 -159 -47 112 676 -113 -713 1421 60 479 906 -690 -368 -1313 -174 -562 195 -515 -320 -887 324 -71 -167 -333 395 -969 -102 782 -226 709 -431 -319 145 418 676 -74 597 -34 129 282 -240 -552 1666 117 658 -349 -461 -653 -1562 -157 -64 -817 37 612 -128 -258 -105 -691 -577 -945 432 432 -249 18 250 -1064 -86 198 -98 
-426 -540 216 -764 -594 -664 120 -418 -22 377 -882 57 -127 -450 -32 -1003 292 -375 65 927 419 344 -165 14 493 408 209 -755 442 -1348 196 1127 0 737 -379 -132 5 -10 398 -818 147 -749 -518 636 -1251 777 108 -49 -786 64 8 -615 114 -373 -1396 -554 583 186 -1036 -488 -97 -641 345 198 -348 -381 -91 -816 -124 -306 -1090 -157 23 -254 821 126 961 166 -1081 193 -543 -90 -316 434 285 -161 -547 541 91 -106 446 1093 -573 -170 -439 206 -818 245 -116 -130 533 659 397 150 63 -4 -717 -1228 14 -54 -437 -550 -237 -543 -46 275 -158 -677 -14 54 625 893 -177 590 919 -190 -523 -185 -780 -948 162 -41 771 -542 529 685 10 581 -111 -113 -329 460 270 -80 -849 217 -524 242 -231 40 412 -361 -968 -112 -979 -282 642 133 360 -107 -185 207 164 320 387 -1241 199 33 819 780 165 -1130 17 -118 206 -48 804 376 -449 -224 111 326 -868 -306 293 -746 -1314 -404 384 -487 220 -323 -150 350 -32 235 1026 -63 -231 262 
116 141 -9 265 -275 -100 -381 1194 -242 -495 -399 110 -635 211 679 -465 -307 -179 -957 196 191 -290 -467 -91 54 -58 -586 -207 -178 706 377 543 -371 1175 574 -101 72 228 -285 392 -802 -202 388 6 257 -62 -704 54 -408 528 -201 1074 406 35 651 -564 673 -138 230 371 95 -415 -530 -420 -40 49 445 173 277 -380 590 143 419 94 -801 125 -792 298 8 -68 -809 181 -318 -247 -514 236 -1 389 -57 298 212 219 43 103 160 -294 501 35 -27 -390 750 53 -300 825 -636 -80 -570 1136 -264 38 -47 43 -181 743 20 298 516 462 -918 -523 -312 239 -85 -382 -20 -488 221 315 -779 -289 167 653 -565 -547 74 512 -595 219 -152 -77 189 -240 1099 1308 -234 -207 813 -289 -70 -15 -800 786 253 -513 336 620 681 461 44 671 248 118 -91 466 245 -173 352 1252 -368 -601 -8 -1220 -971 -55 -110 -762 -282 -183 -580 -804 1083 -861 52 -406 468 -357 498 -154 550 366 -453 -299 -401 -276 388 -57 -99 126 446 -12 
-37 -156 906 568 -383 550 416 684 914 790 -349 -405 -355 -64 156 -225 981 -586 365 116 -195 237 -678 823 130 649 -198 -32 -796 152 -723 54 376 406 -54 -266 -100 147 -495 202 46 -344 -789 310 -463 618 194 -491 417 146 471 -164 -117 717 -1236 325 596 795 -288 880 -77 205 919 -83 1066 -1458 -373 196 -804 -615 378 993 134 -478 520 516 -371 -1139 -65 -290 -183 -373 -419 -800 530 -1032 -229 418 -1 -147 -267 240 -107 -74 105 -348 1236 282 -18 -495 -54 26 -105 179 250 -1130 -704 298 608 -1076 -648 -24 -610 -39 -417 1028 -983 894 857 -570 -827 -228 -329 -59 95 15 1320 -518 207 644 376 -161 -240 -71 244 -531 -112 76 -483 -114 -30 877 -332 -30 47 -424 -399 1145 1351 -259 -435 -789 -968 29 753 506 -2054 -87 -771 320 195 48 -59 -693 1315 -547 -1373 -81 -489 65 29 -145 538 42 114 -732 -265 -101 -65 714 -926 -118 696 -1001 -319 247 -202 248 313 213 -467 319 60 -13 -341 -165 852 579 -95 70 
645 787 227 -140 -424 -455 -408 -118 -1433 -285 -117 -322 -168 393 517 -122 -334 195 -169 1476 69 366 663 109 -1245 -141 278 -231 -14 -251 -835 505 -242 456 348 480 -221 680 -59 418 -156 591 -240 265 -446 -311 570 -175 320 -609 100 -1246 -432 458 -95 135 -174 64 698 -293 746 54 -22 481 80 -429 25 71 545 -55 384 -734 438 -627 280 -470 676 233 170 -562 72 -160 -445 -636 840 860 606 -684 1827 607 481 759 -480 407 -1 240 -550 -1026 -52 364 -243 470 -80 308 165 319 -1773 453 -297 -670 -186 162 -729 -169 -3 726 -475 164 -366 310 425 750 524 230 -501 -439 -234 -613 -743 627 -379 -253 125 96 -679 547 -558 91 -16 -321 -130 -254 658 -518 102 148 541 983 698 251 492 -600 -83 272 -1435 -988 627 -156 -640 -424 -907 646 33 445 -85 82 -82 -1349 780 -453 514 -363 692 1221 257 666 271 104 619 14 211 330 704 -412 -286 -1213 41 141 -156 852 1332 856 84 -46 485 346 -150 152 639 235 
-278 97 443 -570 -67 -49 -350 -509 -43 11 -219 496 175 891 210 812 157 -41 757 -473 -976 -641 -186 -1373 -821 -854 222 293 141 -228 -300 -359 -10 -435 331 660 396 242 23 -336 669 355 -274 -142 665 514 -226 578 1020 67 834 -9 -984 -725 -161 81 560 -753 324 580 -30 -219 -826 -33 197 -156 -271 1066 809 -615 92 -524 -472 374 -696 43 -910 -244 -49 -525 297 71 -409 -26 386 95 52 -502 38 -163 727 456 -32 616 7 149 250 543 -302 17 -973 -425 -64 202 25 -274 -614 -161 498 606 864 1033 0 502 -53 -300 214 128 192 230 -257 -968 -632 -187 -154 725 139 -1132 -2 26 -336 -43 454 -631 -115 313 -557 -267 -709 48 -195 -1376 -624 -1354 378 -494 98 277 375 -160 -147 192 -126 300 814 491 -140 -521 -302 475 -27 -296 -1040 -656 -771 174 324 -248 -170 256 -545 -68 42 225 -155 680 147 -422 586 -386 95 -642 -315 546 -470 458 947 -50 739 119 207 -20 360 -43 362 313 7 39 705 578 
-189 1191 204 -232 587 116 408 -300 -250 320 192 763 -1120 653 -1046 729 83 416 -8 111 254 260 -42 522 -209 1293 213 -365 -132 -596 -486 132 -50 492 29 496 -257 550 -391 -649 443 855 1230 838 250 120 349 482 -491 712 610 21 -434 669 -84 525 -232 592 693 -470 -185 -432 353 29 -1486 598 -624 559 29 34 582 591 -266 -784 134 50 -285 271 423 790 -199 -132 605 316 2 818 -398 -901 970 616 -421 -131 858 418 346 179 425 -468 21 -427 293 334 -617 -78 213 -523 -63 236 -127 -74 -220 132 318 1321 -657 441 -782 -400 -43 -66 -225 -917 -102 -87 -235 187 265 1128 -209 455 -1062 393 149 427 124 -626 3 267 -113 -455 205 449 402 -854 -57 238 -514 -409 -415 84 -715 -287 11 176 478 147 415 386 -333 765 -87 -657 -841 265 -341 -70 590 -503 -506 792 -27 -741 146 -733 -162 -587 -237 -726 -238 -325 712 272 54 371 461 -573 652 452 -206 223 -374 112 391 -226 1216 569 -298 -720 -626 -181 
555 910 -1356 45 129 -1128 305 -808 396 -116 536 -32 -645 -190 -888 333 -659 -397 136 -1121 -715 331 -610 278 -279 -463 -447 -272 -747 -171 787 -795 141 -434 498 491 199 370 -962 -542 431 -987 534 -179 539 -111 51 -1239 -216 252 23 0 965 1081 413 -792 -596 -315 481 -615 414 374 -202 -191 526 134 -554 -7 14 245 -395 -544 -348 -147 89 657 290 -914 -460 -457 -311 -243 -123 -776 706 -359 324 -443 -125 548 -427 196 536 335 912 401 -199 61 -535 -207 -499 33 800 -191 -485 182 180 -194 -54 224 -105 703 616 587 -282 721 -57 -607 178 224 -537 486 85 -355 435 371 209 453 -262 138 869 669 -127 295 -52 1061 511 -668 674 442 -272 -906 -563 389 668 229 59 -290 773 -827 -117 601 225 -537 -387 511 1413 -613 -541 -218 688 -554 705 -251 362 217 951 -410 455 -704 -1012 -619 -455 167 -1291 -445 669 -569 -1134 610 -150 -312 221 350 315 159 47 627 1219 -580 -66 -283 513 -443 -1251 -610 476 336 54 878 
-1124 403 -92 -806 -441 85 -1135 558 429 21 360 -64 -148 502 -317 -103 395 20 -1642 215 551 626 -650 -839 -163 -504 -226 482 764 71 717 86 -123 11 149 609 -989 866 51 331 675 309 -192 1106 -12 272 -426 -938 -295 -577 534 -658 -821 -436 354 -30 -522 -236 -580 756 498 154 619 -872 59 -599 1136 755 -598 -666 27 116 -233 348 514 -517 516 -34 236 16 560 129 592 968 555 514 -694 335 221 360 -816 515 -696 -199 129 -158 431 224 280 6 698 -140 695 263 -237 -193 -38 40 646 683 193 567 -600 754 -747 -748 687 -214 -325 399 922 68 486 -44 66 897 -1036 -423 297 41 -63 804 517 377 193 -459 -1162 -451 -211 424 -33 -175 -145 -503 -332 -742 722 -236 74 273 300 151 -779 693 31 612 54 -617 1008 553 54 -82 -856 -719 -123 97 586 1098 112 169 -112 473 357 -87 -244 -403 420 69 25 -744 532 43 -113 -565 -405 -847 203 -1010 46 -374 474 138 -114 696 -859 -250 -305 399 -272 -595 
621 387 415 66 -381 -224 -830 -270 244 -36 441 611 79 216 -340 97 -689 -85 283 -263 125 338 -2 467 -155 -231 -824 -778 72 133 123 314 -519 -959 289 -421 -266 -823 -141 -972 -13 -261 497 -253 347 264 -507 -741 339 -28 -41 807 866 -573 -1104 -370 -126 -1032 216 -962 -44 -276 193 766 67 -26 -145 -1149 895 -10 -692 295 -686 -527 -746 1120 -293 -277 478 142 284 560 -192 421 389 -699 485 -72 -574 180 91 -266 -65 462 -198 -552 -211 632 -266 -865 -619 103 252 855 -323 -1103 -463 510 476 1156 91 -556 -494 441 -246 -27 60 250 1010 482 -378 -617 148 301 390 594 467 193 -291 297 -108 360 856 -261 -429 -29 1184 702 116 492 229 180 -456 -676 -649 1337 -552 1118 826 -1441 242 -812 -491 -703 358 681 736 168 638 697 592 139 -226 71 312 221 557 388 -326 -301 352 -378 -579 -372 280 -224 388 265 -269 160 -72 -626 1122 421 424 -402 62 305 -193 40 94 -164 464 123 -294 -688 -429 -1045 -376 -96 
138 -106 -512 -535 628 586 361 -1042 236 1505 242 -607 58 112 275 452 -655 -624 890 -256 -187 -211 569 464 277 444 530 -563 -476 -44 -850 18 421 -480 -271 -300 -1045 393 786 -128 83 331 328 -332 -189 45 246 -327 -87 304 411 -112 586 774 193 -489 -437 -20 854 -582 -727 -837 -382 37 139 -234 249 67 -335 644 -702 96 141 -35 1709 -364 229 -213 -810 203 1213 225 -42 -1204 519 -423 1211 -624 -456 -94 -924 370 362 -686 -627 -359 968 431 -617 53 -584 478 238 -259 851 743 325 -803 439 -435 221 -186 120 420 1029 121 -206 -864 -307 203 885 -928 118 1309 -1089 3 -65 448 -1251 -222 -213 605 -464 -292 -43 190 61 -1613 1271 -881 495 31 -551 60 450 591 -709 -462 -71 -231 10 -419 -64 -27 -392 -139 -197 -1230 38 -713 725 47 386 546 -221 265 214 -666 -7 -258 342 172 651 287 -504 69 -266 -281 466 70 -451 203 537 87 -605 -545 -554 -9 936 66 -482 341 820 -769 -983 -620 -405 79 7 -177 
-196 237 -1401 715 313 -479 -65 -408 328 -205 48 -521 -1001 374 151 21 -408 -21 -398 -81 16 540 -319 -155 242 329 -222 720 -109 -45 -523 241 -584 -157 -411 446 -133 212 315 -572 -27 -426 416 411 616 256 -139 -307 -1140 -95 -232 238 608 -326 514 -577 62 -829 569 207 -13 -348 219 -101 -304 654 167 -170 254 426 172 -171 -104 -62 -599 -92 209 -25 -272 -434 -273 -197 -46 -504 761 -305 663 -667 185 -213 -32 741 370 -230 -196 749 -49 91 672 -68 -1448 630 -95 797 -681 388 -886 639 -4 914 123 129 382 204 -243 795 878 -536 -399 563 237 -862 -359 640 -378 -127 1576 365 -1272 -219 421 -409 -316 -210 490 -187 -246 826 101 321 -340 -293 -101 -311 -44 713 -281 -30 414 35 146 353 46 -37 45 398 402 -880 -362 -464 945 -679 -238 26 64 -96 608 -640 -103 -314 -212 462 144 -16 -267 -495 -81 -844 -1562 -858 108 107 -215 340 -1147 -291 550 -391 444 -1 142 -283 876 -282 -33 918 -1167 59 336 975 
444 -206 -53 91 365 340 394 -649 -332 -110 -2 -1167 253 -685 -526 -148 -1380 -141 166 516 600 -278 492 46 304 -584 346 -417 -516 -1 762 -31 368 1075 -162 -145 202 -406 271 1002 9 144 -403 -150 575 213 -490 -111 -38 134 371 -40 543 -762 -326 704 -175 -918 163 0 -86 563 -375 -414 586 -339 276 -721 1464 467 223 -66 -58 116 125 72 15 5 700 -11 -526 110 -506 721 277 -339 -198 321 -110 577 -14 -145 1150 -679 370 255 -478 428 -192 94 -245 -310 -413 174 767 189 36 -344 -311 712 479 732 -466 -329 922 -1109 55 -311 129 -692 -470 545 -689 770 9 -731 581 -137 177 -350 -260 -526 -507 -461 -587 -116 232 -607 -142 220 561 -60 -225 -488 -179 632 548 79 287 501 -435 -643 -315 9 54 290 -260 1421 85 -107 581 -80 317 -807 -285 177 -34 1360 -76 -344 543 -511 -674 56 348 1295 452 277 -268 -411 195 -159 77 -302 91 -329 -181 -145 727 207 35 1080 -387 -49 -223 -27 120 497 262 -111 
768 -481 -121 -176 -439 440 559 156 -245 208 465 253 -318 -761 -265 145 283 -421 -402 -440 397 509 -769 155 537 208 94 -708 14 1009 125 -253 38 -675 -1143 -118 368 601 -43 1497 -513 608 387 -81 -905 -197 -682 13 298 -399 -127 47 310 -386 -909 440 -588 -336 -72 491 490 133 493 -342 965 320 1422 536 42 476 -813 346 -634 282 -175 199 317 -1131 267 -39 675 568 253 -644 -1177 122 -705 -461 77 -282 -550 -1177 -610 -325 -258 -963 -541 -261 362 509 175 -315 -556 -534 103 448 473 -366 422 -288 -749 -528 324 34 -32 -126 36 -542 263 77 -627 -3 321 206 307 602 -277 -182 105 1264 -660 -429 509 192 688 -233 843 271 830 -67 309 320 -54 71 690 -758 -215 436 -472 25 -140 36 -332 72 383 783 -43 -709 575 -477 209 166 -526 -65 -418 -90 -1030 -852 -1095 -205 -60 773 367 141 477 625 -451 -804 117 334 -127 43 -738 -1010 -251 866 473 -485 2 83 -1129 279 -985 -855 -749 396 390 292 -175 -271 
146 -659 -256 137 309 583 201 349 -609 -97 -157 -238 292 53 -642 523 19 910 253 114 -654 322 -840 -324 -633 189 102 -203 -146 257 8 242 117 373 205 460 296 -229 493 229 16 215 59 215 89 -178 106 639 768 659 -91 804 -407 772 -598 -499 -408 1417 99 252 339 493 101 1279 566 -696 1091 -548 -546 -505 97 534 869 686 530 -426 354 -619 -332 308 1282 -835 -81 142 -224 623 528 -831 224 -79 -748 -350 406 -37 61 60 -118 -156 -222 598 210 799 35 157 427 -50 455 467 49 -695 592 -714 -980 -197 -35 718 3 107 -326 499 -459 -257 -508 -590 -270 -78 -14 -444 702 -299 -675 768 -624 -858 140 -904 -399 285 1059 697 15 -326 -197 166 -115 240 188 1489 1061 311 868 614 191 -708 -50 431 -683 24 -1072 -182 342 -835 643 652 430 769 -183 -49 54 -58 -564 374 436 568 -343 365 -746 -353 -190 -94 370 243 424 958 213 -208 213 -407 -387 283 84 1004 -173 -570 -888 105 -587 -147 -252 431 
169 -848 721 -287 -225 -453 443 -691 371 -505 706 -263 421 340 -130 -578 933 -1109 36 -523 -531 -198 -324 -1055 72 50 -160 164 691 113 92 -352 -575 279 360 -254 264 471 690 90 416 402 -781 -202 16 -213 211 559 114 -244 -792 -852 -802 -99 423 -320 -256 -37 545 -302 513 252 311 194 657 328 -678 243 161 305 -92 -1178 1044 443 -14 936 20 -137 -706 1221 -484 -37 -256 151 920 -92 -835 -420 18 -84 -672 -330 -320 332 -86 -547 -1077 435 49 43 -489 -485 -39 -667 137 -229 802 -148 -599 -100 405 -38 -516 -536 114 202 -314 -483 286 -153 483 -472 848 -474 -515 -523 247 -163 179 -12 206 1128 644 -862 -1283 -501 -754 -7 579 540 458 -528 115 -242 500 -308 481 29 -779 -972 1300 100 -122 -618 -780 187 -227 -262 -260 52 363 945 458 -298 -77 312 -886 76 351 -729 328 216 -653 687 -607 480 -833 267 204 -978 351 -581 -1006 -572 394 519 769 -811 -122 -140 -396 -261 -737 -59 618 -703 -747 449 53 -807 
24 -690 505 141 -239 654 -136 359 -276 -310 271 -512 536 -632 -257 168 -598 -297 246 971 537 1358 52 -82 94 -294 611 -905 -79 483 227 513 159 -761 88 912 563 70 830 816 999 552 741 577 736 -687 200 556 -44 621 859 193 116 86 -554 153 38 1291 -476 630 83 108 313 104 -71 -1278 887 -76 715 -536 -679 1388 -261 82 -804 -507 186 -152 -490 706 -552 -660 238 808 3 748 379 683 561 860 -52 -343 550 -232 -193 629 -191 -326 441 -13 536 -1219 -1520 -17 306 869 609 -147 -150 -173 190 -467 -259 -495 511 -184 36 -41 -417 339 475 936 97 -336 118 27 341 742 597 -687 -615 390 -318 -564 482 48 -175 455 -670 349 -369 -19 595 383 -294 -37 703 -52 44 -287 95 405 122 -155 1284 491 -536 1149 1047 -195 1476 803 941 -623 -134 -326 54 373 -961 109 537 719 367 -184 182 394 -218 -318 1070 299 471 237 -404 -252 860 1710 -290 -210 647 886 858 -160 -675 318 -562 -86 597 436 298 -1331 
-427 -213 -737 102 -609 -127 567 -440 512 -402 -298 -443 -242 -144 -407 -1207 895 1311 -344 474 521 153 -222 -83 -185 810 163 -680 -888 -355 224 848 -704 -893 401 -222 290 68 -180 -126 880 211 -143 495 -1074 73 -730 395 -624 668 -275 -731 -768 -504 -92 -2 -500 1070 -19 423 -337 197 469 -137 207 23 25 533 -1467 -68 -58 -845 450 155 1272 329 349 -47 -299 651 -251 461 278 526 465 -631 -845 -235 168 -514 35 666 -1194 305 255 343 -774 39 45 -178 -419 -91 431 995 -679 571 -1269 1561 -264 -51 -868 469 107 -869 -226 421 261 -387 108 -760 814 98 -382 116 -217 -347 33 -756 75 -558 254 307 -777 -177 -371 352 82 1112 77 286 457 390 398 -734 811 -84 -382 67 332 -647 -240 112 153 -766 -402 -560 1194 701 450 -798 444 326 0 -397 13 -837 248 -1167 -686 272 -181 182 -570 -1403 -124 -764 233 -86 357 98 440 272 -341 -459 -1051 607 -245 3 -156 416 -85 627 -108 104 -38 -716 -10 343 -186 -286 
-413 454 -152 986 -113 -523 234 -185 18 -413 420 -1298 -1125 -45 -569 -109 408 625 356 -432 -245 -295 -231 -69 -382 -1041 -497 596 -555 263 325 -146 160 536 914 86 307 26 173 1494 426 -78 58 -190 1011 -163 145 -1044 -204 212 -299 434 -132 -431 171 288 -142 424 91 847 73 -29 -115 -406 519 -16 148 -24 -330 -127 462 582 824 -61 605 -406 -396 320 -573 106 -127 6 -382 -208 -72 417 -623 620 188 206 -553 -45 1160 34 36 -66 325 -31 -899 273 305 -356 583 -179 216 -114 -374 -105 -103 -738 228 330 -813 149 629 218 -78 636 -318 211 235 -69 -243 2 237 -38 -951 -82 980 -573 436 -183 -772 313 -282 217 -1030 -442 -525 79 229 495 1036 594 -37 -121 539 572 -163 274 -788 209 -89 -652 47 -203 -392 791 -135 -677 -618 243 555 406 10 -66 306 1126 -201 425 -420 566 -392 -156 -160 887 -354 472 632 559 -112 415 52 563 -592 351 -468 885 -442 692 248 -136 -198 -734 108 -476 232 -70 8 -701 
580 659 130 -283 -660 -476 -947 -415 95 190 115 602 34 217 -1242 -686 1164 681 -612 273 242 -244 -657 354 173 -130 -292 768 291 -292 -330 -148 64 -474 -1355 -484 413 256 -3 -1046 -180 306 37 -189 -95 371 727 -543 523 -143 622 109 -162 -32 -248 571 -38 -35 -124 -28 -436 -232 -210 63 13 449 -16 -679 -573 -505 405 -400 67 -564 1179 -338 81 22 90 -930 -120 -33 -646 477 70 -39 350 434 852 649 -148 -608 606 328 402 -394 911 -596 270 319 667 -678 281 -442 962 173 243 -721 -18 215 259 460 273 399 -54 -446 -95 562 29 -1203 -428 328 -71 -971 458 1509 550 1073 184 265 -40 -561 1048 284 -260 -894 -152 -354 -49 -663 -240 834 -358 -536 533 -501 -489 578 -663 -351 -1305 -1019 -57 485 540 -248 291 -12 -490 541 494 426 318 323 -128 -1079 661 517 899 -262 -419 -51 -457 -669 -187 204 -185 528 -238 798 -395 -156 820 220 296 232 -202 698 -428 -294 287 -342 740 -255 427 216 459 -734 96 -250 
785 -693 433 -193 1024 175 -706 -560 584 750 593 1117 -472 345 813 862 -599 382 -662 819 -971 -322 446 672 11 255 -455 587 -681 -897 -235 156 1068 -41 319 267 414 -494 778 -1189 -5 40 -168 785 -261 -386 -148 647 217 -323 -342 -353 388 -183 547 263 61 499 895 -430 -460 101 75 85 518 195 -789 679 -545 -42 -260 -877 170 -229 1295 529 -811 0 83 566 754 474 -1106 -1702 -91 -866 -469 333 480 -185 148 -146 -268 134 -10 455 -166 504 81 90 933 66 495 231 -227 -488 1338 204 227 357 -28 752 -1214 -883 418 932 97 656 419 -868 441 345 491 -466 -747 -597 86 -923 39 1087 -21 -112 -821 -359 -879 -918 34 -797 183 893 182 126 -316 607 563 -6 249 -179 -272 -696 960 -436 255 -265 337 273 -482 48 -1574 -601 -1314 -269 -332 -358 -282 4 -464 -633 557 -855 425 206 768 357 109 -791 -172 -226 780 352 74 -1422 81 -194 -942 -860 205 -504 798 1000 -290 320 -325 90 337 -413 -250 -66 61 310 
-684 550 5 109 685 94 25 -497 862 14 -13 812 37 -177 -633 -679 919 25 -186 -579 -658 -360 -867 57 143 638 270 585 397 -483 376 -156 712 -669 73 -286 555 -965 -134 -171 591 -148 -2114 -100 -522 488 897 365 -105 113 -1580 -1012 208 300 -39 688 -147 189 236 -128 -263 928 64 -313 453 463 -926 -296 -507 -304 -3 -479 965 -255 857 328 754 236 323 -529 180 679 -622 297 -944 -35 182 460 286 -57 438 846 193 -251 458 -76 123 -196 191 -154 195 273 476 7 715 -148 3 -1020 614 338 -299 282 -114 -312 233 -619 -291 230 389 -423 -81 451 18 -1018 -112 28 427 666 51 -223 -398 -742 170 121 -458 -947 163 132 -495 392 709 -223 837 -1571 252 -480 616 -305 -806 -332 277 -627 -169 701 -22 355 -166 1497 -685 -294 -640 1057 255 -546 -1077 -359 -168 -177 132 189 416 29 -827 -197 307 -301 -41 -326 56 434 -62 305 1113 507 221 -549 130 -39 240 430 -174 -552 -168 -248 443 -50 -212 -715 6 292 
345 -538 518 452 -73 280 312 -109 470 355 132 341 118 -1165 -548 -688 -403 42 -4 290 -482 11 64 -107 -479 -137 -375 370 264 -8 -391 -659 38 270 -349 -402 448 -230 -452 461 21 -60 -147 180 311 -657 197 -134 995 2 -338 35 333 465 -279 -135 393 -489 257 -429 877 343 563 1025 563 -168 761 -47 539 -806 126 374 -506 582 1009 -34 160 132 532 491 5 551 173 147 539 360 463 -657 521 -83 457 -109 154 1008 375 599 383 417 -320 293 -315 62 -267 174 -690 -235 -581 981 153 -933 -208 62 -972 -118 617 510 -224 118 245 -257 -168 -867 -243 123 -166 -43 811 289 742 49 -96 473 -44 -1422 -167 -356 -722 -101 -8 186 117 -677 151 -140 -460 -1478 759 -66 1023 221 -186 -173 93 350 -229 -712 -341 -162 -883 774 -500 -199 -75 -502 -195 -94 -736 -1010 523 -707 -116 453 567 354 395 -136 -685 -727 350 -277 -547 -176 -1078 313 935 566 618 98 -449 -569 320 710 -85 450 105 -4 790 663 -365 181 
428 1320 1060 745 115 235 780 -45 21 -381 771 -613 305 -64 395 -235 -111 185 -1181 507 123 578 -835 110 -1253 340 1186 -1012 -1218 -276 4 63 -665 -433 -1221 -127 -644 831 -944 853 593 236 100 -92 -12 -2 652 -89 -720 199 -1201 -210 456 611 -1060 20 -135 775 -829 557 -690 77 1211 786 -209 -307 -797 -53 -418 -29 -1166 -343 430 -979 91 -864 167 316 597 -435 -1080 258 597 32 -484 178 -194 -385 194 609 -718 689 433 -358 -134 -612 -894 -17 37 620 -262 329 -430 -673 557 -681 -456 735 -640 -37 -324 -600 129 196 -30 -678 311 189 -583 120 377 -164 209 750 -78 462 132 -425 -417 637 961 276 -502 -470 117 50 567 83 -38 -475 -773 801 286 116 -260 -43 -176 292 -580 -301 -145 -45 -977 -618 -763 1270 387 333 -63 -93 569 785 697 178 -632 -443 12 108 -371 -153 -359 -369 -226 122 618 -67 452 -606 -105 340 470 676 989 235 641 -598 -1015 -221 597 -1183 454 749 -641 817 -499 692 644 763 -582 -223 
-443 676 -28 803 48 -59 -482 333 -520 -589 -96 -1317 169 -1 57 431 -862 -13 -342 379 139 -1332 94 -625 -895 629 -177 -813 -69 834 239 60 213 52 -773 285 -261 163 -388 -56 888 310 737 -78 279 1001 -479 -908 -212 -67 -556 1030 1030 -333 -200 879 -257 -521 164 470 205 -305 618 -193 -869 30 77 87 508 392 670 59 -308 -7 85 -17 62 -359 459 -749 393 -109 234 281 -393 413 -445 -507 553 507 -233 201 596 207 -275 103 72 181 18 -363 802 -978 -517 -297 301 515 -541 177 548 321 313 -138 230 49 -776 -977 510 97 325 519 -520 -405 -1366 -292 -41 312 443 368 157 738 -19 -1169 242 1453 165 -318 192 -489 -529 -533 -476 212 -700 -526 -212 -1147 825 486 -479 -65 -637 -943 -309 -1045 67 187 776 -391 683 341 -335 -6 1075 -245 818 -1394 1153 40 332 -158 683 16 -767 -420 -704 174 122 30 553 1435 208 306 -911 677 -322 -426 -316 391 272 375 -15 -566 -414 1117 90 534 -154 1149 20 -1219 
468 131 -359 191 -76 252 -460 -72 793 -117 -53 -795 484 614 -153 646 -531 -351 -22 -230 -154 -306 325 -845 -363 -322 193 342 -119 -1285 -160 -435 60 509 -363 455 306 600 -64 133 -738 332 -3 -188 -607 -108 307 -1357 455 -438 -1060 -223 -926 -818 331 -590 681 -530 -381 -85 -455 249 -28 546 300 141 -506 271 161 -1126 -10 -237 -14 232 350 481 266 -269 229 -464 -884 834 -439 288 -1015 -603 -10 726 -4 -421 -146 -247 -123 -35 106 -489 -672 -111 -185 99 101 -492 -59 -226 -1074 606 736 -310 -178 101 -529 95 832 -1102 -788 447 117 -626 -329 -38 -179 -189 -511 783 490 -303 -404 -1145 -460 -49 328 -825 428 208 88 534 467 -150 79 121 421 653 -611 -482 -33 -371 785 276 -215 339 168 -200 -5 -756 -347 240 104 -273 -914 -407 258 -277 896 816 359 -390 747 491 140 127 546 866 -396 75 179 -634 -454 307 -60 -77 -620 632 1094 -342 198 536 -761 472 -69 -442 -117 473 -552 361 -210 -753 -710 157 451 300 
341 -1060 -310 279 165 -206 -183 -383 -418 680 1300 -401 -319 -704 -660 -141 -458 197 808 -129 -673 350 370 1016 776 569 -143 -374 -294 444 672 43 -790 444 -698 637 366 -712 158 253 -733 -157 -1276 -318 -108 -36 -656 -1019 -380 -602 134 -469 -572 -63 -53 1088 260 320 -110 -111 -393 -321 153 -411 -303 69 -532 -475 495 -14 -1136 47 -104 -608 788 651 -101 -257 326 -268 -548 409 -296 -253 327 204 -491 -276 308 304 433 -1076 9 87 -564 -262 420 -993 247 299 -171 391 -414 372 348 282 -133 56 262 185 -361 -110 315 -379 -766 -144 -749 17 -112 -126 -53 84 -437 230 -377 159 503 -604 -1015 70 -274 -769 -112 -167 -447 570 92 -284 528 -296 1086 412 -284 -415 -590 247 250 89 -674 287 -924 -72 -453 -527 -417 259 125 1172 313 -76 1184 503 -435 265 -119 167 -360 395 46 -499 -196 -320 -531 -417 585 -1073 -119 -98 -214 -197 82 -564 43 -245 -103 -72 -282 134 455 -27 -195 918 -210 260 -279 -270 228 408 -45 -252 
-175 173 -761 -488 163 -822 10 -476 368 -382 -526 -185 -349 -469 -361 -84 -44 488 -824 -160 -200 4 -797 268 1130 -513 -238 70 72 795 861 -554 367 -85 -275 133 145 222 484 -326 113 218 471 -463 722 -276 1118 -196 -201 616 -782 1262 1155 86 -183 -1063 -596 -685 95 548 -1100 -711 -557 -241 147 184 166 -362 -619 315 310 276 356 31 467 81 -363 145 -162 -269 105 866 -321 -179 499 744 97 -1384 111 803 10 702 -8 -450 77 -132 -430 292 863 -502 -140 -446 -131 -137 714 -604 -916 -1224 622 -503 149 -595 730 854 -11 -239 2230 -1133 -234 743 1014 836 -809 -246 531 904 -53 604 110 469 -309 -17 -370 -58 412 -58 450 576 388 -883 -83 -726 -52 104 66 542 -71 -1127 -474 -96 -498 943 -324 710 362 443 1147 -1081 -149 580 -287 -400 -195 -455 -496 -271 911 -134 -261 154 324 -27 259 -220 -408 592 48 -74 -415 -575 134 468 21 551 525 -286 780 421 -214 -270 -447 -549 -109 58 15 341 -14 -272 -389 112 
19 606 37 -1 -262 1043 -325 -858 54 138 -457 -203 287 -234 77 315 -78 177 -75 417 -318 -105 -270 104 752 312 133 -317 98 -245 47 842 422 -319 -100 239 -39 5 -84 22 -125 -486 165 473 36 842 -184 -112 -149 202 229 226 230 -528 -791 -10 -347 249 -11 506 134 182 -248 383 295 300 -458 873 338 -137 515 -775 227 -237 -180 10 490 -54 505 98 -78 781 -560 274 -270 346 -132 -687 -210 -427 -594 224 238 76 666 103 -378 9 98 -107 601 270 -100 -214 515 36 -641 -434 78 -824 138 -878 769 -295 5 -1196 430 148 555 -101 -453 671 232 730 694 34 -1214 276 557 311 -299 -953 -293 497 102 -674 -615 85 -94 -60 -281 499 174 -774 9 -715 -844 -1 -363 -59 81 -219 -130 216 -145 113 3 -199 -841 468 31 -571 753 107 -660 157 -788 265 290 564 165 380 182 -691 256 -44 -374 301 -58 323 -76 -638 449 114 799 -322 350 -676 -503 478 -792 394 88 438 -448 658 443 217 -279 101 
-45 123 148 519 -236 -243 -1039 117 -108 482 -474 456 -559 1122 -412 586 -212 144 256 -563 460 -204 769 -151 25 -655 136 -61 -447 -316 593 557 -94 571 -553 69 -730 -402 289 -74 208 -557 111 112 320 152 -892 7 -645 364 520 -395 431 -594 -161 -248 247 296 141 -523 -196 193 -101 389 -357 162 51 -323 573 -206 129 -90 -1 -513 -406 744 129 -315 -1088 -484 362 -512 896 144 -177 175 -319 132 -56 -566 37 1056 173 236 60 -261 65 -418 -746 281 -543 406 -145 434 116 294 839 -151 161 -943 908 -33 467 -128 -287 -606 504 -400 -439 -196 1077 470 -202 359 25 674 -675 531 -915 -507 -682 -500 -421 -225 886 827 -1214 -534 -307 436 71 -37 606 722 -193 -562 176 -446 352 5 28 -32 741 -231 -337 -758 376 -71 1214 9 579 -1354 399 372 -304 940 825 -196 -105 405 -672 262 18 -641 -540 325 177 233 86 962 -200 945 -302 602 622 180 -1032 504 -218 0 726 -779 1230 -328 529 61 -833 -540 -146 -575 
-447 394 -1295 -516 -236 -268 -489 -120 -832 -772 36 -208 -369 392 -1012 -159 -391 -561 -21 -177 -102 -360 -297 -277 -456 -191 -330 324 62 -1065 -699 7 301 487 -110 -1 817 774 -1120 580 -218 1054 -16 -32 345 302 -224 -676 -101 -70 -122 413 -1022 55 1061 431 -785 -379 -174 242 126 -283 -509 -141 -152 915 322 360 -79 108 585 -840 -712 -837 -206 55 -112 -765 -222 379 490 -24 -221 -1 62 963 -873 266 333 980 73 -215 -40 -110 349 639 -518 187 48 36 -266 -294 -940 -63 74 724 -40 -42 91 -391 -959 -147 497 -202 -955 -682 252 -104 -122 554 -48 -56 205 59 706 414 -1256 484 284 804 -426 -126 539 1053 -243 -1065 112 134 460 372 -672 460 659 486 614 -840 -223 -377 -877 1336 -1114 944 507 -348 -279 144 854 876 -597 667 377 366 906 305 -198 -41 -46 96 -439 1331 0 460 -838 291 -123 52 -1263 -615 -435 -87 1030 19 -245 -333 1096 667 87 47 605 807 -1051 623 -926 11 173 -107 -335 523 -196 -24 
