Matrix size: 400x400
Number of threads: 12
Execution time: 1.23831 seconds
Resulting matrix:
-556 -334 -208 618 113 -105 -585 567 -300 -324 -1339 -495 -216 -542 -38 -47 425 1805 -460 -769 358 -405 -443 272 549 720 1178 1926 179 1062 -450 -305 -10 842 462 -1098 341 -89 -634 -197 579 -697 349 -198 -64 -206 451 462 1128 -1074 -108 352 -323 160 -547 -198 282 491 1336 -1150 -65 1406 -370 -365 336 509 -899 -321 45 -151 -1081 796 -337 -273 -292 -8 637 206 266 1475 -742 794 538 -1183 -553 -529 1362 1246 892 1114 1668 1228 -31 635 -496 886 -534 875 604 750 -307 518 -2036 839 292 882 743 678 -1279 -443 283 1753 529 524 -272 543 299 645 310 -107 989 -964 1520 -688 994 -906 771 895 578 -170 -284 799 -130 -95 -388 648 -902 -31 262 -201 -562 -89 -303 -516 1272 2335 914 -828 -1347 250 531 77 -531 -349 519 -556 307 85 103 -172 -977 -153 -908 -637 679 116 787 -104 638 -465 -261 1069 -759 -1355 926 1053 1428 -808 -759 -348 848 -686 1660 1260 -1549 -152 127 308 -54 603 523 307 1018 235 -373 -190 -491 258 501 212 1255 -1118 -13 -10 485 -587 164 516 1053 253 -514 -275 -704 742 724 -317 179 -999 270 614 857 731 163 -244 809 890 -833 307 425 359 -48 -530 -547 9 -928 -666 -43 -271 -705 235 -940 -1263 498 245 133 -449 1891 -390 -681 1097 194 -64 -699 641 -298 -743 1033 -369 878 193 225 564 -1231 -152 -1428 46 -390 -1124 -259 189 1366 -430 -520 -909 224 -89 1399 840 1611 453 360 -521 -782 500 780 168 290 -848 -1239 539 -724 204 143 16 110 922 -1005 273 -775 -1465 -68 -1367 473 552 -1033 1392 -343 -918 312 330 306 554 -536 484 -97 60 936 105 522 -267 197 402 -1417 1542 -873 153 282 74 -784 -173 1135 -722 -307 -484 193 36 -919 -10 -34 565 933 208 185 -124 -1051 -319 1615 -781 -462 563 865 -211 610 -101 303 -10 1549 -187 -277 333 557 807 729 200 -301 172 680 -658 -70 332 -66 536 -481 359 -190 -40 -350 1529 86 102 -360 316 -229 -1272 -958 555 -61 527 -282 -645 -156 -927 -1326 1299 1429 594 -790 749 998 -140 
-1167 -2362 -454 -148 1297 279 763 -699 -178 217 376 1487 548 -1824 -552 -753 455 380 -16 959 -975 1452 59 -696 97 -776 160 -699 124 -1153 -465 445 561 927 -394 -560 671 196 -378 -412 1377 669 -516 537 1382 -469 151 27 782 1398 1083 375 518 131 -15 -1411 -219 -744 1198 646 128 -301 -358 49 -141 725 412 677 -296 49 -1072 -186 109 1125 -965 -1997 732 -159 -100 -378 -141 796 -376 554 -534 -1043 -884 -545 -535 827 505 118 1946 -159 1011 -70 516 -778 -943 951 1443 410 418 -235 -114 773 439 -1249 586 -247 -535 -1657 25 -97 -703 196 -674 -329 627 378 -691 1399 148 612 479 -664 198 228 255 -378 -511 -1406 330 -870 -395 1074 190 -20 541 7 383 -147 -121 -38 1032 -472 -48 405 586 -628 1052 945 -359 -483 131 47 -914 1524 -128 -141 494 1164 -500 270 -879 -170 593 426 -804 59 -1010 -382 -400 409 -1402 1024 -137 -733 -1050 -957 18 -1511 -717 -1191 -152 449 -264 -570 338 1102 -1825 1254 -790 305 -1904 -885 736 -757 107 -471 752 -640 -702 -269 -377 430 -840 115 348 23 -959 235 362 258 -650 -116 -1147 -1245 228 -97 -286 -1116 -341 795 -261 1991 280 -401 -1169 -160 1041 -80 -433 -1 -257 -105 -459 -966 1157 171 1425 -641 670 -66 -1365 -1365 -365 -2035 200 -898 -454 -401 -634 816 -987 -775 -83 13 -294 52 542 80 729 -9 -616 -217 221 -1023 1036 471 -199 242 -490 901 -1924 -1098 -1254 673 986 3 322 841 330 -88 520 111 -937 -331 1093 301 731 -424 -337 -152 -514 -423 -619 906 513 -489 -2165 63 370 841 -864 354 -1745 -698 -783 -552 0 159 -9 -444 1334 -1122 -545 -237 834 568 654 -569 245 -2401 503 -624 299 -1775 1953 426 1124 114 412 -97 230 294 -1150 577 966 -875 -685 -1330 -973 237 -621 112 1221 734 444 1300 -498 -899 343 129 1546 -183 -1088 1263 -681 -1589 546 444 479 570 -501 -342 686 -174 -87 474 1013 138 42 126 30 -1043 -102 -539 246 -1368 -1129 1023 -278 -654 5 -917 930 361 -709 245 -422 338 832 -576 -181 1155 16 461 -804 1030 
-66 1854 -319 -502 466 -247 42 294 -831 -30 80 -792 406 559 939 -395 688 709 449 469 911 82 757 -128 -190 1310 495 142 -353 487 949 -193 1356 -40 571 766 75 -115 -14 294 -518 -1562 538 -74 366 963 167 626 -2 836 -116 -106 1331 -1193 -1052 -542 663 2176 203 285 269 5 -688 -613 147 341 -263 -266 247 1023 -544 -341 1148 194 -691 -624 -1281 370 -229 632 147 -790 -807 -602 793 1251 178 309 -600 1334 -151 943 -704 394 -19 609 -226 -18 186 -238 78 382 -240 433 -48 463 -239 278 -284 704 -278 -127 287 1108 369 -1042 -247 -120 -140 -1037 -966 1242 -785 535 9 -598 -1262 -137 -480 -399 486 -234 1741 -251 414 -766 643 -609 1779 -90 -22 235 1130 290 154 545 260 229 121 1181 666 678 -33 45 1246 169 -394 -629 -909 -192 -1718 -597 -507 972 160 448 741 -684 346 -252 -386 31 301 -151 -385 29 -367 243 519 -747 440 331 -1841 340 -19 -756 36 425 -1438 -1176 508 -693 1241 337 -178 490 -3 -788 2358 -220 -862 -1356 558 -439 102 -253 1542 -207 645 -1315 406 21 -377 -82 -505 1003 -9 360 -867 676 -181 -284 340 412 -857 -425 -456 1007 -193 66 591 829 1297 -142 -746 571 310 304 -991 -129 1805 -1386 1479 -394 478 980 1738 -455 377 -539 264 -312 -903 580 593 -381 1026 445 -407 1218 -467 -769 -984 187 289 296 255 150 -357 -446 -899 -58 385 877 298 746 -523 723 -553 1095 36 -959 -202 136 -954 -257 -401 420 -739 -331 858 -298 170 271 -401 -338 -1922 -93 0 -261 -235 -629 -358 -364 -816 -205 -539 -1108 -757 1041 -158 867 495 -355 -418 1190 -438 160 377 -996 164 -1449 2067 151 1380 -1133 400 1164 28 425 465 495 -1554 -868 592 942 236 803 1202 -237 562 1100 -222 -289 -746 674 -580 568 122 -562 648 507 164 1266 -1047 384 269 -247 16 365 -522 671 733 -317 -490 30 -410 523 -824 146 297 -1096 -290 999 -79 287 99 42 -623 -64 736 -117 351 -157 -344 -568 -99 -1331 1118 -613 -335 801 -190 -1067 963 476 -239 115 1183 -316 
-594 -153 -456 -704 598 -677 -201 -398 -47 122 -339 -352 731 -1270 919 -347 -1284 571 -520 396 -237 -282 -1633 873 -775 463 -1393 16 307 545 451 -1035 -421 25 1383 1054 -242 -348 -294 -393 1424 -934 281 -1085 -561 605 -153 381 -298 -814 -757 -1052 -51 -1448 -1745 1209 146 -1489 911 -103 635 -131 -452 -130 -1130 -54 61 -305 1369 -444 -451 779 956 -523 -303 412 -521 406 -629 679 396 -1487 223 892 -314 -618 -960 -2660 498 -696 321 -314 139 -218 474 -583 -737 184 -192 638 137 -454 -644 -945 -388 466 105 259 1002 297 1206 430 -519 -259 126 -1507 -489 -105 52 -147 293 -262 -908 67 81 212 109 -912 99 1163 177 -260 728 -479 425 -1388 828 1041 103 342 327 -945 16 188 -1009 540 610 1061 -759 -1604 -1176 -382 -969 -18 775 245 -1257 -1073 -196 25 812 -468 577 -184 942 461 -1241 847 -88 423 -581 365 -578 648 -24 791 -137 416 504 -1577 957 -1080 365 -604 1480 773 417 741 -422 92 -459 997 943 -33 1203 524 696 608 563 -91 -554 -902 -753 129 634 -244 -95 -106 158 -1250 -265 -156 235 205 -15 508 -1303 -655 939 307 1116 303 -1255 812 -696 -398 -1311 -307 -196 363 -866 1012 -834 627 -281 322 13 -701 -508 81 -587 303 -19 39 599 -886 467 35 110 -271 743 379 560 29 332 272 -696 1459 266 253 -1342 -40 95 330 999 -85 673 -1217 1179 461 637 460 -736 -903 -1235 764 811 -887 718 -393 -33 -437 -183 -159 -86 -277 308 -596 342 -204 72 1024 -614 -175 827 -337 -607 -133 196 2049 -191 -723 303 -1133 1053 -868 -71 440 -1054 79 161 -429 -1285 -886 -420 96 75 156 -529 -465 191 -1000 -761 -472 -1400 -481 494 -930 167 -97 -308 -139 356 -148 -329 1855 -80 -763 -769 -875 -664 698 103 -224 -257 159 395 119 -1227 -180 91 -645 -195 -186 378 -113 -179 676 615 339 42 -9 245 -701 -282 303 542 -556 1183 -125 -21 74 250 -1166 487 305 -245 503 139 -1831 801 -181 -1208 826 602 431 -419 945 -479 -165 1086 1307 743 99 -129 167 -432 977 19 1052 
542 -70 -1420 -527 -1025 636 -875 -226 718 -265 300 269 218 46 -740 -258 832 1233 862 320 131 548 -432 -463 -485 -787 1023 175 -573 -284 900 479 -682 966 -1038 -111 495 -62 732 -536 -716 -315 461 249 560 -368 -16 -599 -366 -269 1375 962 -78 1244 584 97 148 -54 -907 974 904 1213 776 -699 -40 -335 1221 -1014 547 -491 241 798 509 -1119 -1260 351 -345 -174 571 423 -1273 -60 101 -337 -148 -698 -387 1405 370 29 -502 -600 -526 -24 724 -850 451 -70 89 -94 -765 432 -1013 -287 334 376 -346 -19 -1481 126 -1409 -150 -411 329 845 512 -323 379 -304 660 1514 78 -466 1081 -139 141 430 337 -297 -115 -426 882 59 76 379 -442 -644 -647 529 -461 -633 558 349 62 263 186 67 -887 -7 -1152 158 -186 909 -700 593 -567 897 198 696 -261 -1278 756 -206 -975 588 961 642 -60 176 624 398 -1057 -434 671 -1136 244 -676 -230 409 322 1192 1 947 -230 -1303 -51 -809 1372 234 4 504 928 554 -655 -1306 1237 512 1127 -253 -236 533 47 -279 -707 1007 615 -567 53 -760 -1547 -368 -1618 142 142 225 -856 157 435 -508 198 -357 610 603 169 13 -53 -664 1044 -655 813 828 739 871 -642 29 -965 839 491 76 -2026 305 1360 104 -1337 -70 -131 -629 497 -304 -693 -313 -60 618 -1121 -479 609 489 1960 -602 -786 -252 192 -1525 -1432 74 -694 -1092 -612 -315 -627 -564 -1091 -177 164 361 -417 428 -678 -583 -575 -1189 -536 175 -860 -755 369 -159 -194 -92 -666 -407 -374 -231 292 -226 1210 482 1958 -560 543 365 -312 -535 864 -1023 -116 -582 535 -806 1096 111 165 3 -1162 1566 504 -210 -253 724 380 -76 952 -396 341 -477 754 752 -15 179 528 439 -1406 -378 332 810 854 -1145 -1011 189 -82 -166 208 -416 -1768 -558 161 335 308 -363 -279 -302 -601 37 1146 -419 271 304 862 282 -727 -1360 -114 853 -324 115 -428 -323 -199 435 748 215 351 -119 -628 -370 -780 205 -242 -784 -777 791 1126 1371 308 254 -550 -113 -390 462 -362 -1163 -1456 -16 -286 557 856 -20 329 -763 394 
80 -289 -393 235 603 -351 360 339 -1660 380 -329 241 1048 1329 -23 -979 1038 1314 1184 -420 -840 -257 948 -699 -788 737 528 667 -1029 -1865 476 -153 681 455 -320 528 340 -448 -318 -628 -447 779 726 -680 -1171 508 -200 834 -937 -748 1166 -471 886 491 -246 539 -1313 606 -943 159 193 31 8 94 522 945 260 -1457 1782 -208 -204 -1475 1091 81 -317 656 446 -1010 544 336 489 992 -123 -1081 1848 1207 1323 267 347 -366 -224 -534 838 -1281 -75 -557 310 -190 251 148 -1455 -802 411 -578 804 240 569 376 248 -86 -409 -574 369 -1244 1056 1214 610 48 2039 1105 -301 -1294 415 -938 -3 573 -1033 -721 -564 -946 -391 -170 -837 10 478 -1740 -1715 973 388 -230 -1078 -547 -556 572 1454 -981 771 -53 198 65 -1057 -1101 -387 225 1298 563 626 -668 52 -753 622 204 -436 198 874 187 495 -680 1198 1023 -270 -4 274 662 -307 -575 365 -75 -746 380 -703 -705 1112 -701 318 -40 175 1281 -77 88 -342 -704 588 -1563 528 138 -344 -857 179 -707 551 -119 -314 631 -645 -85 -202 -36 108 218 -640 905 491 -825 -1111 -493 1447 274 -716 1305 -554 163 -72 1709 -997 -1368 -885 -39 160 86 1009 -176 839 5 -106 293 1036 181 -978 1021 491 958 -951 877 -733 320 91 620 -184 441 -425 -147 529 -755 -50 329 522 -1270 -1 543 1780 -1018 238 -7 -314 -354 -950 196 1156 -467 -169 183 -309 436 1062 438 1616 1340 188 -8 1192 1309 -124 -839 185 -392 200 801 -640 -166 1556 -269 88 -595 -878 557 1496 24 669 429 -634 -144 437 23 -986 -1119 -1283 -703 1678 -878 701 1222 665 -973 -974 524 24 479 346 545 -800 896 -548 -90 -207 514 -866 1019 348 -1549 -921 -1186 547 1421 302 1148 445 -1027 -610 -867 558 -770 -456 -319 -38 529 -469 362 -1169 -501 -743 -1210 -977 -681 -488 684 -971 -279 624 -636 70 -942 -328 -242 983 -495 96 1329 -1597 223 -522 -431 -496 135 782 254 660 918 -371 844 -60 -234 -593 -413 1088 1171 1995 -239 -1359 1049 -113 544 -1064 -118 241 472 -418 -226 -723 11 
-10 -391 19 244 -301 880 -424 142 637 979 -747 -442 -1474 -303 889 -439 -344 568 -87 1225 792 -850 112 -446 1452 -33 178 86 914 209 -242 -241 -1908 -766 -346 -529 -240 -105 -453 263 481 -8 1303 -822 -635 614 -184 584 -539 -438 332 16 413 1474 517 -67 764 84 -332 -586 -581 -699 -847 -816 1596 35 -394 688 -88 -1262 342 -754 -283 502 457 -446 110 -1058 396 1137 -108 -608 298 -276 -264 1087 26 -516 -699 -1196 -1317 992 180 -1035 -219 463 450 950 -1365 959 -900 -958 11 337 523 -811 715 -651 344 121 -437 -788 162 71 796 295 971 1713 492 -461 934 -816 686 558 -8 383 1535 1069 12 67 329 792 486 1130 67 -389 1000 -788 574 -623 307 -66 -159 -376 1174 339 578 278 79 -32 191 439 442 -280 -371 850 -782 442 1486 31 897 788 246 -1535 1069 1032 -471 664 545 572 481 -1440 -592 -905 -223 264 -699 -224 285 389 -227 985 -1488 179 192 -395 504 1697 -998 430 -780 830 -401 973 250 1711 106 -1062 -897 -227 -627 373 1421 169 329 -1864 208 -379 -300 210 251 -984 136 -280 754 439 744 553 -251 1060 -548 -170 389 -202 -451 433 -496 -358 23 129 -271 1472 -1044 688 30 -587 141 171 908 1965 328 126 1341 794 -252 -244 -1071 -631 -574 150 -184 633 -1193 -681 -173 -69 -685 213 1552 206 223 -207 -850 -585 944 647 -128 985 -1792 109 -142 920 -419 -118 958 32 -158 1713 267 -235 2 889 251 -1546 287 -575 -790 1245 1492 465 464 -15 -99 -148 710 -1587 1174 -470 -275 -855 710 -612 -1005 1174 -800 153 -1619 -471 -674 -91 459 49 -230 -1442 -322 -318 399 454 604 0 188 -66 471 -642 -1180 -161 32 663 217 -257 522 -378 -1672 -749 -58 155 770 -706 1029 118 -73 9 -501 -993 824 -1964 211 333 -220 639 -222 345 -931 529 -740 -29 588 -786 443 -246 -646 -362 38 -875 582 1086 262 1533 53 -620 -1885 -561 -657 865 302 -1574 1174 805 -201 249 -1610 -459 -548 -126 -474 -1125 1302 -1199 1078 -1351 -361 -1422 -22 292 -707 -49 723 -119 -119 -51 
216 -1050 561 1060 -214 290 294 304 717 -687 -1474 1094 468 -33 -84 -1281 422 -668 -512 -790 247 -420 657 113 -102 -1459 -2295 -630 548 537 271 -498 -174 424 53 -836 -153 -529 450 -433 1282 -244 -1289 110 -32 -919 -138 120 -202 522 -961 167 -492 -149 -55 14 511 -377 214 298 -180 -1668 405 481 -586 -1085 158 -593 -312 -10 -117 -632 357 1098 1206 473 1141 547 330 -1765 -236 386 -877 -412 555 -58 -1343 -365 -207 129 -371 368 362 -377 -474 955 -438 -582 -124 -562 -551 620 -1058 -1270 -644 666 122 -74 562 -357 1514 -338 -869 116 176 508 295 -355 182 -138 -721 -131 405 1287 461 -378 998 -862 519 161 524 13 -1420 439 -356 35 -177 667 -1036 77 196 1120 464 -940 -694 142 -1807 1038 -1511 781 -45 497 -257 -50 472 251 -1378 218 -797 -1835 -537 356 788 -696 -1119 1498 -2290 -138 -1739 729 272 629 654 -758 629 234 1118 465 -307 68 957 95 86 1137 -1175 -116 483 137 -775 799 -1051 561 8 174 -363 -924 -450 -1304 -530 -468 -961 112 156 -656 -576 2467 138 581 1275 655 -464 -524 132 324 -296 -389 -389 1627 -464 -315 -62 -1322 47 234 1135 -18 -312 951 131 -242 364 984 181 -374 -712 -874 -80 -776 -243 511 45 613 1079 -1200 -71 -179 7 -255 858 223 740 -540 511 -1244 325 1359 743 -199 7 -116 -853 64 409 -398 -35 790 -1122 -664 -318 -710 686 -1020 588 154 -2062 -305 1019 514 -488 107 -420 372 1004 558 -1161 -609 2218 -305 -513 232 -390 1269 457 228 427 177 -537 1504 488 492 -1219 -544 677 -782 1708 1215 494 882 496 29 36 462 601 -426 -311 -362 1360 904 51 1327 -580 -393 54 628 -1730 -149 1245 439 -244 447 -1226 -866 -1636 769 628 -351 -113 2897 573 -825 -794 -1423 432 881 320 131 217 -163 757 190 -332 1065 -326 34 1495 892 -503 -995 847 329 -1589 318 -734 -329 1130 351 -743 1667 1213 -113 395 -270 991 360 -300 -64 -706 117 593 491 253 -409 -135 324 -405 -1053 26 47 1531 440 821 645 1465 -1352 -350 58 -970 1138 -889 -119 
-151 248 -631 24 -269 -308 1033 -180 158 17 634 549 -1001 -997 598 338 200 404 726 418 533 827 299 999 284 295 698 -1244 -898 -354 -1745 803 161 425 674 1119 117 -551 652 128 -1223 -214 -258 -742 -402 -451 445 538 -1018 243 692 1476 -999 -941 1273 -692 -613 381 789 -905 1532 -325 -412 965 -716 -1229 493 662 -390 769 1423 -856 -417 316 923 91 1386 671 -531 -915 458 -1449 -334 621 524 -118 438 -472 -1016 -929 566 -43 -891 514 -568 -1200 609 -517 -294 -1231 254 1245 -243 1475 -966 -319 1589 -1471 1023 266 -3 452 -807 -948 572 228 32 392 579 805 112 210 597 1234 16 -603 -168 -568 640 -232 -303 387 -663 915 -871 -606 -752 461 1569 143 -1026 -6 -736 -1191 -720 522 5 205 -1582 -285 428 -673 -505 1084 -982 546 -88 66 245 2352 -151 -241 126 844 -497 110 306 490 -1471 -371 -1293 -423 -708 -225 41 -158 -451 -474 -435 228 165 662 -328 -140 698 -872 6 -644 723 -1383 -385 375 -1427 511 -730 -857 91 140 -752 -139 -782 726 235 502 -51 -965 203 528 621 -119 657 729 -522 -288 150 410 237 181 1031 -171 251 -493 -284 -78 181 1405 1240 72 -1317 10 -442 20 -688 535 1088 464 -441 814 -203 114 632 460 405 -456 -873 714 54 -543 516 184 -468 331 206 -504 319 -137 -865 233 381 -510 -201 740 371 -127 818 501 141 181 -1915 -121 1351 716 358 -829 -943 836 -1815 372 95 541 -421 473 -1433 -1165 -5 -1065 -624 214 490 606 246 648 -678 -639 -602 1121 1062 300 882 229 354 -163 -240 1384 497 -603 953 862 -563 -502 -973 -336 -1929 -465 1142 646 -119 378 -74 27 -344 -445 930 377 2098 872 671 23 -233 -1041 -1408 848 -928 497 -355 -861 1587 -229 -882 -336 379 -508 213 -236 857 -687 -563 279 -99 -937 -696 -289 -677 -825 -896 -40 -36 815 451 218 -140 -19 -458 -1338 -416 -607 -62 1460 1206 195 -449 -260 -240 837 -1260 -222 879 555 9 115 -647 -465 -582 174 -1117 -1019 -1437 490 -442 -6 1248 733 -436 -634 -609 -615 492 683 -505 -195 
-283 406 214 809 767 -145 176 -587 426 -520 1826 726 -586 -269 883 -274 113 169 -1851 -684 -732 -1013 264 718 -87 -82 477 -420 885 533 2205 688 -683 -60 -374 877 -562 454 223 287 61 -160 -230 -255 -1371 15 802 -317 -733 -1018 608 612 -1136 -442 598 465 368 -673 -1664 -271 -34 -842 -901 81 -298 -1194 218 1205 -218 -14 -323 856 -445 389 481 -1214 249 470 369 -153 539 -502 383 546 -422 1308 558 611 -1013 -938 -48 301 -1077 143 -912 -173 714 579 501 -469 191 -816 678 179 617 28 122 -611 -661 -807 -74 702 -633 -1369 -416 -385 971 -471 775 -1259 -128 -109 -363 201 -544 -156 -299 388 -1192 -257 283 1273 169 254 337 -389 1615 571 -195 -337 -898 -147 -371 356 -1038 7 864 -167 432 820 -613 -692 286 1056 -276 66 -626 -599 703 268 -826 -1063 -136 -356 -1087 1201 -337 -384 -759 -1145 838 248 -963 1168 713 -203 -155 1154 -683 526 -404 1023 63 45 725 927 -385 -671 344 -21 35 542 -195 781 411 244 -465 766 -748 -294 -703 -273 300 -251 -333 -877 91 -825 -1105 1672 705 39 -1068 582 -675 131 384 -368 255 -216 -100 576 619 -497 -1437 766 427 -946 -1184 -249 83 914 -141 1174 -780 -118 542 640 -390 1118 355 716 291 -834 435 477 -83 -643 266 82 157 455 543 783 -942 -1249 783 424 -84 33 -379 -999 -45 -227 27 311 474 343 375 -272 339 180 713 401 128 -1764 -23 18 766 283 -865 -388 -591 1584 -648 585 -24 -456 90 -758 5 -1116 381 145 716 178 348 -143 -1344 815 576 -27 677 1022 131 1052 798 752 -67 -1019 940 97 535 -289 436 303 -1174 -516 392 -655 -532 189 -229 1007 456 -734 -437 895 -956 1397 1388 770 757 -423 1407 -775 -1003 709 549 537 -122 25 -48 -333 708 1261 -44 206 130 -531 -29 307 1029 -1608 897 -1916 678 42 -81 327 -52 -80 -754 72 379 -244 142 -19 -1014 384 377 530 36 -172 -1359 -928 320 470 -1346 -464 665 -837 993 -763 -610 -1143 -233 1707 -887 -1153 1114 268 766 79 -515 -973 1270 -1288 -292 -775 
552 222 620 1013 -842 337 94 827 1901 148 634 -1529 -291 92 -1621 658 315 459 -527 -462 -284 33 1105 561 606 235 14 -954 592 -67 53 2477 1094 -684 -714 -913 -676 -534 217 971 -104 -201 630 11 -1167 8 1131 761 -202 1681 -406 1408 411 -447 820 -813 -195 1044 -1407 -898 143 663 -521 1342 -589 1078 373 335 -495 421 110 466 -435 -31 656 -1054 -609 70 -272 -380 -165 -100 -256 516 196 -366 -1115 1144 -221 742 -1098 336 347 -537 -537 -232 -45 -671 1193 -1043 666 -478 1252 -75 -242 -1079 -812 -208 150 1040 -653 -504 170 -341 1535 -30 -502 693 -114 -231 455 -302 417 -589 501 -542 -791 216 227 -514 -136 848 -373 72 580 -400 379 319 -359 -525 -819 153 -230 -726 -355 1122 372 83 -264 -897 903 -94 -359 -620 -1277 -259 270 258 -264 -351 -170 -315 1023 -47 265 2012 395 213 -13 668 5 -752 611 273 1080 1492 592 638 446 295 602 424 -99 403 578 7 409 1307 865 -949 -348 553 -56 -759 418 542 636 -436 -314 -347 -1253 381 457 218 -495 469 -326 2289 -1038 -515 1235 1193 502 -1159 -224 -504 -287 824 -308 381 -575 -903 2624 498 -141 251 722 827 -358 -662 769 1115 664 1150 -889 495 -969 254 -119 931 894 1017 476 -729 122 1334 -540 131 -635 -626 -380 1122 367 -703 95 713 381 -63 -769 -579 -240 517 633 1011 662 465 177 1182 -1450 -886 -1741 -1423 16 10 635 499 386 -421 -275 -365 351 -544 -915 -954 -1590 227 432 95 -1525 71 1097 242 -1627 459 647 1235 -124 1320 160 36 275 -292 496 228 -173 -303 2346 50 -181 625 -1436 -394 213 -556 -531 1067 1306 467 500 244 -881 -900 1529 -897 -878 256 67 -1226 39 -678 643 -412 -445 -688 551 -111 752 -575 -313 388 362 -523 539 -525 -886 -209 -683 -581 -168 186 -48 693 -458 181 366 191 954 -969 747 -624 98 324 1084 -654 -617 429 -1321 185 97 841 776 -678 -512 -278 -1079 -1022 -1103 -418 548 -908 396 -423 -38 -1598 -759 812 -635 662 324 -200 -776 -909 502 -41 -1702 -369 -303 -431 121 506 
1405 -267 389 21 -899 239 -294 53 -679 1825 -1641 123 -572 90 -8 -799 411 -469 205 -228 -72 1116 -553 -376 -304 -331 475 678 788 786 322 868 -48 271 -41 630 -928 -28 323 188 186 306 8 451 -738 -661 -268 -463 319 1217 -491 189 -1359 -1154 -595 -403 224 -209 487 -638 1229 350 674 -321 824 198 1308 1175 1050 -160 1390 -351 712 569 266 326 -364 359 -244 -36 -1128 -651 257 -190 -101 -449 -794 1391 502 589 315 -270 -934 787 1113 -716 -928 -512 -219 655 955 836 59 524 265 -2013 -105 -915 130 470 -709 -643 -501 -1625 425 -79 411 -297 228 -169 1919 794 -697 -1845 840 1086 -1310 174 -553 370 938 -863 -1154 -1421 -327 51 -890 -49 -772 -323 -981 -611 638 -138 -24 95 408 -3 273 -857 -1507 -454 -1141 668 -444 -866 268 570 -1033 235 -416 -214 -257 -304 111 370 903 1425 -651 -117 823 416 1322 -719 287 462 1044 547 -200 298 550 658 189 -602 -818 -518 730 -908 380 -907 547 93 -337 -1088 753 706 -391 2653 -356 -478 528 -918 -375 -36 1021 -900 -42 -23 194 258 -292 -141 391 -205 413 338 -186 296 1024 945 110 -1645 -62 43 173 -555 -632 124 189 436 218 -982 -145 -1498 1632 -615 -848 203 298 895 20 -418 -972 -1880 -462 331 -862 996 -779 -461 47 -989 242 277 585 198 711 -1401 -1350 227 -239 -1 241 -119 -545 -431 -221 -372 565 -1360 1241 -1179 -256 218 -382 -321 -579 -354 611 239 -1399 296 -354 352 609 618 -96 -118 509 781 429 528 -70 -39 -220 428 -1193 -89 -730 538 -372 993 -705 590 -414 401 1156 1083 1341 -1237 3 72 -181 -805 953 595 463 -154 444 788 -182 -1410 582 398 -679 -1076 196 -578 -806 283 -535 828 165 -246 -267 7 268 -360 753 -833 -343 368 558 835 598 -889 569 -359 -1156 -1482 1277 -100 -371 -553 -309 -1170 243 229 -521 -516 97 -745 494 847 -127 1193 -119 74 525 -343 -762 346 -150 541 -106 491 588 34 670 -150 83 -236 -682 1149 -753 -54 145 -738 -66 -379 891 -1653 -458 395 1136 -878 624 -1364 742 -207 
779 1549 73 -416 262 -66 -733 707 1478 -401 -720 82 341 42 -339 1412 -1990 -440 -354 526 1194 -599 153 37 371 -662 -331 791 507 -1068 362 -273 -701 933 -1244 -354 -458 -616 1068 363 -1053 -406 -534 1959 1092 972 -452 -615 778 -758 927 361 982 464 247 -185 -1559 -416 939 778 -2105 444 -296 -85 321 -339 -616 117 -311 158 -747 -1022 -609 -339 -1425 -19 -754 -1189 -1601 -590 157 182 -572 -55 968 116 -487 -74 187 -337 664 592 266 613 -622 -186 173 819 -381 178 -187 -1292 -372 -876 -672 -908 987 777 2174 945 528 -433 1032 484 594 -1180 -848 -347 145 222 -676 -1014 1040 -1469 844 19 268 -75 1444 -275 935 1306 282 -5 122 -27 608 247 -1123 69 387 -265 -675 -415 1134 -288 243 -64 -1082 -61 -349 -795 732 -1058 161 -2038 448 -1020 -601 554 -244 1417 2458 370 250 -290 -1570 -857 -601 -709 -196 -814 -273 -532 1090 349 113 -869 -877 -18 485 -568 -421 1423 579 -673 47 1316 1032 552 -298 1133 395 -398 358 -822 -621 -487 -729 -929 -1274 -418 -958 -103 -139 793 690 -26 -171 -289 309 121 -837 411 501 -6 -383 -682 615 -105 69 349 -250 85 1272 160 257 195 -861 534 -524 215 125 732 -21 -679 -1137 648 -846 355 -417 -965 509 385 1402 -757 500 471 -5 -557 695 680 -402 -1120 -684 -304 -472 1419 -1083 -183 183 -224 -1203 -304 1147 -761 -128 900 -675 362 -665 83 -698 735 -1157 -6 1120 442 60 953 -847 1218 296 -1447 870 789 -336 -67 -969 676 -593 165 -102 -378 -85 -1303 963 -503 983 347 -10 438 745 748 1062 -5 85 845 1290 -503 -62 1103 -367 377 -728 -905 620 -666 -729 -393 236 -409 -403 412 -455 214 -264 291 -1051 999 -172 -1537 -976 1285 1179 361 625 1249 -200 341 -933 1712 -450 110 -780 120 511 -1737 -1024 457 -778 977 -1061 -220 89 66 -66 55 508 826 -50 -623 456 -699 -867 1370 420 819 831 -43 -569 878 -1083 -333 838 1443 -861 4 -582 -522 -899 867 158 1212 -709 -138 -464 -196 80 -683 1601 1443 9 354 179 1272 230 68 -288 -170 
75 212 410 -357 -325 365 717 -1519 -194 15 271 2206 -1316 -527 1428 -836 322 -81 -390 -100 -326 -632 -336 2082 250 481 -192 535 -296 884 -932 344 57 -118 192 -572 348 -315 -309 1078 -739 530 -424 -463 -546 -683 498 503 -190 400 -366 162 734 1035 -182 303 -178 551 -392 -856 896 60 438 -316 2145 -367 -199 -1058 -589 306 -59 1060 -602 -458 -40 -867 -227 40 -408 967 -263 107 1267 1660 -51 951 1027 482 712 -797 -926 -36 -499 -523 -242 -505 211 -392 -659 -132 -15 75 884 354 68 44 -394 -431 -791 -374 1101 -691 523 271 -1558 -829 151 1546 1208 1541 690 -698 640 -1143 -495 -826 838 1492 199 1293 -984 794 950 1041 703 1156 -676 235 656 -521 770 278 -663 -822 92 -666 -103 -325 546 -189 538 857 -301 263 -368 1060 -443 -643 329 207 -1064 -152 -661 -833 -657 -720 64 665 1062 -211 -161 -368 -850 1045 -198 71 477 -216 323 111 75 -213 962 321 -186 -1606 83 -311 563 -327 1219 -219 681 -89 681 969 -344 870 662 -102 1042 9 -662 -760 -232 50 -799 -561 -31 912 -330 -509 288 63 1087 1060 36 335 1630 -266 -989 221 -24 -661 -278 770 46 -927 762 282 391 59 -830 -551 -428 77 627 240 181 1315 -423 -263 -295 258 -495 -1123 -290 -514 1898 48 444 -561 860 -794 -157 65 134 309 1154 -641 -240 367 452 188 -605 370 -384 85 -887 -761 -930 -104 481 -703 -194 -20 -325 1408 342 -1113 -393 125 931 977 -1685 -400 383 231 -429 -902 202 -791 1261 -479 -95 175 141 268 777 -1182 342 130 679 906 619 -1078 433 -218 -197 376 659 923 -1041 -140 -639 -662 -80 -684 -228 700 635 -266 112 372 -294 475 -33 -725 440 106 -31 205 -253 185 238 -498 1690 1073 -930 412 236 -669 -296 -264 571 -939 -834 -26 488 -324 1411 813 -819 16 -20 1547 983 727 223 1 1068 -37 -130 646 905 -76 -544 724 -319 409 -929 142 -76 -1342 670 -877 370 -34 -474 1043 -1304 677 -770 -1267 949 332 258 -366 596 958 -242 -525 -849 -1301 -515 -1546 -638 486 -811 -235 
461 641 -184 1107 1113 453 -859 163 997 -420 -381 653 136 718 153 -1458 636 350 601 575 1647 195 -262 -460 -684 725 -433 1252 73 -623 529 -991 -998 -10 -417 -359 -630 1143 1977 967 -624 1202 -4 -1920 384 -292 71 456 -190 99 396 -942 457 111 250 -697 1180 522 -15 -398 860 325 -712 -280 1100 879 -117 1216 -632 189 -888 165 -1552 -710 101 719 208 -626 336 1589 -1436 -104 1570 -79 1095 598 479 -389 -844 562 -973 1121 177 1470 -387 861 363 1233 -979 506 52 -180 -1157 68 -1237 -212 -213 1199 760 246 -265 -223 1761 207 930 -765 679 727 -887 218 -417 -1145 -170 -303 828 295 714 318 132 229 -494 -383 -1723 250 98 -1923 687 -210 533 282 919 757 1391 -912 341 15 -504 513 112 5 -200 1139 369 233 594 172 -67 1035 83 568 -868 5 416 -565 -82 -309 -314 606 281 617 1077 -1595 -925 266 -446 -587 257 -657 -1026 -1638 -1348 766 -1009 538 318 -45 -325 76 73 404 -259 169 198 -979 202 286 575 368 -1702 309 926 251 -81 -737 1056 -537 -167 -1261 463 1541 1029 -658 -1171 -7 341 -2 -357 -1437 646 369 293 -1057 -1248 -157 274 -624 -1199 -429 -379 -641 -117 -21 691 158 898 -1065 298 -590 -153 111 -326 -989 335 -42 1858 -2195 -215 163 -1159 178 -192 -297 -575 476 350 822 -1377 -327 1228 385 551 1213 885 -1085 -152 110 -1742 -450 -550 -387 -202 -850 530 275 480 -99 133 -845 -495 798 -537 673 975 -111 912 10 -984 182 -1038 57 -405 -729 -144 -825 -108 -9 199 -1231 -621 -139 -1689 211 17 -54 -232 711 -809 386 -405 281 -49 1057 -573 511 -455 -1410 -121 -237 -365 -588 553 1088 29 750 270 -213 258 -244 390 159 604 -1891 -890 104 1420 269 -849 1333 202 -29 -924 -154 -631 352 725 145 -657 -912 704 -118 498 -323 1869 807 -668 721 -1729 624 585 1163 -24 -150 206 -24 652 1572 206 1152 -794 1051 -60 1059 105 1005 189 461 420 -181 -891 -521 -442 -1301 -12 491 437 1028 178 -54 -176 -1170 -143 -691 -467 49 220 1162 17 604 -765 345 
612 -837 546 479 601 -785 1255 -617 153 1743 994 -1184 1131 184 136 1737 -236 -354 -1263 -1437 381 518 -526 340 -462 -293 -462 -910 413 -129 236 -72 149 -627 309 -318 -929 1496 426 -876 34 796 -894 419 170 -540 669 -60 -126 -975 -924 556 201 37 46 269 93 492 1329 -637 -1360 16 -1148 358 -1095 53 -249 -383 400 375 704 873 304 769 174 -346 219 -1012 -154 -986 -454 -528 -480 975 565 602 234 199 -96 936 3 -1121 373 -537 -550 -279 -295 -352 320 -269 -170 -567 -422 -179 -321 -153 -1454 926 73 -952 -89 1579 1900 -89 -1933 579 274 985 674 -364 -401 -243 685 -390 469 882 -503 402 1532 1091 -225 -277 -378 33 142 1214 -714 773 39 -52 466 1265 -461 -589 1256 681 572 -798 455 251 -413 1482 1149 -110 467 317 62 -146 395 -489 700 332 -397 337 749 685 929 -154 893 -243 1505 -558 -932 270 1175 1054 434 -2448 387 -342 553 -248 564 607 285 -1047 -341 -647 526 1388 -277 1057 -6 15 -682 -405 811 -1192 615 -537 -40 -1115 -846 -435 624 98 795 610 -632 -497 -15 640 -499 103 -227 142 304 -350 -495 -582 -305 863 51 -281 -267 1826 1025 -592 -423 1146 -280 163 -311 1327 -511 -690 1330 2455 -778 -34 863 75 904 -409 138 -61 -405 196 874 421 193 -325 469 326 -741 -978 480 38 455 -541 392 1412 315 54 158 394 484 -222 -1510 -595 375 154 817 431 948 -1667 -56 756 -35 431 895 -1076 -1093 -1256 1722 -510 187 -675 -176 -927 -853 -260 -1092 1320 524 1259 -322 1129 3 401 118 88 405 865 1221 -1257 401 -1124 -472 -505 256 1853 946 79 -574 369 -323 372 -42 -905 -358 -1059 -145 870 1118 361 156 106 -629 -32 459 -423 1884 613 -111 1478 -209 223 1322 613 -54 541 -66 1440 -772 -67 946 -721 186 308 -1772 -248 -194 337 424 -161 394 -315 383 268 -456 25 78 475 -20 -744 -315 986 -1811 79 -651 -1215 -691 -159 -986 -1217 455 -1106 176 -299 -735 -862 403 -497 350 959 -94 130 -790 837 989 149 1908 -88 -151 627 260 -1319 366 -209 
950 587 1212 -32 -186 -840 -211 564 175 396 558 -450 932 -494 1149 37 -203 205 144 1131 -385 544 -602 -276 -142 -441 350 -44 649 -501 -585 845 -501 841 978 1459 -631 -396 -28 -1069 -794 1011 344 -247 2 -307 -520 903 686 193 522 -1113 -113 -1058 -605 -4 70 1634 249 46 -807 106 -136 -103 -679 -549 1189 -298 97 205 1394 -450 394 236 -1174 2023 -559 -109 -941 116 -813 -645 -1386 -1319 -108 -499 92 756 -853 -630 -648 339 392 781 1763 -366 716 1184 -170 -291 -532 684 610 -80 -1727 -593 915 241 -1435 178 243 -931 245 581 -1063 524 -221 2104 537 551 625 -701 906 -552 608 -941 686 -33 -894 949 -1725 1804 1060 27 -5 -528 -465 -241 -271 -132 -322 -850 -13 -565 -947 -702 -552 550 910 292 -921 -739 452 -1339 361 -885 -792 299 -22 300 204 -262 602 425 93 -947 1160 665 -70 -665 -1302 -66 153 -908 862 -176 -797 -691 -21 595 -585 -1054 803 407 1041 180 134 461 746 -528 -154 -189 -224 -224 -281 1364 -541 1283 86 -999 -2697 -118 -611 -343 425 300 159 190 1007 213 -387 -429 -143 133 -191 -1252 -713 -338 244 409 -813 1796 -204 1292 -188 -516 -180 -248 -728 942 1166 -145 -245 -934 -314 -1630 502 -35 -161 573 73 264 624 603 -995 12 -404 -430 -815 -1540 150 -1739 111 617 -37 553 -638 -89 -65 1426 525 1226 964 243 883 50 -383 204 -105 -358 957 491 1570 220 278 16 -346 384 -418 424 -1235 -510 -516 -893 1052 149 -144 83 182 174 -457 -262 414 562 -605 -1159 390 1812 -112 -150 -54 -50 733 258 738 -604 -178 981 -25 179 592 456 1890 -1308 -377 494 -734 722 -1206 445 -206 935 505 -777 -267 85 176 -29 -302 603 1389 -408 -194 1366 65 -181 -165 975 500 1039 -1244 452 -365 41 -168 471 -598 250 -549 739 -356 -1301 591 241 -5 37 -441 -1402 175 645 1425 209 9 -126 946 135 325 67 -250 -348 -1211 -463 516 298 231 985 -251 141 39 315 -279 -593 97 387 -171 -429 -1741 35 267 609 407 567 630 429 64 1526 148 768 -252 590 
648 -82 543 474 157 -310 -163 585 618 -208 -21 420 112 567 -1626 -29 82 1296 -138 378 149 1013 -61 -224 1014 341 516 825 -1267 -261 1435 -181 -1403 -99 -183 793 -218 -681 744 -845 -475 -90 337 93 1810 -758 664 1329 -105 1609 -367 90 74 -790 528 -1872 -10 -25 277 788 -79 -472 -611 492 -938 -186 492 -36 -962 -98 64 193 -291 1558 109 1176 -229 -195 305 544 722 -1135 -1952 1088 112 15 -597 1573 250 928 -814 58 -1445 -1303 422 495 827 978 -414 -328 910 -1033 -322 -285 -279 -1599 708 -858 -1784 306 -1030 854 -588 365 -368 818 -817 18 -100 -5 649 -1491 -1548 -642 -344 437 -32 90 1564 168 797 1773 -564 -366 1091 877 665 -256 820 -456 -1038 718 -1009 -153 -791 449 -194 -777 859 67 -273 -732 786 -133 -1021 617 1058 -1091 80 -713 -239 -101 599 -535 352 837 1719 40 -299 269 170 -455 1139 -477 979 60 1115 45 -252 461 -1088 1024 639 185 632 -1097 -492 -1239 1045 712 653 348 471 -450 714 1969 379 1657 608 387 853 1003 317 449 -481 1563 1827 858 -1489 1439 168 1077 -869 257 -727 496 -1410 271 305 15 715 -333 1326 157 886 -372 -496 280 -584 -1145 -450 340 -73 1489 395 1486 1106 334 971 293 -424 592 -963 -990 910 -429 634 280 382 -205 -728 582 423 599 -554 -538 -234 408 -492 169 1386 -483 198 -197 370 -1481 -662 825 -274 1412 -346 -59 564 -515 909 -51 -781 348 569 -280 -394 -1229 -163 -729 -963 331 -221 -736 154 602 729 181 -1769 -612 -917 -393 770 381 -756 12 971 176 -821 -374 534 -1858 770 -468 -1067 409 691 13 1782 -75 1630 -35 -1626 249 45 -640 -515 70 348 -737 -692 206 263 1552 1268 -728 674 408 -59 -602 1985 478 922 -837 -959 558 954 -33 -522 773 -461 886 279 -2161 -1152 1097 755 -1225 -550 813 -60 943 326 -655 436 642 -1263 -814 835 -408 -361 -1621 -1076 -994 293 -598 -1033 -213 -1472 -461 -1590 557 688 -1343 212 405 1755 -69 -406 -271 352 -556 383 -107 -670 -31 -953 -1282 2803 114 -600 -609 315 -822 -18 -871 
524 -181 -892 1142 1154 1228 -671 998 -1283 247 -633 112 372 -101 902 -1262 -248 450 -1120 -982 783 -927 318 147 905 -1942 -67 11 884 49 -378 922 224 -991 -332 -528 435 -313 -530 1126 383 -727 -1314 408 -267 -207 196 -290 -268 77 -276 -247 145 1023 -363 337 213 1130 -699 -677 -65 -447 1884 -835 532 -531 -1107 946 1090 511 -736 384 -403 -723 1226 98 -1745 -161 603 232 -184 -370 -937 -413 141 -214 284 -129 687 -464 825 -1300 784 239 -279 153 -28 -338 -624 439 -302 171 -174 1499 688 -455 -40 544 1582 -1935 106 -490 726 -295 -1092 -924 -542 303 896 -478 487 189 -149 -349 286 -599 -440 390 -406 540 -395 708 -405 -248 140 14 492 -486 -1118 -1600 924 763 647 -108 -536 -8 -449 200 -467 814 791 657 -269 344 202 -102 13 223 -792 411 539 -528 1088 -358 57 -226 -67 838 421 -1564 -267 -449 36 367 515 609 545 607 -845 -606 -189 -457 15 -826 116 -549 493 1111 1124 444 833 -267 -567 -415 -308 14 -247 1338 -414 -668 307 -73 698 -1362 -651 421 -978 -50 -695 484 884 993 255 132 1457 734 -799 18 -97 636 -200 -1128 -126 -903 -971 -209 -777 56 659 -1154 -1396 -176 137 -56 1287 -70 -858 -568 -151 -621 4 -900 -739 545 643 -419 -730 -111 -384 936 496 -2 -112 840 -66 939 -1273 602 -309 -868 -783 -740 557 285 77 491 171 624 32 -175 258 80 -849 374 -821 338 -622 -990 860 1780 -1293 674 126 -281 -436 -742 372 259 933 -1039 917 270 139 -860 -259 261 -49 774 -1350 17 335 1377 -863 -1160 801 24 519 838 -395 948 403 1037 -72 -531 668 -795 -696 1000 483 -738 370 -154 979 435 -859 736 -809 -111 123 125 53 -594 36 -795 -744 652 873 1385 1319 -178 -1660 -963 -685 620 -486 -610 495 -288 -704 -19 -85 681 47 556 1298 410 -264 -743 -1054 68 527 774 33 1264 -1157 625 384 -1075 -171 -1003 75 1580 435 -274 -1497 525 485 -782 -759 -1077 1201 613 -1079 517 -840 -212 844 -1175 997 -476 366 66 566 208 552 1711 589 -936 -188 -99 
-860 837 -359 1135 1278 261 394 1168 -965 1439 -138 -613 411 -100 -409 824 -275 -975 -983 -995 1160 -689 1517 815 -603 495 111 116 725 -241 -139 1175 -1107 147 -743 122 -343 -277 211 -414 -1168 1419 -1549 -626 -824 19 200 -830 -786 -488 340 482 -1164 -1018 -67 -425 1254 1057 830 -25 -713 -46 -426 -270 513 64 1189 -642 177 -1239 -351 -326 540 530 675 1303 311 -157 234 474 860 13 -1388 -272 -1804 -1416 -352 -919 -406 -840 1093 708 -981 -64 1148 48 13 768 -52 -1249 -424 -1239 -1558 -37 920 306 221 -172 -837 141 -445 -425 425 581 152 -1011 -143 402 -577 811 -287 -1784 175 -669 -357 405 788 -1344 348 -302 1448 1061 -989 -270 912 -835 335 -57 -448 -250 132 -506 -499 157 -938 -134 715 203 469 1696 884 -120 -260 1591 -589 -852 -280 545 781 -889 22 -340 -194 -1755 1027 -1537 -658 708 -693 1976 155 -688 1065 -246 76 -707 56 -824 -596 -1483 -1379 -439 518 -421 696 101 303 -179 340 1162 78 -975 205 -545 454 -610 6 703 -849 927 402 1321 -591 810 667 208 50 272 558 94 -734 -80 -656 633 527 -862 -380 -136 80 1283 315 -247 105 -777 -547 -483 498 -427 -587 576 124 -285 188 -504 340 566 340 1585 -828 1363 -1105 -298 683 540 73 237 348 1118 147 1923 -727 -797 1125 139 -227 1202 1160 263 -290 -858 -1330 -1156 -792 289 -377 -366 -335 410 676 564 -266 -88 -1373 -247 14 -178 465 1125 -313 -246 -226 440 -180 322 371 1014 -820 -504 -1317 1114 -511 866 330 -789 -1066 -737 -777 -1583 292 -509 1826 -10 -500 -362 1114 566 -407 -602 1033 -501 1312 726 702 1361 -182 -819 -1341 692 -464 268 -483 -401 -197 -864 -887 798 -341 -1786 -39 -1945 1663 592 286 -476 17 -1418 82 -428 1180 98 517 1422 268 -311 581 589 -332 -156 49 -376 -870 -268 1361 54 1127 47 -740 1829 9 429 -491 -249 760 -556 -1241 -800 -924 -859 -194 123 382 742 -898 -605 -819 -1119 716 -221 745 -912 272 159 118 158 -828 -1560 594 -1120 -570 655 -425 1190 -1948 -451 -659 -870 -252 394 -736 -656 
752 -886 49 257 -481 725 -907 -199 -997 1271 -116 -191 1006 962 -963 -742 -1473 -1369 -1907 78 376 -336 -743 -864 424 493 -339 -321 54 -805 -860 -1975 1440 -78 -877 703 -688 1233 -40 357 -163 -43 -486 -151 109 -718 -2031 -878 583 1017 -727 -1150 599 -268 1553 -1106 -730 1308 -326 -936 -290 200 -255 -269 -594 263 -266 683 657 -646 -516 -1672 633 -2133 1483 -403 184 -430 613 685 873 713 -755 -391 -742 -1471 -965 -870 -1508 1645 1331 538 63 -563 79 1073 -1257 1061 -1698 632 75 -470 1299 23 981 -725 -42 -946 424 1568 378 -442 -639 -466 434 -494 911 -1701 223 97 -72 896 -2 -1002 -647 795 -844 -201 144 -788 -1239 202 806 -661 66 313 430 210 -77 582 -159 -601 711 177 -1001 -127 -954 -1307 -766 805 -288 408 -220 301 -671 -1572 -55 562 -527 -857 258 1115 -44 -767 601 -805 -171 563 1405 -285 1537 -252 484 -1025 267 573 731 -1040 -1453 -704 -491 -413 -277 131 -912 174 -548 464 988 498 -321 35 -679 -1321 -1252 -578 -216 1269 -1055 957 -68 -199 -28 -766 -116 -429 568 412 -1189 1303 1143 1219 -1859 591 637 -592 466 582 1014 -365 408 -494 -1003 -1307 -26 629 -885 1693 626 -443 -1083 -999 -855 -165 8 286 -279 236 290 -810 -319 -647 -830 -129 -328 1186 -320 304 -1083 -685 -1205 296 492 -698 1003 80 203 534 -563 -1170 78 -94 735 -507 -462 -2151 -381 -835 58 313 -168 570 33 1048 -64 -824 155 1426 499 1209 985 -1572 324 61 2445 -739 -191 705 1168 -471 347 -637 -1265 248 1284 -118 -141 477 1602 -677 -737 -1099 -747 -290 691 440 787 -660 776 553 527 1380 556 -357 -443 -1016 458 223 -1131 343 419 -73 1835 1988 -376 671 -822 -985 180 -641 554 829 602 971 122 -1689 161 1265 746 70 -286 -1115 165 508 76 -121 -857 153 787 1174 -452 1943 42 -151 -1007 -576 157 -11 197 -582 -486 173 711 -817 1398 784 374 492 1810 -69 -85 332 -100 -154 663 -1467 -309 615 119 -212 -84 14 -130 -201 -964 59 372 455 462 -263 -301 438 -57 -345 -626 -379 598 -1685 747 -462 
440 -197 -813 -123 -496 -318 -553 160 491 -571 -648 -135 330 -464 540 467 686 -1040 -687 679 697 539 -304 -677 4 1106 65 474 -250 -451 292 -352 178 -201 -1054 -149 -975 1320 799 -690 -820 -409 -638 -446 1059 80 356 -167 -757 825 837 497 -763 -763 -1158 102 758 -3 444 517 1005 -2102 -360 124 -227 92 -2087 -435 -234 -969 351 -510 952 -257 635 -792 -353 -1357 -956 -1056 1075 850 -92 221 -13 324 -123 -1114 -71 -368 -857 -248 484 61 -19 304 522 -742 235 -591 1535 -317 -192 733 -806 -1009 881 -615 -435 -753 186 331 -137 77 750 -204 719 -209 -2202 -726 -1422 381 -1037 -1643 186 -259 -1390 -37 -117 -860 1052 324 90 -258 -86 -1125 -252 -136 980 -516 948 -989 894 -484 60 1380 -1071 1156 -135 356 -310 1304 -681 -2579 1799 674 -398 328 543 -152 280 392 -89 -330 -679 -620 -1323 976 -831 272 -1102 341 251 37 -329 -33 128 -1206 -636 -482 93 129 -974 -583 686 -141 -533 -290 472 -673 -613 -478 789 521 -182 -290 1171 -1229 -1369 248 1051 -639 661 327 458 117 2132 138 -198 -115 669 164 657 1441 -150 269 -52 -332 1458 -675 604 268 -18 -467 546 -885 -1097 -1767 -403 74 773 -66 1483 1128 -22 695 1734 -1841 534 987 -1733 -615 379 938 417 392 -108 -640 351 -412 -686 538 -555 -586 468 533 17 -212 11 1388 1502 528 -559 -291 787 -827 -1314 -1112 -151 -651 -723 136 -65 -529 -536 1221 -352 777 986 125 1455 545 922 206 -306 741 311 -27 437 771 -239 362 -1057 -376 510 -1064 282 416 942 -578 -149 647 -728 -468 913 481 40 -819 887 20 199 -907 -407 320 1591 -866 -1559 -63 478 -850 -866 -806 618 -148 -209 281 1128 411 565 908 -319 -31 -460 -134 -105 -708 -329 -75 -378 -1542 1097 -1070 -774 595 136 -867 -64 -520 98 421 -103 863 380 475 1039 -1011 563 27 -406 72 -48 -458 -407 637 17 1309 -732 -171 -87 -1310 -419 -881 1048 -673 300 -935 -797 1265 -287 808 -256 314 -421 -371 571 -241 -671 598 -42 33 -410 476 1056 865 -352 -451 324 -270 -446 -480 
231 337 424 -1122 -347 -771 380 1094 1437 509 1158 -362 212 276 -377 479 -650 825 -1526 -344 -549 177 592 100 -248 -342 757 708 -173 -42 -1250 -666 140 -44 -1263 119 297 -1433 157 -769 408 1182 249 18 93 1166 -444 1 925 -662 -1761 -364 532 201 242 506 -943 66 -490 -168 -510 -173 252 661 741 -750 -560 2082 -920 -823 378 1761 126 -1926 228 -939 -46 511 1388 1068 -19 982 -258 -364 988 180 -392 -178 1121 -791 155 -68 108 -124 102 332 -556 -1205 -914 -1173 -127 313 -268 -39 -35 -133 -676 -1036 -980 83 185 62 170 -797 -1087 384 149 965 955 1101 610 -471 -605 654 -434 690 -72 1533 -206 -604 -472 872 489 672 650 -332 597 -1405 531 -1354 -218 146 -413 -53 840 -493 -551 -1873 1694 -608 -493 1331 -102 12 264 892 1133 -1044 -870 -243 22 -1444 -246 -460 -166 267 -199 940 -661 -228 46 -307 559 -1458 70 502 464 -527 1366 -247 507 345 730 13 -2185 -1259 449 567 1167 -104 137 -70 -410 389 -1840 1314 -524 441 994 -504 -504 452 97 -100 483 439 1045 214 -468 1117 662 77 -471 -758 287 743 -26 -349 -314 -542 -1112 1864 -394 -765 -1508 -139 -81 435 1134 1245 -1410 -769 1361 674 794 1236 517 558 357 -235 -379 -377 -15 -256 -88 -419 883 -400 1098 -491 -620 79 914 -215 28 -859 -983 360 -1150 -282 -1169 -185 409 -159 622 -313 842 691 -61 -925 933 -659 3 770 -296 -615 -2083 280 -23 133 881 79 -210 1827 -91 -1421 -472 -1407 -447 670 -376 584 796 916 -936 -1805 -1090 225 374 -204 677 -376 -503 524 634 201 1006 294 -1617 386 603 404 427 286 106 977 -814 704 -385 358 1129 1027 961 -220 -1264 -513 -212 -144 272 550 678 238 -1002 -690 -234 531 -592 1242 994 -1396 379 604 914 -549 -563 -121 -369 823 99 890 -657 -565 250 186 -1 1632 -170 808 -326 -733 -1616 1593 170 287 364 -787 -271 180 -393 -338 -859 -495 476 408 -480 -397 620 -158 587 -955 214 54 330 -392 40 970 241 562 199 587 -1164 -249 726 -824 -220 -189 1018 -1397 -463 -698 
1 -861 -846 -912 -490 1530 -1200 -741 734 217 773 35 719 -1672 -5 451 -529 -186 1729 -734 325 -1130 -1366 -82 175 823 456 816 484 647 29 -460 969 -1405 475 42 -782 -449 1483 -924 412 1218 1414 135 -60 -231 1567 1128 -365 -65 1215 810 1045 -384 1197 843 4 -149 -567 -94 -542 -495 1151 -1344 59 -433 384 -1290 -34 154 -866 -226 -22 -40 -1151 -1638 -39 248 -21 -335 122 -288 1546 -44 377 326 56 -64 147 1193 -765 -876 -320 -670 960 -518 -28 -869 -868 775 -580 -960 800 388 162 242 -886 1673 643 38 72 589 614 20 640 -234 -195 306 -5 207 -1991 1455 -246 716 -1099 123 -436 -408 -174 -1157 -50 94 -121 -214 935 159 -147 -329 -286 -393 962 -1344 -195 -115 758 143 316 -26 -280 139 -133 -291 -186 -1157 -534 -85 316 -1049 524 672 -87 174 -208 124 -357 332 166 -730 -173 -1563 1012 231 659 224 275 -920 729 472 266 996 533 425 -671 702 758 681 1084 -830 -328 -452 -345 581 -410 -803 2039 -115 279 -194 -337 -324 567 531 106 446 617 47 -704 185 -1830 89 -512 -889 460 -925 1293 -567 -1035 -486 53 -1070 -425 -728 -1030 1478 801 318 1421 -239 -516 -277 229 -107 -533 -1065 1276 -219 -424 960 -461 -387 317 -822 -804 -45 -23 -876 -638 -757 1469 1048 -262 -436 -286 -1454 335 1191 -166 -278 -327 -1472 138 1351 -1187 268 792 1127 70 -100 760 1078 865 -430 1280 199 67 245 -330 -270 116 28 394 230 540 541 -1709 -1941 -186 169 -66 -83 -1021 -36 489 -1156 1556 -458 -301 294 -969 -558 80 -4 -450 -14 -38 1136 -532 -476 871 100 -433 795 -1401 -756 -434 958 -106 692 -532 1073 -261 1441 -85 1496 265 -576 0 789 881 212 -516 -804 106 621 1380 1016 123 -222 -1107 91 848 -578 -453 640 243 107 -241 804 1201 -482 -809 1365 -903 -147 -51 645 -594 -218 62 481 -789 -1075 174 1273 874 341 703 187 -677 661 -193 -130 -229 1302 1328 614 -433 331 591 247 625 729 -741 587 699 416 932 -1393 385 240 -468 978 679 -1035 437 458 -1174 -210 1122 1361 
-948 -326 -387 918 325 -1628 116 251 1157 -289 -243 949 679 8 1122 -437 567 -716 -1393 -7 -1064 500 632 531 -1593 1602 120 -608 -178 -1130 245 121 -240 1506 -178 763 170 -44 -830 -863 1321 24 -1265 -106 -15 -493 618 290 589 -111 564 -641 -215 -171 253 -1210 -1412 1212 266 -187 -4 -1049 -706 1121 -458 1276 112 -815 -655 1119 -887 943 437 1343 1160 108 467 -1474 1496 -973 -295 726 38 -1396 -1661 401 -287 255 -866 -1243 768 -769 695 -640 -364 692 -712 415 376 -64 -207 -457 -889 348 -948 287 -1594 319 -483 -1206 335 -11 -186 165 595 -626 508 -915 521 -613 790 802 -255 116 295 782 395 -1038 621 -92 -1158 268 -223 752 1772 174 76 470 -176 244 -589 340 449 -369 -1461 438 540 610 -222 710 -201 -686 -1114 600 255 -1422 740 649 690 697 -140 -175 114 -1280 -1033 -91 584 -1139 1012 614 1032 -142 -292 -790 260 -1245 337 218 -375 -685 1109 -1558 482 -631 -906 364 -587 -758 859 1088 1495 71 -589 -623 -743 906 342 -835 350 -1238 -389 942 609 -93 -512 201 281 -277 -726 -214 -731 1022 283 101 437 783 -548 -80 1049 1859 113 -617 512 -825 -663 683 -1121 377 672 949 -416 -921 -270 -229 -444 971 181 -937 -1488 -841 -516 -919 -492 -1084 359 1533 637 -129 872 496 316 -516 -546 30 1017 237 -88 -200 -794 97 1159 -371 452 -199 255 -295 -426 -1038 363 -980 -808 -208 -740 57 380 -320 1700 -15 -5 1126 595 233 693 -380 -1581 -18 -144 -91 -388 -117 56 -204 -1485 253 761 -480 198 531 164 438 59 1211 589 -765 163 -846 -1246 70 -511 -716 -613 702 -293 -1065 -915 -113 440 153 -129 513 178 -200 401 -546 936 172 -470 617 286 -457 -369 450 872 -1 371 -256 -2044 763 -1035 331 -1155 -759 -248 -503 728 1465 32 -79 730 -1107 146 467 426 381 -107 -486 -443 -101 -492 -508 65 -899 620 -1112 658 1134 -876 -507 182 1359 1158 -1660 -743 -1828 673 501 944 151 1478 5 204 -224 -130 241 -1246 151 -671 -66 286 23 -174 -1717 96 288 395 13 -947 -237 892 -698 
1022 -1015 863 384 213 -848 -369 -258 56 1194 -530 723 -282 -171 -284 1193 389 42 -433 852 -401 -1028 385 835 1566 87 119 -1093 -209 -1015 -994 -120 -1641 819 -981 -262 286 -755 -1106 48 1126 98 596 522 -232 -736 -984 -960 15 -867 155 -338 -279 -470 52 -285 689 -143 -591 355 -765 799 -347 -201 252 505 -110 419 -445 981 -131 -1805 -343 781 -1256 -30 327 -605 389 842 1471 1809 259 -9 16 -227 -655 -47 45 437 1097 322 253 -666 513 -149 113 -615 -93 609 -460 -98 1033 1139 -49 1098 -372 -605 605 -482 -511 1009 -708 1593 140 -225 139 -949 905 -722 832 -154 415 897 836 656 -541 -942 -172 848 1143 407 553 -106 524 -398 399 310 704 -49 49 863 264 310 522 -536 430 -165 -1563 805 -177 -515 650 413 -614 751 -92 -904 708 -1058 -193 -1261 -157 -1069 45 -248 281 88 430 1445 -547 340 663 -1179 879 103 -137 197 330 -577 -1180 224 -284 432 -1293 -1612 -36 369 -266 442 -343 91 -1776 25 -918 16 254 -336 436 -166 -83 -1707 -781 479 508 -320 -80 -726 70 1098 1076 -21 259 -70 293 87 646 729 -84 616 842 82 494 -575 -381 259 -441 982 1051 -734 -296 -146 -1158 108 -622 147 176 -278 -919 367 -1354 502 507 -597 1415 657 688 338 -183 863 366 -513 -271 384 -430 193 122 -255 -1027 -282 311 -1116 -608 360 360 154 1302 355 897 -452 218 -842 -1161 -783 -236 -143 95 -1336 -697 819 -783 -612 39 16 -912 -498 -708 716 1137 1001 -752 -1186 -807 533 478 683 -638 -1206 1004 124 150 -513 992 432 -441 233 -513 -408 -951 -548 961 -1034 -920 165 -1008 -336 -692 123 393 -50 -52 -859 1172 -294 284 1009 714 -544 70 -1084 -1099 -676 -747 310 79 -498 -706 -784 -164 757 -825 263 485 1582 1252 -1011 30 -1521 583 315 -134 -1268 -1202 233 66 -335 -1310 -889 752 -260 554 259 1114 -122 611 129 594 51 -172 -408 -867 -135 -284 72 -111 -958 590 672 -120 -639 1264 -1061 -475 -59 -463 572 337 566 -108 -972 495 504 606 83 -261 -83 626 193 -623 649 
-1129 1003 -246 695 -404 -364 452 -927 374 356 -599 586 551 -610 239 241 375 -1656 -613 -572 552 -385 -435 -188 -239 -39 -920 42 831 37 31 -401 -1523 -910 -503 -790 2200 125 -383 371 -140 -577 736 -1715 660 -284 -261 -863 -483 773 68 882 -173 -9 -1089 739 1739 -578 136 1414 -496 -494 -419 -1105 1567 1013 777 -476 140 -1563 -374 -451 577 1170 280 -330 74 779 -1979 -487 158 30 -1437 -587 -1236 -580 463 -446 -26 -174 -1015 645 673 930 299 712 -264 424 -968 -414 -648 1133 -534 870 -920 -762 253 -962 -1472 1713 11 -1137 -399 739 451 -1137 80 -351 -992 1604 -705 -1071 1020 1131 1541 447 -167 420 1036 1578 466 335 -673 251 -802 -20 1451 391 326 -1280 -500 -1287 909 162 -252 514 -927 -43 135 1061 1013 -195 61 1086 -243 79 85 491 -437 385 284 1938 -675 -778 607 -1291 262 870 -158 1073 -785 -847 -860 -393 -423 -263 -1454 -1499 1295 225 -466 -730 -238 482 766 -215 -1047 318 76 -70 568 -561 -198 -1274 50 -153 627 -698 594 -1106 898 668 -469 521 -62 424 328 -536 -356 507 1239 -762 896 -631 235 -386 796 -183 435 279 770 -184 -1491 195 402 211 118 -37 -28 -881 690 -497 -1075 -610 -571 636 787 428 -509 278 90 -600 339 638 715 736 254 617 1254 -406 -290 -1389 423 -140 -257 -180 490 -324 213 -255 465 -312 735 -925 103 545 -839 1418 773 195 -1267 246 1553 -1539 -1011 944 173 68 -1755 -879 -1012 421 -232 -363 301 770 -513 554 2308 -761 -128 1065 293 -1015 693 -98 -293 -527 13 839 534 618 678 631 34 -263 -147 740 56 -348 352 -2146 380 695 -359 -1379 -832 494 215 -208 671 -365 1113 -1744 885 -1077 2149 -664 350 -46 176 -325 -172 581 623 -668 209 225 -762 -188 -465 309 198 321 1049 -920 143 103 -328 124 925 161 -385 336 -238 1372 -512 -1424 -333 731 1330 762 486 -1101 464 526 1316 -1567 -306 85 -185 143 1328 -85 -676 884 -1039 -600 -663 216 722 699 -985 553 323 -1171 1446 -2107 1418 -275 -254 1265 501 938 -800 -596 1379 844 -204 698 
1114 -2162 -31 -1084 824 -911 -246 294 813 -1470 64 -200 992 633 -280 532 -256 -682 1129 -80 1493 -91 289 189 338 117 499 -579 435 -951 -415 1220 1000 -455 -628 -262 1803 644 1527 240 -1071 502 -70 264 2170 -1488 -524 -389 313 528 -404 -221 -217 -1682 -539 -253 -688 418 -153 -923 -114 -382 -601 -288 584 783 -911 -1105 -231 191 -1257 -354 -362 1674 -391 906 526 -297 -1323 166 647 639 -25 -906 155 -482 754 -22 -836 888 -838 568 -1304 -86 577 84 -399 -363 629 378 220 -750 825 495 -860 68 447 -586 98 1179 -354 543 -156 1239 -165 -250 -689 154 -1921 1633 -822 -2134 -1147 257 -419 388 -163 -1713 632 198 624 -1485 -602 48 -498 294 -775 494 607 -781 186 35 216 -648 36 -1876 -320 943 744 485 1108 -123 -379 -547 -434 -1401 588 524 82 291 592 -873 180 683 -342 -677 -176 245 235 -905 -638 -458 758 1302 415 653 152 -705 -659 743 -1690 784 286 8 -1107 -138 209 -992 -274 135 -247 -464 -1024 -867 510 -365 -383 66 -214 -576 263 -607 182 646 102 909 140 444 -1068 820 -605 -242 -28 697 604 -1056 825 124 0 59 813 700 -366 -203 221 25 -113 1398 1912 -899 -297 -1360 1158 -729 398 269 -590 1434 -940 403 361 -545 -16 -370 155 197 596 -236 -433 -1754 -860 -629 44 -249 -1146 1830 45 -522 -444 -438 654 -782 384 -164 -488 897 411 -261 1300 -452 -40 164 -324 -1130 1137 149 -1294 -737 -1840 -660 -1112 -805 -437 -94 1022 482 -1215 -805 -1592 610 234 -445 -1802 -386 629 606 981 -1015 31 20 1829 16 191 -16 90 -537 1073 -113 547 55 1709 1279 -179 -123 408 -1085 -142 -464 47 -549 -416 -816 482 -1179 -44 898 842 -1133 -44 -604 -391 231 111 812 1250 -635 -939 -608 682 -440 702 528 -412 1704 476 508 -720 566 1213 368 230 491 433 -351 894 -511 -740 -691 213 -831 -122 206 597 -1267 1149 567 -1076 506 -696 -736 -37 151 -121 104 1926 1911 798 -285 1169 -633 -933 -761 82 -303 905 431 741 -1470 624 517 10 1127 1115 -730 -754 -118 -164 -7 -1306 1527 
804 75 -575 119 325 -768 673 724 14 404 1153 -838 1413 572 230 -1239 -230 -475 1079 202 -432 -190 -1032 -556 35 200 2157 959 490 -151 1192 -478 12 427 244 -562 140 226 316 -118 -377 -288 845 309 1143 441 -244 -304 680 -252 -130 319 239 -290 -69 311 -148 421 1691 415 -422 -407 -639 1377 -1556 -793 -773 343 651 499 -129 591 540 1411 148 265 -569 -1208 -350 -636 498 592 99 -425 968 315 -357 1248 347 -52 702 241 -12 369 811 1509 -28 -1296 636 -333 478 274 -552 -44 -116 1122 465 -611 -1095 620 -2091 194 118 -1000 453 -501 215 -408 -1589 -817 -1269 -45 -128 49 713 -101 332 -670 1124 -1339 483 -282 -382 19 492 -1054 -579 -406 -726 -525 139 549 530 -411 33 -1883 -365 -1073 -766 703 817 -551 833 423 -913 -519 -1394 1324 -879 -229 -695 1422 413 -51 -484 -142 129 -25 -199 656 -536 -540 444 1044 124 266 -123 -723 -402 -284 1091 1396 1139 724 986 -294 39 72 -1162 -453 -784 -457 -609 500 3 102 -1050 1093 -108 -1064 -151 -189 987 620 -262 -335 542 -781 597 343 421 409 -169 1505 68 435 466 1117 297 -657 -162 -614 -650 -749 -218 -435 219 -394 55 -556 469 -368 193 367 574 -449 -252 -1270 160 -370 516 -1 445 112 830 -19 -158 -943 208 -1476 -199 -397 2167 150 45 335 -1103 -623 80 308 -819 -1000 -627 286 -298 -219 1015 -531 -307 467 -156 -177 -285 -280 -351 98 194 442 -1894 19 567 132 -790 -67 755 182 -396 -827 -298 1595 -341 109 402 119 -1694 173 -234 -230 33 509 -415 703 389 -354 214 363 -749 258 -442 -498 -13 -17 1546 911 -10 382 311 20 172 -826 -45 632 431 240 -139 -612 74 670 569 -703 647 602 494 38 898 765 -370 615 537 152 631 488 -1343 -404 -831 2001 406 -161 -61 927 989 -550 260 2315 1709 -560 -754 -715 -959 -96 -1427 447 -1028 622 132 -1233 107 1400 317 251 273 -1209 -1881 -292 -100 -281 -796 -901 565 -374 -1287 1086 659 152 782 1007 712 -35 776 -397 94 -459 -624 -156 277 730 131 -18 -466 -435 
-1530 -63 772 1508 348 -1101 662 186 865 404 -197 -352 -1382 274 890 -1222 -744 705 -2179 659 94 852 -1003 510 162 411 -194 937 -855 1081 385 -278 -88 -190 410 -99 -62 528 -1426 871 598 -115 -387 967 -234 413 351 452 198 -152 -801 -1030 -237 300 645 -862 -1091 689 89 -661 1022 115 -869 -159 673 -34 212 -1493 -372 32 -126 482 865 1087 1720 -350 -579 -55 679 586 -731 -1503 308 -903 462 935 -487 288 -1485 146 -450 -327 -112 -713 -1264 438 -685 530 593 -518 -592 837 -456 -554 -644 703 558 14 -941 -389 833 946 -146 722 -433 59 -492 -1154 8 -1096 -563 -980 -63 -76 623 879 640 1026 520 -185 -255 48 536 1722 -504 -186 45 185 288 -560 1116 158 -246 454 -802 1296 218 -429 -147 877 -518 -605 534 -1382 708 -972 -584 1158 969 -2064 67 -409 -508 1448 -536 1142 677 -652 -1317 -790 417 -1062 -1243 -1773 -1296 -1235 -24 872 -999 511 -675 830 404 -130 -1324 -645 -1038 -1198 688 155 879 -2094 320 -120 402 716 -155 454 731 1104 -137 302 1447 -599 665 -306 -269 -825 -310 156 -131 726 -144 -70 -592 635 -599 869 -419 -90 976 -11 65 -1428 886 2073 -809 -23 29 -339 -161 715 3 -195 -2222 348 544 -151 820 -1012 -388 -284 465 1125 950 574 -218 220 1294 454 -851 411 397 787 175 -32 212 -91 836 -108 673 530 206 -167 200 -128 -499 -541 -1154 -65 -380 -928 157 -535 -663 -500 101 184 -258 229 2013 889 -494 -445 -449 -151 -489 62 -659 -308 389 973 -515 561 588 542 -1192 377 894 -913 1296 -279 21 16 664 373 253 -458 788 554 -20 -582 54 126 845 -874 -800 948 -873 400 -53 -76 25 861 -694 -650 -417 263 339 -991 -817 537 -568 -1711 1013 -7 -1094 -219 -153 -545 739 -1552 -363 177 614 368 -692 376 611 347 -103 -144 -737 539 -296 -1420 -70 -416 -803 -152 -1715 703 -2071 -195 800 -113 -798 -1382 -120 -428 -1255 59 301 -1519 -265 -133 -569 568 510 -245 238 27 -506 682 -162 -466 -77 1166 -667 -1078 544 -1528 742 389 -870 768 -20 -932 601 -1058 
-6 337 -1319 -34 -233 370 735 763 357 -182 86 -538 261 1193 207 -416 -819 840 475 686 509 502 -126 293 602 -803 201 -861 -379 574 1117 -423 188 -973 -361 -45 38 236 319 184 -822 408 -187 923 277 -848 128 -576 -625 -1157 42 -576 148 -256 374 171 -282 -598 -298 1175 669 -575 -95 -671 -84 94 -227 955 1200 -123 -605 -303 -250 -962 1125 -135 -597 -371 864 -554 -129 -1045 -230 313 -1056 375 29 -981 -839 -559 -986 -318 252 505 -458 697 673 -341 332 377 374 -1085 328 1121 667 -389 836 346 1221 357 -536 1542 882 265 -1124 946 505 282 408 852 142 -241 422 -1034 -211 -167 957 1032 217 401 94 211 -192 153 -444 -267 -1135 -722 -164 624 -298 -173 366 -169 -638 -193 -478 1418 -161 772 -557 300 551 12 -55 -142 -745 -1272 512 -158 523 -752 271 -449 -475 -208 575 657 -200 -679 -57 -1310 72 -1093 147 -501 -492 -131 411 1151 -885 702 -344 82 -66 -307 -1286 305 1397 -570 58 -707 -1761 300 1272 -1003 151 -288 276 797 690 660 -163 539 -275 1142 616 318 -528 1266 315 322 -695 204 117 -732 1162 294 -120 -365 1194 -336 -302 -551 216 318 -466 596 -591 -1899 1519 -1491 -496 1196 -56 199 -1272 658 280 -1318 349 -890 -389 273 -238 269 -554 392 -1020 -88 268 -765 -974 593 -235 -1310 274 962 189 -910 213 194 -410 444 257 293 -467 -1389 -795 -587 -812 302 345 -748 102 423 -828 -187 -239 -322 -48 -5 901 -966 61 -325 -267 -1026 465 -300 204 385 -277 717 628 1053 -1211 664 -60 668 -408 326 -698 -185 -262 331 1082 -447 627 -570 -104 1035 104 -4 -193 61 -982 59 -1369 -429 -192 15 1215 280 -914 -485 -322 -823 -56 861 -338 257 392 -993 346 -267 -282 749 486 412 936 -329 -794 391 66 216 -1518 -910 1150 291 -634 -745 221 1776 292 -1423 249 -222 297 -644 175 -526 -26 211 -1421 -1011 -579 -1436 265 -551 -299 -1175 -90 -18 391 181 -84 653 -578 1391 1502 49 493 705 317 548 466 -52 -1124 -230 1035 25 512 -276 -223 744 -114 -1149 400 41 
-4 -2109 936 1279 -1231 408 813 201 1533 -182 -269 674 163 730 -1560 561 719 -182 456 -1836 722 -787 309 365 115 366 -802 950 1442 660 581 369 1553 -988 -12 -871 -1257 -527 839 -1606 -67 83 -27 -176 -897 -300 -558 -1907 -724 460 -501 -89 -402 620 -971 -471 142 -539 -348 -685 -1421 -78 -2523 834 52 -206 725 1942 -126 218 23 -193 1614 982 2173 -968 1767 493 1293 332 298 -949 181 8 -374 -251 914 -759 159 -312 -636 336 676 -986 734 -45 564 -749 -365 1383 298 -215 735 445 -354 -609 -441 790 -492 1406 473 -558 826 -125 -243 -310 -78 834 139 373 510 460 497 -1317 199 -1274 -1088 174 765 1098 -139 -589 -819 -1201 -452 422 479 979 -335 778 -1140 -428 -535 -467 203 -463 172 446 658 299 -61 349 -424 -986 59 -275 -2096 -283 -115 -36 -1570 -282 653 -1295 51 -777 -170 -425 -922 -412 306 -1352 1510 -397 -791 715 -592 2090 -118 629 1223 656 -138 309 405 -169 -696 -1180 1362 104 716 376 980 -370 -234 912 178 290 101 595 -843 -964 395 -1410 -65 -944 217 1215 956 1227 -1225 1030 170 -372 -189 -548 -205 417 1067 356 -604 -117 530 -354 314 1585 1529 -719 441 345 218 -1289 -1380 -163 342 -1746 -813 388 -83 -156 175 -117 -492 -448 -527 -802 125 -1018 278 204 -602 -488 -78 534 296 1658 -42 -93 -1404 -343 894 621 177 -138 40 382 1 138 307 674 366 -227 92 126 1772 -406 -575 1145 -1578 609 -507 241 220 925 -677 319 -1008 -69 -104 354 479 261 -376 -249 -567 358 -952 -670 272 55 1515 -1290 860 -740 193 1128 1503 -1087 390 137 -399 489 -650 330 -907 421 65 468 399 417 -230 -758 -333 -252 -167 -192 93 -326 -272 -932 493 -996 -162 -837 -335 424 -546 -537 1131 -383 712 -977 -128 -142 -1365 1893 -1272 1067 820 -672 1823 -1109 242 208 -406 617 77 426 26 510 871 247 1252 1293 -435 2523 320 -714 117 473 -1031 409 -635 651 -839 -757 -1014 -716 -749 -338 -305 -23 -228 -269 481 -977 -594 -43 2749 -482 -1610 514 -410 -839 -552 -1569 -551 -137 502 -499 
-928 356 -11 138 428 57 -462 -246 579 -786 741 -788 1212 -1394 333 -1917 -1007 -505 169 88 -470 130 699 331 -735 1370 968 1068 -885 129 461 394 785 841 455 545 561 20 397 545 405 673 449 -357 1243 -1898 -32 -88 1114 554 -618 266 829 -3158 -52 -471 840 714 -1642 -398 967 913 -531 -420 -655 -91 378 -986 -5 84 -454 -1133 92 910 311 1124 516 412 315 -1589 295 88 200 -823 -128 204 547 -1185 763 -32 -700 -724 757 -57 -1160 164 106 -635 1474 65 -1421 -92 -77 45 869 -875 1049 -328 -467 -717 -749 316 -157 116 971 671 -267 -1774 109 -625 -567 -732 -526 -627 510 -1076 -987 -193 -246 -1354 -228 -145 -388 457 30 -101 -592 742 -799 -562 -615 -691 235 -634 -1028 1222 1288 479 219 66 717 669 346 -557 -170 -83 -927 1039 172 390 -119 -41 2289 256 -569 -115 -243 1379 -812 -395 148 -660 174 1435 -84 -1592 -253 -443 521 500 -2 -1637 -564 796 -1104 525 -443 -131 167 -968 -357 -1139 192 -124 705 981 -422 -1034 342 649 21 461 -692 344 -382 1155 -399 324 -182 -317 407 -191 478 -655 1090 472 -218 908 -71 75 57 315 1020 91 141 636 -439 -342 676 659 -652 1218 -109 92 -191 535 -526 -189 906 -775 800 467 -1403 102 -515 2117 -851 1113 -250 -468 167 391 -303 60 -246 166 -525 -1368 -361 240 241 -296 202 -60 362 -1346 -377 -1041 -244 663 -1380 639 -37 -486 -891 3 415 237 1001 -1135 570 -1012 454 97 -36 143 679 546 -13 -89 29 -402 -138 684 -280 548 103 527 1181 252 549 -207 1595 66 -308 26 993 496 -878 467 -322 -618 477 -496 1298 837 -1101 156 1231 88 -804 466 -238 259 -1610 321 26 -404 296 -1028 758 328 1881 1099 -1169 590 -632 -1163 808 -1089 -81 550 433 -1442 -1146 -58 739 73 -1273 977 -959 -105 65 -374 46 -210 440 345 366 -719 -414 -869 -31 -183 205 854 805 127 -575 -111 -108 271 -630 -932 382 1345 -676 891 855 791 545 -969 -231 -1340 -379 746 -44 919 -1810 -1450 -731 665 5 -25 44 -714 -981 672 -72 144 
-34 1030 -53 343 -164 881 -786 -291 130 837 -971 -227 450 -321 -444 -579 874 -476 696 -1041 291 -609 485 -684 -519 -121 -650 -463 1032 -999 -882 1164 -437 -51 1372 724 -630 303 1329 -398 -29 -749 724 977 -1158 -370 1117 -977 -102 -430 1162 -276 675 -853 423 -857 560 -254 -887 -1450 -97 -734 829 457 461 541 -210 -170 -1655 669 435 -209 -505 323 1837 141 287 179 1418 -626 412 277 77 -267 -1224 -88 -970 -691 -915 -620 -541 1089 -555 -611 -703 16 374 -385 -975 1137 -1483 -412 -443 1481 -458 820 -2043 548 -303 -1571 1195 310 1031 89 579 -192 539 -763 1161 -1231 -6 170 348 -16 -156 -265 -1035 955 -290 683 947 269 -164 147 -720 586 4 -423 -636 316 -316 346 1037 612 -1392 -438 -144 950 -390 379 -421 702 899 -778 475 -1258 -1185 -341 232 419 -979 -257 350 -562 99 -43 200 -1701 -1158 -244 1139 932 -525 126 1192 442 -187 -661 -1528 286 -489 518 -304 -214 919 425 255 -452 382 -1114 1278 641 262 1079 -222 -162 1275 -1580 844 329 -1118 167 -151 639 -8 501 122 -541 -8 119 21 -156 522 442 -251 292 -321 -268 -822 -146 2367 -386 -845 -466 -1141 249 652 -766 -924 -636 352 -1986 -152 -662 -128 147 -651 -434 -1214 1905 -983 -402 -744 -253 845 1480 -536 607 164 1354 1194 907 -774 372 140 -236 -40 853 -919 362 614 -37 171 -1585 -758 1294 -675 620 35 274 -1008 -117 -28 232 646 473 1335 -256 -1578 1733 -123 6 970 826 471 378 1034 1534 -791 -255 -1625 -318 -379 616 -374 -1415 -346 -224 374 846 -711 707 1152 733 541 1335 -1367 -753 265 -232 -626 -1304 -196 106 -580 143 669 -895 992 -59 -81 -1259 -996 185 -1248 363 202 -1162 -191 -310 -720 885 -645 -230 -509 -527 -1472 452 -585 1495 -715 -899 549 -320 415 314 -1368 -614 2185 -435 -123 669 486 -266 -565 -371 -778 446 1423 1542 -406 -1280 -315 408 240 1511 -962 -223 -264 -1146 -1394 629 1089 79 -1369 -617 253 1166 -553 1314 -1572 255 50 -102 216 -344 1216 -332 -973 -863 -217 1039 -1793 -199 130 -131 1438 211 226 300 
-124 541 497 -660 187 84 -547 795 -870 372 -102 346 673 608 -156 -347 681 379 -948 -200 738 -685 988 -726 719 755 -593 956 569 969 930 969 738 165 -668 437 -223 219 467 66 -442 -1553 -254 466 -1035 -29 216 802 -996 -743 -397 1391 -940 -1112 -141 862 -261 -150 1270 -37 -788 178 -98 -918 -463 278 129 548 -585 1007 1178 40 411 -540 326 -1819 847 -480 562 551 236 -53 -737 -1033 -1146 536 677 2116 -358 -914 336 918 -49 254 -671 1069 -810 -327 2133 -369 749 -379 -378 611 -288 -14 640 593 333 -506 124 471 -441 492 -180 -294 282 -1607 -1117 -373 248 -1545 -542 -161 607 601 -499 451 443 -1127 294 -686 639 -196 59 918 -97 805 -726 -465 -286 -559 -38 874 -355 603 88 -284 -1018 297 1161 -171 -7 -465 195 -777 64 -39 -1645 -1395 -1706 534 -249 -8 921 -271 -494 -563 343 64 584 123 -608 -1204 675 183 757 844 -1246 -412 -1165 -527 19 602 261 366 -1607 341 -256 916 270 224 455 246 -174 1136 -106 408 154 725 621 -367 6 -210 886 337 -575 -476 426 75 737 59 126 132 -82 1256 342 446 -739 739 112 -189 1237 -245 1235 1477 1155 -943 858 254 -573 -214 135 485 897 815 348 1118 3 763 -1487 -890 -19 171 -180 1039 1012 744 84 1329 181 31 959 787 334 -122 845 -737 -476 1267 -45 -439 -612 1626 128 -1588 -441 568 -1210 -740 363 -465 -1338 126 243 -501 -384 -58 1019 -253 -413 1003 19 -847 1099 2381 237 118 -984 1063 26 1429 -949 -138 -986 -346 187 -166 -109 62 -92 -306 610 -112 -813 393 1841 -1219 268 350 838 -134 1278 -7 183 -1109 869 675 -428 65 262 891 707 -196 -254 792 -633 35 -119 -1737 -386 456 488 -3 -1411 -372 -813 -1268 -614 419 504 -347 1319 386 -1112 486 316 -396 -1070 -353 1290 -465 877 -776 -97 142 34 -1708 351 209 -951 -361 -553 -43 -936 -233 368 351 -667 952 390 312 -1561 827 442 791 1462 34 23 -268 223 -83 -274 -2025 -1413 -385 313 -189 518 -588 -48 971 -1126 639 718 938 466 -196 739 -1823 
638 144 -234 -144 -482 917 -888 53 -66 273 -211 -606 316 157 -943 -946 448 174 -26 1084 68 827 -18 -762 -1221 -534 543 -1326 21 -208 -2049 629 54 953 -719 563 376 344 438 -325 182 -802 720 133 -313 61 -563 288 -359 -1341 372 171 536 70 -53 59 337 362 -1193 693 -1107 -454 -1678 -224 -171 1010 334 1212 -1247 710 374 725 -494 187 -203 -838 -104 794 1391 -432 540 299 -372 -64 -114 -234 -1321 337 260 506 -333 914 345 -1285 729 686 -869 -360 473 -807 -230 110 186 -1600 -1169 -968 -973 -144 -1253 466 190 -1364 503 -347 -321 -63 630 841 247 310 1353 252 -921 -1087 -315 986 1121 -63 1437 2183 1133 341 1136 -355 885 1158 744 -670 493 966 1480 1454 -546 -180 -880 -537 774 -113 -151 -164 86 921 795 -229 -1223 323 -877 103 -822 -652 -357 -96 -881 14 484 -337 63 828 303 290 484 -1149 -459 -2154 -1364 276 -153 9 516 17 -1889 -680 272 -24 -60 -612 -414 194 741 -92 -720 -369 271 229 -320 1642 1081 -89 -912 -887 368 -1077 772 -203 -246 -97 697 -1098 -1228 -1305 -234 -833 -266 -404 167 231 -232 523 1617 -47 484 -1236 237 385 237 -1044 -1446 -1143 34 396 561 -523 1387 12 -481 563 2239 219 34 -642 -976 -1725 470 126 -480 -581 -734 776 1189 108 -1307 305 -1750 366 193 531 296 -673 282 287 -238 -317 -597 -217 1079 -128 -449 -300 -1802 -310 -139 -1043 598 1732 543 858 -787 1281 -588 311 146 16 529 702 345 -516 337 -554 62 95 1165 223 -125 898 -256 134 -450 734 702 -892 707 93 -643 -163 787 -148 -1183 876 1245 -293 1128 506 -902 346 -198 -1156 419 -284 -546 324 -62 -755 2526 -703 -499 502 -530 766 -772 -392 885 -268 -741 -1908 421 -171 -120 266 -212 1125 -571 -644 317 -64 1325 -1069 -356 -142 824 747 -799 724 -2108 1070 -855 812 -5 1401 -476 -199 270 615 1495 -1432 -1057 531 -1189 884 -447 924 608 201 563 138 -151 -273 -939 16 -101 75 -254 0 1055 86 -529 471 -89 461 607 1639 -664 440 188 1219 1328 -1018 -360 -1869 876 298 
-1899 -26 1149 -917 -918 -175 -216 -11 1710 -1141 152 -546 -1928 100 -4 -168 -335 173 -497 -464 -1581 952 -1239 177 -1514 795 336 -16 -1035 439 -637 697 -1225 861 -1080 -766 -678 -747 1679 -48 566 -310 265 853 -882 -649 -370 -759 615 480 -473 535 527 -145 -538 -1025 -526 -249 -473 -17 -339 -356 -395 1039 752 282 -1155 364 342 -55 -902 294 -605 -762 368 796 223 -395 141 343 -491 -458 301 220 -455 -649 447 391 189 -170 -69 -424 846 -978 -538 -482 -1549 -283 850 -204 -479 901 254 906 213 -209 1771 961 25 708 -623 -953 -31 577 -409 -444 469 224 635 -705 1074 263 309 1179 610 -139 1306 913 35 -1480 374 336 -425 468 -815 -893 860 -181 -675 -2019 -1178 428 -282 -1549 -157 369 -285 399 -345 -173 -511 867 -286 -162 -929 1007 -585 491 63 662 -1124 40 1890 16 -618 -365 -142 799 -503 -405 28 951 1263 349 406 -244 97 366 248 842 1432 1037 -71 -868 787 -94 -306 -258 501 726 -659 -741 -81 -153 754 479 -199 -198 638 -814 206 724 -156 -344 812 565 56 -38 -151 739 402 -885 937 685 781 -386 -41 184 -591 218 -1459 -1122 -520 85 -155 -265 812 648 45 -109 179 -879 -1618 -140 1001 -523 461 -881 465 238 -723 -346 319 -615 -4 319 948 64 -1661 -50 -854 330 -1046 668 553 -1076 -1105 450 853 140 580 -1253 -25 457 383 194 -143 -446 -780 1017 356 477 284 1108 -248 -345 -174 1 -321 -679 1121 -307 252 -973 422 -37 156 104 -178 224 249 1060 -399 947 266 -167 632 -1376 -1001 -675 109 -54 -331 437 -858 550 661 287 1937 1342 -228 -1175 -421 -646 134 296 598 -902 2077 26 -589 -1022 348 400 21 -1270 -700 513 -803 1530 -925 -409 405 23 390 378 14 153 1023 -933 -1271 -979 -461 595 -477 739 227 7 -159 585 601 -682 -719 818 -952 -1146 893 -1060 -56 -234 -176 -180 -139 1406 676 1924 285 -1393 -1276 183 306 -1089 -579 -38 -1037 -747 -1257 -498 719 11 -344 373 -483 47 -562 1023 -412 317 -361 150 444 89 375 -245 -942 -739 -72 -1140 -370 -707 
-480 -1114 -1037 774 -641 284 -1670 -1220 -1677 74 -1304 -520 -3 -543 766 -950 235 1194 768 -328 -360 -393 1025 56 -1176 -452 -700 626 562 -1513 -197 222 867 221 -544 501 -1117 -87 -1411 12 107 -622 119 315 -480 -713 -175 490 -297 -470 -28 -134 966 752 -282 -1271 -87 -43 685 -604 -763 -34 429 -354 382 686 1031 -921 483 957 697 -791 351 865 682 431 707 -217 1200 8 321 -370 237 83 -1271 535 -706 -164 400 -24 -266 -220 754 -196 -1149 -191 -55 -822 10 -226 -817 232 -1266 -1258 65 -57 915 -321 260 440 1359 -963 -181 203 -783 1352 430 1038 -66 -88 -782 267 -800 -686 613 498 202 -875 -2675 215 966 167 -1050 754 188 -895 380 229 -210 2545 568 182 33 342 309 -349 -643 -80 -348 113 443 227 381 -1237 504 988 -190 -274 806 -361 1358 -517 98 564 -723 515 341 -614 -391 809 264 762 -150 -21 135 183 827 369 -711 -762 129 296 -311 497 -496 362 -11 139 -393 130 -769 1038 -1406 -290 433 766 161 -1681 304 61 -248 -1634 873 1102 -132 -1552 -1472 -533 660 217 -839 1414 20 -810 861 -2 -681 230 -1326 25 289 -368 -104 1068 -465 1560 -771 -914 -150 1007 812 503 240 44 570 -2124 -1484 -496 893 -900 486 1097 65 -381 -1633 -960 562 -629 -698 503 822 311 -588 930 -331 1007 321 -1069 -377 -1669 575 197 -1190 -1099 -617 -487 165 187 -379 -585 450 260 -17 -509 -488 -815 753 -680 553 414 27 511 326 -582 400 -515 733 -839 234 188 -381 321 681 585 315 384 -728 -9 -667 -608 -1374 -1347 95 616 553 -748 -824 -362 591 616 -2 -1596 -1348 -1549 -1116 -496 286 -353 161 483 -384 1908 570 718 -1177 -333 -966 616 -733 37 1575 -126 -473 422 1281 107 608 129 -250 -38 45 107 -1310 -963 -633 -52 142 -523 387 -412 -445 -364 60 313 542 -19 -1242 847 207 626 -564 -926 -287 83 1017 -279 396 -290 -740 258 -630 452 648 392 522 63 -695 430 -4 -458 -351 -740 993 1390 23 427 643 -971 123 -1243 271 -146 745 936 -104 221 -509 901 913 426 
-1 561 498 -790 -258 330 -283 -623 -312 21 -419 1834 -65 -15 395 1054 -250 -388 -267 631 -219 525 -2224 1264 84 -1689 -345 -445 -1014 550 -334 166 730 625 -622 -86 255 146 8 -274 95 624 1341 -283 -112 -1330 699 -125 -105 97 -1121 147 -1084 451 -892 829 1659 590 -399 1630 908 382 -476 -38 -306 -2370 594 -272 60 -441 1824 -699 363 266 -1140 623 -939 -490 -1300 157 742 5 860 146 109 -52 -874 -263 -340 -358 915 -583 -1244 -978 -374 1093 -197 720 -967 -25 256 -123 -180 -175 669 1304 -758 500 415 -768 -543 -321 -334 1366 -1179 -240 700 645 -573 0 -971 947 55 -281 -964 291 152 -1148 -1802 767 -717 -601 484 -903 -1868 -906 -93 218 -73 762 830 -1589 -1517 656 112 1606 1014 -642 -1384 -1129 -1040 -1083 -240 637 -45 227 -342 309 -1479 314 694 58 -140 325 1292 -376 -293 781 -277 -1256 591 220 297 256 -1197 494 217 271 -98 826 680 -876 1164 -227 -668 -678 376 897 -1200 -462 -16 -56 133 -133 1033 100 -55 188 -478 -403 -292 995 -59 -799 -606 -1411 -215 380 1799 34 872 388 647 1216 160 -61 69 1069 -332 -133 -707 -252 1546 -268 300 621 421 791 -739 772 -545 -266 29 230 700 289 846 1959 -889 -523 -638 -267 -331 1130 -447 -634 -502 84 -828 518 -348 600 221 -2036 -390 543 -741 67 1103 322 -467 30 -709 159 -68 -1136 214 -1444 1359 432 475 791 -128 -959 -1313 683 823 -1154 913 194 -958 58 68 1402 -463 216 -87 -371 -758 -714 -200 -794 1568 66 -116 -338 -1156 -294 -18 982 376 -32 -877 234 -25 244 53 -845 1760 -466 -983 -546 266 -229 71 504 436 -801 -87 -509 -983 -1728 126 124 4 56 699 -145 1323 -1053 -295 -1571 -124 808 859 -302 -883 1001 453 -174 -45 524 -547 28 432 1557 309 274 -558 -240 2076 -207 -920 651 994 -189 -119 893 -362 207 884 126 -433 366 -427 850 74 1086 1065 26 -869 64 474 -30 241 -494 135 742 211 55 310 83 438 173 -899 -1272 -621 -139 -1159 -29 1144 786 -733 331 -311 662 508 -394 -204 453 
-41 -628 143 -660 -877 457 7 -24 -407 440 -166 -242 -933 352 -227 64 494 -859 -37 441 -171 -300 64 234 1494 -302 1384 1277 -131 595 -64 1297 446 -702 -896 -278 -1105 1081 1154 -737 1102 -382 226 -213 -954 280 -866 562 1207 -281 550 605 -1155 -184 -129 -758 -55 -15 -99 2225 162 -967 -3 -942 -474 -264 1122 692 590 -141 854 346 -543 -948 -200 126 250 111 72 -688 -233 -1252 -286 -295 -913 751 91 682 -879 -1052 142 -44 1171 -665 1122 -521 -661 -710 942 901 224 209 1190 -603 -1218 -111 -1185 474 1098 645 -656 -650 -812 -1301 1807 -1236 -679 -192 -1189 452 -329 742 -926 431 -340 445 316 -1005 -1088 10 971 -358 1212 813 -1458 451 -273 -567 -758 -629 738 -333 572 242 -450 -835 272 1095 -548 368 695 -1019 530 -106 199 -292 277 -374 152 -483 614 811 301 -36 -994 -274 -467 -680 -1041 267 -161 -646 -605 601 -500 -764 -875 630 -721 -406 1578 -243 -777 -1306 232 374 681 1300 377 -326 -470 -106 -1756 252 -1170 -323 1256 1066 -137 -1261 -916 512 -239 -759 600 83 -152 -1040 -129 785 -103 -847 -478 -314 -947 -914 -273 718 -1628 62 -1236 149 1050 728 -540 -447 -1566 -1075 705 -1129 570 647 -1038 -587 -1250 308 -1102 -147 1161 -1106 873 1246 451 -923 -98 606 -1119 -376 -163 -161 -167 321 645 -875 159 857 -135 -1407 346 -280 -815 -1429 -1568 1073 -251 46 445 -451 1061 450 -273 883 -14 178 -779 208 593 242 -96 1430 -415 -687 819 -969 1018 -90 -681 -728 1577 -96 896 -308 307 440 236 1407 330 1214 430 80 360 -1140 -132 -52 201 -782 -28 447 -181 486 198 -1028 874 -1443 -406 -367 837 939 597 618 401 -409 271 -1488 -420 -600 1031 -517 720 441 387 790 -1098 -1131 40 -947 857 -250 -467 290 1818 426 -1255 -697 404 271 141 596 165 -216 -1050 553 80 165 68 -1411 -1210 -505 -135 458 -631 -634 -330 -35 -865 -384 74 1667 829 99 549 -216 -196 -212 620 -31 -1560 150 -62 -35 286 -419 100 106 916 -693 -1420 -131 171 -523 788 166 -1320 1180 1203 -336 -1189 149 -860 -219 
286 667 483 1553 778 -378 -334 -210 70 99 568 1175 -43 643 -707 719 -5 -1546 -590 -790 69 69 -836 -345 -781 47 -757 -393 -317 -59 -50 427 -246 -624 448 -1853 149 -646 797 888 656 317 -222 394 580 -813 -889 471 172 -555 -189 1275 27 -186 745 639 -301 -1002 -786 -113 1175 25 -317 -382 -953 350 -298 918 556 -64 -441 493 354 -976 368 323 592 253 -323 460 -31 71 1407 1383 584 -673 600 -807 -382 -296 -300 -80 696 456 -992 -948 -401 684 1189 -174 -85 936 -216 661 -159 570 -510 -222 21 1337 251 1217 -1112 -788 962 853 766 -691 -737 -44 77 197 263 631 -871 96 719 -87 -339 1133 -260 -84 -177 -537 -62 -718 -824 202 -382 1183 359 1271 1386 -89 -192 -943 515 -815 568 39 213 61 23 17 -955 1575 599 -1043 275 188 238 -468 297 685 -867 461 -191 457 176 622 940 129 342 -342 -196 46 831 1730 479 -528 -969 -15 139 606 584 1169 -610 206 1026 341 1075 308 792 -59 130 -1008 -1062 -211 136 1142 -296 817 60 715 -1307 -203 -348 251 -298 1126 1108 -179 -29 -575 105 321 -972 -139 1444 -105 154 -86 -154 -339 -1082 193 556 130 1076 381 -491 -567 19 327 400 269 -1296 26 -197 -442 290 611 -180 -88 -292 121 -389 -906 -391 773 285 930 885 -374 168 -844 486 -1245 -1003 -438 486 -584 771 -810 -2106 165 -548 498 320 184 -401 794 1075 -450 -97 -216 -336 -341 120 -172 -766 160 -227 140 -182 48 -646 -998 516 -47 -199 780 -1376 -563 -125 749 -359 -386 1126 702 516 -587 -689 209 349 148 531 340 820 540 837 698 510 -566 1203 -293 58 -312 -428 -36 -357 203 -233 102 910 -1157 -768 -356 1723 -173 44 -599 745 336 -795 -594 653 365 -219 1251 -193 246 -142 -969 133 -181 -371 631 432 -775 -429 -95 -1207 -254 -293 -603 1096 -369 -601 434 540 659 -90 1246 944 -83 -712 -1999 544 -68 666 -622 1331 -892 -116 1075 -133 -201 339 232 227 1067 -1156 -274 200 875 332 589 -69 -708 380 -1355 -123 742 -131 -913 -730 -426 44 -265 
33 -183 -322 133 1468 345 -541 303 277 -352 348 -541 -146 654 240 -824 -1240 248 2111 765 703 376 -241 -891 541 -313 -706 1143 1033 209 -520 1497 104 892 336 -1212 1249 -785 -547 569 842 -228 -783 -1250 111 -795 -519 1114 18 289 -552 570 -142 1093 -600 -408 1503 748 -314 -353 2043 1022 802 -891 1265 1119 120 1198 -911 -95 993 1098 352 105 1275 624 -787 1590 76 947 1153 1536 -89 -1424 40 -586 -255 -81 -689 -914 -538 276 -273 -444 -447 745 -682 -171 241 310 -803 1137 -334 139 -150 -679 -529 25 -305 -23 -527 283 765 -341 89 425 -276 120 -525 -445 -454 -217 803 708 -311 9 367 881 669 -94 -427 -244 440 1176 -1570 397 476 889 473 -16 676 -818 477 419 -457 511 169 495 689 218 1010 -89 -676 -252 -438 836 332 -1896 -189 841 -922 359 1064 -1499 413 -37 852 1220 -674 -597 1082 992 849 -29 -784 425 2138 -572 208 659 -55 185 52 -38 451 122 1048 -58 -57 867 12 -489 -247 -372 -592 681 124 -475 933 -720 1048 1028 173 1005 -783 -1325 -1120 -881 407 86 74 -1299 -356 -797 216 788 502 474 -617 1659 1808 -315 -340 -598 1430 -2097 221 -1386 1125 -118 391 -870 1850 -111 661 -952 -1131 -111 -269 655 395 10 259 285 38 -1110 -302 -280 -634 91 -846 592 521 651 -473 -659 -593 -1158 16 74 284 -1296 -84 260 340 -1242 -856 506 756 -262 -19 -379 -503 -138 -844 -832 -826 -994 533 -545 567 -2 -357 22 302 -462 -1666 -119 456 -1083 554 1658 -940 -529 543 85 617 -1957 308 -1295 -38 1501 -418 -330 357 489 -1059 193 -783 287 1321 -161 363 -1266 973 -965 50 -618 -894 -502 -538 734 -237 -1320 -363 -1208 884 -302 -638 38 2114 430 -1169 -459 -32 233 -854 -1594 207 -179 -443 -592 -340 -173 -311 588 -922 1082 -1058 549 239 -584 544 -529 40 -210 698 77 1071 695 803 -854 -308 -557 -76 319 272 -16 212 -928 774 422 532 -826 -93 237 296 279 -903 -386 -1553 -332 760 181 319 1567 415 -628 -743 -1385 -1075 -621 -713 -267 267 -35 -236 732 252 909 
-843 88 94 60 -816 -302 -28 309 -1066 -534 850 358 -883 -746 867 618 937 -13 -333 396 -1347 1762 -92 -446 610 -44 1063 -106 511 -511 -1 -143 -261 377 -128 -751 -474 -1318 755 -706 991 -571 -574 135 -201 823 773 -62 -513 -454 -431 -246 859 59 -614 1065 -570 143 -393 -934 -66 -998 -551 38 92 -501 -867 -341 700 680 -98 736 -315 -1132 270 -438 649 -353 -256 -364 117 772 1111 237 2505 -65 -336 -500 654 -104 -960 -805 288 235 493 -642 543 62 139 -328 93 -555 -160 -895 -349 -205 725 -133 692 -833 -124 378 -1114 -11 -465 872 117 1287 -1323 -1544 1138 1569 -1029 237 -707 511 -152 1038 963 -443 -721 -122 2007 -97 -799 151 -787 -269 104 325 604 -1072 -603 -244 -118 93 881 -1595 327 -93 -1318 -384 -621 -107 860 1566 -971 437 -566 105 -517 1111 -53 38 330 -418 495 -66 -251 745 -398 1062 1752 -24 1352 -522 1106 -473 890 197 -574 -93 173 -162 -340 -351 -139 102 1395 -254 890 -465 195 91 1596 -503 61 161 -290 333 -738 663 126 1664 -645 764 -127 548 -351 -733 723 421 113 546 -1118 -560 1310 869 -15 -924 398 -752 -35 -563 -31 1540 -555 -592 -1251 217 -461 -228 163 963 -311 453 1760 -577 -1000 -257 97 459 -1025 543 -90 268 -16 102 1686 -651 144 -600 -696 334 933 -355 189 20 911 -419 -636 349 411 531 915 1310 292 213 -1186 -678 318 780 1755 473 -138 95 763 -1075 -1115 540 750 1394 -373 638 -1940 -516 588 422 340 -1064 668 -791 -148 -10 -359 78 -587 871 1053 609 84 237 1096 -54 -696 399 -157 57 -161 59 -1564 89 -1069 640 399 -543 1215 96 566 -269 164 221 720 1152 78 140 1040 576 208 722 -1463 -120 389 1584 647 -50 -174 -9 -826 -632 437 350 901 79 262 138 660 643 -123 406 -166 99 -1028 -1564 160 904 394 -598 -229 -134 502 1581 -1201 1216 32 -1109 736 -1509 -205 404 1070 -1100 737 295 664 -176 -5 1143 1066 475 -368 -827 660 514 -545 -57 -1434 -355 -683 -346 485 -64 -349 -318 507 444 676 -633 -748 758 
-460 -1131 -54 -789 1054 -155 67 39 408 205 -967 732 91 -433 892 599 -507 -1695 1236 29 881 -1114 -185 350 -801 -286 -123 435 -738 378 -913 1029 583 902 423 -221 315 1205 -378 -560 245 -296 1541 907 524 731 -766 364 -414 -415 168 -1048 -540 1158 -156 471 673 -716 -516 844 -415 107 479 163 1657 -175 -824 -1241 54 -114 -444 261 1274 -320 -522 -374 -654 346 -741 -1442 -486 -665 1570 -1368 -190 678 -82 167 -1232 -62 285 -15 -621 716 -343 -1035 -9 -238 -7 -313 -647 467 -568 -386 -238 -446 168 18 -7 -1800 221 -230 259 486 287 -391 704 -205 399 74 -684 528 -832 -334 1518 -595 -556 -48 467 -110 888 -108 -64 1628 263 -404 922 -611 592 -322 1057 130 -231 -301 -704 370 -633 -221 -251 -5 1034 -175 1110 -1421 926 864 -596 180 94 -281 734 272 -574 299 -337 1444 -844 646 133 -1003 -853 1348 -36 286 101 178 156 -1457 164 884 1156 1028 607 -1033 -942 -707 -273 -266 120 -768 -383 43 165 22 1051 283 325 1404 196 973 -907 -220 216 369 -712 -516 323 -381 596 -1338 519 382 749 858 -697 84 -394 -1 762 -817 419 1239 -1192 613 438 -110 89 -1439 -737 98 -155 -381 -24 -892 1299 122 213 -290 -1391 117 -1001 531 346 358 -579 252 -412 -22 -126 -851 -279 -514 575 18 -627 183 106 -153 1128 -826 326 404 -1257 -677 -255 1900 -701 -949 6 74 811 -80 -333 324 481 -672 1321 -72 -497 -1338 985 121 258 865 511 -534 -129 310 387 -308 -979 943 296 372 510 -1840 231 1291 -304 -701 1676 548 377 -606 410 -384 -1109 1552 -102 1366 366 -465 -92 42 626 1008 561 575 -161 -431 -1848 526 -312 -186 198 -545 546 710 482 774 342 -790 -694 719 -473 1318 -2154 769 262 -56 80 208 -2139 -560 -443 -261 -75 1041 834 -1425 -207 -83 -35 -251 -168 -1407 -617 -1473 -1073 1041 -1346 546 176 214 1005 671 -523 -357 -202 -909 480 -59 -9 1139 726 -43 850 -76 65 -709 -1046 298 788 529 -391 -132 614 -173 995 -175 949 -1265 -634 887 -426 238 980 708 644 682 
-1281 432 60 -985 1233 438 -475 -828 -39 -372 739 -391 503 -87 -526 741 -1107 582 -808 -1534 -836 -823 229 1008 464 465 9 1564 1075 903 633 -1153 65 -562 558 -24 195 261 730 -878 399 -1087 -1936 316 -1204 419 -431 -603 -540 -262 471 338 -674 344 -487 -128 -2088 -608 -828 -204 125 -300 -33 1523 -370 -182 224 543 -674 59 -920 44 9 -378 -1291 -647 479 584 1758 -135 253 895 16 -614 1300 1038 -344 -1383 794 -1367 1029 450 119 1262 -158 -65 -299 1162 511 -240 61 848 -13 -322 381 1959 -168 -1075 852 265 881 293 -646 -605 504 769 662 -821 -1232 -974 -742 513 261 345 1000 282 -733 3 -674 -371 -527 -483 195 1166 1831 1533 492 135 856 -720 518 -965 -54 61 452 681 -19 1161 -149 -338 306 275 -924 -326 693 -108 1079 -551 -12 4 -779 -111 189 -205 -412 -5 545 80 -1285 218 -378 92 -394 1614 777 603 334 -649 446 104 252 994 1139 -930 150 781 -260 353 392 179 162 -902 -832 323 -1225 -740 126 -1427 568 -1065 1354 -446 -273 753 341 -50 -186 891 151 1797 -906 714 59 353 -1109 591 -191 -1113 -300 -157 -1541 -1297 -966 -83 317 1025 443 -1292 229 -456 -36 797 -750 420 538 -690 -1653 -639 1603 -392 606 -631 -2 476 -432 384 -14 108 632 996 630 413 -124 -501 557 98 -466 -98 455 125 -261 846 -137 341 962 -620 258 -581 -984 692 210 781 118 490 -230 -362 -546 -695 918 -121 -278 843 1044 -604 -42 1051 354 98 53 -676 -406 320 -377 -123 -557 -220 196 797 177 -279 -821 -878 289 629 327 2078 -842 151 -606 -169 -59 322 -1034 -73 -515 837 135 579 339 -113 401 -686 254 590 1104 -278 -557 796 574 553 -197 763 -730 218 -905 1368 -1053 127 304 -1266 -1052 -451 353 238 -1691 -316 -212 -279 -46 -1257 807 539 438 -1495 -311 408 225 928 759 -616 209 -421 58 -1102 1101 -607 833 78 402 -893 82 -190 187 -615 -253 -329 -416 -641 794 97 949 1347 1526 528 863 813 -181 798 -188 -504 156 885 178 286 -399 -1120 -1091 116 -357 177 
-336 -67 364 686 56 -51 -383 -1690 -641 -704 715 -247 -271 1376 -987 365 -950 163 -137 812 -257 -121 -132 128 1384 1471 -984 392 -270 -1016 2214 404 -628 -637 457 680 66 1369 1020 1108 428 71 125 -436 -1476 -393 -569 -158 -25 -290 -221 287 -338 -442 342 -535 1190 254 13 -859 -509 -917 -911 -537 1342 544 629 1288 -640 -406 808 315 95 -335 -129 -181 280 190 -341 -165 -433 -486 259 -656 65 -1186 1797 3 -669 607 176 504 -730 675 -633 962 -43 1811 129 182 870 1353 -781 -1091 -138 39 370 1004 -1073 -709 -855 -507 -41 186 -399 251 132 589 392 138 -184 -1034 -527 741 -131 272 91 509 433 88 -1279 -469 357 537 -746 689 452 572 -981 237 622 -307 -606 813 657 -251 -933 1742 489 652 283 -1 250 76 -896 -694 -366 -374 1200 692 531 -155 694 -379 1114 1010 438 -866 169 301 -192 -865 705 15 543 -440 602 -1824 225 127 292 1148 1330 491 651 416 314 -347 -719 -50 468 -1265 292 -57 527 1276 -207 333 990 1075 -129 -403 -479 62 -568 301 -246 -143 -557 -20 383 -661 -458 -418 1253 -13 542 155 248 199 -552 49 1187 73 1032 228 1284 80 352 329 491 -617 -425 -321 90 -1253 -682 -562 111 -1254 352 49 -344 -384 -92 839 -200 -585 499 428 553 -424 -565 462 -64 878 -825 -276 830 635 200 -194 709 -1126 790 -627 -1754 381 -1121 -580 537 330 922 -242 1187 -759 460 1096 -808 -167 477 637 -736 -392 1694 602 -256 -1120 448 346 -714 410 81 904 -782 824 582 -967 515 -237 -332 -466 798 1797 286 -1352 -407 -193 53 732 -1073 -19 1325 -467 -97 332 1088 192 532 -660 717 666 476 156 1481 852 -1042 -60 -1540 -861 322 -664 -367 1272 498 136 877 622 1152 1371 177 -290 -199 951 566 -280 758 -1932 1131 608 -962 0 -319 727 546 -727 -190 -162 484 19 -1213 100 846 534 1113 537 -865 286 332 -1174 866 -59 -275 -45 -179 -376 820 -293 413 386 -489 1144 422 -487 302 321 682 300 436 93 814 135 -143 1826 -389 -785 352 -176 -1260 -952 
-133 265 -683 407 -95 -770 -308 -212 731 -687 2 -186 503 222 1045 194 249 -1081 -551 -622 -1413 -44 1557 1012 99 -826 -1099 -715 303 -1736 -598 -733 -498 906 426 791 867 -448 371 495 373 2169 1644 -1024 224 544 -639 -117 303 169 1318 640 342 1240 122 247 108 -249 169 820 -393 703 -153 -485 318 -171 -639 -761 -1126 98 -452 394 -1106 802 -1116 111 876 -311 -81 335 -771 286 -68 896 -79 -144 1738 175 336 -112 -866 625 -331 610 744 763 -139 -288 446 -1423 102 793 -421 247 203 933 174 270 -358 -88 796 -1571 212 497 -484 -955 -1194 448 161 213 378 -647 1085 -320 -431 -1855 366 -390 -489 461 643 420 -542 1003 1332 -55 -61 1189 -36 -878 -1639 167 -1624 1102 -138 -986 90 470 -564 774 293 1273 -777 179 -1316 -112 85 -130 -1099 801 -73 -686 -146 726 692 -1269 -416 -435 -714 773 -122 -151 -227 -427 562 -128 -448 588 622 424 80 416 410 -215 -566 -875 565 -72 -672 227 71 939 -162 182 357 130 -240 -522 -1303 -1117 474 96 -1210 -856 1031 -8 226 -157 1053 214 359 -542 1083 -48 1228 -146 529 387 1092 1169 1130 1718 846 58 2 -688 685 -385 441 398 -556 1126 683 -453 298 -987 136 1027 55 831 -426 356 -5 -277 -1318 -524 -871 93 418 -596 432 -670 -310 38 -411 271 242 1321 611 877 -438 497 -372 -18 593 -238 -225 -48 167 -1754 104 -131 303 -1000 -971 204 1093 -411 162 -907 -346 298 -635 117 230 -245 925 1479 -63 899 -1410 278 557 1294 -569 -295 554 -1110 -67 -744 802 -97 -1003 524 -669 -513 -1139 1525 -6 212 -366 -97 -734 225 -115 -1338 -387 -1309 1432 -697 -1445 -442 218 -24 -6 84 -22 -1519 -787 -1107 -395 -719 -212 -881 -617 -2147 -421 41 -104 613 -270 -643 1003 -51 438 48 618 -193 253 430 -333 1164 427 106 396 588 193 -80 200 302 817 -2032 -449 -504 -314 -859 -583 360 -334 1903 -1469 358 -46 -856 -648 498 504 864 347 -654 -215 -234 -134 8 -402 988 -39 -412 815 195 -41 403 -1296 25 -944 -540 -156 1485 53 106 
-1621 743 323 -438 868 -769 579 -931 -1458 -451 1107 348 715 317 711 232 152 1097 69 318 -32 -1050 -1460 270 -58 -236 1245 508 -252 -25 264 -969 -308 975 327 477 190 1058 66 -1037 -44 596 -450 -1189 500 -953 -628 -90 681 -349 69 -210 -397 -641 -32 -163 -180 53 284 547 54 20 -209 690 6 509 -369 -286 360 -719 208 552 1029 -131 -104 401 -576 -929 64 -59 50 322 538 733 675 484 -81 -570 -486 -500 -336 -48 -1611 1119 -453 -426 99 351 1990 -82 1804 333 -4 -396 -35 1017 980 -154 -447 -604 -1400 202 927 -14 -18 -1362 183 -551 -640 -1031 -455 -636 692 -444 458 -1638 560 -11 1173 -962 1043 -781 1501 -139 1368 -591 -457 443 1483 203 1262 -890 -737 -754 419 -831 -392 -315 -181 45 122 245 -793 -508 1474 -85 1741 331 583 -340 -922 -1192 784 -311 283 317 52 1505 1002 -414 -1552 672 211 -691 52 -152 207 207 -445 104 -137 -733 423 -214 -97 307 -1297 130 -959 329 -609 328 628 815 -213 60 -674 839 464 491 161 175 -958 871 379 862 1580 465 -678 657 1531 -1330 -270 -522 -428 19 1234 -162 18 157 1134 447 -231 17 919 506 185 902 85 -203 -59 -265 792 410 -361 1206 1453 -93 497 -250 -825 -1110 -1041 1079 1388 423 173 756 -1283 616 -892 54 711 -658 -108 -714 1123 -550 323 1357 -251 1379 -165 185 -785 -679 27 -992 181 -89 56 79 -32 -1019 -87 -1380 146 263 -438 -146 170 850 506 -1153 124 -187 48 -376 1313 -1296 -562 -993 -121 752 39 -184 -1100 851 1038 -1120 -104 -278 238 -428 -1236 -61 -1900 -1164 -549 -314 -642 -760 -224 -1229 1457 -859 243 32 -862 16 -554 -548 296 -818 -142 -708 414 109 -573 1456 453 -234 -256 263 582 -733 -658 763 704 211 -326 213 737 731 142 39 -362 -119 805 -779 -686 408 735 -170 -280 -228 80 -882 476 -978 1254 -759 81 -829 939 -681 432 92 -630 -269 -657 -1012 -387 -315 257 771 428 -296 -738 477 -1758 27 -623 -935 268 560 -1216 807 903 -590 -895 1034 -119 262 150 373 -120 -44 195 374 
-1043 -362 1377 424 -217 -269 1205 -50 59 850 -930 139 -218 1010 115 423 -266 482 154 -731 910 -1207 -625 322 130 -869 1105 9 1268 1760 37 350 -944 -497 -313 -487 -568 313 -98 -156 -499 -475 -960 -171 -642 375 -356 -183 1175 -452 -777 -163 -775 1272 -1292 1364 -499 -787 509 339 -332 -216 -150 -404 1226 -320 955 734 -1289 -560 1527 1189 -271 1537 584 574 -1984 -660 806 127 -776 -1019 -507 1042 195 -777 -976 113 -1269 -17 95 534 -739 488 -140 1436 -204 -379 794 -523 21 -249 624 33 1029 227 -360 43 -1182 703 96 -603 701 -919 79 1280 -399 634 -394 468 -220 -543 40 -186 -97 -700 94 -30 984 371 402 -73 -876 -913 -339 630 -570 -84 832 -987 1268 -1024 1190 -570 1065 -593 -793 -932 389 -97 -461 1235 -346 -658 -234 -639 -1073 -720 -1489 -487 -825 71 -808 39 1269 468 240 -251 326 -2129 130 372 -131 -864 -707 1748 568 1183 1527 932 859 -409 224 32 840 -135 1764 -486 163 727 400 -605 676 212 -1308 351 -481 -90 -629 -399 149 281 2904 194 -777 -3 -335 -567 -356 1426 1412 -1019 -258 370 -510 -766 -151 106 -318 -616 -99 463 619 -287 -399 179 -332 -590 -1124 -1237 817 -249 -165 -479 -215 41 -18 -1070 1514 -674 -1064 -1123 -156 1775 -437 -915 618 791 670 192 597 256 519 -521 -769 -1528 -935 -721 344 1242 -72 -209 -672 -110 -1158 245 320 -948 -13 -423 -1382 895 866 947 304 -489 -685 -166 -205 345 228 98 538 194 -516 405 585 -363 903 -651 98 647 1119 -548 718 -191 350 773 -500 -598 527 1034 569 -512 268 694 -227 -319 -235 -191 -838 -1177 869 -453 -1071 340 147 845 621 306 1022 -330 -900 342 -729 -378 -455 -764 -921 30 687 24 -894 -1382 283 612 -879 -847 574 1075 596 -53 -878 123 -944 -1368 116 666 -342 37 2365 1148 682 1072 694 345 1092 -395 -492 522 379 548 -2 624 476 548 -59 168 -599 -1017 725 -575 1028 966 16 157 -929 -65 -402 -962 -1854 426 -623 11 904 -445 625 220 1247 1 1037 -989 740 778 -139 -889 -118 -1561 15 774 
-525 1414 -1190 1570 -1121 -64 -474 1955 964 -1162 -398 -419 248 777 755 418 714 722 814 336 -449 467 183 -612 -116 -524 -796 -641 -1267 661 -150 442 -213 580 74 704 -849 7 321 -1671 -891 -99 -1326 -694 -781 589 -735 850 -889 666 1899 563 8 623 -225 357 -966 889 -1491 -779 175 -726 -474 -671 -14 -340 1280 -273 236 -939 -83 107 -1031 -1111 -579 -571 -543 -916 51 491 -379 -677 1011 -658 -1211 94 140 1283 -1101 -777 -27 -341 -257 290 -3 322 -450 642 1138 -714 -465 -1337 109 566 228 -258 416 697 -956 -672 -787 713 -743 -883 532 -233 592 764 209 -949 396 84 255 -950 -233 -952 -110 1337 -663 -896 1253 422 132 -702 -1355 -569 -2125 -1312 -176 1144 -319 -1224 314 -340 -821 455 454 -784 78 832 778 -1509 -1310 -174 917 -96 282 -110 -462 1181 683 -717 -421 -168 260 25 1896 86 -249 278 377 504 61 526 655 552 -1177 1479 198 23 -599 -24 -65 608 -752 1444 -600 374 398 564 1089 -243 -815 -849 542 -549 187 -326 -1007 1097 -482 1178 527 202 -354 -740 -537 714 -797 338 502 1381 -599 463 557 -1352 -209 -1032 561 -450 -250 174 921 489 387 624 1056 480 -1732 288 -136 450 -72 61 -34 414 -436 -231 484 -1434 1314 239 -250 697 -197 488 956 -243 438 -992 -1533 -1110 487 289 -458 259 -298 -106 -336 381 -204 -38 825 249 1214 721 -1187 503 -596 -1224 175 2555 546 448 1159 -241 -294 -796 1104 502 14 993 1510 -85 -789 477 1201 -201 617 -246 628 941 -574 -105 1373 694 -146 618 -148 1260 282 1385 -105 8 -371 -373 2156 1287 -1511 -142 -1833 -1732 15 -780 -445 260 321 996 -236 -181 -1060 538 778 1625 820 308 -407 11 -254 746 321 -185 -487 426 265 -705 -1008 504 -931 177 -1085 161 228 -414 -325 -259 257 1349 -422 1050 453 -1507 188 -443 -1560 34 954 -747 -1381 -273 -434 745 -642 -761 -862 -1268 -820 -1247 -984 -1357 699 -822 994 -263 576 1631 -393 675 -811 -148 -581 300 55 565 -1037 550 -1816 1749 -718 864 -769 -163 -1340 623 -114 332 -34 -384 -280 186 
-857 521 289 -41 159 456 -147 -341 -650 608 -789 463 -696 -124 -164 -959 -464 -770 297 -711 -629 71 161 -301 -406 -64 -269 -367 1392 177 -667 359 695 -760 -419 226 -687 283 -151 -163 200 1563 27 11 1090 -2067 587 529 918 1213 -106 1091 -639 -358 483 -432 965 476 262 1228 228 1035 -145 -671 324 650 131 -269 340 -466 968 -394 -714 584 176 -606 1669 -16 371 260 725 -339 -1374 -164 -324 868 959 282 -357 -984 -165 -153 -938 431 1129 1400 515 -1238 -223 -978 114 257 373 -444 -57 246 -630 1411 -205 -147 -88 -1665 459 62 155 -522 557 -50 178 780 265 -470 1187 -3 1766 -150 460 -111 986 296 589 -32 712 89 -236 1385 1010 137 800 161 780 453 -383 199 493 -778 312 -33 265 578 756 384 35 -145 221 -151 -427 877 -67 1654 -1164 1164 -744 760 198 4 -709 -1179 -137 -226 801 55 -1342 -722 -1280 625 -355 208 199 -241 220 -552 -1123 392 969 1042 595 225 265 -688 580 -1310 -134 695 -380 -862 -528 31 608 878 -929 961 1096 -1231 46 -370 -605 1018 737 -107 295 -577 922 -135 -651 -931 119 437 -422 971 -641 -88 -367 190 -359 -222 591 563 -976 886 -87 -699 -188 -983 668 456 -419 306 1079 -508 -7 -429 806 -1055 382 282 -128 336 -293 490 901 -1312 999 1249 511 764 421 -1062 -66 -564 495 -295 179 -1004 -42 538 255 212 606 57 -471 210 352 709 1241 392 -213 -52 -550 -568 -826 -265 769 1215 167 -384 -263 1001 -778 1203 92 -780 975 935 41 331 256 784 1376 -639 -430 -570 -7 989 1155 -612 221 408 233 -44 608 789 568 87 616 -723 57 -1138 -518 1163 1050 -508 506 -657 472 297 -138 -440 -527 -219 712 263 324 358 795 -1198 853 101 62 1737 1731 -1168 -175 1122 -148 563 781 487 23 -512 -386 1223 439 -635 101 -1034 661 230 -683 859 622 771 1363 -509 -1164 6 -430 526 -15 -423 292 662 -324 491 1526 -313 631 777 446 759 1337 -747 751 242 -1213 -364 813 -372 -1684 385 -1023 445 -1344 356 -340 1244 -1105 378 939 -959 
400 569 1128 221 -426 -774 -8 54 124 240 -814 655 570 -86 378 -341 789 1237 519 589 -1542 -234 268 231 691 1101 -9 -484 151 1242 -329 1489 302 -24 -174 -789 610 1048 -750 497 557 -1020 152 -136 241 -1419 29 967 469 -401 181 -1362 -243 -461 921 291 -206 137 324 -278 464 -549 -232 -10 415 1067 616 281 -365 1354 602 1032 226 359 313 -329 -483 1496 -802 733 1974 -1 1772 -1273 185 -1156 -390 -333 779 -188 -1030 -836 510 849 374 213 -72 482 558 811 127 -199 -276 -93 -574 -900 -566 1947 1365 -1713 98 409 -567 -211 23 418 -884 -1456 -289 -2179 840 1618 429 -511 941 21 -320 2564 -674 -1796 -606 -396 1078 -784 -1289 188 -135 -99 -652 -513 -777 -445 1054 1512 -917 -50 297 1075 621 841 484 -391 -405 -993 -350 676 1365 224 -108 -355 155 403 -596 -351 -168 505 -124 335 230 191 89 1898 442 -369 841 551 -148 3 -1813 1306 346 719 307 -308 -600 257 696 1363 -117 -378 177 -531 334 284 -612 -1744 903 -651 874 -778 491 433 286 299 -839 41 224 -721 341 190 671 -434 1051 -166 -470 619 -257 936 -1523 445 1863 636 -729 -833 -17 -305 -972 0 859 495 1105 669 160 -1100 -322 594 -944 -655 -834 -1294 1320 839 348 -428 661 -1737 -825 -1240 -370 99 -336 1345 -37 -940 -289 392 1035 -1155 891 -382 -394 -910 -347 437 116 1727 1681 348 -330 416 -1269 669 -1058 -1467 -123 3 1299 -666 -671 390 -893 426 -97 369 426 499 -423 346 1400 -46 397 273 -726 703 -705 -840 -1032 -385 -840 76 609 1029 -184 127 -1508 -925 980 -627 -104 610 -1418 -469 231 -1268 1429 -354 -62 -462 679 -1271 -624 46 -1225 157 -60 -1479 -1428 -133 28 -288 -1018 105 -1489 -55 -568 -217 -1123 271 -1441 1490 383 -878 61 400 1663 -346 1026 95 44 2205 -333 543 599 -1009 -593 -164 -146 -855 -529 214 -641 -766 -435 156 111 489 -354 -1270 153 -246 623 -104 541 -75 -11 -79 972 -427 1213 1273 282 336 124 154 1837 727 -1389 -36 303 -1504 151 -34 1699 -483 -1561 -2 403 -870 -744 -10 
-3 136 531 1261 -797 -61 75 -635 -1763 692 -83 -1112 -152 -236 1415 -92 906 762 -559 711 917 564 743 1011 -233 -218 405 549 291 -778 -912 173 -867 -989 616 149 372 633 142 1100 -673 -769 -1021 272 251 -255 22 45 1021 838 639 -1443 949 335 -299 -457 -865 364 -707 237 -1553 487 172 -60 607 -963 835 -398 463 -252 609 797 377 482 -241 812 -1206 326 983 825 1095 -224 417 -237 942 229 -256 -591 -1074 -203 505 -884 -507 1369 -1014 524 -1341 -100 -996 -106 152 146 -1642 1990 -305 -793 -787 1085 635 -870 536 -678 37 -223 -223 170 219 -441 709 676 591 -1264 293 -1139 276 57 9 943 -175 -400 -680 -282 -118 -1487 419 1432 661 -1107 754 824 367 2011 968 1549 1317 -1671 407 916 -13 -243 -1345 583 701 -675 1315 531 1595 2084 1989 490 -498 -531 -389 -193 -845 -92 248 427 1366 561 -362 403 -447 478 533 1259 -1011 -419 100 -32 -715 658 -14 -436 329 1000 1158 712 -1211 379 -90 615 -808 -1041 -701 237 -496 -66 342 -286 1005 569 690 -821 552 376 -50 -219 -543 220 866 -678 716 383 -474 1037 52 37 459 -81 251 110 -862 -380 378 942 291 1275 -178 -1176 -40 -644 -345 279 1431 34 -1618 -1338 989 598 489 -418 -170 -183 -787 -135 775 -98 -477 5 -1213 1778 1265 -531 325 1534 52 -512 1112 -915 828 383 -635 -774 1757 -1388 -208 720 65 -218 -1619 774 -498 -246 1572 1225 -368 -1042 -119 -126 -803 -467 122 438 -501 8 -720 91 194 -371 -50 -413 -765 -616 -456 -716 1276 -276 -346 361 -1177 -419 -1004 -176 609 1044 -694 -344 421 -1119 891 688 38 -374 10 -191 174 -425 713 -794 2151 -602 1543 358 456 307 406 1056 -582 -889 213 620 -356 547 1373 915 1476 -12 592 839 547 -202 172 6 -588 -2457 448 822 255 -1126 -127 -690 535 277 -953 -1130 -221 670 -48 -797 846 -227 1086 -296 -342 -321 2195 1195 1109 -9 -68 -418 95 1164 -484 -721 351 254 -903 -376 246 -1169 484 348 340 493 -10 -555 -1062 195 -310 -169 868 493 -804 760 938 597 -291 724 
178 303 -82 -589 281 -91 -480 492 -909 1269 -214 203 12 -1455 -103 564 112 1990 -238 629 -366 -228 684 843 -136 -431 251 169 -736 -372 -365 -435 872 1450 993 248 -152 1387 -151 291 -1071 322 1836 543 563 -563 502 79 121 -580 -35 -289 -952 -953 66 94 -615 282 361 121 577 570 -246 -795 292 -47 560 772 345 148 -211 -20 -686 -407 364 -66 -674 -849 -1041 19 621 45 507 -1265 -369 -1057 -785 -195 -446 68 768 -387 90 182 -633 -508 296 -919 171 556 727 -1169 376 -708 426 1371 231 284 -254 -434 -183 1089 -273 308 934 -837 -772 -1285 137 -493 313 -875 416 1308 -708 -609 268 264 -165 -108 -147 -1048 792 -673 -746 -1074 493 -588 167 748 -405 471 133 -243 -169 298 1262 288 -575 380 -650 -673 -54 -382 -21 -337 -928 -535 -55 -745 -171 -666 75 1157 243 214 -20 -81 755 228 -135 758 -200 -818 725 326 -311 -387 512 -825 -166 506 523 522 -344 107 -1367 1043 -1266 -1066 1351 -215 345 401 399 -651 401 -1204 -622 -345 -204 131 543 -263 106 -2074 903 113 571 -235 -250 1098 -81 -23 -319 328 606 452 61 -582 467 1307 -245 1217 -767 207 553 497 -126 -616 -646 324 -244 707 938 1106 -932 275 -945 -1045 668 73 167 850 -402 953 -409 603 -176 -347 -511 985 159 276 30 -731 965 1018 497 216 -242 -48 -756 85 -338 1011 -527 -47 -156 6 -753 -377 497 -427 -209 -484 2263 662 185 92 -12 68 727 -448 880 1933 534 -676 -1734 -107 843 1087 324 275 -688 -397 -1320 332 111 -359 95 -444 -84 1094 549 1270 1087 306 -683 212 -1082 -1000 -574 474 963 527 -171 -931 -88 -641 -567 551 2090 -500 582 783 -1052 361 -865 -298 152 -207 687 529 67 -378 610 -1380 433 803 1017 -746 -752 -491 -1184 488 -1116 54 56 -547 1840 -661 362 634 -62 -349 -780 1158 608 687 -919 -759 -457 -226 -716 -1234 702 12 1169 1201 185 905 -876 -195 -1342 -446 -942 420 1342 -17 657 -671 455 675 -342 -1053 -810 -111 929 -322 556 -690 -416 -245 -326 -207 25 98 -193 -216 
285 281 -191 -574 -289 -883 835 1082 -190 664 -200 -681 457 -1275 176 161 -163 792 736 -145 -603 948 -413 318 -956 -1103 -1032 956 -380 -392 -390 -701 -446 183 1615 223 -122 -25 535 75 -454 -181 20 -859 -313 390 687 278 754 -553 1315 -348 1366 129 18 -2182 1413 213 9 -575 124 455 275 -144 -47 -40 528 -219 -1035 100 -1244 -553 1055 504 -107 802 543 -479 108 -512 -60 5 238 427 1052 887 -1574 1029 777 583 664 41 200 661 -866 -155 762 -73 -309 -323 315 -570 -27 38 -500 567 -441 -73 547 -153 933 556 -173 -387 -208 -535 222 -721 313 -403 4 -970 1575 -2141 733 316 386 728 -142 -846 -637 -79 -124 337 418 -616 237 568 -1016 -341 930 -1031 -641 -588 -248 -59 -179 -454 -936 294 222 712 -238 -1613 -347 -652 33 143 -192 365 -1199 761 881 238 -196 437 -286 312 1082 -216 -920 300 468 789 599 -364 -120 -396 -983 -1356 -712 -150 -355 390 635 -656 -986 1353 238 -436 -748 -70 968 543 -192 -327 2075 -169 506 -320 139 -1117 -1707 368 193 103 -393 216 -816 615 -1004 820 -736 -152 -56 417 -922 -488 -1524 -680 -405 -63 -443 -1097 320 -197 -856 385 -983 549 -338 -30 -1071 144 61 104 228 -332 699 -189 423 -557 398 237 -35 -113 -104 -450 -822 477 -312 -368 -53 14 -135 222 -1248 762 -370 322 1558 18 1200 -78 -109 -1504 544 -575 177 649 829 1009 823 112 -827 -116 40 514 -146 809 298 -380 -1383 -679 13 -4 -953 -388 744 -1424 -684 -120 373 652 -773 339 -161 -400 1108 642 -97 189 -309 65 1072 463 -729 -664 1076 447 314 -1217 -441 -160 -233 215 -166 -1041 1005 526 -20 -1535 -616 1290 -1328 782 -525 965 -584 394 314 -228 2752 911 336 549 -632 387 466 63 585 -428 -495 -781 578 -432 -373 -245 -320 1849 -783 -920 1144 506 547 -136 -375 -302 1111 -387 422 -679 159 -385 586 313 1293 395 -740 301 -278 859 -230 -194 53 499 643 94 223 266 84 803 -713 403 5 943 -856 10 -303 -1374 -124 1375 1080 749 13 853 -1190 1388 112 -121 
478 -1678 407 -276 -259 1097 -928 -649 1946 1885 -4 848 -2630 802 896 -163 -171 -476 1018 -290 -23 -264 488 640 -58 402 703 155 305 -908 243 493 -1265 -53 672 -1573 -102 -1313 -787 966 20 955 906 311 63 -933 -51 -547 395 -882 -125 -553 -327 -196 -269 -338 -924 604 -502 222 -650 -1735 -846 97 -335 -662 -327 607 -173 816 -1685 -1176 1045 -153 -816 -55 436 -790 -250 -296 -618 -173 501 -196 -340 1003 -417 -346 -108 -305 -256 807 1240 -1129 -973 -223 -1321 440 -678 694 1179 -590 -132 -868 152 780 201 387 216 464 -156 -220 -700 361 65 77 -966 -869 -1966 -466 845 -323 147 270 18 1086 -628 -316 -35 293 -12 469 -449 -899 -527 -608 617 -398 1026 595 10 -1477 -210 -989 69 -122 -291 -1089 -610 619 -480 1295 1092 -13 -982 -1094 -33 988 780 206 -429 368 591 876 1091 -744 -357 1391 -55 644 -955 136 229 -644 1080 -392 -1064 -1221 113 167 -440 496 1213 244 154 -953 1167 127 -249 -173 576 288 65 -201 -403 459 -617 -2062 166 356 126 127 730 640 514 450 -1436 -1172 13 -156 102 1182 568 -1190 837 -509 -235 -96 290 -324 277 -1624 1581 -494 -607 1166 -200 -79 341 -679 1048 -481 -640 -851 -26 549 81 -485 500 872 -761 -614 -218 -459 598 -1019 -349 -1077 129 30 1438 -589 -1530 -277 199 651 280 246 748 -1408 412 -434 -886 770 -1176 1284 -186 814 -802 -955 47 -317 368 -950 523 -915 104 -1296 511 -443 -42 -307 -1157 -779 1325 -216 -1394 -1117 -593 268 1194 -1336 435 -423 983 -360 888 -269 -443 -858 1464 97 -817 -256 -216 550 -149 245 589 1658 129 -184 -236 144 66 589 -290 503 695 -242 -448 414 741 -1187 982 406 569 -580 596 -1263 364 95 -42 -375 403 1003 53 394 1140 -536 233 1350 -491 -719 518 263 -399 594 625 -142 -940 -676 -684 -141 -917 -206 -1124 -376 -461 495 224 -261 -515 562 1128 838 309 489 -499 -491 -400 -1215 -694 629 342 642 -1441 -503 626 -716 354 -37 -448 -696 12 -298 964 -687 -469 -196 408 -604 435 -1756 -801 -1697 -811 -1107 207 442 
-1014 -778 729 -272 -52 450 86 -1019 -276 272 -387 858 -2119 403 717 51 -954 468 469 -313 -351 -679 -980 -1336 -583 -514 358 467 -391 -468 1819 385 339 -248 67 82 -1071 186 -43 -170 -253 -187 572 409 -341 -524 -291 1042 1352 -152 1031 1367 1140 917 -1153 -223 -941 -1272 1004 -601 -778 -1197 -451 -326 1407 819 552 -435 -1347 -451 203 433 265 105 -166 -733 455 107 145 221 -348 613 39 431 -359 764 309 1411 -676 -1381 -825 306 717 277 161 -616 -1416 -1243 -594 504 1453 21 -787 -863 199 519 -122 579 -953 184 344 250 -915 693 175 76 -446 521 -298 981 925 476 29 -559 -613 -526 178 -417 -582 312 1002 1359 832 -334 -832 -252 265 376 1031 19 633 -747 -596 -1111 895 164 191 -516 315 274 -56 289 926 -495 32 -856 436 -52 1437 536 534 599 52 -662 976 -24 -527 -423 281 516 -22 160 288 1058 -1229 140 1 527 -28 1281 -220 -459 718 575 559 98 947 -793 359 116 -1110 961 824 203 965 -228 658 170 763 465 349 1114 -605 217 385 -529 19 -510 -860 -1133 -1172 719 215 253 -1642 -796 -1641 -902 1084 -226 215 -2183 1156 985 -20 345 -1140 -920 -1522 -1182 1154 1380 327 -548 -1459 50 726 -254 -101 -28 -447 391 -884 -236 507 -957 -1537 909 185 359 1013 -556 -1712 -122 -190 -809 -574 418 1192 424 752 180 218 482 71 239 -105 113 -283 -202 -1410 -72 995 -381 197 -978 351 119 -1039 -850 1042 726 -1148 635 172 541 -662 -698 1286 7 72 1846 -28 20 -595 966 -962 -322 -1402 48 -165 -898 30 56 51 668 329 -1177 1393 397 -567 -972 996 389 588 -1579 304 250 1309 -65 392 -678 106 -658 -26 -269 -802 -353 809 344 -153 -290 3 72 1000 961 -253 -289 -69 348 582 342 -649 -614 -191 1382 102 -533 -721 714 77 -693 -11 -1372 -64 675 -411 343 900 501 -3 -904 535 753 1128 334 -228 -318 -260 -588 609 -317 -1190 -478 -922 -943 -344 567 78 -785 -515 996 -712 -1162 -70 -133 -1725 484 -283 -22 148 209 763 1283 409 -160 -410 838 -528 -715 
-720 312 -1305 -122 146 863 -1809 650 309 1500 1294 1524 -206 -747 414 -342 811 -7 -124 -264 -820 -136 1564 -1338 276 -227 -56 182 187 -135 329 20 947 -1 638 -1478 -260 669 -57 303 -374 509 -988 399 507 1185 172 164 146 -112 165 751 96 -412 1132 377 121 1585 -143 -163 -328 -425 -308 -949 -623 -617 -781 751 -790 190 206 -368 1713 178 854 670 157 1385 1310 -472 749 -1145 -1008 -2234 -526 193 -308 697 -138 345 825 840 1140 781 1177 391 173 -420 -707 -1437 -2012 221 289 1067 -771 527 777 1162 1074 -790 357 446 370 1514 868 836 -135 -928 1055 133 -215 -34 -47 32 -197 -936 -247 400 790 508 -547 -782 488 -108 -1275 453 756 385 -998 -97 1004 50 877 -305 888 -319 26 -1647 -1057 688 421 720 -364 -43 124 709 -1233 221 -5 -748 -347 -109 152 97 309 -146 190 -576 -721 445 239 1189 672 -752 368 -212 -591 -497 -13 -11 -361 377 -336 25 424 -568 845 244 -86 385 877 501 706 -556 -749 -949 888 197 533 -1494 554 -489 -682 -1482 611 1368 -662 -166 908 894 -788 -546 -139 782 1082 612 -12 -412 -469 363 335 464 -100 100 -147 1653 1957 -352 434 -424 -574 -963 -559 134 -155 -328 135 321 374 -251 30 363 247 -216 -618 -295 575 295 1214 417 -438 276 203 1244 -304 837 -224 -623 -1445 744 170 -117 577 -686 -55 588 521 888 -18 664 1180 -232 668 455 -735 -2004 -213 -651 -128 433 438 -35 -368 363 1476 599 648 -534 829 639 474 21 325 36 -194 -18 -76 -911 1658 214 -818 316 656 1469 969 293 -1113 -1346 143 231 -267 185 -587 -488 527 -165 -855 -688 328 -497 -1620 1428 -138 686 -776 -45 -26 31 -1047 -928 1148 171 12 533 -1595 -589 211 -1636 1666 -479 -380 -1197 -1222 -952 -120 381 707 331 1085 -683 -465 -622 -797 -692 1518 257 22 530 -634 37 -1006 -1155 -14 828 288 -332 177 290 -102 53 600 290 865 256 -644 -470 -490 10 -77 -162 -1228 -987 348 -351 -582 -1183 122 -1208 782 -262 538 633 -523 -1159 758 389 521 1055 -106 383 
-866 209 336 -385 1039 -454 -673 -233 197 -1234 510 923 87 187 530 851 812 251 133 909 409 -37 -242 -137 486 52 326 33 -229 60 -228 -527 -343 -62 -482 558 1084 445 -573 -938 -541 -164 359 -771 431 132 400 517 162 464 416 483 21 -369 -385 -490 57 -50 -699 256 1003 858 -1058 372 664 -1061 -1514 -557 -776 -909 322 -253 1476 -17 -610 958 -758 361 -176 -13 1210 546 -262 -458 -508 -77 1212 1063 812 -865 -348 618 927 58 -273 -155 1037 -1351 1337 745 -1285 -1556 98 1086 -707 750 -51 -72 -530 9 -1257 -581 -666 -234 260 64 146 -507 -145 -919 886 247 355 208 -1198 -818 492 -283 -325 1615 421 297 40 206 6 827 -639 447 -649 -453 608 -91 -627 1541 -316 664 788 -1182 -1274 234 125 -1060 -465 975 -602 1629 826 -249 -174 828 -1206 644 -922 -1008 -636 185 -398 951 -250 -17 482 -140 -310 -793 -234 -908 -391 80 344 -489 586 312 834 -70 -755 -891 -17 -377 8 -1133 -229 -1013 -1152 2322 146 -255 487 630 159 -615 1147 769 -479 1065 942 -239 -472 -1108 423 -152 504 -16 -111 -417 -681 40 503 -221 316 653 -509 6 725 -461 -573 -484 -512 -1308 -2 363 -651 -837 365 925 -207 -49 785 32 -53 -400 610 377 -224 1 2196 -540 313 -1096 78 228 -126 -158 -593 1927 -520 463 1267 -525 785 63 263 669 -1074 -615 -14 132 368 1478 1686 243 181 363 -958 -140 -573 -567 982 205 -778 48 -403 90 -35 1177 -347 -890 903 620 263 570 617 636 109 -327 899 183 627 -486 -217 576 -32 -753 570 1347 -1032 -85 -345 -1324 -746 227 22 -7 -1295 285 1027 -693 300 892 288 282 -97 147 -541 526 -6 -682 -361 450 -227 1171 -766 -232 -161 -591 102 496 -554 -467 -1874 898 -455 -442 -1194 837 406 -354 1551 -5 -561 836 126 298 776 -640 -725 -573 -141 549 1124 389 1133 757 -1618 -932 -500 -409 1059 -1249 -446 54 -263 592 -438 317 1063 1151 686 165 664 160 -865 72 -1018 -134 -1177 150 -670 -232 1017 -1514 -238 654 -433 197 -859 -685 -791 -429 950 134 
943 -765 236 -869 338 -291 -204 1110 -549 -742 509 339 1476 -82 683 329 253 -864 674 963 -709 -198 164 -224 389 -77 -756 -468 -879 -597 -543 158 -719 -192 159 -887 777 -559 104 234 -1099 -171 -40 364 583 -236 -606 -1072 -7 -302 -169 -253 546 732 -1173 303 -1439 -1241 -273 -1061 583 -302 1011 440 55 -842 152 -648 1011 626 -497 -165 1068 -298 -66 -1060 -276 -79 -1397 -443 578 -56 984 -29 -1672 -899 -631 133 -192 319 -490 -1147 1088 1669 -624 176 -351 -96 -31 531 -1073 -1164 287 -41 362 -391 672 -385 313 72 -1454 -343 309 313 -92 978 1228 -245 -236 947 -138 -425 -394 -4 121 -259 -1318 -425 180 -441 -417 -1001 -788 134 -305 638 -423 98 490 1188 299 -165 912 -1016 -64 -1047 104 -48 -1924 -56 606 660 571 -209 -1272 -617 -1131 -25 -10 -763 657 -188 117 -392 -650 -628 734 63 547 98 -129 -296 386 -69 -1769 -138 -747 -760 871 674 766 -290 -345 -249 1451 -956 45 -120 -200 491 -1394 603 -696 -349 129 61 -807 -369 497 418 -876 531 383 45 -1012 1359 -40 104 613 -984 -109 4 -133 -676 1401 -316 361 765 1162 -241 338 1426 -669 -708 -185 -247 -190 119 -343 581 -301 69 -588 -731 -104 1730 -79 -439 107 366 602 49 -1233 394 590 -687 -25 -481 1365 -411 -1062 -573 238 -303 128 187 195 -336 -936 -306 -629 363 553 418 -789 -231 690 -469 61 -226 176 -352 -329 -230 1272 1202 598 1632 -65 -747 -633 -264 -546 1241 -916 -532 -491 177 283 355 -116 302 -918 -1045 922 475 449 -1414 363 706 122 -94 600 384 -252 311 -842 760 -478 -1639 -627 422 -491 122 -714 -26 -580 -28 -824 -660 -462 -426 -1381 -39 -2488 979 1032 414 1412 -129 134 -327 960 -137 1009 28 -416 238 -5 -420 -868 1539 -487 -523 -36 760 1193 638 -317 -27 40 -1037 -534 114 -307 1432 -230 596 -1257 -603 211 219 619 -500 -1251 320 478 -448 -489 1062 -1416 241 334 964 -558 -519 -173 526 -462 872 -1111 -715 85 -1486 -118 -300 370 -100 -730 88 -809 109 -190 -405 -650 -96 1053 222 -519 1719 
499 228 -656 1529 83 -276 1026 -549 -523 -399 558 714 -408 421 -472 -716 1294 -14 1371 102 0 302 167 531 -90 719 233 231 -772 -1105 -1035 792 295 91 -26 -159 -571 -442 -129 -863 514 -1370 111 956 2170 -377 -1089 469 475 1266 99 777 -1339 198 87 1569 1173 -1311 -326 301 36 63 -176 -1206 295 1024 -213 -217 -747 652 -365 1140 -514 958 -2128 -1145 -1733 108 305 1014 -322 485 987 -186 210 51 -374 -630 91 480 -588 740 -494 448 774 -994 -331 161 977 279 -301 486 -3 -464 -1052 164 -91 -296 1663 528 -186 -988 188 157 -75 404 -447 293 -1 1890 -213 464 -167 -154 157 -499 1552 -1291 -693 327 1105 -509 -677 -1102 -171 -346 -1039 -730 -361 274 1008 118 -447 324 -53 -1192 1168 767 535 -1167 126 -493 1022 693 -143 370 1423 481 137 673 78 -542 -1424 -823 78 944 1649 -564 823 36 702 480 -980 -1245 24 -757 -399 704 -685 -1012 -437 645 -694 466 391 1011 -608 -755 -1801 963 149 -618 -684 75 461 380 -752 -931 -1135 111 -397 -319 -86 548 -234 78 -734 275 -61 985 -163 -1081 361 337 -307 195 -396 -1352 -634 10 840 -58 -215 922 -114 -1078 1391 988 311 520 116 -349 -1094 254 2799 -148 -945 275 1266 256 750 -1237 -674 -292 -1052 527 -477 -664 501 -124 411 919 978 248 -520 -926 -804 -1191 854 -484 -525 1119 -1284 -562 323 213 88 -563 -947 -662 98 -559 809 -572 1219 361 -252 -962 -714 38 -207 127 134 95 -291 608 -1006 -600 -648 445 -1021 514 -1285 482 676 252 425 31 -1022 990 1013 -958 476 765 -298 -1172 -149 214 277 -488 1594 797 -69 -128 815 13 -498 -1041 -623 982 -623 2338 -979 -729 908 786 232 -354 -107 176 1055 -1205 -458 851 -800 618 -279 -457 359 1118 -1669 -852 -1437 -1226 419 365 644 -427 -571 -1556 2186 -1305 236 634 -689 -447 128 552 768 84 -751 1070 68 -460 -963 -909 109 889 1316 887 1117 -837 1663 1648 1337 822 -65 -1201 965 -353 635 2105 297 430 344 -9 562 215 601 -549 -747 -347 -1087 536 504 652 1047 -109 392 237 
351 270 1046 157 223 730 -617 -211 -271 424 -1153 548 1363 142 641 248 280 608 82 -1172 -2 -1054 -63 298 124 145 -933 392 -1169 280 -435 81 1410 -803 -1337 631 -1132 25 545 396 111 546 1163 196 -1095 956 -164 130 240 -1096 783 -1161 -175 -310 1356 289 -58 -971 -205 197 -804 691 -528 -652 -188 45 150 -33 -752 1082 -281 -822 14 -1027 46 -264 -960 240 516 -649 209 188 -362 -1284 -1175 -432 -640 -969 -1039 23 664 -883 -99 -689 -197 -71 -180 457 478 330 -33 558 1119 1068 -380 175 -512 1428 -201 497 -193 1854 929 1540 670 70 -68 418 -1160 362 707 -297 -34 158 -474 -477 -1069 794 -362 -1237 663 -346 23 824 119 -176 833 -303 119 609 -1383 -1055 -427 415 -408 -614 -587 -529 -103 -613 1272 -228 531 -1528 -194 -1300 200 -598 162 -1331 140 502 -104 1005 -179 -1092 -1123 -680 1640 -481 -895 1066 264 -425 222 -1098 588 324 627 907 650 13 -795 311 788 -24 1700 -421 39 -245 272 -24 263 -399 1481 308 719 -1326 57 -14 -313 585 497 622 1140 1022 35 -1417 -544 931 920 357 177 -803 1817 -601 193 1404 -1016 -609 306 81 1107 -33 -126 20 -437 435 305 -334 -1472 1178 -533 390 393 1056 -1553 1020 -1971 -53 53 -485 -429 12 461 -1323 721 -752 400 -1060 936 -22 -303 -701 -491 -121 209 -887 -1531 -394 413 -207 108 -347 -701 481 -98 -2041 -125 649 -867 -107 -821 -11 420 682 604 -237 -598 -605 -896 527 -4 578 887 -666 -325 -837 -691 -478 -103 -557 333 -588 -1239 185 -856 -505 -937 -598 895 -400 -495 100 -591 551 1452 -795 585 -338 -889 -690 -876 613 -545 1822 -984 515 -219 152 -90 -333 1372 350 -679 515 -77 930 1091 111 -1539 -455 649 468 -905 -57 -599 -172 542 1372 240 112 381 -662 651 1095 -335 658 407 -1262 1616 220 322 413 885 -250 -863 338 -455 203 -808 -1217 608 553 -1778 1128 46 -601 99 1154 72 405 493 -652 -710 213 467 904 -191 -344 937 -626 -1329 557 -901 -565 242 -391 542 -404 -111 1127 81 -363 -742 -408 303 -813 -328 1072 
41 -680 765 -501 -360 -56 1267 -136 -364 -264 1095 -1014 -6 1026 -256 -365 1328 -493 74 7 313 -838 -299 144 -878 298 -155 -456 -735 834 -922 -1190 200 -1292 -198 -70 -21 -36 600 245 1042 1033 395 -449 -211 781 -1449 -112 136 1264 -1015 -323 -110 576 221 -547 322 -311 303 -533 530 1662 498 993 -1652 -408 866 -42 414 -1791 1089 -359 -55 566 289 836 954 1009 -972 194 -532 124 642 -275 1424 -990 164 -957 744 543 -402 -978 -260 -592 433 17 -447 -1379 407 -960 129 691 1482 -572 93 -416 -532 1462 -610 -925 -1543 -1543 -240 21 -553 476 -229 -1223 343 -907 -1111 699 -221 1694 -598 523 183 -343 63 -1525 36 147 -718 -243 -731 -1285 -341 -1392 173 -600 298 152 -434 841 372 211 436 523 -1166 -578 796 805 -1276 -51 525 -170 1097 895 541 -144 -458 -209 -83 -91 -107 -1441 -88 837 993 767 -1346 375 -187 1419 -489 45 -918 673 -110 1029 -72 78 298 -404 838 -366 -573 264 576 249 -1281 -787 65 -762 513 -475 792 -2245 -218 73 210 -1044 -4 -608 164 185 -520 -679 1806 -329 -1320 -347 313 -167 55 -109 2100 -95 103 598 -277 -154 -353 -58 141 573 88 -6 569 826 -417 528 284 -364 -136 -130 486 -4 200 147 179 -462 -980 542 -383 356 890 391 -415 -34 828 -862 106 142 786 601 -563 -781 -773 282 -474 -26 249 -205 83 -415 992 -1013 -529 721 -442 109 189 1290 375 1743 -1016 -667 -843 -574 558 119 1729 912 -872 -1123 -560 1169 -53 281 1161 -490 -529 1525 475 -1142 -125 134 319 738 1016 377 1008 279 -417 500 954 -1080 1076 375 186 780 -1009 -999 -1218 -115 326 -602 293 -561 -345 -316 -507 62 -84 -1063 -620 -1397 585 -460 -1393 908 -670 -748 -1287 -32 -367 19 -493 223 -616 -387 623 -22 -262 -592 -613 -28 -1009 -468 1289 -268 115 -1858 -1147 1026 148 134 323 -90 454 345 172 2325 -46 75 142 1228 -13 -913 704 237 -117 643 1278 277 -280 -1457 155 269 583 1475 198 846 1314 107 -144 420 1117 2335 -676 236 767 -964 72 -236 1196 68 -763 185 
1214 -1425 -360 -237 -740 564 780 -1122 598 847 8 1255 333 -146 1120 -254 -525 -554 702 -84 -575 -100 236 164 -417 -701 -893 -805 -1784 368 288 1291 -365 -964 979 128 -83 490 1138 -1053 -657 286 799 242 -276 -784 -395 487 126 -667 1156 215 173 953 508 -749 -249 742 -289 -320 -297 -1018 429 586 -1842 -656 307 116 -434 359 -197 551 1409 1485 40 -13 114 -78 -942 -347 610 328 1132 1582 931 624 1416 1298 -964 -989 -612 235 -643 1065 617 -993 853 -567 -680 -1244 552 22 180 278 -936 705 897 434 106 -1657 -67 -1400 557 551 -1193 -1067 338 828 -115 1171 929 578 -194 -983 713 -58 -315 393 600 289 -1797 -523 -24 423 -1006 1252 506 527 -244 970 1295 608 639 -449 112 -1162 762 -321 521 505 797 -363 446 -11 -113 -372 -310 295 825 352 -887 -1284 306 -353 -43 -514 -662 -608 -586 -64 941 89 -764 -330 273 -555 35 -65 143 -647 182 463 51 704 803 121 -796 -458 693 -234 646 1440 579 1079 -119 -676 2751 203 586 -961 -315 1488 2 -809 -186 -308 -65 714 209 92 150 332 -40 -195 -719 448 776 -816 -544 485 -199 289 -390 -632 -56 964 -966 102 -728 -235 -662 -286 -271 595 1456 -666 -1208 -76 273 491 314 1043 316 729 73 -1170 1024 -784 199 229 -284 -733 -261 -360 -101 951 400 1058 407 400 149 1054 1319 455 31 656 -733 20 334 434 532 541 653 -1062 983 -169 -558 1511 577 -743 -288 -1231 -67 329 321 751 -690 -599 -868 405 -1156 770 -312 -296 451 -1104 601 158 543 752 -539 453 321 1328 837 166 -928 1200 -675 -79 -270 1355 457 104 1795 315 -179 -49 -245 -481 514 693 141 467 -266 66 -747 258 391 803 -376 400 -109 263 608 -894 1533 657 402 1278 276 -1087 -394 -621 374 1501 316 231 369 6 -1502 -329 -677 -1010 896 543 1048 1072 -829 88 -1110 -453 570 536 -676 -316 -157 -1697 -906 849 1099 398 -687 -170 -352 1370 1434 -782 376 -849 372 29 440 -266 311 1121 338 -198 704 365 551 4 -109 -390 793 -392 230 -273 171 354 
133 -136 622 341 655 1306 -24 401 -467 -640 864 100 -563 409 -603 824 293 442 1119 -699 1112 329 1169 762 256 200 -643 -156 -1668 -387 -1051 -145 -841 -953 1262 -1203 1388 -232 -420 76 892 -832 691 1195 486 432 -118 401 126 -236 32 1184 -680 -2353 -402 -534 -97 -101 -920 -124 61 -309 186 -525 -1614 -203 -689 -349 -803 -244 487 -9 630 429 850 76 -626 594 -561 605 1037 -588 705 -396 283 -233 -1878 -697 -1276 856 1536 -143 -173 -741 873 520 -957 276 600 -150 92 -431 -812 -686 330 983 -945 646 239 -679 -2 195 80 57 -894 -737 -684 842 357 -164 369 84 128 131 -52 752 456 -1037 1246 -516 749 821 -605 -709 279 788 47 -1645 -361 133 139 353 875 101 -782 38 1204 -427 -259 -290 190 -372 1187 1027 791 -810 -896 -248 1056 -856 -236 421 276 -584 156 502 -1199 -1008 319 -515 -613 303 -240 -989 -932 -508 -1321 -119 -527 326 -102 608 277 643 615 655 1361 613 -756 1469 -578 -488 -540 -621 -993 -368 -224 183 309 851 -1031 -393 -448 1219 -197 -403 40 -325 644 34 -438 -131 -314 -1256 528 1739 -534 -410 453 616 52 -943 32 128 -434 -458 888 270 931 -617 15 -643 997 -272 1143 525 301 -1141 1373 342 -757 228 -749 -157 501 -89 132 146 239 -1036 -588 88 52 -101 684 849 -582 -898 -704 182 -990 -53 713 -218 -702 245 -28 577 785 155 297 843 -1113 140 -247 -466 1289 146 -925 -551 1139 430 100 216 -953 942 641 329 -393 -586 -398 269 -475 -776 539 519 174 945 201 1665 1867 -36 -176 -421 -285 -682 404 336 559 -23 1080 -946 -263 1162 -724 173 743 415 -340 -1118 -1221 -237 -226 -22 -795 -721 506 -188 -731 -1063 28 325 -28 1309 -1208 288 990 344 -580 118 95 -998 154 -763 551 -208 398 526 -488 -118 -680 -1385 -536 -569 35 387 -837 258 -239 890 286 430 260 -470 151 -198 -344 -277 1246 -365 374 -43 416 -237 331 345 -629 -778 -505 -334 862 -940 -363 820 93 -14 219 -1054 486 -642 -496 -66 448 -641 900 -45 618 511 319 -349 
-757 405 1919 -1004 -97 -1219 1007 542 -70 -42 -1538 -142 326 1254 1262 -256 27 -322 -1134 29 -32 -4 -1854 -358 -1350 576 218 -878 439 873 -735 -517 185 -93 -80 1092 -856 -562 -55 -161 113 -471 480 673 1479 -182 -1452 461 1116 -65 -370 -1605 254 786 1045 29 -1171 -680 125 111 232 789 -165 344 373 215 727 871 -410 -1441 -274 231 835 775 812 -820 -178 32 -923 1262 107 709 -24 -58 373 -539 -303 -541 141 1173 -705 -712 1070 1190 319 -247 -1029 390 -1671 565 -1630 192 240 -1534 -655 1 131 -951 461 566 -516 526 18 -1011 -597 705 -466 207 -1111 -41 -1271 1728 -117 -384 -624 364 -456 184 -266 277 -588 95 -141 98 -1414 -252 458 -456 -299 -444 -717 -441 1790 -985 466 35 -324 -1194 -217 -490 -364 -739 268 192 -889 314 -558 722 -1083 176 0 -578 -1360 195 -166 86 1385 872 317 1667 -619 -771 203 -184 -147 -384 -223 64 -357 -194 893 856 -82 -326 545 -458 -1222 -763 1092 287 -961 -221 1702 540 -1492 -237 -1356 -975 -784 -318 -252 650 1254 -558 -620 1246 -284 -667 -890 425 -195 302 -137 77 -64 309 1582 175 471 269 -585 -889 -1135 -1304 -624 1311 776 586 -66 361 -504 -1001 -185 260 -756 -270 -477 1181 -166 1432 946 -709 587 -453 -245 184 990 -40 -849 298 163 -255 694 408 -694 -1495 334 -324 -296 -288 399 -616 118 49 196 1516 1654 -473 -705 -337 109 372 -572 570 -249 -348 -47 1127 -36 229 291 -669 880 -558 985 2 -1712 -1177 23 -621 -172 674 61 562 -301 -637 -947 -715 -11 579 -327 -575 682 482 -545 -359 602 407 866 -93 -102 821 -836 -898 -902 635 -167 -89 -660 642 1538 164 -586 -888 725 -770 -568 -383 -603 -881 889 -774 1204 -1174 -707 656 -320 -108 -32 -1100 -443 1977 1771 -594 195 -7 -1055 981 36 193 1730 -101 308 441 -150 478 483 427 -394 -310 -233 1440 -400 88 62 -272 481 439 131 -247 293 -49 189 79 1088 -296 -164 -489 2054 -2436 494 751 -681 -229 -211 -478 198 980 71 -566 1340 586 420 -690 -31 436 375 -1150 164 -597 
-422 -109 -1299 -1026 13 -333 -1450 -369 -382 -1058 767 -535 -383 -165 -349 651 -534 203 572 768 407 -616 -299 -840 723 819 454 620 127 -854 -296 296 -213 -88 -218 -239 438 -729 -1006 -305 479 303 839 -572 204 -131 -980 -680 -858 -1717 138 190 -581 1446 -544 -283 -336 -1111 -1085 430 -892 -317 469 -950 -1162 -123 232 -790 513 -330 256 974 -937 -255 -23 539 -709 691 -271 -102 135 -769 -1595 -494 -110 -416 1156 -898 336 -3 -98 306 -614 -689 -177 112 907 -647 203 224 1173 -128 584 1012 -591 -256 -247 -806 -495 -636 -42 556 665 -701 8 -633 203 -96 -453 119 821 -765 -341 736 -366 658 -147 898 -1012 277 697 -578 -971 -575 -768 313 -449 -815 697 157 518 -409 1183 946 198 -108 293 786 -356 2 -1168 -814 -377 250 473 627 475 454 -521 -62 934 866 170 1974 520 1038 -317 -712 193 -1706 852 -246 -1047 411 663 129 -629 -960 -670 889 -1054 1337 -863 241 1013 564 989 422 -755 -981 745 -781 -1312 511 15 641 -365 55 1542 -1203 372 -757 1252 164 -170 -1803 324 -1003 939 -611 648 15 100 976 1474 507 -1184 -634 -296 825 -245 1338 452 256 -177 -858 332 -505 1027 -140 -742 677 421 685 -43 -1223 935 758 -19 -234 -9 -512 -193 -816 77 384 38 -1273 339 -298 609 1085 205 -51 -177 -405 1325 360 -1130 466 -110 -134 -383 938 1032 -168 -1146 475 511 -1304 -80 1082 -919 -647 445 588 280 -1051 1150 971 615 -917 183 1201 1586 740 -855 -96 -714 -1257 890 744 -273 -11 1130 -692 954 142 -333 617 476 883 -884 252 -222 -873 144 -217 73 1658 -217 -655 462 -577 -448 970 -459 -104 954 -677 -421 471 -222 -471 -339 -351 -12 -330 630 16 428 373 -644 -373 414 -366 787 -109 273 -380 392 898 -751 447 -208 70 -795 -249 -922 757 -721 645 429 440 970 6 -553 757 156 683 -146 -847 472 -548 -486 679 574 755 -882 -1515 -579 -744 617 -607 -670 107 -453 31 -1298 -1054 -737 -619 212 144 1549 60 -1487 -1551 -346 -719 -529 1085 -75 163 -486 -11 49 884 -540 -207 
-88 -249 -296 216 968 -388 -1098 -254 188 872 -139 -718 247 -50 -2 -1245 -1249 -635 280 19 589 -1096 -419 433 216 15 344 10 585 -151 -132 -333 -887 22 -523 -1120 -203 -395 646 1243 -869 275 -1882 -872 224 865 -889 -643 414 686 650 431 372 1013 -361 116 -1737 -908 -641 -25 -541 185 -666 -1366 -915 159 -963 394 -25 -315 -76 626 -351 681 240 -784 1344 -2253 347 -247 -301 648 -230 -54 279 1573 55 169 -369 -826 -600 1215 -376 1851 -378 -373 652 63 -184 371 682 684 523 -269 228 -1294 -152 85 380 -205 1093 -1250 -203 -764 429 -1252 -193 251 -1089 1299 -434 -966 -469 -71 362 -542 -886 197 -470 -766 1460 275 -322 -21 -27 670 472 724 591 437 822 330 440 688 1836 -975 -1194 249 1415 -1502 -1018 1181 -1156 -1020 1003 -1287 859 -105 822 392 524 1229 20 -220 -612 1357 -259 568 -283 -864 -412 -788 -1296 215 173 425 -1082 303 209 -139 -800 385 -9 -288 1083 -90 -813 -442 274 -608 -222 932 743 -2033 142 47 422 543 -841 -1652 -1218 -1526 -992 -417 32 2123 190 140 -239 -1017 -268 307 -1285 -425 1221 -318 134 -735 1056 -369 521 423 -944 833 -1171 237 -491 -814 166 40 851 137 -382 1466 -102 -679 -1838 -287 -360 173 -269 -249 301 -561 -4 1421 264 -551 1527 -186 1246 -1259 -86 -1455 24 250 565 448 -146 -200 1902 143 126 -416 574 -294 -1098 -355 -1469 -267 -541 -200 -803 236 -1043 253 376 -703 -976 398 -794 769 29 -1550 -888 -966 11 -405 362 912 -1024 1129 -1415 -517 153 -543 647 116 279 145 508 495 493 1127 -1122 -282 93 267 -256 -705 571 273 -511 357 317 -356 -481 -293 554 876 1671 -642 250 -83 -1260 -650 -355 -154 934 1420 -463 92 -494 687 -344 -1063 -682 916 -18 -890 -137 671 131 505 -44 -1390 -1560 -905 -1684 -919 328 488 -23 636 353 127 -10 -794 -823 177 -83 -577 -674 -65 412 -162 -281 -25 609 -72 -120 -433 -1317 1151 679 95 930 846 1281 -322 199 743 67 1604 730 -571 845 53 -647 -77 -1001 -368 -397 -263 -202 717 -208 -376 -125 -479 
-267 -762 1205 -251 162 -234 -815 -538 77 -1271 870 -170 -528 723 -150 1288 1351 -1327 891 -319 -796 -1171 1343 -682 431 1124 -37 543 -733 -732 401 -1327 1031 -744 -930 -212 -604 593 88 585 582 -566 -258 461 -657 707 -143 54 918 432 752 -206 -1523 -349 -56 521 771 -853 -995 594 95 -990 -642 1179 -231 -704 -876 140 39 -234 945 -153 839 680 598 -1047 891 -472 423 -532 -321 -1081 -385 78 432 -27 752 -284 1772 -867 -813 429 1709 -617 -1439 567 -5 -209 260 736 -248 264 774 177 -881 -455 -1654 668 -668 1014 579 190 -41 -1680 -439 -1712 147 78 790 -172 1091 -71 213 -1020 525 -225 -88 1172 682 921 -75 -467 -764 -217 -1246 341 984 419 21 408 1061 421 -919 -344 -554 -236 127 81 -476 833 135 863 630 -762 176 -379 -1736 -351 923 -342 -367 311 -281 -135 158 -220 -163 -306 -724 701 -633 -849 -1531 47 847 -493 34 672 -743 1288 -137 -450 -463 -465 623 282 -794 -618 1031 64 1077 769 760 -265 -220 -421 385 -1370 -377 1081 341 20 949 -455 -548 183 1270 1213 973 558 -486 21 -55 419 -1930 1193 -1014 599 482 -316 -1014 1283 -30 -192 -268 441 767 -926 1428 -154 723 971 -291 -1485 -817 -500 -804 103 322 636 -727 -184 -528 349 220 -53 1013 494 -53 570 396 1154 -413 -480 1529 -247 156 -1466 -628 908 741 1548 341 484 -1066 1019 128 -413 -952 -357 -419 -366 279 -1030 1069 218 962 877 -1098 -1344 452 703 449 -446 255 2239 259 1450 -62 419 -336 -283 642 119 -620 -50 -387 -191 856 80 -595 -998 -24 -364 -870 -24 252 -671 735 263 336 -573 -504 1621 278 -556 841 -143 226 -595 452 -563 -1151 988 -129 -765 -220 -417 1160 127 -1286 -315 -723 -127 -1288 396 -285 320 -259 1594 -18 -1167 34 156 -918 -1335 1423 -721 704 -467 -545 866 104 -1582 -208 650 816 632 156 573 943 -1195 -546 -412 -211 911 -216 249 -106 1501 8 1111 999 -437 854 361 792 -185 167 808 -9 -1380 8 -1900 980 382 1485 4 636 214 106 719 228 -813 116 -978 311 -1443 900 -666 
-1239 -422 -1051 -81 -1416 -675 54 -532 -267 364 450 -95 876 -638 1079 -681 957 332 131 -78 258 959 -426 347 -181 -173 1192 -510 -476 -685 963 160 -2026 467 -399 1123 447 235 -150 -1094 -1260 -202 376 -312 955 878 -254 -513 1053 558 1742 -558 1276 112 531 -129 -240 168 31 -167 -1081 321 -583 838 -1855 -72 315 -632 764 -735 -1203 -598 1961 14 215 547 -735 -523 -811 -98 -1479 -294 -1011 -2024 -700 77 1259 -1317 525 126 494 -105 669 -89 -228 -467 1000 -473 -1601 173 -321 2108 1789 426 332 -559 451 591 -1460 61 1043 -282 219 91 241 -428 -119 38 -669 55 498 593 -263 166 -1142 -253 -419 -1279 1158 -584 -221 745 -4 -902 -727 -778 339 308 392 -710 -1109 -887 -329 291 -705 41 -178 -959 776 -1102 -577 -580 671 -313 391 -68 -1853 762 792 -823 -480 58 773 732 305 -99 769 -57 -798 639 -901 -539 -760 415 620 -781 -425 -353 509 101 -93 -732 514 259 381 765 40 252 1879 767 -491 -342 677 -230 -187 251 369 -504 606 -416 -10 248 245 -1864 -612 67 324 -536 4 -446 149 -1225 911 512 622 96 -265 78 -463 -1566 -808 1227 548 328 1013 -373 -13 35 -177 1300 301 -141 511 258 9 -2040 -788 -319 -718 807 692 103 29 128 -374 551 -200 -159 -287 -1727 584 -9 -1079 -318 455 871 462 1424 -984 477 1080 1267 -86 301 619 1107 -1012 -155 -192 1253 -1950 636 372 490 531 681 1332 -808 413 650 -219 690 748 -1248 -414 329 -71 -93 298 11 1212 87 51 399 610 -2070 -418 -306 -628 625 -21 -551 -1005 -878 874 536 890 -132 -46 759 152 1096 51 819 1230 187 -880 -55 1021 370 1192 647 215 -132 268 506 231 194 737 -207 -422 107 1107 303 -762 640 748 -939 -1310 470 1324 -483 -764 -694 -828 685 -413 -526 -1786 446 886 -1143 604 939 -60 -856 215 196 920 -150 365 880 301 -87 -287 619 413 947 396 -235 -740 783 413 289 290 -184 -931 -857 -148 -765 -121 862 -587 1505 18 -582 508 -574 785 415 26 336 147 -312 -2094 633 584 -146 717 -628 
-823 -748 1088 100 -639 753 -339 -702 242 577 646 -789 -1005 -549 1378 53 -443 267 -1733 -450 188 -37 -643 -1595 -696 1182 90 982 -197 -42 147 -772 -79 -521 1048 -583 1782 -45 -836 371 658 248 -560 -712 1549 -1442 -442 -876 110 1462 -196 -452 -106 -952 -1730 362 797 -38 -883 -19 1350 1538 216 248 816 -85 214 -1205 74 156 -309 -831 516 73 238 1641 38 -277 481 -390 348 -847 -253 236 -344 366 -328 -282 -221 1034 -337 -378 348 -832 -1418 1311 552 -229 -114 338 -274 956 265 1263 696 -65 679 14 -82 1379 457 719 -538 295 213 254 15 -51 -17 281 271 320 -710 -581 1877 -421 -1318 1824 -1690 -111 311 94 148 -565 -379 -741 676 735 -308 -53 -322 208 1731 926 1413 -50 -177 -1807 -1230 -1491 831 -515 191 288 1418 220 -68 -37 226 800 811 -332 534 902 -360 925 522 -848 -577 -985 -240 279 481 805 -916 -736 -605 -860 -1315 79 -626 969 76 1083 -1348 -1230 1004 610 -1138 -1680 521 -111 -84 -839 -498 637 -699 605 1350 -22 -516 376 -24 374 -656 -701 195 1516 -25 -662 773 1310 -182 -283 537 897 153 243 1070 -704 280 -832 221 -322 963 -330 -69 1870 1047 -559 -786 530 -423 568 31 -33 -1006 -690 934 393 308 25 -271 -488 860 55 1534 -328 291 -432 -1772 0 52 -586 669 474 -492 399 -1397 485 394 -784 515 157 661 -766 -1171 446 956 1161 -399 -428 -356 76 491 617 429 -600 1711 -2129 -677 251 -761 262 249 -283 1173 475 -588 215 543 448 113 -1227 134 -1520 -1386 109 472 1280 -997 549 430 -535 134 -61 123 -936 1317 -84 -1000 -747 -364 -119 471 -357 -871 17 998 -1509 1022 75 1542 -566 -307 -276 1691 -1301 -142 247 -23 316 -871 1046 -149 1281 369 -765 576 -152 -567 614 -19 946 -245 -185 -803 745 -84 770 -445 -175 -1209 533 308 1184 -311 -1068 115 79 -497 950 254 423 -596 -1214 1367 -266 -24 305 -1530 -390 348 1052 -217 820 -1689 -1250 73 -1996 657 151 -596 893 340 -576 571 -151 -255 -833 -900 -41 -1022 -305 -1249 -470 220 -415 671 -529 
-381 -492 -462 -770 -120 432 -1025 174 -463 136 -264 -914 -200 661 -577 -451 -785 -335 175 978 556 209 229 -1061 -15 1359 254 -260 -647 -375 190 -1241 -1326 -232 1328 221 229 847 -350 126 -1043 -1542 -209 -92 -385 1198 -349 343 -689 -649 202 -576 -454 1292 -882 209 -391 291 -739 -101 1703 113 -857 142 -1808 -465 457 786 -759 578 565 -1219 -866 612 -1454 779 -951 917 118 1058 849 -201 441 84 -595 1341 -89 689 -247 135 852 335 1098 -642 723 556 1372 22 531 498 -546 -603 522 1495 -233 -644 631 -241 -1231 -208 -153 978 1204 -868 -38 384 75 -1185 700 -332 953 591 -481 1213 -115 806 -764 -997 -205 794 256 -56 -571 -1762 -175 1000 -655 1119 1197 40 3 -1042 145 579 -111 1067 -131 894 -302 445 539 -1494 757 327 -23 -45 269 371 -569 -584 -34 -34 -1582 162 -649 478 858 741 -258 -891 796 -810 725 1440 -263 -156 88 40 -756 -963 -106 -943 779 -463 52 -457 -77 -1210 -983 299 272 58 561 390 -98 -42 -377 814 1203 45 592 -195 862 506 -92 -408 -15 158 -252 53 -674 593 -142 -799 291 789 -361 220 1563 -641 -846 135 299 -171 -147 149 -298 539 1024 -572 137 -188 555 -299 277 1120 552 -227 774 495 489 131 -240 -256 -303 -557 -195 -1379 -700 -660 -296 238 986 -512 -1037 351 -442 -810 506 1102 427 -860 -201 1287 268 960 324 440 364 1658 1756 1081 -291 619 16 -1081 -112 242 -458 130 -742 890 314 -138 -710 -507 229 1601 674 59 -130 -448 -218 -876 -770 -1604 1285 -729 148 -76 -842 -504 -502 1251 -1367 41 -114 -493 -280 -244 -688 -2022 404 -499 129 -97 1171 941 -30 917 -1213 519 251 322 733 -1717 321 1085 519 737 -1859 1018 1073 -115 -1103 -56 -263 532 -275 -1496 -33 622 -169 57 -586 -555 384 477 -1511 241 -157 -473 -1311 -496 188 -720 1006 -26 -790 -186 687 -841 -553 656 -479 -446 -1445 -1164 375 -288 -644 170 -1173 -505 -402 1083 944 1479 -1582 36 -538 -150 -690 666 559 -1404 -756 -749 268 -563 1097 35 -773 -660 63 160 -14 791 152 -356 
410 691 843 674 1191 -58 55 367 -1033 -357 -364 -1098 1079 694 -70 -623 483 222 1124 -571 -325 -1787 578 -174 291 616 -774 204 272 -1179 316 -423 -553 -1000 373 -166 121 -486 -316 821 -622 228 -113 85 566 1378 -581 666 74 170 -1015 167 -191 1354 77 -667 -740 -499 1448 1115 -238 677 20 302 274 -110 -375 281 667 -218 466 1251 -118 119 -258 225 173 -202 407 1468 -152 710 -373 38 738 366 586 1070 414 354 432 -42 -222 -645 -90 -312 -46 0 182 66 -63 -945 477 -556 178 -392 -674 -868 -1225 -281 39 4 269 -237 137 -100 -289 2021 -477 -494 530 76 10 1007 195 942 139 -93 192 -46 63 -267 -548 396 365 -664 -650 -383 313 355 1744 17 -130 -753 1221 -233 -150 420 268 1476 -1435 -1292 -753 -1240 221 -376 -622 -423 638 -56 192 589 -205 -1261 -234 -302 347 30 -1284 -562 -1129 162 -889 -357 842 -1736 -198 775 453 -296 824 203 -1681 82 -8 -90 1295 709 243 484 879 753 -124 -248 -889 -223 -1181 -1147 -222 -431 -248 631 1969 -98 -295 308 421 537 -309 1038 -902 -1028 741 32 -563 -1591 179 -89 -1384 607 -124 1344 -552 255 -242 -504 -761 763 428 -315 288 -458 -414 -1112 -2 239 661 288 -356 176 -44 -841 111 646 431 547 -26 1353 -75 324 599 -767 -404 748 -411 -14 80 592 -971 -7 -1142 393 399 412 -344 908 344 176 -130 57 336 196 -911 -21 792 -539 -51 548 566 15 334 1124 1371 788 -88 -1461 -1056 501 -62 -323 416 -138 -636 -389 328 991 433 -673 -63 524 -500 -78 137 -634 -1328 -158 -911 553 154 -946 -96 -963 687 -6 -7 -90 373 -304 120 161 644 1114 -1651 1547 301 -144 408 652 -93 -350 782 -853 118 267 67 246 -1189 820 -661 4 -247 -761 679 -82 -487 32 357 709 -559 312 -1538 716 -446 -402 1278 -1363 -98 156 -1490 -628 -946 -562 -548 -625 -1522 935 -653 -917 -83 799 -916 -876 50 -194 -199 -271 786 1960 369 1081 865 -1685 -45 -132 -257 118 -812 -717 -732 188 -833 -1168 481 -123 948 725 -509 167 1104 355 
257 604 -478 -904 -760 -188 70 -733 -287 440 516 902 -216 -736 -1188 1126 -807 972 -523 116 521 463 80 -381 -725 230 -742 -604 449 -1867 1140 1046 -1001 -811 -1808 -37 403 1122 -141 767 680 150 -463 473 436 -160 1157 -1833 -259 -701 21 -360 -776 -1389 763 -391 107 187 426 -127 -365 -69 -82 -339 829 225 -118 -98 -304 462 -693 -708 161 -777 -1112 129 -442 -598 -615 -867 346 -82 5 -90 2 1471 404 540 452 11 198 -1331 197 -193 -1591 171 -1111 -866 614 361 363 167 -403 602 337 609 -286 35 -237 -1882 571 417 532 312 -351 1095 714 374 -626 516 820 -491 305 281 -390 -119 -411 -183 -317 517 -732 -287 -1023 280 -441 143 1655 -504 -324 287 1121 1504 82 62 647 191 -409 -181 -294 -17 1283 721 1596 -229 -359 -34 635 -830 -177 -541 -562 152 609 44 -1060 708 272 688 284 -676 362 826 -681 355 -187 -1010 -707 -947 -510 628 -236 177 713 -215 -349 69 249 417 -775 -567 328 493 -1502 1449 -369 205 -4 408 299 -730 -131 -154 -283 -233 -596 -155 -1545 -781 -684 1122 1360 34 -86 463 -758 568 -27 -340 -1352 -796 -540 579 -20 -751 225 769 1049 412 -580 229 -647 76 66 307 1791 -474 -101 -467 -187 -459 -365 429 84 -394 -367 643 973 -420 -606 547 440 -743 885 576 1071 -476 509 224 -254 -1127 138 479 -558 -369 -200 -774 275 1107 -1261 -1007 -850 -513 1088 269 -677 -350 377 -823 -1180 570 -829 -935 -1100 -284 978 -140 1227 -447 -726 -528 -626 -248 -137 1112 -1410 253 -194 -848 -349 1113 543 779 419 -311 -375 764 227 -111 -350 -680 1253 875 -143 -381 254 -273 -1081 -636 1320 -1279 259 -115 172 -281 -122 1179 597 878 223 672 -199 186 1469 754 145 906 557 393 46 160 -555 -368 -690 1236 660 -62 227 21 307 298 188 -748 -137 -588 -295 -219 -989 -371 68 278 488 -817 -897 729 412 -976 64 1300 855 1055 731 -642 -103 223 143 213 -498 -1254 355 -114 404 -416 -132 -408 -933 -96 -202 604 1066 -534 569 -1204 -6 533 556 36 1474 -281 167 318 
232 1717 -153 1208 -755 -1 -421 -479 868 -246 -375 185 -677 -201 958 522 -800 -591 238 -564 77 -495 70 915 -684 -709 -1559 -116 -400 849 954 458 -1483 1178 101 1413 406 -435 -290 -249 -1259 -823 489 -186 -110 588 -705 472 461 730 -684 -541 -234 1783 -31 839 1023 -269 1201 -114 1417 934 946 -152 -944 -1002 804 252 915 -222 191 350 -289 -268 70 263 -1029 391 -680 896 291 -246 163 688 -127 1152 -524 843 -168 -329 440 -136 -22 -317 -377 -119 -885 1103 822 19 -155 -18 341 418 257 -861 25 -361 -1144 -1278 714 1230 -63 -377 -475 1099 -144 161 378 953 -2069 -1041 -669 796 546 957 -1286 1064 -126 634 633 265 101 113 137 448 -313 1408 -300 -469 -307 -669 -764 -882 -464 460 -231 -559 -550 -572 -50 -593 -141 -306 283 610 -1089 -826 -106 309 -791 -714 -699 -329 70 835 862 70 -155 -1165 -196 283 647 464 402 199 -127 494 58 -765 1903 -287 806 -474 56 -769 -1117 -422 156 -220 726 980 1479 -176 2068 1269 -921 449 -32 -195 -181 123 -506 -812 -12 936 1139 365 -850 -142 -849 -1400 -774 -816 507 -638 70 -98 -399 -91 906 -1049 113 693 209 -548 598 634 -63 652 32 15 522 -83 -81 272 -406 1397 -1 -128 37 -453 958 1635 -1015 -33 1043 116 186 -106 9 -210 307 1274 -378 -449 -84 -128 -133 270 -1112 -737 1 299 -1281 183 -513 -584 -1007 935 2196 1096 -594 793 973 -380 739 1346 740 -387 -363 -1300 238 -734 1042 541 597 -493 -522 -405 -10 74 -768 574 1403 -117 -228 30 28 641 478 518 820 543 -33 -445 -286 1734 781 -343 773 -936 834 -585 67 22 -128 426 -127 1889 374 642 118 339 1210 -95 719 3 -296 276 -638 -994 367 648 -541 908 -789 -445 -376 508 -514 -433 280 -208 -81 -733 -244 -600 25 -944 476 597 -73 812 920 -708 531 60 -1600 250 -76 883 -667 23 -563 277 35 445 -518 -859 285 -111 530 75 522 -506 20 -479 -715 -28 562 62 -1329 382 -389 1237 188 200 -289 1196 878 -192 100 217 -1494 0 -448 -372 317 16 
-668 1753 1250 -598 730 -106 -171 -529 -230 149 95 333 -156 208 472 322 172 -258 493 -770 -1974 -194 -880 -840 1863 -970 -465 578 -486 448 1244 -1719 636 -153 428 383 -869 236 446 546 -727 -232 -898 -1276 -577 296 -670 -282 -865 -211 961 -910 30 886 -293 -1316 393 -1769 -628 -184 177 136 -916 -74 92 -224 -1003 1271 147 -350 -633 -658 -22 -485 653 70 127 153 -538 384 232 364 567 -668 -227 178 164 620 424 -1 -1058 -532 55 517 489 213 140 1553 -659 -9 242 -956 -1151 -1046 -395 -133 231 -805 638 659 -1108 -265 -1032 -845 321 -1152 683 128 -474 -464 -732 150 148 -85 -12 -214 101 -124 -460 -199 528 -906 837 794 1878 101 898 636 -164 58 -1416 -989 -85 -987 -513 -595 801 623 382 1393 -117 -692 -482 -6 -1084 258 1274 -262 134 1716 21 -700 710 347 1375 -571 -496 -124 -444 -479 40 -234 -136 383 52 -299 84 552 -1328 -650 92 770 -81 -283 -618 -545 435 -721 628 -128 316 70 -374 -788 662 1241 152 -219 -604 1463 -922 794 809 305 -979 -147 -400 -594 -514 92 312 765 -108 -751 317 841 -379 -962 130 521 -62 -239 421 540 -713 -426 157 523 329 868 -350 478 302 445 1027 376 185 -370 109 -926 -202 21 120 -632 457 368 -1145 -926 127 -387 -120 -749 -2039 -136 962 -592 -1091 940 284 11 -274 419 888 -371 1278 462 324 567 -330 150 517 1380 -517 -456 580 650 422 1057 1259 1089 39 -732 -375 187 30 212 -36 422 608 -80 -208 -1034 -352 156 -1209 166 773 -978 480 -1125 707 88 -1143 902 -251 388 -553 160 -212 -162 624 -245 216 -19 1330 118 202 396 -955 109 151 -1116 919 -185 741 522 -1405 315 -685 -240 -1914 -99 -1498 485 -237 537 622 -509 -973 -156 -673 179 927 119 -12 1505 122 370 671 -189 -471 564 -124 -1323 -460 801 -796 528 528 -38 868 6 -321 -713 864 -678 -77 -318 555 621 -400 457 -441 -1403 -332 386 -251 254 -66 -821 47 -651 460 1791 1691 -237 -836 1164 802 -1699 -1770 -495 455 110 -1032 -999 190 -214 229 909 
311 1123 -260 578 289 2077 207 43 -610 832 1696 -980 -1023 383 1267 -594 -724 -323 492 -40 682 -63 563 172 498 -806 -1814 68 781 -745 881 -1777 1289 184 -367 -167 -1043 -451 -25 425 522 -679 -859 1392 4 1951 803 925 -829 -233 -1060 283 -57 1539 951 522 296 -140 55 1402 801 386 -625 -1399 689 444 369 1021 -172 -973 444 -641 1295 -838 77 573 -548 93 723 57 -312 766 51 221 736 -241 -570 -46 769 -1014 -325 -1869 -656 -452 -402 988 -1121 237 224 592 -2028 -1036 -1288 538 721 774 -775 82 1762 -1277 -515 1126 -234 -1610 -585 1169 -257 1350 1643 -345 -781 -187 444 -699 258 118 289 1985 973 -426 -218 -487 178 -557 -643 -415 483 1304 52 326 1387 295 -1119 177 -167 -101 -666 1448 -880 788 381 -439 -299 571 -851 -1620 13 -674 -132 -706 345 626 -243 -1051 -256 946 812 918 95 125 1288 -1 -154 1269 361 360 1678 -261 65 -184 -553 356 -1376 -199 995 1348 14 65 682 1061 -18 -185 -197 715 2 764 -1887 328 208 -975 -61 837 110 -318 -1052 218 335 1027 -765 782 414 -234 796 3 381 -455 34 26 29 -315 -131 -204 44 -445 -627 617 100 352 309 1393 421 1091 -958 553 1725 -1249 80 562 -1045 568 1518 -422 253 725 -887 591 -925 1201 -42 231 -1058 2078 456 -177 -531 950 1061 -1045 -616 -690 -353 -559 512 -342 -96 -551 -26 690 -816 177 528 952 313 121 -47 -1276 -37 394 -240 134 86 513 324 774 779 123 -1170 -1564 -241 -943 594 60 1255 648 481 413 -1501 -1021 -351 364 -1093 -29 213 54 869 663 1397 144 1028 124 -1329 -240 -394 202 -257 193 1565 -896 -329 -1283 -312 -162 -486 1342 813 -419 -691 1442 -815 -30 -893 -529 -464 873 -356 280 -342 1565 846 -911 -1079 -84 -12 -819 -423 478 46 1291 -383 221 -1656 -1805 706 -596 -74 -152 -322 1720 -911 897 -499 -1442 -865 -608 -1316 175 223 -1093 -133 748 710 -7 -679 -1635 -77 -106 -614 428 -258 -1219 1068 1205 1275 632 -245 328 -108 295 -9 357 471 1074 354 -648 275 1508 -53 61 -631 -900 
357 1114 298 937 -1999 -447 132 784 -1359 250 -587 523 -591 859 -267 472 -257 124 1148 1346 -1427 1158 1396 -162 113 -1051 -848 896 -329 -444 -1068 1172 -1683 923 -524 28 449 741 -269 1162 703 -1002 -100 -521 570 -352 -645 64 -842 424 -64 298 -44 -472 647 -527 933 -1016 126 -554 -418 798 489 -402 -976 -1558 14 1484 -92 -698 622 426 446 58 -657 -54 -138 237 -611 577 1296 716 -856 242 1245 1212 1175 1572 -487 713 -121 678 90 922 821 -249 -254 240 -1046 -706 -828 -1137 366 -994 -1035 -1688 -435 -825 1012 -1278 -1050 -261 -654 -966 -194 1742 1046 446 -398 46 604 49 192 -1311 -589 788 21 316 806 -1150 63 533 -596 -394 521 1452 200 -360 380 46 -870 -5 848 -361 -733 -24 762 -254 -371 477 -969 -580 259 -455 -742 1624 -855 978 -1145 -775 -586 -100 569 -904 782 261 -827 -936 -820 -162 -627 626 991 488 -1379 -808 340 558 -214 -160 124 334 798 -198 1341 -267 252 1140 299 1171 -605 536 1122 -258 -347 -320 -156 1208 -216 -705 375 463 -498 -595 -425 -688 -292 392 563 929 -761 1058 -839 -245 -1179 661 -813 1071 723 461 5 -542 -66 340 189 -312 176 -780 31 -354 1254 -281 668 713 203 -40 1654 -1042 1598 386 -1137 525 289 -491 -441 621 945 -305 -281 273 -1353 -1211 1797 -840 480 394 -6 55 51 144 389 -1230 1017 519 361 47 326 502 627 85 720 942 -911 -920 817 228 -474 590 594 -318 -1236 0 -2025 1251 434 13 350 -193 533 -651 1151 420 -1556 434 -1517 -373 1662 312 467 -856 752 1094 -652 -1286 200 -222 1048 678 903 566 -812 -285 180 143 1662 -1941 -1680 -344 -14 166 -120 -445 -422 -466 728 419 -872 279 -1513 130 -167 168 -671 -153 275 337 1326 -34 -201 986 -309 -519 -384 787 332 -253 1341 85 -14 779 -110 -746 -312 -755 404 1175 -609 785 22 -288 -575 -257 97 373 -92 -588 -118 -675 108 -170 64 155 -313 -70 682 395 20 -391 49 -305 175 13 -676 -849 -356 276 -1242 -44 778 394 -775 -1553 324 1700 166 126 255 309 875 -2039 
153 819 25 1330 -330 280 -544 983 -101 -321 193 -552 235 860 -77 -843 -454 -260 12 783 -911 -337 -407 155 -295 -189 202 -1 -547 153 -38 1011 1047 411 -799 822 -521 1509 768 1436 -82 -732 -388 44 69 -185 -1941 1077 683 -61 1289 183 1065 -442 776 1476 43 1063 -356 -1094 778 -391 -228 -1277 195 -3 -571 -352 404 807 -786 -163 243 -406 290 -681 -1200 183 429 1086 565 654 -41 -113 402 175 -80 -267 -668 157 356 269 -801 723 -1234 177 -249 276 -651 -392 318 524 1700 -1742 1256 -121 -63 1065 331 -357 -379 -699 -72 -276 67 -800 739 -794 -38 -370 -641 1312 -5 -208 -634 1379 -169 207 -766 -760 -730 -649 -522 1241 -133 -128 -664 -708 -963 1174 180 1786 -708 637 -1102 -779 -540 1891 1266 381 803 246 463 -558 -223 -647 -192 39 1139 470 697 -510 254 340 -634 276 -72 253 681 -136 1334 -109 768 353 -87 -988 336 304 -11 63 -360 -1401 -1638 -811 1094 1044 114 -783 -1082 948 -1351 -527 66 170 840 -1046 -263 378 1095 -698 399 477 -214 -562 -85 -1344 402 -609 157 268 576 -1284 -869 -757 -180 -837 -294 -393 86 -710 633 -272 -825 209 290 -1249 1487 1380 549 -911 283 -714 247 -686 -243 716 -111 -240 1217 -979 -1037 -735 718 -191 -934 703 -149 133 -704 677 -713 1384 596 -1350 -1265 -189 -481 182 489 1353 576 -292 834 1828 -735 -926 -47 -449 -136 142 568 1005 251 56 100 916 -565 92 579 55 381 408 -53 49 663 -65 408 -169 -370 -855 466 263 -1048 -137 415 695 296 334 348 -611 217 -1279 -1286 -147 -523 12 1167 -521 -160 744 462 120 -84 -354 367 -138 -808 -336 -1483 845 1259 883 121 926 1325 -544 -138 1031 160 391 457 399 538 -725 406 -703 137 19 712 275 -337 -1480 -980 84 18 492 -219 399 646 -496 -564 360 -116 82 -273 -958 71 -251 -257 -275 -761 1304 -323 -365 399 38 -514 -1094 -893 -1631 164 -287 404 1417 -48 -909 -298 -50 11 -395 286 29 -1266 -1516 -1593 893 4 1073 117 879 652 -52 11 330 -81 622 1029 -320 -74 -719 
8 -553 55 859 800 -154 -460 1086 -712 190 -831 255 -56 -1540 -889 1254 98 887 -1133 21 -158 128 521 -929 487 -513 -781 117 -346 -13 -602 -123 367 154 -57 -466 -456 1001 -166 607 1003 601 -689 503 -351 452 899 154 -821 1353 796 -72 817 432 1051 -1182 -327 11 1282 93 234 201 -1765 238 492 -414 429 924 772 57 -782 -730 368 879 260 -1420 -187 1417 21 -637 -698 106 -1110 660 -235 60 -1309 -68 -660 -657 -850 628 381 -960 860 -534 -743 -2 -1812 -1283 -358 244 -536 -199 625 -234 -29 -281 -558 -1277 -173 -98 342 252 571 253 1053 824 936 425 1622 1131 1527 315 90 121 -794 397 -952 636 -799 -1148 -347 -1959 659 241 713 339 1468 934 719 -615 -325 926 -1361 50 -662 23 508 511 -766 -408 419 -1859 -153 -557 -1050 -476 469 -797 -1360 -1071 -914 1176 267 1195 -234 -987 -60 1566 -79 832 -2 -916 -511 -144 344 609 -570 1003 -1008 985 526 -1255 135 -656 143 -739 -115 -657 701 -663 999 -710 -567 -603 -740 -117 151 829 -1267 -1129 935 -779 -393 165 -273 -204 -877 -768 490 -882 271 -275 -416 -146 255 -734 -457 -613 841 -40 185 923 -499 653 -1520 -1263 -930 124 336 -226 278 -875 -334 406 -73 -3 -499 -675 -2385 -533 -70 -353 -819 -1344 -461 -340 -156 1842 375 264 -481 346 -639 47 -774 -82 311 -174 -78 1339 1341 259 -1571 327 -1094 -482 -461 -366 -935 866 1154 -82 542 483 -872 676 439 559 36 -498 -325 210 -844 -258 -488 1717 835 617 -415 -592 37 -189 306 -673 -731 482 369 -199 -875 129 -1278 220 712 894 -2016 823 328 -1035 -165 633 1048 445 -945 -502 -19 -129 857 128 313 -255 409 -26 564 342 -801 317 561 694 -39 -489 445 -1982 2058 -743 44 446 1047 -1011 315 -1749 1037 645 -325 127 -170 -1242 -183 887 -714 -425 -1399 -1161 474 563 921 443 -1277 -728 616 416 335 -280 -1112 772 -1422 1034 -484 1397 -8 1212 1383 -301 -666 -1228 -275 482 -1185 348 1600 -867 -702 -893 210 252 -605 179 482 -697 448 -810 884 1532 -92 1299 -133 -52 -433 -337 
-1246 148 771 -639 335 -1005 5 -186 -1012 1010 -229 341 -28 917 -567 275 -994 494 -445 394 -88 -806 1506 880 932 59 537 -495 -820 139 368 351 422 259 -463 573 570 523 129 -322 548 1297 1055 -602 -524 -45 -1280 -1054 851 -275 -312 781 850 -1071 541 859 -98 -665 -491 -204 601 1447 45 -174 1327 545 -315 520 -544 981 -2231 -831 -885 177 -167 -1168 -855 -536 904 878 164 -88 833 88 -12 -312 -228 -544 -212 -858 -178 -1263 796 113 445 391 653 159 370 900 22 110 1196 -596 -939 -191 602 -469 -28 -152 -352 -424 62 -425 -1132 1163 -827 -133 213 -300 780 -257 206 83 -401 -819 355 1805 -595 279 1187 -593 121 766 -225 1414 -527 416 -475 229 490 -1145 477 275 640 -1081 613 -358 93 287 470 496 1033 519 -1166 -63 598 -455 1087 -439 -703 289 -132 519 635 741 1094 -1074 1035 -125 -566 295 -431 -694 148 55 777 984 601 -801 -587 -1404 -630 -34 -546 -1330 -817 704 148 -300 1292 -756 190 -486 -437 1391 897 -815 -101 127 -395 412 18 634 343 -2182 -580 -1271 -1017 1870 1443 -404 515 -217 -348 -238 -258 550 175 321 -1280 156 40 -682 -1011 1379 -961 -127 -245 -58 -441 -510 -558 1411 -54 -524 681 -718 344 -1258 27 -460 1174 437 -615 333 -417 -1476 1369 633 -509 783 144 159 -205 402 -261 -440 664 -811 -348 -112 227 -244 -1505 200 -214 1061 592 -46 -163 -342 47 77 -153 -164 -654 -50 -625 420 217 729 792 -252 582 312 -266 816 -630 -211 -155 258 393 855 -1439 -211 637 444 753 -1749 718 -127 284 28 -2038 718 -868 330 -222 1230 -483 -585 -68 -459 -583 252 20 -738 -42 571 668 1577 171 -605 -221 1392 -642 182 26 1820 357 371 -248 -103 -659 -1629 -211 -1110 -201 1339 -480 434 -466 323 1299 43 274 39 -125 -220 409 -1020 -1273 -1388 -693 -956 566 -327 1069 1298 341 12 157 560 25 620 606 -182 27 2 95 179 -1104 723 -177 600 437 -1035 612 1176 769 -89 -500 -206 359 686 462 -4 1530 -1782 -474 -206 -368 323 -1 -1078 -468 -350 543 1270 
354 -849 -959 -531 692 -295 -763 491 -787 509 -399 956 -101 -805 1021 -1474 -3 351 452 1876 788 -573 -253 -665 631 553 -83 817 1992 950 555 275 -844 206 114 -105 -559 31 -862 58 794 260 1123 -1061 80 -1034 671 -50 -936 131 -343 -55 295 751 -1285 1050 -509 -405 206 -482 -902 -564 1271 -60 1530 -480 -316 -31 1223 -564 380 1226 382 -669 -873 1267 766 -787 301 -490 -243 -112 -343 -96 -761 -950 1522 -1497 -16 -557 -867 -816 474 267 -1240 -139 -547 73 458 1293 -634 -161 -356 433 -349 -1181 405 -502 -43 307 195 -45 -1946 -771 30 65 330 268 148 262 68 -814 -594 -1065 1149 379 455 -412 -1110 812 209 907 -661 108 357 -1102 -185 542 238 1246 145 -408 413 248 -944 -643 78 63 -438 -516 -1487 -1378 -752 -151 1992 878 -687 927 -100 -1317 84 903 1069 3 -1565 1328 -922 784 -294 1242 113 231 138 116 441 664 -1113 695 383 134 858 479 -1191 541 -79 828 160 1069 -100 -1250 1996 1056 403 449 857 90 -1337 180 1221 -606 189 190 366 214 542 -87 148 1602 50 1526 19 139 -184 252 507 -358 -588 -566 -296 88 764 -730 422 -837 -642 -1169 -550 -1037 -593 391 -24 89 949 -478 -1524 -667 48 960 83 1182 -1067 -872 -260 249 -436 559 -928 -229 -382 607 -122 600 37 -445 418 -1116 -1194 -27 -825 -163 -100 568 -1841 498 667 159 -1389 -1132 586 -396 152 554 -432 -359 -528 1048 642 1185 -177 -455 23 545 353 -586 -172 -265 51 343 328 -636 68 1628 723 -160 1319 536 -1001 420 -601 -1001 -446 -488 407 -464 575 92 -511 711 -209 617 -1217 -482 -1023 -1001 715 149 902 615 -763 -507 -216 604 -439 -752 -616 -1473 -446 -630 -500 283 841 -177 -592 223 1292 1748 -630 -756 -1159 278 -955 1234 49 -647 50 -636 740 1400 295 309 -419 48 -234 1598 498 219 20 369 1180 -652 709 809 -340 -640 -658 237 923 -968 520 62 29 350 -54 -244 1261 463 58 465 -88 -27 -969 864 606 -89 -143 655 804 259 -643 -84 1518 -1111 750 1701 505 -686 -504 986 248 -428 
353 761 -350 -831 -302 168 -818 -372 -117 863 127 -641 -1512 17 1588 -219 -529 562 1204 540 333 -592 555 -985 494 -477 -257 -436 1519 362 1433 -1094 -115 -816 1192 -587 -356 -303 463 644 846 449 31 860 59 -486 -675 1169 260 -34 861 220 304 -662 -168 576 -45 631 1718 77 -1084 -837 971 -632 684 -490 342 616 915 1128 -1325 -549 632 542 141 -242 284 -656 287 -1054 451 -2173 -102 -385 -369 -451 -994 -267 -379 -142 319 -909 -637 -190 414 602 70 44 -153 709 -707 -993 -164 -213 -509 -117 624 130 -247 -1399 510 243 -102 -1682 96 670 434 441 -193 -757 647 -320 172 109 106 -100 145 366 -539 119 866 21 157 -24 -1175 2012 345 1415 -1685 -1639 -1019 61 104 -1326 276 963 237 -70 -870 -914 573 619 -371 -333 -401 -1016 -2157 453 -361 138 842 1037 -122 362 -656 -774 -464 -712 663 164 -401 355 -1098 204 1514 801 236 18 -197 -209 -525 -332 612 716 793 -644 -643 -752 -64 -271 -175 274 -172 341 90 973 1473 -505 216 -662 937 -1362 326 -821 -749 -193 -1413 511 -335 -1362 139 -1334 -1448 502 -409 -610 20 -1185 386 -815 -507 -505 261 250 2109 -975 421 658 1289 -422 553 463 265 318 -413 1118 -518 -59 212 -917 -169 -1388 563 -1010 -538 -605 758 -362 577 1024 183 174 -857 194 127 -167 -28 -85 -132 -562 59 701 379 -458 238 785 34 438 447 -1382 617 -154 483 -827 331 -43 432 -787 -36 -702 79 565 170 302 1489 175 -242 -181 -1158 314 2032 1079 114 -78 183 -160 -116 820 602 -480 394 -675 -943 -701 -1274 -825 3 -238 -851 -691 -1143 -6 1305 -2686 316 -1270 -966 -327 -666 -342 306 400 -685 875 1430 -591 -278 -1369 -17 1154 -908 -694 -137 86 137 1483 -1027 -688 -607 -221 436 -337 -142 454 687 183 562 -91 -174 -271 -789 1682 492 -528 1418 884 -331 -876 -431 -631 -1111 156 -991 153 1923 568 -473 80 -1070 1347 -722 -224 298 676 825 249 -189 466 1158 -203 691 -866 -276 -725 1009 -949 -470 -350 387 559 1389 116 755 -1135 -409 571 -1053 22 873 917 
-529 -930 -83 8 370 433 -1270 -673 -1287 -78 822 190 41 572 -617 187 -1368 -315 -8 748 1016 93 1459 96 -197 -434 -15 -120 -976 -912 -488 771 -118 406 -1134 1057 537 -227 224 -990 311 -834 -353 -880 -534 -1543 186 664 -314 396 -1169 -429 364 1252 -84 228 548 -602 669 379 228 249 146 324 -1330 1036 -196 -1207 300 915 -861 1060 -718 43 -449 -541 194 995 -147 524 -396 493 936 194 945 537 127 -979 -566 350 -773 1354 490 -1087 -244 -53 -105 836 -714 -469 635 -612 -111 -586 -107 214 -313 502 -139 -1463 -474 -1658 53 696 -211 -307 -94 -388 648 1346 443 94 -961 -34 -269 828 -222 -316 -947 294 897 169 494 -463 1191 -674 73 -476 104 359 -126 31 62 -222 -50 313 964 155 108 285 650 401 -423 -103 -1908 -533 -24 -1102 82 -900 334 -101 172 -1141 -168 1446 209 1189 1234 577 539 326 1563 -469 -1857 149 64 -333 832 -250 -966 -476 549 77 -54 -460 1241 1054 1370 690 -1057 669 860 296 515 199 455 147 -1109 1362 308 796 1322 1039 -174 -153 370 -466 -646 -116 629 1541 655 113 428 609 87 -470 1195 -1426 187 73 326 775 -905 311 175 -1875 162 1335 715 750 -336 -938 -780 -225 531 348 529 -468 -110 -6 -229 1472 -520 651 -83 -347 1360 -1179 -460 1603 1060 -1011 -78 -373 -325 449 -83 -792 -854 31 -342 1408 -232 -1164 -1466 -319 -703 -480 -903 -9 1033 1891 903 299 -157 -287 157 -1070 675 -168 999 -1270 -1120 -399 1385 1562 -257 -2104 -724 220 -666 -582 -442 316 -7 -1054 35 626 1393 -46 973 -1152 -933 1195 -124 1029 -813 -820 783 -782 -1107 437 26 290 -28 1995 908 40 -854 96 777 87 -1475 872 8 129 660 504 259 -969 -169 730 500 -15 1291 -227 77 -16 971 -721 950 -843 -1099 -553 331 788 113 604 454 -550 -64 915 -558 -916 -1479 718 936 841 447 120 452 -714 -163 1211 -979 398 -740 -78 -1293 372 -1030 -546 -792 992 -289 -187 161 64 -7 1114 -547 -261 102 258 -379 740 -171 2274 -1417 438 546 755 4 -465 -581 198 -61 -1476 
-1231 -230 257 726 -538 -90 -54 711 1005 451 -56 373 -246 228 270 1272 570 303 146 101 1411 534 126 708 -615 -826 1181 1494 778 -628 -1322 1136 -313 265 -147 968 743 -1233 786 -425 1315 -977 202 28 -65 -1040 -1000 684 -851 -572 -385 160 -211 -365 338 -390 41 1118 120 1667 -78 -723 687 1353 655 750 327 648 -914 395 -150 432 -126 -20 683 59 -334 1032 801 -1660 7 -793 462 -1253 -263 -728 67 -174 -39 -434 -1493 -933 -455 -651 300 437 -657 139 526 479 -445 -975 -305 99 -613 396 -648 311 -773 -38 -26 781 -655 133 -566 -506 453 639 347 -404 391 -49 -473 338 41 32 -546 959 -18 -652 -956 -675 40 272 583 689 905 1291 -695 -1041 -704 -1240 211 947 -30 -879 -585 81 1076 -1162 429 -613 -100 818 -1419 -861 1465 -899 795 659 -486 411 991 418 -300 -710 745 -1465 727 571 762 -374 571 -390 1196 -212 455 -438 595 233 -179 1139 216 857 -546 -509 -412 -1052 890 -374 144 311 131 238 -586 535 -42 -330 112 -296 1485 89 -219 -17 -92 -244 -1042 759 -483 -632 1076 532 758 -662 19 -47 526 339 304 -268 331 701 880 801 40 167 -1111 -547 -534 -79 -491 42 -256 1040 -1628 -471 -698 -157 -159 12 -404 -1020 -926 562 485 1067 -119 147 867 -733 -357 -609 -167 1005 374 765 894 -263 388 -581 -1440 264 569 989 562 839 -186 642 -38 -220 518 -1257 -387 -334 2290 538 1780 -1295 369 140 720 168 711 1069 701 525 508 -1210 381 -1071 -1684 124 -910 -262 962 -884 300 1019 684 528 1004 56 -304 -586 -161 -739 316 1677 -958 492 232 1246 -1057 30 -1187 -1016 705 858 -116 452 862 55 1225 401 301 1179 1070 -522 545 1447 1011 875 -985 -1270 219 404 -544 227 -498 360 -117 1032 617 -1464 -64 -24 330 -62 137 -558 587 911 597 -447 -758 438 -797 -1259 -488 276 -460 292 -33 -1288 -187 1496 1413 -1575 -978 37 30 268 -638 -305 527 1294 -393 -117 -543 -575 245 786 -1183 -289 -862 727 681 42 375 -426 -653 250 494 -1155 668 -465 330 -739 785 148 
151 -778 -1563 448 14 368 -1448 776 715 -545 -598 610 36 392 -714 -839 313 -425 1283 -566 -409 360 437 781 -62 -753 -782 1169 -300 -253 308 134 -631 550 -118 237 -1041 -980 548 477 -212 1069 1069 -152 87 210 197 191 51 -1008 -90 -524 1113 -1106 -932 86 -655 1367 -726 -1370 223 901 -845 -1881 449 -747 1009 -772 -223 -840 -731 -509 -193 -521 -1089 -51 -704 -611 171 -154 -580 -23 479 24 331 114 203 -4 -499 -538 -769 442 289 359 -186 51 190 493 42 806 -648 -1026 -966 -227 1299 -486 1852 -715 -891 -601 431 -280 -796 750 298 -967 -551 748 -284 280 1257 -794 -78 -647 -395 286 -1288 -635 -1033 680 -547 90 -733 39 1162 -770 481 -859 129 -114 -816 -272 840 -75 518 447 483 78 579 520 -901 843 474 -318 896 -395 -738 2184 523 947 516 865 -42 361 630 556 -472 920 -1115 -272 -435 -128 -907 -926 1378 724 -563 178 -544 -601 491 175 -121 750 668 -61 -1181 357 -481 479 1110 211 49 -696 502 -201 -36 -604 -830 -1080 -305 4 206 708 -402 291 468 1202 -259 -168 244 232 326 -504 -223 -171 1401 338 349 -298 1731 788 -314 1060 -1685 -658 -294 977 -281 -845 -985 412 738 821 765 250 649 -1155 1519 233 -289 356 -295 534 572 -1014 -450 727 -659 395 26 -272 333 -168 1349 -585 894 -30 316 -1121 245 -910 -453 -80 -1305 270 -1151 472 -824 -836 1188 707 17 -1258 -55 -323 1057 626 595 176 -79 -1276 133 985 83 124 66 175 83 602 369 194 746 -747 209 276 580 1568 -104 1 1408 -12 -467 230 506 664 1105 336 -687 308 615 -469 13 502 899 882 -753 1033 399 -429 -306 730 566 -267 -471 286 -177 -120 413 -964 1010 27 807 -1650 765 -571 -931 805 321 -796 -21 -207 148 170 -754 -857 -393 -176 298 -128 -98 311 -362 -1015 -557 965 743 1315 -1061 -412 99 451 -1224 87 1298 -946 -330 -810 218 -162 -1263 -1485 -627 993 -362 569 -865 1827 -605 473 442 -246 306 -1428 -611 1033 627 -648 312 -256 -77 -341 -69 -517 836 -1638 -523 -60 -405 172 
902 543 -129 -210 -231 -400 1119 -68 -1399 1550 -81 -706 -239 475 1238 -782 1138 808 -197 576 857 -1093 828 -106 -303 112 867 429 -162 427 -1311 305 415 -40 -155 887 835 663 -41 -74 112 -640 669 132 104 -148 -1165 -1390 -480 -105 -107 -697 -27 407 177 10 -481 451 -725 1695 443 360 -378 -943 -768 1821 -688 481 -624 793 -943 -140 -370 -310 577 125 -456 235 967 -163 179 885 -536 111 -809 1141 -394 -496 -612 -82 196 333 -24 207 581 -423 -689 998 44 -1408 777 -342 647 1614 -288 795 125 -512 -136 -804 222 516 928 -320 -426 584 1041 -364 845 1160 909 -1091 -597 -236 36 446 146 319 -397 655 100 704 164 -625 -236 144 -782 397 83 -261 409 834 -320 262 79 -414 860 155 747 8 -857 798 -812 567 632 -848 -864 -228 781 -882 -31 -624 306 -803 273 173 -1053 -305 -471 556 -439 -303 -602 172 -736 57 1319 417 -302 -464 222 -130 -55 -232 -181 390 -291 519 -826 -272 -314 719 -1410 729 -255 1245 -282 211 -1246 148 -146 -364 783 -203 40 -852 120 -116 -1224 466 -400 756 276 510 -550 209 -586 622 953 1888 -990 11 -99 988 -591 -1837 -2351 182 421 -366 -278 1052 -1192 -572 333 -840 1331 591 -475 1695 -211 64 613 1188 -504 1529 -125 45 -359 715 -388 -1278 -197 886 -573 -58 655 1041 433 889 30 -868 -525 -220 997 -1103 -1355 512 -1 -593 -824 -1275 -1569 -476 303 226 1275 974 1313 0 856 -768 490 607 -140 748 398 -496 -440 609 287 -812 495 147 -182 -1057 376 -235 41 -158 693 815 -359 -810 -143 -33 -577 864 -299 -105 474 -658 565 256 -355 921 -1250 -728 -928 -1039 505 -554 862 -513 -796 123 -989 -86 -739 1335 97 732 1006 -2452 698 -571 -1833 368 870 -71 -639 1231 709 -1961 1014 -500 513 587 426 1085 1722 -1228 -618 1514 1074 625 642 19 -449 306 -461 -660 1002 -428 -941 -514 504 506 -1066 -1164 285 76 -1815 -706 57 111 256 516 -467 117 -221 880 972 313 57 1038 615 720 -560 71 -592 -669 -1535 -385 1443 78 555 108 -709 -751 
239 1217 -66 -294 -79 621 -304 -605 1126 1050 -569 -1447 -1237 -486 285 620 -78 242 -827 178 -82 894 277 -1029 -1075 -163 943 -420 -524 130 61 -196 1395 -792 -621 469 622 721 706 1002 -389 -174 105 618 654 355 534 385 -128 2090 641 314 368 1336 847 552 299 -1279 -266 911 64 998 713 334 340 -132 512 97 -327 747 350 822 451 99 141 -968 -451 1485 -358 -47 -256 991 1342 -438 -788 506 31 -35 1054 699 -490 622 261 -584 -300 1253 -270 -1310 -1008 -571 -250 20 1228 487 -829 -1098 257 -208 174 -578 -132 -401 -338 1064 306 1684 197 1160 119 1732 246 -601 -44 233 -564 -705 921 -746 -407 307 -634 -618 121 -630 320 -139 448 -56 1707 668 -291 -788 -1264 -1238 1121 1302 -514 58 -26 175 598 184 -233 -147 -611 414 -71 -502 -533 635 -248 -1653 0 489 1738 982 784 232 182 781 404 -336 -923 1428 -838 -541 -259 243 380 4 -1162 24 -263 -473 -249 298 1138 242 1210 681 -1012 718 547 119 -312 -292 5 605 -500 559 355 38 72 -579 573 403 926 -48 -80 432 -717 -182 -320 -822 -861 -83 -662 -497 655 870 158 -648 145 96 -50 590 295 916 -417 -772 -202 215 -245 -1102 1767 -134 -365 383 874 620 -511 689 662 -601 -1426 578 -174 -1211 -1262 -593 -555 -71 -229 1232 -134 715 1215 370 -298 108 -788 1131 429 -340 149 -410 33 -754 392 597 -266 -1204 1755 810 -36 -687 -982 236 -237 -1551 1022 61 -1884 676 -291 -326 -1138 -99 -1246 -642 -234 304 243 239 -430 805 380 -1141 -1046 436 -682 -1151 245 -391 311 532 388 2037 865 674 1300 582 -976 -3 -223 -744 -682 -779 -166 -862 -637 1058 37 1063 36 868 -553 -994 381 659 343 -730 -964 25 729 -105 503 259 1687 -1027 747 -353 565 -1057 -371 -474 -701 838 3 -233 358 1193 464 -361 -233 -1479 520 -346 -826 -771 466 689 1113 -316 72 -868 1096 529 615 168 1304 608 690 289 336 -1259 -228 -1984 331 -1301 -1087 934 -128 831 -887 -477 361 -58 813 459 -479 335 -180 -1384 -735 -144 205 922 569 70 
-1151 -665 -289 839 -681 1345 -41 -519 763 -92 901 2659 94 -319 -822 -586 -450 1202 180 306 -799 -501 492 726 35 -1126 -1190 -1033 -137 515 956 785 -905 735 -157 280 631 208 -662 1172 -993 -38 -1032 -521 -204 -372 -688 864 -791 2127 -296 526 321 250 -733 -97 462 -123 -692 -2303 -204 1161 -79 282 584 -20 -322 -596 -539 986 941 257 -36 339 -762 363 163 -252 -499 493 181 144 -672 -1197 221 -651 175 179 383 -268 119 -1538 1299 571 298 187 145 849 629 1277 292 763 817 -1026 -1282 -1273 591 1209 200 -221 944 320 -388 117 -1518 817 451 -164 -253 65 -515 513 -1736 -142 244 -806 801 -401 57 -899 1355 978 -502 1145 453 45 -291 -521 -54 -1122 370 224 926 1019 940 -849 416 280 -314 -9 152 449 789 282 253 948 -981 61 217 -393 -623 -615 249 342 572 138 1147 818 -165 717 -697 -84 318 -581 829 -35 -428 802 85 -993 184 349 -188 -166 -690 -863 -1362 -696 78 -1516 105 712 850 -885 1230 176 147 948 532 589 -11 -387 37 428 -1418 -200 -867 -251 -62 -294 -898 25 103 -957 2618 -971 1101 952 -821 -263 -448 1072 445 874 444 748 975 -305 -332 1198 -348 -579 380 1697 -658 -1229 -1230 -98 -1105 16 400 1437 -849 671 -1007 420 279 721 15 -1265 -118 -692 26 126 -1546 -914 -327 778 -915 378 271 44 -25 -100 418 278 -428 -662 -83 -1179 -325 -961 468 685 -1481 205 1406 -161 548 -916 -92 938 699 -1092 -1355 -29 347 304 188 954 433 1222 -445 657 200 -194 -527 -520 -491 -985 273 175 625 23 -588 -1501 -109 -537 -837 247 -565 877 -630 -12 351 413 -705 533 253 1279 81 1353 428 35 570 772 1204 870 -1117 -545 255 -416 -903 221 -1193 -694 492 -789 1405 274 -718 206 202 148 -836 570 384 415 496 -297 323 -754 31 1337 505 129 -37 -328 332 534 -1716 -1819 1082 1028 724 -28 -486 445 437 -1064 360 280 -859 249 1138 -295 -450 -594 -223 -413 -1051 596 749 395 1608 -630 -796 -628 2466 -1396 223 -601 513 -527 -387 1084 1533 33 -1066 909 
-869 12 -854 -401 348 -229 -531 374 -915 119 36 -687 -188 -980 -821 -562 1223 -64 80 -60 144 905 389 -1237 668 1454 266 452 -396 180 -832 -113 1044 506 -461 720 328 -1048 -86 -190 1242 1067 9 -275 -1274 -609 412 -302 182 412 -527 114 -97 -689 -246 -131 530 -148 136 628 -953 -108 944 -133 -1123 -1177 696 445 1587 -399 1111 796 -299 177 -678 436 766 173 287 -1619 -92 1064 -1744 -446 -303 -504 455 -97 147 685 -163 145 636 -227 -650 -350 12 275 653 -641 -810 552 -1226 1036 487 -633 -23 -1422 -615 701 438 -1052 -1354 600 340 636 995 739 499 -187 -613 514 -731 84 702 262 91 -1010 -582 688 -866 -481 43 -842 280 1088 517 252 450 1011 -1062 -416 -836 43 -571 1260 -166 -296 -192 -398 -930 -238 -1618 653 -601 229 199 225 -1211 666 -643 -76 349 -343 396 557 -1777 811 -885 -423 1149 918 -947 83 -946 -385 384 -338 -869 1169 73 116 524 457 -36 -9 27 -568 -132 -715 -213 -835 -452 -503 892 -71 -450 -287 161 435 -136 -816 1457 1129 -118 130 1624 -314 398 -1053 -137 891 809 -150 -281 658 -83 -220 -773 271 996 -279 -234 -120 -589 416 588 1 -183 -348 -521 629 -59 -240 -307 252 -915 627 215 1046 -273 141 637 285 -457 1997 -916 541 416 -533 -670 148 -1208 924 1228 -881 457 -280 32 320 -99 -121 -95 -209 1351 402 -493 -571 -1049 836 285 31 -20 -115 -65 997 452 288 -973 299 817 -1160 -371 615 -154 -283 914 1028 355 508 -1296 946 43 258 -545 -201 -629 502 -729 1009 -1908 510 -1472 38 -1530 1362 -535 728 -859 -1340 301 -770 215 1666 330 660 -410 -205 217 -580 -148 34 322 1022 -1343 862 216 -1187 314 -737 -478 866 -341 -251 -411 -652 -620 -362 66 480 -856 914 814 282 -630 1053 108 64 258 -249 1343 64 -395 213 -312 952 -118 1013 311 422 -298 -416 104 -438 -627 -192 66 -377 -611 1114 -537 453 -472 4 -29 -821 1151 1903 308 380 -511 -1392 600 283 -1032 157 240 456 60 -351 -750 -595 -1409 157 574 105 347 -534 762 -373 
-335 208 1307 433 -266 -127 -990 463 -208 795 638 -360 -1316 -1040 161 -351 205 830 -1261 -1411 -593 -779 762 -492 -505 -937 877 330 -268 -616 -1220 -41 -1040 -122 647 631 1645 -2126 729 127 -399 1991 488 -1243 -188 -503 -214 610 -324 553 511 650 740 -13 -518 -1177 915 299 -379 366 -840 412 438 523 -264 -70 471 -58 -260 -743 -2190 1142 -265 -104 522 195 583 -516 681 118 207 457 182 -299 -201 1 30 515 907 -851 1601 676 657 -305 952 -568 -906 -474 -1095 -547 821 -52 -388 1312 1030 -108 -369 -21 340 -1601 -198 1750 -2438 -388 765 -911 -390 1110 428 1312 324 -213 -504 1680 -281 550 -1154 80 -706 1134 1075 138 1161 -212 175 -308 1228 507 -962 -248 -1037 749 -88 447 -569 -582 672 -82 1285 425 1174 226 -866 449 26 -27 -61 -715 637 -170 510 366 -1142 367 -816 -324 -833 577 -903 -621 -1140 -111 -647 993 594 156 -1340 -861 439 -186 -158 1120 440 53 -743 1116 -14 688 -96 -2695 381 11 -81 155 1086 291 -61 118 -746 613 -1265 -482 240 -711 -529 -1136 1147 549 -606 457 482 -2562 598 38 -1622 1087 -1160 -461 -755 302 -611 795 -332 927 -1126 106 -1261 826 495 1753 -627 -542 94 -295 790 228 1065 486 621 89 163 737 -2 150 644 655 1200 388 465 1422 629 -1344 -30 -795 -51 -6 453 -143 367 -421 -895 48 1171 1113 -192 -256 -715 1340 128 -1593 1478 299 343 -896 775 -352 -1507 574 -44 -760 -499 401 -178 462 -899 115 -614 -81 1319 -369 -81 711 -809 -488 -1048 137 -1266 1206 1202 -237 -152 314 79 -610 36 390 -369 540 -187 -625 1138 -1634 -514 559 281 -1027 525 326 -668 -411 1064 -175 -78 255 -955 -1245 912 -59 -96 -424 294 660 399 -405 1255 -966 -1117 -287 740 -199 212 479 954 -547 486 -286 -1209 242 540 -44 -193 465 -284 -371 787 -216 471 1400 -813 -226 219 781 -1613 239 531 -64 1221 -743 87 1216 -65 1522 841 319 -1014 -475 348 436 -293 -1050 1709 -650 -1449 435 612 -467 104 -775 -1702 776 -303 294 -59 405 713 761 1026 557 161 96 
139 377 -396 349 -555 -350 744 943 -347 204 -939 815 -285 -265 391 -839 -424 350 910 -774 155 -122 -1021 42 1070 765 -786 689 58 561 -919 -201 1050 1629 1198 -123 213 -769 212 504 -1435 33 -1082 12 -466 355 -424 1264 246 834 593 563 179 -1076 -157 -905 -553 272 634 -1187 100 -467 623 -258 852 825 211 17 -426 -58 -57 -936 931 1036 -779 1661 -121 650 173 -169 -603 180 -106 188 -61 -575 -1061 776 -105 -605 -303 260 -1413 -1038 373 807 948 -336 -763 584 41 -391 1142 -628 -1821 -591 734 -974 -1342 -997 1386 -465 -527 -312 655 -1870 294 -550 -498 -373 99 -1062 211 571 60 252 730 143 171 -937 -262 -1100 -518 506 -1065 1099 -273 -384 -457 -521 -30 -966 -168 -1412 809 -936 -683 1113 881 -139 -194 664 -873 1409 -1257 -999 1028 809 -45 784 1179 13 181 -418 -215 118 704 -369 507 -817 -129 1144 314 -1302 784 681 480 -626 -231 -74 -1124 65 -220 429 -893 25 392 313 -1773 732 -798 624 -621 -209 335 -406 -533 -1418 -1910 -151 -6 1432 -869 415 49 207 128 719 -1355 -1276 -117 1354 -1317 631 568 -729 -505 -198 -752 -284 459 -699 605 -153 1126 469 -232 730 -242 89 1667 54 884 -1259 -657 712 -687 276 -1495 344 -137 -1529 -118 -345 337 -746 -195 107 1272 -260 -267 761 -415 -1374 237 993 460 1105 1272 295 -343 372 469 -611 -532 1904 -634 439 -415 -424 15 1298 380 295 -302 -556 -519 253 529 -1095 1692 -94 1015 -317 686 1843 2371 347 -256 221 199 184 -459 751 -443 -781 487 -328 -255 -468 -193 -179 -886 231 281 -454 139 408 753 -1460 298 476 -1029 21 -20 578 -429 -560 -2 753 734 37 211 231 1281 661 341 -1480 301 -816 -483 665 -924 394 579 -548 -386 -335 -1328 1724 -879 -1101 -367 -968 -836 96 160 125 860 -660 151 195 -264 10 -423 -447 663 -79 276 -2443 -1546 -767 421 -1368 419 232 -1351 537 1104 -367 178 -337 -80 52 475 -1495 939 1102 162 305 -104 1232 -1085 68 447 -1564 1260 51 -520 1131 -452 -256 151 -641 339 187 26 506 1585 548 
246 -269 -310 154 -108 -1402 -92 1174 1138 -903 -821 1263 404 -699 1016 1278 -827 620 -224 -1508 937 735 367 -201 -1294 -126 896 -380 -1053 963 -915 -434 -421 -151 -979 420 -479 907 -884 -31 -300 566 -1509 68 1483 -1485 40 1019 870 -335 -340 -602 -1457 46 1094 -129 -5 -304 -503 -629 -323 27 -753 312 227 90 862 -128 659 1004 -668 377 635 30 -282 942 499 -154 598 -67 1074 284 -484 -573 -1474 -208 -179 -532 764 -902 929 372 -729 554 188 582 1290 -66 -313 -1066 -463 -26 120 1023 371 1204 -322 431 -365 -210 -1102 -869 -269 1127 101 161 805 347 1467 814 239 663 398 76 431 48 -204 746 -1649 378 -1149 -73 -229 -1177 -210 -84 495 708 -38 -148 56 212 698 71 -535 358 -846 -705 -1491 303 -989 367 -492 273 1855 761 -513 405 -1094 747 -1213 -642 173 91 -1463 -100 -964 -160 1075 -801 1525 1460 647 199 -1054 689 744 282 -454 51 1531 1658 1249 316 607 308 1077 69 -431 384 -536 278 -29 394 88 -913 614 781 192 -510 903 939 -188 93 867 -984 676 735 1176 203 -11 316 748 311 -488 -1208 -1651 -685 439 1858 409 499 -767 633 -304 -1 -434 2038 347 -331 162 1442 -288 155 -711 79 100 -40 87 140 -539 972 -3 -1258 1084 -243 246 1437 -481 -514 -488 -810 -65 -1287 -594 617 -542 -41 -500 1059 1021 1499 -8 -992 344 244 189 -120 525 598 -180 551 -1290 -1123 136 25 229 -604 1004 280 -309 -520 63 -578 862 -985 754 845 215 -2 -1091 523 77 -639 -673 1074 30 375 883 693 -1114 339 16 123 -704 -315 841 -103 -643 -158 -221 46 177 -282 -1122 223 -672 -1658 644 613 308 1170 -1012 1440 509 1490 -652 -1148 -885 354 -431 607 91 716 -719 -1881 -665 7 1005 -267 162 420 467 325 -1670 336 1481 51 -1266 -58 198 1203 -920 -727 200 -243 -14 398 -1368 -407 71 429 1008 -285 767 272 -490 970 -1309 -347 911 1064 -433 -1254 479 831 181 -327 515 -1003 1048 -34 49 -510 -575 189 -799 -92 -329 -436 436 -351 818 377 509 1114 846 157 -86 -739 
-195 1060 -237 39 342 -78 158 -742 -630 672 -77 183 1053 -651 -191 -981 522 -300 -644 713 16 -833 -642 402 737 -22 1972 -1005 725 -98 -195 496 -97 53 -381 158 854 1578 -711 -512 1516 1086 905 -511 345 -594 1189 27 355 100 829 727 -388 -1611 903 -148 -331 1314 206 821 404 -897 -1223 521 751 650 614 837 570 1201 1374 1358 556 -114 441 -330 45 -382 871 -275 989 1331 -1245 302 -557 -260 1782 796 791 -902 -96 -231 -290 20 -420 -545 -1140 154 -249 98 416 648 -1137 71 -440 -480 -510 1486 -318 154 443 -858 -1041 -1064 622 -296 -196 1035 -283 -638 -535 595 652 175 307 -658 21 -241 821 -472 -666 -596 64 -1184 297 1562 -720 -137 -233 1084 825 -191 413 885 426 139 -1040 -351 2062 722 -1006 84 107 299 -448 -770 -148 707 -301 49 -10 747 419 220 -1197 -962 -1145 471 1489 517 826 -262 -326 -562 -391 -1181 -462 613 540 1610 -1303 459 540 920 -744 -485 681 -1711 153 -407 700 -624 25 -66 -1106 -444 -350 -759 -957 -980 1376 -537 200 299 -123 1204 436 -213 815 -709 -720 601 -820 421 -44 327 108 204 36 752 -156 -259 -879 -1099 1374 -524 -824 -1166 851 356 388 289 1152 -322 -44 -116 -227 -862 -872 -731 -358 938 40 218 175 154 299 1009 551 753 -782 -298 358 -262 390 -249 507 -362 2075 574 1586 1091 -1137 -294 999 -1158 346 -29 -313 -6 -1202 -153 400 -176 -641 -1144 -705 55 -1266 221 563 1341 -615 556 -612 -760 398 1863 1165 -470 -620 -109 1294 -394 -439 -1143 -673 -269 483 -2069 25 -314 -175 -319 -98 211 -300 -607 1146 -1104 69 43 214 982 -1000 -1133 -734 446 232 -481 1264 1392 -194 75 548 378 -97 561 -1142 -412 387 228 136 -128 525 899 192 -751 764 -90 302 -154 441 72 931 -99 -231 707 179 96 1079 -451 -593 -1132 144 815 415 44 968 -213 1 77 -200 164 607 -1570 620 -676 -538 1111 -525 766 740 159 622 -1517 -412 -984 515 1114 286 -869 -25 619 1011 396 260 418 -742 872 529 50 -534 -334 801 -886 -104 -805 168 419 
725 190 -331 552 -1660 108 369 527 -752 -591 -36 -925 -265 811 1216 -591 298 363 90 -440 1445 -186 65 -810 101 -749 -1695 -534 552 1445 214 421 -461 -234 607 578 -776 -1775 -49 -1184 268 1193 976 -707 -425 -1729 -198 2269 112 255 103 1155 1121 1047 1220 197 405 -520 -80 -608 141 -80 415 -213 389 -651 1218 600 -786 -1193 -928 -198 -213 17 1275 -763 1098 286 -130 382 -440 688 -1037 648 745 323 -878 -119 -1520 -922 39 -21 -1903 -676 289 -218 774 -121 -298 -1616 424 -250 -329 437 1081 -1005 33 692 -764 -536 -1252 1120 1276 -436 252 623 -1341 1627 -151 -424 729 -487 283 1015 -221 348 -1000 1342 994 216 -206 119 1693 1267 -340 407 532 35 -56 -325 2154 1493 -656 -514 722 -47 -506 1393 1399 -1402 -107 449 -1184 308 -562 -548 -876 -1030 226 638 -1329 255 908 -177 1301 -65 1316 863 -415 -1426 -413 -834 34 327 -372 50 929 159 923 1776 114 169 -757 1328 -228 -653 14 -81 394 -167 570 -482 -103 1050 865 2140 567 190 67 -309 -837 438 565 -413 230 -1996 457 -100 -808 -1152 -988 -11 503 -89 -484 -896 430 124 1827 950 421 -129 616 -621 1344 -538 349 630 -909 -420 1188 335 1350 212 3 -1187 294 140 677 -107 303 -477 368 -142 2228 -649 -215 -36 1264 1482 1086 -549 -1363 439 -419 595 -49 -858 -213 -95 528 -1061 746 922 1563 -719 -993 1616 -1008 -528 880 -1459 2147 -275 2186 -1065 -1152 585 -744 389 -1001 -512 -849 -198 -604 -767 -1610 -317 -1137 -98 664 -554 -1494 636 -96 901 724 357 348 -601 -678 1282 -657 -1521 -372 113 658 1247 -274 -358 447 1339 -194 124 402 142 -310 -1136 -244 558 1098 -513 593 -1133 432 868 567 20 -316 271 -861 -1479 6 -961 1686 220 550 -9 222 1478 1065 468 -189 299 9 -783 -471 274 -1769 281 -622 1082 -171 72 23 1011 1081 -540 610 -949 961 -136 61 191 491 -380 -368 -734 -1793 -106 262 -500 -416 -896 706 -800 1424 -140 -1752 -1297 327 559 123 -465 -844 993 54 -1081 -111 1004 -795 -574 610 1196 1697 716 98 401 325 711 
-781 77 768 -1381 -41 -1286 -347 444 86 -991 -788 -616 630 164 -788 471 816 67 -1082 -1544 -1078 235 -243 302 266 443 782 -134 1465 1066 -1409 -26 -722 485 -1117 -970 -1019 -739 979 -271 10 -285 -100 134 -10 -347 -416 370 1640 -396 132 -481 1054 -391 359 1202 -638 74 -224 1571 224 546 112 -309 -272 -555 260 594 170 412 -1551 518 311 -1378 -555 -633 848 224 -830 508 1067 -433 444 -616 -383 -909 -225 -574 -192 197 1304 -1453 1384 785 -646 247 -633 -212 -282 -338 478 -452 -1397 -182 770 154 1365 282 517 922 410 -571 554 353 932 534 29 -332 -332 -826 222 183 690 1095 307 -245 -205 888 -242 310 112 -218 -252 -308 -862 -187 -232 336 143 -718 -1597 479 171 1050 254 -650 -700 -1378 -532 -346 -1138 1076 1464 74 114 1106 -92 -657 -968 -254 -1181 114 -664 1178 -599 -976 -1470 -18 882 -806 357 931 6 -33 -79 1368 937 691 -144 -924 67 -195 613 -1 120 -876 -2107 -231 291 411 -613 -262 -1373 -164 575 -8 -434 -1225 164 910 -845 -571 468 -40 1320 1613 24 364 452 524 982 31 -360 412 331 969 -528 -325 734 -732 -509 -372 -115 58 1303 425 285 629 207 24 497 -330 -650 -367 -623 6 870 171 -1661 133 716 -726 415 -651 626 -1014 701 -557 198 53 -178 -316 632 263 -11 200 -562 -1397 269 -1619 1395 -847 626 -438 -364 814 297 881 -829 1641 141 700 152 168 211 434 368 52 1004 209 -707 -424 -361 1053 -849 -568 1704 -272 -1136 901 -175 696 -573 -152 -126 172 -794 -769 272 -254 -644 501 218 -466 157 -65 1574 113 -630 789 -375 579 -583 1101 385 952 -231 -183 384 179 -197 1471 -1878 2310 464 -54 684 -183 -676 357 -1637 -708 782 -53 486 304 -611 466 -1011 -486 -782 756 673 -610 -1165 252 957 1415 195 1235 1251 305 167 642 -1170 92 1062 -9 -393 -49 77 301 284 767 -125 243 229 -560 -794 178 -558 -397 -242 794 -760 -578 -1188 1137 789 -902 658 -530 1032 481 238 -479 171 569 34 152 600 -458 -644 -2662 -844 276 45 -151 175 -27 
851 76 890 1013 -426 -649 -1018 383 294 -191 -559 379 717 -949 -120 1782 458 310 131 1205 -121 815 379 -872 484 336 343 -358 753 181 -1021 -442 -886 591 -1124 -553 574 38 567 754 248 -763 878 817 -1315 566 577 645 879 985 290 334 664 -73 529 741 16 -62 -1204 1561 -760 -686 -891 808 896 -714 291 1273 983 -612 368 103 738 355 365 -953 339 496 -71 -230 1127 -220 473 -1082 -908 1034 419 727 509 155 87 509 449 -29 -280 -848 218 302 -1642 200 -773 -674 131 671 -1430 -1196 -1198 -196 42 219 594 -483 -481 -106 -453 584 599 461 516 -536 819 -312 490 335 -674 -158 -425 -107 -520 -951 -344 1017 265 -976 -828 1100 748 148 -354 -837 -1089 -1011 232 503 -498 1576 330 -406 -875 -801 -860 -292 269 348 -489 310 -619 -682 289 606 -384 -142 -486 -183 508 493 -1031 210 -334 744 -119 799 -949 -519 139 -577 903 23 905 819 -984 671 732 -804 -282 -296 -16 -132 1042 -237 -1067 961 110 450 -630 817 -128 -624 -1120 744 -492 360 -1061 601 527 565 1169 632 -1138 289 1784 -187 -109 -838 222 220 822 426 58 -866 -1626 308 -1204 312 -192 -938 290 265 -732 355 -463 -121 -992 -258 454 -119 3 130 1110 1090 -25 584 -385 -496 -917 -207 -71 154 -381 6 -1253 271 464 1416 636 -954 715 -2218 -779 -468 -1675 1423 -302 530 -702 -165 -257 282 517 -282 961 186 1012 -331 247 961 -497 648 -642 444 -180 181 -1582 505 -687 -511 149 1307 378 374 -610 -388 49 1107 -417 -799 -522 -48 -1380 -662 -809 287 -424 -483 597 -4 470 714 574 -878 457 121 727 47 -610 -240 644 64 -520 502 535 -682 -490 373 -734 754 -825 125 374 510 -233 525 285 679 450 104 -603 621 -349 31 360 969 -508 527 -666 -230 556 -534 -284 116 624 186 1006 -504 -330 -945 186 -1992 -182 -470 1421 1693 15 -319 -379 670 -499 -268 -271 -20 -356 849 -69 936 236 -876 -688 -392 1696 -570 678 558 730 -837 70 660 376 562 -350 958 -14 1916 -959 624 -741 -49 1057 -1871 1202 -935 
271 -509 -11 619 -214 -8 929 -2353 -559 1119 732 770 591 992 1237 -1466 -2252 -1579 -446 -359 -606 64 -1232 303 -98 1208 804 674 -58 -151 -312 -78 2 49 545 8 386 -1442 760 -111 172 429 998 -1343 423 -803 -746 455 631 -1126 -1094 120 -454 957 663 -1803 957 -1275 108 -670 -316 516 -919 641 -849 -1211 -159 279 -422 302 1759 1240 1544 934 1111 1175 403 427 -93 854 206 688 -340 47 1227 758 973 -532 -133 915 564 -394 663 1219 -194 -561 928 -1077 -1064 150 682 589 1159 436 -288 -1482 -863 -1187 218 4 -591 142 1789 267 -1511 297 510 406 -625 286 -223 -319 -146 -1524 -20 143 948 -630 -1006 -1013 -355 -816 -478 -65 -921 -1359 500 -59 271 658 -950 -1624 942 -748 585 287 -24 -1378 715 285 -510 -984 138 -471 -328 -1197 592 1544 -248 942 -163 -390 -667 -620 170 -198 -413 357 -413 -622 -59 -97 -198 -411 -1072 -747 -1072 -977 -728 -475 310 277 -844 -98 -906 -873 161 692 247 764 13 -396 -263 -1146 -373 -1492 -478 -627 175 638 281 1005 950 631 751 457 -577 -693 -67 400 635 1558 -1033 151 -52 -782 -369 -275 -1329 619 -8 -450 725 -454 385 783 622 979 -989 -414 -488 -406 422 368 -774 -174 -905 37 -1098 -174 1096 108 -285 -215 -464 650 521 -707 -460 -730 807 -963 1393 805 -534 838 106 424 772 -519 -836 651 637 -1163 -43 -94 1230 -558 554 211 -109 1240 -1095 700 696 178 -298 -214 316 627 -1025 770 -604 1831 521 -1573 156 -880 -161 348 -291 -584 101 -594 -709 -635 -377 -1478 522 -394 -210 206 -88 -873 134 16 516 319 660 -456 506 -280 826 224 -32 380 -1402 -649 339 680 1488 357 255 -168 -208 1482 823 -1928 1652 299 -485 416 1943 486 -26 -259 1021 66 -1347 -92 1050 1178 -265 -418 -652 2028 -225 -316 386 -1348 1216 370 46 157 1077 -1157 -1017 1044 53 569 384 367 529 315 401 1770 608 -1019 146 -262 1212 -608 724 719 436 597 -253 -125 -686 -371 695 -12 -566 -485 -1211 -1445 75 655 -1784 -214 -1005 635 709 -1988 -355 -397 966 -216 1297 -1095 
-401 249 -265 -674 887 -187 -800 1252 -358 635 -1074 40 -860 -56 -1316 -1134 -178 -720 175 105 244 -916 765 696 239 544 369 -1011 -492 396 -2992 -1023 -234 1436 364 -28 411 -723 229 271 739 339 148 -558 705 652 -1753 105 -162 1209 -1970 360 -962 767 211 -2099 96 1169 907 -558 -489 -376 -892 -1127 -205 1182 -931 519 -603 -108 -325 803 -248 -1047 677 427 873 1561 938 -18 -277 572 -1196 1033 -495 -983 -94 734 -233 653 -250 1393 -198 206 884 -724 49 397 -433 74 -146 -1009 683 -1098 -515 -496 111 -49 104 285 -261 -702 268 340 -127 -596 -54 -117 54 -193 92 -986 -1551 865 -186 531 164 369 909 -170 975 -154 -147 513 624 251 -1491 -266 824 437 -683 -238 -47 47 -933 -225 445 -656 238 463 1223 -655 -207 584 -1104 287 307 385 -1088 234 -611 881 415 -1488 2045 11 81 -645 489 -152 -1250 -338 1582 -528 794 1326 1122 -34 483 429 -158 822 -1172 -876 -831 60 -649 703 -179 -261 -576 -208 -180 -779 888 666 -551 1580 -290 372 916 -352 267 -283 -1373 -617 -302 -685 653 447 992 -932 -318 430 679 27 567 13 -1898 874 330 983 54 -1036 -89 -1042 -42 -668 -150 -481 -913 -156 352 563 -638 -14 -634 726 -937 442 -1802 226 620 884 -912 296 694 306 -945 934 -488 1828 469 1466 721 -533 -455 870 1022 194 -199 726 548 -87 641 -541 -935 521 774 -433 -1224 -240 -69 251 -27 605 6 -513 876 397 -54 86 -548 65 631 -137 -1412 745 584 1542 223 1372 -816 -546 -639 -1043 1183 -335 1481 -1424 766 288 -1250 -658 -1306 -694 -1158 605 -390 -291 -67 536 1375 624 -1295 152 -606 -1161 774 241 1035 -361 679 -1755 -726 272 133 -1527 73 -934 1220 831 -854 -860 1198 -1402 720 -791 310 290 157 -1010 824 286 754 -564 -797 198 -20 1092 79 -777 -1021 943 399 1516 -605 288 -90 268 88 -804 45 -549 148 -1102 -1285 533 -10 318 125 -411 73 77 -337 -979 496 560 -889 1235 -265 -780 -114 -790 1091 1037 276 -84 -1338 104 -1405 233 -423 -749 -400 -273 213 -345 -1145 -2272 
-53 -511 886 -645 160 -928 1457 209 1049 4 280 38 755 327 324 -275 481 184 1785 -201 -66 313 -685 221 241 1133 1580 -411 1447 175 -640 1145 -592 534 668 53 -455 1315 152 -250 -175 -59 375 606 -1183 -575 -1346 1322 466 -736 -686 -1247 -1299 81 1682 1009 -194 -247 270 198 488 317 727 26 -13 -42 896 1152 -1065 21 1569 891 -528 1219 777 530 624 175 -479 0 1130 -451 -412 -637 -562 277 596 -716 142 -719 -1245 -657 530 -1357 -310 -397 -1084 -18 1116 1003 -411 321 1332 681 -1255 785 20 -432 524 -614 389 521 357 -1363 -388 14 -84 965 675 -795 -1155 288 760 916 -92 -1371 487 793 -233 -1386 82 -343 -235 -231 -341 238 -840 -274 577 725 225 159 342 207 -872 -1051 422 623 -1044 -90 990 -1308 -1296 734 -199 125 903 521 -965 0 508 -190 -1345 217 -1 24 1253 608 -284 -1137 -157 36 360 12 443 -1259 397 279 -349 -62 -873 486 -93 -307 -1081 -162 375 -739 -30 1215 208 914 -383 978 878 51 -168 432 706 666 41 229 -325 690 537 652 -86 267 389 69 106 -506 45 157 122 -930 337 -731 359 -253 604 787 244 320 -289 -954 0 112 -443 -328 294 231 -360 243 -1151 438 -1286 -707 -1179 -786 636 1354 494 -653 -337 -863 172 526 477 -888 650 -2 -93 76 1023 -212 106 -1127 -538 805 1232 -842 -238 143 -116 563 -267 -513 -11 464 1188 -885 -76 303 807 -135 785 291 470 232 253 -63 -597 -834 1444 -18 15 -612 478 -1040 583 -27 -660 232 515 -1612 611 -475 -307 -324 -787 447 -211 -642 -1481 602 777 333 -812 492 -165 592 122 -245 -759 421 1155 952 -95 -573 74 1068 229 -444 795 -549 -745 -369 -162 -194 -419 183 -400 -571 -1504 -1333 -221 547 -804 433 86 -771 49 178 -328 49 -1378 -103 -205 129 560 286 883 -1069 215 -1126 367 -1869 -606 -815 -15 88 63 -285 54 -286 -495 209 168 875 111 -469 -315 -1530 -508 -382 -281 -880 55 -742 -192 -280 858 -1160 178 119 -1660 1202 763 693 -509 -554 -1169 -575 -435 18 361 -702 273 -135 
265 780 -165 -305 -171 -1324 595 -14 -690 367 200 -309 308 -21 1553 -1802 -207 1128 -50 -439 141 401 86 -124 -104 99 29 -1295 -816 934 -492 120 -1617 -605 -618 895 -489 -879 -410 57 -2411 341 -614 831 876 206 -496 -1240 -812 51 290 1886 235 -587 -816 645 61 -643 1069 1155 289 -872 1551 1451 -147 -541 641 -314 417 -889 -645 -1167 1459 -1499 -94 -882 220 70 -406 -1332 12 -551 -617 44 -2260 -328 495 -86 -360 -1308 482 275 -50 1426 -584 531 -377 941 -35 266 -1621 129 -43 655 1032 -539 19 -301 -1388 1329 -259 -335 -746 -321 130 153 70 -1377 -248 -1023 -115 -551 -584 -555 1411 -202 715 -146 44 -781 657 700 255 1030 101 -38 631 513 -749 -173 -117 20 -904 -464 268 -1141 -173 -51 -2189 -645 -544 -60 -1234 -505 662 -458 -1069 -665 -595 -1123 470 511 -64 35 389 -419 434 478 533 1 -127 -635 -42 221 972 588 366 843 -1165 558 -957 -883 397 1127 503 -280 -1028 111 673 1152 549 -218 1684 -570 920 791 413 239 296 825 -645 -1450 -551 96 553 581 643 -203 282 -512 -311 1115 -1403 -207 587 -6 -81 -178 1722 -276 -75 1535 -169 -661 523 548 1971 167 -522 -322 608 -1281 1224 -754 -1746 763 546 1760 -1056 1693 -506 -188 491 -770 406 1255 1456 299 -595 -480 -73 -1399 22 1215 -273 -1008 -277 201 -46 543 489 259 1419 369 -633 -1142 -932 2308 -1024 606 -490 -679 -1191 229 1578 1734 -168 192 -514 -714 -542 -50 -290 -1026 -1029 2101 -296 -24 -251 -397 -807 376 1320 -875 -102 1272 -169 -358 83 141 338 1179 -455 -225 90 -1347 -381 -387 -737 -1062 -159 -2473 853 738 -904 162 71 325 -1021 79 584 17 384 729 -576 887 635 -775 -241 -294 0 585 -239 -367 44 336 -786 -558 -147 387 -33 1048 -1174 769 780 -118 -325 -796 -345 68 700 -194 895 -449 -1263 -363 177 493 -413 596 1090 -885 218 282 285 312 8 -837 -547 567 -3 70 -399 85 1761 274 -1408 3 -361 780 -253 -896 202 -552 297 -529 -154 550 -867 626 -1086 575 -880 -43 -178 971 -246 -1240 509 -421 
1467 -635 -526 489 1336 -407 -63 869 372 359 -245 278 655 -1446 153 -402 681 -1393 1726 491 -721 978 -135 -15 1429 -201 -641 -1031 -552 -637 -478 -8 1760 1575 1528 -827 39 -757 -231 1449 642 171 579 -421 410 -40 322 882 623 121 639 -1158 759 23 2313 -1015 623 2180 -65 14 -299 579 -470 -2334 899 267 -472 44 385 -336 -68 1375 -581 1083 -476 -310 254 296 495 227 170 224 270 -1611 1030 319 1749 772 -201 1217 288 425 894 287 850 74 -391 -615 -1096 -227 613 -437 1018 -646 -758 731 485 415 581 -988 -205 552 -429 -349 -1136 -981 733 -615 657 -266 545 106 857 458 -238 39 223 -594 -650 634 -231 -1015 -365 704 -379 200 -276 -701 -903 481 1014 568 -241 36 330 20 -471 791 -424 -31 -629 -5 -475 592 -1412 572 -505 270 266 438 349 -1194 1511 530 -985 -1265 -485 -1095 772 509 734 1856 -413 -227 1372 -121 448 -867 793 -282 -1410 -233 253 920 169 -430 -465 829 -2270 -412 -558 -50 -328 649 -220 -497 -49 -254 -983 174 -348 -372 -153 -31 -388 312 -271 513 683 -510 -827 165 -325 1336 -57 -2140 856 533 -446 169 782 662 -334 593 -599 356 856 -262 392 1365 708 606 852 1315 608 -849 -793 744 -1928 -398 -518 -1105 816 -670 -980 -756 -102 -911 60 927 838 368 733 -537 200 940 -990 -1092 -56 713 -525 -20 -1200 1291 -251 1379 -135 -381 -130 -887 -401 -379 -162 -1122 -2042 1321 10 -858 74 277 -472 -142 -127 418 2133 -884 -904 -380 -201 -404 -1456 111 433 -882 -510 34 -41 689 1245 -984 908 -12 -328 -120 63 -126 232 -87 -201 1075 -183 1102 521 -225 760 320 753 261 -656 -373 785 -164 18 -577 697 711 337 -242 1356 -677 35 1339 -873 -1245 -1301 -302 -774 1116 -415 1039 -604 -750 609 -255 -747 461 -292 -36 1271 508 -689 -1323 359 -1168 -211 -39 -1432 -296 -1609 771 652 226 -536 -985 -594 558 -468 942 -604 211 -485 588 108 -1371 1166 693 819 187 1222 -26 1192 -422 472 -522 230 487 -544 502 -662 817 -106 753 -151 646 -4 306 -168 -281 -1167 -290 
-229 -908 -98 222 398 156 -746 173 -782 -390 -245 79 701 -3 -1397 403 -1460 485 223 390 740 843 -155 -210 -1125 621 -1500 -132 -681 -476 -48 -192 -445 -114 -1045 1480 245 868 210 134 -117 741 1094 -867 -103 -549 -152 946 -1188 1790 203 -974 -508 195 965 1330 1415 -1127 -179 1126 -727 -197 -1555 1695 543 482 -363 414 380 964 -1177 -600 -768 47 -62 -352 750 174 -168 352 719 125 138 718 925 -388 198 15 1188 -230 321 365 654 -501 320 638 -2 -616 191 -364 -629 47 973 -619 47 -266 816 168 903 66 114 537 -132 -1787 784 -260 -489 -726 727 778 839 1445 58 -496 1139 664 -1607 79 -1042 -493 670 -1079 -1286 -538 -121 -167 897 -15 1320 -804 29 -190 658 910 -505 696 -655 255 -252 -539 -327 -677 17 -211 -174 873 848 732 -796 200 -378 865 -636 1417 -1255 1745 274 388 998 576 623 -1393 1074 -439 325 -128 -1190 98 1135 196 -1072 299 454 -249 587 -53 -569 457 60 -1204 -702 -986 -171 403 -267 -1014 15 958 -148 209 159 -385 -222 369 -1293 502 832 -197 302 -452 781 -171 -315 213 -1123 -1086 466 -712 561 403 -495 -76 -165 -689 467 -1255 606 -272 -792 -497 -885 -2398 1378 -186 -93 -422 -267 20 198 -1456 -287 -656 -510 -1070 -567 -801 913 69 -54 -812 828 173 44 -988 -1275 719 463 138 829 298 -660 767 -33 349 815 629 -143 -908 458 -115 46 817 -380 -452 1566 1490 -1105 -1076 -568 963 797 -890 602 -1352 1040 -794 -916 860 -283 -122 1191 457 298 -535 -626 298 867 5 2014 -212 -989 158 -87 -411 -1015 728 -562 179 -310 483 -813 411 80 880 670 -1451 597 -442 1837 179 77 -237 1387 -1111 1185 1332 578 -406 220 73 -58 -451 713 -278 -858 736 845 132 851 -42 653 -651 75 1851 -278 202 -743 -406 1000 -287 -36 264 -309 -101 -836 -1963 -15 456 248 627 1217 -411 1533 -349 393 1753 120 -116 3 -594 681 717 82 532 541 752 -336 -587 -535 268 444 -345 -1266 901 1500 -148 -123 -872 1105 -1306 1076 414 315 1425 -986 95 808 6 813 117 
-179 -294 862 189 -89 294 -979 115 -215 397 1150 392 -48 -1061 -314 -463 710 -914 -446 -392 650 17 253 -407 476 258 -4 -1031 -723 973 133 106 191 -1423 -146 728 -552 17 105 400 629 254 -145 588 -1365 -968 164 863 -157 -1295 -348 -909 -868 -1195 465 -1264 -79 529 166 771 -62 -983 -578 131 261 -106 -287 -1042 282 -59 1195 888 1035 -132 139 -445 -122 -527 217 238 2040 -1570 1313 -625 844 408 -230 -621 77 262 868 48 -49 -719 -63 -291 -1374 -146 -468 380 1709 -421 -762 -998 373 392 662 1628 -1388 -545 293 -137 17 -426 207 -217 -1491 145 201 -72 -789 -274 1068 -1017 -179 -342 498 1278 606 -126 1176 560 -918 -2169 -259 452 142 -901 -791 838 75 -694 -1263 367 726 766 465 -588 -359 42 131 -79 -277 195 -1919 673 -25 306 -302 -317 449 806 -519 -45 625 352 -1052 1688 784 -783 454 -165 -912 -1951 419 -249 -31 -21 419 1514 585 -80 -450 -740 -694 -439 1304 -1358 523 162 -621 121 -287 -841 1354 -982 -86 433 690 -951 416 -493 -236 -47 351 -650 -478 -737 -528 -431 479 -1235 -856 -290 788 1944 -1791 414 753 -1412 -53 -635 30 -818 -338 1078 247 -281 8 737 -886 -2352 -839 225 -672 -127 -686 580 -20 291 -942 -122 862 270 -14 -34 214 -895 231 804 1178 880 -794 -1008 -644 1130 1408 -382 -229 -126 720 -847 187 -221 -539 783 1014 724 -287 286 -566 351 -1154 -61 87 -551 830 -277 -658 -160 130 284 1107 802 -242 -70 56 -270 617 -170 -136 1895 -452 -392 483 72 -454 377 872 -171 700 -939 519 1383 -725 254 1034 -812 9 550 -427 -447 55 -789 800 -287 -9 251 264 -212 -9 -736 593 900 -1846 -1145 452 -1302 645 102 563 -38 295 -1089 -179 -506 418 988 688 -751 379 -1241 260 -1270 239 -1725 566 -741 134 -362 -793 795 51 -267 615 -111 624 1747 -353 -1637 443 -841 -69 1286 870 1143 -73 -2017 -327 303 338 466 864 648 25 -2091 851 -830 -50 -1197 -1180 -720 -1131 302 271 -176 -38 966 -118 297 -2033 734 1893 805 -796 1206 693 -166 249 -969 
315 -365 -918 -1402 1439 1785 -358 -1436 -194 1073 -336 616 -407 -512 -380 832 -881 773 -1601 -606 893 1051 694 -748 463 400 -881 562 483 -452 -1088 155 -238 -1390 -66 -631 51 1037 -465 537 -30 -880 1775 392 -1160 -93 -694 -64 -105 -872 -345 -337 -1015 -290 662 1247 703 -1223 300 216 524 602 -65 -1584 -555 -253 -375 492 1284 207 428 271 106 -61 -122 -1519 -250 470 509 774 -700 -321 -287 -26 443 237 588 -448 -257 423 -33 -51 383 541 220 -566 -624 86 383 605 -17 629 479 531 256 -709 414 -1207 617 87 784 -589 245 -602 -1329 443 714 -222 -276 -32 393 297 -291 -620 -1599 -341 -317 900 1155 376 959 -735 176 1292 -947 77 359 639 656 213 -90 145 512 670 -418 29 -188 -361 -441 -782 108 1302 476 -400 416 -17 -61 -878 78 -422 -388 1363 -1296 245 1045 268 -252 -345 -403 -64 456 -591 -1358 -1203 910 -588 1621 -1744 -119 381 -1049 -123 -1459 -614 486 -109 -1212 220 284 234 744 -696 719 -132 1022 203 -632 528 1183 618 55 79 -932 267 -147 24 -372 371 570 -368 -1168 590 532 1115 -552 638 -873 -140 75 348 497 -276 596 -722 590 966 1029 -397 2006 -1399 -1215 814 361 -192 587 359 -511 242 431 547 666 223 351 -435 -694 -134 -286 -220 116 632 978 592 993 284 -125 843 1042 -2328 -135 310 -121 -100 -176 -140 -14 77 274 -166 46 -371 1013 -975 -85 -673 65 -1794 -871 693 450 -79 542 14 323 -1395 1160 405 -692 -81 439 248 351 42 -695 -587 -1321 -335 -949 -135 175 -354 370 801 -714 -30 374 -821 713 -39 397 -261 -38 -326 346 1607 -59 -651 -416 -207 223 312 -423 224 267 -1800 1032 -683 -12 -434 1983 -280 -125 -909 1433 126 -738 -59 156 -301 1026 -572 568 -705 -784 -477 942 -123 -429 -915 -1287 -1393 -274 -967 -4 -1137 -82 17 -960 1343 444 1041 853 -1039 -1107 823 -1606 -929 -466 -732 89 117 750 204 -948 -799 -772 -1430 -635 -1482 51 -184 1076 -401 47 -984 -5 -588 126 162 -666 258 175 735 -670 -138 -570 -1583 432 -916 -493 1 
1135 54 516 -1180 -814 -983 -91 -54 193 -218 -885 -346 -210 -1083 80 -177 -314 -743 -331 168 566 -80 156 -447 -765 338 1241 1520 -1136 -249 545 -270 2013 494 19 748 -383 -699 -591 -411 -253 462 407 -417 660 367 -1693 -237 -504 10 -565 1128 -150 285 69 -421 703 404 -50 -414 -1308 -252 -34 -137 -57 -1023 -100 -855 60 -724 -225 -104 986 157 -1400 -47 -623 301 -301 -576 1001 608 567 45 43 -264 700 259 1055 297 555 464 1397 -241 -271 121 374 -134 805 -1470 -1125 -833 -660 -593 -850 394 175 -1128 565 -723 -447 -984 946 26 -805 -117 -428 501 221 190 194 -1583 -345 870 729 205 558 -1625 -131 -575 -143 -301 331 24 -384 732 -170 -186 -147 -656 102 268 290 -262 55 377 -530 -541 -516 16 162 42 -274 109 -902 35 256 270 -955 -473 838 -1324 829 1 -56 -2573 -58 -300 -4 -505 -1261 -765 -1122 -78 804 -589 957 -123 393 -40 -155 -137 334 502 -1715 -590 85 1469 -870 194 -462 -841 -178 888 430 199 -189 132 -702 -927 -89 -136 377 -1221 4 -723 85 1434 -146 -569 182 86 888 1805 -808 986 -132 -570 1141 -123 -1190 561 924 510 949 1340 1314 -214 587 272 -791 968 -299 312 1138 -265 -205 -479 -564 -128 -73 -1243 -131 -912 -28 761 295 689 -723 118 -226 -141 -597 -67 -343 1366 -1782 499 385 -323 -992 822 1006 1098 -748 229 -699 308 554 120 -715 218 34 314 768 146 -275 -43 384 -1273 29 77 -154 1785 -289 430 1266 -1387 -846 218 -478 -1877 114 423 -383 -994 1097 122 -449 -339 -662 1216 -479 -68 90 397 767 429 -238 -569 381 207 -676 -138 567 637 -118 -170 544 -852 -829 -173 -1063 606 560 419 390 188 357 234 413 -231 395 -84 -682 100 869 686 349 424 357 1241 -315 -1040 -1186 260 489 453 -255 -545 531 -1015 -649 -1176 87 60 130 902 315 -126 -463 -197 616 285 -683 -352 881 643 -902 366 138 1092 33 270 203 24 356 -153 -487 -458 -1125 310 1761 -341 723 104 374 -770 232 -43 -744 245 510 -445 919 -250 -547 355 -1624 -37 
-320 394 -333 1395 -1499 522 42 -1417 252 -94 503 631 216 -130 581 752 -93 -957 -1929 -787 280 655 -274 -389 -272 53 -96 -950 -606 -1345 -235 -1248 -225 -166 -1426 -708 -505 1441 -711 -675 -1358 1581 45 142 -233 -835 204 -1400 32 -750 -88 -374 353 771 -155 399 -21 -775 626 382 -502 1587 380 -759 1425 -280 -456 62 73 -1071 -186 365 -395 0 -430 -995 138 550 -250 1404 554 10 699 -72 37 1165 60 -393 -388 560 1184 -72 -466 73 -1681 113 -273 -94 -696 139 282 -699 -29 885 1936 -649 234 -1681 -11 824 1390 646 -713 908 239 83 845 -710 -256 383 -286 -288 134 332 1859 1489 713 -464 -232 -346 -186 371 -396 -501 1153 385 757 1183 -1063 1380 465 456 11 857 -448 337 1156 -1003 -637 -407 406 -1528 -624 -217 1574 546 266 -1280 -1042 -743 -534 -880 -393 -977 -403 -858 -89 1556 169 -395 645 95 -410 -966 -190 1348 658 -727 -305 137 -890 1228 400 -40 -809 -188 -70 -136 -100 73 164 976 -517 201 -380 -691 490 859 -760 -326 -406 -11 -271 708 1690 -1110 223 369 318 479 289 420 -730 1433 -1019 815 370 141 -190 279 -1499 -325 68 -1157 -151 -536 391 1499 152 -382 787 -240 -1022 823 -712 -571 1045 -345 -423 263 705 -80 834 -1386 -1244 1236 589 20 -665 -1632 1263 -91 124 267 -248 -961 -247 -132 -476 -462 -147 -367 -447 -1015 508 -1827 115 282 -964 161 -514 -45 -305 714 609 -1228 -240 93 -249 396 -470 -1122 392 515 143 253 1 -164 -154 -973 -932 -532 83 352 207 1581 -1188 230 487 -155 -819 778 1429 864 608 1083 -161 241 291 -1112 -4 -959 -317 482 -491 285 372 767 1011 1554 652 -1176 1229 953 546 -516 88 -1029 -439 -538 47 -428 105 507 281 -647 -468 -459 -2222 -1320 8 -897 -377 -28 468 1213 -605 -787 234 302 2355 188 236 -533 -419 -1600 -711 275 246 134 718 134 797 -290 786 475 523 -200 294 1429 -243 -301 -334 -993 -598 -885 -270 424 -566 -446 -847 452 127 543 -1003 793 -195 1260 -453 -770 191 -509 -390 1035 455 -716 396 -1750 -685 -720 
61 -517 274 -292 -1268 -645 47 -174 -1818 -999 -188 888 -250 -18 -357 -161 -612 760 -1450 -1487 1423 -360 239 649 510 -249 872 -153 -846 115 422 -763 -800 -332 -616 287 -353 -30 -511 -1205 403 -35 -424 -1779 -787 -289 -317 -5 1785 -483 -1714 417 -802 1378 -579 620 -1345 -1756 319 -360 1129 470 -573 -983 25 448 581 1009 -409 -809 55 -274 -13 -726 -74 816 38 841 698 924 597 671 -173 -631 10 -494 517 -93 -1730 629 1206 1256 245 -280 703 -118 1102 204 792 -355 1431 1290 230 31 87 -503 197 182 -254 137 -257 515 -821 425 -220 610 -461 -786 -1323 1682 631 -1041 -1500 327 502 -481 29 -558 -1001 -658 -594 1636 424 -890 889 -407 600 -332 413 2 957 -163 -394 644 1438 75 608 -816 799 -1468 -168 -26 -157 -246 940 973 -940 -130 272 20 311 320 -328 -126 -180 1112 -648 1048 912 763 -431 360 -551 276 -907 362 429 241 -560 550 -378 -319 86 -654 -1327 1002 -913 299 142 1662 580 -132 -42 -564 -309 437 527 886 185 333 -1371 -962 377 1352 264 -124 682 59 -582 1376 260 -609 -864 438 -264 -143 709 679 387 716 374 -432 -225 718 -229 412 -667 -360 -677 -1681 -209 -654 385 539 -792 -362 228 -51 -318 1091 885 491 204 -595 -450 813 377 1057 -322 661 856 688 -879 371 -355 97 273 -1567 279 285 335 -336 -897 539 -639 -670 -389 -407 -518 280 124 -838 -1539 918 -527 -807 -591 -1042 -370 -437 -1246 -179 -969 -6 455 -45 542 -1417 39 -333 674 617 1766 -313 -785 -219 1162 413 -352 -265 -706 -739 581 -1001 -656 696 -173 429 1282 -694 277 -1899 1561 100 173 591 -661 243 981 47 699 -30 1643 927 611 -454 -2 240 -830 272 -271 29 684 221 -1069 403 -697 -694 30 -505 520 165 1302 -883 -517 300 -248 585 -2159 -378 1620 -247 -723 -100 -21 -1447 1054 -620 186 1332 63 177 -529 1014 728 -278 1436 919 1051 -457 -261 -506 629 -991 -378 806 48 105 -95 -1143 420 -709 17 492 -1552 -683 -1486 799 -306 -456 -53 -1008 -603 -953 908 -131 254 816 -599 -316 
200 -1131 674 -976 66 205 275 424 579 -1529 -604 -1051 -345 893 -1011 184 195 107 -1718 -385 -1032 463 74 253 833 189 -1359 -205 -1084 317 -85 -959 47 -574 597 -933 -2502 1538 -550 146 528 863 276 -294 947 -213 -430 -655 -627 -1172 -277 -515 -49 -1663 -85 888 -1516 -1042 -255 112 972 -8 -90 1551 -1221 -2009 753 354 -323 -53 46 -350 -219 -516 -300 -857 592 423 -559 55 153 -1135 -173 1273 -1450 -528 1021 -1013 -439 -742 1120 -1667 -1140 -158 104 297 529 -223 -714 -111 417 -809 1121 307 631 -173 -299 479 486 1090 -1172 308 766 -758 845 660 603 22 540 -346 -590 545 58 -106 -224 472 -596 478 309 -441 429 281 93 -222 193 -14 -866 1312 325 -248 -406 -1185 -413 1119 -604 873 -864 989 -495 350 -1017 305 -581 -888 -223 340 169 -1176 -875 102 -1038 -174 560 2122 -459 -120 921 496 977 -390 41 -671 314 -53 -550 655 398 -402 -23 902 -196 478 641 -169 743 -846 140 162 654 97 -6 -169 282 -168 -134 -440 -73 -55 1052 55 -4 354 -714 -736 1048 261 131 797 -1443 1389 284 768 273 271 -314 60 402 -986 -207 663 216 462 -623 984 -61 -183 -35 334 370 -239 -608 -225 1013 950 -709 249 1034 1458 -419 769 1014 369 170 76 552 -421 -22 -330 -354 -1051 -585 657 -212 1411 147 -1136 818 -639 -1205 1405 816 577 441 408 105 -63 290 -775 504 1909 562 129 -749 -27 1035 -848 -124 -139 738 -356 622 505 -193 444 -373 342 -930 1147 -829 542 864 52 -401 -784 729 713 -955 -756 -482 -576 -735 -450 -32 -635 -336 -508 1743 -55 374 552 -1048 487 -43 -592 352 689 18 -215 -400 344 -633 96 -24 612 100 -1175 -212 -1109 -685 129 90 200 414 86 -368 580 -861 -1617 -534 -234 -255 419 1533 726 319 687 -636 -358 -1157 308 -468 570 -18 -534 -245 111 404 860 650 493 517 -840 -28 939 -991 272 731 -878 -1069 437 -780 -138 -348 -385 135 -97 -419 -123 -202 1407 -635 -537 -955 -70 71 570 163 541 -477 48 490 740 792 -319 -1046 154 828 -823 307 848 
2 -211 575 867 -236 -1111 -799 788 -66 -100 -1565 1137 -606 -397 -1064 280 830 65 -1693 -288 -96 -1364 -21 276 201 -353 -1250 -280 1095 1250 661 197 -493 190 826 -124 -204 -421 -537 -739 567 -1294 -1601 1135 -36 1089 -118 1102 -28 59 325 300 182 283 -676 1151 -715 -100 125 -330 -453 -475 -261 1 454 207 567 756 22 -631 2156 662 669 -819 618 -236 -326 300 350 523 414 74 586 -498 -664 -1589 51 348 -742 -240 288 491 -948 1155 -217 -675 951 176 -130 -824 -755 237 364 -397 625 -507 117 -397 -17 194 -580 1294 220 -704 417 -517 -85 -913 570 751 61 -1121 -178 -879 -80 1123 649 -612 934 -40 519 29 -112 137 1476 43 413 -688 215 511 -435 811 1259 -370 341 103 721 -86 150 -120 -968 989 113 -983 510 1259 -276 -1483 398 452 -543 -734 -1068 -412 -257 686 -155 -960 81 750 623 193 -758 -685 305 74 -13 800 869 -624 57 81 -726 359 1601 -584 361 -908 -85 956 1260 155 -193 -125 39 -128 -330 86 -1472 218 -321 -863 142 72 -111 -186 1426 -1640 -166 1068 -24 225 -1045 -988 109 1394 516 6 1525 125 541 323 -23 -1141 1032 -1443 335 -176 -1052 -568 -1503 -128 1410 326 -869 28 1015 448 173 127 -318 -137 -389 638 1567 157 -277 988 296 1019 52 1311 -14 839 262 -1219 397 -853 -12 294 -129 -1233 -524 -801 351 274 -394 152 74 -1595 1032 -439 571 855 506 635 525 -195 23 1135 295 -196 -344 578 -82 1731 -835 4 124 245 502 399 -986 -231 670 366 217 191 602 570 -2 -674 -387 -190 1343 656 -750 490 28 -808 1090 691 13 -39 -830 470 -345 -224 -709 -1037 1088 -766 1128 570 886 -877 773 185 -290 394 1114 -644 37 -500 -238 -1372 816 -1891 1373 759 -746 -850 581 -518 1360 -1314 -284 -111 -799 -404 -244 975 -71 -1381 339 607 -369 648 -1012 380 -1015 -36 98 -837 190 461 -1259 -90 -418 -1095 -77 -478 370 94 -495 85 524 -326 -212 -583 755 -58 -897 883 -522 -1096 420 1002 500 364 160 -1214 455 1251 -604 -1038 -180 -340 66 -355 
1670 -189 297 -130 -1257 1721 -404 -548 -102 -413 2 175 374 547 -481 -11 -77 716 471 -733 1241 -1312 -682 1563 -579 -779 -955 542 -820 1184 745 792 845 -483 -261 -1882 438 214 -283 -891 -586 -213 29 -594 709 -503 174 50 -304 780 -1842 82 -1318 -537 -413 -669 1123 -84 647 -232 315 -263 -495 67 74 -540 -1559 155 714 1124 -687 -132 -185 -67 -267 452 -588 -584 759 309 -1379 -1084 28 -41 250 -120 487 1269 669 1628 -430 283 -778 1569 1 305 -671 -402 1507 -518 -555 732 1724 -574 561 -860 -1406 -792 1615 -764 -643 1420 54 1157 -659 -535 123 165 -530 69 328 -1210 -78 292 26 422 -103 -1203 1368 -539 823 -645 579 21 191 -925 257 -753 -1240 -1632 -240 288 -93 365 114 899 539 1357 -355 180 1526 848 -443 1165 -884 -770 132 1337 -974 -240 1003 -532 -194 779 720 -193 -610 1104 -398 -343 -570 -574 -325 -181 1011 768 -1501 -1253 520 -3 726 -298 -796 730 -546 245 -607 263 -987 757 1501 560 225 -1 501 -48 -172 -1536 -265 194 815 -1098 -1223 -439 175 -1039 209 -769 -389 330 1010 -502 -142 -12 -552 -340 211 997 -390 -265 -514 621 -13 511 332 1080 -308 683 -473 -1215 571 538 -457 -932 -1279 -271 231 153 -105 619 -48 -954 561 1611 -750 -666 39 317 -865 880 16 -814 -353 -343 278 -609 -239 155 450 -426 -596 552 -1430 859 -289 1969 -2340 -319 255 -805 420 -971 159 509 393 -660 906 -826 -740 -155 410 494 685 -222 292 1378 -609 736 -520 -876 -783 -418 742 -139 -2 428 607 83 -1148 -72 671 -516 -47 594 175 215 -281 -280 567 48 15 -7 -317 -1060 -1311 979 1967 249 -82 -1277 -797 -612 1675 -1050 368 -696 214 1713 -346 -1559 172 -607 -681 -253 -702 70 -658 -297 355 -95 1393 -1612 770 434 -1487 673 92 151 1745 -1480 -500 -394 -1113 1413 -563 -548 332 -185 -733 -47 -173 1428 -1200 525 -644 325 -49 242 131 1023 1155 353 -3 -94 199 -816 -609 -1844 943 -1193 372 608 830 592 1134 -665 -206 745 -824 1093 -166 1868 483 164 99 -757 -604 -293 841 1103 
-235 -643 342 -221 -361 -132 618 67 75 963 1074 503 -334 -446 986 510 -778 617 -836 588 -918 752 213 63 91 344 208 74 -784 1916 -47 1052 -860 -817 50 -841 -679 -743 -294 -740 -774 526 -678 620 123 252 917 301 636 -388 -598 65 -1227 -309 193 351 112 851 -363 -202 -7 27 -276 212 -332 -643 259 681 -131 18 78 249 -514 182 -3 132 -672 -726 -141 -637 -434 -62 521 556 907 547 -86 -436 560 -451 407 -495 -803 45 7 -1501 86 928 259 244 -1414 681 -14 -374 39 598 -369 1022 648 939 148 99 -388 -1865 340 643 92 975 -900 -819 -595 1485 933 -432 -179 1002 -773 723 -35 52 -812 -689 769 -179 -882 -571 -87 -479 -362 845 -1570 -1216 5 1084 67 1366 50 50 466 548 725 -854 -1801 950 -1047 634 184 -1083 221 1025 -1391 -1290 -332 -11 332 314 498 456 -678 712 133 -206 288 1115 618 201 -1042 975 -78 328 115 1111 351 -762 1860 1314 -500 736 777 -107 -454 499 791 -12 63 293 -637 -62 -548 -31 395 1018 -74 367 -341 -1140 -381 -848 1625 -59 -226 981 533 -106 126 846 740 -138 386 93 312 -20 -783 -154 162 -341 873 -1935 -1451 1028 -585 -1103 -235 -183 509 -223 416 -109 557 -112 476 -9 -287 1441 190 221 -168 -1101 961 -111 -935 -134 887 -374 -867 -342 205 753 309 378 -728 -444 -153 -1459 -659 -207 299 1592 -556 263 1205 1040 -357 -640 -596 805 118 -358 59 507 1073 23 -44 401 -1215 -112 706 -424 248 610 -197 59 649 1019 -335 -130 -263 -1755 -181 1251 1512 180 173 277 -420 878 378 602 -37 97 339 -332 257 -836 -181 1183 379 352 -514 -248 -200 776 -268 -84 -311 -746 -72 -285 -164 181 -203 -920 449 792 625 557 36 -521 1330 -716 -20 176 105 -705 192 726 -154 1354 -1 -256 1042 -293 426 66 -242 360 510 310 -676 887 -439 617 -978 1729 -97 -950 -125 826 147 -57 560 -1518 708 -17 1241 -424 652 -1005 188 612 -1359 -500 242 1619 -810 -35 -146 1061 60 -399 -738 84 -1292 640 -827 -565 537 -570 -345 775 
1083 -759 -641 454 -853 -427 -1072 302 85 658 941 96 757 -651 -335 373 1008 -613 454 -486 -467 336 -300 -148 -987 -1268 -236 140 -1459 -147 977 -301 940 501 -305 1132 -453 -1659 322 -190 232 495 1449 308 -546 -1584 -315 354 300 800 -561 -619 -303 -76 457 -625 -1475 754 -484 688 -52 -523 -1006 -324 -363 823 1239 -1155 1257 612 -892 -428 -440 1023 -247 254 111 -454 564 -455 -136 188 1247 -403 -2187 1127 -390 577 867 497 -380 356 -426 -142 -1147 -40 -200 81 2335 -216 -824 321 476 -86 672 -192 -282 -385 -115 -737 -87 570 -782 86 -8 234 89 576 -1278 733 243 426 -568 354 -837 360 -517 201 -874 -650 367 54 40 -71 112 -801 79 -354 -560 831 -1310 394 428 -1348 -700 1674 237 -804 -74 -449 219 253 -390 -452 1271 577 234 1149 935 943 -332 588 1222 530 -983 465 679 360 -201 890 -1096 1059 -281 -1011 138 524 -997 513 351 485 1051 -150 1246 -339 -187 -1006 -711 -285 -971 -495 -1156 1226 -240 -505 454 386 332 -584 737 -72 820 12 -487 1109 144 839 -77 -839 -160 -1051 701 -366 200 322 1000 -1501 -200 352 -503 868 388 -1388 552 789 -175 -499 52 813 156 649 -933 334 405 -219 -1512 432 193 -772 853 -741 -97 170 -99 -1211 -408 -263 712 1138 -162 379 -234 371 -1538 -631 -560 896 142 332 -360 127 227 -167 -824 -437 122 -135 -1232 -567 435 -384 1011 -435 -1238 -376 -866 394 -202 258 620 271 1064 278 563 -554 -886 184 526 -597 191 530 42 -285 118 693 -287 1483 -1108 251 -1442 -210 577 -985 476 325 -1173 -1135 -205 1252 841 -298 -568 -1305 51 -396 -1749 326 -363 -378 734 761 -272 1388 -336 -1181 -309 -497 819 -1571 -293 -301 -4 -1542 804 -918 -822 -1099 -1063 -456 950 -1319 436 -65 -287 -1057 230 491 442 1142 -263 470 1146 -1085 -178 955 -744 338 162 -337 -1357 187 36 759 -831 197 -262 -1456 -240 -122 -167 637 1089 -298 289 441 948 237 -913 77 -976 47 -289 147 -726 411 -355 1405 -143 553 -516 485 1077 -379 293 351 -449 -604 -907 -919 -1802 -267 
577 241 516 -1268 839 1099 -674 -529 408 144 -573 -432 216 -1425 -1073 182 -377 -262 -254 1702 -460 382 -308 -749 -238 328 171 577 -59 -1462 806 -1283 1594 210 -538 -99 99 748 -144 -552 241 -480 -3 657 856 -98 943 599 -193 -68 1058 797 -262 -482 -248 -268 -186 505 979 1643 -1240 25 34 164 320 -867 1189 -123 1255 788 305 965 -303 -180 64 -1474 245 -502 63 -601 151 -464 -940 -622 969 498 -1046 -1464 -483 -26 -702 -318 330 -50 -1761 -406 293 -749 499 1571 -611 -906 -653 -610 952 -53 -1389 218 -107 178 174 -151 -1531 -591 -1338 1050 622 197 767 -76 990 -1083 -91 -115 1100 1696 60 751 -692 362 -528 -1231 -229 -1341 -1730 642 381 1051 -1145 880 -1697 -373 -200 107 -43 84 -251 205 -835 560 -296 240 -501 -612 -486 -263 780 140 398 620 236 105 448 111 -801 -591 367 704 -840 228 -500 -1121 137 -163 389 451 -553 549 170 -103 291 466 -39 -458 -339 324 944 -308 -438 422 715 -417 -755 -67 -2137 -951 -244 -585 -258 5 1012 -95 -609 1291 439 -1135 -402 -399 479 609 -58 -164 645 -208 -1210 525 -1138 245 609 -1020 -853 -978 72 351 832 1627 986 16 163 553 355 274 -1743 -1397 112 540 -135 343 1177 -125 -399 364 967 -905 462 -655 -527 -998 582 62 590 -586 -667 -342 -839 915 570 -711 -36 883 2264 -848 -672 280 -589 -631 1041 198 -1213 -1150 -136 532 1837 337 627 1318 132 -716 -116 913 -670 700 -96 -1019 -2125 1107 79 -736 -48 496 -1087 961 -172 -306 -946 -683 515 -1002 -316 518 830 -387 -1126 -261 -774 271 -159 333 645 116 -366 -227 -541 -850 -600 708 -430 -33 -189 -482 749 26 -355 -247 118 -1249 537 -581 203 -137 411 1067 388 380 1897 1153 774 230 -37 331 104 85 144 -699 1223 -1558 385 857 -121 1 -178 255 737 607 64 960 -988 851 -6 -253 -1378 -95 405 -250 308 1477 310 505 19 -1242 593 380 -1484 2114 175 789 -938 -444 575 2388 1051 -805 837 701 431 -532 1261 15 -1008 -742 449 383 -944 -1389 239 -11 -1500 -1117 165 -411 
974 1046 665 -1078 -128 -640 -448 364 -99 466 -701 39 12 454 -273 -1337 -952 199 -275 -265 626 814 1223 -217 -126 450 -816 -86 -1260 -1446 -217 -115 -640 30 -4 694 -268 -332 -230 923 -1383 -1323 -1031 -864 1764 47 -188 -403 -141 -101 -109 -2206 1143 -463 2171 390 616 -293 -689 -519 -198 304 399 -494 131 -558 745 466 179 694 629 -1348 706 -22 -291 1128 -807 1122 293 222 1533 -112 -295 -1003 -2369 1077 293 740 847 108 -775 436 -265 -1236 60 404 109 -261 -573 1747 -1016 -1280 698 -882 -391 -1258 -627 821 1157 -719 148 -126 58 679 441 816 -362 -196 -38 -511 -570 509 -197 -733 -471 -932 -728 -151 -212 336 411 -349 214 572 853 190 2477 312 -385 615 92 699 -941 1529 -586 108 602 -297 -50 -895 170 472 873 147 -1000 465 162 398 -1682 488 79 -679 -395 1568 571 1475 683 -238 -992 -1186 859 -749 218 -392 606 -1064 -327 -325 -709 -405 -105 488 255 -1379 -379 -487 1733 -1010 -1038 893 -652 -820 444 855 -320 428 138 759 -297 -812 573 -327 -402 532 141 1574 -289 -278 -13 180 -452 109 751 -89 438 928 1099 1049 466 -732 119 293 -972 75 -1402 298 1066 -922 -1205 1223 60 324 721 -280 653 1206 -335 194 -897 -143 182 147 -1675 -54 -751 -632 75 -17 -521 -851 -229 1478 -667 849 795 544 261 448 -784 -706 580 -163 416 1016 1014 -1361 -160 96 -598 486 -373 -362 -193 465 -1323 -119 443 -355 -772 647 -1421 -1771 585 586 -299 -230 74 294 -248 -640 336 -863 -494 656 -801 771 268 546 97 262 1051 1324 724 -110 -12 -728 -587 57 -378 -357 161 1021 535 367 1389 -714 -383 -943 -902 814 959 -1210 146 -350 -1090 860 -980 0 -42 168 1136 -288 534 -681 -161 1074 338 -454 -1355 -594 418 512 150 97 1325 933 29 -1050 30 -929 -411 -400 1133 97 -1000 535 -839 562 -1 134 855 -1536 -499 -280 -240 -777 -358 439 591 951 -574 960 -422 143 268 -296 -528 -232 -5 -232 -289 -196 1022 705 -54 -803 -139 1010 137 -1673 -994 -205 631 1780 241 658 491 -1055 313 -1624 
-794 -517 -481 -387 -843 -982 742 -79 99 540 1086 -702 -1621 -177 1342 916 -861 24 369 67 419 -1000 -1213 -471 -445 -618 305 -291 -283 -910 75 30 -407 -276 -285 -1027 -131 706 -146 -446 -180 1349 -1543 1900 1216 -436 98 -805 783 622 -1112 136 -126 2040 72 4 72 174 -51 439 -192 589 -427 757 133 -189 704 473 -731 188 -529 201 -172 52 599 890 404 -1391 94 -471 136 -14 957 567 -553 -187 -1804 337 -609 -180 -464 546 196 536 -20 -498 854 -872 -106 -772 -849 839 641 189 339 -665 -95 -884 832 -97 -66 537 844 543 135 216 -77 983 1116 1174 -541 -789 -290 832 -445 -419 -919 893 258 528 352 -448 886 -943 -1616 221 918 519 309 8 1271 -966 451 -1640 -251 46 791 -1423 -274 764 57 246 -331 -1052 702 -382 816 276 833 -248 -162 935 -358 -868 389 -183 172 205 -513 -147 -525 -289 595 -198 -1620 621 -1048 -273 441 648 1143 -658 718 559 -555 -522 782 61 521 463 879 700 1172 1310 -54 -663 56 835 -184 4 493 1779 -318 -755 121 -377 -895 550 -730 -251 -466 390 -705 370 -200 549 -941 -380 1134 -1001 -143 -648 -36 -925 943 1483 -1435 375 40 1146 -333 -635 -512 -550 -923 889 292 514 710 -1089 -86 -367 615 181 673 -1212 154 479 1361 -682 -1071 -694 -140 -1082 -315 288 -43 972 -169 172 -362 -200 349 -867 338 349 329 484 108 919 28 -878 22 1180 804 -645 -848 411 -757 -974 263 212 -874 48 -921 -1284 -819 -847 832 -1295 16 328 -214 -1174 254 -763 420 -1668 208 582 -176 -670 -361 326 -520 1591 -1788 -422 -542 440 -173 -787 -260 -429 296 -565 456 1235 230 -125 -1413 272 436 263 194 62 -140 -815 7 1367 -275 -652 -72 683 -757 93 -903 -1325 1243 -68 -708 1124 1126 308 -725 437 -956 -144 -346 -544 -565 -519 -336 -229 402 -602 1083 905 -261 -268 -118 662 148 51 -568 -42 -78 -819 -228 -618 32 -40 342 201 -1509 502 -689 -1010 -529 482 -2020 745 443 397 -117 -245 -485 -392 -397 -221 -311 39 360 -381 -28 95 5 492 -643 36 
57 -548 -1120 91 -717 186 48 -1096 423 120 -192 -1657 -240 -225 779 749 1066 -105 429 -1018 445 -518 -304 -845 71 674 920 -524 667 1420 -364 490 90 372 481 -1135 -165 -758 -716 -344 -326 2052 1586 793 -18 -822 382 97 -729 416 559 -770 193 763 -1271 393 -382 988 -537 -201 3 1344 -260 -971 -1151 172 360 -322 670 -724 -197 -1326 -1368 963 -384 916 539 1 786 -9 -658 1429 -85 1230 423 -249 -1349 -138 1165 217 -36 402 760 -554 153 -1109 594 196 14 339 508 695 -77 -423 -641 370 1026 -335 -14 576 202 293 228 681 470 -237 502 231 -1152 -1031 -842 290 378 -960 -488 460 -778 1019 -431 256 1351 -149 -224 -147 930 -300 -557 1051 836 472 -946 -1374 -184 -372 727 775 -1417 112 776 695 710 12 -709 629 -63 -1350 560 -553 -33 246 68 417 -745 -464 110 -1055 294 905 -1193 1088 414 132 365 152 1563 -594 -765 76 360 -573 56 406 176 575 -584 82 -1247 638 499 -1221 -866 356 -1753 83 -543 81 26 -993 -1060 38 1060 -224 1232 310 -117 610 468 -657 -686 -211 -583 -692 -785 -971 -388 -39 610 422 -193 714 1088 -87 139 682 666 185 -443 -576 89 -44 -443 -1244 -181 402 458 442 1011 -523 63 -1567 764 -246 -601 1290 853 123 241 -424 650 -150 60 -250 -1276 329 -1712 1853 954 644 -15 -20 19 -587 144 -503 -447 588 633 48 -749 745 1242 -402 -458 -2070 -720 -419 -87 1178 862 -127 438 215 278 987 498 -467 -173 95 1474 1376 -313 650 -396 -1243 788 -189 -1202 -381 -194 -1081 385 649 -877 1070 527 2259 -770 373 -279 -139 -211 -590 -1057 789 -165 481 -998 -771 -25 -620 -664 1397 -338 1013 1255 -770 -674 675 748 1755 329 -967 409 168 123 -432 -1665 84 1403 435 -469 1186 625 -377 -264 -1662 254 -559 -120 -374 -131 1493 -713 54 -276 406 -279 726 -801 270 -579 646 172 566 -359 -1133 192 -570 -1271 -1032 -689 879 -576 739 -24 1266 674 152 -1174 730 1014 -1001 43 -224 -165 -450 1188 -505 -508 -277 -313 407 -483 12 -658 -596 -1230 -212 1203 1144 
136 461 294 -529 -158 531 179 75 1022 937 1016 -201 496 -1147 442 -463 -804 846 1403 -540 866 -629 -186 773 1194 -989 -525 -1220 1500 424 629 465 762 295 751 -1329 1232 6 137 -802 5 526 -322 1136 509 -288 -355 -1081 417 698 1569 1057 -235 1260 -85 -202 -1017 47 -734 139 879 283 255 -107 -12 1575 -1527 -611 -59 259 72 287 810 -424 -241 -43 713 -1247 -116 -251 -7 744 -285 17 -419 741 778 -171 1461 165 -1571 -228 881 661 -664 -307 621 95 261 -282 49 -483 1212 879 -763 336 16 139 -284 -222 1036 -98 -422 -427 -383 -1225 1674 -189 -473 -303 -357 688 383 -921 900 -156 -61 1476 99 -1549 -295 -546 535 757 772 257 363 1342 -452 492 1410 -1842 939 -361 -560 -494 -357 -404 197 -914 553 72 -1087 -1453 1323 -708 262 268 -494 -1019 60 339 -557 -495 -395 -105 -219 -497 -409 76 -956 4 -580 -165 48 -562 -389 -197 109 -974 -804 861 -483 519 1324 -184 105 845 1101 -809 -222 -394 1151 -428 -526 -1226 1096 -223 5 281 -901 -541 -825 -1029 -522 276 668 -26 -271 -22 -175 -653 -96 -108 491 -942 863 -725 -93 592 -235 377 768 -2371 -260 -690 139 416 -215 1601 238 -29 -308 1212 -256 -702 248 -9 -746 -200 466 -509 927 1059 758 667 -1237 -1108 539 -394 868 -389 -12 -28 75 184 863 819 565 -294 304 1311 2 -190 -393 262 599 -873 390 128 -681 -1013 -254 324 -90 153 363 -482 127 -616 299 -434 568 -1770 1071 -382 -906 854 -1922 -76 -1382 -916 606 513 663 -1266 140 472 1073 -11 491 -12 -113 384 18 1236 -843 760 1330 676 107 156 -432 347 -109 -1020 343 -1107 -193 109 642 1065 186 -43 -649 -8 -416 827 -262 504 445 554 54 -88 202 78 -798 477 -162 -252 1176 478 179 -256 -769 -580 -1106 578 707 1039 -159 1237 683 693 109 -1899 -27 529 -846 135 70 779 544 723 -1730 1785 1240 253 740 446 208 -388 325 -469 376 -357 234 987 -347 52 -524 115 555 309 906 -283 -52 -417 -278 -1019 309 1233 -549 125 -1516 955 -461 -781 427 671 
307 -86 -504 -515 -979 908 -184 -452 395 520 -1095 857 1151 281 964 -373 -233 151 690 1349 -474 272 -1156 -300 -646 -220 -359 937 267 1594 1195 606 -132 -1154 69 1036 -451 -56 -227 1202 -735 -100 930 190 -1085 931 15 -279 -227 -1026 585 -1319 -224 100 -1650 686 -889 39 805 222 584 -747 558 176 -286 -1280 72 -2047 953 -293 750 128 -209 1218 -169 -47 335 -623 -263 -1294 562 -776 -350 331 862 158 -177 -318 545 184 -1026 -1130 -349 -1066 -775 -434 -379 333 -75 855 67 -79 -778 645 1286 95 505 -293 -1312 -1084 315 29 -573 716 398 -568 -10 -1124 -65 -1236 620 92 593 239 661 -41 609 759 -1427 327 819 440 119 634 -687 -781 -956 -38 179 -735 -985 849 -617 438 -506 -1090 552 613 36 1294 833 155 -22 440 915 -1345 681 509 -541 593 138 556 -1101 1373 52 -1327 520 331 -1297 -1264 185 -475 206 1123 500 372 -168 -830 -335 961 -300 -1558 -973 -398 620 287 195 577 76 -337 -211 -131 48 -520 -576 78 -110 -258 144 -459 1461 595 46 -214 568 -325 -1351 -210 757 -1651 -1648 150 -369 1158 292 -858 -161 1173 356 -268 470 216 568 132 -741 193 630 -22 -861 -392 24 1405 -216 -1553 -360 1003 -159 -660 -16 224 -260 602 -353 -1145 -2 188 -884 863 -678 205 -740 -759 -443 -231 813 324 530 -605 -110 1616 -66 -978 1030 427 888 182 -359 -640 -101 247 -358 -791 -1068 -494 -22 1033 1222 762 816 -39 713 226 666 -492 -1391 454 806 950 -213 681 -301 895 78 -271 -1336 -287 947 520 -496 1107 -199 -57 -633 794 389 191 688 -1320 833 -706 -359 371 282 256 176 900 -376 -85 799 -719 -953 -1549 -1001 -140 11 992 289 184 125 -783 -773 310 639 592 -457 1104 -70 -511 -714 -446 80 147 1026 -452 357 842 241 -678 -715 560 -772 -695 -26 -147 -872 601 -638 -66 379 -597 -389 -805 -59 -684 -359 42 -407 679 -117 -806 -815 1275 -294 899 -387 -441 -361 -88 -260 1036 477 -461 173 -941 604 -1703 1506 -337 -1472 1376 1630 447 -483 -359 340 -452 154 -700 -495 672 
193 243 204 633 -420 527 397 -1296 771 -117 -1050 786 -635 400 61 -365 1232 34 347 -634 -225 -446 -771 510 18 665 1001 460 515 260 650 219 131 -1163 253 -416 -280 108 -152 -1009 75 -488 330 -521 -368 956 -319 611 1140 -664 -97 -941 -428 939 -204 142 -52 513 543 1352 -68 273 -413 1045 -45 -543 -1501 104 -465 -446 -185 1360 -1010 317 1060 -863 297 -37 -406 -909 57 -780 233 169 254 151 -378 -445 -736 1050 902 -443 -317 437 375 -1138 -321 -155 352 1553 433 626 -900 445 -223 206 -1123 1232 567 -251 1470 219 -287 54 483 -1655 -493 -98 193 274 -736 235 -1117 80 454 1409 -1419 -90 400 -420 -493 -639 -1188 -1018 209 -395 -9 -315 333 156 732 -206 -83 1118 147 704 276 423 1240 47 711 -191 -151 -455 43 -268 -89 588 679 463 -280 -274 128 3 -199 22 422 516 238 -375 -1321 -66 848 -765 860 671 992 -540 -252 -389 257 178 261 -354 -812 1131 422 -249 211 -81 600 -37 192 -625 -793 129 -741 -1542 394 -554 421 707 264 688 156 -100 403 424 261 577 436 -1252 1097 27 -1220 332 545 -392 43 -119 1300 -580 -26 -1199 451 -297 -596 -383 1131 -719 -1072 -34 -330 -287 945 -1023 -50 41 1135 149 532 601 -428 -59 -936 -978 -237 -624 253 16 523 -260 -942 -58 570 315 854 -798 -213 1334 529 -714 -662 185 -718 944 1597 391 -86 340 349 -565 1152 -189 195 -629 1180 936 773 648 -286 43 -517 -69 325 331 -1441 342 -1011 -147 -23 -345 858 721 326 -1468 728 -542 235 806 32 -666 -9 96 187 -104 -601 772 -890 98 319 778 -824 1188 146 -449 755 1090 -597 1321 1144 49 -1436 -1034 355 -686 -147 -257 -129 -674 -306 -485 -978 603 -156 1834 -240 -1028 -908 -293 -43 -1513 1067 -495 1261 -505 -454 173 994 -820 -613 272 -840 -381 482 -25 438 -349 363 844 -741 573 167 741 1161 -573 1185 2419 760 102 -545 -1053 124 494 -304 80 -402 19 -362 -481 -219 -940 699 -765 288 1246 544 1180 -271 8 -791 1165 -1870 -2000 120 105 -572 354 -332 -513 
-693 1215 -545 -394 537 1330 -1056 -467 1746 171 949 -358 -1348 -1207 2016 -1892 363 667 846 103 875 1213 1274 -929 813 35 1707 28 -29 362 205 -820 693 170 1280 -112 -28 116 -116 333 1282 621 -376 265 1045 -90 -385 -356 -589 440 -82 491 733 531 -121 -494 -138 -585 -434 -780 779 16 -252 -673 -364 -843 599 -217 -574 123 621 15 870 -384 1100 284 837 1345 -331 -514 -700 -364 756 76 -1176 -1113 490 288 -1150 -20 -117 63 -34 -661 1187 1318 1296 487 -451 1503 -288 -608 -352 1624 -1294 -13 526 -502 -945 -220 -897 -318 -345 605 -126 522 304 -671 -177 -1114 226 443 -66 405 -1532 -904 331 -170 932 -249 271 244 -347 766 461 357 -188 235 -146 376 386 343 329 240 -313 636 -419 -521 130 -938 23 -1247 -1465 101 -1271 -514 -699 378 -1358 -450 1012 757 -359 -333 -567 -959 349 166 8 -1806 1206 -828 993 564 -478 567 -352 -86 364 -1203 1044 500 -1193 -83 577 794 948 28 119 -331 -316 13 147 506 148 914 -291 584 222 -841 991 2110 -359 -1267 -553 82 -575 717 1102 45 -472 814 100 -104 1663 -540 -840 -385 816 -522 1211 -728 -11 -722 -2 -619 -356 -278 144 -701 -907 149 -400 1027 795 4 -133 -1063 480 1733 -616 -561 1112 68 784 1627 184 -523 20 388 -516 545 -312 -1006 -746 1222 415 -1056 1464 138 -80 645 636 -727 710 559 1410 -53 503 252 -822 -220 -175 51 516 -639 -375 223 -195 -214 398 805 475 292 1532 7 6 -541 -1021 1106 651 -148 -346 -9 999 250 1006 911 -414 121 -183 386 644 1132 -262 1511 684 -813 -1130 225 -539 -460 172 -1010 -1067 -690 -1106 -223 -33 -92 41 301 31 -50 10 -197 499 -1769 -620 800 1077 609 -1858 -51 -1041 -1546 -303 -309 1326 737 329 -604 -150 -970 129 -463 624 -200 649 -408 -289 947 -13 96 1030 -238 174 -275 -1189 -213 -1051 341 -594 -1520 387 37 1159 23 130 -23 746 -420 -100 895 -123 96 676 -175 36 -372 -416 -574 60 206 -1291 997 789 795 -435 -683 -1023 594 -902 -1117 -428 457 529 -39 713 355 
280 -971 14 -437 -171 198 -341 -435 2047 1548 -106 564 547 -1052 -442 -512 -1089 142 -697 909 688 -1157 4 1095 1432 343 -280 -451 -907 644 -440 1221 660 189 470 -1088 396 -238 473 -671 238 296 718 -286 654 1569 -171 517 -112 632 -1164 753 -400 -1116 247 -936 263 586 163 -844 -184 -797 639 227 351 -226 -1177 -19 -483 290 -245 654 1630 -827 266 -321 -734 -379 -761 -159 1207 795 400 866 365 -653 203 -25 224 -752 104 168 511 312 -468 -92 1684 571 -68 336 981 -1247 -598 -1204 -3 -714 -108 -376 70 321 -69 -1091 -1237 -402 -780 675 -906 -553 -1857 -1075 -1177 -608 -1067 -663 -418 -842 479 -45 1368 143 203 -63 -471 410 -999 1518 -767 717 -468 -1031 836 -1349 -48 -413 224 1367 -627 -1749 -978 46 284 105 -885 -634 -1949 -429 793 329 -751 -1113 -1668 21 479 -1112 -433 -1276 376 326 863 -297 150 -621 951 -66 -621 133 966 285 484 -52 298 -325 -700 -579 -323 -1258 309 -230 -994 278 776 -268 459 570 -975 868 -1404 10 -1248 755 1457 979 -1005 1061 951 -1368 -1240 -70 -350 763 -447 2042 -128 91 932 -45 -1462 -236 -284 -243 -1469 -1176 -567 -949 533 -1364 -460 -147 -633 -1508 581 277 417 928 -231 1386 1066 -329 -78 300 -502 974 -86 743 -133 -615 96 -1087 -1136 800 -1811 -361 315 508 -1027 1133 -937 -59 2704 -938 -1170 -51 -374 -847 -475 -406 143 9 805 632 223 237 -787 218 98 -1378 -15 135 1463 -144 512 28 -614 -722 422 387 -668 176 652 1274 -580 619 821 94 433 -200 117 -412 78 -533 185 252 -71 -599 -9 303 -910 -342 231 771 -253 211 -26 146 -392 -565 -360 -107 462 991 61 831 -1009 -1035 18 1292 7 -1422 407 72 331 1 -591 471 280 -720 526 -190 301 -184 -867 638 -229 663 628 373 914 303 1233 436 -102 -1127 213 760 222 1079 -2235 -70 495 526 -924 -1246 -11 641 72 -143 581 190 287 341 968 50 -908 737 -981 -1706 464 -731 1708 658 370 1982 44 -126 -1266 -887 -8 734 678 -15 -509 -934 -203 -415 -443 -1163 -413 -947 -1171 -322 
409 -271 33 -565 242 959 -207 -330 402 -300 -478 131 -663 -1096 291 1726 -1248 194 273 1436 150 333 -2066 -800 259 617 1465 1347 1098 165 -201 -699 196 739 1223 427 1469 -301 42 -180 -314 -429 -816 1236 716 222 -864 309 -48 -1027 -440 -382 310 -464 -1347 359 -1740 280 639 -267 432 706 -931 894 55 -282 -386 151 1521 -220 -289 456 307 94 -1677 -354 -2606 202 -349 646 1521 740 1108 -85 534 48 -1850 -1240 342 -1167 948 -78 -219 72 -315 425 -1013 -804 -261 246 512 -526 1607 419 -142 -74 615 -565 -391 304 -530 429 -485 -996 -170 191 1310 -1479 -927 841 98 -105 -214 -1054 -809 516 -382 71 -321 703 567 -1757 1261 -293 -388 -892 928 -342 -781 868 -518 -1089 421 1157 -461 -723 -21 -654 666 -357 -149 -285 -1210 511 5 -1275 83 -700 -186 -396 -175 233 -46 449 -372 -97 -204 966 1275 279 421 1254 205 356 738 -679 -165 -403 -538 -73 732 -188 -151 229 210 -630 -561 -672 -1187 1349 327 338 450 490 217 -471 -1348 597 134 -404 -316 76 -1267 586 823 -613 9 14 -299 -464 358 689 -100 -6 -869 -466 -922 650 809 -312 -1134 -686 254 -1195 43 -104 -496 -79 60 -1239 -281 23 249 240 -975 252 -661 418 306 354 -950 -597 -1168 574 -466 -691 -529 -859 525 -1913 717 79 1566 -125 -24 1803 221 -135 1320 -249 -1051 -1240 -636 596 -348 -372 183 -384 90 484 882 260 -288 -836 -494 838 1257 359 1459 465 1734 524 -349 619 -447 1253 -705 1184 903 -1138 245 -102 -189 61 579 675 436 439 173 -386 -607 -527 -1473 804 -314 91 -277 922 624 247 295 -560 1166 -849 565 697 -307 -251 -2544 448 397 802 -207 -407 -41 241 -188 -795 817 1344 45 -581 295 684 -274 -456 78 1617 254 -476 -260 155 35 -1117 675 284 -1149 -176 -1488 -577 843 773 173 -11 860 29 -361 753 -601 -525 -770 952 565 -1018 -680 34 151 -717 1096 244 347 -1903 -901 66 846 954 -471 -338 -734 -733 599 994 -986 -350 985 -304 -12 594 547 344 127 96 990 -403 1023 -1153 -570 13 -140 1151 
985 -590 -396 823 -1284 -507 -279 -418 281 628 753 26 -1089 -831 646 -595 -643 -548 -1355 115 -741 -531 -1380 675 -993 95 -882 -56 207 -507 18 335 203 1090 -240 -487 -17 -516 -927 473 -154 415 -659 1388 -156 -812 858 252 445 2410 -49 -675 2637 1148 -394 170 927 430 274 1061 1220 -164 40 480 174 642 11 -1082 -108 -839 -1246 -211 -381 505 324 908 564 -1072 374 841 -1535 -83 361 2010 102 527 -6 -389 194 96 617 -297 -610 608 514 -182 636 -505 -143 283 428 -359 460 -513 555 -237 -811 625 -476 -699 422 -84 591 -776 -863 -431 -791 764 -987 647 -92 -295 -108 -998 392 67 -100 -772 -453 878 831 -141 -461 417 114 605 865 -1351 -747 812 332 157 -630 95 1092 -2347 -210 583 331 -84 -388 -550 71 -645 -462 -26 -376 38 -132 200 -1356 -590 -678 -366 -1031 101 522 -397 -1086 -113 494 240 35 -115 651 -581 -188 1502 -462 -1958 -297 -526 151 659 -881 285 103 -85 -882 -4 1120 -319 -772 -241 793 140 -685 22 -420 -75 -649 1054 1045 -627 -1001 838 -1116 661 363 -1366 755 -359 707 145 -238 -512 428 -434 -616 290 -91 861 -452 516 817 -589 -292 -5 -656 322 -472 539 580 -409 1536 -305 826 -188 -431 -1872 133 -659 -445 -183 -1038 306 -511 655 -11 -366 710 -258 655 -325 -486 -400 -685 1219 -6 -856 -633 566 381 -614 -860 -612 -1028 -247 -214 -608 -579 -212 540 -101 -563 456 338 -79 -328 -689 -564 128 1237 59 -1118 199 729 -834 -445 1149 -346 -549 919 270 983 -717 -732 157 511 -663 306 1100 -500 -607 -550 -695 -575 481 -574 484 -245 74 73 46 461 -260 -676 802 -298 422 -67 792 223 -147 1058 475 400 -292 -42 1145 -596 -1189 611 462 95 -783 -909 790 -437 224 210 -693 -724 -286 614 311 -148 -768 510 -63 -1220 886 -40 774 360 -267 248 -938 109 608 -745 -869 24 -543 -847 -51 -536 -935 309 -945 -801 -214 310 57 512 1343 150 -590 -512 494 1024 287 1100 75 532 319 126 -753 821 -572 1251 -1630 -603 912 -1134 454 -85 373 -219 587 
-654 -199 -203 -6 727 -654 441 -171 272 -189 -1242 -819 182 437 -618 742 -1540 565 103 -446 615 -1060 1148 389 -1087 -1070 532 -1068 2 41 -250 -457 -857 703 465 25 254 4 293 -163 294 -946 322 602 -211 -185 216 1268 -321 -1930 -116 -90 -687 -2147 368 -412 -83 -464 1029 -68 -439 -496 -1027 -166 830 1313 390 -1015 1116 750 1524 -1214 108 644 647 -874 -1618 911 206 369 -643 749 376 -662 -479 -1695 -560 -831 -899 -446 670 1186 -117 650 143 -484 1621 -8 -437 637 259 -431 344 -360 -1120 166 -296 86 585 937 83 230 -75 748 205 -1433 148 440 -739 -256 675 744 -770 650 -1450 149 654 -34 -3 169 453 -1346 633 349 973 -1972 -479 758 -474 -966 777 -565 131 131 46 218 -309 1208 500 658 478 -636 486 421 684 -851 -820 -470 941 514 387 -569 -139 433 -710 463 202 714 -701 -464 -209 -1081 360 116 518 -276 -727 -426 -266 -428 -148 -87 -519 285 645 -456 -650 414 411 -491 -468 36 -1111 768 -455 -679 681 122 565 -980 822 1168 -239 1330 -996 443 585 1188 -198 -856 122 262 363 436 958 -336 -557 970 -473 -840 -553 391 -644 -32 213 385 -654 -349 606 -425 1074 364 970 857 -761 110 535 -985 1311 454 -217 -640 37 456 783 -55 -332 113 -526 1605 -128 1556 -557 -598 -698 586 -291 -812 -133 -1239 582 120 -1519 946 382 339 549 -2406 2044 305 -690 144 -240 -850 -345 -139 405 380 450 1308 -78 548 -7 439 -1228 760 -716 -1159 354 439 -724 -853 934 -586 -292 102 380 572 -322 271 667 107 682 612 164 865 -253 44 199 -1206 627 -78 -140 1002 -1991 -176 -407 -179 -284 1372 119 208 562 202 -259 582 84 215 -512 -730 -303 -274 33 34 -9 -135 -87 -822 -20 -805 589 -550 -525 197 599 1179 -770 -411 -610 494 -837 -222 1154 1393 -314 -281 -252 527 -676 105 489 48 564 -193 416 -530 -379 296 -15 701 532 -20 -178 -23 -794 191 -1 626 593 198 772 287 355 -421 661 100 35 1192 -323 -1300 1975 849 635 -104 424 -1336 -241 1232 -1195 -881 
281 472 161 1495 327 244 442 -635 248 9 -609 -144 -533 825 420 -920 -610 1089 947 -688 212 815 -398 -511 -340 196 468 -592 129 878 358 -1021 158 -171 842 828 -1109 -656 -28 -404 315 -428 309 -1063 238 -235 659 -279 1033 710 831 76 942 89 -94 517 823 -317 -1590 -25 -428 -1872 -212 -661 -887 -740 75 -706 131 -1221 -420 -2021 -495 878 -84 -16 -1242 1102 -670 363 142 -453 -1145 -970 -53 1313 280 -59 607 -511 178 11 35 -356 1542 698 -707 -81 -1155 305 665 670 570 158 -159 549 1111 888 272 -855 -396 -995 -561 -211 556 86 222 -322 -908 -1188 -309 249 735 -716 -1340 -118 -51 312 -771 -225 -475 108 -194 903 609 -1013 -611 -1464 -896 -1017 -778 315 -961 119 293 156 -1383 354 916 -202 -491 -239 1025 209 -414 -288 -276 1707 1008 1588 1640 737 471 -1539 -424 -169 1217 -346 128 -239 1933 217 601 -353 1656 -867 -742 -1246 -725 659 879 -60 204 -267 309 1156 -977 -205 -916 895 -660 -353 -50 -1043 1514 -495 1284 -767 563 567 -697 -206 -131 322 -387 1253 433 -200 -1423 -878 -886 -679 310 66 907 1118 222 -242 -395 140 13 -554 -44 -83 -106 -534 -69 -1118 -621 -341 752 276 1628 -1476 139 -1684 -137 -333 82 1530 -162 -194 -138 -393 -132 -454 -1158 -1040 -302 0 245 -142 -1124 -262 -168 854 -1148 -924 773 168 -692 -1250 1251 299 -397 598 725 679 902 188 589 1151 141 -333 24 763 -508 548 1246 701 9 -17 489 84 209 -213 205 -187 1863 841 823 -88 905 702 624 -228 514 1517 479 -500 -123 925 -292 1254 589 -1110 62 -690 197 -1292 -366 -92 1125 280 1503 -136 -655 -595 -782 -498 -1039 -809 28 244 -999 277 -822 241 702 207 -713 835 -59 -1023 355 1472 1206 1974 -208 104 600 -1205 -797 -840 1461 -669 812 1293 592 -202 -751 101 541 296 536 -307 -317 -987 -699 -311 346 1233 -519 -35 2343 -144 -50 359 -221 -2509 -894 57 1416 -1244 783 -350 77 -510 -215 -270 -59 1231 -1264 838 180 -803 1244 251 9 332 12 100 1291 -735 -965 1385 -344 457 37 -29 
558 969 759 871 -433 1217 -185 -1553 -139 0 1725 859 -393 -1172 18 163 720 -12 235 493 -1340 448 375 -98 372 126 -1745 -563 -255 1417 -164 1481 40 -913 80 88 -589 -512 146 1347 -26 -1063 1220 -97 91 391 404 938 -486 389 175 894 23 836 318 426 1271 -218 750 -1062 1135 -674 -408 -118 -411 -825 -228 -692 -1796 841 168 -1152 -1250 -694 -147 -356 1861 1260 -624 6 477 976 536 1072 -672 1654 -920 529 -728 -592 -278 1154 -1450 -523 -962 314 1022 724 -1013 97 -243 610 92 -101 -781 767 -243 1001 693 -132 646 24 -9 819 -842 -14 -762 592 -910 -135 1154 275 1035 -386 162 -591 1231 1899 -1445 59 -1387 -79 1652 1426 330 753 -542 452 -1012 -145 -110 488 231 -436 1094 271 -895 300 943 39 705 -217 65 -888 -751 -1296 241 -626 286 -329 297 -629 -300 -601 571 -21 -243 -564 -855 -712 591 594 -520 615 -1529 -839 -295 18 597 602 511 -488 -501 972 -558 -754 83 1098 112 -508 1063 -420 498 953 -251 825 -240 -538 -796 -913 -668 700 -654 -921 31 -302 -1537 284 -13 593 -334 -123 -120 -1031 713 -718 1611 138 -122 -1044 187 -586 439 606 190 980 610 -773 566 -1151 1013 422 -934 4 454 -68 -679 884 269 -164 -400 -851 452 -349 -7 -1686 -247 -1571 -324 482 -338 689 218 -30 -211 628 342 127 168 238 -1246 1020 1019 -288 -350 -1463 -678 1248 471 -1287 25 -1138 435 -420 -637 110 -1251 -747 845 -120 -960 1147 -325 87 691 -15 -82 271 297 639 526 -1181 -563 -828 -431 1520 -650 -565 -253 -60 -709 461 920 248 -1109 89 116 -601 610 722 117 816 1408 -1119 -1427 -252 1414 -420 -749 61 -350 -855 -536 -264 253 917 1118 52 -992 240 1302 -721 -102 691 174 -478 -265 124 559 1131 -822 220 972 -1016 761 33 78 286 135 464 411 320 -631 81 56 51 438 -330 340 -1701 1133 -1025 109 -403 632 544 6 -314 159 993 345 1587 4 826 429 -571 -27 671 -780 46 -629 -1211 1023 -31 -357 -360 -193 -7 149 138 -199 -106 -175 -483 302 -521 -510 1538 -409 -594 
-190 -1026 183 611 1155 65 -111 1446 283 -552 -1159 299 -1467 299 -758 -1930 -395 -647 -178 1174 -200 909 350 -972 678 1139 544 429 880 -642 -344 -93 -137 73 -619 -62 1415 -817 88 519 412 -923 -1496 -154 374 846 -261 -231 665 577 -342 -1334 1037 -614 -205 361 -605 -80 245 -1465 -342 346 -801 -218 80 1027 -791 1043 -1088 -873 160 388 667 -778 -1033 -133 509 -23 -1020 735 1012 -510 870 -467 -694 -556 962 -467 847 105 -856 -313 928 -792 54 368 546 -276 188 -692 937 434 2396 -319 862 -853 938 822 -618 -944 -321 49 373 -963 604 -76 -287 -420 689 443 -563 -512 -1715 245 -1092 428 -1423 -482 -1800 183 700 300 -896 -1254 93 -469 773 -1375 506 -40 47 773 1034 1157 1429 312 -57 204 -339 -860 -387 235 121 -444 -455 1852 -114 164 -579 269 1552 220 -977 1030 143 -897 560 -395 577 -259 51 -678 123 338 614 -421 -931 200 -1280 617 -1003 580 65 -518 -208 -658 148 -87 961 -700 -72 -819 739 -1305 574 -653 -1094 1 -446 667 629 396 644 470 -344 321 271 -76 518 246 233 168 -46 -1860 -500 377 387 26 299 -884 829 668 -411 1003 -1119 -7 1061 58 -1154 -236 -800 967 -257 317 -241 189 -206 -987 435 135 -928 535 -313 1045 -363 973 404 781 352 -418 -417 1021 588 193 872 -665 -296 225 -327 -631 418 181 407 7 214 -3 287 285 737 528 -1587 720 156 776 -771 1127 -842 -956 -616 -969 -172 335 584 -301 1742 -598 1190 308 -794 -71 1425 -953 -437 556 -385 -1610 -533 153 797 527 -158 1246 -987 -247 -448 566 242 -336 346 -436 543 445 -988 -109 529 -993 -580 102 1469 -170 1680 -169 959 458 -594 63 1280 -274 -159 374 85 666 -588 -229 -992 -848 639 1037 -990 -2127 523 397 514 1366 -1105 -1798 -906 1748 -531 -244 158 -156 -648 -334 278 53 447 1569 -809 -13 202 444 -937 -629 496 -446 -373 1170 -150 -766 -235 -323 600 1316 -1352 -1868 -1101 1093 -976 -831 773 -514 -189 -317 152 -439 -246 50 -600 148 -212 -244 -555 -124 -533 194 1202 246 -921 -397 
-481 -50 574 201 -229 -171 678 16 798 150 -644 1299 -437 968 -632 -984 -1227 376 -977 126 243 327 -1578 1449 -164 469 703 1247 1351 1096 -648 -451 -310 -266 -282 -299 1255 -398 482 573 24 -1422 713 327 -1402 -345 -156 97 441 -1393 -381 679 -340 284 -1788 -1086 -36 1040 -599 -806 481 -756 -715 300 714 340 348 -716 -56 385 -1296 551 1026 -1087 369 -104 -979 1235 -913 669 1528 215 -422 -269 1036 -662 -130 -375 355 1223 -210 712 1905 1831 -2711 -178 -237 447 -275 901 496 -1244 753 2 54 -208 -235 641 -470 -878 -541 -143 836 -886 -747 -138 1418 222 667 231 218 904 889 -970 -346 -526 1259 2259 553 -1659 -1217 1007 268 -9 -419 -536 333 -362 19 -815 -587 1142 1608 485 -164 -60 405 -389 112 775 1004 -629 434 -1113 1308 -519 1028 145 -145 -45 -948 613 373 -244 247 193 68 413 306 959 272 -889 1162 93 -1135 -703 630 -173 210 -312 -261 217 -96 160 -383 -77 -525 1246 412 216 498 -1411 -62 -797 368 -405 1059 329 447 600 1222 72 802 -954 -187 -641 766 -592 404 482 410 117 -695 606 976 -121 129 4 -70 1168 -1360 -1015 703 -1857 -190 -1 -515 -451 -934 -1233 111 -325 -327 230 -2325 -316 77 -468 -728 -134 918 382 -40 32 1435 -1581 1602 -400 -1332 -1187 196 -891 1024 878 -1092 130 1092 -875 1470 -495 283 -1794 632 659 9 -330 172 -813 -982 -772 -1202 13 -250 -599 230 741 136 554 -22 791 270 288 -593 -434 802 1007 484 -938 -1124 -875 468 36 -725 -742 -663 469 -115 137 246 -477 147 1293 -337 -276 -51 124 282 -444 1876 42 1029 1666 -437 2 -988 546 -1763 -622 487 1102 124 -280 -1230 623 -437 -1138 -1340 -151 1578 770 -69 252 843 -686 1186 -189 874 -187 595 -504 738 78 -975 -203 817 -528 -732 -931 102 1681 802 452 648 121 112 -125 -486 -1319 192 341 188 -437 348 -187 921 1184 803 -486 -324 438 1197 192 -474 -448 476 519 -1817 635 -676 60 17 1240 -330 -1097 -173 181 -466 -760 432 -841 768 -502 -150 456 -237 153 551 645 -46 17 
-125 -15 616 -574 -47 907 -1813 -1250 -1460 -227 714 -640 820 -1047 195 147 1277 -867 -90 -41 576 610 528 196 -535 701 -895 316 -78 -1483 -297 -286 798 1130 305 491 756 148 -23 -490 45 -92 -504 -43 164 -900 -340 82 993 1089 735 527 2308 -495 452 -1441 566 279 450 559 -621 1197 -14 829 -975 -398 -484 -670 1241 -539 -795 -819 -591 -15 385 87 473 368 -528 -329 548 1092 -1046 -255 662 2364 59 242 -266 213 392 765 420 -190 -232 -746 -1353 -304 -871 -172 -734 -745 -52 -256 679 542 -827 -664 592 -1208 -1473 -250 943 38 65 816 -691 -138 -433 396 575 623 934 -476 -390 -259 -1234 -1850 -143 -1256 -978 -213 452 91 167 1029 643 800 -96 176 -213 746 -228 438 -238 695 -4 741 -613 495 -199 66 -721 179 -218 26 428 -307 -1248 -115 -838 296 -521 -1015 551 1240 -96 -558 -299 -359 534 299 -455 989 979 146 -309 -1194 98 -984 299 97 636 717 -901 -364 1776 -410 -338 -666 -211 126 -534 1232 -501 -500 324 -323 -273 362 515 -627 832 235 630 -537 -618 503 -722 -253 -117 736 821 -584 -1356 564 352 -1335 1268 -236 -1409 316 359 181 -73 480 -145 -1106 -84 -458 481 -658 -552 997 -229 43 -374 1494 -454 225 363 -678 857 -684 -208 -933 -496 -583 862 182 -167 -606 17 1221 -83 7 520 454 -1101 255 384 598 -804 519 468 -297 -616 1789 277 -661 137 596 -207 898 129 91 1017 130 -116 1478 639 699 -1190 267 -408 -317 1663 709 285 -584 406 30 -10 -288 -1373 32 231 387 257 983 -599 -623 -808 -293 -258 730 -629 -206 62 375 -169 -943 -321 -345 -216 433 976 -68 374 -861 -718 -1038 796 -790 -62 -241 159 1540 -15 1296 -262 793 219 -532 -993 1522 -207 639 -644 -196 -28 -220 42 520 -639 -60 858 528 -917 1083 -291 184 982 -294 -765 881 66 794 -602 -867 362 1005 126 153 112 -437 136 -720 398 -148 -922 -439 -1135 393 910 1883 -595 1129 -240 -148 -151 807 -707 1113 293 -113 -791 -1020 461 -208 789 269 455 534 873 444 46 -1786 896 415 
706 1594 -1657 234 567 140 378 131 -109 598 586 -711 907 999 -249 -565 -356 74 -1442 736 -1094 -152 -206 654 -133 -2140 -352 -49 50 375 648 71 1011 252 -802 701 -990 379 -332 1046 -292 77 1730 530 405 600 -1159 414 219 246 -496 -1022 271 1548 -100 -643 -390 741 -522 215 207 630 551 -323 139 -1134 -712 -841 -231 -364 615 1161 -394 173 -1167 -387 262 594 761 526 -486 924 -881 866 1553 1301 1238 524 265 256 -1201 -456 -101 -14 90 -297 942 76 490 544 66 -438 -264 -1340 -83 489 -1134 -896 582 -1964 1281 -1037 -1628 -197 -964 -587 468 423 494 1718 -468 -294 -46 -1843 397 -233 598 -300 -500 1083 -646 713 -14 638 -45 963 -682 -100 -904 720 831 778 -318 -507 641 -131 158 129 -1207 1600 -234 112 984 14 370 -483 267 -761 2213 666 -124 -1830 362 -1773 4 -36 241 294 -1652 411 1278 -1560 -697 1690 -1450 -906 -249 873 5 -304 741 517 -348 -1179 -210 659 145 1233 689 -1026 -338 568 110 860 -979 647 -1086 1990 337 -380 -1107 -726 -1418 -713 607 -286 164 478 -132 -72 -590 -1489 1048 1095 -426 -770 873 -860 -42 1644 -71 -535 649 -713 -553 249 624 -76 1215 -290 -381 651 1062 -733 -92 592 2177 697 -266 -915 580 539 474 398 -1225 1361 -946 71 414 302 303 -972 1180 343 -623 1147 287 348 -34 1913 251 52 -1529 -1027 -308 1071 626 -45 385 -1106 427 -1151 -254 202 -1447 264 -734 -535 -8 -306 -43 -94 1170 -611 188 900 -411 76 30 615 29 -305 876 -9 899 -1162 -869 -166 -293 1315 757 -42 1105 13 -314 -1066 -968 1477 210 -938 799 658 6 -1079 -51 42 301 -536 -521 -632 -388 226 109 -720 504 189 653 -35 -967 -349 1069 470 311 -533 -1133 111 335 -691 500 895 -527 248 -185 87 1686 105 -221 771 -48 468 -2426 -1571 -1554 149 -1584 -710 -1187 -100 -675 -206 -255 -448 1233 1100 -392 -317 -323 49 203 -637 2146 592 345 -135 55 -110 1442 -132 -596 991 1238 961 403 -969 1128 170 -215 1121 -217 709 404 -59 -662 357 461 -175 -467 538 -1284 393 
-372 -354 -806 722 401 114 246 719 -56 1102 -753 -616 -1119 252 554 317 156 -1516 -157 272 -1039 -1058 -367 784 1220 553 592 1536 310 -572 -81 143 904 -535 -907 -776 -732 -310 -653 1551 885 235 -268 -112 1914 342 -200 283 -740 -839 912 1586 -246 -464 1023 494 -703 159 -1008 -1136 -1258 -60 -438 525 5 -1270 -2417 1184 370 -678 714 189 -849 740 -104 405 775 701 -571 -471 210 1022 -157 321 -1517 -545 -974 -114 -458 -369 -263 2301 -979 178 292 246 -1375 255 -298 311 -1554 21 403 -276 293 -659 60 1072 -75 -297 430 -1690 186 -656 1103 -898 351 -143 737 -399 53 85 -980 -8 16 193 401 265 -1408 -447 -465 863 -740 -1205 51 -184 971 903 172 809 201 -62 1185 438 1491 -649 146 -560 -841 -67 1118 599 -17 -474 -407 351 1321 -342 1184 154 1252 -993 531 195 -700 875 102 116 -24 381 533 634 415 -1226 391 1499 312 211 -427 -1802 350 806 440 1514 1738 -1052 234 451 -1604 452 -160 1760 -244 -1030 980 945 424 -771 -550 -211 -1067 722 -444 -941 149 910 25 833 112 139 306 -473 -58 -915 456 198 249 -892 1121 -1497 993 1057 -524 -876 -475 773 1243 -360 1655 186 649 -497 -47 -1085 1008 1564 -730 1051 427 709 -1513 -1582 -1789 93 1164 399 1220 -337 245 954 -1165 658 800 -1070 417 -344 79 72 -1781 -684 484 -493 -1263 -539 -1126 978 81 67 588 783 285 807 -1193 -472 -695 1183 615 -1044 804 -604 -901 -775 171 -81 1165 139 -1228 18 615 1602 -537 505 340 -1240 985 -462 24 -715 -1003 636 3490 420 -774 -54 233 782 1470 -218 -595 -336 442 -1639 -381 -1609 -487 -370 -154 596 626 236 -140 -589 538 -508 -592 -2490 423 -215 339 -536 917 -358 341 147 666 -434 575 141 -303 1110 -1409 -461 246 -1645 650 -71 -29 914 31 467 -1668 667 299 -431 -742 394 313 -53 -623 -838 -628 1318 250 1011 -1062 508 -409 0 673 -724 -224 -518 -506 257 -56 -717 790 387 625 -924 -318 -723 -738 207 -1468 205 1927 -21 1235 -508 255 434 -479 -565 750 500 -800 -239 100 -66 
-324 -478 1656 -262 -1926 914 143 -1104 -276 -141 -727 -92 307 889 -412 -1052 -492 222 899 1 -1192 -372 904 493 -415 347 314 631 348 476 -492 488 53 -307 81 406 -877 581 -244 -968 -255 57 1311 1048 -1158 -1218 -991 -1414 -11 23 -1590 488 -468 623 -618 -548 196 -1649 -466 -745 -960 423 199 551 -325 504 136 48 -376 -726 -19 394 220 -343 1105 -744 881 516 497 1051 852 607 320 505 -1378 -1486 -263 1042 -790 -410 1103 1584 857 -69 237 49 240 19 643 694 785 -143 655 1198 843 901 31 -828 -420 1051 292 223 -455 -151 970 136 197 277 -561 -776 -117 897 64 -311 -637 -921 -484 235 -861 -1038 262 -127 -267 1619 258 -236 -229 -695 -1010 217 -1407 811 467 -569 -1522 0 531 -264 -2117 205 21 -1423 -734 -482 827 -522 460 201 -619 -774 789 546 198 -1848 712 -480 -603 76 369 -545 -1167 261 1213 -197 516 -196 467 54 -514 551 -99 431 -247 322 -652 245 639 -6 -488 -461 -378 902 -550 1132 1523 -1736 702 370 -206 478 -72 1081 -327 632 -535 -426 477 -94 621 -139 -1005 1110 1302 -367 566 -405 -424 -262 -801 546 363 -925 -1429 -244 -199 589 -355 365 99 176 -785 8 -6 -1471 -688 -356 -1028 1463 -601 1769 -600 -342 -727 95 537 1326 183 582 575 -632 987 740 -883 1170 436 -1360 903 -946 -849 409 270 442 -316 -425 -914 -804 -1090 308 134 -91 437 -679 -970 1018 237 674 -12 -144 -750 -889 605 398 -538 -310 -440 -138 -270 -728 -295 18 -211 -860 -848 -285 711 -133 -377 541 -809 -428 -1965 11 69 570 -880 928 388 -629 309 -714 997 318 701 46 317 311 484 211 1002 694 -225 -615 -1236 -470 -1773 -265 352 -1461 196 -167 224 1222 1096 591 -40 -1663 -1018 340 6 1137 -805 672 -49 -295 -665 1420 -1899 -1384 756 -528 1419 -212 771 -1100 -451 -845 -467 515 108 497 577 1587 -575 -480 -491 777 -1473 -1035 -903 124 -657 580 46 345 891 173 -328 275 1101 -94 -590 236 -641 -2251 -978 679 -132 -829 -722 -413 -649 862 -264 -1 720 416 -510 31 805 -52 
464 269 302 801 366 293 35 182 335 784 395 342 -399 684 -787 600 160 -489 -110 850 141 -149 -867 -141 -738 -753 848 62 220 -167 23 302 123 -995 -513 69 410 -892 -384 163 -441 385 -654 -512 -1092 198 62 174 -1985 90 105 -583 151 356 -36 -703 -147 1813 761 21 -192 -645 587 868 24 162 -435 196 -332 -500 -374 952 -1734 516 -1048 796 -34 709 445 -262 -675 464 415 956 273 469 -453 799 373 130 228 -24 854 -1844 -1029 241 -101 498 -126 884 681 -4 -261 -324 -2358 -385 -59 645 -717 187 -83 253 -1357 -389 51 277 588 -167 62 -50 326 849 873 967 1092 -631 -51 -101 -1230 180 274 -292 -169 -1199 792 -83 73 -837 229 -209 725 -261 -697 695 -1007 -463 463 -1251 360 403 1079 -265 125 1044 -937 228 2311 239 603 -570 306 -445 194 -294 -406 -85 1026 -735 -71 1618 -340 -388 1273 1693 -1282 -1200 -341 366 49 -136 -152 1135 -40 110 -1454 -2005 -194 -282 474 165 64 -142 -5 -143 -945 433 -607 253 -1555 1024 667 -243 765 302 -566 -461 -571 -1253 -5 35 1010 393 -133 -531 458 -444 1010 -871 -881 -194 -679 -356 996 -1011 -182 409 -880 -1392 -196 580 -276 -106 -406 -1143 -825 768 118 182 0 -813 -877 1699 25 138 1056 -543 -471 584 -59 -731 571 357 293 357 339 674 162 343 236 361 227 -493 -391 1083 -636 -827 341 378 -1495 476 -672 -438 -457 -41 -1305 331 66 -717 -836 -257 219 -824 -224 314 222 776 717 609 -70 -1148 382 -1004 568 -100 1648 -8 277 298 -383 1790 -856 -569 -341 -165 -307 -111 240 249 195 425 604 -65 -163 678 -76 878 453 597 673 -1295 -52 -440 -1348 -834 540 -1303 359 347 646 -195 765 630 326 -622 -373 -37 564 -436 285 434 -990 437 417 -427 867 -700 231 12 134 329 696 184 -662 -1422 -783 320 -121 -2026 432 97 822 479 -1958 -195 -808 -268 44 -73 110 208 -175 -155 -520 317 -397 1380 -318 -1243 -181 -302 -860 143 -305 -152 43 -925 -615 -128 481 238 168 -175 56 -167 -82 522 574 71 -963 -15 
211 -463 183 -400 590 -32 -349 -638 43 701 -1247 638 -163 107 205 -807 -651 367 493 551 14 -1423 353 316 -302 22 547 -792 587 903 361 -611 -274 416 430 155 923 -1876 -662 -54 504 310 69 372 389 7 -1051 291 256 -1202 -954 -379 -392 -933 870 -608 134 1142 -480 -51 -728 -110 230 339 1593 1202 -423 648 932 782 -306 -411 1210 1162 1295 -1293 -942 -432 1026 -495 -613 1544 719 -828 -434 -806 -1358 -324 -299 -1212 -375 -289 95 -758 -1036 1057 -468 494 170 371 -559 -551 -132 697 890 1063 870 -1069 -779 -789 -219 1379 -623 -85 166 311 169 187 1302 -535 -225 -593 716 603 -187 492 914 921 -1006 -573 588 -388 5 1161 793 -581 90 -991 108 -161 587 1373 -203 1220 2056 -1395 1036 -1184 -17 261 -100 1146 -242 -714 1585 -184 532 -430 1382 -1526 337 94 -379 626 217 323 108 392 277 -381 -443 -634 -379 -1130 411 591 -1201 -857 649 1927 -528 -1187 99 202 -680 -368 -223 543 -821 -81 873 -1061 -590 1442 393 -413 850 119 265 59 667 -277 304 372 233 -916 -295 -1124 -665 650 -708 -136 -668 -1176 234 461 472 315 589 528 788 17 -561 -371 779 824 457 -313 -460 1050 -449 -906 -112 -442 -504 814 -1424 -419 -281 425 715 -149 -684 -1031 1188 -969 -740 780 -958 1299 -159 -638 -909 -279 -370 350 1325 -14 333 -524 2395 24 -526 -2111 -1005 336 -1385 -707 -419 -375 43 -70 -401 647 487 866 -87 445 744 -718 249 -294 785 -1422 86 -152 311 -386 -795 -1404 -294 -296 902 797 75 961 -155 469 140 -738 1012 1187 -755 400 -25 1836 -1827 -145 -699 -244 453 -5 -169 -418 -3 903 -539 -336 -226 -704 771 567 -414 -17 -733 1485 492 109 -674 -1160 332 -969 -167 -1111 -1372 -190 -1187 572 748 1250 -525 -71 605 -1199 270 -328 -1504 177 1023 -880 167 317 -179 737 -572 -346 -971 1564 -827 123 -336 158 -383 -161 -957 104 -1093 97 -14 1727 -803 166 678 8 977 -388 123 1422 498 359 318 70 572 -514 -670 -156 1075 -868 -915 592 -208 -2413 -868 551 26 -740 -141 -793 -439 597 
458 1894 -838 -992 503 36 257 -133 -508 450 271 -1054 -7 116 -453 -444 391 -117 586 630 73 -84 -704 -278 1016 1125 -936 -424 -1419 -1424 173 -258 183 -428 -357 -108 -633 544 -789 -329 -931 -191 1576 1064 1073 397 960 -354 -853 -508 1881 552 -46 -477 467 -403 -145 -418 -287 -224 1003 91 78 -684 576 1049 78 1831 -393 -952 358 1681 356 22 -213 -336 -55 -277 -50 2032 -708 63 44 395 -1025 938 -221 767 30 954 100 694 -192 741 -1275 179 183 1027 683 254 909 -1362 -373 121 -1024 1301 193 233 -219 908 -601 381 1192 -1054 136 45 170 1260 389 -842 281 320 -170 -25 193 140 -1252 951 -449 -21 -455 -637 -419 -260 -403 -578 -956 367 -706 -46 168 -341 329 253 -301 205 428 -924 217 -847 -298 -13 -346 225 1445 -235 387 -93 1371 26 -471 123 185 -364 -636 835 508 -208 1003 18 -30 -417 -317 -649 165 -476 759 -1129 -555 155 -250 -260 -796 499 -352 494 485 15 -466 1396 -1280 439 -631 556 -410 223 422 -447 -848 194 1214 -827 -111 121 163 -406 -368 91 -941 958 -1994 -39 -1007 792 -794 -411 -48 -814 -304 -188 751 -620 -11 -1590 -267 -199 621 -7 -634 663 361 -707 -972 804 1599 334 -429 1408 284 -47 422 -942 -727 -576 250 71 -337 704 -168 -220 66 -209 -500 3 519 -1671 1214 -1908 1034 184 55 -499 99 -331 1129 77 833 -1859 -311 148 -399 -565 956 -388 82 -238 995 1250 -269 -25 -707 -709 -521 -1244 1026 -245 -322 344 -668 26 -834 -446 1189 -1206 759 597 -592 796 990 234 -798 3 119 -446 -456 -885 -237 634 1287 -770 -959 -1447 657 81 632 -256 284 -597 690 -375 71 -1755 1302 65 166 399 383 1173 -1698 918 -138 -747 522 -917 731 1250 511 116 -1539 265 559 870 -586 -1310 421 -471 -595 195 190 -838 341 114 390 -666 749 -735 277 -394 418 -413 346 -1014 114 -273 -578 134 2202 148 25 232 680 -311 677 -501 235 454 -595 898 -346 -1438 -824 -1210 -194 361 -508 -428 898 321 -1198 -1462 35 226 24 1204 1582 339 198 752 -75 -1986 
788 816 -737 1329 -1201 -412 1643 502 724 156 1504 -116 735 -11 -403 543 923 -874 -971 205 -657 417 914 737 -753 2047 267 -1712 -232 52 -1415 -512 -20 681 -1918 831 -42 322 145 285 -857 129 375 458 322 133 420 -1853 -353 222 847 -332 -609 -639 -910 1560 -732 60 -381 675 -952 -294 58 -594 459 -679 371 -42 304 -598 1340 -352 -657 -519 381 153 558 -257 -185 419 -1111 525 237 -419 -820 756 787 -785 410 -869 -1163 -426 158 1396 30 -781 1024 -818 1477 337 74 457 377 -717 -100 27 988 360 -1651 311 -40 -302 -531 -2 -27 442 -1338 1078 260 458 -292 482 -1378 -451 -803 446 -425 -57 -193 486 -772 297 940 929 776 769 -1943 -892 689 -453 689 926 -919 -590 449 -776 86 101 285 1039 6 -89 17 -80 484 364 447 -985 729 902 -412 -956 287 -2062 -509 -277 -329 133 -678 680 -579 -521 -1098 -760 -34 -1194 -917 425 -91 -358 390 473 -228 -252 -339 -269 -230 -1374 995 -795 -806 -347 -657 484 138 -407 -20 -148 -199 884 -678 94 1058 324 -28 1264 332 -1272 -1311 -181 68 -276 -255 382 368 614 650 292 -24 -143 -68 1005 -1126 110 -141 48 1149 897 -815 575 -734 -805 -648 224 -477 591 410 431 95 -458 591 1839 1408 531 618 -506 -889 14 -637 304 -1434 -217 219 925 -56 -626 1186 313 -1854 -525 563 581 -1944 315 996 867 1575 265 281 366 -609 251 666 1297 419 10 -902 -244 -847 646 540 -853 -468 50 38 282 413 -1176 964 1250 488 -15 143 311 -492 920 -354 -244 786 238 1292 136 -609 81 -787 -1123 407 648 -340 -1709 194 725 -817 41 -514 991 -1417 -1075 -1133 -779 703 659 607 -848 441 -5 -688 978 631 -357 144 -157 461 -1870 -70 -395 829 86 -937 -257 -320 216 -91 -1278 614 -189 -42 336 479 448 571 191 967 469 -702 -545 622 -304 -674 -523 -409 429 -1273 -192 484 -2268 487 -159 13 1461 1063 -321 -995 356 1861 144 -672 -602 472 1207 -538 197 383 126 216 -46 1763 752 -153 -449 207 343 392 -1097 -39 -297 -256 -795 -271 391 
734 -793 790 -326 -499 -35 -1183 895 -443 -438 482 1270 842 -1181 1516 -575 -1083 1554 -1598 -409 -361 -148 633 628 66 -599 848 1065 -4 2903 -131 123 456 990 -1103 -1028 -270 -1269 666 -607 -560 122 448 796 731 -14 831 1530 -331 189 -364 841 -477 88 -631 1812 -29 -863 672 83 -593 -862 429 -1507 41 -1106 -39 -803 346 -412 64 -61 -479 -1228 -311 -455 308 -130 -993 -852 1275 24 102 -420 125 -458 726 370 -135 -660 330 -239 13 1270 -1299 -150 692 -1060 -473 463 151 -1194 -1227 -60 -679 -6 113 -1004 -298 -92 195 -82 -1416 1371 -970 -1032 -195 -724 -62 1355 -391 -421 -498 199 491 -293 352 360 -600 -276 227 -526 96 851 144 305 708 -554 -967 363 -712 57 262 -187 -831 534 -888 333 -1226 -771 665 -983 -183 18 42 462 -472 547 -476 536 -134 418 -306 919 -416 -343 -1073 731 -719 -265 -280 998 82 -387 230 2498 -13 889 760 759 -383 -50 -117 -574 -71 -263 354 746 137 66 -1005 -1508 -988 422 606 -1602 910 681 -667 -729 -912 -609 -542 -62 -227 1448 2548 184 -401 713 692 -410 -573 556 506 1186 43 53 1039 -638 -1059 635 -717 -129 -269 67 379 506 -1390 317 -1165 58 -548 729 267 957 20 689 471 -85 569 -477 308 798 1704 -965 775 8 -380 729 -1135 701 75 -236 -273 -4 83 -581 -29 148 -72 -547 -325 373 179 -633 -552 -30 -894 1989 454 -363 314 796 -1361 1429 -1486 -109 300 851 -1508 1454 -540 -212 -619 1056 307 -501 -800 438 -333 798 1342 -1174 -224 18 -63 3 -921 -165 -1369 -236 -1100 -891 355 1686 -69 -776 324 -1980 120 -353 154 145 -218 -620 -432 230 -849 -117 -30 -616 -198 -170 -659 -1155 938 700 -232 1221 1169 822 -475 -734 1343 162 -777 -241 -952 -808 46 883 -102 699 -561 -52 498 1247 354 -923 -732 -630 -678 1382 1194 -589 176 1542 -648 -585 357 1062 328 261 -50 114 1048 -1714 -739 492 40 1062 -171 801 -1407 287 -868 226 -76 230 -372 416 1716 651 -70 -631 -1091 285 -1100 -203 -158 694 -220 888 -682 1052 -459 -40 738 -916 
331 830 744 -691 -676 1795 -491 25 -824 980 -1020 154 -1629 65 -838 -783 -578 -610 -1021 -639 29 -158 336 90 -360 38 686 1715 1387 1724 272 360 -632 209 302 -76 411 146 -1379 -909 300 299 -394 372 -8 380 -1648 -60 828 -783 37 -263 -25 262 1102 -137 481 159 311 -187 457 141 21 -1546 -215 -258 -244 844 -42 -758 58 -848 242 -323 -197 336 -777 569 -376 599 490 1474 269 795 -781 140 602 300 -836 590 -311 249 -535 -591 1050 885 -1175 -120 -305 1077 344 1214 1099 -216 -101 972 987 -1156 552 712 111 49 199 481 1061 1195 -1401 -1375 -400 4 -1947 534 -484 659 -261 1689 821 -727 -699 -875 335 -317 340 -541 376 -552 134 -340 1290 -1267 522 82 724 -253 -250 569 -328 1334 -42 545 814 1460 536 1480 13 -463 -487 1959 296 545 -509 1368 -652 429 14 1063 -676 798 1037 759 -578 -1 987 1770 -608 -478 -25 -860 462 -1228 412 -1483 121 -412 777 996 -584 222 -364 339 -260 -663 576 708 -211 -658 409 -659 1321 -453 573 -267 -566 -749 170 -607 -917 -2022 284 224 -777 -603 -962 -50 347 -744 559 286 -238 36 936 -689 188 -111 248 -689 98 -316 -494 272 -1010 -983 405 -838 -183 -1947 240 -253 395 338 1403 529 1229 677 573 520 31 -210 -505 201 577 715 519 394 462 -906 -92 -518 135 -415 599 -645 -1003 -277 215 -382 11 -237 1142 1266 1258 1075 645 -282 -1220 195 184 544 489 74 176 -45 517 241 1833 -541 -988 -843 -1111 -274 -192 -146 473 969 -301 454 -939 340 -570 -1933 -2437 -324 130 -209 1417 934 -216 202 -240 274 1022 937 -301 822 311 959 -749 -1135 1802 293 1268 610 -419 -541 213 -1017 -291 375 -435 -891 -59 -384 -320 -663 -483 287 163 -383 1522 -1149 -870 251 -962 -519 -863 145 -295 807 610 275 922 544 -400 1180 -837 32 1555 159 -720 142 -961 152 -1494 1168 -570 -776 -181 1473 1664 -535 429 118 623 319 525 -631 -121 -666 631 -346 168 805 -398 127 -472 -54 119 -636 -589 -604 -800 -560 -2070 -237 953 -68 -983 235 885 -377 
-365 -808 -901 -580 -332 100 816 701 -889 -106 1081 -384 1355 951 493 942 230 655 884 -709 -1270 -245 -188 108 594 259 -38 643 -75 -60 888 -393 -635 489 990 -286 663 1041 -325 318 -863 -239 -667 -1383 235 -677 -322 -994 696 73 -58 -1181 -381 -41 -848 930 -1785 -1164 -1406 -112 -55 -342 -33 -487 271 -913 875 -116 -113 -593 -361 346 -169 227 1107 -523 -241 135 287 -186 848 373 -440 241 1030 293 -30 124 -665 -275 1153 -1046 -119 944 -749 309 -615 -600 1047 -703 -1015 -226 42 -446 1449 237 -585 -956 229 59 -614 -75 -1135 -201 -393 1504 261 -422 -900 -11 779 11 -61 260 -109 -609 -570 -1623 -209 -981 -652 -1207 -138 -804 -1264 149 -108 -306 -89 63 -35 234 584 -389 -1571 -1212 293 -471 290 -1190 -1711 -60 691 21 2237 181 -1168 92 -1221 -537 -243 66 -144 269 592 -654 -238 -655 -657 -622 -994 -557 -591 -1010 -1143 1254 -1038 13 165 886 -531 -44 -658 -483 353 -12 950 -1396 -548 631 78 -171 804 -378 -1217 -404 802 -1569 -69 1234 -266 -706 -364 848 -1000 385 -1420 195 -44 -114 -51 589 -94 46 -16 -985 332 543 679 327 -928 -134 -294 199 904 -525 -240 -755 -56 -217 324 -516 387 -111 -234 1190 -761 33 -42 182 -564 -314 209 57 -13 -98 11 -431 11 -65 225 -756 548 -104 483 -139 -771 -1259 -1308 -654 1926 -626 216 1230 412 259 337 -450 -1040 106 -341 266 2 19 1895 1452 888 -876 280 1185 1391 -580 -1492 -914 -472 540 311 -840 1068 -938 -618 445 481 142 -458 -807 1151 239 -233 735 -834 -173 245 -393 278 -643 -1732 -224 212 -583 -2054 -521 513 869 -277 636 1219 592 -71 1289 819 1095 -940 -4 864 1652 1260 -894 633 -1473 -7 -1100 927 4 -1122 2205 446 -233 112 -223 598 42 1321 861 -15 -218 -452 1759 -1124 143 116 -1307 592 137 210 95 846 196 511 -432 -107 570 -673 310 -186 -121 31 -217 -424 775 -468 -220 82 -320 1102 890 -311 572 -447 -2 280 -726 -1409 694 539 -17 515 -216 -564 -63 -393 -238 119 -586 741 341 97 -1448 630 566 
-1219 -127 1362 -865 -1130 391 -1446 -2 402 1588 -1492 1728 -1087 -1587 -66 -1003 -1158 1114 -936 -237 341 1318 -802 443 1043 -853 -456 1364 94 1096 633 400 -470 -819 658 573 -424 343 760 108 -1863 -938 405 -509 -299 -48 251 1777 311 23 -937 674 444 -1 -61 -697 -192 -1046 -62 832 291 74 484 160 584 41 -830 -535 191 372 -250 156 432 367 309 -271 550 -149 -638 412 -358 710 317 885 503 807 -153 861 -1254 269 -321 -713 571 171 -293 -1066 -22 -281 -1328 66 834 547 -35 525 343 -513 603 -1232 -577 -59 1562 1950 259 -764 -22 -583 809 -247 -698 526 -186 198 -574 -1475 276 -180 1007 2091 223 -839 -245 551 174 907 -862 235 80 1295 -900 643 -618 328 161 -1484 -525 78 14 -647 402 -167 169 -986 -274 -1011 1 580 -845 -289 803 120 -192 -730 -173 664 195 740 -459 -358 -421 -926 -375 200 491 1394 -882 552 -80 -387 -1282 572 -286 656 671 -48 1082 -928 -152 1318 550 -194 1092 936 -566 -388 253 -707 1802 -81 -588 322 -7 1401 396 -863 1521 690 1129 128 -2350 158 -609 739 -62 -173 273 490 -376 511 -619 -477 172 -146 -604 -173 402 2243 -992 -130 -461 -336 -506 701 502 910 214 -134 -774 -145 -554 823 -651 -999 650 -452 133 -524 -33 -420 240 174 234 -774 376 -135 343 -561 -257 582 1431 369 271 -387 1481 -1641 58 218 354 -493 -223 598 -39 139 -737 -503 49 -139 1392 -994 936 47 -1958 568 98 -534 -1344 294 -976 -875 -378 22 547 189 -668 -367 -2067 -742 226 34 710 75 -220 -51 -245 7 1730 -227 1175 895 587 -31 582 326 -27 -550 517 -88 -449 -246 169 -1241 517 -1090 -969 -1314 -312 29 1190 745 -123 325 -1669 375 483 -503 523 369 -137 -868 -1205 -411 -393 -182 -466 -1813 -139 820 -590 -937 -367 -332 802 193 -298 417 -411 474 81 -160 -1062 649 -820 -25 1061 1024 993 1647 18 -329 957 456 491 301 -474 -388 -1464 -586 -190 136 417 100 952 1521 83 2 -655 -2240 -863 237 -1127 -1227 -1213 -962 -54 801 642 294 526 -743 242 -304 
-3 399 -2220 921 610 -620 94 -786 -1684 496 50 338 824 -181 1690 -1420 463 -764 154 -895 1727 -150 -1021 -843 556 480 -80 -114 -32 -1306 45 -1097 -494 -288 323 266 903 549 -652 224 -195 -65 -479 -2047 -17 -1066 275 341 392 -223 444 -361 290 1086 -603 -642 627 927 -59 1 636 90 -260 436 -294 817 -462 206 574 -286 -63 473 281 238 230 -636 426 -367 -591 55 -820 -243 394 974 499 -727 760 -416 -50 177 316 474 -550 525 -680 294 52 1094 -1091 -1193 -189 227 1076 354 1175 -564 -1535 -940 609 219 -690 134 623 756 -245 -743 330 328 188 -701 -777 793 442 -319 -401 11 -36 668 1591 1185 -414 196 1038 -74 136 -298 864 383 599 6 -420 -1461 -464 -1005 -754 437 -672 -374 162 -611 145 -458 -783 624 482 -1196 -48 328 -218 691 282 292 -796 -521 -392 -50 988 22 20 -1023 480 -1047 -494 -1241 -175 -124 -818 -97 397 980 48 -940 -485 93 -379 2155 87 -758 -705 84 375 270 -709 -864 476 -155 -742 171 53 -730 -210 468 672 -1282 867 163 -247 1391 482 -256 -25 211 -551 413 -363 -991 927 -545 215 -516 700 -1253 -1038 -57 983 62 918 546 549 474 373 -424 97 -1741 321 379 625 -29 76 240 -711 216 68 -190 1112 546 -242 888 1384 705 1390 -1514 -436 -1242 -624 16 823 506 451 756 -459 900 453 411 1610 -758 1016 -692 -78 -442 -610 1826 785 -16 766 115 2 452 -621 788 -173 -552 1183 907 -915 -429 640 -478 631 -267 955 -612 -459 340 294 -1149 -824 963 166 -707 -635 725 349 389 871 -335 -1087 -520 -1338 1859 513 821 204 1090 571 -370 -90 450 -836 1576 -155 -368 380 814 -490 371 600 -1769 455 184 35 -1078 605 -506 665 262 -697 1126 -547 710 -610 -676 -161 -224 1467 626 471 570 -292 -1496 831 414 833 472 -453 330 261 183 884 -114 34 528 901 -474 696 -70 757 -567 -923 -15 -763 557 -746 -822 457 92 824 341 -84 720 -1669 339 -619 607 -1563 -307 111 444 -296 798 -1635 225 -666 -289 -468 1531 448 270 525 990 
740 501 -772 -743 -371 -998 -122 571 -1634 -1319 -45 360 345 -275 -183 17 538 -1057 146 429 -172 -787 910 -495 1161 -299 283 -1198 1027 391 274 494 894 199 272 -818 491 1120 -177 -55 171 37 -176 -12 -1230 646 486 -1218 -412 581 337 175 -721 -202 961 15 -1055 448 550 -68 -14 823 1012 410 317 945 -411 -870 655 -610 -1300 -296 291 151 1830 -1117 490 755 1378 560 110 -2558 655 1083 -490 -987 33 -543 -986 858 439 -65 254 2113 1146 -732 513 -1183 -482 -1165 802 668 -1206 -907 782 1006 99 -160 828 1749 878 -121 32 742 -220 681 -615 -502 -835 1093 621 192 -1513 1077 349 -1534 76 -690 1645 433 817 -234 -193 -1048 637 763 -410 -944 -1210 1720 2 -7 147 -118 739 -412 1242 -454 -1099 1090 537 -296 -866 881 594 -11 -787 -269 214 -362 -84 -85 446 -362 -1300 -1026 -1079 -183 1039 935 -417 451 63 126 106 1049 898 738 105 796 -1087 -323 -849 978 292 -224 -148 -333 -150 -820 105 -1228 452 137 895 114 259 -670 -459 1102 1950 -2250 382 782 -1764 -983 -1201 -146 -276 242 246 191 -125 1956 22 78 543 19 338 -495 287 -117 -275 -564 651 1448 -2040 -700 342 -1264 128 -1888 -396 382 509 -368 49 -1312 -477 -705 753 -216 1034 -71 -1201 431 930 -365 178 -225 643 -307 -978 1226 494 1316 278 -799 -564 -1311 696 176 -241 -748 -609 550 946 440 419 -85 -296 425 5 740 1023 -1445 -875 -1499 -1020 -796 -1060 -46 698 519 -1599 -232 430 -346 -61 -326 -949 101 630 -957 720 -53 -538 -183 -63 878 -301 16 -352 -9 -944 -377 -1559 -1126 507 -623 -430 903 -283 -115 -604 -375 103 404 459 1291 35 815 689 395 -671 431 -568 -621 22 -32 -1454 396 395 117 -1012 -1133 1084 -386 -938 -976 54 193 -81 1392 -470 -103 39 94 -50 -155 429 -1424 163 -428 1076 892 1105 -526 697 1424 994 33 503 99 -531 -1032 953 -669 -982 985 -233 1596 606 -692 -319 1064 546 392 260 -875 287 -552 234 1729 1011 283 30 -1723 -429 -207 -910 1450 51 927 -1393 689 -515 1178 173 369 
-469 67 477 -470 902 73 -828 988 -144 429 1159 1165 315 544 499 -61 1427 29 129 174 508 -505 1283 -122 -235 -279 742 315 156 1000 -54 -128 -77 -422 14 503 1105 -95 -542 -767 -330 34 356 -761 -113 298 -317 1330 -112 1225 -147 -90 -146 469 695 723 -522 1914 -238 675 1086 1655 -194 374 1145 335 -829 -702 804 113 537 -1238 37 -293 -825 1303 -933 67 781 -636 -1891 -159 -328 -267 -649 -2 1028 -349 358 479 -1393 -839 256 -1506 1232 -377 -768 -334 457 -121 -1122 125 1356 1196 144 355 300 1230 -22 -283 -316 250 -466 411 -403 219 -225 -708 -253 -126 223 286 -1490 -51 102 -425 -751 -510 802 998 862 663 -42 507 1121 -978 445 819 1298 -2244 572 1413 -810 579 -640 -1276 -461 -1034 628 -685 -137 773 -448 -309 -145 1098 485 -892 1493 -141 1078 35 93 467 456 -314 -438 45 -504 -149 -438 706 1284 -179 596 1489 303 929 1095 796 -84 384 -145 -149 -505 -1948 -665 -203 1170 -927 -232 199 352 68 -528 -236 -1607 1391 645 -880 -75 -319 -51 -1442 -82 1235 -939 909 -706 1046 433 305 -773 -394 392 -424 1214 1037 -1148 715 -276 630 731 127 -347 858 -43 -669 -740 -18 -875 105 1186 282 -1589 909 -805 -246 914 476 638 479 311 -885 888 429 694 1199 -792 720 -19 140 695 793 -595 260 -1323 -488 -1480 613 447 268 -465 894 547 725 713 308 -809 58 -95 -477 -699 2055 -50 -679 -439 809 -929 -1208 -253 -198 1877 -561 -722 -591 157 -102 -707 -651 267 -201 -1231 294 152 -103 -263 302 51 -37 885 -1124 -74 -503 397 -977 725 636 -873 286 -609 742 -1116 -59 247 -1103 31 -677 1941 555 610 -148 1022 -436 -357 -1243 273 435 -679 1128 1559 -1464 -633 -834 -14 1275 -990 -703 1138 -1245 256 -113 536 986 -314 -341 -537 626 -301 403 1135 496 599 1158 -307 626 -188 -435 755 629 -133 -394 -60 431 -1274 450 288 109 -617 -1049 -180 1221 -132 958 736 1100 1192 -1375 465 -115 486 -1361 -307 -257 -474 -633 543 -891 387 719 -109 61 442 -158 -700 303 616 -816 116 -828 
242 270 170 314 1048 424 -1210 -2011 -214 -20 411 134 1414 49 128 -74 659 889 962 829 -601 890 -387 810 473 -1028 -292 -330 -796 12 567 701 644 -869 1525 461 -442 -58 2011 28 -672 400 378 173 -532 -58 1122 1253 769 -28 -11 -203 -8 -950 -100 -44 -84 412 -841 -267 -342 -563 -303 349 -701 831 720 -333 63 1521 838 1160 -78 853 651 -494 826 -152 -148 -1246 -322 -827 -51 -740 599 39 -1315 248 -967 446 -731 -207 -140 -423 132 -434 -224 -1456 331 743 -455 1577 -353 451 155 -472 199 1010 -900 1317 171 1536 -1028 -782 -44 -829 88 645 -356 239 227 -1555 -803 1129 139 201 28 825 -241 750 -1373 -2059 152 -1479 -58 -628 -455 -184 -1512 1639 -40 -136 35 -126 -188 -680 296 459 1201 1159 -802 -585 372 -642 336 -335 34 155 632 -72 267 -35 309 -196 788 1123 1056 1204 -860 427 -848 -713 69 -965 1310 421 -260 182 -75 1080 -499 1168 738 1027 171 -357 -535 -928 26 -705 888 -278 -327 -249 -210 -1000 323 -1467 -413 -216 293 1619 -729 199 377 1016 135 916 221 -426 579 -271 1543 -1543 509 -158 743 1316 375 -998 370 1214 39 33 359 447 -179 11 845 -50 254 -332 482 -1050 271 -144 -1224 583 -28 -61 885 174 -776 -1443 -551 -841 -1454 0 242 -343 -383 -131 -1782 369 -439 708 644 629 -812 330 997 -432 295 -206 -721 -79 352 68 -368 -425 333 -135 659 108 670 -369 52 334 -203 -397 -1129 803 -221 -1053 -967 24 -762 397 -125 -728 -335 543 831 71 -204 1197 863 845 -252 740 1062 -80 458 1905 604 -802 1136 -560 1395 -895 -103 -430 155 -199 773 -72 -64 820 107 -577 -443 494 -1081 -652 612 -402 1227 1268 -736 -136 826 65 -54 -452 443 1125 -389 -1994 -840 1621 410 -345 680 -495 -994 -690 -363 -52 279 -1667 -88 -369 -268 -683 1013 -525 -10 -207 -393 -1453 -116 897 -706 -300 -140 -522 -1013 -856 -196 783 -190 -294 1092 -34 -504 -527 525 -1088 -146 907 312 -1153 1239 214 -52 765 1024 -585 506 -261 451 1259 1981 218 366 -861 -1012 288 340 -584 
627 77 -878 391 748 -1003 1515 -127 -420 829 -290 120 -203 -120 440 286 101 876 -27 -875 -426 -224 180 -776 97 1799 429 1044 -686 623 804 -560 324 -206 586 -326 294 -15 -1007 -831 -1551 1238 -2532 -907 -147 -1630 -577 -173 25 1422 -503 -589 200 291 700 494 551 -258 -446 -1182 699 -105 -229 -340 173 152 1488 1291 -100 140 98 -199 -278 787 -201 434 -661 -148 34 -1271 349 -549 -874 1267 -43 -812 -243 -107 332 -394 -522 687 799 1085 570 -644 1938 871 401 181 -554 470 1088 177 811 763 683 -409 1305 1701 -654 640 -38 -1293 -840 889 -335 -28 32 799 -1406 -886 -103 -1336 -1530 1488 -998 -71 154 1461 1076 -929 -662 181 -791 -949 700 -179 52 977 330 -1348 -437 237 -463 -454 979 255 538 1349 -1291 -274 43 755 254 347 -672 138 195 -608 337 601 -1541 56 -872 1226 -282 -1010 29 162 -650 784 1474 -649 331 -662 -327 -43 -406 -504 493 -183 -785 606 852 197 -1752 -745 184 -142 -249 -1260 -540 -622 -488 -997 -989 197 1177 187 -442 1001 -33 401 -611 -319 -1095 625 56 217 -8 856 -764 -94 -921 -919 380 203 -1153 -347 479 -1032 -869 1280 1020 -1041 43 -1419 -564 -65 -245 86 1727 1514 -167 1584 178 692 1056 -217 330 -150 -367 20 476 140 -811 -508 -1062 -28 -411 837 2133 376 -440 -437 51 155 -1320 -156 990 -606 2079 561 0 -674 493 214 2062 126 33 -118 -72 -670 110 -684 181 265 -690 -31 -603 -245 -177 -119 589 838 1062 -1123 2632 -769 1204 660 1265 -325 -694 1108 -878 -132 1309 -292 558 768 -5 -220 321 753 1523 530 -502 -257 -894 -491 684 613 200 -251 -24 -275 -1221 667 -48 184 38 1085 635 1101 924 -341 659 -64 -740 -238 -459 -776 -843 803 -185 -1278 1039 1032 -551 -790 -47 653 980 929 -274 -11 494 -656 -181 -631 -58 -835 -1045 562 -642 2151 1319 1341 -408 -314 208 353 -1243 -800 561 -497 -466 -724 -542 223 -1076 179 -988 1915 -383 -891 -1232 -262 1155 -299 369 -1080 784 -78 307 116 -386 -82 65 1 -153 -1682 167 -128 891 -580 229 -1555 
-659 -552 673 -69 -1351 -25 -643 -1263 246 -293 907 -1356 -676 107 39 -32 -142 -167 601 -728 267 -15 96 -877 -891 1320 -387 -186 -625 264 -941 93 6 429 84 -455 387 492 283 -576 1158 306 -860 1096 164 188 63 -320 -1035 1186 89 150 -1019 372 123 -893 659 -203 504 -381 405 461 -1043 1058 -1357 150 42 380 177 -626 1154 -1249 846 -342 703 684 -146 493 1 1010 861 1350 -256 -96 1006 395 -190 -572 275 542 -865 856 693 -921 151 -1622 -147 -704 560 -1395 424 675 -536 -858 -1027 297 587 -73 -89 747 -1540 -353 185 461 374 140 93 -258 -5 -218 638 2172 505 1585 -222 -217 27 -585 254 -434 -902 -918 1080 -797 -70 -672 -1392 694 129 1212 -229 -892 72 -232 -1366 411 1110 -444 -13 -1168 426 606 -944 -159 807 -104 115 -429 -420 -1144 -1139 305 -325 -488 592 1415 83 396 993 683 18 937 707 628 -348 -102 391 -840 374 203 1682 478 496 352 -410 -432 662 321 212 -397 1 -739 698 46 -124 409 946 563 -1005 215 255 -1308 -182 1253 166 -348 161 -61 999 -339 578 57 -783 -601 507 1780 -805 359 1374 1108 -827 669 522 980 593 412 -327 -585 209 1740 -423 -194 -130 1438 774 -672 646 890 -458 -260 179 164 197 -1328 149 -143 1065 -455 -681 -433 -124 -273 343 1580 -522 334 -9 -410 -310 -433 -295 855 -37 1164 799 -314 -1205 -693 -922 20 204 63 64 -1170 1124 -1123 23 -804 567 -118 640 -1265 -977 939 451 -230 -445 -1200 1314 778 467 706 -86 1156 -60 -213 125 -600 1251 -309 -832 -1483 -714 577 467 -823 435 -343 24 1305 -34 675 242 -333 348 408 682 565 385 37 113 5 -69 148 252 -363 -990 676 -2 690 243 373 -1345 -463 68 498 1336 545 387 -184 -235 645 458 -956 -872 -560 -163 -645 -762 915 767 5 -701 -339 -809 1140 892 619 64 182 112 487 90 506 676 -120 -951 -652 1045 521 146 -413 -134 -649 213 830 -584 295 -723 1017 -462 996 57 -441 354 -465 -1351 624 1024 -193 149 -1382 512 -242 1178 2 1243 -1124 -50 -1859 
548 -775 684 436 -597 -396 -305 -570 -355 44 423 -1016 -1644 -109 740 -645 150 460 202 453 -198 -176 -625 823 -726 -573 -94 883 1082 -2008 717 -641 -1717 -248 -134 -737 -142 -242 -732 -884 -275 1169 440 -484 423 886 482 1197 -193 566 580 82 267 746 -687 467 -902 -360 -1004 -642 131 671 233 -288 425 352 945 297 848 -1234 -23 351 108 -99 888 11 -463 -475 -502 1142 -621 -711 1132 280 -704 317 153 -317 210 -1245 357 87 666 -680 1940 909 -1217 103 287 -195 985 456 -40 1582 -336 -157 449 -361 1075 923 287 149 -924 -1227 1252 -256 132 1242 -66 659 -572 -1155 -442 -945 779 -463 -2107 1366 977 255 194 -984 606 -1752 441 1732 185 225 661 13 -320 -1043 -99 -233 1728 -1658 602 80 342 -67 118 -40 41 -401 397 -382 615 398 1702 -146 988 402 508 -439 -157 -1245 1093 1041 -361 839 -525 609 1288 593 -721 -843 -960 657 16 24 774 -494 -782 398 1300 699 -1202 808 -101 -328 1188 464 -63 -862 -476 301 -42 527 203 -196 485 214 -38 274 -130 911 95 -486 -1032 -107 681 -3 420 -271 246 719 86 70 -157 42 766 43 914 529 -242 -1500 -978 -1086 311 804 157 -616 215 -888 1087 564 513 -1347 167 119 -278 -684 -1033 1021 641 128 -180 1427 2602 -838 568 -1131 286 -501 232 88 658 -706 -438 419 -801 -1439 209 588 688 -206 555 1111 806 868 2404 -1368 -1025 -1574 71 -377 -1018 -577 -1074 -368 -461 87 583 -1467 -364 -109 -1413 775 318 -558 -456 -358 -841 -212 246 671 645 -464 955 -155 -1168 771 1644 740 -916 637 -455 1112 -601 -317 473 -662 -1697 -785 528 -1021 -1053 84 855 -487 329 281 940 650 -769 -503 860 185 -515 -356 -1056 -204 793 157 -359 -81 310 -1990 196 -392 -265 -122 1078 238 780 -97 1549 676 -43 309 -668 48 -650 832 944 415 -928 -1258 955 718 -456 -253 -1124 713 -467 461 714 -672 -1147 -448 -603 -188 396 357 156 619 770 -394 565 -454 1338 -47 -877 751 330 1025 481 -1086 -1356 695 697 -1248 -337 290 -16 577 -518 1127 431 2018 
-215 723 830 1212 -744 387 1781 198 -1782 1102 -350 -153 374 353 537 13 -176 957 -602 739 333 188 293 -493 1360 1892 417 796 -740 -590 295 -195 -1131 594 1089 663 -56 -518 -246 -235 -925 -1190 320 -25 -1215 660 -1312 -89 -950 -582 1104 -447 -888 -550 -417 -240 9 130 957 118 -333 -174 -176 -284 720 -476 935 359 -281 -253 151 -223 326 -234 72 -158 -985 387 -1084 655 -507 104 -616 -217 175 -604 -19 -822 -1787 -780 347 -174 799 -605 451 404 445 -837 129 192 -293 636 -132 -79 -129 646 729 870 -467 620 -219 -1436 -41 -172 -602 1008 -589 411 62 -451 -185 -776 -860 -789 72 -224 965 -662 -217 -667 -193 -1194 -1297 -1146 -937 -891 103 186 326 861 867 -1916 -806 -210 1261 -702 -921 -640 -646 -806 -239 -822 -136 -490 -209 -498 25 -159 1424 584 293 -28 -379 366 948 -1295 -73 -397 1102 713 -890 -220 74 -562 -222 -620 -1035 -249 -169 -284 216 -959 911 359 854 1147 -766 179 404 973 403 -449 1028 -2005 -694 482 1 295 623 -104 -798 -662 -428 -41 850 -233 228 474 -226 -252 -1004 1114 -487 289 914 -196 37 757 757 -541 993 -1588 -902 80 1756 -258 827 240 266 420 -322 -1016 139 -94 -1175 -799 767 -355 75 -642 -853 -181 257 -979 1394 -260 -55 -290 44 56 656 355 -6 -1043 -584 815 -900 2 626 -306 1543 -625 596 -259 -511 -289 893 83 516 1149 -544 453 -1869 -321 -1053 774 904 -77 -505 53 -620 325 -115 -638 -1125 1597 -706 435 1067 41 618 -144 249 -798 271 -635 1091 -1371 -1022 930 -707 217 -1036 -151 302 899 -1298 -297 -108 684 555 -458 682 -648 -1192 765 201 924 337 -1359 1019 304 -802 -96 1288 -1104 398 1035 1422 -1206 -52 61 369 -532 657 -214 1540 -1543 1793 662 -921 -636 -629 185 500 753 38 -173 -1059 -435 411 -866 -868 -376 253 313 -338 673 1734 -524 270 -403 -162 -143 -181 330 -1123 1157 -246 543 347 -59 -65 654 -1009 435 -1018 -279 -321 1203 -605 -91 -681 -39 759 -813 -513 412 745 763 -1860 -1304 -714 471 92 -340 620 -137 -213 710 
-631 -573 -31 307 1107 -98 1264 761 -869 1689 18 -61 887 -521 -939 -301 81 25 442 181 -688 -446 481 723 -367 -99 -521 1175 552 568 -685 756 -773 -629 -224 699 567 159 656 195 306 -332 79 -1398 729 -677 678 965 -519 -606 272 530 -813 -130 -236 39 1534 -360 -363 -216 1115 53 228 -1182 950 -458 205 246 308 -555 -495 -62 -150 -1091 118 1008 -71 181 -692 -358 449 -1234 -677 -317 -574 250 -143 723 342 1025 -409 1680 1278 -118 -737 -233 270 -511 865 -714 327 119 -364 83 25 74 -457 341 352 216 90 76 -1046 -1115 -150 -846 559 1455 847 70 74 91 96 -16 342 740 -1120 962 -1258 -1161 -1675 260 -754 -175 -900 -555 -37 -262 -1191 -893 -605 477 367 804 -317 363 1045 -150 725 718 403 1151 266 -492 332 1827 -1088 39 2037 -151 105 315 994 592 -483 862 1115 -478 -904 1417 31 298 217 61 -652 -98 714 269 -152 -56 513 698 -735 -456 -78 -568 -252 -615 745 1335 -401 -916 -898 -1109 -968 1139 -188 32 496 668 14 -685 -808 156 -237 -2264 -704 -49 -539 979 96 -520 -803 -1516 821 430 -265 1075 -663 -744 -653 -658 18 -1120 -392 -336 -9 -69 98 -601 -571 -1903 470 -260 1802 168 818 -1085 1183 -226 -153 1093 -903 -247 -92 75 -200 -930 239 622 -898 134 56 1236 -38 -114 -525 -243 198 -691 -116 -233 -393 -94 382 -530 -1161 95 1032 -406 392 68 1116 642 265 183 -228 44 1252 -1252 -825 -359 303 522 -492 -381 757 60 -179 -226 -157 -664 113 -991 2085 -28 174 1647 -441 -1141 838 346 1572 323 -17 -825 20 -772 235 -90 -42 728 957 80 122 -583 -1111 605 12 1315 336 1178 180 841 17 706 362 -176 1820 -920 928 -1351 -733 -633 -680 921 1045 -351 -1044 -95 866 -2455 -1950 -275 1023 427 1111 875 1003 -1422 1212 -1141 1031 1078 486 -1300 -508 -609 233 1278 -1101 785 -285 1091 -66 306 1485 664 -386 1260 28 806 625 -787 162 -181 5 -84 13 -421 534 -126 -542 629 504 -78 1094 -348 663 -473 326 -1669 583 12 78 341 -314 832 213 -555 
160 234 503 877 -410 -1123 66 -539 145 -612 -1139 986 411 -87 995 -457 -412 176 392 -254 501 866 1141 13 308 169 1339 283 -249 -312 -629 -429 -550 -572 -1567 -1363 498 938 -740 -87 309 980 974 107 1198 33 -563 -6 424 42 -131 -572 997 -834 -919 676 525 -7 1485 236 -119 301 -37 -43 803 -502 -929 -76 -141 -545 -229 -76 -446 -95 921 -3 29 899 887 610 773 -708 -604 783 355 -459 328 -444 -28 504 -186 203 496 469 -988 958 204 797 -1397 -721 816 401 -450 -1287 167 1231 477 -362 373 102 512 -330 -1085 360 -1028 727 99 954 -440 369 1328 707 1107 -1071 -263 233 -315 -721 -168 -509 442 -757 75 -9 -116 -288 1303 496 590 289 209 14 153 -29 165 -140 206 -1484 1731 1316 824 600 1334 -181 -975 -545 139 -434 -218 -502 1068 195 1057 -786 1048 -710 -404 587 -136 2248 -224 -1001 -208 -1002 -519 1108 -1076 438 -265 -1512 -277 -271 77 131 -1020 1784 -170 666 944 537 -1210 -998 392 -366 -1407 -598 149 436 -880 397 -537 -1117 919 191 -627 57 -392 887 480 103 -272 484 192 -644 173 255 -352 290 246 894 148 515 -285 208 -299 -131 -146 -1494 503 1222 656 -1562 25 -34 1285 634 710 -550 1888 -276 -1955 -1284 200 983 -389 -525 -270 -834 914 396 483 288 -44 590 -865 1353 372 346 616 -209 -301 -46 -520 47 -172 123 168 -1404 -1221 640 843 -435 -1366 -1565 -121 834 -681 961 -307 8 85 666 -391 -111 1069 -683 -399 1354 752 183 -2105 1012 1429 270 -621 -1124 25 636 -309 -1725 989 -1501 762 -253 206 -179 -1602 -133 -550 406 -146 285 -185 -1152 607 -136 -1213 120 -196 -1173 80 -156 -318 -7 -121 -1101 546 758 730 194 1059 -410 -292 645 50 330 1202 -438 536 565 993 -1120 271 -490 -134 -1453 807 903 -832 -175 -762 1291 -770 746 351 793 -378 56 -517 -200 -1157 1115 -465 154 -51 138 1058 -390 -1117 507 -264 -535 -557 8 -451 437 471 -210 -297 66 509 898 212 80 -1309 865 730 1291 306 -37 1577 614 -1 -170 -249 -451 -332 -1086 1504 1066 
829 -84 -81 -128 -203 83 -241 -779 237 786 -796 -286 654 972 467 -1118 -706 57 566 -1448 201 -315 -179 671 21 -449 559 -1138 444 -1203 1516 437 -100 860 1871 -477 -145 -1035 214 130 155 399 249 -1054 269 640 -1763 -1522 -631 -83 -1160 142 -393 -351 1045 -159 -328 -225 1425 1225 -872 709 253 546 11 -426 784 -989 222 -571 427 956 1486 425 947 -1376 231 415 -152 -15 1659 709 387 -406 105 882 30 -742 -528 -988 -284 -330 205 551 714 1001 -904 -477 -335 -1905 -151 -258 -1110 -448 570 311 450 343 -602 -1608 856 -229 19 237 289 1219 -1209 -504 -1646 -1204 339 17 -1129 1044 -122 -939 571 -755 -606 537 -190 511 -63 -15 -349 342 -1135 473 -599 94 1346 838 -66 374 1155 1261 333 -376 -535 -701 -1313 415 6 -393 49 658 291 652 134 149 159 516 -945 -692 819 848 -937 -456 -506 -226 464 21 -1000 -603 366 1460 118 86 1235 57 110 -563 763 -1123 905 657 -9 -662 135 1137 1649 -746 -1036 557 -1128 -468 765 -130 284 -181 -1806 88 -1203 -702 1753 1375 -396 -263 160 476 -858 -542 483 248 -614 -873 927 894 -240 -404 -874 -142 -1448 64 834 1326 580 -405 -1001 1076 1066 1195 919 -1095 -412 -25 -415 152 -1044 72 -806 76 281 -514 1670 -804 -1395 513 -497 1086 860 -1711 -252 1288 -2275 853 -767 1266 590 -162 413 -200 -301 -174 509 250 -1515 -196 1039 -666 94 -603 -58 208 560 -1404 161 -809 181 -403 -754 559 -300 459 264 -465 276 -1152 -226 837 1521 -1170 1092 631 -946 -994 291 -649 501 -387 -305 71 1122 8 -135 78 -1002 -1341 -363 1318 -594 90 847 -1516 -118 -61 560 -958 -615 -188 316 272 -1157 1252 -247 -224 -852 -129 2022 -1433 1970 238 -77 -1865 -272 1054 -1004 -779 1268 908 536 1108 248 -583 615 -134 -54 637 -964 -525 1347 -654 302 182 -937 -717 857 287 749 322 -903 -846 -146 889 1595 403 -112 -21 363 -450 -56 294 602 46 129 -1275 -56 -671 501 212 -749 1163 888 -1003 -18 -521 -14 -145 -760 1394 -373 -1791 -89 -732 17 -476 -706 -565 314 -930 
740 -1440 -724 -764 790 -477 575 -1317 -703 568 -266 -353 -223 850 -1274 645 42 -1169 -16 -1363 432 -1449 161 -370 523 197 -587 -65 -1517 -683 957 -587 -402 -1090 -335 -595 637 185 -1211 214 29 -419 -486 -1109 -160 100 682 -536 -45 -1190 -1089 -818 -285 614 488 -586 1591 530 817 -156 -198 820 -1045 416 -743 -1045 1026 605 1365 686 -338 -697 777 -160 784 1230 -580 873 -97 324 -26 -190 -37 1460 547 -1038 -546 -645 -237 -48 -115 106 -723 -236 -982 26 -64 1290 402 1024 1476 -353 -170 -168 43 -633 -1234 546 373 -694 -842 -397 -281 -521 -372 -1478 -365 789 -979 -1052 611 898 1677 335 -1724 261 911 942 -796 609 10 -676 -441 208 577 -618 91 -74 -449 694 142 -738 -1737 721 156 58 -656 903 595 1298 -25 904 1288 143 -373 -698 278 2154 490 328 342 1028 1359 -171 -1355 352 184 102 1200 1116 -367 273 1924 337 38 186 689 -320 -525 239 632 165 240 -310 -200 248 424 -196 -809 1522 -14 -191 447 -397 154 261 484 -498 -590 1765 -390 1315 390 128 -584 -772 -338 -1270 -1175 -446 -62 1130 -124 -235 358 -781 -522 391 430 -1290 -648 -890 486 230 408 -249 589 117 1175 176 -495 108 670 882 -942 129 -939 -1450 -931 -635 713 1118 -186 -519 1751 -1097 -1145 604 -441 -36 18 151 289 -2377 -394 752 23 -285 -96 -699 -410 -541 692 376 -1225 -170 -648 108 -490 410 -217 137 354 -635 -86 256 933 286 -313 1208 0 -603 195 -1345 -131 762 779 988 1273 511 -181 -1116 -616 1012 -1404 289 -130 464 -211 -724 -839 294 683 -99 -216 683 28 -160 -1044 -65 279 -372 1335 1224 -1287 1516 460 141 865 536 -332 -150 -204 -133 266 136 293 591 186 -1222 -542 -500 1322 -945 -337 -55 -1166 539 690 1103 975 -1888 1200 -626 1304 943 -173 450 833 257 -872 -162 -606 -94 82 375 -846 1196 249 -491 -216 256 -273 336 1120 5 578 -2 -142 -198 -537 -358 -1524 -276 -49 -297 398 27 -401 -943 255 190 705 -165 -75 135 468 932 816 428 -851 -897 881 -951 1255 -60 250 -399 3 -353 
416 117 422 868 -423 -149 1569 667 -194 -2095 515 473 407 490 566 1090 -720 -736 -889 -241 167 -301 -153 545 521 1341 1267 403 -141 5 777 265 1135 -833 -230 -71 -71 -244 -178 -2188 -1008 331 -621 -338 430 397 351 -631 407 307 -480 48 -406 -987 886 628 187 61 -617 97 -196 -1347 802 787 -367 -1032 -172 394 19 239 532 596 787 -337 -940 -1211 -1070 -611 72 -610 1063 216 -564 434 984 -817 176 222 1466 756 546 1058 -13 -90 171 329 1359 235 526 -1881 -304 -515 -479 157 266 23 -139 512 842 738 -608 -533 27 255 124 587 -1043 -1337 90 236 -1971 -43 552 -1389 -217 -706 35 -590 -38 -1201 -949 1597 -184 664 107 267 -57 22 -405 -540 -934 323 -784 -59 897 270 -490 -516 414 553 -595 -166 32 15 -356 52 759 -414 -913 -811 475 -69 691 -611 -343 -453 57 -806 -810 1576 1298 -883 2 -463 -776 -966 846 677 -338 -422 -138 -168 297 724 -374 1145 398 -453 155 632 -133 855 637 297 -155 604 914 -129 -348 -258 824 -187 1860 -411 -1013 1690 1477 -470 933 853 136 86 -1695 1098 -131 615 -592 -529 -207 1022 1465 257 118 3 1199 -1236 1334 273 -147 -524 1115 1315 401 -269 -1201 713 166 718 -57 -149 1103 1320 -600 272 -125 1217 1008 1415 -817 -47 -657 631 1538 223 -423 -1423 281 -1111 -323 259 -638 522 210 104 114 -2152 83 -97 -718 3 667 346 147 -872 365 696 566 304 329 46 676 792 -158 118 769 999 489 -336 -810 -456 -324 355 -298 619 -99 580 -1617 -384 294 672 -450 401 278 -735 711 651 395 -352 -861 -311 663 -190 760 -155 852 -88 29 1360 -1221 559 843 1358 -1661 1539 171 217 -1217 -1370 595 -106 768 -1279 812 843 415 -810 -228 245 1033 -700 117 385 1203 625 -75 -165 -218 -41 -394 -880 33 -154 1149 646 1140 684 580 495 -301 -421 -773 -164 243 -680 -92 679 -505 488 -1667 -106 285 711 818 228 -1254 619 -577 -454 600 23 -1905 -975 425 -82 -1197 -250 345 323 634 596 -811 -299 -498 -548 -178 282 -480 -974 555 -438 
-945 -1110 17 1037 -3 1219 -316 648 372 359 -334 -117 -102 -669 -1103 1749 807 -694 170 -1217 180 871 -800 -1234 -290 897 561 554 963 900 -30 117 749 -457 -313 99 1684 -891 51 815 439 -275 -103 -137 121 122 -348 498 750 1017 -958 37 -165 -309 -466 -1091 -387 57 -945 1107 32 -631 572 524 -83 -420 -879 550 96 -1051 209 540 781 807 -255 -701 46 472 -262 -137 -190 32 -4 -648 -693 -771 -1106 152 -296 1206 631 -934 1724 836 -416 -254 -813 193 1112 2304 -750 507 498 -1314 -1579 -678 837 193 313 -114 6 35 696 -1721 564 378 252 -369 -63 -490 -636 455 725 292 -87 -84 243 -415 921 -256 -330 -199 -407 222 -700 -91 915 681 -881 -66 -364 -340 752 681 385 -38 -847 -221 13 -464 -378 -638 364 -239 -108 -58 -644 21 989 186 -915 67 -48 -1166 834 -374 1945 -397 -171 669 92 -474 412 -414 -975 -1088 230 -351 77 -874 495 225 339 59 -1780 927 -720 -1102 1329 1191 -307 774 106 -1433 716 -868 -1073 478 401 241 -849 1040 992 -73 705 -504 862 952 -250 -864 -96 518 246 -1055 -865 -322 -732 865 164 -49 -949 -142 949 -325 -682 589 590 -637 10 720 -252 -1870 27 1777 -1776 416 -916 663 -814 -1811 1162 -525 875 856 -36 220 -546 1104 911 104 -527 223 804 -204 197 1060 -575 -346 -223 -324 -521 1242 954 -18 -294 1581 793 1040 603 -454 511 -417 107 -9 422 -193 1451 -625 -99 254 1039 76 -674 844 388 354 850 741 250 -110 921 -256 -1926 -605 521 -24 -42 -727 -480 -84 1422 -121 -1131 -566 34 373 92 -215 -782 895 -847 -775 549 726 -243 -283 1044 1089 -596 1013 -145 515 -634 -157 762 -326 -186 757 963 1941 695 -372 1337 1108 -710 -389 246 136 325 -47 -954 625 -1316 -291 -1231 682 173 -1747 -403 1943 375 -6 -30 1035 690 351 -343 -584 -343 1452 1055 -348 38 1406 165 -805 -578 -18 567 727 1675 -659 -144 1588 380 273 -542 31 478 966 -89 -71 444 -414 1111 -119 317 -119 694 -511 -574 1007 -467 528 424 719 930 -713 -313 92 
-427 731 561 127 -301 969 -161 587 -583 1525 -100 244 -821 2 437 397 -387 386 -208 342 -163 941 679 661 896 -327 -727 404 -117 -723 461 -240 -980 -702 -501 -433 -1408 -406 -723 2114 -57 -819 -621 212 71 -840 621 -115 332 91 61 773 350 1112 594 -38 -109 547 -476 338 -305 569 301 -1667 -1374 714 166 685 -576 -432 -1831 -185 113 62 -505 -870 -388 -171 108 80 -619 1031 1138 339 681 1516 -436 551 -725 1036 -434 81 1425 1131 -8 -64 11 969 -66 15 890 -712 -107 -1267 -388 -47 -812 -671 -109 -10 -351 249 362 684 -636 163 84 -65 -887 -748 -368 -759 391 170 -1092 633 -105 218 -799 -987 1091 1341 -86 -427 448 -214 425 716 -301 -129 1387 -1687 -461 152 -430 1633 -45 -335 -899 589 -415 -60 -259 117 -371 -894 657 222 719 750 -1766 -1260 877 -341 -300 -2074 1238 650 -356 -259 81 0 94 -956 -324 -321 309 588 -993 -463 -462 341 -407 660 65 -756 -122 263 1241 -373 -158 666 281 -568 -1038 130 778 1081 113 329 -39 -327 420 149 875 -923 -48 -157 177 495 34 454 589 -862 478 -1274 311 -349 -5 308 -142 -1198 -53 127 -11 490 316 812 -1052 198 -503 -50 479 -275 -231 -72 1644 -470 -432 -150 26 -1620 1053 1505 -162 1010 -724 220 338 460 -177 -747 108 812 15 -683 -721 549 539 314 -1751 509 138 129 -537 -20 362 1010 -1053 -202 319 -802 544 -7 -1017 44 -1014 624 1202 97 -125 658 -821 807 -935 156 122 -721 -112 731 -584 -1515 -481 438 536 -340 -142 48 -698 -963 273 1642 -186 -229 448 636 -24 20 1281 1071 473 764 298 22 -228 140 -1660 -122 -370 724 1179 -86 1 142 473 132 -53 1596 -526 877 396 1123 727 -369 -103 1107 -494 1036 -234 1064 -22 958 324 -346 -171 -932 1116 -1447 -723 1033 1099 -728 970 -138 -539 439 213 -563 -654 536 1474 192 -761 124 -134 19 409 -890 289 -676 127 635 88 195 288 -814 -943 -928 -1081 821 675 500 -305 -992 -1221 -94 68 46 -885 -64 -270 -46 567 289 268 391 346 -1039 290 -89 
-332 -551 -213 -66 -1000 193 189 437 -1303 365 -270 1419 -194 501 -105 -432 -1095 283 -831 -78 246 -242 -338 193 -571 582 -1095 980 -361 1856 -278 75 -1334 -296 388 739 -235 597 320 -653 456 505 -869 690 167 1 17 628 1214 -1028 28 -1828 226 -739 210 249 -812 -251 -299 108 570 -1836 -827 323 -433 89 -1089 339 1549 150 -870 405 1220 362 761 131 -568 351 -376 972 -113 -331 -243 -445 542 265 379 154 25 229 670 643 408 996 -107 -174 277 -876 389 89 -683 670 -217 571 1241 59 467 -428 316 -616 933 202 -300 -387 4 318 -472 505 247 -628 95 317 -1167 191 250 -16 414 -292 420 -990 589 1299 -146 -70 -342 263 803 633 2 -883 -626 -646 958 562 513 807 1695 -434 -274 57 247 1524 690 -288 24 226 -675 288 -157 112 -1152 -230 60 230 1244 1277 -210 543 94 1160 383 -83 216 -616 -1744 -754 145 837 -496 966 968 419 -189 1087 695 62 135 214 173 1178 -750 -627 308 -831 -757 -1143 1573 -2768 251 -1058 303 714 1053 -280 495 -429 -673 -403 783 -84 -421 528 49 196 -70 616 -232 -383 587 86 -817 -463 350 -817 141 329 392 -999 700 -365 -302 -198 549 -302 -1306 -284 769 -1113 862 76 297 -359 -181 -9 226 -1470 867 -994 -567 495 -384 -343 802 702 835 34 494 367 732 -487 -537 -904 63 -947 -105 -957 1402 -803 378 1304 360 1305 -31 -655 302 -779 -22 539 -717 268 -187 -213 305 -243 -500 -796 5 1028 -645 -736 -221 453 1166 -102 -1228 -1306 -193 -1190 1049 237 -59 466 453 -122 -489 1558 -652 -1023 -931 -732 -846 750 211 -68 -444 -335 -515 778 1743 829 23 -561 -575 -829 -1293 -151 75 -62 97 1124 -87 -106 -133 -612 454 869 -337 -85 -27 -281 4 -859 910 -665 -794 446 -180 1132 683 308 426 110 -1021 100 -18 29 -31 -624 -135 -119 45 -262 -693 1421 -665 249 606 -248 -1503 -115 -374 518 -1 66 -856 621 -716 23 -551 481 -1243 191 87 339 -199 576 402 517 1052 -2021 -364 67 239 -317 -212 -768 -11 -361 156 117 
17 630 83 617 -1078 -476 -761 123 -645 -371 322 130 40 355 -185 -1581 -416 411 1290 222 -665 290 -101 -619 -1064 -584 -148 -503 -1333 1007 -277 -1155 977 280 968 791 -548 462 -1002 -508 842 -1136 219 540 489 311 -1651 1430 1730 -637 208 -506 -477 1656 1178 725 41 38 18 -576 -287 -391 -185 -246 -548 98 -328 467 -214 1137 -353 -96 712 -293 841 -99 160 1524 -278 -580 19 -97 1230 -613 95 998 -209 -455 218 -173 -1082 1802 99 190 -911 -577 953 429 -645 91 -885 1 64 -1004 808 -229 -205 872 161 -326 -537 95 628 -3 -123 91 -199 497 1219 -1141 575 661 -396 -852 18 960 307 1400 -808 -1211 -1014 757 258 -321 -215 147 -635 -204 182 1052 451 -219 756 -1047 807 273 -36 -1190 -457 -1032 -190 -372 -64 -619 -179 -1054 -1208 -231 799 -610 773 -1039 185 581 77 1902 -338 -617 1322 -216 -738 935 804 63 -692 109 217 683 -688 704 816 -955 -311 211 -594 -141 533 1406 136 456 348 570 1709 252 -443 371 471 -254 1301 -268 -1110 -1240 202 -700 410 -857 264 87 1649 562 -142 952 -67 480 354 -210 -226 -447 -571 -603 -141 74 516 549 398 -502 1077 669 -241 241 29 727 -252 -1108 -1648 -627 -826 -226 619 -639 19 464 -464 -660 -490 -599 448 -597 -50 -902 -657 1145 461 -124 -376 831 -645 1010 182 496 547 778 -795 -207 189 -1098 -377 -91 889 -501 -126 -140 183 -219 362 -549 327 -175 564 123 -256 317 82 -513 873 -261 -367 1383 -1026 -209 130 85 1131 566 762 -64 -69 438 1282 660 165 264 668 -929 -211 -529 -780 1270 82 -35 -1032 -995 179 180 -478 459 -278 -541 269 209 591 2477 -899 205 -128 420 46 1142 -156 -242 235 -986 -211 358 299 625 873 -1125 -668 930 474 -877 -1225 1033 -574 -377 -55 167 290 1991 436 -184 -937 181 -597 -1182 -1418 -166 -253 239 915 916 437 340 61 1071 -1009 598 409 652 547 -496 758 231 563 -1661 -822 259 163 -784 394 861 -726 -55 -6 1266 -1838 1500 -1372 493 -147 -243 -78 118 59 98 425 -1201 736 -1219 
868 -1069 1162 -692 53 -209 74 206 1479 514 622 245 563 -1001 369 -377 -254 811 1581 -283 -522 96 -821 -1830 -344 -889 76 371 238 -474 1036 -1 -950 278 577 -113 622 -206 837 -1091 -640 1433 863 -463 421 -685 -642 -75 -877 -445 932 70 -133 -462 -904 443 -480 -165 -462 -1423 551 339 219 -722 280 285 132 210 -447 873 -238 -560 973 240 59 224 -480 -247 -1227 579 -397 54 54 -400 596 -943 129 800 1273 -659 -224 -458 672 279 1778 -320 -297 230 317 -958 377 -89 554 25 952 203 -241 27 92 -37 -814 893 544 -42 -153 -527 305 -407 1010 -507 -944 -1411 960 -331 63 -642 -452 -53 -574 -595 -167 149 -677 916 -620 -1457 -690 1291 -1094 -159 -41 127 1601 406 205 155 436 -733 -125 156 -271 -743 49 751 -43 -222 811 765 -1572 622 1463 540 -710 1367 1204 279 214 -1545 -549 -1156 559 -290 720 -253 91 1170 151 -601 -726 -656 -1131 8 1593 -357 -11 270 -11 -172 184 203 -617 -446 -2203 -24 -28 -871 986 -1096 268 -263 -57 183 -1024 823 369 -54 -886 -351 -481 -871 -202 163 -1853 80 185 -495 112 -627 195 -611 140 579 -198 551 580 -1504 -638 718 -289 73 -54 -521 144 245 -437 -720 162 85 331 -145 -435 219 -26 904 -508 -420 413 644 -33 -590 -250 -2140 46 1504 -628 -731 115 1091 996 -23 -839 144 846 -460 1245 -1361 628 562 53 -1207 -500 402 236 926 376 -102 -602 -313 1343 357 -622 -464 464 -77 636 8 -357 -1001 -826 716 -15 282 132 185 461 189 877 816 1622 -649 -1159 1562 595 190 788 178 122 -588 1049 12 1069 487 725 -2000 -596 -284 -1060 -698 -41 -690 265 -539 132 -182 -582 826 604 -649 -4 -878 240 358 225 -45 151 -170 -1878 -1116 722 -873 859 869 276 -706 1042 257 -344 -114 699 1303 614 -1059 -636 -719 534 366 1104 974 -702 -858 101 305 -587 132 -18 433 63 504 -925 192 -84 -965 318 610 551 230 -1210 1297 616 -1518 -175 -701 -51 -759 -278 885 -155 1267 129 318 -586 -85 404 -1442 443 713 -41 258 -688 -1 
770 -634 -467 -1243 -662 -121 526 118 240 271 922 -1036 -351 -64 1968 -763 1006 -557 262 44 642 22 349 276 41 -537 -623 417 -947 -920 -615 -485 456 1147 1264 -1184 -380 -443 -121 -442 1287 874 -298 381 1327 -372 413 321 1145 148 -256 -1473 28 -1056 -1661 -55 -357 -323 -329 -1347 -320 114 16 -1212 671 -372 -107 -245 -995 -211 -935 -680 237 -18 -135 239 -246 -176 730 -310 244 -434 451 -46 140 -923 906 -309 1021 -213 -1191 260 -801 -721 882 511 103 380 403 628 221 58 554 -113 -1035 746 669 23 695 -144 -150 -1316 -417 222 193 -15 -1220 -453 599 113 1034 -803 -678 -505 -196 420 -31 197 592 309 1439 571 -26 -1175 282 469 510 677 -504 624 -607 -505 220 -450 -391 -239 267 606 -160 517 -1294 328 35 -685 -1217 -221 -1107 599 44 -261 -1280 -553 1287 -1620 -1164 15 375 -1119 327 228 -472 354 170 64 865 631 -506 228 672 214 -692 120 -886 1671 561 -25 449 -1293 147 183 -39 131 305 591 -151 827 -219 -1317 431 748 1601 -260 -194 1430 -1291 -1249 -611 -1512 539 179 -34 -111 -596 992 276 619 -6 -300 1077 209 1409 1071 -46 -722 -507 -554 548 181 1696 -1318 -671 -277 -1255 -218 966 1033 729 -787 1446 374 292 -225 276 1169 742 256 1711 -1827 468 446 238 -183 -119 -61 -1112 -247 84 -270 -1692 290 126 619 -1257 28 805 -9 268 1163 242 -1132 -267 -123 688 129 -196 185 435 228 -532 159 1212 -780 141 1529 -618 -109 417 -310 -27 931 -1280 192 -430 -219 -615 1487 -660 -1043 573 -600 511 -2070 -825 -307 -470 397 388 -55 -411 302 -17 779 -1180 -604 -313 405 -1191 -147 182 563 88 492 -344 -159 -1358 1032 1235 63 -586 26 -224 932 311 -648 185 85 -1504 -1461 442 318 -171 166 138 216 84 -1288 622 467 279 8 -940 -711 787 1773 403 1558 -284 24 1174 99 -143 160 -81 -718 -913 -786 338 1233 -1135 310 -956 634 -358 1288 785 1520 -655 102 -37 822 52 -660 -158 708 -1504 475 -27 -797 999 303 308 832 -5 73 490 -254 231 567 776 456 
586 -260 -400 -141 184 -245 -200 202 -722 1591 198 918 -674 41 -269 1280 -46 0 750 1217 -662 -51 845 -788 1049 708 427 752 617 -323 244 -454 -1343 -178 369 -498 -362 641 -587 -833 -687 176 451 -1443 -192 1015 -720 1159 -43 409 -753 1384 -66 -72 -117 930 197 -4 432 -885 -1738 -783 -604 -100 136 -1049 685 120 446 513 704 10 -1045 -231 -457 -1691 68 779 -330 -28 -576 -277 -2788 355 838 -955 -902 -376 -1395 967 57 -411 8 -1135 2577 865 472 -621 -1428 -527 -372 80 -26 692 -163 122 627 674 1145 513 -571 392 797 475 220 1526 442 -75 1173 616 195 207 -1109 -839 -99 939 -783 -181 -281 100 828 -783 -681 -458 604 -562 -653 -426 -29 -627 -471 -122 -66 -726 -90 -56 -74 629 841 1267 -562 522 -153 28 1013 693 -351 -661 173 458 -773 -1113 406 -313 461 1050 -769 1530 -249 1558 -390 1158 1809 688 110 713 589 -892 -317 -836 85 981 916 996 -199 1359 271 1289 1302 -886 -1016 -107 -1015 -509 -1034 -1009 293 313 -668 1138 -322 -501 2115 -561 -855 362 -1009 951 -364 -713 843 600 -156 299 665 1024 -203 356 -1103 -169 1272 -192 -1240 924 -240 -810 622 -434 -73 459 -648 -1300 1232 1501 1551 -169 -34 662 2726 -956 -1393 -230 252 356 -739 -1138 -1090 406 -130 334 -1176 455 -737 70 484 69 -369 -896 -525 201 -62 626 108 15 1263 -528 1360 833 -695 353 833 1221 782 929 939 1369 -2341 -532 345 797 -1239 947 -1034 -672 -393 -497 118 118 2896 374 -870 -277 322 -581 -62 480 994 -105 557 -703 -327 435 -454 -761 -449 -1023 -84 88 36 -391 -44 -176 1038 -134 -13 82 -287 299 160 -1248 -589 696 -830 458 39 1720 1236 -401 -489 90 -724 -475 -467 -578 1429 618 981 -710 6 -329 -134 -1096 -1058 -332 -634 -476 545 -552 -590 -328 380 -429 172 1103 844 563 375 -1420 -341 806 158 862 898 -288 771 -566 242 403 -697 -583 -695 -349 463 766 -378 1142 703 202 -471 784 523 -706 226 482 -1061 234 400 -1731 371 -91 403 416 960 -914 1059 884 218 -138 -700 -352 
170 -522 -302 -647 940 -1601 -1204 859 410 -1686 -751 -855 -86 -599 -705 617 142 -397 -1143 -548 95 440 299 -587 442 292 483 447 242 -481 86 -285 -663 79 106 521 -148 451 1206 95 1004 -1401 622 -216 855 -115 -127 728 -1181 -615 -310 -752 1137 775 -342 13 -1838 -1617 -226 -278 38 -529 -356 936 -685 188 577 -951 87 -230 -277 224 -547 -1892 -722 -194 -1085 336 99 -212 1371 299 1214 -589 444 206 1192 -712 1110 -342 -556 -637 478 173 17 -948 -13 -572 1736 -355 -296 -1068 -50 827 212 232 -846 -582 374 18 125 656 263 410 248 135 -230 -241 -815 -117 658 580 -490 -1726 -44 -502 -653 -754 -610 -193 107 -291 377 -451 485 -684 969 -333 -262 -963 126 -1216 824 -519 -371 813 -613 1028 122 46 -1195 207 452 -577 -173 -210 386 1192 -47 504 175 133 737 749 -880 793 -496 -245 268 116 -1573 -1008 -1002 -1650 1593 615 -993 1022 1535 130 -430 532 75 -789 -768 -516 -785 298 -787 -1042 -126 -396 -286 154 -135 -966 119 -366 -114 -1082 -107 -708 870 -335 393 249 636 -214 -138 -1037 -359 208 491 181 -1878 291 -1425 1185 1220 197 -45 -291 193 1196 75 163 470 733 244 -303 -1062 -645 574 250 -890 -572 517 284 392 -1375 -1116 -760 588 1267 426 914 985 -60 81 -937 98 546 -592 69 -25 33 -415 270 354 442 -106 -186 -1225 1875 1164 453 -933 -667 -373 -351 433 -339 -852 566 -719 119 -613 -585 -1642 1488 828 1335 1251 733 240 592 1301 1205 771 -693 -1003 -563 221 -684 453 -204 262 442 -1028 -140 -561 756 -244 -427 14 459 444 -18 -1304 -366 -1956 -1684 -997 -392 -1135 -213 204 -258 -206 -721 -200 533 -243 -369 -268 -1663 642 447 405 1532 221 583 148 -74 217 873 -651 190 -134 -420 150 73 389 -459 -484 -490 750 2128 -552 192 -480 -640 447 -752 -679 481 -711 135 589 540 -1938 59 -300 -469 124 -440 -731 -682 -934 646 -94 -1377 -433 -88 340 452 -420 961 -952 241 -782 593 440 266 77 615 -495 -404 -237 -1292 627 -152 452 676 -225 -331 -1076 787 91 503 
287 9 531 -299 -201 258 -1238 -389 553 636 -1138 286 -446 206 -617 -346 451 -734 -1351 -233 -440 -72 -376 658 -248 1488 244 -831 21 -423 72 786 888 -30 -244 -176 -400 -158 958 -232 579 48 250 860 -2033 519 -1564 -378 884 -1586 -859 1315 1051 55 -474 280 -79 54 -605 565 286 234 -7 177 -315 644 -176 -1069 -193 -280 -384 654 -1075 359 719 242 -607 126 430 387 -604 355 -409 -510 -1137 334 -445 123 27 834 -710 347 999 845 -667 420 -529 -1260 -65 572 1271 271 916 -365 -499 1420 -96 664 -942 331 -680 -808 -93 556 102 -208 -313 394 -962 409 -506 46 -140 -1503 -110 -733 -669 -593 -1140 -894 771 453 926 471 967 570 49 1553 -163 -900 -203 65 736 -268 196 -378 -809 -536 637 1065 1177 348 539 612 787 185 -508 493 -1591 -598 540 728 -10 -609 1303 1477 -651 -1367 -286 -608 850 -695 289 -326 -800 -1164 -1004 985 -5 438 52 -177 -671 95 -270 -342 320 309 422 -389 576 -610 -506 809 432 -109 1225 613 -229 557 -1049 298 257 57 482 -136 404 -559 -425 174 309 -1155 1300 -252 5 -632 250 849 -1211 -376 -1372 1064 6 -64 -1125 106 -480 -780 132 299 -1053 808 -113 146 304 -305 92 1052 -2142 -299 -1498 715 486 1933 -450 -1015 -491 -1650 932 670 125 -667 1463 496 12 92 961 274 -123 164 582 -918 229 752 367 -1344 -235 -596 722 -342 887 -901 -158 -852 -581 796 290 9 97 912 -338 797 -1170 1586 137 -15 2307 200 -88 -136 -1011 569 530 -1021 -1990 31 -18 869 1381 -179 383 133 -37 -798 327 -491 248 697 167 690 -126 -755 1055 -38 -791 471 -553 -311 1557 -1100 516 -600 -1176 -1225 -920 1213 -132 -1315 1352 811 597 -312 -1071 -956 498 1239 -1372 1100 1738 1685 334 -217 980 -735 -68 -73 -619 1089 632 25 -328 -54 1211 344 -330 593 -716 -117 -1916 -384 668 126 220 605 -235 -148 -76 -758 -427 144 -1352 -1149 -96 -602 -22 772 896 339 -1327 -587 385 475 -359 -1476 -311 540 -242 491 -418 -730 -1129 1241 -949 420 1421 -403 780 -292 114 -130 
-340 -327 101 398 -1468 -528 596 -249 -1431 -360 12 -277 459 -482 1031 548 787 262 -246 600 670 248 572 -654 -737 716 -841 383 167 -282 755 656 13 -1319 150 1028 -175 1279 495 495 -933 290 138 -189 -1534 -378 -286 256 -22 -193 -454 -924 -386 -2789 253 330 -224 -421 -1426 -524 668 -76 -980 531 1911 -240 320 -1042 1054 1693 -1377 -223 -53 799 -999 -863 5 779 -51 596 1190 -1426 2025 769 -154 -326 -784 1114 -410 167 -265 431 520 153 -386 -498 -500 -788 1015 1127 -420 -995 -458 -332 1717 -572 -376 994 228 73 187 -146 -769 -1137 236 72 -733 -568 928 -817 -801 976 640 -296 -380 -1550 -545 -110 292 -843 555 -138 -165 279 -793 -549 -2 -345 -1227 -552 40 -760 -1214 261 -1473 -364 2889 -728 839 -222 106 -752 360 120 -1195 617 -732 -39 -468 334 -535 -470 -179 -137 797 609 116 939 489 -264 -1198 -89 1364 -270 310 151 964 1126 144 123 -943 -592 853 -998 -380 736 -540 -1155 -367 -143 108 1184 -1538 -179 1014 384 -325 794 -436 -228 1076 1249 -806 276 869 -7 -891 1123 -663 -1069 -1772 664 1014 -969 -1368 337 -490 1940 766 -616 316 -2389 -300 -180 864 54 627 1108 259 34 615 9 1048 -1160 -33 558 -807 -9 -531 -409 -818 -508 -442 -580 624 -217 1261 291 340 -491 454 148 -1722 709 -604 1611 -384 -512 877 334 366 -861 469 -381 1467 281 -426 189 236 -181 199 -289 -941 -68 507 307 -156 126 -1056 -570 -266 -1192 -10 -29 -1608 -174 123 463 156 571 265 420 -244 974 -321 417 348 869 -180 -36 34 -288 1512 39 616 -549 -505 -838 -727 141 -326 -388 -495 -900 -583 565 732 456 465 29 -244 -1145 383 -780 566 -38 159 -718 -139 1059 -626 -882 621 1442 538 734 -253 -2345 321 394 -1127 -1481 498 -816 1649 1290 -610 -353 -204 -807 112 -285 863 -290 -746 -100 202 -1070 1738 -844 287 -516 314 -150 -88 -333 -1020 504 -697 595 657 -401 -1408 -980 1199 -202 -603 459 -781 1315 -911 -437 -717 215 -629 1046 -735 1236 1629 1303 1022 301 435 -100 56 182 -101 -180 -315 1045 
611 -668 942 710 1709 426 927 -379 -1146 494 -506 -148 1812 407 -786 1016 703 -634 370 256 -314 -915 413 579 -53 -327 371 560 131 -1269 1348 -86 576 -6 -75 864 13 -74 496 -625 -701 -587 -110 -1471 -1176 397 168 130 -1187 365 898 -536 -407 995 410 -239 -71 275 734 -851 -936 388 -704 -574 399 741 641 -402 1154 -103 539 -32 965 998 -611 -343 -1591 -1525 -53 812 553 1436 -428 -701 341 -869 -315 -356 -984 -267 337 -565 -635 -878 661 379 -955 1174 159 310 -1247 -356 346 296 1518 494 -607 -1411 1664 2005 61 -380 -369 -1719 92 -739 -388 -791 -810 635 -974 -761 396 -401 -388 216 136 -815 639 -221 186 -1552 -659 -1319 1776 -194 -163 350 -375 -323 562 -134 114 120 -617 280 -366 492 -456 -1067 215 -621 -1519 -1083 -332 -1443 -21 -971 725 -258 1107 -528 436 -594 -222 -357 -1069 -62 -348 372 10 -360 -240 -2276 239 -310 696 436 -546 -1371 564 898 688 -479 963 -399 1016 656 -791 251 73 459 -839 -755 -1555 -779 -696 58 -742 -995 -790 485 232 978 901 76 217 -769 -188 1762 -234 196 134 625 649 10 -555 497 574 -518 1301 137 -372 -271 84 -562 188 954 133 1118 -872 811 -537 -329 503 -1311 -1270 -640 931 260 -196 948 -157 578 32 -471 -1501 -533 -216 -1008 -682 969 509 -440 -880 206 269 115 504 463 -619 303 -1017 650 141 -1038 -516 -94 1588 811 -310 642 -1174 -245 417 539 869 917 661 -243 1282 -823 649 -1742 988 1000 67 -205 -791 134 -588 -685 -370 -52 874 32 1008 200 388 -237 310 -1150 -80 1119 541 314 -1234 374 760 288 -104 -206 -490 231 722 -680 546 -982 -684 -31 771 -1070 398 440 -295 866 -970 465 -982 -766 874 -1205 -1041 654 1511 -992 771 500 1161 -534 -801 -698 -161 -512 872 970 476 -749 -31 -575 1446 308 660 -277 1114 -63 403 52 -175 -258 1110 -833 303 -257 1020 -46 -91 -218 230 -198 -1247 -504 290 -80 1259 608 -117 345 1547 -944 -1510 177 -1201 501 -31 113 1692 435 640 655 771 632 179 1598 -745 -1009 -943 -1304 -254 373 
-13 -844 1135 -622 -245 822 -657 -558 -224 137 551 -367 261 1041 -38 102 -145 -142 680 -251 220 -444 113 780 679 -157 737 94 -670 18 1685 1044 -413 619 -1500 -648 -111 553 -1381 977 -1021 186 630 183 -765 -581 -316 1057 -72 1097 -275 254 -170 562 -1505 -339 113 -1348 -742 -732 1132 779 197 -1083 527 506 -472 -398 -331 -1295 -613 -445 26 396 -384 163 217 -607 -77 420 132 -171 -442 9 1128 416 991 1400 -966 -40 -509 -517 -728 1649 -754 -52 379 323 1547 142 -584 -67 -616 -1289 -1360 0 -198 -314 -266 -1037 268 -557 355 645 369 -964 -110 -860 -616 647 -1182 -93 -1026 -1061 -360 339 501 161 728 -1150 -20 -48 -1120 1472 -588 -174 520 666 -212 775 -245 181 -217 -910 -465 529 -257 790 -1371 -677 1953 -266 368 -635 -1370 260 652 595 -93 1436 350 -77 192 249 698 745 605 856 -100 257 -8 499 66 1023 302 -197 997 398 -528 -489 -558 -143 210 -833 180 765 -212 550 107 716 79 -294 123 -465 644 1242 1299 -1063 242 711 455 -608 -414 752 -819 492 173 -776 -271 -485 639 -344 849 -7 498 -402 416 105 -521 206 -565 -161 1018 -273 -811 -364 -244 -885 180 -382 -357 485 -861 854 -924 549 -1188 131 -134 -352 489 -767 957 443 -514 451 -548 -430 -772 -627 -188 1607 71 -584 261 -925 636 -650 1015 -685 269 -104 31 542 -331 -974 -527 526 207 767 351 -365 788 -387 561 -420 325 65 1379 -912 -634 -812 -4 -432 87 547 -447 -1314 -786 414 1241 -218 -95 126 784 -627 885 -506 98 -633 226 21 -294 -418 -419 -634 1403 335 1210 781 1031 458 680 52 1279 -81 898 37 -1107 752 -266 -111 987 -1588 134 -1674 -1251 647 -148 -69 121 1460 64 -912 835 516 761 129 543 -349 394 1017 -594 -35 -629 -1028 635 -382 1080 -582 13 384 -239 -787 132 -1118 -644 -954 262 -311 -76 962 1417 142 319 -569 -311 56 733 436 -249 1566 -581 -341 597 782 -687 -275 890 -73 154 1137 157 -1025 558 -441 284 -333 -388 227 1083 742 -70 217 -1722 -1332 -1081 -1192 98 672 
-1477 486 207 477 1264 -100 -240 652 -859 65 6 -467 300 -697 -179 -1055 -710 1715 111 -324 238 71 -308 -235 165 -291 916 -676 -1385 238 -304 -1918 -779 1477 2191 998 1662 880 -725 -153 -676 -396 -205 -314 354 -2 -1484 -677 -467 10 1643 -32 -292 584 -456 417 -1420 1005 508 -1501 699 347 513 1412 -370 -32 -210 94 488 86 -903 -826 -543 965 139 406 126 1253 52 733 -110 -225 -525 -11 1493 -816 -256 -1516 1232 -1004 391 420 -482 -639 -155 74 1022 725 662 -466 392 10 -527 -226 -627 -136 90 -1384 367 -770 128 319 -50 -521 1030 -521 947 -883 1056 -876 -508 -468 80 466 508 -600 -934 1928 952 697 -543 -192 -1482 358 248 -173 -441 148 569 1750 103 -1162 -480 144 8 -319 149 -2249 365 662 -565 -916 -398 1190 403 -1625 221 528 1182 -150 1095 -1126 1482 1077 600 -834 366 499 -1156 -941 708 481 237 1209 -108 -1139 730 -564 98 -109 760 466 -715 -420 602 1506 295 94 -607 -362 764 481 339 750 477 -397 355 -364 -280 -197 198 -187 45 -276 41 -937 352 675 162 -278 827 981 -1178 -1277 -1052 899 -928 -872 325 105 144 551 -1393 839 -45 -245 -1864 405 729 357 -567 383 104 517 335 -623 -377 23 -12 -395 -846 481 -1500 -467 -371 1806 -327 -137 -1415 -748 -980 -760 -859 -977 -552 -857 -102 -11 1196 1521 998 14 1458 832 -1463 191 382 -954 -77 319 165 5 946 -1254 -1004 -227 -842 340 1028 -1164 592 -220 76 -166 928 348 -210 685 -152 -502 844 772 -558 687 666 -1182 79 -841 277 -34 -53 1170 -196 2176 674 254 -544 -83 -985 -382 383 -72 -569 281 633 494 270 -932 -687 700 331 908 -417 152 872 450 -903 -75 -457 1536 -282 145 -1255 868 -886 -75 -539 79 710 -276 -1313 54 65 175 618 -1247 1232 -554 301 -396 -965 -532 363 -1127 -499 449 405 611 -756 -711 202 189 0 -587 -81 -49 891 -550 -685 -396 628 464 350 150 -1494 1023 -414 -704 212 -858 -1777 -341 -743 584 729 194 82 1069 -913 -555 144 377 223 -46 -223 587 1266 -143 612 1267 
1196 944 -728 665 -230 -1228 -553 394 -71 6 401 932 -1125 -31 541 848 -978 70 -358 -302 -72 -183 464 1260 90 -738 834 557 1094 -217 129 75 -599 514 -324 -604 -85 -373 915 -499 109 466 1355 -243 345 981 387 -162 814 -536 692 -221 -343 -561 238 1006 -1017 -886 -8 -817 497 -872 250 -1395 1597 384 -208 146 628 1166 -274 -902 318 -844 -257 252 1459 211 882 -898 940 -55 -284 175 -780 -746 528 -1399 788 -48 -537 -504 -1041 57 -91 461 224 -110 -31 -22 1485 -1033 305 624 -579 487 -635 646 692 642 643 -289 750 1518 -826 -1049 573 -165 -4 -818 1478 -509 479 690 196 193 167 378 -1272 903 -627 131 -484 -290 -44 -1712 -319 -291 343 -1267 733 57 641 -796 -1111 241 -104 1008 731 -290 1038 269 -302 837 -1113 -1079 -754 790 -396 926 540 375 665 346 145 -1650 120 368 -364 963 -134 508 -247 645 -124 810 493 726 433 -281 -409 283 115 -1210 -122 -1779 369 1398 194 -525 -898 106 -1159 582 531 -871 -235 -945 -386 20 530 -357 29 -136 137 -550 -905 -532 -111 -343 394 21 132 -320 1393 -1841 365 484 1618 -706 -1536 772 102 522 -1593 374 -425 891 -108 -530 1712 -150 -449 -563 1542 -1817 595 179 259 -1502 -264 -757 181 -1596 -3 48 -272 323 -1091 -908 641 159 -818 399 150 398 -830 2056 59 -951 -436 -194 735 1416 114 -501 -169 -497 -613 810 -1118 -239 315 -441 85 372 282 -268 -333 -531 -1365 268 1161 725 720 -605 -492 -290 -1795 -16 -94 -473 579 875 1042 -277 1011 -1201 419 137 -347 329 -164 805 137 22 655 1243 515 -1655 97 281 -1824 1285 -416 -102 -368 -2405 1118 -194 1470 -620 622 274 -495 160 -245 -1196 -745 1108 -172 -314 -607 605 1253 -349 241 994 -1496 17 139 350 -165 130 -162 71 367 2101 76 -67 375 -376 70 205 -1396 -965 -1487 -163 590 147 -599 -624 -198 -331 447 254 661 -1245 -1809 148 -1249 -163 -747 -2153 -1269 -571 518 133 634 484 -8 63 633 -878 -461 1180 -483 293 -823 -388 446 938 646 -364 -346 -888 -833 443 -263 -772 
-666 1196 -1658 -703 785 -725 75 1181 -993 355 -176 -322 373 686 1223 -64 178 187 551 568 1206 841 1109 -380 -980 -553 798 -312 -1219 -134 -1262 439 793 -698 121 433 1131 572 -1542 135 -315 296 622 -326 694 140 -409 -1457 -374 -974 1849 -1316 -816 1887 -274 1362 26 -625 -150 -294 -82 -827 201 -505 -1362 -537 -392 -961 -804 610 -91 -863 335 -1019 -540 -13 -1134 -665 -1073 360 176 -203 1823 -501 -690 105 820 633 -56 -413 1246 1127 -298 1124 322 873 -478 36 1049 449 -2 56 -419 -467 -857 -454 466 -23 150 -870 -820 80 -1184 1026 -236 439 327 157 155 521 145 -780 372 60 236 -692 -351 -117 198 331 1138 163 179 -732 335 52 -67 -92 591 947 -564 -531 -972 803 -219 -913 -1015 -1243 -1673 -657 467 -146 986 182 -379 118 -507 914 -751 957 1031 125 354 354 -438 -244 -670 -1165 1546 625 -1741 -332 635 -140 607 255 -287 -79 453 1408 284 201 1396 -766 645 391 49 -351 9 -449 -167 -1395 701 -290 370 -1413 421 542 575 -889 -145 -1002 -456 687 27 119 783 -1377 1149 -124 950 -881 528 490 129 -167 625 -709 1155 984 -293 -1163 681 -265 -306 -46 871 -369 -946 285 -1660 146 -1210 -1095 -572 -854 227 -524 -608 41 -698 27 1357 -2 26 231 69 78 -267 1406 673 -1071 408 -23 -1302 617 -328 -540 764 673 135 258 -1224 1216 -601 1654 1430 -614 698 478 -560 -342 -138 -592 192 -343 -312 -399 -1788 -387 634 -41 -5 322 1007 616 62 501 -792 434 -1313 1436 634 1420 -723 -279 -63 86 719 -168 60 187 870 1387 -292 93 -1307 -6 358 591 -525 -999 -869 1128 -83 -1263 -488 137 -355 -143 -35 853 -83 1226 1077 -1050 280 539 267 -1964 -932 68 -696 -244 197 -557 -472 337 320 1310 680 -297 -177 1289 -115 -1065 1554 -456 893 90 -1542 122 -927 -9 145 -245 -367 1073 -707 1826 869 373 -673 317 -553 -810 679 -607 -137 -513 -93 -387 -230 820 589 -839 806 260 176 -183 -1262 66 -952 -607 1138 505 119 160 653 -565 200 -238 -724 725 -514 573 464 1420 459 -347 
43 1209 534 358 192 -9 720 319 -1649 532 8 339 833 90 271 -1053 -1960 -209 -199 1041 -312 310 -147 -2 -1485 -65 -1100 -251 337 506 -552 45 97 1031 406 2282 -1136 -898 606 17 78 -1624 -1502 -1473 -909 -243 -452 431 -474 618 -60 16 -91 54 -393 419 1629 984 702 -470 56 -234 1376 -281 291 1355 -595 323 822 1045 236 804 -835 -113 -478 645 -1626 1294 -48 -503 168 184 104 -926 -210 261 -1277 -1128 720 112 407 814 -474 -763 -1092 744 -737 472 34 1005 -101 -1195 304 -21 -182 -1274 -111 481 -690 111 813 1168 328 437 -845 241 1025 616 -616 -542 449 562 312 327 568 483 -79 528 -788 890 -173 -62 506 578 -378 -22 396 -1096 -649 -355 -1078 525 -49 1230 -69 1684 1288 1293 1838 309 50 -753 -892 654 295 487 45 -714 -795 558 -1295 156 492 1048 599 494 350 791 -753 -860 88 82 146 136 534 -185 901 -87 -417 525 367 -75 90 -1051 -1010 -786 1977 585 -495 114 83 -344 0 814 711 1162 1631 -728 91 118 663 -364 426 521 -447 -93 -1267 -322 -136 -164 646 -17 530 -311 -279 -1007 444 496 -1018 -131 -667 -219 -87 -510 -131 -1163 73 -46 -1649 13 -868 -329 468 -1044 -321 1220 97 65 -373 632 175 704 -1865 -8 -377 -228 -1239 -2116 -92 -680 125 -692 -427 981 336 -395 21 405 -450 -94 -562 -847 -485 -266 291 -539 -824 -1368 -1189 -475 645 -116 961 136 -1344 631 -359 764 1638 1023 555 -1000 -454 132 35 -1155 -1044 -23 -398 -565 216 650 429 193 -461 109 -1022 -1239 1344 -549 212 1429 -89 320 -755 -1278 -1668 -120 -515 -653 290 395 205 -70 -90 1240 -1434 1692 46 2326 612 -330 -1067 -1179 138 281 -664 -840 743 -927 761 37 -190 1520 -66 671 746 62 -100 197 328 -1595 622 464 429 190 200 1060 -214 456 388 126 -481 -220 522 287 27 -383 -576 -411 1185 688 -329 -35 -405 326 465 -373 429 -245 -231 -1571 -263 -584 654 -835 -1611 432 -1261 -464 -795 515 50 1093 328 647 -383 744 -943 -1314 1032 49 296 -579 -22 377 -328 -88 785 1173 
504 1601 -147 899 -501 256 759 -1475 1407 -58 -612 543 -886 1070 1087 -217 -415 -533 -524 -1200 -466 388 -1554 -157 183 -648 149 35 -189 3 761 169 -858 -156 -856 225 -643 -410 639 161 546 1230 264 -79 738 -954 -1011 773 650 68 -388 -956 -263 879 -508 -290 438 -867 -676 -56 620 470 -267 425 -1315 -5 58 1049 -1012 150 801 -215 0 -2 -1094 518 918 -275 256 -822 284 -732 240 -707 -978 182 837 521 -927 880 -767 -541 876 511 793 231 1227 1054 -1013 278 857 313 18 -1390 585 987 1076 -81 -161 278 -494 1584 579 19 -72 -38 -808 -491 -205 206 165 29 791 1123 208 301 -422 -892 198 144 -426 -25 25 -171 389 96 -23 163 189 -960 -365 -396 1084 801 624 203 -725 1638 -384 810 -1624 66 762 415 -164 -217 1087 111 749 242 -479 -73 -270 1127 135 1013 2090 372 -561 -460 -447 -467 198 -699 -351 329 -94 469 -427 -775 46 247 241 1558 -823 -208 -687 819 -540 284 -152 31 -163 -669 625 -1968 -72 747 1365 -486 -1321 -372 -1269 420 561 -608 202 15 167 -923 83 357 243 -424 -941 774 410 -158 -309 481 840 268 359 108 910 -667 26 503 608 -786 1536 -671 1061 -1171 -1174 -1354 360 312 -221 1897 -87 849 271 -859 -637 536 172 -566 132 -1422 2124 -857 -1218 533 537 -1166 -1189 172 -598 1466 252 -127 -324 634 996 797 -1302 510 -281 351 -130 -101 367 1117 -222 204 491 -1040 -994 -40 -2222 1183 111 -214 -281 -141 -1263 -561 253 -31 -920 42 92 210 -118 120 -286 -811 82 133 -750 641 1084 -182 -122 -1665 -457 1199 485 207 182 647 424 411 93 -415 1258 1290 161 -511 -1103 -423 653 -1729 -71 -807 1213 1324 -594 -210 -725 -598 1101 1036 -701 -620 -1009 -979 417 -1080 -379 1244 837 -214 51 219 718 -1888 -1233 -622 283 -715 -881 196 -991 254 -295 -586 1068 -20 -329 504 114 -876 517 -741 413 -727 679 -533 259 408 -192 -62 -1691 -1003 807 -464 -621 265 1579 87 601 378 -1556 506 201 -196 -1520 -918 -421 315 -168 -137 512 646 2343 738 -1206 -152 
2640 294 -479 -94 762 3 -201 -511 -1129 1027 49 -364 1735 1181 -58 -1268 -143 -376 551 1469 -376 -523 561 -923 -1044 1138 515 1290 -816 353 582 -73 -169 45 -960 474 -545 962 -754 1098 1077 -42 1289 -2264 -363 -346 -994 -347 -47 -73 1122 -377 1301 500 543 119 255 1344 168 -383 326 -1145 -359 -1768 -510 602 -118 -624 -494 996 -1415 362 -1269 -71 26 -284 -671 73 332 1024 -622 746 -1261 -907 242 1252 1219 -332 -130 818 151 930 -445 -473 878 -15 197 151 -620 791 -970 -743 360 -1147 241 -233 -1361 -492 70 492 -1335 129 1105 82 51 -16 -267 -1351 638 -57 420 -890 -1172 11 504 951 -38 -323 -734 164 445 -1170 234 728 140 710 608 -1633 -19 2643 -459 818 -1018 -145 -237 260 -244 -142 -78 245 1057 -632 734 -381 -86 -349 218 1688 514 364 641 337 541 317 -527 -8 170 -905 195 -871 990 -689 558 216 -340 281 -113 -1230 -279 -940 -241 -754 -211 307 -1524 564 750 235 -631 -1444 -257 -312 -542 -450 -140 121 286 312 461 612 1554 640 329 915 -94 -1171 -426 -622 454 -726 -1073 905 577 848 724 -1009 -325 -389 -352 116 360 343 -337 1558 -119 -2119 -407 -544 1110 821 -173 -266 302 -71 143 413 -107 476 -846 -300 375 310 -244 1500 -735 712 -410 -248 -929 817 -814 304 332 -564 1172 549 -44 712 641 326 1076 -590 -561 309 891 -251 698 -455 286 53 -259 -702 -206 405 1171 1404 -1403 -612 -1053 317 -532 -572 -1411 302 1569 -1342 77 -140 314 -826 -138 346 -1021 -372 -1428 150 -536 690 706 -1098 -609 -179 -353 -977 89 -675 -37 298 547 182 -487 111 1158 574 -410 -73 193 -168 -99 344 56 980 713 -786 587 1133 1233 170 470 -1045 621 96 -959 -1343 -461 1126 432 -1231 548 417 -241 -221 -645 249 -421 210 232 1558 673 145 -516 -761 -211 1043 1286 1108 -178 163 -43 154 13 297 986 114 364 632 545 -857 -1212 130 1563 -214 777 709 857 963 841 -148 25 -108 555 385 -1063 -830 342 757 472 -931 882 316 187 79 -1305 688 -545 -224 -457 1141 352 503 
560 1242 160 573 -527 745 660 418 979 1674 -1785 902 -1391 -915 -747 -296 -106 -930 -292 483 218 -352 -500 450 283 -1163 2141 1281 -624 1233 -497 463 250 20 537 -646 739 -932 158 -382 -728 343 -791 -587 -828 260 -69 -794 -546 -306 460 377 -567 88 293 112 1161 705 885 1825 -1690 -381 125 -512 24 -562 -339 675 -360 -739 529 566 259 1096 -635 515 -6 458 -226 -386 183 -581 -244 -643 -2273 -103 808 -1 -8 -327 487 -213 -360 707 -948 2017 396 895 86 466 -111 -565 98 -943 -601 -51 706 1117 -449 -309 -638 383 -375 301 -817 882 241 -1636 -353 839 33 -464 604 -155 -169 -127 988 -2447 938 468 779 -425 -627 207 1007 235 589 -210 -159 984 -250 -377 -650 638 174 -411 -130 556 -557 990 382 473 -440 894 -326 844 -1022 1060 127 669 -1259 -110 593 -74 -660 -911 -162 663 945 617 767 -618 -688 916 771 -539 33 -207 4 92 -212 -280 673 442 711 1234 -1098 277 -398 947 503 1 1495 -718 1343 11 -622 -365 -690 1112 301 -950 448 -709 -1082 -20 -592 -990 -42 365 -583 1091 -77 -1088 -118 -434 -843 -273 517 -650 495 84 1483 -447 497 522 473 -961 -1921 -236 -293 -1720 797 -698 859 334 29 957 418 -178 97 -667 555 -344 680 589 61 521 -608 -144 342 -1859 607 315 228 -574 -699 -794 317 -311 86 410 660 -473 -402 542 143 -294 1828 1756 467 -72 -302 -697 -330 1080 -1254 529 -182 -729 -788 721 553 -695 -1066 32 -206 -742 -1077 931 618 435 538 -49 -75 -56 398 -591 331 -687 449 -167 -921 111 783 -504 -1315 556 951 605 1079 1454 420 351 652 -468 -1008 -870 -1008 860 -369 -356 158 -161 692 -316 794 -805 298 -281 -224 -493 371 21 955 -297 1019 899 983 -1001 -254 -154 -460 -650 908 -665 -419 250 -49 -1393 219 1428 320 -340 404 398 397 -41 365 -463 902 -159 -150 -1287 -632 -631 1194 -19 441 -846 1130 389 -476 1299 614 389 -1132 -1860 -1151 159 -219 -517 289 465 81 -1475 917 -155 561 -11 -533 400 -556 -982 114 -941 -1347 1567 115 330 
-324 -189 -674 -871 1496 424 993 -480 293 523 974 -746 -1333 56 -214 -371 808 -1357 -631 -242 1305 -276 381 -946 -919 -293 117 -654 -116 304 -644 417 -433 32 -393 797 -1281 641 -348 -83 -424 760 -1527 1385 152 -1300 1296 -978 -219 61 809 398 -231 204 -1315 -272 799 -604 -90 -202 1072 -905 -492 -858 671 135 537 -568 124 1017 622 -598 -77 1521 627 444 1047 564 1517 -1124 -251 98 -141 59 530 -325 -545 14 90 324 257 39 -329 -195 -713 -783 793 835 679 755 -870 182 -1420 -630 -277 896 281 -477 -719 1825 544 942 347 76 154 -1520 -1021 -806 -81 148 -421 -218 636 1272 617 1350 41 -997 0 -94 -299 -796 1010 -84 329 167 685 186 1129 735 358 108 548 -917 11 1138 1194 -199 -385 -21 1047 700 -51 1283 465 374 -93 615 605 941 333 -784 821 -414 -884 -497 891 1157 -442 -156 -254 195 -556 -640 -251 -70 396 -221 -1958 -264 -228 259 618 -859 47 127 222 -15 -883 -486 -366 480 -690 80 228 492 719 -1267 -539 84 -60 83 100 730 -365 -390 -19 -442 1037 -400 -90 -619 -1702 -478 41 578 -264 26 758 211 1342 244 -795 159 457 694 -322 616 1308 -325 54 227 -147 475 997 294 657 -945 -198 872 -202 -119 -290 994 246 683 -346 57 -1187 573 748 1521 -748 -755 782 -902 -72 1078 -89 -1320 164 787 -653 -895 -901 -162 -252 -127 180 -347 -893 262 1128 -537 859 238 688 593 965 291 135 -1508 -545 956 -624 2 714 -1304 -1088 335 -17 212 243 -805 -231 475 455 -791 6 -312 302 -349 -230 -124 -570 477 7 -704 1509 -429 -180 797 -161 -23 685 554 -416 -111 -49 -704 187 840 531 -772 450 2281 606 588 -418 127 201 852 -867 877 1237 298 94 719 -1021 -610 -249 -90 -1037 -92 -325 -1067 -141 -446 275 -672 -1083 708 8 -1567 -543 -495 1496 174 -401 -1154 196 142 630 -334 -633 -771 -642 -548 -292 -844 -350 -46 1334 62 452 354 -354 -151 -107 49 -616 -440 -338 -290 -154 -690 223 -1040 -146 -713 463 1334 212 -716 -296 -437 -681 -792 -1159 -27 
697 -521 375 1174 -71 683 -692 -91 -1003 -749 -1324 -1327 1288 533 -833 -1090 -516 237 -879 38 152 -1421 -799 167 -584 991 758 578 -665 -926 -1294 446 -104 178 -748 -124 1318 -4 281 1354 461 -534 -327 -261 537 -167 -1257 776 1051 -739 194 651 1177 500 -168 64 -218 572 -921 -771 610 780 126 728 -1411 -628 1162 -588 -1015 15 169 -367 54 -756 1182 85 -345 -131 156 -221 1437 1063 -368 -1079 -844 660 512 -1014 359 124 -337 -99 569 -12 -1087 674 489 -494 279 -624 -949 104 99 455 722 518 -811 -215 1730 -1145 -469 -366 613 1222 228 562 892 326 669 -767 -895 779 -593 -761 -581 646 -1610 -216 -2186 337 -352 -1431 242 700 -989 -1226 -656 587 -1071 239 -322 1473 892 364 1233 520 137 -552 1125 694 494 1026 -506 -97 137 -296 655 -415 -957 924 340 -289 -542 1491 805 -203 930 -97 908 -554 783 -419 838 -730 1220 81 -331 -1842 -1363 -521 81 -352 133 -304 -669 74 343 157 -627 -956 168 851 246 -927 312 865 -1670 -273 582 -527 138 -1432 995 -381 653 267 519 -1021 -439 826 547 1287 229 -263 644 882 -84 1734 -41 -36 -110 -254 -236 662 -319 480 479 686 -618 -1572 -1106 405 168 -498 -465 -886 -683 193 -244 397 -193 1298 -257 440 -1228 -403 443 -1337 -760 -1253 671 1177 203 203 -150 -442 434 -349 386 -647 -14 -743 -46 793 574 49 -501 608 504 -1362 84 -507 178 -222 -296 1606 636 260 1038 605 1094 371 160 23 -542 349 -185 866 -188 -248 158 324 -1043 -697 -210 -154 -499 787 9 -1262 -1110 890 806 -737 882 -253 10 -862 552 694 -1321 -366 -63 123 -1302 789 1176 -500 169 640 1121 769 507 400 -92 1820 206 168 -444 435 1141 599 13 409 225 -233 -759 185 178 594 780 308 -154 -62 144 148 144 258 186 -48 725 -30 -69 1864 130 -1260 -518 -453 229 97 -901 49 -540 158 -229 -252 -912 1176 -20 -900 167 -312 -1001 502 -188 396 -1518 56 -769 -194 203 748 175 314 -116 -403 102 649 -200 322 -740 -788 -794 -364 -162 96 -120 -586 559 -407 
-527 820 -415 173 -67 -251 -483 185 240 147 -219 220 -500 -261 770 -1697 -1259 840 -438 -20 -1041 -164 -634 -1042 -1218 -498 -483 826 -527 -715 -695 -735 449 1244 -969 -65 -1067 673 -601 -419 414 833 -50 748 -839 -404 -350 1144 -559 462 107 -874 -114 170 721 -161 58 -825 910 643 -376 -960 -114 310 -568 674 -1082 1045 36 -312 -1317 -834 256 610 585 131 1079 428 828 716 -601 -113 -486 752 43 778 34 1520 -42 436 -201 1079 1299 -744 176 476 2170 49 -265 -1133 -1112 381 835 -530 -1287 54 154 -409 833 -34 934 -750 -1336 -192 869 -1677 -157 -871 -191 733 -1505 -433 321 645 333 272 -597 175 -872 -1014 734 855 125 -801 108 161 859 1704 308 -1934 -268 -2616 -220 317 129 818 -772 -84 -1554 289 9 1597 -662 -686 -1591 -65 244 -17 -566 1480 679 -191 -333 610 -55 594 1286 46 -1350 -1148 -222 130 -23 38 -843 -109 -379 780 -702 321 -658 -871 735 -528 480 -384 -655 1026 191 226 -438 366 -512 -1034 -388 244 -414 -537 -1580 -35 -1172 143 -310 -498 433 -874 246 -1242 50 618 -927 1156 130 -652 953 170 -526 -961 -806 380 -579 1561 -846 917 442 330 840 -270 472 -72 13 -63 -260 247 -304 -333 604 -1073 -244 1162 122 850 403 -553 -1243 -858 -480 428 -1075 375 -314 740 449 -320 -310 -248 -865 1054 1320 -59 360 781 425 637 24 404 -11 -156 513 1214 1275 859 211 -1059 411 265 -914 -429 360 -388 80 538 -216 -1367 877 151 -114 1601 1211 719 -676 -786 -831 -188 -640 -244 362 -593 -55 361 -250 307 -874 506 1187 126 436 -226 -503 773 31 -350 1024 -586 -127 -691 -671 -1288 847 -417 -209 540 -536 -159 -237 -356 -734 904 -548 148 1358 248 727 -452 -32 -754 -366 932 -1015 243 278 -1530 -740 32 -272 -434 188 228 -581 725 563 -639 -213 10 -573 -72 -433 664 -459 -98 225 708 318 646 -1489 396 612 -338 -984 -290 -980 694 865 942 -1421 -654 622 -1082 847 662 781 236 -252 -408 332 290 -636 454 -122 311 710 983 514 1300 -577 914 540 -492 939 -430 
-905 -188 346 406 -246 428 167 -1235 20 1164 -1123 846 -1568 -191 -328 15 402 -133 567 -501 -410 1109 1832 334 754 73 140 128 161 -442 725 -1172 -781 -547 -1131 -1059 595 1530 929 670 -119 -632 424 513 1076 -670 1086 1411 1191 -338 187 264 641 -257 -386 -277 -226 746 192 657 -722 391 -815 -1757 -969 -446 406 743 -1681 -74 92 -9 -299 1006 -432 237 124 -797 561 -10 214 1165 -330 -233 1508 272 394 556 -941 962 457 1157 480 -1204 -935 1177 -1727 516 -241 -294 1208 -621 152 -345 300 997 122 444 485 -273 -8 -860 -309 694 954 603 847 -44 60 -1379 1042 763 1009 383 272 93 1415 -915 -726 -730 -1056 -387 196 -127 286 -838 486 -46 -163 -461 -928 285 805 -108 193 47 512 156 -633 137 709 -579 166 111 582 -327 529 -312 -778 409 339 265 -1 281 667 -788 202 -179 1532 22 1280 323 147 -883 -572 413 366 404 -135 -634 -554 -287 -131 -540 10 -280 -222 170 -490 884 -250 998 1266 -126 -78 -871 1141 -60 -236 -626 -549 836 -528 -392 869 361 1707 1039 -5 -37 1133 692 -410 47 -1012 -329 -1084 107 1275 -414 -694 -1093 -117 804 -1021 517 -401 -44 588 0 395 -389 -874 -38 1046 587 673 1146 -725 945 -287 -1741 100 -82 -818 507 400 -114 -480 -1415 -574 165 -308 98 83 -532 -1814 733 453 -656 1207 1084 -8 465 -1356 -241 -443 -797 -799 -243 -568 186 1221 247 40 553 -864 127 1103 -497 -441 189 167 -134 -247 1493 70 -69 456 -357 142 -1113 205 134 670 -173 966 -202 -1893 -755 539 -386 452 417 770 94 -205 -1070 754 -194 86 279 2170 507 313 -73 10 559 681 503 204 -874 575 -478 380 -463 643 -433 569 -66 145 -592 236 -52 1894 197 345 743 132 2077 193 -576 552 -948 -1169 -665 1031 336 -445 -317 540 -879 -54 -426 136 -496 -285 -664 -134 -417 393 90 1408 130 714 773 -1873 -111 -190 -766 -1316 -851 -322 -473 288 -733 -1826 1253 410 278 -331 430 188 -71 -1755 577 343 1744 64 929 357 -647 -231 -1114 644 1021 190 -1478 -1110 -261 
-583 866 95 956 156 347 -1085 103 420 -785 -1 -909 -262 -49 1298 -244 109 417 -251 -941 -156 6 34 -1908 -289 130 42 -1068 -19 392 1396 -515 -659 260 849 -444 -1145 187 226 -263 368 576 643 -1418 -298 301 -513 -1114 -1732 748 1152 1417 -332 -117 1522 901 -13 -307 46 99 169 51 834 920 -980 614 -230 -384 160 -1703 660 1036 253 -1051 1000 -1327 471 1066 -86 230 179 -793 -399 -1644 -1146 236 1345 -658 -1812 -1075 -498 -1724 -200 1050 761 389 -778 -619 119 -1440 -234 -714 -328 746 -451 -716 -675 283 -458 370 -325 434 -119 -63 1113 262 1031 -861 -809 344 128 -588 604 1694 1097 -269 -569 -1558 67 -708 82 -827 -260 35 616 -869 201 -165 -997 329 949 -1232 -825 87 -567 913 274 -196 160 -349 157 298 -877 -307 168 1377 -468 -402 628 136 -1052 -39 -85 -1274 551 -394 167 -1126 -824 1112 -1224 -639 -521 502 297 1066 -1495 -49 1721 357 -311 -345 -972 734 94 -375 -621 -229 241 401 -638 -546 -915 -625 1760 163 1174 -129 130 509 -234 -867 -1147 17 466 686 354 549 -587 -435 -1092 1196 654 379 346 -296 487 -440 -1449 -866 578 -250 -226 747 359 -126 56 -190 -829 -1068 532 -673 -125 144 594 140 -205 -1592 -97 488 44 189 -124 189 -1490 1377 817 178 196 -86 614 -436 -1317 1957 608 -947 -1251 -1071 -31 235 599 -564 187 -567 1128 962 1228 1397 -793 43 -255 586 338 1079 363 596 357 -373 -535 -26 -383 1126 -325 326 -112 1249 -435 -82 -87 142 317 792 -256 -344 361 -729 -418 39 580 -521 -1082 1308 431 -152 1063 313 1750 139 -642 -167 -1926 -515 1070 210 -578 -335 402 698 -570 806 935 -224 534 -384 115 -636 -969 -298 -1421 -171 928 591 212 472 -1210 671 -669 345 -801 605 -42 -701 1768 -986 69 -553 920 269 216 756 -439 661 -57 -856 -807 522 -1194 -433 397 -1368 -722 49 -131 1549 358 20 36 -12 328 -64 -177 203 -374 1230 -896 606 813 -333 -423 -969 545 464 -115 -975 -634 723 305 1043 -573 1738 -2074 -252 -337 -82 -370 120 838 -27 1521 -959 
994 -595 -270 -988 243 1274 -656 -1469 -961 -747 -217 49 -595 -431 -1071 158 732 146 -385 -641 1131 -496 192 -719 -42 -44 -57 287 -558 -436 454 1456 316 477 133 -1467 -546 73 595 -503 1227 -448 731 331 345 -176 713 477 -933 9 -786 1001 -117 -605 78 -904 1435 -913 -246 1101 783 35 -478 -642 170 846 -564 142 228 997 -557 -617 -101 716 -68 150 -50 59 -703 421 -460 623 373 792 -54 511 154 -318 -69 48 195 175 -792 1155 716 -343 459 -1114 39 1286 29 658 322 551 255 20 352 -528 299 644 -599 -419 8 639 -426 81 -1128 280 -1839 -102 267 -1865 -347 -731 -177 1252 804 -504 376 -341 508 -635 -248 -892 230 -164 -108 482 -557 366 1614 -988 -33 -715 115 488 375 348 -1262 -433 -488 -79 -309 72 -1178 563 356 142 -701 531 -634 274 -615 -23 792 614 -1260 602 -630 -601 44 -798 -360 1 -426 -616 -219 -176 -186 -365 125 -283 -611 1143 1118 485 -111 -27 -202 1154 -697 -16 -255 386 -752 501 -297 -1193 9 992 -276 394 -939 1020 122 992 -771 592 -35 653 632 -1428 746 746 657 513 458 1116 29 -433 -711 698 16 827 1411 92 -181 660 1130 -207 -224 -328 -494 629 -437 84 1610 -147 993 219 663 -1114 871 826 484 -378 -1138 -570 209 -397 572 384 1216 44 -66 872 166 -275 257 685 1181 -234 -174 1557 -71 232 -652 379 1135 -101 1001 -215 -938 -938 466 -1347 144 -1154 -768 -430 671 -512 -513 458 -679 -158 -4 -460 177 205 -126 -590 470 -2128 -272 797 1104 227 293 540 332 -431 1033 1117 -273 63 -4 496 -53 1490 -4 -707 -1137 -29 -153 733 839 764 0 -1167 169 331 -29 -940 -277 -561 648 653 948 -115 -64 -910 583 278 -240 296 551 -594 1429 -6 1319 1308 -316 163 -129 750 459 85 -323 154 -357 -762 -11 853 1164 363 -625 -116 769 699 106 665 -864 894 -47 -312 -1093 -58 -133 196 -36 475 164 -1114 261 -1254 -934 -919 -1858 831 -59 1409 395 -1424 83 -589 94 366 -995 250 53 505 -1026 1573 162 -2133 -1451 236 -860 1208 
664 -636 557 663 -1147 -743 847 -1164 -170 1033 -235 -487 -1703 1407 646 496 -839 326 1095 676 -447 1252 353 -265 319 790 -12 584 -211 -449 742 -620 119 -21 909 -7 -594 -418 -484 -1184 874 -61 427 1767 -325 311 -927 -50 1437 157 -934 -363 108 120 -786 372 -525 -282 633 217 1242 -156 311 -378 142 -509 380 -231 -769 924 760 -726 260 801 -664 162 633 1261 11 574 -674 -193 -459 413 -326 105 -392 -1040 1337 -1825 -830 -1607 155 726 611 -889 -451 -1506 -143 -386 616 994 1059 735 179 953 809 -385 716 -445 520 -105 631 194 937 232 584 851 8 605 597 -966 -721 -376 -236 954 520 155 -796 113 112 -617 28 860 -1107 211 -1404 45 586 -181 704 -579 -324 -229 -280 -474 363 -632 -498 365 214 -1123 -335 -80 -500 -296 784 -670 -208 -365 -548 -37 -292 415 694 -831 1067 -147 -279 76 1140 -524 376 -597 -981 309 1588 467 -320 -38 588 17 42 1324 605 -648 1009 -354 -761 -189 -866 351 -643 176 -376 553 -327 -153 730 833 222 773 -367 983 725 181 -1541 1094 1079 145 -64 -83 673 732 1028 540 520 308 -662 49 150 118 454 228 1257 -925 -75 149 1047 -149 650 -269 12 -193 -503 -631 1163 -1053 326 -885 -989 -532 -382 -483 -1555 -390 -517 359 757 1272 224 -187 121 305 727 747 -349 -711 -335 -408 -2002 5 564 -493 292 -615 439 196 650 -230 -39 122 1321 -299 -575 -95 -337 -456 400 46 756 -487 -286 1698 347 -441 -42 -451 -1103 511 574 611 -143 119 466 235 -10 76 1589 384 -1050 -295 786 272 -824 754 60 616 -648 -1267 715 84 -167 34 -941 160 521 -45 1071 729 -584 484 -306 -9 -1918 283 819 -646 1379 -73 -826 59 30 -223 -330 -722 635 -1074 -948 -387 670 -622 33 -196 100 1010 524 11 -687 842 2219 -1070 -1261 524 -1197 -240 -674 -905 -149 516 -393 -512 -404 -943 -500 608 367 888 -762 127 -195 -162 1119 -1612 258 19 -109 312 -193 1063 -1182 971 -859 -1116 -1141 76 -188 -1046 -346 -10 35 -151 133 -764 -1664 -336 -779 1010 -251 467 
-905 -213 114 849 -146 -83 -267 238 -376 -97 -93 439 -24 -359 -168 175 -883 773 -1570 -369 93 -1357 -113 416 -539 115 242 -326 -489 1873 251 893 -646 -1175 -1087 -201 219 1664 1448 404 -667 -71 813 364 -726 60 -120 -1202 -1102 486 -20 1009 -1942 99 118 1181 -688 -1379 45 -113 458 -5 176 420 91 -216 -1760 -987 -69 -160 151 526 -552 205 -1054 -9 -593 350 -648 928 -675 379 -617 -469 -524 477 -210 266 -970 199 -265 -1079 1059 61 -388 -1278 -1654 1118 1084 -712 -309 131 -1180 -670 -1581 352 -392 -1139 -359 1319 854 -1318 -340 -33 641 -492 -738 171 -490 1919 -153 -1879 -832 -700 1013 -110 425 281 549 -813 -117 628 183 -334 1154 388 -204 -23 637 -333 -166 1305 -1022 92 -800 -409 -1034 -194 1390 358 -568 -118 790 -388 230 554 1289 -460 1328 -384 2 -1052 872 764 430 580 -945 190 -39 -240 -731 -836 -608 236 -1833 998 757 414 1745 677 550 688 1988 -1116 -827 -1707 -934 491 1533 -114 -554 405 -394 -838 -923 184 -806 1018 -881 162 304 42 -362 -996 1341 916 824 -343 -898 612 13 -193 -293 69 -141 493 -596 495 218 1022 215 286 847 441 191 -120 -564 181 402 -560 -354 721 201 180 -550 -214 790 1516 -1767 -130 -2225 -674 257 -581 643 1148 977 1378 799 -104 581 47 269 -1369 -689 -266 1217 1027 888 474 -1006 -1083 262 -354 -181 45 -744 -777 286 1794 360 -1640 -916 -718 -185 -171 386 -240 -520 -743 -922 -701 -153 -346 149 -141 670 48 -202 501 -674 -83 -393 400 246 707 -26 -1539 -104 728 -1118 -1001 905 1381 241 364 795 95 406 318 -291 172 -634 72 179 -1137 311 222 260 -120 -81 -976 275 559 -890 -1505 -503 242 -1456 -11 -472 -314 -621 133 2646 -467 600 -803 -624 -362 -1188 1044 1227 272 -355 724 954 -814 -418 890 -250 591 -1688 -452 -379 356 -333 61 1778 65 132 476 453 -644 1260 46 -592 -224 697 1027 -111 397 41 -458 -917 -536 479 161 104 306 142 265 622 -1581 -1117 310 1189 838 730 325 -440 -731 272 614 -1134 -970 383 449 -947 -1485 
545 258 313 -524 582 -1154 653 685 115 -790 -322 -1417 -9 -350 -406 592 1175 461 -314 61 735 -531 1032 -278 605 302 -22 95 635 -578 -745 1122 367 299 273 737 -306 416 -652 -240 134 1021 1359 -1558 1444 1221 -808 -828 -940 583 -1025 -1392 1696 -1130 -472 -18 -1497 -458 1757 197 420 1832 -345 -534 327 141 82 -1068 655 -389 -1154 -808 133 787 -187 -803 -107 378 -1110 901 -515 -6 -390 -1226 296 593 316 -353 -471 716 513 -353 -743 148 -17 593 357 -1557 370 623 834 -305 397 719 -420 204 128 408 2 -1124 127 -1734 476 353 -348 146 -317 -132 -455 -615 774 -2135 -501 -461 -38 1277 -1179 -51 599 -84 -378 -263 175 -1088 160 108 -889 -630 -1525 -221 -157 -1108 -1445 -201 485 -560 -101 -748 -417 -398 1203 1897 317 -796 -205 -438 -1246 1485 -296 670 -110 -791 1009 -1339 1714 -308 835 -175 -329 -137 -1546 -710 79 -672 923 -278 -668 307 -290 361 625 -193 290 -733 429 -782 576 -551 -235 459 -755 -816 22 -738 -990 -197 394 709 404 787 -1078 -662 18 51 -445 -2020 746 226 -621 923 -2101 -1157 -467 -440 30 -54 146 -612 361 -183 413 1358 -1265 -459 402 -108 246 1678 -486 -785 -844 -810 217 1571 639 62 349 72 663 -5 -60 185 852 634 101 995 -43 -197 -219 1076 -1488 -308 -762 -429 -922 612 -29 -99 -378 -258 65 248 967 1097 317 786 -165 -717 -614 4 -157 964 -490 146 872 998 66 -568 22 390 603 -146 -833 -1070 631 -955 -149 520 411 1607 -731 -160 -538 -70 684 -16 822 50 169 69 -182 619 100 210 -582 1048 -322 -141 -1753 -1204 218 486 -1347 -445 -163 -840 579 -380 942 -864 521 -241 -646 522 -36 1518 723 -717 64 124 821 58 41 -554 702 821 306 -137 -379 834 1277 -1101 -466 225 683 157 338 711 -274 -151 -1302 -652 1054 -17 -799 1446 -1657 -353 -504 -363 -593 -825 -1252 -577 293 434 -92 483 -1383 -512 -1098 -166 939 2213 -793 -113 677 329 80 644 -642 -286 -747 -773 345 909 1050 -94 637 -990 122 -1479 -159 -260 449 632 -310 -402 287 831 
301 1979 1134 471 827 943 -425 257 1282 88 596 928 731 470 299 827 -337 815 204 335 -5 153 -532 788 1089 135 367 -440 7 1083 942 338 71 115 32 -952 807 -689 -1099 -36 -827 -178 -1462 347 1294 1681 686 720 131 688 286 -613 455 240 617 -271 150 -771 -175 -507 301 662 -1141 -1283 -635 1321 -869 950 -347 -94 189 34 -143 547 -890 1387 -845 -446 6 -719 -575 -945 -871 -116 118 -56 -397 1388 504 313 -516 309 -454 849 424 -18 1592 362 -653 407 -422 93 1247 471 246 275 -511 425 -1823 35 -536 97 707 89 193 -541 658 -94 1109 113 945 -913 1725 842 -1516 -192 195 746 1083 183 -1005 -270 -1104 -895 770 480 -93 -1417 -872 -1093 -35 8 392 -1090 -416 1216 -714 -464 534 -99 445 246 1207 1051 -133 161 91 483 -1041 -530 -759 -502 409 -31 -399 489 284 25 1018 -1088 870 1600 380 -6 1191 80 -956 348 662 35 -1088 141 -349 2272 1396 -244 591 1252 -756 182 -478 -319 512 -1182 -1743 -709 -351 -1416 -414 -487 -813 1478 -668 1971 -260 430 -85 491 512 -535 125 -147 -569 -1577 -447 -786 37 -581 979 0 151 635 -412 -1045 -687 659 413 257 -647 -330 241 -249 328 1214 937 -731 908 -101 -548 1562 -132 -607 -444 118 756 -909 760 -439 -554 -215 -443 1065 -52 253 295 -57 -322 -392 336 1251 -1238 264 577 -606 1169 1119 -659 695 -578 706 -1023 1420 -223 862 -625 -1261 115 125 -307 519 -1041 919 1872 -324 1571 -368 -652 979 -57 -586 -284 -629 885 221 -578 -311 13 573 -413 312 -1374 207 -108 433 1212 -316 -40 -527 1055 -690 1036 2915 490 2180 -887 -669 575 578 260 83 286 -457 24 31 40 19 -353 -9 -245 -108 -535 889 -367 841 -1133 1272 129 444 -567 -4 -1419 84 -1287 -1147 -1391 -426 -16 668 26 -720 -215 -297 1188 -865 -570 1058 86 907 464 -1129 -444 1315 702 -1981 -249 -997 -134 -493 -139 813 750 38 -111 195 -886 -96 441 -278 -316 897 -471 -311 99 324 -580 -988 -458 292 123 -61 -738 34 -307 145 -272 694 -663 -626 16 1292 
115 -66 100 283 1041 416 -109 -119 -142 738 791 -979 -778 -50 238 674 904 561 -384 -452 731 -1021 -418 -686 722 352 681 668 404 -564 1269 -197 521 -232 1377 -845 -1061 1639 563 1753 -290 -733 -194 -618 -88 413 783 209 531 590 362 -1034 -700 -318 -751 -279 -1245 117 -150 50 -252 -662 325 -918 676 245 -640 -494 -592 45 1238 70 666 -205 7 610 -351 -193 1018 938 -467 143 -735 1008 -87 93 -268 -209 -544 612 183 -822 -769 -1004 -1972 528 -639 -662 37 774 1972 474 -1221 577 -726 -134 -777 10 -693 176 151 -749 -973 -1029 194 471 823 449 176 328 66 -1133 1412 404 478 -1110 1253 -488 -797 480 117 82 -486 -1280 491 1503 856 270 -340 -1569 1544 -609 -703 178 539 -98 -389 2091 -1084 236 286 -44 -142 -388 -598 -659 1795 708 1335 2289 -464 -1226 -628 165 332 652 213 163 -557 -542 848 -659 -485 -883 -1484 1908 768 633 -131 941 -764 -90 -452 -217 -1334 -297 -199 -296 -843 -395 411 1331 -279 166 -742 -805 -215 -128 -1842 863 -941 284 1946 590 -76 460 862 -151 -121 -493 975 -295 -556 1220 -192 -325 649 -102 59 12 -764 1024 -1601 -301 -300 -755 -112 -685 1169 -1002 828 -168 -236 121 -322 -443 982 -863 -283 253 47 30 491 425 454 -927 -117 -14 182 1397 -606 1572 416 -286 991 781 795 -851 -3 167 616 469 -1611 -1196 -482 167 327 -45 -613 65 -422 -530 -77 -698 -40 246 110 -438 -695 963 396 524 -506 318 -759 -21 672 368 -84 751 -486 -1005 705 -719 -525 -791 473 155 136 -466 -736 -1381 1349 -201 -23 1579 33 -1036 1312 412 -716 -593 269 -420 -224 1335 684 -337 817 -1450 1107 -1656 318 448 -332 -809 411 665 -297 781 -560 1542 -633 -1555 1361 -682 -705 778 432 281 1177 -697 375 131 -1086 -193 563 787 462 317 -822 -411 207 -591 498 547 142 -256 -424 162 -136 -19 -101 1009 -383 487 -322 -204 69 -839 -1580 -722 -44 700 459 -287 -1883 958 -221 217 426 -88 1059 -1077 504 -757 -1318 620 1256 -283 -979 953 347 627 226 -153 512 138 610 -771 
-109 -416 -757 -93 -311 -222 -518 1084 847 420 270 711 765 -333 50 1342 -1040 22 -184 549 51 476 -1385 1124 1530 101 1024 -1202 92 -112 1066 -852 -1179 430 541 173 -213 793 766 155 -1672 -260 1077 230 143 516 714 -278 92 120 138 941 123 -728 60 14 -750 326 244 -679 0 -1838 -344 527 154 -811 -463 -159 -104 231 933 1037 300 -600 -146 445 145 -833 1066 -1027 997 -1128 -1207 -388 -125 670 1187 654 -508 184 1011 -1461 -659 224 -479 863 -659 114 411 -741 1274 -275 136 -8 -639 757 860 -194 -390 -8 1115 171 484 -1031 -717 -60 -1017 -1032 -743 949 -587 370 -463 315 -419 386 1124 -1751 151 671 80 85 -1008 -206 22 -196 -612 132 -1033 347 1422 266 -264 -686 1283 -651 1157 841 -252 20 -407 -349 -26 -112 298 -792 907 -702 79 -22 1420 -306 950 -456 1002 -235 -169 -291 -23 -568 100 -386 824 236 759 -1252 -529 -534 1951 -627 -1169 -662 908 -210 -414 -679 -101 -604 1992 -61 -891 732 645 -288 498 190 367 -400 -1269 711 586 1005 -436 -543 1181 847 990 156 -741 -1039 -359 1718 -1161 91 284 -1289 410 361 -501 149 255 379 1173 145 140 -11 -220 825 -432 -1642 610 1261 -373 1553 731 100 -442 -669 -90 -1834 30 471 778 1334 -610 294 -41 118 -871 -1031 -170 790 807 163 238 -159 -220 683 569 190 425 945 258 -633 1347 -1817 358 1741 946 188 418 -62 192 -243 824 -106 1099 -122 244 847 405 87 -303 -674 188 555 574 143 -196 -456 -80 461 -733 1427 773 -749 824 756 -174 411 -296 -436 -331 171 -86 -732 371 -1792 108 865 -1223 -524 -168 -878 457 853 1052 1074 -173 -899 220 -638 -1029 99 526 928 813 -413 84 312 110 104 675 741 1260 -333 498 109 296 -941 649 667 -629 -559 -681 -305 45 -899 -103 85 -200 -149 253 -19 403 40 -124 -606 1551 -1742 -1013 -305 231 -146 833 1047 758 -422 65 -403 79 536 -1021 482 -1325 316 520 158 -930 -671 -511 -565 514 -799 812 -83 -846 196 116 1353 284 919 1210 -379 -1021 -475 485 -574 -692 -748 
1037 -46 -244 -1675 -695 510 -915 786 534 140 279 358 -167 197 -171 -323 -621 101 -35 679 219 1090 -1637 321 977 1230 225 -1015 -507 -760 140 -410 1660 -266 230 -305 -801 -872 -893 -124 -36 1047 977 1599 1916 109 1378 872 -404 -100 892 -19 -87 234 -1174 -47 -291 -261 426 348 72 -1415 -748 -15 -769 683 -138 1037 -476 929 614 36 179 -202 694 415 -192 -545 18 -395 753 26 -190 -261 -179 976 -1974 202 -637 1210 828 147 357 -467 1264 2535 326 -141 463 487 -579 714 514 -474 -846 -685 657 -711 245 -371 -70 -24 545 116 493 940 -727 -187 -1026 -456 1005 -36 -318 654 386 583 826 -734 279 181 574 155 1172 -447 -542 650 -419 -971 37 783 -398 -18 1083 -605 545 -1052 444 660 -1203 -1248 -399 63 -612 -541 -268 497 499 -1125 -937 515 247 211 -1001 -609 -433 125 2376 -335 571 757 234 1131 -807 -524 -889 -622 1264 -175 104 805 -1031 -570 16 -161 900 -1200 -1047 -1088 -384 834 486 -561 361 -128 835 -88 1929 -345 585 676 69 -585 247 620 480 -82 29 660 -21 -135 297 -711 -990 799 120 184 544 -192 819 -1408 -258 -1236 469 -627 -91 -411 -100 29 282 -1771 -262 -1701 440 53 -417 636 -469 445 -396 376 25 369 1866 -659 150 -699 -648 -193 405 766 -34 -25 -48 440 -457 310 -793 -484 953 525 547 -1179 987 -809 414 502 49 469 236 -301 1032 -854 382 -146 1316 243 -493 -795 15 -582 -966 81 -1279 31 8 -509 -927 -319 -1036 683 1387 398 -871 239 -796 490 1485 -1520 -165 402 -241 -1245 -1598 905 -1176 -793 -1026 -91 497 -527 -338 -601 -303 -1535 573 -524 903 190 -772 -1613 -1484 -884 -339 199 198 511 118 280 942 95 341 603 1926 -116 417 55 796 -1815 137 230 740 566 -204 -91 -849 -394 23 -35 -2 -684 -449 17 -373 -325 63 -823 474 -694 463 -623 70 10 52 330 364 -293 -361 229 371 -117 690 -63 1209 491 -778 -212 883 209 389 600 -105 -690 1352 599 1053 -906 -535 10 322 -503 -1845 -279 -63 -1056 222 1129 442 759 303 -199 
1305 518 194 1057 -431 -660 329 -656 675 -728 142 1386 17 -152 185 -269 -300 5 -1238 913 -782 -583 -598 1111 250 1035 -969 200 -904 -165 557 34 18 -78 354 -110 26 -30 -940 -218 -811 -839 -71 -241 274 -330 -1493 -42 1105 800 -232 871 308 -1243 1490 591 1008 322 -776 171 1726 -409 -692 626 -1683 459 -105 350 -1080 -894 282 -326 349 3255 -695 -572 -283 497 712 -196 309 1004 -612 1000 -821 1179 -1295 801 -37 852 98 81 392 -746 170 492 1378 147 88 -795 460 144 591 46 -1339 29 174 -480 859 1551 -614 233 52 -607 1050 -534 849 -1258 -466 898 74 -603 -609 166 521 583 -102 -1490 -130 -1426 1515 -237 777 -844 517 1154 -298 -263 -361 -654 -43 -446 798 995 526 -670 382 74 547 -196 -328 596 228 48 -307 -283 831 -342 -61 398 754 -419 -1280 536 1053 1365 781 -742 -174 -801 886 -665 54 -18 -1477 440 67 -473 -1400 189 -354 727 1412 -33 447 -1629 -555 -531 275 -703 -1266 -989 -27 408 -241 788 579 -360 -1059 -151 -1970 229 1058 1487 -305 156 -68 -419 -344 234 553 1288 163 -1105 536 146 940 124 -8 -9 849 27 -213 489 203 675 775 -272 1217 980 -1000 480 -368 710 600 1781 -726 -490 -552 312 359 779 -1042 -1419 407 -42 -292 -858 -209 -714 -550 88 1130 -399 -1023 -432 1048 -1384 -893 48 121 394 -266 -810 521 -274 -111 -454 -48 905 151 933 118 -1162 -1659 -51 -677 -325 -775 -1442 -678 -1532 -800 33 -199 -1467 -330 1443 -355 736 -930 542 72 -595 -1347 223 364 323 -429 1312 54 154 -299 -304 228 -1123 795 -1076 851 -805 908 -1279 -608 1017 297 145 -1391 454 978 649 658 -261 -419 -419 -16 -648 1432 569 -592 272 -375 80 185 582 -915 -438 -373 -1014 -930 73 165 663 225 -421 -200 860 170 -56 -938 -197 1336 -1880 -623 77 -309 -790 442 -774 715 1040 -123 -53 34 -385 -277 -375 -921 -1324 360 -1103 -1659 188 313 -252 -8 111 -158 -71 652 109 -638 19 472 1032 -711 376 -415 -2 1167 -959 1052 242 -341 538 83 191 87 2 393 627 
-591 479 -921 1186 544 -891 792 754 401 -417 21 -172 -403 552 776 1406 426 740 198 -496 1149 383 276 -713 850 188 173 133 517 -2106 28 532 1126 368 -77 268 -327 767 -805 578 539 690 49 642 -561 768 -325 619 -1425 -540 -466 -271 -118 -1255 526 581 581 -51 -696 447 -471 1600 -1640 -557 -531 -727 58 -905 -813 -114 920 -93 1271 528 454 305 -440 -358 491 689 1354 1368 -334 -1222 767 731 646 -143 -888 -686 -160 -208 -134 549 1003 -472 -1379 -39 439 280 500 -804 768 309 -1412 -400 -904 -642 504 766 -122 -650 82 -868 -542 -493 -1409 -117 -1080 830 266 -1073 56 -1003 -449 -66 1398 -29 1187 -238 20 217 -940 -431 162 -532 -613 230 -606 68 1020 -1480 -871 543 -874 214 -1330 1036 -833 281 -1297 581 -479 885 -652 655 -1099 -1177 -282 661 -185 -266 -618 -192 440 1703 337 -76 250 -85 1286 602 -1366 -324 498 -555 -69 692 -431 -209 -1492 236 744 40 686 -483 -45 1042 1479 762 -125 -767 -351 -273 1286 360 1312 243 -1130 -202 141 -607 775 859 311 -935 -5 1655 -88 326 -1214 -273 271 2111 -1416 -287 -432 689 473 155 213 1613 633 -53 272 295 1599 240 825 156 1544 33 -634 1378 958 -342 232 -1330 469 -153 -991 73 774 -166 438 -670 -424 121 162 1384 183 235 768 -423 580 -301 545 389 31 54 657 1520 72 795 379 1385 729 638 -943 1174 -13 992 152 -1385 -274 -835 -427 1092 -874 659 -718 -7 -972 -20 363 -179 -81 343 21 269 272 172 -1140 -1419 -1045 -703 -191 923 202 430 1242 432 -712 -206 880 1398 1246 -333 260 536 530 -639 -800 -234 -449 -196 -292 -348 -1059 530 -503 394 -637 528 234 -112 51 192 -564 -789 -356 -288 412 -271 -1374 -142 959 545 -96 603 44 -1217 -1352 742 -920 516 -1036 168 -1890 423 787 112 -781 -574 -1690 -839 187 47 1620 -270 -329 56 82 -1218 128 -581 -11 -286 693 -493 -548 -488 -267 -939 390 -357 695 -57 -1699 1016 813 321 -911 -928 187 -1668 -977 -160 1101 -123 -182 872 603 -218 -198 -636 -555 -626 -216 965 
-612 329 -262 -151 -703 -849 -822 462 753 -418 -1799 -293 -758 300 -722 843 9 -40 -374 896 564 -978 -295 507 438 302 -750 -420 347 -306 -805 18 -821 637 1552 174 44 506 -33 -1601 -1119 -208 400 1305 1240 784 -166 657 573 -820 192 -291 116 -516 483 -1347 -71 529 1561 608 -599 -695 625 1465 15 -165 -46 729 -819 630 -460 257 -703 1737 -698 863 89 563 48 -1234 515 -94 736 166 574 -874 -101 -442 -522 1178 1394 -440 -529 1432 -90 -843 6 573 -1387 -1144 -1055 -1095 -513 -1261 72 -297 -690 -188 1313 69 -67 674 -32 391 -391 155 948 560 -259 -559 -584 544 -43 -224 -421 427 889 442 443 -79 901 -346 196 88 -799 26 282 696 -1861 -659 935 239 1066 -231 349 784 382 246 1155 644 -115 412 -668 -390 -911 -354 -110 213 -1416 840 420 -922 -387 717 -424 -17 1058 990 -344 751 -1683 -848 1035 -863 1793 -1613 507 -484 -488 -351 -157 437 62 -530 -787 -1533 -90 334 -20 1258 -762 -859 750 498 -572 -745 -16 -72 -1279 579 -472 -79 -56 -301 -37 -508 542 -694 -164 1322 -886 -372 -674 -1032 48 -509 754 -164 79 310 -1086 -428 -540 -911 976 1034 108 -830 285 -587 -50 434 446 -803 605 616 1189 489 644 -1065 -1136 673 355 16 1100 -2 25 -466 143 -1321 804 -420 -774 -548 -1181 41 -819 -175 2037 173 -1173 -1210 661 -252 -153 -706 491 -576 -323 643 -45 -642 -197 -296 -495 386 -78 616 267 -411 533 1320 931 -609 457 251 340 -329 -549 1698 -720 -255 -560 -668 -984 -964 412 1031 1096 -286 52 -218 444 -419 -740 495 -1212 651 466 -736 208 17 -895 -274 495 82 -239 -350 -45 -206 283 -863 -1360 -802 229 -480 -386 798 519 -53 -74 -628 100 993 917 1470 -989 -378 -83 223 -709 -354 744 -1138 2816 -1236 -268 -222 629 -1154 101 -566 103 -406 22 -25 -998 42 -214 -222 -950 -456 376 -2057 -364 318 8 -244 -213 -1751 -1207 -784 -923 -929 -966 -184 694 627 228 1264 -505 -1520 220 -96 294 -751 -487 741 -257 -137 1287 -735 871 -335 645 -535 51 -85 -131 -239 
755 -493 -73 -742 -525 1042 -1143 -34 1936 -1205 85 -600 1008 -549 505 408 -193 137 -50 -404 -115 196 -212 676 -3 831 -64 -148 183 765 422 -376 530 825 -948 387 -443 1343 473 314 605 -533 377 89 168 802 1186 1256 619 818 960 -548 -269 846 205 -209 928 661 -1146 704 -299 -1804 -1199 -1057 -332 306 -1150 -76 -540 -175 251 827 908 -399 366 474 37 603 -255 948 -441 -328 -1451 -600 1760 877 184 196 957 149 -9 105 -760 404 510 -906 24 -1336 -211 -178 672 1452 494 227 -442 -1144 47 828 398 171 235 -588 -246 -478 -242 -35 -182 506 -243 -263 185 485 -321 396 -723 1044 858 159 583 -492 836 1089 -867 -106 -507 759 -693 -1897 -664 -513 -607 -476 802 -104 -333 865 -1448 2198 -1306 939 -127 -11 -445 -19 -1043 -603 32 622 -3 -425 -380 -294 -741 -381 -1221 553 411 -365 -808 579 1525 424 -1120 -1175 -362 829 -73 -231 -64 936 340 602 319 -262 134 1351 15 -721 -5 -368 -628 69 -435 1431 -374 -1250 112 -1208 -396 -1527 341 62 972 -802 955 53 -265 -62 1535 803 -716 -879 -1578 595 -199 -760 -679 -133 -39 -968 -2061 272 885 -703 97 376 1451 -1298 -257 -30 474 93 165 686 566 -284 -554 -568 707 132 439 1000 330 -1276 -895 -1860 -4 -452 -1255 -493 -1152 797 1269 -731 -1594 372 410 1235 -65 -447 -888 402 -638 -501 104 -521 804 -247 -324 -964 -479 -627 1197 -101 -541 -709 1027 16 270 30 280 -93 365 -30 729 -1248 1058 -85 -339 208 1095 626 639 145 551 1000 -72 -899 447 -1 205 -1729 -498 504 1873 13 1031 -533 778 956 -171 382 923 -447 126 478 -388 907 -337 327 -508 761 -511 43 -218 -558 -940 880 -145 600 -598 -9 33 400 -282 -749 1297 -170 -213 -513 878 732 -1113 481 -759 -815 -938 116 837 -76 363 914 157 -286 602 -199 -516 -173 -512 -762 -204 599 998 345 580 98 -988 437 689 -825 869 -12 1063 -274 228 -890 -1061 -1122 1461 277 479 -447 1141 982 1214 412 -467 -378 -626 1513 1150 487 1296 182 -526 -220 63 976 818 -653 
-108 1206 -569 -333 279 -416 -774 534 532 132 937 276 846 1416 526 -1238 -1204 -522 -1062 -1135 868 371 -999 609 -60 -70 357 842 -262 139 6 39 -333 100 613 -457 842 -1671 185 396 -408 -56 2224 32 247 65 -264 405 -398 139 -746 -1008 -1520 456 -363 -28 -226 -852 527 34 -489 -26 -520 -219 -417 -243 -300 44 1676 68 -392 1641 397 -180 1246 283 -222 835 -1286 -193 266 46 754 1164 560 58 -438 158 256 -808 -228 804 1683 493 -1344 -344 -329 -165 697 -242 1124 -1108 -560 877 -247 92 1601 -978 -612 619 101 596 -434 88 -1141 -2124 -611 132 -1276 432 616 -1490 14 47 478 -1015 -1911 380 -400 -53 -125 523 -383 -666 -282 -177 478 -616 337 -232 1287 190 135 -191 9 696 870 -1427 369 -755 -957 -571 -746 -88 -7 742 633 651 419 -162 730 1731 743 625 -50 -850 31 947 340 287 -916 -201 -721 -90 23 -315 -338 -851 752 1197 -695 879 -59 -73 452 -1154 -250 406 1172 -445 -711 1163 -468 -372 987 -998 -430 -1049 757 -1271 1095 -1514 -497 -110 -459 777 -123 -725 -238 113 -82 121 -535 -421 -508 -180 -397 511 -98 167 289 551 947 -778 -1152 -7 -619 -334 -336 -811 -567 -461 -954 -177 -1284 -746 -2021 235 -531 846 -87 -1540 -194 -535 748 762 1161 766 -747 -452 572 223 -1131 148 -607 -950 -592 2025 1486 548 -280 -996 180 -425 1301 754 -371 730 -580 1211 -1204 -2040 -484 -874 688 -668 715 85 -308 -628 -1311 -681 257 -748 1380 1833 -785 -294 -1963 -36 -535 924 869 7 -619 -578 -1214 -202 283 -80 -1407 536 948 31 -980 220 -140 719 331 -2110 -165 -885 214 1467 353 -17 -811 -1359 1118 -92 758 -646 -337 -1104 -238 -895 1230 -941 -38 174 -1090 464 910 888 -551 -418 987 278 218 -582 415 2157 1573 -369 -72 -202 -359 80 -786 343 919 -1286 -1967 1578 1324 -444 -173 -5 2267 -230 103 -596 492 501 -629 205 1672 394 -144 957 246 -161 -1046 215 -793 -872 644 -366 644 -1128 723 556 -368 -1743 1426 -695 -177 397 -3084 -610 -95 524 618 -244 -508 702 306 -653 -526 -1557 
-667 132 -83 200 578 -338 608 -238 -1229 -1353 -706 542 -1611 -98 17 -1037 -421 158 933 -62 476 436 -928 -176 -96 49 -183 215 964 -642 455 -436 -772 572 -1132 79 764 -149 -1008 63 -412 535 449 -455 262 -56 514 -822 61 -235 -811 -286 -865 1085 -87 640 1135 -569 1339 -666 -1046 -34 -307 796 340 213 -462 -364 621 1572 -758 192 -484 -628 21 773 -671 341 -739 -703 -801 122 245 -1137 -660 -575 235 -39 1260 1031 1294 214 -102 41 1056 473 330 -110 -758 714 -638 715 266 232 669 -878 642 -302 44 -1750 -1142 746 -241 583 1409 -58 865 1872 499 256 -499 1130 -223 2273 -271 -1828 -1073 -825 -783 540 -461 -500 758 45 -403 -251 -63 464 936 734 -111 600 745 -1332 1506 1191 586 -370 933 433 812 -830 -613 462 308 227 -1611 1650 753 484 1308 923 -911 850 534 1672 534 703 -427 523 -903 86 -468 586 -561 758 147 -1350 -362 -785 245 44 1191 163 153 727 -254 452 -1027 -1193 -654 431 1344 1309 454 -618 -695 -398 276 2125 -582 -486 1627 -39 -32 389 -55 -555 565 -1220 28 -802 280 -737 -274 -58 966 -940 20 -572 677 -884 -185 981 726 -128 -834 111 -927 580 -868 -1186 681 685 -258 -997 147 -892 444 1412 30 -1007 157 579 -194 491 -478 283 -179 -1336 -51 -83 273 1060 -1444 -370 766 -76 698 -649 -843 -26 -878 -873 -164 619 -546 319 -801 -95 789 -433 235 1068 57 855 -6 362 -558 -1054 1291 1322 -255 -237 1304 78 -146 -13 -495 -545 -257 515 82 -153 -1555 448 -356 -248 532 -137 931 2 296 937 -59 653 -224 428 -944 -622 1084 -262 -866 182 256 -717 -43 -1474 841 1118 441 -865 -651 483 669 -174 200 -139 -521 -367 83 -857 156 990 -845 653 -1196 -643 456 -177 -251 -532 987 -217 -372 -342 -373 528 534 361 1599 302 610 1057 -245 -726 837 178 -1323 -1278 770 2403 224 564 179 -266 1282 -150 1002 -171 1154 610 693 583 807 -1312 50 1249 -1212 131 -1504 1160 -256 745 -1144 -118 -1580 269 322 -512 237 -1308 -731 -115 740 1049 188 -282 459 -1150 
-177 1148 884 -565 -773 -463 -895 156 1212 456 -903 194 20 366 -1579 -69 886 151 -842 -531 918 -540 -360 2483 143 737 296 -1017 -293 609 -628 1371 1147 1742 -147 217 -998 209 674 -344 870 283 67 990 -253 -278 -460 1144 487 811 322 528 -100 62 285 -420 -851 1733 257 -617 398 630 -11 -114 158 1592 1808 57 -665 768 116 -390 37 315 1036 289 377 972 214 -526 1072 3 -623 -915 -1384 -713 231 373 -183 1638 771 180 1551 946 -792 149 -214 -2128 -782 310 97 48 911 -1046 -612 -996 380 358 -840 -427 -1122 801 805 -182 663 -1583 653 379 -604 978 -159 848 140 133 8 -1433 -964 -250 42 -120 -273 -826 1748 570 660 457 -443 -894 312 -110 50 -46 -42 -485 790 1725 664 -288 702 1155 181 -690 -528 -931 201 35 377 -52 -1022 343 -1222 -395 -681 -708 -585 -95 1083 -237 128 561 540 -431 -604 -1094 371 -376 -162 83 -1174 -940 203 -1260 -329 120 -861 -160 -545 -678 36 411 394 -686 243 -759 60 422 -119 388 1549 -276 40 459 -173 -592 -788 1583 299 2009 -1275 -645 415 -1277 -31 200 1393 466 346 277 -817 111 -697 392 220 985 645 -609 -509 390 335 889 533 -653 352 175 -189 1644 220 -862 -986 -756 69 337 1054 530 -168 -627 567 -715 -472 622 76 285 -663 251 -522 -189 276 -99 43 316 -279 206 446 1294 709 -575 -240 -132 390 161 -983 998 -601 -281 -892 560 -178 1033 1073 33 -71 202 -144 1297 -1139 -332 -236 -774 98 709 220 281 298 -601 -203 53 -675 587 -174 -1298 -16 -985 450 -391 -659 -27 203 -759 1413 -61 50 -216 -22 59 209 -835 554 774 -279 -392 -428 -19 -689 -940 960 236 -1111 -93 1017 -101 1122 1133 361 -314 101 -434 104 -835 658 797 1108 -128 399 -731 317 1163 503 515 -771 -324 170 393 1200 362 680 -1144 765 -852 -398 536 -276 -280 34 744 104 -510 -439 570 241 407 67 770 -409 -1265 -1001 -573 19 815 249 655 458 56 -273 -114 612 -1405 -621 -110 -679 -259 -154 -707 -3 1125 -956 314 -195 -244 -1230 -479 
-120 501 -518 -251 -219 -501 -493 -1495 19 491 -893 -997 -582 -925 -1229 1149 595 -970 -68 275 932 636 626 -762 -201 1379 841 345 -650 -1868 -397 1132 643 -409 614 976 -286 -495 1003 520 143 -7 882 510 -1601 -1796 -333 138 -862 -43 -151 732 441 -379 663 -1543 405 296 722 392 669 -723 -407 -148 -874 653 379 288 410 512 584 745 -212 649 1384 1259 -129 881 -130 -1018 -171 38 -975 -1842 -704 -97 -756 930 -358 757 1302 303 1087 -203 -514 -668 675 530 716 -544 219 1234 -710 588 -418 -614 -509 -72 -413 2014 -156 482 -461 546 -133 -743 -565 -218 603 679 697 -769 235 869 58 111 -198 284 -190 -663 -981 153 -267 397 -200 -1002 1389 867 218 1414 -173 -1297 1588 -85 1056 1072 -536 -1355 76 -934 -379 -404 -1004 527 668 737 -539 77 627 103 -1355 479 -24 -1087 147 -265 748 5 -114 -507 709 156 331 -638 245 -1302 393 -214 -962 757 -187 1131 1190 1495 162 1540 -369 -79 592 -98 -77 -886 -937 -884 881 1083 1130 -1740 -41 200 -551 537 931 133 -349 111 -142 1731 705 -1403 -630 1071 -160 -45 -821 -18 -529 1844 -1020 717 1218 -765 219 -194 419 928 509 513 864 -832 73 -411 654 623 413 -320 48 -264 640 938 -401 -1093 403 -405 -204 462 430 224 325 662 -578 -630 665 296 277 -217 -364 647 -831 158 389 -1291 -12 31 507 -313 -633 377 352 -139 893 -649 176 -1244 -333 -1818 336 71 246 590 -832 268 -334 225 746 -394 -1473 621 778 -262 -158 -872 41 -589 -412 -1167 453 954 160 498 -185 631 -305 -339 -508 -359 270 -661 190 399 -193 175 -33 231 486 65 -863 896 1572 24 1301 -155 -169 -977 273 69 1168 260 800 333 343 728 -217 234 575 262 298 22 -825 275 1263 -589 -389 1 -859 -234 90 -359 -264 629 783 -645 251 -437 529 -1259 364 467 580 -1326 1419 -157 -594 -297 -629 -462 -165 -420 487 375 -100 -765 -390 180 -327 418 648 -11 -425 92 194 419 -660 -1115 -913 35 -708 277 588 62 -43 1126 -347 -1253 -351 -1670 -49 165 67 10 
-337 -216 -289 -116 -862 141 -1028 84 32 921 345 1308 -348 -410 -1109 -8 168 -886 666 1231 457 -927 -356 158 191 614 -700 -754 -590 1268 -1183 1167 -425 334 825 -144 260 -479 -561 -657 428 -205 339 -203 719 -20 125 182 78 -187 -669 -693 -42 -543 -205 740 -530 -364 -525 115 -1080 -82 -532 -312 86 -319 -514 -41 -244 262 377 -40 -126 199 -973 690 389 -546 1294 -1186 1221 -696 435 1010 -620 4 2 -425 15 1614 379 225 -381 -300 -312 597 1183 -200 -1498 703 1109 -1420 -2 -463 4 -1549 -978 733 -550 -651 1119 -790 76 -940 998 -777 -1215 -1572 -960 1151 449 484 -914 314 598 984 -791 -859 -133 403 -61 1438 155 -423 834 912 1084 135 -198 -820 -592 -483 -1449 671 825 861 371 771 391 -549 -671 357 38 -114 -1969 -32 54 723 -649 1020 -301 -605 1427 62 -560 284 -23 255 -154 201 488 398 196 1472 -30 -362 -1633 -141 -356 829 -795 432 -898 -702 684 -1099 774 -863 -658 457 1186 2331 957 760 186 142 -731 -1016 -527 -402 2349 1554 -1198 536 861 563 708 195 -795 626 -902 1299 599 -927 1036 -459 -824 220 318 -754 -136 6 -1414 42 66 -413 1083 896 -495 -1675 120 -1193 -757 303 -786 515 996 -244 2014 133 523 -587 -804 653 607 743 935 -245 -683 773 -474 271 -177 -478 188 19 -705 23 354 -50 -121 1439 135 -1029 983 -1161 110 77 1608 -656 1429 67 666 -169 508 537 931 182 396 581 -1060 1124 -558 43 -1071 -404 -410 984 -871 -576 -467 126 -737 809 1257 -66 -453 161 -1183 1712 -83 -513 -139 -300 37 -1597 1095 1027 588 268 -30 -605 -1742 -353 433 -694 -60 -516 155 43 934 -965 -1298 -782 166 102 567 186 -722 -668 880 443 -181 990 1387 -62 269 54 -404 -475 -432 193 1207 -781 505 102 706 803 173 -338 -1443 1489 381 636 523 -480 -382 -1180 548 -798 -1587 -1311 1443 717 -293 -93 635 525 313 -359 -259 64 -1000 1345 880 89 961 68 376 584 -114 683 -178 711 682 -373 -49 -103 1111 -1496 -747 547 1252 466 -545 -100 795 -151 -465 -1283 
-36 1026 263 332 -235 -1207 745 241 324 -249 605 -1347 -958 901 781 622 -1438 207 209 -686 208 -1188 -283 33 198 -609 -269 -586 227 -927 -76 -462 -738 -1036 499 -837 647 136 512 -345 206 -262 -326 425 499 329 -53 -1221 692 -56 337 -509 -1121 651 641 924 -243 577 21 -242 -827 1338 -757 139 -1345 -114 320 227 1520 873 -1342 99 7 232 1399 904 158 456 -281 906 48 -1255 515 -263 -431 595 -63 437 260 895 -754 292 224 864 1504 -258 -614 -146 510 -1045 -177 -201 -912 -140 -294 -105 -1070 39 939 -1125 -116 117 175 103 -401 -1418 -146 957 -891 103 985 -835 -44 686 -668 -976 -635 -635 1022 174 -185 -199 515 -328 880 543 541 -1468 -1238 -405 -1152 -812 477 -730 -277 1751 -405 -447 1075 559 1053 -59 1084 552 -52 -851 441 461 -29 105 -643 -1206 324 -1419 -154 367 81 239 626 429 -345 778 -280 -1665 457 563 73 742 323 584 -733 -187 839 88 -768 -284 -423 268 79 11 810 160 1778 115 -461 -281 809 838 -45 741 -522 260 -703 -104 -1317 645 -6 302 220 -72 509 -273 -277 -934 -709 369 450 -621 487 797 1145 -1290 -565 -1340 821 -405 -303 1206 1465 -105 -118 158 -161 1047 218 -35 1468 -263 -546 -769 -937 -1395 -589 -450 460 -561 1601 1250 902 296 767 -903 -139 828 723 1035 884 476 1213 1113 -1403 310 -1065 -23 461 610 -1143 -256 -403 -839 680 -591 -1420 -619 -433 144 -1202 -368 214 -39 582 285 -997 19 -34 -1050 -507 457 128 -332 427 497 -558 334 -900 -1126 -503 19 -812 672 825 -668 281 -1068 -273 669 -652 -131 123 30 -53 -433 507 1171 -183 -1033 -540 418 -408 -92 -665 396 -71 129 526 1014 -711 -1080 -358 -1490 -1166 648 -151 111 -790 -899 -642 -951 -103 1369 -869 -1044 715 57 -461 454 -1295 919 101 -927 -256 -490 447 -2449 431 39 84 -587 -667 727 -1339 2315 -588 -1255 705 -1335 -598 -33 321 -934 -704 -1396 116 -434 -352 519 -686 -351 -554 -557 1818 -995 -992 937 78 -972 -1194 252 703 336 1139 -251 308 -1659 1007 -899 -110 -955 180 -314 
112 -822 641 -264 -463 -250 -773 -115 1263 555 239 -445 346 -896 174 308 993 1096 205 350 262 86 -309 -817 -1197 1924 1341 573 -47 -145 -139 -13 -376 648 513 63 404 -813 -649 -348 -632 1198 55 -725 373 84 176 874 609 -987 1038 -1083 -369 -503 235 -641 -788 1586 -68 384 -147 -63 88 -672 -519 239 -1001 -482 -738 -1240 -802 641 639 984 -1738 -136 -693 393 540 -1056 -1543 111 -114 -554 1206 -193 44 34 675 -267 441 266 1843 -321 740 725 -939 105 1426 -770 -1306 -5 -486 -383 1007 37 -345 265 1198 -574 -5 462 -640 629 515 -929 427 -585 536 -90 1146 198 -903 280 755 1379 -1270 -313 -540 -476 72 -57 974 584 -131 -524 -7 -752 -970 -440 -1369 -1056 26 184 -11 1121 -261 -714 674 513 992 932 1283 331 -1320 -506 1024 379 -239 -213 424 249 80 -391 -163 -924 4 -628 -159 557 281 -238 -396 -369 1025 -989 -385 -543 382 165 -766 -1448 124 -706 -895 683 -1889 810 -510 -1086 517 673 665 492 20 433 -178 -833 -615 200 46 641 -119 -48 694 688 947 -174 -819 -499 1195 712 -87 -468 -1073 -716 123 253 -904 1017 -839 1188 314 1272 -199 1004 -1600 37 -857 679 -344 64 -139 -212 -118 148 -259 877 -61 435 -745 100 -1191 689 -170 -337 -175 -647 -1315 439 142 -861 -22 370 657 886 -106 -121 1257 -182 -885 -73 -693 -550 770 759 488 411 990 -1258 215 -287 26 -832 -546 -73 258 1532 140 1326 338 -798 -971 560 1173 128 -345 1354 650 908 -1237 -11 166 -542 -159 -828 370 -212 106 15 118 17 108 464 -57 -553 156 -574 920 -846 894 850 -234 660 602 422 39 346 -136 -348 100 615 -1293 364 43 669 -961 -1090 147 -1328 281 390 293 318 865 -262 -505 -95 -260 1006 -1133 333 350 -373 135 -539 1096 3 1304 714 445 624 776 -180 -136 -449 -1292 764 -884 502 -580 781 -319 -62 -71 -126 -383 -689 -671 -398 743 -2283 -239 668 1003 836 297 -434 1392 -457 348 -61 -674 -1338 -1002 -83 531 976 -1342 440 411 435 -203 -252 -244 266 -319 -740 758 76 
-710 -656 2 -565 -343 703 831 666 1545 935 441 -643 -116 662 1646 156 692 -211 -664 -723 -94 -1629 573 -1247 278 371 -555 -981 1026 -524 -115 -54 -136 -525 1235 -132 468 565 -370 477 66 -336 -649 364 302 728 -651 383 -437 462 1110 -233 498 599 -332 -196 -1030 1155 -108 -354 -1727 417 5 -598 411 130 -635 366 923 326 -244 -337 317 1048 521 -571 701 -236 701 1276 -1257 280 -385 76 1133 -136 -907 64 -364 -37 175 -166 264 -382 -507 -1077 298 774 -1441 336 289 -124 992 -332 887 21 -108 -515 941 928 1465 -46 -813 -214 -567 585 681 -544 -121 -419 1701 -330 499 -185 -447 2656 -443 748 1040 -179 158 -132 -977 -711 -880 1211 -673 487 -272 -577 -238 -681 995 994 -141 -1652 346 -5 572 490 -1204 970 363 -188 -462 -503 -906 -998 252 -1069 1306 -419 118 1605 277 -943 728 -1075 -903 963 480 1147 529 -778 388 780 -258 -380 81 15 21 -323 508 -882 299 -828 1308 64 1199 -110 -501 -1024 -142 -8 -1758 -349 210 -349 -276 -310 503 658 -52 -903 -652 -1041 -318 680 -476 1115 -304 -863 61 -1238 -854 -1146 -358 455 -576 215 -1127 410 245 -1027 -344 362 -478 811 -392 66 -791 630 175 973 -540 2 7 817 207 1354 -1676 -497 -828 490 253 598 569 -1006 -858 463 -1404 468 -381 24 -713 1276 987 1413 -329 -236 395 -1076 127 1568 -240 1262 408 898 -480 -586 -191 217 496 -466 1115 -380 1252 -194 624 20 -199 356 617 370 539 -834 -342 934 484 766 3 800 -1129 -362 316 -1058 1364 -627 1067 -550 2278 -386 -840 -790 -301 181 -445 819 439 -516 -660 137 -2064 -808 -999 -2056 -819 -641 -721 1170 1457 799 -548 257 1221 36 -1336 453 -339 646 -209 830 -299 344 299 -779 982 -511 -878 -228 -244 18 -284 1508 23 -394 -723 -727 588 309 165 174 -898 -1835 -228 1211 -109 -67 48 461 -1060 244 323 -1148 151 -167 -654 -1521 169 93 -404 -110 570 597 1456 102 1305 -1038 558 -866 1965 -352 -645 -101 -334 561 114 45 -29 959 1052 804 -101 -96 111 931 232 -1202 450 113 
1058 1142 -276 -1131 -91 279 325 181 -219 660 -1057 -387 -96 -1 95 -1806 -657 -225 202 -1133 1116 -464 -838 -195 -409 -702 231 581 1054 -134 225 1117 -1206 119 -177 1289 -66 336 1245 865 -525 0 -209 -1373 -716 560 -362 -223 -580 -275 713 -634 642 -165 -226 -836 106 481 -688 -229 -172 16 -315 -1235 842 209 -851 17 766 -1144 28 -1423 -1685 -1042 523 -507 -1315 93 -151 1817 -1095 1628 24 -166 209 1042 -286 484 -1457 255 -26 601 -1010 262 -358 -442 -67 -440 1160 -19 -337 651 348 750 -421 -361 -354 -383 502 1230 1197 218 -919 972 -380 -1084 -423 -283 -1711 -460 -710 -1013 -1307 -306 533 -666 26 -442 199 -605 1213 144 228 -290 45 304 882 -1182 -31 -15 163 -697 -598 -1205 -70 -403 344 -69 -518 -534 2467 1402 -415 -829 879 136 19 124 27 931 585 -393 114 -753 344 -774 400 819 990 -362 -384 -255 -419 1111 1632 182 -101 383 -478 701 -932 -1272 -1012 -299 181 605 -1354 405 -1032 159 1274 -511 625 -429 216 392 491 -1182 -1069 -1227 238 -30 -109 109 1007 -3 -1129 173 -1217 380 401 -599 540 1533 1435 266 187 227 151 -1500 -168 361 -613 -818 -634 1245 168 -958 -397 -798 -271 834 262 -404 1595 889 970 -379 28 417 -82 -772 168 -300 991 176 -39 534 1 2237 1200 -650 993 -543 283 742 -843 -569 -156 -419 588 225 365 706 -37 -499 801 -952 821 205 -488 672 -729 817 -316 -299 564 -901 -171 -313 -1253 492 1186 -706 -48 -75 448 -1185 18 -564 -460 -993 21 549 -797 -569 557 -696 -1431 -811 107 -58 15 -722 -116 1684 -412 762 388 458 -443 -787 -27 571 -641 -484 1745 9 -809 402 1115 -859 140 -417 -275 -731 396 239 -755 441 -362 -592 945 -240 751 -439 -193 56 291 -139 -132 115 -257 -1203 133 -557 402 105 -1240 -1795 196 -980 208 74 -943 596 878 -2246 394 38 319 -703 -334 597 -176 -770 -98 715 749 24 312 1155 155 431 -969 1409 -469 775 -8 1328 251 1012 855 -44 -1691 62 -616 -509 -579 -268 -887 -569 -1922 1143 19 -1310 416 -179 -347 1514 
-1361 446 -362 -181 986 1020 -444 -328 -946 -92 1036 538 1708 223 673 83 -384 235 360 -547 652 -450 -93 -1085 -191 -677 -117 45 1421 -1526 221 -486 -466 -249 -450 484 935 814 1033 1127 -14 346 506 -179 533 -820 85 -480 -931 -1529 -140 930 -389 -343 91 1527 -1312 89 -863 -11 1431 806 1225 328 1144 -203 -1085 425 -760 -198 151 584 -58 -594 -67 239 -1611 -448 517 -940 293 -378 141 -858 -160 478 1069 -809 -270 187 -1045 -279 -447 1065 -311 1654 517 -94 646 30 367 -301 -1037 -1339 1367 274 -1337 -1047 306 -506 469 -393 1046 168 -1079 1330 694 1016 695 1395 21 -254 -447 -456 -273 -1396 -498 -520 52 166 -1220 -833 176 517 966 389 972 -816 -808 -614 765 -164 -429 1022 900 298 -104 1202 880 252 20 709 260 -139 1271 -86 -659 317 -593 638 1329 -581 -213 1164 1782 682 760 202 -543 -902 271 -1110 22 -638 349 -1309 1146 292 870 884 135 -107 -438 -992 -525 29 984 -489 -448 -1030 818 643 -238 381 19 -104 -130 665 -68 269 738 312 -814 445 -136 -267 129 301 514 -402 1253 -29 -208 560 -280 -1350 265 -1035 -417 900 -92 177 -61 300 -1240 -944 -459 -231 -988 -172 544 425 1922 594 1247 -540 -447 -470 -601 -1361 -101 368 -201 445 -1125 523 74 -1501 -69 -243 151 88 -981 1308 567 -229 130 245 -179 712 177 63 179 686 816 -564 -625 320 -705 -741 -233 -893 1293 532 301 -548 -94 370 -144 -341 90 -17 607 623 -820 -645 559 -920 -10 -1140 -1004 104 -834 699 -1257 372 36 1144 -1352 -637 587 1345 447 -1058 54 -1861 -693 776 -424 -254 1530 1477 -760 27 563 -1283 -522 -1076 -924 843 1177 -308 939 -633 505 627 238 -953 248 977 574 150 -554 -1036 -549 1000 -439 293 1196 -378 -817 -367 351 840 -888 775 -39 -244 487 -1511 -664 -510 930 996 239 608 1035 52 -496 -98 363 -541 481 638 -925 -972 780 -1232 1331 -417 -576 583 101 -851 -465 -1187 -455 -786 -730 686 375 -543 144 757 -382 675 299 301 1367 -161 -66 145 232 657 768 102 983 1002 -415 727 
-1166 -66 212 295 -786 552 -1114 174 -543 489 -325 1007 -1049 -805 215 1061 706 343 -450 -730 730 1211 -322 3 267 -771 -626 625 885 490 -432 -467 -546 -577 -707 -915 -1107 -924 -30 954 571 344 1634 889 -16 94 -538 2088 -1771 -304 -391 -67 -1296 665 -397 361 300 -575 435 1646 -104 -482 -105 -623 200 594 -572 413 34 -785 431 2062 -1024 -594 538 -1087 114 441 -750 -460 -335 -57 73 595 -190 -435 5 980 -411 118 365 96 638 -614 539 450 -1327 1435 -498 -963 793 48 -993 -216 -362 985 -251 372 21 -1445 -484 348 -1255 -946 608 -1288 444 636 -1070 1116 -234 948 -278 424 -377 731 -1096 -268 -787 -231 289 -387 -589 -333 -374 -270 857 58 -49 -1009 986 445 -40 -884 718 1478 478 722 -770 196 -856 -240 -493 474 -1351 416 -155 431 -203 11 -7 -147 -433 -194 543 144 207 131 241 1038 689 -895 85 -509 -408 -538 559 403 -470 528 845 870 209 168 596 -446 -1242 -110 1705 914 -1219 764 225 103 -444 -464 -986 492 18 81 -451 -510 1745 -619 -143 -72 879 -594 -247 -654 -480 -83 -1355 52 386 497 586 -1046 -250 467 509 34 549 1333 349 -11 -484 -1230 -865 -94 14 -1000 208 92 2397 -217 580 1273 -1351 443 -1232 -1132 652 385 -127 -131 157 -778 66 513 885 34 -272 -171 -349 -504 765 621 105 260 -1237 110 -686 528 183 1093 -717 1436 -2084 -34 997 -1322 205 -226 556 -797 -560 -599 1175 368 260 -546 1156 -39 -112 1266 258 -682 -1013 -141 724 435 456 -1124 -2 -475 556 566 20 205 -91 -1103 -632 88 -692 1066 -26 -125 323 -348 1377 873 -485 859 -137 -314 512 -425 439 -366 1079 -77 -111 -1334 983 -551 398 736 121 652 1087 66 -409 -1663 -12 434 669 1053 761 -591 256 567 466 -15 -116 -240 -514 -93 138 -910 439 408 -778 43 945 1982 -222 734 -994 867 -159 29 382 1528 -2145 -180 487 -600 -604 -18 171 -89 -640 1383 340 -1377 -74 -783 674 -496 568 553 885 162 325 -31 -433 -627 483 833 -520 255 -383 -535 1437 1004 1048 -344 -242 -1549 
-1057 -276 16 -665 1314 1232 -38 -241 -413 -889 952 2413 1171 -645 466 372 -32 621 116 1282 263 180 553 695 -888 -561 590 -906 705 -1036 26 491 1795 1397 -388 318 -252 893 -76 -1205 2036 -503 521 -795 -580 -166 -85 -567 -387 -466 231 14 -1401 -377 -670 -545 997 -1649 204 61 1091 -1294 532 -299 432 178 -490 -622 -109 86 -554 -931 -836 1064 -286 -861 509 -52 451 -373 -1394 360 -513 205 315 -808 -422 872 -1570 -434 -553 -437 -1054 -576 1560 -1164 472 361 763 612 -1267 1391 614 -264 -1064 -306 1412 -1175 512 -82 636 -520 -512 340 745 -173 -1416 -743 402 -560 592 -335 -680 -353 -54 234 564 -159 -322 -276 -828 386 -141 1472 115 -624 -711 532 -327 543 -622 -194 -586 -338 -51 -1458 220 817 380 -1328 -318 -846 493 574 -1179 268 736 -694 550 643 791 -71 406 391 850 -1162 -263 6 -160 -517 -943 -130 -409 1507 -800 -319 830 282 362 -465 -1410 -95 936 -1443 1286 -48 -352 -1371 607 -546 -309 -323 166 553 77 1161 1541 487 -1428 506 603 31 -911 -4 1557 -1082 -1754 -643 479 1604 -118 -1087 -307 -422 622 -1126 -352 543 227 650 -1546 985 573 158 -1151 445 -513 -743 302 -926 -752 -859 -1847 -929 -303 -715 -1637 -292 663 1159 594 1064 1116 -652 -610 398 -906 316 -328 593 -2121 -595 1382 -269 253 -155 473 592 217 -418 162 244 1176 -587 4 557 1792 411 -378 305 -73 776 321 -44 1730 -795 -1359 -262 -723 -63 416 -488 -486 -349 564 -780 -911 -572 -386 -1340 496 -409 -412 -172 -717 1245 1013 337 157 -58 1148 -33 345 601 -854 -946 -82 -196 -527 724 -1274 -1066 632 -1983 -574 -199 -423 996 -1187 35 -426 1304 36 -1100 781 914 -819 -107 695 131 294 -639 -482 -68 -291 -885 -12 -518 -581 -748 -357 132 -470 -945 -430 -767 -304 -169 760 -42 -21 -250 -512 -201 929 649 479 185 839 -319 470 612 352 -328 464 -319 -461 356 844 1204 1153 -366 1438 253 987 1916 -216 -1113 1159 -157 -122 -548 -98 277 -589 68 -543 674 471 -150 124 1197 -102 214 -343 99 307 572 1338 1822 
250 -53 -891 -1572 871 111 -699 -496 692 -291 -519 810 1135 1041 67 146 110 -1061 -510 264 134 -637 -286 1362 -1412 527 1645 9 93 1380 180 -131 565 -38 -908 627 409 -853 435 -1801 710 -258 632 -154 683 505 1672 70 -1175 -909 1115 -857 -84 -743 -241 -1018 167 -424 246 185 1314 -816 -447 -449 412 344 1190 -707 479 580 -185 46 -580 -990 -317 1010 -217 -132 106 -947 -69 566 -343 -396 -846 -1666 528 -712 -1127 360 1585 -791 1040 -1158 -456 321 133 -500 -72 1062 -1081 -347 -14 62 1086 672 1713 1473 281 916 -592 -850 -149 1436 253 572 -1418 -1331 323 386 -385 206 3 1707 241 -703 1031 -1611 -656 -1450 -406 -787 6 -988 345 148 811 -1547 -910 -1182 -291 406 286 273 -402 621 -1460 511 676 497 951 391 -131 2067 257 -375 1672 1515 -532 304 934 158 620 1079 -843 -843 113 -62 -513 229 453 120 -59 446 -34 -1627 -476 1113 -983 -88 443 -519 -58 300 213 346 -337 -72 -408 463 1078 -1881 -591 758 53 -888 2237 264 268 36 751 623 -397 1040 1043 75 -37 360 -345 140 209 -187 -793 -230 263 -1152 -145 -587 -847 60 -1165 -151 -539 -393 488 16 -275 -10 794 200 168 -520 -393 661 -576 463 211 -400 -712 -593 707 1182 -157 -181 1311 -911 460 613 -442 -58 -842 -419 398 518 440 1477 682 -1015 -442 -559 207 -18 -270 122 799 -1563 -280 -810 1397 710 -614 670 34 -245 -413 -1164 360 -1319 -294 -359 -97 1529 1332 -162 1553 -1060 135 8 99 1159 -82 -810 1740 -1503 1027 -938 -513 690 -1155 409 -1008 -741 525 273 -17 -824 -192 -1326 514 488 1204 67 -1732 -946 -277 -286 -75 -132 404 181 197 329 -1099 586 -289 -161 -332 280 988 629 -910 47 212 428 1072 8 -197 -977 1349 -649 -62 -13 -1063 -518 -169 216 134 683 -91 -432 309 81 819 -730 209 -89 255 -850 176 -391 -133 -1068 -469 -625 475 -1155 577 -1809 -1050 -646 -176 949 809 71 766 875 -320 52 316 -184 -744 -205 -497 1088 -584 -106 -138 -1060 -794 -911 462 -201 -649 -75 -259 -323 311 126 -626 802 
-922 227 293 -322 -598 79 -24 -630 216 1546 623 744 -301 -33 -88 1148 -262 401 440 415 90 -687 -1087 234 205 665 -72 1293 -569 -1073 -82 656 160 1261 1172 160 -1199 -319 141 -1025 357 -755 778 940 -1901 -296 -846 -334 -367 25 579 1077 -1039 1717 -1991 -750 378 -1163 863 -112 -587 -463 -945 -120 -687 335 -322 328 -249 630 18 6 1 -591 659 69 -948 752 -1014 -1516 -718 586 24 1493 1031 -465 -261 -1305 -546 538 -9 1479 338 329 708 -817 -653 -615 -850 183 -742 -271 79 43 1233 919 -385 -91 100 809 456 101 1510 180 -333 -1276 1317 203 -142 870 482 210 15 -342 779 467 443 -879 -971 414 62 1031 184 -306 196 -1028 535 902 1684 -309 707 -804 52 -1146 -370 1356 1148 319 -894 -220 -485 -400 -1069 -430 431 -784 179 -95 -630 1063 -867 597 -954 452 106 1108 -1188 -306 -122 -218 -887 81 -1203 129 -86 422 5 91 -250 -1119 -27 985 665 748 841 -1052 535 860 177 244 -441 -101 129 247 123 187 818 -210 1364 -256 1198 -179 -754 15 548 -1418 -678 -850 -1270 -425 1656 -196 558 407 -35 201 324 -1628 141 -371 476 -1446 152 263 -372 1060 -141 609 86 -364 -842 123 -699 763 -721 706 434 -285 643 1181 -1177 -1824 -205 -293 242 -676 508 -1790 410 812 1273 -1054 119 1084 -576 412 616 -392 -97 -320 -136 506 -861 547 322 93 66 -568 92 -1131 -1040 397 454 -887 -274 589 805 275 705 -538 958 -599 -291 1266 -378 1100 837 -1980 127 -912 -800 417 560 -1743 -366 63 186 170 70 999 857 182 29 -985 47 666 -433 -139 642 184 1445 175 -2127 -482 -1059 -381 -555 513 372 -263 -927 -853 -823 -531 -424 -201 569 -592 501 247 229 1725 -938 514 109 -136 320 127 -129 170 -261 688 247 -356 -1528 1260 -1048 -881 58 -556 797 1363 -675 -686 -462 -72 -88 430 49 1311 -835 -122 94 501 -35 591 797 647 1105 -626 -655 -75 -934 1207 -545 1462 -1297 398 -1004 -993 586 476 60 -1054 15 132 -563 -584 66 -333 -850 1254 -1139 -307 693 -1842 1172 -369 776 -984 
-141 -268 -1068 296 24 -763 -519 529 1354 -1212 994 -35 -407 958 -1126 -158 -244 -518 160 357 16 1286 294 -636 354 -50 -601 -357 186 -446 -160 -447 353 -369 32 1508 -1017 23 767 -272 350 -125 -370 2052 848 622 1299 -657 1850 157 -758 -2439 1657 -841 557 -365 -972 389 -51 -213 1503 457 260 -802 -164 -67 874 895 265 3 383 -986 1214 -433 659 592 -182 -447 225 385 -37 -484 214 -121 -756 -999 766 -455 305 65 755 -812 -328 -461 -263 74 -446 671 13 1206 -971 -1168 67 -62 1656 -497 -7 747 492 1979 -177 -1045 299 181 703 390 108 -841 -22 -210 935 -324 -1216 -104 -1838 -691 1140 -712 407 540 -428 649 -640 -680 -862 -155 404 170 -756 -314 -875 45 307 221 -1052 -1552 573 132 -357 547 124 -3 205 -54 669 -715 -643 -460 644 -18 445 668 71 -1148 606 3 143 -577 616 127 -76 -638 538 224 -476 183 18 492 225 96 -689 -390 -1140 -718 866 -558 746 -1465 14 1286 142 -1216 -402 -253 356 150 -240 -1135 -497 83 174 -127 -202 892 600 -302 -100 379 416 577 -1696 816 -1757 239 519 -361 389 524 -3 -473 -83 -185 743 311 -1195 299 196 365 764 -1148 465 -25 -340 465 -1 -45 -257 -1146 -676 -819 1862 -262 -617 238 220 323 1052 1214 -935 -438 -458 184 -368 394 93 474 -376 -1750 491 -1228 133 -1430 -282 -1221 48 -772 1776 -797 512 276 -389 115 -452 -438 155 -434 -311 1117 -1921 726 -677 -493 713 101 444 -413 -543 389 -673 610 1114 -291 -1257 -120 1006 902 -523 -743 691 192 -291 1 227 -348 -202 -660 51 -1185 -573 -1012 795 721 -398 51 -892 -103 -569 339 604 1029 -310 -1696 -1290 952 -641 -420 -1383 -1131 -355 627 398 22 -30 255 61 287 338 -1075 674 -525 -1564 436 -601 -122 281 634 -74 -775 -519 513 -246 157 -617 -897 -2350 849 -1174 76 371 686 -125 -1509 42 -167 965 493 -1270 33 77 -1487 434 331 48 -837 460 1069 -920 757 677 812 -330 -1182 1531 516 -204 1375 1873 -826 735 815 111 -912 -523 -625 -413 -1342 108 -131 -1689 100 
-637 -395 -1124 -1302 1433 525 -485 -264 -598 149 175 -321 850 -681 -133 -85 -2003 -501 -1302 -1142 1703 742 401 347 46 -266 624 -1689 131 -148 1275 255 1156 223 995 96 869 313 -1150 -562 696 789 -218 -396 1700 46 -7 -769 -1191 1712 -297 157 603 807 -380 -1127 208 -1165 963 509 -66 253 804 447 -1603 1326 -1114 -1374 562 780 -1333 -505 774 338 -304 -328 -2551 -162 207 386 368 -267 708 957 -71 -1174 -1072 -391 -657 576 149 -225 770 129 1034 851 616 472 384 -375 -319 -38 -298 989 -154 -164 283 -979 353 -629 -188 -46 456 968 -671 344 370 -362 -233 -318 -841 851 -1351 233 430 -322 977 -1140 425 1064 673 800 851 930 735 914 -286 574 -697 -384 946 -372 -1118 283 -686 809 -1946 -177 -734 -365 -46 -716 -51 213 -834 -517 -313 585 -1427 -336 -44 214 -554 706 -900 -1320 465 -5 -513 -599 -512 -763 640 -1030 -1211 389 -242 146 137 754 -133 1068 -326 700 -1147 28 178 -179 687 -975 -1311 319 -2145 -257 410 -509 813 555 223 478 -342 403 -1327 -209 330 64 1160 345 -52 -1205 1016 -477 533 -943 717 -691 -1018 428 527 306 -659 433 138 -261 1237 1146 -455 -153 455 776 340 380 1002 254 -1181 -663 714 1457 -159 -72 555 -624 48 913 -499 360 55 -304 465 -155 -111 -178 -427 18 -315 323 -1652 1173 216 -320 -688 494 375 -1079 -241 -36 248 -722 -360 -756 110 177 142 52 -192 80 232 1104 178 -497 228 -307 -664 304 -52 994 151 -194 898 1262 586 -827 223 357 192 -60 -788 -1039 -402 -112 71 1242 408 805 1132 -436 -1081 -253 -532 -245 1051 946 758 1215 -466 -227 -399 525 661 552 -592 475 -561 1348 27 -272 -20 -264 -507 -1133 -132 -710 346 -137 429 468 -395 587 -49 35 166 631 -790 1141 -713 -182 126 -1220 319 36 736 746 607 599 1470 191 228 1831 -236 5 -544 572 818 188 -361 -307 363 894 588 907 510 -699 -236 -198 -285 -115 1591 46 1503 1503 -85 -591 248 -809 93 -355 412 9 -472 -616 16 -115 -652 961 -213 827 484 453 533 1390 
-51 36 -858 -315 -223 -249 -236 -371 -101 932 469 705 -404 716 1487 253 68 353 64 1401 558 890 -94 661 183 -102 390 774 -137 95 563 -632 806 501 618 107 43 -617 -768 -302 -684 559 323 -295 -489 -174 375 769 -1124 -25 -696 1065 182 519 -35 -1367 -62 -747 -1242 -976 -1013 281 -143 -926 551 791 -402 134 52 -435 -37 -316 1527 1048 -405 79 970 -647 -34 -66 43 579 -599 -279 1004 -117 -599 376 668 -431 -377 459 916 -414 27 619 -505 193 257 61 664 194 -144 81 -1455 -830 749 1083 171 92 986 -748 -738 -220 693 423 -58 -36 776 1138 406 1099 -138 -1221 -1142 257 -58 -187 506 520 -1024 -135 749 332 -49 385 -944 -390 -587 1281 995 647 -3 -209 940 -588 589 326 184 723 -1547 26 -1436 -172 2906 184 1067 369 -26 -1645 338 1075 225 -1059 -1859 673 190 169 473 133 877 -80 541 -1499 1709 -1579 1478 -203 -637 -310 -1163 -20 -165 996 237 467 -283 -43 -648 -370 376 309 -362 143 1882 0 97 1890 1278 607 -1221 -31 -822 116 -201 -1026 -594 90 423 -40 -376 250 -543 -20 -249 277 -234 -662 406 485 455 -335 6 -458 70 -1049 -302 -1506 183 -42 433 -1447 299 363 218 606 -175 556 293 993 893 690 -797 -312 622 1024 -1311 -384 -44 -89 798 -1738 550 -125 -903 210 -657 320 -536 -1284 610 -775 554 -46 324 40 -571 1719 90 -555 1523 -1048 -271 -1182 -806 474 -233 124 560 -481 -50 1367 -1037 -961 535 -191 -636 -328 292 434 -1251 1146 948 -572 294 614 723 -1347 -106 295 -1212 180 170 1263 557 -534 -405 125 177 -958 -337 -304 354 -23 501 -1299 58 1187 -499 781 -65 2513 -734 -357 -360 626 331 420 1357 762 -324 118 -91 438 -1626 30 746 463 59 -861 982 628 -38 71 -18 -631 54 -383 -1654 -415 -683 -1453 -271 -648 280 -22 -923 937 1443 -326 1772 308 -702 1687 122 -585 677 -987 323 -213 521 220 407 161 1906 781 1023 164 271 -515 -97 137 299 451 116 -94 631 -443 687 234 -195 -86 -328 -285 2405 1358 -778 96 -270 268 
-239 -3 -525 -291 27 7 215 287 -1255 -157 277 -389 -1119 -1074 974 1095 85 -1731 -353 -839 -185 -2100 216 -15 -928 -106 -1111 -765 -554 527 -178 1014 667 80 -480 -1651 24 138 173 -1115 -836 77 -946 1183 550 -1103 691 206 526 248 396 1101 1135 1367 237 604 979 1002 1594 -227 1228 1294 962 -631 596 -8 48 -70 1323 -1007 -580 -21 149 -505 242 9 -221 -348 92 68 -539 53 1349 -224 47 746 618 -802 893 -761 1039 180 400 540 -708 -600 -310 792 29 -1213 -297 790 -1112 17 -274 357 -805 296 699 -40 918 1637 -602 246 -1190 1126 405 597 -437 -175 -422 1186 507 -51 1305 -168 1137 509 -1023 -557 59 332 764 889 -1015 -592 128 182 98 1419 840 1396 1266 -405 -409 -1192 1290 -69 1524 -114 406 1532 291 360 721 1664 -846 -940 46 729 520 -617 -786 209 -112 92 187 -670 -443 -1712 199 18 -819 663 -109 802 -293 97 525 59 -414 -357 -222 -413 -564 192 460 -556 30 846 552 -973 1189 -599 -231 -1253 -504 -318 -367 931 -914 501 929 997 -1142 -342 -64 -899 -56 8 -591 -137 -911 -694 -194 -1242 588 585 594 -1820 -423 -430 -521 -60 1081 287 573 605 -339 421 566 -97 504 354 865 628 -790 -826 -401 -375 692 -17 387 831 489 -240 1095 -191 680 -632 1498 -135 -205 1102 60 -57 -417 -192 1172 -140 374 181 -435 221 -1037 -267 -737 -134 -1218 -453 626 340 0 1329 336 598 -79 764 172 402 792 94 -166 1152 75 902 343 -377 -502 315 -1360 690 657 243 518 497 -1006 359 -541 -723 -770 -759 473 -672 771 -635 54 -622 428 1927 1372 801 381 1601 -460 162 -33 -25 -148 228 -123 699 273 843 568 278 -176 -258 -1255 998 41 -448 -1228 -210 -733 794 -290 40 691 821 -898 163 -1118 1002 -852 284 -885 3 1002 346 -140 1137 249 34 315 -711 -6 524 -863 -861 -317 -6 -1035 365 -44 988 131 -299 187 -1025 34 -541 1148 -343 752 1120 392 -675 -1022 155 -109 1138 29 2034 -423 903 -587 528 231 1060 2212 -712 -990 -714 -1131 -353 -1451 -460 -781 -30 
-609 -1195 267 138 743 -19 -713 -327 -226 80 -780 283 -15 260 1446 -403 -445 -371 937 -155 -683 -966 -402 -1075 61 -575 55 -1010 905 -90 395 763 108 627 12 468 -265 171 -530 -562 304 -838 -731 -5 -168 -413 89 996 1326 1015 -453 -729 637 -670 -105 62 861 280 762 463 -840 -490 -732 -265 706 1451 -689 269 535 330 402 -728 805 517 -1684 509 -847 -212 -781 1182 -561 -1422 -1532 12 -120 -865 -791 635 -6 186 -606 463 175 1859 1161 545 -6 494 -1461 187 205 597 1261 548 95 -375 115 672 -465 604 322 -877 1224 -430 -335 -735 1016 -534 478 -1065 -486 734 111 -388 -29 -39 132 834 272 -878 334 507 118 -471 1169 -970 297 -158 -460 -75 359 -861 936 653 351 -1171 -775 795 954 419 -439 -352 -485 -890 -98 1210 -567 -380 478 -339 29 169 -877 -201 281 1032 111 57 149 -837 -930 1975 1580 458 1439 296 1644 -671 -425 299 -1223 -1068 -149 -74 2154 -621 713 -213 -137 472 -529 -945 141 -358 1273 -1158 1269 336 1543 195 626 -158 -477 424 315 2438 -42 203 -319 -391 -38 416 344 206 151 231 -35 -1031 -1259 -824 -194 69 -346 -756 -23 -1246 332 -104 -619 438 561 -1076 585 523 -310 487 -1728 -805 1005 -373 -165 195 224 515 -292 -515 1109 -241 -882 -391 933 -110 -596 594 -790 -365 -59 -625 256 1052 583 38 458 -232 851 126 -104 536 1190 1016 291 1003 -501 351 660 80 1906 -1912 1106 473 179 -265 104 -446 1372 -114 319 -366 33 1460 -124 -322 421 -111 479 71 -368 175 829 -285 -1999 261 -705 -363 867 -242 -113 -754 -700 881 -703 560 838 149 495 -774 -450 40 -106 182 1935 -435 -1751 823 -679 -377 -611 673 112 -1488 357 -245 297 509 -227 904 140 105 919 -1009 -1327 -891 -768 1137 515 566 -972 -1723 160 920 -864 -779 1579 -974 -153 -1133 -1121 -1035 -340 -804 518 -15 434 -458 -753 597 -485 -1581 -621 -451 -729 -481 -565 567 658 -672 1171 -10 1360 -1076 736 487 -1168 -190 -29 -306 -828 225 -229 535 933 830 1243 -284 -128 953 528 -1040 80 -871 
1285 -745 349 -348 522 -407 -424 -1045 1402 -853 231 1272 -91 377 862 1311 -443 -2 240 857 1902 -337 -724 65 -373 1263 199 163 895 -471 -221 364 -448 404 193 14 -494 617 -550 -218 -1314 -179 -702 -988 482 -1007 -68 63 -243 433 -318 284 -305 -1349 -158 240 349 -1364 -567 212 995 508 -323 -21 1127 593 -101 -1320 632 714 -155 -244 447 -407 -788 -1408 -446 1053 -2429 332 690 -112 1043 332 -222 -308 1158 50 -879 -259 -846 -156 450 317 70 184 -156 -883 -797 -352 -121 -106 149 918 -1042 -384 -424 -217 -437 1043 1115 247 1200 -783 -611 703 -375 -211 930 1810 -472 -602 -993 -1392 22 -1035 -821 -791 712 -383 564 264 290 262 -140 -549 -70 -2104 -801 -260 547 -121 -722 -153 1140 745 -399 13 607 -240 -593 45 -115 -66 402 816 2075 -908 -773 93 -886 -269 543 -266 65 -29 -1536 54 413 -80 -70 -108 -5 -1623 -620 -314 -16 290 -1765 -297 -558 376 400 654 -1750 -1078 598 20 2087 -154 1076 -1433 -368 725 -1532 -187 -311 1545 -266 309 1017 1203 1156 -336 548 -684 691 304 -911 -758 1059 954 1087 599 46 1185 -565 269 1661 1223 -993 -313 113 -1308 -264 -856 1558 -503 -26 -11 -57 -742 181 -539 338 874 1198 625 453 -470 -488 -137 483 727 218 -2327 624 -162 752 512 6 192 953 -414 -3 513 -175 842 -1350 -69 -1225 808 834 -793 -271 247 315 489 -417 172 -798 448 -2376 124 675 -694 -1204 797 355 1023 349 594 -431 -374 1377 -173 115 464 677 -577 -953 -126 299 -1207 -75 1682 629 -501 813 373 -881 6 -820 -312 -1352 217 -1490 -216 -444 -1121 -41 145 -466 41 -893 -823 -644 825 -1371 -594 782 872 -1704 -310 0 889 -581 -856 635 472 312 -606 116 346 -680 -250 68 -472 -734 476 -183 -82 -875 -57 -366 -307 -1428 681 576 167 -289 -466 633 294 -197 -988 -32 574 2001 511 101 -754 187 -2053 434 -303 -255 -1047 -588 -544 -1715 455 -514 -272 -533 720 235 -18 -1009 -208 -137 -143 -623 -446 -49 983 -17 520 -96 -1171 182 102 366 1229 618 -818 -1153 -230 445 1196 
853 -720 -55 -1297 548 816 -494 98 -687 1098 -135 -384 -1202 187 285 -748 -13 -86 -658 411 -2058 36 -325 254 343 -874 228 -428 280 -782 297 1603 -233 -1910 241 439 647 1215 -436 1840 -857 283 742 -981 429 -579 -949 357 -958 997 108 695 870 1334 479 -96 -357 656 -341 344 1823 32 351 1019 -627 -651 -744 -293 567 -456 -181 286 -250 -1884 -362 -279 -373 193 -307 -45 -232 176 901 532 298 -861 375 833 214 951 -626 757 -347 -60 1149 -1898 -815 537 -354 -1324 1199 141 887 463 -372 144 481 242 453 314 24 -491 1160 -687 13 -192 -5 -1081 705 -904 -755 593 -115 -745 -138 -614 451 1058 217 1424 -207 1295 -648 -52 -490 -273 372 -365 846 149 -717 282 -369 -694 -460 648 -214 -6 205 -898 -258 418 -199 -91 -522 711 1492 560 -76 651 660 1521 -1143 734 -1083 1539 -93 1128 573 -332 334 1141 -440 -481 550 89 374 -154 807 -132 291 -58 486 -932 1353 -300 976 249 19 -403 -432 -1290 -1793 338 203 -653 694 -942 -278 -574 634 888 -754 -1120 883 169 -637 -588 -761 -968 -334 -528 543 -762 -277 437 -549 -251 358 -663 652 203 72 258 1036 -388 649 -386 636 596 -44 877 -101 -331 562 -376 268 434 -259 122 1271 -163 175 -199 -319 550 -118 520 -552 -58 113 -418 -109 -604 391 -1039 445 693 -85 216 -136 1469 331 200 611 -135 -469 381 -631 -644 -403 154 842 -488 -61 -153 215 -1694 803 -611 1425 218 -903 567 1117 -1094 -196 74 159 -862 1075 -841 853 478 160 1043 -105 101 -709 -608 620 774 -735 348 1348 146 1549 -873 127 698 150 -755 1063 -520 555 198 -141 -539 -32 132 433 -399 979 778 1709 -919 -466 633 554 -989 -219 -885 183 -869 100 1330 32 357 -530 -1232 -606 -597 -633 -218 704 -1372 250 -289 -370 1359 -1059 -543 293 -881 -405 -806 574 -173 663 -119 -931 14 484 385 -855 511 580 999 1132 8 -213 -553 501 -180 -942 -1001 1021 724 1534 95 981 -590 -414 -466 -913 1336 -649 518 -876 -893 -97 -906 131 496 -244 691 -516 621 552 -549 
1023 41 -769 153 -478 -98 -249 1033 -214 316 -863 71 -823 412 3 546 -252 -372 -70 -657 598 -184 948 612 55 -549 618 834 -370 653 -251 136 -313 -107 239 861 537 -1438 -742 -810 -1254 938 289 813 -445 40 99 253 -707 355 256 727 1231 1019 194 -168 365 771 -394 -1654 -1897 -52 347 125 143 495 1377 -1603 14 -608 132 576 -301 -843 365 54 284 -961 503 399 -572 -903 664 1351 229 -338 -139 -179 -280 543 -51 865 -292 -89 569 989 790 -520 -351 -556 -402 765 662 918 -796 -703 1429 -429 447 53 -395 64 -223 844 -428 -463 -488 -58 -215 305 430 270 1449 50 -948 -744 733 509 982 -258 911 -284 497 1567 -82 -83 1046 4 95 -831 592 -322 -478 -1839 63 -1521 293 -210 776 119 -113 859 -14 -1034 -1083 610 1181 285 -178 752 212 729 -336 -771 1240 371 -476 -252 -840 535 749 322 -8 25 -915 -117 -1476 651 -490 58 952 332 -2318 851 1906 37 -723 809 199 672 -667 -70 586 472 -395 -181 1539 -1170 78 512 -775 678 51 -325 -442 470 26 669 181 -2187 554 1364 475 -1057 -158 -236 -1402 1010 -901 366 148 -51 774 -1247 1254 294 169 249 -512 921 -1077 -148 -427 295 -689 -361 -30 1097 381 -391 450 418 1173 -554 1541 282 -861 289 68 -33 870 -701 -324 328 6 572 159 450 -42 -179 -596 404 -227 -738 514 -967 486 1454 -646 -843 1971 23 326 439 559 -1022 -1251 869 -196 332 -274 87 -299 -429 1498 81 -485 366 -1194 181 2 -1107 691 871 -798 -329 1440 504 298 -119 1273 361 -687 796 363 -258 -321 -104 -517 1383 324 -54 453 284 212 110 -1117 -291 664 654 1117 -665 -342 -261 -353 -252 -241 -521 20 951 -87 -637 285 49 141 -667 -271 273 1500 303 -762 165 -669 636 -703 -815 926 15 -714 154 -1044 2429 919 -526 1023 676 510 328 233 271 -1963 123 -121 -243 -601 412 399 -234 -824 -892 -489 -172 -402 763 -320 -221 1773 -596 763 -1349 -1952 1029 1113 290 -214 -622 268 -758 -652 141 -426 48 -2036 -223 -642 637 -945 -84 325 485 
-590 -360 -256 553 650 -81 -482 939 -1580 493 -107 -82 -193 1216 -747 -809 255 -773 105 22 -207 -16 -501 75 1257 1043 -777 397 -1133 1449 -1737 -425 528 505 -1365 416 512 554 -73 368 1045 -456 215 196 154 -817 -805 -52 527 738 -598 400 -170 1957 -412 934 221 34 695 1223 1189 661 -89 515 -752 -84 -525 590 436 -887 536 -220 -803 -215 1491 924 1685 1226 935 767 -396 523 -537 309 508 237 557 547 691 160 919 814 -559 -261 889 289 179 -519 331 231 -1986 -293 -278 -415 115 -316 168 193 320 -1369 -1085 -277 290 -296 -218 -1036 272 -1432 1019 -293 -488 -733 -42 -317 -172 745 -303 444 -384 -255 1006 -537 -1027 320 -143 901 -151 632 1412 402 -363 1101 689 -369 703 -365 -219 396 179 -388 246 -216 182 -11 -207 285 -827 -721 -959 221 278 179 -160 177 310 1295 361 -661 -1893 -631 784 86 288 664 -691 1427 774 -999 -504 -1296 524 1105 52 477 761 -13 754 175 879 318 -443 -57 630 26 -1497 737 -842 531 409 41 463 -787 838 684 -619 145 497 300 1286 1167 -441 580 -116 -385 -1101 272 158 74 829 -455 497 197 124 -1120 -433 558 464 -630 926 -825 -189 42 1393 -159 -530 481 -944 -23 111 -118 -546 -438 14 397 -970 798 787 -874 -2 568 -564 1578 1103 1381 348 1013 -564 -1384 -212 826 -22 126 -387 384 877 -807 -831 73 -563 7 970 -905 -308 -693 375 1621 176 -280 251 757 -706 -799 -223 -245 787 120 -223 31 -368 -1447 -1099 507 -583 -705 150 1372 468 375 487 565 -968 190 -503 631 -181 -1450 959 537 -616 -257 255 -541 -608 1132 -659 12 402 -123 440 -135 -685 -1564 -91 1125 470 1611 234 -130 -116 -238 -850 -31 674 457 -748 -704 1037 -248 354 178 500 -322 -355 710 233 -1472 792 -175 -773 463 -154 -440 -700 -289 -965 -394 576 -435 201 543 1322 -110 -214 636 -511 -592 -122 -1389 -495 -543 -245 549 400 -1555 829 2 411 320 533 230 1114 -1675 -784 920 590 1080 1086 -324 -2015 431 1192 894 -355 -206 -205 531 -1420 441 -442 -2032 
887 1467 -1260 -83 510 -651 1079 701 -1440 701 -181 -270 1286 64 -676 522 553 -1153 -698 1518 1892 -263 848 849 -206 -824 -90 1015 -446 171 -194 -371 -746 -979 53 756 1055 857 325 54 -565 -409 -478 -892 -107 -520 -529 -343 16 1237 -882 1017 -1487 -1083 304 499 628 1501 897 64 830 490 566 524 389 -818 -1761 1386 232 703 -70 -643 178 1211 492 -1647 1351 1369 -808 -628 1265 403 -423 77 -436 182 324 -1314 42 777 -181 1068 213 52 69 -113 438 1157 258 -374 -617 -1029 -377 338 -557 354 -222 -870 474 74 -102 -150 450 -825 -504 779 848 -87 1078 425 -1431 -906 -65 680 -213 327 -636 43 -268 0 612 242 -1621 -279 -52 310 -43 -229 -2 -680 -526 1025 -615 80 442 942 683 -719 451 -185 511 79 313 -37 1458 774 606 -336 -235 -750 -31 594 74 -371 -1607 212 -464 -394 467 -774 -1062 -872 54 153 973 -40 581 -866 367 226 252 36 179 -590 134 -920 1747 -364 -307 581 254 191 -69 1254 -172 -608 -1103 592 931 -799 1055 -341 -372 168 -244 -210 -524 1466 -770 1475 -791 255 -213 -497 492 -211 -399 -533 -568 146 256 -616 283 161 371 115 414 0 -34 907 114 1237 1153 439 79 546 -48 1036 -1208 334 -638 -555 253 -835 -657 904 1044 -214 125 154 1954 -508 -119 425 -134 82 737 -545 -407 1396 -281 1471 -305 289 -623 242 504 -998 -289 606 -688 -937 -297 -317 202 -732 -134 225 274 -1245 -932 -682 609 -881 265 60 1029 -236 -778 -1034 -1243 668 70 352 -543 -408 381 -970 133 -84 784 707 315 -809 -699 255 -739 -175 -1663 -502 319 374 -477 402 402 -746 -474 -441 -280 -214 -70 456 -31 132 606 715 -95 -2108 488 338 -611 -642 121 838 -1025 247 -153 763 -601 -1132 -1202 -246 -608 924 -480 -450 -95 -875 -841 -1264 -260 98 825 402 543 250 501 -566 829 998 -61 619 923 -349 -1314 284 1622 772 101 1289 -857 942 641 -97 -786 465 678 669 85 1033 407 -306 -1073 -848 -1326 -858 -66 -1266 264 -1170 -538 -189 -373 -96 188 231 383 -357 -573 -491 
-1193 -475 -214 53 226 220 -306 -59 1081 782 1192 329 -926 268 -466 258 681 -839 191 342 5 235 1549 -323 1262 295 -383 306 -202 242 339 -601 -1314 -30 -11 -316 -116 -64 491 70 280 -291 315 233 -677 351 287 -316 1343 212 -541 -483 -1409 -1208 509 170 -155 755 -410 298 94 -704 -222 -853 -867 271 -545 863 209 645 565 462 -265 -548 -581 8 -517 211 585 -185 104 263 -732 -1206 115 -600 -458 -93 9 -399 385 303 -535 1324 -1281 -371 589 -69 333 1007 -207 703 -422 484 -150 590 -281 -327 -109 -514 -462 -1140 444 -333 501 131 -501 -358 -689 240 495 -1377 -572 458 419 566 519 327 1001 -559 264 546 453 276 -536 351 -171 -839 14 -393 796 603 -871 -60 666 -819 -26 657 -1172 -276 762 1384 153 238 537 88 -1322 -402 243 468 -649 -541 717 285 -239 -872 -202 639 446 415 304 -362 211 -299 -466 -119 281 113 804 310 416 1013 646 697 171 544 -348 -321 -153 689 -474 -381 -1172 -498 -897 657 88 -458 631 -406 942 -1383 -175 285 1151 -819 288 42 593 1625 -1209 14 863 -419 1375 12 -144 275 -376 -71 -376 1597 -436 102 -114 -246 1178 208 1151 -1914 -1370 -522 -586 -169 1040 170 842 -895 533 1092 726 -345 -121 -761 1653 995 1419 524 470 218 -1276 462 1151 1437 1482 405 -760 -331 -1083 -270 146 521 674 -644 552 184 1504 1109 172 361 216 -667 -259 -1191 769 -480 264 175 -897 -795 -176 978 -319 -552 -91 -1163 -1031 1978 -726 804 764 -215 -141 380 -106 -330 -363 -872 -232 -445 -120 -693 -232 -579 -636 212 -520 349 -18 -42 1055 893 211 1208 188 146 119 166 503 696 -634 -477 -561 258 657 174 -80 -385 -616 359 -1053 -406 -90 1341 -628 -899 1032 1573 192 -97 -1050 -426 276 1028 -138 -612 -514 -469 192 -294 -394 252 -21 268 -384 1723 -284 714 -65 -368 341 -145 1193 111 -146 -984 701 -1087 1146 97 -2466 1236 119 -275 245 347 -621 243 378 1030 -236 71 700 -299 1208 383 12 -124 496 597 -576 -838 -1278 -686 -166 -309 538 912 82 1393 
-503 -1149 -602 -143 1523 258 -235 161 420 1011 -971 -347 -691 -707 144 -404 -1162 -543 -191 -1111 596 -1192 732 -450 854 -529 -406 -88 -1034 546 -853 -97 1046 -281 1954 269 -20 -1094 -133 804 275 -583 -1341 468 202 -1328 -378 -1165 -396 -769 -2231 559 -426 -28 -1047 -306 -1301 -439 908 157 -162 -295 1159 -236 499 -426 740 617 381 430 -391 516 51 29 1041 -617 -475 -222 -400 -656 449 502 425 -949 388 16 -603 -453 -348 191 835 -480 1046 -478 -1237 13 511 -395 -691 1316 54 -365 360 635 -75 -666 -519 -601 1148 -89 997 1731 325 -256 669 -186 -426 -723 -170 -342 -386 -616 -1140 2281 482 370 -698 422 -1569 -1417 317 -469 855 -798 1350 -1046 -171 -112 125 -444 82 -1087 915 586 128 319 674 318 -110 393 66 -1029 -385 -1068 1274 729 -757 -46 788 -256 -488 822 1583 -782 252 659 -182 -1555 -523 -227 -904 -23 347 1094 -409 474 1119 -682 -109 1616 1344 1324 -776 930 -850 -745 1164 472 -137 255 1362 1170 -133 -312 11 -1131 383 375 998 1162 481 692 278 550 385 227 -582 357 -1374 -623 -57 632 131 256 48 899 -872 278 -1294 113 812 -471 -1135 -854 667 -577 103 247 -1017 -706 -582 1386 -150 1294 -849 -91 -639 -601 471 -358 1069 931 -497 -435 55 583 -791 -507 177 -414 2134 901 -313 329 -765 -34 -611 260 -859 -603 -329 354 596 1078 -354 -375 -263 129 130 -175 -666 -14 -1393 555 157 -190 -236 -496 713 -1601 -559 1116 -1144 -864 -107 -50 -431 -1744 -965 122 -1167 1543 -988 -1696 -662 380 436 -305 82 -406 -438 1015 601 250 8 1377 147 -793 234 1088 -554 -26 -937 1170 829 1119 309 -583 804 1586 1065 449 -1047 754 -859 250 -462 -303 -887 299 994 1246 -455 405 81 740 -249 -685 806 -997 -315 459 -181 -320 -746 432 218 -218 -224 -370 -141 417 -28 -2288 294 39 -343 -428 583 1115 -820 -1268 -1108 -161 -40 -675 815 -704 133 -221 -1550 1090 -647 -131 -1424 452 -571 -1013 -247 -602 -709 -511 -64 -538 168 1060 -709 -1820 -840 -44 588 2562 505 -1557 704 -1127 755 -344 -1396 -1418 
1112 -629 959 459 1272 -367 685 532 1050 -619 1360 -24 579 886 859 226 763 1130 900 35 24 -501 -987 -985 459 1292 -798 -368 -81 5 792 209 -640 110 243 708 -460 530 75 54 213 335 800 -467 -489 842 -782 -512 -5 598 210 -924 1052 16 -244 -876 504 -87 -59 -1160 1348 -398 654 1027 130 445 -1032 646 -419 216 -484 -381 -219 -432 -10 1303 -716 -1460 -498 940 -861 -1025 493 288 537 -8 374 286 638 -368 -45 -61 -379 2379 1749 -563 -134 -211 -454 -59 -902 550 249 427 961 1182 -952 149 -35 -1085 -587 789 1617 -710 -641 -531 -54 496 252 -235 -1816 -742 -58 -139 852 -645 -34 699 257 89 -203 850 -1438 1310 482 -637 -926 118 303 -1665 764 -898 1192 -233 57 -570 -457 -123 -1532 -1090 607 -766 -607 -667 -378 85 -947 74 -79 -180 -865 -806 -445 1375 -344 1356 -943 -309 205 -1425 -569 54 5 983 -108 -993 -469 427 -355 -1771 293 -357 344 555 -42 -296 191 -213 -1243 -958 -997 550 464 13 -190 -167 703 -2055 1849 -278 -597 -50 -229 517 449 518 -1293 -110 693 -370 -10 -891 1620 -104 -278 514 382 -749 -376 26 96 1337 -604 -387 -1296 -1709 1103 94 188 1135 -600 277 -105 655 -629 -312 476 -19 271 824 -112 -539 27 513 -25 -799 799 -718 947 856 -326 -579 331 807 259 -379 -575 -849 642 1161 -1068 1590 -115 -504 503 1130 568 -1216 405 -2 105 -25 -1639 680 524 385 96 -102 792 1080 -68 1018 235 45 1031 -1314 -241 1049 -593 296 -920 -476 1373 -268 794 619 -1022 493 1459 -126 -21 998 -80 -418 -206 -523 -41 205 -1039 -603 -1720 -479 -424 -264 27 659 492 390 -509 98 888 -982 -289 -1021 -1151 288 -549 362 -76 -576 -1343 1132 137 -496 -901 1552 -971 -824 -604 -870 -610 139 445 -188 88 1010 -1499 -506 708 -125 400 -1678 744 610 66 1654 -416 -381 187 258 453 1118 -165 -231 207 1407 -167 291 -727 1435 -659 624 519 -939 -82 307 125 406 1301 549 -791 715 -974 376 724 179 -266 950 482 -117 245 286 300 70 -1179 -562 99 358 33 588 
-619 310 -700 260 -169 65 1082 -64 -346 395 -53 940 -242 1093 654 756 -734 -98 782 -639 1084 667 1008 178 -328 -960 -202 850 768 -118 35 290 -213 525 -253 -52 1069 -223 -1790 -588 -528 -396 -1301 684 -591 -160 646 1380 401 1044 -618 -1519 -1366 658 424 1146 471 2786 -398 316 -42 234 1167 1235 721 453 -491 877 -137 -520 -107 556 913 35 -175 1993 -543 -670 490 -232 -754 402 -932 -636 -479 -952 428 469 339 52 -299 -506 344 491 -95 -217 421 -196 -1138 -362 -1317 1710 887 141 390 -24 -57 -52 416 -10 -497 980 127 -691 85 -275 -235 1660 782 515 240 296 754 528 50 266 158 341 692 297 1001 1809 -90 147 1565 -1208 875 110 785 -210 -281 115 563 179 -998 -941 1457 -560 1984 282 -304 467 310 969 932 8 -1025 -547 844 677 -773 -377 52 -73 -657 1159 89 -482 363 394 318 368 119 -168 402 -1563 -201 53 504 739 -1151 -257 536 155 182 748 55 740 652 408 376 -985 -105 -1187 34 -589 -688 1320 574 -2019 1441 1036 696 -690 -625 290 -964 -316 1068 80 590 -767 352 -802 455 685 1399 1395 558 2340 161 -1295 1289 -1353 -825 -250 376 -396 79 501 -897 -1484 1127 142 405 -470 -859 -1049 342 525 682 -619 135 -765 1006 33 -211 1839 -1192 74 -576 -1019 -667 595 -404 35 -343 -43 -602 1144 -592 1261 1322 -633 189 642 547 -275 1820 -1086 -1344 7 -975 291 -809 131 -453 308 544 399 -101 -1114 773 -47 428 97 697 427 445 -1617 -179 255 -683 64 -1036 328 -248 -145 -423 -604 770 1540 -1408 -969 597 -452 -522 788 -1514 -496 -620 1152 4 1338 1386 -696 -808 -873 -141 -102 455 -1985 1217 -815 582 336 -1225 -244 -1595 391 341 671 -75 746 -614 -931 902 665 175 769 -972 -349 -932 -763 -328 984 -1946 -2 -1517 432 97 676 513 991 -382 -638 -245 1388 1201 98 705 -1351 -526 -1584 -1322 58 322 960 -99 -297 729 496 -553 -957 -765 1860 683 -1347 -390 -195 -369 -447 -1 253 442 -1641 -281 19 -173 -77 -272 -681 -602 -106 157 -447 971 31 -643 -1420 
117 -553 -257 448 -269 1547 -690 588 -369 1324 311 1048 -1508 787 440 -225 -364 259 1188 280 534 -233 906 -379 11 -929 -1582 226 -119 -798 257 950 -553 1093 -1757 798 -677 621 959 1147 1099 -459 590 -652 -312 96 327 -161 152 1203 -1062 372 -123 1921 -1339 378 1052 230 -510 1634 696 184 546 -1424 -318 -244 -586 810 -485 -552 832 -73 145 -831 580 -61 128 344 442 -12 -436 -453 -2027 140 -724 150 -721 966 372 818 -856 483 -354 896 192 -1396 106 -838 -992 -21 483 266 -558 325 152 -757 -402 -149 -340 603 130 -194 211 -1191 390 -787 -260 -420 39 -644 205 -342 -627 915 854 357 -1274 -225 -1382 -234 257 1205 -1197 -658 -893 345 1314 441 1039 519 -421 -792 -230 298 -814 1217 549 340 -722 461 568 153 28 -61 -805 -328 317 1208 -825 -156 -82 -364 224 1059 439 697 -577 1115 -521 -1135 -1105 -814 -1045 -719 186 864 303 -355 211 -404 -1437 31 618 -435 997 331 279 687 110 -1500 5 589 -143 -964 42 408 159 -1263 -298 407 1438 1142 -756 -142 2165 -71 -88 518 611 1233 443 -182 -1480 284 -908 -263 48 229 475 423 111 -293 -1357 749 -123 -1082 -626 -431 407 178 499 1106 378 43 -82 102 996 937 -412 -36 134 -759 -83 -357 202 -525 -147 -345 -548 188 444 77 432 405 219 -451 1372 286 509 -344 -194 1368 -603 1754 195 -391 -627 650 775 -389 495 -1416 -224 -679 171 -916 282 -1446 658 -1091 119 -1577 -655 -952 334 -186 479 -6 44 -437 435 463 228 -461 -323 877 -120 93 64 -135 237 -54 -815 751 -564 457 125 236 1103 923 865 289 -33 -660 270 517 -466 46 -238 -754 904 -993 -537 -822 -184 -339 -484 102 200 -164 241 666 -1137 283 853 1218 314 757 838 -1695 298 732 3 -449 -608 -868 -134 -1007 603 -594 180 -436 -50 -706 703 798 1414 -723 77 711 419 -114 -887 -638 -1071 106 894 201 -310 -514 -1657 626 -232 1489 837 499 -1497 -353 -434 -720 935 -1053 -209 186 -1924 308 1029 -912 -615 283 -202 820 -1565 -598 -1071 -517 2 374 -750 543 
-112 -1004 -680 -252 630 1224 -2146 -286 -652 529 649 -235 185 143 215 -929 -402 -1356 99 251 -1375 388 -917 -329 581 -42 1032 670 200 -639 -984 810 2576 344 445 161 519 -366 963 -425 -404 -8 699 1685 -110 495 -780 -20 -441 -417 171 891 1556 -838 -759 183 715 814 -18 342 -391 669 -337 157 -1200 498 -352 977 578 1104 249 798 146 -235 -996 -1025 146 1055 744 -571 1103 -707 -1366 -254 47 -7 -728 -1016 -731 511 -406 1158 207 -263 612 891 -514 -1134 -70 272 -88 148 2011 670 107 288 86 201 -458 1248 -149 -296 -838 -1122 177 0 533 -410 671 622 -230 903 -726 -537 563 -668 215 533 -326 811 -851 -830 1052 -1029 392 -700 -218 672 -1642 -135 -18 535 566 1593 930 -505 149 -533 -20 654 -456 -285 -639 539 -527 -982 -684 -541 219 -434 371 393 122 -390 834 1069 -556 109 -1223 905 1297 365 980 -410 56 -653 446 -571 703 298 -622 458 -673 -136 954 1016 1328 173 692 123 -99 -526 -215 -142 30 -742 1294 1127 -2671 -1014 -1102 -1009 -332 412 4 1336 675 127 -681 -64 362 85 -687 -1085 -18 815 960 741 564 -1649 -351 526 169 1248 -916 -246 407 -1095 984 114 540 -411 -1154 -1068 374 -599 -1012 562 -269 -769 -361 -94 -1407 868 -558 -535 -318 -7 872 -898 196 -462 -565 140 -496 -46 -490 -827 -1113 807 474 -1070 -43 1258 -561 -45 -589 -13 -1486 -208 762 239 436 -476 -746 1056 -121 -468 -479 119 -734 746 301 427 -534 530 446 -357 157 148 896 1098 1130 -813 -86 954 -2203 216 674 96 232 -125 341 843 1233 -605 -307 -380 390 -1392 1358 -894 -311 548 -48 964 -1366 449 -413 -956 1012 -738 251 1572 -677 -622 164 321 -195 287 -15 402 -645 -946 482 367 201 -363 646 267 391 457 -425 -213 918 -320 409 343 1367 251 -707 -121 -1089 1766 1185 175 69 -224 -1527 -326 -342 498 -239 1305 38 743 -704 -1398 -481 -671 -500 -753 -399 601 -12 807 -575 950 689 -429 812 -38 449 737 378 440 1149 123 -864 -28 163 583 -248 616 1338 1470 -507 -687 -10 -541 
1799 43 -635 -730 -482 -761 304 -1097 -285 -156 355 -911 968 -740 1145 -700 169 -1635 693 -104 1629 -598 -376 -712 23 -234 399 -3 884 12 -47 -736 -705 -1079 -219 467 354 -106 317 -138 1054 -44 211 -427 1284 -628 -377 1108 -745 -63 495 1125 -653 934 -488 -158 1157 195 2179 875 2342 -886 -189 706 -1066 -64 -815 129 1072 -765 555 45 -973 221 -145 1207 146 -434 -1541 259 1260 281 -1285 706 -362 -131 808 -247 -957 -301 -869 951 -512 219 25 -1005 58 -941 -178 -1417 -937 676 741 108 260 -468 -151 -187 706 97 -265 -829 199 451 -503 686 -509 -94 -1272 -276 1158 -574 -463 -427 1626 -84 410 275 55 -274 391 -17 -303 16 400 -975 -62 -55 -204 1234 -575 -402 740 197 193 18 -257 57 1775 280 272 62 -518 49 379 901 -627 646 -1063 352 1095 -208 297 -582 -858 -365 779 -348 1119 675 580 194 795 543 662 267 62 -124 1282 1150 -183 -416 151 450 1049 -1070 247 -1351 -512 1767 867 -963 177 189 674 394 509 394 -811 -155 438 -1700 -246 320 1043 -690 529 -222 277 210 -90 -566 -971 949 524 421 207 247 1332 1231 -172 364 807 -1320 -112 -383 397 -1102 679 -573 235 -650 410 -343 26 -1122 1318 734 242 796 -585 -1039 360 -841 361 -380 599 -79 410 -464 737 -1535 338 1334 -807 401 139 646 98 -601 -1481 381 905 422 768 -407 257 802 996 -1698 -141 -813 674 357 119 50 -1042 -247 590 338 -276 90 240 1163 -921 -807 -879 807 -140 995 -1454 -260 -1430 267 -470 -101 602 -97 756 -1178 -340 158 -250 -320 -394 -252 -648 -526 0 18 171 256 557 -500 896 -417 -1112 -439 -1248 809 -48 558 -492 -28 -690 -843 -538 -112 333 372 94 -2 107 410 40 -593 529 230 126 643 27 -121 -480 644 59 -1210 39 118 7 345 416 1231 254 795 868 -342 1100 -862 358 477 752 -24 -308 25 636 101 -445 -219 393 197 -1103 -938 402 -445 -615 -705 775 -494 -601 1268 -1318 -368 386 -728 687 -1064 -44 -1029 757 -259 293 -1670 -400 358 440 -837 -138 351 775 -167 
-1028 -236 -259 -673 455 -526 -327 766 1284 800 -1365 -1192 712 -746 -75 251 383 -181 -85 -1515 651 105 533 -904 1393 47 550 342 553 258 -195 253 1215 576 602 -689 -45 427 -125 -448 752 -134 -292 1658 392 -507 1342 -713 603 -26 -108 2379 740 644 548 1031 1001 1551 642 1721 -310 -18 372 212 -77 185 1131 210 -1129 -333 -1182 520 -73 151 -198 726 -742 463 -342 582 -1286 -205 -452 -1124 -816 30 -588 691 350 339 342 289 1324 -878 -12 498 224 -632 468 1103 242 831 -236 5 942 381 -948 422 520 -305 55 0 1381 682 -556 561 -95 -1351 129 -426 186 -646 1414 885 1171 933 407 179 1288 -190 368 -906 -238 -102 573 74 -1005 1161 662 -305 -349 -1379 -603 -21 1152 19 -44 189 -769 -950 1352 457 -1428 375 442 -675 12 -1008 -1275 -1302 -1147 567 418 814 -112 -1842 1050 -606 -436 120 1580 642 1833 1869 339 667 561 -1369 257 -1330 658 -1610 513 -5 114 117 957 -483 832 -30 -738 -214 27 419 -547 -70 1391 -364 1671 -621 1341 394 -564 -573 182 39 813 1311 1082 284 -530 -298 807 893 -471 -921 -136 -215 -568 164 -220 893 501 -317 -209 -399 797 79 -1576 -194 -352 -841 810 353 -133 -665 -93 -516 -393 -77 1425 402 1455 -433 -14 554 -197 -580 -126 -1306 -920 -422 379 619 -188 869 173 973 -332 843 -341 92 1386 787 -465 960 578 533 837 -706 517 -1014 1187 -262 -380 -762 1010 -787 1143 597 -281 1024 -820 -427 613 81 -828 -277 -526 993 655 228 30 332 640 1005 168 -247 105 -70 129 -290 -1354 311 -165 960 211 1095 435 -397 -33 690 656 -794 -264 -722 -1035 -36 879 172 -200 -866 -69 -215 716 455 -305 -473 -655 120 -381 -479 201 -340 -591 -830 1495 733 30 -982 1067 81 -1019 -350 -465 -262 563 39 67 -593 86 -4 1014 -201 95 -1410 -367 -1140 -620 -122 410 -738 189 247 -1185 1622 1011 86 148 -572 -151 -249 147 -728 179 -944 191 -223 -174 404 -1255 -182 -255 929 340 542 375 246 599 262 -156 -956 -781 137 -800 726 -1153 668 46 1703 
404 14 968 1849 218 -815 -876 -463 69 129 134 -760 -919 -53 666 1357 -1591 117 -1143 337 1388 -138 533 368 -1118 -189 998 156 -199 -303 198 -158 940 -312 1293 137 646 -445 -257 -718 944 671 -763 -288 -344 649 15 624 -237 635 356 -510 1434 451 468 -767 4 612 -134 521 -395 -382 138 -835 845 599 1176 -322 -526 709 -645 405 -68 -135 796 -359 -38 -293 479 558 135 -32 276 -947 -274 158 1510 -167 14 22 -80 -1239 665 -1149 -259 322 86 -150 312 66 -630 11 -936 1708 253 623 -513 -385 505 -23 -25 40 -2801 934 327 2257 -1331 174 -233 -67 568 -389 -744 70 386 523 -648 28 -1045 167 393 438 -198 562 586 209 -645 318 -525 -606 728 64 439 -472 369 504 -1123 -323 -766 550 1333 63 -369 -1486 -1181 460 443 -450 884 100 1186 -191 1089 -562 -846 -866 696 766 273 -1259 -952 164 -66 -992 71 4 -1245 1022 703 2052 -517 419 322 2633 158 386 -525 137 -307 -727 -382 -874 -653 -386 -381 -294 -589 933 -870 573 -580 -844 -670 717 -1425 -331 -1192 1255 -1017 229 -283 554 -920 -145 51 342 -488 410 877 -844 -141 -1070 131 442 56 742 -151 -20 180 422 267 1241 -609 629 -1176 -815 625 -1471 -670 -167 142 -648 35 -44 1104 983 1026 201 331 1118 -321 -335 -87 78 -413 583 -286 -182 -188 -1480 290 -1756 277 820 6 -293 -270 425 -920 -30 521 730 -1125 366 62 -303 -155 -51 -675 -516 -37 129 1022 -1331 -328 -1039 -224 -575 1662 85 361 -167 -1114 97 1541 -1125 -441 -352 -1063 764 -875 -194 1268 -101 -132 1324 -147 -872 -354 922 -1103 -137 -1892 1009 -1115 -1323 1315 107 969 -711 52 492 -405 881 979 682 -1268 93 -851 32 1484 -221 49 -303 743 770 -217 -82 1510 352 13 315 650 1118 94 -1932 -1506 774 273 236 -629 -279 86 -8 -469 -196 -1265 -870 260 25 268 213 102 -124 669 -1598 521 253 -846 141 1058 -261 -160 631 -851 220 197 -641 1246 224 -244 436 304 1328 -475 270 62 -598 -1091 1704 -134 -685 543 217 -1289 -393 -853 -65 -542 1461 
-904 -138 -1168 575 780 -71 20 1715 -273 681 -53 370 433 149 -1306 541 -1104 1189 -464 -403 400 -936 783 -339 -472 -983 1026 1058 85 934 -228 199 -280 -1127 1530 -1484 653 -647 -409 868 648 -338 453 358 714 200 -871 -1364 115 -389 -125 -242 550 544 321 950 -413 -363 182 -809 -352 329 -435 -359 491 -395 -6 734 645 288 -222 887 -685 61 704 -1017 -140 -567 -19 272 180 -68 -201 -5 -291 -551 -1189 327 -1103 -711 1124 -1097 -239 -2217 -475 1114 -736 526 607 46 -55 -1713 -489 -197 235 -998 143 -678 506 -1270 -295 722 -181 -154 -410 782 234 -567 193 -552 -70 344 191 351 338 750 -653 1062 -131 -235 466 -631 -1311 381 146 -246 -346 -103 -51 172 191 -407 -137 536 -1061 69 -702 -1587 408 -2151 -188 -856 498 -785 993 839 298 -514 -1149 173 344 1287 727 676 -720 1495 -1449 210 437 -1606 -590 723 737 1592 -356 1565 -219 -729 560 -209 956 1099 1305 -7 -281 299 994 1451 -626 -972 186 878 -970 -657 -485 -622 -423 -1273 143 -176 -622 749 -88 654 -342 963 -697 1148 -417 305 -54 716 -266 131 117 220 -12 571 -472 -664 828 -933 -582 733 614 -699 -78 -628 -387 121 202 1828 1719 387 -777 -232 -1325 536 -294 283 -591 -1250 -787 1023 1 390 29 389 -5 -143 -376 25 428 -513 173 -410 -774 -817 -248 863 1244 -1491 -286 -131 326 565 0 -1729 300 152 -1046 279 -489 -301 254 225 -414 -546 1246 248 -276 -1132 597 -227 1080 262 327 336 -579 -487 1626 1310 -1576 1014 475 -106 -601 685 -132 255 -610 875 1038 139 85 113 1113 120 -114 -1021 890 -133 -3 -33 132 4 -664 -1694 -697 1069 74 -247 -755 940 253 -855 259 -1483 -370 141 307 688 -610 -563 1427 733 -677 -1442 -83 59 -19 -440 502 -1048 -366 -266 54 646 -358 1003 -454 462 -1153 545 603 -1442 815 159 -61 177 -730 352 118 365 699 639 811 223 -525 -296 1197 -958 -369 218 1059 1526 -2 460 1000 -819 -542 -107 -734 -1477 227 338 158 454 -422 -180 -417 -202 916 -1276 -1431 147 -866 431 -211 -710 
497 502 -652 1295 -1126 -200 218 -535 -1254 169 1417 1026 704 74 328 248 -422 -1247 -813 640 952 -418 -348 955 90 478 -1836 528 -811 388 333 -711 220 743 124 -200 -110 830 1006 -221 802 -1325 1108 456 -453 -332 -158 50 1147 -771 498 -142 -947 -110 1041 -493 79 -1081 -565 -1235 1158 349 -464 313 -826 -149 976 767 1351 112 228 -1559 1156 1299 514 -459 -590 82 -217 1579 -154 661 941 358 842 546 1447 -799 -825 43 363 138 -513 -494 13 -174 -116 201 749 476 -434 -449 -918 745 -702 -104 -151 -58 123 -101 529 473 -160 755 577 322 -376 406 -81 61 -1071 -324 -236 -526 -150 -282 869 -1251 -324 -1908 -1306 -130 55 237 900 158 -340 -547 -235 -664 1052 872 335 936 -529 -344 1284 350 421 -489 -1587 -310 531 -286 647 -237 -558 -418 432 202 -207 -1672 -383 791 -908 -891 -1586 -362 1158 387 -1013 227 -153 1312 -1699 -763 177 -48 -615 875 696 688 93 506 -164 -1106 195 -1052 469 -382 1054 -175 1136 980 -235 -969 -102 -174 46 -1200 1131 1808 -35 -801 1036 -249 -619 272 -2148 623 379 668 -426 1596 444 1018 -7 19 303 -209 -366 -939 -426 1520 1381 291 337 479 -169 -155 -253 796 189 41 338 -1229 -365 923 698 -136 500 -393 -759 -588 -462 -387 561 613 -1557 -487 733 -72 294 332 -111 -649 -1135 372 -1084 98 -671 139 688 -823 1848 1057 68 292 835 15 -661 -154 -671 21 714 164 258 -47 -1037 75 -960 -1220 -101 1182 -591 1153 -30 -44 -924 43 -950 -884 188 -256 -61 -763 -239 -914 -956 1156 -865 -836 275 265 372 -1310 -192 -1073 -754 954 -24 -67 -376 1836 2015 -320 -919 -811 2285 -84 -54 1330 -2160 1174 -1579 254 -231 -629 -1125 -521 -656 -908 288 -260 -1990 -404 -698 -915 -1030 275 334 684 140 -12 39 1688 51 211 -91 895 154 120 441 357 269 -1228 48 392 411 614 -281 -730 -957 1177 549 684 390 -2381 792 482 -1876 -273 14 -897 982 -142 1031 102 1123 -745 -352 767 -554 675 154 -670 193 498 -124 -1219 685 -545 -1020 -202 1197 -303 419 -964 -887 -643 
-864 302 293 6 282 -538 -540 -656 -923 1262 201 -21 -1821 -785 223 706 1104 -465 560 936 -618 -548 129 -599 -102 -1093 -552 328 304 -433 280 -102 -404 -489 836 231 315 -179 -295 395 266 -436 189 -1005 228 513 33 1900 173 -221 133 1101 332 -699 1179 723 1853 126 130 899 -1370 -148 -486 -640 837 -548 -676 270 1089 -742 -250 -318 -902 171 -99 -544 -1400 -310 580 -1042 81 -8 -520 -519 462 -643 -962 -622 -549 -836 47 349 -1191 -1443 1240 -51 -1336 -204 -478 -590 -719 -1005 -86 460 969 626 -789 172 304 -545 215 1075 -580 304 252 -304 249 -207 385 -42 -277 -185 488 1087 -570 63 2040 -641 -818 -102 1144 906 244 -949 1125 -1466 1460 -694 880 528 757 89 -535 314 -523 133 -257 -187 110 -35 -343 478 1080 205 97 636 -1166 59 1277 29 -1030 -110 149 -163 685 -910 -1758 1323 1524 1380 -793 630 -48 -164 811 744 -169 1120 -85 -844 -291 -380 -345 1511 1138 878 38 55 -1575 947 -671 475 1214 -368 -454 58 -20 -467 376 62 776 -844 -742 1030 1543 -652 -196 -823 -833 -216 33 -1335 -308 -183 443 25 -1007 -37 1253 210 245 -11 -842 278 -450 1065 241 1341 -903 -91 -571 531 570 392 865 525 -451 644 -203 650 -1972 118 536 -959 144 370 23 412 -346 268 -1574 252 -938 622 -576 -12 -887 -148 -169 -361 449 629 -166 220 -955 385 844 909 -21 598 -606 803 8 -24 -120 311 -342 -986 29 -941 1081 951 321 -483 -1159 370 94 179 705 -430 -488 -367 741 188 726 1142 104 23 -3 365 1352 -1090 -1753 485 249 -377 -906 -1090 828 -154 746 446 432 480 -844 -359 371 -1288 -444 246 -574 572 872 379 354 1557 -361 -381 -907 -419 153 -1036 -617 -202 4 294 -242 765 883 470 56 -937 -223 -211 1393 -758 -510 -700 461 -239 490 158 1038 -872 -585 -353 -104 870 -118 585 315 -1116 -280 -1023 99 -569 -678 776 118 970 -326 487 -332 -106 2066 -1162 376 -212 -52 -163 -709 -700 -936 327 -571 -831 671 -1151 740 1001 -72 190 -61 34 813 -208 -791 99 -410 782 
548 -311 -421 1641 993 1083 -43 369 -619 277 610 -937 -30 593 511 -121 -627 -307 158 38 740 -675 376 -571 -102 1092 -231 686 494 294 971 -1274 248 354 -1121 523 -1491 1488 -11 132 -431 1074 -1104 -382 -149 -1020 266 1034 -121 87 1223 -874 -185 -947 614 -1472 -406 -383 110 -1438 1779 -441 -608 -702 578 769 589 151 -546 -608 -504 -752 264 456 11 544 343 -972 6 10 882 261 -545 586 -925 88 197 165 -128 -832 -514 805 59 -111 515 -352 752 541 -1191 880 -525 -36 482 134 1197 -357 -419 -1040 -1244 -1290 -615 153 632 -129 1218 -1048 449 1118 1868 442 52 707 -120 -299 -1157 -239 -1252 900 350 193 -558 41 537 116 504 -141 2051 1043 213 303 781 442 35 -1223 21 471 -1161 305 817 389 865 -979 -1016 -911 453 -1402 46 -489 348 -832 1209 1355 -443 -850 -392 -275 375 780 -100 468 1319 138 677 4 -179 -851 -795 204 -490 -489 -231 681 366 -125 811 -1068 531 -1728 -586 -502 -1082 940 -214 -3 -109 -271 793 1164 76 -595 -320 1131 76 -732 -586 -326 470 463 -28 -760 -1625 -1470 -1383 -392 988 360 312 -574 525 1520 202 -221 -1175 693 -302 -223 157 350 780 279 299 653 695 237 -39 -63 1009 -65 282 121 892 707 1333 426 404 -131 1067 -99 184 -539 -582 -209 -33 -702 1328 710 1263 -480 -743 492 312 338 1621 -272 -457 -68 149 1202 -259 965 581 417 -164 455 655 -2108 579 2526 96 -186 528 -1280 609 -1122 900 -147 204 -738 -522 783 -702 271 -365 -881 -332 -627 346 -399 551 -438 -961 259 -461 527 1029 840 -1369 207 -1815 -1474 535 191 -300 310 576 -21 -1176 -594 9 -14 1877 160 1045 421 -185 -1076 -987 1356 -841 405 287 1621 -337 321 -843 1619 -413 -90 -543 -1637 252 -278 -435 -283 -340 -508 -778 278 855 1136 -698 -342 -585 -703 -463 338 681 808 -1413 183 -1004 -417 -83 -707 1094 312 -592 -995 480 -965 -403 227 -491 -555 -692 424 -194 601 -940 -565 255 -121 -562 -369 772 1033 -543 -170 658 -82 -269 -58 660 -400 783 42 -1015 -1060 484 709 
-157 605 -1275 -216 389 -802 837 1441 -932 837 -19 -475 705 -643 886 113 -1308 426 -1303 -359 -290 -534 -926 -699 -1364 221 849 -640 -332 485 489 -1755 -509 140 295 880 -1097 -518 -137 1182 -232 -86 -343 -1806 736 905 852 -801 -1474 -329 606 -208 60 283 -582 927 93 636 -549 362 -11 -1234 -1499 -476 330 -1467 89 1923 851 403 -430 777 -935 -1079 -570 -1872 93 -231 -52 -294 -802 -714 1641 150 -801 1405 44 428 -175 -1165 666 1111 -338 -375 -933 -255 932 391 -1310 407 310 -1144 -626 -558 412 189 202 1031 821 571 -349 -887 -1172 -427 170 476 524 -404 -288 653 889 -885 -496 1444 602 729 -26 455 -1037 472 -466 -602 -218 -420 -229 408 1365 -1628 331 -52 -791 -1487 -351 337 2055 612 903 -874 -811 -100 222 88 -145 10 -94 615 1761 26 1069 1395 -127 -1196 632 731 -1024 -391 -96 237 586 1199 -1032 -281 893 -743 -634 -235 -682 -206 26 829 784 -4 273 248 -356 144 1681 155 -287 -210 93 925 -77 875 -99 84 -1051 936 -789 -136 -819 230 338 -355 -59 -293 -1148 -1085 1257 -49 1301 263 -168 -95 307 1255 -412 -792 -496 245 -1619 -588 -346 1 -381 -267 293 381 -934 1058 -1076 2462 -545 -355 468 720 -386 1449 215 -541 359 -101 -677 -438 509 -226 595 -141 510 -467 204 902 480 339 -337 771 54 1185 393 277 357 -4 -1641 408 741 49 152 -658 -525 636 -249 -1626 1024 739 -705 263 95 -792 856 -991 -341 494 167 -324 -471 22 323 484 243 -535 201 570 1596 -689 -772 460 -1008 -854 -342 542 1390 -653 -635 11 -944 594 90 -158 -154 -366 -140 468 -635 -592 -1006 501 123 699 8 687 1172 275 -510 1196 336 777 109 -141 85 -78 -76 34 -374 54 -426 -153 2219 -781 -485 -1161 -672 -310 191 -27 537 621 115 -630 -1475 -174 -220 -699 -652 240 -710 -116 -439 303 800 737 -183 -818 1317 656 171 -1616 820 830 -736 489 -917 752 -1733 2108 -252 -499 -842 630 -131 695 188 91 -250 -153 521 -994 -112 -97 411 1162 -48 -428 -1535 -821 -143 178 1154 -1439 -1422 -741 
863 323 -12 675 -539 -168 291 -25 -466 -815 -310 508 -1051 -102 -379 658 -970 -351 -483 -1305 336 -856 496 424 -246 301 -505 755 232 -843 -309 794 21 251 -30 -56 670 -73 59 187 990 364 41 870 749 -254 63 1461 1658 128 254 787 -58 -224 -344 -575 -922 -1173 -1109 -645 -305 -93 1079 -173 759 431 514 -253 -1037 -406 56 318 1190 1107 525 505 -499 261 760 464 1485 1370 -1116 1269 -42 -931 -513 26 -835 11 988 -36 -744 -387 707 -1009 -200 -926 456 773 191 909 -129 -1132 -1535 53 -1555 -54 99 -662 521 -1574 -2107 -493 563 -678 86 628 -252 -21 241 -459 486 97 -1535 234 613 197 -802 82 667 -180 413 -77 -1113 647 -896 645 -45 -906 198 -13 1214 1800 1014 -399 491 251 -377 901 -54 591 550 -619 -300 -1490 -315 -705 44 358 -1116 -297 -343 -554 -800 141 860 -492 813 244 423 455 -863 65 -582 287 191 -62 45 804 -1432 1008 489 189 295 762 -634 -1054 180 501 108 -318 267 -225 -83 -937 -523 188 521 -652 -590 -159 91 1100 1041 -808 201 1270 -248 -512 -43 -1059 -801 1204 615 -55 -393 -165 900 -229 -834 -857 -913 718 -662 666 -620 -1460 783 472 1387 274 1549 -1064 -571 -254 152 -679 -776 1345 -99 -119 -986 481 -1643 -244 -519 1983 1214 172 239 -863 -764 422 -604 -330 -646 -40 -801 715 -3 -310 108 1100 -1795 964 -359 -1299 253 -1081 -150 -1146 433 -118 -12 85 482 1663 -70 -817 454 74 -630 631 -1295 1680 453 1150 1288 -982 -849 1040 -800 -106 -686 47 327 -824 -498 -693 1200 -358 463 1143 -135 -398 -990 1300 819 -1790 -303 562 284 60 -56 -686 610 -642 808 -118 956 -312 -191 1738 541 530 -1046 160 -1600 185 1016 28 -314 -320 -452 -861 -290 -422 -1258 1213 761 55 817 -405 -111 -633 116 -206 -785 -617 15 -523 -1011 220 -532 -358 135 359 1219 639 -1150 753 1537 1287 645 -964 -354 656 -890 -358 9 639 650 -531 -416 -1028 -33 -530 625 543 -243 1660 447 -748 20 -290 224 749 -200 134 256 515 -188 282 1162 -319 481 1758 629 -1553 
-454 350 622 535 982 812 337 -1622 574 575 1258 23 -1083 -1108 -351 562 -747 -561 -349 -335 -359 631 391 52 -15 -438 75 -196 827 1183 -248 228 -232 -983 406 608 -492 1715 -1155 -28 487 -191 1339 -384 -1018 -676 913 -1792 -659 790 1358 184 -311 239 15 -911 892 -974 996 1075 1211 90 567 270 117 269 139 -492 163 -773 -407 -350 -1145 565 513 -1991 1150 325 -1337 -475 233 658 771 1363 327 839 13 -468 -1145 863 194 363 -977 -885 -549 -111 -2038 -123 -337 235 784 257 -230 -1016 -1036 -475 -934 915 -821 111 646 -382 -248 41 -1629 -833 -616 797 -775 31 -29 -115 44 571 395 -705 101 -448 -312 -471 -586 -502 -981 215 -32 606 -785 1401 -796 1625 -123 -312 -1469 297 -1355 487 -724 -771 -788 -1000 582 907 998 -101 814 -1353 -68 907 -119 -417 -585 893 231 -902 44 -233 -17 153 -985 233 -901 -1072 1272 1678 -1241 784 622 337 -84 46 1832 1369 1492 -2 -333 -195 1560 -1195 -1836 46 717 -732 -620 -730 941 -216 909 472 -1158 994 -1009 535 305 -144 -729 -876 -824 1756 801 827 -1170 -1507 -46 542 928 429 -49 -560 -288 -80 15 -1581 542 -60 2294 231 -89 -254 942 477 197 2008 735 -661 1930 -1120 1244 412 592 561 -1234 1240 81 -513 -510 618 68 150 411 691 -120 -923 -697 151 -492 1081 -1039 179 531 -857 91 152 1028 -98 963 -353 734 201 -480 -1140 -218 45 1116 -1950 340 -1104 -203 -1034 292 -789 -858 1320 539 611 -261 617 255 48 123 723 -842 72 345 -1405 57 -1035 347 920 1319 -1279 -1001 -242 1189 1217 -864 -448 27 263 -24 845 609 374 -87 -76 -1485 100 1572 -20 -362 -595 -157 1166 -1467 240 -188 917 -1105 -121 614 154 -48 -378 -986 -432 -482 -134 1326 1561 -672 -400 -284 -1780 -452 151 1535 -990 -691 -537 564 192 433 863 -1020 -1646 -1453 898 -443 -89 -1852 902 235 461 256 1279 2352 489 -161 -1032 922 -744 -422 592 -731 -1072 303 1934 -276 -1096 -403 508 -339 214 1547 467 1067 789 -192 1202 1541 -1663 -609 -846 -248 -340 -774 -741 403 -1506 958 90 
1537 -667 -666 61 -1153 -440 1836 -742 -1298 -669 -465 -1539 395 1406 762 -1182 9 -2 33 108 159 120 -572 40 -1413 -740 -766 -756 -64 212 -216 1182 105 451 9 -113 -1123 240 410 447 40 -330 293 552 -1134 21 -286 -922 6 280 1288 -175 109 -1187 2059 -1948 298 982 -26 -355 100 -208 243 -818 115 99 504 -703 130 253 954 -672 1546 -567 575 224 535 219 -467 449 44 -1652 -676 745 -1304 -426 300 -49 -223 -749 1064 -183 -944 93 605 -403 -503 -229 -1407 203 -1809 -705 347 -582 1093 354 211 243 1 108 486 -42 1202 499 -345 828 703 6 -81 -222 1 1192 568 -100 108 -928 329 -312 57 -632 -1388 -1255 -737 -410 697 -4 5 -641 -536 -553 729 -235 240 1258 -143 -1116 77 35 -626 -930 -284 -68 11 1063 587 -559 462 557 170 576 636 -39 -516 1532 2010 -1010 -1510 699 26 -794 -1124 -215 232 829 -296 -65 -1571 -869 -469 106 310 -640 -302 388 976 251 -300 -88 -1082 -473 -1653 -281 -343 434 -118 -980 700 -1025 -722 -290 -742 -149 -204 -2049 564 508 -762 -536 0 -782 -7 560 1126 569 117 -924 1703 147 -1718 -160 -161 -304 -540 264 -552 343 1255 347 -437 505 1723 517 -304 1050 95 1037 -1198 -624 -88 -580 54 -932 459 1180 -297 -441 -536 1076 -472 1275 640 1056 773 -1213 831 -625 1233 -625 -293 -355 1592 -190 -519 -290 -137 178 565 -455 84 659 -1015 702 -1141 -516 -932 638 1107 -692 -257 102 130 387 -279 -988 1359 26 -20 -980 620 -89 862 -474 711 -1035 992 -179 9 1410 -290 1329 957 533 -544 -1023 351 431 1303 -933 1386 -298 -649 -120 -447 -1142 -524 851 25 666 -354 -802 -476 -1410 409 -769 -1033 -308 -905 968 -1750 -1897 668 1284 556 -619 69 -61 459 -598 -33 -597 468 581 610 -48 -67 333 -1262 449 578 -745 -17 622 110 -596 -273 137 226 1222 -454 -1574 502 -233 -1402 1137 -473 1121 -293 304 10 46 -72 636 436 -1327 712 -766 391 157 476 -1221 -608 135 -326 -10 693 -915 -423 -1301 452 -78 536 -652 112 28 8 -772 560 -118 -137 1288 
-163 -78 6 -808 -541 650 1024 -642 -173 -22 531 692 1660 627 1176 323 -531 -990 359 23 438 151 -635 262 -303 -508 1057 -1261 -733 -756 687 -962 -433 -703 -494 272 -667 1865 533 199 -602 -506 176 173 718 -1458 -132 216 175 -1306 449 -254 313 1245 -443 322 -632 197 -590 1012 -272 106 732 -581 -874 654 1401 -1441 560 -55 1080 1151 -395 560 232 -945 -80 -1313 -498 -1074 986 958 -9 184 1457 -256 1144 514 553 -76 -497 -1224 589 -1302 -237 1292 242 -246 -292 -339 -21 103 250 -1230 468 -178 -170 -132 -444 -982 2 -663 -1618 65 -1515 12 184 218 356 399 -289 -192 493 -406 266 532 153 -1633 161 -526 -927 -469 -888 565 -795 262 -135 239 166 892 1405 -10 486 -116 766 -661 783 -1764 -28 443 -1253 -162 516 -61 217 -27 121 -91 782 -1216 956 496 121 416 -394 325 638 -1100 77 711 1850 357 -1878 -245 -72 -358 -943 -292 919 699 979 515 -788 181 640 528 -404 570 98 1546 -281 1329 -155 88 -1585 -237 -71 -302 92 -1423 259 253 606 -707 -719 -426 -19 1042 -40 299 409 -786 -535 591 -1337 -59 413 -149 -1132 505 29 365 -44 892 -99 -587 -1234 77 -965 -1439 437 -88 -372 -234 826 826 1293 236 -394 335 201 873 -551 574 -1087 1148 -98 -1168 -1330 -491 1245 46 439 -824 -29 173 -343 262 -181 682 2 -70 -717 979 -1014 -132 -81 112 -1233 -1083 -1115 433 -192 -168 -38 -255 402 1326 -181 -535 -489 -1036 688 81 537 -51 523 -519 381 -900 -1315 890 -741 3 1044 -774 1155 1582 -1475 586 405 -721 574 1654 313 -41 -1061 -150 530 -257 -108 834 -409 -128 622 -769 612 958 -114 297 934 850 -1024 725 544 8 -1300 821 -55 1518 -473 -866 990 343 353 -510 -176 1515 -541 696 1125 -289 1196 23 1308 -776 1118 197 -1227 -423 -1100 1632 811 477 1188 -1347 647 -264 15 -195 -806 1639 -193 -922 -802 273 -341 -167 -304 -737 772 -170 -534 58 -152 188 1160 -871 -157 809 -9 -154 2190 -359 -644 -96 -81 1777 -1141 704 136 -373 962 -698 -954 960 -882 -727 764 1039 
-1445 591 -606 -985 60 -692 237 1815 267 -363 928 -546 -995 -415 880 591 -127 -770 -1153 -372 -178 146 -306 187 171 -45 978 -1181 -595 1119 340 -276 -436 629 -717 -111 -408 670 498 771 177 222 -830 -153 -594 -1508 -1018 -271 -303 1342 649 -249 516 -721 -584 -215 -1199 -415 -69 1062 860 -812 829 1048 -1203 -577 -103 1191 760 -290 -1424 754 -308 -39 232 628 689 1322 -17 204 -597 -251 -762 -784 959 532 119 -276 199 -354 744 -1090 -297 1113 134 219 874 160 -799 187 1201 838 272 678 978 -779 423 573 -521 -685 -416 99 -479 -867 -303 -611 807 -312 88 -58 606 376 404 293 385 1204 -1182 -1386 -246 38 2 -201 -617 -374 -147 405 -525 -369 334 -442 -687 147 -361 -1153 30 688 1037 76 275 -104 291 217 -601 803 149 -465 -919 -1604 51 766 489 -2210 993 -43 762 -1236 626 -49 -732 -422 653 271 82 -555 -453 113 -914 82 -143 337 -316 -1 -644 -586 -121 -309 -589 -1326 1089 -333 -1120 -491 899 -1249 -1671 -689 -1000 -492 481 -270 -170 -33 1242 -645 -308 1 -29 306 -321 -194 204 -625 387 -98 -767 -9 730 -638 -163 762 -946 1003 -591 1150 -520 319 851 164 29 445 -295 -617 1124 704 1338 473 -570 527 478 54 906 -365 432 1308 -920 -212 -278 -482 -93 271 58 8 -783 -1242 664 85 487 821 533 401 391 1304 -366 670 1742 951 28 856 -961 177 -617 1069 -430 661 67 393 -658 -546 182 446 -270 -567 -814 -91 -233 -504 831 117 449 -495 764 259 -137 -369 724 633 417 729 -298 53 1995 231 -171 -694 -318 -478 -679 -382 -854 -277 -770 584 694 -1189 976 126 -801 52 -609 -339 788 1319 -348 -407 1270 1593 981 4 -107 -310 -536 -531 1331 -1155 -119 700 846 509 388 508 -1133 270 1495 -406 -832 365 -182 1698 222 461 459 -939 110 -1018 -599 -937 1004 -573 1188 -514 30 113 72 402 -834 200 1599 8 -1219 668 50 -335 1021 -400 659 213 438 -578 537 -695 932 -807 -1166 622 -100 -544 -1654 -286 -337 389 1847 1525 1009 -787 62 14 -25 -732 463 983 
-71 -999 -260 137 681 -454 -896 -162 562 708 -96 683 -928 196 1673 323 905 -420 -11 128 -100 -806 1054 -955 369 234 35 -85 1291 139 39 888 1282 338 166 -224 -257 -381 -679 -888 686 -692 246 466 610 857 916 247 1086 94 -306 -1213 908 873 -687 -498 -37 917 -522 -434 -696 -683 -193 -941 632 1146 807 -1181 -1706 177 485 488 -186 83 -98 821 88 -223 927 -381 -1832 77 56 281 -1001 138 367 -387 -215 121 25 1096 -227 -448 343 -335 858 -595 -323 938 289 228 100 547 -1473 584 -171 -452 259 -576 0 -583 310 601 -75 757 -348 -51 542 -347 -799 -931 -550 -160 29 15 -445 -272 211 752 792 -877 531 156 69 1530 -2465 -844 65 -809 1059 -1522 1528 751 838 275 1252 -504 -786 66 289 240 -663 -108 1198 -307 533 595 1637 -955 -630 -220 -207 -25 782 -840 236 -749 49 104 -197 863 430 296 -623 264 371 942 -359 -174 509 -849 -910 718 -1216 -158 72 -29 -215 346 513 -210 418 367 -156 251 1246 204 875 -49 -382 -550 425 -303 98 -652 115 412 -250 -595 103 -1061 269 -1060 315 669 1179 -359 -154 -49 42 172 875 1198 -808 -340 -480 -459 286 60 -1610 423 37 1857 66 1124 -310 -967 94 843 1732 436 747 23 185 617 -148 673 802 1024 -787 1306 -233 568 -3 -610 -281 -1492 -229 -102 -594 -576 -760 360 -655 -129 1029 -58 -376 241 -833 -555 -160 222 596 -483 283 -572 348 -1415 -223 -1411 -412 403 -870 -329 507 48 432 556 1673 -1073 -42 512 1136 -590 571 304 -646 346 -665 -1156 653 487 -539 696 125 -722 332 150 365 407 -614 -1126 49 623 598 591 360 426 -622 -529 307 -1042 199 -68 94 712 701 585 -499 896 -306 -1334 -1560 -1208 1099 -650 -79 392 382 666 999 -145 658 -510 441 231 -438 -1879 -181 -730 955 -948 651 289 -680 -1003 505 964 909 823 385 583 -656 -319 -602 1772 -2007 -407 -239 150 -465 824 -205 176 1033 -134 988 -819 -486 12 763 -561 -565 311 -821 -2231 730 809 321 -593 -236 -280 -593 108 469 1907 37 -1047 
-798 1132 -266 -56 175 -673 185 -349 523 -1042 -71 518 2005 -140 309 -400 -392 682 210 524 -349 -1265 -514 -549 808 1244 786 -926 608 894 577 -90 -326 -906 -796 982 403 101 -30 -1002 259 974 60 -1615 -202 1078 394 -487 1060 650 -333 -2486 504 459 -1507 1020 -1367 -474 123 -102 -772 -602 -884 -59 450 -1098 1206 -761 1544 -324 -759 1895 -1226 -491 36 -741 -265 1304 -409 -108 776 322 204 -320 810 -149 -1689 -779 -208 1283 318 1151 1164 333 -706 -698 1274 49 -99 37 -455 -700 -1366 -994 1514 -456 1692 1093 -1857 505 595 856 129 862 -531 177 317 -136 -408 156 713 251 -403 1428 636 339 439 -766 -1742 870 -336 -593 660 124 454 -120 149 -274 -502 1641 -388 1003 1439 -888 -512 1372 58 463 499 937 533 -490 366 222 69 298 -376 545 -394 -857 333 -463 -283 -1495 -1108 -126 -301 348 1450 1547 432 137 784 310 -413 -1345 511 -861 -363 404 870 223 1383 -575 -487 1240 226 781 1287 463 -1007 -943 197 -160 -174 1027 291 -770 -1924 -377 664 916 362 131 -529 691 197 -817 -763 -22 -979 -520 -1581 69 -182 219 403 -71 -70 -604 -873 -499 -1370 -723 1008 -33 -435 -1784 -951 234 145 771 1119 1289 -582 -628 280 212 305 -1349 -414 647 301 -1209 275 -629 -278 -400 -1251 -1474 223 611 -1058 514 -1079 1268 1416 -358 1566 -789 261 -865 72 -280 -28 225 909 -1135 -508 -615 -1001 -2 1183 646 648 126 335 108 -678 -34 41 304 159 -516 539 -885 1979 885 803 -596 -385 830 1539 466 429 -250 632 1268 666 -708 372 -924 1231 412 -237 861 -807 -435 646 140 98 -76 547 -124 -997 1368 10 -98 189 -492 1094 840 -587 898 353 409 -239 407 816 671 -616 -1041 -655 -33 967 149 165 -655 -582 -165 -855 37 465 -589 -834 -1160 -294 107 -380 -649 85 340 -457 -985 87 850 -1423 270 -146 -147 -1083 651 835 -2052 1165 -592 -789 -98 -1271 -478 164 -683 -10 820 -126 -1238 -703 427 -681 -398 -145 -346 1450 -34 660 703 795 892 126 697 1173 256 -182 543 546 -1031 1191 -693 -1369 -1144 
-280 552 478 -744 216 190 -1213 -101 -380 -835 -895 -207 -350 -603 -694 -509 -368 176 -181 -211 -517 1145 -6 10 1058 -580 -1037 -1021 -57 -461 283 -435 98 -425 -119 -489 164 -1558 -501 -95 -1301 -838 -884 1014 901 -346 2031 -53 415 -78 988 -880 1053 234 30 -156 -962 649 -52 2249 -872 487 -467 581 -1386 763 860 -753 406 -288 -1091 833 -1209 687 -893 -572 28 -553 -882 926 -665 -656 -611 417 -643 1431 -410 -89 -235 453 651 -685 -34 -1412 -1130 -84 -629 489 -1066 788 91 -1364 162 453 2610 -246 -345 -555 -512 -397 261 951 403 -383 505 -205 -610 -757 -732 -382 554 -500 1245 91 -1 515 -658 -249 -514 754 886 -375 553 -161 -227 -439 100 169 800 372 -255 -14 -594 412 -1308 -401 -132 1127 -755 1440 -1551 -214 133 158 973 -1599 361 -494 413 -346 -5 235 -250 -180 1262 374 643 1277 -901 -595 -1395 -999 -781 -270 504 954 -1072 481 174 -65 -90 -847 -193 -903 -157 1089 -267 319 -711 1134 154 -129 118 -647 -787 -656 -849 1440 1120 221 316 -2 602 -762 676 480 674 288 -1022 -1132 -832 -997 534 -642 -1544 473 -863 139 -119 -671 -359 -1254 306 488 801 -270 -976 680 255 37 738 -1109 94 -671 -125 -635 -339 -114 355 -701 -230 -387 58 -1066 133 662 -843 1394 206 -901 1684 -390 -713 -1361 -259 -345 -943 -371 463 328 310 -1339 -144 947 -717 199 838 774 -994 706 153 458 -293 -225 -861 702 -461 -800 229 940 -1169 877 466 -1651 -1724 -304 -706 856 -859 187 209 468 -277 -1275 102 327 -256 841 763 509 -1164 -391 266 -315 277 -749 -916 1002 -519 344 1040 -1632 -514 -289 878 -207 621 640 -446 -400 556 -1166 501 -640 -1106 -943 333 1296 580 376 -372 1287 -825 -364 439 -78 -684 337 -1403 -292 -318 534 323 -224 149 -686 -268 -47 -367 -277 -289 -521 -682 96 -938 -326 -307 -912 -1325 217 1731 -1102 210 -157 -116 697 104 -782 297 -1305 -854 -492 3 -195 359 846 210 292 -930 -954 140 500 33 587 319 558 -456 -242 -1322 -418 431 153 251 521 -699 1329 -1043 -602 -986 -1047 
-650 -1170 970 -23 -1001 766 -323 291 648 -74 784 285 483 1119 935 -329 -1485 -69 885 1476 238 1240 -1106 -620 -474 1147 -189 219 274 -359 -956 -28 -233 -984 1100 -178 -1007 401 83 431 -525 748 426 -465 1102 -64 -1090 199 -119 -69 -1779 289 -1284 66 299 316 -6 -382 -719 -23 167 533 -649 1539 -968 -454 -640 992 202 -31 -1126 -9 -1174 264 432 -304 120 -700 -1283 -206 885 240 718 153 1445 369 -827 -847 -543 -273 543 247 357 307 224 -257 -10 -1075 -894 118 -334 158 -140 -76 780 -368 941 1008 -974 539 815 -986 1576 -790 -1034 220 614 -1497 744 1759 -235 223 873 -155 465 973 271 1028 469 1026 -1547 413 1139 448 -1650 363 551 -284 -354 -198 244 1891 -499 -331 955 -55 407 431 813 574 -514 -251 -151 -608 301 -141 65 1047 -617 -154 -608 652 29 -300 208 464 385 295 1951 1444 -200 982 -78 -518 797 -436 123 -402 430 6 -537 -2069 491 846 43 607 -554 -55 -86 3 -201 -738 955 302 116 -496 234 83 1733 -661 -518 -3 -366 -644 -925 -1354 147 -472 293 -182 -444 431 55 215 306 372 966 -1823 76 -2 -828 -60 -385 -625 133 -248 48 -49 1143 795 396 -238 -694 -1601 -1600 242 100 -431 204 435 -29 492 936 -363 -1269 -785 2064 -1064 -1041 -1742 209 -348 367 -170 509 76 -217 804 -675 1405 693 257 1170 -1772 -660 -660 -149 1484 158 246 678 779 397 190 961 1070 49 285 944 -879 1020 376 -57 -97 1124 -429 873 -318 -81 807 666 -102 -378 -462 -340 -64 -285 -805 881 -358 -280 451 -537 -355 -1845 -541 755 -497 -50 -764 -214 -155 1636 -1186 1649 -490 209 888 -499 876 190 88 -531 -31 645 -798 49 -678 1266 936 -1278 221 1016 405 -715 112 708 537 1073 -874 -313 -56 -89 1182 -1271 -241 -396 -655 -372 429 508 15 -556 1063 1317 -585 1403 1044 252 -575 76 651 218 691 -788 307 -1050 766 -259 -127 -114 -815 -449 393 897 140 89 -479 632 227 -475 -372 -1028 -799 673 -455 767 -706 -1105 1087 -927 252 314 742 -372 2046 -547 655 -357 -223 
420 -1083 37 168 -1356 -764 581 27 -67 -532 -471 174 -84 112 -447 228 336 -11 -151 -132 -351 116 341 401 280 1046 1506 -241 -1392 171 -918 677 -367 -218 -646 -581 1001 1090 -465 567 -1995 376 637 1516 289 235 865 35 -533 226 572 -50 116 -411 565 -201 -1418 555 -1383 -838 -208 721 76 1202 -837 -474 663 -402 -405 -216 -361 -432 -79 635 180 -756 210 593 1020 108 -396 259 86 1306 -488 1028 -308 432 189 1288 -515 -458 413 -531 -991 -37 367 -650 -50 763 2195 -799 -109 -461 28 229 -740 -7 75 1342 -1861 304 -678 -965 -350 111 -47 1125 30 117 -889 290 501 -47 75 -199 -803 -241 -964 282 -217 -582 -1179 142 462 1302 -280 -908 458 836 -833 -352 -650 740 215 97 -1249 -786 672 346 726 -497 -437 290 -1918 804 296 236 -404 24 1113 -2055 -332 480 -1088 12 525 -679 -1881 886 -247 -290 -453 -866 -325 120 -74 657 -1202 953 -978 1004 -219 -1300 -656 -11 55 367 -219 -919 -76 -35 -1428 24 -607 -1241 148 903 241 0 -59 1039 1312 43 -435 512 -1207 -195 -61 1837 -978 209 193 -367 -179 -565 306 -423 66 192 411 -1473 -1094 1075 -328 1366 1047 -320 515 525 629 -280 516 -535 -159 -392 -89 713 -64 -567 422 1431 -664 -601 881 -1173 -622 -945 -430 91 450 371 242 521 -1266 -163 -865 -420 313 -277 76 698 490 1342 -140 -346 61 982 390 247 -470 119 -513 433 -1131 1473 -247 588 -69 722 -878 27 523 -889 -822 49 431 369 -565 421 -758 -113 32 -348 -718 -90 -1096 318 -1235 267 845 24 -621 -412 -9 276 -347 70 441 -963 -1068 234 809 54 -246 -628 185 557 365 146 741 577 -94 -580 1235 -1320 1473 -896 810 388 278 355 217 -1012 812 -129 92 545 -595 69 746 -581 203 211 849 1012 -205 797 185 -188 -175 -1336 370 -17 416 -11 -1309 367 -521 -538 -165 -92 -282 710 -1064 -660 429 -507 -1702 -396 -1192 -634 -790 267 -890 1240 -114 267 269 1110 -2021 -681 35 358 -35 -495 20 -377 484 -1019 -212 -707 -565 1008 -625 -176 502 -1331 -241 -1612 
1526 -968 468 1598 -693 62 71 -1005 -369 -11 -392 587 -986 -650 -583 709 427 -1019 1227 -357 811 -508 288 -11 528 -450 1300 430 -154 -892 -1021 -1271 -762 506 -1209 397 364 243 -418 290 920 -284 387 -153 -603 -301 773 781 -88 -252 173 141 -243 288 -1597 -270 925 760 278 500 635 -106 -623 -217 -1016 -425 -544 304 1632 -1042 2137 -1045 -125 -1025 315 1421 -613 -1390 -597 586 14 80 381 705 240 744 304 -59 864 614 -1232 99 668 274 -920 273 555 -359 -30 15 209 679 -1118 -518 -160 -101 -528 -959 738 -422 -366 143 675 -212 184 -554 -422 135 -579 -607 742 27 -452 382 292 400 623 76 -15 61 -454 671 -312 314 261 -852 97 -170 850 889 -445 1431 166 -658 -155 -50 584 1074 -378 84 235 -378 -62 -205 1534 361 -1292 439 608 19 947 -436 779 -219 312 -357 -618 -697 -9 584 -253 471 429 801 606 192 1175 10 -350 126 -455 201 778 -122 -1063 76 518 -160 223 275 1519 351 -555 -71 328 151 -687 -1272 -606 68 948 -955 542 -501 188 -25 566 -1 1121 -6 941 590 -476 -124 -96 258 526 1148 604 -179 298 450 458 -604 -222 -208 271 -1458 504 -1223 -332 423 1041 -69 -420 -1046 -493 1128 140 990 -367 364 -149 -724 -865 -1028 -1759 -143 -1977 680 -951 1406 1624 148 -477 148 200 -1351 333 -1194 -785 565 480 -340 -447 -1459 1237 593 467 17 -97 1345 250 -1474 1041 1005 -352 -569 -422 -92 -164 -271 -1108 -1137 356 -303 885 -378 189 -574 796 -1258 -1396 854 -943 -189 173 341 576 -295 10 -149 -1226 -1019 852 -612 -328 202 -143 709 247 210 385 -184 524 -1227 1078 -545 -485 -570 -882 -486 836 -959 139 273 1298 -881 909 -107 1123 135 55 -1095 1513 -474 -380 1660 -111 -212 598 -570 -432 -957 -505 -633 1132 538 247 -668 262 -109 664 -152 115 567 654 1328 270 -376 818 656 -217 1343 423 -624 1050 -730 603 775 137 1650 679 1188 514 1400 -1105 704 -473 -1153 -448 -828 836 416 810 72 -313 -631 215 515 -1057 -312 242 917 581 -617 872 -360 -1186 -803 
129 1350 558 -33 304 629 -204 -880 105 1767 23 -420 -456 -982 212 739 -142 341 -414 1421 -107 1175 609 -446 580 892 -271 -1322 -33 552 133 -592 -857 -460 175 347 -198 -389 451 416 -2439 -511 821 244 -593 -375 30 -377 1056 -41 275 -726 -278 -196 246 637 134 -151 -673 1331 418 291 -620 -37 142 -460 -465 824 525 369 1712 -4 289 89 1040 -313 335 196 695 78 243 -315 -302 116 -381 76 -420 65 450 270 1317 -897 -258 -692 -453 954 -717 108 -1292 155 427 543 488 -398 123 734 -292 345 204 -201 904 262 -139 -1114 288 969 656 22 -869 -281 774 823 860 527 -136 -3 -687 1178 -735 494 -482 565 -813 -417 637 956 749 -431 834 -2129 -1438 -938 -180 18 -470 858 -401 -492 -911 -722 249 516 1395 123 -695 -234 -365 498 870 1428 -558 1157 -129 -803 -437 370 381 -61 -249 448 530 -147 609 -282 -142 -690 -571 -371 795 -230 418 688 -114 130 -186 659 -640 499 -416 -498 -1040 -158 -1803 359 -341 -756 -1334 -1066 179 661 1059 1629 -140 242 889 -849 -442 -342 342 -643 418 -1046 37 273 -156 -1301 -82 -320 -370 1013 1388 -317 84 -830 -845 -552 1143 -250 -670 -241 -262 30 -259 -454 885 -396 -43 299 1241 -520 -844 -686 -819 617 -519 705 -1067 -117 93 -587 231 919 -594 880 -800 -235 112 -1397 580 1149 26 109 -742 -552 -190 -321 419 -172 337 -92 451 -156 300 250 454 1160 -25 549 -377 -214 -698 -499 520 335 846 -80 -102 845 43 -40 -1121 552 -177 347 -408 -283 831 -213 51 532 147 -147 -642 276 -1011 818 -24 1608 571 -556 1362 536 1196 -361 1383 -355 -390 -1032 1718 156 -419 378 -757 -785 616 1134 152 -867 -872 23 165 -235 434 195 163 998 856 -381 737 1307 -1046 -68 33 -938 -82 987 -74 -787 -550 -930 -865 1041 477 -1010 -611 -314 387 -105 -788 313 -317 -767 979 -123 130 -375 1407 159 152 8 150 653 -114 -1214 -221 -18 621 -376 1134 383 533 -1930 397 -57 -451 -635 643 797 315 -1194 -520 733 -1293 -292 915 849 526 150 -416 -855 
1388 -845 -743 -257 -271 385 294 -707 -1672 875 324 648 -801 935 455 -1768 547 -570 1120 -211 523 196 -199 -977 -269 -676 -514 617 380 -432 -935 -1384 299 -37 1232 -1010 118 -58 170 463 1349 -430 774 1100 944 -371 -1035 -860 178 -178 -497 67 -614 -404 -886 412 450 -915 1425 1414 -769 -1280 1180 297 262 -1339 -843 625 762 -351 1473 177 919 422 99 652 1820 104 1159 -991 -701 -518 -1367 -302 -332 -395 1223 -392 585 -170 -688 -64 192 329 -1628 -154 -1618 365 362 -787 -574 1113 539 1145 -254 -811 255 370 -674 -143 110 -210 -1792 -544 28 -308 426 -1567 -493 -1010 -755 -934 -504 -601 885 389 424 643 -14 -998 -338 -338 -1864 -19 -406 -239 518 1460 -1224 641 -845 -517 -245 1324 -263 -261 -342 385 -1151 65 -390 -92 1180 942 -509 625 -530 -418 -364 789 691 1658 754 -403 636 747 -323 -501 766 -221 -10 -727 -90 -689 1216 1202 482 -507 447 -1044 -161 1198 185 136 345 106 104 -875 85 579 -830 1660 -1276 262 -1179 80 -234 -1551 595 -579 448 520 -517 1536 1303 -609 268 1171 -370 -1354 -539 967 -336 307 -1493 1659 -563 -6 -1391 213 -375 -859 -67 -777 1440 -517 632 721 1181 -1567 -121 -258 -867 714 822 779 -453 336 1087 291 -15 -927 339 -134 1024 1132 -180 224 1465 -14 710 -1094 -387 -4 -350 790 728 -374 195 194 435 -186 -619 -893 284 -255 330 714 668 441 746 899 -150 -411 113 -2247 -720 -816 267 529 1025 642 485 -91 697 276 -70 245 -998 1000 557 -47 302 -884 575 404 1046 1136 1483 -504 -1546 1689 124 716 850 262 -757 -779 -555 660 18 -355 240 680 421 675 19 -1359 -80 551 -1031 218 1038 181 -72 -546 -639 251 226 -286 -5 780 321 663 1265 1819 -644 -527 -1397 685 185 83 -1191 401 277 -1074 805 -1225 123 1160 197 34 -8 -62 -657 -676 -663 -387 671 -784 -151 -1 1026 404 454 -602 657 260 689 -850 581 1116 -725 669 1199 -909 -475 -1476 -567 425 -309 1719 -305 -726 -701 89 -204 352 711 -300 188 571 377 -346 -613 -869 -776 -16 -386 -16 
-158 -359 -1193 -1454 32 -586 206 -309 -1585 -1646 -555 -835 -63 -1389 -1086 873 -113 -184 -270 1347 -479 -887 479 -465 1568 179 318 -339 544 -165 884 548 430 343 317 1841 95 99 -195 -73 -136 -874 686 -151 1320 148 86 -342 -565 -755 834 623 1134 -168 1121 -839 937 -167 -666 571 -1744 -388 -196 -489 -277 803 -68 198 293 1619 81 -1150 -81 -613 -1278 -678 -793 -354 -1656 -333 1611 342 18 -601 -1225 -129 -940 102 1061 -92 -243 -239 -192 619 -1864 -796 -235 -559 309 -39 124 -1263 67 -1 -278 -816 623 -949 815 37 223 -146 836 -812 1086 1437 326 40 962 759 -1491 168 905 -1438 -203 -742 -1143 -314 -278 271 301 1215 129 -515 -31 -1017 -172 -566 352 749 -481 -655 -662 476 146 -440 -379 510 -1470 -392 -598 429 19 -598 -233 696 240 -501 354 806 -803 -248 483 1504 264 410 -803 616 -188 -209 -181 -1173 -9 1023 198 302 191 177 -651 911 491 -287 1275 -782 -11 -697 751 7 443 -243 -1300 -292 -905 -45 -39 134 -448 -527 -797 -302 -416 -1323 -506 697 -123 352 379 -1442 -139 451 -1136 796 -1100 -589 699 690 -1036 -363 1464 -950 821 745 -953 559 969 -38 797 -319 -1764 -61 141 202 -347 -678 619 -1039 -2047 -651 610 -588 340 558 -825 381 -574 466 404 1037 -406 1565 -473 350 -264 -473 -180 -1051 -586 -372 -571 -322 90 -1357 -181 -474 -45 -696 -392 -32 -1587 1033 -1348 99 -346 706 -1490 1364 437 142 -504 250 -327 293 -1704 -446 -1031 -446 966 -292 -1366 423 467 131 1006 -26 -149 819 -247 -18 90 112 -1206 32 221 392 1333 910 -550 595 169 262 898 64 -233 654 -1210 -87 -1128 360 80 355 -1221 534 -991 470 -1154 1490 -110 -52 92 923 786 -6 752 514 348 -440 299 156 -421 -1444 759 775 -1467 520 421 135 -569 -331 897 434 281 -423 87 -51 -626 484 -194 1299 621 311 234 -1053 315 777 74 62 -6 381 -586 -1009 74 -539 18 202 204 -883 -204 165 -518 -259 -1091 665 859 535 -154 1000 -759 365 1764 483 619 1185 -658 932 14 -706 -1017 934 -1460 645 
208 -787 -619 779 -537 -478 949 694 286 132 59 -484 -748 1123 289 353 -162 810 1247 1128 -1835 -1265 -347 -601 -468 -12 -296 -530 555 864 -475 468 -330 160 101 309 13 -1001 423 -1611 -455 -417 -277 172 1220 405 116 -1022 -297 -121 -552 -156 -270 266 1048 -392 358 243 -38 -454 415 -1140 148 364 -472 -86 -197 1554 1084 -270 -252 -709 -590 -272 -144 -107 772 1163 428 -590 742 -158 -404 -421 -273 -1275 -453 896 645 -1062 -600 928 -902 69 -432 -1104 72 50 294 -957 479 -139 -533 -280 294 -510 797 188 618 826 1049 1135 -131 555 915 1555 145 -370 252 -402 585 595 -414 421 265 -524 -21 -282 685 -565 -966 711 351 611 -494 96 359 -673 971 86 -1927 -485 1360 -149 -400 -415 525 -595 659 975 -1140 26 901 201 914 -231 -15 35 926 -1544 94 162 1525 -652 424 211 -236 -1266 -249 1250 -652 84 573 -146 954 176 497 -177 409 901 204 -660 -625 391 -498 755 -983 -49 -1528 344 8 -830 -2 -44 576 690 -367 -741 -2326 1229 122 510 68 494 -468 352 -472 8 762 -97 -30 623 -1094 1186 -483 152 801 244 -21 763 -315 -329 75 -598 1924 -1236 878 -716 538 964 1850 1075 421 545 -365 -32 -1030 181 -564 -748 -776 171 -1074 -173 -107 90 1699 99 -422 -710 193 -129 -600 844 1867 -390 831 58 295 420 201 -1232 300 426 13 -72 -931 -1425 -627 -1042 319 -24 -6 -387 -436 735 -373 -126 -134 578 496 -812 -413 -609 -921 -553 447 305 -37 -495 74 -293 -278 628 660 279 -853 402 -473 37 752 -244 245 -1157 217 -822 180 -274 -760 -398 -205 666 583 -773 -521 1197 94 660 -1231 -110 -256 102 735 -701 -1588 973 539 650 113 -229 832 -387 -1795 -94 -127 487 772 -716 -549 442 -341 102 299 -413 -660 952 -1000 314 4 -230 1025 -333 -216 -1212 572 -169 -42 -283 714 -101 -158 -821 -1014 -1347 661 260 -468 231 258 502 222 -760 -328 -472 43 1916 -653 -516 -306 -104 379 -314 506 454 -838 676 -97 238 1060 388 -601 475 -987 -947 -241 -1064 -1214 1340 -55 -343 
-515 278 -402 -439 361 35 -16 71 295 615 -775 -267 -527 -49 974 -311 -650 610 -1905 916 -1040 492 -192 -621 1414 -396 -341 -547 -886 -344 177 -978 85 22 1270 113 761 -588 183 484 251 -486 -430 764 1210 -990 -257 -110 -433 -138 942 -349 150 -2848 -1558 221 48 -822 -882 -42 -177 -1134 -213 849 484 351 50 286 914 651 844 781 248 1077 800 -1071 952 -164 365 613 -197 -969 272 -149 -223 471 -1700 -933 -784 1289 -111 662 -1176 330 127 1495 458 -826 50 -331 -198 764 652 -197 862 -282 1053 1010 -119 -707 -1109 283 -377 572 537 1416 877 -530 1204 319 -534 -135 -324 135 225 2506 374 -1590 -846 362 -846 302 -180 -1077 -234 -1395 -684 15 -354 -384 25 428 150 -298 537 -520 1464 923 231 -1076 -351 144 -296 -69 259 621 -1653 -983 282 952 -714 -1417 376 -44 721 1190 269 733 -644 -334 299 -821 157 320 -40 -330 -246 -99 97 519 -516 569 -624 528 753 1178 482 -21 487 -276 -324 -652 -710 667 -18 1299 -5 134 450 -496 608 140 106 -204 -310 -925 791 641 719 686 121 -275 -314 -809 -835 316 -260 668 -577 702 677 -5 -1364 -25 -284 -67 -875 324 -396 -1465 -1643 269 -194 610 -654 -66 -14 1544 230 109 699 -664 140 -262 556 1050 -431 978 -657 -316 -63 -322 -1958 -186 -1233 318 -477 78 -1244 151 2108 122 86 1004 646 1302 722 -111 -469 -251 112 675 39 -1184 657 1375 -588 -986 1162 -205 -1055 -506 -380 -150 -651 -672 155 418 562 -317 1113 323 -1088 -1401 764 1256 508 -703 9 1678 738 -687 -324 1308 1309 -277 -681 -621 698 925 -27 -937 -259 -719 389 656 -569 1004 744 -616 60 651 430 707 845 848 321 -333 875 88 384 -266 586 -434 302 -75 77 -2223 533 -914 1125 1160 554 -307 252 -1102 -49 -744 -656 -39 -1224 -1454 -465 33 649 -814 1653 -848 202 -512 -798 1267 -129 -422 -1389 -431 -273 376 -430 -116 -53 379 494 1016 536 -648 -882 628 -73 -143 957 -801 1023 1150 -17 -80 -263 1051 -1215 94 682 -492 1297 433 748 896 1718 -165 -621 -373 
-282 -210 -138 -252 -1994 651 -325 2340 -43 1532 -80 1379 1301 -290 268 606 173 219 -23 23 849 1 -478 -1233 923 -290 -1116 -473 607 903 -1105 -339 -430 438 840 -1351 52 -525 80 51 630 904 576 -393 -339 -328 238 -182 -716 -789 167 494 -1325 -16 -442 92 214 -1254 -411 -749 -1495 -860 -160 -662 448 -675 873 1491 422 -1202 -32 -538 690 -535 -834 -766 -612 481 -46 -50 -138 685 588 49 337 -845 -709 -1544 -346 240 -77 -246 1019 521 142 1612 153 231 242 195 -48 171 -260 402 1138 -123 650 -491 -629 173 -634 89 318 -784 326 -206 1503 1123 -36 252 161 756 211 665 2250 -119 44 -208 515 924 -1125 -780 1663 793 825 82 743 -41 100 314 -718 -426 385 950 423 506 -66 91 211 162 -394 -716 1136 1010 -43 506 -299 -531 -855 -2224 -287 -63 827 -2471 160 -1546 333 -616 -525 291 -403 446 388 -74 -90 596 257 -125 -422 -319 -107 -18 69 417 542 -957 -527 737 886 674 -248 -390 216 461 -153 -533 -653 236 321 679 -654 1406 -1097 703 -1809 803 557 132 -516 984 1523 -150 1467 95 -656 -25 1161 253 -472 364 962 -417 -947 -520 784 814 719 -168 -168 -618 -958 216 -228 1067 517 668 -349 -936 -264 -298 -52 -1002 1130 50 1749 1098 183 -829 -180 -1033 -348 -550 698 546 -118 -301 -163 -241 -738 -752 5 -1094 214 -1500 -904 1928 209 287 -173 775 76 603 719 717 -51 -6 596 173 -80 -525 -545 703 -1224 -176 269 293 246 -256 166 -216 -401 724 -515 418 582 -287 -336 -766 831 100 1024 1169 -1713 785 -466 -921 -582 687 876 -1173 -465 344 620 -1313 736 427 -573 183 -191 -574 -502 -735 -1065 -1012 529 -392 1906 -637 473 -367 298 71 -324 -671 243 -404 162 200 160 -912 47 1566 291 333 -665 -978 -56 -954 66 1328 -159 -226 368 -51 -170 304 -1966 -519 -392 -136 -87 136 247 1219 183 286 480 -660 -128 771 542 1166 -431 910 304 -526 -59 591 -1958 -53 -492 -588 382 -142 -480 4 2581 -122 2287 -398 -57 -562 5 -403 341 -335 645 -786 -1284 12 
-203 -448 396 1519 564 -717 1361 -231 -758 82 24 323 -553 -16 -250 -942 742 -228 -568 -461 -1005 447 924 319 -510 -1030 826 -755 -1445 930 726 222 -562 -644 470 252 728 -65 -134 -479 -595 -244 679 -903 -217 -120 360 -422 684 -562 -381 -9 948 247 -53 894 -31 69 176 469 176 -259 822 109 347 394 -233 -548 207 -194 -95 -774 631 832 415 -112 143 689 -403 -1613 233 -456 913 132 -419 604 344 -12 -274 360 -136 580 -480 -560 -933 -770 -131 258 417 239 1029 517 -92 168 289 -327 303 775 151 1725 655 -161 -385 -145 -603 -17 -589 -940 -59 -204 -1072 517 -1130 505 58 -511 60 -592 667 531 -446 2235 -1247 318 964 -178 -183 1741 169 -455 213 85 356 -178 -566 622 -473 -1475 -297 -827 355 373 644 2128 708 -248 -826 -845 1456 -184 41 84 196 -528 -369 45 -533 865 524 1277 373 -159 -151 -44 -496 11 1798 -311 1380 1696 -59 746 2308 879 -838 -342 -897 1294 -36 -585 769 -660 15 -904 1185 -447 -760 -922 -263 290 854 1095 643 610 486 459 -94 734 -743 1281 813 -104 641 -1263 -191 -1300 515 821 1356 762 385 -781 2348 990 -308 939 -64 62 358 243 1530 -132 250 174 -1398 -344 -511 859 1039 -144 1475 -679 -429 -1235 977 343 -444 1102 940 178 -182 1616 -837 -188 -1211 -708 58 -1446 421 -218 787 236 -1634 806 -561 -238 -773 -620 -11 926 36 -431 107 -1024 -795 -1081 752 -426 -645 -804 1015 152 330 -330 -964 -120 539 -194 -393 -1143 570 232 -494 671 1075 689 301 1 -1058 164 423 -997 1490 789 -1147 1477 -787 -847 -632 -518 177 -566 829 75 309 28 860 759 -2 998 -373 1373 65 338 208 -835 35 -291 644 -681 1541 661 -765 -204 -1054 281 -383 -752 -965 761 -566 287 1001 -248 -501 2021 -305 1272 411 -116 441 -802 -1638 -1307 394 -559 541 -112 -148 214 -195 -784 -304 -82 371 -505 40 -438 -769 -1403 -430 339 -1187 -298 -304 957 -520 -463 1456 -369 566 259 596 -132 1056 -63 -478 1074 1038 -377 353 -599 855 -883 -333 -1068 -607 -49 327 -790 
298 50 -820 -536 991 -20 -558 1179 -703 2 -351 -1250 23 1444 57 845 -976 -71 909 -571 1394 1187 30 -2309 -560 871 429 19 622 -1241 -367 1205 -491 -1306 195 -685 -312 -318 1161 -17 1100 -193 -46 744 877 -1547 519 -6 -72 -480 264 -232 590 -1223 1070 -407 -109 -1600 584 1375 -419 441 -99 -551 -873 -437 653 -963 257 208 -123 -483 -741 -611 -1938 473 1136 495 -199 -957 -433 346 -342 437 427 -866 -441 -917 152 -1647 715 302 -1413 384 1314 -1097 -939 -1053 -309 1806 -758 932 -244 293 -210 -327 -376 -1359 -351 1806 220 -59 1 660 462 324 -791 396 -718 -169 610 295 -305 1174 -729 523 962 -1331 451 294 803 922 -1537 -687 113 -457 -94 497 -523 -732 -438 61 503 -294 53 -529 -896 -1282 922 -976 75 -728 247 1266 -1449 583 1209 -587 -469 -1154 317 572 364 -627 -490 -970 -474 129 -1765 527 93 1011 310 69 1179 -293 1050 -2062 2 -120 -1787 694 12 550 1195 224 455 -25 -184 -1188 -383 -299 115 -76 -379 -1173 -1589 -904 -380 -1287 -349 933 689 1330 -120 1044 -359 1151 604 1286 1453 202 1130 1668 -1103 -230 -896 839 -118 609 -19 -1121 -392 -701 -934 -769 1001 194 492 201 178 1392 908 -332 35 -140 738 -369 857 941 95 -568 330 167 -355 250 -77 1681 -1 695 1091 243 -221 -751 402 697 595 -18 358 -550 -1286 995 -528 276 131 130 563 138 -411 -76 -852 -30 -329 537 809 -1237 683 632 -548 -100 500 -88 -634 -566 1066 247 -430 -31 -138 -516 -1710 -364 -180 -35 -561 -515 -174 483 387 -1038 -151 -353 238 -109 -969 -311 -150 355 -175 57 301 297 368 -222 -158 1336 327 202 -600 25 570 768 104 385 -69 -279 -652 -1024 411 836 -530 18 847 1886 466 708 134 454 413 -242 -529 1382 -590 -759 -490 -47 -855 -1076 -859 -390 953 1610 -681 -578 413 -667 1893 -242 2658 266 821 34 -813 -82 -37 -274 1003 -163 -81 417 -177 -1100 -647 -1789 22 760 434 -724 1434 1100 -407 -789 525 1091 -1355 177 -165 -821 25 144 -42 710 471 -1662 172 -1517 -1306 216 -445 363 
1469 1469 96 1124 1263 -1231 704 -1188 814 -471 -994 1087 -637 -109 52 -525 -1119 -669 -349 -431 -1147 -134 621 304 1830 -25 736 -212 -291 -138 270 -36 -710 -184 75 -490 323 100 -505 1027 -36 246 318 519 -444 -638 161 52 -580 -509 -292 96 214 -399 -850 -1157 1368 -1092 -79 1298 -719 -259 -805 1923 482 -385 -490 432 910 -418 -292 525 -265 -483 -936 -1008 490 -298 319 -209 660 -1011 470 1131 2484 2004 646 676 -778 1454 371 367 1466 290 -89 296 759 72 338 -1180 1966 -717 614 -580 -1206 -348 561 457 553 -210 104 -583 473 61 -280 372 134 -470 699 -299 -144 138 -1042 -796 1599 -78 317 18 -780 -748 -530 -997 348 147 469 558 -897 199 23 1290 498 -137 -1300 -259 1291 -323 1070 620 71 -108 -11 479 -3 49 -23 473 362 552 462 -695 515 1283 853 -199 81 -408 590 -197 1019 -797 -156 -850 78 -273 -88 174 -227 850 68 113 958 -397 479 873 -499 -1458 -104 415 -63 -1163 129 361 -1079 -173 1429 554 1711 152 -199 1108 1264 -1209 391 430 -984 561 203 1488 252 -555 -322 -199 -650 216 -764 -237 -729 233 -1219 -387 -642 -637 106 -344 841 -603 -1829 43 801 -637 -102 -712 -29 1084 579 514 -618 56 -763 -1270 -876 -329 429 -347 -501 1849 -281 -321 27 192 1298 -75 575 384 -115 -882 -1668 -227 893 -1018 675 931 1030 1031 1591 -230 -205 -775 -74 81 284 -22 -246 -1912 1334 1219 -545 -1204 1244 -590 -721 775 -614 504 946 245 73 564 345 -401 309 646 -183 -880 -445 962 -168 1179 1280 -505 -471 2045 342 450 247 -553 341 15 -251 -920 -524 730 490 -712 337 -722 -414 -199 -1055 434 -34 498 5 440 -106 465 -402 -279 405 279 -121 861 -617 -46 144 -130 951 -541 424 1255 -278 -356 -634 -660 584 -731 810 -1114 -90 -395 -1366 -731 -166 683 353 -829 -1073 -339 649 136 -1419 -492 550 971 1072 -851 465 553 -1256 1460 1265 1227 -153 2 -82 466 -55 370 -1211 1246 666 -579 -344 -622 2526 120 -763 674 -1616 90 239 -471 259 1082 -60 802 -199 -522 44 -396 
-348 313 300 -164 -467 620 -1073 1950 1031 -782 -246 -935 -493 160 527 558 -101 356 -152 1729 322 449 352 -627 -843 525 -304 -852 34 -680 -488 -1142 216 -747 89 -676 -132 1082 -653 854 209 1131 528 1026 88 -427 -1048 396 652 830 1483 457 -296 1326 280 -1245 1029 -461 -1515 -896 367 850 -487 314 -1333 -50 820 825 588 522 729 782 -860 1404 77 303 557 545 -863 -457 902 -395 68 -336 -66 -549 -140 750 -242 631 -256 -628 642 46 596 748 -188 433 63 -1016 -144 -774 -160 -54 -1120 332 -265 -120 66 974 -267 154 494 -780 360 -31 537 655 551 -585 -858 765 279 272 -379 -534 -417 -862 205 1753 509 242 58 -537 655 190 608 773 549 -607 634 909 1057 -1341 138 1524 -473 594 -1009 606 543 -429 224 -292 -1015 453 -815 376 246 -286 892 -1096 207 -243 -902 -73 192 999 -240 504 -50 -1050 -545 806 -891 -103 -1642 529 -331 -844 -184 454 -565 -911 25 -247 -34 191 1147 517 -1270 -16 -300 10 -708 -1329 506 874 536 300 -321 483 -106 -1815 131 800 -802 -566 43 -322 -667 -669 369 -1163 -463 351 -188 -1251 930 -254 57 -1907 489 347 379 117 437 -13 423 36 68 1369 -1517 -239 70 855 -677 -1878 1355 -883 -573 537 56 -39 -668 -469 -437 1081 367 -272 1124 604 -357 379 154 816 -804 -1415 712 1244 -595 -367 -365 823 -572 805 -37 -385 -684 665 -585 -725 847 1506 536 -585 170 -740 580 260 404 -1380 314 -762 998 -201 -249 652 -194 1309 429 -814 -732 -28 238 -314 -438 443 136 662 613 -1328 -93 655 290 1017 790 -509 -1294 -467 -997 -422 -620 -13 795 -1363 -598 -433 718 -94 539 83 -1886 -51 560 -701 218 -467 -576 -654 -305 -592 -744 218 -1343 1515 810 -713 257 949 225 244 -11 518 -951 -1270 680 -642 -135 343 -1217 85 211 782 778 319 -1844 -1394 -554 570 462 -74 -796 -229 498 -190 -201 294 -136 -111 -176 -309 -205 1057 -1801 -4 1231 207 1185 -419 600 -574 371 -143 -515 868 -897 847 -1299 -1388 1224 -1130 709 -228 -322 252 -1273 -1247 -96 500 
-508 -397 690 1511 -415 -353 427 124 -147 486 -200 1565 -227 117 180 -562 800 -256 -1451 454 265 -401 -569 606 921 -270 -29 -186 503 967 -1005 -502 -358 1041 -680 -30 187 -178 -787 403 1460 178 154 -516 793 -141 772 490 -934 781 388 -325 -1528 564 -36 1009 474 669 473 1100 87 127 -780 17 118 438 -1236 -79 -1016 451 386 -277 219 1432 472 1352 -801 -220 -419 1120 -160 30 284 -650 -832 197 828 70 233 1117 648 410 564 -699 941 -2009 -271 -998 -735 -135 -313 283 1138 162 -1426 -188 378 105 -701 807 -908 -46 528 -796 963 -537 1433 871 -531 347 874 -148 -319 2049 -180 849 1206 1192 108 -457 -1147 93 1137 -1825 -203 -147 -915 765 701 -1199 938 -115 -355 -561 602 599 -17 1031 1022 99 1364 -888 -116 -995 -91 -140 -223 230 38 920 66 -153 -60 -83 -79 -800 1897 321 605 -1247 -610 -626 -53 -122 180 1797 -11 390 -846 7 8 541 425 632 -596 -381 -619 582 560 -467 -193 431 -1745 157 18 385 -1767 527 257 -322 -508 -218 -409 1283 -770 -5 809 436 975 1089 1520 -911 110 -677 641 1115 1137 -48 225 -150 -1657 1105 206 -1029 72 -98 -564 -358 906 41 406 -1118 -784 -324 244 348 414 624 -733 148 -69 -789 900 354 -579 468 742 -1227 -72 339 494 -354 -596 200 -247 209 543 118 -1022 -95 -342 -1124 -838 1160 -831 725 358 624 424 1351 -39 646 681 -1693 693 132 -692 -326 717 395 -494 -1899 0 688 1072 -167 -1032 -145 175 212 446 -621 -492 -365 73 -657 1148 -595 -946 433 78 -612 99 1517 -382 387 180 -235 -602 337 774 653 -500 -374 41 -599 -515 396 1537 149 -246 -439 842 -118 714 -1279 1179 667 32 534 -357 960 636 -315 793 972 924 -212 -798 -335 -106 214 -76 0 -454 277 276 1296 -258 586 796 -1200 76 1227 29 464 456 -1113 -481 -747 -43 1676 -430 626 -20 275 155 -361 -435 774 353 -138 -934 -194 1372 -244 -366 992 -564 925 -122 1118 -170 66 1366 -420 -558 430 1286 -934 642 -457 130 172 -163 1557 501 386 -328 -196 
-928 535 44 -263 74 549 -1196 981 97 -581 -418 -139 -1161 -933 448 39 -283 774 -631 -211 504 535 294 846 1153 -87 -754 68 268 -871 778 -297 -1242 66 920 -296 -615 1103 -428 537 -412 -582 -673 581 563 947 -846 -129 19 74 45 -616 616 -1132 -639 341 -1082 -1427 -286 351 1072 -388 746 682 89 674 -952 -146 1135 88 411 -250 1393 -776 -220 -169 -23 45 380 -553 668 -2402 -486 584 -915 -1681 271 -2100 -424 -413 -1021 -1450 218 201 77 -6 23 461 -638 136 -665 -418 -526 1947 630 -602 1815 392 -396 390 112 1386 -655 554 1815 43 503 -806 844 -421 -231 382 -263 -475 -466 -366 -179 979 -452 627 1073 -100 -268 400 -1006 310 1192 919 -271 752 -333 -290 333 1211 -904 -478 -175 128 66 282 427 -797 446 -1727 714 129 16 200 434 48 -377 -451 487 874 -1509 893 -813 415 170 1014 -258 -97 51 -1196 -56 509 222 912 -176 -325 68 -163 -1613 -948 1998 408 -77 -1214 231 458 -878 1412 -379 348 401 344 -1063 153 715 1102 51 -779 -1445 177 611 726 710 928 460 18 -488 315 -1387 310 294 621 -219 338 1175 440 1404 788 -537 323 -311 443 -1258 -247 134 -606 235 1140 -994 -614 -102 -3 111 468 214 331 319 -151 -1296 683 -1531 179 111 264 -1152 -271 242 171 -96 1225 -1179 -1040 1140 392 445 -689 536 -657 -47 -1214 -262 -97 714 -594 -1041 1270 973 -310 -408 -738 251 -177 -704 341 -157 -264 751 -148 421 -1148 -623 -321 -491 -212 -118 -368 -400 310 -237 -275 -169 266 343 -12 1889 429 -273 23 993 810 410 -105 -329 -435 -395 1353 11 -411 124 -1593 1162 408 886 -94 -1153 -154 385 996 322 158 -605 -813 676 -1429 121 536 73 293 -448 -849 1066 527 -1101 -480 -1755 -1970 200 517 938 -674 235 -2 309 -1 -813 116 -1826 -591 -681 -262 -750 -112 410 115 449 734 -626 602 1022 1075 -1969 454 372 -289 -519 256 -151 -750 519 -614 -2102 241 -1520 1199 20 -682 1212 -1419 245 454 283 -1497 857 710 -757 -644 -572 390 -362 229 158 247 736 1068 334 -648 
912 90 1243 -757 -518 -330 107 1122 -417 1208 -159 -589 501 880 187 1196 -294 30 1081 1421 921 -637 -205 655 -475 -996 -1726 -398 534 477 1537 -128 -484 -262 -38 -610 -388 1165 -380 -375 -662 370 201 839 247 -145 -367 -416 -488 -665 -404 -520 108 142 -901 -241 -629 -884 529 -1323 950 933 -940 -866 1532 482 122 -260 374 -284 175 -1374 -296 654 91 832 -877 219 -86 507 -140 -607 -232 929 -77 -1091 342 -41 70 -320 -508 -916 -1665 654 114 1007 -394 -688 262 -1144 -1324 -77 -420 -700 -357 -1371 -13 875 -967 -447 111 270 194 -945 -35 -1164 -190 1034 -51 965 58 -905 -377 -469 -192 144 -748 0 659 608 1542 144 -58 -424 104 -177 117 328 -655 686 1875 -919 -875 719 1813 -544 -828 977 416 15 -185 -391 862 -133 -1246 -1031 -629 208 703 -66 24 -62 682 -588 395 -66 -506 -118 -53 406 -514 -688 569 -991 237 961 390 -92 199 -682 -2063 -113 630 813 -94 550 791 120 367 -343 525 -562 1256 -282 465 -876 -573 1176 388 -371 13 363 -288 359 256 94 -486 567 -156 580 350 121 -658 -310 485 -21 121 -89 -268 -480 817 -277 578 117 635 59 773 120 170 631 337 965 1704 -938 -113 273 -1710 -383 -307 267 -1396 -331 -467 2322 410 10 256 756 -116 111 -463 1089 -313 -327 689 -103 579 67 533 501 957 -6 -217 102 -994 376 353 -47 -418 1243 -1058 -696 -1547 811 98 573 -319 739 -638 -450 -658 871 -312 257 -161 724 -660 446 -650 -1210 -311 1219 -1241 471 306 -850 474 19 401 -1115 1356 -984 -798 1137 71 -1090 836 -205 824 1230 -728 545 1155 -790 -381 955 263 133 -50 -1282 204 57 1381 836 -694 -220 -1911 71 -11 515 306 465 -111 -760 -110 119 -1211 -519 405 1811 1412 -165 220 -1329 -352 -1463 181 -1561 -1257 120 -177 1002 -138 -1732 1085 745 2293 542 168 -733 -155 1221 -782 505 -337 547 470 -985 -1022 311 304 -333 492 -873 742 1968 861 -643 254 214 -296 -232 518 -329 284 -584 1142 -351 672 852 474 597 1804 324 -593 -365 -229 514 -141 1076 
234 -165 90 968 -585 123 -982 -1087 -628 -808 -1144 -697 -1063 432 -787 -532 120 -676 -854 -319 -239 -782 332 450 -640 -27 -1141 25 439 -595 376 -121 528 -672 -93 432 733 -107 -307 -911 1312 1761 652 -965 1023 -913 -859 -956 449 1413 171 -485 196 2359 -675 -114 140 -725 -174 532 449 -931 536 455 -767 -198 478 316 -365 437 -155 282 -1738 -450 91 708 350 -255 38 30 -541 324 -391 461 407 239 -972 -1189 1110 391 -1123 -322 1254 -771 782 226 -47 38 -159 630 1320 591 401 62 -371 -317 -334 244 108 -2145 -1081 96 -267 522 -109 -1381 -282 283 -737 333 -12 670 -99 110 613 -296 -406 421 -1690 371 718 -313 1005 1188 -204 -1141 289 465 276 161 -582 521 500 -60 -93 -545 -1013 154 -385 803 722 21 -554 -339 -1024 357 350 793 -117 926 875 1043 -777 793 376 571 149 644 -544 341 272 -344 53 1683 439 895 -832 -898 -1510 354 -719 729 -1135 -244 -60 -129 -569 1808 838 -1055 275 -380 1718 -988 -262 -688 370 -797 627 -1188 -238 -220 1123 -286 -487 1177 576 633 -814 -93 1349 -430 351 -95 -487 -187 777 531 97 182 692 30 349 1348 312 -78 823 64 303 657 -283 -19 554 -963 -491 726 -223 170 -239 454 -370 956 -72 396 1295 -186 -275 -443 -836 165 691 -173 201 52 -525 455 730 713 -717 -92 -153 -640 -178 -627 421 411 -302 168 -1185 -229 -670 781 -354 194 -1528 832 462 195 -627 -264 -804 788 632 -1015 60 -924 270 32 -178 594 440 392 -367 -533 -562 303 -657 611 -578 706 -489 27 -471 -670 14 23 958 440 870 -456 -652 -571 -766 519 -160 -1434 -342 -1227 1959 -811 -607 -1488 -116 -827 -272 -253 85 -1186 216 -164 -37 81 256 -221 -83 -353 148 610 -2 31 1095 -354 197 1293 1262 -308 -1501 38 1259 530 -455 670 -130 305 -210 -500 -1003 -223 -327 -351 391 -912 -209 23 -41 -96 -867 232 293 -715 -539 -42 744 44 2 -372 215 -771 787 -581 664 -123 -1028 -42 290 -1201 -1045 -1249 -832 17 -190 536 402 -903 -1030 1186 -490 103 -185 -1167 
821 -342 708 514 -1340 -16 471 -829 -881 1140 530 838 -605 1372 304 1344 191 1078 -351 -1605 -653 1188 807 -252 -879 92 -762 147 46 -287 109 19 -711 -1218 -424 -32 290 -585 -569 447 423 -917 -225 376 -1448 9 -509 1071 -1295 242 -1195 -219 -302 1829 644 -323 870 20 617 730 335 -917 539 126 -208 594 32 -693 371 117 608 -423 558 400 927 -220 -973 -14 -61 -901 827 -57 792 129 596 169 -990 1705 -374 73 -166 431 1020 -52 696 -199 -223 39 222 -894 937 -415 291 -1319 -297 165 -1031 0 -97 58 2009 305 1070 -863 -511 -1143 117 520 -714 -469 510 -50 -731 -229 277 508 307 1658 933 -695 -977 1340 526 46 70 1317 1703 -1192 153 -296 967 1584 -733 1159 218 668 -722 -1488 -135 -619 -1116 49 203 -1815 163 767 -165 309 186 65 784 81 -1310 470 -381 1089 503 -1181 -129 -309 643 -170 720 -809 -6 414 828 921 1287 539 -254 -66 984 228 -1248 396 615 118 1470 1766 -423 217 -1812 -652 -67 -132 376 187 1356 784 40 -170 -362 -16 -28 -502 -272 20 -118 -688 -938 354 246 -641 -539 43 -1017 1021 202 323 594 738 43 687 -128 703 1481 -430 -233 1681 41 88 338 -1521 -415 -276 1270 76 -1177 159 -474 -1078 661 -504 1065 -157 281 -1000 1442 1946 -232 -196 371 -267 -110 796 708 1251 -865 1091 1112 964 1219 -18 450 -112 -1051 794 717 -253 -28 -600 -139 -419 1112 240 186 -278 230 6 873 149 -388 872 172 -1075 153 -345 -189 -852 131 546 -824 390 -819 -340 -486 199 -174 967 695 194 -692 -1060 -148 -222 -128 403 23 -956 470 496 -969 -417 -259 189 512 546 501 -316 6 -1535 698 517 74 -1143 389 959 184 -650 -479 729 -956 -148 456 1133 -22 178 -1163 635 742 -1209 -190 1 379 -1503 -244 -840 728 313 -1090 71 -118 312 170 753 -422 125 -1027 -376 17 597 893 -240 -824 840 -505 542 480 753 294 1045 561 -34 -276 -392 313 -109 -1042 918 19 280 -1 -1521 623 113 35 1212 790 942 -1357 -898 623 -67 -854 -104 950 -1147 1181 -928 
-11 450 395 -197 628 -528 -385 329 668 -188 255 729 550 -506 175 -472 -358 -42 1005 -688 -545 46 -701 13 -299 -919 -23 -382 -62 -844 865 118 -72 1628 125 226 -429 -724 -861 -359 842 -58 -500 -112 566 -218 -553 726 1271 409 -613 -129 -986 347 1108 -764 452 160 -298 505 573 -309 -410 -557 -718 -277 -1460 1283 -268 -589 1081 0 694 792 659 -254 -136 -316 -482 49 -182 -5 -218 -1213 -88 166 -1344 2014 -376 -2064 1012 1601 -376 877 1034 -699 451 -545 292 -1194 -961 740 273 -44 -929 585 -143 -55 -271 -235 229 -925 909 -934 810 -1228 -218 -635 64 -776 258 -579 -103 789 749 -86 -1355 -535 59 -1039 213 1351 315 2 -818 294 407 626 103 771 1566 -1278 3 211 -980 576 593 -426 -2233 -671 -353 -249 -814 -1158 -444 287 -1963 -183 105 425 -986 561 1073 986 807 214 -55 -960 -97 -502 -40 -649 -529 529 604 -1363 -534 184 271 996 -417 7 -347 1146 1256 -203 -416 -181 187 1067 -603 146 547 228 -464 112 -35 25 -163 -1116 -490 -571 -1183 59 1035 357 -793 1044 453 284 -830 -230 633 617 117 -1855 146 -346 895 790 -473 2409 806 41 -423 855 458 -1222 -504 -30 309 -338 -1040 -487 -816 -81 -1161 191 1037 148 -164 -1144 -751 395 -90 244 -33 -222 194 618 563 258 552 432 -166 -91 -487 550 -198 -87 929 1357 1015 -970 -129 300 1407 438 208 50 -890 201 -599 20 222 -1208 416 -1126 -850 -384 -323 -9 -551 -115 491 -895 -1392 293 937 324 -74 -691 -241 -104 908 1190 460 903 1700 273 492 -82 -288 5 -68 815 423 -119 83 559 870 215 833 179 878 -802 972 -1190 -16 1569 -253 -1278 -251 830 -999 399 -443 -620 -974 -669 1424 -730 -52 583 -1226 -498 -928 629 1002 -319 619 289 882 -1290 -623 -220 384 -677 -12 -890 702 585 -35 -87 1016 -295 1197 481 -675 -226 436 -558 -102 -395 -171 1734 -227 1374 512 662 -686 1130 -54 -330 243 -1078 556 402 645 -1187 -599 -1064 303 -320 -1464 -60 -1281 708 -328 -232 -130 497 382 -230 185 436 898 462 592 563 
-703 662 378 -825 -444 73 146 712 1370 -482 550 -1123 759 313 1101 -836 532 108 -229 -570 281 -155 -953 -1088 -128 -867 1006 -1525 -337 -875 234 385 413 -89 -1655 -901 -1099 453 -102 45 -1054 12 828 953 -304 518 -268 -354 -115 706 344 -152 826 551 -202 1008 -860 584 -679 -843 1108 842 -503 -171 60 163 855 -1248 583 -19 413 -404 -391 -568 546 623 -298 1075 248 1780 262 108 576 365 -163 -1387 119 334 -47 -942 565 -22 -476 762 361 171 1479 -784 -327 2 -790 363 573 -932 507 -1067 -416 247 -173 229 -167 -838 -2 891 -800 -638 635 563 -1378 -120 302 404 -631 -283 -920 -803 -1468 -601 2318 -780 -335 -987 702 278 -334 -211 191 -262 -135 11 1093 -482 598 -711 785 1170 -658 -1083 1009 -804 675 348 -298 583 412 -518 -443 1331 638 -136 1275 893 1384 -676 1050 104 686 389 -365 -228 474 45 830 10 -592 285 -587 669 105 904 -423 -135 -612 -765 -321 -69 -695 1251 1900 -661 668 -1196 188 173 -630 1676 406 -819 -23 -1315 -101 -535 1027 477 -275 787 75 771 -507 -524 87 724 174 860 -203 673 1648 -54 -1026 265 499 -459 -247 -959 -220 -523 -433 -533 405 -63 515 -459 -48 2232 469 434 876 -2490 -91 -588 -543 325 791 928 -553 -433 -238 338 -653 -287 -950 1672 -1224 22 -287 -18 574 291 990 -514 -364 -1262 -1072 615 1130 -1002 73 -182 -935 436 -337 -445 145 326 -1163 -1027 -1494 1486 -84 916 13 -946 327 61 -400 -266 -1530 1105 -55 107 354 -636 -1112 106 661 -484 -1048 480 -1098 -1397 -727 -1184 -834 -905 -490 -252 953 322 152 554 33 1094 -853 935 -272 -241 1000 -998 1225 13 1321 407 -113 -777 1191 -1086 -594 756 -301 -55 340 216 -70 -438 -1047 -1582 -250 -1409 1713 -207 441 -177 1649 -113 1456 418 -284 1161 235 296 -884 -1013 658 -286 -406 -408 -298 -751 -1021 288 -477 -45 -235 -1103 -584 74 102 -1037 -114 72 -273 -454 -1749 1078 -1104 -1237 -211 -204 618 -653 -822 607 1075 -687 421 479 -123 1149 -730 -49 1246 131 663 206 -256 -683 -369 -968 -221 11 
-686 2245 2056 1117 579 -1010 963 -127 -730 -4 1003 -297 624 -272 -971 200 -86 864 16 5 -984 1162 -370 499 -577 -1734 -683 -139 -915 140 -673 -633 472 101 -255 -558 -867 585 1771 36 32 -2088 -95 467 -1431 1680 -322 1 -205 -180 151 564 -836 -1046 -37 -284 -640 -1006 448 -247 -1045 -404 -211 451 368 -161 216 828 -1812 388 203 -739 865 1008 277 -449 -779 -57 757 -246 -852 1273 -431 -359 -424 490 -1708 -805 549 470 -23 -17 -591 -456 171 -1421 -157 310 394 -95 -658 321 -207 -577 -1320 302 -1282 -177 919 253 -759 -1090 -951 230 763 -220 1013 1057 -1548 -111 -74 98 58 575 -182 -1061 828 822 26 -722 739 723 73 279 889 1120 189 1134 294 -939 238 306 1112 -643 -1332 -72 441 -771 938 -357 -406 -813 1459 -859 1243 808 -829 480 233 121 -967 286 -197 308 -186 503 256 -147 -1265 764 -1575 529 -1254 -6 -416 467 1599 -258 633 72 1473 1098 283 -954 548 -758 -311 1263 -1040 -817 -156 294 -571 806 -376 -478 -944 75 -70 -431 -1218 -552 422 910 -237 427 -594 256 126 1211 185 -736 -449 562 -790 741 253 291 -442 1378 -194 -586 -187 825 -371 142 -363 635 303 623 1207 1271 -67 176 998 934 1077 -335 -328 425 104 -330 635 -77 -1585 573 -448 306 -553 -297 -893 -93 167 156 383 -36 441 -311 -496 -124 -587 853 250 -898 1111 -101 699 -1522 -946 -309 -76 -1486 -230 591 -441 -122 -606 124 -1780 -1084 -190 1426 492 454 -654 949 407 -940 78 -955 -802 -846 -85 -1539 -1675 309 -145 984 710 1847 -616 -642 435 -53 392 -656 542 -274 -174 -542 -102 702 1 93 -1593 1122 1497 -222 416 240 -461 -1813 49 666 -146 -1007 1195 -279 -371 162 528 -234 -976 79 -567 1216 -1572 10 -308 815 -747 83 -40 -613 870 114 647 971 -287 -278 537 -25 -564 -694 -880 1194 760 -112 -1398 -37 326 -1084 -331 -739 -568 -631 331 -281 1405 597 -117 -1904 762 -319 -512 -1503 -125 100 -576 765 -434 -1122 1415 390 -1653 -236 99 578 -190 -1564 270 126 680 182 1500 311 1127 -356 -794 -1898 
-377 309 3 46 548 -1047 516 567 -452 -459 -251 1133 1251 95 -1279 933 433 107 575 69 75 -31 139 -923 761 306 215 -124 1561 8 277 872 353 543 -1739 -258 139 113 74 -993 -341 -642 19 -590 -664 5 -561 -731 -900 -637 -389 351 -1421 -330 53 325 -557 -1668 414 325 178 -344 -734 -808 691 330 -195 -415 82 -470 -764 391 244 -581 1028 -252 -503 -541 -483 463 1105 597 -739 -953 -381 54 125 440 -1440 -417 124 -1102 1263 916 -472 220 728 -47 42 -100 -117 -1215 35 196 1 -525 894 -899 662 298 533 -338 -788 -972 295 889 876 -693 -547 -403 886 205 506 -711 640 -588 -198 510 320 175 530 -1900 -302 -298 -151 647 -859 799 -291 -987 -1112 -925 859 341 -1759 557 237 1466 368 -203 -263 -1669 -95 -715 590 485 -785 -540 -723 -414 738 -865 140 -18 -332 -662 -467 -387 552 562 -449 -748 643 -1175 305 -1117 809 480 -1814 -223 -1508 24 985 -158 -169 213 -335 -235 1155 200 397 -509 -1557 -1042 183 -387 -281 144 -738 1163 -295 378 187 49 -453 -1033 116 520 1 -13 -654 -159 -829 -539 -577 -11 -280 -328 -437 141 -1385 -558 -1154 137 -171 -748 671 -998 745 195 179 -64 895 380 1214 -1241 -603 244 -538 -196 -1233 -393 -178 663 175 693 -765 -577 -292 550 -229 -645 1076 -60 -1597 -396 -244 -1462 187 -1091 -410 -325 1094 190 -528 -732 1059 187 -71 -698 -300 974 -618 -1671 711 1338 300 153 617 764 -565 -554 -1455 417 -185 851 167 177 406 1783 -208 -474 -1276 560 -71 -5 164 441 584 401 -275 1105 958 -367 418 380 -509 740 747 -881 30 330 241 228 385 -1349 -190 -198 -1134 1107 -299 -660 -359 -348 465 174 -1284 105 1039 104 -1300 353 506 1276 1461 -371 -768 305 1092 -431 408 -598 -1040 -388 564 876 423 -776 -21 545 1056 -355 742 -861 314 152 -905 -76 -641 37 34 -433 -127 -1663 -243 125 411 1149 -979 -324 -498 713 365 879 1374 1349 79 622 1478 -272 525 -583 -78 639 840 -960 -358 -566 38 260 -172 513 -1075 646 -1652 115 -93 -699 -313 -1319 
48 341 262 -871 -1036 830 11 -332 -88 -1030 -1789 -106 233 -423 1717 -227 407 415 -147 -248 -359 412 474 -396 -75 141 -1068 484 -235 821 278 -564 175 -1546 11 -101 6 587 404 -408 -527 531 1184 296 1501 426 -594 -402 -1295 -339 -316 -1231 -276 -231 -191 -100 -800 -386 860 243 -135 53 862 1218 -947 -1754 331 1223 -49 1939 -797 306 508 -1320 -566 -238 666 -149 -1558 -696 858 -239 -1100 -777 -1055 95 308 220 -627 -276 -129 -693 695 -691 357 -1144 603 -609 -966 -121 294 -66 -621 1253 -460 -2009 727 14 14 232 161 -301 -146 -307 251 -650 -552 1185 232 -1777 -1363 -94 -387 288 -229 -305 -831 220 782 -1197 -519 -484 189 -26 -602 254 156 113 -262 -335 537 -392 116 869 874 934 26 -47 948 -306 -171 -566 -442 -321 277 796 -318 862 -43 70 717 -103 -671 1369 -591 492 -1137 1726 -47 -606 -934 -453 -270 -723 173 372 -896 -631 1352 275 -399 -121 -340 -329 -487 6 -405 229 190 -1089 -1591 -424 -970 751 167 -453 -178 371 71 503 471 238 -487 -268 416 822 155 -26 -509 -174 -1124 489 390 -272 608 -1194 -33 497 -114 -198 357 839 -518 932 1203 -1651 848 299 -1167 97 362 -1197 -506 -689 -282 -800 -285 -184 414 20 -234 726 -438 -91 -127 -190 -522 773 -61 26 -643 -322 -304 945 -1103 -782 675 -265 256 -284 -133 -401 -659 545 2041 -330 211 -120 -202 1120 -1392 1100 686 1837 204 526 -1212 431 657 -93 288 -1166 -1022 1061 580 -631 -475 822 -19 612 473 218 511 1214 446 -591 -269 -775 -562 -465 -228 -471 -338 -107 -1176 242 71 481 70 -101 493 -262 -126 413 372 -2317 -1487 -409 750 324 -683 205 48 -58 -20 -363 -1112 -1257 35 279 -166 551 249 -849 165 669 -456 -1287 803 -203 816 192 1229 -87 866 410 -305 502 370 547 381 288 994 202 -988 -515 215 -987 -530 -995 59 544 695 -102 57 -256 1281 -448 -96 1578 -1206 -46 533 750 735 198 579 294 95 -582 -1990 253 -1520 -1978 -1393 -552 -627 828 -282 122 352 10 913 -248 -390 1102 -545 886 674 -640 
-317 -354 -508 -233 -942 -326 244 -413 295 -444 274 -1027 -877 773 -364 154 435 -985 -388 718 -606 523 -688 453 96 1042 -472 -185 613 -146 246 -287 -398 590 -736 -600 -51 228 576 -21 -976 480 -928 -213 304 339 828 199 388 1331 1055 -890 189 645 -201 114 216 168 1235 435 -508 1126 -1024 -442 -200 595 1118 648 763 -314 -384 788 181 540 478 -180 26 689 -950 586 -344 -990 -1096 -320 -570 -206 -1760 81 -580 125 300 -1099 -48 1129 -568 -1176 241 773 7 -566 710 1096 294 879 207 -263 -325 682 201 -443 292 441 354 47 273 -715 34 528 -1313 638 708 552 1663 -674 224 300 -290 -537 -9 215 187 -6 1229 -1356 -52 258 1068 -227 1368 99 112 146 -62 -923 13 327 -528 -248 596 225 -400 242 492 -1179 -266 -948 -287 883 451 -473 -36 96 -2478 95 717 -239 983 483 -893 759 -594 -296 -393 -1203 1099 227 -491 -551 -427 12 35 -62 -404 -1065 273 -118 422 -937 -400 1176 -714 -417 -42 -1163 -61 -1737 -211 -31 -989 90 -483 1277 269 -165 747 739 -848 -791 455 -499 -190 -201 -1175 -559 60 13 85 -492 -1091 -1100 -241 -256 -1748 -311 715 245 -90 95 -1255 1951 -919 -942 -556 487 777 -517 -579 -248 437 -1277 21 772 -69 474 -385 -1236 706 -824 774 -1044 559 140 389 -208 1235 1049 300 585 1198 -811 -27 -390 141 -22 -225 -58 -1712 -725 -1789 -1017 190 859 971 608 731 -41 1012 -612 -79 358 -708 817 376 -708 -606 133 -750 -831 -428 1228 850 100 246 858 272 -616 -91 1099 451 212 10 -432 -1157 -15 1677 246 -89 645 -573 -680 -440 -28 1433 889 754 -218 -882 390 -250 -465 2228 610 713 712 -812 766 -1239 209 163 452 1022 -1056 -58 426 957 1062 465 277 -405 414 804 654 -503 66 1280 -825 -66 -385 -129 129 1085 -882 675 -141 1188 -752 390 122 439 -1582 -1064 1218 568 -37 366 1 -346 -29 507 25 -304 -467 839 503 -14 -292 1477 57 617 -62 1202 1139 88 180 -581 393 -842 538 -94 309 -741 -456 -411 321 -664 1699 -73 -436 1082 568 
-454 555 -699 -30 -47 -319 -45 267 -539 -431 159 -249 93 780 -174 -486 -866 381 -1061 278 -577 -447 746 750 375 738 453 -283 -267 -299 189 598 653 -172 364 1109 -575 897 849 533 -384 -653 716 -97 -462 -529 -1018 -509 -744 214 356 -313 -233 711 1469 36 -1722 -179 -1417 -625 290 -154 867 37 -711 -112 1591 -49 -616 631 565 1927 329 282 1031 -2717 535 1012 -544 -716 710 206 1062 346 95 339 -444 497 -702 -424 104 68 265 565 222 -714 -869 -977 -88 -1133 169 -333 889 -548 -362 -891 -695 -1242 59 -1183 543 574 677 -937 -616 983 1270 1 -112 316 221 1077 -285 -466 -757 -282 -679 788 12 -1476 -406 -414 -328 -121 1384 1143 -1095 -1085 -93 1511 56 129 -65 1126 -146 -337 -294 -175 279 36 1048 383 303 -451 688 -41 1237 443 -434 518 -304 -565 -1401 22 -389 628 77 1126 677 421 -665 -643 400 699 66 -11 616 -883 5 992 70 -58 984 -287 1239 -621 1238 55 -1588 -531 -435 -249 -509 781 67 -1504 899 308 382 -1232 -578 -223 780 -167 -1185 1250 202 -404 -183 -244 403 313 -583 126 -769 343 -127 492 65 385 735 -942 34 106 -983 699 1169 590 65 574 -1349 984 -145 -928 573 1056 -565 -923 -676 206 -263 -255 -636 -1025 -605 1219 514 -427 1257 629 1243 23 955 -843 -1406 363 551 -1423 -914 31 387 -926 -760 616 -939 -720 -219 -921 -963 -403 -278 -712 653 511 -1660 984 554 464 -457 447 240 241 -306 -25 -339 -223 49 -1371 736 -376 205 -856 89 -48 -1245 337 -57 431 -1310 139 -755 1400 -914 297 -82 808 282 238 -84 -1419 1054 -48 74 127 -1090 -370 -1325 603 -187 1045 -55 -175 -729 1093 418 -120 -432 654 -204 -289 2 1829 591 290 187 -1471 811 736 213 1722 487 589 43 1143 1058 -374 -684 -117 -592 -439 -1091 37 576 -382 -1134 -445 596 -318 -1491 541 396 -680 -747 3 -455 -664 -1128 470 -293 -431 23 170 44 -687 -834 -545 1245 284 -151 1129 -325 -857 -189 -951 492 1293 -880 32 -975 402 -543 -1645 375 331 836 958 81 -1067 -439 -505 
827 462 398 267 354 31 -445 426 -490 945 -1059 419 -461 954 -2349 -106 -876 -1204 -571 192 65 212 159 707 892 -237 418 627 156 1454 -491 -65 -621 -762 -1581 -107 -228 -687 -93 137 1154 -962 850 113 -774 598 414 343 248 -960 -150 -548 -286 -1081 1552 2562 -73 -470 -1616 919 -223 -1014 45 -49 -228 -527 -321 203 -992 1494 197 554 487 24 -498 -576 -514 179 843 -415 264 501 641 -272 -481 -205 -562 -248 864 -281 628 286 780 -361 -85 2576 -579 681 -370 615 -605 386 1416 -1306 536 30 -1344 -158 375 -599 281 -211 -1048 -176 -675 310 905 592 -228 439 689 336 165 446 148 132 910 -1093 -914 -78 385 -24 85 -486 1140 607 1175 -752 1909 639 -172 834 -664 67 -526 373 -576 270 -424 -114 603 -398 387 -378 -910 -261 -166 34 -1374 -1350 -388 -285 -201 632 -812 471 356 166 1028 1333 1089 -682 43 315 38 561 725 702 1999 545 -1198 -475 212 1040 1031 872 89 929 -369 1467 -145 518 -364 -469 -125 243 15 -1539 1464 -468 948 232 10 6 -359 931 -299 -428 -394 -772 1470 -85 439 -702 -1177 -476 538 256 -1229 808 901 -1775 288 -292 112 -994 -1104 -223 759 -960 -204 129 926 -921 -667 -158 126 -318 -172 -930 217 637 -319 -203 387 369 -308 -138 -246 6 1180 159 -298 1511 827 782 -685 -2623 -498 -24 355 624 -867 232 -1161 -1161 406 -75 691 -87 -334 -72 -591 170 47 607 -1257 -349 -1124 24 19 177 685 1458 -423 -17 -198 1392 -201 -918 -133 523 1552 264 -1438 458 510 107 -1313 541 33 82 -551 -952 -658 1117 675 744 -893 -842 1067 459 0 199 -1174 171 822 211 155 453 146 -27 516 -169 287 1175 194 -759 1786 -1306 -732 -801 -400 -528 -6 -147 -1275 956 -529 1015 -1658 -1755 278 75 293 526 189 -783 -768 852 -242 0 427 579 12 152 -313 277 432 -287 948 732 572 585 14 270 541 1535 -1574 -490 672 1002 150 -1073 327 -656 -838 -273 -15 141 -194 828 665 513 -865 39 749 452 1373 396 -773 -464 -2 768 240 -241 -255 -834 -493 -601 
1033 -210 628 -792 91 344 771 -24 -1383 -107 894 -874 653 609 -606 1043 383 -280 472 -483 -316 -541 -326 -1493 1165 -194 59 -743 -95 -739 123 -285 -497 880 -372 14 -25 1782 -660 -672 -849 -963 1517 -1657 -672 336 -855 -381 -732 50 335 -1130 -352 1115 -407 -1416 -388 75 -286 1216 -184 -870 819 -785 -157 -327 -642 120 598 -163 -469 -915 131 528 11 186 -62 -911 -789 -421 -92 1120 87 -40 -22 1159 97 -120 -357 1083 -98 -941 -309 1131 767 -170 26 -1512 26 108 1213 147 827 -922 -943 -24 -210 131 174 -777 335 -1244 1015 455 -1402 -443 819 99 -1313 1841 465 -508 -440 -1972 -278 -1033 -829 -15 -205 -2373 237 -384 -1098 159 1240 934 473 -837 -385 -576 -398 -207 -597 -774 375 -61 -402 -43 487 -63 505 1136 678 -315 346 104 535 724 811 1513 336 -272 1178 1980 -1148 70 187 -195 973 900 761 -97 430 1328 -162 -792 -232 -609 269 1443 432 -182 945 174 290 611 197 528 -398 243 -454 -775 -1336 -29 -634 -206 749 -430 -590 -858 -48 -438 224 -601 -242 733 -45 111 -661 1500 935 625 -600 1133 -101 -513 728 1645 -1992 634 285 560 357 1577 186 451 191 426 -1532 -288 -669 -880 -125 -1026 525 -1160 -496 911 120 -1036 449 136 -661 57 -942 761 498 -555 -1063 805 305 -739 -168 -820 -63 2208 486 299 -1529 499 -505 495 -1213 1011 2441 -1362 -725 340 222 -127 -385 732 -87 -777 -830 133 -95 -1568 -4 867 -1431 7 160 719 305 -468 -236 92 747 142 -1455 136 46 -1018 -466 -28 1007 573 -1088 -391 -181 483 -1358 -422 -65 -1376 -1151 447 326 1327 232 93 437 -85 -664 -1010 139 85 -147 589 -827 666 -960 -32 -52 2008 -470 -37 506 75 526 -138 150 116 55 -1104 961 -250 -178 126 374 746 127 234 390 1193 699 231 174 -87 206 -297 1363 550 -532 -27 -67 108 290 -564 -846 -1229 1032 -831 59 274 -490 284 615 -959 -943 -135 -1575 -1226 1040 1153 430 -584 -363 -335 -79 -376 -21 -52 975 -1577 -758 963 1248 550 155 -735 -989 -219 -177 188 1177 3 648 1057 
-1317 508 -274 -429 -837 643 -1426 885 727 -516 -322 160 233 1033 168 -843 589 314 428 -722 -587 562 657 -60 938 -685 -630 688 -164 103 729 -830 253 295 331 -19 833 -772 315 -163 299 378 -254 100 377 178 915 1046 1132 586 -1086 -252 -426 -410 -191 1043 -899 -681 -819 927 1921 1606 806 23 -299 275 -40 105 -372 -1016 -528 -70 523 303 550 -414 216 -221 857 -796 34 776 -835 -970 962 -245 555 -156 -286 -46 921 -308 59 562 28 4 461 -1188 738 -175 -619 -44 462 88 1951 457 206 -1076 -33 -989 1222 348 -168 -1005 279 276 -492 -683 -498 769 -54 231 -1138 132 268 -138 69 -1193 337 1186 138 220 290 578 -1363 -91 150 407 -783 -334 100 397 -177 -602 -667 -89 964 501 52 239 353 -87 545 871 678 -1625 -1097 -902 -228 -669 -48 666 -487 -420 503 651 867 -72 108 -1233 215 33 -679 133 361 -913 -43 1068 401 -682 -1102 -635 1 289 509 950 -339 211 -203 1157 566 -475 -562 -116 -852 -386 -1811 -545 -689 958 -28 73 -43 -144 -401 -555 199 1235 -664 849 -879 -399 -757 -360 -19 -11 37 912 1364 1183 -318 740 323 977 -76 162 -349 -320 -509 -859 510 -305 -85 455 1124 -566 -1197 -781 -1365 -254 69 -665 -779 267 -310 1580 -290 -63 524 -1517 706 -536 395 73 -216 -311 -1051 -28 -886 700 617 -336 118 240 -1101 210 643 -792 -1473 580 576 -573 359 -276 636 1417 421 -897 -916 222 -620 -395 190 -492 -1231 -233 713 444 -1134 -836 -1355 -183 98 -92 225 152 1084 823 -536 951 362 1409 -52 -489 675 796 -1711 786 -372 -559 1854 626 -745 29 1358 843 89 -690 -49 449 -1703 375 -556 -77 339 376 719 -1185 251 -689 -570 187 164 1389 -1395 1107 -506 49 436 537 -1364 763 1127 -166 -116 632 927 -240 513 93 150 61 -618 207 190 -61 633 651 39 1244 -653 -1640 -495 1533 -822 1096 -32 369 532 379 -767 930 287 -498 -888 -383 -66 299 -544 1046 654 191 964 321 362 186 2485 -206 -1343 -74 286 -859 -1278 67 101 826 -605 -404 -1057 271 
624 -724 -162 458 1178 -199 644 -896 1580 494 111 112 601 -1064 -296 -6 -364 -194 -776 -687 1463 -368 1325 -562 -63 1333 649 -369 -60 -426 -158 -963 149 104 -748 57 614 1504 695 205 -1440 517 -617 309 -65 -1482 -153 -622 -70 -551 397 443 -1428 -571 -671 86 436 286 766 899 1001 -63 329 -282 618 1144 -218 1248 1293 -891 602 -499 -802 389 -757 -6 -759 -167 -1702 -101 -867 173 942 920 776 -638 1057 680 123 -206 -379 1028 428 675 -757 -250 -867 -249 1232 1079 76 261 735 -1219 -252 564 -549 -631 -1380 588 296 -83 -695 674 37 -1393 -829 -260 -575 -409 -462 854 1201 -175 243 85 980 536 461 76 -169 -786 -905 -99 322 -1272 -424 -372 1636 685 1229 -377 268 740 -596 40 1074 236 -278 -441 382 647 -113 361 -60 -1537 727 -871 303 -638 -81 63 300 -168 1146 -200 489 1025 -216 502 -374 -361 554 -910 732 -448 172 -278 1289 -939 216 -1021 284 -109 294 661 1900 -1253 -631 2021 -281 85 -1679 63 -1140 393 414 -753 -1035 -1223 -38 -27 1120 -270 389 -1419 252 975 -435 592 -1050 122 -545 -403 -501 1204 613 355 1330 587 -289 1046 683 994 -612 310 -626 432 156 342 -12 114 262 196 -44 377 243 278 -309 28 -706 51 -1396 252 -331 -346 -406 -303 -512 491 -442 -953 317 -845 -169 711 -1045 -174 -1101 74 -826 1023 -392 753 832 -463 38 -1057 -257 41 -129 -1081 441 -1003 -620 -22 -740 741 -697 197 -226 -391 -926 -636 258 394 -867 -685 446 245 -662 -90 -144 -988 120 560 -43 -661 -382 -870 1132 -377 -576 206 537 366 -249 208 -1533 -80 290 699 427 394 257 451 207 238 -1931 749 166 147 -675 -684 267 -125 230 647 197 735 1394 -1652 -1141 -169 1979 -890 498 936 -934 216 88 -962 -381 -1036 1648 -110 720 306 -600 146 -137 139 284 334 -1100 -542 959 1711 -452 68 986 230 -36 713 -410 -15 1332 -8 2085 1780 -184 -272 -309 -2736 31 1146 -1588 369 37 497 -291 -817 -229 524 700 -225 -435 1502 -237 394 -665 -942 252 389 421 294 -30 -1725 130 703 
-554 1160 -101 -516 -619 323 -257 -132 398 860 971 405 -82 -490 563 -451 -397 -749 125 -138 -1193 2130 -274 -83 -559 -1274 500 -564 -850 364 1231 -938 -280 325 589 -1131 466 -13 98 -1010 -591 -210 157 424 688 151 925 -493 -79 -85 934 -1142 -541 -602 -2133 458 698 -653 25 625 -1257 -806 -480 -1239 542 -1191 -37 -1684 -117 444 -557 47 477 -1420 -241 362 -555 457 335 214 -1230 -212 952 -698 308 212 173 -470 922 408 439 359 188 -1239 -188 -320 443 -421 1396 -635 -1243 -125 -1177 292 848 367 -172 -432 116 -568 -571 3 -1642 943 -139 -10 -575 -263 -352 -607 641 5 -1106 -64 479 803 1399 -901 -113 238 627 173 -271 827 -146 731 -969 -177 812 -1518 380 -64 -728 377 553 1427 527 2315 156 782 743 -1050 -82 495 664 95 -605 45 635 -371 -498 99 -265 290 411 -326 257 268 -300 -403 522 -930 -726 -392 552 315 -1052 107 -472 469 -1549 -1125 285 -894 -209 303 -101 -249 56 -440 1080 -570 571 1229 216 200 1262 1277 1327 -1939 962 -1957 -1576 651 -25 -480 326 -872 1954 -1319 -993 630 -529 1024 -338 484 -465 -1126 54 1210 -894 -203 175 -787 223 -636 -186 346 -292 -162 723 163 -841 -294 252 -257 1428 185 313 -775 488 145 1075 -1889 353 1238 -728 181 27 -167 -1489 -340 -979 1141 742 245 372 491 171 -1236 -20 -9 -1195 453 393 -1309 -736 1081 -1046 903 310 -234 1150 -851 50 -805 -66 -143 106 867 150 455 -25 856 -775 469 -543 -332 31 -1045 813 253 533 1473 -118 501 -557 220 454 448 771 -671 -931 -747 95 361 -588 175 591 199 622 237 714 949 873 -1059 -139 -396 81 539 -738 517 1583 -23 -717 315 -189 -148 453 111 -544 756 870 -314 1112 355 -995 703 629 -1083 597 -315 -1062 733 158 -331 276 612 -567 419 18 585 60 -768 331 -156 1104 330 -549 -143 312 342 -442 197 54 -1174 -259 689 -540 -25 -973 -996 -4 635 1115 46 -2106 70 -65 397 1121 -16 67 586 -1469 -94 -1779 -1611 -253 -926 -144 -459 -76 357 998 -1165 426 -49 345 235 
-220 -131 -435 -750 -683 908 -356 -11 -193 -343 120 -559 -436 878 -1097 -568 1082 -59 -1327 751 24 93 1571 387 650 -852 -546 519 680 220 667 438 444 320 -879 -14 1004 -444 239 187 1560 -1224 1735 -1346 79 -376 705 1418 -390 751 940 812 -172 967 -211 204 -28 365 -661 -57 -281 -702 788 -457 -1459 -518 -683 1455 -1234 5 34 828 -253 -2040 410 -958 1130 -685 -634 174 536 59 1040 -281 -407 833 -572 -357 233 1529 -1156 1216 -617 -379 545 602 867 -197 -605 543 1189 -868 -777 -538 -64 -336 282 -770 -940 -461 -136 -1286 2345 -387 327 1059 1503 -186 1056 267 334 1464 1120 -657 1337 400 -315 844 -1476 149 -842 1054 -970 -133 -400 636 -589 -160 -307 -33 -945 -296 -344 -766 -75 1969 749 -506 -140 1005 -1325 -89 492 1046 -663 -175 -257 -246 -713 -749 -1430 -1561 -418 -218 1184 -1050 -458 1360 107 43 -309 -1316 334 228 -297 -105 319 788 -670 -74 211 137 -515 725 534 -1425 -1295 -149 -45 -712 -168 139 -650 -133 -583 -427 363 -724 -142 -192 1322 -409 632 -124 -551 -358 -135 172 1587 25 -240 -740 -447 51 68 874 15 -60 350 1517 -567 -818 -892 -368 -118 230 -148 -739 -984 140 -77 -1093 -643 324 144 68 -70 974 495 228 574 -1023 641 384 -225 1105 -1092 -143 -139 481 -623 -875 -1470 283 -441 -500 707 637 -864 766 -124 452 -889 -429 -403 192 -1410 88 81 -207 -187 -710 1896 951 -1598 6 1561 -763 1183 254 298 -834 475 -223 -632 58 629 -85 -625 -284 1341 506 1258 -678 906 351 -248 -456 -1071 1418 -311 336 209 -728 -284 22 780 1867 384 -339 903 729 -986 444 832 -528 -800 -982 -20 -185 4 -794 -636 -93 787 -368 -882 -859 329 -863 -89 164 335 497 -244 272 951 -257 -626 -1151 669 771 102 729 17 -33 862 -1144 711 -69 -168 -37 1403 89 -538 -123 -599 686 595 384 -651 31 584 1545 -16 175 38 -377 835 16 -1172 1661 -1468 485 -619 -1738 -1396 -754 -130 8 795 96 -1014 666 1013 -1191 1095 -334 41 -974 -391 -2028 -415 -271 663 -177 319 -324 -80 84 
530 -622 -734 635 860 1523 -896 -283 2294 -1321 -2257 -89 1193 649 -1499 127 -487 210 -475 701 623 -1101 -160 -25 -1560 134 671 338 158 269 -698 -239 -714 513 -6 -70 1163 -674 595 107 -314 -152 -510 -815 -716 381 -524 833 715 -531 -1142 -351 -132 -572 -41 130 -298 968 808 -401 239 -101 959 820 464 430 410 914 600 -313 1536 77 -665 -126 -66 -1496 -125 -747 529 50 110 -695 -15 -865 -587 -754 144 1478 397 -217 6 -47 615 -941 -207 1710 -292 -526 -753 -320 14 692 -831 -838 825 148 83 -174 54 422 697 174 -174 -13 87 482 -481 -351 -45 564 -1134 87 340 774 847 -81 1040 -1132 1207 -1056 540 -1679 -6 -224 -373 1000 242 -1431 -640 -682 624 -172 -149 956 1654 474 1083 -569 260 209 105 352 1101 1045 466 854 247 88 -657 -67 1062 932 -889 207 826 1499 -1114 378 292 -440 136 -432 -1096 -1048 -109 13 -363 -356 9 282 67 7 -98 -526 579 -291 -516 436 283 451 685 626 573 869 -869 -514 749 -158 -931 429 -671 -546 314 -156 975 1488 201 297 -816 -628 1257 349 -1503 320 323 712 1598 -626 -255 -324 262 42 -544 319 1275 609 -158 153 -373 -582 307 -836 -787 661 -279 1279 -701 -31 -682 -344 -817 942 9 458 413 -1370 -1143 92 -372 -674 -106 797 -484 916 241 -1799 -63 194 4 -545 -513 -1820 154 440 -229 -130 -65 -901 700 484 299 -88 -587 482 315 -1070 -716 -303 738 -415 585 -206 160 -53 -307 582 737 -281 -811 405 -737 -677 671 207 528 -1171 -26 763 481 288 203 424 1016 -459 1858 389 -266 -759 -247 -693 -256 -216 22 812 410 890 970 -41 -410 -968 -43 249 -970 -266 342 710 -804 551 -519 -1329 2667 -669 -727 -833 -777 695 -365 282 -93 -569 -332 -329 700 -32 1204 974 -16 -333 -941 -938 232 447 1202 347 -2 -1192 1551 -334 -583 253 28 455 -84 -137 -771 980 -82 155 1223 -305 357 -399 -355 1786 -1211 -170 -1332 -270 -572 -957 -1284 -78 830 535 216 449 436 687 -86 -46 -1381 -297 -95 -406 -426 -505 284 -1210 1691 691 
717 1102 1437 -728 -178 761 613 -340 -527 860 -58 -38 -16 162 -562 836 196 300 110 472 -436 437 453 656 -291 -26 704 1661 39 353 -100 108 -565 -436 466 100 -203 -6 322 -347 -747 -947 112 -867 -897 1089 233 -918 -719 328 369 -1883 -1055 -57 31 -117 -949 1358 671 -968 788 639 1310 951 -604 -396 1307 52 377 -861 -127 1390 -1 911 -156 -771 -653 -253 -308 -154 -268 380 858 -1294 831 492 160 337 223 -629 1193 -837 -344 14 -361 -932 -738 70 119 -1144 647 236 -44 71 -993 531 -265 343 -138 -211 -205 1125 97 -480 -541 -344 -165 -1434 -199 795 980 -1220 -1330 1098 125 -105 -104 -1581 -335 -1067 -836 -472 -116 -31 -51 -127 477 -899 563 980 -886 169 948 -960 -510 -951 -271 470 -1438 -322 364 -719 -548 136 1366 718 413 150 838 1205 -521 -609 -558 600 -1745 114 9 282 845 427 -1368 221 -65 -199 690 1093 121 -1300 680 60 513 489 1117 781 375 697 672 -501 -651 345 -115 -681 783 -74 861 -579 535 1275 -750 412 110 -1212 -1506 -659 -117 1515 299 -411 434 398 -976 267 -1563 -146 -213 -774 -97 -98 -366 -1097 -522 -315 886 -1334 522 -132 673 680 326 -218 -505 -1184 -1547 -561 -492 15 -1807 786 454 -427 706 -1135 -229 -336 764 637 1831 -343 -306 -39 -238 112 733 528 1403 389 -803 -206 -984 50 80 380 291 868 -403 630 -1157 -643 -261 -718 -295 -654 414 1114 558 -402 -214 389 -922 370 16 -721 -40 951 140 -11 76 -1249 -325 -1929 -647 -352 539 -1721 -197 -1155 165 870 -629 1991 -1292 -974 -580 -1454 -16 -434 387 -843 -265 -408 540 -368 -696 -298 -974 877 -367 1017 -7 -1048 -434 -711 511 274 -530 -1567 214 1033 782 -521 1005 1564 -630 -68 -728 161 949 1052 38 -675 529 524 663 -317 -289 -1655 -1516 782 -877 -130 1019 -82 -271 73 1470 290 508 -193 -950 -934 -333 -1296 -149 -102 -562 -689 215 305 104 -556 47 347 -143 504 399 167 -329 -999 409 407 -621 552 -730 382 582 315 392 -578 187 -114 880 -69 76 -833 -36 -579 -1083 198 -347 -495 
-604 -141 367 -673 -389 452 125 1576 336 1531 -606 179 520 1056 -63 -1112 -734 1372 -208 -663 1636 -250 -359 568 450 -890 -1182 -1231 -303 242 789 -203 852 -1088 -540 107 -755 48 294 2 -80 -277 -818 582 -184 -1773 322 881 -519 -670 105 299 -109 1425 -115 -910 -318 -939 -46 127 -137 -576 -1349 1001 -467 871 623 762 -309 413 -573 1606 570 553 208 180 747 -1050 149 -240 -322 -396 -227 986 -38 -217 580 21 1037 622 -1367 3 1167 -443 866 659 747 532 358 -134 -58 46 -329 -1264 1474 177 -970 -418 924 -293 -428 500 549 -74 -1255 429 505 626 -188 431 -224 576 736 -1435 -534 -605 479 144 -90 974 -295 279 1053 292 -1341 -384 1731 532 619 337 -560 994 -613 -29 -921 -354 1014 1769 975 726 453 -314 1336 -521 -80 -938 390 -265 -812 -1144 -359 500 -49 -568 632 96 1417 -499 -327 1184 906 -1067 -368 -1185 70 4 -868 130 -273 -563 -437 -1045 -1349 -953 -449 656 -229 -18 2453 -155 731 50 -114 -941 -121 -3 87 116 1485 -42 1087 -56 -210 -1196 -887 -757 -1373 85 1004 -455 -587 -638 -73 -359 -1238 526 888 471 -892 911 -88 -1125 639 -207 343 1751 920 -631 866 765 -47 -261 823 -48 -106 -148 -937 473 -61 -1250 457 683 -15 -403 251 -84 -420 -199 -1247 -413 1982 -1469 -1291 411 -1213 -30 893 805 347 -214 1249 907 374 334 195 121 765 37 425 -1036 -153 -339 533 276 387 -523 1072 -636 504 352 -478 -529 -532 -1245 -417 978 9 -1151 56 -386 569 50 404 684 -611 -50 444 -1 -174 656 239 194 371 -149 707 -1685 -221 -233 -253 85 -62 785 86 -433 767 406 -460 172 -49 -770 -364 -119 150 682 1229 813 -226 1301 12 -642 -39 -573 80 -1151 -147 1431 259 -970 207 20 -118 -192 108 -260 625 1371 -1109 -197 178 -568 -898 -465 363 -1171 -430 -1515 -498 547 89 -438 -331 -892 -405 219 -1028 309 1119 700 -753 107 242 -724 -1035 -1040 1177 1206 618 -1733 -1636 -1128 1359 136 -180 1171 360 319 69 -304 596 -383 -20 398 1296 -961 199 461 311 -723 -512 -1934 
139 -1245 -721 504 -25 -121 -591 -1385 326 -17 460 -1251 612 196 -1069 -309 591 382 -152 -146 4 75 -95 36 -1038 462 -332 290 -1206 -912 -32 -112 81 -1459 -836 398 769 444 -980 378 675 380 -229 -294 -12 -887 -723 276 904 656 636 -365 783 898 -2027 347 -803 978 -827 -401 1177 -560 -383 -1473 -78 -893 602 673 -1246 -378 340 -1115 -934 664 -207 -219 153 -270 219 -76 1138 292 1051 -154 746 750 -229 -307 -45 -294 455 432 1434 -78 -641 1102 719 -1134 327 -1091 1029 -263 672 -1083 -219 167 -188 604 393 -338 -1043 -118 -317 -839 -280 1583 494 701 298 772 -1136 570 -779 -381 -611 956 -900 -304 -1300 -681 414 -150 25 -818 -749 -230 708 -720 -755 511 892 293 -905 82 1334 -468 -567 -252 -507 739 1056 756 -158 -1483 -277 -256 -962 -1683 861 50 199 -295 416 -781 -1653 650 39 -244 168 381 547 -803 611 869 -1247 114 -26 -42 312 161 148 -277 -613 -640 -37 1011 994 704 -903 400 -447 -540 -418 153 -1109 -203 1219 63 -636 -31 -236 192 -18 -220 -1227 -1007 -482 -294 -90 726 -140 324 -737 197 -1516 341 -952 -607 379 -295 -1001 -869 -233 1578 587 -542 1587 -406 -1652 -380 -503 320 -479 1060 -616 -240 298 -126 175 -596 -54 793 558 530 -189 -924 -561 386 529 629 -1313 475 55 -578 -757 1449 -1565 -906 545 34 1052 -735 -453 230 369 -637 -1090 -1439 886 -10 -491 -1487 1261 -683 -436 81 655 -196 94 799 1020 -541 -810 202 456 -160 836 181 1343 400 -132 754 -212 1224 -292 -170 -790 -818 -843 1216 35 -1220 -32 493 15 572 -349 606 -875 691 706 -602 95 -337 -1170 -170 -372 -544 934 -784 -481 -631 1033 806 1 -692 -378 305 540 136 113 -245 875 307 -1155 776 -1087 -129 756 1159 1053 -571 341 21 -1114 -1171 -333 1948 -240 1367 -947 1060 -349 175 595 848 -1702 -85 213 1038 -550 -114 -260 -569 2016 -1567 154 1252 -265 -290 -64 829 181 1238 264 -758 -1796 831 -191 -607 754 692 -8 -470 729 454 -923 992 105 -465 396 -331 420 1003 -652 -21 166 840 -1002 998 
1486 1196 -292 658 -784 -1480 195 231 272 -666 29 -351 161 -563 308 230 73 -580 831 -93 478 600 836 692 978 -4 710 428 94 198 417 -476 -1324 503 1100 -437 -772 16 28 1683 -162 904 311 -563 -693 -371 482 10 305 543 1099 274 105 -1055 1338 1022 524 611 -1169 -289 -517 -1889 120 -419 -929 229 -374 -215 867 450 236 -886 -298 1240 -115 981 301 762 -160 -1133 819 -561 -313 -99 120 1790 1378 261 122 -191 254 215 -802 -132 -286 -297 -37 -171 -1688 336 301 -897 -615 -989 1045 -290 308 718 38 65 1173 -148 -201 1489 -488 -302 -763 -9 -462 1626 389 -1048 784 -586 3 746 868 -779 890 -212 311 -612 -1193 -126 997 577 741 -568 -1181 -299 -806 -99 105 610 -774 -1053 -179 -181 -90 -161 68 1551 538 288 211 -1222 -608 395 247 585 -670 -337 -76 195 -223 58 -870 -1167 422 -575 549 278 -377 -231 -429 19 -84 -234 199 955 -960 1350 -192 248 565 -531 530 -187 -590 -1074 -467 -719 1781 -129 751 -603 -59 -182 -75 -64 -569 -338 -587 -1221 97 346 389 -686 -475 97 796 -267 519 -537 306 -933 152 337 -154 1201 -292 1524 557 -312 -160 96 1472 -677 499 213 743 -372 891 -1343 478 4 -62 461 1184 -840 -618 279 429 -372 -267 -1238 237 6 -654 -1263 -1034 -172 1062 -148 134 402 -194 137 -1227 -358 140 -12 -75 -716 -1175 451 -495 -261 -15 77 -566 -374 327 -210 128 164 -1112 374 -1465 210 53 839 -305 1013 197 -1187 -601 1278 -804 -602 133 815 69 1152 -138 239 528 -1416 -265 -409 978 526 -211 -88 1428 -1462 -486 494 1848 -724 -404 -399 539 675 1007 -593 -202 -1051 -431 373 -413 424 -1018 252 -891 -491 500 -594 -800 -746 -238 -1300 439 -1251 610 -1839 -144 277 -437 -508 1972 -34 -404 -312 179 52 959 939 -942 44 -1275 635 6 580 -293 -653 -375 477 -264 301 694 -32 653 -369 40 -231 -597 -1292 85 84 -152 892 -549 -809 339 -1333 307 35 322 682 -292 82 1521 642 513 -503 902 -495 -178 -241 -1027 831 -774 297 289 653 -830 137 1017 -223 
-1636 994 -311 -840 630 778 413 310 -259 570 709 1415 -742 -704 39 532 -1273 709 -197 1438 -162 -739 30 808 -719 151 470 1039 -978 308 1078 -1144 -147 383 -194 1083 -943 668 -423 -492 313 807 140 -666 696 -411 12 -465 -351 723 -2604 331 -431 -436 1409 -325 -12 -369 824 -649 56 570 -403 36 1197 -614 -1102 -420 -561 -471 -1415 -434 -505 1342 209 -690 -201 309 -75 -743 617 224 -1015 -71 1102 827 -1122 613 1603 849 834 826 -294 -470 42 -1100 81 40 537 -241 -53 -660 901 723 773 683 1706 75 849 469 -616 -782 -446 -885 -1134 -450 -900 -376 -81 704 -1249 -14 -513 -462 -1008 -452 -533 226 257 227 852 159 248 -332 -719 -218 576 929 -597 -286 -576 -803 -337 -517 -116 1063 298 273 340 410 140 -522 -713 775 -1237 -345 939 807 389 329 -691 -58 95 400 -104 775 383 589 -69 213 594 429 565 -1106 676 -1083 -200 -362 60 342 -615 -553 192 -17 -525 1050 106 -1224 46 807 26 38 160 540 143 -337 -1518 45 -130 66 638 982 550 482 -1251 198 -1587 -55 -38 469 -2200 878 -420 -950 -543 -216 913 -628 676 186 80 390 196 -130 1179 887 1409 -687 -574 954 221 151 -264 1189 6 1127 -561 1195 146 -502 -461 -127 -1861 245 177 520 266 -135 -244 -2153 -352 -177 -629 913 -910 -175 1696 147 2124 612 977 -431 -1125 536 839 264 991 75 -67 1176 586 -790 -309 -670 386 -568 156 55 -305 334 558 -211 -123 889 743 -535 222 769 -233 -635 289 483 1251 -36 829 -20 690 -828 427 27 415 -1073 635 -343 300 695 1046 -1099 78 -285 -683 973 -104 52 697 -709 -510 -243 595 370 128 162 -833 -1013 1402 1460 -483 -526 562 970 -74 -864 220 -1001 -1277 1596 991 -1540 856 -902 -13 -173 -118 1434 -259 1345 -462 442 -120 43 289 -623 487 -577 426 404 224 665 360 279 -18 -534 45 -393 -890 540 1966 86 -897 847 1331 -414 -446 116 -21 -225 -555 -1687 -1005 -600 -321 396 575 -1602 -1189 -389 -596 -688 246 -590 1666 1065 829 575 215 490 -748 263 -116 -393 
688 -1536 1366 -157 -96 303 1198 -963 236 -795 -536 821 872 520 348 -1911 -658 -1605 546 -500 -105 -619 -186 307 -645 168 -757 236 -361 759 1183 160 -954 -532 -127 820 -695 -496 485 463 -382 602 833 -838 -831 1289 108 615 1135 -321 -753 -408 -578 83 -921 302 -181 -851 -478 -296 1193 -61 -841 -370 1582 -357 -275 -288 378 234 491 -386 155 -71 662 740 271 541 -657 89 588 -340 -502 119 810 -1487 418 208 208 -955 500 -1384 507 -83 -182 646 -1180 -1038 -741 1339 -1567 -1482 257 -773 550 1341 182 545 -303 640 726 243 -35 -1911 -687 -1972 -653 -420 337 -1272 143 -566 -244 526 1954 -373 356 272 -592 223 1115 135 -1023 -52 235 437 -217 -79 -356 -367 -212 155 -365 -598 90 625 -451 536 -954 -78 641 221 1215 925 434 -456 -848 884 -1513 107 -49 -43 -1706 1050 1016 -112 -23 1890 -266 -337 486 -609 -506 -1285 -236 127 -1069 1355 -820 -828 -213 765 142 -151 -637 -1008 314 -485 47 147 -167 -713 -1802 613 -774 1085 1350 -2149 -545 -48 167 1003 -60 71 1321 -898 -161 -645 -986 -152 710 -357 -73 539 -437 -1136 768 -240 -1050 198 369 -180 -1296 -580 -910 210 -294 882 -158 250 1125 -613 804 392 1096 1222 200 -598 64 -1030 -1147 166 -280 1224 143 -904 -58 -837 295 -116 184 -333 406 127 -280 -193 567 -634 -195 -436 -705 -850 36 -1246 -232 211 561 156 722 711 -1349 -249 138 -409 2 -747 880 522 -1005 267 -15 -1116 778 671 949 -239 396 -16 -1154 368 -694 516 1441 -1033 -489 -223 54 577 653 12 5 480 211 798 -333 242 -645 -966 -247 1452 1002 126 -378 505 -170 -511 468 -60 1560 1088 350 -144 -3053 162 -1260 -414 688 -529 498 -229 -314 747 -679 -234 299 -402 -835 382 -471 461 -484 -660 -227 923 -650 1601 -595 -782 -406 -477 473 -765 -1535 -73 -1914 -552 143 -54 550 1204 317 -1236 -1047 389 1718 -169 212 -1319 -1128 548 -670 1134 -977 -400 -252 -144 1059 47 -916 -552 95 -414 362 -1372 -144 -311 814 196 425 -886 -447 -299 -1030 363 1407 -713 782 -620 850 1733 
-887 726 -132 424 1051 -288 -237 744 -184 127 -319 -220 165 1481 -24 135 115 119 -523 -1187 515 1146 -381 -773 235 -395 441 671 707 -672 -841 -550 -570 -1109 -164 -578 756 34 857 -426 324 -460 -514 64 38 401 414 -185 -469 -297 1161 1029 1324 -220 -36 441 -1237 -4 936 35 256 154 154 561 -225 862 -1387 843 709 -744 923 805 -1239 -99 -1205 -1104 1935 294 -395 494 -846 -168 -1016 -627 1728 185 -123 -15 -348 185 -604 -13 -991 -183 322 268 -299 359 -430 -541 432 49 -77 -123 -1661 -687 -127 830 432 1612 -679 583 193 -1401 399 233 810 -1017 51 -365 203 -1074 241 -800 1190 314 403 640 1196 -380 277 -61 -473 -39 -871 102 -475 53 -958 1110 -645 965 559 1006 242 -992 396 -137 449 -329 -174 1391 -138 680 991 297 358 -1091 -1481 -1090 834 98 355 -498 420 -806 -590 136 488 219 1277 -852 266 -638 -306 -867 1196 -363 350 -470 -692 1007 99 663 418 1829 -62 142 -1066 730 1288 -1097 922 -1664 -1539 -69 197 -233 -1024 -480 -570 -171 264 -946 725 162 389 848 82 -686 -703 -72 -702 -524 -345 237 1922 1047 1794 357 430 175 64 -1129 -621 -655 1549 -196 703 762 169 324 27 -278 -406 -423 260 -675 462 1816 -89 -360 532 375 -48 604 -14 1329 1637 -1172 319 1121 562 -1452 -537 550 -876 -354 1805 833 -1058 -638 765 233 1438 -903 998 149 385 -641 -634 1463 -424 -1466 1426 338 704 -115 -100 547 34 -561 1035 808 1410 620 965 1356 -1964 121 278 491 -1025 1112 212 -418 1952 885 1185 -296 -706 566 745 -249 350 -130 -917 -1258 226 386 -116 1035 -668 1647 -76 -1104 1029 -236 -434 -130 -601 -899 301 853 1470 175 -292 -560 -893 -390 154 959 309 172 -450 -114 941 -38 -227 252 -531 -1375 -404 49 380 -509 73 -15 223 182 924 688 522 -1457 -778 -414 1158 -645 878 673 -195 -215 359 -895 892 1064 -1122 685 -122 -1123 -853 306 223 7 -792 -467 221 1160 -468 -489 -1824 -403 -760 945 -283 844 167 89 -1254 704 1511 -80 -1122 1776 -456 -504 -381 -164 47 1176 
159 -556 -147 -11 570 750 981 -745 1568 -627 106 951 -524 -1 1072 -53 -462 -252 486 -939 -1663 -872 475 1137 -92 499 -211 -432 227 327 -113 -564 -116 443 -616 -899 -708 771 107 1465 -1409 -1060 -86 -677 -186 1026 -23 -47 -446 -954 -1995 -115 -1116 903 -997 287 272 589 579 2186 -852 -194 -281 826 -1498 -1862 -1008 -1048 265 -398 231 1674 552 318 -898 -687 -264 275 526 -137 -138 104 857 -6 709 -375 35 1252 -308 805 571 -190 -185 -1023 -1276 -485 551 223 -479 -2059 791 46 556 -437 47 -1201 301 407 417 114 -438 895 -1440 -51 445 198 -396 -995 -815 -994 -620 822 -1051 857 1020 1098 -990 -191 741 -2406 701 -491 308 336 89 -212 99 -88 -509 146 -305 211 69 2070 -934 179 1262 990 -817 469 -297 -80 -160 -869 -695 224 255 458 375 375 546 135 -314 786 404 533 -290 -278 611 111 179 516 579 -247 -3 150 -427 320 996 -12 888 401 -88 -957 -1472 -225 -1111 -520 -1675 1065 643 589 493 264 1098 -350 -39 -570 -1567 -211 -310 53 387 9 -279 618 1431 -890 1510 -403 -622 142 610 506 927 -500 730 -346 -806 -165 -360 -767 1336 -591 528 603 766 -139 316 219 233 725 -430 -602 -166 565 -1333 -47 95 -224 131 1559 -617 916 522 -990 -428 228 690 -159 54 2557 322 155 -788 68 379 484 460 -181 179 -1597 -1488 299 -652 -117 1176 -390 -975 952 1729 936 -72 396 195 940 -402 -290 753 -362 -283 99 -2 -339 -435 -307 -170 -737 625 218 -240 -793 -514 739 195 113 1060 -35 -415 -231 -1 263 -689 1235 -614 432 738 -750 -279 -72 -1096 -698 33 629 1135 655 794 254 -86 35 -699 1439 -1094 371 -88 -1139 -827 1810 -1115 -1050 23 -90 302 -854 -1159 154 -213 705 308 816 -214 -570 760 368 939 -122 927 546 535 386 16 252 424 928 720 -587 -230 123 -1343 582 562 -197 -1716 202 -253 90 -428 237 -654 1172 799 -790 -110 -658 -971 -1046 557 -1099 157 -476 1312 -300 860 -1698 -181 1412 -801 1500 151 -965 566 -139 1371 248 -1403 590 425 -475 31 -512 
-679 53 587 -282 -337 -685 473 -750 1200 -486 -85 1057 -419 1332 152 110 338 1051 -848 -235 -248 -11 -261 462 -1653 -523 250 403 -1221 -586 1240 -451 -471 -539 -159 -962 -766 247 109 272 -69 -840 -337 180 -865 757 -74 229 -18 -1741 -46 -959 -601 1036 452 334 -390 -274 -41 -49 -273 41 1411 429 -1814 98 -556 -191 -892 358 1395 21 1049 37 1279 -414 70 -98 -280 9 -289 -1229 588 548 589 352 382 473 -110 -1776 1404 -702 -1028 175 -175 530 -179 -743 756 -149 1403 -441 446 -181 -424 181 -1095 -445 612 1294 111 807 -175 459 -95 234 -29 -815 -247 -500 -853 -587 -293 -19 -1090 686 734 693 743 -422 -511 -159 -1573 74 -591 -808 -853 381 -33 -389 1729 473 308 -256 -252 -470 -831 107 492 -614 224 -286 140 33 976 -680 1232 292 -518 -869 451 913 -843 751 -475 394 866 430 -13 -54 373 -1777 -355 -1457 253 -14 1002 716 488 94 -362 288 303 -776 -63 -86 -412 -368 94 1456 -765 12 395 -1382 1033 -838 1068 670 486 825 10 -894 219 591 98 760 -863 586 957 902 -1090 -799 -796 513 -434 -896 177 167 -152 -149 -1657 706 -601 689 571 619 -561 724 97 171 763 -660 -88 -283 -1587 -1968 -52 238 122 -972 298 818 619 612 -727 226 520 1364 745 289 -303 150 -72 -846 200 -561 1255 1030 84 756 395 205 965 -55 248 -404 1043 -256 130 -52 215 -1396 209 -166 722 383 -845 -512 64 782 -715 244 91 -813 -815 417 -972 58 -637 -258 399 80 -1640 -930 1040 240 679 1276 506 -695 -1429 806 2015 -951 -45 217 550 -458 -498 195 348 594 157 483 -291 278 -249 855 -1625 1156 1722 52 270 389 581 -110 204 704 -542 681 -1281 952 -756 757 -279 1044 550 759 -742 -1208 587 -131 1095 981 451 453 -803 757 720 -1603 -626 -624 -848 182 446 -816 631 -51 189 -540 574 307 -994 394 1395 183 -352 -1122 -492 344 826 -780 339 -973 -67 756 259 -846 174 81 727 -461 720 -823 1475 639 -474 1701 -1113 186 -1829 289 1577 -368 269 620 -956 1394 945 -578 
151 -150 248 -795 -202 644 794 1056 750 -300 408 54 882 840 -222 1413 527 399 722 -190 794 164 -38 408 -173 -249 -212 576 246 504 1889 -544 1029 474 677 -959 317 2296 -11 -872 -1301 452 206 375 -556 -36 369 -625 469 -427 134 246 -1279 -25 -391 -687 -600 123 -741 -309 551 -584 -819 333 -1210 58 1295 112 321 -474 -2411 765 824 439 -131 -699 646 525 -978 -836 -188 447 -460 1231 -1024 -992 -588 -261 -457 -26 1309 -108 739 -227 207 -21 1313 331 -840 594 1123 -442 -670 -219 148 429 636 396 -801 -317 -768 -493 -282 -186 866 -575 77 -765 -503 -276 41 -1 -658 475 -1028 684 -342 -1184 1132 19 1208 -978 -280 -1441 -907 1516 -78 238 -365 -594 242 560 -477 -1018 -376 1233 623 1069 -905 -276 -268 -1086 106 -707 2711 385 -322 21 422 -1492 1112 493 -775 -808 169 -239 -1480 1150 69 -384 -878 -1581 81 43 -133 302 -628 -586 98 444 367 632 206 -83 204 -559 96 -268 831 -433 -2144 1804 251 -129 -396 -1470 654 587 272 337 1581 1708 114 -801 669 178 897 771 807 247 -955 -342 113 -1326 483 -1453 217 -1398 -68 808 -258 -383 1028 1012 1650 -469 -662 1054 304 -411 70 -210 -639 979 945 283 -136 -509 235 -218 986 501 482 -464 238 -271 -1507 1337 -1548 -822 223 -515 -393 -1568 -775 800 996 -136 -67 -194 -349 449 17 -757 -751 5 1620 -1239 -84 449 -754 405 -1390 632 929 529 702 294 625 342 491 -1529 -496 -243 1135 1043 518 -1277 -452 -12 -524 -905 -710 404 321 -7 -539 264 -829 1340 474 -782 -181 -28 596 -718 515 -371 -376 173 83 -257 -613 -103 522 -508 -57 631 1321 600 -60 544 -1350 1001 88 951 689 -260 -827 -1179 -1564 -1172 -43 143 -1667 683 -1292 122 231 207 -518 1500 805 85 -1852 945 18 149 -438 -249 133 -75 723 866 1106 -1826 -350 -244 199 696 -589 -1059 1047 81 -452 606 -41 1002 803 -415 -600 -1373 -558 -219 -1617 -85 877 -331 779 313 788 -174 -283 -828 -52 809 1182 -432 -1031 -859 919 -839 173 -463 318 163 -1485 -481 -763 681 
148 -33 -26 -199 -542 -632 -989 -32 497 -423 1232 449 113 209 -1067 445 114 -146 -157 718 -736 438 -344 -38 669 -289 -645 769 -140 -496 1118 134 -471 482 80 -747 -4 1356 -558 170 -1 190 61 443 870 -728 800 -893 -1086 -14 1761 -520 -1318 1322 -808 1282 -1004 -514 670 -457 665 335 -841 48 -153 -235 -1126 -404 -486 -1101 -181 591 956 759 -523 896 1642 -56 -1403 690 -477 -1548 1439 32 1200 -1246 409 385 255 58 -684 666 -516 909 341 -699 1145 -35 111 -2091 2331 349 156 -1211 -120 224 -611 175 -1645 -1620 543 329 363 85 -411 -418 -20 -252 -229 578 744 -473 585 384 -491 17 -390 581 521 -216 -890 777 -1323 -14 554 -633 117 -544 -274 402 205 -121 257 263 -430 125 -646 -1087 108 65 8 -1350 -1351 103 -271 568 726 -63 -103 1002 685 327 -787 452 -384 348 17 313 381 -349 -622 1334 -1045 193 272 -114 -928 393 -132 -294 666 663 156 -540 1504 -12 1363 1134 -435 -781 1583 942 283 -255 80 -1682 847 357 313 -902 799 270 -151 -240 718 511 93 983 -886 1301 -160 -437 -74 591 388 -601 253 -444 -147 -347 309 1364 506 -27 -234 -365 -235 1031 -427 802 532 978 -978 25 -1202 -855 -241 462 -1221 40 -988 183 784 -1163 -475 391 862 167 -233 -333 -91 237 -682 -1061 1250 24 -130 747 9 716 -427 455 1308 515 409 337 -448 -1033 -569 -234 408 -133 532 -1634 203 111 418 687 98 -444 -637 394 223 -4 -125 288 1092 -538 -299 1725 332 1036 -1277 1265 -80 -546 -124 -408 -258 683 -472 1223 231 1021 211 -61 653 103 476 -873 -286 136 769 -1477 145 759 -27 -735 228 -1495 -1117 -686 763 -169 162 -851 328 782 308 31 -1016 -544 88 510 1144 -144 -260 238 -847 -705 727 -937 448 -152 -225 -1230 185 216 -804 -131 -715 578 735 -522 1144 -809 1386 723 408 -1998 -1206 274 163 -727 -1365 248 582 -1 -110 -117 1290 -691 527 -22 -484 928 283 440 2097 -306 -682 -214 -1251 39 127 -1296 -643 1120 360 -1364 -1320 -133 1161 988 -401 -605 116 554 -796 -474 
-533 -565 243 -499 -655 852 798 689 -1042 837 231 497 82 84 -662 -550 -10 779 1133 -768 -1648 -52 -151 103 -1003 383 -479 51 690 604 -494 -635 -568 940 -605 -1056 -2033 935 -181 597 643 1254 814 -424 -619 -116 974 1222 -1840 -7 -1150 -172 -1389 -844 -572 1251 2067 -1581 -412 405 -66 -666 -171 893 -216 -862 -222 -232 803 -411 594 552 135 369 415 516 983 646 -708 745 818 -594 -991 727 -3 -200 -397 50 53 -476 -1563 407 -175 -484 301 674 -697 -2094 778 -529 -805 -37 -284 -885 2198 -876 -935 365 -893 -281 -1716 -59 837 -1255 277 46 42 1815 1638 -363 152 218 130 1146 1115 3 -1349 1127 215 -1377 1070 -1252 -1259 -1267 -1523 -705 -624 -544 586 850 -107 812 -278 -1250 -140 139 488 1406 -250 -35 -476 107 -478 -829 -1203 329 52 1015 -1140 807 -1051 -1181 -1004 -403 1065 1086 454 410 -1036 -57 323 -290 487 353 85 704 -1097 -439 463 -7 -320 874 -283 -947 1233 392 -205 57 -402 296 59 1396 -309 -1453 336 -519 -253 -741 1033 902 889 351 940 962 -126 1177 1494 808 1439 -152 -476 -1050 1776 892 28 -379 -153 222 -461 -371 760 633 -485 212 375 376 633 302 -496 44 529 1643 194 -2346 630 822 -354 -353 887 -275 -1397 1214 14 307 89 -602 578 1065 726 58 1402 -321 159 -1 -125 -776 1318 95 657 -103 1374 -659 -939 380 -23 1604 999 -343 -856 -831 365 311 1183 -343 1432 1014 -647 390 -1177 446 24 -211 -420 608 -784 -349 -132 246 1230 805 -191 101 65 -473 323 1034 -208 846 210 -459 -682 895 -331 1265 -1018 -963 416 637 -538 -37 -858 -93 73 -1224 -3 41 1007 621 -699 -1596 -1097 747 1042 -436 -244 14 950 -911 1550 -705 -1417 -457 78 -1319 423 -82 733 -31 135 -550 214 -404 83 588 -1383 6 -296 141 -657 -569 -464 844 -10 1120 -609 803 468 -1 49 -463 -278 1426 137 755 -646 -368 -833 48 -1957 872 1042 146 522 -131 -1389 -674 -380 198 -516 836 214 -388 498 -1418 581 29 1075 -215 479 1475 -485 -1099 788 618 -1242 -1740 959 178 1445 -973 
-550 32 -18 596 398 734 -547 -222 -1079 1261 -1331 -734 152 -1519 -863 -1522 450 -81 -1257 542 803 -181 -487 -1288 -827 -11 -274 -905 1283 1655 -586 1180 1297 492 204 835 2638 -691 -1786 -1339 792 -40 1269 224 1153 -514 -2150 162 -416 103 1129 1296 64 162 -142 206 2187 -313 1736 682 -737 146 617 -1260 1457 403 86 -691 -307 -873 254 -27 -23 -573 -447 -426 -234 441 419 202 -1219 905 -468 66 -85 -365 -684 134 695 -226 76 731 -490 183 585 184 105 930 310 -986 512 60 -569 -521 -149 841 1059 -1019 -320 -1385 -87 499 -817 95 -836 265 875 296 -938 -614 -285 -10 1124 -379 1111 -70 23 713 -481 1036 240 -1036 1841 1407 252 195 155 279 831 677 -14 354 -81 1022 1309 -7 -414 -1066 1580 -18 825 1057 -961 914 341 506 -701 689 -1013 -1034 417 525 237 -235 624 -162 336 178 -227 529 33 -702 -395 677 810 -356 -338 -378 -291 76 424 -484 140 1225 -1866 601 -658 -280 -163 -348 -910 -1198 -1401 -483 1686 43 -745 -4 378 989 1210 -1136 28 88 -571 -62 403 -1031 349 -547 492 305 339 -111 115 44 646 385 1417 747 1020 -812 353 -1114 669 857 584 -145 -745 241 -105 506 411 -328 167 627 61 -429 -639 165 -280 -615 168 248 51 325 -1215 -1652 -137 47 413 -118 10 689 -488 255 764 431 179 -310 322 655 -1063 -146 -1336 -608 -221 358 465 -1004 -224 -327 1248 -360 -397 662 920 -241 967 -548 1766 -623 364 208 381 785 -75 -130 -1100 -612 -552 -711 -366 1184 -553 -39 -1190 416 -453 -404 623 605 -457 523 -10 426 -48 -69 381 -280 181 -513 -55 -411 -768 318 -895 -889 -553 -444 510 -289 1188 -988 1091 -244 211 143 -385 -1174 799 -956 832 -93 489 -36 -218 679 1351 515 1070 470 1002 -628 606 -489 -329 -333 1505 -149 1010 -62 877 561 1080 634 164 334 -1619 -316 -286 665 -40 366 -1659 -1240 -348 651 272 417 -21 -245 -737 1393 1024 1063 -431 220 -125 -1737 338 610 -1002 1855 369 -734 1634 -423 -30 168 -173 1230 -993 731 -523 280 -392 985 1413 92 
-25 624 -163 -168 -1582 324 137 797 -802 -420 1156 -1337 657 -526 -117 764 -873 347 243 -553 1102 -33 372 -99 -200 -307 -76 -746 -1559 -1455 -1804 90 -875 -1094 -212 -243 1032 -490 -1110 -261 -1072 335 424 240 978 206 1323 -1019 -1120 717 1203 -227 212 2124 -27 1076 -1039 -2168 -943 -373 471 488 1750 -533 -192 -1022 -540 334 -330 -1086 -134 647 -586 -1189 503 325 151 670 -1086 -277 104 1077 772 79 689 1113 -1977 -366 -1225 4 616 -847 -484 -683 -100 267 1041 64 -62 766 -484 220 -480 1308 94 -540 -821 10 140 594 -160 1068 262 846 -193 1074 423 421 399 412 1549 1292 -653 -671 221 647 -502 1056 -446 398 388 597 -256 259 656 1613 -444 -792 -151 609 216 32 -1029 343 -607 -891 -810 -804 528 -552 115 -249 258 -176 125 -595 -43 -1250 498 -257 -86 -1328 195 -1690 -1495 -347 107 434 474 350 -72 -564 789 -591 331 -988 1466 -677 778 1625 522 821 -405 -1185 -156 619 1461 970 -255 -908 -128 -1540 -66 950 -808 -938 344 1202 -1135 -1458 -926 -81 -441 -438 -826 -34 -530 282 -246 1319 -192 -64 -320 922 299 -1566 -311 -594 -519 -260 600 -493 1028 -289 -172 -302 346 -609 -932 79 -1241 284 471 595 790 42 -766 1513 -362 -427 145 -127 -303 -353 546 490 -1304 676 362 251 338 415 -1374 -689 -1495 -276 -533 257 -747 122 -506 -301 -287 357 280 -416 -339 -304 46 -475 -1140 -1824 -59 275 -1020 -810 254 -536 385 779 142 -391 901 -839 -530 -1009 -1180 -85 935 163 739 205 -260 -799 1071 -492 585 640 -546 381 -231 239 328 -452 -419 -125 -1562 420 -1036 -516 -11 -480 -183 1164 725 -201 -1531 -93 -720 146 -416 534 -167 609 855 1357 392 500 797 316 70 -829 304 719 765 -430 481 31 -1427 1198 207 1056 -670 146 571 226 -94 -945 -1874 942 145 -499 -817 728 -158 -1307 -1533 188 252 231 127 -1822 605 -532 599 -276 292 251 134 -252 -6 -122 539 -63 -550 -114 144 73 -398 -198 228 235 -657 713 540 45 -116 250 -1412 -774 175 -1004 457 -842 541 1382 1416 159 -87 909 
-925 2817 1103 1089 425 -748 -932 -515 661 631 -960 1290 -182 -2570 420 732 508 -531 -2180 631 878 1129 518 1211 -494 159 -35 746 541 -138 1566 -433 758 612 -288 575 -370 -832 -74 667 -1937 663 -123 -2535 -1313 -338 307 735 39 401 -606 575 211 -1579 793 428 2093 340 503 785 98 307 -304 630 316 -880 64 -545 154 348 -88 -889 -142 -921 1093 -405 -1134 1441 -1094 1187 1086 -543 173 -981 -704 -223 -1263 80 -378 -841 1042 -472 99 74 -912 1339 970 731 -1339 -347 -431 -287 -1500 -302 31 -666 939 -137 1063 -686 1078 558 -1543 385 765 633 -456 -494 -283 527 242 -802 688 -316 1116 -399 -1240 -791 -522 292 533 398 963 187 628 -572 396 950 -116 -978 -2014 -572 -799 321 37 1003 -573 -525 -69 383 243 -712 380 -78 -98 -49 611 244 80 316 -561 -143 -602 72 772 -594 1098 95 453 -66 -81 -140 413 -2048 -321 -567 -292 168 -1074 178 91 685 906 273 -1293 -757 -259 -974 -319 -864 1779 -1514 -224 326 489 300 -410 1331 -312 213 -581 -599 -1124 -857 1066 422 -319 219 -177 -17 1206 265 161 -979 527 -328 1922 -117 191 -780 58 -710 -447 -563 769 870 -755 -83 -596 999 606 -736 217 -499 748 451 -536 1374 -809 -876 -769 327 295 -1243 710 -959 -1005 -95 -591 782 -1125 -156 909 820 174 -72 -756 521 -588 -638 -1371 -908 512 -1072 -864 -229 623 232 -1275 -226 942 -5 -106 625 -376 755 -343 435 815 175 -1791 297 -861 573 -1462 -269 -250 -113 724 1 359 -1038 -44 825 -697 -445 -932 -375 -375 -251 1042 101 -361 136 -474 713 1194 376 -816 -691 42 443 1779 -538 829 -481 -857 745 -572 72 449 -285 -861 -553 -67 746 806 660 -40 990 289 -205 -503 -592 -91 -685 -90 1655 -722 726 -290 803 1109 -1359 487 728 -722 455 671 208 -218 -1255 -130 1705 -26 491 22 1062 -780 688 1191 -604 -152 820 -788 -186 1020 -526 -66 -1018 -739 -351 163 899 -703 -309 569 -947 62 347 560 1414 1325 871 281 -1811 -542 -771 79 -973 -1360 463 334 7 -540 964 722 58 -1134 12 
-777 660 456 -994 158 -1198 -117 387 -1210 236 -1001 -40 362 241 -3 -462 -781 -606 477 -1437 -38 517 -373 654 1140 36 147 386 189 399 -846 663 -252 157 669 630 1061 195 -666 -138 -435 38 987 767 -136 -430 590 1009 -364 7 817 -477 -1491 -782 -1233 273 -296 279 -1375 -680 -804 -231 303 -95 79 332 -219 217 -78 -919 290 -4 101 -1188 -655 1546 -792 -664 -491 1242 1014 -168 1454 1002 -722 -708 -125 274 1105 -713 -312 452 834 279 -634 988 1353 246 -374 -98 119 470 926 -1209 30 -803 653 -946 -34 -11 445 -1196 -867 -240 -1263 -209 2053 -405 5 105 1310 592 262 -758 -662 -418 799 124 -232 174 198 793 -329 494 52 17 207 393 1742 -542 -1249 -1084 389 -42 -221 -1489 252 626 -1278 -1135 193 315 -1051 -168 1111 1501 -180 389 -509 -528 2424 -342 806 19 707 601 156 -805 81 800 646 926 393 -597 -1195 753 363 498 839 833 -148 441 6 760 716 -236 -539 1588 -669 523 -274 -463 98 -1241 1138 246 -637 -489 236 -1101 145 498 218 -361 -1591 -784 594 -1054 1837 -1463 800 1481 -69 10 -41 -281 361 503 131 895 445 -975 1379 79 -548 -1902 770 557 82 201 295 -92 363 -754 300 300 -378 -835 702 189 907 729 877 -211 563 -170 371 -712 -1204 512 748 -457 1717 784 394 -693 -524 344 -447 16 56 429 -847 1078 -379 -1508 -386 1142 554 495 295 67 -51 -519 -724 254 1341 194 1303 -655 -274 443 483 -565 479 -203 661 75 -784 -227 245 102 -937 563 -1429 -314 97 -551 40 478 1103 -249 -832 -846 481 -1795 -573 664 -710 637 499 -44 12 -1169 -364 -340 -1048 529 35 1111 -322 -62 1365 -474 -525 -1252 857 -43 7 112 1369 91 1233 566 264 -1313 85 908 673 1450 -255 1079 -632 149 -670 -870 319 855 -1094 -1090 1093 514 -124 789 532 905 6 210 -200 -1043 518 -814 -46 1395 -87 192 -225 -1407 383 -1616 -1693 -184 -332 -134 229 -682 1386 535 967 26 -683 243 944 720 -507 -1224 -75 -703 973 -375 -209 -750 -1393 42 310 -526 -1127 -523 -872 642 
-1486 -579 458 936 -114 388 915 -324 -1300 174 118 115 -885 -88 359 970 -521 1519 -59 362 64 -695 641 -912 -277 849 -255 618 1044 701 382 -676 -577 58 18 803 162 887 -993 -527 -1095 689 -37 -228 -1255 -600 103 156 -837 -161 -49 388 108 953 -407 -77 -505 -1283 -385 -1030 -722 84 -938 -741 1330 -314 -595 344 -1242 219 -473 -283 1467 898 -299 -67 -367 263 411 -359 670 95 -586 -233 592 -392 -448 383 -1250 329 963 13 667 -389 1122 697 -1124 347 1351 -635 1129 686 -815 -727 -1054 -509 -617 -744 -46 -29 1470 -331 343 -82 -16 355 544 171 1019 159 641 -176 1139 -709 1048 -1715 398 527 395 -528 -244 539 -157 -572 498 489 -266 -292 630 141 451 -156 -454 90 221 190 -654 -312 353 -610 -972 -1271 -703 23 262 -600 -1445 -520 630 -507 73 930 -503 71 1124 -739 -1037 858 -502 -1193 348 -729 -390 -221 -536 116 -48 731 59 387 -246 898 401 -1125 226 857 653 1181 -400 -279 -1657 976 -1002 1243 -405 -1239 494 997 -1752 25 -542 -588 -835 561 1216 -226 236 -219 355 -243 416 355 -1281 -132 -940 -356 -1426 -253 215 799 1140 28 250 -172 1951 -1171 -319 -489 -361 -188 624 -459 -986 -408 689 -1130 -230 -1639 424 75 624 129 579 272 -948 1025 -564 -695 152 305 -912 -349 361 -138 990 189 -440 214 601 543 637 265 1011 -93 -415 848 -637 503 -654 830 -237 708 1180 -284 1367 -1821 -973 417 -941 365 1129 -85 -251 -474 482 118 806 -156 826 -6 -762 1448 885 1491 -452 -1417 -386 -324 -9 -27 -847 1205 -355 412 561 -92 -600 -443 -395 -690 -222 -315 847 233 -392 344 -1006 37 169 -451 199 787 -349 313 -24 164 -90 42 -460 466 401 102 -1078 579 -541 1273 -943 1092 269 451 256 -778 -339 93 -364 -23 503 -1595 -459 193 -185 -873 502 298 1428 -663 346 798 724 -1284 -560 -287 701 217 1166 295 123 -477 726 582 671 -1034 328 9 -1257 -603 -30 -37 -777 370 -209 -443 -426 -92 116 -84 -368 2424 1349 970 -1171 911 615 -169 218 583 247 940 370 65 
-495 -904 740 1030 -609 136 78 600 -740 -754 -564 145 1368 -791 -723 -1497 1092 478 478 -743 31 -479 97 552 578 -1302 -1016 -676 -1674 882 -1197 -812 -317 217 -89 -342 131 -807 -533 324 -297 1742 -149 -1169 589 -340 -625 1180 -1502 604 -207 748 98 480 -570 -551 -148 -550 98 -101 264 -125 -1051 75 1263 -338 -221 -23 -569 112 -311 521 -1048 14 -160 -217 -478 118 -1400 58 996 740 -683 -799 1190 -71 -1072 -204 -886 351 -616 -772 -143 -975 150 1334 -656 599 1018 -885 -58 -250 537 238 -244 -1396 546 -1283 1294 375 387 -632 596 -66 238 351 785 -61 640 482 -229 280 1833 -490 1115 -654 578 1324 -160 -1121 365 -27 -193 -174 247 -638 268 -470 411 -12 -30 -87 16 -691 756 458 -381 1023 303 -1601 -165 25 -1044 -1052 -74 -1131 -392 -243 -829 192 203 400 1087 271 838 -664 713 -1 932 337 -477 433 236 -542 -476 -820 -1131 717 799 219 -756 -666 -1301 -909 -351 153 -66 441 467 908 -716 -1202 -801 -969 -428 815 1582 -1470 -992 582 -11 -515 -59 419 -324 -6 1545 -1291 -346 -88 1212 -207 -290 -875 639 -881 1245 -674 -275 281 878 947 -525 38 -382 -19 -1042 204 -257 637 -110 -499 -211 946 -1261 946 -345 -81 -502 -778 -202 -480 637 217 -750 -368 927 528 1910 149 372 -325 -716 -1389 -318 -1018 -123 -984 -707 309 411 -89 1508 501 98 -541 -603 395 -853 -827 -193 1272 1249 556 -125 1638 212 -1036 594 1583 1006 -499 561 -829 -967 -943 -2248 1319 460 -811 530 435 -543 204 -69 945 484 1674 728 -1211 375 -461 -474 723 -655 348 171 -161 -369 669 -228 522 340 -138 -243 174 -206 46 -1354 196 1846 -886 -41 -364 523 929 518 1619 -120 -153 -112 862 -33 -751 198 -931 -275 662 -642 233 1074 -342 -291 86 -694 -66 1014 184 837 266 -493 -1685 -1019 -373 -140 607 -74 -1042 -170 -527 1185 -81 -238 -659 -352 1638 -403 -595 -713 1036 -1276 30 -1384 874 1256 973 -558 2116 893 -868 815 702 -3 296 1 -268 -1125 641 687 -230 -209 -646 1049 1752 163 1068 660 -1000 574 432 
1011 -793 937 -620 1483 -1008 12 -31 446 438 -525 -824 -651 -877 -2 781 -382 1396 -295 -360 -1247 -619 -106 -464 -57 1676 31 771 -1006 -829 -570 -79 -2088 -520 503 427 1591 -239 -716 -232 143 -569 932 -31 374 30 -1237 -339 1435 202 992 -350 -330 -93 -1127 -347 1097 494 615 -389 732 -1629 557 267 -1001 1136 175 -1017 110 362 -933 -1469 524 -592 -133 495 -339 -630 -1405 -971 992 274 568 392 56 -1086 -37 1344 195 258 1662 956 -65 -931 886 812 -984 651 -751 439 784 -156 -1680 -311 -182 1580 1107 314 -851 483 -104 481 1256 -1168 4 -1473 -505 828 1083 -615 -71 1069 -195 530 599 -278 -321 596 -223 1274 1460 485 -468 581 -591 -86 524 254 -205 -938 -1027 276 353 -58 -1841 438 -194 -261 113 -197 915 -355 452 567 -1039 -897 627 256 -163 1022 -729 1562 -868 703 61 699 854 -181 -152 -141 -618 132 383 -182 362 315 -45 -416 -277 -396 1581 -197 1137 -285 -445 -1708 179 374 -1195 -374 -871 -53 -542 776 1908 -822 816 -307 455 -803 275 657 -276 779 -877 816 -496 -784 217 -151 935 454 -427 39 1303 -336 -872 -1884 345 295 1193 -468 84 129 129 529 -769 810 699 788 -883 101 510 473 -1382 412 -323 60 -1230 82 -863 -69 -161 516 -386 -1224 1039 -516 441 -230 -435 696 -1479 -224 291 260 -334 -1070 765 867 -412 -3 1542 -552 -252 197 -264 841 137 -770 -755 -117 118 -349 -1782 735 544 -518 901 689 -637 -39 -632 -1471 -140 1945 281 337 -109 418 711 262 -1216 -1719 978 -30 -494 -376 -33 1011 46 283 496 -134 -1157 -570 -458 -922 -312 647 375 579 463 -489 -305 -210 656 427 271 -1554 -559 -909 -261 -1449 -161 660 1089 44 151 -428 -927 420 -303 1179 370 666 -519 313 261 -459 -1034 734 640 180 444 277 -38 -1658 -775 354 -684 -570 263 -729 -159 1597 -944 -1012 -821 647 1542 766 -576 -476 366 -971 -1668 -611 -314 -702 1306 586 -272 740 -395 1561 -1251 -75 974 -773 138 -976 228 -706 37 315 -627 900 163 -1226 -619 -849 804 273 658 641 1849 43 -182 -540 
1244 -837 1446 329 -260 -102 579 390 419 -1 192 679 -740 -406 -300 879 -437 -1351 -600 867 -206 -97 -717 219 495 1236 372 -840 8 -273 1260 -610 1096 1486 47 81 -753 1055 -135 412 -384 -409 161 -186 -268 -70 -363 -82 3 469 -59 1314 -495 756 -456 -223 -357 -561 -1 497 -814 -1986 -652 -569 309 204 -139 -86 715 -76 -506 662 -413 -24 1279 -1082 476 -526 548 -770 -624 -377 355 828 -25 -1683 1096 -182 -593 208 -195 217 -834 -654 496 924 -52 -407 -1702 -434 519 -707 315 883 230 -38 -741 -888 515 930 -87 -109 -726 -401 -7 -1500 1222 300 565 -414 -1119 38 -1313 -170 163 490 505 316 -203 -537 808 -153 -328 -707 1097 895 -1343 -503 -112 -59 333 -666 -136 -1172 399 -406 637 1549 47 911 -501 -332 -630 -1081 804 -1159 328 -127 519 301 780 119 -137 -25 -53 -916 -159 198 -85 694 727 -761 151 -877 129 1159 -2129 168 48 -457 -411 420 -638 480 141 16 228 284 -713 153 204 956 -118 -918 -437 -245 141 194 714 -259 103 79 -680 369 864 -648 492 252 -933 -1155 -1101 1139 -657 119 1439 -1350 -744 -102 473 1057 733 -879 793 -108 628 93 400 1232 994 572 659 1537 371 60 -762 887 336 -212 -503 -60 -1016 515 676 -301 -412 745 -936 221 36 -105 -815 128 -928 -1424 -309 -608 93 124 578 410 -240 643 -1436 536 -208 -2071 190 -481 60 -479 -1224 355 -1451 1019 438 1796 -806 -128 939 370 1942 -39 884 -544 -478 1217 -1626 100 -339 -82 -783 -170 -701 -423 1583 -45 1092 223 -551 -758 68 688 -472 690 -664 -102 6 -1705 260 915 -500 -375 54 -233 -1989 591 522 -457 4 554 -257 642 -345 -944 239 601 -424 -640 -23 352 -401 1756 -919 -26 -422 -203 -1626 -1451 315 882 146 477 403 -760 -568 305 -1425 -1137 -867 112 1050 282 -29 499 1010 -843 -233 -806 726 -36 -31 -505 345 -337 -78 763 -378 1319 -1120 168 689 335 -280 -648 253 368 -266 -886 951 988 -130 -519 238 -950 608 -734 -779 -599 111 704 -1143 -18 464 -886 960 -1336 -368 -971 -1874 1101 
234 10 -138 557 -488 -355 -233 -465 1277 931 585 -928 -137 474 500 654 -909 -434 669 -585 -999 -530 -855 -1170 976 45 -420 -735 78 -1327 947 394 672 -227 -125 -25 159 -77 424 1281 -1107 527 275 918 -418 748 -609 442 -174 -688 -19 -423 299 1078 69 -1786 -503 475 -409 1175 -132 602 -806 382 -448 466 -1203 -189 101 -444 -117 121 781 360 -487 989 1044 -97 -645 -112 1324 684 57 -164 130 441 -329 862 -100 238 326 172 149 726 -577 722 131 -947 63 -945 835 87 624 93 -1122 317 -925 837 -274 -403 1134 -602 272 -333 481 -1409 537 -2029 -72 -2 -1218 -1757 555 -612 -591 -895 -98 -156 161 11 -1280 191 31 -594 125 -705 100 -288 -1059 -136 533 -450 382 1159 1322 -390 334 -1483 -988 -530 392 1267 219 699 -386 560 -181 -164 -610 -215 -437 -126 -578 28 760 247 -461 205 984 -695 2100 -2016 -25 -905 -426 409 554 -360 -13 864 -183 -183 617 -575 136 1154 271 4 538 532 798 343 -272 -1016 976 -447 820 -69 -1208 216 -116 850 -1153 -905 542 133 550 -1871 -1000 409 381 497 -1194 -851 139 142 -719 1246 332 -733 773 978 1136 -1100 -291 -1420 469 754 13 -511 -1383 -1147 33 -738 111 -335 1026 422 -526 -208 284 -132 -103 -1019 1592 -66 1663 -83 78 304 612 818 428 -1431 -347 -626 -43 209 771 149 -738 -1161 869 -994 -985 -750 409 1182 568 313 -1211 -1074 -1100 -215 53 -36 856 612 354 -137 1096 103 -363 -528 710 -259 -1659 -321 -398 1235 40 417 -487 1079 -239 -831 63 -727 867 -1115 -987 -721 71 1674 312 -139 -1053 -1300 934 -25 -493 296 1356 -496 -321 -532 453 154 451 -437 -1017 237 203 -720 -679 -1202 -1272 -543 -661 64 1661 -399 2100 -671 661 -1368 -399 783 646 989 1367 -233 838 -875 404 354 -654 -1109 707 79 -61 487 -22 510 1368 -618 320 -17 350 -655 647 -35 134 -272 497 -144 -1058 1522 474 -495 1047 441 -455 587 -31 11 1036 -479 -868 -1669 67 -135 -274 -516 -334 -116 767 1062 391 -120 168 1353 1066 -523 102 430 -218 542 -512 176 
79 -1260 -117 742 892 605 148 -351 -1395 1821 -843 -605 -453 -1002 734 -1410 1653 -390 61 191 -168 244 -91 -124 -654 -798 229 -186 -52 -136 994 429 -942 -280 331 62 214 -794 -396 -241 -576 -142 -291 249 982 -76 -961 -817 303 -732 2188 -1446 1687 841 1146 -794 1045 -449 -446 -814 -265 -762 15 -511 980 -395 779 58 1490 333 -160 -603 -96 291 560 -426 -49 -1524 -663 -804 -106 610 1228 -242 -91 1548 -906 681 823 129 286 400 421 -340 649 -79 -880 442 1019 594 783 1231 -966 1188 -30 -762 -67 -669 -206 -702 -31 495 -426 331 -398 -1520 -236 417 -234 -618 -552 790 -313 -1105 -430 278 945 -154 -1353 160 -302 -52 -16 893 -343 -396 104 47 186 352 -605 606 331 -141 371 -642 -324 -937 406 -238 31 466 1071 339 191 -350 131 244 2623 -1525 -146 383 907 -1132 717 -1136 45 -1501 181 2605 -866 -1 -256 771 23 -490 571 -374 -736 -336 -859 1159 -84 -164 -376 -318 -533 257 -461 345 -539 63 289 82 78 750 -389 -508 -702 -315 274 -434 575 -63 -178 719 -765 -764 -615 -34 162 334 -591 602 -482 448 241 336 -769 -655 -292 -1247 696 -199 -262 -500 -1394 83 -930 15 -981 416 -327 859 136 858 -361 -932 -93 -931 811 -87 442 -1020 443 346 -1676 761 -414 156 415 680 1338 -1244 396 1125 -690 102 592 -470 -379 -74 856 365 218 -158 -299 -169 -26 331 -277 253 -272 -631 124 -1193 624 333 -123 779 25 -26 664 -518 -266 152 428 1156 132 -710 181 -161 46 449 360 -260 -500 -139 -838 973 -308 -637 -196 694 223 468 -296 -700 -5 1643 436 481 608 299 -614 -442 1074 353 622 225 -65 311 -211 955 -364 862 -886 83 1470 -134 -369 344 162 -1639 -1086 -156 -988 181 688 486 296 530 -9 -944 1262 1228 460 -792 934 969 -283 -1302 -1035 -490 1047 -726 39 629 334 -258 -186 562 -201 982 148 -1872 -458 355 472 -134 -655 925 -1900 1095 929 950 273 241 -748 -398 589 153 -1238 972 532 -754 588 -209 -954 -320 929 -760 1511 897 442 1601 -337 -326 -297 -173 
-1158 731 -32 -418 335 232 -963 734 1597 161 8 -1079 343 78 -1619 255 -1106 94 -624 -243 309 -327 346 -577 17 -1190 61 308 -420 0 263 -748 -204 807 865 961 271 33 -419 249 1269 204 -24 82 965 -991 21 82 -672 809 264 746 152 619 629 -61 278 1178 -679 644 -571 -181 1072 555 323 -184 931 2002 -590 -71 -647 -85 -609 -1013 -1403 272 361 1824 -315 -215 614 336 1051 1159 -174 -166 -39 794 299 417 833 1418 291 -456 789 682 818 489 192 -547 -762 -1029 -398 -21 465 -1033 786 725 -7 -829 -695 1133 -16 693 187 -191 784 -719 -897 -1163 811 2215 405 2057 436 864 -430 109 -528 106 -492 -814 -86 360 -22 2037 -506 429 573 1 -330 -98 -519 751 1275 1634 -63 -593 -579 -995 115 -1080 -1452 683 -659 25 -74 -1558 -1085 107 -274 819 1061 -27 -239 289 -1456 -1034 -589 -1554 1184 1050 1495 1161 -653 1457 404 290 -18 -555 280 -1155 546 -64 -345 968 1065 -514 -2545 -356 -1274 62 -834 2094 44 -185 -115 475 576 -984 668 416 1171 -969 -1569 -52 623 439 937 -17 224 -97 -30 -85 -242 946 919 -467 -1770 301 -453 -881 200 482 416 402 1119 1104 112 1220 -448 928 89 -247 347 928 366 112 66 984 524 -351 -453 -742 136 -98 778 -317 -419 178 -971 -456 457 -1139 -404 -253 -818 -36 -391 423 -1036 281 1 -907 -25 -831 -579 -53 756 -91 586 1119 348 668 -2174 -327 -180 -292 1971 -283 -1046 240 -160 370 536 325 1081 -648 431 -576 1044 -796 171 -469 405 599 -584 -509 1330 280 286 -525 -972 -284 -1194 375 264 203 -347 -395 -733 714 851 -1669 -944 821 465 574 -1130 -292 -13 -1382 -1148 68 536 -418 227 379 -1279 387 -940 2062 -549 537 487 -1342 462 1119 -487 -165 -639 1130 239 1735 156 524 341 -409 116 71 899 337 661 -912 -1338 64 302 -430 -381 -441 -455 698 370 -150 64 804 159 -759 159 87 1066 1420 200 -842 890 2061 853 1159 700 -480 105 70 -334 22 126 -964 -830 235 -1522 674 -166 -494 -705 1044 268 452 323 -1064 -407 -552 
-187 -894 872 469 510 -656 314 222 698 510 -297 -642 -432 -1588 1045 720 908 868 -856 -2375 513 -791 792 -639 -130 839 1003 -470 -870 441 347 -277 482 -821 1085 99 509 240 69 357 -491 972 -814 39 -551 173 69 554 -937 -1464 382 -1039 63 238 -618 885 309 320 -458 -543 825 -275 -758 -1386 73 788 229 168 1264 706 665 744 -1078 1157 807 107 1029 -144 572 -368 298 -1013 937 762 649 -806 1542 1115 813 518 -152 -410 -872 -298 -383 -394 337 886 1477 508 1060 842 -791 -37 443 77 1038 1132 4 220 82 868 -1191 -570 -403 152 -1076 -180 -1229 -523 135 -1771 427 -657 641 1164 454 433 120 496 249 140 -550 -565 -85 -649 -356 33 260 814 -908 -887 294 913 1220 -794 981 -352 -121 925 -536 256 -718 30 -184 1510 -796 28 472 410 868 -465 -594 -121 -402 1035 -235 -375 868 170 1229 266 1045 -1382 238 -359 -902 1 403 569 -657 1231 -9 532 1252 1315 727 654 -1688 -1096 1318 -778 777 -77 1983 -261 -48 -249 -2535 916 262 -719 -911 648 453 754 -499 -91 99 1804 -784 1467 -357 -703 -493 8 799 -56 586 -338 1458 1322 -368 330 -247 470 24 720 680 -829 38 416 251 169 405 321 992 -233 704 899 1610 1354 -894 -208 -398 75 -179 -388 252 -100 -1006 -148 662 -113 506 -1115 485 -84 1048 -351 1225 177 818 485 -102 27 -285 -66 -1660 120 1235 1118 -333 699 1213 -85 1140 1299 681 -113 786 163 -295 -362 -1167 93 -442 107 -147 -1301 644 1105 -1157 385 105 -301 533 -371 -59 704 889 -1065 623 758 552 -513 1704 -419 362 303 0 23 -60 738 -83 56 273 345 -354 526 -1312 1602 -472 949 -121 985 -624 387 -136 -297 407 -947 -299 950 -262 -1023 -517 -827 493 606 909 -127 131 368 1126 15 -533 485 -288 -903 -371 479 -249 -1288 597 201 405 -1132 34 -1261 -99 895 195 1104 618 -1850 -373 -711 -768 -975 -142 -845 411 406 228 502 1112 -299 233 209 538 298 -884 511 -99 131 360 -219 353 33 -673 497 1251 -1571 -777 -12 1018 90 -235 419 
-724 -959 -364 -643 25 -935 896 1573 -774 -108 1578 513 579 -642 -846 199 -151 832 838 302 1028 -318 237 1079 -6 224 -135 -307 -717 -417 -450 -450 16 -71 9 -47 1523 -323 -1690 414 1323 -6 72 -271 248 890 -56 932 -302 480 -929 1404 329 -866 -969 -149 662 1742 577 1001 -769 514 -371 1235 -175 -519 164 -152 190 -718 -309 793 555 -910 -283 649 -163 1132 248 -1325 -277 -586 -1665 343 1160 -679 -341 1433 472 194 1893 382 730 -448 30 -289 -181 -964 -336 -1330 -186 -533 -178 -873 -238 -942 -1317 -783 -828 230 -805 -141 -15 -1864 543 232 393 -199 -1074 -731 923 469 -1890 582 1016 263 -1463 -642 235 515 -147 276 -1018 -684 -1201 784 -203 48 -794 223 -1927 288 -14 1064 -806 -664 -248 -1051 445 -680 -363 -1253 542 743 706 -430 587 -1011 255 153 -673 -5 1002 -216 553 618 -1186 -1042 150 -474 -917 280 860 -390 -823 -810 857 -478 525 -272 649 -518 -63 -1608 -1128 -923 402 -614 136 -68 -24 -468 -25 42 -1146 -144 399 681 -812 -544 -464 -1335 -256 -246 333 -808 -289 616 395 -412 155 683 -692 -530 -952 215 -253 -766 32 220 -1310 -781 1521 -821 -125 -768 149 -504 -224 460 -104 -783 471 1090 -3 -456 -1284 218 -707 -728 301 144 -695 -567 1153 177 -829 -113 688 268 -100 -961 1537 723 -344 -134 -298 -387 904 642 -427 994 503 99 -1045 271 -1042 369 -669 252 900 -338 570 126 -993 37 -621 -253 1709 -819 287 557 -1490 578 -268 162 576 466 107 -1214 670 324 606 25 -558 23 240 58 431 1140 178 4 -648 346 -177 -1404 226 1254 -54 -1206 -197 -758 765 -116 -3 1111 -1426 1389 -747 672 -104 844 -548 385 1900 52 135 -256 -3 -1461 -237 131 -548 569 420 630 345 1079 -184 672 -1586 -396 1563 -139 461 1191 1190 611 -489 -203 -337 -183 -105 -679 1119 -260 -1931 1035 257 1083 359 163 9 466 -228 120 309 365 -385 -58 941 -328 -247 932 973 593 -204 -1762 -715 -423 542 347 779 10 842 1088 1234 731 -704 1295 406 -476 -127 -807 368 1114 311 -168 -422 -1817 
1024 -22 34 55 3 -796 -289 102 433 -649 348 212 -654 -306 304 411 1665 -17 -274 494 373 -260 -1595 85 1061 755 381 -109 125 175 -194 -208 -316 -199 264 761 -204 -442 87 914 791 -79 247 761 -735 928 909 550 412 -654 674 813 636 -509 -219 -579 -236 1029 -207 78 143 -397 849 495 188 -925 604 629 -442 -269 -135 267 -1001 513 567 417 145 -909 -205 -1172 -533 -437 268 925 1826 457 880 -358 253 -927 -384 1020 -1283 826 -38 -913 -145 -137 -471 606 1160 -273 -174 215 -459 -273 -503 139 -577 -714 -414 -1259 -8 -51 -212 -953 -1121 521 393 -334 732 32 396 -618 -909 -1038 1532 831 -1107 511 -803 456 20 683 -987 -266 -1600 -370 746 -173 1660 464 612 466 217 -82 -466 605 22 892 -1573 202 -1189 24 627 -688 226 -187 49 1344 -1677 87 -360 -557 -288 71 922 -683 193 277 -579 382 -456 -1390 312 36 183 -139 -434 -245 -448 575 -61 130 866 -182 4 129 304 1146 619 207 712 -434 -768 648 -561 2071 -93 247 760 -258 575 -979 133 552 -695 -1113 -282 -1068 682 -739 -847 730 -452 517 9 -155 1009 -259 -127 -813 990 -923 128 -1807 601 608 -700 -1446 692 505 -408 227 -260 -206 -791 -1434 -676 -811 -102 944 28 -750 266 -1570 198 475 -254 -1336 -1057 26 -552 -749 459 -654 685 -1 143 637 -313 1910 457 -619 1121 17 542 545 -723 -769 -790 -735 367 -619 -1127 1090 -693 514 -535 2049 622 139 -314 -317 -1075 -412 -207 -91 -678 593 -357 188 716 -163 -425 2554 -383 1451 394 501 -70 156 -643 -778 318 118 -9 -442 -77 686 -104 868 71 -236 -501 515 -931 -457 -384 284 335 512 -817 32 -278 122 1296 -1421 511 -192 -3 -328 -180 -1613 301 -1208 -105 701 -957 1066 1251 -707 783 -733 2132 -502 504 430 -328 -32 -95 -126 -242 -253 487 428 -114 -51 154 -251 1044 -453 -139 426 20 973 -110 -171 -459 -108 244 -1756 884 61 -1292 -407 -729 771 159 1312 -85 -568 123 -718 560 575 1476 216 -500 657 307 109 124 -124 1389 613 -1347 -536 -165 -43 
347 761 -349 -1243 57 -792 1566 979 -1181 -860 -199 -513 -667 421 202 -1142 -139 -1012 -1230 -1492 607 420 117 22 640 -298 -916 26 -698 733 631 597 469 -415 -700 61 -368 483 -309 835 350 -607 -585 -451 547 -310 1438 873 -76 517 -515 318 -144 -444 -365 -299 134 682 -470 311 954 -543 -280 1023 -777 -1455 -551 -128 -72 -402 -312 -180 615 -1478 -1226 301 308 2337 -758 102 338 -1539 -530 -447 -80 1062 -892 -1035 -148 -98 -328 -654 936 -334 903 -1277 686 178 -572 -679 -564 -201 -202 -71 -300 393 9 95 917 708 -294 -893 214 1675 -384 -140 -13 394 755 288 -713 -150 42 298 151 252 -484 -147 -187 -401 -1518 -331 568 407 -235 480 894 458 491 428 -210 324 -749 45 1772 128 567 811 265 303 1269 -107 292 216 647 -565 1415 -452 928 918 -147 -1375 -1464 891 -98 -593 698 -492 441 -312 599 -153 360 76 -1075 697 416 -182 1103 99 597 -466 -379 -589 -408 -138 -1003 441 718 -124 14 -1261 -1026 -131 -64 -101 138 -284 1044 -791 985 -254 -106 -1324 851 413 202 -413 -482 -85 -495 106 444 110 -337 -238 303 -76 -102 426 -228 140 1017 120 127 -644 -212 103 135 -242 -376 -1372 179 -1118 -275 -971 -1228 1224 -1438 -1951 -10 26 578 -607 1406 -222 273 -202 -363 597 -207 1352 882 703 322 657 -351 -513 -575 -953 -323 -1125 479 318 -251 -74 357 403 1094 245 -357 -585 555 112 -668 1461 543 -163 52 497 63 -663 -1036 1561 234 -971 -499 -510 8 7 1018 720 -840 255 -140 503 -330 -1060 625 32 -475 -210 717 -370 140 -267 180 495 315 48 4 964 331 692 -711 -1091 -781 563 232 -789 300 -261 487 -795 788 702 -336 -184 -157 332 -242 374 525 -315 492 311 202 226 -547 -947 904 -529 1129 -488 -161 991 676 679 -70 -534 -390 -790 270 377 -210 656 661 1097 253 294 1542 -66 -536 45 381 -1088 200 -51 175 -43 47 289 692 837 881 77 -321 -657 -784 -506 1592 -496 557 -593 147 -391 -729 1 217 26 394 -936 79 -387 -285 1311 273 1008 69 -307 
302 -343 138 -141 391 136 278 -1152 284 -98 -280 12 88 -516 635 -474 -281 -1103 -32 -292 -199 -306 -424 111 266 194 73 -383 1116 -337 -954 -51 1328 -115 -496 -1276 8 -1435 -849 -1234 -415 -274 -438 409 -1144 -37 330 -1224 1055 429 -541 -320 411 686 -914 399 -350 -659 -347 785 -882 386 905 -105 -149 843 -184 -1160 636 -723 619 -2 309 960 580 423 413 864 172 628 -701 -1047 957 708 1236 360 363 -446 -182 17 461 -1323 1475 863 -852 398 -901 -578 -951 -1072 775 -539 -992 -64 -131 -550 -101 40 -1212 1247 -735 146 -260 -1801 -1273 -685 -856 576 -547 -659 460 -751 491 122 511 356 -200 -136 560 1039 -386 -430 347 779 -282 358 -843 1127 233 626 696 1590 57 -357 -486 -82 -368 318 -1130 555 -120 -37 -1390 488 -59 -161 310 306 -663 -1530 592 354 -340 -739 317 -109 -643 1215 -504 -21 -1180 -1689 -2171 -1286 -609 434 293 184 -442 508 -1103 1652 -265 -525 -1743 -656 698 -466 -560 1103 237 -682 -314 -784 -269 709 1098 -336 1260 53 -476 44 -247 -1073 1044 -225 -814 -61 -319 -319 626 9 388 151 1081 343 669 -2382 1092 312 -1360 -1119 131 -494 209 458 -574 -3 258 487 509 -1191 1063 -130 -63 -520 -42 -92 267 546 1146 -533 6 -1022 1439 -328 -503 -456 9 314 1168 206 1431 299 -1017 547 -1226 -1146 -288 -2207 -2231 -313 666 -344 -2174 -876 -734 785 -527 -872 810 1715 106 637 256 -755 -680 104 72 301 -364 -433 422 74 424 -134 -929 -364 -1862 -102 -189 407 -1318 489 377 823 -1458 -173 1048 -243 -38 879 726 -316 -206 436 -280 807 505 -1411 -309 208 441 -1090 970 -973 1146 1113 527 657 657 -19 -314 -104 -205 -1301 -465 -1023 473 -896 -162 -270 -1320 677 -105 47 767 1293 -1440 -688 -998 507 959 -645 -638 144 -537 786 514 -710 163 -401 299 -873 998 997 -1451 339 -928 -184 946 264 -39 -683 860 626 -635 -1579 283 385 13 421 265 -761 -305 496 782 28 1415 -1615 -299 514 859 1214 787 291 -147 -525 -219 276 -464 250 726 365 -651 307 -686 -244 -358 1077 
242 1420 809 -474 1762 214 118 -802 670 -361 64 -155 416 -851 -37 -1958 -184 -610 -747 -564 -658 -333 -45 -948 11 100 336 -1245 -587 624 704 123 241 1417 -102 730 -578 90 663 -626 962 -335 237 -667 -330 315 -206 976 312 -384 -560 568 -502 -666 -13 297 693 194 39 689 -93 472 432 85 689 833 302 399 -120 125 864 -741 259 170 -1033 535 694 786 1297 831 -709 -565 -281 -183 -738 101 695 -145 -132 19 -1018 631 -460 61 1961 420 357 -1207 330 284 -935 897 -7 228 929 1410 1000 -232 -1278 -170 -103 97 677 437 586 -441 62 -53 1101 113 -735 178 95 189 320 -235 382 746 -793 -975 -15 -666 -134 1505 413 -10 -1316 -1329 -592 -329 864 269 426 -43 668 -48 629 557 816 767 -153 458 -671 -666 -125 1196 -374 -8 317 1676 189 108 -125 588 -432 954 535 636 600 -536 620 -702 170 1030 1263 57 -1245 130 910 370 -424 -1864 -883 -103 369 -274 611 793 247 618 -154 -476 -387 1019 245 1187 878 -348 220 449 276 -91 -241 428 196 -248 -278 787 -797 -387 -601 26 623 1131 -54 -785 -588 -751 -1183 1178 1352 1624 -231 -470 -1588 1710 523 681 -693 545 494 -1167 -411 1445 -1127 52 -1472 160 -1507 418 -123 -87 288 -580 355 153 -891 -2 1174 586 -360 1483 -1550 316 -1503 190 -443 -668 327 1317 865 -634 -669 -778 612 29 -418 -909 916 -278 187 -303 -1395 -355 -654 -272 -28 145 -661 -775 -58 496 933 -515 -83 238 -447 -626 721 195 -583 -547 1398 219 19 -44 -204 257 -316 -520 -358 609 997 1525 -540 -804 -830 695 -547 326 312 689 653 319 -803 -505 1320 86 548 -685 -385 153 787 -1076 -691 985 -299 -1022 -638 -323 -438 498 -539 348 -1793 -191 -1185 -1050 460 -14 540 293 1117 -378 -371 670 -423 -71 -322 -983 137 206 1141 -195 -1192 -913 472 -741 -275 -153 305 -24 -354 -907 -848 -407 453 535 665 765 1023 681 -389 -2299 637 -1098 -1403 145 -546 363 -770 1149 -451 -257 46 -362 218 1336 -1631 -406 1616 757 324 766 -38 -259 1220 320 -530 907 
-181 -194 -1360 -589 -293 852 182 -66 355 189 382 713 534 755 739 1734 -257 421 340 259 274 977 -7 -1061 -110 -1824 -834 153 93 -344 1148 1104 54 -908 581 -541 -405 -275 -689 195 -552 518 175 -273 367 -925 1306 675 -252 920 -78 240 -799 309 -732 -447 1218 -1363 -421 235 580 822 1632 -33 450 -1171 73 447 120 568 228 327 1284 -1264 -721 -1791 -2081 236 -1246 -294 782 95 -467 574 70 -181 -781 -249 198 -211 1533 448 900 548 29 738 260 1620 -304 -276 -107 1071 252 627 946 -125 844 -1009 299 1234 466 -27 -521 -41 469 1148 236 -382 -591 313 -573 -276 -118 411 -388 -159 519 481 -767 -315 -267 481 -1297 -1273 -1321 510 155 1007 -224 -91 -126 -596 -690 679 -919 -53 -934 -493 -1098 -437 -1195 -1166 774 741 628 1421 -48 -671 1141 57 -973 -213 917 320 -800 972 730 463 745 775 -355 676 247 -302 626 640 1132 -553 -1170 1062 -809 1626 1498 625 390 -1044 364 14 541 350 111 339 -870 -132 -717 -813 -1122 432 529 684 -215 773 1003 2438 290 314 -133 82 1934 717 1065 -303 -787 261 199 346 -111 887 -588 862 95 -127 741 -832 336 -1619 -410 -36 -331 -965 829 -1229 41 -357 -97 239 459 -131 703 718 1185 306 45 -100 805 34 -1088 551 243 592 752 -1010 1178 243 -291 -93 233 -1652 -711 451 -1818 -608 -424 -389 -543 643 -268 480 -653 174 1117 211 156 261 -526 -899 575 -768 -515 -328 9 -1384 -1467 -303 -1042 838 361 484 679 -1279 -114 -239 1107 -715 -1120 1279 -622 -705 -92 292 -108 -1269 484 -797 202 1274 750 959 734 -722 -315 -1556 404 283 535 212 202 903 -839 43 -94 776 -346 1198 1484 1145 1301 183 70 -269 -802 -728 565 899 -301 -29 1054 257 -306 -195 -914 687 -868 1251 276 1307 -533 -899 -1708 497 657 -1352 121 429 614 -781 -164 23 964 1626 72 1377 1171 832 -855 -446 74 552 479 -1113 882 732 1588 272 -240 546 -165 -1733 -677 800 435 1125 -564 -837 457 -744 80 -112 1243 -473 -929 -9 560 301 4 808 234 288 79 -564 
626 -553 -1093 314 4 1811 -381 -233 -132 877 8 1896 -712 -119 949 510 572 59 203 308 -75 -475 -970 -349 234 236 -340 -445 1196 308 -175 -939 -318 -202 -746 -2949 138 23 -782 -224 -453 111 -725 178 -28 -113 1179 -321 -846 -155 -824 171 -512 -1081 80 -637 838 -1266 575 -1580 1363 -204 -932 390 -540 -69 385 -409 -127 666 -858 -1065 317 305 -401 -759 -724 -1039 274 181 -94 45 89 649 -356 386 748 118 -170 -1317 147 805 463 58 596 -734 -78 -1471 -178 -1366 161 -361 158 310 -218 439 -601 685 -56 71 -978 471 942 -725 1228 -7 -1120 -1225 436 -1 -520 1366 -812 -178 -455 -513 -140 -475 1985 53 1234 468 452 -703 1040 -25 248 1111 -260 639 1157 260 -269 482 385 89 -126 391 -906 -737 1007 -1101 462 856 61 -6 557 8 982 -179 -566 -217 -2047 -202 217 1527 -891 69 -141 -400 34 786 -245 314 -860 969 347 -1132 345 -980 -37 -346 -356 912 -424 -105 -496 -416 1879 4 -375 406 -321 1244 264 -115 -415 14 358 -308 5 449 305 1446 -652 1048 -62 682 162 -1723 305 330 116 -230 -78 745 635 1212 -434 172 286 -1034 517 -67 834 502 -946 -1292 727 222 521 164 -830 1267 1151 827 -677 -317 390 -68 42 -242 1020 1174 -43 -1043 353 706 410 219 105 138 566 730 407 -693 869 456 -180 -350 973 494 -1027 -1005 -176 957 -441 1037 329 1506 -725 980 -52 616 942 -971 -1668 -857 -448 -203 -494 -761 -828 1057 -143 151 1429 -741 611 172 353 -1192 312 -413 1004 787 -810 2088 633 347 588 -49 -398 368 384 -161 676 -439 -410 -111 -409 -1797 223 -238 -159 144 223 -93 -156 187 61 520 986 -235 -477 310 1435 -627 1262 1071 -1424 -354 112 -1068 -44 1180 -504 -916 -1159 34 -47 1778 -776 178 -863 295 270 33 -331 731 53 -1174 262 1951 277 241 1258 -216 1213 638 683 -340 10 303 -1463 485 138 -762 135 1641 564 505 689 730 876 460 -487 -450 -991 -1213 328 -573 30 -1416 70 -680 -210 -485 329 -243 -311 163 -197 -412 400 156 -845 636 210 -1495 
-568 -478 -388 645 -511 -283 -379 -345 -564 407 -668 -416 -137 -133 1645 -512 -649 492 -1652 586 -504 548 -526 890 180 -26 -637 -1158 699 114 -608 -1162 681 -1175 1266 436 -1053 328 663 108 -1950 -536 -1531 1388 177 -240 -109 82 1050 -948 -783 417 -428 213 -118 85 -866 -481 -927 373 -74 -1574 -213 -7 511 714 -410 680 210 1408 824 84 807 230 208 513 1269 -322 -744 -93 -225 -510 62 565 -1231 -19 -278 -409 -1004 583 -785 -70 446 -507 356 985 -1480 675 -127 888 -129 1437 1084 -314 -995 244 -267 724 223 1556 1496 -657 -285 -722 1173 -264 -423 457 -475 -856 -624 92 -81 -190 -712 -1085 1164 1006 250 69 8 -580 304 -421 -769 1294 -1062 595 35 -665 -51 -453 19 528 103 -1116 702 -665 -342 273 -1001 -774 -1436 -786 -22 -741 -250 -857 1825 -37 -550 995 265 -362 1808 -935 501 -544 -528 -175 606 -569 94 -368 -585 -151 -171 1781 412 1604 -48 715 -1696 -1073 -578 375 -68 143 1047 -16 -668 1781 686 -922 -371 -313 174 1338 -730 -89 -710 511 -507 -682 541 -639 244 -261 -47 15 620 -1077 234 1069 1238 104 -433 217 -1009 820 -646 68 -629 459 705 665 -630 -478 -139 -344 -717 647 -879 -1232 -308 84 -709 -1157 -881 650 30 1391 -228 0 -1518 577 -1219 -628 7 490 -562 -37 223 -538 -926 1192 295 1181 -512 273 672 344 460 -1733 -428 -327 355 770 1007 617 57 1031 44 141 -424 -150 -161 -296 -135 270 280 -393 -61 -125 -1187 226 758 -1260 162 1296 -279 226 -974 387 -205 -1291 772 -2103 -437 -437 -630 -338 108 1956 726 -720 -1880 955 1140 1016 42 -465 -1557 -270 384 504 483 -1449 324 -30 -743 461 -1183 420 -1176 463 130 546 -2261 377 883 -646 -1193 -908 1133 -1343 269 -744 493 -270 922 139 -98 -756 512 365 -81 -794 -1034 -1049 181 214 -825 -272 -485 -86 -106 -756 46 1813 57 -541 -239 186 1329 -766 -7 -109 1277 -270 720 414 53 215 599 -696 -1 -585 -29 -488 -603 -1366 528 905 -259 -302 -937 357 -800 -61 -1599 722 -618 -682 -19 1273 1206 613 -209 416 
-52 -1113 -597 242 -164 7 -1890 -1325 -1027 -48 -1224 -418 1612 96 -658 783 154 -143 425 -628 217 -531 7 424 473 -495 -973 -443 -1435 -557 -502 -791 954 577 -1069 -927 1222 356 189 -766 -46 -615 -615 588 167 -397 480 -600 1206 -1172 -1237 -441 -400 462 -732 1288 -534 347 356 -605 -29 -649 971 382 345 189 194 100 -78 -416 1002 196 -404 -272 -967 93 -479 147 303 463 -59 -1056 1073 139 -778 -1743 -127 -145 102 -927 293 -468 1412 582 -288 -668 1653 -128 -439 1074 551 -48 -46 -1137 152 -442 -587 -587 -817 -413 -1043 -102 139 1310 647 80 407 421 598 1064 185 -176 -454 1210 -1095 -542 1288 113 366 -17 -16 -643 -130 420 -1433 -707 -597 191 535 -804 1498 -1240 355 211 1100 347 -33 -977 -172 -477 -542 -1448 -183 -1193 351 588 -42 510 -1010 259 924 1186 184 45 -270 -152 -872 -893 303 806 88 -378 1285 525 -969 949 -755 -1692 911 323 136 -35 674 -1072 -252 312 50 -341 342 821 -50 529 -1067 459 849 -985 245 562 170 -443 1308 550 349 333 -23 -73 781 -199 459 -630 96 -26 976 412 -493 -1848 -570 530 -169 180 -494 224 236 1316 589 -1051 566 -72 -1817 -131 -1034 -513 -188 -70 -545 -667 116 100 -1773 -1456 793 666 -259 506 207 -646 479 -490 -541 -757 -151 200 -774 127 -148 220 -336 235 609 -462 361 267 -745 -227 -95 108 25 -65 720 -125 -873 -183 664 725 265 176 1188 28 -254 1707 -402 -288 171 -75 -340 -99 825 -419 224 -315 -91 695 942 -409 29 -237 521 584 -1054 668 -95 -448 -394 147 468 268 -1219 -361 744 -465 -601 -506 -1396 731 -464 -597 -708 -939 1622 -120 34 -152 456 -1113 594 -164 166 513 135 328 296 500 161 -177 -557 199 346 640 -214 -447 920 239 -298 -454 -360 17 533 123 123 153 454 -380 -397 -184 205 531 -521 546 -353 694 1705 -342 809 -365 -1397 271 -62 -1026 788 -244 -1000 215 -405 338 369 604 -55 -135 849 -359 -680 727 -316 368 414 -84 -477 -926 913 370 449 1040 146 706 -1068 226 102 -38 -265 -500 
-375 -808 -934 377 -1290 -397 288 -56 920 195 -10 -899 826 351 -603 -167 -84 747 0 -902 -974 -241 -452 -4 -79 1 -849 369 -1760 115 -565 -880 -959 253 -1014 -1369 349 -466 -339 761 -604 -575 -283 1022 -1146 -1057 92 -729 1449 867 -471 -33 -314 -1024 -1518 4 1043 1497 -560 -692 1319 742 -18 -209 -54 -1631 -550 -479 -48 -607 -76 -261 216 939 398 145 414 673 -51 158 518 -842 -169 65 836 -48 -684 473 142 497 1547 96 457 -604 742 237 -656 -83 726 -345 -488 405 322 -198 867 -590 -813 -47 -497 253 1097 354 764 235 1020 189 -537 -661 -250 -601 156 888 849 -156 791 -1194 -696 446 -150 -922 -529 -51 -1722 -66 9 -345 -333 552 609 -626 -725 -37 1525 -490 -1313 226 905 -238 -395 -782 -223 259 736 123 498 1407 -71 -1321 -443 -131 -236 552 52 445 227 -633 -795 287 -774 796 171 62 -363 1536 -1220 -1543 -729 -371 819 -548 978 548 -578 -764 1457 -127 -267 -231 -733 -187 -449 -485 -443 615 -347 -766 643 -1051 -241 554 725 974 1240 -618 -206 155 -356 321 -592 358 390 217 755 1346 -233 968 -582 579 11 44 -405 152 -69 577 -1022 45 262 851 -46 -346 -1037 6 613 972 -849 255 397 -534 31 -836 371 -1680 -297 630 314 104 129 426 1102 -1645 997 -11 -618 -610 -403 -987 396 -1015 508 339 492 -276 1352 4 -1163 794 520 -378 908 -985 120 -212 -176 -339 -677 14 329 -1172 614 718 -715 -2732 571 844 -254 128 550 -205 -496 -269 528 251 -1235 -135 1302 -125 -181 1351 -191 515 508 1053 -1156 -480 -327 -140 630 -87 465 1127 164 517 -754 -131 1378 1739 -647 667 1997 -1 -1328 -1133 -853 -179 972 -1733 -164 -949 -284 -386 110 -522 741 37 -1280 40 -497 -1369 1050 182 -1566 84 -172 152 -626 385 1302 -1019 902 -221 19 332 207 -626 -871 -800 -105 -1061 -878 250 -764 -53 -676 -613 230 1489 -1272 -1027 395 400 -435 -39 -66 -1145 229 563 20 961 -711 -237 125 -40 -585 -1451 -1047 973 30 -669 582 -463 543 -1011 207 363 -560 -226 1194 -377 1443 1119 
-321 651 -1294 -622 812 -736 1310 860 -614 916 536 -49 -1389 1187 69 -1305 -1046 -465 -952 47 245 179 63 -91 700 -834 1356 -65 -1062 -342 850 1329 369 391 597 1225 -95 -1349 -53 383 1243 78 -261 -357 54 -836 -682 770 456 -93 -1075 -2 1290 1416 750 51 574 -160 -129 625 608 -315 634 846 -397 871 592 44 -1199 -249 669 774 -405 -176 -779 331 -204 111 335 350 463 -750 -2 291 -955 926 -256 313 -1053 152 -468 -554 528 25 391 1226 -859 425 -423 -107 978 1858 728 491 -521 -1424 1104 -307 380 -129 161 -1268 -488 109 -744 1966 470 330 -558 254 -149 -480 -745 198 273 -257 427 23 -291 146 1226 -160 -73 -718 -1205 576 125 -67 354 -202 450 511 819 283 854 -158 210 709 -11 -861 -350 -235 -554 -159 175 724 -96 376 -319 -201 -152 763 -352 1014 -492 1163 777 -136 -437 -35 225 -903 858 556 -1300 8 528 702 484 874 -267 68 -1235 609 1302 -364 197 709 -1239 997 715 -1110 -1072 -154 -594 208 796 404 964 328 -627 784 513 -256 -705 104 218 -430 118 63 -602 -82 200 848 -310 -440 874 341 1531 -468 -79 532 531 -531 897 -1442 660 -357 963 -665 -1139 -658 348 -199 -567 -1080 -83 115 801 432 1986 932 1210 -366 382 180 524 275 1129 -308 -571 -753 898 -334 145 -260 -269 -1379 -757 -276 -488 -704 925 356 1318 -968 -1181 -530 -288 737 949 -773 -651 -160 -373 1381 -83 -171 186 -1118 453 1257 324 354 269 -17 -1504 109 -870 29 1181 599 -191 -760 478 1030 69 -399 923 493 -664 1007 745 195 -486 757 1064 1354 -551 78 116 -129 675 -1201 -24 24 -841 834 300 442 -802 -124 254 -493 -528 -237 1090 684 242 -869 -649 1324 -586 -1010 -1107 1424 207 -545 226 -247 1248 -541 -170 -121 1703 18 66 1742 -738 -452 -478 -716 -142 -295 -336 547 1806 -623 41 367 65 -88 -440 594 34 -130 294 365 353 -1093 -500 -121 460 5 -13 502 700 -345 389 -35 -431 -448 1704 847 568 695 -718 -633 530 -1112 -615 -931 13 -431 562 -533 292 -261 -718 -1008 
995 899 -780 565 863 228 -626 1215 -155 -1221 69 1989 -104 408 -705 930 959 -357 -135 1019 -586 863 -797 861 -577 -2433 32 153 39 600 -1063 -64 -804 1747 -1517 1117 -172 652 663 -243 -242 -96 163 537 -171 -426 -1136 382 162 456 344 -508 350 776 393 -801 794 230 -1 134 -527 -1027 -510 -610 1026 -330 1071 70 -82 -339 -482 -333 42 -79 132 -186 -600 170 174 152 939 1018 -633 -520 179 339 -611 192 -1027 226 1259 700 -453 -1123 -475 -1361 -958 1096 603 626 318 -757 -615 1062 -1247 159 89 -362 -926 -807 983 -115 -820 1904 134 -298 -42 761 -47 763 -429 753 1126 1245 -534 -912 -103 -1711 -196 -488 535 738 362 -1030 98 353 -1038 -268 1163 -705 349 236 1065 -87 -967 1039 341 -447 -1067 285 -79 575 978 1652 -268 548 47 -150 -122 1345 -50 -1452 407 776 378 -504 157 948 -1107 -629 -360 47 -1242 42 -811 113 1143 7 -756 -135 1231 727 855 -591 -1695 -1192 -836 -1219 1337 -218 -67 324 -159 -343 238 541 -548 811 -127 405 281 -398 275 513 -63 -311 -608 -178 641 502 661 -1435 113 694 417 576 -226 -493 -94 -1074 -1766 -546 997 635 73 212 -449 98 221 264 -839 -610 -46 538 848 490 189 86 221 59 108 -472 -600 578 187 -44 153 565 -466 1048 0 1271 -909 934 251 -985 327 -466 -336 -471 472 611 -756 -508 285 -179 -1 367 234 1033 275 996 427 -768 -541 -131 -232 -335 610 164 -84 -205 738 592 340 -536 846 -192 -917 -161 -662 1365 -158 704 1793 509 -395 177 196 111 -506 -819 70 988 40 106 14 -542 1343 -657 30 -33 344 -477 -280 1165 -163 -1002 842 276 -279 112 476 1104 -374 197 291 63 48 1233 379 141 -399 -266 -1 -844 725 -69 -288 -297 -496 -41 -1610 131 16 -101 993 -441 -1091 706 1392 -875 -656 486 -1215 210 273 -878 204 -795 940 -186 47 -148 215 630 -176 -758 -1486 -149 1075 719 1157 645 704 -289 -391 -145 -1010 -743 -709 706 -39 77 186 111 -1568 128 139 -232 310 659 -414 90 -655 523 224 -430 -857 217 
58 -809 882 536 -1467 217 677 711 -403 -117 820 -986 1027 169 832 946 456 -27 983 308 934 77 -877 405 -218 -921 -55 -287 747 -435 -707 -265 -945 295 -237 293 658 -254 -1055 -522 -103 -123 304 1025 699 1079 924 -1015 691 880 -494 -362 -77 -289 -951 514 -616 200 -1003 -151 129 965 -843 -583 -301 -495 834 -171 -1387 -367 233 -46 -209 858 48 380 84 -681 969 -15 589 -996 399 -96 -1381 34 -744 -629 -22 1110 -185 -1178 231 500 -452 1042 -893 871 73 -486 -631 -4 247 1805 -282 -1165 495 468 -449 682 86 628 1454 478 352 -298 1229 -657 985 223 231 -737 625 122 760 653 699 -1217 1671 -500 486 325 -1897 -1163 1051 -249 -137 615 -846 -815 1073 863 -724 -456 -125 958 2293 -481 50 271 -1313 -500 487 151 -444 -334 -1307 -1157 291 -715 1051 -81 -259 -163 443 -1340 550 712 -506 -310 679 -528 173 -359 -287 -391 -122 91 224 -166 -768 -1605 -201 660 769 1104 -938 -606 -175 463 626 129 -254 59 336 1508 87 490 132 -914 99 -607 -893 -826 -350 -758 753 -780 -1251 1027 242 1346 -7 -598 170 -141 -569 1184 393 -1282 312 -889 65 -1583 313 -355 -113 1132 -135 -685 -620 -731 -1870 -196 464 -492 -942 -368 738 -418 337 -658 859 754 -772 584 -80 -361 -1458 -81 -830 526 -1284 -99 394 150 -273 -1543 773 620 -941 -707 -8 -1101 1710 -2439 -114 942 310 1468 -362 36 -557 813 -7 -744 1217 -462 189 765 262 -709 472 -499 -440 -719 -1263 456 -828 257 174 551 -749 704 216 -253 846 -4 -493 -316 -831 -1032 -80 -725 -589 -123 -643 -553 579 651 -678 -778 -831 306 -378 -919 95 322 434 83 162 -1884 2140 87 215 278 3 473 146 -488 739 822 1386 189 -156 -623 -1544 -88 566 -288 -703 104 -299 -479 -608 1 1361 -1796 -297 -214 1461 -457 267 963 674 -776 -213 -619 136 -532 -515 -1077 -45 -380 29 1142 -14 381 351 168 -462 900 -201 137 338 -937 -59 -948 473 -1151 -1041 -458 -310 1858 -1039 -242 -1391 -230 1194 71 49 -1908 293 1087 -1074 42 1381 -623 -554 925 
-532 -545 431 -339 -322 253 -143 477 62 539 877 448 2026 -1702 368 -583 150 2085 269 350 229 133 -469 985 70 969 1158 501 141 34 399 -398 856 441 668 350 -808 1062 -306 84 -520 -181 179 -313 -1106 -263 653 434 -793 638 751 169 499 -1581 954 1507 -365 651 -791 -1743 -897 -947 -319 212 933 -583 648 383 151 328 718 -1338 1153 589 -527 -295 1360 -165 493 311 224 -236 -1572 -333 -379 546 242 -630 628 -839 -270 -1443 1566 -1089 394 1807 518 -508 1227 -12 -1233 -273 695 409 -344 -52 236 -150 191 274 1211 -509 -1225 -755 -761 559 879 -23 966 -511 866 536 -1272 -457 -761 872 -222 649 -726 -598 -745 583 -544 -224 -342 669 311 -715 -734 -470 -1111 -210 -669 1197 -1180 -599 -1235 -192 -839 -30 -453 -386 -823 -1537 -58 570 -646 -1042 -673 673 1101 -1596 931 379 -544 -819 -1071 -480 -1686 -401 529 222 628 958 353 -591 -433 -648 -710 154 506 34 337 -245 -38 -498 563 -674 164 -973 886 421 -96 820 -583 -319 -686 -920 -177 -571 -238 90 -369 44 -731 138 1988 1417 370 -979 -934 1176 -434 266 237 -59 -42 -213 -1299 -1149 833 1378 -166 -121 -198 1213 421 151 -1086 234 -32 1615 352 714 -201 775 -996 -208 -381 1145 -535 607 -218 -285 -274 -46 -185 -827 -669 540 -1247 350 142 169 -169 -385 155 1333 611 -313 -334 -53 244 -644 427 1901 1592 687 85 -45 -366 924 33 -2274 -12 516 1567 212 -288 -72 -351 658 -453 -88 1002 -656 1573 634 -266 701 -523 383 -188 462 481 -664 -1 201 705 1263 -266 -651 -148 1641 -22 -1476 1685 150 -25 -362 -275 -118 603 121 -305 1030 -33 -1245 -993 -1271 449 229 456 1970 -228 305 -579 -645 -2 -442 216 1014 199 -272 968 398 174 159 -348 77 177 1118 -816 -215 -2600 -92 93 -147 562 1526 -649 1063 -1266 890 520 114 -622 -811 -473 291 -846 -361 1039 -35 1254 1347 0 647 466 175 546 50 10 546 532 -1439 -805 964 -147 -133 199 -1046 1249 -85 33 -1006 506 313 -933 -550 763 493 -133 222 -492 2052 563 142 1646 412 
-395 -184 -224 119 -337 464 619 -1071 -477 576 673 516 1137 -1135 -720 -632 386 -580 -766 -937 172 112 241 1575 587 -287 95 287 -616 565 530 -175 -327 271 175 401 30 818 1691 653 -1140 -368 349 -1085 -81 -135 352 794 518 -611 -289 -217 -68 -358 475 123 -312 1174 -302 660 104 -528 -1027 -1716 1109 -249 34 16 -753 -946 -478 424 129 -242 170 1200 8 23 -1044 534 -627 163 868 985 -58 -299 -201 -840 557 -205 -534 995 -1282 372 -902 -920 778 327 637 59 428 -125 248 -514 543 -339 -643 -161 80 60 1097 -1093 83 -1146 173 -1843 870 -558 1074 -831 959 -907 524 -385 -2084 -1166 221 413 -455 -1208 -1398 108 -1184 -426 -2281 34 22 483 -9 -413 800 -111 -42 -969 190 -370 598 245 -63 933 -389 835 -645 247 -204 197 1882 650 325 273 -219 -550 -291 619 761 -204 -1477 -1333 116 548 629 394 -698 -577 722 21 546 -681 -436 353 -1777 326 -588 -529 167 925 1054 -446 -621 1151 559 -1532 175 -748 206 -735 -443 -1376 -316 -39 691 427 -625 -4 91 -298 -402 765 -824 1190 510 -78 35 1128 -631 -194 -2140 -261 1056 -318 -707 -99 278 1215 -1495 468 1170 875 -1669 737 920 -908 -402 -521 298 174 147 632 -467 300 1645 -903 -707 -12 -363 -739 788 -391 -2 923 -690 291 243 -983 253 1332 610 986 1121 -148 -83 803 -398 -1361 369 353 -21 571 14 1039 -1214 652 1039 -292 -312 -972 1385 -205 632 1537 -939 809 1212 -823 311 63 87 -497 730 -1506 -443 -1025 1000 625 -49 -1074 167 -146 -1024 -424 -644 649 -504 -1007 1154 -798 314 -720 -119 182 -131 109 -463 1508 -209 -955 77 -651 544 1284 1488 -1342 -764 978 -229 -717 -1283 -652 440 713 -76 1538 835 -668 -230 -339 202 734 -1051 -262 -668 -445 -1038 110 76 43 286 1839 372 -328 599 355 -303 -433 -1043 51 1403 1275 1227 -454 0 -1372 -154 681 250 32 -319 -573 1013 -69 -483 -682 204 -823 -827 -1120 358 460 -148 106 -186 2165 104 -60 -439 -474 469 -375 -850 712 -211 -723 -324 -131 269 -1442 421 944 131 -745 
-1940 311 66 53 2148 670 1496 536 300 167 -1385 -136 1218 -377 884 581 541 2293 710 -240 -132 -676 -57 -460 -900 -189 281 -1177 -756 674 -577 637 -669 -37 1055 1169 -2 1076 1499 -259 -297 -679 -1781 124 329 490 -574 373 -650 4 -561 -764 -541 -1089 -576 -997 1405 5 -115 -490 22 1384 19 118 360 54 397 434 55 -155 1395 238 404 -346 438 -973 368 1333 288 -103 20 -1273 378 65 549 -1229 228 -51 -347 -237 -417 866 -566 433 -104 -461 442 2176 -1032 17 133 -285 -250 -1253 1501 -237 330 185 212 -664 195 390 607 1169 -185 -103 631 1024 -141 -65 335 395 957 382 -1385 524 -490 -75 -902 842 -296 -1471 -890 -128 46 -979 -595 10 393 457 172 -146 -322 -86 -543 261 -1086 -1075 567 130 -1164 26 262 811 151 371 -813 -715 -222 -1366 -702 377 549 -498 1231 524 192 -791 776 -242 -397 512 432 -118 567 -394 686 531 -470 628 -57 651 -1100 -1331 35 -1415 618 -847 -122 976 -948 -298 1537 -795 -101 -1074 747 912 16 1559 136 273 -827 548 -220 82 -500 166 215 -597 61 -551 -212 -445 397 362 607 796 700 -648 -1061 -112 -1367 -368 -482 508 -242 332 -616 -608 96 -1217 -1305 -140 1392 -30 441 -1514 -364 312 -1075 176 -608 446 641 268 -623 153 -212 1194 1711 -111 516 -421 -86 518 1444 -859 -565 95 -466 172 -771 286 -1570 1390 -87 -997 -232 468 -114 675 1522 -199 -411 1140 1053 354 -1144 1238 228 -102 16 662 -1572 -462 914 -77 1004 -391 -383 446 -1481 -426 -54 32 -772 765 68 -491 35 -210 695 191 1096 705 -853 -585 -359 -1 -738 230 -334 481 85 -722 -280 1058 -1119 43 584 578 -757 1015 -610 1247 120 739 -372 -868 890 -850 -238 -257 -914 253 1144 -123 -550 312 -708 -1087 309 101 -144 567 -1237 -28 -683 -2202 541 -306 62 -573 -715 -141 26 743 -365 92 -1791 2022 203 -1505 -822 -334 -1970 -1180 210 -137 436 724 599 491 -1613 291 141 48 -517 661 1111 1020 -10 290 -107 -705 -730 611 -549 3 -470 -303 370 445 261 323 799 -69 1663 994 
589 183 1368 212 -287 -1213 716 695 -756 -822 -1 -103 1666 431 8 1027 529 -307 256 1478 1367 742 -398 891 275 575 744 -54 -1939 423 254 -397 -629 361 148 1244 -627 934 285 -1164 -1371 1250 437 -706 -168 -298 -591 757 -49 868 1450 -729 508 -77 -610 2139 49 -1776 532 -998 382 1359 -733 -664 -54 -1089 -240 -1501 122 -864 -364 495 -314 -1315 -931 -343 701 64 -1857 136 -1171 -323 470 386 1120 -419 -373 -143 -1154 568 -633 -806 1227 229 -115 244 -382 351 -99 -48 371 -125 -694 -1508 254 1027 328 74 -1520 513 -556 -50 -115 931 324 638 -23 419 -771 432 862 -9 -634 324 241 164 -49 -188 -751 805 -51 -1110 -321 528 1281 124 -987 -974 554 1093 -241 -51 -1254 -308 -663 1155 -1230 360 -32 -619 796 -220 679 -139 -114 550 -177 712 -507 805 -697 -1558 231 226 266 -842 -407 1454 367 1050 -134 131 -1184 681 51 -1201 -667 -878 -1108 580 1012 1784 -252 -861 -213 -681 -212 -873 1052 -659 -337 46 210 -61 -705 153 515 252 -287 329 19 779 -46 1037 681 2090 1756 -145 497 -839 724 -1058 407 -856 -257 -363 684 -727 1651 -510 -853 218 -18 -1059 470 573 -725 1066 -973 -354 -38 -326 949 99 -30 330 979 -99 835 -443 -1241 -9 -636 -780 365 -760 -853 -371 -795 -358 -166 -1235 -478 -160 694 776 -526 -1252 -409 -457 -594 1149 -134 415 -203 -406 983 -436 71 -560 -62 600 403 -977 -624 192 424 1655 -100 82 -321 399 -49 803 -1182 604 -874 -1067 -538 1261 -574 1076 1061 296 226 186 -371 965 428 -35 1824 579 -527 432 -186 -740 -441 -41 541 31 547 752 147 709 309 180 831 -252 -1614 -341 1321 -274 -1124 215 -1022 214 2151 762 1046 -292 -667 878 -1089 -1492 1278 -666 536 321 -1961 423 -1124 380 -272 -860 -64 -184 698 597 -149 -940 20 -345 -575 -711 -32 778 205 -399 -599 -1101 101 337 587 -80 1077 -656 125 -374 -206 -137 234 -1344 192 909 1250 2025 102 522 -153 55 -362 69 -212 -514 1832 -951 -601 951 -469 -6 -888 -790 395 -158 775 -397 339 -1048 -467 484 
56 -827 465 -277 1239 164 834 -938 -1062 439 -182 -1209 -1393 1576 218 -1043 -1086 -803 -533 -188 -573 1338 486 982 -861 -837 -168 -380 -139 444 747 -432 -484 -1392 -195 392 -470 -382 1695 -1002 -865 -722 -671 -564 636 246 89 187 817 -451 -384 -378 -660 -54 147 -139 52 -124 -261 -667 -227 -569 -468 710 -292 -600 90 1172 330 956 106 -798 109 -992 -207 -859 665 -235 848 929 -271 -744 -252 -335 850 231 199 -111 185 25 968 49 -508 -972 -169 419 -354 542 191 -52 -1453 208 82 52 1333 135 -106 320 -120 -523 -712 934 -765 40 96 -741 420 823 1155 -162 -324 424 23 1699 552 355 -180 -785 151 -1144 -262 904 1265 135 -151 -405 752 -84 998 -14 -837 851 -752 92 -356 576 15 -541 1388 515 698 1370 340 102 1134 -900 -1121 241 1004 -500 1002 -316 938 522 -1013 774 -80 233 769 850 220 -959 964 559 1416 243 931 350 185 85 -500 -444 1107 -49 245 1017 24 -303 -78 -258 682 160 1150 542 -279 813 -281 567 506 -462 633 198 -179 -5 -1253 458 866 613 256 832 -1117 -857 41 -906 -86 743 73 447 -245 199 58 -1796 10 -228 -1030 857 -7 982 891 -155 915 -188 420 -890 -183 -614 -675 906 99 512 535 -171 -803 -300 -21 397 -76 132 -713 -403 -845 -797 -856 -163 466 -306 87 -839 614 183 279 -1417 -397 0 -351 -551 776 -50 278 1183 -93 1238 -130 -1589 780 332 418 516 -38 -1017 -327 1230 471 -615 200 -112 885 406 -488 -1326 1312 180 -625 1057 999 -44 -428 -273 809 575 -564 -1375 842 977 1655 -107 748 363 -154 610 -1206 -1466 856 -422 1185 -454 1386 -447 -386 -656 -343 -979 1127 996 -613 327 -824 233 -934 -1144 -1235 434 703 1718 815 385 -732 339 133 -414 966 -1665 872 529 514 151 -932 307 789 -666 -279 560 305 -362 465 -1387 335 122 -201 -443 363 393 -38 -507 970 158 -26 467 -111 -50 331 -365 1228 -683 1414 -345 36 446 893 -1402 968 -167 261 -467 284 -1045 -1007 244 -1310 702 41 -517 234 70 -1546 -151 -371 303 401 -825 
675 83 265 918 256 229 442 57 -616 -125 -752 460 147 481 121 -102 -656 566 363 354 1085 314 -1165 -196 -59 388 -472 -219 1756 -18 188 723 -188 -651 -51 526 -614 346 904 -721 607 -194 704 -104 -513 348 706 -334 687 1495 -205 -378 889 -323 717 836 -203 -666 773 -847 403 -646 -683 -1209 -32 1141 449 -59 154 -1027 1283 -805 -40 144 -726 -743 -198 286 -924 -196 70 -624 122 674 -1159 -578 612 -742 -1057 54 -1343 1015 507 -935 788 287 -1293 474 -553 896 127 -366 -134 -21 -616 -440 -582 342 247 -666 59 -793 -1347 357 -807 1197 -291 542 -61 -163 -116 340 361 774 -1042 -816 -410 -1239 462 442 4 -468 -275 -521 214 240 -532 733 -842 86 177 -259 125 1860 -1212 414 -62 1278 520 -1014 237 555 272 78 -217 -761 -89 734 -508 638 -294 -780 167 -807 1462 -1166 318 -504 -147 751 735 89 310 -268 -1480 450 -1 349 620 226 -1267 147 585 -250 563 736 489 -757 591 -121 -970 -921 1810 211 608 -1080 868 -156 -577 -224 -223 -189 -561 -297 -516 562 602 1350 190 -1694 -759 -785 -806 -494 554 -948 -89 -1292 -320 976 389 -1048 1339 521 -210 -116 -1048 -887 -1071 713 823 768 -20 337 -431 703 -1029 -750 998 1282 -81 413 -67 160 -131 -868 -725 513 -504 508 -677 -265 -344 694 979 -82 1623 368 -216 159 362 804 -168 133 630 -1687 -56 -116 -1388 878 -229 911 56 931 482 296 -1000 2434 -359 1067 868 1006 1014 -620 120 -726 86 -161 -120 1083 -1037 1086 -962 1530 175 -894 590 136 289 -103 92 -161 576 30 482 349 153 -892 -39 928 -839 714 269 417 -626 278 345 237 -929 169 1168 166 -602 -707 -1414 542 -1214 -625 -733 -211 388 -33 82 -1838 121 -794 130 636 91 458 653 869 732 -631 -777 -791 -1141 -868 306 461 759 426 153 738 396 1328 437 635 -785 -110 341 -19 -186 41 -527 837 -952 1255 212 -845 32 -261 -372 1007 -1471 -1444 -205 -794 -214 -400 -776 1433 1177 -275 -331 312 399 -49 583 619 -755 8 -855 277 418 379 1300 -308 -73 -1317 
301 -477 -273 -206 -440 -287 -883 234 652 348 445 1376 784 120 19 54 -1544 1425 400 -2361 1552 -301 -382 -1457 -1754 -414 -1055 -236 620 110 702 -683 -837 349 674 -519 -134 168 -85 -188 -666 862 968 -89 1306 -124 -1583 1410 -296 -892 -1013 401 -736 -423 -258 1337 491 -312 205 -835 -377 325 -43 -986 -234 1127 -202 517 327 -912 524 -1592 -1199 -1495 0 -1519 -811 461 -1065 892 -550 255 1011 773 -426 -32 1492 1628 -1107 -228 236 514 -146 -867 546 1338 174 75 108 199 -780 351 180 418 1975 449 140 -1351 148 -527 83 1133 342 1486 6 -437 -149 -454 160 520 -136 -385 611 261 140 479 19 170 -124 329 211 -288 -619 300 -141 -503 -186 -1432 -86 -1659 -326 77 -850 344 41 -275 -296 -612 948 -152 -517 133 606 236 112 792 -244 -676 -1170 949 -266 291 -313 1497 1819 963 5 -342 -158 -1154 -801 -820 1547 619 15 19 106 -162 -71 1104 -579 -1365 -526 -759 -774 -286 25 218 1019 145 647 120 -332 89 884 -287 43 704 619 83 375 1045 -9 -106 85 -1716 607 487 -1311 -469 559 1304 843 1264 1014 134 559 750 -556 628 -588 652 652 849 -600 258 -734 766 177 -34 -190 264 337 898 182 -258 926 1364 -692 725 639 -353 387 -38 -168 -1654 -415 -170 -1233 -171 1009 -746 -913 223 -281 739 682 -14 110 1115 195 -24 680 -218 1708 856 867 1771 349 881 39 122 -824 -548 657 -738 -549 423 871 -262 -390 31 -585 -1362 560 992 -1237 -184 757 -300 -15 -917 -704 -836 -144 1213 300 -536 -55 -154 135 1437 -660 1339 473 -1843 811 -310 565 -255 345 326 926 2769 539 -359 159 -201 453 654 -91 -442 35 -457 307 1146 -55 -1360 -2247 -348 138 -1229 1107 903 652 -254 451 -1352 -1007 -794 646 66 -575 584 -142 363 -694 -448 -1032 501 519 -107 -1487 1028 -613 -1190 412 -1281 952 1857 105 455 337 -91 219 -829 -1186 -173 767 -603 70 767 -235 -245 848 1001 187 429 -53 1174 607 301 -564 -304 49 -434 35 635 -2016 467 -1476 65 -1503 537 1265 -5 1231 854 93 -457 
-229 526 256 1223 141 -250 786 -961 -102 98 -884 -1514 561 2535 451 14 -382 1291 64 -949 -190 -484 415 -200 1369 1660 -1228 -374 -126 517 318 -433 -1090 -1024 -120 151 133 163 1329 7 -1033 -703 -872 541 269 -1074 -352 -739 -74 739 -1573 230 -26 -760 539 238 6 -324 1383 52 48 236 307 399 -903 845 -320 855 -180 -608 -672 200 -1078 -1241 151 908 102 -926 810 -234 -1482 -751 -851 272 622 995 1258 -583 61 -115 -979 -34 -432 -386 1497 -216 -741 978 196 -732 -88 342 800 92 381 -154 106 -576 -268 -87 705 -89 574 -58 1452 1039 -279 428 149 -226 254 -304 -625 -377 -782 1257 742 381 231 -301 -215 1172 269 231 248 -451 -771 112 -161 -783 -1194 -546 543 736 -719 -415 -657 1315 804 -14 -258 534 -52 -718 -63 -1251 843 784 615 -911 -861 -346 637 -704 406 107 602 240 -568 157 1417 221 -385 252 768 -68 654 -133 596 148 -196 -166 -1087 1302 1092 1780 -319 331 774 551 -329 -664 1428 -1202 -858 138 -204 235 -356 -13 -325 70 -1195 -1584 -377 870 373 290 -405 -805 -175 -492 507 -464 -1084 -604 939 16 -282 317 1062 1401 935 -465 -608 -978 211 948 380 -353 1131 -53 844 415 -905 548 -244 324 -411 1230 772 634 -487 113 -233 399 -1146 -186 -215 -944 -567 22 53 796 -375 -1232 412 1178 -752 1734 -496 2 541 582 -792 145 -1308 -108 795 -652 -245 -798 261 405 1424 -341 606 -58 592 -28 951 899 -549 -864 1247 -1091 -998 -700 731 1173 -24 282 -1515 -78 -198 225 782 -1305 -986 709 -448 -1060 127 -473 587 -575 694 -162 -213 -231 207 104 1366 377 -658 -565 -588 1174 -1006 1588 -1139 1035 1224 -318 -671 1107 235 -912 -44 -631 744 399 1076 -654 -34 -409 -522 -1396 -483 344 -511 214 2 -264 -678 2186 -1202 -1186 -407 329 1025 458 864 1314 208 -1166 1172 -1253 840 -1261 -385 -165 -730 231 1217 317 -790 764 -91 1137 685 -1080 1500 -445 -411 -1438 -695 700 -403 556 405 617 -200 -71 -101 1440 -1090 -72 -183 2230 1490 -361 511 152 610 643 375 190 815 389 
-1474 -8 -1407 -257 24 12 -196 21 307 339 109 348 386 466 -697 -87 1085 718 1203 -36 -736 58 243 -237 -596 137 -648 368 -1271 -121 -355 -431 999 1492 20 -748 -361 -372 -629 222 465 1027 -1722 157 37 -717 -454 -713 173 8 336 -663 56 391 182 448 -509 1605 -1494 24 -1151 198 -947 -714 367 -825 -178 495 -420 33 1274 644 178 836 -171 -44 -250 -256 388 649 476 712 140 -2066 -48 -6 -911 483 -1039 312 -203 -277 172 -49 -618 566 4 -197 171 -198 -625 743 -135 -1422 831 -1041 -111 -359 -49 -452 5 -53 -593 -691 -280 744 -541 -344 712 1926 -576 58 1001 910 1201 577 -362 -1022 54 1019 753 -466 554 348 81 -542 -69 235 366 1268 -70 -165 -1141 -842 -124 24 528 2 -207 592 -617 835 -278 73 -534 309 -285 -494 -113 -73 470 -976 -782 -43 -102 980 1423 225 -81 -65 1074 1551 274 -118 -556 -407 262 -787 166 -148 -1157 -309 526 -1108 571 583 -450 -1679 -931 322 -177 -194 611 -1022 228 -746 699 -873 282 997 80 934 -484 263 -602 -571 205 -993 103 21 -84 -229 -1516 929 -168 -243 -196 -431 882 57 260 306 -867 344 -695 362 193 -738 -1134 1276 890 -364 930 -109 -585 -431 -5 843 -370 291 -199 33 886 272 -130 -15 214 321 -730 -527 -142 -646 186 -328 -341 -86 -63 106 -1157 421 1859 404 212 867 130 1086 -1112 -454 801 -990 261 -354 1431 420 453 284 -520 -197 -26 446 287 -1910 -457 -679 650 -192 -199 -631 163 -820 869 1828 -1282 615 -648 598 -1319 94 -186 371 525 -565 -344 711 84 -472 301 -100 941 929 -281 147 -1634 159 1066 100 -1238 -938 833 -278 -172 -1080 -28 152 1271 -552 -724 -234 98 -544 1099 200 -382 253 356 -960 749 -439 1397 -865 -250 -1165 -875 301 852 -143 -183 -195 75 -57 -496 -199 121 -1525 -673 -525 176 98 230 -119 -344 -159 -717 -768 734 -1227 12 -571 -5 -122 353 49 -252 287 366 -224 112 -4 -185 118 -563 -200 270 -556 -276 683 153 18 663 329 -339 887 -911 -24 -827 -61 949 248 -348 -345 
517 -603 688 407 -619 -1143 -475 457 -397 -26 62 134 -343 -166 959 261 698 -601 194 -601 -695 -373 -381 305 1160 311 -1194 984 1098 -873 -614 228 309 1126 64 28 -690 -2073 -124 -675 1452 -322 -198 378 -22 694 -855 673 254 994 1342 1146 718 1582 -716 -55 453 -884 -1231 -427 -542 317 455 -77 -847 143 -8 -184 576 23 227 -221 88 224 -32 429 1561 568 654 318 1447 477 -18 422 144 -1056 -347 -242 -479 231 -680 815 725 918 1438 -645 1022 -1445 -169 -434 -928 -594 -263 337 -165 -1976 -1155 -272 862 -305 -190 -406 1019 25 -112 -933 -651 -292 -955 -479 -437 876 -539 2079 405 -468 682 76 -1258 586 100 627 -589 -75 -242 -1435 -899 198 -682 1156 -512 -479 246 -293 -577 -695 1378 1895 228 -1235 -1042 -323 -208 850 1060 1010 148 -450 -887 -827 -1012 1182 -1364 -1656 -2188 360 337 -86 601 -375 -172 329 -123 241 -760 -202 99 -669 -568 -709 -164 679 -112 220 899 -1389 -385 -373 -791 -139 -758 1526 855 -1217 81 -1004 1340 -13 1037 -226 -668 59 -191 1047 1218 934 -281 -275 188 -255 -243 -660 211 -293 12 674 1070 883 205 1474 999 447 -694 -144 90 478 1416 636 3 1155 366 473 960 377 1389 -1514 -347 -624 55 1486 380 272 427 -2355 698 15 -250 -387 425 -1256 874 55 1379 -362 -1404 264 -320 -9 882 -1028 -17 1598 -124 -1039 484 113 -512 561 1549 -1175 501 -537 84 809 -209 -302 -650 -659 -573 70 -251 141 -1481 971 -238 322 108 1294 -477 325 -777 127 -373 1678 -1603 -45 -195 -881 1098 -472 964 498 -1355 281 -850 -224 -317 225 452 -775 358 1181 -50 -742 -5 -266 203 -222 852 127 272 -244 -1429 -12 137 -663 561 -916 -79 -165 -315 824 -112 995 -599 -784 -1437 -1146 -641 701 125 1159 564 -1087 -966 685 1005 966 -77 374 -1307 -884 -249 -1588 -352 643 -388 -929 458 47 -205 630 -900 -886 -293 -100 241 -379 407 -813 -1494 -121 -120 250 -509 -789 462 1542 -1091 1321 -1346 -99 -16 738 525 -557 1867 -887 -949 -478 -230 -177 -306 -1268 561 41 428 -20 -232 -492 
-1309 19 -898 -144 -858 483 328 -621 -836 -178 -519 606 -129 -640 -859 783 -440 -285 -184 718 218 219 -97 2444 -792 -446 -296 -8 -916 -619 -4 -1690 -438 519 -141 644 -101 3 67 -952 1182 1177 520 -288 846 -11 379 1801 260 36 -297 -203 854 -486 -787 -69 -383 692 -979 -1214 -829 -1127 -656 505 187 -491 -49 -680 260 179 -295 -1008 291 257 -181 -332 -994 -189 -109 -419 328 -669 -64 26 1208 918 -1622 -103 -1312 -145 1308 816 -374 -1133 -149 -106 73 605 -238 -219 -50 -674 -81 -1232 -102 709 148 658 755 -490 -169 -898 -170 1094 -788 -1411 405 556 -684 -328 -283 1023 1538 -974 -2019 -536 819 470 -31 398 -1095 -680 2022 1121 -292 175 556 -633 285 -1283 -493 291 86 1093 222 533 320 -232 1313 851 337 438 664 -866 1626 452 -481 -504 551 413 -342 -344 -309 304 463 362 -985 8 246 1170 -846 331 -218 939 164 -1013 15 -798 357 958 332 -69 -1143 -819 196 -272 1020 -1673 286 755 -1785 1199 466 515 1131 763 403 116 342 399 1730 436 467 1105 523 -1766 -601 -730 275 -1077 819 152 -550 -387 -36 454 -1057 -366 1534 -1281 -1649 -918 343 630 -74 585 -1027 -121 257 -1738 -693 -1059 319 -532 234 581 230 -1474 -350 -229 -691 -408 -763 -460 -254 -854 186 336 -901 -199 84 -368 133 687 -331 943 389 -523 -132 -179 -313 491 -44 42 -1630 677 924 -855 1030 -140 400 -35 444 -10 -452 977 -47 -787 1086 1059 624 638 -92 1378 -1296 -1467 160 718 -598 -1986 415 -442 659 -744 184 -280 -897 435 -217 -455 1444 467 -1479 -784 1810 -679 1352 191 277 -796 -797 144 1263 682 -459 52 -805 779 -810 1310 986 -584 -552 1246 -417 1276 -829 -1201 536 78 -481 -1149 94 -417 -746 929 916 1246 -958 -924 1173 -278 -880 896 76 -408 922 218 -87 -828 -887 653 849 -8 516 133 -819 514 -407 629 -222 -328 857 971 412 -853 -935 765 -65 985 235 -440 -22 -246 1033 1665 -693 485 451 314 1189 -837 70 672 1061 109 1041 790 354 694 11 -239 68 -75 528 816 -1325 567 -1307 -351 
-557 614 -360 354 71 181 -1277 -462 -6 -544 138 1902 712 -777 851 -517 164 -63 -1092 -1424 770 248 691 1642 1015 935 -222 312 -1000 772 -531 -1005 203 -67 1943 -343 -897 -139 80 -1152 -477 1405 -500 840 584 -1619 650 1005 857 -467 -853 -442 -717 -341 582 698 -15 -331 -1871 -51 -380 -688 -270 -395 114 -482 257 369 721 -193 1292 -168 -71 576 -240 962 -14 -20 119 1003 -445 -437 -40 222 714 465 -259 48 546 -632 -1296 -534 459 -711 574 -1962 1966 913 1095 -219 67 423 421 -776 -364 91 49 -95 -977 -496 -820 398 876 264 -387 -575 -1706 -80 -93 -1295 213 -194 -1294 475 -283 973 211 251 -46 110 192 1544 -30 6 -515 -651 -301 -349 528 -522 -455 -764 283 380 -1562 937 1307 731 -854 -952 -259 1033 -931 321 -668 1570 141 -1141 -516 -199 -841 -108 -1043 -1211 759 -484 -195 307 -109 -1531 -693 -49 -1297 512 -596 284 -236 191 370 892 -120 549 -206 44 144 -226 -182 -602 894 984 117 -518 -220 471 475 841 -51 -588 -959 -14 1258 350 -624 834 652 35 -22 -842 1041 -167 -659 -58 151 -617 1087 28 -911 -597 391 1100 -1360 655 818 49 766 360 -937 -722 297 233 1311 696 602 -334 -66 797 525 -622 -270 -427 818 5 -409 114 282 -1152 -737 442 -499 566 1073 -592 905 891 547 -758 -90 -435 -883 -465 181 81 -846 -392 -294 405 -107 -219 21 599 97 2094 768 -436 541 -900 -68 -484 -1482 294 -550 -949 -90 741 -366 -1022 1812 418 92 86 1103 -981 286 227 -1637 -319 401 -982 -453 -78 953 -311 -532 -469 -41 -77 546 460 180 -350 578 -377 1295 -887 65 1111 319 -556 -323 676 -1775 -443 -94 -392 1252 -1103 289 -583 1146 587 332 -1231 -611 -1072 -778 505 -243 1412 -493 111 -58 512 -1328 -1450 -1986 -41 1308 117 -894 -522 130 573 562 -206 -289 1268 -468 91 745 1119 -695 -594 -346 374 453 -901 -555 -1349 -514 -92 93 155 -462 -626 159 596 91 -537 -234 274 733 -337 465 181 96 -780 -1462 -1027 -50 107 -712 -393 1234 -554 527 -29 146 525 -1008 194 
-291 712 -53 -841 293 -64 504 133 250 -229 -386 150 190 -61 -1408 93 1649 -23 -70 -461 257 875 -1357 664 -247 862 -551 533 246 -530 -849 13 -393 1042 523 -1391 703 -1093 235 -1048 144 -502 -1168 333 -950 526 -755 884 514 -592 670 -633 -108 1027 -46 1386 -627 505 -702 -594 -524 1278 -689 119 -520 -1143 -1205 636 -73 116 -1568 -966 -160 681 330 2028 18 -326 91 307 313 425 -1556 -973 1371 205 82 490 -703 -783 -1025 658 456 772 502 703 921 -717 402 -936 -1382 1256 1060 -216 157 -313 10 109 1303 -862 -1650 -966 1033 1109 652 1055 517 -304 -938 -449 378 669 1196 -1283 289 -213 99 -922 1386 646 166 864 1008 716 -337 -201 -793 195 -502 -867 602 289 387 26 676 300 686 -1498 -374 279 -332 711 64 823 109 1028 -687 -544 -1101 445 -1332 -320 -1120 89 862 797 -184 -362 -451 -244 -397 1068 -494 419 371 311 -464 -1170 1275 -13 -465 -403 -705 -262 1037 1405 -38 243 165 374 -1471 242 -1357 602 -488 683 243 -218 -36 -255 -410 -1180 517 280 481 449 -830 -853 124 -53 511 -835 688 780 -868 131 886 1295 -1241 162 -1302 -358 -1290 -183 -937 -399 119 645 -2648 -666 -446 -1007 -1229 792 281 -490 -170 -897 67 -162 -319 -490 1058 68 -306 -608 864 752 -450 -36 -916 -608 1199 1277 -586 -38 -1669 56 53 1276 -376 293 686 -1058 1887 1205 -778 -669 853 -326 34 -293 210 918 327 61 -1257 656 -554 430 297 -9 -3 889 291 -342 -754 1005 -718 574 -463 1092 -229 -210 402 55 -577 -268 775 -57 393 1178 -200 68 499 -224 -886 1873 -10 113 448 922 712 -605 68 822 309 -372 -1143 -476 1196 -604 -1245 742 184 -631 -409 -211 588 133 -99 -1762 667 190 399 288 -241 653 1424 671 314 16 -1959 -148 806 806 387 1034 144 697 182 153 222 2021 432 -201 76 -2 -297 -1081 -1137 67 1960 414 -1128 -490 740 -582 234 215 -8 403 315 -907 -922 -347 -1160 1024 -850 -48 762 -282 -925 127 -942 -1393 1507 -188 -831 378 -15 -386 -285 -514 1274 -183 -404 -782 -926 1061 
-1219 -241 -870 1092 -878 -305 -64 -4 289 894 -37 479 62 -72 762 332 1145 537 118 -912 -1100 2 609 59 1032 -382 -906 13 -1922 -92 -206 -151 572 -102 786 -1216 -14 344 539 -83 9 -276 1296 1150 -230 877 -1016 564 -334 -715 635 318 -493 -1187 419 -941 329 383 -443 -674 613 77 -359 -75 -931 -1917 385 -231 185 -65 665 -716 1993 68 -71 -762 -660 71 1456 -589 250 -693 826 127 300 -653 -638 -139 -20 -1288 1584 -755 480 -523 -239 242 -891 1012 689 -1359 -269 -150 -764 -1269 -147 1067 -96 767 41 -58 -137 -14 260 -1414 867 0 -357 -749 499 493 -1281 1455 467 627 -790 -1238 -475 -315 195 -1079 -1971 -178 720 406 -553 -1257 -300 183 528 780 1145 816 43 1193 395 955 1078 -472 -452 69 -131 -83 537 634 14 -101 550 -107 91 -305 -107 -672 200 562 617 -246 523 1 -259 173 417 -1565 -467 -336 34 -649 586 328 -281 -968 170 170 395 6 335 703 -3 303 356 425 299 -1454 399 -997 962 -153 -23 360 821 669 -539 -101 30 308 244 537 463 -967 -502 -142 -19 556 1158 -1322 1030 187 -1021 282 719 -397 152 -111 330 747 -39 884 -83 1412 -61 274 138 -414 44 -421 650 2043 -19 -207 -485 -844 -504 -989 -356 1720 143 326 961 -1082 957 -221 12 -207 -949 -805 602 -536 464 -554 -1491 -248 381 1095 -469 558 -1210 436 -552 -254 259 298 281 356 77 532 421 728 114 -223 818 -173 855 315 -391 1210 570 -432 803 -345 77 755 423 94 512 -490 44 -995 113 803 207 385 772 -1315 -1248 -257 -655 279 103 -1764 48 -443 -158 -858 -98 -1272 181 898 -570 1697 -12 758 -1110 951 953 250 407 -1538 937 1353 1186 -691 -821 -38 -418 31 -1215 345 286 -86 706 339 -1054 -503 -368 -829 -485 597 228 575 334 -188 -334 -1096 -1290 -570 585 -848 1434 516 -839 144 -1004 -1359 -716 -107 716 152 -162 -267 -510 474 -146 -1022 -32 -698 437 -60 437 314 -530 276 -953 880 -1780 -290 -842 451 873 365 977 -476 346 766 -275 -1229 -18 141 699 -380 1284 954 
-130 -765 518 459 254 -1501 152 794 -1101 -1046 -884 -250 92 -339 -323 29 -1259 485 -742 -215 -461 365 -410 799 433 1131 498 1358 -48 -140 682 -1987 -2 1141 380 492 -918 -368 279 -852 789 -86 -585 -686 517 62 -213 425 -503 -1248 -294 -1035 93 295 269 125 -924 -399 399 -2126 1233 273 565 672 1082 724 1257 10 -796 -370 -171 -848 714 -145 1134 1339 -390 -288 799 -291 1465 -830 -798 601 -636 1366 -835 -270 -221 421 -211 1601 906 2 -1397 1505 526 583 -1232 423 119 -278 110 -2198 571 61 801 -264 219 534 -1011 -739 514 -211 -531 396 -108 377 658 -825 722 -182 1014 -916 -793 1431 -99 248 -563 221 -582 -1338 306 927 84 -97 863 -497 -65 632 63 -809 -176 -606 -558 628 -572 -182 1935 40 -779 251 -59 570 372 -264 -314 1420 1121 -121 870 461 97 -444 -519 -173 968 -1312 -1581 1647 -662 375 -703 -842 434 -1124 437 -1515 1356 645 39 -133 -84 -239 217 -1964 -989 -193 575 636 -601 -917 1013 -240 -131 766 832 -318 908 338 -128 -515 411 944 494 -76 -716 732 -1538 595 -678 940 -1289 -752 -183 -177 1150 -559 34 -1163 -616 -1359 -56 333 -479 -632 -2009 -373 -878 -216 -1066 -2501 257 1294 -946 -407 180 -725 664 -358 -594 -576 422 229 815 -1828 -313 -545 203 153 -466 419 486 735 421 835 -673 54 108 -241 -383 495 1750 -770 952 565 -859 -487 916 1361 1701 169 490 37 -1008 75 -632 1028 -591 374 1037 951 -20 430 1520 -243 -212 241 204 -883 -558 467 -103 -381 12 199 -317 553 150 -1514 -791 -1087 187 -869 700 -156 -155 -218 -118 577 334 140 143 -483 564 -66 -320 -1006 -155 440 1482 -1273 -42 999 -776 130 987 983 843 557 1126 1384 -694 -1201 353 420 499 232 -738 -294 -199 -443 -703 481 -595 614 -304 728 213 190 -499 739 703 -1067 1300 552 339 542 174 -690 -902 -37 -1014 -876 529 60 786 -1204 -61 638 -274 -700 300 321 381 302 375 944 509 570 332 -870 -249 311 1020 841 443 500 -454 -124 208 677 1810 385 468 1333 550 -85 1403 -909 
1435 161 -281 -32 -17 151 -241 -335 -393 -738 -762 677 33 -667 10 790 414 53 1112 1197 -470 -494 -232 314 -210 -948 -514 -428 1170 -53 641 517 -596 977 -134 1314 -263 1351 2290 -122 -112 -12 656 -1043 -316 -524 164 813 393 -52 400 6 -336 749 -204 -840 1127 -333 158 214 94 763 -698 544 1234 1741 620 -147 -586 700 997 -364 279 -608 -212 -1283 -657 -252 -788 -179 19 757 1118 -204 -344 680 1369 11 -366 992 -1680 -318 303 1158 12 430 -17 -497 529 -64 741 -525 150 55 -16 -910 -291 450 -245 -1175 -586 -592 -855 322 -551 1739 1245 550 128 -570 1552 493 415 -1017 -1168 -764 480 -401 -603 -660 -1567 -1000 308 781 -270 -1143 479 -690 -574 289 263 1022 905 415 -547 616 1623 1125 407 -44 -320 89 -354 -421 -111 436 -480 204 -218 207 922 -231 -473 -1016 1864 25 331 913 446 514 -531 -402 -1014 -603 -33 -637 526 759 -501 549 1021 -296 1362 495 643 481 394 676 188 1225 -798 -133 1710 845 -81 -209 1379 601 -1786 1245 -284 -149 -183 36 -1412 -390 270 661 1589 -410 379 -1216 -194 359 -648 -900 583 -358 296 -108 -201 -222 174 159 498 -714 -883 -259 -304 -92 -138 1284 294 160 89 -192 -399 209 30 1050 217 746 333 500 -244 -1517 -587 358 -464 -73 -671 176 58 588 322 -1414 777 -86 -296 463 -577 206 -774 808 337 95 -512 -752 -1232 -452 421 543 -18 -646 1125 245 841 252 1142 -197 978 -68 -98 -370 -748 650 465 -1187 328 -453 1009 -516 95 1025 -184 -282 35 -909 -1768 33 1085 411 223 416 313 -272 -1665 -763 -143 295 -234 357 877 -431 809 1006 -403 944 -1231 228 -225 522 -805 -270 -241 1011 -533 511 -1074 -308 1694 -453 562 419 397 247 -356 -1132 -907 945 860 697 266 -231 -268 -1309 -1607 451 -614 -415 -260 -571 1444 -1179 1231 -231 1222 374 168 -1382 -232 490 926 -383 -806 139 -1448 628 955 -185 -857 -6 -108 -337 511 -142 -1609 534 -973 1361 -135 -555 666 653 645 -117 -855 1987 -74 -296 139 245 -722 305 -273 -514 -918 531 -534 -251 
-1166 -985 -1029 -496 -122 87 -144 31 -56 1236 -944 -559 -427 -212 -548 772 -1406 -73 954 378 961 788 -1012 173 -776 -1197 352 -396 373 -255 -1906 -90 456 -152 -1874 -1300 54 424 973 -117 855 632 -1229 1356 943 -627 1033 -33 1319 680 857 477 -323 -1681 287 -859 -1259 312 89 365 65 258 184 -1056 439 114 -597 815 -145 -280 330 334 -546 -557 -66 -650 -116 -602 278 104 -1297 -1063 549 -159 -420 -164 -766 -342 -677 -727 175 369 -727 660 236 -375 -853 1216 -51 425 549 -290 -1506 -760 1201 -474 -493 -1098 78 -22 217 -146 -1725 846 852 -506 -609 1332 -354 -36 -603 1079 -106 1134 236 276 406 -576 1220 -964 637 657 -145 -102 -788 827 -614 -221 -160 321 464 573 -371 -39 47 -659 132 687 -203 -136 -940 90 -535 508 240 253 549 299 -137 142 797 358 669 427 -671 -197 929 943 -493 -1505 636 495 780 997 -16 226 1504 -751 -318 48 -118 1144 -299 -82 -463 -890 -126 -1817 -893 -420 1073 -314 -449 118 -1066 173 -484 846 -155 106 72 693 -525 71 -1387 -897 63 76 262 -465 1000 402 100 1249 948 -705 -411 -158 508 -280 -176 -1026 -22 -893 -675 1084 -454 -74 -818 -704 923 -309 -281 -81 -1054 12 -607 -956 222 -43 506 -43 -312 574 -726 -411 -186 790 156 -22 -582 -631 -647 -1300 246 191 201 -449 100 -863 -756 -144 -1049 -1030 -396 312 112 209 -228 -408 -45 833 1416 1300 -866 -70 342 -450 -671 196 -428 -940 739 -1401 -381 -460 227 -399 1220 588 163 669 -1448 497 258 -289 667 1642 -462 -105 -183 -669 39 -60 447 -415 784 1343 -719 671 -740 -124 -973 -18 76 -789 -185 158 227 -2 -65 -563 874 -801 154 212 1439 -46 -151 -279 -204 1847 168 0 -143 182 -460 -203 -402 -150 -508 673 -297 60 -926 -614 -227 1098 678 179 -605 -656 -616 633 -508 -132 148 -992 -225 642 226 52 -362 -631 -356 -621 -308 -764 816 -817 186 -588 91 70 1033 -1429 -36 583 2166 -1668 -344 205 647 1869 -1145 187 60 -428 518 -287 92 -1832 -868 764 1105 84 250 -889 -304 231 
-399 376 -104 -497 651 -345 -327 -651 -55 602 -244 348 751 313 -626 -801 414 -171 726 645 -514 138 -350 -1045 -185 -1592 -150 35 838 22 101 943 691 1469 -33 1300 -821 10 687 -387 -182 158 812 85 -186 1186 1058 -2 249 178 830 -709 223 -974 507 -370 527 -294 1213 935 -1232 1126 1234 -1103 934 1016 -980 1106 -674 -27 -275 -59 1041 598 321 -1388 -425 392 -222 -1613 -1060 182 -320 -456 86 -3 13 726 181 -860 170 851 103 183 1160 -1411 -1194 -254 -553 -440 -777 176 -276 802 1307 -458 196 -676 754 -1747 638 -446 463 431 302 -218 757 223 1703 491 302 -385 -780 323 361 246 -821 648 -370 -1356 -375 -858 604 -254 749 143 903 457 443 -91 -15 461 525 -233 -425 -890 304 -217 -218 -201 -563 -393 1168 -397 -19 171 11 -255 1491 -187 101 320 71 884 384 -575 -291 -973 -133 11 -487 608 -1156 390 70 463 1538 -649 -174 -871 226 28 335 -183 58 -405 -100 -333 -451 700 183 308 -907 644 -116 33 -131 -34 -52 -692 -912 -1214 -40 -1130 -174 -191 -285 301 -873 -512 -791 -1106 617 775 -866 1844 -244 452 -368 -63 505 1244 8 164 472 -145 -1011 -679 85 634 -123 -952 309 -1079 698 -686 -1207 -302 -150 828 -644 227 67 -571 -910 -258 771 -439 53 -280 567 -879 -1275 603 1286 1570 249 -13 -18 723 1080 643 -778 -283 70 1048 -544 -236 -196 374 -359 -471 874 942 833 -210 849 156 -734 63 -695 308 577 -347 17 771 -275 177 -491 -220 -895 314 1242 -734 -198 792 825 754 194 -1044 636 701 247 -998 917 756 -425 -73 -199 -688 528 765 -50 331 375 1038 26 799 -1170 -168 -234 -414 -437 68 -752 213 103 511 -299 -652 -1074 -875 -466 -415 -6 932 -585 -393 -2045 9 -633 78 -264 16 1007 266 -359 -144 846 -268 -76 -1194 825 -23 -111 631 -750 312 182 -168 248 513 1401 452 -321 1132 -476 313 -335 1652 -128 1211 -282 -881 -33 -153 -737 1082 909 -272 150 -329 856 -230 -1 892 -358 -558 691 57 -272 -713 170 1411 685 882 -1039 -480 295 -174 
-505 773 466 -127 482 -981 1118 -76 -100 495 1325 181 -363 -383 556 766 -216 -2 -888 966 -852 -734 883 635 1584 458 360 -1667 -1244 367 161 1274 -223 -823 1665 -897 457 1394 -386 520 -508 -324 -46 -694 119 -197 -657 480 450 1168 533 1199 -58 763 123 840 898 -846 -865 1136 1567 -75 -708 -141 1174 461 6 508 178 769 -631 -761 -48 90 -928 -930 122 -66 -756 212 1281 -1665 -6 71 250 768 961 -1055 -123 -541 -1597 -44 537 -282 775 1192 1133 444 -858 -439 -186 -648 681 -1108 -532 694 606 2243 527 1227 629 -1021 -246 -491 -503 1180 -471 -629 -298 982 -91 572 -538 -494 2050 -457 264 170 621 1008 53 -175 -394 382 44 -147 -151 -294 156 1054 498 -815 -901 12 -5 -480 -85 722 -137 -523 1108 778 174 -232 -76 1517 -19 -1507 377 -59 -600 -1290 412 198 -829 924 -747 370 1009 209 -445 882 554 -31 -655 -699 -835 1418 815 947 -1002 -516 -132 -988 437 -155 55 -152 -10 -418 -614 -473 -304 -247 -349 -735 776 -109 202 -1085 -340 106 -262 366 -100 1558 -481 442 909 131 963 79 -187 154 -4 487 350 263 669 -122 42 130 -1118 332 92 -407 679 953 -33 282 627 -484 124 1594 -211 548 -447 550 838 -64 -67 610 1061 44 -856 452 346 -949 553 -726 -332 394 -855 -941 -660 41 -176 -196 -101 199 -505 636 -300 1468 92 1130 175 659 -207 -28 -311 220 -602 -373 -174 826 -234 491 78 -998 -520 708 -393 -1249 -299 -785 259 -627 51 1031 -838 957 1997 -190 811 30 240 -32 2935 -83 -48 -530 1261 578 -638 -747 23 1229 256 -226 -1945 150 -173 -521 79 -1062 443 263 -1056 -360 -83 2280 -419 -79 633 296 -311 334 -745 494 -200 175 -2829 -1100 -244 -1506 817 -205 202 -23 529 396 -1061 1511 1058 652 -599 987 182 1077 -881 -1039 -340 -610 795 -560 -740 -719 149 78 -75 -526 453 155 241 345 254 -591 92 54 277 -284 198 -439 669 70 715 -596 300 -232 564 386 -339 -261 538 -774 -301 1950 1355 -45 337 -535 -39 -80 -826 -155 -93 -847 -807 991 
904 621 520 -985 -519 -357 -431 1180 -675 310 -1064 666 -240 478 981 -156 233 387 -1300 -632 805 733 -85 1012 880 -317 733 -566 -2080 2 -790 -1059 -164 -98 310 70 -1250 -755 -69 -1056 -82 530 -1000 106 -163 -161 -657 -1242 492 497 -1207 -916 -16 119 -1271 -458 -227 -443 -240 -1093 -765 -360 -758 346 -1557 331 1305 -142 165 1657 -225 -937 641 -730 -234 49 -86 277 -1239 -860 966 568 834 63 -187 -377 -530 -819 -464 -668 277 -46 -307 -380 373 255 1007 -736 -231 928 -541 376 31 1106 -72 -1424 900 1644 332 440 605 -133 52 2103 -1045 384 123 -719 -132 1776 972 210 -775 -599 -33 299 -761 -1748 -179 805 -724 312 182 -778 -496 472 226 -388 -1428 972 1205 -922 -1038 -2 611 391 21 -2065 -648 -868 -676 -124 486 625 172 559 -1363 1065 -775 -512 67 970 407 -233 -1071 481 -1375 850 1086 30 -480 -690 -82 433 378 -668 -264 -168 -1000 151 787 -577 -176 618 420 1483 -250 542 1231 -851 -1026 -881 1051 516 875 1488 11 844 1326 -413 -1620 -429 -1150 -348 -602 483 -258 270 100 -45 39 450 -235 943 140 -207 -986 1431 -483 -359 -298 -434 526 132 513 1120 -547 954 -285 1346 -1032 -185 -1165 167 -694 -935 -7 227 -752 575 366 36 -116 -1505 634 0 -68 -196 -1684 490 -108 651 -170 -70 308 1052 -465 -686 -567 192 776 455 -554 -214 1416 195 807 -772 -267 406 -211 -1389 -1224 269 -989 -2298 703 -694 -132 55 -512 32 -902 525 -659 502 -16 -28 -310 271 734 1019 943 114 183 1181 -680 963 -327 26 339 -499 -73 219 -297 -584 529 -695 1532 504 557 1262 514 1261 675 1165 -261 17 -578 1261 774 231 -101 628 -689 652 207 -1154 470 -825 -461 -252 440 1022 252 -659 477 422 1362 -590 614 386 159 663 863 646 779 33 -1191 289 -738 860 -408 -345 1263 -220 627 -176 219 -1177 -817 -1638 790 515 511 -374 643 426 678 709 258 -814 -814 510 640 -852 -79 -391 517 -10 -413 -164 42 -132 413 -1569 -1287 647 -850 -453 356 172 -487 -664 -372 245 725 796 -278 444 
930 -314 545 515 312 -1097 767 195 -321 -76 36 166 -473 -149 -370 -351 -364 1509 403 -308 -378 -137 153 35 100 411 1881 -1133 437 309 -510 1206 -749 488 -764 941 290 614 1059 1660 618 839 1 640 -634 -589 -157 1369 213 652 -515 407 131 30 -181 -53 -630 1244 976 701 594 710 -540 437 -302 974 1153 653 -203 -213 -1375 187 -592 -496 592 978 794 688 -155 524 464 -122 -761 -528 213 378 511 -465 880 -193 -1208 257 525 887 136 -362 277 277 482 118 1081 1010 221 1560 614 21 55 49 744 -887 191 638 10 207 -274 -492 882 1053 -286 260 270 -133 -813 375 -222 -848 -178 -600 -1829 -574 -1450 -502 -1463 -182 -721 -575 449 821 800 315 -1709 -1052 358 -20 -741 -142 -673 411 -9 670 175 -1149 -1334 68 95 -47 -639 -1579 531 -472 -20 -888 460 243 -12 1031 -69 -1149 1221 151 730 1077 25 726 -228 499 -487 601 -153 623 -823 1237 -604 1113 -1479 -763 -413 -449 -561 -1476 -567 872 -373 -959 50 555 -1586 -567 -38 405 -518 -399 234 -101 -684 1704 -669 1166 -49 210 -507 -685 1366 109 824 -164 -194 -350 -1388 -66 426 437 -580 835 175 -11 141 1126 1012 -169 455 119 699 481 -292 -335 -733 406 561 -60 400 -248 -799 -866 -1334 427 -92 -246 444 -404 328 -790 -169 39 -50 -253 1349 -485 539 962 -583 646 208 414 735 720 -413 134 74 -213 1695 -865 -909 -66 -902 372 326 -307 -238 -36 850 619 -1404 -854 -565 -445 -564 -498 -75 -552 503 1392 -84 -411 755 302 -635 -897 416 -181 -590 -309 716 -745 -419 -616 182 1089 2 610 421 623 603 -593 -183 686 -4 437 680 397 8 954 1026 271 441 558 535 312 -1024 -1505 210 823 581 137 124 -209 -1067 -1799 -159 -1028 783 -455 1427 -120 170 827 -797 529 178 225 1075 -21 -1218 -692 -554 -1703 -293 -1970 -489 -1722 25 1516 542 1 1302 724 62 1433 -530 39 269 -291 -386 102 122 849 -608 -1225 87 -485 1272 1020 -977 -200 -229 525 69 688 -326 -381 1368 1959 450 -1986 -863 -939 -434 -278 783 -463 
19 -1117 486 42 770 817 -808 -412 124 733 -423 -692 -337 -755 -595 1093 82 223 676 -644 782 -799 -225 -613 524 565 -1038 233 725 58 -249 1484 -301 -88 1358 -222 -466 893 1038 136 127 655 690 1657 -1310 417 666 373 39 -97 -209 1124 -1443 433 659 -1322 184 129 -179 -703 -539 435 -887 -328 42 559 -379 1181 -295 -111 143 -910 206 845 1190 -476 -620 -1340 -443 1001 -158 816 205 233 -83 410 -931 -489 -125 562 -583 715 276 459 347 -788 -358 -131 -1540 1074 -229 -643 -473 379 400 -621 821 -705 766 -865 269 -477 672 1157 163 434 -365 781 152 287 1283 294 579 -990 52 -87 1113 585 406 304 1829 1212 13 88 305 -473 1031 1471 1108 409 -369 -717 -104 -1035 -332 -492 901 1378 -246 788 -898 246 462 190 187 -804 -1683 1178 -1464 419 166 -471 -1119 -1440 573 1919 -1310 -1024 -718 -130 684 1205 429 -1246 214 -537 1070 -1009 -359 -643 -128 322 -335 -243 2030 -901 882 -543 -1423 318 -327 355 -636 1067 842 -361 -90 -1129 -419 -92 -177 1528 771 228 -572 -327 -113 -1755 -742 -271 -1053 -924 -184 83 444 -496 -680 -402 196 -117 363 578 125 922 -851 631 728 104 -290 -155 721 -394 -400 -4 1366 -1062 -332 965 356 480 440 988 1381 79 439 -1468 -495 -284 -1332 -166 175 -1085 -168 608 45 -259 -535 -398 -1058 203 -8 1202 907 215 471 972 722 -922 -63 -18 655 -398 31 -640 420 -1177 1391 635 652 -367 -390 1537 -142 -1105 -115 -678 591 -480 -432 1388 -113 797 198 -477 -727 748 -182 -1966 480 320 -690 -112 -48 765 877 569 783 509 559 558 -962 965 -311 287 197 -1407 -17 -1612 242 756 -555 -179 -806 -1337 -1806 -1344 -547 -462 -146 569 -877 -517 -461 -308 831 -699 52 464 477 -772 1 -1366 488 687 -987 691 -4 -1047 615 732 -1076 900 -163 110 162 586 -153 1824 -595 -869 1170 386 -81 1822 -368 778 -1646 -1343 644 -990 -1720 -549 -245 -1109 -198 -567 -152 627 413 -810 344 -82 1066 175 370 -621 298 -1949 107 -215 305 329 7 1430 -135 885 1391 90 747 -868 
547 -118 -486 297 592 -697 902 -503 356 -306 -623 1290 -345 1184 153 309 -134 639 87 1274 231 606 593 673 144 -1249 1195 -1052 -584 -650 -108 -501 -1120 -872 -397 509 -1458 -180 -321 -841 -1045 68 779 -624 -986 1571 -71 -560 830 -137 -541 -695 232 208 -468 -170 -175 931 -237 911 -849 -1616 -405 158 -76 250 -250 -933 -2 1077 -111 -190 -392 498 17 -178 -391 659 -898 -710 -111 281 1904 614 -203 534 822 622 -1440 -795 385 -140 -544 -318 440 -288 147 662 -111 1078 -51 -509 -140 115 -275 580 57 999 -638 160 1734 -41 -984 146 -1196 -980 -264 424 -459 18 1060 -615 -416 -1 -2212 -59 564 -47 687 611 271 1690 -1154 1146 449 -30 -158 247 566 928 253 1780 -347 846 848 289 769 -1472 -504 -557 690 1250 491 224 157 362 581 234 1810 -660 1391 232 -945 92 -1254 -389 724 291 1119 245 197 -818 509 -1791 -116 223 358 1949 -519 -686 400 89 395 543 131 5 187 34 -649 708 -770 92 306 -283 381 272 724 1292 -322 317 -197 -216 -533 -64 -535 -495 -591 -280 -205 1699 -1480 -1202 -464 769 413 943 -892 -268 617 -425 -121 -36 522 -75 -425 757 702 -814 -750 1721 275 112 383 -358 -62 680 515 328 -238 180 -46 -578 -607 -85 857 -753 580 -891 -494 1618 830 1069 -928 -414 15 271 -685 -444 334 -1063 60 -201 -878 -947 -1105 -411 119 -282 -380 1132 -322 -604 -642 -465 -285 852 760 -574 -540 -343 -192 -120 -266 -116 -1273 -814 1480 -1663 -1341 92 422 273 -492 -447 169 778 1331 -100 -906 1476 1782 -125 1169 158 -689 730 -1747 -734 -1187 -1151 -792 -48 -86 -286 74 -250 500 985 237 1026 -279 840 -470 611 -416 171 505 444 309 915 -395 -1726 -251 1021 332 -390 -65 19 -1854 12 -387 -417 -376 944 2045 127 -1655 -50 -679 35 398 -777 -74 1160 -1254 -1095 -199 792 374 1184 799 -612 -672 -508 407 -1051 -717 1029 432 491 0 926 -505 388 -818 851 1307 152 259 1444 -494 -1271 14 278 433 -1212 -1399 115 12 -93 86 170 -336 -348 -533 -1213 -399 418 76 -1103 
20 154 -972 162 43 -214 890 567 608 -255 -249 -428 -152 -1143 230 574 275 -788 -374 -1095 1215 851 98 -535 -503 -831 367 871 230 -622 517 -2191 -881 1025 -1344 -1254 -1152 201 -759 1173 669 617 -509 -682 -492 11 432 -439 37 -352 422 418 187 -171 1294 -272 1054 -283 318 67 -265 808 -336 920 -607 -326 -1308 -1436 -393 258 -528 -464 119 1147 -554 76 495 -85 41 -292 -1201 248 -386 1108 -24 1905 -117 772 143 -766 637 108 94 -366 -462 -1237 297 -292 -613 1116 253 24 734 -517 924 54 -392 -458 -78 -348 257 880 -1209 105 -148 52 -1436 -672 796 817 251 -1421 -651 -276 392 684 -631 -797 1077 -1394 148 37 365 513 -789 -516 2 664 503 -600 167 1488 -492 -336 -552 -62 -474 196 -286 -315 120 410 -975 -162 -541 839 1660 301 -33 587 40 320 -190 274 215 586 -511 -593 -814 153 228 176 1123 -843 192 -101 -217 -253 134 546 721 238 1131 -477 -512 -1311 -268 176 1426 -379 -645 505 -347 10 270 434 399 120 -206 481 483 221 189 -726 314 674 498 773 333 -324 -581 -42 -650 704 184 -856 795 -54 -1762 -6 -497 -57 1175 -722 325 -744 -320 752 -301 -828 -660 -1108 -704 700 -298 191 -291 -413 409 834 501 1192 474 -122 501 -1025 298 -310 -5 -1010 901 -536 200 -340 584 -159 -439 1270 -473 -715 801 635 -299 -572 442 1037 998 125 -676 -1234 -575 895 795 -205 207 -734 658 845 -325 -159 -1180 -1441 -514 -777 120 -659 -45 -661 -262 309 1221 -613 -709 823 481 -276 1236 141 -210 154 -216 691 721 -879 330 813 210 595 219 -1297 95 384 -679 84 -1338 -762 -1295 546 460 -20 470 -463 372 -388 208 -80 526 173 -120 87 -630 -233 601 146 -1619 -190 598 338 -11 -538 869 -889 686 251 -273 1364 -1580 -397 -32 532 -245 803 -758 342 -409 -600 424 -291 -63 -672 -97 -29 -334 -48 75 -497 -464 370 1431 -1283 49 -513 -34 -189 127 -690 254 -570 -677 566 610 1362 40 -125 727 -2 403 -219 1196 290 -701 -114 324 -59 -215 474 72 153 593 -749 
-851 -252 245 -390 -860 675 -951 1315 740 223 -17 304 803 30 -814 404 640 41 553 120 -652 -820 -707 -28 -158 -1048 -1481 -83 -443 -68 823 251 126 626 312 1626 -688 -624 193 633 194 748 29 -43 600 -383 124 255 -728 911 207 1124 -142 -367 -620 -1053 284 437 89 438 -337 -60 1139 1239 -323 0 195 -646 -1695 -204 420 -250 791 540 1254 520 -76 -516 -1273 -1344 -796 1371 -1143 257 727 -1421 212 873 -110 -524 -252 -721 268 -365 915 -729 -447 -1427 465 158 166 625 21 -548 34 109 1579 -512 349 -293 1392 -1239 284 380 -1189 -1188 -1938 -361 37 -1165 231 96 113 -629 498 1000 -367 664 -624 -301 250 230 -1779 1333 -967 -159 94 666 -707 -426 629 -739 513 -229 488 908 -797 -318 243 -1428 -672 -298 724 1243 -118 -1121 -711 37 1014 233 710 1223 1097 595 448 355 640 -421 -298 619 -275 743 159 -1226 -529 267 -1502 52 96 -135 826 -1214 1466 266 596 -918 -843 486 525 -484 -794 532 -666 488 -676 743 205 -141 -224 -89 -625 -570 -699 306 525 151 -563 471 704 -887 513 -177 -305 742 -451 264 -251 1103 -113 -439 252 -1264 198 209 1707 584 1082 -171 -464 -7 -110 -3 8 -763 -697 -1496 -6 -1086 -723 -23 -1098 -619 -1472 -497 999 652 -84 578 -551 -49 -719 299 751 279 26 693 -531 1204 -1900 1064 311 869 644 181 434 488 309 937 336 -279 616 -1311 440 -787 -2373 -698 498 -1515 149 459 206 -1218 -531 -477 -1004 222 -212 -118 648 687 -328 988 93 187 -197 21 -741 1114 -889 333 -480 601 -744 184 22 466 -1257 576 152 503 378 519 -783 362 694 -497 -47 470 -28 218 -501 -137 -1004 -951 -640 -5 642 -443 14 -277 863 384 879 -950 176 43 890 945 285 -272 -964 765 -1615 -211 -35 809 -248 -900 619 358 -181 -714 816 -57 -354 307 -638 -41 128 -534 -212 375 568 2043 17 523 -924 -1171 98 -945 -252 959 -292 -660 -181 122 -1251 10 -1194 319 610 -552 35 -763 1145 -477 719 554 182 -532 -209 263 217 -907 -334 586 -1384 -498 -519 1157 
520 -595 106 -997 19 -376 -226 -319 348 -650 -172 -429 1356 28 555 -310 501 909 -1094 578 553 -1251 -118 340 193 -384 -821 -75 -1327 -116 -14 -454 23 -369 722 538 1243 431 168 -676 -1292 -478 49 -477 598 -62 348 -100 -796 -777 685 1033 653 851 374 -239 -1005 15 -179 60 -439 -902 -522 1459 -1007 -1411 83 -1120 -31 68 121 1433 -68 -423 -442 202 -938 32 -884 625 -47 -694 1716 1175 -122 -1161 799 -120 -99 -779 604 86 -588 -310 -269 51 -150 542 530 235 -369 -1285 -280 109 638 -1064 -632 1233 -553 364 -718 -1570 984 -1388 -616 -646 -19 247 -759 -132 829 155 -1192 -1215 -842 393 1195 142 304 -502 -245 1239 -336 321 1582 29 -1375 -43 962 59 85 -667 1128 88 -837 579 -514 407 565 -262 -112 760 -31 -677 445 -859 734 771 1016 610 -366 900 281 -1291 -541 -188 -617 -161 -24 -8 -768 -896 -332 488 -1373 -325 -994 1451 974 -1025 786 -835 -291 638 259 -395 74 997 -66 161 429 -195 849 1355 -31 452 -469 727 -1662 1193 -389 -345 -324 224 8 -291 -520 -182 -169 503 122 -153 298 1323 -44 -839 -308 -1563 1479 -656 155 398 1201 -695 812 -226 393 -913 -501 1167 -253 1262 1368 615 -707 790 748 72 75 -1157 -713 -788 -644 1114 311 -848 1032 829 378 -33 53 -904 -1102 -650 -1378 -292 -102 971 694 733 -428 -2 410 667 -295 -473 -1250 -1813 953 -179 621 819 -726 450 677 486 -152 1282 859 750 -54 329 336 1572 -570 1062 -337 -107 608 -622 -77 -365 -286 -1616 -188 -984 1390 -44 -830 526 1251 -555 -482 -952 -1386 124 -359 534 -362 -213 55 -248 -424 265 -1712 529 283 1323 -608 513 283 1236 -830 10 -368 950 264 438 913 1165 990 506 870 -145 1384 3 -614 -1108 -197 226 388 1875 1435 -1288 -987 654 -413 -666 307 1443 429 -20 242 -694 -305 -648 387 -22 -22 454 388 -748 -669 399 957 1473 536 1020 -1159 227 -107 -160 -1756 -524 146 66 -276 -931 -467 662 -757 -798 430 -262 -196 1002 993 749 2218 330 194 101 773 -1043 584 -1937 127 -859 -551 -556 
570 -608 -971 -201 145 -711 531 867 516 -912 -1665 -399 683 817 -229 -1221 1085 -914 -1334 -903 1241 6 57 -775 -430 -1268 -359 -408 -892 -475 -486 335 10 -798 -725 539 -373 -427 966 -932 962 -144 1638 686 -695 -1306 -203 -35 1194 -812 187 -1353 1677 431 -281 326 -725 576 -861 494 -280 -270 -481 -420 -266 996 565 215 244 -474 152 317 662 234 375 -577 2546 -171 1635 129 228 907 -336 161 635 1027 1502 728 -469 76 -195 -826 -70 -1215 -467 293 805 -182 -450 -165 -600 -787 63 105 472 416 595 -214 -748 243 478 1026 -499 -588 1610 -358 867 193 -1091 -669 456 219 -397 -832 -68 304 21 -446 452 67 -365 401 -618 472 -107 -54 79 710 -1048 552 -504 1816 -634 -1204 -445 -72 740 98 -250 5 -37 122 65 253 72 -307 -94 -1292 -1232 577 1168 -1383 560 -1926 1505 203 -439 -280 -397 -17 725 -2332 3 -607 51 -11 46 164 176 1092 186 468 53 -646 -1347 -306 891 -1121 1272 -527 603 731 30 829 -437 1332 1228 515 -522 -335 -345 1510 276 340 544 389 1364 -533 -416 514 419 626 183 369 -907 -741 764 336 -37 1088 458 -596 -606 -488 -129 -195 -305 547 1126 -934 41 -974 -400 1331 -253 378 192 -96 -774 -1057 302 607 373 81 901 263 -1087 1873 -397 -236 1163 523 -227 -965 -865 133 17 -203 565 -333 -75 -731 -1035 291 787 -730 36 -332 797 132 -590 406 -312 -450 434 -1975 240 -938 139 646 146 -1580 702 338 176 -460 -1136 -422 -1754 -381 1108 310 -554 1364 -108 -1526 139 -51 -302 419 -103 -178 826 -1184 -727 -853 -361 -176 235 728 472 110 -426 769 111 528 201 322 1207 201 450 -790 -796 351 -1058 -297 -669 -135 110 -211 60 871 912 -172 -84 -492 -1711 -1141 30 30 527 -359 -384 -891 543 527 132 482 -396 327 130 -433 611 -1080 201 -485 -177 -2088 268 666 178 -666 284 -673 1391 -43 -1180 -787 -1530 -172 -1115 791 -848 -860 938 -315 -36 819 -203 217 -759 28 223 307 -572 1337 -411 158 801 -371 828 -640 -928 995 507 -1278 -874 -130 -1574 669 
308 -1461 265 -1077 -871 284 469 -111 780 -385 -301 974 -735 -28 452 -457 307 263 161 332 -734 226 -390 111 301 -1112 361 -977 790 -1247 -125 482 -419 153 -8 -1185 -174 -572 -1463 -126 208 -1323 250 723 523 -615 717 -154 626 -812 4 73 -1069 -1309 -197 857 784 -957 -1009 124 -817 726 904 236 744 250 -1641 153 19 1243 388 409 165 371 -1322 635 -240 -209 -630 -576 -305 272 -26 267 -1201 -1256 602 1991 758 172 526 -100 726 44 669 821 -52 -441 -801 182 -568 892 748 -473 449 373 1591 -1127 1157 509 292 -287 256 261 1072 -984 135 288 50 -134 -1341 -1311 -325 1074 821 261 -133 -680 -151 -1115 1306 -443 -1197 -946 609 -1694 554 -883 -217 -1184 810 478 1175 -58 756 -492 291 -364 815 185 -257 -60 816 449 -581 -520 549 881 -269 132 1080 552 258 1046 157 -902 118 21 231 -1238 -976 746 -215 516 -154 859 -754 -880 -457 300 -1014 596 1061 -582 446 -1023 179 -81 -424 -1084 573 1090 -1142 260 324 -508 -1214 -917 -659 -129 920 -613 -1349 591 524 1257 -29 -1008 -219 37 711 184 1227 -446 910 749 1576 407 -1056 -6 -518 278 -692 -328 -785 -774 -625 -493 -252 -533 696 -585 510 -959 324 -871 -1601 -795 -761 -35 -493 460 -271 279 97 -556 -996 1047 -728 -1128 220 -205 -406 -151 58 157 -290 -713 802 703 -1096 -1189 -107 -469 -267 1099 877 929 -509 -259 -1189 1064 647 1063 -125 -697 -382 -1535 -498 -1383 -340 -1006 -243 -380 -81 1109 18 835 647 196 340 102 -409 227 -801 708 1534 -697 -60 -535 207 456 1231 474 -861 -598 654 2384 2080 -1519 -110 406 -1032 826 614 -756 -217 -507 613 -399 -785 529 799 -1820 593 668 540 -793 -1348 -233 -353 -890 173 616 1060 -351 -827 -108 -354 -719 -1467 443 -104 -879 255 850 -1029 -1707 1775 -255 935 -604 897 105 520 -406 -1538 152 427 -934 135 1487 571 -551 -505 -808 91 -569 117 748 926 1091 32 -748 590 -392 65 -2149 51 -645 -42 478 448 -538 -396 -12 492 -311 108 179 -1117 577 826 1128 -179 304 874 178 -601 372 
1248 -127 54 956 999 -476 577 315 409 -485 316 -1127 -124 514 388 347 -735 -1264 -703 -715 -755 -828 44 -237 -487 317 -357 -941 -81 -727 -30 -395 339 290 -226 650 -317 286 406 579 1085 812 -1690 203 -170 117 976 394 -797 -665 -280 -461 452 433 1122 -520 -95 812 -1 709 -2 -667 1264 898 -1166 874 2087 -106 1483 -1687 368 685 -870 -346 239 50 -362 -205 19 -179 -491 129 516 2769 533 580 -178 -115 106 -643 53 -223 -283 216 446 -680 720 786 893 -1327 -538 -576 206 -72 1634 681 582 761 684 -1000 146 572 455 545 139 -294 573 480 -460 -400 637 214 462 1407 616 4 532 -102 -1007 -83 417 -93 -72 -1085 93 -153 1236 -940 -533 -58 1777 244 -67 -337 -874 193 -340 433 895 -77 -1017 -1036 -1460 -395 -306 -1523 -142 243 -575 -439 -139 510 468 766 -1528 -849 -1073 -826 -728 -537 723 -809 -1081 314 394 318 -2001 -258 849 805 -598 -225 -261 1082 132 -185 1008 1237 14 -1266 1210 276 -458 755 371 -60 -768 487 -1011 -57 -1082 -291 1623 -261 -13 51 805 -1555 573 -613 -721 -507 -189 -515 -845 -671 -165 -605 -964 399 1577 874 -475 1459 808 1932 73 -246 548 285 229 628 438 534 -445 -900 615 430 546 -1173 66 856 -387 -1039 -229 -397 159 -12 -604 193 678 329 -53 -901 -631 -383 108 85 262 404 -633 633 -413 -270 -1085 252 -245 -203 -201 -416 -126 -197 -815 347 -836 -370 -460 -1034 -519 1936 877 1073 -124 -1669 1270 342 -488 212 2316 204 -660 -194 -346 -1461 -166 -865 -1053 234 787 -297 92 60 -623 339 193 478 640 1191 472 -66 -741 -232 213 -707 -1193 424 -156 -291 -216 -714 158 174 47 -464 -67 -889 -452 -138 332 -1441 1173 744 -1254 -76 1145 -1046 -1035 195 -55 -104 215 -167 -1095 -715 7 120 -505 163 -1102 -8 -457 794 398 -795 1046 564 -1287 1171 -497 159 -1057 572 -1405 -1577 1303 702 -31 781 -652 304 1043 -947 1127 -462 -560 -273 -579 690 -947 134 313 -1110 -238 211 1119 530 -708 166 -1905 282 946 -587 -350 1443 -18 373 497 -1246 -148 -21 
55 425 102 -723 -1295 49 -529 -659 228 -1089 -280 -272 -504 521 1530 796 137 -1314 -1560 1106 -867 574 -611 1098 1291 248 -248 566 -204 435 1715 1040 541 -147 523 -959 -705 -354 71 205 -290 -428 339 -724 340 -788 169 777 1539 695 -136 86 -496 -130 988 105 -613 -669 -171 -161 1623 49 16 -1037 -644 46 -619 -141 926 39 -733 -1047 992 780 -648 114 -96 136 402 -182 -207 243 1067 -189 1042 771 -349 -212 -512 -525 -489 -755 -1054 -752 -438 -341 766 -1148 -1331 -336 -252 106 1571 -947 152 -660 -6 2011 969 955 848 -214 -437 1404 720 -910 -138 -2237 -614 619 398 1023 131 628 659 1549 -235 -448 379 -368 -1152 -868 1165 -165 8 608 159 1560 -841 55 1394 -1353 -592 841 615 145 -839 -189 313 -1146 747 -822 -69 -149 299 488 716 410 996 349 -1169 1257 -358 437 -356 990 16 1216 -756 429 1496 886 748 -104 829 -839 691 -545 1047 1140 157 621 944 -281 570 -163 363 -209 889 -383 -998 -268 1345 126 313 -11 933 718 2455 -1674 252 1099 -1702 -283 1025 42 567 -602 -128 656 926 118 -62 65 463 -695 615 227 -405 1043 -243 -410 709 -335 807 1063 457 -1252 171 -231 145 -543 102 649 -1184 793 -867 -1327 222 -641 -26 484 -335 314 234 1298 -130 720 -911 -1084 857 1045 272 -1389 -1299 959 -403 154 -932 -502 217 657 243 -175 -293 -220 485 286 702 -1204 -145 -1222 -18 -1087 -375 -471 468 -392 -451 -1439 -833 -54 -93 456 118 447 794 166 -807 1540 -374 474 -1129 -79 163 -188 670 -253 360 -298 412 -254 549 180 459 46 762 -383 487 -93 -573 493 -772 -360 1239 148 521 -1083 1319 487 1074 648 -141 382 172 -1282 -756 309 -426 911 162 -40 652 -329 -434 -668 615 -1809 1607 96 1667 1546 -1084 -806 69 1446 190 -613 -1410 107 871 906 -150 -1163 938 -624 458 -579 1295 439 -367 -1928 -269 86 972 -67 328 -888 -565 -678 502 -808 -1244 98 1633 919 678 -478 918 -119 -473 -674 161 -580 -942 -599 187 151 909 -11 939 -170 -908 -488 -805 -192 -333 -631 -454 48 
-1314 -239 -169 669 333 -384 -26 -370 951 -308 -1248 368 1391 -437 258 919 134 417 -191 -162 -126 -283 1247 746 378 -490 -801 -99 -577 412 -430 -295 -1391 44 949 -981 1506 649 -446 -547 113 825 -59 11 520 -1228 955 -651 -170 1007 -339 87 693 -394 85 -555 216 -491 1064 -863 73 471 74 -310 754 588 1375 -235 -158 384 -634 796 -1322 683 -72 -1167 -241 -514 245 117 92 515 533 -1261 -657 -241 -1296 -1580 -319 65 1012 515 -123 -154 -610 -69 144 1504 -1710 279 822 297 792 -88 557 357 -1752 -156 -235 225 229 201 -312 606 1175 625 -196 197 -202 407 -42 333 1787 1557 587 714 116 716 -136 1016 581 -1405 103 -589 1140 -217 -659 342 150 196 1133 -711 573 614 561 1419 -638 607 -133 -1135 714 -283 -211 -644 877 -115 -555 981 -358 -1435 -125 603 442 -19 -303 320 1865 914 -89 896 972 1071 58 672 0 400 -1440 -959 -388 -429 -274 202 459 103 -846 596 237 462 -1097 1748 827 105 565 -269 -950 -1238 1504 122 -405 504 -633 -140 -145 547 655 -432 -15 177 1668 255 -1372 -353 -549 -1942 1004 -817 -990 97 -114 -218 30 82 -633 140 -1061 1553 1656 -210 303 124 1156 309 655 52 -515 -251 609 268 -320 930 654 569 -232 1748 228 51 -843 412 1449 -531 -1008 -302 -910 240 -804 857 517 -235 191 -601 -1265 -88 201 920 -1537 615 -2041 -761 593 -66 123 -355 -666 -551 236 -874 1051 -794 -429 -15 -1493 -16 785 163 -574 293 194 -221 203 -313 -494 652 40 699 -681 -429 766 935 -1321 792 -109 -1421 530 -361 158 1129 -1800 684 -2503 -38 223 -1160 -1085 202 -376 144 36 -163 -275 30 -204 291 657 -447 475 -163 242 1197 1492 686 158 502 -678 1348 -1637 -60 -788 -246 -285 -71 -19 314 380 385 255 254 263 220 1 497 -261 -270 706 -463 217 558 -129 -741 -906 1291 -188 -52 -320 -1163 956 1063 292 411 -797 1201 -1674 224 -351 -482 -745 -530 108 -769 1084 838 -479 531 1179 179 525 494 -1043 717 814 -570 -185 -858 459 -310 -677 425 505 -43 313 2054 
-800 116 -728 -130 -705 -432 -474 -41 -351 36 -486 1430 757 -857 -42 1272 -1990 1001 246 415 -1098 183 654 -2 -774 1146 107 16 127 -496 -982 741 1168 -639 -1136 -38 -67 -189 -371 103 1014 -1122 630 1645 632 -10 -959 -1556 -766 -364 -18 292 -542 314 -311 54 -972 -2108 53 -1246 -122 -1587 -720 552 -1507 1103 -418 223 716 1427 -151 -618 503 431 801 110 931 -733 477 -388 1820 471 739 1406 -1834 -357 -885 520 1121 229 -243 550 313 345 -21 259 1117 -232 723 717 -555 -425 255 -700 498 140 663 562 -1941 -284 292 -539 -1264 1078 -109 -430 560 -161 217 -415 821 -469 155 -1201 -763 -541 -1018 -324 -202 -501 1297 543 1401 222 514 963 1293 -93 496 589 -1570 207 1592 -249 -603 -367 -116 -811 364 -431 15 -333 210 -120 8 137 -928 -75 -1202 103 -1301 126 -515 -1025 -162 -390 -767 -827 -53 74 538 467 -90 -630 1391 601 70 976 -535 2252 972 459 196 -422 282 -612 1516 -241 1197 -534 -1400 475 -46 -4 -356 -595 646 -471 154 -925 405 147 -325 1318 -862 -601 -469 840 1078 207 -1355 900 -89 -619 -224 -41 -2080 -812 -132 -585 -19 -1362 -300 -53 -814 905 749 -108 200 -110 -839 975 114 -303 -1163 1594 -254 98 371 257 -709 -275 -791 815 -1214 312 -144 -1279 139 -143 406 -909 -239 498 -450 -927 817 1312 894 1100 -497 -838 -1086 -280 154 856 1204 -33 -576 -129 -104 1171 -213 119 127 44 -660 177 -1097 -317 1596 595 -774 -16 340 -573 1735 111 1869 1609 416 -546 -134 -624 -1157 158 -158 -503 962 308 189 -1608 137 233 -642 128 -389 -618 -33 252 -294 -1056 -539 -739 -1369 156 -1329 786 790 -54 -1178 -534 73 -407 -234 262 208 -764 1453 -868 -36 -197 222 -18 -53 -27 -87 -261 14 1246 76 259 174 459 -1869 1094 -510 -179 217 -222 -740 1543 -1089 -1247 -476 729 -847 775 246 -1116 -502 -63 1270 -484 -32 -850 667 -14 -98 -442 1481 -912 -1059 1370 663 -1637 715 -844 -470 269 -19 -185 -268 -1196 236 -208 298 -478 452 -851 553 1012 -93 -389 1379 -1290 -760 247 -224 -1093 
-284 978 -239 294 257 -1170 -120 889 646 13 -640 433 1196 -1781 -710 -168 653 -277 -904 -697 -342 -24 -586 433 -1208 387 367 -39 -775 441 -873 1125 714 1261 216 -393 -728 -622 879 -1339 -97 29 -700 -61 -105 73 663 -115 501 83 177 -436 867 -869 545 -847 -746 -123 155 -1101 -172 431 239 -713 -570 294 -344 -400 -1718 37 -717 42 -824 830 1304 154 30 -463 1143 -473 573 -147 -303 -237 320 1596 288 -307 351 -944 1549 822 528 639 -610 -1048 910 -597 -263 469 386 899 92 -491 -135 -585 444 -949 1439 -174 1398 340 679 624 -141 -1414 -1315 -863 -361 654 281 -508 490 -829 673 -350 -226 -933 -1220 -487 100 -57 -132 85 -1023 1666 -599 -368 -256 -435 387 -15 -378 -439 -609 552 -566 -593 -135 -46 424 1346 -185 -902 1036 -157 698 1040 -1213 75 -1259 961 1283 -1088 -797 -655 530 -67 -1583 -530 -34 -54 -747 -921 198 139 -905 -137 -1579 -468 -134 1464 101 584 -499 -1632 14 710 -953 -714 1374 54 -216 187 -101 -367 -300 -487 -639 -979 -193 78 -1166 603 -209 1003 149 1806 -678 -95 -594 -330 778 1535 944 -276 639 256 -464 1487 -86 485 -359 861 236 1214 -361 -16 -485 509 -355 -522 23 227 171 688 1206 1003 -128 -847 381 -1149 434 -652 52 683 819 163 676 -197 -80 -527 764 -41 -562 -200 -138 818 -389 223 -344 64 -539 225 1208 -183 -402 -97 -444 -100 1774 -844 -365 -113 -1251 -736 131 408 -1121 1806 100 -41 -101 652 846 -91 -47 163 -295 -263 -2023 -412 -818 175 626 -763 11 1120 435 -129 463 197 88 66 -156 -877 -1196 1650 747 -1190 224 668 -965 -374 1318 -89 547 -27 62 1006 -1405 -42 257 -490 241 -587 712 -1106 34 1288 -295 -279 714 -256 -795 -294 -1358 -14 410 -749 -199 1151 -672 -120 0 384 -100 -161 419 324 447 -56 -39 965 860 387 52 438 -715 -1115 -1300 1156 826 554 -78 407 -261 -897 -1413 92 664 -396 962 550 -119 87 1062 171 -306 1237 -200 1339 -530 -85 -539 -175 330 369 169 -114 -638 1821 -991 -385 -523 -9 -1333 -163 874 1813 
-159 1186 482 -1430 520 -521 -506 -1100 -523 -382 -1504 103 -371 -597 339 810 247 166 -12 -976 179 -1696 -382 -493 -181 -979 65 -282 313 -1529 -108 -194 316 265 -237 -298 765 324 820 1280 -143 -1243 255 1005 778 -21 757 -264 -1162 -1768 958 -130 -378 0 892 462 -1749 -361 72 -606 -909 -575 603 -325 717 -823 55 1466 -790 322 -119 1612 -361 -377 869 -38 -269 80 -330 1590 -103 -789 -820 -630 -460 -626 -922 564 -748 137 623 -198 450 -601 465 969 -122 438 -391 55 808 -510 -888 -717 -1271 -935 -141 -931 896 -1022 119 -566 -288 -840 -93 796 -202 1194 -340 504 880 -1254 -780 676 -829 1149 873 -184 774 611 -339 223 -910 -1809 1047 143 158 117 558 -707 558 -1447 955 -941 778 -1161 -70 -500 632 -838 -310 -651 458 137 515 1048 -224 -317 924 992 79 -1312 -3 -459 1058 380 406 1218 -215 -330 -415 856 11 -517 792 962 -39 -797 1384 168 -576 -237 821 -721 903 -504 -276 -304 62 351 2023 1211 -969 1504 50 -17 -997 1539 2 624 -2 189 -130 -733 -229 16 -246 503 -156 507 -86 588 -972 72 -376 -1020 -523 -579 -1292 417 -148 698 -1461 -444 -407 -1189 -79 532 -267 -1204 750 -1408 -238 609 1711 265 217 -950 -559 -405 -300 -117 -1026 805 147 -154 402 457 -938 215 -168 777 521 142 -749 -1518 -7 860 703 -1453 364 128 -452 340 1155 566 -601 476 400 -674 770 127 266 -1046 330 -412 -598 252 788 383 -628 -1242 -78 -1525 253 -43 -1077 987 589 543 127 -916 -459 -210 1070 -1356 1402 -553 -796 197 1526 136 139 -297 214 -586 -602 -189 621 339 -916 -483 509 -824 527 -1632 -585 409 619 156 95 134 -10 -717 1315 506 -1429 -349 -1519 -781 396 -1245 110 -350 1318 796 166 -82 1351 562 410 95 66 22 397 -476 366 -59 377 1070 -1200 565 241 972 1997 -74 -1130 -878 532 -1452 381 -221 -186 -982 -380 -50 -366 153 653 -853 -140 541 930 403 -955 -910 338 -793 510 -1776 -744 -103 72 -147 -1039 321 878 165 -85 122 1218 -284 1613 -211 -14 -25 -543 -269 -307 -697 
-434 149 -609 416 117 800 -266 -257 111 -888 -687 -678 155 -423 -221 -679 -424 418 951 1077 1492 -100 -845 -1062 -158 1067 270 -40 929 -1968 649 415 1014 219 -747 -264 -917 632 -1484 -436 860 430 -1265 -249 -63 147 365 286 -795 -828 884 859 -740 -1602 921 102 539 1610 -493 1423 -1001 370 -585 -87 -602 598 -420 459 -355 1664 865 902 117 1215 -447 -1333 -2615 -415 -159 517 149 599 -142 -1283 -545 337 -1449 288 -235 -1058 238 -641 -808 -286 457 -652 344 111 -110 1001 -1102 -297 346 1328 554 471 -485 -864 1223 -350 302 1045 692 -672 668 -476 -1145 669 1388 -601 -434 127 456 421 -26 570 -869 984 788 45 688 -8 1786 72 159 -62 -1001 -1209 -54 255 946 -801 707 -400 15 1157 610 386 -502 751 521 -570 -508 -763 18 -712 577 -752 48 48 -152 -2228 390 -448 -84 -1338 811 622 -881 -919 316 61 309 739 817 -717 1138 951 -1357 -826 -161 333 681 -567 541 365 667 -41 -88 8 1643 -323 919 495 77 995 -1355 725 3 -1576 138 -630 21 -477 -1262 108 446 586 -503 702 -421 -30 824 114 455 1090 -140 647 1235 208 234 555 363 -188 191 162 319 -569 536 1092 -1099 139 549 -1500 608 -140 1321 145 480 -361 -864 640 125 -12 1027 -1097 548 1659 315 1296 -462 -649 -107 -420 -530 -867 -331 1939 -1476 1278 801 -876 -474 531 734 -362 1896 261 -649 300 111 -174 415 812 26 -1109 404 -521 249 525 -322 -564 524 336 742 63 -523 -984 1311 59 2069 -1133 301 684 227 -112 189 -723 -50 133 918 953 -369 -117 -842 -162 -62 -167 -41 -492 47 -412 -806 -293 937 -464 -398 106 -1883 190 -424 724 -121 -408 324 -284 -1451 109 343 402 -388 -910 762 14 -503 -48 593 -310 342 -807 -1525 -1223 -492 1449 801 -112 -966 -124 -878 -392 -395 155 -375 884 331 126 444 520 819 -905 256 -244 305 470 -45 -656 -2002 412 -320 956 681 -1711 -886 -2268 -678 -7 391 -164 -633 580 -880 -216 -400 -184 314 -304 -1369 -414 949 -890 -820 176 -348 658 993 1457 -811 -190 1188 103 
484 -986 -668 1500 -277 82 -16 -644 -651 906 1023 -163 649 31 54 3 -1148 -22 -1033 322 235 372 1456 60 495 585 -1354 576 582 568 -781 -200 -7 -128 -1006 558 -764 -288 2217 -274 -775 -209 1054 51 119 177 -246 -250 1718 446 735 -867 -72 656 50 1030 -1271 -554 623 -1739 -43 1455 -991 -969 -91 -263 411 -842 502 335 975 -1209 976 -669 633 -879 553 543 -1104 779 -217 334 -368 -603 665 -1064 404 -493 -1301 199 660 739 691 1383 528 102 -156 -91 1094 -279 382 -435 -645 -668 -1039 132 -492 687 -114 194 180 -16 -201 -1392 96 -190 229 -624 152 -114 -18 604 -1371 -807 94 -1354 -1510 -110 -21 -1164 -262 -735 28 874 -808 -67 -451 -274 195 734 580 53 179 991 -239 -1050 446 87 -378 321 -23 1055 1388 -890 668 -1153 259 1045 1275 -369 302 45 -88 469 356 -628 -66 -1407 -788 -368 -1145 167 290 -1176 -777 1595 662 -859 -192 -695 900 -524 -428 640 876 598 60 -910 -81 -695 -706 869 -349 302 723 -1234 559 734 -475 1229 -812 -212 436 84 952 -764 -1045 971 -378 -860 -1247 587 -1233 4 43 -1074 -769 205 -783 -871 1346 -369 -1215 1271 514 -810 5 -279 292 1001 198 270 397 -95 660 -513 -1207 -671 -133 196 148 -645 -508 -354 10 214 -258 -582 -576 -965 -182 205 962 1439 -88 -575 -933 -277 -723 -27 478 -89 -827 -264 -716 71 -967 -1758 425 -516 -217 302 -168 718 632 -457 -200 1515 345 -669 -412 -21 -524 -649 683 259 -378 535 -25 479 379 12 -352 -170 -4 -1139 -651 -640 -1261 -407 352 -682 -409 -418 649 655 637 -304 418 225 503 959 1254 351 203 321 165 -1020 722 -149 148 -10 -183 -401 83 -273 -97 136 699 77 1106 427 -363 598 194 -509 807 -118 0 1065 380 -590 713 -48 -1175 -1167 306 -291 -266 114 -1312 689 584 -1565 139 185 -874 1626 -485 253 -798 -267 74 -473 -337 156 -668 408 -396 -851 -809 1671 -165 267 961 870 -930 593 141 27 -1150 602 -555 25 854 527 -42 -185 592 2236 -93 89 229 311 247 59 2413 417 386 110 
49 -383 -355 -323 142 94 81 1009 -1095 119 333 -398 457 -848 -1048 -1592 -16 1311 1211 -1412 -563 1048 -752 282 1438 -565 267 255 1084 -390 95 392 -672 1207 1265 47 18 -1156 -1070 -109 1088 -167 -982 -823 -1092 505 -151 -720 -195 -561 -496 -483 -1144 232 -638 -1138 1086 923 -670 283 -238 -1269 582 185 -976 -489 1216 -60 -546 547 287 779 -472 -31 -498 945 864 2270 541 -177 728 -873 -1619 -234 355 89 -2132 83 -103 926 1497 902 486 -72 760 -222 972 312 -25 787 -184 -751 -1040 390 -312 249 -141 -707 -608 -122 363 300 -580 -305 -415 -449 122 -891 -12 -341 280 684 742 2172 475 -491 795 -165 -575 -300 -962 -1278 -55 -1480 -861 608 -168 158 29 -377 880 -745 -122 324 186 -204 236 148 -69 -62 -401 -1550 -380 606 -221 333 -119 -196 -600 -1439 -670 1563 -69 -739 25 797 792 -216 -343 -39 778 589 1585 -736 -1054 752 805 -865 657 -1596 -744 112 373 -311 66 812 1329 -297 -1294 -20 -587 296 -895 -24 -617 381 164 -255 779 -1149 -142 1184 -44 -984 319 1353 -838 461 -96 -899 -1290 1322 -556 225 439 645 -1790 611 -1587 9 397 144 295 413 81 -66 -928 739 -440 614 375 -156 66 246 -195 -2618 -691 682 -480 107 1105 690 -21 -648 -22 -131 -479 -258 -367 -412 -167 -241 -241 -483 -351 254 218 -173 -286 -1709 58 -1109 633 -179 40 1137 1046 784 -254 263 1426 -410 9 818 -280 329 1266 -1046 256 670 -712 277 -866 -186 1156 174 497 -181 365 -652 112 140 477 487 -357 881 245 518 133 -874 -458 223 -62 1108 1334 -259 -49 -67 -38 682 227 43 885 -632 -592 583 -556 -79 1689 1114 -410 735 -1628 1047 -279 331 -1023 439 -225 280 -65 532 -549 1525 191 301 274 441 -630 -160 -875 637 -286 162 126 526 1342 231 -462 46 133 -117 519 111 -660 332 -619 175 13 -67 -1301 -393 -393 -301 -296 -345 -1360 955 143 137 73 260 763 -370 -150 165 1622 348 -65 -793 260 212 600 506 -157 -250 -21 -1026 -348 560 -636 101 281 52 582 2193 -449 285 652 -1178 
-149 765 717 527 -116 74 1078 -1155 -35 -610 619 602 -1068 -1478 1171 -413 784 704 -1567 451 -1361 355 -938 185 -583 -469 -1865 119 -1432 -154 174 -423 -1239 -1080 -1417 544 411 -20 -241 -70 610 -474 -229 -658 -1087 524 820 -70 -924 -1690 787 -866 -971 313 -525 59 1409 -2002 -117 -165 396 -200 471 -108 -1268 -1230 -350 -602 144 622 1649 -1162 144 -1181 712 295 264 -453 -989 574 -366 112 691 1019 1148 -72 -32 -631 477 -1400 491 -684 190 -674 -70 -1255 125 1143 -892 -309 -623 1062 -264 121 -1099 1017 670 -935 444 409 329 -447 -17 -1142 -758 -1161 917 714 1400 16 -458 379 676 4 -1286 183 514 1221 -1609 -66 -563 945 157 -919 -81 -254 -302 1839 627 260 -844 -911 482 -342 -120 1404 -164 831 -626 -188 -245 -761 8 944 -649 702 154 516 510 665 -1216 -605 -1635 -317 642 286 190 582 100 1032 -371 366 -629 -313 -1002 1093 467 -366 -759 -607 796 227 271 310 434 -43 93 227 900 8 -689 -490 367 -17 1165 1308 -6 -39 458 881 -77 229 837 745 1874 85 -219 -411 -486 372 1569 352 71 1277 382 134 -61 118 710 475 -303 -49 1002 -962 -548 1000 382 598 -792 -140 -827 -367 -1068 742 -235 1234 683 -1099 167 658 380 115 -766 750 -277 -598 1011 -131 760 -945 -517 380 737 268 -510 -231 1026 616 -1901 34 -588 246 211 -271 157 506 662 898 -507 48 559 155 -388 257 446 -1263 -739 1570 557 124 97 130 214 838 101 587 -661 -407 1009 -898 -30 -495 1479 -667 -1852 -140 233 -382 -171 805 607 -447 -1302 -702 -259 207 364 -785 -570 249 -1001 -214 86 -1452 -866 860 -769 525 61 1152 589 -9 1 966 701 -148 -655 1863 289 1112 -1115 -81 644 -68 -551 -162 787 388 -188 -544 237 -558 274 -48 212 194 205 -1080 -512 695 204 -1550 -1103 240 532 1544 646 44 1302 -852 572 1415 143 1369 -434 -156 1363 -202 -338 321 797 -542 -47 -970 -411 -272 -15 -1149 -1768 359 -536 624 581 -64 -966 -1014 -1035 521 432 -928 -1254 83 210 -507 579 634 1098 116 862 -610 
439 301 -522 -319 36 -373 -195 184 -670 713 -145 -544 1411 609 -546 -854 236 -886 455 1247 -1774 234 -609 -69 595 -641 -15 -292 333 941 -741 1509 368 -525 -376 172 827 -1053 235 -250 313 145 1562 -745 -703 438 -929 -363 -396 -960 -540 333 -143 -430 1503 -200 218 465 -6 2 -462 -686 559 -304 -539 170 393 -774 1287 -507 203 220 -896 -4 -152 402 121 -956 1400 -1071 -463 -159 -334 -477 167 -609 540 -195 -1277 348 -1383 265 -1124 1178 665 255 110 1122 220 -878 -690 -459 171 -960 443 -803 -582 -179 1172 -1368 46 -688 -198 -341 125 359 -1089 883 329 -194 -1111 218 144 -510 475 -348 -162 -164 166 -799 -540 94 -262 1293 867 -361 -501 -565 -688 837 -695 613 -742 -465 -513 902 -101 930 221 1270 -343 -247 667 747 -1563 183 198 1808 -405 -1721 809 580 -382 -1103 -253 -448 57 272 -1334 710 470 -675 949 481 9 -218 -717 60 1557 -486 484 -1015 112 708 -148 1803 538 1962 -797 82 58 -954 -493 407 -34 575 -16 416 -173 -482 379 261 -1234 235 883 233 -456 460 -434 -477 -496 801 733 -1111 -154 -1129 1296 1218 -193 -347 1529 1223 429 -929 1546 36 541 -59 -472 -904 1522 786 473 -59 361 -667 -537 -397 1110 -391 -845 712 -1227 1318 -560 492 -623 -290 607 -306 -975 79 -350 -732 2058 457 210 310 1144 825 -240 285 -571 979 1063 -401 -994 -458 -399 -327 450 461 -196 760 835 904 352 -103 382 -654 -135 2045 744 197 -449 -700 -406 1089 -162 319 124 461 -113 2309 514 -1046 309 1822 -805 -28 -109 -409 312 -750 228 658 207 322 -1569 719 980 -62 301 -455 237 1217 533 -272 154 767 -854 180 945 -322 350 734 -277 370 95 -1536 -567 229 -248 -203 -11 121 -241 -1085 -151 1137 -243 -502 446 -995 -581 -436 1068 645 417 624 -1102 -502 1165 -221 -568 104 878 291 70 -1963 445 -447 349 157 780 -588 870 -256 986 1076 -6 247 189 -665 613 -1607 -696 710 518 -913 -130 -124 571 -88 -799 1597 -1074 -420 1718 1195 762 6 883 -773 -887 -284 1104 529 51 30 
-413 -720 -591 -219 765 435 796 674 23 -23 -251 238 -1100 171 820 156 1022 1275 295 -403 854 13 -98 -201 -217 -858 -108 1608 -1555 1310 -809 -133 -1834 -658 528 850 -503 18 -40 107 -934 1013 2 -210 -653 -95 82 -560 -177 110 -528 -240 383 792 -816 -340 -194 564 77 -511 1019 1420 -248 -1296 1138 -1020 957 294 394 -17 951 287 1214 -635 -1405 -254 -723 1011 -1714 1466 -992 -179 474 -433 598 -676 781 -240 -1315 -173 -133 -1528 531 846 454 -1639 -2125 8 292 1084 -310 1164 -349 1705 -448 -2004 1041 149 495 939 -380 688 774 138 -198 88 -315 301 -452 992 519 516 497 1758 342 204 1251 -831 840 122 -643 1080 305 1437 703 -2142 591 434 -711 492 226 208 -254 74 563 -809 522 -6 358 -716 -741 -683 45 589 944 667 -344 -199 977 1273 147 728 -928 601 -420 478 -287 -565 882 -864 -446 -46 -485 246 -1236 -977 -193 995 290 -1081 647 517 727 -1134 -593 573 -1322 805 -470 17 461 -926 1102 404 1678 -131 346 -224 29 -330 -335 102 -932 -373 905 -694 -535 -416 976 1531 456 5 355 -62 426 128 1012 406 -38 974 108 683 -5 160 -37 336 -384 -810 648 -7 -506 -1113 557 750 -816 -1611 -675 966 655 624 1239 -592 531 72 88 211 1497 1143 -112 899 487 678 676 474 806 -483 -522 -774 714 -293 -653 -109 439 -223 -38 609 -111 -206 -807 -53 444 1329 -1033 62 -351 170 -479 483 259 -182 -532 367 56 -272 -870 -413 -352 580 -1210 261 317 1054 -416 -755 -83 -158 -454 953 -1270 -892 1018 302 -571 -84 729 923 885 -317 -339 816 -282 -411 -461 528 1015 518 -473 459 1266 -372 1505 517 141 -228 -170 -1259 -154 556 -1067 -200 1126 438 -684 -101 -540 491 778 -704 -960 -858 -246 -906 -1110 -485 -278 -738 205 438 -454 -222 1473 -1740 -457 -254 -378 541 1020 1116 -51 343 719 -560 -823 -330 -73 171 -377 -1682 1279 -284 -1223 -873 229 984 1519 2232 1069 585 -166 -510 527 -303 -730 -482 346 -47 -771 140 452 -1389 -1315 -1338 -472 -340 337 152 946 2 421 -712 
-41 238 -748 -125 357 -1033 257 -366 209 794 217 250 -1253 856 284 10 -31 -1407 -1002 -3 -536 -1296 -885 1555 417 1234 -1363 26 -44 1213 -807 -802 25 -258 -808 -785 -130 -336 714 -397 1250 -170 -388 -666 359 673 505 -21 -131 870 219 1357 -1454 -673 -61 1849 578 -93 654 -114 -609 -642 551 -785 -566 -1095 -730 -673 -351 -978 -372 -955 -1831 572 -341 -44 -153 -682 112 -318 -380 -646 -79 1022 79 -717 1220 -1243 963 -483 -193 582 -1276 119 369 -1008 467 -842 -190 1512 -417 -1317 851 -57 -295 62 -81 1823 959 -8 -950 201 794 -816 997 -731 -309 -194 548 189 -23 741 127 -148 -1062 172 96 390 2 1490 957 -692 250 7 -241 712 -506 -186 -1157 -53 780 733 -452 428 -69 186 617 1772 -294 1279 -695 -444 -454 979 394 51 -206 -607 -853 765 -208 0 -296 446 -222 296 -783 -551 463 1312 536 810 -591 338 -318 -612 48 568 284 -142 -521 139 368 149 495 934 -763 -990 -134 1168 164 -941 1600 -87 391 69 1251 293 308 -141 -24 171 807 -1123 -518 731 103 -816 -818 1113 480 -1513 500 1419 130 580 889 -97 552 -151 -1576 -59 -486 714 -1412 1349 1202 -34 74 -306 -402 -701 82 533 518 564 741 893 656 -302 -352 -409 -343 -384 285 626 1318 1233 -51 740 -484 92 322 375 -432 -282 -124 -413 413 1408 703 709 -319 373 735 144 95 495 1565 915 17 -345 1245 307 561 731 -40 -871 -23 63 -545 -378 1000 19 -245 1204 1449 760 199 504 -164 180 738 -213 160 1540 232 -1538 445 -291 775 -246 -727 -1067 -568 -483 -182 -856 -296 -548 226 153 -450 98 -149 -824 -111 29 -534 -206 -82 -1385 -1261 803 198 207 232 -67 -449 420 -2166 -389 411 -1459 -91 -402 903 -1441 -874 979 -711 383 340 1606 223 987 1070 465 1433 -590 512 -357 -884 199 -894 431 369 -125 889 2345 204 -1112 -1303 85 -583 445 -129 -739 -177 290 -537 -86 179 104 1049 462 -1061 28 -103 359 1023 -595 71 275 781 -421 474 -831 274 -293 1540 -311 -696 486 251 -30 404 -69 371 -639 
-1230 -533 -304 -337 411 -541 414 471 -757 457 787 -469 -890 -222 -148 211 65 1393 16 813 1045 -7 -170 -664 627 63 310 112 74 389 861 751 538 -560 389 550 193 944 -200 34 618 -233 519 733 100 -993 174 -467 -1295 151 580 -901 -1498 -1020 824 -679 50 -74 -1300 123 406 586 -1125 789 -7 162 -262 885 347 611 -72 554 10 433 -485 1215 -22 865 381 186 -1319 -96 -1425 -483 -1265 -675 497 -588 -246 -611 -702 235 48 342 173 -1417 -36 774 815 -361 1063 431 -34 -533 -1054 917 -644 189 -589 -24 -861 -783 426 -880 16 -429 -293 1264 -96 185 -67 -418 281 626 981 647 -780 -466 346 386 -737 -244 419 -411 -341 -1442 -256 464 1141 838 -930 -245 -624 1197 -777 350 -575 -373 -549 -578 380 -126 602 -203 168 -727 1134 255 372 81 -333 -697 1439 820 784 -975 728 -1133 -211 -690 -386 685 466 -339 -608 696 -317 -536 -1115 -493 -91 256 950 389 -853 -1013 -273 931 191 55 388 -479 693 -876 -1137 862 -813 891 1346 -940 1506 -67 -645 880 755 -385 176 -165 -467 -779 596 233 3060 934 1158 584 79 -877 -172 421 243 433 333 877 -75 -759 105 -175 -98 1078 1130 696 620 -666 180 207 302 23 -557 828 -563 21 -387 209 -412 -516 -1047 486 -597 -504 507 -124 106 351 712 156 -153 1422 -536 1558 485 226 -1018 742 115 -475 -1054 -1063 1283 1202 -774 471 -979 -662 -431 523 703 480 786 238 492 -1011 -1482 -505 1242 1222 952 332 -449 -278 570 -1092 328 2550 -352 -681 -534 -653 -368 369 131 -528 -987 -557 126 909 -664 -143 -680 621 -31 -957 959 -1582 226 1236 -27 517 1311 -800 -559 -192 242 -963 1030 819 708 -260 -808 -1414 -117 286 869 -746 -602 -419 1011 -1568 1050 1629 296 -611 1259 105 -1294 1044 -306 373 -149 -254 -1182 -1443 -362 -160 328 -1406 -403 510 936 -438 -1037 211 592 -456 -1044 494 -22 1767 -646 -965 -348 -743 -361 -327 -971 -28 356 14 -660 449 156 1497 -1057 -1049 754 -129 741 -132 1023 -38 468 -1291 816 1160 -139 -1256 701 501 -1191 -1088 
726 695 76 -544 234 -348 -1367 1294 -218 -1648 -444 849 -188 57 -962 -1100 -235 -54 -168 215 -411 841 -122 -141 -307 -282 -152 -82 694 216 -817 174 -193 1461 909 -1131 556 -1000 -65 -1600 -485 -201 413 -871 105 929 -165 435 543 814 781 -270 570 -489 -292 -588 153 -186 385 9 614 396 950 -462 882 258 403 207 -267 -434 -679 -2179 351 -1059 -222 463 1105 1598 677 -41 101 1045 333 603 1737 1105 -333 -433 -730 -671 844 966 -572 1170 809 104 337 -258 130 -334 -412 202 419 -561 -946 0 1930 -357 567 802 181 1038 221 74 747 -139 -286 -827 -831 -1625 1440 897 -349 244 964 -1253 449 -506 1712 -533 176 634 1730 649 572 3042 -1007 389 358 -730 764 869 -421 535 1125 554 -76 798 908 405 892 -402 -722 903 -142 1016 1613 128 -733 -561 213 903 147 -441 -552 -257 536 905 -846 -433 232 -689 643 -6 327 720 -72 -832 -640 -203 -506 -103 512 -292 -1439 -952 -45 -410 -305 -1691 -419 -109 -228 1081 756 954 1436 147 700 184 267 -1040 -443 783 -264 169 113 461 354 669 2305 330 -177 347 -429 565 1223 -267 1075 -1652 -10 460 -156 467 -426 -838 -1342 -1501 -2350 -845 1165 -675 -836 -416 -1890 743 -656 -158 250 -1040 492 -478 586 -426 187 -295 -1068 461 516 584 -1143 -907 610 -162 -651 -502 -52 -824 211 99 -1341 -1387 -325 -726 -174 -653 675 -307 388 373 988 -652 485 -238 -3 -1304 -752 -424 -523 -280 -767 348 -2072 1431 881 380 323 517 30 -510 -172 200 399 670 -1363 582 -407 -1544 1257 -183 -343 -4 -254 -678 -1162 240 -1740 293 -193 -82 777 -672 58 -1225 1152 350 771 726 248 -232 479 -1592 1071 213 -337 -1235 1018 1094 232 67 -1338 213 -676 -627 -29 -1239 412 481 634 -279 374 525 383 -659 -716 -622 1048 404 -276 768 -26 94 -1010 496 332 708 188 -824 -824 -43 -285 -1114 -555 177 1377 -786 467 -336 622 565 1276 -985 -631 -651 38 436 -374 2048 910 -552 -334 1383 1077 1547 312 189 -1069 -350 -811 -625 -463 -1146 -1593 1710 -22 441 -426 335 956 -567 
-675 53 187 -224 1107 -79 -1077 594 818 206 -1840 452 -1437 -959 96 -369 -175 131 329 165 -321 -240 134 151 253 -1024 -734 -307 942 1638 699 224 887 -705 319 -244 173 -1456 -753 -1011 11 -299 -271 -546 1364 0 -550 -279 -1636 -113 1261 764 364 249 185 503 203 -261 -662 997 -320 -467 464 324 949 605 -1036 -3 -188 880 364 511 -430 325 275 282 756 434 1544 -392 -970 -1089 -453 -1053 -879 -558 684 234 717 468 -610 -538 -923 625 599 -710 694 -68 -67 -253 -86 -138 -460 -650 -2595 401 1328 906 726 1359 -1502 344 -508 -157 919 705 886 -1071 -1099 -861 -30 991 -197 340 652 -362 -685 -726 165 1290 -132 -631 1175 120 -148 -1728 511 1445 -1000 -890 1814 -777 -393 -282 194 -568 840 479 -280 391 1294 870 -530 1289 -780 258 48 558 -291 473 -119 1041 815 936 673 -430 475 -265 -198 807 687 -1140 1107 -1892 -14 122 -688 -311 -505 -1127 -631 931 -1576 235 -788 792 -1368 117 717 -1075 315 -325 852 505 1164 604 434 -37 -556 378 430 -1801 -238 603 -101 -1120 268 138 -51 -1188 1192 -49 -178 -921 739 220 564 69 510 -1483 674 -170 507 -682 231 186 -199 -913 -469 -121 691 -636 1553 268 -951 67 549 406 284 -522 5 -756 -98 694 -306 741 799 827 473 -556 -494 684 -1761 66 908 -318 -1832 -746 1207 -453 478 -1042 -416 1378 -697 391 -491 -395 -259 8 1170 -370 917 712 484 923 81 522 1376 -521 -64 -466 138 80 768 822 -1857 -798 -1389 746 758 599 1069 -453 1178 -269 903 1323 1131 -735 23 714 473 221 360 469 330 462 6 632 391 280 -1510 757 819 153 149 801 614 435 -850 561 1077 639 626 152 -1367 1626 -778 -123 1545 112 -87 57 -546 1515 425 -1964 424 -197 -468 442 553 -991 970 462 1006 791 804 203 115 -842 -42 -345 572 -4 735 -339 -1419 756 -728 202 143 -498 -266 619 601 922 -270 -27 75 989 377 208 227 -828 -344 -96 529 -1012 709 -1081 -367 307 -431 554 -274 -632 -653 -623 582 1096 374 811 268 27 -762 2083 -528 566 
-389 -414 739 131 -1251 1522 -949 -62 -338 124 259 -1296 -1484 -218 230 38 196 1644 -125 783 -951 27 1081 1139 -728 -503 -585 410 -980 423 -677 -48 -624 121 -1116 539 -672 -329 -76 -18 238 360 101 -223 508 -922 745 593 -14 368 -552 86 422 -135 343 380 414 -297 161 -82 1185 731 418 -221 146 283 -102 1273 -390 -318 366 -974 -549 801 662 198 314 705 657 654 -1144 170 -259 -714 473 640 -783 -230 -939 847 63 230 180 -653 -88 -1232 -281 671 430 67 -350 917 299 54 -830 -670 -944 1491 1360 -384 44 308 -34 -129 -542 157 479 868 -64 -1193 -517 538 -908 75 -961 888 664 1971 375 -1116 -450 25 401 1016 -531 -576 -584 -773 -356 -110 -1512 772 62 706 -51 -1133 512 738 1731 -458 -34 -215 142 -1204 -244 518 -714 -1015 392 977 -799 -1715 -1301 -231 472 1109 866 371 20 378 1730 776 -21 52 -193 170 1491 637 -546 -485 376 -997 -300 712 -533 1728 -1150 235 -1696 1253 -343 1445 1566 -594 362 939 13 146 -162 720 108 -612 874 -588 -942 -876 -476 -648 311 -40 -1186 205 896 -1143 865 61 -897 1624 -108 -104 206 296 185 676 1339 104 531 -102 -413 33 -585 586 23 -374 1735 -1501 -836 450 -784 1100 -832 76 497 69 -1171 577 334 401 992 584 1007 887 680 2072 193 8 555 -1872 -835 895 112 479 -22 1058 167 -606 -362 -1224 1001 -864 962 -1361 460 3 815 201 -1084 -930 826 430 1358 443 -364 69 28 -977 419 -312 -382 -334 294 -354 104 162 -1510 -447 274 224 -173 24 1241 -166 892 -31 -263 -696 666 -939 209 -44 -280 -817 -259 -1114 -96 1244 404 -314 -60 439 -1157 1093 1850 137 -63 327 139 394 -1011 1010 73 -144 -856 -75 -803 1075 -227 209 1604 669 -217 -266 -2418 -91 -428 367 -1012 561 7 -308 282 807 615 -178 461 1138 -74 -390 -1210 570 -342 -179 -383 25 611 287 95 1347 -1076 -375 -615 -866 870 495 126 968 1188 -825 -118 -799 -107 -100 -30 -146 -205 -460 -152 205 257 -463 1277 -110 -628 -1485 149 1019 -217 38 313 -769 
206 -119 -157 -503 -104 -1128 608 1501 566 -507 -500 -49 534 447 -209 360 98 -421 -1594 -734 568 78 228 1461 -387 386 250 353 -676 -96 374 -340 -1282 -513 -117 -878 1390 -587 161 2042 -488 252 -874 591 294 -345 -89 -230 555 138 -676 -1935 482 201 1021 1366 -1833 925 672 -809 1222 -691 -169 545 949 -201 -145 1963 179 -1001 -1127 667 115 -670 415 782 639 -918 -208 -1183 -189 -1122 240 293 57 -531 666 -189 -708 -377 540 1296 436 -392 -162 -325 667 -23 443 243 387 724 -962 -77 -274 -1 -350 711 -576 1 1428 -145 -386 971 -389 -542 -259 1867 1051 331 -589 -466 263 305 599 -550 451 77 -232 1063 -1094 227 -362 -255 -72 -530 709 -611 -621 535 323 159 824 1549 1335 -233 -1013 -1982 -516 -1038 -565 1070 1625 349 642 784 67 1361 488 714 834 -170 -906 -284 604 864 38 -1567 -294 1030 -480 -606 -590 -631 -537 539 -231 -136 296 226 1042 460 37 565 99 -557 -1085 681 766 -940 590 -698 953 -157 -748 -854 -670 677 -657 -774 -373 -668 185 392 -1278 622 -1452 1676 106 -1097 -585 750 -625 989 274 410 -397 841 -1351 -981 -458 366 -228 -63 -1968 247 -945 175 543 559 123 -81 -293 1352 -112 -167 -1578 -249 31 64 -420 569 1255 1534 -594 -1452 -242 56 -928 -38 -1225 -180 -1250 -937 -212 -112 826 791 889 -590 509 574 -553 -268 1050 -1117 -859 -1312 277 -230 -344 -1255 -241 -485 -1024 -210 -865 934 -1893 -392 -525 -370 835 -134 -451 -310 912 -190 642 364 -1025 1052 -458 781 688 -1624 427 735 -237 -137 266 351 1124 -97 780 326 -468 -80 -294 408 -484 -717 222 862 -764 951 425 739 299 -581 385 1066 -163 121 -518 1664 699 -352 -1201 -62 1047 -84 33 -896 644 -934 87 161 44 891 72 288 -21 765 595 -463 -238 -274 10 597 -1581 1071 -548 1213 -123 -1642 976 -132 -60 -786 -254 46 -478 1029 -294 -103 -832 520 -219 856 -129 37 31 1023 -624 -455 -685 62 1027 184 -378 286 584 200 508 564 -725 378 629 -462 979 -345 -423 -672 1137 67 175 -339 -340 -372 
157 -551 -52 601 399 -945 -1741 -381 -153 185 519 -295 -217 531 -133 -503 -589 -636 118 -103 -1109 -307 151 -9 -110 711 -933 -11 321 218 386 440 329 -232 -722 -1010 573 580 -913 -48 275 -1269 547 -1254 -181 76 -135 -1591 503 233 -898 118 -184 1806 503 2424 170 -51 -395 -1135 1609 706 32 -1675 -865 -118 436 891 277 592 -80 -255 -592 -103 144 653 -441 21 556 447 -54 1323 272 26 312 -153 504 262 1376 -127 10 -842 -586 95 -635 -489 -169 497 542 290 -23 -592 -1424 649 622 -361 -147 -1240 215 967 -946 -797 -517 -428 136 677 103 -1099 -662 -456 78 -612 -130 207 -56 850 12 303 -423 234 288 -1050 -292 489 -350 8 1230 -49 -57 1102 660 -1173 604 426 -373 -1124 520 -535 238 571 1220 -1039 308 1613 -271 -1785 415 464 565 -762 32 22 -451 139 204 -62 179 1312 586 250 -153 -28 -26 37 1902 192 269 701 956 -498 378 -740 -696 -398 -730 1076 454 33 -234 -457 937 340 -508 -7 -282 1002 -774 -803 -616 194 938 1264 865 -404 -994 318 -2096 235 486 259 671 2030 -1042 -463 -114 189 132 29 -933 707 257 475 795 519 426 37 -201 1088 500 1033 -512 454 -462 1578 -262 387 -2095 -687 -650 -2229 -385 -876 -569 -1109 271 323 1593 1686 -595 -605 -1068 1022 74 -928 184 -477 159 -402 152 -1255 370 -1122 -333 -328 -296 -523 1060 -639 -21 95 768 -1040 170 761 -981 -400 146 -924 -563 736 -993 -530 1186 -415 122 -245 -736 435 94 560 386 224 -155 979 -419 -666 -44 -296 -1017 185 302 1025 -334 -665 -1650 301 525 246 -950 -10 1213 743 -347 -638 617 1289 810 -1050 728 -81 915 -185 243 -275 633 -452 -707 134 -526 226 -1184 -1036 -1506 212 -322 366 -954 371 -943 455 -1452 887 536 232 505 527 271 -284 210 266 350 443 -402 -359 654 423 103 -430 -649 -311 -162 -601 -228 -1045 -723 59 128 -1369 725 -716 547 242 -1213 58 429 -156 -188 -792 1034 -282 467 161 -417 -374 -58 -115 1619 -115 -467 -457 107 -992 -1026 -74 -1135 -420 -1181 -980 -833 1460 
474 -91 -326 1811 -235 -938 -434 381 -97 229 -930 1381 -272 -703 -259 -733 1458 -80 -447 483 918 -182 1045 -1086 1023 776 -1627 -975 -525 -1189 381 216 -681 807 170 -364 298 1156 -182 -345 831 -374 -545 -141 -100 -1263 644 -470 552 311 296 -29 274 68 162 -25 107 7 148 377 -1213 264 -408 -83 939 -259 294 568 614 -1099 1107 -1298 371 600 -620 696 -1013 184 -86 -221 122 -509 -661 -490 354 -416 1812 400 868 -375 -380 -45 1493 449 308 -753 822 -281 15 424 -968 -6 -239 436 47 -675 -671 -609 175 -1322 1803 -713 682 -773 276 434 -296 -618 342 537 48 527 -831 -880 -93 -541 117 -1409 -445 80 633 843 114 440 -661 357 -1110 58 734 455 965 16 -224 33 256 -570 903 -50 173 18 -100 -157 316 -232 796 289 6 -37 -1766 -367 -328 -380 -189 -483 -823 352 80 -1527 -714 -1270 -513 11 -675 811 -1000 1042 -248 -75 945 -747 -764 -339 -658 635 -809 -1327 465 -149 524 -516 583 595 -106 313 -2111 -578 -205 -1056 531 -292 425 743 835 1156 -1073 1088 -111 708 -719 417 -142 -634 885 514 -1299 -639 205 803 1028 259 -517 996 425 696 -717 606 300 -398 -1388 11 153 -598 576 -1 29 568 77 748 541 86 755 351 1204 -277 -867 -17 658 -1893 1481 88 168 -533 1336 798 797 -1042 -476 -778 -645 -485 -545 49 383 -393 973 2217 -428 747 936 -169 -646 135 34 823 718 -924 580 -24 -898 1510 -221 853 -739 642 195 79 -117 -493 117 -440 332 104 1078 521 -1569 8 -682 -505 827 -377 -709 -286 1100 56 288 -684 24 1630 85 -735 -1204 693 576 350 638 -273 746 150 -210 663 548 -192 -1706 -1728 -136 -698 718 -372 -9 -1009 658 60 -119 -433 -1275 -139 -893 319 -311 -311 -582 204 494 -926 391 -78 -631 2049 1062 -365 311 -1027 -295 -491 12 845 -856 -136 -58 297 1045 1142 730 810 -285 -264 1183 350 1026 425 158 286 -1348 79 575 329 376 160 -806 164 -581 850 607 1178 -958 -67 993 -296 641 -757 1306 578 -1078 511 864 729 -285 -482 662 412 
417 -417 -536 -1073 -528 -582 978 224 -1378 -422 592 -1464 -906 212 305 1066 546 -149 -1032 -1116 -206 1904 680 -302 -21 1321 196 89 317 -672 -547 554 -1068 514 -269 -453 62 1094 240 362 -1850 -100 14 -14 -2535 616 -68 -254 -1315 -1121 45 408 -933 25 -1064 157 -12 -631 -630 -1458 -296 180 -996 2 -759 -358 338 -213 -404 699 651 475 -1114 -293 123 285 -190 -866 -415 361 842 -536 921 1030 -1141 -327 -401 -837 -567 -356 -100 894 -674 84 -652 987 -511 676 968 181 -78 -212 679 724 1004 616 -736 -1872 1269 -247 789 -573 1395 103 -663 969 1057 1340 712 29 131 1906 935 -627 -404 -52 221 1072 1245 -15 296 -741 1392 -1103 144 -236 -409 781 712 -1102 336 602 -161 -837 -1571 900 1514 -291 1130 330 -121 144 -615 -26 1077 211 -125 1107 -871 -1252 155 34 -958 -161 1186 94 322 1406 -1244 -582 452 -1068 -319 -1488 579 -145 -637 -450 1568 338 -319 -550 -395 -453 620 696 154 1502 208 740 -891 439 -367 522 724 -57 -301 151 -454 1227 927 645 -730 -2016 507 -960 307 -689 -1116 -154 -14 233 -279 -583 -773 120 -272 299 -904 236 564 -1628 396 47 -811 584 -633 636 -666 -22 -351 -85 -348 826 21 255 1070 -281 286 0 -827 -1496 246 1162 -876 -890 -59 830 -47 289 968 275 -1147 -282 -1198 53 739 -894 149 363 -990 188 -166 391 602 -702 -782 -2 285 -171 -165 215 -713 -830 737 -402 -344 -63 18 1849 2488 -242 -908 -495 -120 967 831 608 1085 937 79 -172 -854 -76 -1195 80 -205 2 -1333 -331 90 832 267 10 669 1004 -412 -582 -68 184 63 -42 -216 471 -903 -106 199 -17 796 969 -949 -747 273 816 653 188 -126 -1694 -246 -1368 324 633 -941 -130 577 -9 -1227 -365 962 -234 54 -27 -1068 543 992 1202 393 607 -525 -1023 173 504 701 155 388 -252 760 318 689 -1724 -310 170 -364 -255 -470 746 601 231 -383 5 868 -1017 -963 -188 -150 505 1063 2282 -646 -795 -2003 -109 -761 549 -862 -121 -624 1458 -768 -757 -1773 -722 -216 9 870 236 242 -914 638 -89 
717 658 422 443 -727 -27 1430 896 -214 728 845 -58 259 -649 134 53 -536 -1 -842 408 535 116 -339 763 166 -555 -900 -673 516 -511 139 29 -154 -211 -469 1580 -894 -186 -11 -529 724 1645 -573 -184 -850 -1166 -720 -888 735 680 -971 -1647 552 -546 244 436 -308 87 646 -1784 405 -240 204 23 -122 356 666 -715 411 -516 82 -1187 -602 -814 -230 831 1111 368 813 -135 419 571 -1489 659 -1016 1297 -982 860 -1046 154 1155 -397 1356 14 -724 616 33 1047 968 -868 -260 318 283 -212 -1168 319 920 57 -325 -447 1033 404 110 758 84 518 -116 421 -649 854 -1667 -1935 -562 782 -272 1037 -193 -719 257 600 -294 1188 529 88 264 647 234 1003 1211 -770 897 1120 -1144 414 832 244 -1312 -409 168 -1118 -668 254 98 -620 -261 -1268 -740 258 -1286 -720 -404 548 -100 -447 -517 195 -101 -260 457 -2340 1259 -895 53 842 -1581 1259 106 -237 1187 -181 177 450 366 1290 -1039 -459 175 -59 757 -1632 -817 -346 -415 -588 827 1259 -340 1824 732 -774 70 168 -332 460 -266 -1506 672 -699 199 -708 138 34 -379 -183 1 -549 713 -425 -54 -335 1016 862 364 -437 1134 -226 -867 235 400 -567 -86 -16 -1413 547 -1216 -642 -345 -54 -840 430 93 -142 1576 -1111 -365 297 104 253 192 -341 846 -520 604 251 1310 -1033 238 -537 -182 407 -153 -132 964 -29 -633 -1148 -901 153 -411 -199 -1027 86 14 -313 308 -723 -1154 1066 -1835 -419 -85 -132 -337 496 543 -871 673 -742 -427 -510 -66 428 -1531 888 -502 -604 -464 -772 515 -330 -375 -474 1170 506 1138 701 1672 65 -809 -304 -96 -25 548 -534 -45 537 -31 547 575 266 -138 138 2096 -783 566 527 317 401 -1290 -423 -225 642 -69 1186 119 -105 -33 773 1160 410 706 641 -273 -375 -2058 -145 -933 171 71 280 285 97 -931 90 37 1847 -298 -522 876 -333 -450 1670 -421 -96 737 -1400 317 71 1342 -223 -394 657 697 1108 -598 861 -1604 981 -173 -1438 762 49 1184 556 -501 1067 -358 260 -17 626 695 665 -447 -463 -337 370 225 307 -709 56 
756 -167 -624 678 -301 156 747 -1440 -1454 -573 -41 -726 -1175 1216 291 145 -723 -691 -342 1062 28 -597 -302 -277 651 524 -1277 259 689 116 -1429 619 -699 54 -256 -228 -54 534 -1187 -159 -435 684 -216 505 1624 1437 -320 5 286 -502 972 -677 861 -1015 -61 -548 -172 -421 -1227 -57 -1499 -413 926 367 1498 -542 229 753 1281 278 949 541 -385 1306 -646 291 -736 -1457 -139 698 -1191 1068 -917 281 114 259 -292 -791 -952 -651 -222 -253 -2469 788 530 196 -214 1354 -419 1093 -218 658 1455 144 -449 -955 -1142 -78 -689 -1218 1892 -693 1301 -652 -103 -575 -180 -793 739 186 -666 1493 -242 -472 -41 -25 1098 -1346 357 -734 -349 113 1230 860 666 568 734 -1819 -550 -646 614 161 732 1286 1129 -1052 1380 -48 1117 -337 -2404 1298 248 -649 1373 -392 609 -781 1450 -909 -276 201 194 4 -561 -413 37 -297 686 209 734 747 7 125 1090 82 139 436 166 -1451 489 -962 -864 793 787 884 -508 -851 -841 1899 244 -546 1420 -437 -1339 961 -1234 439 -338 91 -775 -330 -51 -518 -118 -973 494 107 -363 99 -480 900 -861 669 -713 799 -1274 -1020 784 258 474 129 -341 -1389 899 -1050 1435 251 486 -304 644 -714 424 194 179 1192 646 129 -939 -55 -276 -295 -539 1238 565 -219 22 -332 -124 245 -1018 439 585 -202 823 216 -1584 1931 160 804 2224 220 509 -326 -142 -445 -154 538 958 1256 42 678 -782 673 651 -555 -297 -1801 -152 298 1621 1191 1059 -1269 -316 -394 -382 787 818 87 704 275 878 -262 -689 -222 303 -168 -404 -475 1205 -575 -1372 -812 265 -284 -955 -166 -14 943 750 -1669 119 -530 -433 776 1108 -758 -1065 -279 -263 -626 1161 -571 -431 713 -678 -256 455 -471 185 543 -821 952 -335 475 266 1087 547 336 -939 -702 -867 169 1125 -305 -605 923 -614 132 -27 173 614 -134 -436 -1183 -222 421 793 -342 -144 -845 582 -282 973 -605 -239 220 1240 -1128 -962 41 2 -829 330 -1318 1043 178 -437 -112 -769 -430 -819 849 1157 -37 -942 189 847 1055 -252 -1193 379 -302 757 805 -605 -462 -1170 331 
920 -1318 -809 1212 812 1175 150 544 883 -622 -332 -294 643 1152 -52 -419 -1083 266 -386 981 1842 706 -51 -761 22 359 -1086 -1317 47 601 -790 -962 -361 -818 -115 903 -497 -648 321 40 -125 -347 174 -708 650 -542 162 -976 -595 286 520 375 2 -1140 -533 -447 -632 -415 178 -548 554 -317 535 947 853 277 -34 -1485 -567 -1021 -504 -1120 432 -961 -768 50 -1260 -139 496 1105 -274 -858 531 25 -499 -1816 362 -29 -741 164 296 -262 52 66 -1436 -294 524 158 -364 -106 -827 357 266 -268 186 -1115 132 508 -825 1663 164 409 -263 -205 481 276 84 114 921 956 507 910 -916 314 277 -1161 211 -804 545 170 1168 426 414 1048 382 12 -272 392 -913 -9 -1161 537 355 790 -17 -481 -594 415 -130 -448 651 21 18 -415 376 361 964 -59 342 1492 223 150 -4 336 91 -372 849 -313 823 514 11 -1056 1304 -238 -143 645 -75 751 1119 659 -493 -200 -740 -404 -1973 263 -1118 -108 16 -795 573 -619 224 -422 1801 15 770 -261 -888 682 -880 -17 864 141 -905 -462 159 1228 -287 -1357 515 12 -448 -111 921 -494 -591 799 740 960 350 -1073 304 -204 378 -775 -110 1613 -1498 -1532 520 -603 169 794 198 889 482 -701 222 857 583 705 357 -161 1587 39 709 -556 -1278 20 532 -481 319 226 -743 -256 -930 -1399 -26 -496 130 32 423 -1138 161 640 -437 -212 324 272 -223 881 337 -1047 1014 327 -379 287 49 -560 -219 -117 -50 -1048 -758 136 -672 -1287 -32 702 145 -47 -1225 -395 137 -77 557 -250 583 -183 -553 569 -691 20 767 -1107 83 11 -466 -123 -1133 -555 -19 -1695 23 -394 949 715 -15 316 343 -782 -134 -647 -134 -762 305 -67 773 833 698 1059 905 489 820 -389 495 1147 76 -318 754 -279 92 1066 93 -83 -767 -1785 -233 300 -426 513 158 184 -1510 763 -249 -414 -66 709 222 -116 -578 -836 887 679 -1016 -841 282 -237 112 -223 197 1160 -272 1101 -313 -25 -891 -1225 79 363 -906 -865 342 501 798 -777 1144 -555 249 -631 917 71 -2058 144 1186 -937 -195 664 
-1184 833 -1027 -87 676 -99 782 534 -449 -72 -870 -650 -68 -1230 325 402 226 -14 -24 1817 -354 -89 -447 -481 -740 -1065 929 -13 153 -268 232 -335 54 470 -121 1384 -857 255 847 387 -387 -304 1338 -749 148 1558 1065 -10 1624 627 788 297 583 110 644 -319 -540 1347 -771 742 -716 731 986 -642 767 -733 631 -485 -8 -29 41 988 -734 320 -1260 -1052 -1751 -849 -820 517 -1177 -1246 -370 -187 906 -676 -408 -1206 537 1756 -868 -2520 858 818 -949 784 365 -258 -678 798 1006 -678 116 -157 144 -989 624 398 163 170 1050 131 595 -1269 -389 503 283 726 570 618 95 620 -855 1246 548 -706 -734 -841 -487 919 -509 -1040 143 -1002 1003 -1123 989 -316 -425 110 1210 142 378 -388 1 533 -521 104 -123 -72 352 -1087 -70 437 108 11 1359 156 873 76 -555 -1007 -494 1187 424 -300 948 -68 229 205 199 -176 -141 838 -1033 -844 -530 957 -243 -167 928 -96 -14 -107 -172 -1043 -1056 797 354 19 1363 663 926 -301 -620 345 -611 211 -44 345 24 -542 207 -511 481 -230 -626 199 116 -11 365 -659 -81 -147 1294 -1545 -418 -673 -115 127 -710 -969 -69 -1110 -416 267 -856 594 -76 -510 567 1289 528 503 295 -240 -360 -1364 1575 -2204 1004 -348 8 -584 759 -874 -52 174 -358 -166 517 85 180 678 -222 -5 -496 -1424 490 -832 -1271 -369 -152 -693 -841 -115 395 99 592 1055 -941 1135 409 342 -529 1090 1330 -1333 103 -551 -856 -870 400 -775 -183 -690 976 -222 -1244 -632 -357 924 -306 -422 -155 -238 693 1254 -218 911 1344 66 -1249 -861 -1744 -151 -939 1905 466 -137 811 -234 -736 -359 1078 -602 -1720 463 1029 -472 206 -193 -537 34 -639 565 -1162 -735 1492 1138 -190 656 475 1167 501 43 150 -161 -179 512 -730 157 8 -7 110 58 365 325 423 719 -245 -6 -27 -223 -6 684 -933 -196 -911 1815 -648 -74 -447 -476 -1214 122 -128 -637 -1055 -465 -1201 841 731 -644 -977 612 370 -1425 182 -601 664 -1609 -459 202 -855 366 -832 -542 1260 650 405 -328 418 465 147 -273 -636 251 -922 169 
-137 461 498 1500 273 1748 -282 251 -895 9 -4 686 -125 10 205 -708 -56 613 206 -428 467 -1366 -618 -285 480 -220 -208 -824 793 -1387 662 -625 -605 -1525 -275 58 1517 -381 712 -746 758 728 -896 223 873 136 751 388 622 -256 -549 -252 -611 -398 62 -882 -855 -985 -231 -357 384 325 1524 1011 46 1047 -1207 165 354 -678 745 38 713 -1114 -54 936 -1296 -453 -861 529 -440 184 223 -469 1442 -228 438 -479 -762 465 898 -736 -635 499 1896 -1057 -651 -823 154 389 -525 1283 480 944 -906 -279 120 25 1501 93 539 1133 -262 108 23 -560 -402 -339 -741 -389 -1483 -594 -1874 164 41 -1277 801 -880 357 863 -130 686 -235 716 582 -1347 -327 59 256 527 -418 664 1028 362 339 -145 -323 644 958 156 550 -1163 807 1060 -414 45 198 -1637 2190 926 251 -379 510 349 -599 -191 732 800 380 165 1204 536 -791 -515 108 272 241 -332 25 404 -821 -687 -523 475 9 1426 290 142 749 781 592 -1097 233 596 119 -34 -647 -88 199 -694 654 -719 -524 609 230 330 -1695 4 -990 770 682 -389 -737 1724 -376 184 1195 577 486 -224 448 -559 176 -988 17 360 -124 -1952 641 -2 764 -1449 -20 -545 -1785 135 -528 -1686 394 218 47 78 -1132 -658 47 -71 -409 744 -620 835 1313 70 931 1784 800 -688 -474 -792 -622 -745 -1792 125 -249 -161 -519 241 445 512 102 1512 -385 -809 125 1236 -105 -1637 -483 -837 -1137 61 -503 -167 -353 47 -1848 -1494 106 -306 470 -1392 1426 -1056 664 -502 -1512 -1473 577 151 -1204 -5 -92 -375 722 -1841 -741 -58 -850 34 227 -484 -335 1320 749 -299 -233 -132 792 705 -1116 1332 -728 917 -66 185 809 -579 270 -81 -774 627 1244 -629 -634 -600 -1614 403 -29 -641 -310 -686 -472 -741 191 67 490 563 -802 59 -571 -327 -632 -681 -473 177 1842 -1024 -225 -473 704 971 -653 622 814 630 1482 -1331 468 352 449 -545 -220 -1055 1126 -262 407 152 -1950 -1006 -669 -35 -153 -263 -544 2610 -1114 -837 697 789 -300 303 252 -266 432 -340 673 255 1050 2594 -6 430 
350 430 -172 -228 -727 218 -1095 304 0 508 1397 -236 148 985 818 365 -827 98 -1089 438 636 99 91 501 -406 923 260 1579 285 290 51 -461 -623 435 584 676 309 -1784 -570 -215 26 -1157 209 -861 210 -964 -717 926 -1289 -1356 19 172 127 -373 690 644 -118 -519 -354 358 99 -58 -607 562 429 393 357 -210 1268 -306 -1574 -168 870 -78 -605 -1066 566 168 1635 804 759 188 -521 -1141 -76 -402 -291 830 -409 -244 443 58 697 -734 -345 547 113 204 -954 -721 -889 -662 107 -108 1024 315 -132 296 -557 -368 -48 -317 -930 -20 702 609 962 -65 1165 2765 910 -100 -255 110 504 2644 178 660 -280 -609 201 -26 343 -22 989 -695 247 -328 -1128 752 -645 231 -475 149 559 -227 -902 -42 -68 944 -655 -155 -897 -374 575 711 -180 -1103 -77 391 -2110 -630 -819 68 -143 -1054 611 1318 515 1244 811 -209 -64 73 480 -1582 -1085 -985 575 1131 -41 -1373 412 281 1050 482 -931 675 -874 84 1020 -480 1944 63 -564 819 668 1555 257 -1126 521 -407 -877 -784 108 -1579 1024 -636 -556 -1132 321 763 -325 -952 254 155 -1192 -330 -630 1681 -826 -1059 -596 -697 -958 508 -204 55 252 1092 241 -246 -172 -191 299 -943 635 163 286 696 -580 -467 31 790 -242 -376 1974 -690 -1208 952 143 393 -397 -252 -342 532 1413 -345 -89 -477 -425 -39 -987 -285 -646 -599 138 686 326 -270 730 725 -554 -990 869 272 -408 1246 -549 -87 902 332 153 -230 -20 -2 -1284 -103 178 141 465 -570 756 94 -486 -690 -636 -97 -216 -415 -286 -337 -938 858 418 297 -385 -1377 948 274 1286 -142 634 -677 -607 -15 210 -471 -1326 489 806 139 1200 1451 -162 -18 -184 -129 41 173 178 957 1038 -100 494 -35 48 664 451 -652 -69 120 -697 -651 -846 665 -864 -620 -934 -234 -1002 1188 1417 -364 -743 55 138 195 1384 937 979 146 379 -860 118 -53 1000 -611 -2268 -372 428 22 314 1440 283 -600 -139 -543 -938 -487 -83 293 -394 -490 51 -763 921 -1837 460 -69 398 -781 -894 378 862 -571 37 -501 -784 983 
-37 551 745 635 1289 815 -1602 -731 988 749 576 -238 896 -406 310 -829 -111 1072 478 321 830 -90 -84 348 624 -405 224 -690 1302 209 1304 -572 74 306 659 -828 -595 431 601 1288 -151 408 -395 -252 404 -307 -418 78 -417 376 -129 44 17 -142 161 887 -640 966 -390 -736 119 -233 566 -846 59 1162 -584 -490 743 902 1177 1442 -1069 820 -107 886 238 -490 -776 993 450 111 518 -255 858 768 -121 -178 -1158 853 -658 -1347 -46 6 660 -1105 -561 657 314 -497 1424 -612 -1004 -187 -1717 61 -7 922 866 -103 306 549 12 201 -1006 -885 -320 626 1024 -1385 -1141 129 -518 -738 496 -200 -92 890 35 -741 284 -286 514 -830 -513 757 -630 -547 -505 -1588 109 -337 -154 1007 -507 125 -288 1426 -937 1299 487 -627 346 -959 762 1070 533 -272 769 1160 867 -855 379 806 348 781 -658 839 -1129 -1507 -865 103 229 -554 729 947 -59 993 -945 -1097 42 -486 -624 -678 -1075 -280 -1005 -140 129 -1357 777 -81 -475 -454 1107 24 494 1760 164 -970 -134 -2027 -1430 -1211 -132 -32 1016 1189 -454 -420 -593 -1012 -578 239 1039 745 560 -437 -1021 -156 1583 295 28 -1415 229 663 -504 169 969 463 316 -350 -139 -423 787 -421 -15 -1000 -767 -726 266 311 410 -305 -1390 666 -162 283 -534 -605 -1048 606 132 619 419 687 -648 81 -575 -1175 -124 212 -357 -616 274 292 1158 -2134 29 436 76 34 1005 527 -1241 -786 -1277 156 593 1834 -1295 -1072 -623 -233 -38 -1223 -1061 -391 -568 93 63 342 -329 -145 195 -71 762 20 -501 418 9 1406 474 -159 256 -54 419 379 952 -234 773 43 127 -1337 1972 670 -417 -2047 -461 -8 -165 -781 -51 311 954 -354 -179 761 234 314 -188 -169 195 988 -133 994 420 912 -350 -1463 -715 -889 448 643 446 -1139 -244 -492 -492 304 -873 -388 37 -483 1245 -1177 -1271 -1177 196 641 -233 551 1029 666 814 -205 -619 -993 776 -11 -22 195 941 -193 490 -1076 -662 151 1268 39 1292 -1274 -225 55 954 713 -491 601 -626 -48 326 1331 1576 -973 0 965 23 1096 -960 313 
-275 -1240 251 -634 78 -825 501 126 -10 -321 486 -62 11 709 2176 -893 -793 -329 699 -915 -462 -1134 747 385 859 464 -46 -619 -761 -741 -502 -237 -304 49 0 -94 -695 -206 -113 18 -519 -217 -78 1240 -26 -550 142 -350 -683 -134 -230 -662 -912 1132 61 -220 1031 -1630 315 476 -17 36 169 713 976 421 356 126 352 -17 127 41 -14 -835 373 1987 -291 -753 39 -75 -829 -829 252 92 1107 -179 1122 -1075 16 -138 1255 -302 -55 -18 -129 405 1054 119 770 342 -1102 -405 691 147 1270 -123 -594 591 -31 -433 -317 -889 -192 -431 -909 1059 -106 345 1146 230 -390 -592 -567 -406 312 739 -815 -366 -1274 -1393 -1290 -372 -1085 -66 -38 -1871 290 209 1070 510 587 -375 -403 331 599 -873 -225 186 -1125 -553 60 -859 -1214 -1053 1135 -471 -95 -124 1118 -657 651 820 396 -868 -974 -77 -851 -1583 1270 -125 -107 -257 334 -352 407 -576 -1026 96 317 197 151 389 -607 -123 1403 -466 1062 -127 76 601 10 -1231 -251 1464 -1167 -601 -668 346 748 -203 -155 -1079 -723 598 549 -1055 -733 -946 1304 1273 193 320 -483 279 -202 1235 -109 -1869 434 -118 544 -990 590 -397 384 -468 633 1173 -277 -574 -303 -450 549 -197 450 -1105 -222 602 -77 -310 242 -584 205 566 -354 937 1140 -753 131 -124 548 -1259 252 -107 -790 -305 343 -74 -847 760 1358 -628 528 -534 -437 486 -446 -662 1275 -614 61 -1184 -337 258 869 410 2229 -622 399 -105 -173 421 831 -918 2448 10 -473 -794 -937 -860 359 250 494 -355 1134 1321 -257 -438 -102 771 50 -336 -641 -180 -671 505 -200 -456 -750 425 854 446 -2065 -1146 -118 -1155 -440 -637 -525 280 308 314 73 1740 257 30 -489 -299 -518 -118 -268 373 -900 1198 -581 -134 564 -474 -199 362 -58 -625 -63 423 991 0 -314 -137 506 -592 -731 484 1171 -5 -819 -1731 -992 647 -297 -817 -181 -303 -178 725 1435 576 163 484 -476 -297 117 -94 580 388 350 -156 -341 406 662 205 609 -217 34 -570 656 614 -211 608 117 983 1126 -471 389 -583 -991 -209 -63 458 867 -499 
-829 -1105 590 -226 259 31 1665 -745 1021 211 -276 -684 54 490 -115 10 -370 757 -430 -386 520 363 279 -664 -710 812 1598 883 646 249 -1176 -693 -218 -276 -422 808 -252 -639 461 1001 26 170 644 -584 450 672 -122 -232 -162 -994 -614 -1116 905 -274 211 -985 -1037 950 -739 291 -1199 505 489 292 502 -349 1702 -429 -2208 448 31 642 -548 916 -1252 -590 -305 293 -477 168 12 -561 -360 613 866 -597 -440 -662 1146 -9 -1273 -1971 1477 478 -50 -1100 -837 -1119 1221 2314 482 94 562 -201 -262 -708 -271 536 -128 246 1062 -865 951 -764 -65 -641 -794 150 -43 -11 -394 1087 -104 82 -2 -1019 -216 827 -682 -298 -547 -542 -612 -50 -1053 -409 -1304 -160 267 -1110 -279 773 -289 1058 1240 -1175 400 -457 1299 1176 1459 -289 151 -1006 -720 -914 1808 1106 -39 -1506 57 599 -466 148 127 -963 1215 -496 86 1060 125 -1480 1426 -362 716 -253 -80 777 -150 -1544 -870 -1222 29 -570 -784 1191 -1474 113 -524 -38 1392 35 1069 -342 -558 201 -1579 985 94 159 -389 -367 -45 -832 318 673 -140 -570 -771 -553 -670 1022 -406 -2 -501 204 -1057 433 -115 -310 156 -494 208 -200 254 717 168 128 -2166 -465 -1147 -142 718 -1480 -367 -330 -571 -1319 -1059 243 -220 -89 92 -376 715 -993 187 787 -394 -140 882 -293 -99 1046 -895 -93 35 327 899 950 -188 -696 413 -448 -8 -752 466 743 440 1326 -1462 -1271 -1141 -128 -710 659 292 409 -758 853 529 898 167 -1482 -976 407 731 -218 -1121 352 716 637 -305 805 -1311 -1008 1036 -818 -184 -1538 230 585 90 51 -351 -497 816 605 -858 -602 319 582 888 172 -1133 -788 -520 328 -355 302 119 -95 485 -1234 -39 467 -623 -2365 1815 -593 639 1596 -32 -1872 530 -581 -556 110 640 290 176 -182 -863 130 496 369 -765 -675 376 27 710 1015 -883 776 -825 159 85 108 225 -616 -476 -972 716 798 769 1373 -1222 1016 -191 376 1240 -177 188 -626 -376 455 320 -157 -916 37 268 286 -1001 -1261 2023 523 1031 667 806 212 -1953 -1063 -311 -580 295 531 751 -62 11 611 
185 -1014 372 -182 670 -1034 -113 177 247 -982 209 655 -631 -375 113 1401 -195 1471 87 744 -94 -262 -562 1081 -77 -560 343 22 689 0 63 -888 -800 1752 -1835 -694 -1170 -382 1603 -344 -1151 529 -782 -892 915 -147 869 -260 334 -808 -1735 557 313 -645 -502 962 -614 -1285 -1090 -752 -747 1263 -897 -544 664 -497 487 -189 -178 600 -314 -117 -497 -658 -633 -19 572 -262 424 -800 -631 -683 1247 1280 -118 -276 -281 -178 353 -469 -363 -579 318 524 -217 -524 -2 -357 257 572 570 -623 895 -858 -85 -272 -585 81 776 -32 -559 -654 -1083 -808 -681 -269 -441 85 -926 550 740 -986 -142 -551 -1252 -181 -1322 566 -530 -95 -318 -880 321 -57 -331 -23 -204 658 37 556 210 -411 -834 41 -171 532 660 140 234 243 -705 -23 -972 -432 72 674 1688 -822 -431 1513 -341 655 204 792 981 -719 184 385 -71 -747 -62 196 -316 -80 -150 544 -147 645 454 -930 172 -475 154 203 1077 138 -2037 -268 706 -728 638 1514 787 -137 -306 612 771 371 56 2104 -634 1135 -433 902 809 -283 -1201 -343 -164 -527 1111 -58 42 -1050 -13 -582 547 -808 -1391 -193 -435 792 -573 525 -252 -480 72 1433 -78 -457 -421 -576 -646 514 168 668 -477 -1368 1042 60 -995 -384 -792 1616 -38 -1087 -226 -370 397 -689 -508 65 587 -263 -381 -881 260 -295 170 1227 -797 1120 -718 113 -436 597 67 3 859 153 1202 663 56 -89 -775 533 -1011 208 -979 1682 443 183 -211 -695 -457 346 -367 504 -379 -69 -456 1132 788 1028 -1346 -789 419 919 -730 -717 -536 365 -65 281 -686 489 943 -529 354 354 -375 -628 -32 -857 -913 535 829 -1347 -442 814 1273 -309 8 -230 -47 -408 714 368 -850 -589 922 325 -505 462 -211 -446 -979 -1235 134 733 -787 23 1237 -450 -891 1327 -236 807 -613 -731 -239 -1059 427 86 114 402 890 230 296 887 -1103 302 -412 -343 308 470 1571 551 -68 -1211 -226 -1378 -656 759 -504 545 -390 -212 -450 0 -548 665 22 -277 408 33 224 344 -97 -97 648 -310 -1030 -1287 30 -920 -430 -193 25 1437 
-523 -44 598 61 860 1 1 771 -2124 639 -1141 -19 -4 -284 -1171 288 -387 656 -122 276 290 -46 785 796 109 654 16 -242 -286 -105 -107 831 -860 297 -1248 846 1677 1286 165 -28 234 527 -423 -66 888 -264 984 420 454 -119 -666 -1038 323 293 968 53 -1029 148 -347 -254 646 -252 -404 991 377 381 643 -18 -161 -92 -759 -677 -592 -79 933 402 -773 -588 -1203 890 -787 225 -340 -787 503 -46 -1225 441 -631 -682 -385 331 259 1892 -200 -214 -499 -1162 746 454 -513 1023 -739 -120 -71 -1173 542 -905 206 563 264 -1157 1333 -478 676 -901 306 39 771 -1315 -712 -14 697 -177 -656 -426 203 255 1217 302 140 753 366 616 -860 239 59 -257 61 656 286 -438 795 1094 661 33 -939 177 1253 -277 -114 -334 994 77 -259 -217 -565 1328 -452 -333 -731 -421 373 333 -522 505 315 795 442 -125 42 -72 86 285 -169 -272 411 -641 677 53 -737 14 350 -216 148 852 -534 -61 384 118 -439 238 -1243 -865 -182 -128 104 -1004 1606 -282 415 513 190 143 238 654 133 -705 -1174 -435 -829 -4 -416 -770 -2167 -139 -1006 175 1144 209 1257 -790 -384 336 -38 510 -331 -942 -1786 -248 -783 -1038 -405 -147 -1300 -413 -515 -943 54 123 239 -211 -309 -1186 -504 2247 -147 789 -357 -904 329 -146 31 -1704 -888 -1709 -692 -150 1725 -542 255 -156 653 -258 -838 -469 1064 -596 -1320 -43 -1620 -69 -455 0 -930 79 -259 1114 -278 650 979 -512 951 -831 410 -721 -86 264 859 327 628 6 181 801 746 -561 -205 -538 434 -171 -560 794 410 701 577 968 -754 200 -941 243 -346 1732 1180 -30 -281 -428 571 922 1363 1135 541 -365 1400 -1594 427 -293 -697 -261 954 -790 -416 377 1464 463 205 763 -65 650 124 -154 641 -176 -741 -465 -457 -810 -223 -1675 296 -178 116 294 639 -50 -678 -66 1 -1231 1006 -864 776 287 -525 -780 -926 24 508 1716 526 -1235 65 309 -729 493 588 272 -486 130 74 119 -1669 -809 -672 471 -430 206 2004 -17 -1123 -30 1145 -964 -127 -32 -90 604 724 -574 -55 144 
-446 25 1342 -422 -533 -1039 -301 -96 20 151 699 1175 -413 -139 67 -803 536 351 -36 1186 -1202 334 1383 -524 -951 154 -76 -1118 -21 -338 217 691 -558 158 142 -12 1032 375 -625 -437 -470 -692 274 -226 443 230 -1076 -290 641 -692 772 -402 276 -177 -104 186 46 107 837 306 -294 -154 -96 -1072 -766 -1944 253 438 719 -84 537 161 741 78 183 -73 744 13 -332 498 1073 1868 -1171 -522 -540 -156 -230 477 1095 -701 458 102 619 717 -365 276 -643 971 289 -244 195 37 -1293 146 -63 821 547 -503 66 391 -107 -641 -1533 -53 344 197 -1060 -1085 334 -1087 -590 -28 -788 137 689 1208 1031 1077 -632 -1143 -536 1359 553 1060 -764 -530 -211 562 -540 -341 -479 874 466 113 -183 -671 -1146 143 -1191 324 479 -1350 -60 -31 -965 -556 -141 -317 -660 694 457 -420 253 -283 -2006 290 -507 -164 -336 434 -353 1052 224 2197 376 -319 -317 450 -524 -991 147 -596 329 -155 -352 405 -636 1078 1486 -47 852 753 -342 -45 -628 448 -230 -214 1125 -914 -53 -1071 109 -185 -263 183 1894 -1013 -894 909 112 -702 601 295 -234 1354 27 -365 -24 -619 -495 1463 -3 -281 -662 542 663 -376 744 1158 1417 291 -1016 -218 -1705 -256 355 1880 474 -497 673 -914 554 -1362 -2301 372 1298 -1143 260 -823 -52 1434 -395 362 146 -360 -1499 105 265 -742 894 -7 421 102 1047 -1762 -537 1033 198 -813 -549 815 -270 305 188 147 -1279 -900 321 -575 -1664 805 207 936 388 132 -505 -213 -43 456 -283 -224 -725 -765 252 152 148 148 486 825 -733 -129 1361 -327 -1010 896 146 41 -407 178 464 -580 134 91 578 1633 218 -413 -47 -585 1028 436 410 163 295 -343 569 714 551 -641 -1676 -272 677 790 1354 -23 318 82 -1364 19 -385 45 -719 645 -72 266 -97 199 1190 1210 393 -1198 -359 674 -219 383 -1072 -1551 586 657 -67 1255 7 -136 433 3 -442 577 -295 -130 231 -513 201 -31 471 531 -305 1215 1574 395 714 -542 51 -595 -1214 35 -1595 76 -898 -333 1208 -278 -212 760 854 -465 -382 -602 -932 -940 
168 503 -104 -56 -2084 1480 795 -639 -227 960 -1276 -399 558 916 328 249 430 817 687 1112 -349 30 161 -548 284 -198 73 1048 1168 234 -573 926 576 -292 -207 732 -894 585 -397 -1186 -43 -349 195 422 174 -448 -112 -291 -1829 -982 -414 -865 859 -465 886 913 -114 697 -360 411 -642 588 218 460 183 -156 -30 171 809 74 539 1096 989 832 1110 -771 -984 -632 932 -343 466 1646 -220 -601 -239 614 1000 243 278 -865 586 -819 -398 531 -242 -1035 -2297 -5 -8 -407 998 -116 -170 -540 -206 -1110 -956 252 957 -666 -178 44 -463 -1802 -297 271 877 -892 -839 412 -1438 935 136 -891 -761 268 514 -161 -161 29 -674 474 -748 738 -2254 -498 -939 590 -1234 -384 -615 591 -533 420 -835 -566 -389 738 -838 878 -932 319 -1150 -100 -976 -313 969 30 -578 112 323 212 122 -180 -713 -80 -316 -10 -398 434 -182 -66 48 -49 803 835 -161 -1616 -362 294 9 -95 714 -241 741 163 289 -44 156 -466 1723 -25 -689 -140 1584 -499 -1136 454 796 805 337 369 -548 464 -516 -637 -380 -204 773 -579 -829 826 -636 257 266 170 -1250 341 -540 724 550 -114 -1004 158 1623 53 446 12 -288 1014 125 792 152 -710 -754 1032 -803 -243 -634 1184 7 709 -544 -310 109 1594 174 721 -421 -542 -370 -753 -233 -750 -668 -492 387 511 692 360 1431 378 -1538 -572 517 -964 -51 393 794 -290 -239 -137 -213 -1243 184 1924 1796 309 264 865 1532 -434 -1008 -1024 -806 822 299 -399 339 -619 -565 1156 -142 -991 428 -425 476 215 110 -108 31 286 -643 -541 291 -753 1957 504 809 -977 -107 -355 825 -1405 -1295 668 83 874 -292 -798 -119 -209 675 -662 729 1289 1010 409 876 -656 946 801 651 205 293 1465 -76 -1264 383 -295 128 324 -653 -902 573 641 -1110 -1122 1027 -1025 1841 -615 -245 637 -601 353 803 469 -17 -1094 -1121 458 1383 971 -1280 874 -105 -845 -802 -1067 804 -409 385 838 228 -890 -610 -589 -479 1204 -259 972 -459 -340 -282 309 778 -758 -128 706 117 17 59 400 546 -779 1247 -818 -96 -593 
-977 -351 -1226 -654 13 1229 209 103 -171 -175 -1075 -228 814 -1091 1682 -488 -892 1355 667 821 513 5 -549 -53 521 41 1506 -161 -367 73 -2188 -25 796 68 -740 753 7 -506 59 -395 -968 -2153 -244 1752 777 985 1199 -163 1068 -1426 -696 1480 178 -85 -346 -1166 -893 723 -1153 -397 -1887 -201 -800 -411 33 -151 1038 -1193 549 -31 1021 1672 -39 583 -314 -974 -907 -611 57 -175 -717 -581 57 -12 -512 -75 -249 536 -429 1068 -223 -582 -1297 -517 -1098 791 -185 683 -370 579 -284 -1938 -467 -406 869 -175 -276 -503 -400 1662 1272 -176 -471 1539 -137 675 -279 48 245 489 940 -1963 273 827 -123 34 1896 327 1088 -171 -306 -1093 -1029 -265 -816 1159 -323 -673 738 373 -416 367 -701 -598 -116 -1645 643 -647 -608 -783 -898 -1303 669 -1062 -194 -581 59 -422 228 -348 917 -1384 -68 -191 474 -504 -28 819 -296 -535 470 343 -74 -278 1084 376 549 -34 426 939 809 1158 -341 -440 -225 15 974 313 228 249 -62 43 269 -34 464 775 -890 -326 -1144 -268 338 754 -215 -815 18 144 780 41 724 -283 -1086 829 746 -53 1053 426 -1646 304 -1784 1028 -476 -659 39 63 571 1077 650 211 1023 697 -1356 959 -1812 419 647 99 -873 -122 144 -54 1291 -480 487 143 1215 1292 -323 845 -1109 924 370 1097 75 -183 -1573 175 928 354 1028 -923 991 279 -1137 -528 -457 -168 1037 2024 -209 -712 -304 1038 -128 -510 917 540 1148 -1103 -124 466 -590 799 561 -968 -1074 224 -42 163 -808 979 308 366 -1906 -461 -1123 -820 718 879 -752 888 1143 -680 -178 1270 742 -715 660 -353 815 1157 -1548 -428 -1519 -191 -15 396 -679 598 221 1074 558 804 379 754 -194 1519 472 -495 -739 407 -131 -850 53 927 1519 1469 -347 38 -719 -317 399 420 -581 6 -215 84 648 -1558 -1341 -347 -843 564 320 1214 401 -888 -722 -201 1327 -548 -1640 -32 -144 -1050 99 -477 -1292 -715 49 -1090 -614 -228 -852 905 -484 118 436 876 40 928 -290 -1197 1473 1583 -244 -330 297 603 1731 -2 -1773 -803 -845 -481 120 434 -331 -1326 83 85 
312 872 -315 794 98 98 265 895 -212 -461 -347 -187 -564 -886 -87 534 -123 -337 821 207 -34 703 421 -549 -344 -282 655 90 789 1084 -478 -119 -614 -112 1908 292 -391 591 460 -529 621 1242 -683 147 -159 1201 26 1110 155 30 603 -456 546 1228 -788 8 -15 -335 1083 -259 1333 403 -801 1092 -972 -484 -1847 -309 -115 47 -584 -834 -848 1484 -42 391 629 274 -959 1307 -447 -64 1086 916 560 1284 575 -455 642 -928 452 652 42 266 297 -784 -1072 337 1990 -448 -131 477 -656 -141 987 1109 -61 510 635 -598 791 -292 -40 -217 64 -239 -376 -88 -326 94 -504 66 346 -878 190 412 -3 -1004 -98 289 1432 287 -569 530 -139 725 -126 1260 2001 -728 -273 -243 -978 442 751 654 -233 173 -996 1051 488 545 -515 -370 -475 87 -559 -107 393 -477 -614 484 -146 -810 231 435 -280 181 -616 168 260 -477 -494 1300 -288 -812 -1586 10 -779 662 84 670 -534 -641 840 1023 -999 -1250 317 940 -72 -659 1023 -133 1002 501 -519 830 -49 -278 -729 -1355 334 120 854 608 663 -242 372 21 -488 -1014 -543 202 -714 -62 210 -1304 -728 135 344 55 725 508 -69 937 635 -898 -1373 -602 -79 -1545 -1421 -145 -557 -368 -743 -1358 935 445 5 719 41 226 -1548 1211 -106 -777 297 521 333 -601 266 447 -884 729 231 144 915 -218 -409 -88 -664 802 -937 328 -128 -732 224 178 1684 1365 221 -1510 -387 -663 679 1238 -591 1398 821 -131 -949 43 -1402 67 12 -387 -702 416 -1228 439 -1064 705 1760 824 -502 -577 150 -43 457 -1578 23 292 -534 -1164 -1180 348 -1541 724 313 -364 -123 598 106 187 984 516 131 -567 239 -91 -1482 664 -1189 176 408 -317 838 -792 758 -515 -168 66 197 -1241 -393 -759 664 -594 999 652 132 -376 110 -544 1299 360 -30 -152 673 -69 -115 908 520 -649 359 -891 -218 642 321 -478 -881 617 -444 266 -512 253 35 -223 1034 -524 -1189 99 759 124 1524 835 223 -755 -1202 192 4 -377 -19 230 -520 553 -628 -9 1207 336 -320 -296 -486 843 144 738 272 1227 
-325 -48 -132 -926 399 212 -361 819 -938 -40 -1016 200 -267 172 -1798 740 143 843 896 92 -262 -831 5 -870 -68 169 -217 1207 -179 540 410 398 -326 -1098 -206 -218 552 677 -312 -216 -984 -120 477 -969 -761 419 -1387 511 -285 -618 -588 -232 -869 115 643 -129 -93 415 -310 630 769 1105 -497 320 -166 -1529 -794 -1094 240 -605 815 -800 387 -249 70 125 -29 274 44 547 1525 -155 305 278 626 16 1404 -734 1502 -1511 1386 -1048 -589 -327 565 -737 -943 -61 235 270 1178 477 -988 572 -999 489 900 -1086 1813 929 102 -47 -1408 -1755 1703 686 538 -785 88 -108 -432 -101 -527 295 -586 -613 -692 852 -47 248 1404 804 -1289 50 -1763 -1068 659 85 773 526 466 153 -696 -709 -550 59 651 -80 335 325 771 -1296 45 1836 -667 1734 1000 131 1411 1203 1091 1361 1261 1247 516 236 -654 115 -555 452 -72 -27 365 50 210 350 488 -680 -14 189 -284 37 415 -1101 1564 871 563 997 1238 -2047 -754 767 851 120 -79 -236 -1261 -157 -204 -143 -188 1042 178 345 -175 -459 -956 -424 393 -243 883 351 -374 -269 -342 -1307 -230 651 639 -680 -22 1565 514 851 -212 -503 922 -1062 -770 958 101 509 782 -113 35 -1050 -955 396 -94 -354 1004 -168 -321 645 68 -95 -611 278 -809 -121 177 1027 1590 43 651 -265 535 154 -927 534 196 92 290 478 -446 -263 -121 425 302 1024 192 -135 -889 -1002 588 525 444 -225 735 -91 485 -567 -1315 1 683 405 -20 1122 188 -501 133 -117 323 74 -736 -1325 883 -351 -599 1125 -200 -1084 175 824 -496 1336 775 -1252 -1586 132 181 -272 -1342 -195 49 13 -293 -1518 1087 1284 -191 415 -59 435 339 -298 843 -265 828 531 282 603 611 1640 -176 1571 -64 -1268 948 -631 -484 775 246 -99 -442 329 567 1193 -265 56 470 -348 -677 -818 890 931 1623 353 1641 -631 369 -1820 -498 983 -110 -120 609 367 -691 -1864 -664 -202 760 -4 -151 -582 -260 -18 -659 56 -345 -401 -833 -541 -672 288 8 -605 321 -338 825 774 -48 -270 -75 -984 -289 620 -494 -224 
-249 896 1519 -286 -226 126 702 1489 -943 282 923 858 153 429 -333 -503 -272 743 413 -384 -1216 -102 -818 368 1639 -944 -1140 404 -571 249 438 -614 -507 -1456 527 95 -510 -154 1719 -837 -435 281 -682 1140 -50 716 -1422 -118 809 -252 -445 217 -942 -68 -36 804 -593 -669 -307 445 299 247 936 -273 455 -300 221 464 -467 -1337 -511 1153 -191 -1530 -658 -41 606 -629 -115 251 -598 117 -77 -583 1124 -182 645 289 -971 -186 -1571 941 -1240 1076 1518 372 358 90 1039 -927 -291 532 691 -751 1057 143 -225 -73 -299 993 -515 682 -1481 128 476 321 -786 712 -677 -218 341 -1425 -828 885 -96 581 -117 391 -48 534 410 338 67 49 -215 -228 -1789 269 -510 -343 1088 -72 -242 -770 195 533 580 1351 -5 228 -125 591 -357 286 1153 498 -410 506 325 255 -2 405 -539 336 947 1285 695 1026 821 -185 423 -659 29 -1165 76 -388 -665 1297 -22 -553 -479 1188 -692 -176 507 -254 369 -327 -1589 -60 -69 387 -13 -1475 -557 475 633 1406 407 287 631 -361 -2274 392 675 -116 -1069 -672 -645 339 425 -1119 180 -805 1390 -706 524 -657 -247 -876 -636 75 54 755 -287 -334 -575 1775 -245 -367 305 -1471 -26 -176 522 -489 -234 -20 998 620 -252 -7 -454 -1604 329 -289 -389 -145 297 -1422 -236 -856 -605 -570 537 -411 -808 -110 139 -132 -100 -11 214 -467 628 -301 564 631 1295 -1344 58 -71 170 550 123 431 -945 -28 -1183 -1068 199 550 -457 1435 -307 -88 -1659 -768 -849 89 -374 -284 -113 -215 192 213 -244 1422 -17 139 240 281 305 990 -98 -1457 -898 -52 -381 1462 1606 1424 1762 572 1295 -308 865 -930 233 1528 436 -230 998 -127 -611 -589 162 231 -252 -1261 -835 -1609 -1291 -628 -338 -20 -404 -672 300 862 -1189 -314 457 -417 -84 32 65 272 611 -144 -993 -657 -717 263 -505 -812 215 -1659 -1657 -268 -1446 503 -209 763 373 -1461 668 456 1110 638 109 -1981 749 -421 176 -705 359 -385 121 -415 -86 226 -324 1217 -31 999 890 40 -981 140 -409 -290 -429 34 -234 -305 -384 649 -747 591 
-239 -913 1687 1272 -5 39 -104 -495 -49 226 1091 481 -338 -292 -1773 1188 849 242 -1323 -134 -321 -1511 144 757 271 1146 278 -1406 -534 1021 -951 1175 340 -978 -143 738 -436 664 299 706 -270 814 425 1058 -1031 -1185 491 345 -113 1556 -437 599 758 -531 1153 -252 -383 -254 -956 141 1235 834 -1172 -261 -144 -245 755 -549 996 469 815 -746 -169 -601 -96 -1287 545 428 136 375 -146 -473 72 410 495 225 255 -1354 308 92 1026 -1029 1370 -1190 -1754 -370 866 986 -307 -480 1089 552 940 620 97 800 -534 635 83 108 183 802 241 -41 -297 -382 -320 -11 855 352 -690 162 917 631 769 -1008 -67 19 -768 -321 -1488 319 -238 36 -200 -532 452 -265 -76 960 855 616 -1212 984 156 -616 304 271 -1374 -453 -238 -637 -802 1443 -965 974 805 -758 629 109 -950 -1166 522 645 749 -4 -1376 486 68 -577 -455 -926 263 586 -1991 -411 21 974 -1339 160 438 817 377 541 -72 -921 14 142 470 -811 -482 -829 -1355 266 -1276 109 -702 -941 -315 531 -1539 1396 -83 -436 -258 -354 1113 -350 -415 536 33 990 272 -862 1078 1022 -644 1442 -743 -473 -1587 -17 748 432 -1275 -355 762 1218 -740 -491 937 -585 -909 924 -1117 -242 520 729 475 -569 -1083 283 444 1430 1201 817 -73 -745 -161 1425 109 1355 1741 -1388 -104 573 398 -855 -130 190 565 -948 -113 -496 649 -160 877 484 655 981 -964 430 -88 -813 -108 -334 330 -260 8 419 -222 306 504 700 -347 -136 742 -25 -64 268 526 -167 83 -143 128 819 260 -190 387 101 -1303 -952 173 -111 -608 1118 1298 -1513 790 240 -66 730 -321 272 -1526 626 -462 -325 704 -753 249 96 -249 -661 -575 114 658 191 133 282 1292 -190 -53 -682 1546 -912 1371 780 -320 -498 489 -1049 -1150 -658 -603 721 -301 -148 1321 796 433 389 -1154 -165 -235 -403 354 850 -330 -800 74 -557 305 771 -551 494 -1567 -22 -1158 -1435 -305 -223 -473 79 -434 -1053 747 590 -497 -1175 1464 253 -1564 -889 439 54 103 -403 1304 329 -611 -83 937 -176 -669 -242 379 -604 -1188 -740 
-1465 721 -265 -525 -806 1072 541 74 -602 -283 -1330 1540 -3 -192 28 40 104 61 1412 -308 -467 9 1606 1381 -224 -937 -760 585 -569 1018 440 652 -155 -991 -518 25 487 -510 -274 -57 -605 973 -352 -321 273 -600 781 1646 -221 1081 40 -614 -574 -1150 -334 1079 -743 -472 -517 357 -112 284 430 -926 -59 -779 142 -626 -938 548 728 -1353 -502 -1077 -327 -740 -487 188 494 21 -261 966 455 -182 -1122 301 -355 1280 -312 -1208 729 -842 -472 -1110 639 127 674 -435 -117 769 242 -346 -263 2 305 1174 772 -1360 864 -72 -527 355 -958 -473 -36 335 -401 -510 -412 500 -293 -466 277 -811 195 -635 237 -53 -450 -914 599 -903 -146 270 -251 377 466 -249 1156 -158 1032 604 218 -953 96 -207 1613 12 596 559 1482 109 1508 -33 1498 -192 1049 726 1088 19 1208 -221 323 931 1188 872 -781 711 75 -516 -1067 -374 225 164 -752 94 -574 377 35 -914 -731 -249 -266 -571 -496 857 -671 -637 -1324 184 189 131 -916 519 -566 1183 -414 526 -1108 680 1371 -137 336 -299 165 -585 -440 284 949 698 -878 1238 -292 243 -254 -163 -628 387 1504 -443 153 167 15 -206 192 -88 -214 -763 -783 -484 785 -475 1413 -261 804 -532 -667 -265 771 -243 544 -642 -481 552 428 -337 -92 -185 224 603 -626 848 0 1065 -422 201 -112 -1111 -665 -81 599 -599 73 -1228 243 -848 578 -1482 561 213 274 -370 -234 579 245 -1135 -1191 -847 811 -216 -972 -869 406 -951 297 292 -1082 225 -35 -998 -900 -891 467 1160 -489 433 252 576 -1458 273 -556 -476 -26 -651 454 600 436 -696 -812 -138 1567 -631 -572 463 -5 -59 -591 -853 178 435 807 -370 303 422 -111 198 310 33 -630 1830 500 180 -79 2061 397 -159 -255 -146 953 -537 -1294 -314 -353 -1253 -59 1357 238 1393 52 -839 -618 -676 177 21 492 402 -872 1429 -214 224 -344 -1789 1064 -177 -339 -714 -1780 561 590 -254 -567 406 -252 -108 716 1623 -322 614 -1248 196 1314 264 720 1049 -141 764 -860 857 816 157 -293 -320 -70 437 171 78 -672 226 -195 -1197 
-918 442 1012 -55 -491 -1704 962 1002 431 366 789 -1624 1460 362 226 -368 855 394 -212 255 910 -294 -59 295 861 1048 1093 -199 -2347 280 -1915 524 -87 607 1181 -1098 665 -124 461 -419 -380 719 395 777 -176 2139 -779 -1056 -71 -430 45 -929 672 -428 47 1837 -531 306 -643 -17 -713 -13 82 179 -656 -216 788 -366 222 -665 -698 -693 163 -70 -88 592 -713 464 -1121 -642 -295 -269 442 458 -1023 -1335 -316 -381 -455 -669 -110 -734 -304 -1090 35 369 1840 -506 671 1463 -1784 -359 103 909 643 -521 1501 -129 271 389 390 -236 -634 607 294 1420 -615 -864 -604 -532 383 -112 -23 -1018 -909 -933 -22 1069 -64 654 948 496 -7 142 -1396 1391 -1032 -1519 911 -415 -1888 -3 595 1383 671 -1137 1393 -363 30 -1460 -166 -580 216 -248 -429 -47 727 688 -108 -237 942 318 -72 78 877 -632 -26 -924 507 -577 1 1033 596 149 -422 187 -401 -45 -322 408 304 -401 -2599 170 689 1268 -83 570 -710 -804 296 -687 301 -311 514 -82 234 -860 -433 501 -753 -229 -761 168 -861 853 92 -820 432 270 541 1381 549 922 -128 10 378 -119 -935 -711 -638 1948 816 -345 -2030 -1002 -671 542 -989 334 235 522 340 -315 -1813 963 -45 -302 805 461 1439 419 34 -432 881 942 -66 -677 405 -458 257 873 -201 -742 -153 -71 -125 -54 -28 151 -114 -1343 -671 20 -266 -423 436 833 -382 473 -113 63 -440 1430 163 2320 1105 1246 602 1143 -1104 -762 482 718 14 -427 -1647 -711 -220 448 292 -773 -102 1413 481 -1415 -88 -415 147 511 871 -284 -50 -751 -37 -1008 -644 18 156 54 105 564 1524 -12 -204 731 964 776 -482 -105 -1186 -1357 -845 -934 -1034 -321 -144 -670 204 104 -227 -705 -37 -753 -868 -3133 188 59 535 1085 -517 1496 309 1210 696 833 -268 594 -661 38 -408 470 -586 1675 -186 -266 -94 -297 -66 -116 1064 173 -466 219 -2112 -584 557 -1447 -532 -1074 -963 -622 -836 -562 36 117 974 558 616 864 -656 913 -147 966 569 -1077 423 -642 -826 -40 -765 -919 -1920 -161 -1140 242 771 98 693 824 
-1215 270 -259 330 -4 -811 -565 -1144 -65 127 189 702 -40 388 -622 -221 630 -52 557 71 219 604 511 7 -801 -40 852 17 444 -968 -302 748 434 -194 -643 -549 982 172 -880 -449 313 1310 -1063 -1242 284 -378 -1055 -1447 214 -97 577 -1011 1296 -735 -22 1059 -994 195 -204 522 -7 11 -712 -187 -900 -926 -264 802 300 509 -233 665 815 -620 202 563 -537 -771 1152 -545 49 535 -129 -1837 -1982 -354 447 -332 -1469 586 1607 -952 -589 -850 237 417 -349 590 -797 781 677 -236 274 1002 -361 683 491 269 0 -1286 50 816 -284 -70 616 750 -388 -2323 556 1097 -498 -461 -109 826 -51 1084 -539 -1050 753 -269 -417 806 653 -617 760 -1189 -738 502 608 533 -623 1084 -156 579 -1017 -987 -541 344 -222 -798 150 1374 799 957 -569 -425 -480 -421 -270 254 1549 102 -525 -308 689 394 -244 536 1804 -1223 -671 215 234 856 -1309 348 -957 101 -940 -1737 479 -986 1218 116 -886 517 -1145 -117 -912 -202 1434 90 80 -679 -647 -111 -726 572 461 601 -1008 -197 -1012 161 -231 4 424 -784 -1335 -287 -54 -834 -766 -629 515 -623 -1227 -641 -264 47 -246 747 -400 -528 97 -451 -752 440 1060 1762 368 75 -128 -571 9 -315 -731 776 -50 378 238 397 1251 -752 -764 810 -1060 447 470 120 -1487 592 920 -261 1778 121 -1222 1324 -351 -154 1138 -384 -109 -313 31 -434 60 66 -947 1253 -1059 564 -1563 1180 526 -151 -283 -866 -96 -1023 144 427 -7 -1280 725 -1084 785 352 741 -930 1556 264 133 -206 361 -1062 -199 -944 385 -11 -549 -1017 -223 -1082 -409 -705 694 -945 63 -575 1019 -289 876 599 395 -477 -634 -1446 -183 -825 -718 59 601 -935 270 416 -525 427 -234 -890 -522 512 364 1146 -862 1482 -611 -524 273 -392 -1172 -502 -245 569 -21 -1932 -1340 495 1376 973 -320 -501 -2083 874 -1692 -119 681 159 539 -517 555 -564 -8 519 1206 -2520 672 443 1182 -83 39 233 848 1552 89 -1450 57 -983 277 -539 -114 485 -1760 646 97 522 -620 -340 -1320 161 266 939 -119 -1155 393 327 765 305 -24 272 
-393 -1027 932 -1257 -1050 -147 585 104 -1244 -628 545 -2284 -956 1119 697 -786 -1025 54 588 -543 786 -363 731 159 -888 -926 -1199 1097 -777 296 227 -215 -62 211 1088 1046 -959 411 231 -161 -354 -175 -461 510 -684 -1452 -646 131 42 -45 444 99 102 -289 -1058 -6 -360 -808 751 -1515 -1148 420 1712 21 -621 696 1509 448 -544 211 -143 -21 460 -467 -51 845 1448 -168 143 -168 217 -902 -224 872 13 983 -409 56 1009 1283 -68 204 -1747 85 -1132 558 200 -25 -233 673 -311 344 200 -1693 -296 -320 -562 -265 -163 1147 -773 -643 289 -1047 -611 453 -145 -72 -437 -62 457 -1011 59 -834 436 1216 309 407 -273 -1488 966 -529 441 -973 -380 1037 -721 1082 -250 557 -1005 174 -822 -749 -653 -177 124 699 -388 -1134 455 152 505 -188 963 -2280 -514 1019 -2144 508 -335 -1613 224 -791 661 831 -143 -859 314 258 -92 100 324 -163 -47 1054 758 603 -330 17 -70 -54 402 222 -323 750 -419 -404 405 997 -234 403 411 -1255 -439 304 5 -852 1167 373 189 365 1276 17 -752 -816 366 -438 402 -329 1060 -194 134 437 429 -735 740 -24 1256 -1015 520 6 -96 -80 1395 -415 669 913 656 -831 400 -522 949 -978 -168 684 569 747 60 -369 95 579 -88 928 174 -1246 644 899 451 -372 1129 -451 806 -958 -150 541 1228 428 -791 63 339 1445 835 1189 1264 -295 -47 -232 -191 -207 -545 1465 224 353 1712 332 73 -710 1274 204 -180 864 177 -977 361 -239 287 -412 180 -224 22 342 523 -572 -1412 1144 1266 -458 254 90 -735 -590 -109 -1878 -1046 -1195 -358 -424 -615 408 -645 -171 717 -516 -784 553 -11 487 159 2 465 -9 -366 1063 168 1433 -229 891 -1075 -948 -453 1271 163 -1511 1028 187 208 -485 -1495 1394 978 59 -250 1265 -759 274 111 734 238 335 -563 365 296 -300 -44 1238 1273 -400 1284 -274 588 -36 412 279 1048 -336 44 -448 -535 305 -1040 -879 -502 -250 608 2096 424 -793 -865 304 -1216 456 -307 -264 382 1329 -385 -293 1027 430 -28 73 276 1097 235 267 -49 780 812 -730 
345 961 109 -299 -1018 510 1303 1207 906 504 1171 -93 -63 -506 976 -438 -677 -884 -838 -167 -738 -967 -644 61 871 198 -1298 771 566 661 597 -505 1233 -426 1283 193 -875 -444 20 671 -458 926 416 1119 -272 -1024 402 561 746 -626 -898 -415 962 -652 350 39 25 221 929 -1032 -587 165 -528 -49 374 -392 -51 -52 991 -1321 89 -491 -454 1469 2194 -541 902 1158 194 -725 701 307 31 920 -689 323 -1147 152 -1421 1005 934 420 -582 -551 -240 1576 -806 -563 48 486 687 -1099 1236 -1299 -600 824 16 15 -269 -474 673 141 44 -1584 -1082 492 24 71 -1138 -67 -3340 -1008 72 -999 -297 -1030 -470 1799 0 659 281 -357 680 -211 396 1875 852 -908 -256 184 -796 -386 -94 -475 -208 -957 -544 -400 -396 250 699 1470 848 -1363 563 206 -200 -282 -611 1031 -459 533 -275 -212 -901 -673 260 284 327 -764 -425 554 112 591 -117 -101 -41 -339 319 30 871 -755 -430 403 411 296 36 -745 -959 1242 -630 563 231 140 1512 -508 -268 953 586 788 -192 658 -921 -106 1060 841 -173 -1092 -674 -8 -930 733 735 -544 437 280 -853 -184 1426 -144 -190 -5 -778 -912 658 1002 1550 -1562 20 1427 -376 -546 -17 -727 761 934 -229 222 -931 -927 -579 -1207 172 -619 543 397 -404 -1072 2433 596 1341 547 101 35 757 327 586 -1635 -33 -418 585 332 428 -841 -1299 372 967 -2224 42 489 104 435 -1061 57 484 193 -1278 1456 752 257 711 -983 217 1281 628 -868 -349 -501 -1288 681 -1146 -658 189 1351 -233 -621 -117 -229 -293 -1118 813 379 -571 875 144 163 51 -1261 148 -812 688 75 1792 -678 82 1597 -552 -108 -880 558 -227 -242 -59 1134 -554 -741 -240 -451 -1360 507 -428 -681 681 581 -987 239 -144 759 264 485 -166 -118 76 -532 545 448 -103 10 1297 880 -1546 1281 758 643 1082 135 719 -601 -591 494 -511 -976 -270 -272 -337 688 -717 350 -726 -428 -1069 -304 -219 -88 -583 -546 1334 -26 -365 1412 -637 -537 346 -375 -819 859 1078 917 -329 -820 1103 386 446 61 513 18 -1061 1032 135 1263 
-61 223 -107 -135 343 -647 102 -827 -495 528 -234 -188 -172 776 1360 -1100 -1667 839 406 1338 556 -401 -620 -131 -167 124 -871 -451 -300 -556 277 1211 -597 -777 305 425 -266 915 482 -218 -481 -1224 1384 -1247 -497 411 -998 834 1201 -82 -4 1124 -263 -541 1721 1106 657 -319 1002 -839 858 -458 244 -857 95 -385 -684 248 306 -161 320 1255 -87 -345 858 -914 -1594 109 -225 844 -528 875 -313 -29 -434 -91 -177 -809 -97 -463 56 -1001 -640 633 -1077 1059 -589 444 -162 -1060 -208 695 -155 -410 -630 -194 -10 -190 219 -850 -419 -1222 1069 -699 342 983 791 259 -686 295 -338 284 -1281 768 184 -1273 1565 -702 -1219 235 -88 353 -26 1043 -1960 -177 258 958 995 11 271 348 299 -1113 469 -353 -1746 36 754 -437 388 22 319 416 -8 898 949 386 -113 985 -204 -662 -778 17 1577 536 1416 1893 -1540 392 1378 -35 -1144 310 -166 -139 1393 -200 354 -487 1107 900 206 -109 755 -873 272 -1040 -28 -111 -566 -503 -297 1288 3 -265 1031 -43 703 -43 -320 -350 -489 773 -210 610 -728 -947 1243 335 421 -1045 -799 -778 986 -162 1055 -1046 1179 155 -372 -434 -2180 -1161 65 871 318 -443 1407 -414 498 27 856 -473 958 879 -645 -400 600 654 -334 -261 51 -620 57 554 169 301 878 840 -329 -908 600 -979 271 -768 258 -793 -305 -561 74 606 -131 -302 -132 -773 1075 -663 -431 -875 541 434 195 -205 -487 679 -680 -518 269 208 356 -212 -122 -1526 341 -602 -407 -1440 126 0 29 1364 294 -1031 -1046 -135 61 43 -483 -15 10 237 -226 247 -857 -309 100 -352 -1171 -1091 898 1134 -71 -372 653 608 -746 692 -59 606 238 -230 -698 325 188 386 1100 571 -25 208 307 668 -41 51 366 1290 1256 76 295 -273 -77 871 -271 -495 228 -1558 -422 281 -254 -548 1095 -847 -119 473 -122 -956 577 584 654 -401 -623 -875 -897 1489 -117 438 490 -496 -162 -2427 -47 -563 -297 457 120 -195 1014 -95 368 161 -1389 -554 -1084 121 -1442 1148 920 -921 1229 -789 1215 -623 579 -983 336 -818 718 451 886 729 
-779 651 1712 -408 287 -111 -617 1027 -447 1319 444 -635 177 877 382 419 68 1657 1562 -89 -2146 -1508 464 810 743 648 -785 109 -260 -40 5 653 -654 -31 341 470 1324 -197 -265 -15 -307 1511 -166 -50 -737 -578 275 1125 293 -543 -187 -903 -1618 1099 1072 -168 -374 560 -175 -251 1565 324 694 -1134 733 -647 234 61 -633 -134 -147 -41 -1014 303 479 396 930 -2584 918 1284 -194 241 -1211 -814 705 361 1883 850 1580 -190 1065 -20 -210 711 537 -607 -627 -411 -162 -817 164 516 1141 -259 -320 -582 -738 -1 999 -804 184 -158 -965 -1107 507 134 128 -298 -525 1051 -172 -701 -163 583 -354 -152 -1378 958 -341 214 769 -28 280 772 -2223 -646 279 -672 -761 -860 -691 -875 437 -40 146 388 728 1144 431 -51 -368 -103 -517 -168 -100 -925 -119 78 276 -200 36 872 589 -258 -350 2281 1359 -455 2 -153 -168 514 297 -1207 721 -976 -393 599 -7 -142 -135 -417 -735 543 575 173 -189 76 -1306 1093 1149 -480 84 -468 -194 684 -690 110 -350 104 -1060 1315 -446 -353 -209 944 -1312 -326 540 831 -2412 161 -1243 1053 182 -147 -413 -51 -747 218 -589 -249 -367 5 380 249 1228 691 209 676 1018 -486 -75 82 253 -165 873 -147 -379 -443 753 -398 -217 -46 -1239 1333 945 -320 1189 174 719 -1184 1207 1701 -528 -923 104 217 87 -994 95 8 -710 404 -798 -771 -1462 325 -201 310 1030 -462 802 -623 503 520 488 -138 280 -980 690 33 -328 -1068 595 -135 -183 778 -70 -667 -1769 -350 -1064 -569 -289 -357 369 692 155 -767 -433 -593 932 -373 -198 -686 1387 1199 -776 290 138 539 1100 -1251 458 333 -35 -1948 1059 942 -195 291 215 48 97 149 -803 729 71 -179 877 -206 -120 500 -331 573 -1094 -848 507 1504 393 242 527 283 -327 266 -305 -193 1343 104 1326 519 698 -78 -425 -750 -265 -1842 -1125 664 -537 300 -815 634 -378 958 -153 -682 -800 -1109 -474 160 14 1369 1071 -362 342 293 137 -501 451 -79 -172 316 -600 -340 2131 -512 -1210 1515 1279 -469 382 -475 -84 403 533 -996 599 -564 
508 677 674 -765 766 427 -662 -585 566 480 -71 -2333 -631 -173 -241 -805 79 -1659 360 -372 645 -347 -271 -83 -665 842 -739 -659 -501 -175 1082 -525 -102 -300 1129 8 -938 -276 -499 646 -1187 1246 65 -313 -1225 -555 401 -662 -23 -187 457 -649 941 138 92 667 -543 -583 1017 214 258 756 -35 -593 -1009 -433 421 -132 505 -927 866 -384 -823 -94 76 341 -355 -214 -395 -174 778 -839 1021 1876 -1645 -940 71 -1678 1371 182 227 -730 1103 -303 40 679 409 681 -1490 -51 6 -471 1002 944 -337 561 -335 -414 -607 -775 -977 531 1086 -108 -513 -468 899 -908 442 226 -611 -1457 308 -418 -1024 -191 -1083 918 -827 -552 -84 -1208 -445 -1283 292 -361 353 392 -973 323 -195 -556 230 678 350 -67 -195 3 -566 -490 -539 -168 19 -34 -530 15 -436 407 1332 895 290 245 1056 706 109 -368 298 1625 -64 523 -490 655 -461 1606 -188 1345 -452 -272 -845 5 -222 287 -1011 1213 1271 -526 -70 317 -183 297 -150 -679 -245 -563 -440 -1058 714 -629 1371 66 134 -1130 208 155 -61 -746 366 828 -331 -517 431 688 531 312 -112 540 1113 1371 393 -1169 361 671 878 -1147 -796 -412 608 175 -765 -1676 -341 -72 392 1115 -591 1250 -704 -1065 834 831 964 276 250 975 138 -282 -130 225 212 -154 940 1406 33 -799 523 639 403 -871 150 632 647 -326 -726 1091 660 -542 -842 -362 156 2968 546 711 -221 635 344 -314 -262 938 645 29 911 -484 144 -261 936 546 282 -227 308 343 -1256 -318 -7 711 -906 1592 861 -813 -80 121 -752 1375 -725 456 -853 602 110 -1215 -422 -575 -715 -899 -231 530 -78 1484 -821 -605 1103 -255 -92 -1766 -1083 805 -377 -768 -508 -57 -683 -833 -27 68 658 -1117 48 891 579 195 -967 -722 81 626 620 67 701 603 -414 -247 11 396 -659 429 427 -385 -136 663 -285 684 6 -553 592 -552 506 201 -148 -470 681 3 -643 -313 -988 460 -622 -340 -1118 -24 498 -19 -448 118 384 -325 -865 -668 998 559 328 -633 -619 294 852 520 657 -1209 329 -543 -338 601 -568 -323 
840 1243 1370 1218 -136 -784 634 465 -477 862 236 -770 -249 -1337 523 292 -398 926 666 -1306 802 189 -693 -1522 750 374 -111 -275 -1244 -425 -1420 -750 376 -578 -922 -352 501 -44 -420 -282 -1685 -481 -665 760 506 959 14 1236 572 241 -184 -296 -168 34 -346 -675 1191 -2456 896 962 160 1046 379 166 861 -545 -90 1052 -675 -731 369 -1691 -11 -326 558 -24 -271 -598 -488 -938 457 563 -833 1297 413 -566 -399 -729 -831 338 1018 -459 -967 292 1109 688 217 307 1127 961 -834 716 -819 1998 287 -645 -1015 -222 301 101 661 1202 1311 287 349 -296 -162 327 108 337 90 -423 1349 1495 -521 531 400 -705 785 915 -92 1226 -1433 457 -791 -864 -228 463 714 -261 -232 -79 -570 177 -173 -123 -659 472 -163 -458 -562 -435 -1499 632 -1862 -1049 387 -553 -618 195 -357 904 -650 1060 -65 -1203 466 937 306 -132 -391 -698 -631 -383 -281 -258 448 483 -233 -316 -1551 -943 -1074 -516 -129 -253 351 -966 -323 -1224 -1296 -48 -1001 -268 772 -53 -575 -838 -78 -909 -382 -639 454 595 92 -482 224 -169 -309 -289 643 -433 7 1044 1492 511 -663 -65 977 359 1302 342 -1224 1256 206 -441 -199 953 -199 704 318 225 -862 9 174 -781 69 540 -62 248 1611 -57 -285 39 -469 770 -1502 75 -96 454 1136 -396 -560 -1000 177 -69 -101 -417 -135 -115 312 2294 1937 -1269 236 108 112 -66 112 252 -713 -535 129 216 -143 1164 371 850 -494 489 1165 576 -476 1 -1194 582 -85 251 1374 -324 2 453 137 -328 280 -178 -749 -26 1088 254 -930 32 -983 35 -135 2593 394 24 273 -1055 -441 624 24 -252 572 -485 972 1746 -38 847 -558 -358 -486 190 -395 923 -217 -783 -572 236 -1704 -655 327 1417 -436 -268 -111 76 60 -5 -1048 -676 755 -658 1067 311 203 -1411 -442 1183 -57 -705 1228 -368 -334 -374 -404 798 613 -436 -972 -663 -888 -958 540 -407 717 752 22 1254 621 -299 -24 -727 -683 -503 -100 976 95 59 141 -1234 520 179 -110 -1221 1762 333 -477 -332 -1124 1535 601 298 -119 482 1364 -535 269 -343 
670 -459 2014 684 265 -87 -259 -816 -352 1132 -551 -528 -664 765 -735 -707 -461 -1060 -1789 -314 -62 -699 199 -756 266 478 -815 -864 -452 -1009 1211 488 -953 -970 -232 -274 -475 385 -1393 -178 110 -683 -762 -208 109 -735 170 -884 481 299 61 -148 582 -682 809 371 22 -14 -715 846 -1097 -714 -637 693 756 -87 -231 84 599 -1138 66 590 600 -71 138 -1333 863 -976 -207 570 -653 -342 254 637 9 59 1024 -90 -54 -1628 1188 -1754 -182 -445 -573 -31 -1027 1085 -413 852 -37 -227 -129 -56 -9 -43 -1106 230 -935 514 -724 385 232 -1032 287 -148 823 406 -1262 -863 -215 -1406 839 -564 104 -97 440 -584 -608 -167 413 777 706 1403 864 27 880 -146 -167 1009 807 -324 -2016 215 73 -103 -1569 -562 -58 760 31 -576 -117 -903 -285 1262 -989 -84 1517 -172 -241 889 1001 67 -1643 939 -316 -224 -318 1264 320 -1008 158 1758 587 -111 -164 1500 447 939 239 148 1166 1285 174 1918 1181 714 -473 -408 -236 464 -389 -191 -1036 -395 -494 482 1039 267 -530 1082 871 430 -1070 -84 -2168 -716 -1666 160 94 967 904 171 -524 -144 -592 821 408 -781 1865 670 49 325 -653 8 1778 295 -1109 294 -826 -411 987 -73 -174 -1180 -33 -258 -619 1112 73 1469 782 251 415 2199 787 93 -643 -274 489 -288 570 -1301 1055 67 645 -990 -929 198 257 366 487 -282 92 -820 105 1488 -84 -83 -1516 584 215 769 684 300 2201 615 -2095 -578 -720 1707 829 503 -1452 494 -287 -740 -1412 -150 33 411 274 248 313 168 -530 -554 -136 -505 -442 -642 -381 241 357 1330 816 -633 15 1462 215 204 245 1102 -51 -926 24 293 1018 838 97 -531 146 371 -588 476 -168 332 -627 -710 -522 1446 1386 360 21 447 -93 367 -397 -461 1123 16 -29 650 88 199 45 230 -225 -209 129 -257 783 -615 -262 -556 313 -846 -57 429 119 65 -114 -600 1328 -1161 206 -1191 -143 42 -640 577 -536 -1477 1337 -713 215 -148 2383 945 -263 -284 379 -642 -1759 -433 529 -1006 570 -282 652 186 19 442 -958 -582 -614 -342 -774 1275 
69 1096 -1000 -1079 84 208 478 166 382 537 -1458 1674 -783 -475 692 797 -792 272 1927 -661 959 -676 1031 -70 565 -794 366 923 1518 106 -404 422 -55 -169 383 -918 566 -661 -1087 -24 287 -298 -420 -558 42 -1050 362 233 469 -53 315 14 1675 957 -821 -251 1431 1114 387 851 277 1286 -951 -240 570 -409 481 -702 -1739 42 -491 -322 -1023 -1170 -912 264 -602 1035 -244 334 603 -296 860 989 349 77 1008 214 854 -159 674 135 1224 996 25 -135 -626 -848 -125 -344 123 -1087 528 398 1028 -406 418 880 314 -891 -732 516 301 -793 -923 415 -1385 0 178 -38 1931 337 -257 -913 -209 119 -774 169 -773 875 414 860 209 975 -465 -409 1432 -304 -349 69 -1017 195 -182 -104 206 -281 -774 479 -450 -275 312 -449 79 1234 -167 114 1528 -1053 850 521 -779 -49 -302 -1957 1 -537 -293 296 321 -205 49 -142 1696 -533 443 -465 -756 416 -293 -1119 59 -942 662 -580 -1556 -308 221 231 252 -141 1357 -543 -305 29 -86 642 230 458 454 216 245 441 -396 -1067 -415 543 -463 437 1033 -923 -71 -457 -920 626 -337 -1492 702 -348 78 -446 -650 -905 -447 -373 1085 -1614 298 -589 2 -297 360 -417 41 -1479 1089 -1787 -370 -191 319 -666 777 -556 -361 -311 1177 -230 604 -25 -1259 1040 -553 -731 1591 813 -128 -364 -280 -777 443 -816 -1287 1095 49 -1547 50 779 831 245 -679 -1002 139 1077 121 -356 -673 -228 -1877 931 1387 -129 -1087 -168 -545 -55 1622 168 629 -697 630 19 984 370 984 593 1227 705 -2397 886 -672 -1463 153 599 -308 -334 -1221 47 8 1195 1035 13 1160 1515 469 -328 434 -362 -1017 1336 -460 429 -87 -251 -926 -435 -611 280 358 -1067 693 877 -1219 243 -802 -188 1451 551 470 470 408 145 86 10 -349 -502 453 -1631 545 234 1295 291 -812 300 -459 -733 -202 -327 -442 125 -150 504 -1209 -1125 -169 -14 -239 1255 555 803 50 -1364 1483 524 692 -248 609 502 -360 -268 -1226 -120 845 -624 -331 -215 -105 -72 84 -93 158 -529 810 976 -389 -468 -584 105 -1043 533 -699 201 
-7 -162 -948 636 -1403 -333 130 -757 -735 55 55 -765 643 715 523 767 -186 -378 -230 526 -172 144 -829 750 -457 347 909 -88 39 447 -227 1 1197 536 -85 1418 -1225 -349 399 -863 158 332 -1352 938 109 1267 -95 804 -73 898 -606 1123 -635 -900 65 -1436 1369 879 -1062 566 -106 -1608 -632 708 -1167 -973 -1116 186 -70 61 -591 605 770 -238 -337 -216 -47 -1522 1016 -1506 250 995 -164 1472 -1238 704 -822 -1216 509 -286 1089 994 876 158 942 -549 -637 -539 -405 -233 -936 -433 637 -1476 10 -236 88 1116 742 -687 180 -430 -62 894 167 -445 596 -449 -252 1766 -941 -293 -998 178 -674 -452 1222 -1034 664 -154 -1076 987 -232 -362 137 -149 305 409 -1708 -192 0 -606 51 -410 169 -21 -311 -384 888 -938 -258 892 -262 879 297 1039 -877 -110 457 1131 -202 -417 891 -384 77 -534 -65 522 1055 299 663 1033 -643 1137 -152 22 1873 206 166 -909 1125 -358 776 -206 651 4 -162 524 594 -109 227 1390 709 -759 366 383 1200 858 -302 167 -686 688 -1402 -889 -621 -221 596 -109 -191 239 579 -1381 -275 -1067 -681 1270 -574 607 -689 803 -1464 726 1110 -360 -1279 843 -1294 353 319 -140 -612 -48 -257 870 -824 1059 191 896 71 460 -94 512 -128 -787 -380 -164 875 -90 -834 1019 -481 -174 219 1540 -425 901 -451 602 44 553 -645 498 -59 -43 628 -411 584 60 197 736 1741 91 617 -526 -1161 -1185 645 -915 1224 40 1593 464 11 -654 1036 -602 775 34 1433 1449 463 5 392 -282 371 807 920 147 1068 23 449 -617 275 -1101 1411 -699 1320 390 -601 -126 -1227 -406 272 559 -511 -940 1080 392 1006 824 -419 207 490 -94 1124 269 411 -1962 -644 288 959 160 1036 -17 -848 -504 340 280 237 -602 -1321 -369 -1084 -6 -256 444 166 -406 -382 -8 -460 855 -356 1142 930 325 -429 2342 -562 -220 -314 189 471 697 -292 -1520 159 -163 426 -796 2863 -609 1030 1624 391 -2153 727 -570 -189 484 -958 -86 1610 52 1119 -986 -790 200 -622 -477 -539 -687 -320 704 894 1498 193 -86 -380 -1122 
267 912 1899 1700 -392 -758 748 -596 205 -1087 -776 -295 -346 1039 -77 -609 1213 -497 542 880 31 -884 -528 -998 35 411 501 -470 -8 -982 -730 -242 200 1098 -1425 111 779 1108 566 -547 -714 193 482 860 61 839 -1799 -1205 334 590 993 698 479 646 213 -1136 -309 -768 -752 96 -92 -59 -135 -816 1056 -351 -95 45 -1344 -1339 -1457 -1753 -103 -501 671 -597 -129 924 -1319 106 -592 -357 -770 515 -160 -295 319 37 -474 -681 -135 966 1309 724 -426 -172 -1000 -1704 -221 191 693 178 220 -101 -840 -367 -780 -459 65 -1492 -661 -455 908 -631 120 1041 -825 -690 -204 -177 205 459 -735 -1528 -1511 -934 -1040 1110 430 -1107 -413 219 -208 -1042 -898 1033 -607 206 -995 -448 -79 270 314 -982 1278 21 -972 -384 -71 794 451 -1140 832 461 525 551 -485 -98 185 -1437 859 1133 46 -2286 1519 324 -1416 687 -188 -663 -593 -105 -536 1251 622 -434 405 -224 -634 246 88 170 739 -127 -301 -349 53 1274 623 -227 -1994 -147 -899 118 -754 -443 1925 362 -821 138 -1486 -159 -143 888 589 1735 436 1438 -1888 187 817 582 -790 135 -210 669 451 -526 -659 -291 -110 -1317 145 545 -626 686 372 1021 -456 112 -436 -200 -439 1325 -149 944 -383 -647 -14 608 -288 -317 905 770 24 1150 512 -970 455 50 34 -304 -36 438 610 -776 1044 -432 -492 573 543 -251 1212 -64 234 -1122 199 600 531 414 -551 -8 -1255 794 -429 -97 156 365 267 -5 -754 441 -905 -139 712 -557 456 133 265 -175 424 -163 -139 499 61 -880 166 -575 -92 400 870 1402 -54 137 -1777 475 860 -592 -364 -347 913 247 951 -1568 -834 -682 -663 776 1434 -152 662 -1704 -797 1451 -324 -152 542 -316 712 251 -161 375 -915 182 -265 1602 -690 -178 1133 560 -325 -283 388 -47 63 -619 1024 353 -310 95 -202 -399 958 -10 -248 -1059 1236 287 960 -983 999 568 -479 -43 532 85 1056 879 -978 244 1499 35 -428 957 -185 -117 123 210 284 763 -1339 -716 401 601 -80 147 -381 582 75 -894 61 583 227 -1514 965 464 -761 96 75 -518 
-94 -376 838 694 340 -579 -708 87 -108 -83 1219 672 273 -149 615 -1580 -203 -665 -400 93 1229 836 34 668 866 61 -42 -1239 -838 -171 460 -453 1440 -1323 590 191 -855 18 647 -1211 538 40 973 524 114 -62 698 -34 -350 -51 -535 -126 726 -828 997 1059 -774 51 -1373 -345 -210 407 -623 -392 218 1260 142 341 -103 668 -1667 1639 61 95 779 -1352 -889 458 78 916 -788 941 965 -596 1229 230 596 503 -219 1172 -1249 -926 509 -90 -745 -14 -451 330 -804 -16 301 40 646 214 -738 300 -249 -1640 -514 -538 89 -893 87 -1083 -245 -1471 -984 759 547 -978 -674 1006 617 -943 -932 607 -75 1515 -23 718 -262 -321 343 -1531 909 1527 1024 -681 -912 1003 -300 403 427 -145 -490 3 -1550 43 600 380 178 -751 28 105 218 -694 652 702 -651 -1019 216 990 -176 -669 -310 772 879 985 659 -306 193 50 340 -684 402 305 8 1732 100 -290 -310 217 -213 319 101 -1193 677 -542 545 786 1199 1511 -932 516 -165 -825 1404 330 -90 -304 -1251 1050 704 -270 120 -653 727 -164 449 39 -477 665 154 -615 1104 446 -889 150 770 885 172 277 -709 -162 -1149 -136 12 683 350 -27 -1426 -30 -550 297 19 -754 1931 -198 -586 604 -101 -120 303 -174 751 683 -552 -946 622 48 46 292 134 -1134 -824 409 -573 141 323 -599 -256 -412 756 -776 -181 -551 803 449 -124 1007 571 225 -722 -382 1150 -124 343 580 15 -306 -471 -574 831 -9 138 61 24 331 -687 -492 -1121 -1481 89 -626 -91 -919 1114 307 560 418 261 127 -771 1898 -288 656 -198 780 -334 911 299 -263 41 -656 -123 1303 42 -33 276 -1071 -468 -240 264 80 70 -573 240 1249 1241 355 -1384 -697 320 1300 446 646 -122 -471 1287 -160 -548 -615 34 -423 -831 -598 264 -514 1443 -129 1250 103 -440 -631 -1280 -600 921 -299 -1791 594 695 612 8 -394 -346 1658 983 -717 -703 1254 -623 -485 -153 -650 196 297 856 -468 119 -446 220 -349 27 -123 173 1814 -424 -69 907 601 257 625 523 -1152 763 -1121 -49 -954 180 153 
3 -1415 -847 -10 902 95 -217 658 325 913 678 1882 -659 -158 -208 1097 -6 252 -1451 841 -20 605 792 878 -936 -512 21 823 -985 1362 -781 934 1545 21 -639 -515 -548 -1523 850 -849 252 -108 208 -871 736 -1993 2081 573 310 -748 -655 -251 -432 -460 238 -309 298 115 623 -274 -511 827 -1713 -1159 1039 833 5 963 953 -35 -737 -226 -663 1565 -1330 -511 915 -101 492 -1087 -928 -1039 -252 269 -312 -186 846 161 286 776 628 1237 501 -148 -333 -222 -253 -423 432 -13 -343 1213 -175 -826 -357 -289 1185 218 52 -386 658 36 616 -309 322 895 -896 228 334 1045 1018 -305 144 867 -37 423 -355 -139 1004 357 -540 304 -359 -1274 -743 -93 1017 -1512 230 -384 145 350 -253 -611 56 902 850 -374 294 -444 -357 737 311 -339 -84 1207 -66 553 -1663 1014 -910 -232 343 201 -97 -32 -295 885 -550 -495 -166 66 -890 -415 -102 946 -442 706 321 1258 -117 429 -272 -340 944 -62 -48 18 -92 -12 2520 -152 502 343 -378 -1343 -414 728 -429 -17 996 446 227 -47 -165 1354 -262 744 774 677 757 -116 174 -132 663 922 -1487 715 232 706 -748 1154 275 476 672 1467 4 -25 -620 220 -1229 600 122 -364 -641 79 -439 192 -543 979 556 -1633 -432 -830 -1053 -569 446 779 -810 -102 -749 36 -144 402 414 256 -854 -12 -64 524 487 -18 -378 332 -18 365 -709 -191 499 -835 -238 -397 -639 694 192 -251 125 -83 -299 1639 307 -1054 -230 483 -14 -243 -14 -385 700 92 694 457 1035 1032 -261 -746 670 -1242 181 137 1767 -601 12 1337 1115 -1560 1 608 1062 378 609 -105 -168 -195 117 410 153 412 454 -528 -1168 -144 549 -172 488 1156 285 -72 -234 -183 515 -1665 810 -1806 -544 316 -350 -297 483 -929 450 507 -626 -439 -859 146 843 184 -171 181 -252 372 -511 -132 -76 819 1053 280 945 381 -8 514 640 -804 -103 802 357 43 442 -1325 1044 918 1021 818 350 860 603 -890 -656 -166 -794 234 -1187 -573 -357 534 865 457 393 -544 403 -595 483 420 272 -1068 -593 441 -1430 -79 
-10 -1262 -80 -477 -183 -165 71 -413 -362 1368 709 809 -85 973 750 319 -296 416 -583 -354 -336 -103 -439 749 667 481 -419 -776 89 -1950 52 116 -398 83 -453 -212 -302 -310 -290 -161 -688 -751 -323 615 856 140 463 -601 317 1235 -162 1988 1252 847 -1030 278 979 -1263 -1113 83 618 -406 -314 -952 378 291 110 296 448 -684 -188 226 -704 -515 161 907 68 -226 488 -502 -1081 -925 -95 -600 1254 46 1405 570 -783 958 357 710 858 17 -947 363 -154 -368 -447 -64 1075 -330 -54 -142 -277 -300 -593 415 702 -802 350 -98 926 441 -677 176 -1034 -742 -629 102 -173 26 287 -204 244 77 639 -1859 1120 89 -2162 827 -553 -73 -96 -79 40 -329 -120 468 431 402 -516 841 -225 -306 490 -179 -561 -418 0 299 217 818 -56 52 460 322 457 -649 814 62 362 684 442 518 395 -413 292 590 1134 42 -633 1214 -1542 -231 882 -1008 -745 -1185 79 60 -19 -247 -70 946 856 -752 -15 842 376 436 91 767 -1091 -572 2141 -291 -659 -2 -714 547 -541 116 612 -981 -1200 63 -832 -322 -288 523 14 552 458 138 -118 -148 -655 -827 -1403 507 1089 -551 -762 -375 422 1239 -111 1 -559 -1013 992 829 2130 -873 503 537 -418 1050 -280 -304 -824 -541 -121 -174 16 -927 -745 733 -416 -493 975 60 572 -134 802 365 199 107 -229 -791 1172 766 -949 -571 -528 250 38 -659 1111 -1383 1630 257 666 -489 626 -669 173 -640 -1265 1143 -1114 532 -244 -207 -158 124 -921 -403 103 913 -20 574 494 -223 794 164 -193 -482 649 -493 -163 1369 502 -748 353 145 1838 -23 -1429 104 149 -466 -533 -102 -258 1180 -528 -426 -621 603 489 -697 -1079 475 -1009 568 -52 545 -400 -468 172 498 536 2 2079 -327 -35 -317 1068 146 -455 27 -763 139 648 -1077 -550 -62 -1134 -280 600 14 1061 -1266 576 -90 222 216 652 362 144 2111 671 1258 1058 -308 323 1205 603 1142 1800 243 -210 390 131 -1309 1437 -1436 713 1244 770 -398 -139 -1162 -246 -39 252 1062 183 477 79 -323 360 494 264 -505 643 1054 
273 -146 -660 419 -47 443 918 1049 -325 784 -290 1133 795 -377 2235 251 710 -341 465 566 355 408 -402 -1626 319 -701 423 62 -191 -266 21 -156 -980 -1367 -379 357 595 1127 39 683 -1084 60 61 -771 76 69 -101 -546 656 184 340 302 -369 608 -275 1084 807 312 526 954 1002 532 -422 470 1695 -1796 122 1312 -392 -897 -16 272 368 -34 123 -947 354 233 -7 -774 -909 272 1136 -200 584 -258 1456 228 1134 -983 -369 505 117 588 -1138 -638 -263 -88 238 -819 -419 -240 -1795 788 80 296 -958 -160 -753 -164 -899 60 -279 -524 346 480 -119 307 139 -845 -19 567 -92 -385 444 983 373 -268 317 940 -413 504 -1223 1723 -412 -327 -122 2203 -243 -538 18 956 727 -178 218 605 314 -441 184 956 1794 684 690 659 -1009 -574 300 -577 -70 500 525 -739 18 -493 -704 -1137 -38 -188 674 -713 558 -921 -107 627 -477 -278 607 -1017 490 -254 -492 237 -55 -287 -13 843 -102 -40 538 -379 396 423 793 1702 -716 727 -93 -611 -810 -459 495 129 -1108 -632 -741 869 -624 -651 968 1426 -49 -468 -130 -116 -1258 -503 1210 -892 655 -844 -113 506 928 -558 334 77 420 -1075 28 -1201 457 2032 176 -742 502 94 478 66 1020 521 820 572 -627 -973 358 635 28 32 451 -1513 161 -634 -1411 -1139 929 -1076 604 -1440 582 1096 -24 -425 722 -548 -406 877 352 -671 544 -668 -149 -1115 222 -31 472 -596 1325 608 272 75 -254 -649 408 -54 -1304 376 -229 -604 -151 -875 118 233 -777 686 706 398 -1083 -560 -932 498 -170 187 772 -280 501 -180 470 -550 -498 92 -148 744 -1054 600 435 108 -231 529 496 -64 -43 -142 -606 53 51 -952 1243 1169 -788 -242 -743 -409 231 -464 -1019 249 779 -1230 -746 335 913 -431 -516 -1032 827 -585 1014 57 611 -1196 634 -102 -165 -1363 -1054 -216 37 -1614 341 -464 1185 -155 -967 -501 -430 669 569 497 -25 164 93 -561 -1839 -542 255 559 -176 -1046 1316 50 340 -15 -92 -473 -811 848 -333 67 400 -11 153 -592 344 354 526 -339 55 -1290 537 477 
-815 -625 -1035 -269 -411 129 934 708 775 448 -365 626 -204 705 783 12 -1706 -84 703 192 -76 409 508 -151 674 -2176 -278 -370 -25 264 92 -201 -1683 706 -764 -135 -324 -6 -893 -450 -974 -366 -48 609 198 -243 138 388 604 -766 65 -802 153 752 -1968 -227 -63 388 -340 -637 759 -985 -107 -167 2126 28 -418 -1218 -296 -446 315 796 998 -558 -1318 -414 -731 -54 -37 -115 -250 -677 -599 298 -57 -844 -704 203 -1663 -850 542 -560 -977 975 139 335 -79 1085 -104 -463 1050 -617 -669 -531 -337 344 1595 -438 -634 -244 141 -396 -177 1515 -5 106 -679 793 150 -315 -42 -1236 1035 456 676 -356 609 413 1160 243 706 -179 -224 670 637 -28 104 10 453 -902 1387 86 1050 -598 705 571 -735 565 108 -734 633 -1042 806 89 824 473 413 929 1044 129 1011 1185 775 1133 446 -276 -457 -66 -9 -555 -183 42 250 -228 -72 465 -161 -19 -698 -591 907 -7 -485 -1376 406 -543 1078 -60 520 457 39 -318 311 178 474 684 1517 -262 389 51 1084 583 -113 -237 46 425 426 -192 8 -1353 980 -454 129 684 -56 1427 -33 -616 -236 -511 340 -633 171 -834 -290 -1022 -841 -211 1147 -1218 -544 -222 -840 399 -636 -444 181 26 534 -666 -1380 -537 327 882 -115 -285 119 1632 -158 -650 -633 -15 -848 -1260 -110 -482 549 381 968 -152 -532 -438 782 -601 -604 -373 -850 -140 -529 42 -77 1140 591 455 -572 -172 740 -282 1244 -998 -1052 -640 1133 -364 282 578 -146 -390 -396 411 96 375 552 -181 1331 -1451 49 1592 209 -624 -12 1079 -950 -577 1373 -674 -396 505 -105 -168 -177 35 -533 45 1628 963 -370 -158 1070 -485 1042 -1267 576 -2365 -927 -1076 -139 520 -287 -222 -776 101 -1706 -1093 432 41 1485 -611 197 -1270 188 -521 -851 216 -198 -2170 605 700 596 -624 -1113 -1044 -885 -69 1428 -834 -595 327 -481 -61 -258 448 204 -1925 637 105 -1624 -606 -8 -1041 -1112 -293 -64 -515 -633 -318 415 1267 766 -1511 -290 236 -286 49 724 -233 936 1079 -1874 -237 -962 -104 746 817 -349 -215 531 -256 194 438 
-928 1112 131 -290 -789 120 -370 649 -864 -479 68 767 402 259 -259 67 -254 261 329 -444 462 -663 -919 -72 604 -385 353 1715 1486 1714 1834 -1517 748 -394 1353 -414 -777 -1694 -501 -72 1496 -447 -159 705 322 -344 289 242 -646 -1629 -652 -32 311 -616 23 -1021 -557 -1589 258 -913 -712 299 -1387 -104 248 558 -218 293 -1516 -543 -806 404 543 -872 -1218 323 -1237 -607 -916 177 700 -353 87 198 -93 -72 -274 130 -1115 700 459 566 293 -270 441 466 891 -1647 717 -250 -425 107 -128 835 213 -654 60 -909 -401 342 729 -422 -238 -295 -311 268 229 -654 -184 -137 -457 -540 -195 -773 -97 -492 947 191 720 216 430 329 -995 -226 97 -578 266 129 -108 -555 -444 292 -401 221 376 1437 508 -1051 -1017 -1404 -657 -228 13 -184 1420 389 -242 239 -908 223 160 1036 -456 -102 869 -409 -561 -1307 -474 -1035 819 -640 1090 883 -497 -940 200 1168 -901 734 -97 -1015 -49 1022 876 -195 -1076 -1192 870 993 252 -1352 -359 -1115 1184 380 -35 241 826 -228 -174 246 -175 928 -1606 -281 917 328 96 -1016 73 1707 -284 705 659 -592 -468 432 -225 379 90 -373 -212 -965 12 -225 556 -592 -196 -612 -573 450 498 232 -619 -1170 -963 -1357 -97 230 273 843 445 925 837 251 1031 582 507 80 266 -539 418 70 1170 -1013 797 -150 77 -705 539 -312 229 -434 1068 -356 -214 15 -1164 474 -116 502 396 -55 -1189 628 -109 -459 -648 76 -315 414 326 -217 -730 -55 -743 404 -141 -13 806 -831 -64 733 234 -157 -166 894 885 -10 -1314 60 37 321 -218 -584 567 -927 673 -187 38 646 12 -427 368 -251 -1345 -146 164 125 1150 -660 793 -169 309 -1352 -1020 -284 -66 -238 -123 1444 140 -925 440 716 -131 -536 835 -282 814 -238 -439 145 364 411 1525 1024 421 514 -67 -842 254 461 492 1483 -243 111 705 1038 -90 -642 -1363 -214 531 633 -983 -234 362 474 -698 -1025 -425 -179 944 1057 -830 -35 82 -1015 278 1207 -324 -74 570 204 1056 717 -441 260 -51 334 261 -281 318 339 531 -479 871 -592 
-410 -384 -721 -172 690 235 -1347 417 1108 447 859 805 -714 -191 425 -862 863 -546 -414 112 -661 72 425 -230 246 -1081 1596 69 275 -7 -414 -1216 128 501 1138 360 -196 -1136 554 313 878 -301 -326 -130 169 -262 297 719 -1123 -457 78 913 334 -116 28 219 837 1442 -160 603 -807 -1036 -356 1233 396 715 -600 37 291 -901 -495 -44 -877 811 447 878 1346 -446 304 -1352 752 106 308 46 703 422 -355 528 -222 54 -259 1347 396 291 -843 7 484 130 -1075 -810 -86 -884 -267 -386 304 128 -205 133 -845 -891 -736 262 -404 -153 -244 612 167 -1054 670 1618 309 -1291 1171 -613 86 1331 835 -24 398 682 -40 193 -524 -270 -320 -1217 630 -738 -1053 1228 -963 1477 414 -753 -1436 -445 -154 -511 -1513 146 -1195 -317 -836 1025 -947 -332 1265 -594 -17 1013 -444 -316 -580 -1620 -330 252 1205 -77 908 1893 910 916 -984 686 1008 153 -999 -9 212 692 -789 -686 801 -231 -523 -904 728 769 313 235 -98 882 167 -407 -670 -260 407 -1235 122 -156 401 83 -337 633 -846 74 203 -212 211 750 487 -764 587 -1180 7 654 742 -253 204 819 -1173 287 -581 -186 -799 -321 -542 358 147 -981 -240 -23 809 -265 336 511 -88 1313 447 188 -374 868 1543 -99 487 -165 671 832 -706 -315 -669 -468 327 -519 30 -556 -282 58 315 500 941 948 -145 -890 764 323 -698 1190 858 -918 -190 474 271 -237 327 128 -659 -346 -231 -984 1055 1573 293 89 -241 -3 1490 -260 -559 -282 903 -501 1241 -1049 -329 933 -530 -573 1162 57 109 -398 -1230 74 -325 -265 -1436 685 1261 -1136 -454 -880 -362 -854 -219 -849 -699 1067 -2273 -696 -472 934 331 -240 749 343 1683 -870 621 693 -211 -1916 -1036 -335 -141 -1237 494 -427 -303 -473 486 480 -422 -56 924 -863 -1 637 1151 -775 -530 534 -186 546 -76 542 -1384 206 -435 -413 -22 369 -338 -785 874 1033 -42 612 -256 947 656 -460 907 -125 -350 -386 -352 105 -1513 1099 -378 72 -620 -90 407 -176 1201 -449 -619 1118 -12 139 -1144 918 -344 -17 -391 -229 -217 -332 
415 -611 -227 735 464 -791 -201 80 -699 -238 -1224 1487 744 -1008 1446 -796 2 1429 714 640 -955 776 698 402 211 275 -358 -637 1047 1048 -1637 -54 -1026 1767 -766 -1246 468 -673 -1584 127 28 -1177 552 -356 -47 -647 -1002 590 453 -41 -960 -635 698 1227 28 -639 1274 2 704 191 179 -778 597 -95 1197 -387 228 1316 1816 -779 483 1133 -276 83 1305 541 113 497 -450 405 90 149 357 -1993 -569 -775 1233 819 -760 171 -190 -302 424 903 1189 326 552 -957 -325 21 20 220 -399 -691 -981 544 376 -710 508 -413 752 619 -873 -809 140 826 -291 -44 7 -58 870 801 -92 -697 1576 -824 -893 -453 -151 -861 -876 73 -677 1407 730 -527 925 -1394 1428 478 -700 783 605 -70 -202 10 421 -712 -782 921 -4 537 -233 -670 302 2064 -1233 -436 -1220 206 -546 -128 118 -347 -352 -389 -421 123 520 436 148 1907 442 -770 -203 -825 393 -655 -818 227 405 914 -608 -290 928 1360 -611 -935 -61 224 -23 -745 986 -162 623 -454 117 341 -591 741 -320 -1531 175 1000 95 340 1345 -860 292 528 540 836 -256 441 475 -434 -13 789 409 797 1593 811 -570 -1294 -583 -1096 -659 -956 -732 1026 -118 -441 696 320 586 -4 1290 312 -1426 -10 824 514 111 130 -1637 41 520 -889 1013 568 -225 -374 16 964 -151 -1889 787 -464 -355 -488 88 -845 -1102 239 -1278 828 278 1341 -341 -1279 1473 189 775 650 -780 1549 130 1031 -935 654 -543 -1067 -1299 1049 136 -717 -1118 9 116 -281 -80 -164 -4 1121 -590 245 -670 587 -1011 -1449 1181 831 -90 200 693 -277 -1458 -480 147 489 160 -403 942 -451 874 44 -167 -812 146 691 -570 -403 -399 -103 231 65 299 984 -83 94 -282 -1055 -109 -665 -1423 -292 238 64 433 327 -102 -1063 -49 -394 -93 186 615 -541 497 1379 -277 53 965 601 -147 244 -308 -1049 -1007 1380 85 154 -1486 207 419 -572 -392 252 740 -37 944 -261 510 -425 1000 583 1315 99 1234 -189 -365 836 534 -292 856 -1425 -572 826 455 44 -685 -1879 -901 325 137 458 693 30 426 885 
366 -1065 149 263 277 955 757 -851 372 39 350 597 442 609 -48 983 -707 -228 182 -903 66 179 1861 964 -714 450 -419 503 -370 529 316 160 -227 -108 -707 -296 -478 672 112 227 -922 -388 43 -1204 -1530 -430 50 353 1548 98 -1298 -1368 -820 -821 85 484 -714 -400 -703 -474 1259 634 -79 -1181 534 -947 -281 604 -690 -647 -872 -66 -1250 -510 122 -809 1907 -983 973 115 969 564 -557 1000 544 1614 400 -369 301 1956 721 -591 110 2 -406 -1471 -447 1115 -1178 -282 378 129 1096 -962 -102 1653 642 -350 -1 1124 58 -652 -470 -137 215 459 1023 -61 -379 -183 -839 917 606 266 967 -465 323 193 -546 -1400 259 -602 643 -735 -2 811 730 491 -340 -1534 -65 541 -125 179 -296 1078 473 365 19 651 -642 666 448 -321 -210 578 -308 152 189 538 403 579 -877 1671 -140 538 -296 778 324 423 -446 274 -1394 -226 -443 626 -1358 950 1506 112 -508 508 -1180 -291 -940 1177 -458 622 -1159 -1016 -637 166 -2072 -382 -31 115 292 -445 -831 -1422 -796 -1091 267 -341 117 -542 358 1122 -897 1727 203 -665 67 -1231 10 -226 1435 63 -460 -553 -181 449 -1106 360 -1562 523 828 51 605 -91 753 -228 -745 1184 902 277 -500 -414 995 48 526 624 1364 -542 -1983 -511 -583 -49 190 -338 -529 348 -810 -768 231 -30 1002 -1958 -596 -318 -617 404 428 -283 -508 736 -482 -1808 234 1290 400 729 1122 -384 614 -522 11 205 -223 -468 289 -608 884 169 -162 264 -57 -576 -425 -293 -338 1350 448 -1010 86 -444 343 417 -808 -295 -315 -301 1062 -1295 1020 143 1569 1292 64 1515 25 -455 -412 753 527 791 -339 -695 702 -153 -40 -821 831 992 -488 -547 -1248 879 -607 432 14 1347 -824 725 -977 52 491 320 -707 -444 -202 -834 -264 -615 147 233 394 253 96 -1216 556 -939 700 -306 -515 -60 198 -89 -279 407 -1075 478 1702 140 1810 -557 161 -450 1272 1407 -874 439 431 -1155 443 -62 -996 -147 721 -1076 1300 -1182 -97 238 -249 970 -595 -749 -573 -112 -331 219 -112 874 -65 -384 1405 -569 322 304 
-249 1648 1016 1311 -359 610 9 -297 -691 294 -934 1105 -1241 638 1220 -603 -863 712 1687 203 -162 -282 495 683 1 -498 -1287 -681 606 1708 66 531 -9 -948 -98 -172 990 1029 -913 -41 -436 -217 -323 -252 -421 829 -953 -41 235 -902 614 363 -1127 720 -274 95 392 -854 -923 -932 644 -596 1951 -278 554 -239 -668 -455 -610 1285 703 467 327 962 793 -308 -770 906 -379 1106 385 -1273 -83 -884 804 452 138 -56 -43 55 -41 -597 -732 1554 72 80 -18 699 205 1502 125 607 502 -1070 -2102 0 1145 45 90 -70 1023 337 -351 -269 -352 -1407 731 702 -719 427 1041 -141 -1006 -2 -301 -539 988 552 805 1019 290 -1092 1148 483 -569 -54 -347 -272 -1133 -836 1735 1569 2112 -506 216 -256 1003 -333 596 244 376 803 450 -175 39 -168 -1257 674 1306 -467 294 -672 -875 -416 341 -488 212 1036 -422 -213 172 782 -740 -809 492 -317 1086 293 320 -443 310 507 -1363 -619 299 559 -677 1179 733 19 -40 -495 1980 -453 707 478 -478 386 -736 1066 -55 -650 222 -1146 -514 411 -154 220 401 368 20 -162 -674 -107 274 -329 134 172 -1160 -593 275 -1864 -65 -1043 -557 -298 -809 -516 1176 873 -1005 -466 488 493 -208 -581 623 -827 -707 860 -1071 -708 321 -717 314 -844 985 1457 -1020 -111 47 94 -1307 375 50 225 -57 -1226 152 -306 -247 341 57 -242 -1721 1641 1336 -298 -13 -507 1005 217 -702 868 621 -507 29 -450 1128 -542 -61 -844 909 110 1742 339 -1018 320 -169 -472 1115 1003 1307 -177 618 -379 354 117 221 174 848 285 451 -233 110 -483 620 494 749 -169 757 1250 -41 480 63 -613 268 -14 -521 1061 -359 -298 -1547 1312 -415 517 -333 -211 -1212 -195 306 302 -2127 -661 -468 -82 -226 -143 -468 1639 -1018 57 -1328 905 1099 -610 -272 -135 1347 363 -1436 -516 -512 -1854 547 -704 -863 84 -422 -114 -327 381 1105 -687 499 -21 -299 54 814 -1263 570 517 1398 -525 -476 -251 1650 -268 275 -1008 -865 -1545 -540 419 516 718 542 1401 -899 -914 703 -122 654 -1068 370 870 -834 230 -72 12 
831 804 1324 -303 516 -165 926 238 -532 -274 499 -646 1145 1081 -168 1969 582 -132 -48 -1162 557 -453 52 -251 463 -385 -1073 -339 -1007 -1555 -1081 -1026 352 -626 242 833 -321 -299 -102 356 -102 -750 -337 -863 498 238 885 183 -218 16 -566 230 -112 1845 -630 686 486 -153 2102 567 -47 1234 -499 -41 -162 269 1512 299 144 -752 602 388 -339 26 -93 178 565 806 -1071 -539 591 -136 -654 184 -971 831 -1126 793 723 -58 1497 -358 -242 -400 -794 499 -164 -213 277 -282 -275 -372 -303 479 -151 -840 -1031 357 -869 268 -60 373 -1162 112 -341 421 -43 -100 -1768 78 1905 -738 -1223 1910 -1153 837 -1218 676 -349 -285 814 -286 -970 -751 -810 -131 -257 371 877 660 260 170 202 782 -249 -797 782 -1034 378 -691 850 -327 113 -1099 288 86 565 -204 1079 919 215 1258 657 -256 -742 -579 61 -741 692 -140 -1157 549 347 -1642 580 431 176 51 637 119 790 -115 -594 -262 -986 -523 -411 -348 -448 459 -227 1143 -1323 -838 -275 -124 -450 -974 -323 154 -750 -345 1051 958 -649 -507 341 -359 115 52 767 -914 -344 -487 881 -387 -540 967 -854 -1052 -920 963 201 -155 438 -1009 115 160 -388 -204 -1591 229 -711 321 438 -872 -2259 1444 25 254 -47 676 217 418 675 165 507 -1243 -368 574 153 337 169 1188 -1303 626 609 -661 269 -1133 -169 -98 489 -1268 -207 -88 -898 926 410 -126 -815 -142 627 888 807 802 17 -493 580 536 -393 -108 724 -78 671 -64 -56 217 535 113 -1091 1071 60 -73 -454 636 596 415 212 -680 -1275 -1607 1154 -533 -2148 233 401 1007 1067 -368 -69 -327 -270 -1117 -1183 188 441 -858 195 380 194 281 198 -192 523 271 579 775 243 211 306 544 -821 956 1740 -1333 438 -643 -1316 109 1333 -127 2501 -841 518 255 -321 130 -558 -703 89 -743 76 -750 147 -250 448 279 -673 1005 758 -190 -114 -665 174 659 911 552 -439 -612 -958 -345 -337 385 176 1295 161 -707 300 -126 1140 -428 -118 -82 856 712 342 625 -324 389 -1576 901 495 -1038 -149 555 11 -520 -254 -2666 
-621 -571 -951 779 -1041 226 -242 -1215 -252 -1400 -1248 -263 -849 687 -1685 874 130 -628 211 683 -33 727 1346 -752 269 24 563 169 148 652 810 -423 99 -210 455 425 912 -47 548 -864 -1394 -1228 -285 851 356 -1395 112 1337 -1311 630 -411 -242 -590 399 -451 -484 916 -1073 357 1024 947 421 -139 872 1667 1228 -1318 625 1166 230 13 -770 645 -184 -290 1400 -854 644 -421 -14 515 619 96 -1073 915 -1559 603 621 360 294 568 600 28 568 -924 1090 803 -679 93 -300 -239 911 941 -29 -238 -2133 795 863 471 -298 210 175 239 -111 519 160 157 -635 998 937 40 751 -191 165 -425 121 -1292 82 849 409 -1 -978 232 -169 -615 -1168 -128 149 -262 -346 -752 -539 162 582 681 -382 -784 1122 1248 -167 -773 -569 -219 -61 447 -846 546 192 543 238 -192 1032 -356 159 -374 1147 420 -96 -401 -667 287 -729 372 -312 882 222 238 -673 -281 1412 -674 673 -1042 -209 163 -505 -48 -621 -113 -335 -187 530 -302 169 -210 114 -194 -1730 105 -309 -199 -659 734 1587 -266 -534 183 1915 1032 -897 1085 1187 -113 241 609 1111 -223 915 1021 -699 314 -359 1160 2 83 -1546 -109 1371 -334 -141 1044 -646 1029 -1049 -655 345 -200 375 79 -118 164 390 -694 609 -997 507 -220 -808 593 -746 -119 -167 941 -670 -1067 108 -339 -532 -348 586 -246 -1853 53 697 -513 -707 -482 -1231 23 -192 -90 415 1615 614 -573 -250 -825 816 755 999 492 715 -718 1593 -287 208 -526 461 884 -214 507 -278 560 -533 -383 -134 858 -799 59 685 -977 380 173 -254 1375 680 650 378 -170 365 378 -1062 164 -141 -128 -198 113 842 175 666 -492 53 987 441 1356 336 -51 889 -77 356 -388 -449 699 1301 -87 -688 597 -427 235 -183 -1226 -1888 -76 241 65 905 91 256 -1515 844 628 -403 591 -249 -316 -1825 1173 217 267 -186 1960 -804 661 255 -965 -336 -89 -61 130 86 689 -1126 -368 -987 -359 354 -641 1165 469 403 -243 942 973 1053 203 -599 -410 -40 -95 1333 379 1075 579 498 370 -1212 297 573 -326 -283 
-17 -158 -321 -76 622 1154 -356 238 -24 1029 1313 -707 608 198 353 208 -616 931 -660 -507 -1470 66 -1029 176 -1217 142 270 -777 950 752 -73 526 -891 37 -256 1542 -616 -572 -252 402 696 -168 -2144 791 917 1702 470 227 -490 143 144 -577 -1159 148 1206 -553 -1233 -305 -450 -840 807 445 -522 442 -217 1289 -1182 259 -529 189 -459 137 357 614 -535 -13 -394 -564 -847 310 -98 1683 162 267 687 -890 -786 -845 347 -600 -157 -383 -705 995 970 -990 231 -85 -144 1011 -101 1135 -7 -40 -122 1299 -650 229 -918 230 1545 -858 1298 -757 -336 -283 -65 -1096 -50 256 240 546 -1419 470 -11 -159 93 547 -658 656 805 50 -201 -858 -1383 379 1422 181 -227 -945 -79 901 660 -134 -991 -989 -598 -90 -646 673 -586 668 -677 -1029 -1162 477 1874 258 860 -160 -1339 -826 -1397 816 -197 698 -379 -1431 -1070 690 -358 497 928 351 570 612 427 -174 -595 879 -262 -472 -195 -508 1156 -811 1762 -1116 1787 758 -1634 -240 268 797 621 664 -160 31 -832 819 54 885 -425 73 -518 -354 285 42 -123 -767 230 -117 564 459 1596 -879 -818 -1099 -755 -355 -12 898 -1083 196 -268 424 2070 357 -545 186 -984 694 -321 -99 -272 1832 -667 -399 816 -742 -42 303 -1219 1197 -586 -443 2002 -1084 95 -468 1076 1343 1179 -111 36 803 978 562 -1390 748 1552 269 -857 -732 -642 116 99 1210 111 -783 -604 147 434 -196 -403 -120 1389 -1508 -1099 570 466 725 -672 126 -276 -509 943 -1589 62 1459 -573 194 486 -1685 -849 -1974 -711 -1083 79 1553 10 -641 -1731 -482 -186 -547 334 200 -250 -686 -305 -343 -2034 257 -432 747 -627 535 59 727 2218 672 -836 -155 -32 -1873 -251 162 582 -741 745 -178 711 91 100 426 -227 -318 1175 -1262 -401 1037 -671 846 -350 560 233 -551 255 -570 679 -619 -124 -1023 -699 444 -938 781 4 569 -560 842 5 100 -51 843 -1130 -1156 694 -807 -1040 790 46 458 -2023 126 234 434 -691 -1279 1384 774 -1011 -252 -981 105 663 -1840 -563 30 -395 -76 315 -721 158 1049 1789 -1067 1715 -184 
-214 551 1032 1117 -671 -595 247 -828 -18 -28 1025 -56 486 810 -284 789 470 -1785 -971 -603 -486 260 -680 557 -62 259 224 -575 670 -868 -8 -12 -322 -560 -350 -398 -318 602 722 1024 -912 2088 509 -365 -278 -51 -301 -864 -617 786 23 -879 -202 -305 -542 1042 49 -1566 281 260 9 496 -481 -813 -218 -503 -433 -1030 1326 40 -457 466 1380 813 13 1293 -1196 -240 -281 507 882 -18 -211 420 -158 -583 -100 -440 -847 -346 -277 -165 -356 -278 530 -348 -939 1300 1041 -258 -344 830 519 1096 259 783 -1270 746 -16 561 2132 588 484 753 -101 -1201 125 885 931 1546 -12 -46 1583 -699 -1325 -1389 -93 -942 -391 -16 -382 425 730 -388 1284 -86 -642 303 458 -1215 -796 1001 -860 1536 151 -303 617 752 1152 -20 -521 1737 -236 136 261 -608 417 469 923 71 730 -35 -732 1089 1214 -681 -391 584 -411 -90 -171 -190 -1029 82 -133 85 361 386 951 942 -185 -199 1020 941 626 876 384 -638 625 -970 -411 377 322 -1233 688 -333 -796 -187 -181 -181 -665 363 317 -52 185 2179 951 188 -1256 22 208 354 -240 -704 -417 -227 21 1305 -293 -701 325 717 -842 315 -567 493 1 532 810 1299 224 -310 104 -1282 -778 1678 439 227 -741 526 -1266 626 -99 321 194 436 -461 142 -150 -558 141 -887 241 -250 353 176 1442 -49 -1274 -35 303 434 -582 -92 895 -379 -704 -654 -1165 728 285 386 341 -1015 -191 -649 -1142 495 -488 -1077 -227 276 -251 825 -404 -238 927 -632 1085 626 -1011 -189 -453 919 296 99 -450 199 505 -1264 258 -39 -589 355 64 -584 934 -1329 897 -1700 -970 115 1296 882 404 1038 378 673 -339 562 436 -1899 -327 831 -249 -777 590 -648 673 -25 -374 -71 667 -1213 791 -816 -1044 330 792 -344 -1023 618 200 528 -647 -182 -375 -340 434 -233 137 200 333 849 672 -316 641 178 769 -1331 -485 -457 -621 -510 -146 -605 122 -1620 -819 955 -482 -705 632 -173 921 -1190 -626 1145 639 -168 -705 858 380 -1684 -677 -824 542 270 488 1507 -151 853 -72 -1570 -1363 -592 575 -564 53 615 
-551 242 712 -1559 759 2900 -474 -1059 304 897 -722 94 -1065 367 62 651 1317 251 576 963 -1434 -1079 -1204 -13 -287 -626 26 629 2151 193 971 1496 1286 106 -947 458 -976 491 -67 239 592 -31 869 83 -146 493 48 -170 1054 216 -389 -1238 -1478 366 128 352 -1026 1594 518 1641 382 500 -872 2279 -1533 -224 -289 647 900 364 -247 684 -1925 434 1321 7 -492 -455 48 -437 -1244 284 525 -1352 -85 56 -1539 1022 -13 -539 -1747 -72 -26 -547 -274 688 -1160 1514 -894 -438 781 316 503 -1005 -692 -739 -1290 1275 -161 -93 -425 444 1677 227 580 -1097 96 1075 509 -2543 954 1413 -755 -397 455 168 938 1225 222 585 176 -453 658 881 -10 -491 452 556 215 502 -773 1121 1357 -377 -912 -775 -1937 -219 774 1384 -77 95 98 152 304 -199 -666 350 1576 836 964 -580 -566 607 495 1362 -1430 -171 -1296 365 -1506 597 428 251 656 113 -18 -419 997 -407 1176 1300 18 -246 -796 -12 681 -272 184 -906 258 973 -39 -592 732 858 247 -245 -309 -206 530 221 438 -1486 635 447 550 -2239 312 -473 -911 -487 1383 -1277 -27 -252 1092 737 -634 -729 -340 -1251 -85 -679 714 429 177 -1339 609 33 -880 -49 -921 -1824 1414 -109 -1757 196 153 -856 -587 354 269 569 892 706 -760 -103 7 64 -293 -214 -367 282 -481 112 396 787 -50 452 411 90 -164 26 438 843 105 -871 -1176 -767 -300 -648 -939 -448 -739 964 366 -313 1191 -392 370 640 1573 -610 280 -118 1067 -290 -1034 1527 -174 -804 307 -656 444 -213 -764 -114 -455 240 137 693 -1038 -391 584 155 687 1078 -1122 425 -310 -776 32 -1087 -708 1196 423 -973 -675 -775 1103 -303 432 -250 -499 -1499 1 1990 621 340 1244 173 270 -1384 330 878 22 -154 2098 -145 847 339 18 -1690 1294 -1235 50 1241 567 -346 -472 323 -1571 1296 -350 932 251 -265 -251 -1459 -727 -102 68 -341 -1322 366 -1241 -144 316 -1585 332 -63 -220 -69 -98 1168 22 -38 243 -1285 1275 -1837 434 348 -46 101 -962 -1117 -367 -381 65 -841 284 -1781 342 -865 -968 -1147 525 395 
