Matrix size: 200x200
Number of threads: 4
Execution time: 0.0305107 seconds
Resulting matrix:
717 449 -757 -457 630 -885 -738 819 255 293 -243 364 -798 935 -49 -619 79 -56 267 -267 -224 148 -384 -9 251 129 1377 859 156 56 -152 114 180 -644 799 -260 -276 -335 318 -132 749 422 -1329 -59 354 -72 -6 746 626 -565 11 458 -1161 -263 60 543 -121 6 851 5 -284 688 -385 -38 -111 -419 -1023 265 528 -344 654 -1259 -375 166 -299 374 -102 735 21 61 354 437 -518 191 -560 461 280 55 -553 519 -98 256 -474 -546 400 -1028 -632 16 904 -409 454 106 -182 386 -372 -782 -13 1195 680 1825 780 -245 453 -444 351 -271 -13 277 16 -770 -244 374 113 292 -812 -466 1105 546 -270 60 517 75 -179 371 -143 202 51 -335 -413 -282 -258 425 205 -303 -555 -701 154 226 -249 328 -256 499 -297 -351 -388 287 -901 -832 -80 -341 -235 -323 82 136 258 -147 -321 -337 1128 21 219 -442 1259 -515 37 -191 433 3 -110 -805 -108 172 -331 48 -408 99 -855 -327 -1087 134 48 -125 -806 717 -346 -313 -591 -836 -778 -481 
-779 -697 -289 -189 28 -242 564 716 97 -300 28 -144 835 -72 86 0 39 -1068 691 490 481 751 168 -295 294 24 200 -400 -235 149 773 -803 188 357 -677 221 630 -293 23 -37 112 340 -657 -693 726 400 131 1135 -150 265 -128 555 86 859 -900 17 -811 117 17 -110 -670 587 -182 -258 -51 -514 -759 410 -1154 -867 219 -119 220 317 179 -245 -398 -184 -46 467 -69 -283 441 648 -253 500 -801 -120 -511 475 -836 -644 -521 59 105 104 -72 -351 1053 -746 -167 -354 355 -746 29 173 335 -20 -286 650 -1657 -984 426 65 -89 510 535 202 560 -120 364 -643 -572 697 -181 -599 -659 390 144 -506 -962 -245 16 190 1112 56 313 -1202 1027 -695 -201 287 -561 588 649 -270 516 -307 -224 -91 2 213 211 -502 -41 215 -1013 -297 -1210 46 -714 -342 541 -445 119 790 6 156 863 -217 277 -318 -826 -51 -544 -6 162 212 270 37 381 -481 527 -95 -478 -93 -210 213 103 617 -268 343 801 1073 -575 643 -563 151 206 -1334 
-631 374 461 314 -1066 -382 -177 272 -272 -87 232 224 761 236 556 -603 -599 -131 -298 -185 -24 -722 -436 51 871 357 491 569 -289 991 255 571 546 27 449 -299 -848 251 -613 -679 146 566 -128 88 207 -447 219 -242 -254 -1387 807 -553 -204 330 695 -254 718 62 -761 114 666 708 105 -30 -512 -308 -33 171 -1042 -466 442 -255 521 115 287 175 -774 -561 -254 -393 29 -330 391 298 -22 739 295 724 158 -335 -53 676 667 424 64 -907 -40 1063 143 -593 474 -153 699 -574 -290 63 -921 516 -557 773 192 -62 -552 -1015 75 116 -569 16 -423 -52 325 416 -905 -262 231 -540 938 -288 287 -341 -328 763 396 708 -388 189 -93 130 112 -58 1030 -235 -94 -25 -112 -211 -150 -424 -166 281 -331 -347 -342 70 99 795 470 -405 14 901 226 -258 186 114 -896 381 522 -547 365 -267 196 341 555 634 -1231 113 342 907 360 -322 -539 79 435 611 -150 -657 143 -816 -618 -445 360 -614 -943 -560 -411 -931 -435 -708 -381 -41 
-94 -364 -1089 253 723 -449 -268 -254 -179 -714 -766 -884 302 328 12 -531 1698 -245 -147 -718 268 -259 -323 213 193 187 -240 714 848 344 235 96 -848 -482 -133 56 809 -132 744 437 84 -1203 -193 -676 -923 -774 173 635 37 1468 -8 -181 266 536 -143 244 279 -590 -593 37 -484 -136 -176 96 -259 572 280 336 -1069 -393 -593 367 -864 -856 -547 -62 -726 194 29 424 121 211 -21 -981 -1106 -263 -556 -348 505 -8 377 -882 418 18 1269 163 392 -13 818 -1222 582 711 -865 995 284 455 816 714 -560 142 729 -760 -230 -532 -307 -769 -433 121 465 293 271 -175 -398 -541 275 484 161 -515 -507 -333 -540 -200 373 454 -136 -382 282 45 669 3 -524 18 677 435 249 -484 -769 -1881 -39 245 -970 705 -866 -588 -568 358 -222 25 693 334 -689 -1042 -934 -396 -698 5 -129 -1275 1425 -1633 546 -58 -1081 -1048 805 -94 -139 -405 -34 -3 73 868 -233 -1216 1220 14 -53 30 364 -194 355 -459 -371 -966 -10 618 532 -518 -114 -80 
527 210 110 72 413 1032 -252 -221 678 -276 1297 96 -156 -695 568 -378 -725 928 -881 -200 350 301 637 136 -841 -217 -687 -390 121 445 -1169 187 436 -640 415 147 616 259 643 -125 -351 -229 443 120 487 210 569 139 353 -95 77 -528 421 517 -427 318 -425 -1088 -158 -502 471 241 88 -448 -112 -67 798 567 321 848 -169 -219 700 558 -840 -99 486 -364 543 -170 215 200 209 281 -330 -164 -656 196 -20 802 327 -196 399 -33 -8 1345 116 -1229 -312 581 58 482 494 -372 -160 -793 -967 339 -255 -384 -218 116 -560 888 -526 250 462 724 769 15 136 -315 982 -475 110 221 -509 -166 -8 160 -563 -716 1025 -1033 -247 176 53 -190 -648 521 -676 -702 43 -47 662 330 -754 1100 162 171 97 13 -67 29 -24 -256 254 393 118 28 816 749 -181 -620 173 -149 436 199 -169 118 339 430 -476 888 215 -392 -242 -667 1172 924 -183 99 -1266 780 243 231 674 -100 326 -222 -425 195 620 89 316 925 1401 -560 -221 -257 
-300 -1097 657 245 511 -418 145 -277 -37 -621 681 -977 -780 -837 -37 190 -732 -195 425 37 -59 -111 424 142 -363 -1171 -1163 50 579 248 284 760 17 -373 -241 -196 778 -53 -478 42 -432 83 -393 -712 170 342 366 -508 -140 -175 -376 -67 153 1134 -494 -15 -368 262 -686 15 -161 -101 650 -287 100 -290 99 68 591 -56 813 -695 139 -75 -365 -171 576 -477 347 -434 -426 -474 40 -277 167 -1 -495 -641 -492 -33 -780 40 -137 601 -869 107 538 -585 473 -55 -300 44 -1256 279 -5 84 315 -395 -152 199 653 -933 189 -269 -239 129 538 526 1216 181 603 811 412 12 -489 135 314 614 182 -736 -769 336 34 -139 505 623 -660 220 809 745 -939 266 -788 -82 315 410 771 941 -548 -695 47 -66 623 211 231 142 -292 -73 -80 209 -112 -882 569 -1425 -14 -351 42 -193 -143 254 463 -389 -220 484 375 226 -4 -279 -72 340 -262 257 507 -210 -648 -204 -578 13 130 -329 -72 268 11 85 -240 345 -1071 978 174 -343 
421 447 -97 -496 -619 179 446 -508 276 -222 501 -392 516 -49 -561 611 461 208 -608 124 1100 184 74 39 898 71 552 444 669 -34 235 23 -41 -975 -38 -459 -486 384 -510 -580 -531 -35 -572 -613 -830 509 353 1086 -360 -407 -765 281 -379 379 -6 60 -112 -1505 715 -65 -145 -25 210 56 176 39 -531 350 117 891 -215 -36 -60 -60 -983 -930 -277 362 -380 373 -774 488 877 327 25 405 -188 -40 -1023 -77 312 338 -291 -144 -253 296 -1282 -364 -340 65 -108 196 361 -545 -257 1058 -101 338 166 -441 -978 -162 -285 -180 -487 692 -423 272 1138 103 305 100 187 715 -337 7 -585 -812 69 -496 -223 -1107 284 -857 481 -144 772 -409 60 -55 668 -377 -6 -783 -221 -128 553 -385 -342 -278 -130 -274 -919 -302 -1130 -338 406 177 255 304 76 228 859 858 139 -213 99 -148 -333 -479 -369 -696 595 -446 464 560 -837 319 49 1485 554 -401 -618 403 413 268 -921 450 143 372 373 347 -59 16 -105 276 218 -293 -51 282 
132 112 296 -763 68 -296 -29 -323 -561 -1 156 363 442 223 332 -403 1100 603 -261 306 272 176 -55 419 -267 -1001 731 376 971 -823 -555 -374 -325 679 -13 189 -626 311 143 -439 -91 -170 -43 258 -93 269 -519 -306 193 -483 327 133 259 -1121 492 -417 -199 -512 207 -268 699 -454 -73 514 985 -215 367 -363 -34 174 -83 -238 977 50 234 333 -179 7 369 -358 95 -301 75 134 -353 -49 512 -1739 1150 969 1004 -406 72 -358 358 684 478 194 68 -446 -472 233 -12 -149 102 -488 844 -226 852 -526 512 33 -73 310 1 224 -386 310 272 -1352 -706 186 336 -359 1273 307 143 1190 -319 322 -555 165 168 -45 410 28 -169 -489 -707 849 251 232 -12 -470 -137 737 -333 34 -320 43 -488 222 10 -31 -38 -395 -100 -95 603 -615 1076 228 -708 553 -292 1009 -800 -293 589 424 76 -257 793 -624 356 -762 -808 -510 -113 -316 -72 -57 -206 -357 215 701 -211 515 1037 -84 -38 1117 -316 -329 -288 -64 77 474 237 -144 
380 -700 298 864 -489 182 1175 447 -469 -167 -230 -684 205 -182 462 -332 101 1139 -800 -1650 -1337 -29 -824 -381 597 118 -75 460 -300 -483 57 -736 -254 272 135 -1372 -270 -5 187 7 -1017 978 -312 418 -99 165 131 703 -155 465 411 -9 -6 310 483 -74 158 -355 -437 -880 194 -608 -806 -489 431 79 -85 256 -88 -259 331 -232 765 59 167 291 -794 520 862 406 1178 110 318 370 188 -1224 65 410 -345 57 156 -252 499 848 428 -653 -46 1160 1102 -76 586 759 -595 192 169 270 -649 -405 -605 398 207 342 -1016 -1125 -752 870 320 684 303 -403 799 32 -184 390 17 25 -67 -37 -564 48 411 -45 669 127 -536 271 -293 -627 -214 -532 575 -255 115 303 381 -957 820 -872 -307 966 -67 251 -586 -201 -581 191 323 162 -884 138 -332 -56 694 -329 -903 953 -521 190 -21 -348 243 13 -804 -168 126 -267 772 331 -282 -719 258 478 1253 289 -702 125 -156 -85 95 -208 498 -969 83 44 -1052 -865 -439 -645 251 -859 
413 -307 596 667 -1067 481 -313 -1167 662 892 1102 -991 1061 390 -429 -567 -308 271 -32 -1034 -601 -518 256 -1053 710 155 -637 -426 149 557 -646 84 254 252 416 -695 329 527 65 -857 -1148 -532 1024 -345 1206 77 195 -786 -120 134 -129 -256 623 394 -110 -313 481 -297 -234 809 884 -557 -299 -575 -573 484 671 151 565 -79 -846 -1202 167 672 -916 326 99 -1139 1067 -740 466 420 -74 -62 -392 -452 -184 439 -246 -519 529 -996 -649 441 234 756 357 -838 -204 188 565 65 462 -176 495 209 111 -282 -1445 -123 281 344 40 85 -385 145 -27 -69 -219 425 149 -294 -247 851 143 118 519 947 282 -281 268 -463 66 -1062 154 -37 133 -480 -217 -401 266 -543 637 94 1083 -378 -140 -444 227 -229 5 -323 378 432 574 588 -221 531 409 76 -312 -314 -198 -365 -57 593 306 730 -309 573 985 176 -249 806 105 -1274 -523 -568 396 15 -555 -967 347 222 135 404 49 -14 -795 -443 262 263 -813 -145 -119 21 610 534 -9 -182 
-416 363 1014 -686 579 -114 561 -79 -309 -457 696 -87 -159 -1 954 119 381 77 869 252 635 283 -133 -188 -617 -475 -993 823 225 17 762 -56 -600 603 185 227 117 -275 582 87 631 565 -634 -742 252 1099 -50 -327 274 134 -9 -134 140 -395 361 -326 -1001 -67 -743 -185 461 -581 147 -71 -538 -684 -468 115 -310 94 -569 671 -842 433 -79 -340 21 -866 -180 122 177 -1308 -191 176 -149 -402 -575 -467 -113 -1150 -203 -1021 453 -227 -530 -235 -58 -353 -448 299 40 -901 294 294 -1144 -706 46 -298 -50 324 -307 42 -38 680 354 -322 -90 -91 522 -456 631 393 458 288 -791 866 -124 775 -46 63 1014 1093 -608 -414 -62 664 -250 -181 271 1504 -944 -736 220 -557 650 535 182 359 600 -343 52 41 -260 35 255 307 -561 498 131 -47 -231 -735 694 -515 -320 -606 -952 -5 -840 -866 -380 519 497 957 148 1021 116 -375 279 98 126 -161 -357 -226 421 -217 98 -122 470 456 357 62 -128 270 -351 214 -1170 101 627 348 
-316 -24 189 714 890 559 2 198 411 -660 115 566 259 686 391 -539 -923 -851 118 -96 341 667 617 379 151 1051 -521 -509 514 101 216 271 1238 -210 -1234 -595 387 -36 -91 551 -395 281 -42 72 -171 655 -910 -303 71 853 -62 -152 -94 356 -413 372 -459 304 274 -427 -302 -259 624 242 -830 671 -4 555 -494 -302 95 630 -315 -301 364 -567 166 -71 835 279 -258 -7 467 -130 615 746 -551 544 -178 -312 -541 606 152 670 600 212 -556 -143 373 1610 -152 -325 -206 162 -174 664 -241 -150 -16 -1299 -1142 -440 552 -148 524 342 418 385 -336 256 324 -200 -214 -36 541 48 22 287 -339 -144 -433 106 524 -42 129 -278 -425 418 -249 413 964 877 -758 -30 -861 -139 80 424 -137 -382 257 249 49 148 -162 861 249 93 -314 881 -111 -301 343 -296 -306 501 430 -6 -1045 173 -988 -161 -78 -237 -152 893 -1008 324 777 783 -895 428 89 444 17 -853 730 688 -337 -142 -273 821 557 974 807 393 -421 133 -741 219 
696 321 -185 -436 71 -666 -602 670 -329 -120 -385 525 -244 -33 346 -847 764 1228 2 409 -612 603 -460 575 576 -373 731 555 1101 -57 301 134 387 -329 508 -512 208 413 -216 511 -515 384 -415 -274 -248 50 51 464 281 -790 631 -65 -941 77 540 456 -559 457 -62 -624 -392 4 84 -163 348 -330 -894 -901 -754 -189 202 -677 223 -357 105 -583 -13 1129 147 188 726 -187 333 130 18 11 535 102 132 -338 -346 232 -205 92 313 -22 -73 -7 686 71 -860 366 -570 -585 361 29 258 -449 25 556 699 251 -438 -1583 110 -340 -851 525 419 -901 355 -759 108 -628 -40 421 -742 -268 -816 -52 -63 -191 91 145 -13 -223 -695 -104 -302 109 227 -265 66 -363 -34 -286 74 -1031 -461 593 -200 -520 -252 -811 -478 585 -199 143 -8 -57 166 -103 -1689 -568 -72 318 237 -803 73 -681 443 1058 -206 -612 -291 -525 -662 -52 -693 1091 -153 -150 -227 149 67 -19 -789 590 -113 -3 6 248 267 -410 132 -607 450 -326 -513 -633 
369 375 10 -13 -594 -59 468 -514 626 -280 -561 -37 -148 475 317 -472 155 1226 392 503 57 -489 668 -355 385 -155 519 -592 146 141 149 -1714 294 630 -508 536 545 375 127 -1260 -461 -1030 975 -39 -77 -270 171 957 524 -100 474 -217 477 -961 -248 -539 -941 -248 -150 462 1021 312 275 -593 -560 534 201 585 -553 241 -207 404 984 -950 431 -940 976 -136 236 -725 150 148 -1230 182 -433 245 -199 133 -785 -763 727 -37 -106 -614 -109 311 -7 48 -606 -997 56 238 107 -293 378 -515 280 107 -92 -470 -16 573 184 591 381 52 -329 96 343 245 419 132 -162 -209 -87 -304 33 -497 -282 -366 480 -1336 442 -419 449 -81 -69 -463 774 -197 14 595 -422 675 104 -267 -1194 145 -511 1007 -249 266 -771 -83 -179 84 -512 22 -694 258 739 -579 -414 744 -400 569 -407 -71 645 18 -686 -428 -457 -356 -237 -132 271 839 374 -1003 -432 -505 394 703 -86 714 -146 187 185 487 -17 -212 182 674 -337 81 704 -874 -234 -970 
-408 -473 -277 615 -296 1658 298 274 -323 567 539 1277 540 -769 275 621 -677 -633 650 -308 518 -616 -1212 208 314 307 -958 76 -133 -515 -132 -66 836 34 -1070 -288 -507 -569 800 228 258 388 -263 -138 -669 -101 -548 599 45 348 220 986 -140 -190 50 -670 -161 618 -191 -238 655 154 177 179 529 -434 427 -233 972 -864 552 675 -424 -312 1506 -141 383 212 799 -667 705 174 66 121 103 221 384 361 219 125 -204 22 529 186 951 -566 586 303 146 719 1312 -233 -356 746 177 45 -206 273 -670 312 554 -577 1010 140 -1023 -69 -645 84 -71 612 -334 -43 -319 -189 -67 122 120 -437 187 479 202 160 772 939 -420 -155 123 187 -436 621 566 1049 -339 106 -111 657 591 566 467 595 -4 548 353 169 816 709 650 239 309 -86 -283 209 68 -671 -177 -122 28 661 -1136 655 703 218 1258 124 -848 317 553 -279 800 58 371 -301 -28 -15 -1142 -247 1001 578 -531 -19 147 52 534 259 -242 165 226 -168 -510 -102 
-227 66 -492 662 857 427 333 75 -145 550 -411 790 649 -1090 -226 -248 -206 44 710 316 700 186 365 -173 287 -511 -164 -111 -754 -456 -1169 512 -131 152 494 734 49 46 -556 14 327 627 -279 261 13 -484 -1036 -506 -200 -327 860 144 -629 -105 -494 -620 -422 1264 687 176 -198 -286 169 1085 -132 154 597 -307 -462 -27 946 1055 418 -66 1246 492 -426 1053 -493 64 -247 -889 -190 -279 -533 -356 210 77 -236 272 -107 972 540 -441 -615 378 -95 33 148 -120 -732 -703 -661 871 832 -835 -76 -329 -372 720 -705 -509 243 231 72 -334 -206 81 352 -428 876 62 -932 -407 -97 84 28 -573 -454 -290 -293 497 -199 -563 -843 -685 -333 1425 88 95 -333 449 462 533 -1337 267 263 -607 -687 -51 -616 -159 -6 -527 -198 810 485 194 -15 301 406 -260 -751 8 628 102 -65 -1112 20 459 -36 71 26 -1192 212 -605 437 645 662 -1057 7 117 567 -25 363 -9 372 -101 -12 410 -459 -272 -128 -583 1608 -19 -142 558 -653 547 
476 231 -87 470 -406 -668 687 909 531 -259 -344 -641 392 89 446 789 -81 247 353 -672 797 -129 10 -379 368 172 410 679 -326 409 69 847 354 -149 164 -18 94 367 18 267 652 780 -932 -136 -378 452 -222 -129 75 -363 226 613 -434 320 -566 674 -394 -125 104 -335 -145 348 -75 136 -192 -234 -85 -354 -1143 778 -1216 1483 632 648 -6 -256 541 334 -461 1496 36 -243 -266 68 507 642 115 -456 -519 -208 -688 -180 404 363 229 597 -223 -134 141 525 -29 50 -285 429 107 543 758 -702 640 -714 -764 -265 -768 -276 102 281 -706 722 -479 63 471 -380 202 -828 -488 -211 -131 368 630 423 -284 191 135 -444 -648 145 -69 146 219 1112 -771 654 583 12 -1054 -586 -101 -41 -551 -241 422 589 150 -661 371 52 573 -450 55 -81 375 528 -5 694 -1052 -3 -320 -643 -436 -777 -655 311 -30 891 261 567 -1060 383 -322 377 450 -296 -344 -262 63 92 776 -843 468 -138 271 -317 -66 214 492 -133 638 -853 202 680 
522 -318 70 -279 -787 -181 -329 -34 -258 -347 557 -735 165 816 -345 -109 348 29 805 1361 81 389 -869 -182 -222 -626 45 114 320 286 -607 312 -193 666 156 -502 -284 175 -821 -952 8 663 -532 -78 -397 145 -145 -158 -521 -698 810 214 -102 212 418 106 703 81 0 575 -430 -537 -275 259 763 239 1132 -180 -209 789 -222 246 576 -374 -115 431 -880 -102 -162 136 -379 -549 1289 -145 -143 -320 -944 -144 -97 -173 1062 -305 -223 508 -134 -639 138 501 493 -364 -128 137 253 -158 -453 80 -217 129 -8 397 -181 -252 -846 -493 406 203 -656 -628 564 -557 -474 238 -777 -895 -1023 100 12 -279 294 -145 -380 80 318 475 -251 98 949 408 -515 -788 -9 -675 596 -486 -45 693 -131 -1025 895 186 -248 729 260 -638 -986 324 -476 -227 734 -323 606 578 97 316 721 -408 -1194 -359 -239 -1005 -1149 -583 107 -338 -170 730 -384 -380 224 679 585 -946 -311 -553 -462 -465 692 -47 137 -528 633 -604 15 -694 497 -31 -306 -1005 -161 -1062 
-806 -706 224 64 -788 -315 101 824 504 275 366 -345 -70 -1339 918 -109 302 386 174 -97 -395 492 -438 1293 -399 -436 -216 -183 13 -574 -96 16 270 151 612 -552 956 521 50 361 -568 620 30 -23 -337 -307 -72 -3 520 314 607 293 152 -168 -1242 -250 -693 139 -1430 24 -425 -566 -513 -580 -10 -188 -63 -321 264 -157 295 549 -505 -456 771 521 -471 960 41 389 -622 361 35 -137 -474 -1432 196 235 135 -670 -29 366 805 -419 749 666 233 -7 590 -815 792 -48 -241 1447 732 -1014 280 -155 -141 42 830 -349 783 177 -298 155 809 406 306 -469 -203 -21 -274 -175 297 703 1006 -691 -24 -455 474 818 -96 -621 -422 820 -251 424 -688 294 -180 971 108 -554 460 -608 490 249 -216 612 -321 -104 104 -172 331 441 -551 -12 166 -90 566 -446 -572 -1254 -179 156 -174 -787 164 -434 -27 163 -789 1187 407 -74 41 430 161 -94 -437 -854 -847 99 -662 -715 526 320 231 810 285 -83 -375 400 -69 419 -322 238 -926 -268 
-838 792 -753 -333 -310 1247 -262 -121 314 519 -203 339 705 -622 -163 -1069 413 -46 425 31 587 343 -931 196 -309 -431 -740 384 -674 -422 484 -412 489 -93 756 315 -410 335 -555 -285 -564 115 354 442 226 -761 432 -201 830 -914 112 1282 239 -134 50 672 -978 371 250 925 43 406 -78 -78 -26 -1131 -708 162 737 -98 -381 104 -28 -461 132 -453 370 443 216 -458 -30 169 -390 -77 -143 -682 155 -722 888 -10 -285 993 732 -65 -1 -89 -347 105 40 -762 -314 -321 1136 325 251 -275 -319 -400 687 -755 842 -56 401 -479 425 -507 51 111 645 -96 -881 350 -52 1324 215 -267 -302 314 102 -35 863 -82 -244 486 -438 -203 -87 637 96 394 23 799 340 102 89 -441 71 328 -737 1234 -201 465 -224 -52 -465 238 -22 270 -380 -703 1466 330 -953 702 380 -263 139 -22 -344 -662 -153 -8 -407 457 -573 -767 -305 684 -727 -989 -164 -176 -863 735 585 335 -95 -383 -533 850 -307 230 134 -794 647 -227 615 247 385 188 
-538 8 238 -417 -300 756 -32 438 375 -582 -1361 581 -220 -139 -163 -159 -324 -359 462 577 645 279 614 -62 146 -1242 -1265 658 -49 517 574 -31 -66 -372 -182 718 -316 -292 578 109 1 70 -641 -220 450 -252 -100 180 807 -376 -278 -301 396 590 -946 78 -1095 -108 -157 55 294 -605 137 362 87 -146 722 -76 321 173 207 524 390 -210 637 -547 319 -806 229 -29 -13 -140 -789 179 485 426 82 -155 665 -891 -386 416 83 -1475 -761 48 -185 -110 -492 -116 -30 -520 -518 606 108 -239 -190 -219 53 -397 -56 -363 -119 1271 79 -532 302 -538 930 -84 -676 462 398 309 -645 710 -425 -438 -1063 107 -63 285 246 -1051 -246 935 -9 193 -28 -211 -197 168 -349 649 -793 154 -1060 308 -618 -834 1171 294 62 -16 -626 -202 406 -245 140 261 -452 -230 -11 161 745 45 262 372 87 329 -202 -197 -79 -825 -89 543 1037 74 -121 -460 495 -912 175 -476 728 875 -158 -95 538 1104 -23 514 387 704 -970 250 -1013 -42 -385 744 
-103 635 -476 -661 -993 386 -257 -338 783 282 336 50 1069 396 -647 -280 -259 -158 42 331 150 -303 222 -20 -13 672 -326 -736 152 556 602 -86 106 138 -627 -234 -864 -267 -345 -273 -1181 -48 885 602 768 171 -208 324 -841 -212 -5 -247 539 -167 217 -328 263 -175 -123 -239 52 -348 -400 -190 453 536 230 -733 1056 -904 84 -644 508 270 404 -369 413 -162 492 544 -707 -378 459 804 1439 250 41 -275 158 502 320 502 -222 -760 -108 604 -483 623 -577 275 60 -281 -447 267 -32 253 -428 225 446 79 -670 -513 185 -1099 355 576 389 -58 90 64 -363 1 160 674 -5 -205 -186 1123 654 -296 480 157 51 -6 182 58 679 974 -431 -395 534 -301 623 245 -227 -348 481 224 -189 -823 -34 64 -737 -633 -190 -253 -361 -303 375 438 -233 545 -915 -36 480 317 421 -74 121 326 -64 103 -559 118 -366 201 -553 352 -429 134 -521 -750 422 -209 -710 -538 -489 255 -1174 -197 27 545 -285 -287 -603 945 308 280 968 120 
368 -331 -855 676 -150 7 628 -197 -84 -130 598 172 19 -164 448 -426 8 -304 428 606 757 -225 244 -368 -228 -579 -522 -186 -383 456 601 54 -451 775 74 325 -141 59 26 -750 337 558 -250 -56 -609 -256 393 703 112 -340 -33 -328 164 678 1181 -434 -168 -187 194 288 -347 552 -369 450 816 -76 70 -743 327 656 -328 110 -18 -386 222 -423 -457 240 906 -256 429 -104 124 -494 475 116 -1104 -303 -36 -973 283 16 132 635 -38 -969 -383 -1055 276 136 71 -36 -568 341 864 414 370 -1100 550 79 -289 -666 837 -176 239 255 -673 769 99 297 -882 -311 -59 226 199 -108 110 437 -143 489 13 -399 -233 1238 339 -93 -433 -612 114 -287 559 -463 -260 663 -697 -528 -489 -60 24 456 643 168 361 60 -557 -141 -369 1075 59 367 -664 -686 -566 1221 53 -646 -403 -397 -811 155 -27 -87 -1114 -871 -316 -435 30 964 -1136 67 -173 246 936 -218 664 879 -678 117 -428 267 -93 -81 -55 -760 66 -497 -274 -496 285 -96 
682 628 417 660 -718 753 186 -445 517 214 -795 -73 -256 -93 -589 -192 -59 -291 -494 192 68 -223 198 -954 594 399 379 1043 -612 -752 96 -225 -503 -576 517 1006 -308 270 923 -246 504 -366 -232 587 -678 -1 -29 -398 105 705 -158 241 -221 373 -249 -153 743 721 -42 -1030 -263 -89 264 508 -215 1175 -1326 441 180 828 201 -264 -363 -109 -1258 217 115 310 -273 179 -240 -621 -1043 -626 208 -949 151 192 -166 -183 -643 201 -364 1066 -587 -336 -670 346 -324 -819 -107 49 497 -313 611 40 -242 -140 -224 -170 -238 -317 233 193 -620 693 -839 -149 540 470 1099 -304 -313 649 670 272 233 806 116 -666 233 469 809 654 -296 -271 -4 369 49 892 368 -292 1 -403 -493 357 374 -340 -1246 23 214 49 -613 863 159 358 234 -66 -1256 509 -176 5 295 -405 1054 -361 889 -556 -347 -618 -274 269 434 -734 47 36 -1032 813 650 247 -580 414 875 278 1789 476 164 -28 284 138 885 -199 -911 525 251 284 -530 114 -471 1382 
342 432 -15 -17 691 -114 -217 541 -230 -646 232 466 489 526 -402 -278 225 399 274 -775 756 -459 -254 -1381 -553 300 -184 -765 639 1297 -582 -760 403 -3 -49 -1054 141 -991 -161 529 569 -696 59 -1220 -44 47 -486 100 -1019 163 1149 -102 98 -557 793 -261 -16 -237 22 -303 84 -250 254 19 -207 -945 -745 -897 -268 -128 -141 -1511 -769 68 360 -424 774 -817 197 -404 -87 191 -150 -110 62 378 -273 477 182 -368 779 -576 -492 -487 438 472 -194 26 260 -17 -505 -440 622 -169 11 -499 -191 662 -466 510 -78 195 867 243 501 181 -265 47 -172 21 135 -433 -781 -314 -133 31 -705 -440 -863 -104 537 -131 1036 -246 -750 -898 377 -768 470 -657 120 401 438 56 -1084 219 -354 495 219 -299 -205 904 -572 254 -386 606 -862 241 -44 505 -867 653 -857 145 147 559 -229 -198 -209 102 123 151 189 -1551 545 303 -409 -219 -340 -716 641 -11 -816 669 -194 -464 398 596 -113 -889 -688 -20 -310 152 833 684 425 -353 -444 -81 
277 727 157 -430 -55 -133 -85 725 518 -431 -1174 -257 -193 217 196 502 -928 -239 334 -308 37 178 -116 147 -775 -1174 24 710 225 41 -507 686 623 -137 676 322 531 434 1260 -37 588 -1003 -600 23 542 504 721 -295 -306 534 531 400 270 574 -319 839 -781 -177 542 113 803 -769 -222 -185 -529 322 218 372 107 -517 -1190 -689 72 -248 -244 83 811 -760 921 -742 167 166 -307 -1045 -260 800 -703 566 -266 -27 -1105 -197 46 -289 -626 514 728 -962 -104 -524 271 -257 -1020 81 12 -526 32 364 -17 -617 259 538 254 701 -171 -794 -95 336 68 -498 286 -479 -141 -775 153 762 -145 -127 -314 503 -127 365 254 -251 -779 752 -375 -128 211 337 -1001 376 324 -503 360 651 -462 571 514 89 284 -876 -99 386 289 -146 1093 -490 -1001 154 786 104 499 -132 434 56 744 -651 505 -37 -184 121 67 -707 -383 429 -808 -984 -89 602 -57 125 -654 -501 -49 1250 1199 303 551 358 -68 -567 -378 595 185 -215 200 445 -585 924 
-623 140 284 107 -875 -85 986 -1119 94 252 414 -253 722 -383 -293 -527 208 916 16 340 497 -56 153 444 401 -368 549 -82 -218 1085 -279 -257 -105 616 756 793 -407 414 -590 -1039 397 734 -429 -373 652 452 620 180 440 -296 -575 59 -334 -289 1568 -1111 -376 -525 394 1334 613 -465 -249 -152 131 -116 291 158 308 512 -395 771 -58 -239 -315 -559 -604 -1238 -376 425 -482 -157 -495 -153 -214 -582 225 -212 -722 -1170 56 302 -237 -392 -1160 -617 -189 33 107 -43 326 -198 461 171 399 244 -611 396 122 -119 468 -668 81 -152 784 390 -114 -266 -480 -300 -644 -10 -128 -12 -132 688 756 -167 -22 -126 39 616 -902 -790 220 289 388 -556 -13 -340 -350 -546 609 3 725 -841 -74 546 -475 331 268 -163 -312 -984 674 524 -495 -1256 -307 540 830 -174 -1 294 298 -430 -139 288 -254 -143 -616 -1213 -698 564 -317 541 711 850 451 -751 -63 -824 347 640 -127 -874 152 446 -90 421 -600 -789 39 -11 -181 -477 -274 -278 596 147 
460 -225 -885 434 743 -814 263 15 -512 1133 206 136 114 -437 326 -331 728 952 -542 -185 250 -217 728 -67 -74 -198 50 -274 -255 -302 -102 -1376 -527 413 149 -382 904 766 -64 -464 82 242 -186 167 687 -469 -149 438 381 70 875 51 -62 -198 -278 -666 -40 -198 -918 332 -511 173 -522 -135 -529 276 713 -926 -215 -431 172 -37 144 350 58 -472 354 628 -6 623 86 785 -449 -532 434 -521 -325 -301 281 1179 164 -1 -289 118 814 -81 21 61 629 -260 186 523 -720 202 -351 548 -1414 -213 -752 -393 -106 -212 -650 52 -417 -776 -1003 170 -483 -878 -111 -403 99 -360 -90 992 32 -79 130 -481 5 -108 -188 24 -574 281 -84 419 -873 -76 93 320 485 471 918 -980 -164 -504 17 -629 442 314 100 -532 -528 -34 -723 -46 62 275 353 -246 -669 157 1300 1192 -497 -681 -572 286 -6 425 -136 -261 -8 -1334 -1094 -159 129 93 -516 -372 -80 -516 1271 -558 -102 429 663 -264 120 305 152 -245 641 -777 -53 318 -38 -22 
-613 -773 -696 455 375 911 126 214 155 -134 -386 -322 93 -471 368 243 -702 -205 32 163 -484 1019 183 -24 -141 -293 -648 516 724 249 -617 -116 727 57 -741 -273 480 243 -923 265 -990 -233 219 337 1034 -224 -387 -524 -963 -56 -179 -950 -201 255 503 -125 590 734 223 457 -596 135 554 170 266 105 628 -781 636 143 -281 377 -430 -221 31 333 369 -940 916 -822 -628 481 687 418 440 232 -284 45 1372 36 -173 464 -970 -225 794 -379 -65 -243 647 823 -341 15 -349 186 -387 474 100 -563 -1194 404 -185 222 330 12 -433 954 265 50 300 -644 -676 -414 471 1182 523 441 542 -565 -217 581 630 -687 -259 162 9 44 100 100 -339 -81 680 309 -117 -202 93 561 -524 582 396 -94 216 1017 92 -796 61 -271 -292 551 121 -441 -1204 -230 -739 529 358 -291 549 639 -771 328 368 -255 379 -423 1044 210 798 -621 -260 899 473 -263 -521 622 -1066 -140 386 1019 -840 440 354 578 562 124 134 31 -478 401 -351 -779 
-631 -431 -539 -29 868 728 -213 681 516 593 -959 -180 -864 -487 737 -464 -499 -40 -324 644 -480 110 239 1018 921 -95 283 -361 271 -250 601 5 730 -162 -195 452 -717 281 -665 146 -691 18 -622 82 -41 19 799 843 -170 -454 694 -646 88 -329 -196 -214 -841 -156 13 51 329 -458 308 158 417 -908 -1052 -69 -489 -812 389 -278 1040 407 519 476 445 -189 -282 -154 -25 288 64 285 493 1550 -690 637 327 -114 -315 1020 183 -86 -31 -563 -476 403 -520 586 43 540 333 -938 101 -51 -239 -155 -234 27 -743 153 -403 5 450 -1210 -521 -222 368 -176 127 192 511 -252 756 -236 25 -167 69 980 -176 389 51 -325 -1315 110 351 -966 -103 -12 580 189 275 -193 712 280 536 313 188 -690 707 -6 299 103 -328 -486 506 35 -30 -423 -208 465 211 -1012 289 511 860 -218 257 291 124 -396 -119 619 -609 676 -422 196 -89 -407 -815 -1498 291 -678 -215 -1235 -338 579 -698 37 296 250 1169 -407 30 43 324 -688 -713 -215 
59 465 113 -26 267 314 -97 -63 786 173 -425 76 124 579 -865 345 348 -254 45 179 -286 -407 -367 279 95 84 656 335 -67 105 739 782 22 -410 57 -506 -275 1705 157 385 151 -112 -615 -223 -871 78 12 1332 -544 -688 -107 222 -634 987 100 253 233 -948 -393 -171 1133 -298 381 -86 811 372 235 621 -122 262 -1122 17 248 -1011 -327 -1000 60 343 462 -498 936 983 331 -370 1480 573 288 222 -78 193 -805 117 -780 -107 392 -79 -252 -970 511 -241 -302 646 -651 -12 773 1074 -105 196 910 383 162 -392 278 -355 -101 13 -960 -627 442 -850 32 -361 234 302 -184 85 255 30 -119 -56 533 -555 1130 197 -307 -874 -386 -1282 -445 -875 -649 -119 897 413 -31 -774 -460 -964 -672 523 601 303 -51 359 -1017 26 460 258 -568 -858 -187 -523 -310 553 665 516 873 348 598 383 79 206 -509 -470 -184 271 -909 549 -854 956 -299 -308 -381 497 -374 393 -178 122 484 -459 -596 228 442 494 659 -48 1038 -765 -1123 -381 
113 267 -296 660 1592 915 225 566 -65 -1120 183 214 75 741 17 -355 -169 982 155 288 836 -718 -197 208 935 465 -705 -1038 205 -542 -76 1004 -40 162 -296 -960 -265 84 320 696 594 575 92 -573 -405 337 -876 56 -67 699 72 73 -289 283 91 354 -15 -832 287 -674 69 -645 -43 404 -857 -244 -384 349 -533 416 47 -292 -96 221 -264 -232 -131 104 673 -498 -446 366 -492 -1122 -836 104 -385 70 -921 -634 -7 -595 396 -816 -526 -210 -377 -508 104 621 994 127 -66 555 -46 532 325 -753 -628 -353 -176 371 343 619 17 38 50 -99 261 -268 446 -433 -441 238 -647 346 -404 10 -769 492 6 -894 -381 -180 -4 -671 -826 -157 -71 133 -545 299 918 -160 18 338 107 -492 1165 -322 558 -613 378 -150 -829 510 -716 54 -287 -866 510 -433 47 -784 371 248 699 -1216 -481 -689 493 502 -72 -238 -225 237 -32 -227 -142 47 266 121 2 -393 28 -821 927 1171 418 285 -179 -253 -315 -223 83 -177 -508 43 -414 -681 
-212 -538 81 24 -528 870 439 860 1055 754 6 -526 -144 161 617 269 465 737 833 -573 -354 -202 333 387 268 441 -584 211 436 440 219 -680 -43 337 -924 -122 843 -531 123 -725 -1018 -70 -210 -533 -716 1016 -718 794 640 117 351 882 -536 869 -853 -43 -655 -214 271 -951 -105 -576 -301 0 -355 -247 23 230 288 -191 138 -284 0 -89 -37 318 -503 630 421 245 332 -165 663 68 -461 54 377 -201 -671 87 -307 -745 -255 -38 -98 765 -518 -104 424 221 1519 -303 -495 400 -254 434 -329 -281 24 -374 -332 -280 -150 -383 252 490 124 -118 139 -27 194 528 -936 404 -467 280 90 297 -543 -637 831 -260 502 392 462 1073 -308 469 -153 709 349 100 -523 272 -222 65 -385 -827 48 -134 -176 246 -358 -27 125 559 370 -481 -628 -537 -100 -870 247 -389 -300 494 -307 -159 631 -239 -408 -303 839 -110 9 -47 -498 -233 -199 133 -349 -521 111 -400 915 -352 -448 -429 371 -707 -18 -36 -546 469 -600 212 512 929 -135 397 
625 762 360 214 -706 176 746 -698 -265 1465 106 -41 121 -694 798 -690 -196 780 384 415 -556 674 257 243 489 369 533 -677 -497 -321 884 -826 766 -415 -627 992 -194 845 46 -741 216 -294 770 -245 336 -398 171 -273 -14 965 214 531 218 273 211 -978 99 -171 -936 472 810 970 545 324 38 300 -30 122 -289 -241 400 -1016 -712 178 410 -686 44 -980 336 673 77 519 152 1194 -309 199 75 47 -920 394 -229 490 561 -328 -125 662 683 -68 428 -769 -146 232 354 723 1345 -114 858 -90 422 -1096 420 -210 706 -1029 -485 26 164 -167 236 -324 810 1351 128 444 -47 -719 -373 611 382 -368 186 -187 737 345 -776 12 -1623 880 512 437 231 473 -467 72 437 26 -237 -106 -690 -647 -356 -401 -139 -419 1040 72 -721 -94 -700 26 2 -527 320 -179 -190 466 199 -51 -157 235 -100 190 579 116 -369 -418 329 315 793 553 -484 -362 -97 211 512 -180 -902 -410 -239 989 731 -547 -1068 161 283 227 -5 -480 16 -76 
-684 -283 901 -769 72 -150 -319 248 -155 149 -401 -391 -87 -196 803 38 -788 303 -113 -464 -216 373 -10 -709 -179 1498 239 -306 -363 -849 -870 -1069 27 -234 151 1368 -403 -452 -522 241 757 -484 -678 -428 651 -29 23 -280 -935 -331 -262 477 -690 502 945 -208 -504 689 270 384 -132 230 174 -247 756 775 -453 536 -443 -862 492 -681 -16 693 744 279 392 -887 -383 369 227 -111 23 730 -1173 926 650 -294 -392 730 -123 365 -679 -257 -331 -740 8 -404 -740 592 -432 -942 -378 38 530 -343 775 -339 705 118 -264 -178 269 680 666 5 -220 -699 226 -667 531 188 -121 -4 366 9 64 805 -306 -538 -200 -107 782 -174 357 332 -381 481 -417 -428 215 -476 210 -226 276 134 -120 1287 903 -576 -252 -325 213 443 113 -1075 -98 -112 -201 285 75 -643 645 586 664 5 700 837 692 -855 -435 -730 536 -667 54 -30 583 -297 -202 -745 686 331 -111 25 -85 -209 -161 114 -32 334 -180 -352 497 477 156 1067 -193 -342 71 183 
670 552 666 -82 304 615 -152 -716 -737 -30 -49 -300 425 813 102 411 401 126 905 281 167 -214 426 -630 -116 52 107 995 139 -182 -197 32 -248 302 -669 -1511 -587 -158 590 -202 -356 -662 -163 -616 928 -2 -185 95 -87 -831 31 -49 -607 -408 -448 -64 -87 141 216 514 248 -215 -369 482 -590 93 -36 362 205 -214 -528 440 102 207 20 -436 135 -139 -112 -717 2 -170 54 64 202 -382 636 -70 -101 549 -503 -290 -244 -154 -504 -581 143 379 -232 278 448 -560 -186 240 -1004 -1323 262 96 -439 425 -19 -750 -19 338 294 496 -317 123 1046 79 474 -342 -116 -235 -525 367 -420 -85 45 185 953 -376 -263 -192 -79 684 -384 521 -764 -790 -374 -612 627 604 -291 59 -555 -19 742 -847 -32 802 194 -223 -2 37 -280 833 -173 -76 -904 89 -484 930 392 -579 416 68 -16 273 -333 381 -76 -64 416 388 789 88 443 203 -43 291 -165 381 -330 -434 164 -302 -632 -23 557 93 603 -659 716 -191 144 339 -609 -23 
42 -132 254 -574 262 426 -119 210 241 1018 -1462 577 -922 7 177 861 176 -708 120 -56 712 600 -128 -330 49 367 1129 579 95 291 351 705 -299 -120 -105 612 -346 -3 -190 737 -222 -451 226 -189 310 882 -352 193 703 -58 -165 282 328 -584 -84 318 -323 -132 680 748 -246 366 -18 -449 914 -543 680 -113 -343 402 648 968 -15 942 9 184 242 -55 -647 144 -890 -846 1 265 -578 -23 57 41 -327 141 -338 128 680 -153 -180 51 -322 291 -802 474 -381 29 388 35 -428 548 14 974 -338 -298 -29 343 369 263 97 -604 552 -146 232 1675 -358 75 116 410 166 213 395 -828 -1 631 -589 46 -43 -3 -28 178 837 483 -1027 102 424 -612 360 -273 -94 375 290 900 -181 -541 83 -192 188 -170 -536 439 296 -326 162 -142 -297 539 483 -506 38 -357 479 88 278 646 -393 180 552 195 659 438 -724 689 243 -822 560 -140 333 -676 -122 -430 -338 154 -288 -82 103 -571 -21 822 72 681 -240 172 310 686 
27 -477 -92 -240 -694 -341 -227 -438 -641 -280 313 267 168 88 244 5 460 -100 -126 -388 -21 -758 579 672 -621 -873 -10 -1385 -10 -430 333 -99 379 -17 75 -927 200 -566 203 -349 314 -376 417 -319 380 -402 556 -61 379 436 -344 -253 294 856 263 -4 -609 -547 -345 704 -291 323 -80 -173 -355 -42 -251 -100 152 -749 -808 -8 388 318 -289 -282 423 -223 447 -233 681 329 -274 -1203 631 283 61 -1 -201 324 -79 686 502 -812 -1018 1011 248 -40 339 -323 368 302 543 692 -86 123 95 -420 690 -191 254 -453 -490 -12 84 -226 -443 109 320 -1520 -24 16 711 -152 888 -765 137 -136 1288 143 -525 7 609 172 -687 976 -70 49 -686 -42 243 255 -112 417 -325 41 -156 662 612 -245 90 -75 -60 359 -566 -873 158 234 -1247 747 852 789 888 -127 331 -169 -15 -603 111 -72 -201 233 -547 -39 -123 -455 349 -760 270 670 852 -140 -112 518 -1632 -184 327 -333 760 -36 -173 -153 -122 -368 827 48 188 353 10 -394 
-867 -212 -941 817 -46 531 492 -529 379 -11 664 7 353 164 -1141 -999 -92 -235 -2 45 435 63 235 318 48 76 -672 -889 406 326 -736 1214 -165 -159 905 -18 459 130 591 215 629 -205 -298 -519 291 344 -1055 15 406 -617 336 64 886 -547 393 -572 -811 -330 54 606 463 -928 -994 369 756 1063 715 730 299 403 782 -460 169 -692 -155 223 -564 224 93 -8 -100 12 -180 -1123 124 -435 -19 402 -363 -999 -489 432 -588 25 671 -131 249 419 131 15 -56 1 -15 -220 -110 -826 175 387 -724 758 163 -303 260 191 -77 -321 151 -520 -999 -702 616 -4 285 368 282 -242 1334 -1040 196 -157 306 468 665 -871 -893 -804 71 273 -1192 678 585 123 -804 295 151 98 -547 -25 -1082 -25 241 -161 111 229 -243 419 19 1081 -90 1115 369 -879 -648 -512 516 90 42 255 -136 1223 -63 -855 386 9 -883 -730 406 732 353 827 247 482 54 298 -1204 750 265 112 643 468 -809 -96 -218 439 11 -288 135 537 -435 -846 
-884 -374 -564 -163 -51 -25 385 -384 -195 -434 -340 -6 169 -440 -263 -999 -1156 483 -803 697 107 -627 -378 -80 619 -77 159 -661 -545 255 196 181 381 580 247 568 503 446 -320 132 -508 -528 -61 471 415 -416 382 -641 227 -319 -60 506 287 662 48 -39 711 -317 156 480 415 -1147 -788 -335 -1077 80 -656 -915 -63 -406 -132 210 -471 694 -1057 -147 225 523 793 -520 -523 37 -863 -178 83 -17 -560 20 378 -926 -382 833 498 -223 115 89 -163 -325 475 850 -375 558 32 41 125 1016 -1041 -174 23 350 -591 383 104 679 -500 651 -353 630 -99 -726 -330 424 137 888 -13 102 43 -206 101 286 604 -856 283 115 390 -844 1009 812 -614 446 42 -990 -788 -199 -494 -61 -253 -1103 -286 -466 79 -875 -823 245 -14 204 -1404 218 -231 -114 575 282 347 639 39 -1247 517 -144 -1138 -269 -275 177 -522 632 -835 -60 998 318 -370 19 -392 519 -223 909 1116 294 -265 1131 -154 613 -1003 -985 -685 -49 -362 -833 480 543 -449 -603 
568 212 142 -273 843 515 -260 265 -501 2 77 -317 -932 773 -371 191 -330 -506 -289 -202 90 652 712 695 712 749 -178 20 6 624 -645 367 -748 -835 -679 -971 49 131 -297 -590 -746 -27 625 -452 -176 -143 445 -431 -93 -403 -498 -213 -544 -151 272 -234 -462 -701 59 513 -575 419 38 149 -872 -82 -87 -487 -836 289 264 1 -553 -1030 -546 396 476 -650 -1019 -37 -418 1348 -623 58 145 726 1534 355 78 -123 396 523 -435 412 -951 14 -429 -601 39 -614 114 -14 274 -81 673 -187 859 192 788 467 -15 -551 -25 373 350 -102 445 -112 -519 206 -448 538 -187 311 -650 -273 -449 -521 -520 -662 -182 -186 106 -464 -353 -557 274 96 -688 -1072 291 156 -551 -261 -98 -76 -110 -58 -175 504 660 -440 -289 -381 -80 -478 918 -215 -9 -740 218 -781 643 161 -829 261 115 530 33 650 -245 -460 515 -35 448 955 358 564 -882 -1021 -221 -176 -899 192 411 28 404 103 133 392 -20 -256 66 -567 136 -103 188 85 -930 125 
-738 -156 -541 319 -310 -541 1202 390 -701 864 -1306 -517 128 -304 402 220 1 64 254 398 166 -285 94 -216 -728 -453 -203 1024 972 -583 209 349 -132 -178 -278 263 15 86 685 334 1173 597 486 -20 -87 179 -292 148 203 472 -426 -667 -62 -212 -1303 -181 -1306 -41 -20 46 -682 -411 -61 467 615 10 -45 -400 -1763 581 345 504 782 -1101 -643 671 -558 42 660 -179 726 -674 -745 -315 -169 -122 -429 -1078 376 -255 -71 -538 -624 -243 345 46 986 96 435 -113 260 634 363 -12 -204 396 -4 217 535 -127 494 680 -369 303 -201 -312 106 -610 -430 506 231 -809 -115 -19 -426 -481 186 -129 145 91 -156 498 1270 -264 -81 -65 -135 -891 124 327 -123 -34 698 -1055 -28 329 -282 -225 -648 -493 860 957 -550 371 61 -489 60 243 -288 -608 548 -332 -106 283 147 -580 526 -427 -41 -325 -391 130 -193 -909 700 -98 -92 -505 688 -813 -246 -412 -318 534 315 -638 197 634 -68 377 -471 -519 310 -819 705 373 -180 415 -224 -1087 
-21 207 -432 -161 -535 -563 -611 -58 508 537 -477 82 339 199 -575 523 -137 -449 602 568 37 504 -530 168 -269 -284 244 986 318 129 158 -415 147 735 475 1371 -120 -365 -378 -185 468 68 180 -147 1039 -162 -243 -1242 -444 -187 -888 -185 -30 -706 -947 -463 132 408 11 -279 -583 518 -577 694 -1960 624 211 -471 -127 -489 -246 -1426 -633 -29 -303 1140 -177 416 -87 -125 -204 595 517 -220 -610 845 -777 283 847 -644 678 677 -632 297 773 221 -107 -45 -791 250 -85 -709 54 609 390 123 1087 112 103 -425 -105 503 407 255 25 -201 -216 -81 -249 -136 -3 401 -150 519 336 -508 -223 129 -237 203 584 -76 96 -59 -191 -63 478 -4 27 654 1036 456 233 -733 70 -96 -373 -1072 796 93 599 -21 -360 122 848 -131 475 -361 398 -461 -29 -195 72 1002 3 -331 -189 1075 -673 -595 48 -197 1239 81 114 -727 57 -640 484 583 -692 -177 -288 -33 585 286 -532 -941 -786 416 707 170 -422 -743 -382 385 527 53 -143 130 
-109 -411 445 -227 240 377 -211 -27 -1276 351 281 545 163 -309 246 -78 -1175 117 -412 -8 -820 -224 678 -1204 -247 -766 231 -151 -290 -46 -376 252 -873 171 352 589 -358 357 -43 -2 424 -777 1512 39 -106 -241 450 -152 -335 312 678 -342 -208 -283 525 -986 -687 -82 -886 69 573 -201 237 -210 -925 -148 -314 304 -780 535 -136 -389 597 -363 -737 21 -330 -327 -486 268 400 -135 134 -176 -10 -426 984 -1320 910 9 73 -150 236 -594 -341 963 480 125 -107 -814 190 -341 300 391 -11 -43 164 -18 680 714 -470 134 -92 -98 46 -361 -360 -218 -273 875 -521 718 492 -302 -405 -701 -920 863 469 308 -308 966 -414 51 701 -297 -106 460 327 369 -131 -1043 280 -207 964 -170 -177 50 597 378 -902 -770 -82 -597 39 -531 246 394 269 174 -35 1017 -172 461 -191 300 -386 -227 122 -1014 149 -12 -194 312 111 729 1098 -980 641 296 -422 373 -1292 -307 46 338 302 -248 459 681 488 -795 -516 13 -203 564 987 14 -263 -374 
-823 561 525 615 53 -279 244 595 -567 -267 273 377 7 -806 -163 -764 -143 -371 -3 201 -162 220 -1064 -58 -47 -1059 -30 452 181 113 -424 -460 461 -660 413 -283 -161 71 -502 537 701 510 -129 -202 -652 677 -207 251 -93 -292 -471 -49 -80 710 569 -158 196 -68 -284 -385 -737 -107 691 -1530 825 -514 -1050 -895 -787 271 -62 -194 -250 917 -418 -390 -509 -233 -363 170 -21 -683 764 -249 55 550 -234 114 -186 -137 139 -217 -464 -493 195 -516 188 127 66 -174 88 -209 908 -31 153 348 -250 -883 469 372 125 82 -596 712 -716 327 -541 671 275 -563 51 5 -521 -116 305 -891 -1245 -596 -677 -824 -68 731 637 191 -395 497 -34 -1338 265 273 531 -257 -262 -153 -1030 -250 -218 -1 -437 247 610 -369 852 867 -590 -442 -28 271 -808 -300 476 -83 161 690 187 -967 279 909 74 -39 283 385 -22 -401 -13 91 298 -103 246 -265 845 177 268 453 632 1165 -386 -111 400 188 138 -483 235 -339 -810 -116 -126 -364 287 -238 
118 306 -219 162 -853 567 -325 -364 471 -206 -23 98 -268 1070 -765 654 -282 -757 97 842 -523 -787 -478 -701 1011 -1111 -115 104 96 -591 -191 145 -193 410 672 620 17 -1164 1141 325 -205 545 473 421 525 -145 128 -710 873 387 -36 -260 1058 -1269 -21 -487 926 440 612 285 867 -661 331 875 -242 -129 187 -19 637 1206 -598 -470 193 187 17 -538 -290 900 -392 -497 -1091 -477 -1135 567 1052 -510 275 -187 141 360 909 -620 -273 -30 -790 -594 -262 422 105 -221 184 649 1081 -60 -48 402 -395 -2 -174 -307 298 1204 -173 618 -38 777 -56 -65 379 1384 -479 -830 502 720 -881 -272 57 171 -259 -629 168 -700 -294 -992 456 -952 52 -73 967 -105 -413 -227 63 -200 178 508 23 -422 -448 -101 602 -443 461 124 -1015 572 -253 280 285 -939 149 72 -932 228 -124 -111 -1240 947 -38 -511 95 1003 42 75 403 -647 -260 88 -637 -172 249 255 326 599 -221 698 -518 70 383 -380 -643 424 152 -100 -559 -134 -184 -547 728 -1007 
-1242 376 508 -96 419 -319 312 -578 596 671 100 -198 -554 226 391 1098 147 275 48 -382 -1831 61 135 14 1117 -9 135 -262 -469 350 545 83 461 593 -45 985 -323 222 -71 684 -967 51 269 -1 -419 -965 -412 85 -328 936 471 -583 -275 59 151 -367 104 698 -956 239 70 -785 431 382 134 357 -1043 570 -706 -298 183 -186 2 81 424 572 390 608 20 -220 138 424 -361 641 335 -280 549 69 865 415 219 156 -424 -391 -331 -25 201 -350 -727 115 652 -571 -457 -174 -34 107 337 633 -226 144 -985 287 -1017 96 862 -120 -527 882 -9 -216 -5 391 270 -200 217 -138 370 -348 -35 -442 1068 -488 45 -351 270 221 -592 97 985 564 -951 909 -70 975 524 -251 -393 1367 -19 1195 -63 162 168 332 1320 312 227 631 -378 -85 -42 -681 -1352 -101 -124 15 63 984 519 -437 -709 340 -697 461 -119 -349 -395 552 -289 -21 -476 -393 74 32 -820 -154 -611 -1017 -132 -636 163 435 328 489 734 -130 29 578 -219 -891 
602 -395 1035 634 40 423 -233 111 -419 -11 537 412 -36 -163 208 433 -569 -1095 -214 -1302 -201 -1104 591 503 530 1 173 22 -30 -34 -307 144 -521 -574 530 -649 -369 466 222 -681 3 -736 -582 -331 -416 -414 -965 -510 1126 -397 -53 -157 -730 -685 41 -472 219 -150 293 454 846 494 -40 80 -31 290 -546 -441 332 64 -431 -448 -443 -781 -29 -624 -835 355 26 -480 581 943 -240 -334 -298 294 271 360 -302 -1192 -228 -157 27 10 -182 11 108 301 261 -670 454 -367 458 -121 8 -242 -340 -55 -502 572 1051 -57 483 123 232 272 -371 -489 -398 35 -309 -547 -783 516 -35 360 941 -472 645 359 -394 90 248 -703 -97 -396 227 38 -305 -624 -290 -305 579 115 614 913 -26 -1410 28 547 123 234 -370 239 135 255 723 954 308 664 -458 -332 -446 -224 -699 65 128 11 -34 998 539 -135 171 290 1055 89 626 269 334 -70 -1050 -17 -814 816 -590 116 -704 -142 -344 22 1027 -788 102 -691 -277 -409 -13 -84 -143 392 
480 633 185 -103 -1072 292 227 -249 54 -383 -61 -439 530 -600 458 437 -462 -54 -798 -484 88 -834 -536 652 -361 -169 516 134 503 686 363 -284 -155 169 1614 505 -1261 324 123 621 -239 -358 416 160 -842 -858 139 -1054 68 -238 595 -1300 213 54 -513 21 1307 451 646 927 618 482 290 1197 -335 -42 -867 -307 388 -1253 -618 -258 413 -444 -85 -223 8 -1208 -388 225 16 243 -535 191 638 640 -473 244 137 -226 -256 796 -252 833 13 -524 637 39 -851 129 -408 821 1504 433 493 868 494 -768 -418 252 49 310 -953 -9 -742 -1109 25 37 -673 -21 365 -426 886 134 76 1155 556 1226 -540 37 -873 713 -891 -564 75 -886 -75 630 -491 567 329 -453 548 -546 47 -696 20 -901 234 526 -7 -80 54 1002 640 -138 375 1223 -563 1190 1337 -238 -2 -71 395 461 520 168 -608 -958 694 350 45 133 546 86 -553 514 -811 806 798 395 -234 324 320 428 258 584 156 234 591 -22 -229 47 365 612 617 319 -165 528 
224 244 -1045 282 -300 91 -172 135 648 587 -1 -1243 -313 -276 -205 222 -413 735 -89 -526 608 197 213 -529 159 614 352 325 -417 -878 -667 640 500 -58 -209 -645 240 98 951 -263 -278 -15 -509 427 547 -259 -424 -983 -90 64 -334 235 -249 -228 1007 667 -502 68 311 373 416 -798 425 -570 943 -540 -315 -127 -198 -199 -121 97 -395 -170 -315 -750 -162 -607 417 790 285 1098 -316 201 -376 108 348 -93 342 -61 544 583 70 -1069 890 771 -661 -856 233 280 -164 935 272 299 357 -55 -269 -214 96 -179 -542 -245 -336 -80 238 116 88 -17 -360 -217 -129 -477 888 1233 -483 -14 -482 -391 -371 -74 -384 21 -1341 -200 -449 -959 446 152 -71 -826 201 329 1028 171 -836 -970 -254 -246 -554 626 -9 501 -857 -108 -342 760 -700 -265 -50 15 455 -395 -226 -53 -271 -738 749 247 -433 -480 -507 360 358 -1109 -470 989 161 -141 -226 -122 215 574 -359 435 -40 338 -130 -978 -410 167 -654 -564 163 137 148 -250 67 186 338 415 
-580 21 334 271 -106 108 755 -33 -858 279 -288 352 55 -549 336 -393 -343 171 -192 265 962 -480 -1001 -150 25 496 -501 215 -735 -507 413 -316 44 979 662 254 -95 288 498 486 441 -311 -287 -68 -141 267 254 -668 -147 339 245 -522 591 147 365 -104 284 526 292 367 666 183 -15 163 415 114 -187 -980 -371 -1087 -771 782 -727 -270 556 -393 253 -761 198 -134 79 -76 -1247 -84 -268 759 -509 450 -456 -454 -817 552 590 271 763 -926 467 1320 387 -652 258 87 -434 463 -425 -427 -571 322 38 1151 324 -1009 3 -671 460 -322 -380 -1073 -398 2 -244 -569 -145 -753 -28 -126 7 337 -223 498 104 707 85 215 138 392 -339 -324 -567 474 23 131 235 -443 -291 433 398 150 -827 -49 458 479 327 523 942 169 -140 414 -220 375 237 -84 37 -400 55 841 -36 -32 -783 -677 -739 35 526 -92 181 200 -483 1197 942 -25 -376 251 -820 254 715 -186 824 643 -694 -211 835 -132 746 246 -242 -126 547 212 -385 -139 
1167 388 -194 -163 -514 -380 -1002 190 215 203 266 476 33 -342 -262 -129 228 546 -118 -317 927 117 245 -690 1 318 -484 -159 21 -546 412 72 742 -31 -200 -726 -644 -741 841 154 254 356 295 44 168 -223 89 -135 -81 389 493 -642 68 -445 227 166 -352 407 913 -162 -181 -1140 62 298 -173 10 -154 -543 -85 224 -387 232 -6 525 -617 -96 -290 -930 -40 208 -70 336 379 -194 690 -36 -21 -483 -258 -45 257 138 -300 -974 270 325 378 -1413 32 250 -186 172 634 -667 326 -65 1028 -324 57 421 -480 -418 -119 -153 -42 -1076 144 856 234 -11 -87 354 700 115 497 127 62 6 -545 340 -483 8 -643 540 -691 -406 76 -587 -112 234 176 104 814 234 -259 -890 -709 285 73 1018 5 -32 -147 353 153 -156 -357 320 -225 466 -388 599 -25 940 482 41 518 -366 -234 789 -386 755 -406 -1171 -218 -989 -269 -259 1177 505 456 843 931 537 -149 548 865 322 50 -291 58 299 -918 196 152 496 67 1121 557 699 
417 -424 -312 68 888 969 484 395 772 255 166 577 180 174 195 -242 -60 -438 92 -511 -121 33 293 195 437 1256 -731 -848 -431 280 132 -683 556 150 -668 524 -638 98 -805 -69 -530 -199 214 -264 -238 922 -297 -66 409 335 176 81 292 453 -315 35 753 -208 649 275 420 -26 -4 814 -96 161 -235 -114 -542 546 -717 146 -365 296 -205 -408 448 1252 -612 930 -329 -612 641 -140 -613 -606 -69 -44 190 824 2 -599 725 160 -404 -158 -702 -238 -719 435 -482 -68 -808 -206 565 731 -41 -1551 237 -320 -272 -765 -131 651 -202 -68 184 599 437 717 271 -904 -179 154 -427 -128 242 -628 -131 -364 -146 224 -103 230 1099 -489 38 -12 -230 473 717 -434 -625 610 74 113 -453 -68 799 402 32 536 104 224 -505 629 567 448 -324 -772 -677 270 -1040 92 -191 124 783 -750 -249 -601 -319 -525 475 -456 -662 166 53 272 -33 -290 238 757 265 211 161 -359 445 -266 -576 1004 -876 -1196 647 -71 434 124 -148 -300 635 319 
-565 921 -435 455 -231 1102 347 -56 -897 402 -811 -598 344 58 -134 803 -331 -553 407 361 118 -780 -896 -652 -40 -452 77 -177 209 -108 302 1282 -166 722 465 -992 -472 -464 955 673 350 -983 -485 101 459 -253 241 -1259 225 -78 -648 171 467 427 -242 27 199 98 242 508 562 -46 -582 -72 -29 -296 431 469 367 -145 -379 -959 -208 187 -264 903 -33 -202 -380 -6 -82 297 -1196 204 564 -556 -699 -971 258 97 -143 789 326 43 815 -1339 289 415 -82 -457 11 -279 -174 858 12 -884 -476 638 356 931 461 296 314 -368 -486 -871 74 -870 -657 -126 -32 192 -47 660 -432 -169 843 224 -32 403 -202 185 -554 -1010 -437 242 -229 -140 139 711 -423 968 21 -750 334 897 -40 415 287 85 522 -410 529 228 297 -628 -265 -242 -93 36 94 394 -463 -525 -413 -393 540 124 -1422 514 414 1093 616 592 17 224 -410 486 973 395 391 670 -241 -484 -493 -608 853 -785 -237 28 -79 -443 -105 896 23 -319 -875 -86 436 27 
-315 164 944 -77 726 -398 -649 542 -477 -84 177 1298 955 -430 582 690 329 -337 -361 482 324 419 477 -604 -573 -475 125 -624 -343 337 -642 -295 -382 398 219 669 612 1483 -192 113 -625 -476 1256 340 -425 -371 -425 -670 -448 420 115 -556 -400 -547 59 602 -201 -235 -431 331 202 398 619 -358 -267 42 584 22 -747 -525 -343 -108 -666 -296 993 83 169 188 381 55 613 -417 288 -266 155 567 -916 -217 1195 -266 63 -395 656 905 545 1551 402 -191 461 526 187 -908 266 -104 177 104 606 -33 192 -28 -599 -249 136 -546 -123 251 -958 782 593 -684 -153 -4 284 1461 754 482 -129 566 796 -130 -36 -68 254 343 1073 169 945 -337 -438 -964 18 311 265 507 -320 93 212 -257 -434 724 -1527 -123 82 -403 -613 1699 195 233 -718 910 -619 882 -1014 -247 -44 1120 490 -1322 -365 -26 842 -532 761 -649 102 -361 -151 -165 -431 44 -1457 -193 -277 -799 47 219 393 289 1099 -332 497 846 -302 -47 785 538 105 -484 172 -726 
-668 -425 -90 -214 541 -1037 609 142 217 -166 -115 -595 -333 505 525 664 281 331 -65 315 665 -973 12 104 641 -36 386 480 -84 677 236 -348 138 785 159 1255 377 942 323 -16 283 560 -222 296 -169 321 217 10 191 528 382 -673 613 449 99 -114 -1005 -436 -838 -261 -415 478 474 435 311 188 -642 767 -1179 -803 749 547 136 -560 424 36 -657 -71 375 29 186 -591 -1157 -532 553 407 -1245 67 -257 -488 -621 47 1337 -235 -88 -218 -623 293 656 381 -446 392 -256 -1 -258 63 -750 -135 -254 -260 72 953 106 179 361 -171 435 251 -68 -504 -191 220 103 -687 -5 1439 -155 308 -262 -336 34 807 64 695 -247 -483 281 -288 1199 -621 -450 -574 653 675 472 494 346 762 377 264 449 -35 219 -1283 938 1071 -615 -1039 -805 477 237 -247 501 -222 -740 721 494 -378 457 -958 409 -636 -68 86 -1031 854 -256 524 360 -60 -213 434 -25 -142 -602 -1312 -448 -499 23 259 -228 -346 241 1579 -638 -421 -235 -38 -817 -151 
-1107 -685 829 299 -101 -36 104 -107 -392 -724 276 120 -584 1032 352 97 -48 -15 -647 230 -225 164 -126 51 435 226 1294 482 211 -403 88 -790 -651 446 321 143 390 -579 265 -254 468 -503 -291 373 1054 997 -398 516 -276 -614 -344 -1076 150 -237 558 -1244 -380 454 -360 -371 -419 -641 1101 -6 1579 444 -481 816 -58 256 536 -1 72 -706 313 146 -6 -155 241 -646 -33 352 -146 -420 1002 1393 325 489 158 -612 -672 -25 118 124 88 -115 -815 1040 175 682 -344 22 11 61 54 231 -201 777 -523 271 -797 -205 -350 -336 445 398 -487 -404 166 -242 890 -159 -202 517 235 776 725 -105 -405 247 838 476 400 -958 -410 -514 58 -656 162 1095 -308 962 601 -563 605 300 658 235 -58 514 297 722 -891 -517 -400 -392 200 750 -462 394 -219 -504 779 -548 449 976 19 900 -97 -270 -113 495 1424 -33 -254 756 -1054 154 -256 643 -16 -247 -721 -386 -130 -128 692 -256 -132 -136 819 357 769 1054 -192 268 228 174 5 -37 
-141 655 -300 -400 -143 586 -482 671 309 63 -203 59 -377 -914 556 707 513 745 -771 75 815 614 225 443 717 -266 212 -30 -762 -218 -1031 -16 374 -460 -801 -390 -130 -426 187 -367 543 236 -15 200 -739 35 -1232 299 220 -667 -362 76 -896 -113 246 699 875 -52 157 465 610 913 44 390 -658 -493 -39 116 -185 -943 564 -390 -950 995 1424 -388 -125 -309 -645 -61 345 -25 -111 -557 -413 836 707 162 -426 371 342 429 -432 -507 -528 139 -762 239 96 511 13 861 -624 218 733 -206 -850 -167 613 429 -691 -751 -166 455 -362 -52 504 80 -488 -411 256 19 -281 220 -892 -122 -332 254 -1017 -584 -419 -962 -623 -29 432 -447 -338 149 -219 -498 7 -869 -5 289 -28 107 -488 -138 -320 -531 -662 -415 361 38 -539 598 -98 -70 -30 589 1044 -79 312 -366 61 189 -74 342 -315 285 49 98 627 987 -376 464 504 884 301 -6 5 -409 643 688 171 -144 -407 793 -645 622 -628 -910 118 -106 262 215 798 -734 -710 -482 
214 -2 724 -87 423 -450 -137 187 696 -231 1032 235 -18 104 675 139 -673 -309 711 827 290 138 82 137 112 -583 1322 -473 411 933 -750 160 -141 571 402 -741 297 396 234 -61 -471 -781 -285 -1019 600 836 231 -376 398 -725 347 -519 663 721 348 -9 90 -452 1056 -398 294 -264 727 -606 698 -129 -85 -576 -674 280 -660 727 138 -64 627 -703 -54 -209 872 -594 -270 -366 371 94 79 358 -395 462 -322 -906 -406 404 629 16 250 505 -140 -227 264 -1 -861 622 -113 138 -124 13 562 -191 122 651 472 730 -130 522 -73 495 -338 -4 -352 -500 244 -725 -29 232 59 26 423 556 -426 620 -167 -38 679 -1564 -224 690 499 192 131 -275 -200 -54 206 -139 -522 303 -1715 -1011 136 218 269 -464 -380 -90 -443 -792 336 -311 -234 -399 269 909 66 221 -600 825 335 -162 -1021 252 -356 931 79 463 -49 241 -45 -366 -391 98 321 -946 -360 167 -1297 -483 -285 1285 -12 -172 151 476 161 508 183 -227 -620 73 -709 299 
503 185 349 -436 -267 618 395 -115 -353 -367 -760 -1198 137 -65 -432 258 399 7 -275 396 43 -257 204 420 552 328 50 412 -560 -306 1247 -83 276 -845 -76 -546 -805 -462 -444 266 215 464 335 -308 501 659 41 -160 166 -984 85 168 317 523 76 -730 126 971 -953 -594 -645 1249 86 -637 -1263 101 635 134 6 -872 -631 432 323 329 435 -905 -371 154 -173 -661 -50 7 -357 152 344 172 482 1503 -1039 116 -75 795 62 251 338 48 635 88 -287 731 230 -198 -271 571 -78 310 -91 -1300 281 636 -115 -499 -107 -872 -321 534 440 118 491 -232 925 1654 847 420 404 -543 -212 -78 -358 -489 417 224 434 -81 -914 37 484 413 -906 -658 -228 117 -200 -83 -314 -1315 605 810 -125 -87 483 434 -49 317 -43 -199 -399 -435 -1410 -586 654 -479 1653 435 72 1320 791 841 -828 152 -911 386 -328 0 909 551 287 544 -213 -445 832 97 308 -669 -309 -248 524 52 -138 -236 233 -594 -218 425 -46 415 54 -446 888 312 
-238 331 869 113 -399 91 -450 159 63 530 -485 -1021 619 -25 1406 -238 179 685 266 -153 -137 125 609 91 -922 -92 337 -57 -509 -513 1204 -1072 -693 935 658 388 -154 -320 -386 -197 63 28 650 -958 41 151 -241 -313 -267 -563 -396 356 145 -82 173 -84 -165 637 -224 -378 640 -17 -376 53 -455 33 302 280 -5 -471 -350 410 615 63 353 -191 236 -124 -273 776 416 230 -198 387 93 423 83 292 352 -524 -900 603 597 -349 -99 857 139 -763 -696 330 -405 -675 880 786 520 -128 411 -64 226 -487 -167 -103 1511 -925 -1 -209 -732 -355 48 -21 365 -235 -155 611 362 -43 359 438 901 1245 266 -117 -396 140 323 24 -397 712 631 284 161 837 -455 738 23 -6 -271 42 -500 176 454 649 -575 804 822 -183 497 -7 -421 9 -447 597 -568 527 -22 -56 10 -597 -296 441 -990 182 -220 -23 -417 -82 415 -204 47 -285 -821 334 64 -242 539 -840 -623 -1514 533 -500 1011 592 -662 -267 261 23 181 467 345 186 
-200 -543 997 400 -248 304 1172 -307 12 -654 341 225 -407 -259 -107 442 665 80 -242 293 -1021 -814 154 -544 -129 -382 -209 413 423 -285 276 -571 644 220 196 64 -915 -370 -77 363 317 -441 -272 -155 -754 557 444 -497 468 60 -278 -754 105 293 -97 -1145 779 593 -745 -833 -99 249 112 -300 697 414 -134 -642 -115 945 441 -700 129 -831 274 312 -656 -207 -280 628 -357 -1107 -968 488 -20 -155 -221 171 -438 -491 567 224 242 829 -775 -511 -189 -301 -561 -361 -394 -343 287 45 -318 475 -177 225 236 216 751 9 486 710 -897 -770 556 -332 126 -87 -466 429 261 -71 5 867 356 49 232 551 -88 -583 59 606 398 -313 -204 -1093 1706 -33 873 2 -580 -562 854 523 837 345 -520 -158 -50 -368 566 536 173 -221 423 701 -588 -349 60 84 -245 121 -329 -184 -167 -15 153 -17 -621 65 -1 473 -351 474 -302 675 -377 -498 29 -281 682 515 136 76 6 -703 1283 147 286 -350 -711 976 -66 495 -580 127 598 744 
-841 237 -408 273 98 6 317 63 -339 -246 -104 717 811 88 195 567 147 -47 1345 -236 -50 325 675 -502 -617 422 -113 142 314 -867 -244 239 341 519 -463 172 -190 -30 -143 1096 906 379 -312 230 -92 -149 -188 -430 -14 364 177 181 83 -1024 -52 545 -1005 709 275 -87 -769 -415 2 -160 324 162 545 167 -418 -175 806 530 583 -780 -123 296 250 246 -747 1095 -472 -331 -675 -166 205 439 547 -725 171 -278 637 516 -675 229 -713 -201 -85 538 133 433 50 -644 331 -900 81 87 -401 726 872 -463 -313 -610 -186 -38 -438 -293 91 333 -93 246 -256 -271 520 878 -43 637 173 -636 225 -180 -717 389 206 21 270 -74 877 -8 -314 46 350 -289 -220 -522 -352 174 376 -93 220 24 171 152 1057 68 -9 306 45 -17 -80 1213 -122 178 766 -521 -903 -710 -734 116 -367 378 -341 -547 -553 -259 15 619 617 -247 63 -130 -123 -312 252 446 -1012 339 311 669 482 -13 -285 29 176 -315 -951 -84 -1234 763 699 -1189 
-46 277 -167 -178 275 -264 463 435 -520 475 -630 -133 120 -837 1031 -601 966 102 -287 924 70 395 382 266 537 425 -138 -773 -94 627 120 -650 436 55 133 892 359 630 -223 -386 -617 314 1312 -125 -496 412 329 958 -812 262 462 -164 -263 504 -141 -680 -77 163 -1397 148 -460 7 141 -131 121 -85 666 -77 44 -526 147 95 265 265 210 -143 -257 -586 -141 -136 -217 -962 447 -266 -202 -574 346 4 151 950 103 319 67 235 8 -82 558 -392 -231 60 -1194 164 -176 -551 -348 -265 -273 -1075 929 -56 -291 -160 -440 -476 462 -251 -679 -122 -142 -801 372 195 281 -200 -546 -568 -582 273 873 200 443 387 225 774 899 699 371 40 -438 -9 -348 348 -1081 681 381 -1111 -558 254 72 -494 602 -68 569 296 -85 31 -193 -373 -221 -609 -12 393 -865 -346 929 80 638 -522 240 475 -884 -214 -262 -190 -738 -779 164 593 612 -58 -306 79 792 -818 469 -194 -846 -1044 351 -307 404 176 -775 -509 577 -174 -384 -180 199 -455 
60 -1101 819 372 816 99 -443 -350 734 -756 228 174 -593 -72 -110 -125 -329 -514 187 76 -1239 -327 251 -214 409 490 -369 -479 -1160 -73 -569 -67 -95 -679 520 -23 526 -2 387 612 108 -484 -353 904 532 -328 775 -331 -291 -253 113 886 -127 614 -1052 184 -97 520 -356 -555 -907 21 721 45 -487 582 565 451 -404 -142 -394 -58 -576 55 -936 1279 -350 1143 -217 -42 -103 -921 842 -797 -999 181 244 -1074 642 -7 -722 -445 711 49 -175 367 -290 -267 170 -670 -674 -1085 -804 23 -75 -99 -229 -167 -11 -270 -257 -566 -1041 334 973 -96 285 -240 -410 525 1282 658 -514 733 275 -522 5 -1134 -202 22 658 163 -90 -102 -947 644 59 -547 711 620 954 -376 -770 -3 148 259 412 -256 -199 145 -697 166 41 -578 73 -525 363 618 -138 -271 -1171 -201 89 653 -456 -169 301 778 -512 -527 702 297 452 466 -895 -173 -199 193 -316 -474 -224 -689 -212 -663 363 597 67 -1348 262 431 -203 -340 -375 -125 -496 -129 131 -570 -603 504 
2 -461 15 -1034 736 334 -45 -64 -641 -46 -204 -54 -28 218 207 627 627 458 368 464 -182 -586 -893 686 299 293 -495 -15 -230 466 937 -849 -296 565 186 487 242 -75 474 -293 -742 493 -49 -1406 -1157 109 620 69 317 1212 8 -26 -330 749 488 -310 352 -284 695 -1204 427 -396 884 -1 -159 365 -89 -168 -763 -425 -411 934 525 0 616 -359 -496 678 97 225 -1543 -313 590 636 -586 -370 -1520 -425 908 1035 -740 392 647 97 351 -368 62 1 -644 268 -8 1054 1348 442 -600 1062 -631 -462 -683 -947 -245 -197 -65 45 -932 -467 -189 278 344 -866 617 239 -795 -262 732 -444 -105 402 598 551 669 -42 222 -142 -706 200 712 52 207 806 -219 399 -119 227 77 42 -291 -744 -349 -70 43 1089 -1019 318 490 -18 -48 749 -678 -159 94 371 -58 128 581 120 -657 180 -845 -835 -206 970 -207 -205 156 469 300 68 746 50 -95 523 133 -475 -243 -1734 -826 -723 65 -468 230 174 130 530 852 72 770 830 -631 654 
-813 -326 -1355 877 -535 -135 606 325 -837 873 -763 287 85 -214 -363 452 -281 100 -198 -625 -198 -250 37 -913 -94 239 229 85 -680 -195 500 312 41 62 176 259 -475 -391 343 161 139 -654 392 287 345 -1183 -453 -525 -415 226 -148 -500 735 -885 720 -66 391 994 -358 1091 95 -413 14 213 1115 -942 -626 -364 82 199 274 -455 338 -1055 -71 -252 457 -181 -647 467 -361 -159 -299 1069 1179 129 509 613 347 684 247 31 -668 -794 -12 -618 465 1391 -203 -353 248 868 233 -1165 505 937 -138 1189 181 425 674 565 -1 -381 -90 368 -887 -262 -324 83 268 -921 -392 385 406 202 221 245 173 38 8 -480 -88 53 -468 -699 1040 -92 -402 -663 175 1572 596 211 53 -298 458 -716 -707 -524 -699 499 10 290 288 120 -907 -175 -468 790 -911 476 188 -611 -808 -642 160 97 544 163 376 -434 -440 -165 186 233 -908 597 -1240 -323 -37 412 351 196 -957 123 666 141 -318 1 -176 469 229 -701 965 -254 170 -227 507 -109 
158 -76 482 107 -587 3 439 7 -813 -211 -405 47 -22 474 -404 151 790 -125 -341 -221 -659 -237 -606 269 103 -420 -89 466 364 -27 -339 -344 85 351 1222 -1002 -171 -99 939 174 600 -64 677 -281 27 -331 -23 518 543 396 464 -107 492 -605 -281 791 474 -385 -494 738 11 343 20 746 -569 188 18 514 -413 179 198 -507 140 79 -111 -263 513 -353 -454 -983 -152 -374 -986 -250 13 -329 -216 236 -399 -274 627 380 236 258 -345 -791 389 906 15 -661 -129 198 104 -569 -693 -234 204 236 -557 -706 530 1064 -431 -393 251 931 324 91 896 -22 779 -342 -53 -606 192 -190 179 -110 172 -407 -165 -647 576 198 8 255 -144 380 407 -472 -43 14 795 773 474 -2 -329 -219 694 142 202 -433 158 -14 -120 -75 -404 542 -858 -291 58 742 727 1018 -1022 -118 -6 -247 446 -185 867 571 -498 407 -310 -602 185 -520 128 277 292 1061 1645 305 -625 794 516 226 -285 -519 -227 -78 561 -542 422 -175 -367 -6 -133 -470 
164 387 -863 92 -5 -247 26 -237 -172 -374 175 194 -521 -78 137 335 79 -186 283 -542 12 -433 -57 -25 809 733 -129 -495 -636 -439 -152 271 842 425 55 320 -121 218 275 -396 -253 -1013 -463 417 210 -1332 809 -878 1464 -445 324 -235 -139 -547 511 -194 -734 -241 146 140 493 1173 -378 642 403 668 131 593 533 -142 -229 -990 614 -151 -192 -372 467 -221 -304 -93 14 440 -317 32 214 -95 397 271 -374 499 275 587 631 -524 -94 -808 -239 -31 401 35 788 386 287 -202 -94 -490 -76 -61 364 246 345 483 122 532 754 55 182 -238 -320 -386 -808 -596 1106 -864 446 -23 303 75 734 819 -127 -685 -297 391 3 -792 -214 -141 -165 -1149 409 648 -371 524 6 302 -355 -85 330 299 -287 -589 647 -1415 33 -13 -315 -1173 532 -236 101 368 -410 540 -535 1238 265 -904 551 236 -511 -493 78 -429 528 -249 537 642 -68 486 -176 -559 319 -38 -710 -463 -6 -245 -828 -290 -633 326 741 -149 44 -393 -85 286 -21 -314 
-293 -38 -1042 434 -40 -297 119 1545 96 -823 -669 -36 -357 503 -184 64 -52 -1207 116 -526 609 -376 652 122 -162 517 626 144 243 817 645 661 1408 -332 -38 -727 -111 703 -99 372 -195 -186 -345 367 380 -461 506 476 63 -382 -355 -430 -880 934 542 82 520 258 394 1441 -487 -121 1224 -1189 749 -1155 -67 -354 -728 172 -716 642 -19 -797 -383 655 -3 164 663 120 -298 425 78 -176 -46 928 1040 -509 796 -951 -832 196 155 -637 852 -247 -950 136 941 -904 770 400 121 484 469 894 -561 -209 651 448 -102 -892 58 -951 753 -898 -344 -529 -557 167 -353 -109 -483 39 1180 -957 -131 -1290 -468 1029 74 753 -482 183 -72 -82 -392 -652 724 -657 424 696 577 -109 294 -612 160 220 -333 1360 -231 54 -250 -1041 -74 298 412 -931 81 49 -1026 16 -968 425 -17 693 977 579 441 -100 1146 145 722 -105 -205 1306 -403 227 -518 13 190 -544 -907 208 -254 51 585 -12 -937 86 -61 -683 536 481 204 -168 253 149 21 477 
-571 291 -812 86 -117 892 -107 52 823 -44 -653 -241 -670 -39 74 246 44 -90 -443 1471 -566 1136 279 103 257 -196 540 550 248 -144 688 256 -56 -654 587 475 -284 213 245 244 -859 537 0 -506 243 -270 -919 -658 4 50 -157 602 -1374 -748 -424 1247 60 1365 315 202 -571 -305 -586 -15 -711 499 40 -83 -145 814 -18 299 -568 -399 -65 142 -976 37 -53 -798 -656 235 467 301 168 -885 147 721 273 677 -575 58 748 -259 148 -800 317 -530 -195 761 -138 647 149 704 -74 962 440 -316 -795 -1106 -405 -284 -682 699 -631 -2 -737 -274 -840 -670 -196 -158 604 508 376 1199 -102 -335 -229 765 78 -1190 -243 174 -335 -237 866 248 -100 -318 -674 -530 148 -197 -437 -719 -380 -556 688 -307 55 285 -434 149 -124 443 -887 -399 -312 -565 233 499 592 773 874 -725 841 -348 -270 293 -579 -247 87 -505 187 413 -43 -57 -504 139 -170 -236 504 -79 439 -912 166 55 359 586 -112 531 -370 702 713 -88 -393 -219 -409 640 
490 184 -638 -355 318 -427 286 882 -259 355 -562 571 33 109 -87 197 323 698 1011 497 882 1253 -755 -425 -111 -962 -516 -581 695 141 -211 -794 395 231 293 -325 -106 282 -204 317 -625 949 -321 485 928 591 68 -254 -1102 276 -991 512 -314 438 755 -1176 -125 58 277 134 -292 -109 -300 18 -498 -71 -369 -1269 259 -1045 965 390 -462 -557 55 317 331 -819 -26 -165 21 84 -1297 -283 -244 -88 -871 -331 134 983 497 350 30 -258 260 -105 198 295 183 -186 -21 -389 1226 299 -880 143 164 111 -931 866 -334 882 5 75 244 133 -39 -656 325 -165 291 -266 -426 483 -1658 -408 -342 516 -1341 -604 428 418 372 110 456 305 -65 -263 -227 -29 1471 340 -133 -35 -642 -491 266 -245 -195 -180 -255 -110 323 222 -544 -107 -451 -698 -484 -206 -291 25 -100 -1504 640 -580 -201 10 -1149 166 840 405 896 -672 -247 -299 814 -116 428 -633 -383 522 -339 -242 -654 -1082 343 477 -694 402 -330 -138 -8 356 -91 231 -1323 264 -217 125 
388 -212 -668 -5 -755 -195 -367 114 275 624 47 384 -113 194 -89 -178 -547 471 336 -763 343 -213 190 411 595 484 83 -867 -1490 696 169 -228 -599 345 442 154 611 661 1450 -946 -702 -308 177 -765 -362 406 88 -328 1031 1823 152 -984 28 1044 149 -804 163 -1096 705 4 640 -566 398 -18 -495 -306 -638 -667 267 5 724 -730 791 -1420 -767 800 -16 971 -433 1044 -904 -10 173 -68 -313 -1405 710 -571 14 514 -309 -1218 -347 -1628 -72 831 247 -294 254 -432 19 11 695 -1197 -632 237 -249 357 275 -985 502 338 -533 -154 359 -625 386 -491 -135 -773 1190 527 -312 299 731 -199 -408 -97 -218 -325 964 -265 -1226 -942 -789 204 1255 497 -685 560 -441 -328 -392 113 1433 -66 -264 -533 1145 1184 -404 -835 -513 -231 -377 -657 -740 -575 -534 487 140 -630 -96 -1270 -164 -303 -132 -165 888 -528 590 -373 -531 -127 990 -487 -313 608 -182 -738 -1150 87 12 -279 -18 -616 -158 -408 -410 -274 323 -529 -735 -123 -818 697 -112 453 306 -87 
163 -103 1057 -416 -5 -280 -343 146 -458 239 -639 161 -381 -337 -178 -254 -236 535 -440 64 -85 -83 -494 121 648 164 346 -267 -624 -401 216 -144 -19 -258 -759 -294 -166 98 -45 349 354 -188 133 220 -479 -239 139 -205 -117 -798 453 193 -53 17 -108 -525 -233 215 604 -567 64 313 -393 310 316 -844 -313 -224 365 -154 -231 -644 -475 144 919 440 -196 1212 -937 -408 169 -367 170 -464 376 -53 686 212 265 23 -996 353 867 -634 34 -396 -434 766 -98 809 -172 241 -157 -281 524 -212 -269 93 617 -739 663 148 -210 -83 374 -146 451 632 -126 223 135 -268 1128 75 -543 97 549 636 105 -136 114 714 -29 72 682 807 -456 -72 -200 415 23 -247 -175 -16 -261 -270 22 -31 -310 -167 501 -563 -635 -277 542 -665 22 1350 -948 1039 653 -221 -5 649 282 115 207 -232 -546 -1037 -846 722 -83 347 -600 -347 93 842 -60 -284 628 586 228 -344 517 26 -691 -572 980 -165 707 -117 628 564 255 -410 179 52 -1183 -72 
-343 -93 981 -1305 -677 198 -290 -565 -241 235 -188 -1 540 614 154 216 588 446 412 128 -495 426 -158 535 -309 55 360 -46 -406 -352 655 -19 -483 -348 -684 168 -949 -428 -18 753 1043 219 474 727 354 786 -487 110 -960 398 -681 -285 680 -30 -920 91 369 -355 14 169 951 440 -313 45 -977 432 -25 526 486 -110 146 -540 122 48 45 -818 546 17 275 -384 533 187 16 453 -155 -309 437 -349 -59 233 -300 -429 -242 -467 -356 71 690 -44 -275 -7 -612 235 -477 -7 -171 72 530 208 437 -614 251 403 -27 163 -72 1137 1436 -590 -807 505 567 -124 -93 459 118 -614 413 335 -468 -892 83 -77 -299 581 134 504 -505 330 -876 -11 247 -735 -74 -1024 487 -113 -751 240 -451 282 85 -657 -41 771 241 302 -319 358 -37 -410 182 263 426 97 211 217 -78 -86 795 309 -294 363 731 -257 -989 -116 306 -117 -484 -333 19 642 380 724 -670 817 -585 -385 -441 775 -373 -278 -757 90 -153 132 254 -216 -299 -762 
481 480 -830 459 -645 622 33 26 184 853 -991 -71 274 802 121 718 -448 -148 43 408 68 262 1103 -106 -692 964 205 -205 -961 -621 277 -196 -146 -303 815 151 -166 -956 323 -251 157 536 -268 125 1339 694 -916 -225 341 -73 426 361 749 82 615 -606 -188 847 -600 52 120 -1140 -527 668 304 530 -369 -90 -87 552 410 -773 621 -713 -581 -92 77 882 -157 581 -105 720 -713 111 668 320 140 254 -329 553 -217 14 -1163 -219 -48 451 -194 71 15 -432 50 -715 -318 102 -74 86 228 -741 308 1085 -531 -481 -348 -254 493 672 345 -1638 21 26 1052 -759 50 679 1225 -681 684 -137 -257 -758 226 -469 -422 -278 -123 -46 -620 -566 -234 -281 116 663 -545 -240 115 673 -86 -36 402 -597 1125 254 -254 143 -345 -767 -53 -617 -1063 -192 -846 -486 393 -772 211 -694 735 176 -573 89 449 -476 741 -561 -538 7 -488 -142 -800 -232 -162 491 746 -373 -323 257 -210 -297 -515 93 85 -57 -15 -647 480 180 -958 -685 1211 349 
969 -257 -373 806 -533 749 -494 -77 -447 79 -422 -181 57 487 -493 359 -115 -712 298 296 165 496 204 219 631 -954 -784 808 208 -248 91 331 504 -931 -448 129 131 -720 187 8 -226 400 -276 664 372 1049 -254 -169 67 -704 -168 877 -379 -31 -392 -1172 -220 -57 -10 650 -351 213 -176 594 -682 67 301 379 388 537 272 244 -506 241 -312 -56 -76 -1133 26 442 -258 -689 895 -69 435 128 188 776 -437 -733 -1048 591 865 612 -1082 -74 -110 -245 155 24 926 -127 -306 493 72 91 -84 -961 -470 71 -329 -279 -281 -268 -781 84 444 -223 -5 584 288 651 -308 -322 -241 340 11 -770 -242 -126 -266 1028 -94 468 -504 792 -191 1232 -194 -640 232 -271 1125 337 -253 -204 -127 -162 555 97 804 947 831 -212 -936 -103 602 534 491 448 -95 -163 483 -586 676 132 639 186 585 39 -133 129 340 -1065 939 -55 483 724 332 118 -69 -292 469 -87 699 392 529 -11 -640 355 705 -760 -275 -349 -525 149 -276 719 57 609 
-253 -1043 -460 257 -527 1062 -263 -317 477 127 -77 -870 -617 160 -440 -378 498 764 -220 -105 -47 -240 -765 -506 193 -1002 -96 826 272 -679 280 -421 -244 -78 -633 -556 1146 -779 1089 433 927 114 166 691 -143 580 -155 -76 678 540 438 18 243 161 -307 1070 -388 -95 672 -20 231 -417 580 752 237 397 -668 -257 -62 209 -176 -72 -637 184 -837 623 86 508 0 316 637 -646 188 -1260 101 -1219 -746 -225 1055 -376 -506 -282 -76 1316 116 -456 711 1114 -84 -681 455 671 -340 -77 -420 -595 -245 262 126 466 -267 -262 -14 -1373 561 421 -174 -597 -490 602 -11 -241 296 416 777 -156 24 -533 441 -358 479 -144 -158 414 -957 771 388 -792 167 589 263 -643 -261 577 -427 110 -93 93 289 347 292 236 247 -509 297 -249 -253 94 51 150 -698 885 -166 -692 -1132 -899 -570 -654 -379 -684 406 122 -4 -526 197 1096 -396 121 -105 645 317 634 871 336 153 -182 178 -770 -415 -709 103 -97 -737 -105 -282 -326 -361 -1313 11 -444 
-398 -164 -507 373 -282 -474 839 -1033 -453 0 -98 170 125 470 -188 -245 1445 170 130 -83 -491 -465 89 -13 -176 -436 13 450 -35 -495 -162 -201 9 -433 -462 -421 390 -359 -264 -139 457 660 -585 -101 -658 54 -829 604 205 -522 149 -6 -549 -956 -191 350 -1640 801 679 -1276 -590 -250 479 1430 158 327 -398 -276 -471 -347 164 -219 -220 205 106 293 -277 161 -834 -438 3 460 -50 -1163 596 536 -376 -248 189 167 332 -580 -1147 461 316 -457 30 132 1196 145 320 44 -283 -83 -455 115 -250 369 963 -47 -1457 -872 -276 -1158 1 158 -1073 204 -202 -447 90 259 -343 326 291 -1249 1061 -267 -72 -298 -6 -275 341 763 30 -756 730 -817 -342 791 -279 684 555 192 -812 -76 641 63 189 -671 -162 967 -7 467 -765 646 1 950 491 100 86 -589 -380 178 293 -431 -1304 -606 83 -345 -1660 -319 10 -424 167 -404 -651 -95 181 480 615 -746 1238 165 -1015 248 1162 553 368 -335 351 -224 10 -293 211 869 678 126 -208 -710 
-525 819 -95 456 249 -33 -536 421 200 757 140 246 -485 -253 -821 -538 681 53 -168 -608 -545 -595 321 219 -151 266 -620 65 -335 215 -130 234 199 443 -10 -207 220 239 -437 271 181 250 -1028 -271 191 -258 -189 -772 997 38 -680 -483 -66 -316 238 38 -78 677 344 -4 -70 143 -989 -527 131 -973 -368 357 247 -267 182 -1031 -892 -719 340 1027 622 570 90 478 739 -723 29 152 -122 -722 507 193 547 -1133 240 603 383 748 53 -1006 -1035 -381 68 -15 -294 -322 -152 -356 679 -15 18 484 -731 761 415 -2 418 -278 29 -621 -550 437 159 181 -843 569 455 879 -337 101 356 1003 283 36 -448 -232 173 -704 -456 -356 717 475 -78 -1109 -1141 225 -65 -755 331 198 326 -153 -396 1110 179 641 -835 249 -131 549 305 -507 476 1091 -308 -753 -206 -288 128 287 -503 -87 124 901 464 363 900 13 -486 -293 -426 17 -288 -1548 -1097 455 -154 93 142 -217 -556 294 -122 -524 499 -110 -70 203 334 1 -376 2 10 170 
-771 1559 106 -701 -396 595 80 1232 -54 -111 -45 -107 249 578 -253 672 -686 -843 68 351 690 -253 -999 -71 -923 266 355 -296 21 229 422 -160 25 434 1553 812 168 -331 1580 698 -62 799 657 451 118 110 150 -847 -495 709 381 -936 518 -932 -78 -141 -110 78 -497 1051 691 -286 400 402 517 37 -57 1000 -202 363 63 -7 16 -421 100 -287 -146 -751 829 258 -504 -782 781 458 1326 125 212 566 942 251 -1015 621 208 -165 -47 68 -399 631 -185 -390 -1427 -471 651 309 98 -874 -507 613 208 -363 844 680 1010 529 -310 -453 195 -222 -482 323 253 -72 -194 -828 700 -1 -282 -443 -53 381 209 1059 -468 -86 269 217 7 75 -149 -704 709 844 -1156 -614 -105 275 6 422 -595 140 627 565 -100 -6 -63 615 -119 -171 -341 1100 -216 431 505 400 -23 -504 74 752 -154 430 886 -163 1284 -572 -499 140 229 171 480 427 -781 1031 422 100 -704 -194 -382 -598 558 -106 -191 916 -429 580 178 -199 -316 45 76 -120 
-282 -123 -66 322 -784 -1253 -501 -408 122 422 -442 679 84 269 -459 -100 420 -159 486 456 -146 405 350 1500 -272 -331 661 -65 -445 39 -115 -1045 -384 -574 238 -147 -3 461 -400 -1112 -294 -322 356 -333 515 10 -411 521 164 -449 -708 448 -280 -239 -444 244 132 -112 92 189 154 405 -250 -527 506 -861 -130 429 1202 -458 -336 -101 -862 927 -214 -147 769 546 -645 -147 -684 430 132 709 -588 379 -640 569 778 654 -135 1158 -43 -654 -389 179 -1484 372 -617 -132 -379 308 257 -250 159 -657 -91 608 253 -642 -568 -77 -199 -379 1019 95 243 -658 9 -243 -585 549 -41 713 524 -687 -86 204 813 -122 -154 439 -761 369 -22 1177 254 651 13 -439 -314 -37 -217 892 -617 94 14 50 -869 -431 -88 72 -599 -1304 773 917 375 -646 746 165 -232 -63 -552 572 137 -375 -193 1067 -207 -729 107 -17 328 255 35 -117 -463 -176 492 639 -35 -455 180 -207 598 237 216 -896 -423 206 294 548 938 -254 347 543 79 -171 700 894 
-297 -128 -607 491 -623 43 116 -1450 256 -164 556 -287 0 -543 425 -1115 386 37 905 930 -728 -315 1262 300 -224 36 -106 -238 178 -592 382 221 -52 -42 -692 -472 645 876 338 -869 382 -25 417 1084 -296 92 243 316 679 -67 471 151 504 52 620 47 -554 1010 -815 -68 814 714 -582 120 -156 1379 612 377 -373 -607 11 791 -22 -288 -422 -248 -81 215 86 -280 330 -591 424 -1418 -355 -973 -590 -298 44 -471 -139 70 -118 697 6 -440 455 -237 -112 257 1258 1001 -524 -709 -395 -833 -71 -118 592 763 -342 -211 122 -694 179 143 -394 1005 -152 -424 749 227 406 322 -107 365 495 -52 -73 -82 664 -492 -404 637 692 -464 -138 1241 -611 -98 -993 95 -604 797 -585 481 -245 -310 -88 814 -480 -562 65 -144 445 816 -1014 -250 916 -184 -782 -1295 -281 -830 -854 -423 22 -1031 146 -427 -561 -963 285 -126 -1 111 207 -399 -5 -270 -842 431 -366 149 522 1001 124 -526 -630 616 588 461 27 -804 -32 -979 -464 -656 240 -915 
655 1396 817 -629 640 -535 -414 -531 537 301 879 -37 -62 279 -197 86 576 314 568 -1131 531 -307 194 200 398 500 1213 -138 -576 -356 -182 -163 -240 -251 -355 512 142 222 -186 -553 -253 341 630 -759 -622 -645 366 487 58 654 361 -938 -118 -441 -34 1359 71 -560 297 -441 401 -164 873 181 -200 -168 -1010 -90 516 185 66 -337 -246 -115 -413 -1230 829 -293 421 -24 -129 84 494 -194 -180 84 -258 112 -932 -122 204 -228 -804 -232 -165 1129 -428 -124 378 736 -434 84 -163 -1396 -457 -553 236 474 399 -835 314 149 192 -519 353 631 968 288 293 -664 649 725 37 472 -126 250 -59 -141 345 253 219 93 -124 799 158 331 -156 569 -523 38 -362 37 650 -263 672 -1117 -593 -725 -322 6 -1031 193 -304 472 -841 1137 300 -696 122 -1008 -542 308 250 -173 -56 571 258 -1061 -13 222 -541 -55 -564 -211 -460 519 403 -870 -145 317 222 50 285 420 -81 -244 -949 15 0 -506 261 944 -530 -402 643 505 -398 636 192 489 
778 -400 -343 423 84 764 -183 443 -453 -652 -776 -42 -584 -592 -467 413 -314 576 -199 -286 -322 -308 22 -687 119 -3 -345 758 185 567 -589 634 -576 -371 378 -809 -801 -420 1218 -769 -495 -465 -233 107 -502 -253 -900 -761 618 326 -501 -11 -212 639 280 718 472 -440 42 285 -42 -451 794 -246 772 247 1023 -291 -115 733 -1238 236 -478 -395 42 -420 -751 -691 87 34 242 904 -87 77 -615 584 -77 242 -196 -134 289 -266 -680 -471 524 -377 10 -63 124 14 643 791 445 254 -959 -168 341 318 -938 -59 1341 621 771 41 74 -231 290 -86 -99 38 -672 -277 862 -296 355 528 331 -242 -82 324 -290 -545 -89 63 127 63 354 -185 -486 -852 610 -289 886 469 4 36 -631 -698 499 -502 -143 995 50 -466 -592 -418 -777 171 560 -52 400 -46 395 -127 -1066 -194 641 -5 747 -168 682 356 -842 74 1251 -494 1217 -274 48 62 588 319 -283 22 -169 -280 684 -84 642 -153 539 -154 17 173 250 266 611 439 -502 238 
6 331 -172 654 470 241 745 1434 -653 -352 -273 349 -932 -881 -22 423 -1068 -516 380 -104 -264 160 -146 -266 -383 523 -312 913 873 347 -332 1014 106 331 -565 -321 -1023 465 317 870 913 -254 -264 601 271 254 -494 -512 269 -218 -850 -322 400 102 -178 -115 380 430 46 -44 -602 -67 -747 1302 757 408 1031 -1243 -588 -596 735 -366 -317 -578 324 828 427 145 -951 81 610 -421 -742 -678 -43 -44 880 40 -597 658 -159 77 -60 137 227 -1864 -93 157 -342 1158 -536 617 -410 -375 -285 295 138 611 -729 232 118 447 -182 874 -209 -455 749 1072 336 -144 -503 -569 1596 -1069 217 377 643 -64 -505 158 -662 -465 475 -234 -725 -519 94 -1160 689 250 611 -432 -438 -874 -777 234 -164 667 546 -799 755 282 212 57 -356 -641 119 -148 -13 354 -109 170 909 133 -450 -710 188 -207 -338 847 428 -390 653 375 225 618 -37 569 -287 52 801 842 782 1204 -1113 76 641 391 -1 -536 216 429 518 221 367 344 -948 -223 -299 269 
-269 -861 -464 150 -627 -733 -339 842 387 190 898 166 -677 -402 326 144 88 -225 -675 1077 369 -261 316 887 27 -286 -326 -1393 -19 -149 188 -241 -84 -345 -145 -817 45 -308 -436 195 139 -58 476 400 1492 1125 -212 650 -1130 -1135 658 -244 429 159 657 -529 -506 -625 -433 -437 -1008 1033 -195 -34 -127 264 622 -414 681 -797 -227 -157 681 426 163 643 -341 -179 737 -207 -540 810 654 -298 194 597 -181 339 -845 -131 -26 935 223 348 373 362 102 -634 153 -362 -387 -483 -943 372 -98 -113 854 -152 883 -348 -271 -357 62 264 863 864 -923 -758 -640 -916 -206 142 -338 -146 -556 -35 130 215 753 585 615 -635 59 1303 2 786 66 -265 -1095 -246 545 423 -674 397 561 482 514 961 880 -32 486 -438 523 -395 571 -1029 545 142 747 -153 792 -969 297 578 422 -39 79 359 -60 967 -913 -763 295 886 -1024 -71 -605 599 -112 1083 37 -95 -226 -27 -994 627 416 407 275 -387 -56 577 -341 -93 60 -432 -442 -378 648 48 
-340 -412 674 206 -427 -412 -263 541 568 383 251 439 300 -842 -371 51 -254 -171 159 -199 -800 216 -241 -89 -1080 -388 458 -405 488 426 -720 -925 422 -330 287 -325 -367 321 -1043 -1201 17 637 23 -764 10 -473 17 493 -118 -130 553 99 -459 515 750 -73 180 460 -233 329 -241 -163 173 -346 84 278 -33 -342 -56 -182 733 -167 61 266 444 698 -969 314 811 -213 284 299 90 58 -1065 -197 419 -120 152 768 41 -711 8 -1140 96 230 1411 184 446 -899 159 -562 714 560 -84 213 176 205 -511 -287 -448 -635 838 262 -667 153 -178 -783 812 -1175 398 166 -1108 -280 -104 -89 624 -74 -230 -612 118 461 -43 -943 -326 166 -325 -158 -97 544 357 271 -260 143 404 -334 693 853 95 608 -793 238 327 59 -476 -546 -371 -243 -413 -187 -293 -203 -435 -890 1101 -331 -216 -171 1386 711 366 -503 747 417 562 -744 -325 -827 133 323 494 -486 -1383 -473 -650 -744 1112 179 -439 -325 212 -405 -365 1006 245 872 -7 161 972 483 
-796 1830 9 528 -59 550 684 138 -705 126 -56 -159 -110 3 68 -98 44 739 335 -240 760 -234 -641 80 81 452 362 288 82 -429 343 357 -53 -248 283 -1023 2 589 161 802 924 -609 -129 -492 -319 -547 340 -61 552 -559 418 160 -62 -310 -755 302 -561 -15 -442 82 696 195 330 249 230 -1250 -664 394 1202 660 580 -637 -850 -394 56 -574 332 -1236 -114 -819 567 -771 -705 -603 -21 -1035 310 364 -449 -521 -349 -525 104 -270 -401 -573 -409 62 245 491 562 -38 372 148 839 -413 -365 246 501 -339 751 218 -167 306 21 -382 350 203 -231 86 76 -669 621 -151 -408 -188 747 -350 -225 53 -383 334 -233 -682 136 1096 -344 -887 314 -196 -402 200 -39 -456 7 -309 -569 -463 767 -1240 1030 405 -99 552 290 -464 -426 -157 -426 -475 472 219 1137 188 37 764 1279 -1281 -565 -52 601 231 337 -245 -46 -83 -1 -362 -428 574 -101 -590 973 390 611 -45 -17 -15 -329 -11 -474 185 -455 -369 -73 -33 -568 -557 -486 79 
-533 -122 -235 -258 730 336 -512 433 -842 -975 -723 613 -206 -692 1075 508 -85 -605 57 569 -191 356 371 -122 545 -597 -649 922 -406 141 -516 822 579 479 210 408 400 302 -42 -766 -577 203 211 79 -1049 -665 891 -480 554 766 -562 249 177 798 -437 1214 794 -273 790 617 -123 -1 877 813 531 86 249 -605 -598 -82 -413 -190 160 -32 -349 474 -505 182 -505 472 -273 435 92 -797 209 722 -846 437 100 81 281 769 811 -140 -349 238 -1357 40 -495 1097 349 1319 193 -765 -414 40 -687 -151 190 -649 659 -5 54 -329 99 -50 -48 223 599 -818 17 -1123 -26 9 805 721 125 -832 20 523 -276 194 88 -884 119 13 647 183 -370 -1109 -237 568 376 1113 -225 223 -461 -807 412 -687 -288 109 826 -924 -471 601 247 -459 -112 359 813 1616 391 -530 288 -260 87 -1409 -131 -474 769 -820 116 -1028 930 19 -91 123 -128 257 -422 590 -300 -524 -921 -439 -87 223 117 -426 -113 109 64 -162 144 203 12 -74 -494 -54 
111 635 -799 0 277 -1083 288 -234 713 -604 -151 -341 225 657 -529 168 -486 551 701 -67 -265 316 149 -442 -497 -1519 567 -568 -520 199 293 547 -660 538 -315 376 160 1139 -1094 -108 77 -248 144 230 161 -628 -313 -563 475 -480 215 102 234 353 131 -374 -180 269 411 717 -565 434 238 -44 44 -296 1283 -503 1249 35 -616 724 -40 -1005 -4 -648 647 -124 312 -447 -221 -147 -134 -669 535 -70 94 -482 -489 -644 -191 -156 8 -427 -871 845 522 212 -156 159 -368 48 74 -302 402 413 -295 -247 678 -997 4 128 22 -46 313 -116 -473 679 -108 12 -410 979 1171 767 616 508 -194 -225 -123 40 145 408 58 -33 -696 614 -296 -200 57 -966 -375 -197 -20 -398 -239 -120 432 -387 -615 -331 -309 189 533 -103 126 725 -399 -330 341 350 356 -290 -162 -361 454 -486 797 -450 -179 223 -253 -231 -24 856 -474 39 -194 603 -605 265 719 -190 646 1 -477 727 264 -20 1026 599 -515 -531 -215 -777 74 -893 -230 -290 -397 -296 
83 -535 1285 -286 848 -39 177 -491 -151 204 2 -282 374 1115 -91 45 67 265 450 -94 -491 596 583 423 -512 -31 1131 216 298 291 622 511 -272 134 309 467 -200 -218 -776 574 578 -273 -731 -1155 472 962 -936 97 -291 -843 515 969 -388 -414 -652 -825 -360 546 278 372 -272 762 -290 -61 241 994 -339 389 -421 -46 468 68 -145 -462 -948 64 -302 1027 458 78 73 -956 410 -354 -491 -34 -518 -217 -426 -537 467 652 499 480 -318 576 462 -351 -193 342 -192 -1404 265 -835 3 116 692 249 -502 -785 -35 218 -417 115 208 999 610 -208 -386 661 910 724 136 611 576 -439 393 -401 195 485 -853 409 975 -664 234 406 -626 1457 -287 -290 -108 -652 -640 13 -32 348 452 120 -358 -265 383 -637 43 840 405 -379 -634 539 -111 728 -56 -641 244 767 41 -944 330 828 -82 -345 -468 988 -61 236 181 55 849 -385 -211 592 437 492 476 -298 -877 511 -799 -594 284 68 -360 -859 -627 457 -602 519 -344 230 -158 -692 
-240 300 -34 -437 -540 633 -740 839 -734 -553 -964 1436 124 369 500 665 76 6 352 1030 470 -10 -669 -423 346 292 -92 925 8 -105 -292 199 -365 -471 436 -353 -180 -210 141 609 133 -679 896 -69 -265 -67 -11 -177 457 34 -468 654 -480 312 62 1043 -22 -176 764 276 -547 677 586 -321 -51 434 465 456 -319 -436 164 -862 -63 102 -433 -19 139 -239 -300 -26 339 282 -720 -704 -709 846 771 -327 224 -551 427 436 -178 -61 -475 -200 295 -89 -467 190 356 -706 1288 412 215 -323 16 -205 41 -445 587 690 -32 210 -477 342 165 -668 -290 50 -519 -962 -895 778 -877 133 -468 -507 23 -224 -40 -1223 -886 90 424 -337 -236 106 -1009 -1417 1006 541 -747 675 -253 695 -133 -66 4 608 2 -508 338 -16 -1309 -596 -1013 845 -914 262 487 600 263 -55 156 -407 74 -418 448 -22 1017 -109 1225 -454 -41 363 -172 -397 -942 -781 13 482 -354 -765 229 528 -693 -469 285 263 -590 -271 -715 519 1102 -730 -1141 -60 -254 -386 
-210 -574 679 97 -58 1016 -650 375 1321 -482 -301 -346 498 -24 -511 -445 27 45 410 -722 86 61 840 344 53 -757 -318 -599 -4 -12 1763 -523 298 124 -306 -39 394 -264 -507 558 -155 -823 -443 -1038 -203 911 -528 -310 11 -577 362 -278 -200 435 -172 521 140 184 -394 -252 352 -41 1011 -546 -1111 -317 88 398 307 116 -477 -336 214 -198 -486 -5 -274 -408 -695 -449 -743 -8 692 109 -267 224 221 305 455 -1213 -511 -334 -49 624 -885 654 -866 473 -336 108 -511 -403 47 -735 -723 -1056 -241 -454 3 -1117 -214 582 372 -233 308 550 177 -453 767 388 -405 545 -130 729 -124 628 558 401 680 -894 805 564 745 13 368 658 425 -365 505 51 -24 -630 -683 -289 -128 904 -508 473 564 -458 -134 277 344 -442 459 808 516 792 -150 183 -20 1061 -890 -182 -170 -6 954 -293 -340 619 -1372 -433 -277 486 -596 308 -107 572 554 368 122 25 380 175 -330 502 -249 -246 60 -76 466 -32 -227 1276 -335 581 -460 -257 103 160 
-533 -261 -834 -11 373 1252 616 138 -356 614 -357 -1030 346 -57 -356 298 -236 959 141 406 -114 340 -140 -847 -467 230 -829 -322 26 49 702 -847 -251 508 -824 -590 -1207 173 501 -12 548 11 302 615 -333 -433 893 -681 -316 51 254 -374 544 657 529 398 -637 117 -549 -169 374 303 -386 372 -1336 -1095 330 -526 -498 -341 -347 127 -94 100 103 273 219 -604 1126 -589 416 -300 -567 348 -540 -645 90 -587 628 290 236 -589 -588 135 529 -686 14 465 201 -71 405 -280 -470 23 -449 -42 -176 -926 -463 -32 -477 1152 287 128 499 -1116 -325 705 737 -31 270 207 610 306 -176 -732 -1008 786 -216 -463 1085 -550 1047 704 16 825 -381 -172 1049 -233 689 -378 -448 -494 -235 870 -572 570 747 -64 -356 238 -139 415 -99 -1248 -202 250 -133 -356 558 -117 256 624 -123 -2 -343 -106 -1078 -282 -878 561 -789 1121 4 5 1426 -411 51 331 -367 148 528 227 -116 -971 -469 25 236 -15 33 133 -28 -1042 482 -87 760 -298 -572 -635 
277 513 -595 -662 111 200 -503 -284 476 314 695 -94 -636 779 -771 531 134 -610 -250 -78 493 -454 296 -25 -926 237 -148 -876 -58 816 -271 704 210 110 -410 534 207 -488 1080 -564 -1029 354 448 -528 401 -626 -446 -367 -200 431 412 -208 130 -734 217 -252 214 -297 17 368 580 -771 -128 1048 -562 448 423 -696 335 509 457 -130 -299 -806 553 128 -314 1123 42 -344 -603 206 -119 -114 608 173 701 77 511 300 556 -122 277 -626 -1131 1171 87 -206 -50 -886 652 533 -570 39 -338 1045 31 502 -129 -722 -1017 -975 393 598 63 98 1187 -22 4 68 204 -193 432 -120 598 -55 337 -1120 -238 425 -926 388 163 -599 491 266 372 -179 -143 -294 495 -42 -223 -457 276 708 -82 -285 221 296 996 -142 -505 160 -189 799 174 -670 741 162 -662 89 -310 -763 -553 533 -378 123 497 647 3 -99 778 89 -50 298 654 -51 435 664 8 -254 765 860 -477 -1224 116 -218 95 309 -704 -170 264 -479 -131 241 -417 92 253 -671 
701 -73 1110 -301 808 -338 -45 -180 -479 499 651 -1024 408 -34 -858 533 964 -377 658 32 -578 161 -135 -735 -733 -474 505 -346 636 225 -432 272 -281 268 -757 -298 -1254 -7 -467 220 -75 -134 -223 -552 538 470 14 36 -171 436 -831 -251 -144 384 238 956 -59 81 -51 -23 -1001 -155 877 87 46 205 -871 -770 -600 791 331 300 -237 -605 -209 450 -376 -426 405 -239 669 -564 133 -147 -247 -422 310 -798 756 -392 -177 -774 -910 861 69 -730 219 -1148 -101 -400 -335 563 223 -635 -164 -241 772 164 -63 183 224 170 -35 -886 -566 -23 622 -86 550 406 225 -374 -374 361 -931 -77 -888 464 952 136 -116 -467 483 487 1208 497 720 -471 361 -912 -306 798 352 -423 203 18 -771 135 -97 683 345 121 193 384 114 659 -440 -668 459 -755 -403 1088 -185 -194 154 -166 -80 -169 -516 629 -11 129 -120 54 -528 -493 237 -588 547 -328 157 -51 -561 281 -250 -423 329 -431 370 -532 366 547 -741 504 417 -27 209 212 505 -881 
290 559 -438 62 222 857 623 -777 -66 736 206 -1057 236 -126 -903 -486 -597 -1444 -694 -2 25 191 -839 527 -15 -1144 -147 395 -266 -99 -370 246 259 210 393 1147 1045 340 761 -527 357 -394 -189 516 1401 -288 724 -990 227 -43 -106 -184 1090 -508 936 -615 -273 615 -97 1483 248 -291 -486 652 -272 208 120 -55 74 153 -98 151 -473 -187 204 -526 -1127 -155 94 16 -25 156 -457 -274 744 -180 -1303 -233 343 87 251 -396 -316 49 347 76 -515 -215 214 -1 655 381 -929 35 229 -264 -213 -127 -646 1009 -229 -118 931 -426 310 447 603 166 326 -1244 -222 -46 578 -188 992 472 329 -366 -153 428 340 401 -531 -1146 245 -174 -468 -206 676 -460 -632 -414 206 -1051 554 -575 -147 -329 -510 79 321 89 655 -303 265 -233 349 -57 -581 -66 -572 -503 472 -266 270 134 304 -78 -159 281 366 -505 -564 10 -583 523 103 -288 336 -322 341 -613 -263 390 -118 541 259 930 -69 158 79 28 261 425 -752 -294 -747 213 383 -453 
-168 728 707 -225 -65 -179 620 176 -869 -139 -200 404 293 4 488 -367 -362 242 -552 -863 -23 -276 621 588 -313 1501 -739 -296 -593 -801 1205 -457 479 352 -4 -754 -539 0 72 -271 599 -151 94 -8 505 -30 -36 -993 790 330 -487 -529 221 5 12 860 -197 685 -293 553 256 -168 810 -10 458 -249 513 204 -848 -902 297 290 -547 -554 596 50 524 -217 -120 -107 510 -572 -223 715 798 -9 719 -147 -170 251 -690 829 -201 -585 -439 441 -342 -160 -188 -120 -289 -984 -674 107 241 170 173 -923 276 685 138 -47 -595 -67 131 -1343 -612 -269 -104 -526 128 637 664 286 -758 502 -350 370 33 -679 495 443 -1031 485 -219 -155 -251 215 58 -71 -342 489 -29 -431 -89 511 407 957 28 473 -234 -500 402 551 589 99 194 130 -1461 963 -676 -362 -506 549 -546 361 273 -295 10 406 -608 927 653 -479 -926 125 -273 262 -203 320 -482 1330 738 327 465 619 -382 -914 -35 197 19 -625 -37 348 -247 -226 -376 -416 139 907 
3 -339 -63 171 -198 111 420 75 -101 570 -118 208 609 608 -1174 104 173 206 -124 893 -1068 -683 346 5 374 914 276 332 -833 297 123 262 -622 549 867 -418 -57 924 -46 586 576 -108 624 171 24 -753 356 200 -279 86 -949 -1046 787 62 -195 618 259 -441 -300 -232 139 366 420 -285 -39 466 -169 -260 -225 20 -402 165 -11 133 -771 -826 402 -409 -1037 615 -246 -44 163 277 -75 3 162 -666 573 -290 1029 753 -126 -243 0 104 -633 -75 -285 -485 -555 419 -1051 -593 861 1319 -175 392 -21 -279 -124 253 -1239 402 -352 122 -804 249 -1470 519 922 -382 -858 1180 35 -869 -326 3 -271 -468 165 -954 1222 -110 39 -613 1253 -51 -157 -1207 -239 -92 353 287 -576 -507 -372 -783 -459 -13 -588 -185 -359 -513 -742 -46 -946 -25 -559 -443 31 -280 318 237 -353 85 -99 612 344 389 -554 485 -348 -543 -887 960 -561 367 -113 -130 466 360 1000 -477 346 860 -31 -1004 1144 -100 -634 -439 -882 -384 463 723 953 3 -577 303 
395 29 -83 -209 -210 -600 911 -268 -134 165 693 -573 830 -192 94 66 276 441 377 -296 -70 -41 485 -759 -536 -201 59 -152 762 -495 96 668 911 314 -799 -438 309 -19 547 348 -48 -6 173 -536 -306 -228 -642 54 509 -455 745 1396 288 -295 -307 467 -660 465 212 257 140 98 -163 822 535 579 338 119 -932 436 -295 -187 510 -228 -340 -718 191 -359 -52 -272 899 -657 -73 -409 821 -473 -8 -11 -621 539 -462 -582 776 188 -422 778 694 -239 524 392 -257 -649 318 74 464 726 382 -201 -860 -863 -305 228 92 91 -200 -261 262 -72 294 292 -598 94 497 -634 125 -207 40 83 -117 -380 -477 355 407 116 310 -787 -141 105 627 474 28 -611 -112 1589 -689 -186 -250 629 -572 192 -346 -562 93 149 261 933 697 797 -940 744 679 944 5 883 -808 610 5 -304 37 490 114 -138 -323 -479 -83 -1101 601 -1072 68 575 -528 334 623 769 -246 -105 155 -215 -194 -387 -470 711 -124 212 -672 -1220 89 43 63 6 
-383 -1094 -630 412 255 -523 -199 -1335 743 621 -133 -31 -482 181 479 -948 300 203 -494 -730 -1001 503 -76 -250 135 696 226 35 1185 1254 -239 -583 765 52 -392 -319 579 -655 -270 106 -38 946 -4 358 412 215 -280 389 -256 199 -149 115 -401 351 22 -469 -84 -120 -34 -830 -482 -32 -30 -664 -269 780 -287 626 333 -488 773 -101 530 846 -1049 846 331 665 542 466 293 -339 -303 -460 -372 -717 243 -817 -239 694 901 -44 -705 768 301 257 673 -24 277 -26 -374 4 -475 -588 -235 303 -209 -324 35 457 -533 140 -95 -82 277 -448 271 352 -637 -100 79 -229 -133 832 285 -163 132 672 -358 -184 -218 -570 350 239 645 -1154 466 769 -966 410 473 780 -478 691 443 -329 114 908 -7 112 62 198 -10 265 -135 73 -394 -372 230 -206 -396 -210 -918 -623 309 -328 -347 220 445 266 -201 743 252 112 -243 -799 -437 -191 324 280 -134 332 510 1022 -342 -893 -246 176 -977 38 -700 -897 -21 470 478 -264 -64 232 598 -307 
517 396 101 19 -85 -522 -10 585 -1092 -246 28 -210 -101 -493 254 393 -682 633 873 233 -449 162 710 -61 -455 387 1145 -1342 -346 371 373 -294 -8 180 -64 204 228 812 496 -619 194 -34 838 337 -331 -487 343 135 -781 -490 -373 750 -221 417 594 97 54 761 220 77 -668 604 327 -87 -210 811 777 -53 -158 -702 -610 251 -114 -146 -177 1236 -69 267 868 487 -97 51 506 -252 -556 -942 499 -193 610 206 -408 32 870 -146 957 316 91 -15 164 -787 712 -557 -210 615 378 -937 1354 -341 585 -534 491 539 338 -54 317 10 -697 -266 -708 -752 176 -457 -625 644 1081 -496 137 257 737 -14 756 -479 638 455 162 968 -701 609 -590 99 159 -50 -231 486 -37 -523 -1288 -293 546 723 -437 -585 69 -78 1185 256 -424 -121 214 -112 84 -521 -930 -53 -352 96 632 -370 -370 894 -72 -137 442 567 -313 -908 489 -629 -125 508 -372 63 -426 -30 111 -451 48 -356 -395 -1047 699 583 -600 -775 -9 -526 -346 1551 264 235 
-434 -508 78 110 -307 827 639 -62 -440 1206 -855 -578 425 24 -221 591 733 -426 -218 364 -438 284 -422 -911 374 312 861 184 254 866 -65 -323 -428 -432 -292 1072 -1013 163 -29 515 370 -688 -427 463 56 -856 -460 -407 -337 -340 -485 -90 -248 224 -181 227 230 -512 365 85 -232 505 -969 336 -210 305 -647 -15 178 1076 540 -728 871 -265 -453 715 -118 159 11 -394 573 291 -1296 60 -668 -521 579 -341 -514 382 172 -1547 -602 171 82 -1331 822 667 149 46 -414 -641 22 888 33 42 29 -342 110 252 235 372 550 -85 -1120 274 -331 -528 -855 226 -342 -235 105 167 330 18 -114 265 134 -145 159 -694 600 591 736 -219 145 -753 277 836 284 -605 308 -1092 100 -206 160 54 866 328 262 -19 284 713 -232 -1325 436 402 -11 -599 661 26 183 -649 803 -241 449 520 549 -6 518 390 -621 620 96 -54 -549 -105 146 -157 -385 -418 -29 -207 -26 -676 0 19 661 680 421 -1117 -526 366 287 -731 385 233 -224 -77 
-594 -345 -341 316 -369 839 -623 -897 470 620 -784 -235 837 1423 -335 924 -553 -312 -53 -132 -55 481 -1154 -380 1015 -81 164 1022 353 17 -691 447 -268 -306 -1046 528 -709 -259 874 -161 -153 -427 0 321 -220 316 -543 251 0 960 -5 740 -204 24 -283 595 695 -387 -282 101 1337 344 -1127 -347 160 768 139 544 802 -154 181 -13 -558 992 -36 62 289 1285 -216 112 558 -384 -395 23 -655 189 -3 -105 265 1044 537 104 66 339 -82 -205 -53 1312 -1071 -118 379 698 -327 537 -470 -213 -222 -36 -514 17 96 81 -732 737 143 1020 52 20 -43 823 159 -518 -272 69 -125 -339 306 524 305 -6 -148 79 462 482 140 700 130 676 -550 272 934 -1181 -348 -59 -38 447 -4 -35 42 -828 -251 -133 -963 450 -360 -99 527 -351 1726 692 80 -30 480 -754 -403 -168 -544 307 -213 -268 661 364 636 -412 639 1245 323 -718 -61 -100 -620 826 624 -180 310 -1175 -569 33 -194 853 -1381 -428 -122 -130 429 55 -495 -814 -360 -21 
139 -708 -239 567 969 397 -540 100 -2 -33 -45 -369 -304 -611 1125 -140 427 -301 1060 463 150 591 -259 -428 0 -1345 -350 -397 -19 -134 -117 -396 -909 92 266 845 176 173 132 262 -782 -869 6 524 -588 384 469 -1165 136 106 410 313 188 700 -53 -144 -268 399 -303 -1135 168 277 441 -434 8 1 696 675 -171 134 -658 889 493 -427 120 -315 -598 -168 598 -1574 -224 -258 640 -158 -51 -629 -985 -437 -95 -320 -1526 -125 594 809 -307 128 1128 -633 -382 86 -329 27 867 279 -126 -414 120 -285 826 -178 18 734 -16 -329 -20 718 580 393 30 226 460 -336 35 -422 -693 231 320 978 -9 780 -551 -491 665 752 524 18 569 227 212 -78 -854 -205 352 150 -170 121 -535 -921 -499 290 -131 -355 -632 983 -410 -387 -43 -589 403 -784 -16 877 87 -245 498 259 -446 29 -753 12 -269 16 -360 355 28 -559 419 687 798 -334 -178 252 -822 150 64 -66 -953 -438 551 316 687 108 -300 149 -441 -41 -344 -344 36 107 
523 -675 150 36 -134 178 286 858 45 -86 -707 451 -378 -691 118 -227 -418 493 452 -42 -505 -551 840 -1048 -462 -369 549 1112 222 3 -924 261 3 79 -38 1248 285 -16 81 308 328 358 297 349 227 288 -320 -570 -313 171 -217 -507 867 454 -430 491 30 -165 -213 -524 -526 -708 -638 390 494 -101 727 -65 -789 1442 452 -282 321 -275 261 -52 10 1135 66 -107 -14 -944 296 375 -200 -1029 216 -383 -625 -24 132 -1198 -817 505 -377 47 1464 314 1552 545 -916 317 -11 -592 -368 1032 328 -401 74 -551 1077 63 -181 746 -981 1639 -360 1232 955 1180 624 -776 795 225 -665 446 -742 -87 -762 51 -834 -1880 839 725 301 -801 455 59 231 -536 -562 -527 99 -399 995 453 474 90 -378 504 -496 242 322 314 -1206 860 -36 354 514 -225 -349 362 790 131 -712 162 -789 753 638 -161 33 341 -571 -492 910 -870 1031 -127 -162 -812 -181 1543 303 573 -655 45 414 -400 1329 200 -643 -555 -26 -102 -405 -271 -130 -616 680 -626 
81 1282 154 48 294 200 1456 -134 126 133 -465 63 71 108 -431 -493 1167 315 163 -105 109 333 706 -114 -597 649 1031 -417 161 750 -71 188 409 215 -316 289 -530 1105 -504 493 177 79 -643 -206 524 -148 -122 40 -245 -217 382 11 337 -210 1077 -958 -292 673 -485 340 -458 -74 -448 -1350 -513 753 -123 1250 -339 759 225 1140 -105 -343 387 -159 280 -777 -183 345 692 -444 -177 -214 183 -88 1212 374 -571 -1191 179 -103 -804 540 51 547 430 -801 -783 -1001 834 -737 568 286 117 756 860 903 193 -344 -402 241 486 -279 63 -78 521 -51 -445 6 -431 14 -770 951 -829 -158 -116 188 -254 98 -186 -759 507 -42 1168 -366 80 1357 64 -873 793 -422 465 -413 1138 -183 239 -504 100 -108 287 -762 353 90 -500 220 -190 -647 -405 -301 560 -654 123 32 -443 862 269 782 459 710 -190 384 227 1927 -918 676 23 1363 -874 24 -578 -917 733 472 119 83 889 183 481 657 -88 -1029 -205 224 163 179 -443 431 542 688 
198 741 -40 708 22 -393 50 794 -590 126 -595 425 -180 455 606 84 72 -356 -10 -970 -96 -892 19 8 -579 1035 -597 -273 -307 294 -49 141 889 -363 133 -781 -585 -252 82 -88 -224 460 279 34 -168 -377 -178 237 -114 231 573 -995 -237 -919 1100 382 -388 465 -1058 691 -545 -641 122 0 246 -580 -407 -81 -143 -789 -946 1004 94 -303 611 568 -798 -146 297 700 -617 -286 -212 657 -186 475 1192 336 -60 -726 -176 152 -993 -357 918 -1266 -159 519 412 -184 1051 -52 288 255 637 82 -963 -215 -69 -86 330 -946 76 312 -197 -262 -1650 -323 207 314 729 -371 -312 -1217 -111 630 -379 -505 -59 748 450 -36 -253 -82 -372 122 -123 -92 -312 -618 -176 1422 -155 351 391 -645 297 -872 -83 -480 -322 128 -119 -531 -78 -21 378 -1024 3 1109 -1023 -354 -729 -322 236 453 -788 -743 -261 -27 750 -20 450 48 389 9 -161 17 388 -426 -174 -78 636 -358 507 -682 6 1164 614 -1212 492 562 357 104 460 -36 -152 -4 699 331 
133 175 -180 -843 -787 -125 -479 274 -454 896 182 352 -259 -805 -1311 -185 163 394 -675 284 -781 -381 -598 -734 -618 -284 457 406 -352 443 -252 173 262 255 -301 257 -11 153 -1266 -391 556 -350 976 -288 -84 -546 -62 51 -853 181 -569 850 58 203 -83 -153 115 96 -455 614 501 556 278 -294 -299 354 455 103 458 -1441 416 -1041 277 227 352 -846 714 -324 -74 680 -109 -201 447 -263 -542 215 -121 702 271 86 541 109 -121 1086 893 -230 492 127 -757 -402 -832 45 -238 -539 75 -293 -355 -443 33 372 -138 -466 597 -1205 -443 -151 -382 137 -3 -354 640 -279 -730 482 -227 402 -714 -35 588 -485 140 -757 -705 237 450 -84 -412 119 -456 -1204 -334 897 658 -192 51 -1205 543 -265 -419 -68 -747 550 185 134 -841 -328 -978 199 112 692 -634 -521 159 -158 910 -512 -173 662 53 -42 563 132 160 343 -711 732 -36 98 38 148 -178 132 -632 -144 -393 654 -410 -826 -15 215 -291 -552 301 271 -258 -787 695 -752 -740 -990 
-519 393 155 343 369 79 -83 262 -750 -440 -1225 -187 -115 476 1129 -602 -936 -298 1633 -142 220 623 -827 -447 -419 425 321 1310 -225 -700 -941 484 331 -168 -502 735 664 -170 -7 509 197 368 -1526 -180 472 -44 -639 -70 -1166 56 668 896 -629 -145 -510 -351 -661 -385 518 -335 26 -502 -1802 -248 -240 1764 -365 917 475 552 995 -299 -152 -840 -571 1192 35 1267 -361 58 718 289 -428 -129 -1168 -211 86 -34 -240 726 529 -306 -407 885 616 -808 82 -552 -42 -56 -283 -553 499 78 -120 -933 263 333 -845 972 -222 379 275 401 723 401 1458 -1126 -311 305 68 -270 -630 167 61 551 396 177 -893 491 -1101 159 -233 -800 -823 -957 -381 913 294 492 85 -118 -389 -793 -38 882 501 -120 -101 -609 892 465 -362 900 -137 -1099 -445 580 498 -696 178 -632 922 202 598 -465 -962 912 -250 -979 597 236 -637 -65 704 447 -935 -271 142 -608 -893 -287 248 -298 326 542 648 139 -600 -246 -206 -824 -216 12 -884 1145 -214 -676 29 -861 
-378 448 -236 -18 -318 2 -680 -37 1174 -79 649 1484 261 430 -954 11 285 4 116 -417 483 -415 -193 -153 -143 473 -468 -427 42 921 116 46 73 -822 133 53 92 19 147 -538 -486 -354 -844 792 -173 -309 -629 -123 83 42 153 228 -575 28 -94 -32 -253 -194 -779 -118 988 -299 33 483 -296 -368 -158 -33 490 178 165 -194 -108 -630 -539 655 389 -292 -344 -301 -44 71 401 -116 -385 -319 227 -646 912 1011 -261 -721 -156 -925 -159 -32 -444 286 74 -715 -59 -404 69 -6 -673 72 -837 251 -460 295 -633 411 -686 -32 -199 -314 -737 -828 354 -104 1087 849 216 -284 -121 -681 32 224 -1125 -1320 269 183 493 -89 -491 -167 113 -492 -57 -245 437 264 -631 260 126 185 -99 -323 -557 3 -797 -36 -802 -105 -740 -38 -44 -349 -325 664 -535 -959 -422 -431 847 -498 573 819 289 -583 678 -121 511 -627 -310 -603 2 -224 509 -146 143 628 -514 -335 110 -33 17 -1005 -326 287 -130 267 -190 623 188 829 664 253 -223 -6 
414 306 38 -286 -818 714 0 -470 1209 -229 78 -128 461 -177 947 540 185 276 -602 -32 -150 1325 1085 45 -85 529 584 -653 579 -59 697 -743 846 -125 -540 530 -330 381 -311 44 -147 212 421 198 -596 782 -488 862 -82 750 211 -930 393 -193 -210 -380 298 299 -120 -116 149 604 -394 -580 1054 202 -1246 160 128 1082 -488 236 565 237 -667 -254 76 766 -440 997 422 35 379 426 649 -927 49 -273 -482 97 621 -545 319 165 -335 1312 210 -280 -235 -20 -535 476 1742 -1560 282 -422 326 -807 505 -930 -256 -375 -918 -417 167 -236 1475 -493 -915 954 45 195 1109 -88 1162 -247 -164 244 1034 154 -564 412 -570 73 220 -42 -41 551 655 631 -231 -645 -25 -675 576 -428 596 338 31 654 -237 -792 -473 -513 1367 122 -527 30 287 78 578 433 71 405 180 -174 926 699 405 585 -148 788 -99 139 -315 24 -132 720 126 1487 -241 233 -31 346 23 -63 692 -357 452 88 -635 -124 306 97 -566 922 291 -75 1796 344 
537 -495 -919 -587 -207 -136 457 714 -420 -1007 -485 -54 1621 1011 -187 -357 536 -303 133 299 144 301 -156 519 -39 -392 244 142 -163 -120 874 184 823 430 317 739 -235 58 -537 -383 -192 -568 -167 69 -263 -496 665 532 550 -312 -295 -173 375 -248 91 4 1065 -198 -61 -47 459 842 -574 233 -186 -208 276 357 456 517 -763 723 -87 51 195 -806 240 450 1002 29 -227 743 551 -149 -185 152 -580 516 176 -115 -673 189 -485 290 78 -416 -202 903 737 384 -682 752 277 -627 262 315 178 -79 -129 -118 124 -317 299 -511 -194 -543 -155 -215 290 -530 -435 70 212 -837 405 -384 -88 -29 -61 460 -81 205 34 236 525 -604 -58 474 119 590 -1382 199 538 -749 392 -321 -231 -112 -270 -139 -237 -85 -161 -735 327 395 668 -467 -283 170 994 -475 -688 267 362 493 -751 1100 -30 -1021 -933 183 -794 315 114 -75 -490 235 992 650 373 348 -690 -226 -1209 -500 369 155 369 -55 121 -587 1105 -224 372 -173 426 209 275 -575 
-492 498 18 -1097 -268 -803 -122 -374 614 -157 275 240 1010 815 -26 -279 776 328 333 15 -650 379 -138 -206 407 285 -258 -96 258 163 109 -73 -182 117 -144 -652 123 -296 -640 -524 405 -579 -180 -1320 140 865 -341 764 -95 40 780 619 -153 -130 -360 -427 -416 -975 20 -753 396 9 -369 -285 -457 782 680 344 576 419 -621 -953 757 -833 -991 -122 408 771 -379 -454 -564 936 -227 -113 -670 -559 -558 184 -347 -664 1038 359 715 208 426 459 486 -460 -815 -719 -1194 -455 373 333 399 -566 328 482 776 -419 -106 476 179 45 586 77 558 -223 -715 47 -87 558 -406 -311 122 -394 402 -42 530 592 197 -1016 457 -177 211 -86 -701 -490 417 -630 -124 454 -126 -120 891 59 -67 -321 182 -81 242 -409 -1425 -275 645 -489 -894 146 347 -560 834 -89 -31 1498 49 -671 -49 835 -114 -174 -503 387 43 565 -802 -922 -386 -371 -305 51 -739 -211 -488 -467 648 1167 249 -693 -25 712 -851 -735 -447 -7 -575 -315 320 -296 330 -1006 
256 -845 84 -663 -229 -10 692 590 -987 -389 725 590 1401 87 495 -491 557 574 56 -701 1135 623 -610 159 120 -734 107 283 77 -746 644 -1012 -101 205 -808 623 1102 -880 103 490 144 974 -78 -99 -967 508 -469 -489 -88 701 -234 729 -446 -344 449 275 -476 -629 158 -143 140 -54 -879 921 -1328 393 -846 -545 -1045 1094 -68 -274 -52 -636 -426 265 -838 -399 107 -86 118 -22 1127 -403 283 -574 -114 39 -883 -271 -548 27 -192 -74 -468 153 828 179 31 214 407 -451 89 1308 -125 -423 847 -658 657 -207 29 -172 -146 -89 -467 548 370 652 -217 265 -374 901 -380 -106 -165 -147 -238 -44 289 -146 653 -525 -48 1512 540 223 -844 874 952 851 546 -566 -654 26 -391 111 587 838 460 138 -141 -354 100 -682 -130 576 133 1146 -205 495 1037 428 -570 837 -356 -387 -829 -588 -946 -1316 379 -652 -610 121 -76 15 982 340 335 475 238 384 -202 523 -605 88 425 -588 122 937 -209 -248 -655 -1030 -16 224 -490 420 -496 -147 
26 304 -82 328 -329 -631 -1311 1082 536 704 142 -99 698 488 358 -181 -570 495 429 372 100 137 822 121 -431 -176 687 -478 -139 1216 -481 231 -196 -291 -177 12 -199 145 -417 -528 -386 -230 225 -256 79 403 -965 -8 -144 -874 620 -901 -504 496 1704 -167 184 -218 208 669 -21 -33 1021 329 419 11 -564 -109 -139 113 -148 396 903 273 26 -580 243 -450 -411 55 -46 1535 -77 344 -215 1135 -439 942 -301 36 -216 -283 -793 -715 -209 74 -210 501 694 13 -450 -367 428 -530 211 -85 351 -398 -1050 -240 -467 -305 310 214 599 788 -559 -273 561 355 -237 -465 -233 98 11 296 353 -97 -226 -275 389 435 522 -906 98 139 -703 -372 219 -269 -164 284 417 711 -510 173 -934 -189 -1088 -382 -659 924 262 -1034 -581 626 482 741 -433 688 -192 9 -1118 -149 1292 1012 725 -376 -116 -84 242 -591 -424 -540 -145 -90 99 -347 70 808 657 496 -624 27 -750 -623 -39 350 -801 -986 451 190 908 -62 444 -487 1054 25 -205 -227 
-90 200 -357 259 55 88 -176 770 -259 -201 -33 796 711 -218 -619 -745 -1163 -282 -29 505 328 -681 -309 -739 228 299 182 -514 -525 -431 -77 454 -138 -366 559 -203 -733 521 -258 -95 -599 -488 298 -94 -331 1383 -42 442 246 137 -168 476 -129 517 223 -647 -655 -118 -72 -872 -13 268 -401 -20 662 -534 -307 -346 332 -1575 707 257 -351 206 952 -366 105 -581 -5 827 -659 -301 706 -7 -111 345 -787 733 67 323 -540 1644 1330 698 493 -206 -493 719 221 137 -583 960 -33 249 -688 442 -45 304 53 721 56 -831 -526 1 -435 -646 -178 -639 208 -925 622 51 -558 -211 -62 -92 -395 -2 -439 -503 -95 626 -135 33 -1290 -15 -139 -277 -835 -913 -252 79 903 770 -930 51 -453 -1117 -1229 -31 -1008 682 126 920 -550 368 -214 -141 11 478 1343 -134 358 -688 -392 -396 394 72 -506 138 440 214 -86 -958 -109 -321 -30 858 674 -144 228 66 -567 -475 -156 -740 77 56 -677 -489 -296 -348 669 752 658 131 106 778 668 686 
257 -23 -240 157 -1282 -674 203 512 410 -213 87 -964 46 -635 147 -996 -446 283 -66 507 117 223 -496 549 -430 -849 204 -134 1156 1023 674 1108 -355 -56 908 76 716 -1 660 -887 81 189 532 -159 368 183 389 -514 -92 -573 -498 -266 377 809 555 -842 1144 -357 -145 500 332 -81 -49 -78 -596 176 191 -1255 952 -268 -244 -937 -185 -43 283 -95 338 -1520 930 -142 -580 38 -279 -455 -190 -227 -1195 240 -487 -874 342 -277 402 -106 533 108 977 -438 -48 -724 -236 -124 375 930 379 87 -107 -58 399 -379 497 -94 1123 -622 -491 0 519 151 267 -350 134 -416 190 232 -566 177 451 584 -840 1154 190 193 -514 -26 471 -40 -547 337 -277 135 -185 -189 254 211 -13 -1022 -231 -352 -451 -125 -587 195 127 139 -1077 315 -1018 102 39 551 1228 273 -338 387 634 -64 -533 57 -252 975 -249 199 -578 -84 -586 -970 -250 -865 378 102 -63 -55 872 -428 -642 -372 -240 144 196 -140 362 -920 -71 269 -1187 -428 -707 456 239 78 
716 117 -27 278 83 -405 -297 -410 299 0 52 13 -314 285 256 219 -363 -767 -370 125 8 -446 -1314 490 435 -465 421 682 58 142 91 -313 1115 -705 1140 783 81 364 31 -790 -107 427 -611 164 522 64 660 -727 1260 -266 118 -529 -429 62 239 -523 -147 -401 -778 297 -149 851 -115 38 -133 549 -180 -694 688 379 -416 463 -527 -243 465 -310 -1249 -105 -144 -48 -153 64 411 -145 558 356 29 -289 -589 -248 -344 1212 924 1154 -305 -290 -188 -410 -738 -407 489 391 -608 465 -691 -420 169 -247 40 246 336 548 787 -991 630 93 -311 70 532 180 -340 57 584 -614 -119 1010 280 -530 -143 294 -184 224 552 -90 16 34 195 631 -200 -852 -112 322 -132 -122 929 28 411 -258 538 -100 117 -396 142 -899 -83 529 319 -1241 820 -268 -309 -115 78 -763 -319 431 287 -823 -316 55 -43 -114 574 374 317 573 -533 457 780 912 -148 877 -612 533 -355 -233 202 -94 -175 53 287 -717 752 146 -214 -74 -456 -26 191 663 
-360 536 101 668 -401 -189 45 854 432 169 -154 27 659 191 -61 -1127 596 -507 409 1025 687 -13 929 -579 230 171 136 -1567 -294 746 -217 -432 322 317 189 302 -742 343 -737 -805 295 16 555 -332 758 -410 506 449 -279 -601 -174 322 -420 266 933 363 312 -142 64 694 -599 -134 108 -513 553 -174 120 -149 -320 129 321 17 -116 84 100 311 344 -122 -18 -67 -518 -308 48 -282 -135 -347 188 -48 -501 -566 -444 633 138 -525 -189 -658 -121 18 -252 -283 -1364 -84 356 544 702 716 -208 78 1054 -1604 -549 187 -541 -582 -252 470 -944 -1038 -647 -878 -12 286 -234 236 -888 -1014 -373 270 872 1364 244 236 247 268 398 442 38 -122 593 554 539 172 -308 23 -357 308 606 659 70 343 224 -888 407 286 -568 -490 -141 -29 385 -234 1575 483 -327 395 920 -269 -140 604 -68 -450 172 331 119 912 -1028 -661 -67 673 -1 -26 -266 -188 829 -185 446 929 336 -304 447 635 -280 857 -730 272 861 -429 80 -479 275 -61 
-1221 1323 645 366 666 -330 483 -835 1450 -1027 -762 -914 313 -905 1188 667 -565 -219 116 52 -792 202 308 880 -53 35 350 53 311 -631 783 -183 -76 -838 90 10 654 239 -766 117 -528 68 -35 99 -417 498 -84 -625 -301 -100 -70 -440 -877 456 -748 303 87 16 -553 130 -598 396 -918 -247 13 499 -68 622 -931 -441 -296 389 181 187 705 69 79 -511 -411 346 342 128 76 321 -566 183 -1564 572 -81 -944 -996 536 744 830 40 116 -580 -29 811 -355 -500 206 13 247 641 -245 -340 -884 -138 -208 -107 96 30 637 305 129 454 27 -40 -65 997 -142 -906 451 625 848 456 -151 121 -758 202 809 525 -450 -320 -247 -538 103 77 -805 -976 -28 58 -249 -328 248 -491 -742 454 -276 -71 332 -447 788 431 599 515 82 547 300 373 -246 953 613 -458 -251 182 -475 -282 859 -328 -295 -277 527 -166 -560 46 -52 342 -267 109 226 715 -680 352 -527 -761 -164 401 22 79 -153 -2 -471 -415 -403 -765 -437 -142 1153 
129 103 354 727 -769 -149 -496 -103 540 68 400 -141 -520 -490 29 311 396 86 281 -205 -334 -387 371 -287 462 1029 1058 -75 -412 -207 303 -27 -147 693 -143 -97 380 -426 863 -116 341 -622 468 234 113 -81 427 -80 -300 779 -73 -284 929 -3 -631 751 18 554 744 -13 109 163 8 -141 -208 616 -687 993 -178 -1130 -494 -274 544 738 -785 63 141 188 58 -949 -67 236 71 -519 -217 -777 29 -126 430 -164 -352 -383 131 -579 192 -270 -38 -281 -112 489 816 573 445 -479 -13 -978 61 138 -372 190 -424 153 -465 57 -139 -99 -341 15 107 1323 236 -221 256 154 113 -846 -409 216 446 -340 0 44 -668 819 -654 -310 358 -233 691 257 -230 375 -429 509 -810 -32 -361 727 -147 852 73 -15 -107 282 916 855 49 -226 -134 -157 -311 485 -427 62 -471 341 -58 -376 363 193 161 408 174 -48 -312 -491 -500 158 696 383 -292 235 141 607 260 -826 -172 43 -911 -281 117 692 121 1001 -836 -244 316 101 -201 -93 
286 -127 432 -299 328 -774 217 -883 -168 -164 362 793 -197 142 139 -76 441 779 -313 1063 -149 -94 942 26 -576 -119 53 -890 -374 -383 243 371 -856 15 -323 591 -820 152 -597 -263 -53 163 731 -398 -242 -55 -113 -306 53 -457 -291 552 -573 629 97 -457 526 422 -344 -237 -135 -435 -466 85 -302 -50 1450 -509 303 395 135 -573 -547 522 -289 -537 -212 65 -314 -452 322 -734 233 -413 -946 -153 555 473 -544 -526 485 164 922 155 -22 720 7 187 106 -124 475 342 317 -117 26 98 -56 -506 -449 201 21 492 -331 511 10 -366 -413 831 -107 -434 -199 634 472 -50 14 163 1110 478 -156 -668 772 -873 -121 31 -1006 477 -1441 279 -598 -915 120 -1416 162 -481 253 115 743 -122 271 621 -527 -211 -245 160 -233 105 -792 61 272 472 672 -409 -300 -349 923 892 -570 -496 109 1114 -232 -334 827 44 -141 -325 232 672 108 -324 -1 -7 1145 -763 661 -395 465 -1456 397 -211 -229 -924 -1297 8 645 279 -664 -154 60 550 
-81 17 -667 634 -889 180 641 851 -551 -131 111 152 -487 -1309 160 -40 425 -124 -782 -506 105 1396 -328 -590 -189 -894 255 406 21 715 -201 9 -398 120 623 -228 859 121 869 -429 461 -158 126 693 670 -1128 -68 383 -724 -1019 175 -53 -385 24 -193 -307 -272 600 156 -75 -109 1737 244 -530 -692 6 474 561 -579 88 164 -20 713 -474 417 678 -111 -363 -406 -715 816 -521 -275 176 -193 -1144 -556 -195 -233 172 65 243 286 236 467 4 980 719 956 -254 660 -479 152 -101 -188 -620 543 535 -52 215 -88 461 305 368 -373 -222 254 -709 -743 580 -136 645 520 -273 -311 -88 -558 675 150 975 433 157 -322 677 466 227 -248 -117 49 -231 -170 -66 -178 -142 -415 -983 488 366 154 1212 -491 9 -855 740 35 -539 491 3 409 819 -804 -489 -143 -168 -506 -54 284 129 798 -48 -66 -406 683 -136 652 -355 983 94 366 236 -1005 -478 -482 736 1578 16 665 -30 123 1382 620 362 524 1038 -774 -298 -265 138 128 226 
-191 -582 924 58 -632 524 989 -823 -124 385 213 -38 1154 690 678 -212 -701 -278 -77 582 -83 -9 512 -501 249 572 161 -828 0 275 904 412 -323 -678 744 -20 467 331 -309 -264 68 112 658 129 190 -389 -469 -1363 315 1 82 -137 214 117 -226 90 92 501 -552 55 -173 691 -297 -413 -1352 942 -221 227 -39 635 -337 590 -314 -647 -97 -676 -680 316 144 -144 254 -15 370 497 -416 -170 -316 -699 39 -375 -52 -264 963 -146 -112 239 207 -626 -120 -219 -486 -253 53 703 361 122 -200 -117 -233 -564 -318 415 822 160 -726 636 443 -412 -937 15 -88 787 -512 -117 126 94 -207 326 182 802 -569 179 397 405 840 -412 -348 676 -208 -164 -134 -524 -403 68 370 -573 402 -439 -34 -346 -423 -687 494 442 98 594 -476 -714 149 52 -317 427 -288 -623 170 291 54 -567 -266 307 -662 371 -37 -280 -403 562 -122 -80 664 246 348 -627 -316 257 -357 -857 658 -388 102 -229 -260 -625 -957 916 274 201 -1223 521 218 784 
764 -76 -117 341 212 979 412 511 311 647 -134 523 -456 -241 -753 489 -475 -342 82 -304 1516 -76 -273 -929 437 -254 350 123 6 -259 -103 719 -759 -677 362 161 -5 -299 -276 -1231 -317 -603 633 -124 224 224 -520 -346 372 191 -891 1069 -353 504 -161 376 356 -708 621 87 -40 152 42 -618 -186 -947 -396 -5 335 514 -387 60 -102 90 519 -61 144 -658 -457 -19 17 -447 72 281 -180 720 -1116 -100 -387 732 -534 -243 369 624 36 283 -950 481 -951 -126 -38 692 359 173 -784 1009 369 362 7 235 -206 -75 420 362 -77 725 588 -707 483 587 256 252 -609 146 -239 -360 -775 616 -88 536 -197 96 570 579 230 62 1361 -341 -367 -506 344 -552 364 394 -112 -599 -74 -840 -327 26 -441 282 -564 -85 -482 -403 450 -651 -1048 -83 690 422 1437 91 -211 -971 -679 607 -56 803 561 -1346 199 -1034 -417 1064 216 722 -650 -1171 267 17 -260 -703 -97 -273 118 -290 -623 147 -261 -633 33 962 728 360 -134 -29 136 651 
657 246 283 380 95 427 530 858 -749 600 -964 476 537 -687 -337 233 -42 -541 834 448 -29 184 19 -455 -353 -278 536 503 -552 -403 206 850 -413 573 152 373 -406 -698 -580 837 595 27 -229 -1049 -329 247 154 612 -848 430 -144 1025 -47 327 15 -646 429 805 -47 -29 904 165 -294 1389 -108 605 671 660 452 55 848 -693 -287 719 -696 -506 438 -1070 324 547 -498 -538 244 -54 -121 -891 -694 553 -568 428 -134 59 -1412 598 244 -838 75 319 -137 291 240 -236 52 34 151 -810 632 -27 -225 345 575 -461 538 242 -1092 531 618 -908 -123 249 34 -660 -254 -469 -686 68 412 52 212 -159 -398 -442 -701 588 564 -386 -478 88 290 -221 -185 46 -20 -103 -287 88 -275 1049 103 441 412 1194 247 622 133 641 -16 620 -5 -73 -10 383 429 -123 1087 408 398 -367 15 -71 -57 -1069 236 -719 -185 -198 -193 288 579 835 483 625 60 287 398 821 -434 -39 -451 -284 71 -230 64 774 322 -251 -254 -496 650 -98 
-439 441 -210 -70 -197 1258 583 -100 521 406 -323 -91 1042 677 250 10 355 308 458 -443 1136 -112 325 225 502 430 -399 220 414 -253 966 937 629 -654 -833 -1003 -365 -486 -219 503 -107 645 -255 -428 -241 724 -1121 -558 -245 -26 1604 184 572 72 -1399 259 -892 738 507 120 -315 -776 -502 -474 -241 -787 -289 833 -320 -119 33 821 -272 8 209 38 -440 -377 -231 155 636 -443 812 -523 564 271 403 638 268 -795 -1113 23 0 -10 855 509 -246 378 287 132 1256 -434 115 -217 405 150 -192 -390 -210 1072 71 -1325 -801 -904 -83 50 910 557 -386 962 65 306 -118 1138 -185 761 445 490 -345 -493 -64 1254 69 352 -850 734 342 753 -1511 -532 1589 -113 -11 -516 -1217 -765 -103 -807 -131 -328 483 973 -222 822 -109 195 308 -113 -697 955 -777 78 44 -150 -579 832 373 -187 517 61 36 184 441 -755 423 79 259 999 197 -248 283 91 694 -543 77 31 -849 30 -780 -40 541 -109 -1320 -245 -189 629 -208 571 -402 206 
-279 189 -345 587 -473 999 552 537 -986 -241 -969 214 -346 -161 171 -444 82 325 84 -178 -729 -532 209 -1071 -143 -58 566 804 -92 772 -411 421 252 75 611 886 -339 -550 -340 -269 904 220 -245 -126 -595 -559 374 143 411 -335 648 -172 538 -359 354 -352 199 23 -393 -10 -184 -399 -148 414 1054 -163 783 225 -542 438 -972 -337 -127 712 -167 1027 314 -40 -95 -94 584 -344 -147 -597 226 109 257 -117 635 -1239 -96 -90 -86 -84 -569 -357 874 587 551 45 -52 25 -606 506 490 491 -113 133 914 -611 884 -520 280 -232 -478 312 -1190 62 -58 12 117 -613 -370 -150 342 242 203 -284 -527 772 -522 172 788 587 464 227 -129 -329 -368 5 -572 188 1083 -484 228 -414 732 669 -119 -120 434 -8 534 715 -199 479 941 -282 546 -106 504 4 -510 -350 -629 -37 -161 818 78 -49 -340 221 511 182 318 -482 525 91 200 -161 789 -179 358 -883 168 -179 487 -257 961 101 -301 -605 -290 -133 225 -404 113 390 231 -435 
367 -611 -569 285 -281 -120 807 -663 108 -191 -355 -203 507 -821 -765 -178 -398 -474 -77 -623 -1105 251 -123 -235 555 459 23 -60 -868 661 -942 709 -316 81 -117 898 -117 530 -280 272 -105 -163 226 393 405 -546 -78 200 -424 -387 -796 -281 441 -290 259 -436 361 227 -30 -132 313 323 22 977 798 341 966 -154 480 248 284 229 56 -252 519 386 85 230 247 -252 -164 -347 -450 -49 394 -967 597 -469 -409 311 157 241 -870 -221 -536 -255 409 1006 136 108 -614 369 -1124 -720 1061 264 305 -237 -620 90 590 -317 -436 219 -306 -498 478 -333 -910 -444 23 -462 393 -562 -66 174 778 -467 -82 134 342 -284 117 -1119 696 -600 282 96 209 420 -769 152 178 344 98 384 -339 60 -502 41 -851 -174 20 -753 1038 796 -175 10 -40 281 -466 312 -159 -299 -85 1031 363 706 -437 456 326 -253 -128 537 -199 -563 441 157 571 310 593 -71 211 759 -829 414 677 830 -194 170 -515 -305 571 114 -637 -78 490 -30 -51 478 
-137 506 847 -86 465 665 70 278 662 -517 59 -924 846 198 186 -156 98 311 545 278 -12 -72 542 -616 178 469 -494 867 553 -358 -310 2 26 240 -824 -484 -879 -354 68 -667 -672 396 593 576 -3 437 -509 -469 625 -209 -220 -115 -333 376 98 450 342 -139 495 -13 324 35 245 4 204 367 788 171 -264 -386 100 243 1305 -324 9 -341 429 -153 24 -443 1268 821 -1174 186 -536 660 87 553 -382 139 64 -1080 -638 108 -638 -279 108 -714 -166 268 -365 -201 -285 12 -767 200 -257 -26 -281 -723 224 -816 638 -922 1120 1096 476 -165 536 -211 585 -1104 -439 -500 -567 51 -10 -524 573 -181 -103 -402 165 -394 339 -294 -225 -398 -472 -142 122 637 718 351 -193 -177 -282 -275 -621 521 61 488 -555 -351 -158 256 589 -559 -80 -421 782 195 644 -526 -68 999 -817 261 -285 467 -242 204 195 -37 -214 243 184 -631 -1 -125 61 115 381 181 -799 -346 549 -311 294 -276 394 378 121 -223 -520 -281 630 265 -90 -749 
-377 903 -233 439 115 513 219 -841 48 324 337 119 -168 1129 -239 -113 -484 -354 -875 -161 609 512 -56 904 -81 324 -352 282 129 900 371 -113 511 53 419 155 -263 -822 754 -429 -894 -39 730 -104 525 603 353 -277 999 816 531 -558 583 127 -212 -417 64 -291 -293 516 -221 189 -34 -438 -767 286 -327 568 -99 35 -107 574 -730 -672 430 -75 485 -397 432 -659 -633 -525 -355 1291 -537 -758 538 133 953 586 56 687 1207 -300 -987 164 -279 386 -810 -775 411 -40 -620 532 -32 447 913 39 63 -188 260 -278 -297 467 437 214 757 246 346 -242 -305 576 644 -118 563 220 -343 409 -246 -153 131 741 698 256 -99 1082 509 -280 -724 198 -71 -1243 -132 -55 -76 -132 -459 1135 237 260 412 -239 368 63 968 -91 505 -1009 -178 -59 448 45 550 176 -1616 183 -174 1785 -135 -500 -409 -670 339 -266 261 44 -7 296 285 132 55 50 235 1098 -654 -431 -144 141 -213 391 -371 394 66 1320 -619 635 -372 -202 -353 744 
-15 1078 124 -628 -570 10 -377 -215 645 435 -126 230 -143 710 730 288 -155 454 488 -171 516 381 346 411 -448 620 154 -168 -216 -226 653 -404 -167 31 1016 61 1144 1210 -835 -213 671 -245 -574 318 1506 630 -64 487 -344 -1417 363 -986 384 -351 -460 -455 -786 -4 -335 271 380 785 -297 -353 -166 263 -735 286 560 -500 -300 139 -637 -300 73 198 897 431 -603 -452 32 157 275 -351 109 -65 -65 -387 -122 -485 -399 274 317 -3 -312 108 -714 -407 -400 150 -61 -1304 -78 -39 592 -566 -589 -87 357 873 -426 -302 199 370 -208 -190 -797 -327 74 248 -229 824 910 410 -419 -175 350 36 227 725 523 1131 -507 472 253 111 494 -470 71 171 -226 477 -923 -516 638 -320 755 820 480 -243 37 561 550 -703 204 161 955 143 82 -253 -619 453 100 204 80 -423 -109 -474 36 545 -494 294 862 -223 -881 574 -445 1564 -188 6 -597 475 -1354 -535 163 422 318 390 -732 377 626 -549 13 1043 75 329 -123 -343 120 94 
205 928 423 967 -552 -955 -120 -531 -599 -211 -12 1303 1064 -595 248 498 30 4 184 144 -142 -488 308 -726 201 -864 440 574 149 -213 598 423 788 -322 -509 371 467 155 197 -1044 -41 -886 476 204 50 -62 -9 706 -489 44 235 -203 -10 615 293 -308 311 -848 308 347 180 447 590 -221 303 590 -419 -251 -2 100 -373 -213 550 -663 7 171 924 -824 -568 68 -415 -417 -608 -273 -583 588 -205 -567 -292 -309 -160 -413 -725 -203 -238 185 -195 60 414 -470 123 -683 919 -14 -678 138 820 604 509 682 852 47 13 -523 353 -275 526 -947 642 623 376 255 145 -38 -699 135 199 206 46 474 364 13 -28 158 -331 171 193 180 824 63 447 -959 -216 357 178 -164 -1 -402 -601 -91 -501 -314 525 -533 -933 -180 1014 394 -154 575 -115 -445 912 543 -722 71 -978 115 64 78 1197 -457 -79 39 -363 -274 561 -347 -656 225 -291 421 -316 554 -608 1030 335 395 -296 263 558 385 -514 548 -1638 512 -171 -1073 -181 -241 
356 -600 -388 -595 -1256 -457 -517 470 1337 -743 -100 -903 38 439 1032 -286 693 319 -87 174 486 542 758 474 -913 629 246 -36 231 780 -1034 101 176 -36 -487 -739 -744 -475 505 348 -57 947 713 944 1048 916 -66 411 -1320 -143 -168 -1102 483 419 130 359 -786 308 -303 308 -338 60 329 -989 0 77 -260 167 536 130 -74 954 1460 742 263 -357 181 998 944 286 -122 95 -55 -22 -311 581 234 36 -600 -398 958 407 405 -990 -446 905 86 -662 367 -238 -1014 42 -376 -294 351 -942 396 -311 621 -1079 -353 -259 57 274 230 421 -245 334 -144 -419 1017 -111 201 -591 -178 -536 -106 688 -197 789 -292 -481 362 -385 775 -90 256 636 -584 -77 -361 783 -157 -4 207 -109 -188 345 733 237 -81 -650 -229 227 -862 -504 -576 -1022 756 -81 -241 744 -84 91 772 545 145 -318 878 -148 -997 1150 -284 289 -110 -48 -649 -976 178 -296 684 4 -4 445 -469 -662 434 53 276 67 -105 169 -820 418 2 676 309 -302 1829 -72 
159 -101 528 -381 -846 -512 124 -619 -339 964 51 111 379 -283 -65 682 932 -863 -579 -45 -710 -473 -245 31 224 -272 -331 -37 -225 953 156 587 331 -737 161 -434 -650 246 -409 -368 -32 108 651 188 -877 9 -305 -372 -689 -41 -633 -73 708 296 3 230 160 -1018 130 -125 -172 1106 161 433 -1125 551 213 -183 -100 -143 -918 -271 317 -180 -318 -85 386 252 -477 364 372 -248 66 -361 52 75 -371 -16 84 -688 178 343 -84 169 -528 527 587 112 217 -585 -313 -726 -74 -204 -521 808 662 271 794 -726 476 132 -86 -1688 591 -132 341 -410 -384 1423 -524 457 -633 284 -716 -617 -129 -18 500 90 409 127 711 630 657 370 -18 423 -382 44 497 -171 1046 190 -726 -581 160 8 -181 159 -852 -424 253 237 -591 -279 1376 243 162 223 378 754 236 576 53 -113 310 -670 -160 831 -671 188 -52 -28 290 -605 388 -933 -39 388 -157 77 243 607 -497 -79 122 -121 179 379 48 -108 -221 -770 232 -241 284 819 -621 460 
-224 -303 -99 -116 -137 2 -453 -197 -146 -260 -125 -201 297 -438 -196 858 -307 -541 88 -385 -116 -165 337 -561 841 654 -151 -153 -774 -806 -195 -36 -258 -249 459 181 517 -796 71 -97 720 -754 -492 736 -91 -501 572 -1196 496 376 101 401 857 460 -2 1319 626 -294 166 490 -744 1178 81 -522 -549 663 55 850 -826 -755 -406 167 -579 478 123 -92 -58 -219 613 652 92 460 -492 -363 -1317 532 -794 91 -843 -479 -496 -649 873 -349 -106 -584 5 676 -128 846 175 -509 -414 805 245 -353 33 89 -124 -327 -552 143 335 -204 -540 397 423 279 -345 242 362 200 295 -231 -14 -152 309 -1488 -14 -277 112 -393 394 -728 -702 103 -593 141 1097 -509 276 -405 -510 295 -258 1281 227 731 274 -440 -455 -1161 421 -442 879 -513 -207 -671 -201 782 -370 446 16 17 -558 -253 447 20 -1001 -788 201 -556 165 198 785 178 324 288 -90 -173 310 -522 -1338 -415 34 128 161 -104 -105 857 -156 -294 -115 709 -598 -275 -515 -726 -746 -14 
394 -258 5 -32 490 -263 -87 -643 724 494 -856 -142 196 -27 45 -137 -234 -1 -366 -235 497 752 648 27 338 212 704 -239 -602 -11 -388 -341 175 -49 -665 131 -375 254 -202 458 -298 -674 -827 231 253 566 317 -438 -551 -208 -446 -85 -222 45 -676 -42 -229 325 -174 -372 -62 -1146 50 169 250 -842 -478 -457 1015 564 100 -914 -87 574 -82 -875 566 -478 -449 472 -443 303 -101 363 103 455 1245 -111 -159 557 10 -225 -751 359 961 507 -606 -61 552 -260 -436 997 77 -1303 605 -496 672 -297 240 152 968 -463 -315 -210 -436 25 -835 419 950 -770 -668 17 1103 -363 1207 76 -237 74 -788 -194 171 -364 -703 -327 -443 -67 298 6 -610 -711 493 596 -971 -241 368 89 -471 -444 492 -90 323 234 407 -779 -336 -180 -151 185 -444 -452 -149 577 423 -193 489 281 914 342 -618 -28 521 -633 461 -281 -9 98 -966 1144 -44 50 -330 1204 -67 -76 435 732 -802 -403 -144 -407 -191 -196 -49 156 -590 708 392 -655 690 508 
149 -173 -141 -167 -25 232 568 184 -999 -153 -496 -415 -296 733 -422 457 -7 -537 1078 -458 -307 7 334 53 381 -963 109 202 107 -718 54 385 -622 -384 924 -730 719 -656 719 -143 464 -423 -493 12 353 -111 331 404 1007 105 -50 675 -505 147 -98 509 -343 452 706 -204 -771 -187 1130 654 562 -22 55 117 -528 622 -333 500 685 -507 -378 -75 -305 860 -191 -1475 606 -384 -852 -582 47 -280 461 -771 931 -72 -821 -422 -1070 101 -352 -116 -35 -298 62 79 459 201 -241 -576 -699 -827 -39 304 370 28 641 966 -438 181 141 357 -76 -57 452 -390 -567 -457 -270 -104 937 -556 -97 -370 514 4 975 -631 98 417 -374 252 -297 -570 -266 -743 -700 369 120 394 -867 -156 -334 435 21 -461 -331 304 565 424 -289 575 493 618 -298 -410 -302 637 -516 -69 167 -558 132 -691 513 -429 -302 -53 93 -516 455 -16 -273 -229 157 -208 1236 -237 194 -73 -509 284 103 -788 305 -232 -39 402 -247 -53 1113 334 -338 -168 -385 561 
-569 -27 -443 855 -385 925 -860 406 119 -391 511 -893 -121 285 -82 20 -377 177 -32 -901 905 -511 -720 385 -213 -422 -600 180 -864 38 -418 129 533 19 -252 -186 146 -229 815 483 -969 -925 -402 -940 -730 494 -474 -155 567 -238 727 -313 431 -25 -350 -220 -501 150 -79 429 64 491 567 -862 27 -287 -617 726 229 153 -486 -215 -107 -593 382 11 13 185 -332 812 -51 74 698 267 81 660 322 1177 -18 -69 78 655 569 -30 157 470 -251 -105 -228 276 341 50 1077 157 -74 -341 206 -358 -802 -513 744 673 -69 552 401 -102 582 -457 74 503 180 -103 -645 -241 771 164 -435 -116 -141 -85 -458 853 364 -1473 -1148 240 598 357 -811 239 124 339 -441 -405 373 546 -551 -57 54 457 1089 -665 -100 679 672 445 611 -63 219 -12 1077 -413 265 439 -777 1288 593 952 328 -610 -84 -158 255 -77 1668 64 -283 -22 216 -266 -393 -164 -967 -70 387 -280 -315 -412 -135 -707 -64 531 -140 562 683 487 854 411 231 183 
20 322 -223 651 -255 194 110 402 -150 354 -690 -508 -244 -139 -20 268 95 551 -121 -254 -362 -377 -605 -623 -551 27 -430 639 -20 314 -258 379 74 94 -261 351 -28 774 -113 -485 782 -392 -125 -59 -121 -277 -157 -500 -341 395 151 42 296 -90 240 -412 264 -278 -56 885 42 -293 -358 29 -574 1349 524 493 -320 -241 -455 205 96 562 -991 -85 434 444 -80 1008 -243 195 29 -1100 -665 399 -266 -514 217 -560 49 -611 269 -933 102 332 464 -218 490 -269 -389 41 -374 645 204 111 -548 -409 -82 -162 -75 -368 -346 234 -405 -780 72 -159 375 152 794 76 -43 -468 -588 -60 -680 -234 -257 291 -291 -106 -500 400 -901 -722 70 310 345 643 -694 -585 942 -834 -5 167 -78 570 130 16 750 662 -233 -5 -321 -102 -268 -438 315 150 -952 -748 -104 358 55 -76 -705 38 132 -102 472 15 621 147 92 775 -294 -632 663 273 -271 533 -356 61 440 170 -237 -200 167 811 -320 -1175 123 495 302 -983 -117 -151 184 -502 
840 -243 -355 -381 -599 571 179 150 723 214 -166 -98 16 110 -76 -226 -216 -561 -428 -41 877 -555 -181 424 400 -73 -459 -155 34 -190 -192 177 75 -436 279 790 -244 172 484 8 -162 258 365 270 -860 269 282 279 -52 713 188 98 884 796 -488 369 -252 187 224 90 -133 421 -781 684 -356 47 -225 243 135 425 -186 -979 349 1014 -455 -380 -418 409 -223 97 -59 -350 1132 -660 432 -782 -672 28 -800 -5 478 147 -113 1212 -177 873 -301 -708 905 18 700 380 -216 -872 401 -423 1050 -668 218 -545 -1008 -96 366 512 417 811 -167 497 404 -3 90 -144 362 -4 892 -233 -311 -275 -147 -690 -199 87 542 33 439 174 -924 826 -414 -869 -188 471 119 315 -514 119 -546 -466 192 459 -69 -408 -102 -153 -1670 -625 20 1139 -488 385 808 -627 95 -864 -443 -348 -290 -836 333 97 86 257 -633 -1000 820 -402 297 334 247 -102 809 -55 618 -47 -229 283 -862 -224 -136 -314 -225 -474 -172 -183 1118 20 -705 1049 731 -255 
486 760 585 -308 544 -150 -838 -438 -439 359 550 750 792 -719 604 -639 398 -420 -291 152 338 210 548 1277 57 -220 46 31 488 -470 701 -251 -222 185 110 -12 -389 457 -1329 75 264 -320 -336 -283 -545 -355 47 371 729 -622 -698 -698 -188 -1319 231 59 659 -779 -105 585 223 216 -213 71 -138 641 -188 -515 -75 588 399 98 414 390 -888 -1036 86 -881 -734 110 -149 349 -571 -359 -394 -507 386 -464 -66 -527 513 138 -632 -391 6 25 -290 -630 -671 -194 430 -561 497 178 189 -436 101 269 68 -46 1306 159 845 228 -250 -444 -18 157 392 563 -797 -562 9 -18 59 1525 -626 445 405 472 -536 18 -376 252 894 -685 -801 -147 -102 -120 500 -619 601 443 477 -259 24 699 623 251 8 -749 642 -291 -1120 802 -56 345 471 -508 -289 984 -480 -171 -213 608 110 -1261 -235 491 156 -97 -747 918 97 313 -127 30 586 261 399 -168 -333 192 110 462 -482 400 42 262 -56 976 -568 4 -593 -221 -207 679 -451 390 
-477 -619 71 -589 45 319 382 -308 157 -732 -813 -220 -280 -929 1705 116 163 -367 148 -557 -258 111 -59 639 445 225 110 291 727 -464 267 -117 948 -203 -224 249 -217 -477 -114 582 -256 65 9 -69 -845 101 459 764 -430 -77 266 -258 85 -384 -102 -385 151 155 304 -329 977 389 28 261 251 108 -718 376 -352 -16 128 -450 692 -670 572 354 -143 -118 -462 206 510 323 169 617 -632 362 -74 -97 31 -364 68 673 347 284 287 -267 140 -146 -611 -777 74 355 397 -438 568 -765 744 231 -27 1349 460 -164 162 -525 -356 -376 491 -424 -447 -224 307 286 832 -162 86 -724 1146 184 491 -143 -523 566 457 -293 329 -1142 -483 -293 1218 1452 48 74 -460 -165 -171 93 129 -902 -157 -71 -296 -683 54 529 498 -841 1144 244 251 -486 -355 -15 466 -273 -1115 33 -315 -623 282 -448 177 759 -244 283 -261 36 701 260 -444 -639 645 -742 -102 292 -653 14 -910 499 49 202 497 405 -423 -318 -855 642 -117 -57 232 -239 
551 -1473 -234 256 -519 43 -543 99 -172 -16 -168 -1376 -1150 83 -19 216 729 -222 -220 1191 -383 287 506 -1033 544 180 -720 249 -288 -117 -970 464 540 340 -269 -178 -145 -185 850 -325 -309 554 -415 -32 655 -889 -185 30 -334 424 -318 1072 444 716 357 285 -340 1090 930 -88 -497 -665 -761 224 555 161 -5 20 -777 307 -297 -547 -84 338 -686 144 -153 1216 965 -262 -636 -19 144 481 859 -11 -155 -248 -405 937 203 378 -77 -432 -605 -426 -97 -542 307 -124 453 594 -740 76 -242 -135 -38 -580 5 346 24 358 -886 -302 -1160 -201 -299 345 -497 -444 -477 294 657 163 -1068 -2 786 610 202 -674 -141 -1846 108 -131 -136 483 541 -310 50 -210 -793 -640 528 -37 -175 172 80 -36 418 -168 -108 -1132 590 -56 -670 -665 -1451 416 -1033 171 133 261 -154 440 100 -894 -402 457 841 -745 -299 268 -372 -568 359 -661 -128 377 -358 -79 -244 910 -34 -204 -92 -84 -382 56 93 -309 151 -220 -556 332 247 81 140 335 366 -727 
432 93 -437 -185 -409 719 -299 -1057 644 163 -14 -262 -271 362 -528 349 -613 -777 -372 -203 -43 -550 89 336 39 644 -204 828 -129 818 59 675 695 -734 -412 377 -596 -12 213 -391 8 144 57 405 -858 244 -216 259 -208 156 98 242 657 459 100 -118 749 -691 400 459 553 -74 -303 -319 -17 1000 206 396 557 394 -186 266 914 -290 -788 -674 -485 394 507 -914 -570 498 -738 -153 532 682 348 -509 -112 575 611 -79 -169 -394 323 58 -23 -227 -905 427 736 402 -310 -573 -143 -124 -905 285 -542 309 139 -306 -629 -45 -79 -1 622 700 831 548 -286 -78 -742 188 204 369 774 279 -117 -1013 337 -14 694 312 -70 -613 -114 1016 -898 1240 -924 -443 74 913 -302 846 -1374 415 -252 117 -111 798 -456 743 312 84 178 350 -857 693 449 -214 109 914 813 68 -44 228 -351 -181 281 320 -462 -562 1089 -210 59 -1112 963 -331 235 -116 265 -106 -735 -246 -244 218 -649 -412 228 54 417 -367 -719 210 390 -55 -666 348 
-715 217 -906 -211 73 424 -188 427 -156 -342 -8 910 -134 492 -455 -1351 -220 433 -573 -430 941 833 -46 665 218 970 -277 134 -117 -257 66 -814 -162 -215 42 204 743 350 -58 -697 180 526 -107 99 -311 -476 141 -33 -871 -320 -97 -727 -502 -468 409 69 -1313 103 -211 749 -10 -60 131 416 -154 -174 63 465 91 -239 693 1029 -409 -794 -151 -131 660 -473 -796 -950 -327 386 776 -417 -220 -510 824 835 55 281 -50 827 -216 -197 74 -545 969 185 998 335 -108 41 -164 226 -11 248 1013 245 98 -764 -599 -859 628 123 558 339 -771 683 -50 59 -24 891 424 417 966 248 -272 -528 -384 -369 765 -29 -237 283 -397 884 -147 77 -945 410 -366 -190 -272 -577 -1398 -1619 190 -339 82 593 4 261 -455 -35 -820 -367 -42 -158 158 340 101 -1049 1055 413 17 -170 -219 -54 177 50 -287 -249 656 -820 1184 -142 177 397 717 1083 -28 1158 999 758 414 610 662 -52 -499 466 -57 594 80 -319 86 250 -517 146 -354 750 
-1074 -496 -558 812 89 -432 274 -59 -1097 29 -301 -132 692 -861 207 -62 -945 -921 -351 28 -215 24 -838 -490 548 -843 -364 -73 188 -964 229 -120 -601 -291 68 509 369 787 -848 -131 542 -392 308 429 -114 -1355 -255 285 672 470 711 -85 -97 289 -431 30 505 469 33 -525 -714 429 317 548 -1110 515 468 301 -248 126 347 1057 185 -499 489 279 -472 293 759 -835 -563 679 365 -80 0 -24 -162 206 513 -582 -533 -203 -132 216 -509 -498 77 807 865 266 -281 117 -775 766 966 7 -415 -348 115 133 -286 -171 -218 351 -1712 -798 -427 -689 455 -560 -106 -30 0 -1111 -913 682 -260 227 -365 234 -54 217 161 503 350 -1059 285 -70 495 350 -789 -417 343 -37 -301 -428 115 -62 -287 -339 -340 324 539 -1023 -738 -599 482 -479 246 -463 226 330 340 68 289 621 80 -309 -738 -326 773 -603 -1038 -416 236 188 508 -645 34 -632 194 -1114 -1472 -313 582 -118 181 1481 -99 504 203 166 798 703 -2 -419 -780 610 -256 -408 
-329 -626 -27 526 -205 -21 88 -548 -528 -332 273 169 1378 243 -570 149 775 -214 873 -672 -471 -197 -104 -309 280 339 -315 422 467 -159 579 66 52 -70 -389 -953 -383 -559 548 402 491 -464 -65 -149 16 -185 83 -721 487 -100 -38 244 -42 540 83 -68 -550 -142 -157 -835 -403 241 37 -145 -905 150 -196 696 -121 467 -119 219 -267 -173 -588 -394 -1094 331 447 620 -198 -96 -222 -151 -289 -669 -340 -444 246 298 141 -1098 -743 -109 -188 22 -123 19 396 910 389 -496 -280 517 161 -445 -435 -685 1211 446 352 -375 210 138 49 257 755 -646 143 -36 679 -56 269 -498 289 73 -382 389 -940 -492 -196 -191 -156 847 327 -158 -343 -411 -681 -1048 174 -316 155 -718 -96 -138 569 381 228 85 339 119 244 181 -530 241 -149 121 771 -353 -530 -556 -57 13 -553 577 -170 -352 1072 229 155 -565 -902 4 700 -597 30 -176 748 152 -78 -269 -990 829 252 205 132 414 128 168 -659 -382 -848 457 -8 1082 -1114 834 536 -74 
-143 -152 106 19 -1171 607 -51 -1265 70 -226 -15 -739 285 500 -516 -364 572 603 -254 -480 -753 253 571 -560 981 -444 137 -62 -227 -158 1060 -93 -389 -985 -836 145 -143 -164 89 -284 13 -492 127 -577 -693 -161 -828 -286 -285 -348 -485 -360 423 43 4 -25 538 500 -525 456 976 1070 267 220 -611 -187 186 1012 623 -482 -947 -76 -1270 -79 -820 -59 -443 -825 122 -903 -422 459 1011 -34 -58 -375 950 516 -160 -29 114 67 -470 -134 -219 -407 758 549 150 661 284 415 56 1220 1037 -554 -27 309 435 281 889 -603 233 -890 -188 121 -233 -460 -111 515 -57 1274 -63 -417 -452 -154 737 5 56 -376 1018 376 -1 327 -445 2 -969 601 215 54 -257 -630 297 371 -624 329 -180 -86 -870 -600 -189 763 -279 -815 1514 1265 -323 -560 -325 143 444 -1075 -389 -325 -128 -678 1312 405 134 142 -162 785 287 -338 232 -264 756 808 244 336 125 280 -684 -19 84 -202 527 -172 -725 238 235 -771 -323 254 284 659 333 404 -757 -500 
-372 829 16 379 -570 -226 -434 214 389 -35 -899 -797 -532 223 -225 197 31 -167 -58 108 449 257 250 556 -426 377 -488 663 -271 545 -698 703 1059 137 -380 -321 -270 -200 712 -300 165 503 -187 128 -115 271 -518 149 -582 174 220 94 -32 285 1007 365 760 530 -312 545 -693 -695 -454 -976 -193 88 135 442 -63 -1144 -470 -73 -83 -313 1184 -1336 455 43 -143 242 -160 -598 -136 -219 178 893 1077 -114 79 -110 -217 178 82 -94 52 -140 171 -113 215 -105 207 1014 67 -569 122 563 -16 340 101 704 -895 -326 21 -587 -265 648 -92 192 243 -668 -104 -1090 595 1116 -409 161 958 1406 -117 -1001 251 794 1054 -1017 -437 -396 537 922 -400 1157 -767 125 112 -728 -317 315 -690 -343 -514 354 -379 -94 -323 -356 -291 635 -930 -58 -1531 880 81 -673 756 -1064 213 361 -461 -400 34 -480 -959 579 -285 436 627 1219 -256 857 240 302 89 699 176 756 187 911 -10 727 -659 132 -235 -168 -8 318 242 295 1320 -315 -9 -393 
703 373 -448 -247 372 148 8 -264 -1008 620 -792 1060 -701 366 -757 395 155 140 54 186 -53 -86 -338 -480 876 215 -664 -227 140 -713 -277 -78 1178 -451 -558 -151 152 184 -377 563 -449 -399 -402 -236 250 128 -868 269 18 -34 -323 1071 -639 -792 113 117 -150 -934 -269 -228 -479 494 -575 -123 -81 -737 -832 -1286 -678 345 -419 454 -256 -881 -557 91 316 28 -94 -117 -483 332 -248 -195 -51 -317 862 -759 -181 227 16 43 611 -63 9 1 -200 -625 -274 -160 -408 -541 -6 -741 387 42 -87 -601 -131 -9 -266 568 205 947 765 943 -254 -914 711 -211 -336 -249 433 516 485 -263 -485 692 523 -192 694 -199 423 828 449 -107 -255 -752 -184 -386 31 394 -343 562 -343 398 872 -142 -131 -1151 271 -825 -244 -167 1049 23 -592 -656 -316 -888 -260 -661 116 26 182 -1915 766 -431 -491 343 643 -62 366 335 -536 61 89 -153 83 -376 -286 445 586 -337 87 1232 616 481 251 -208 -853 755 353 -483 95 -551 236 799 -364 338 
-112 434 -3 -339 -154 -179 -137 93 531 269 291 109 -836 -217 77 -400 -301 -211 -236 856 -73 -486 -1072 -203 -155 164 -668 -390 -239 373 285 827 -296 -303 963 39 1847 211 413 189 -61 843 48 -225 105 -174 308 467 -113 1173 752 902 711 652 574 148 -11 -188 -483 105 215 -800 -98 61 703 968 411 -155 -604 -171 -559 11 1148 421 92 -72 -114 673 -424 -781 -171 -104 -70 -1221 333 -427 -369 -922 -210 732 -148 384 982 -549 633 -375 1280 -335 772 -1391 -515 887 -462 692 690 433 -104 -113 136 -285 -190 -178 -55 -237 -223 -236 -887 921 -503 281 415 301 174 -272 -199 -1055 42 495 -196 -1436 -315 -600 854 -638 -434 217 -154 -111 195 166 -1325 195 -349 143 -479 -144 -219 147 209 -191 959 -332 -527 933 -547 -7 -358 -297 6 484 -388 -130 -71 -204 172 -757 -901 -230 -340 -812 -91 368 -569 -409 -1251 167 -709 160 759 -222 479 279 451 -414 -494 101 381 -344 -370 20 10 -401 160 164 166 -1388 -775 -880 -835 17 
49 -220 50 76 -323 -596 498 -393 -392 -157 -183 -228 -560 -292 603 -434 770 1057 -93 -505 245 138 382 -485 410 393 -1 83 556 -795 628 -1127 -562 -336 -288 -142 -233 678 -165 -228 -336 -671 -538 417 -801 -284 -36 -113 -41 -63 -462 334 -301 -30 481 27 -460 -107 397 -168 -236 -1069 107 117 1410 -80 -820 -332 -464 121 259 -255 148 -833 -712 -458 441 -109 -874 140 125 602 -8 -181 -90 -92 541 -1054 -376 -5 -417 -113 225 -305 -151 -22 706 -87 223 -1339 461 417 30 -82 589 118 171 548 513 -212 713 -311 -978 -837 107 31 -753 530 181 177 155 85 -412 -435 -484 381 358 92 386 -174 19 -148 644 294 -182 641 -303 688 554 657 -521 42 477 -144 -29 668 657 -748 153 712 -80 -761 -328 -80 -1082 5 -454 138 49 -162 341 -310 358 -436 -388 -303 -510 -691 500 4 326 90 988 -227 -424 -382 127 382 -555 650 518 1104 -196 -337 472 257 -446 -817 334 355 -230 166 -749 -577 -624 -107 -726 -352 293 868 
535 345 937 51 215 -610 908 -167 444 16 -274 255 623 322 -58 -582 1312 945 63 197 494 101 -62 243 -230 -702 1319 359 563 -1004 114 -273 540 246 1114 19 -197 712 459 -370 373 573 -691 -219 211 303 -664 284 200 201 -441 -445 255 566 -626 -295 -161 -184 -200 -474 -305 86 731 -577 553 123 -714 281 -447 992 -528 195 -614 109 483 -465 -138 -187 472 -90 673 -429 -300 -579 885 -490 -1034 -284 -262 -844 -966 -165 -543 -256 -424 401 -579 -288 468 -166 -162 83 669 270 670 154 -2 -698 -264 -1233 1332 -1 -226 -821 -100 630 183 203 1434 -642 -204 -29 459 331 841 370 423 606 -279 -365 -367 292 238 -88 -102 449 141 -739 -607 102 451 592 1504 -773 -281 -1497 -53 -1278 -330 -363 576 -736 -463 -33 -42 713 600 30 -1913 1024 677 625 745 513 712 553 -124 -504 -485 -220 278 611 -286 -660 -614 -1316 -278 180 485 1027 -217 -161 779 627 -316 -662 108 1066 1044 610 404 -44 -563 664 -259 647 -841 860 57 -299 
-977 560 628 -200 803 -488 59 -500 -425 246 114 132 43 -845 -672 589 603 445 -241 -270 447 676 535 -416 -697 -171 221 630 -618 -1092 -215 -296 -131 228 86 317 -21 202 151 -131 102 126 -215 247 -744 -614 493 -826 59 328 -170 -281 364 -735 520 771 481 158 -231 658 272 483 -872 -107 -419 -174 -993 -82 -671 1230 -1 -445 35 -396 -304 148 161 165 90 -344 186 -514 -471 686 -505 -599 273 -403 847 173 438 27 -239 131 -320 -202 56 -1283 -568 -234 -502 -838 962 -140 255 -338 570 77 -25 870 391 295 766 1323 -232 -543 778 -840 4 -90 -192 -490 514 -576 400 -300 -375 893 203 -739 -83 281 315 334 -51 -495 758 544 1315 -398 -889 -513 -322 458 148 1373 -502 911 -366 1239 5 -911 -20 -721 -325 315 889 380 -1198 -454 1048 -9 105 1164 -698 -319 -690 -259 667 1004 167 246 -731 32 18 -601 495 12 -377 -532 -782 636 -850 637 754 345 -420 -755 426 335 -324 219 -327 470 197 144 504 -52 73 24 
922 449 -1053 -395 -327 287 -411 -41 -160 -133 537 -786 749 -422 337 -242 20 -329 112 -534 -567 -29 78 -389 -172 -131 -762 -362 -215 348 -885 766 -875 -81 1 51 -749 -99 575 -931 89 -250 273 318 -827 620 -180 79 457 -78 604 135 1128 -628 88 -208 510 -364 318 -45 711 592 48 914 595 487 197 -942 21 -137 -20 62 588 218 581 -1198 104 734 -786 535 -227 767 -141 -331 586 105 -544 239 -621 255 -47 1314 885 412 52 -279 823 -364 -231 -189 -857 488 167 56 726 1160 426 865 -542 -940 503 -230 655 309 -435 -735 522 911 -426 -161 30 -461 -829 -792 -209 -2 1160 -228 61 680 -200 -680 -53 772 -137 -669 -118 580 -847 546 -189 -36 -74 116 300 986 -601 -637 -686 -738 -315 -468 243 1084 92 1378 647 74 827 275 544 -180 -279 -100 -755 -48 -467 -172 -222 526 -681 3 453 -111 318 -570 37 420 -171 315 373 274 -879 532 -125 -272 439 -910 1083 342 169 539 -612 68 -665 -243 355 20 237 -8 
228 299 725 -1276 -334 -200 -873 -107 -541 -778 235 261 996 169 359 -352 -171 604 339 -83 -353 -119 123 -477 -924 -476 -172 548 -394 595 91 383 -428 147 -271 -418 -908 -406 95 -593 1257 410 -49 -244 -735 -104 806 -234 -946 -337 21 -792 -360 657 689 79 94 -640 1004 172 -652 159 -115 -360 -563 -36 -219 16 -294 -201 -624 722 192 217 -525 552 323 -247 207 289 156 160 777 -860 -362 382 -1001 177 201 -619 1001 376 -674 -824 -81 290 -310 -284 -647 449 354 -157 1119 -754 -882 21 -188 -436 -435 -978 -270 -598 -630 575 -440 -1227 102 -7 772 252 -540 40 -269 395 51 706 346 278 -559 -138 -456 -261 -87 181 173 460 -1066 23 -367 -735 743 -987 468 -1470 -935 236 -115 -104 76 -262 -671 520 -104 133 -426 -399 -199 1287 -238 1272 198 -617 -112 1043 919 -574 -736 -1042 278 -945 -566 129 475 -755 115 648 165 -408 -125 548 780 480 345 139 456 -513 -429 -488 973 108 628 -350 418 -489 -341 94 -454 237 -901 44 
-177 323 -544 216 -1 -16 -200 -33 -365 -792 -922 443 359 -1265 -179 -55 1153 140 -471 537 -262 -119 -830 72 337 -233 -218 477 136 -214 250 -141 508 -678 -1259 117 -227 -52 1323 679 385 187 -76 -103 -647 -601 -98 -280 191 669 -439 98 -1234 -178 -1111 308 523 -151 383 59 -66 797 256 -360 -895 480 -579 137 -301 -377 -53 -661 -410 34 198 -19 -98 490 624 234 93 513 414 613 -665 245 -114 -36 28 -503 -519 673 1208 -470 165 11 -108 15 -241 630 -76 -661 701 198 -56 -627 -404 352 -359 -384 87 799 153 -106 87 -629 -191 181 197 -711 -19 233 -155 -69 421 45 -370 99 -343 433 -205 -440 -931 -95 -20 -439 -700 -233 686 240 -218 407 -662 340 -88 -342 272 -325 -523 -554 -449 -280 -321 -718 879 510 -146 264 202 294 -499 170 -10 925 207 -378 532 -482 57 -13 404 249 223 618 -83 242 -210 332 -3 -165 -552 83 129 772 1007 198 -331 435 123 608 274 72 98 138 -617 -819 96 -650 -259 -124 
-822 -470 -503 1005 1094 -67 303 -506 243 -452 211 -608 361 -196 357 248 95 384 -323 -203 -239 -1381 -82 -830 181 -464 398 610 152 -975 478 -757 -206 617 402 -28 1058 80 230 -307 -578 -106 113 5 -322 -324 514 -97 162 308 500 -318 -588 267 -219 860 -401 608 -895 227 -117 306 585 -134 439 684 -987 149 -230 14 -632 -526 157 -240 142 -693 148 -452 410 -546 -95 -402 -536 -659 -300 532 -812 76 -232 82 -146 -129 -143 1276 514 -238 -658 110 87 1063 -328 55 -531 531 -367 -132 -1021 -483 -351 427 -210 604 746 -781 -199 507 -613 508 641 -701 186 -677 53 -250 519 408 330 -942 342 -178 -748 -48 -383 79 223 -624 -110 -843 826 690 44 415 -59 100 529 438 1087 406 701 413 408 139 -116 -174 186 1269 512 -80 109 -239 -7 -235 -380 -853 17 287 507 -513 108 -256 294 117 40 889 221 -205 -197 86 549 531 67 197 -185 -226 -123 158 -335 523 140 684 599 1116 357 950 536 -792 -670 41 -1037 -708 
-71 587 582 -257 433 351 78 446 73 183 715 -849 -890 27 -193 -3 -209 -202 -1152 -108 -315 -366 195 652 441 130 466 415 240 229 -744 1282 -385 -80 -732 258 633 648 -1 624 -837 647 -365 -194 -377 -475 -517 -542 7 -885 -19 -470 609 -1088 -452 971 -42 -809 -296 8 556 -622 576 835 -397 -49 -769 422 -350 270 400 -1059 128 1023 488 312 688 585 161 111 -440 -55 535 862 259 289 594 764 -94 -168 398 300 904 491 -286 -413 -214 410 588 -311 96 278 -244 -624 1089 249 299 481 -934 179 -331 -481 371 228 -303 -299 69 386 -532 -487 302 317 201 -82 273 4 429 -735 116 -444 -1178 -22 -163 -818 469 338 -263 723 -155 171 -402 1144 260 482 576 357 -247 -341 -874 -604 -303 244 181 -679 -301 884 59 -548 -217 -265 -213 -322 -157 248 -666 720 146 -121 -452 537 15 71 290 410 -456 625 -456 560 -959 287 58 -178 476 -24 201 87 -274 397 282 -685 671 545 6 -284 -823 -982 354 -929 -1088 -432 
242 -253 281 -815 914 -20 -135 -849 -221 122 -160 419 -82 677 594 121 -116 476 243 -300 -749 488 384 133 723 -475 -375 189 474 -313 160 -372 666 673 -272 187 543 -157 59 -208 -474 25 564 924 -569 -282 352 -689 -636 998 -112 -676 -309 -198 109 -325 -347 -102 -720 -437 -27 -124 771 -68 -290 501 -56 328 852 39 588 710 587 -424 -334 -615 -303 -661 292 344 -202 228 -266 705 -149 -205 -830 -337 1235 -49 430 80 656 -122 1067 -125 707 324 -134 209 142 766 -87 -285 120 -593 -575 188 553 -400 -471 -226 293 -32 140 840 62 402 -393 -327 -921 911 526 -311 1467 -185 -596 -29 -112 59 880 62 -284 884 -282 -85 -251 -357 762 -205 -307 343 -308 883 -608 -218 3 645 270 -643 -354 -400 237 -996 1157 182 -967 -665 158 -105 -764 495 -300 -1161 -466 -696 -54 -167 -131 140 -347 0 -190 -125 -416 802 42 295 161 1273 -248 364 -233 -362 251 923 162 -673 -614 112 644 331 175 -417 -1108 -82 228 161 -86 289 
151 -1097 174 377 473 57 -374 31 -98 904 321 -854 -223 -634 635 229 -683 -599 263 1276 94 53 269 490 -55 -323 -211 548 25 -1211 -565 -195 424 183 451 -13 68 -841 1361 758 -71 17 -283 477 -137 -318 327 140 705 917 -600 -6 -117 68 -174 -553 577 605 555 -277 499 -198 216 -467 229 -271 -54 -597 321 178 279 721 827 -43 870 -505 -485 -179 37 -242 339 -528 -780 785 667 433 407 -669 466 502 215 217 -482 243 -329 -964 -492 -813 -617 103 570 720 -292 229 304 -970 -16 940 583 897 298 153 290 -158 -871 -88 -63 -294 -104 1023 -827 -194 542 114 -148 -178 -688 369 230 395 -290 -425 601 -343 61 -472 -127 -595 672 -140 -44 558 101 261 -171 196 -327 -306 -586 -13 -386 -774 382 52 -653 -401 -47 22 541 -403 -271 1662 727 -842 -380 366 -797 -817 -693 576 706 719 -1331 651 54 134 266 -883 1083 -202 531 -599 -306 482 178 -288 -1093 320 11 -244 81 638 -386 -251 -49 337 62 10 -375 -455 
-624 96 94 292 575 582 291 574 -785 -213 507 28 -556 -660 -115 128 -269 -402 378 -1010 265 376 -935 -271 -613 990 -792 64 411 248 -546 -142 -209 -450 -75 -1181 -106 141 73 363 -381 1008 291 47 -694 202 -20 28 -1050 -18 -678 349 -265 -529 935 302 86 -419 -163 568 -224 49 -231 -223 -9 292 -115 -96 -419 -927 49 787 -121 -404 783 1220 90 563 -121 367 566 -239 -53 595 233 534 637 6 270 246 -312 -219 836 -75 -296 -780 290 -358 2 310 41 101 601 -290 -56 -188 -110 322 -343 596 7 53 981 -288 665 -156 172 20 -14 -469 -166 -1264 -248 -257 -426 -216 -168 932 778 -606 -410 319 -99 -217 286 -623 772 -167 31 483 -554 3 1018 -162 -390 -775 152 -54 277 826 323 335 779 -495 -51 294 156 -151 -441 170 -1079 486 -466 414 -366 -313 -409 240 -86 805 -729 -180 -328 707 635 271 -759 188 287 -585 -79 255 -117 796 37 -743 528 593 -1635 -833 603 -428 953 -499 515 816 550 29 -73 614 
-1027 697 -36 -126 302 -689 -291 377 -274 82 -823 835 -618 -855 -156 613 217 -456 -82 -503 -47 -580 -501 329 673 963 -634 707 -682 636 -526 607 -678 -245 29 -233 -384 151 -32 25 -1007 724 268 -230 -363 320 -233 832 160 5 -210 570 -116 688 -386 1590 -741 -478 -1678 -84 -645 574 -39 50 1233 -452 -638 397 -564 -890 515 -308 300 124 186 679 889 621 -339 38 563 38 -577 -232 -643 83 -199 -133 348 573 -18 -400 -101 98 106 -210 -86 157 661 -409 152 -895 477 -724 181 -476 -78 -1282 -451 282 117 -109 -441 174 357 251 -465 -461 469 -212 -425 -611 -247 518 654 -435 508 -130 407 -1155 482 -33 -207 1367 234 -55 439 -977 -17 -348 -4 1061 -1198 923 -134 200 154 472 -121 215 -170 64 -539 -419 433 -428 187 -653 -546 27 -576 -225 -490 -271 383 -76 269 -358 467 163 1308 -801 1041 393 -654 -559 115 -187 -880 -872 -134 517 1478 -297 425 356 -1388 -327 95 143 382 904 -91 -397 -496 -866 306 -204 82 -495 
633 25 -134 -748 -421 -249 564 451 303 3 228 3 487 117 228 -253 -253 288 197 84 874 696 -5 205 -1394 -28 -130 655 71 -445 1470 162 851 -158 26 -46 1223 320 -301 1667 774 192 -768 306 274 734 -536 170 -166 177 214 269 30 -230 -1011 309 -800 292 416 -944 -232 -329 -728 -636 29 -495 -410 -702 143 96 701 415 -258 330 326 -1157 533 -127 -244 976 406 -592 201 -252 -539 -464 -640 -864 37 371 -671 -750 201 -408 1158 -41 203 -571 697 -76 -448 1150 -1357 399 -422 16 526 441 91 1004 301 -902 345 -221 -393 -594 559 1068 -72 -461 72 694 -472 -506 434 -739 888 -102 -975 -482 -31 -612 -157 303 -768 224 -50 -165 242 222 -782 -171 536 -789 -368 -455 -448 296 51 305 344 1035 -173 1381 -64 335 -51 116 719 22 -598 -377 -34 -735 449 -679 -881 -1309 276 -944 -592 -782 -613 -1006 -533 416 -815 -9 -234 611 287 648 577 643 -567 -61 755 -401 -491 -2 -1066 -184 -403 256 845 -179 -9 -796 251 22 
75 541 -257 -626 622 -1038 272 -898 -4 1027 432 -231 105 345 -552 -60 -68 68 -273 -851 -532 349 493 -23 211 393 278 -763 476 657 -254 937 -167 -55 -690 235 -191 169 194 -666 -185 -349 1028 515 383 -342 362 -495 96 164 1035 -212 -129 -507 828 545 -1138 -23 161 1155 -133 498 -502 -341 -703 -192 -124 -274 -1032 38 323 -5 -596 60 571 -176 784 316 -507 333 1038 321 -546 8 -687 350 -17 -387 -217 251 1040 -969 -97 -800 -357 1037 224 -486 -61 -241 1019 68 -914 127 323 341 958 215 966 142 1 -421 -338 -264 546 -65 -131 1298 310 -214 -995 -605 167 708 -814 312 57 -352 399 -263 10 -653 -603 535 907 -143 31 566 77 -374 -72 -1144 111 -516 -258 -721 129 356 -157 993 -799 -680 -63 -347 -574 129 888 407 -65 705 -3 -575 -502 -665 -880 407 -117 -662 649 -511 -234 -1235 102 -605 294 -450 360 -602 -1625 -1021 -463 401 250 498 330 838 -327 473 -285 1238 -249 -397 -394 -315 605 25 722 198 357 -581 
259 -236 -5 540 142 113 40 -475 1176 536 -598 930 -441 441 187 -171 -676 6 -816 335 571 -90 -776 -331 -237 869 -279 -165 -647 -329 56 -787 136 -238 425 435 128 -259 -151 1341 156 636 -267 80 248 543 218 -593 -120 891 767 -462 820 360 -167 424 -247 -572 -485 -966 648 -51 -587 120 -58 -504 -813 583 -429 663 67 72 272 905 -177 -458 318 -535 634 804 53 -1077 -137 763 30 522 -763 -217 -911 379 -399 -83 -181 1052 -243 175 369 331 137 -465 -908 523 406 -961 -466 134 540 -482 -110 248 -570 -121 -207 698 432 -383 199 -436 35 802 874 -512 261 569 191 -747 487 119 -357 -745 -706 110 219 108 -379 -293 -164 -165 65 68 486 342 -39 -344 130 150 989 134 78 498 206 371 217 601 111 -28 0 -547 -606 -116 -289 -247 378 -681 174 555 194 -759 -56 -113 -182 143 338 400 -395 130 -749 968 338 -28 651 433 674 -277 -812 -174 521 372 534 18 -617 -242 67 -271 119 364 -777 -984 484 -60 
-378 -337 275 71 -23 -809 -235 -46 294 -590 363 -596 19 -231 315 -204 630 474 15 249 -454 -569 674 139 -127 -886 226 659 -721 722 -569 1067 -557 -38 899 -152 -208 435 141 179 591 -333 -102 335 -850 -295 328 35 231 -742 991 -249 -131 878 -460 -141 -499 -1067 688 -676 569 -202 -645 259 510 174 -738 1222 -820 -280 -429 -51 1274 923 -897 162 -153 230 97 230 -198 826 205 -371 550 440 -1250 -74 489 -108 -856 -288 -53 -738 -479 236 -165 -762 -613 -188 -150 463 278 51 161 -808 -195 34 -337 -83 430 -383 -31 141 259 -166 -81 573 374 -599 -76 -415 -4 -988 816 -231 -120 360 -123 507 -451 -11 386 -491 322 -490 294 181 -239 177 -750 -93 1040 13 -515 -77 -605 -295 249 344 -453 -366 -594 -1234 -476 131 530 399 -272 138 -143 182 -361 887 609 414 -82 -1031 948 -1052 73 -1065 -127 -1351 -49 -44 -423 208 -2 515 297 193 -66 26 -349 74 -53 231 -212 -136 -100 63 699 28 -145 -340 871 469 -1284 156 
-660 365 604 -390 5 -381 -115 938 182 -1228 511 400 -107 161 -426 -121 -515 -207 -16 -345 809 52 -1153 693 257 112 1167 -159 -456 -869 -30 141 -853 -130 970 254 696 175 -501 21 209 145 -940 815 38 -736 -449 -135 373 92 -345 556 -71 -575 -755 174 -131 -516 448 696 -457 -230 -1277 642 1112 121 -834 111 92 -1241 -53 443 -796 243 854 99 137 132 -884 690 692 -698 135 -740 -392 879 -266 -295 518 602 -406 627 348 -255 -61 -580 -513 42 624 773 -657 -311 -180 339 -2 -1177 -294 362 -59 591 -88 469 469 69 209 305 394 -324 166 -669 280 104 111 -736 215 -341 34 -289 -342 602 -638 850 -330 -476 -309 322 156 922 -941 -482 -208 225 -440 -393 -549 15 -638 384 -21 510 -147 -1111 175 22 127 468 438 -179 71 752 -23 -57 58 520 -1037 430 -35 399 1038 -871 593 -223 46 -783 128 -392 421 -321 739 -945 468 278 -822 -410 -793 -123 -369 -639 355 52 -370 -125 256 989 130 -461 -627 189 -749 -736 
96 603 2 208 336 5 73 -669 -66 855 -1203 159 -773 26 329 865 41 -176 -197 -732 -870 516 222 66 -151 286 -80 427 342 111 -806 490 607 -1336 -96 -89 -77 554 -756 -636 14 -420 1101 1299 252 -62 338 11 -121 -233 -26 -174 -76 -181 850 655 -211 163 -695 174 -798 562 -479 -253 40 103 254 977 -608 -96 -180 -3 354 -366 521 230 -231 -785 167 -505 467 -309 -297 -387 -315 -781 -48 479 -16 -521 -268 617 330 508 776 382 603 531 -533 -108 170 591 359 -473 50 -41 -361 -300 -612 -94 -202 1138 325 -173 -800 123 403 -484 187 -679 386 187 495 767 598 672 -43 -76 297 -256 784 -162 970 466 -36 -75 276 53 -622 -397 -298 434 1108 75 604 -437 -332 281 836 983 -891 -248 -477 -528 323 108 -216 -4 -1354 -78 -119 -670 361 -1030 -399 -92 511 593 -24 391 561 -620 -43 602 289 149 124 941 545 -210 350 -10 -537 -567 -709 194 499 215 -1157 699 -132 -532 -12 150 346 -4 -99 -172 -274 557 
-216 249 -379 -44 308 140 -253 -21 -105 -122 117 -369 556 -455 334 -536 393 116 505 -970 -199 585 -699 952 -371 805 115 -21 -312 236 -681 340 -687 -269 -770 -892 601 688 -406 940 -63 819 -427 103 310 -62 128 -246 -156 -375 -168 314 -311 354 -368 391 -741 -903 620 110 120 -259 113 -539 513 -170 -321 122 718 137 215 -71 -40 495 -502 -65 309 583 -295 1016 48 -93 -306 -165 74 -1336 285 -432 -969 582 -538 307 -404 -851 823 197 1057 -621 824 567 -405 -146 -46 130 568 -113 702 -110 125 709 1680 -846 -153 162 289 -215 136 659 -106 -55 358 -205 -342 -451 360 378 -149 244 -388 -129 -746 -201 -1013 -1275 -523 82 -772 812 -739 -268 -1246 1284 230 -29 -267 -157 -791 -560 1094 -135 531 475 795 -406 117 -440 -757 -763 -111 -572 114 -325 -644 -922 78 -1132 162 -1606 74 -243 309 978 -219 47 846 -190 -126 228 -1188 455 335 -210 -232 1057 -689 -458 237 -71 115 422 -145 -473 -176 -56 301 111 130 -137 252 -422 
16 552 -444 -11 -790 531 284 360 1184 -685 341 84 -256 196 540 688 148 543 959 -217 -27 732 -440 -349 -376 -1175 334 1068 -890 -287 -281 -433 479 1137 323 -14 120 -89 -49 866 -229 437 -1004 148 633 -33 182 -429 -83 -154 -554 -84 455 415 410 555 -272 407 567 561 -191 -272 -671 -163 -28 -202 -109 94 51 238 -73 861 -28 354 273 -707 770 -327 165 999 -282 985 -534 299 694 -232 -1289 331 -733 768 44 -1270 -516 -188 -670 253 220 -306 784 321 -553 539 -680 495 -1436 -474 -191 32 -303 -311 -373 82 588 -232 -62 851 348 216 557 -247 273 -1373 -58 591 -670 661 1135 -1022 -842 188 314 -1704 -300 -1084 14 113 -447 77 835 -311 -551 -596 128 -1152 98 957 -238 679 -326 -97 -292 -56 -119 356 -307 -392 -849 678 -759 -36 -38 -598 329 -165 571 -309 371 634 -487 -790 -973 -485 -508 836 -22 -177 -310 72 -980 -642 475 234 146 391 -1198 230 663 502 475 1449 -1189 253 900 724 288 -72 492 513 232 -570 
-197 442 -769 6 986 365 711 69 742 -279 -471 85 -1351 145 693 -33 -171 499 -193 159 702 -306 93 -414 -70 254 -169 370 255 591 72 792 65 -269 -460 988 1272 667 515 -231 158 -325 -215 109 341 55 -613 -392 -91 194 124 776 105 -102 337 136 -38 -1047 451 -993 519 221 -306 782 352 -368 244 78 -554 787 -36 -624 923 1012 -557 -51 -14 -434 98 38 -512 86 262 617 -35 107 -699 -507 391 766 -762 -383 919 -707 -106 -324 -251 -347 -34 238 -337 487 -423 295 -898 933 -896 -22 -273 -424 -1351 545 -17 41 416 557 -247 136 92 -646 78 -431 506 -414 60 -305 -158 138 -690 50 -489 -54 96 705 -342 -124 106 -625 240 441 -146 -167 376 1099 -598 437 -520 -36 -244 -1036 -201 656 -962 -703 -18 -53 -142 -978 479 -562 -188 264 217 502 -624 -7 -211 -46 617 -363 546 375 -84 -843 399 391 -523 16 -189 346 -620 463 628 -668 -72 -392 -352 39 557 560 -533 256 950 57 -567 -382 -25 -84 345 859 
-537 330 845 80 687 302 64 -300 282 444 17 -1055 376 204 -55 78 -171 -830 53 -380 -451 508 -534 600 796 444 309 161 1097 -727 807 -221 741 -301 -69 196 -300 -71 -344 -130 -514 -140 30 -631 1048 272 -35 -552 453 -299 280 112 -484 -612 406 539 568 801 -334 386 -416 56 251 -659 542 869 -853 -505 -781 353 -1189 418 -36 -4 -646 -158 -572 383 -45 -493 46 -241 382 -112 750 527 340 -626 -133 -228 -560 159 41 -596 -781 -18 -398 -798 489 44 374 -45 -92 -32 713 279 -561 -534 49 -550 -33 -1217 -475 287 136 72 252 -397 247 -38 -397 -502 162 158 789 492 225 -296 657 513 675 853 -158 618 97 121 -55 -31 449 -763 -448 -117 193 617 -842 -507 861 206 -449 147 243 540 512 -435 -209 366 100 -436 -131 -129 76 409 -4 1353 234 -17 444 1061 -66 900 451 110 -245 523 -546 -173 261 -425 919 717 363 -541 176 43 -26 -382 -12 -102 112 987 -519 -119 -110 115 -1166 567 -697 247 857 550 
722 -507 -136 -422 -1079 -1383 113 -51 1150 -710 -69 -29 -533 677 -406 390 -216 -712 -352 600 -78 489 463 759 755 -561 78 -209 373 857 -872 1163 -465 -1055 724 -192 163 -116 -724 232 624 504 565 -296 705 860 543 29 236 169 -107 -1095 131 -15 -177 14 85 -386 342 655 101 -236 -325 -148 -431 -10 695 338 1277 483 -68 157 462 254 -594 372 -172 -278 -82 731 -509 260 84 -706 -609 -409 45 -100 309 -903 -100 -220 175 299 259 -522 336 -33 -451 -279 -180 421 -449 497 53 162 102 883 340 3 604 -1177 -313 -470 -322 -284 -159 105 -308 463 798 -498 -80 83 -1697 175 -1352 -117 1122 498 509 687 467 -130 136 151 4 309 -748 293 115 -235 -248 1157 412 -392 -674 -543 -69 41 -959 744 -289 -620 -251 -257 -20 -377 379 -537 -578 -187 -632 -754 -27 -585 813 -1011 15 -875 336 -433 -27 -544 -635 381 -67 -1689 47 927 1032 -573 171 -33 -77 700 60 -271 -390 534 125 -784 56 -436 174 -535 269 -653 109 182 
-138 35 124 -692 232 557 168 -479 -115 64 -227 -198 78 23 -17 -216 55 -226 -71 47 -4 -230 -38 -124 -877 8 -592 203 -386 215 -265 17 -1357 52 -494 333 315 1371 -994 -549 -66 90 59 385 -12 -357 701 240 -242 -726 -11 -162 1079 23 -1557 -122 -1125 -803 -245 63 532 -19 -710 629 257 -205 453 354 346 640 -743 92 746 377 -1109 -37 -230 608 -426 -89 -212 -735 614 -566 996 -993 -1526 -595 -546 250 40 671 381 75 -458 1020 -176 -579 31 70 -402 -523 -842 -595 -230 467 -921 -679 -339 -546 -3 472 -241 853 87 -323 -1012 287 759 327 1280 -252 -348 -585 -154 573 -119 133 233 90 -352 704 410 -572 -214 651 169 790 -578 -352 -776 136 486 -781 45 871 -223 -790 247 -419 526 -92 -433 -371 -116 -376 392 -51 -230 239 279 -98 -171 503 748 34 384 -1016 -224 -218 -186 831 352 -374 249 46 -223 -44 525 635 30 -388 -127 -225 445 400 270 71 527 975 640 -925 -281 -335 -42 632 963 192 -281 123 
23 507 -230 1277 1326 643 847 173 -737 -345 247 761 -72 267 659 841 -125 -87 417 185 169 -245 269 -245 38 508 825 273 -217 -116 -887 460 181 -716 1203 -323 -80 294 -664 13 -1047 -1105 -71 254 -807 -695 -275 -251 506 -1014 -378 615 -834 -769 -735 64 -167 -162 246 -540 -8 -54 -297 -248 1053 31 573 496 683 389 -1464 988 -796 -296 175 -361 274 -382 340 -70 75 -976 -139 -363 246 552 -375 113 302 262 -743 713 624 656 511 -245 -522 154 -132 914 -312 404 556 268 240 -370 -79 -86 210 314 239 465 1011 166 -119 -16 -494 148 -299 -557 2 -412 -209 122 -338 -165 450 -52 339 1301 -503 259 1143 -513 -61 -289 708 344 -73 -394 304 -105 329 -35 -442 -37 -423 -529 -326 607 732 315 -866 111 -326 -174 582 -554 -904 -111 487 259 -735 237 -749 237 428 -586 -655 621 -96 375 111 -155 464 -393 927 308 193 80 -794 -41 -623 -301 -723 -285 177 -303 -205 581 90 -226 -631 151 709 -222 39 -619 -672 110 
882 306 -933 -334 -43 -220 -765 123 124 -614 -483 149 -651 619 550 -1232 342 262 -601 -447 921 -695 754 59 -607 369 -464 -206 -113 -330 52 -202 236 -758 -237 -309 161 81 37 -426 60 1082 258 945 -420 420 376 744 -454 -34 -225 -449 331 366 -254 183 77 -694 324 312 -170 371 83 498 91 -455 725 599 -100 -368 -152 928 -168 -1358 -214 -5 -205 -320 -132 30 -102 -896 193 398 513 295 -462 -124 225 -24 47 186 -134 1324 725 -301 -108 389 -77 437 140 -199 -830 510 415 286 539 197 432 345 680 -90 1005 -31 130 -43 -102 -489 66 449 -1301 63 -376 -625 469 259 418 289 -336 -176 881 -710 181 405 99 -487 -719 -950 -1087 -712 -823 251 940 -109 78 -42 -160 -41 323 -18 -167 506 -16 65 -495 -205 -96 212 244 172 -511 -860 -1135 -944 237 -930 -305 -644 906 414 833 273 -228 112 946 -382 -315 1073 -179 -111 -936 -278 -359 -303 264 265 50 180 -483 -249 148 280 169 -314 -95 -126 411 -1062 154 -250 
-717 264 1223 637 374 -431 -253 -478 -238 -143 1383 -329 -151 408 183 48 510 -383 -357 629 435 -144 -773 -663 641 679 -75 -593 437 137 1043 -49 -83 -198 -309 -318 198 296 -549 -670 -248 203 131 -434 -487 -202 226 297 -120 406 -145 -62 -8 132 215 -90 176 -1042 -1494 -179 142 634 -417 -143 -357 458 -1032 -56 -250 -649 -633 -580 -217 142 -229 1037 -262 -459 118 -790 601 -151 -325 152 -36 -632 -543 313 -1128 303 -21 189 960 340 -218 -750 294 -1001 244 -696 289 -834 -146 226 -663 1058 430 -409 -192 -250 302 -278 -756 487 260 -74 -632 -633 323 368 371 305 -929 534 -343 381 -341 -735 689 -511 406 -286 487 1193 -82 665 40 -713 1073 -1 12 -584 -390 828 17 327 51 -222 -183 591 -179 -885 -73 -539 526 242 167 -761 -569 -270 1168 -702 191 399 679 -371 964 229 287 172 -496 -225 502 -759 -683 -361 383 613 -533 905 -593 298 1097 618 514 -118 379 -57 392 363 -50 20 286 145 -118 -198 -407 292 -9 -171 
319 355 709 -314 -198 185 -438 798 612 112 360 357 473 -329 407 -601 811 871 605 350 -621 -1088 92 -114 415 271 569 -11 461 -307 996 -1171 545 225 191 -388 470 549 -446 1117 -321 -307 -633 228 388 384 -441 -746 510 0 60 -742 57 -202 79 -144 -601 201 -223 -666 -710 -734 196 47 353 134 -1232 -240 -76 -1140 -394 -250 -306 283 -497 374 668 31 -437 147 500 690 308 -99 263 -358 590 -96 134 -594 -806 -185 16 -55 6 -408 259 -452 398 469 -223 -293 31 411 548 -749 -207 -189 153 461 674 967 194 -1071 171 164 -1236 388 -111 -363 138 679 -180 -179 -467 811 -96 559 -338 123 424 -510 -248 -340 -601 566 -181 490 6 -492 183 613 223 -35 2 -14 140 -619 537 119 218 -259 69 -775 250 -31 -683 -278 -608 -314 -967 512 -427 -94 -586 376 374 -270 -51 -258 571 279 465 159 267 -138 -279 116 92 -801 -644 908 -116 358 297 -304 -265 -149 -383 -1097 688 700 -418 514 194 -747 -544 -59 -367 549 
934 -87 -11 -408 -528 -986 603 -1105 -545 44 405 -112 611 -412 54 -191 899 -201 580 -729 -1104 279 84 -489 304 147 -170 625 936 727 264 -559 55 -50 -861 -349 -983 97 -289 -178 -752 -496 -9 -32 -449 689 -5 464 -1397 -319 -18 -508 -147 -240 1073 -327 675 103 -830 -485 -638 373 673 -883 247 23 814 -555 167 102 -437 -169 534 66 217 352 -304 -1199 -654 -1024 123 171 267 687 513 511 254 510 -469 -236 253 456 -1019 1183 120 -304 604 -554 598 -519 326 903 -55 -127 -395 629 353 165 80 -75 704 -683 -850 423 678 698 413 1121 296 747 -166 -527 -538 -286 -634 209 -5 648 -372 -903 642 -527 1060 1750 534 204 -116 -311 457 -835 565 411 974 354 -404 -272 -576 -495 251 -644 351 -32 -555 615 -625 771 64 676 317 -156 -306 -728 453 604 -885 230 -380 900 -321 907 -450 273 173 326 211 -106 53 675 -411 506 327 386 727 989 697 837 -106 -249 185 471 -232 -704 299 125 -357 386 51 748 822 595 
-253 -615 -534 -26 162 -158 177 200 -557 945 -635 917 7 -597 189 170 375 841 309 -700 -254 -477 -889 222 536 741 -595 343 -125 165 -32 -43 -38 -49 209 277 546 -95 -238 -461 725 -467 140 -587 178 320 -473 -620 316 419 661 -665 891 88 -264 264 -706 384 -506 -299 -602 -131 46 421 534 -297 -420 -94 -430 -579 -611 -113 166 -247 -1177 684 -132 776 438 1138 -102 26 818 -441 -187 404 -415 -194 -453 -842 17 -362 -338 -416 -275 772 351 877 -221 21 -212 151 355 -820 -201 694 -631 -140 221 -775 -249 422 -41 -463 347 -363 -191 -421 -377 158 1046 -689 178 714 -21 32 -387 -241 -522 447 178 -46 -244 489 434 -172 846 149 25 122 752 485 -921 399 445 602 1402 -728 117 270 -175 392 -79 -583 1076 -562 -1008 -569 84 -279 91 3 108 -710 -692 -292 1059 80 428 -1102 921 -387 1067 638 -281 -56 -624 -560 267 903 -33 1212 329 -510 239 627 -64 -819 324 890 -568 -376 43 -420 199 -70 264 -50 41 -63 
527 -154 426 -231 1000 128 155 378 -661 -387 -84 -560 312 -121 554 -450 -476 243 485 -203 -435 326 -36 864 514 222 -508 -119 -377 -42 423 22 -358 -203 1154 -345 -34 615 -859 -83 -786 6 -828 -310 253 547 -70 300 -1070 -1087 -229 227 -434 519 -262 839 852 370 -537 119 -613 466 -92 674 -194 904 1005 -76 235 -606 592 -81 198 369 -997 295 -1038 -135 401 465 -649 -413 174 -186 -1097 -166 -672 -80 -836 -121 -45 468 781 438 -317 -13 -418 -606 424 206 180 371 -375 -106 -36 -355 570 -484 -909 197 418 -421 -472 331 514 740 553 59 -466 -624 1143 -106 -784 -475 78 -309 877 -751 -650 145 -408 -355 -500 -577 559 179 475 861 168 109 336 -496 -802 992 -489 -389 -87 -917 776 -617 -48 -96 313 -1284 1138 979 -152 -679 243 -189 -474 -272 684 -17 -345 593 755 -606 -263 -26 431 -621 340 92 -7 823 245 450 295 -206 430 156 2 -223 182 -229 580 -456 -1030 -68 -81 -251 -732 -338 -376 265 -432 -280 -361 519 
36 245 -196 -413 -1454 541 398 350 431 -585 -250 -142 -225 -114 531 -530 1807 440 -94 155 -55 245 -310 423 136 -156 50 977 -15 387 -112 347 350 -638 34 -1263 -71 236 235 1208 307 688 164 360 222 269 170 999 -374 198 -288 -701 684 -721 -730 -724 -391 -675 -147 -540 -153 894 343 228 -309 -570 -47 803 464 -197 121 842 -83 -344 -422 -230 -58 345 -173 664 61 -603 -1147 -21 -497 -1253 -612 34 703 -371 719 -170 158 603 121 -129 339 -36 697 11 -764 661 434 -1007 330 -520 -195 -70 -183 279 1407 103 -857 -99 -57 432 1178 -380 -279 339 -328 225 -623 -45 -435 -6 -377 -919 -404 30 -58 202 -241 -799 -476 307 -155 -950 -415 -116 -774 220 423 -1065 -234 186 -20 -15 -297 -645 325 -387 34 -518 122 567 -85 -413 -612 -584 -108 -101 367 -582 -241 -454 821 70 -195 -716 23 422 101 320 -4 1015 -205 -522 343 -782 158 53 15 764 599 582 22 581 -498 774 172 -247 -676 -123 -215 -211 339 -632 122 -72 
-438 421 -532 354 -9 275 -155 358 -694 -125 662 704 -78 142 -119 1030 -454 -636 25 -1125 513 -509 169 441 225 -15 66 -83 -182 423 795 -642 -1473 -166 689 -511 -177 110 475 415 493 96 -81 468 568 -9 249 773 -671 577 -181 -732 92 -24 274 319 -153 -1161 -444 378 -220 -180 140 -721 -516 565 88 423 -1099 -633 52 -59 361 375 -1236 533 -89 642 28 386 -499 718 572 45 614 144 267 -954 649 -648 -627 -88 -877 58 -524 219 84 207 -264 -802 771 489 773 -803 -415 59 274 759 -188 993 268 -272 -1453 279 481 -542 -198 516 -97 861 424 -357 -1042 970 385 -93 231 -23 72 -1078 -88 -91 467 -288 -24 -750 995 -40 -139 637 310 -388 381 -339 230 48 -295 -528 958 724 78 -180 -736 -364 -329 278 -117 -262 -535 738 -208 -320 785 -20 443 -445 389 -185 -397 -371 214 206 681 186 100 289 4 340 -1069 336 811 350 -369 279 -430 706 287 -378 396 638 285 490 -366 -890 -84 836 11 245 123 30 
386 -367 541 -27 141 -296 179 0 646 242 -114 816 78 -496 -705 288 321 291 -406 -907 -122 -309 972 -77 -55 -479 665 -1221 35 440 481 -506 746 290 399 307 70 912 -978 491 -214 126 -197 -633 -668 -1024 -356 -278 -291 -361 -216 -113 -86 254 -634 -401 194 -780 -1109 371 541 494 823 129 -692 345 -29 -337 415 165 -3 -730 -164 148 -769 300 1477 13 -592 -89 -373 1070 -198 112 299 -240 -123 115 184 70 325 792 252 -76 303 493 159 284 -162 -717 -616 -880 1189 96 822 136 -332 -89 -451 -375 -120 632 -328 -276 142 -192 -255 87 -181 671 -469 1011 367 843 638 222 463 -52 760 98 264 -100 790 -80 -3 -185 -462 1278 -372 -297 348 -346 232 503 229 -28 470 675 -251 -344 -417 -469 -110 -543 311 401 -778 1408 -196 960 -288 100 -395 1000 1493 176 785 1061 -995 664 54 293 -41 287 -315 -288 -103 -332 -220 837 -453 -43 -227 368 10 406 530 -540 332 -686 -112 -530 -59 240 -798 540 865 991 -609 -157 
272 -365 264 765 572 -306 191 -299 -1125 -139 133 -469 -611 322 -747 60 44 -505 186 635 34 -328 570 220 -760 387 217 123 -738 291 39 41 -448 670 87 -526 -310 1054 -439 -578 839 -976 -453 621 82 -263 476 411 -32 -230 -788 -425 383 141 144 -656 308 239 -369 959 -28 -7 110 -141 882 -688 543 267 -975 -794 473 282 87 -16 -100 -372 -32 -380 279 -209 210 -835 618 -48 260 456 -209 -636 266 -35 -1412 54 -306 -142 -689 -713 -381 823 173 550 -8 18 -330 -787 -319 387 850 137 282 1001 -21 14 -431 84 106 -499 222 296 46 -265 201 507 307 -533 -285 -918 353 -744 672 -755 308 182 483 72 -1089 262 1346 -592 231 -284 -142 -403 102 -609 297 635 -1231 -148 -408 -77 -3 149 -640 -153 -163 -148 517 408 -994 271 -257 425 973 953 7 374 521 -403 -198 478 -66 -481 -49 150 -220 1030 1561 1392 -6 69 -515 441 181 280 -844 -9 -4 -199 -350 113 -716 -336 723 279 764 -369 385 378 -531 -286 
-165 116 449 271 578 -398 -295 648 -211 -899 456 -538 4 660 208 187 -39 344 483 -107 595 857 652 -675 112 742 490 -1057 399 -15 58 -447 -159 -454 -222 -915 -1182 70 545 498 533 10 -336 -493 1057 398 396 -677 -244 62 -209 -203 -205 131 -327 447 253 467 -208 570 40 53 -345 193 -18 -614 -954 -53 -165 9 405 -238 -436 68 -203 264 269 -197 202 23 249 51 -136 533 267 -274 1139 -265 -676 864 25 -591 603 -292 -479 -530 -350 -518 353 286 465 51 562 498 83 -285 630 191 140 -237 100 79 -781 334 -410 473 311 244 88 321 416 110 487 -86 -829 -979 -525 -28 -474 52 137 861 257 -53 137 634 167 401 448 22 77 -453 -526 1 170 -430 377 143 343 486 -1050 -574 469 -364 -470 -147 -453 -496 260 -249 587 -79 50 751 512 461 140 415 899 873 416 706 60 228 200 -173 754 19 -459 -135 -56 771 -39 -40 -173 -945 145 385 -620 -63 -867 198 -905 -358 -377 865 -163 27 260 166 
-609 -104 -132 509 -360 683 570 112 41 -327 -254 178 -271 -586 -575 -559 -396 116 488 -233 38 -156 -330 -694 638 444 212 886 304 132 -760 33 406 -411 -99 449 -532 -363 -354 181 -303 130 10 -1139 -281 557 253 377 -801 -232 -127 215 -384 482 554 195 600 292 834 -263 315 -387 73 -126 541 -161 -339 -376 -123 180 836 -668 -245 -724 -687 469 299 -231 -210 280 -723 173 -27 689 124 -260 -676 -339 103 812 -188 558 -47 333 171 -27 663 161 221 509 -268 -98 784 -1039 -399 491 449 132 -538 87 -88 -661 77 -829 33 456 -788 -434 -17 -279 -130 81 424 -38 123 85 326 115 -196 -876 -183 -716 95 338 -230 50 -295 -609 42 300 558 -270 166 -474 -296 -174 494 -189 -323 246 -216 583 -594 875 626 -222 -180 327 -222 51 490 -720 -141 -100 -72 -868 -8 35 -387 322 180 -233 354 184 506 -328 -52 280 -150 1503 313 878 301 958 -81 450 776 422 505 153 -829 190 -536 623 -1335 941 337 748 566 169 
-373 806 -482 659 892 318 -311 -316 -505 203 -49 -345 -95 -935 10 311 390 -312 252 -178 -13 360 330 27 -85 -741 -369 285 160 -720 -212 881 124 -26 -94 -220 -129 -202 534 -37 473 288 -1235 204 93 271 256 -126 -691 279 37 -237 -165 258 -379 526 433 447 58 187 -927 577 376 -367 225 197 20 -165 -1219 617 542 -45 234 -1083 -512 402 -333 698 -85 -389 349 318 -533 -521 439 219 -401 -630 -48 565 620 -541 -173 737 606 -577 172 -423 869 350 523 359 779 -578 -345 963 517 -282 -540 134 -407 279 -75 -647 -667 -328 554 600 848 706 -423 -213 376 846 487 411 46 -377 -793 489 -536 -492 301 -908 90 -709 173 -686 728 239 -176 73 445 -1234 -7 426 11 -305 456 594 592 -489 48 407 -182 -292 -23 -8 141 -517 -137 625 91 -295 492 40 917 -261 -182 338 91 140 212 285 804 -254 -109 -375 -9 259 -442 623 -3 -395 -103 -4 767 -485 -601 571 -11 -227 -126 -206 -435 774 40 148 -342 -438 
-399 -473 -302 -179 -133 -197 63 1501 -381 226 -189 -699 584 145 -530 246 -546 -444 -514 489 447 493 59 8 943 925 -615 -77 969 -539 312 708 -57 -471 644 -596 338 -258 -65 -226 -441 -858 536 429 237 -31 229 -906 -375 -434 -357 308 220 68 446 -979 852 -671 200 634 -517 -578 716 217 76 325 46 -45 190 -589 114 -351 172 -886 -127 993 -63 -637 -551 464 -985 137 -849 615 -304 78 684 -275 1076 759 -196 1112 -333 268 297 212 85 -397 599 -330 165 -185 738 724 22 577 643 1105 301 439 341 353 364 487 -414 -76 303 -1175 -632 191 -93 459 42 458 -422 74 -605 -15 882 -252 157 328 34 -460 -225 147 659 814 -410 380 772 458 -75 -179 16 179 -332 -296 -271 -575 -226 -814 -117 -799 -79 -1179 114 206 -688 70 -74 -954 107 -159 -961 -284 -298 334 97 -371 241 -80 90 -107 584 252 175 -6 -984 528 102 -451 -855 157 145 -224 72 651 -130 54 -1128 164 -669 -167 107 -16 -792 1454 85 63 
-41 1339 -78 45 826 28 -951 626 8 164 652 296 -415 103 -1100 489 190 388 -1016 131 178 -403 305 -48 -382 -5 39 20 18 -494 1021 -191 -14 860 -689 -38 -732 -170 -60 -324 153 -43 74 87 -1182 -292 -171 -453 -123 655 112 -793 -604 -178 290 306 306 571 804 92 72 -199 649 -619 43 -19 -175 -716 -960 -365 -617 -149 -729 -117 76 497 632 611 636 -482 1181 -227 -517 -496 404 -664 584 699 1053 -235 342 84 168 678 -399 652 -537 -166 -697 -224 945 -371 -43 -443 387 374 536 383 294 177 -78 -767 -599 64 20 -1188 -99 -152 -153 225 -573 -216 182 370 -229 -328 -98 440 1243 353 -361 -16 -56 469 553 352 139 -155 889 -444 30 -483 840 -380 -415 -304 -532 -843 -1547 452 122 -54 -723 194 -109 60 110 101 -579 165 -494 130 192 906 -451 -27 -246 760 -585 -106 -64 1185 258 -25 -730 -164 663 237 -798 453 -473 -66 61 479 787 -488 -820 -844 161 -639 87 -157 674 -317 299 -4 -19 -191 238 -795 
932 -436 -194 -204 372 948 347 95 -725 406 424 -55 221 786 -1042 24 -994 -1064 1000 -292 203 466 -269 621 -1046 -136 -727 335 -504 134 -342 950 205 -113 730 677 351 493 69 282 1248 437 -701 549 1627 757 637 -212 165 -170 -970 -24 557 226 612 18 -1034 -33 289 1299 -206 273 -97 -328 -122 606 716 -124 -75 -255 914 951 120 -345 34 -328 -554 816 150 493 884 -645 -365 -553 644 435 360 -353 -799 -22 -244 322 -581 668 369 -171 28 -825 321 370 -277 180 -643 -248 -504 -6 649 425 -382 -208 785 25 1255 986 -519 509 -487 556 144 -334 -113 -986 -443 -593 117 -127 28 -664 110 65 -540 -848 376 -79 703 -975 -51 -333 -874 -730 875 -69 279 -900 410 -48 528 440 928 -76 -293 243 1034 539 -582 497 -215 -52 128 364 -883 -376 449 -623 -905 396 -425 -99 572 782 216 -927 247 303 -105 792 -838 -370 -585 13 516 636 -185 852 -880 363 981 442 12 378 -1222 -897 318 488 355 228 232 493 -333 69 
193 -918 617 291 -1001 -492 742 -36 542 820 -230 651 -295 -350 128 612 794 193 -91 -291 -488 -13 15 -312 71 67 -214 1485 629 -75 -944 -482 -77 -238 -187 -768 -240 -729 335 -143 -332 -642 347 485 280 450 -891 -199 323 299 -550 351 -362 124 -1307 -297 439 -375 -208 -1361 596 23 603 -5 57 -199 -382 232 466 702 388 0 324 719 311 340 9 -1281 -1034 514 -476 -1105 -206 615 -774 133 623 -713 551 401 103 -767 -437 61 -397 88 -83 31 -33 -432 -318 -8 425 -7 -783 -296 522 641 170 132 -322 1131 -466 176 560 1345 961 232 -549 1436 761 163 -153 -96 -499 -806 -175 1336 -451 -443 -513 205 135 244 -387 171 829 -253 676 185 740 504 -173 133 -126 -141 -513 529 -707 -476 422 129 -412 445 437 -747 246 -895 305 -354 -308 80 1065 246 -615 -292 -601 354 26 -208 -282 657 -414 121 162 178 -291 -203 -41 -904 -341 -328 261 758 418 328 758 -207 194 182 -168 201 -516 705 631 372 -268 -305 -443 750 
-13 618 425 -545 334 88 -282 996 -711 -43 -510 1123 -128 -207 -107 -447 -271 161 -292 -170 479 -336 405 -139 -78 -263 -741 -4 166 -261 394 -623 70 -551 314 694 -533 -95 -320 -702 667 46 118 397 -110 677 834 75 -25 565 -655 613 -35 951 280 190 -926 59 177 -399 -472 242 500 -886 -434 525 -633 299 157 -550 260 -372 295 317 85 -98 762 -857 139 250 96 -136 -836 -468 205 1001 -240 -416 -52 -330 -121 330 -73 -310 36 310 -766 57 -210 87 564 194 -639 448 -138 213 375 249 805 -990 65 -203 158 -331 93 -664 -348 509 540 -90 -475 -119 592 566 -169 -553 -457 897 74 -319 -1164 -88 -507 -181 326 163 -497 -246 65 128 -43 282 60 -186 198 -889 585 321 187 324 -93 -174 1009 781 -58 -200 40 186 -224 1472 206 -527 1403 -242 -224 588 -845 -1110 160 -410 136 -114 -408 646 731 337 -255 375 442 -762 -671 308 53 -1084 216 -32 -164 215 -135 -169 703 585 207 476 692 250 -747 847 213 1105 
11 -1028 526 -393 -587 131 176 -215 -154 -478 -153 -79 76 -679 213 -31 538 277 -380 -670 -432 -605 428 -980 717 -475 -357 318 228 -474 -205 -659 615 -339 -106 -690 -660 -371 316 -816 619 26 913 -138 -604 -197 -766 1552 259 -108 -78 578 238 356 -108 569 801 130 137 -377 -921 707 -379 -1059 -862 980 305 419 -49 39 -370 609 637 287 27 -944 525 1352 736 90 -272 -150 172 -8 -182 -151 -702 -789 129 -922 567 -170 175 180 -1073 -64 -306 407 -1117 564 53 20 49 -375 276 45 -782 -928 49 -353 -1173 523 513 -61 -443 123 -135 -202 -311 413 -839 -8 79 -134 582 -82 -197 602 -347 -23 735 -682 1253 -42 827 -684 151 -254 485 365 335 -641 198 820 -476 -41 276 436 408 -568 -279 -1247 532 -393 8 -623 15 574 -77 231 600 1581 -503 881 -112 -758 -279 265 -137 752 535 769 -719 965 137 174 224 -334 625 -397 -43 -150 566 409 -70 629 311 447 229 409 -50 -123 -208 743 -625 55 231 47 212 103 
-611 1135 -554 615 -249 -852 -1208 379 644 -244 391 -123 -153 478 1072 -193 197 774 525 -620 233 -871 211 -236 -964 32 435 -544 -694 -15 -309 150 901 -120 -220 -84 541 -52 -186 -405 760 540 -199 778 237 -518 376 -1034 638 41 392 -424 -112 591 385 1123 -505 385 928 -677 14 398 321 -1110 -856 48 232 620 -412 1138 -603 -264 1109 -329 37 -325 532 754 -35 -837 213 -12 -637 309 -545 109 -172 -46 64 -253 14 513 -1159 -307 601 -29 -293 -704 -300 -234 1214 231 52 -141 209 231 -93 -265 747 -77 302 -27 -659 -570 604 -137 68 957 -86 308 210 172 140 224 -892 119 -74 266 491 -640 -438 -186 1189 -347 -749 556 -858 -358 -551 -89 279 701 141 -719 -367 -27 -531 -471 -292 820 -183 -63 -315 536 -1047 394 342 -521 81 355 963 -671 -515 231 67 1024 -975 -975 -165 -730 -491 1604 271 -113 431 -603 -446 278 44 -795 -1210 -183 541 148 22 -624 372 -259 19 -351 -160 500 -440 -824 183 -334 -18 168 -35 -303 
939 309 -932 -347 222 586 737 287 -715 340 321 449 -92 -250 95 -223 -482 -900 -447 3 568 -5 180 345 468 -72 -507 -155 -130 -2 -176 -190 -679 753 134 364 265 618 672 -21 296 -122 -920 -419 -115 546 304 1351 620 335 1108 31 409 -103 41 -1056 22 -189 187 86 -702 1170 -399 -509 -380 -273 -219 -643 -530 -296 298 159 -47 -121 -355 -572 608 863 166 313 227 -89 -761 -615 41 -189 316 123 -566 -140 651 -12 289 19 343 -234 -115 38 -472 -1175 738 -431 196 -367 -513 820 -207 -375 -208 705 63 -224 269 944 -731 325 243 -355 399 -402 -250 -462 -135 954 74 243 130 873 -57 -357 34 31 -157 263 560 -66 15 107 -423 583 848 116 -12 -268 342 -624 842 -1134 148 -243 68 -1242 523 373 370 -157 -280 334 -750 -446 -2 -528 94 150 11 335 49 30 40 688 710 -648 567 225 210 240 -905 528 -706 226 368 -198 -137 -794 456 1002 -500 748 114 -205 -264 8 161 150 -190 -289 -268 462 538 -209 
