Matrix size: 400x400
Number of threads: 4
Execution time: 0.33282 seconds
Resulting matrix:
562 -590 -66 1322 -1225 85 -78 981 -1129 -565 443 -800 -322 -1070 -326 -117 706 610 -13 1293 727 -341 -35 -595 -31 81 287 -344 1554 -401 959 -893 640 -1130 -623 -725 207 1126 -172 -1258 546 439 1315 -1255 -176 593 -119 -687 437 -4 715 328 798 -596 623 -480 -805 345 -828 565 1218 702 -918 -577 759 -515 355 472 -1238 480 20 -87 -10 1448 -228 -144 -178 -301 215 196 -776 486 1400 910 1191 -5 -151 -531 143 -216 35 235 598 -218 -481 -684 0 651 -1289 146 -643 548 162 601 -1386 1114 990 38 -1037 -208 -1636 -141 -686 -760 -132 529 1179 960 243 -261 -890 569 -40 -713 -123 -484 77 451 247 134 -671 -504 730 -696 245 -665 272 -866 81 -376 1027 955 333 -202 1080 -642 -345 -1608 -868 -399 559 -1025 -495 1083 -308 299 516 27 20 473 764 63 -278 -262 317 -300 -319 -287 1709 -361 -166 -235 122 636 -486 143 -164 476 872 -95 -460 830 -427 -912 -8 -600 -2062 269 -1255 -587 -857 412 -832 434 220 1087 -467 -683 -894 898 191 735 82 1312 78 154 -1305 -151 628 -415 629 616 355 -534 -114 -580 629 -96 -240 -626 -160 84 421 -427 488 156 764 278 -589 -273 353 -121 -505 619 273 335 1565 -485 430 329 -802 1503 -463 438 559 -32 -539 -755 594 581 1004 144 -666 952 -304 577 1409 774 1178 -719 -224 1198 857 -710 -567 1019 58 -904 -1062 -1483 -201 156 -1455 66 269 477 -733 -238 78 -754 -402 -521 -110 106 -1728 704 1648 453 -1757 -280 460 812 235 132 865 -832 698 591 54 -792 -325 -1182 -551 226 -130 -813 1591 -317 -752 -1106 804 6 -780 175 34 -678 1074 -1191 -917 -408 -432 -523 772 948 -9 -306 -902 488 -568 -81 -596 1167 -1552 296 1027 -440 290 1058 317 -198 947 -277 239 272 -314 368 -520 -291 1071 -186 -310 467 132 -1756 825 1002 -637 785 -355 -702 1218 137 -180 -1035 908 -1 209 -383 -962 949 -659 -527 -1274 -1667 1538 -884 652 -444 -2026 1658 -641 -1154 522 -202 -791 -436 -295 -155 361 668 382 -1229 248 223 -1487 851 -1464 -399 -554 708 
-236 809 993 236 -440 2007 364 -33 1168 -155 -319 -117 450 185 -928 911 704 -164 -483 -244 -28 631 -550 -442 784 561 -662 75 904 -1395 -331 -57 1824 -1005 601 977 -80 276 200 1302 611 921 -945 -739 671 934 -51 -1589 366 576 332 -492 -587 51 -275 -216 1232 -785 701 1108 -1716 836 1086 568 183 -732 -265 1128 -559 -352 -777 16 -261 -1277 -173 610 712 -487 -1327 -238 -792 557 -1701 -235 -325 -24 29 247 -1271 590 326 85 -572 1184 5 1187 -1034 -776 413 -132 951 -486 1764 1103 111 -1121 951 -591 756 288 -51 1107 -255 848 -509 52 -1272 273 455 -532 1411 1354 69 -101 -724 -1359 1310 -983 538 -212 958 356 380 215 517 877 -1619 62 -379 906 575 280 189 -401 151 -775 -902 1104 997 265 327 496 -113 -626 -96 -214 1015 2152 -866 -966 134 -840 -405 -327 -109 -955 8 511 -751 817 112 -1196 777 137 470 -1078 376 999 388 1159 -741 1246 59 56 31 1318 80 72 -1015 -738 1230 -63 161 -741 147 212 17 -1275 -627 770 340 473 -386 -696 653 -1052 1612 354 -745 364 624 1370 618 772 -441 -610 493 163 223 -1425 -237 612 97 -1268 -900 669 349 79 -54 198 -1274 472 -84 191 -515 -177 -1244 -1636 1526 1548 104 -150 101 -868 72 -490 -780 -383 -871 -45 224 -1324 813 676 74 -173 267 -647 494 -2501 -597 -783 486 -1804 34 -1133 -1425 -217 -15 593 580 416 -668 -650 -216 881 487 -520 -1470 -719 -1721 368 -365 691 -507 -134 -484 303 -321 -1241 -1047 27 36 268 110 733 220 -549 393 -1104 -1921 37 248 -1004 587 -1234 583 379 -134 -709 -1628 -100 143 879 572 -575 -1173 -767 -800 -416 -755 764 -741 599 -791 -136 89 739 -307 748 683 194 -412 -63 562 958 463 -209 -319 -595 -86 -294 -946 48 229 1014 -406 -2087 830 -1262 572 368 -505 -11 -438 -852 801 -876 353 -853 360 -634 -217 1214 -646 225 -89 476 -817 584 213 461 349 -637 207 254 -757 1396 163 -107 1644 -90 652 -1805 -1227 1146 -439 -483 -979 310 826 452 296 -1691 -416 414 1119 -236 -393 265 
913 592 -356 776 -931 446 -397 714 354 856 2360 -1527 83 -423 1012 283 -268 -254 -1 -233 -1389 -480 -76 -195 534 -169 -353 -893 -90 -206 919 -518 -79 511 -799 320 -2068 -953 -1057 1883 -577 573 -707 -991 68 -192 616 -777 455 199 -41 -45 658 -1746 1098 221 -189 519 -614 -1294 1488 -380 178 825 -420 -799 -710 441 1035 -305 374 764 213 787 -305 -128 454 -410 -2 -766 510 -169 844 -1122 506 739 -355 91 -535 -682 -355 -530 1496 -1485 392 1370 -255 -374 327 -546 -365 550 -108 338 1029 327 -182 354 167 -408 445 -341 -283 431 -232 -142 -595 -462 435 61 -131 397 -162 -282 -1352 241 -624 379 771 -421 403 330 -583 660 44 -264 -999 -938 459 -287 -1087 -329 -631 1045 -667 839 26 -73 276 -187 -305 115 -75 957 -457 -283 73 -1425 218 26 66 1229 -145 148 386 -777 -507 849 1339 83 132 -599 -64 621 435 279 706 -89 2086 -345 737 299 -351 959 -119 215 485 89 -535 -414 1164 -1203 764 -305 958 368 -825 -313 1119 166 -430 835 -29 568 -253 295 -1443 -763 63 1446 272 418 1299 -837 1079 -438 3 -1518 471 1204 526 364 403 -1312 135 -806 165 -32 -259 -226 -395 982 1713 845 850 627 1423 264 -167 -794 258 -475 3 -291 -1455 -104 338 -1518 506 -665 746 1471 296 625 -443 -1005 -440 258 198 -600 148 -105 853 -638 174 567 102 175 13 1010 310 1086 659 880 1327 93 819 266 2008 -511 -259 918 -354 -1060 -600 654 -236 1025 -860 960 -471 469 826 130 622 -365 418 -392 -121 -150 -539 -891 -565 328 -883 514 -973 1220 852 -1108 905 -1007 -649 -1025 -178 534 521 -895 1490 965 615 -1040 270 -391 465 -525 -988 535 -521 296 -449 -633 1344 71 -377 971 300 -850 676 -405 -1565 419 -713 48 477 96 1348 873 -98 992 -749 407 -234 483 1045 -745 -247 427 -282 499 193 -150 135 210 698 814 -290 592 -616 1672 336 -243 -1174 361 -207 -261 37 543 683 -1043 -222 303 -424 1017 1521 -242 -368 801 -76 411 433 373 611 1040 752 -1117 -80 150 290 764 
727 641 246 401 -295 -1036 -214 373 537 -23 -177 953 -240 474 112 602 -417 -57 473 -514 -107 -167 -191 -383 -218 -408 -847 1549 310 -43 519 461 -460 175 -1194 769 -262 -832 -592 596 802 174 -437 -158 732 -1322 444 -135 1039 106 562 -14 959 241 -1136 -709 662 1617 -67 -680 339 985 1309 -200 -546 710 -70 692 -66 -214 -205 -666 690 139 188 -1195 -474 427 -83 -307 431 798 889 475 567 -152 -1709 -185 -483 -675 158 -1300 349 -192 282 -395 978 -1332 862 -245 -438 -293 -1968 -369 -337 -572 -1229 383 1368 -1060 -1612 34 -1093 651 703 73 268 -323 -296 -89 -536 949 1487 464 -538 357 788 1131 535 -457 548 1061 82 556 -537 744 242 -509 218 -873 10 1384 586 136 -588 547 -1134 326 -180 803 164 709 92 -242 401 437 930 -869 -298 54 -880 152 1158 -52 -449 -363 -1091 -387 374 -73 814 -726 676 1057 290 259 159 194 -59 233 -1056 676 -37 -1521 495 -578 -2598 -291 -1280 349 32 818 346 552 130 893 -381 -768 -1719 -1313 1140 811 -147 -332 -302 -218 224 550 445 763 -747 -443 -254 199 -69 -1757 -57 -209 726 -121 -728 1413 493 -340 1190 -344 1730 88 1469 -1058 1066 917 20 1184 -236 -76 89 -1466 -902 172 8 284 584 218 1279 -749 -443 -924 1010 260 689 371 169 -405 -173 -336 348 497 576 946 -372 -391 559 -102 -649 -386 272 -807 -241 -38 -206 556 -402 148 1415 -799 1349 -1164 196 103 79 584 -423 -439 -1186 -1179 -462 -966 -766 563 302 197 468 78 -413 -450 -314 -150 1576 -37 -1248 289 1219 298 -23 -783 -1267 -172 -790 330 -1408 -380 147 -604 232 -1355 -205 1030 615 -260 56 1634 -298 -460 366 -696 284 -372 584 -158 -568 -1260 -507 -223 -1793 -384 948 -330 -520 -1936 -21 -321 384 1195 254 -941 -548 461 -631 198 -80 1127 -1185 -575 -788 318 -186 35 428 -1414 813 721 308 355 347 -69 512 -254 1639 100 -586 68 1198 190 -542 -691 96 -742 -561 -27 -555 530 631 563 -201 -1372 -35 289 -438 269 -705 -888 1341 -501 -737 979 1011 564 209 -337 
-605 593 601 562 -735 -1589 1241 -40 817 -1119 251 -29 1058 -1037 -59 344 451 -744 -1191 298 -430 -38 171 -70 369 59 -568 -1279 329 248 500 183 935 -610 -99 338 341 -410 -68 -842 757 -366 828 -402 -4 -456 81 143 -49 769 738 948 -774 -501 -459 828 796 -947 -324 763 178 -212 -411 -773 72 432 -159 -768 -925 986 -428 -40 1079 241 481 -19 -113 312 -85 70 1272 -360 128 157 782 -522 495 -625 170 -100 515 -200 875 228 654 -864 89 -34 -511 391 334 -748 -618 -1085 -250 740 1281 871 -256 -1193 262 -375 -492 495 -354 -138 -1067 1056 366 -365 441 1919 -929 645 861 33 -1164 1514 447 435 -30 -862 131 -484 -1036 -721 -223 -241 -299 834 -435 -411 30 -195 -1126 398 689 -886 -410 -310 530 -44 384 -685 847 -17 -184 -421 -507 250 454 -1660 -76 -382 -281 -790 -1379 241 252 185 202 296 -618 259 -499 -698 1504 750 573 -1114 739 -787 -29 -909 -75 -390 573 -86 51 -119 739 495 -139 56 1535 75 -967 408 -587 -638 558 -466 132 235 486 838 403 -160 -753 1051 -449 -1154 -1040 371 -1338 -177 -345 39 -21 -1528 864 93 -284 -110 247 911 914 -28 -184 -1162 862 810 1240 -416 -1219 890 505 -471 -507 33 -1324 250 -1440 170 -402 446 701 164 -42 1615 -464 315 982 -451 -1049 -879 -903 470 -855 -422 105 -211 459 -78 664 -575 1139 152 -420 432 -380 972 -593 -544 -1282 51 -1098 61 295 -1186 1179 -1160 -920 125 -398 -857 796 787 -443 -285 -170 616 -1044 118 67 167 723 11 -610 643 -364 -704 -301 675 514 608 -227 2 1558 -293 1044 -637 176 -29 -36 -709 1543 -548 -834 309 837 -543 496 874 -323 1264 1001 -44 581 348 849 -302 -561 -930 -375 -921 707 553 110 652 450 -392 -407 -1348 163 224 594 -403 -462 137 222 160 -21 658 177 250 -838 111 -412 -114 564 -825 673 107 -391 515 1228 523 262 1255 147 28 -681 -159 -56 856 -1116 -707 911 651 -417 -753 -1012 640 303 -265 1371 -83 -759 -255 11 -359 105 -957 1036 24 -161 -256 -217 1852 
618 6 -354 1086 -1132 -795 -518 -918 565 1234 1881 840 303 581 -873 188 -128 -935 348 62 904 -1257 -50 -178 -1330 1153 1585 -23 1952 1020 1143 52 -731 72 4 -622 -1566 -362 -357 300 2176 766 -557 -274 -1865 268 1178 -432 1318 -400 -516 -575 -128 -536 372 521 -1772 551 657 -1253 -429 -517 -698 336 -268 -791 40 725 476 -163 -1376 -111 199 443 1013 -929 470 953 1579 -1335 941 270 -969 -702 153 626 1846 -389 -280 -700 250 -212 -480 -176 -42 96 354 -1010 270 -1073 1750 439 222 743 250 676 -378 886 230 434 394 745 -1065 -1600 -28 1222 576 -917 1086 181 -128 -36 -227 116 -275 -247 50 -617 111 -8 -193 -521 133 -941 301 -21 -607 221 215 -695 904 -688 -193 279 2 1372 -108 456 -202 1133 -170 1116 -359 -613 1384 -218 90 -65 983 613 -598 1638 702 966 -532 912 20 -1438 368 -431 843 980 132 1027 -1660 -670 -436 161 656 -318 111 619 793 1508 -72 1036 -870 973 -587 804 1326 -144 -21 719 -1340 -268 2519 -428 348 1472 -690 9 222 -46 -18 -175 1885 -402 460 -144 148 -591 1765 407 -170 -1881 -352 1489 153 344 1055 347 369 333 -750 -65 -82 -459 1340 948 -898 278 546 568 24 -32 -695 -226 -623 -912 -296 724 963 -855 -453 -1465 802 447 1184 90 -1827 777 871 -502 1106 463 80 199 -429 450 -861 -721 360 132 -160 -1001 -453 -4 740 1065 153 1124 -82 649 205 -777 -10 306 -480 -437 25 209 611 53 154 -540 444 -41 1524 1343 -765 -1082 -611 -474 -524 766 -1633 -878 -230 -691 301 1472 493 393 -638 -392 -1704 202 -241 -89 -517 604 340 425 -494 942 212 -678 -775 1341 64 449 -1074 -955 -579 1047 -194 -143 -668 743 -817 245 -282 894 1026 195 619 697 -423 1251 1179 49 1921 -700 626 710 560 -567 -1224 -1314 1097 540 1027 63 -867 1027 1066 -661 1156 753 -414 413 -354 1580 1269 1206 723 -36 592 1117 528 1270 455 -100 -543 29 901 393 -120 670 -217 -168 751 623 140 1694 221 -527 -34 830 1580 -431 -850 -251 -830 -354 119 212 189 -532 
931 27 -931 -183 829 -1215 -191 497 388 1116 121 -444 -1421 489 -330 -965 -15 485 -925 657 1017 -1205 214 88 -543 -67 1549 457 -811 532 -704 -264 160 -960 -409 -792 -78 -558 525 -496 266 549 -279 527 -175 -670 -570 455 169 -328 8 -332 904 1190 -735 -306 982 37 -292 -165 -903 -744 315 -664 31 485 -483 -58 711 -968 -134 98 -667 220 817 -131 -1260 -207 608 1608 -352 -85 796 -1279 -21 -207 658 -743 -139 -793 160 935 1274 963 804 -1219 470 575 655 -79 1804 155 -600 781 711 -1747 502 1382 793 1280 -85 1072 -128 -298 141 -87 637 403 -828 325 -1462 -1284 688 -713 762 -120 387 141 101 865 1100 273 544 29 1248 483 -1 -379 1143 -592 650 1734 31 1137 374 -479 315 -1019 181 185 891 -1897 -922 -586 1007 1350 -603 -81 1294 315 363 -654 295 -690 275 951 -456 43 322 -315 104 303 -210 -422 -378 -726 769 365 1019 370 626 -1438 -1246 1499 15 1419 873 666 568 463 -313 -1170 -880 -654 606 428 -8 -1125 -463 2277 1180 -702 42 -37 -1112 -477 -303 58 228 -531 -1715 103 391 -384 75 720 -1042 -253 739 104 556 -251 179 1203 -798 -297 -461 -1160 -1141 -1068 -174 131 112 342 -268 -545 -251 -437 -100 -902 1 -1106 866 -112 -405 293 982 -606 -785 -60 -477 -1171 -860 -689 424 -245 -1434 -567 147 152 543 -209 228 399 505 -47 -95 -553 -74 -1739 836 -750 240 283 -290 456 -727 -661 -227 34 1050 136 570 595 710 382 -455 -823 -88 256 -989 -139 703 -657 1178 1092 -875 -358 257 -346 594 -468 -181 1177 328 253 725 695 -315 281 615 -405 946 641 502 -74 666 -71 720 755 -495 -1172 -1165 -89 -41 -567 568 -1095 83 133 1059 -65 -1504 -741 353 -242 116 -31 -717 -271 -1001 -919 1184 853 -484 196 145 82 308 -536 -313 -298 -284 1043 -826 1422 317 1601 447 571 584 -1077 -1099 1059 630 -1326 507 1292 -1315 -390 -198 516 -9 1135 -716 1033 313 428 644 -190 -214 592 -1896 449 108 -1517 647 -340 214 736 -1056 -998 394 -455 -634 594 -22 -421 -1147 -189 
44 -377 67 -593 383 17 -316 -21 327 -1582 -607 484 -1096 -148 716 -660 531 88 939 27 855 190 -547 810 -441 -1319 686 -627 459 1674 311 -604 -326 -204 -631 288 1500 -992 -1027 655 -1266 -602 169 116 -611 243 479 -502 -344 -436 718 -994 -1036 282 -572 914 600 -655 -1300 735 -434 -954 -610 896 439 -733 -1230 441 -743 95 -141 935 1116 -790 108 -219 537 -758 800 380 -105 -874 661 363 548 -331 38 -359 11 -698 557 619 171 -1067 -37 -249 608 -33 -323 726 552 -1003 135 512 165 29 79 -582 -856 276 -1076 655 -958 153 271 -257 -970 176 139 -22 -992 19 -643 299 752 -516 -111 -1339 -537 -680 -78 1099 443 -271 -380 -400 1412 130 292 -765 795 836 560 -494 338 946 2 -682 104 283 -122 253 949 1334 271 552 370 -933 350 -868 -524 -360 -185 170 -2129 -1055 -199 1139 -749 497 -199 49 -326 336 704 -438 882 634 -483 -584 -314 -625 235 887 -1305 -837 1983 184 -216 754 184 -1168 -616 -624 250 -968 239 -860 351 634 93 -1239 356 -330 -639 43 561 -668 391 327 -319 104 -909 465 -663 -2231 -684 472 -199 -601 818 874 828 575 123 -238 -580 -269 -671 1642 -223 91 147 710 463 -129 35 54 1283 -140 -848 -136 355 -184 -313 -1322 -421 137 -678 -458 1044 -628 -1481 579 874 -372 -50 -506 639 919 161 445 -661 54 -823 1080 144 170 2023 545 -261 1381 -1561 837 832 -254 465 -15 771 1023 -1029 970 -1094 -1060 1077 134 615 -91 417 1045 -314 -222 351 606 -563 123 766 226 571 -539 639 42 -101 -1710 -876 216 -525 2839 1049 420 181 -230 174 -44 560 -392 451 695 34 138 -294 -1139 382 -386 -398 1023 194 -971 -47 1244 638 886 -663 -362 1360 -321 -82 -57 1204 287 -746 1116 659 -447 -704 -639 478 -51 356 -441 1982 -341 1235 1308 1067 -616 561 985 426 -254 92 878 106 -761 -1295 872 471 395 -1181 -476 37 471 -2 150 -2557 -824 1276 -203 806 -643 1011 51 -1628 -207 -655 -562 -135 397 -962 500 -683 915 985 -592 854 143 1026 1571 -15 -764 
-1462 -1009 712 -1073 -178 96 1014 -913 -271 -669 -389 606 -918 -593 1742 403 -417 -357 -207 -896 786 402 1455 -494 458 150 182 442 -12 149 -367 499 -1704 -351 -1031 451 258 -152 -603 -203 -1618 -588 906 525 -672 -665 213 -9 100 825 465 554 1630 -192 -843 -716 448 520 553 -595 -51 -868 386 -73 408 826 -648 -310 299 -1114 -10 -746 49 610 -873 -1837 -425 587 714 216 -948 -1000 539 428 967 -228 428 -260 -695 -842 -284 1122 -200 -341 60 -53 -359 -83 -133 379 -128 -756 -253 -250 668 -262 535 835 -63 -460 -620 -193 2146 -243 189 -1062 674 800 -529 101 1184 481 -594 109 37 1368 -748 -459 -1003 357 1360 225 -1486 179 1610 -346 -1247 647 1299 -1239 -294 475 270 -354 1260 3 308 503 344 1843 -404 -463 161 27 -220 -1075 350 38 -838 52 744 -160 -1319 -778 -1928 125 1072 -217 1205 187 94 184 -1733 7 -384 -599 591 32 -131 -1455 -332 119 2179 20 -1409 581 -446 1341 -310 396 69 -613 36 63 -692 432 271 -839 168 -196 908 -518 674 -183 1106 387 -222 -160 315 -1029 27 -1937 -257 -18 760 1240 -320 -644 -125 -107 -17 4 924 575 391 687 1790 -358 353 -376 -58 201 1773 -87 524 -668 -885 -795 1534 -677 -175 1041 1450 -495 -571 -163 1291 561 -65 1023 -536 10 -94 431 -434 -503 317 578 -251 -519 370 -66 1426 -236 -201 -1320 108 -208 262 458 -1112 175 -782 -797 -91 -1420 -305 1222 -80 938 282 -788 1329 -770 1895 1281 269 -31 329 112 -719 607 1538 1392 -102 -910 223 314 646 1045 -328 -448 234 73 285 -917 171 32 49 1107 -91 -634 -947 2119 -174 -136 341 562 -1359 419 -621 -400 345 -290 -359 -209 -602 623 -568 514 954 233 803 707 672 -912 -645 320 -308 623 502 -116 -1130 -788 179 -43 73 -250 1791 -764 11 -80 -135 253 49 107 -785 -210 -958 -92 286 1322 -966 -852 43 169 -518 -499 -658 -830 -482 356 -1848 -637 -1275 -712 777 -207 1458 1071 415 -672 139 -853 437 -11 -119 -4 -29 347 1058 305 -77 -710 -35 13 -1793 153 198 -209 
-2565 474 -232 159 -278 928 -1034 -636 83 1703 -358 -274 -1500 -935 -625 -156 555 -1324 -369 -261 63 -335 -435 634 91 -747 104 82 -256 418 52 1320 77 -857 -854 -367 -163 -1475 483 -533 -1202 -464 1127 -650 374 753 619 -139 -814 -676 421 1443 -172 -415 -379 -77 -321 877 149 1471 -134 -188 425 883 1301 -577 96 2843 218 -611 597 1498 -837 -1213 -364 754 808 -43 640 -692 -83 -153 825 -1025 204 -491 195 -441 -925 -356 -531 46 -272 -59 -83 -17 191 -1377 -680 164 159 -564 143 -397 -311 -463 644 -451 559 41 -554 -738 -1336 262 -725 -557 -52 1620 1372 901 -605 -318 14 -235 -850 1044 395 -1052 -230 -41 809 1735 -652 186 -728 -188 -363 -729 595 -923 649 717 333 367 -141 -327 99 1158 752 -443 93 -36 875 842 -135 -948 -1368 70 208 -62 558 896 364 648 -699 -51 230 131 -33 -2450 -728 94 735 -1219 243 19 22 909 245 -205 -358 -1100 349 539 -821 -444 -730 208 -811 43 383 -863 183 -897 -560 355 156 -624 -156 11 187 -881 -1335 -1481 -26 604 -174 -591 -551 -522 -489 273 -59 -323 -1206 -691 59 1216 -138 -391 977 764 245 -315 116 1723 584 377 -153 -1061 -875 347 -402 549 1154 1684 -56 432 1781 -835 873 -503 184 444 424 -311 657 609 862 -1305 151 73 -492 721 1148 426 164 100 73 -36 42 -338 1293 1740 2320 -793 324 -563 -1216 186 297 1240 -1053 -167 432 -716 308 487 503 -824 254 -1409 -75 -530 -1636 -724 1219 -995 688 1587 290 -34 48 -1718 1044 -32 882 79 151 -1078 1222 -822 1458 -242 846 -1471 420 -1741 -559 -706 -40 63 863 1343 414 -1211 -463 -428 590 291 -156 402 -391 -253 590 -1118 641 607 154 -415 -702 -885 1133 -278 798 -1156 505 165 1698 -814 -415 -499 866 -604 -372 266 -44 -747 497 1036 1355 -63 72 385 513 69 859 -41 352 235 -557 103 2170 684 -42 1169 -557 924 -965 -138 309 91 751 1105 -592 818 738 -378 698 -513 22 -467 -221 -144 794 -67 -253 -500 -269 1691 -175 920 989 763 1639 124 420 149 -302 -1187 
226 -1150 77 -578 422 122 -607 1751 672 1387 -643 177 -177 429 400 1627 -133 -203 -77 -685 71 4 -128 655 -237 949 -801 -181 -893 -890 745 147 629 -229 -801 745 -138 488 -458 -351 -338 -329 -18 -713 1132 213 -60 182 -408 797 282 -218 -1353 578 497 60 503 919 465 1496 -664 -443 -2261 -372 -16 -49 -367 666 962 -752 1180 28 378 -371 -567 -1255 155 525 1459 187 -255 -601 830 1437 1206 679 543 273 317 1161 631 478 1408 297 708 508 -221 -374 -492 195 1779 -29 450 -81 -250 391 -52 123 1641 1010 -1438 224 108 -471 -735 -60 154 489 279 -7 485 80 774 -261 1003 154 -1004 -1263 -593 -537 429 346 73 106 405 742 -734 -231 636 -254 -311 517 614 545 1676 -961 -548 -68 713 874 -268 696 -830 -453 -616 498 -1294 568 361 686 -465 -668 -130 -636 282 -551 -32 -373 1221 590 280 -1019 253 -815 -167 -776 -92 777 -803 209 -77 747 -368 -517 -353 780 -259 531 -339 523 946 1680 -772 402 286 1116 -732 -1556 -398 260 945 155 -362 -374 1039 548 1577 455 -541 801 1100 -832 3 -709 320 355 -324 436 1234 66 -1129 -813 -928 389 28 -1013 816 227 -1300 1410 -610 2073 -99 -366 -150 -83 -320 -155 -363 1199 809 -824 -1553 -634 1165 320 -197 -262 584 -754 -1038 1460 -921 -975 -238 555 398 -543 -753 -744 412 -1024 -3 -1188 -398 106 -74 -148 513 316 -892 1042 -1314 839 455 -489 85 -635 -1215 962 -989 1633 488 -76 -436 337 -265 -860 -492 -407 -574 -126 -583 477 1097 -863 352 17 798 1664 -885 -79 -1008 1084 -225 -60 469 -197 1074 142 253 557 -71 1030 649 -418 -331 1524 757 468 440 932 -1033 12 -657 -683 -119 -1643 -131 1395 238 -957 51 -605 413 -598 143 -134 -757 -1359 -683 33 -1223 290 767 -174 -18 -414 -107 -584 -194 1054 -431 822 -943 -741 506 -25 -880 144 427 493 3 974 1158 538 -63 628 -5 -230 -528 -729 -175 223 515 -98 -360 783 649 -502 94 576 -803 -333 193 806 -278 795 204 -183 846 -211 -550 -1792 139 -75 -133 314 333 -877 
-1650 170 720 -24 -986 585 118 572 200 -91 85 -923 1069 -551 -493 -52 433 -232 -988 -575 275 1286 -150 268 933 218 133 -762 816 661 623 136 148 341 898 -172 -465 -408 -1069 424 286 -552 -28 -947 -444 -1091 -1107 821 1023 -309 1280 -1142 -90 -716 -858 95 -660 -596 573 498 1153 -717 -229 -344 -406 81 -1025 301 -340 1076 -624 -395 -342 -217 188 -654 651 1105 555 -331 -1224 -545 -129 196 738 -210 836 -928 7 374 -217 -78 779 -1277 -491 -77 -423 -305 -95 229 1487 -521 954 130 658 465 -873 911 667 380 357 -225 1446 -541 1336 -1879 401 -252 -77 716 574 665 -1097 532 -1284 896 1178 27 295 1343 101 299 -877 -104 -100 -1564 -487 641 737 -714 417 -684 -811 146 398 1050 61 -108 -1152 -620 201 -926 -1091 1150 -788 -914 863 -1282 591 1629 736 189 259 -23 -195 419 -874 -208 426 -17 -130 -80 -2307 -138 -697 574 453 -886 -668 -66 -1771 1001 -1346 480 -247 381 657 1664 237 -512 2414 326 -491 365 1091 589 -102 338 496 -512 -617 -649 392 -1187 557 145 361 104 -627 -614 609 386 -682 -548 -526 -248 400 398 18 -686 982 -2275 116 622 1302 -285 211 350 107 389 308 -926 84 461 -9 836 -81 -1484 308 0 289 1182 -124 1053 -280 -468 311 178 -1044 -98 -91 59 619 -963 697 -932 150 56 624 404 422 606 395 -1447 -45 446 842 -691 619 1103 -687 -21 723 673 1226 814 404 347 -838 125 198 276 870 258 157 770 1352 -348 -8 119 -596 1031 103 -948 844 1707 1054 650 -953 235 -775 527 -921 1388 1275 -681 -30 231 -539 -1105 191 -775 -882 1635 581 -392 631 -65 -541 321 -429 -133 -21 -387 381 -947 24 -158 -233 -1158 1247 161 326 2096 1412 242 -626 -317 -91 -1218 975 -364 -283 -602 -118 -381 321 -793 -57 -612 -491 -1281 -669 419 172 1009 467 548 -1731 498 -736 -238 -11 -247 1027 -100 763 -220 -289 -934 296 -1194 -873 -1468 -539 15 -473 -649 158 -1311 450 -488 -109 408 -663 -286 21 604 23 282 1575 -206 -718 -346 -1217 592 -937 -1115 -523 -358 
262 79 -48 50 -203 -1140 -396 986 440 -1217 -188 -1073 139 -625 -364 1225 625 -145 362 360 166 -152 295 -99 310 163 -284 127 985 146 -687 413 -313 24 -427 -1387 -637 -409 475 488 709 -811 -1046 575 -14 117 203 -532 -69 695 -1003 183 -322 -2176 269 580 -1282 269 -1094 -745 -381 -831 -99 1300 -653 -1808 727 -236 -320 -892 157 483 80 666 -1242 -498 1068 -572 -959 -1381 147 -175 1546 525 592 -1219 -1245 -132 987 1673 197 -244 -444 -101 -1075 558 -304 1296 879 316 -676 791 -120 -885 1098 576 922 -738 189 954 -295 605 168 61 -55 333 -155 1347 -828 497 708 -122 -785 -246 298 -1222 -321 456 1405 -991 -903 141 -76 -604 188 -94 -1056 -516 -2136 345 -192 -10 279 -1961 265 -1365 -846 -743 632 -125 -252 742 -578 842 -280 -785 810 -74 598 18 -213 944 -140 -470 -951 542 -391 -543 -196 1012 -418 394 -223 506 665 944 -387 -438 -901 -915 305 535 892 84 210 383 -699 880 389 -995 930 677 -740 -122 727 -421 307 -253 -38 3 173 1479 701 1169 373 -65 -96 -126 169 70 310 -105 -398 -830 -531 -493 923 -374 320 944 -1389 -803 230 1109 -481 275 -37 -423 701 588 -643 -292 -607 413 -224 -89 425 -960 590 -566 824 1022 163 -286 -465 -676 -1806 -125 951 -412 777 929 -68 63 -509 -1059 -691 -393 1147 -320 478 -677 631 -464 -489 1602 107 -119 1024 -599 307 -560 -411 1099 -1207 1256 -506 -442 723 106 -1436 335 -1485 544 -176 156 -130 988 286 -9 -494 1177 -1757 314 -982 -307 -368 896 716 331 -29 289 680 820 -419 -797 -222 581 -439 -417 -1150 544 11 -72 -681 -27 -910 -367 -669 409 -38 -386 30 1450 -416 776 137 77 -411 -47 -389 -338 -1516 -732 -1698 -1071 428 -1089 896 -1257 -838 109 1249 1098 -541 1035 145 1091 318 -1153 389 -1044 1932 -336 -198 625 -450 267 2071 -542 -1964 -377 -2336 541 -869 -112 38 42 1452 27 884 179 410 -1122 -262 -1304 -246 279 -28 -36 652 641 -1317 -130 355 -556 -928 701 133 37 -1187 -478 694 -128 -339 -247 314 355 -378 -1052 
1251 133 363 1271 534 368 931 -407 -148 134 -411 -5 -843 -240 553 746 754 49 135 1019 -778 383 691 453 874 256 -615 -352 416 -617 -392 -356 -1258 1035 -2407 733 -269 -421 136 970 -49 532 -764 -309 -376 686 720 1596 -763 511 -382 -672 134 944 279 -345 -60 -360 -431 -396 -245 433 -564 -519 564 -1784 1164 -1857 416 600 1280 -223 46 1127 9 -636 -158 427 -959 807 -731 993 -208 868 -610 360 29 226 81 -399 -306 -587 568 177 -372 569 -400 1381 -145 1076 1763 -112 54 -1057 -318 867 -431 232 -640 -396 1495 -40 -10 -1115 662 429 166 -869 -836 -243 -324 -3 1199 699 770 -304 459 -541 560 -591 480 619 467 221 -1302 -1393 -1148 543 239 21 603 1383 -395 -270 1368 1 453 -878 -685 -461 128 -780 -1317 -963 -549 -264 -42 -1690 -137 -17 -1269 -167 -1074 317 907 283 -114 1008 1137 264 132 397 -1018 -897 -804 337 -230 624 -862 -620 -1004 -374 503 65 296 -1595 -1074 127 1807 -72 359 949 -325 321 487 755 -581 843 -605 -414 -172 -470 234 997 -1096 1001 -1062 890 -459 181 1196 -12 -117 1046 311 822 1500 560 -129 20 6 -399 -974 384 -844 2 -412 1320 -787 -418 -91 853 44 67 201 -749 810 -704 176 649 735 1065 1529 468 -839 17 -372 231 53 -447 -632 287 -94 1060 -975 -281 -173 -449 -676 40 52 61 1979 196 328 -1172 -943 -264 72 502 753 -1292 1118 -76 -1248 -476 -428 -1030 114 -1368 1071 385 504 -1006 220 -739 232 437 363 -297 539 -567 808 269 -538 -27 236 -502 -1483 -265 140 163 -146 744 -316 415 -1285 465 -245 -142 1529 -2504 644 -753 1144 -373 -1048 -1002 -943 375 -612 -1183 -620 344 233 -930 1191 1711 -292 -417 633 1192 -765 -1437 -547 616 548 1018 -1134 2063 798 517 96 544 1361 -1540 738 -342 -939 -35 741 -655 -1408 -872 -541 -433 -286 -821 1868 -96 630 -59 -440 1233 1703 737 10 826 -420 -983 746 -285 -595 -1442 1414 -1380 957 13 -621 -209 -1004 -168 725 619 -10 315 1314 353 745 689 -357 -648 931 928 -435 874 1153 1454 -731 156 
-880 793 -271 427 98 1112 -440 -909 126 447 535 101 854 93 335 -565 405 -791 -981 -20 897 -283 272 -126 480 386 -637 159 519 -196 -102 630 -1621 517 -1461 -58 -1048 503 -1170 29 496 -327 76 -752 605 -607 103 -145 -869 -92 -193 -360 -734 -661 83 413 -368 -113 -658 -676 266 374 155 -1220 1304 1088 -1035 -707 812 -98 653 702 277 -1360 1026 -226 161 -833 821 -161 -231 266 -278 310 -135 1361 102 588 -946 756 -409 492 1854 -1011 523 -1058 1160 -1507 -556 -833 -106 104 -87 -207 -86 -1210 -140 -934 1415 -1335 -27 330 -161 193 -863 1052 871 -99 625 -1536 244 -378 421 -221 -387 -495 -103 -895 -964 -1146 672 -270 352 -1003 640 -272 -870 1039 467 1842 -364 188 29 498 -396 461 -109 327 244 -19 -173 238 -729 -873 201 18 425 107 -144 -663 -1473 678 -695 -665 28 1125 -733 -172 1168 133 -74 554 102 -285 -685 -506 88 -995 154 -736 1045 -1453 968 -105 -506 370 -425 789 -283 -328 1495 1022 202 753 9 -505 -1115 534 -52 -608 -817 -210 153 -627 -487 -1673 824 339 -136 -1047 -117 -11 1210 -1232 -97 438 -477 454 1023 -562 358 984 385 901 -1180 -410 304 537 -693 274 820 197 1616 429 738 313 -221 -1739 -560 -171 -149 -268 115 -840 -656 -314 116 397 11 -454 -793 -860 -970 321 -786 -552 -510 680 -273 639 -247 -986 148 874 312 -56 688 454 -343 1200 359 596 647 1228 -357 -760 -106 1002 332 858 -899 91 -298 459 25 -749 -624 -1224 -95 458 313 -358 -146 251 623 954 -933 -1273 1196 668 793 803 1722 354 757 201 1152 -439 -1147 -416 894 410 -379 -22 -114 385 -705 829 150 -215 -300 -703 399 -446 1938 -1778 1923 943 -263 102 -483 -78 438 -568 -1084 -604 -732 -66 760 614 -2082 -1462 -527 815 -369 -1050 -182 157 -726 -880 -716 -154 364 744 502 -1281 -338 -1729 -959 -119 159 55 1138 490 826 -963 -1030 -1791 334 -1250 -401 508 -418 155 288 -490 -163 -227 1268 58 -787 -245 -636 -820 -701 -678 -371 1573 80 767 -70 1591 764 -209 1112 -1280 -494 5 440 549 
110 -1126 -2727 -94 365 -1336 12 1039 -197 520 431 672 -185 -716 -151 1141 -169 55 -212 1152 240 -994 41 -299 -678 1610 1124 -55 520 2445 555 -705 1013 200 1326 -677 -497 670 -338 298 -764 853 -535 -1447 -592 164 -1442 -579 171 -10 -242 512 -204 -841 678 -923 -629 637 1361 732 -445 -720 1243 489 137 -204 -106 1471 501 257 228 828 -643 1546 871 -684 1004 -1007 22 209 889 -1087 688 -626 -931 -82 313 -1372 174 -341 1005 -772 261 810 275 742 123 -320 -1194 -1339 1843 92 1050 546 -708 698 876 542 -221 -494 -567 -1136 488 -1055 97 461 -1155 5 -560 -693 224 -1048 -555 -1812 531 -493 11 -449 532 -390 -1370 409 939 228 847 597 528 -999 90 958 1413 -2088 1273 -263 -317 -708 -952 1017 83 647 -275 97 571 -858 125 671 -236 68 750 -347 276 -1121 167 -518 -263 -1249 464 453 273 -684 498 -323 834 878 -1233 -195 -110 749 -450 -1196 10 -13 -107 956 356 992 -343 175 399 92 824 -1165 982 -1074 710 1458 562 649 98 292 -140 783 214 1369 -24 -411 88 -1180 -387 -44 -1287 1399 -961 -295 -1465 377 -19 -222 1217 -262 -690 -1050 312 178 -76 460 674 -212 1528 851 -837 -685 828 728 -698 1026 633 1556 -149 -1223 -556 101 1394 -545 302 -249 131 641 800 -283 -2 -483 -353 -693 -823 -524 1586 370 632 110 562 -326 -556 226 441 -37 1674 364 676 -886 1489 -333 19 261 -271 642 -857 356 996 -145 -192 923 890 6 -193 -223 -520 1399 431 -1207 -388 -679 -512 -17 385 604 -245 603 -290 -1338 342 954 -872 212 -247 776 -1004 -204 -683 975 -366 -1371 1649 -616 79 1236 -652 -311 -785 340 381 222 -835 -532 -26 607 382 69 -644 1203 -766 478 -1058 326 -293 339 1034 -193 136 385 -1191 -527 -1410 -48 -725 847 183 -332 -219 -999 -982 -140 -940 -384 1068 64 351 1093 305 256 -124 -476 33 1160 277 734 445 -1182 746 -800 573 -284 152 -1298 1242 -428 -333 -312 -932 69 69 -986 -1569 764 -235 210 1725 -997 1853 324 -1011 -774 602 -310 558 943 1750 192 203 -401 
333 -181 185 697 -782 -695 422 803 -400 880 -730 -245 1501 914 -831 612 -468 1144 -15 216 -978 -1407 263 309 926 612 423 328 -51 -465 148 -635 39 -349 777 494 -271 346 318 797 574 -484 -24 152 4 1161 -463 112 -518 -584 -1302 752 2112 -326 414 -538 -254 -1082 40 -12 853 -846 390 -816 -675 -415 412 -495 641 -655 22 -1144 672 -236 1851 -623 110 -529 -479 -787 466 -103 1052 -25 -3 -6 908 8 310 470 726 -1018 968 -47 207 -542 20 -145 -355 -1205 -6 97 540 305 1137 813 722 -55 218 -704 446 1 275 -378 459 -1048 589 -372 1136 -176 1877 -1365 277 -1487 292 -970 673 -27 -174 -314 -386 1133 612 464 438 -188 606 -153 -788 903 -141 66 -679 -165 761 -1478 -373 778 0 -169 851 514 -302 -1036 570 -1490 15 179 1235 785 522 776 327 45 693 -575 66 609 496 -505 624 815 257 -93 -607 -31 -1088 -73 814 1158 94 -628 1266 569 -417 -365 556 -833 713 -480 3 21 467 33 799 1682 175 -244 104 -107 133 878 -735 442 -727 307 32 623 -613 141 117 272 -1066 935 -585 543 -719 397 -756 -1592 431 452 329 -554 -849 886 190 489 676 -901 1408 297 591 828 0 901 224 -62 -718 46 436 -535 -356 -1157 332 -82 1468 331 -595 -199 -241 899 -160 -448 -234 392 -819 -927 -582 261 -1381 331 1367 -236 600 -530 776 -231 526 -958 46 -790 214 -230 -373 202 1162 1526 -152 713 642 -244 -1917 -20 -671 -399 -1619 -1035 -653 -572 90 350 -353 1274 -233 887 800 -752 -21 -200 -1013 -701 -1028 702 -631 1030 -40 -209 -657 -1663 -161 67 -315 -536 1588 -735 -810 -130 400 -590 516 711 -725 266 608 434 -321 748 586 -541 -1112 -647 57 -1002 -246 380 792 1229 -1170 586 -100 88 64 1125 -738 -1027 1042 304 -119 -874 -804 -79 -1150 65 -157 -251 589 1304 776 -701 658 339 -242 479 519 -583 419 -352 213 113 129 -817 365 -57 -607 384 1121 -437 45 -67 -921 -513 84 671 449 72 435 598 -1751 -122 -210 24 232 -1186 -336 -139 840 375 299 537 
420 -369 389 697 861 -713 -1632 -788 -1212 -95 -49 -6 -117 975 -807 -12 -1267 151 586 -462 49 1737 969 701 803 512 143 -1080 -143 -561 104 1753 -971 788 -922 641 -1351 220 -884 1252 -351 659 -1847 214 -843 101 1528 -1639 -211 -407 -935 -41 -505 -122 225 579 -737 294 448 -98 -398 -452 207 163 -596 -347 -404 684 -227 927 694 1156 118 -1142 -1168 -506 892 -64 -617 -567 -106 -531 -2390 -224 -359 58 -1270 -488 159 820 -780 -942 289 -731 669 696 -206 1415 -114 2025 -1669 -316 1716 -983 -179 -553 -566 336 499 -1043 -1835 -705 -1402 56 -1489 -574 -8 -86 -31 -2088 -877 -154 1014 -557 -538 428 -922 716 -81 -638 -34 -346 -525 1281 -442 893 -786 -1045 277 -719 -538 -885 354 -811 45 235 34 -324 -252 431 220 -346 -1119 -630 180 495 621 -293 128 463 -753 58 -159 -264 746 -130 447 -761 -437 554 -140 -1103 -385 621 1776 -583 1254 47 1393 786 -525 295 399 -473 -689 -464 -65 -1311 -460 1329 80 446 -434 -736 -737 -2176 595 490 -782 -2015 -865 194 532 -539 -1227 -221 198 153 -279 -994 -1150 781 902 716 -354 -465 -600 -360 -227 -294 438 -472 -451 710 -319 -189 -82 -459 -1519 1639 -1117 531 661 1965 -53 200 916 913 -458 598 -790 -693 1074 -348 295 -842 -1060 247 -9 870 333 485 539 -47 566 -906 1300 -656 544 99 872 -528 711 1594 946 -1108 -570 97 799 1024 913 647 -332 105 -30 -414 -44 809 -813 -77 456 965 -574 475 -1877 -16 -145 342 -617 -684 -1235 112 -465 130 -1224 -903 971 -660 -463 -910 1017 501 531 -576 305 -210 449 -950 552 -211 -1 284 914 -1173 -292 -570 -96 -681 -1369 138 -255 -165 -216 417 404 -548 514 -579 725 722 840 427 924 258 347 166 366 -730 -319 552 192 937 67 441 829 222 1394 609 822 480 793 406 330 684 577 104 1132 966 188 1433 -434 -796 537 379 -934 300 -124 -1231 -321 -140 604 755 -412 108 -1331 -1183 95 -545 -837 411 -1 -1304 46 -641 -453 -434 -559 214 221 490 -1156 20 -464 -125 -1365 238 67 663 -1108 150 
-1165 -364 176 32 -644 -427 -1020 98 -469 -692 -477 -663 663 -493 956 -979 1306 330 -358 -629 -165 991 17 -22 -336 102 680 64 -15 796 -1304 621 143 749 -608 1196 84 -268 -267 119 -1427 -602 -406 -476 -889 -192 97 -261 831 368 -770 461 -258 385 -246 740 1778 212 -442 1163 -998 752 -165 886 586 -785 -560 977 -262 668 1361 1091 832 -1323 462 510 393 270 -1375 -5 -1037 190 -496 752 735 739 -45 -294 -555 -666 581 -599 548 321 380 108 1027 -175 -782 -100 11 448 -130 -357 -771 448 -877 -786 487 -512 471 -411 -409 447 -1091 1058 1660 -101 -389 -499 -9 296 -702 951 -98 -572 593 242 594 -1201 725 -126 26 1169 92 585 70 -673 -4 640 -1409 260 345 -374 512 -976 -1516 1407 -113 126 494 -735 -1268 690 -136 724 163 -1123 -348 143 31 -516 -321 -189 176 -736 -671 -265 -795 -1757 -740 1496 44 -138 726 440 846 -643 533 310 -1313 -167 309 426 677 -27 365 -142 878 -93 -97 15 6 192 -1168 -149 -105 564 -894 726 379 1198 -220 123 885 -947 -141 -712 1191 788 1361 -29 686 -73 -79 -1481 322 639 -504 -334 -720 -239 877 -321 1704 539 1321 358 414 1315 -1061 -968 -459 -535 -220 563 -524 -1951 -186 -633 1748 -953 -1034 -594 -560 407 717 973 515 19 -819 -646 -414 99 1500 2021 -484 -567 764 -484 231 247 937 170 -398 702 648 -1586 255 75 -278 1574 5 446 -663 -12 -1084 170 -154 -529 186 1176 140 -1013 -820 284 -48 450 15 1415 -827 -7 1123 717 720 -168 -924 -56 -35 -247 1036 -107 728 1191 -251 738 -76 -371 126 1900 -149 1630 -434 1022 727 20 -662 -1342 -331 -498 -1370 82 -688 -1195 135 -920 150 1104 -138 743 -148 -1857 -327 -156 -775 -214 -167 66 252 712 4 -429 506 -499 616 -211 -1149 -280 24 76 761 -899 687 -1071 445 992 -211 -848 60 -316 580 76 -1005 954 947 -955 976 286 311 1497 -640 596 -982 1082 -1457 340 -972 729 1170 238 751 -578 -315 -904 -392 616 -166 -295 -786 309 703 -908 -332 429 794 -269 163 -1031 -417 532 
83 -400 1075 1114 -277 562 815 902 -426 -903 862 -320 -84 692 -63 -165 -638 1537 -599 -1124 39 -459 -115 -221 -1293 117 1591 308 -67 568 1019 114 -11 -212 -426 -1161 -278 -933 101 -22 -23 447 -108 -147 210 117 -96 -541 1046 304 -531 651 270 84 -372 659 383 -437 1067 29 203 1200 799 -126 744 224 1581 -316 684 323 -562 -763 141 52 -190 383 -170 405 -784 323 664 -556 295 -962 597 -1013 -501 365 393 1336 906 -581 -228 477 92 381 -118 1064 715 1064 -1544 424 97 820 -802 99 -1626 -474 90 -187 -727 -601 237 -850 335 -150 -978 -44 352 289 -1150 -1099 273 1683 605 -1326 -1040 -665 13 204 -195 247 153 -1451 1970 258 1019 -1470 1190 -148 494 -169 1153 -173 1198 127 -859 -554 448 1079 170 4 -374 -188 197 -206 -1163 -250 390 368 171 1928 377 -665 127 -218 326 -691 -22 -1070 332 -820 361 691 -851 -640 293 -469 -55 1072 1089 787 545 -1140 488 828 -1269 350 -811 809 17 -181 67 -324 -603 1117 -9 -492 -95 516 -577 424 -438 -603 -887 -972 -448 113 352 -222 -1121 242 1473 368 -1114 93 124 -99 -866 1030 -1278 560 504 -430 -1173 -224 -245 -554 227 1900 -87 174 -1476 279 -2071 684 -409 -1667 -80 203 225 1434 547 -636 -532 121 713 256 -188 -853 38 -171 419 34 -612 350 1301 -1504 1080 212 -191 -257 -712 -1325 448 143 -62 1056 -167 -942 745 408 138 -113 -93 301 107 -25 335 472 -796 -117 -431 -495 -408 155 -623 834 783 290 817 -101 587 1370 -1401 248 -480 -547 387 377 -897 -1025 -61 -116 706 230 -214 258 -1468 -528 415 560 -1509 -1297 -982 1357 181 262 1323 955 356 50 571 534 -328 -194 -1407 -91 259 -574 -322 -130 -1417 -952 577 -544 94 -772 546 -725 834 343 674 -1269 -52 -742 898 869 1282 -1387 -949 -581 -1140 -523 -479 189 756 203 270 -955 384 26 -979 727 -1664 -522 -319 -17 -286 -1174 -704 -1338 -563 137 450 814 -185 -84 537 -64 -354 50 653 -1003 677 378 -319 -68 943 -449 5 -767 328 1186 -672 -1172 639 514 -426 93 
-49 -110 131 -864 53 2425 466 -583 -1033 -1294 -2102 -26 -719 16 163 188 -13 -363 745 -1074 -1090 -1355 -222 1319 -541 1329 350 -1702 1179 -260 -247 -263 1263 -1036 343 468 -1297 -185 96 -752 371 50 -681 -633 297 -853 340 56 350 -499 101 -677 237 -367 690 964 477 426 -904 350 651 43 -1071 -404 31 353 -256 33 -253 547 -368 -573 -700 191 -479 894 -877 -609 -1761 910 459 238 -79 -475 177 134 -679 -1255 -305 859 492 -396 -663 506 358 797 794 -135 629 562 -251 -87 -71 -1156 65 -751 -163 1407 -708 -683 -120 145 -153 -137 -471 814 -1643 415 -349 -27 -140 137 -932 -1376 649 -390 218 658 -109 -647 1256 412 -249 614 -1563 587 1713 -274 -582 547 -1173 58 583 -185 -112 212 -767 411 -1501 -617 443 -639 387 255 -854 2273 -394 -391 162 -412 418 -888 -655 209 138 -714 -346 -1189 200 138 -746 -866 -401 300 -301 1154 1027 1817 750 996 -16 -281 -584 -1162 80 144 -685 122 303 -656 120 -788 673 433 655 439 -278 1119 -1244 472 -365 270 -182 428 989 662 -1530 957 12 -1461 116 -438 -1597 -934 1047 1779 -323 -766 -83 837 527 1026 -1283 -467 820 639 -158 -279 693 -135 -153 423 -37 -1099 -581 -1415 -690 -1505 434 -164 186 115 239 -619 382 106 -657 122 530 725 518 -153 -36 -584 1200 -1827 -418 159 544 -1732 251 1235 -870 -642 -430 -1998 -888 371 316 -1118 184 68 248 -409 79 -579 1258 180 -560 597 258 -770 -1147 -1106 808 -409 185 991 169 -1626 827 -317 630 509 -418 -116 235 -850 899 -4 243 -121 517 -600 363 -246 -186 229 -421 983 531 154 23 -1312 1143 663 -401 436 -8 241 332 -979 -1022 -589 1469 1490 218 -733 -496 257 -1067 957 520 -626 835 1225 1778 -1677 684 46 -180 -1273 -898 -91 -283 25 -771 -276 1076 -356 559 1141 -1162 -80 2043 39 1325 911 31 351 1040 285 -1398 82 -1529 406 2418 -995 -128 119 -1114 -546 -165 -385 -516 469 490 -1001 421 931 1589 -55 241 1081 -33 -911 -121 -1367 -487 -1484 456 -563 -665 -1667 -1089 -614 815 950 -186 -540 
-376 492 122 215 1254 -244 -1289 -1604 614 -83 -1 705 120 285 -1585 168 -312 -31 -437 -381 -424 509 1013 -689 -56 823 152 -491 -319 1487 -557 362 826 -185 23 374 -531 -101 -305 303 701 782 -789 -386 705 809 949 -267 233 -1207 129 -474 -285 -258 -253 1299 -371 -65 -20 125 1380 -770 -741 397 -580 55 -525 -146 1552 -118 -863 -119 -300 -2304 -780 907 409 -593 396 -579 -123 371 -475 258 222 -433 859 -35 -354 398 -15 1997 75 -410 -750 -653 814 -515 215 854 486 -1542 -864 -254 -303 504 467 414 954 -281 -409 -1557 -1191 -439 -27 1598 230 -1330 -490 411 29 1111 -480 1151 -267 -92 1265 -330 330 280 58 157 -163 409 485 86 -420 2124 -303 199 339 -793 -213 -480 102 827 657 3 -364 -1242 1107 758 -635 -1477 438 420 1165 -92 461 680 -371 1102 714 -92 590 -71 595 -1662 -1221 -548 1188 -1085 -236 26 -385 -592 1311 74 -197 1602 481 -798 6 -1138 -865 833 -720 243 -1129 281 -256 -490 -1951 -1296 -463 -214 -305 479 -65 88 870 -108 362 -417 -328 -1000 366 1000 -398 573 -1034 864 -344 205 -1168 -228 67 948 168 249 -915 232 526 -63 -95 1153 228 -41 565 630 -964 -295 277 -662 794 981 -228 859 223 784 -409 240 -484 -309 1055 95 -179 223 -745 -786 1377 -761 654 -19 -331 420 -1542 -744 -33 843 -700 843 -39 -442 578 71 667 -620 735 -946 736 -1586 -888 -217 799 184 856 -597 -1242 1008 -313 1617 -493 470 -879 -178 -681 529 493 1254 105 -844 -622 -1395 233 831 696 -113 -827 -155 170 -391 763 -638 318 745 -603 600 -1771 351 -502 722 428 34 -649 -1033 -356 475 189 532 -572 234 -271 1315 -1052 854 444 -553 775 -1549 1210 861 838 558 -312 -1204 2176 458 1518 -92 701 99 270 -994 343 -574 245 -661 -818 -316 117 83 -924 -620 1 384 217 803 604 42 1025 614 358 1250 -360 -542 -182 -459 537 326 -110 -57 -121 56 509 -386 752 -254 785 -362 487 -1708 526 -512 179 464 -1297 1032 496 846 613 -98 953 -275 618 -1309 -70 468 389 -48 
995 -130 94 602 459 1893 245 1029 -278 -23 462 -295 -41 -1017 -851 1908 -560 -43 -424 521 -351 983 192 668 1329 59 -879 -1661 -1351 -252 -393 -745 671 731 -664 -597 625 691 -13 -750 -694 -745 278 169 582 -889 1059 -118 -1324 628 180 1142 -171 530 552 806 -1370 272 -957 400 232 -604 -295 -424 -459 -343 834 979 -264 -756 -379 -87 15 1243 -574 -1175 175 -17 -165 495 58 -339 427 -234 -992 261 -1498 1011 590 -282 -887 -1175 224 -89 507 987 -541 562 908 547 -387 1379 491 232 -737 811 1467 -485 -656 -966 -47 -154 549 293 655 969 769 260 257 1088 -359 -336 792 -499 783 1081 17 1098 -464 721 -267 -371 108 -71 -91 -784 -470 22 101 467 -601 272 -567 -359 -698 -160 -322 -1787 562 -486 483 93 189 395 948 511 71 -375 587 -552 -470 -109 -17 -1279 684 -931 -517 881 879 489 -44 314 -1476 31 208 292 10 585 421 -879 118 -903 -48 56 -601 18 739 -495 -49 -246 -354 -649 -720 -486 260 -230 -670 -745 -789 88 -518 1040 159 282 179 -888 -119 -371 -288 -1072 -997 -1007 -343 392 726 190 -46 843 -181 419 -74 86 174 -556 -71 -896 -134 453 -163 -130 1416 -1384 -389 -847 -814 877 -1114 -237 -58 -243 234 370 -406 28 327 -623 137 546 -957 1176 -562 -716 -432 -188 407 924 -371 -97 236 500 -578 -68 895 -145 -249 493 1070 -1038 -98 199 1024 41 -199 -443 -836 443 -1042 584 1314 961 -460 146 -150 -786 571 -519 -189 -532 87 -66 516 529 -231 -284 -10 -1235 -923 254 -565 724 -305 -970 -1319 -487 -1260 693 -858 -633 906 -749 42 -376 -432 -144 -706 -694 1304 -960 -468 -783 326 -1012 -111 -1480 -367 -376 -236 315 -143 33 -509 -335 -425 -1479 -626 373 -223 -12 560 15 -957 -395 -930 542 209 461 776 285 227 -344 731 -482 -440 -907 675 -708 -464 174 -619 347 466 167 1036 -1333 -1109 317 694 508 134 -742 -228 -722 456 151 -961 477 112 196 -300 -1741 57 239 165 -34 417 117 -171 13 -831 -407 356 -775 -613 191 -169 -932 -108 -634 -330 940 
108 838 -808 -991 -44 811 430 -334 52 -362 456 -567 -965 -521 -152 289 -601 26 241 30 555 0 -715 -44 338 737 -615 -231 -45 1172 301 1109 512 -1100 -695 920 -397 -67 998 -378 305 1141 -157 -768 105 -243 -742 747 -481 -51 724 788 647 -187 -681 -532 -342 -88 1411 394 326 423 -624 264 -1347 -280 -319 549 -1434 962 -71 -974 -440 -71 -630 -960 -1160 883 376 -627 1032 877 -461 -289 -189 -17 -638 588 331 -100 -935 -17 -531 -1336 -59 667 1208 74 -51 -289 301 -822 -909 749 -682 225 1306 -512 1721 382 123 1195 -15 566 234 -807 -495 421 606 1431 63 94 119 -884 1170 172 -488 -1247 170 245 -715 239 -462 -537 334 1099 -165 -276 -378 -571 132 1005 294 1218 -417 -509 187 280 243 362 713 212 165 -798 274 331 -417 1177 845 -435 -770 924 617 1119 -1141 -1096 -164 -210 622 258 196 1082 -794 75 -497 -366 259 -646 89 934 -788 -24 -414 39 -440 1946 -295 -639 -765 504 3 315 349 -542 736 395 -361 103 -1544 -48 466 -140 -729 1133 29 338 578 403 353 54 -243 127 95 790 -489 1530 322 -642 -242 -765 -138 432 -91 -1034 -849 542 313 -782 806 -209 569 23 -707 -180 -1210 -697 -930 4 -600 48 -676 -561 1522 127 -888 -788 851 307 370 -486 147 13 893 -897 43 -967 193 -1656 -1219 -12 -1459 -1139 174 523 1087 2160 298 63 -507 246 -108 -984 -1148 -255 855 1542 402 277 294 -10 -1088 562 46 768 375 732 777 -106 -256 23 961 488 -708 -185 -918 413 188 -259 -352 -1450 -107 -437 183 984 -80 -40 -932 837 853 -609 -425 -49 707 -228 358 -292 519 -519 603 -144 436 -293 621 -1460 -531 1054 312 -153 -179 -1188 -377 35 -1128 -840 -1001 480 1157 -148 -1017 433 -1120 -495 619 -1071 1189 -220 93 605 425 418 -257 53 -278 52 630 -678 945 233 1611 -422 1259 -449 -1540 1167 -1138 -1070 210 447 -965 837 378 -2026 -214 -241 951 452 -200 924 648 596 -117 641 -2355 -755 -1191 -824 503 -534 119 324 -539 -550 1054 -461 953 296 -31 -924 -203 -526 
606 -374 -353 211 438 -401 1458 -610 -961 52 528 -931 -1345 -1407 -328 1064 116 -630 77 319 -839 -147 257 1728 371 -360 637 -833 -600 -760 533 1156 8 -2048 313 337 -228 1819 202 407 -246 -885 639 -501 -660 206 -82 -188 -173 1056 92 -1181 395 -414 694 746 242 -329 486 936 863 -621 255 -165 368 -145 231 -236 559 175 386 112 589 -398 -743 -1188 754 203 357 270 2 545 -215 93 700 -238 655 426 167 235 -949 765 336 -519 1404 -697 -934 1169 -419 187 206 -434 305 -377 -577 -347 -99 69 -149 999 404 39 -1368 231 1155 -619 546 371 362 -389 187 -848 -685 471 208 -136 -1815 212 -1286 345 -1228 -343 53 1568 -1135 -140 -501 -228 1007 -198 653 -1340 587 218 -497 634 -938 991 150 -552 869 -484 635 -40 247 892 -297 -67 -892 241 52 -65 -115 4 -594 213 -132 -572 10 -562 543 -1081 1051 978 -522 891 188 1178 -117 95 809 -693 431 440 -958 521 -1144 294 171 -194 1139 1033 -714 178 677 -811 275 -1447 335 1019 57 563 88 9 -443 -2 -912 1930 -266 -167 -1367 -942 -458 -1358 -548 196 -737 -1104 395 -1087 -327 310 680 -93 -179 -637 -29 -62 -863 597 526 -37 -267 698 349 -680 -1419 1065 536 -135 474 967 -311 583 -694 457 -1030 152 167 -41 1813 -634 -860 -12 1456 1009 -1289 -1169 16 474 -989 151 262 -247 733 919 -440 277 -274 1640 -1038 -762 -439 56 1143 581 -677 818 -266 210 1266 -393 -129 -461 -211 -191 241 413 1382 -882 -295 620 -671 -866 214 -508 1868 1403 -697 65 534 -105 -635 227 -744 965 -275 429 -332 475 831 -312 548 -586 1137 -644 552 18 89 120 -244 -548 -175 515 1090 -425 340 250 758 244 -576 -172 -763 -50 1263 528 -816 -772 110 523 264 -1238 61 -1449 744 -620 162 301 1507 -213 -727 -808 836 940 -1519 -421 -620 370 691 376 1184 -425 -115 742 51 262 870 -1053 -400 125 435 525 -590 751 496 -354 62 709 -32 -565 -675 -567 -1822 466 228 -581 501 -168 665 -1161 -857 -766 591 -1020 587 -928 -2146 -524 -196 178 
-489 -751 653 -449 250 -17 -105 -290 -162 -1209 380 64 -138 -114 -354 -1252 -347 -403 -468 404 -1645 -476 -410 -724 536 1849 1135 -1096 -769 -838 -1226 -968 216 -360 -722 142 -328 1419 677 201 819 509 -135 11 132 -991 824 -638 -764 424 -130 -1039 10 -1232 632 -1018 1225 917 168 -1065 551 -872 -341 262 375 225 -96 149 -291 176 -4 -116 131 493 -925 -123 -816 926 -1137 -659 -1101 -402 83 711 77 108 -1150 226 -696 -758 -955 -469 -131 809 -527 -248 689 76 708 -1083 -53 293 -196 855 -192 545 741 -1070 -54 39 528 -531 -1905 -815 -1235 388 -432 74 -350 1111 919 -686 -399 -294 572 100 110 339 -1184 -910 421 127 -955 183 -333 770 932 -640 909 1254 -578 -459 1539 -1414 424 -1419 43 686 260 -70 -958 259 -199 877 252 481 515 -1303 114 -284 568 788 507 787 -474 172 -626 1016 -888 834 -1335 -390 -826 -423 444 -1337 411 1347 -62 728 -93 868 -1316 961 789 -737 -877 30 -985 956 -489 -537 -294 -389 -1156 694 -674 -72 -775 981 2 -141 -106 910 252 -213 925 -1026 352 -208 -96 -681 1941 -244 839 -16 -368 -111 808 548 -391 733 -305 66 607 232 131 -387 416 -188 957 1179 858 -531 99 -336 -467 304 588 455 1067 -1141 -699 -579 402 -46 -1348 -1070 -386 394 5 170 -232 -334 44 -131 659 -390 -377 -462 -122 -878 223 -419 -246 -1016 -25 976 393 -366 -760 81 -53 -97 43 94 48 1210 463 -374 412 -136 -79 108 -114 806 465 -473 1525 1039 692 104 -160 -76 395 -1262 -1094 -124 -188 -1009 -437 152 159 -197 3 -1216 -45 -810 660 -817 157 85 -13 66 59 -646 -967 -617 -968 398 490 393 401 41 173 -842 -232 -407 -565 581 414 -651 328 437 243 112 850 -706 1185 176 879 -632 -320 -444 -31 -1273 -544 1042 1226 -57 1700 735 -14 303 1155 794 1033 186 968 832 -364 911 -916 -553 -95 642 -245 886 -567 -65 -1288 2198 960 -881 97 -574 1701 -613 -297 460 84 -548 195 435 -82 150 -1866 -74 -977 1185 963 142 453 -725 -984 -672 -922 -924 431 -331 
-1509 -241 -1435 -202 -331 -758 -264 1562 983 698 -1007 -594 -225 106 -51 761 329 -693 567 -109 -812 -1139 120 -376 -473 710 -446 393 -646 -904 5 -163 -211 546 -210 -1508 1299 315 -303 949 -220 776 539 -838 1029 -765 -364 287 1886 -187 543 -86 -122 -511 658 -1350 -418 -811 -313 28 1398 -1019 449 972 -181 -75 -51 -317 -28 -66 -595 -603 -712 1388 71 -449 877 89 -844 -86 572 -25 36 -357 -180 -97 -852 816 250 260 -1205 -84 1558 604 -760 -493 -226 622 -254 -412 -83 -395 606 710 -718 -464 641 540 1031 -166 625 -993 910 589 723 -246 790 -275 748 991 -739 -350 -233 968 138 106 -544 1371 487 635 -496 -2283 -708 -600 -351 -123 -253 1857 -1516 234 -862 215 1575 -70 -857 250 -105 196 593 67 967 897 -773 219 98 118 454 1896 -532 -1209 921 308 447 -88 -77 574 1614 11 572 775 -125 -660 -33 -303 413 -300 47 -2 -178 -1055 -47 787 -10 1116 -1051 388 608 -197 -1159 302 453 -218 494 861 -716 -930 37 -559 384 324 -330 1002 -471 -1583 1526 1063 306 -1263 166 -244 -713 847 -693 -157 -264 411 464 -1169 -885 497 430 -149 364 -1277 -1228 -345 538 1056 1124 376 754 -363 31 -342 -216 733 -1118 -995 -332 -1774 1251 -516 -185 266 -1026 -438 1180 569 297 29 186 150 44 399 55 -942 376 -379 -329 -183 -543 169 -1543 153 211 73 1359 -570 -931 -276 -28 765 -305 275 485 -498 -164 879 -896 238 -1362 127 -307 -1000 -1 602 1094 296 -30 -197 940 -1039 -291 89 1525 440 373 644 62 -622 -514 1309 69 245 -1553 -1581 1134 179 85 -177 -931 180 741 -23 922 1135 347 -7 1067 -751 565 -130 443 676 -383 855 -608 920 -700 -496 399 572 441 1242 -400 -1546 -416 -481 329 -1374 -257 340 -616 -109 -465 1078 -231 -825 188 -346 -61 240 325 -696 320 1157 1078 -245 -1095 1664 -419 -422 -133 114 -830 -915 -332 1254 554 1055 563 -517 539 -316 -103 123 -1194 1257 -222 12 648 616 -382 160 1283 -130 358 1008 680 -165 1974 57 -10 338 -869 661 375 -2016 -738 -446 
672 -780 281 -749 -725 -1612 -47 926 468 692 -713 212 -617 88 -523 769 -367 902 54 429 817 -115 -190 -1014 -1944 -190 -968 677 402 -267 -934 469 -435 -521 -364 39 702 -1213 42 -300 -1537 -761 -340 -241 -619 -698 313 701 713 210 -128 146 -99 -1019 1059 415 2007 939 679 701 -377 224 -162 1037 86 -609 899 -507 345 -959 407 834 -772 508 -22 545 -683 -606 389 43 -1271 774 358 -887 -136 -783 1786 453 155 357 623 1256 -506 -321 -30 -694 -696 35 453 -259 -692 4 314 1355 1309 447 -722 -1109 844 457 -676 94 750 -138 -236 991 859 -142 -231 297 -867 252 587 -107 770 34 274 -653 304 -197 -68 251 69 -459 310 342 1127 -441 496 -504 -737 626 -208 -591 631 -224 -508 -454 158 -317 524 -987 -154 -1059 -385 69 -462 -475 -493 39 881 -1361 1435 334 908 1753 1151 404 588 -229 -265 13 624 -413 -796 828 -571 -175 -739 188 959 516 1320 -236 701 -364 709 967 -2043 -298 113 229 55 -948 48 1381 -243 814 -66 71 604 -246 19 493 -264 1344 -847 -1411 -1230 1022 139 -664 -751 -1054 289 1713 129 -168 -847 -376 -164 37 1335 306 -1033 -875 58 289 -871 323 193 -860 -1328 1700 447 -77 -1106 -324 1111 373 -1118 -161 517 472 269 -275 -365 -1581 -967 913 -200 812 771 987 -387 -349 2050 220 -427 985 446 1810 -1608 220 -566 -300 16 2473 1281 -1415 116 1361 -1181 -1332 -416 213 15 143 258 990 745 15 141 94 -481 -489 -273 -544 -858 -76 639 -590 549 912 -1572 -889 -269 -487 -329 855 1564 911 315 -1007 -254 275 246 894 -934 708 -697 -359 -736 -382 546 314 776 267 1627 -1587 891 -989 2130 285 560 -762 -793 -580 133 -121 -1288 -966 -932 1462 -200 -510 709 -336 148 48 956 529 1509 -154 -1031 953 767 1463 1079 285 -264 249 -1127 587 -489 -1063 487 1257 514 603 185 445 781 2041 458 -450 -1144 -218 -32 -1658 -714 -632 422 -304 -1191 132 901 -1030 -22 94 918 1359 17 -1106 -236 1055 142 -955 391 -458 348 1777 281 1048 -14 -213 767 310 -761 752 
-52 232 -8 -582 755 274 1251 -541 765 30 180 -121 218 -565 -1706 -78 1082 -464 -243 781 -364 511 -946 346 -285 -219 1573 -112 1601 283 -366 -222 -199 21 -422 1395 1029 223 678 -209 -99 -494 -122 -606 -260 -578 189 -1250 786 -962 622 -37 2022 -713 -740 -612 -371 -97 -253 -852 -545 -1026 -7 874 -576 -81 -1912 1278 -490 -433 -1331 -668 -1207 -668 422 605 -97 720 -688 -463 -596 -933 832 -264 314 -925 92 -79 -190 -439 166 -88 963 1205 422 -475 1085 870 763 -426 589 -425 904 -41 -1396 932 598 1197 -990 1453 -344 -624 -1042 -806 950 -634 487 177 151 -528 1112 50 -354 368 -837 1135 1024 1173 60 1038 -82 1027 -140 186 -948 813 717 -461 487 -1035 191 113 1751 -1394 17 -569 -1884 -335 495 1296 -718 -341 -1269 632 1209 -535 1144 -87 1644 -89 -497 433 -169 636 -477 189 184 -334 -408 131 212 -660 1001 642 101 -602 -197 582 -45 211 -1325 1304 1314 1711 -1582 -285 -1424 1455 -531 42 43 870 -685 615 658 84 -11 -679 -763 1038 514 296 -1082 -711 -385 116 419 -499 -1836 -670 -74 262 -2035 1074 -264 -642 981 553 68 -237 738 -180 67 290 70 -396 315 1009 -95 577 237 -903 655 814 1204 208 -798 -306 820 310 994 -1145 281 107 421 -1310 24 645 -1206 -1258 243 -84 1430 31 1025 614 616 -631 513 989 356 998 789 -681 560 -33 -1361 -263 564 -417 262 424 328 -379 1559 339 1242 -914 -1739 -1945 647 73 677 49 -376 -497 1133 -326 -290 1358 323 1131 2054 -14 -1829 890 -169 60 -621 -27 349 1269 149 1148 -1366 666 -556 -953 -306 608 -552 -38 -1571 -831 -759 -29 523 -410 -1212 13 -258 -245 -1378 217 -965 735 1009 323 -320 -747 -929 -909 14 -686 -870 338 1197 241 -1339 1249 549 547 -515 -620 1031 -366 -427 -1574 95 1072 549 362 -50 -883 297 21 1405 137 1339 779 -230 -790 191 -1462 445 -467 547 -409 774 590 -691 533 -1030 210 255 803 864 529 242 910 281 -1439 335 -471 -366 128 -695 562 701 -651 1532 -1308 178 -514 -251 256 -1051 -338 -107 433 
-387 11 -203 -15 -61 490 522 1239 768 793 -87 -232 -1004 381 -846 188 772 290 13 -241 280 516 -456 139 -130 1594 335 -401 -197 173 203 409 201 -340 321 -48 30 -198 1063 -263 -2325 1310 670 5 1 1856 988 -1046 -451 882 3 388 -144 -873 -879 1241 -886 268 -652 81 -28 -488 936 37 -653 -945 -976 1458 450 -1232 -1020 -1939 -777 -607 -442 114 -106 -1298 397 1055 -532 -226 909 -1133 -619 -986 -1108 645 747 775 -482 225 -467 352 482 371 408 -283 -1060 -481 -261 530 -62 322 867 -347 -407 312 858 1489 -284 -659 1339 173 -2029 1422 -802 2573 -71 893 542 289 -165 -533 252 636 -100 56 -1501 -344 121 933 369 -462 495 -473 832 -181 -981 -1043 708 -211 -882 -62 1497 -1011 624 -719 28 -353 560 176 631 820 -891 814 -853 -67 355 302 -662 -920 18 -230 -654 -408 -267 325 657 450 351 -555 431 -223 429 294 -1007 -127 1049 158 -1467 -533 -136 274 -580 578 1065 -71 -983 -207 -116 567 76 -1327 -313 254 -478 541 -2103 -767 -196 305 -905 1249 -212 933 -657 -1246 -482 -394 -871 -353 -1060 -53 -217 628 674 551 123 445 511 -153 -1254 1748 -558 819 684 -570 -194 118 -917 -118 1054 -1394 1053 340 -576 -848 234 -424 811 354 -856 -154 643 5 1229 183 -1331 341 231 216 -1020 -162 246 -11 911 -287 563 -1274 842 -158 -853 176 -235 1198 271 594 438 -610 719 -639 217 -1057 -973 -416 -427 -404 1042 -328 -1300 -976 1207 1451 557 -436 -723 -1323 395 -832 -956 133 728 895 -829 244 -619 132 1831 -39 1117 1270 240 -1295 -807 -247 -64 366 -301 -93 1432 -700 -662 -176 281 -333 -431 -192 -87 -465 -122 -265 -657 -712 97 -914 857 -1089 286 247 482 -1086 -313 -210 -373 451 -235 426 -653 -67 325 -740 897 -629 -1488 -743 62 -221 -20 -861 300 1221 352 -1504 -312 -1180 245 256 -227 -600 361 -329 -653 101 -868 605 -349 -934 -120 -1110 -324 155 835 -252 -1447 1417 273 -744 -1206 228 6 -412 -1785 -1467 -545 558 261 395 1584 232 -872 -86 -142 -540 256 335 852 -1344 938 177 
1302 -680 -11 -911 995 -469 361 -961 1041 -756 -81 -1220 581 289 1163 451 406 -477 759 -821 1092 723 -468 -739 35 -1128 866 44 -1000 125 -436 177 -658 145 479 778 45 266 636 -587 344 -836 -823 605 674 -796 -20 -747 148 -22 577 -11 147 -541 -472 -202 1531 1025 1116 -88 922 -219 518 179 -467 338 179 749 -295 828 -1028 206 722 1388 -897 -174 30 42 -795 -456 5 -275 48 948 757 977 -245 522 -227 13 -1476 -1235 -349 455 -571 -21 -870 2 1017 189 -536 -678 -483 -76 830 -12 -349 -378 -252 -908 -183 1311 1034 1267 -266 -1127 551 803 -167 715 -418 -1143 200 -208 94 -341 -115 -180 833 -684 -269 -134 424 -632 193 548 420 -1654 -737 158 -992 744 -1126 -205 -548 51 -8 -278 35 -374 -519 458 126 201 883 -683 -344 -177 -991 -796 552 1466 -360 -433 -967 -476 -1009 -105 -434 -1522 97 -613 920 -317 -393 354 -677 637 -1055 -1211 482 489 -491 1383 1171 426 -499 1094 591 -552 -1111 1172 67 113 -1277 -59 -1669 -579 -713 -274 -443 807 -1347 -421 1339 -767 1597 -434 -153 592 -1124 643 -166 -25 277 335 -731 -193 822 1244 -828 161 1402 587 1307 1135 714 24 1197 878 -588 -67 -444 -372 -352 -507 -824 -482 -161 788 485 -640 481 -140 -556 177 -1332 10 456 -159 -4 -423 -151 -69 231 -1863 -81 808 -882 962 228 -198 -592 -1200 -689 69 547 -165 -1217 1150 803 912 625 1619 648 873 -326 -593 583 -310 -741 672 -339 -393 684 527 -622 159 561 1254 1621 33 325 619 907 -868 135 -482 481 870 -1023 69 -327 1630 -313 -926 -848 -27 157 1246 243 -544 -615 -294 -399 430 1209 786 -392 -368 -616 -250 309 -274 -1489 1257 558 -117 591 264 698 444 -1593 -1492 -835 -209 837 -391 1265 -12 436 -514 -995 -638 745 39 -343 1188 -440 168 296 -34 -1566 20 -945 -239 -1144 982 -1212 -681 920 -790 752 -1092 -30 -179 868 400 -291 -588 1162 745 -470 -1728 -131 225 -706 -63 -1222 528 397 -307 -502 635 -492 -518 -905 373 -432 608 584 -250 978 -501 -338 -148 1146 -313 757 -62 
-101 384 -142 -25 142 894 337 -1028 -56 -547 -512 564 -154 -691 -331 -25 566 352 168 941 1022 1009 322 -368 -253 -142 859 -362 -1487 507 -483 1003 -420 -1447 -1045 1191 207 -516 402 73 514 1436 897 -989 97 1126 -239 164 631 -966 -276 -1342 -808 -59 411 1548 -123 392 -127 1103 -1170 -594 -260 611 -474 -1146 938 161 -621 -217 83 -956 614 -623 601 183 -332 -454 -411 -264 -4 744 467 1365 182 -405 -530 758 -1154 -316 769 -29 229 440 198 -238 -908 1099 -1702 -406 1569 796 92 -69 -67 -15 -1547 -1134 -710 -333 65 126 -1085 -402 131 22 75 -1221 185 360 -529 917 673 474 1941 167 -119 -543 197 194 -926 -122 -959 -804 624 426 208 705 498 131 366 20 289 -615 492 -646 -108 419 547 758 -383 -903 259 700 -1190 691 1118 -3 -1147 192 110 844 -414 630 230 -1400 293 -512 -1124 -556 341 -89 198 -781 -489 -395 274 1339 868 215 -127 101 2045 415 -375 -1196 -597 -439 163 171 9 -1138 -523 -1724 -1383 -216 979 58 -415 1414 116 -783 342 -155 -681 -580 173 461 364 912 -286 -472 -222 -295 -563 229 69 1316 1850 -28 -574 18 -1616 176 -1006 -202 1507 955 -1106 570 844 297 -1234 41 -754 -48 -432 345 50 163 65 155 665 -9 904 1198 -524 -1342 131 99 -262 -593 491 299 1495 838 909 -386 -29 217 1059 -36 -506 -422 395 -845 -971 652 966 -268 -68 236 -660 -938 734 512 894 834 1046 -434 433 983 -1448 424 -1159 409 64 70 824 729 -452 -110 956 39 1513 83 -434 1274 -162 1022 610 168 -544 -606 890 1018 325 -942 197 544 -1292 538 462 14 -776 -26 -848 795 576 202 -499 876 511 -5 340 -701 -244 373 432 387 459 618 29 232 -527 -305 502 219 -514 -601 -223 -493 -1515 -296 384 -819 1478 -297 261 762 752 354 -53 -62 -1388 365 277 752 505 -1027 381 -460 -1039 1160 -378 -873 1043 258 -916 1504 99 -91 1115 -957 1278 -678 1057 -25 185 165 1652 -1293 -848 140 -254 1063 476 48 -132 178 206 -705 -44 139 -446 -874 213 405 231 238 
1421 1532 1069 502 470 662 -825 530 833 -1871 -1786 268 732 830 249 -234 148 -1150 -858 882 377 -194 497 -322 1386 -779 -1335 -1376 -481 -989 -26 110 1015 1001 419 -109 -352 387 104 -392 368 -715 126 225 -146 525 -853 1453 -47 -100 327 -92 75 258 372 146 1094 -175 -1010 633 830 506 505 -1871 337 1601 -1417 -214 119 -151 1092 1041 -1043 333 -155 -955 -309 546 -599 452 317 -730 -275 921 1105 719 55 291 -1230 204 315 -244 95 692 -123 264 -618 168 952 970 -1108 -585 -649 -339 65 -504 1769 -682 1184 -1742 759 1036 1062 -696 265 930 -584 -279 -835 308 533 -203 -89 -512 240 -33 1061 792 794 -839 335 -139 -720 -1464 -626 -588 1092 -694 -703 -900 275 806 -85 -5 -136 190 -66 -1609 -261 -724 120 172 866 -1549 276 105 855 -518 711 -1341 -299 -430 -1237 -1425 -809 -36 384 -204 -415 -346 -811 186 657 117 -282 911 -877 497 -1392 398 771 -39 -272 -361 1457 805 -488 662 1313 450 -421 134 -227 -820 576 -388 -75 -783 -857 -124 -926 155 25 369 657 112 -136 -942 -751 90 334 87 -1333 1164 -954 -321 -804 -251 -601 -78 89 -751 -422 376 -210 -221 -1187 582 -656 1087 310 1730 -731 -699 -375 -472 -283 691 -621 -1387 97 764 -351 -793 -1621 -231 -1402 311 649 867 -725 -180 -763 1804 123 -77 -695 241 -523 107 143 -876 -162 621 -1679 227 391 427 39 -461 218 -1313 -122 784 -476 -340 -231 53 57 -165 17 -442 -642 613 886 77 -76 -53 -660 370 923 99 -1413 614 355 38 51 62 -587 -421 -181 477 960 -862 -2009 434 296 620 455 250 371 1072 505 903 312 1111 741 97 -522 -58 -1180 -1363 -338 -822 656 495 787 -541 428 627 -936 711 -1131 771 -386 -1026 490 316 -28 146 -651 -547 117 638 -676 -1309 -1303 -183 492 -556 -218 -292 -1065 948 -193 -279 1329 712 -1972 -1070 655 -168 542 294 258 -657 -952 139 409 97 860 -311 -905 320 529 -448 -150 -468 335 -539 -1260 238 -500 467 -46 113 503 760 -734 -150 -405 -389 -51 89 453 878 -435 402 -451 -1977 
-355 859 -1330 687 -593 -883 -890 -95 1257 85 749 -149 -767 -1123 1797 -376 166 -570 -1393 1072 1022 -1304 175 478 148 -559 -226 784 694 359 209 -782 908 -261 -1502 592 1648 -1845 -330 972 146 -614 -995 1101 -510 -579 13 264 -41 -263 281 -855 -678 -641 236 -1220 -244 -243 -349 -946 -217 -1083 -29 -69 -477 -161 -199 199 -524 940 107 332 1556 1566 273 -202 661 -4 67 368 -238 621 1214 -580 97 -512 -883 816 -124 -230 -1546 79 -1403 1053 -1402 197 437 154 583 -711 -705 630 -395 1085 85 359 -561 -569 962 217 659 1256 376 -98 1093 762 1510 -98 445 113 -823 590 -1125 138 760 -369 -969 -474 -681 573 -413 -426 830 -870 823 788 -383 630 -779 -750 -549 746 300 -81 373 269 -312 1045 -181 371 478 282 1169 575 218 -370 -750 -192 219 -531 745 921 202 804 307 -65 374 348 -1222 -240 -1255 -413 -184 -874 -423 -558 554 -882 -29 -316 -784 1125 143 983 -1081 -187 -1631 306 -781 -351 -741 798 486 352 -359 -1 621 -542 919 -804 -178 152 -53 -304 280 -2 151 797 1707 -147 863 356 -662 -212 9 1064 710 -1499 702 445 312 -569 -1231 -598 -311 -1333 -410 605 -484 499 -174 -158 -943 -1665 627 814 -198 -1065 530 -223 241 1016 645 -217 -864 89 -274 1521 985 552 99 418 -729 -659 381 -311 -46 557 -422 1026 -424 -1140 -690 -998 -175 -906 1316 198 764 -861 -143 185 1221 923 10 673 -827 294 796 382 -119 -1153 -401 -256 999 -1096 -1026 -882 96 361 142 -231 98 412 475 1682 -505 545 -309 1167 -797 123 -870 998 -1436 277 1197 -654 -191 -1543 748 1137 922 468 90 567 -620 -398 -749 -252 -1379 -365 748 502 -707 -44 458 63 -706 8 876 646 336 5 -388 -577 -1707 -1 -197 520 -519 -1660 -373 -437 341 -21 849 924 366 -275 502 -271 -1300 624 -466 1035 -122 839 1688 738 -354 -499 -172 -1216 342 -568 151 1727 814 578 376 -895 -126 -992 85 -181 -1079 3 2310 1251 441 -136 -242 329 1606 -736 -755 -651 308 409 -519 -896 353 745 91 -539 -216 -360 997 -263 
-171 -1196 172 -766 978 -646 1610 -422 377 -292 1030 447 897 -100 -728 -328 196 756 1026 166 -1285 -1247 37 -317 -1374 2539 686 -843 399 543 1366 -1032 -454 -1377 -921 1309 -814 202 -552 -1802 123 -116 -69 -1873 492 -2084 -1079 -539 -814 662 -1098 -420 -814 605 -625 -1238 -580 -901 -1496 -1019 643 273 643 -620 -12 693 -631 1283 -223 -129 -365 -530 172 -1071 -351 -661 -200 860 -1067 -756 560 -607 -832 1272 -1429 -722 -39 -327 -658 -832 412 197 85 747 357 76 -446 -661 1319 -660 470 -952 423 -68 -531 806 -670 1413 564 630 498 1199 -485 -1453 -280 -528 298 -217 157 56 -427 -351 -475 222 -221 -272 -152 -58 -1000 -189 -118 -223 -736 -63 -218 -841 -250 159 146 -491 57 -278 1120 -28 146 -380 -1122 24 -174 1038 -1378 129 -449 -2143 1481 89 1943 -248 -251 692 -388 -446 1341 755 306 -653 62 -771 727 608 -681 -1424 696 689 -1165 6 -207 -584 -700 -745 -377 -368 -542 17 -589 -1397 149 305 269 1562 -1561 -1257 239 57 -263 201 391 430 -535 -623 701 -331 725 499 324 306 -1197 -918 696 -184 -625 86 -338 80 1062 -1415 -523 964 -329 -7 744 -714 175 584 203 972 123 325 -668 275 848 -1054 -449 693 254 -561 59 34 796 372 -836 1245 36 -1040 -1704 -1152 -552 -322 -499 -464 -610 -840 1086 -680 -916 -794 -690 26 -66 -27 -332 -510 -171 284 -390 -828 -465 1106 520 -66 -685 -129 -369 1137 -157 -874 -1497 28 837 331 342 -605 -667 -240 -80 -692 -522 653 -1036 -1171 -1134 43 197 1378 -270 220 -83 -123 271 -886 330 665 -216 1027 -1060 -1357 742 312 -1754 -994 -631 211 -541 -673 889 578 248 -289 275 -316 646 995 -977 335 -782 439 -1057 -308 -41 -245 106 906 -1147 -33 -1160 846 -1048 -400 -871 -1048 -371 738 -645 13 29 -355 -21 1332 -473 -141 674 -1196 1129 -20 789 725 532 -711 1133 -1166 -575 880 157 145 -358 864 696 694 -460 462 -306 304 1317 -106 243 271 -896 -813 -326 -320 1854 356 464 -543 -629 249 345 -331 1216 -69 875 148 -479 -31 -161 -36 1323 890 535 -73 
-434 145 -897 -13 678 -975 338 -94 404 -907 682 -428 -460 -332 -260 -451 -309 700 -411 39 -2011 946 993 -1413 60 -850 697 331 -348 -538 -500 -209 -543 339 1647 693 -442 1001 -1966 -972 407 -2145 1482 -324 190 -14 -281 -205 411 -536 -1263 207 -55 575 237 174 -189 565 -181 504 376 12 908 -577 317 205 1063 250 342 -585 -41 398 -160 -1270 -112 408 624 -956 289 -519 -46 -197 38 -688 -1151 100 -512 727 971 -24 887 1897 565 865 -868 -603 -1202 -811 1256 1756 205 1035 -328 1054 394 -269 -45 1547 -8 -195 581 631 -73 5 738 555 -1092 85 -483 -678 -70 672 -81 667 -250 1149 -7 -164 627 -544 -941 938 86 -1343 412 -13 -300 847 811 1682 -588 -1687 436 -107 -941 570 1451 -830 1286 327 353 -367 342 -228 -968 -843 -472 591 -401 -91 -353 120 1133 -487 -109 1087 527 -41 -553 392 -828 758 426 -590 1156 837 -643 -833 -930 -1018 1377 147 1085 371 903 23 -526 350 1382 -2082 731 1216 1539 258 -268 45 -822 155 -556 -1437 172 344 313 -614 197 726 -1105 -1093 133 730 -384 -1218 681 -830 444 -906 -559 450 -212 -646 172 -281 1160 677 316 476 -730 1279 721 -757 511 -317 -500 -515 397 -4 138 451 60 -1077 1005 -390 -410 166 -430 681 69 -626 -41 -1130 -207 -147 -1549 -1129 -640 -733 514 -604 604 -1096 -846 205 376 950 -662 1463 690 1193 -365 193 139 587 219 -569 -699 -706 890 -114 -1203 824 -833 938 -411 1539 -203 -1530 -579 -517 -141 -588 516 -362 -1035 -517 -14 89 48 -32 626 -1004 64 413 390 -415 583 -732 966 1038 657 603 13 -126 -370 -191 926 -611 -125 -542 1112 -790 -532 -506 535 259 23 -345 -1274 -764 416 802 -992 -827 715 -840 148 -378 914 -623 -514 -1855 -669 -406 323 588 -1133 -190 -1264 -129 -992 -70 -1348 1066 1019 847 -1084 -2036 -166 -1061 -700 961 -581 63 265 11 -410 -825 -211 -1069 80 -1184 -835 -83 868 -117 -210 182 60 -309 -1652 -848 -383 935 497 294 69 1227 38 -30 -236 -345 -382 550 -366 -222 621 -544 400 -2351 -152 1054 
1991 71 -696 805 614 -297 651 732 213 978 -970 -678 -588 442 224 -456 -84 440 -147 407 -1233 469 222 885 192 413 -2377 -247 295 177 137 811 137 -17 -323 378 -261 787 -925 921 713 580 584 -470 -260 1018 -718 -909 -1023 653 540 -886 -303 610 1102 948 -1417 468 -1275 93 -94 -474 -1452 -436 -1029 -432 -194 -1134 -1023 -1061 138 -493 -587 -108 470 -405 550 136 861 -63 -153 -491 320 73 -228 485 -179 -819 1273 -843 -1210 286 298 -504 -545 -500 -1192 -474 -111 1255 326 968 -1432 221 612 314 -1039 -724 1696 442 -346 -43 -57 -1470 -266 871 949 545 296 665 -1156 10 844 -151 -742 504 650 502 244 123 -233 593 537 255 -790 17 1122 -111 269 610 -782 705 335 679 -229 370 196 360 -1581 -639 197 662 -887 225 -1290 505 -154 124 589 264 -641 -980 426 -138 612 -282 -269 69 -453 -476 83 -609 224 -276 -492 -167 -666 376 2387 -344 -588 -938 -855 892 235 -1069 65 -719 110 -384 244 201 261 251 110 -716 111 -381 -75 -1415 -1224 -712 -697 1197 -382 504 277 -579 860 -159 412 -265 -116 -1383 596 27 -90 543 -246 196 279 1422 -443 -752 851 -881 -1403 538 -1804 198 36 -636 -570 -9 -1327 -239 -215 -134 -375 1567 -637 -504 20 1030 421 342 -125 -1016 276 938 902 424 157 -527 169 310 974 -505 -1515 464 -375 445 169 -481 -469 555 269 375 -499 -499 -112 1268 -852 325 -61 -1477 757 603 -561 212 1453 1125 -807 438 -471 -902 243 223 -74 -676 661 -100 -1382 -311 304 430 28 424 -525 782 -146 575 -1244 -902 1445 -786 407 616 1041 -807 343 -478 493 -900 268 -134 -128 1213 175 103 1098 -1441 218 -816 -126 1386 840 26 681 69 668 109 -347 -392 -25 203 631 468 -349 -61 -309 -689 -670 437 -675 209 -580 -1956 -1711 651 930 -335 -195 -109 1039 -40 851 735 918 285 -412 298 -375 389 -86 -1779 -768 1781 646 -563 -874 733 1658 -758 400 -674 -718 652 -11 662 133 -368 524 -211 -563 1365 103 148 890 -583 -1006 544 -54 1114 395 516 607 -507 63 -444 
280 138 770 1126 -498 482 369 238 137 -188 407 -788 234 -266 -872 565 953 94 -500 -188 -573 583 183 177 1679 -680 -896 -360 566 75 597 247 -114 28 456 -1076 -873 -320 -68 -1161 1190 -379 1366 -699 68 -158 -555 249 1169 -513 -269 -197 -1186 304 -997 267 -1325 -134 -335 753 53 501 334 624 161 -107 40 -328 1197 40 725 319 347 -1025 -1580 144 -229 -73 -208 -864 -51 -531 -954 -212 532 285 -129 647 -498 387 474 1741 -693 1440 123 582 413 110 612 854 109 -799 249 277 13 -667 -667 -618 -757 -56 -1998 28 -957 -838 153 114 -1199 329 -712 -1157 375 139 -1060 -736 891 262 -240 -1084 488 423 873 -1682 -1152 -770 1551 -170 1028 -355 -1230 -443 -1241 239 414 208 -903 470 1189 -212 1183 62 26 843 -311 -1456 -545 -349 433 756 -200 490 244 558 336 -76 -1107 195 1179 466 -587 928 -46 -195 273 -48 -1915 -529 484 689 170 -28 1079 -599 -1258 543 -932 -873 386 709 392 -771 1029 300 448 -236 -303 750 -797 -60 -1488 843 -459 -844 -54 -907 1310 -1417 -498 -478 -666 676 896 -116 87 -136 -291 -918 -680 540 600 -2301 -29 843 -117 -587 -1546 319 -667 -903 -1286 334 838 9 105 -794 -326 -317 514 -266 1407 -207 1075 828 618 516 -796 724 -512 -597 -755 -163 490 -590 -458 -679 -1081 620 895 -1043 -521 51 820 -174 1053 -141 425 839 57 -406 91 484 1099 391 -943 -110 -464 438 223 366 577 -1058 -806 -305 -514 -505 481 823 -696 -213 -127 1288 471 -1569 356 141 -152 -512 752 -190 1163 -682 177 -448 -35 -321 -698 81 762 -573 938 -682 -661 -217 -57 1094 461 -49 -334 125 620 175 25 806 -1445 1618 336 355 -536 1228 553 -399 1571 1387 -1626 -175 -15 580 -54 -141 336 51 338 -264 791 -463 649 162 776 -244 -245 -738 382 1246 1642 56 -392 -302 752 299 -185 -3 762 -285 418 -654 -837 574 -901 393 -914 1264 -454 -257 -752 160 -466 -619 849 431 1255 867 284 1381 -330 -451 -180 2643 -289 -66 -230 207 -180 338 1373 -1268 -446 -571 446 9 -1252 1257 
-75 785 265 1551 -569 399 481 -304 256 726 1245 -539 845 -300 -397 -818 -2152 740 174 -274 -376 1422 295 -148 -432 235 -156 -178 -179 1284 795 -1252 22 2164 424 177 1161 302 1083 539 776 -1308 -393 108 -1487 217 -1137 -1612 -733 93 750 -405 -328 1976 712 839 766 114 38 -773 -487 -214 -306 395 -757 -665 -74 45 -352 -612 894 -370 1565 -1287 180 47 -465 595 122 -603 1069 -716 2460 1283 -1103 -528 958 1129 -180 107 172 -390 -411 678 1012 956 -229 -603 -791 -358 593 -331 -35 -753 -1152 1203 1461 1089 -1122 864 -619 355 -532 -451 752 456 -60 -151 -617 -248 -1133 556 -317 -735 -1424 -1073 -881 1022 -932 212 -482 -297 630 -573 -523 125 1226 1246 129 -61 -127 1234 -1255 -995 -17 -127 763 -1461 -179 -1435 656 -97 -342 362 572 -356 -14 -1508 240 59 783 178 -25 856 619 -1475 10 -17 -268 484 -381 517 -2478 -979 930 1530 266 -235 379 -281 -898 61 -590 564 -432 510 -307 -488 322 -120 -1167 432 -406 1173 -814 626 -265 -239 -277 296 -1471 -389 283 -1038 -1668 -533 -392 -5 231 344 -509 -1162 714 1891 842 717 1043 1163 -13 -260 -675 671 -410 29 183 810 487 189 429 -103 654 -596 -1170 -284 -403 283 -39 457 -422 567 -661 266 -283 -980 751 311 -257 581 -1081 914 -967 496 -1078 -522 793 822 195 -594 324 1212 -278 -181 -32 -1195 -456 723 -308 306 117 -881 1431 553 37 -539 -1032 372 3085 -79 905 -710 39 -353 579 688 776 -180 -702 -1714 682 1099 582 392 321 -1472 96 467 -341 998 -189 1381 1173 49 442 -1902 -1571 488 -1164 2188 4 26 -803 1172 -120 1097 -93 -2419 -425 840 -962 1424 -17 50 691 -221 257 -892 47 -549 827 -315 -428 -362 824 -540 1142 151 -331 1445 -186 569 344 616 -297 782 62 409 -248 66 -800 1955 -220 -920 302 -637 747 -10 301 14 934 -804 1305 713 695 209 588 -1540 842 -900 1337 257 -612 -563 -903 387 519 -770 1726 -499 -240 835 277 -186 -696 1506 386 373 -55 -66 -754 731 -607 -913 330 -188 810 -531 -252 255 -116 721 
373 721 236 40 488 -666 34 -372 1204 573 1128 771 -433 -1439 -651 591 -627 -77 -845 809 -1154 -557 -956 -506 -618 -145 641 44 -351 -953 -103 -168 -1096 -1488 -591 -478 -1069 544 -772 1581 55 750 1465 -952 -14 983 1117 -666 499 365 -277 312 896 -478 1862 324 -192 672 468 -1333 113 159 181 -331 557 -2673 250 -530 134 450 996 -441 971 88 -123 -1561 675 -904 399 46 -436 1074 883 -227 311 -1328 222 1278 -874 -1422 -749 122 1284 48 539 -487 91 -634 -1 -557 567 574 230 147 87 -1278 1200 459 -508 -463 1047 1489 -885 -834 -566 -61 -235 871 1348 -698 -301 -279 52 614 1188 553 -447 -1503 65 1301 -905 -522 78 534 -71 300 -748 352 283 129 1605 -118 287 -725 968 -325 1062 381 -1180 1124 632 36 395 254 -1007 629 -969 241 -356 1615 -312 238 -56 -58 737 -148 -1016 129 -27 241 1084 -668 -1491 376 -568 6 -53 766 -197 -532 -1130 -85 44 -389 -224 -257 -179 637 -220 206 387 -233 188 1177 -1245 -694 -13 138 -366 640 1201 -83 -327 915 128 -153 423 1944 -541 475 506 -744 300 -50 -1081 957 -728 522 1837 -473 -304 744 13 42 -947 -51 678 36 610 -1077 -397 629 -5 703 1265 -353 33 1134 777 -306 814 214 -1653 -201 74 -55 657 -456 314 -441 -210 1297 -668 -68 338 -1348 -659 313 -400 53 -775 -1057 774 751 813 -506 -80 -249 88 -311 358 681 186 24 1113 -151 1067 661 297 -538 -5 1717 172 1540 -793 -229 288 39 136 -766 -421 142 769 921 -909 59 -12 -83 -548 -376 -1793 -322 59 1705 92 -525 -921 1023 1618 736 783 -291 -270 -982 881 -117 -1061 -1256 517 -299 -505 -951 -887 -1280 115 99 195 -1627 -74 356 1614 -113 62 -955 -319 -839 28 389 202 -264 620 78 -267 342 8 -466 -1539 -310 338 -644 331 825 -265 283 -800 -39 -1624 550 394 1065 -527 -5 -906 464 534 1303 208 141 -326 528 -152 -276 7 -663 935 535 -184 -1692 388 -695 -3 371 -513 289 59 -514 189 -1184 -397 -121 270 -633 781 -519 412 -571 466 742 662 -1263 
1246 -1108 822 -111 523 578 -901 259 694 -481 -1045 214 20 -326 -104 760 474 -596 384 -1349 392 875 677 466 150 357 -35 -213 886 -453 43 -591 -435 11 -262 797 -1319 -169 -194 493 182 -204 -276 678 -745 635 -540 -1117 -11 -211 459 -415 2 -1226 263 -1128 -100 172 1417 -1499 816 -93 -25 -110 397 -489 890 -901 1986 639 -197 -877 -1096 164 486 -290 850 -341 463 -2066 -1166 369 872 903 520 -740 1013 -686 772 292 59 771 356 803 -187 -37 112 546 580 288 -847 -928 145 -294 149 628 -351 601 547 -245 -974 581 81 172 1093 -252 -1602 1486 -585 78 655 -189 -1665 72 620 -346 -9 759 474 -29 396 613 161 -623 148 680 -1013 127 -1954 214 -742 -453 -525 -714 1064 110 -466 -15 881 -386 -286 -98 -401 -1079 -1674 -1690 363 784 16 -627 99 882 -1043 -414 -760 385 756 205 287 -1037 362 -286 -358 -149 -1150 1669 -180 216 919 738 115 1473 -13 1216 568 -361 285 -356 -624 -1240 -348 -318 -186 359 304 -278 -740 972 915 -864 920 -637 32 942 8 -820 672 -48 -774 -286 414 -201 140 -390 71 307 29 223 -157 1037 904 566 490 730 -417 -975 17 -1571 -19 183 997 -715 -600 239 -113 864 -65 -734 -195 -57 430 443 -512 300 -234 510 352 358 300 -93 201 -188 782 1038 -405 -401 178 894 -1019 615 -368 539 -30 -463 -541 -540 -321 -519 -1739 971 747 -146 1133 -606 415 135 181 -1045 -214 1154 -700 -218 -160 7 -529 -268 -66 598 149 -926 -280 -957 -124 728 146 -47 -271 731 -105 1113 -533 -1066 -43 -182 1342 -1168 266 -834 -455 210 -1016 -1002 -742 169 218 -150 437 109 -678 -233 -97 1293 759 442 691 268 1107 62 1075 -1104 -1161 -23 -230 -13 773 -473 743 -1483 -341 -454 -171 -133 -516 -218 1537 -1284 1034 366 -196 765 3 714 1006 -1665 -246 -2056 -247 340 -1402 1245 749 1105 960 1443 -556 -832 -43 534 263 -92 -1323 1322 -738 527 -183 301 109 -477 342 748 580 -984 848 841 235 83 -724 -25 -454 671 153 370 905 -462 -797 787 -966 1096 9 1474 
-93 -83 141 972 367 -105 -221 240 116 258 556 -13 -422 -30 -1115 658 -1058 1588 -257 17 362 83 43 -591 334 -1286 -1185 -458 58 -815 -297 -90 1133 341 1051 -1252 -311 849 616 844 478 -97 -1644 -137 -1351 -1057 61 -1071 -1297 429 818 -301 -998 -1298 1331 1483 673 211 421 259 74 -517 -89 -146 -1306 -430 -497 43 814 -637 86 1406 374 40 -1086 -831 -480 -557 689 298 811 414 -848 90 -458 975 -267 1020 -712 -376 507 -346 -501 -1476 528 702 -1200 -387 1134 197 -853 440 494 -1145 391 472 680 -634 -151 653 652 -319 295 -526 -708 394 -843 726 -519 -743 549 693 304 509 797 -343 -281 -162 -400 930 222 -82 -579 765 -14 1001 1192 1104 -264 408 87 -519 -774 -1587 -961 -1055 1933 478 955 520 484 224 -1038 1209 -1437 -632 -910 804 -751 1261 378 877 -320 -161 1309 -552 26 -625 -385 480 18 89 -680 547 776 240 -521 703 576 -114 -1156 328 -691 -378 -1090 30 612 -292 95 304 722 -615 -176 -1560 237 526 -692 -657 141 -368 100 58 -366 -1172 635 764 661 371 198 1568 557 -867 -1733 502 811 537 403 154 375 -859 -1854 476 389 231 -711 -917 -6 860 602 51 -143 -120 -744 -254 -1176 511 -1291 495 350 -568 -119 -308 429 -9 790 -587 -1155 51 68 -489 486 527 315 -418 358 662 -52 -85 301 -201 41 -790 926 1279 -370 -26 -1040 426 176 -682 944 855 1527 -488 -385 -146 -250 617 179 585 -736 789 -331 -1366 385 -249 -1549 -900 577 -389 143 302 421 -359 -647 -936 -72 731 224 890 1815 -242 -748 659 -659 -571 -2539 134 -245 -554 1814 -858 -307 -1261 96 -251 -563 -740 -117 254 1391 304 -346 -1245 516 882 -97 -578 573 1162 -442 -613 288 -1236 -835 -326 868 -502 -452 739 -759 1047 1022 193 -649 1134 -757 301 76 -279 -96 -3 462 982 -573 -449 -400 209 67 -388 -856 -29 -1032 -90 -224 769 -42 1110 563 -282 248 -883 262 -653 -489 -1084 -561 632 -175 -475 -506 863 -411 -62 -66 785 -861 978 -303 197 -1190 354 665 170 -470 154 1634 -443 797 -301 
362 368 -324 345 1107 595 255 -1532 420 -958 1 -229 -117 -398 137 575 318 1583 340 65 -48 77 -153 139 932 389 306 33 -1094 -781 907 814 -761 509 534 -576 601 -760 421 -220 -1545 219 -997 -789 500 970 -192 -592 946 -611 -218 -31 -30 -260 -146 -98 122 545 -688 -576 179 -953 236 71 -245 132 705 137 -80 655 810 30 602 851 -63 -597 -881 -738 849 -399 -129 -853 1117 725 -63 -967 83 618 179 566 1549 -572 -617 45 1091 668 -359 -496 215 525 -313 587 -904 -229 -204 536 95 53 -475 -708 -928 949 229 -1905 -579 188 1046 -639 -301 -554 455 -365 496 588 -239 -639 -1087 392 -116 -278 119 -1164 -473 -437 -331 179 -145 791 -458 29 748 -575 491 381 133 -896 1352 -891 1478 263 635 -415 22 593 -20 754 -362 -1085 1884 -874 -383 -516 903 -568 804 -65 -91 -307 438 287 -1132 2019 -452 -517 -337 937 1031 -757 -4 -691 277 -416 -530 437 -1117 461 -384 240 922 -542 -550 -491 260 1741 -161 -678 -580 -202 -243 868 1023 1431 -69 -185 -83 -140 1227 416 648 860 358 238 495 -507 254 -1000 -541 -918 937 -233 -992 -1183 -139 951 316 -343 1355 -181 -165 538 428 396 -1601 -61 -1178 6 -504 6 -1269 -650 1016 -885 21 -1510 -871 -402 563 737 -1702 52 -708 -1085 -173 -446 1317 -231 26 262 -760 -172 301 -1133 549 457 1056 539 -286 32 583 560 1085 -775 836 2126 279 263 -665 -272 -34 -58 1081 139 759 -669 -525 -313 -399 -1524 -272 -287 430 172 1997 510 -259 579 425 -1230 9 44 1382 -681 -1175 1344 -1081 -671 -745 1991 226 835 -719 -1403 1675 734 -1077 127 627 -648 -1752 580 -749 -323 -548 -365 1569 52 138 851 279 1082 63 -754 -910 -156 245 -717 270 671 766 1544 739 -520 -176 100 780 429 588 -273 366 -234 14 -255 713 -64 1230 83 -9 582 -399 9 1204 519 -873 -568 394 112 262 3 -167 -648 551 -838 385 827 762 -71 -334 413 -875 763 -586 206 214 337 -298 42 1572 -537 -142 -880 -807 -1546 -50 -485 926 -317 -335 -407 305 -477 
268 394 -551 -30 -348 -584 437 620 840 -163 170 496 639 364 507 1099 202 -735 -603 -309 236 45 765 911 -457 -312 313 -384 924 -774 -52 -755 298 662 -5 700 -1176 582 604 864 107 34 -1160 1146 -450 1302 -40 419 702 138 178 726 -196 -549 249 -452 80 1019 -423 -284 -1215 314 1093 158 1042 816 734 -987 -44 626 -1048 -9 92 647 -649 -1082 -623 -855 1072 -1239 -10 232 -271 665 505 -27 422 -426 -670 -122 -12 -188 -288 495 992 -21 356 -1713 -805 -1805 -477 -210 275 302 -4 133 -317 923 1476 325 -29 711 166 886 -594 160 -876 -349 688 -1022 82 451 547 1360 568 -1333 -173 996 71 894 -1250 -152 297 -558 -99 -620 200 427 516 364 -1137 -619 1076 -1276 -173 478 176 -301 352 -365 -452 -152 -895 -227 -431 650 1329 -515 112 97 -96 437 923 -123 -746 851 -640 -1063 -548 409 301 -806 747 1302 -946 -431 981 268 -828 -1449 -917 -447 -377 -681 -23 1140 13 710 -1333 986 -958 -1072 713 1113 1016 -1205 734 -948 -351 -708 -73 426 1305 -26 507 1536 -179 -1550 -4 156 -994 -507 774 528 -1305 -548 -410 -1880 708 709 324 346 -542 61 485 400 -30 -1384 790 -94 -366 -524 612 37 -61 143 -567 128 179 -1261 -213 -406 1213 -649 794 -332 -1366 -291 -1156 -457 812 -930 -106 -514 734 -126 -106 477 869 279 910 -1463 -353 344 -758 -228 -87 975 -258 1133 168 -358 -78 70 -696 -1114 585 -1014 524 -508 -898 229 573 668 506 1000 -846 -954 -223 1236 -1282 -1895 130 816 80 -1024 334 110 121 195 1118 1220 -661 -178 -2106 -1007 -1192 188 70 1026 -681 -1254 182 -376 465 1254 -347 -1051 1456 -2 -429 1223 -477 428 81 1114 -667 -674 -908 326 534 -444 -785 -181 -469 846 888 965 695 -516 -179 211 56 -1242 1109 537 -755 520 177 -1024 762 -89 -56 -53 -497 2006 -1179 524 782 -350 -243 417 474 1548 -640 -708 -353 102 790 1364 -652 -68 81 515 753 -756 -1658 736 -38 -923 -690 -650 326 -348 952 554 -808 1030 674 -375 30 476 -197 -8 -582 859 561 591 71 740 
820 326 -540 622 1437 -686 800 -506 -1050 -1139 145 -299 -366 -358 998 -956 -482 1389 824 -364 -748 996 -176 -1201 415 1465 -78 -426 309 907 359 395 -856 -113 -492 -1000 679 -1557 -714 -1078 -541 165 501 -841 -264 340 -1350 1038 -549 -596 881 -595 338 615 714 -53 569 13 -302 193 293 490 -558 539 -3 -94 -683 518 -307 -927 512 590 -1104 983 42 -683 -1226 882 -228 -405 726 -205 -1273 661 -1637 -197 559 471 -108 -424 -142 255 1065 -258 -742 -83 -153 -339 -383 -489 -581 -346 -2 390 -57 -83 38 371 463 -195 -637 -229 68 -444 50 -112 566 785 -370 -442 -874 184 1032 -657 -468 356 -1688 -256 560 125 471 -893 63 826 1057 725 259 614 97 1538 617 453 -279 -205 998 1019 143 1142 -137 402 -154 -1912 276 -90 -382 -1006 -154 225 254 -797 1038 -523 391 -205 -385 -434 -409 1383 -1454 30 182 -762 -477 -44 596 433 685 -1200 1993 -208 537 -476 443 -145 634 3 437 -778 -747 -44 319 -727 226 -1251 -318 569 -1198 -272 398 -709 523 798 1165 528 127 -381 717 27 418 67 -840 -209 138 -352 353 -283 -589 16 924 142 -485 89 -566 -750 377 820 -1680 -121 -502 -459 214 723 -695 -1250 -290 805 705 -722 -489 -836 -40 -906 10 -876 1290 877 -2082 426 503 1703 -684 -234 225 -190 273 450 348 -1467 242 -1157 283 514 1561 -705 863 -970 1018 -2412 -715 -499 -58 -1004 -161 537 -910 963 488 -512 -1036 -395 -592 -627 310 236 73 -913 -648 -725 -142 -633 -15 806 -446 265 394 -345 -429 1241 -530 -145 -1139 -605 363 1383 -19 -201 1270 273 -45 -757 442 -245 254 872 -397 -538 407 377 -392 -39 302 1049 143 -147 -14 -897 -1190 -848 768 -8 -302 -636 697 390 -535 223 -393 -153 369 1084 -761 -275 447 -1069 -1064 667 98 -1125 -133 776 -461 -177 -85 -33 792 -578 -67 -329 772 -1597 1278 326 1532 239 -458 -315 -237 -509 36 1080 1228 0 70 -1275 672 -1123 -1050 152 1356 -739 828 -1845 -574 1215 -1058 235 167 673 -78 -72 -6 933 -511 -574 -66 52 -764 1185 478 -1525 
-6 273 543 -214 -1295 -490 -447 -166 1293 -751 -493 318 21 -29 -291 330 515 -1357 346 -575 811 1052 105 238 1012 -416 872 -396 613 248 962 -861 1625 66 532 -654 908 144 58 1530 -1446 674 -184 185 722 -397 355 -281 986 1125 1352 439 -549 -432 650 380 17 243 -346 602 891 -644 193 -819 -531 -488 1160 477 1078 1163 -352 3 -182 550 -656 -273 -421 -310 27 -410 620 1131 -773 798 86 -1063 -453 915 1129 -31 465 -48 224 -107 -442 -544 422 -61 -219 1582 1433 -28 -637 1144 -124 -502 843 -678 -550 108 217 -42 882 924 -128 -183 -119 539 597 46 268 720 370 733 -647 1006 76 360 -151 363 184 1019 104 42 -836 -368 1148 -557 1057 -727 1249 -476 -34 -1121 -1106 -111 -12 -10 -71 637 -8 -173 546 114 -246 86 -136 1160 -1037 -581 -577 -590 -94 -254 322 761 -398 -767 839 262 -562 91 -69 240 433 -126 748 457 -21 815 499 283 347 122 285 -264 -189 -221 -68 -611 918 379 219 -869 414 -382 -685 -321 -407 -614 -60 -529 743 -195 402 326 -520 -878 344 -393 540 958 -428 255 -1197 1272 98 -368 -318 -261 343 495 -123 675 273 610 472 927 -395 -428 -123 94 -1556 -747 886 418 -480 198 -266 916 -371 957 -1025 -367 1740 198 -108 738 1238 587 385 -1073 231 972 146 -1500 -509 -427 -774 -715 -512 -376 -122 -635 -559 -990 337 934 -264 -189 -87 -930 362 683 -32 -55 -70 -1210 -653 -776 -355 653 1028 541 474 578 788 1777 645 -516 -247 385 -672 -646 379 -632 1061 1828 -436 -311 -490 417 -853 991 75 240 95 628 714 806 91 -539 525 175 319 -144 798 -355 546 -1159 -956 -1631 -656 -806 -2146 189 97 359 -443 475 1085 618 -973 -624 424 -656 539 -321 565 459 580 250 410 -533 -785 17 -257 -905 -45 935 578 89 652 192 -80 538 -1201 764 -785 -1196 -150 -1425 101 -1056 434 1168 1703 860 70 426 -83 -937 -1244 -788 -404 -400 390 -75 -1208 -1071 -119 -4 363 270 296 -68 -225 -992 475 -490 -106 -25 -466 1251 373 -805 860 -1283 79 444 
-511 184 169 -769 1803 73 -19 -1222 -71 -331 1376 -829 -790 -1334 -24 629 352 893 -686 -415 -130 -160 295 -447 1232 1020 -250 142 -903 732 -977 -889 -252 -1821 605 -250 1181 1012 733 308 -895 -93 -562 867 153 -1301 -199 -439 79 1250 985 1184 356 914 520 -335 135 47 -109 524 556 -498 -211 -1164 845 425 860 387 -495 -386 -415 -1268 655 -1481 529 101 -234 -554 -898 489 1 37 -221 -591 -580 -1178 -651 293 708 -794 433 -512 -669 631 -1552 597 370 -93 -369 -228 231 643 -237 411 -90 -397 -812 -1163 1367 567 378 -365 -260 988 177 1480 -750 1353 449 921 -1110 -136 -548 -1204 1384 206 -415 220 137 -308 166 916 -296 183 -531 172 -480 882 898 1062 916 -304 64 -280 -1155 -703 -963 -266 1663 21 -693 251 385 -174 636 -117 -325 -298 -314 -462 -648 -430 -469 381 1120 -680 1118 1229 -151 -233 -1476 1015 -704 -981 147 506 272 763 -614 -396 422 -936 -240 -1042 -123 412 458 468 -344 -1409 -890 -138 612 1501 -1205 1031 -1367 -792 -221 536 -1327 -532 262 1181 -889 -29 -325 180 130 246 -272 -775 384 -718 526 1287 -222 -259 440 1514 -464 386 -1 -231 -398 -273 89 -246 17 -433 899 -27 -177 -910 -80 -154 -1703 14 609 -257 -904 973 -1271 178 604 -322 260 -565 78 -1009 -461 -707 1725 -478 219 -82 -453 -567 877 -107 61 -1347 -401 240 65 913 1088 689 849 -552 389 820 46 -331 -55 -1712 -50 792 311 1354 -1106 282 -346 1132 176 689 908 92 -960 88 325 -1150 11 -473 1345 315 1119 -869 -72 12 -57 -1025 493 116 -862 -45 -63 357 478 1466 -424 -763 -450 -494 -631 -172 -153 -624 174 -282 187 434 126 -760 -29 -1388 557 -1050 -346 326 807 -1383 -283 -1567 -1116 1061 -54 4 -89 -985 -950 -954 -1052 -610 440 486 1508 -644 -802 -253 -2063 138 -794 490 -6 -86 644 1191 575 234 291 -82 27 331 -365 -704 -316 -266 -499 -99 116 -324 74 672 -581 -479 -1311 -222 -91 -1217 81 129 -1125 -532 -1543 -1901 -654 334 -991 476 -603 293 401 223 -111 -315 262 -1858 305 893 
-720 -929 291 -107 -799 -2477 629 909 -1231 -733 90 -659 1119 -535 -1213 -309 477 -285 -1072 -914 -987 433 511 324 -764 393 1514 -212 -233 746 423 1123 -935 -229 85 -342 -292 407 641 79 -22 622 -609 -697 -618 -1497 565 -1215 -941 15 -156 267 565 545 307 -582 233 60 -898 -314 224 1260 -15 -335 -314 191 -1072 -409 517 -447 -1372 -532 1119 -669 -265 -317 -474 558 -35 -885 271 619 -159 -781 987 -122 567 -1096 77 445 1687 -695 173 -1057 1412 -18 860 -313 -425 936 134 545 -215 -1077 -224 735 1671 1861 303 891 -585 -821 -634 -1155 -348 -1745 -1172 699 123 -268 -555 -780 668 427 -417 961 748 461 -661 -523 476 1110 -1237 340 741 346 1155 -314 -463 296 -642 250 -1196 -310 -211 -283 -303 -241 -263 469 -155 1046 -350 77 490 -1066 -341 -1642 1016 208 998 1433 -215 420 -857 -516 795 -1193 -295 -923 -36 1037 -315 1005 332 -30 446 -417 -17 729 534 -432 -769 -681 -140 -131 132 -30 26 780 -842 -300 574 -129 547 256 430 31 -765 -284 611 -746 -1009 47 -190 -5 398 -144 517 883 -1279 229 488 -25 -93 198 -503 1196 258 44 78 -883 -1410 1623 -74 540 975 -888 -160 -300 -60 -500 8 -864 -349 -636 973 -1565 -479 636 -946 35 1365 -1650 -265 -1079 544 318 -780 -814 652 -450 -428 731 594 -787 -313 -389 161 -631 135 -947 -59 -36 955 -145 -565 855 571 -806 91 -1481 278 232 27 -726 1357 -249 -672 729 -504 -714 406 80 -144 -1005 -548 -719 -715 719 -331 145 399 658 -1464 -506 692 11 35 -1661 -329 135 -350 271 12 -17 -923 -1366 141 1264 366 857 -227 718 448 237 1495 -1358 -170 1203 -77 -64 -897 -676 -452 1977 195 125 -34 686 489 125 -951 -1044 593 320 662 1 -875 -1114 597 807 771 -586 -607 -428 -265 -185 -20 11 -1395 -38 1245 -363 -93 -1392 70 -514 1572 -313 -638 -689 -1117 -1524 -335 49 -379 -1561 -262 724 254 1851 241 896 -929 605 -581 1024 191 715 87 304 -2018 1345 -970 -708 -574 -1135 162 -164 767 912 -465 -285 -222 743 -532 -405 -365 910 
1064 -110 35 -242 -452 1112 -185 456 619 -284 -398 -67 31 9 66 335 297 -576 -555 334 -840 1299 -709 -127 438 -601 -1859 -464 218 1192 -314 450 106 577 195 436 47 -138 -375 -528 -803 -888 1274 307 555 -532 -950 -717 -165 -1040 -509 -781 1327 -423 -149 -524 198 84 796 -1371 -312 -1092 -124 -170 -123 -1371 -959 721 511 -26 1643 -740 138 -69 432 529 1326 846 479 -1140 -1134 58 2022 844 973 162 60 1649 1259 -159 -118 2492 516 942 552 -138 -2063 -349 -493 1002 -321 257 175 847 -155 -972 -1259 -770 231 171 -818 -1077 966 890 1094 -352 -45 266 799 578 1217 -1240 -1194 -886 -719 1167 326 629 83 466 -321 293 197 510 151 1026 15 -609 -641 310 -207 767 -156 1357 1029 -483 449 768 -1667 -1302 487 15 714 227 -49 399 -491 865 -1950 125 1225 624 80 243 -1053 -133 -329 1042 316 -198 1747 -1256 188 -470 678 410 -795 780 -369 222 121 78 -466 309 -577 -93 -478 497 1083 -45 246 -31 733 -829 -1822 848 -754 173 250 -1019 49 1257 -419 -112 -588 679 -861 1320 834 1139 28 -790 -346 290 -895 693 377 -1174 -1079 -8 -969 -610 1510 584 476 1064 387 -806 87 -1416 514 83 784 132 -41 528 -339 -674 426 -717 781 789 -1126 588 20 619 1101 -320 175 204 72 -989 377 315 64 988 444 971 156 -970 -253 -673 94 -396 1544 -742 1348 251 -515 -795 -202 932 -262 -292 -367 372 143 -464 733 430 -157 -998 176 -483 409 80 -312 -333 -902 257 -140 566 91 -938 517 -60 189 -730 489 1022 -469 -1653 -61 -286 1036 1036 -286 -1713 375 -751 87 -763 -758 854 -894 -516 -202 470 375 581 246 476 207 316 -309 900 46 -692 -495 -50 -1258 357 956 -804 -440 -516 -141 -407 518 -787 -1294 -986 -141 -843 1101 -1099 879 -681 519 -207 836 -1310 -1275 1233 -194 -1100 -281 -86 -124 453 -508 -1209 -431 553 -806 -385 -570 -443 383 -527 919 773 -2065 -1440 375 643 880 -1601 -141 866 -338 -302 -312 -478 2284 -402 -320 538 -385 814 -720 -676 1170 -565 -625 -728 -984 -594 250 -140 
-604 -407 276 216 511 -699 -699 -1036 1215 198 996 -150 -111 -39 257 495 -251 283 -277 -620 -443 -379 -548 -1167 242 258 -237 -210 268 664 681 36 -925 131 1604 17 -599 1183 -236 -688 1001 683 928 -607 -732 375 -579 -1346 332 -20 -365 -858 120 -56 -371 -722 865 347 2228 741 -120 -452 643 427 718 -807 -1037 90 311 495 581 -78 473 127 140 152 379 278 1174 1610 -1005 -409 -248 -212 369 -418 147 980 182 -972 412 -77 -1117 58 -301 -121 -27 215 400 1024 1458 178 530 888 -201 790 -339 -73 72 657 -187 -990 543 -332 33 368 947 -248 -617 683 17 -472 -675 -249 92 -149 402 311 594 489 -317 -564 407 146 804 710 -67 -115 -1293 -312 -854 146 -1003 79 241 -839 -1537 73 -147 -562 1159 -46 -210 -830 98 151 156 461 -611 -578 477 -42 404 201 382 -123 9 -767 -195 626 0 224 219 -1158 -396 -1181 -1437 -368 1400 942 -1059 -66 -254 -162 -651 344 -930 924 -11 -28 582 1161 -21 -292 -755 446 14 15 -837 3 440 -206 -560 470 1486 -891 483 382 -690 1802 923 -56 -976 -1295 662 688 879 -415 1013 -446 -458 292 -217 -839 101 -29 218 1041 784 601 600 -291 599 535 -739 1065 -595 1735 -498 -214 622 465 -164 587 1141 -84 1057 -288 57 425 -227 -247 -541 -623 -336 707 127 628 75 -306 811 941 898 -597 -61 446 992 -503 -1009 935 493 513 167 -2416 728 -578 357 652 -631 -534 -1098 560 114 -696 60 2124 -305 630 1391 -682 -828 -578 201 92 625 -277 -582 -751 -615 342 -776 -86 345 291 693 -1301 -754 350 1152 -658 1006 304 1415 414 194 -819 -226 267 -175 -407 107 1998 -405 9 -301 116 429 350 436 1270 -145 -521 1 -789 -372 160 -1019 -689 -212 -973 377 -983 -149 -199 -85 737 -1014 -1708 -999 -24 363 914 -2205 109 -623 -566 272 -301 1136 316 -983 -1362 -1143 767 -1579 -78 830 316 810 5 53 -171 31 836 26 -725 -676 -208 913 572 579 115 1347 273 72 88 -894 -90 -385 -535 1279 -724 -44 -1152 280 -584 856 -208 385 890 
-132 -556 1130 171 493 -606 -361 544 320 -174 1127 -270 382 1633 244 -470 -150 190 -992 -924 -132 927 835 -641 93 916 -482 -300 779 152 -769 306 -1018 -607 -37 1039 -459 -109 -1359 -304 -1018 -1028 -61 -256 656 -70 -280 -222 -258 -144 -2507 410 -801 -361 2 378 -920 1471 -820 86 859 -29 -926 118 -1074 173 -233 -56 847 -741 131 -1329 -1012 629 293 552 561 -131 -823 388 -341 -56 -430 -1072 -745 -2 120 -78 -205 -1136 -96 -87 703 -26 -392 161 305 -116 -66 635 -1433 -936 857 -227 -179 738 -64 -1535 -39 1234 710 520 -175 -461 -160 -697 -141 881 -865 -1553 148 -242 -528 256 -453 -357 318 1699 -55 316 1371 512 75 -28 -200 -1236 305 -116 73 -1000 -240 -241 428 209 -219 -284 358 -1118 461 535 -283 114 -551 588 181 -1079 394 829 298 -92 589 -149 -288 -589 -776 761 37 -1255 -1079 66 392 4 -290 -568 -309 -924 -392 -102 787 -82 -983 -590 -769 -528 866 -296 -1122 962 -143 315 945 50 -19 -922 -178 1768 222 530 582 -859 914 595 681 93 -540 -540 -1031 -304 244 -1210 -216 -501 -875 277 225 -31 176 -1456 -478 -230 483 -1427 1053 -339 522 192 105 -1382 396 47 -984 470 -67 961 425 -236 966 391 1464 1458 -144 -696 354 166 -789 -1243 68 -481 -19 -932 553 -409 -561 1481 -1101 -154 -316 -1599 -591 -150 170 -440 317 269 166 -851 -729 -1134 -18 -866 27 27 1069 -1270 -1764 411 143 427 -372 -1215 437 -887 -43 216 972 -119 -578 340 297 841 383 1250 -607 -89 546 -878 -344 -916 897 -625 307 -369 -414 424 989 -326 -262 -192 858 34 345 -188 -420 -197 -98 99 120 -635 -562 429 210 -314 -278 -103 778 -1658 -273 409 666 1518 -771 -259 699 -615 -594 -566 -465 -298 -1061 1086 -1109 1076 730 1110 292 625 1385 828 196 832 1049 -1641 242 -1059 -1529 -90 -776 -1211 881 -421 -146 -222 262 313 -44 599 567 -588 -275 -909 658 1113 811 1227 -413 416 306 -715 -254 1050 581 -582 -172 619 574 607 -1139 -486 -534 33 -392 1298 517 -392 1059 186 -699 -1165 33 643 
875 754 145 42 234 -979 353 -1026 496 -992 1036 654 -524 -614 -902 -1805 544 -1482 -855 -881 -563 -896 -210 1061 -1264 -868 330 -346 1517 -305 390 -176 428 511 -397 -725 -965 -368 -347 401 425 571 -594 -717 866 41 188 25 -322 -16 14 -465 -1468 1054 -612 1213 255 1762 -84 249 -1185 -329 -398 723 -915 212 323 -679 232 9 1029 23 655 620 366 -775 264 166 29 -629 275 -179 -178 -16 -198 522 -1282 438 -99 -489 167 645 -729 109 796 1599 1225 41 91 732 264 -470 187 34 1110 678 502 -511 -842 163 762 1175 -443 98 191 -439 1316 23 1038 -1790 569 1572 228 542 463 -939 370 -313 1120 545 -980 -1108 822 -1527 494 -318 1034 597 177 -481 1793 -622 -577 -246 -2 663 -716 -505 -366 1827 559 -284 1491 -360 992 928 540 -2326 -760 270 9 580 -387 661 128 26 -321 -377 866 20 -1942 700 423 322 848 -1015 1229 -476 -100 -1040 -523 -388 235 488 219 32 597 -98 -743 645 33 -34 -151 1857 -808 -65 736 14 -82 689 -270 434 -173 -454 -7 319 -1380 307 245 486 1251 -148 -1298 829 -250 -28 -1024 -446 -2038 569 -789 1659 -1713 -917 626 -245 -999 -350 31 1103 188 139 -208 607 -1092 -242 254 349 1614 522 864 41 27 -1539 -2258 -461 -322 523 160 -625 1662 680 -265 23 -603 6 -451 -669 833 -1424 397 -68 -825 803 569 772 -799 -756 708 -639 -18 -829 350 -672 356 -298 -712 28 -1023 -771 1889 -333 7 -636 1228 -109 552 1312 513 -21 -1226 -1869 -1673 1592 -1043 -11 -1284 925 -1125 772 -413 -1319 -277 673 -273 859 -1329 200 945 -1575 235 1681 1306 531 -799 864 -425 -37 160 699 224 -206 -1100 12 61 773 -1750 110 -689 590 -947 -876 224 -324 -580 -488 -822 -964 -545 1235 720 -312 -298 -91 -752 40 -138 -377 -307 1129 257 -1980 338 -438 -120 -11 1160 404 -257 -681 768 1545 -340 -532 260 899 -960 -9 435 -834 -804 -130 -398 355 22 -1792 557 831 498 -295 -833 1332 593 999 -553 1230 328 -1100 276 183 719 103 -354 -506 268 -217 -731 -42 -749 -958 
382 1818 -194 -1194 140 1212 -534 -179 -1550 606 -1036 336 -933 499 191 23 1463 -1209 -175 -2218 1017 -1130 781 -1334 445 -290 27 -1093 531 -309 321 -1052 848 -538 407 -1515 -605 695 -445 1075 168 277 -327 127 197 34 1106 -448 515 -634 410 -96 -26 -486 153 -170 362 206 1352 413 1461 -230 536 -329 447 320 -341 387 920 546 -97 -957 140 1296 1327 64 507 393 -667 68 103 110 429 -1066 261 407 -1039 14 -490 -618 470 -209 226 283 17 -392 743 349 -686 127 -735 22 -712 129 -466 -842 -281 -94 736 -1152 -770 1231 -231 2667 376 -133 270 -1410 322 -318 -518 -534 1584 324 639 795 -369 -1207 282 138 676 458 29 -720 -262 153 -419 -61 -703 -140 585 -561 689 1033 -786 -5 -186 -6 -62 234 111 88 509 -85 -997 -57 697 -285 -983 -1092 23 -1153 829 -577 -170 705 398 121 1883 -777 -844 561 770 411 316 434 695 184 -668 -625 265 -1055 -1155 1063 141 -164 396 -674 684 1075 70 -1121 1095 -77 1136 -75 -447 -1179 -420 690 759 -128 -82 465 532 85 8 629 880 306 922 391 184 695 -1199 573 54 -829 737 486 1338 4 -1231 -511 -1226 425 -377 -757 1296 -46 315 -423 188 13 313 -458 -117 642 1009 -514 -716 -531 926 1129 -76 649 1409 556 1112 -1016 18 718 455 -822 1047 -992 -292 -652 -766 -823 -120 -313 -200 1297 -392 -1301 -829 501 -855 309 1546 506 254 221 -95 -1151 -878 754 1015 -203 892 -93 702 42 485 608 -894 -324 629 -790 280 -276 -309 -273 473 -123 -331 -132 -48 361 904 -661 1326 60 103 -1566 145 108 56 544 -235 260 1692 254 -772 455 1214 -893 -59 1179 -1225 -420 210 -2161 623 -530 -239 -977 752 13 152 -1151 191 -121 -634 739 389 421 933 -127 -848 -88 119 1129 125 -581 550 283 -269 11 -37 419 102 -175 -704 1511 -824 107 201 148 -906 497 -1468 1339 -574 549 -368 870 -183 -92 -724 -596 285 782 309 330 -905 212 -531 -1388 194 1144 -180 533 289 -1629 -210 -992 -596 349 -226 -540 249 -284 -1040 253 1404 -1157 787 597 
81 -14 89 -316 -75 -309 1131 -275 123 156 -244 1105 -1491 -1308 -331 -1691 582 -585 -479 1042 -654 617 -136 484 997 90 917 -449 713 -1428 325 -302 636 -90 874 -355 -123 126 -38 520 517 -512 -193 481 -1462 -620 90 -294 898 47 699 220 318 -559 1396 -783 133 -98 -8 -1373 1690 -313 962 1316 -1015 -304 912 379 874 -644 1864 567 359 -390 282 -128 873 115 1223 -456 -1220 -35 14 -604 23 54 282 754 609 -109 1831 -536 1215 365 -778 713 -953 -406 261 -114 -10 768 349 -664 -157 -217 -406 494 -365 445 152 400 945 481 1146 -406 -592 -1125 533 539 -450 -149 139 586 629 272 -85 -1470 -1601 -251 -760 1298 239 22 -1371 861 304 82 334 359 -347 -1068 -253 -84 900 -268 -215 -47 -500 -214 -806 -946 -52 716 47 547 192 737 -2139 -462 -604 752 -462 -394 1668 -564 759 775 283 382 -559 -607 241 398 -213 2761 -109 590 -1047 -576 -532 -268 502 -943 1047 -398 -1386 -1552 -355 -162 54 -901 -553 344 -1482 176 -540 1111 1050 293 -292 224 -221 422 -1771 926 249 1402 -467 72 979 -563 321 1148 -329 408 -237 -1010 304 2024 304 196 1317 -1073 -394 -246 -593 28 22 428 1665 732 -929 504 553 523 622 458 -214 -1037 -1667 -217 -67 1015 693 987 -539 -369 407 -648 -378 -216 1396 -1310 -1682 -1716 -357 48 -479 -543 -629 121 1376 -788 -788 1594 261 -562 678 558 794 175 886 -618 1586 -844 50 -250 -730 -1390 -875 1027 295 -70 -507 -168 425 -246 996 -110 -479 -798 -722 570 -859 723 -488 -1257 -416 572 -920 -36 -308 918 -622 509 292 205 -826 800 557 -427 -326 -260 423 1230 581 -711 489 -479 948 -591 135 -1477 523 799 -946 339 -1111 -1246 -186 -599 694 -323 146 -112 -129 76 -656 -486 -591 -346 -52 265 254 185 246 821 -208 -250 -1048 1087 -502 -613 -1150 666 615 -101 -547 21 -326 189 45 -328 -1017 -380 224 -915 467 -907 -314 -218 -9 -184 57 -920 -188 -305 -1954 -1087 -849 753 -33 -492 781 -13 628 342 -201 -996 203 146 -823 -515 208 -414 130 -1407 -414 -336 
586 812 -1186 -1051 -423 1934 -219 311 -19 399 296 -68 -277 -560 123 617 -451 -1440 -140 423 -854 307 498 -135 -505 1616 1442 678 -334 1546 -1177 -683 -274 995 417 -755 215 -269 -1175 2188 513 178 -1868 712 1236 396 -450 -324 -486 -875 1313 -586 1022 -1270 164 -851 111 501 663 -126 111 -823 1268 646 -1499 -199 627 -753 337 -437 -24 12 1355 -480 -14 -366 680 332 -756 -797 1166 -117 411 442 317 -163 1029 -1043 -955 304 -772 -232 1087 567 1241 2016 -23 -117 1005 -942 -800 401 -458 -635 1092 944 793 636 -942 3 -74 382 -585 -945 -398 -153 -746 -31 591 -163 401 -136 -89 -1130 412 -1067 115 -1192 -1005 267 -629 349 382 -547 791 67 -1157 204 -629 206 -1169 -397 -58 -415 612 -1535 -352 86 -803 -401 287 832 901 205 1679 533 -882 -1287 574 -960 -1405 1447 -355 -193 1146 9 351 -282 623 -485 902 -1094 -139 -324 -96 -1048 -221 -157 -437 269 885 -548 -1138 61 72 528 -755 -1620 349 -611 56 -405 -34 8 -1791 664 923 -369 820 -157 -150 191 -704 502 262 -943 1286 980 -312 331 -12 -1057 382 1207 -473 321 -391 -1064 -77 1053 270 596 588 1522 -902 1640 1212 -1069 1279 1306 -203 657 610 383 -727 2121 -165 -1503 -106 -258 636 681 375 -446 -130 -1084 225 -357 -138 -773 -702 -407 -126 -171 -783 -1305 686 -332 -331 -305 -1315 -1746 142 192 -104 228 -710 44 321 48 307 -342 -155 1025 160 641 77 821 -188 -250 -1212 152 538 357 995 271 553 16 -168 874 42 -1085 -344 -44 1115 1022 -340 -1055 791 -327 -692 413 -310 -282 -808 -117 -1881 1616 -431 230 -85 1280 -821 66 -841 1684 -1080 -1147 136 496 -664 77 -193 -661 -838 876 -594 -2001 -495 -793 922 -618 67 -1410 -157 -581 -558 -2099 -163 -181 -1221 -169 -612 -118 246 -120 1531 957 1013 -753 -1137 -1090 -1857 -525 225 127 1126 481 32 -239 236 555 147 666 -645 575 -540 -1619 -212 261 -596 -618 370 -805 -613 -890 -694 -1789 1405 446 36 -146 360 -98 -139 871 -142 -233 303 429 1475 430 1285 -1049 355 -255 -838 643 -667 983 
291 569 -212 -599 1095 -780 -61 755 -1123 -1118 -12 339 -693 -551 901 -871 -282 -1006 374 -239 -677 -2089 -1188 -672 635 3 448 -594 62 155 998 -936 -97 -853 -787 -925 165 -320 111 -1230 671 509 845 -27 376 310 185 229 -167 -722 627 659 -1270 976 -145 -575 237 33 571 -676 -461 190 240 166 -296 -9 753 247 -581 -342 654 369 -20 -836 121 770 424 496 -419 1144 483 520 784 -368 1498 819 1236 -951 322 -1297 92 -192 115 82 563 -365 1145 284 -239 -23 2135 175 -1825 -84 -213 392 -9 -429 523 966 1380 -512 -841 -359 -894 -94 -385 202 350 -660 -446 298 309 -117 386 -213 -10 -1282 1297 -644 -151 -393 -42 -898 97 -211 978 -342 101 -1274 -675 -405 1087 779 -435 852 -139 -1088 700 1012 -938 -213 236 -1291 723 198 226 -700 581 1223 -908 1428 -293 -337 -383 141 1123 -740 -736 -989 58 11 572 1023 -556 65 -346 768 198 -737 865 -1518 431 151 -391 -729 -873 -392 294 1320 1095 -752 -459 679 90 259 582 -344 -762 -176 -448 -1240 -149 -48 1322 439 -556 -928 -136 -1307 -521 -216 487 340 719 634 -778 787 546 -861 630 1302 211 -134 1425 216 686 -543 -345 17 -671 1164 -1762 -1847 -212 -487 182 1196 18 309 -963 92 -416 -1274 421 -134 -496 -668 837 -910 -561 1 -47 -371 -944 -250 -894 181 -751 174 1066 -414 148 336 583 -63 -554 -32 -175 -512 -40 -549 306 475 -187 -239 -765 -1385 -982 -1533 64 723 410 1248 133 60 810 -242 1321 2356 -599 57 -106 168 344 -689 34 -18 380 -77 559 800 -1378 449 -192 130 -881 -124 819 410 100 434 -475 61 1202 -419 -473 -449 591 572 1377 -478 -1534 1471 181 367 519 813 -500 98 2341 48 -521 -325 958 -106 955 -828 312 18 250 -1149 -554 -146 313 545 -2021 383 297 1057 857 191 8 104 342 306 717 976 -700 823 1127 963 -95 -25 291 24 93 -194 -928 544 110 255 223 213 30 129 316 747 220 577 90 590 625 191 -1412 308 712 -466 1697 180 -461 -1359 88 442 -399 1212 -81 860 -577 -238 
-1877 270 -1356 -303 1231 410 -544 -40 -854 -885 634 1900 22 890 -797 -1113 -528 -929 -478 295 -1 310 350 -692 -441 -173 947 1027 -265 9 -342 -1329 -263 334 -307 -164 114 631 409 1297 1227 371 -843 -248 889 -1218 -43 -246 215 120 -1413 -273 877 -923 404 -1058 -447 -777 -1507 170 841 -1189 -614 -795 -825 -346 -2365 128 -432 -461 -470 -338 1150 476 -380 -526 -651 -1352 33 762 -1473 -257 1599 -952 215 1190 517 -1082 1363 -179 438 570 -353 387 301 807 -50 -295 -1277 439 568 636 1121 -912 -335 485 34 -589 -286 535 827 -214 889 -332 -522 -480 -174 481 -321 -1090 94 -519 -315 -1343 240 101 -367 2165 -78 -27 -848 -1705 -1129 225 -23 366 -522 516 278 -507 -77 -1145 1045 743 -55 189 -29 -245 -457 817 -100 222 -571 579 729 548 596 88 -20 780 -1352 476 -388 210 1142 -816 137 1017 370 425 138 1313 -790 -553 1744 -1115 660 215 -389 -204 127 -1418 -1380 -93 306 262 17 395 1432 190 -687 310 -762 1129 117 952 473 422 1188 -1412 -61 127 1050 -1226 -729 -183 -94 1362 -927 174 441 -751 951 735 140 744 -1499 824 -294 -50 491 -393 -487 1376 -393 1175 1070 -448 -509 1331 -591 140 -645 -465 -443 -178 -26 936 -473 -378 -426 -115 857 -1281 -3 -241 970 309 -515 -1172 -321 565 22 -171 -792 -342 -616 -1036 -460 504 531 -440 -97 437 -307 -1284 -1003 -407 217 223 993 -398 -329 63 90 1382 -1027 -1313 -378 1559 551 -466 343 124 583 -665 -662 -1854 -651 461 -646 327 -713 159 1257 270 608 -766 -1033 142 1076 -34 -852 683 -711 27 -293 -274 974 -1193 59 1149 814 -614 -336 1421 84 172 -2050 1418 -67 49 -729 -799 819 133 640 649 -1484 380 -180 956 592 427 1106 -407 277 -1623 -839 503 -226 -80 -112 -453 -876 1602 -271 -426 964 340 -920 -331 832 6 265 1834 1087 -1050 -856 830 1557 7 1916 -918 637 -52 55 470 -1188 -849 526 -300 1970 839 -952 827 -479 -861 50 -803 -467 1167 115 -501 616 23 -282 -846 -35 673 -358 -2169 429 68 1010 -965 -150 -2317 344 764 
1375 -637 756 -1301 -1862 1096 1427 730 597 -300 74 541 1047 -43 350 163 885 -848 514 701 -275 -406 -1074 647 -848 -854 757 -157 101 -1146 378 265 -537 294 695 174 -516 63 118 788 838 477 666 26 -128 301 -407 -117 585 -175 -862 -499 -12 -413 -161 -86 -432 -407 -75 -223 -1552 13 681 742 -39 -1215 2125 272 -78 389 -286 -216 1535 1661 -617 260 -933 593 -1006 -389 50 667 120 2792 523 -22 -295 -358 818 -119 -153 -344 -184 379 1231 -691 156 762 -1617 -767 -75 -241 1998 -968 765 31 -728 -197 -1318 503 62 -1156 -129 -360 -191 -312 103 -511 -305 -356 218 324 452 -428 -360 22 541 -453 -254 481 -368 -14 116 -488 154 -721 762 86 -195 15 689 392 -1172 118 -449 -731 640 -487 143 -1244 44 1415 333 1142 -694 561 -386 -792 388 259 694 -601 149 -105 1247 -628 -740 -91 1918 -493 692 -198 -73 710 513 -100 -1093 -1353 -567 491 1225 -295 -725 -118 321 -129 -665 1619 2371 24 771 119 -289 979 -657 -1319 -797 317 -174 527 -82 67 -399 -895 815 -205 -188 -877 -1403 12 1537 802 -73 -1747 1176 -885 -121 1087 368 -254 -980 1522 -602 619 69 -976 286 432 1011 1333 -43 -310 548 1713 51 66 484 -1609 -975 -57 1167 707 860 1308 -316 9 406 1320 -900 -1072 -123 467 -547 355 -465 -372 591 493 -198 1016 -736 1435 130 -7 -264 1716 -870 -72 -291 -289 394 615 -351 511 310 641 172 -786 -59 -847 -478 -118 -669 180 568 6 713 -715 -182 -156 51 545 538 376 1171 -617 -649 383 -1042 1021 -1070 -100 -192 -730 -51 -366 310 1068 -123 487 49 -423 -438 287 977 753 114 -2 -1467 -467 615 90 -1000 -790 892 769 826 476 505 -1585 -1026 426 -970 -825 -354 222 481 1018 170 -42 441 1089 1125 766 679 -70 813 -260 -418 222 1348 402 -979 -240 -1374 -1147 176 -674 507 -970 839 49 360 548 693 -80 -715 1434 412 410 -521 -753 664 814 -1339 533 -79 -1538 -97 -1471 479 636 -30 1089 703 -47 286 122 1431 696 1902 -268 -609 350 -576 -1206 -410 1034 1192 1212 
108 -318 323 637 -473 -864 -1385 -964 -120 201 397 -64 343 -388 555 1655 -291 72 29 482 -740 414 -93 1398 -1046 86 -447 -342 331 39 190 -699 491 -1068 -630 463 521 830 -1496 744 -841 -1587 581 -1109 102 -86 -554 -579 -869 912 389 18 358 -315 116 -1004 1079 98 1080 -370 938 -587 -98 147 716 -147 38 -394 -126 1268 863 288 846 361 250 -197 1501 -1052 1213 19 -1137 835 -402 -516 -389 302 -103 1967 -565 -491 466 -307 -142 228 -56 1023 199 238 376 556 539 1014 -593 530 559 -213 -604 399 2037 -757 -320 1955 -547 1087 -887 -791 -1182 -555 106 -1386 291 1106 -133 892 -360 -63 -1151 -692 -417 1842 -1301 1040 472 463 -287 -753 -216 801 -75 -449 -222 -398 425 -80 -348 -52 -733 289 -874 87 501 -243 -1054 -461 268 -803 7 -1578 572 781 -85 1626 -111 -287 232 1532 27 -775 -372 -395 640 -1108 110 362 -902 1321 293 -786 -1058 -541 -710 2515 29 554 -644 727 232 -39 -903 -141 1412 1588 -633 -318 -45 1082 -1009 -135 1131 -338 654 -816 509 561 -383 -75 1015 -603 -897 1316 931 -192 -475 -245 9 -231 293 881 -625 120 738 759 469 -1727 -251 1139 1143 1228 1750 -593 -1094 -72 513 1737 573 -667 155 86 -284 624 -170 1096 -465 766 612 364 1069 -721 795 -1024 239 380 -1071 -473 619 63 -120 -381 -1083 628 -577 -259 538 303 -725 -491 838 -244 429 -414 -80 -555 165 -787 576 560 899 -135 -389 1161 394 -109 260 53 -1604 454 845 -211 799 -1669 292 903 22 -290 -2781 419 942 741 369 -1231 -1388 -463 -596 -306 -590 -129 499 927 -73 403 -861 -136 -209 -470 940 -217 1460 -517 359 -400 -1283 -1396 564 393 473 540 -264 1315 -138 268 800 242 494 969 41 -758 -972 676 -659 -1241 234 215 -515 -95 326 212 328 -456 -482 -66 153 -451 -808 254 237 -771 -790 205 1075 -565 -1374 -673 -409 532 -263 298 -746 1091 -989 -145 -85 102 -857 671 -469 678 -740 -427 306 263 492 -92 1241 -594 82 -202 -239 834 -788 273 664 568 -988 293 103 237 -1714 -64 -674 -742 
389 416 -1000 -437 115 -1496 -939 587 268 178 846 1031 -307 689 -629 76 -322 261 753 761 -646 51 -394 -236 -982 -986 -819 1424 -231 -299 622 -326 -737 -1727 -1078 371 626 -1001 1371 158 -247 155 944 371 -59 528 -258 173 356 368 -1244 151 484 472 175 428 359 -446 -426 -125 -241 1117 -627 -1456 1204 -1310 11 416 -709 379 279 7 -142 352 661 -712 -29 -361 545 -435 -648 303 -404 -301 -383 -1200 180 -972 449 132 522 -723 -698 -640 -609 22 -111 1189 -1719 -835 -47 762 -561 -400 1565 321 -818 -1452 914 960 -1031 364 -533 -274 -327 955 -620 -584 451 -574 285 -375 -407 229 -840 -1139 -741 605 161 -754 134 -195 -228 -475 -1045 223 214 -643 -1100 939 2115 -356 -472 -351 -613 -269 -470 564 -282 891 1059 1020 -65 248 462 -143 -374 -782 -1087 129 -1103 -841 -555 -429 28 -695 743 656 297 -122 595 -947 1493 -1239 -42 -775 -538 -978 -82 461 964 80 517 -1116 -692 -429 638 580 625 347 311 1173 1012 885 414 -1198 641 -424 -136 1128 -112 -1179 772 -1163 -315 -400 241 -528 -38 1814 54 754 424 -24 672 -425 -931 592 -1048 -115 -326 -515 -468 401 -515 621 263 458 -307 568 -259 66 -289 11 476 -2583 814 -281 209 1016 -1635 22 954 -666 -274 -24 -456 -132 -345 -114 -110 1208 763 178 568 996 -989 -141 967 -436 -387 796 1269 -133 -794 -46 210 482 -725 -909 2 -731 -605 1817 292 -893 -2011 -1007 -1417 -39 1440 -474 267 75 1122 404 -434 265 -892 -212 391 -20 -477 -326 -1140 -277 -1313 -246 -780 -1503 -91 -379 615 -1141 -113 -892 781 -138 -342 519 958 946 -810 40 -416 -1161 84 152 -851 -904 287 -810 -5 698 -374 -656 471 -36 -211 578 645 474 -1063 114 502 218 793 1309 1262 738 -673 682 589 247 396 -7 756 -1155 -369 51 -1146 304 270 -699 -535 -660 76 -317 997 -287 -763 -828 92 846 -231 -155 -1182 -1098 608 39 156 1365 -584 -1046 -163 725 38 -6 -221 -346 -61 925 154 116 -732 336 859 562 -251 -806 -522 -437 349 -40 195 639 -532 -564 444 -10 
398 -57 -1139 -52 -1595 -111 383 150 250 -508 -333 214 23 732 743 -367 -598 -615 347 -780 723 231 -91 84 493 -663 -1013 200 299 478 510 1154 142 -991 551 -378 -539 313 15 907 66 336 -866 1292 -288 146 746 534 496 460 494 -54 1002 -148 -146 76 162 -758 -209 1107 -378 603 1483 763 -52 -89 -25 -769 -409 628 -203 -989 573 401 164 -539 -1228 -994 421 -291 758 -248 -1012 146 525 179 347 52 -138 516 244 812 -1563 -681 -640 1067 593 -678 971 588 264 226 -260 -162 2156 337 -387 -573 960 -92 -156 1776 84 1796 1666 -1118 -1085 15 432 -252 197 580 18 41 714 -311 -1090 84 847 770 -192 222 -1999 -1222 -404 472 -125 -201 -1603 349 -327 -126 214 -1268 -1846 -348 -1074 85 -323 -231 -182 -686 -457 -832 -126 321 332 -731 -206 -802 -1349 -445 163 818 -770 -974 401 -1889 1373 618 -226 -1531 1442 -1115 -444 845 739 -248 -1175 -236 158 811 -114 -207 483 -282 -678 -647 -688 -355 1210 710 87 1044 -508 -26 -297 316 -1106 1100 -476 -3 287 1432 -341 -253 919 -152 949 -449 -350 135 -830 8 143 102 979 529 679 276 -294 269 154 -108 649 -688 77 -288 184 587 813 -480 -142 -197 -339 -1563 -283 -420 710 -147 -109 725 601 344 -791 831 420 274 585 651 -84 -585 294 -55 297 300 1147 550 -526 -522 498 1024 -74 -1215 -133 -325 -714 -534 1159 792 961 -317 -842 -210 -323 -237 -305 327 -763 245 242 -1369 -11 210 1208 1275 -171 54 -332 485 -371 450 1120 691 -1194 615 11 -81 1611 280 -1342 549 497 26 -864 1774 488 -396 -1444 694 -1148 421 -6 88 312 -638 -1482 109 -264 -2126 73 457 724 -31 -577 -373 1164 414 -1021 -165 106 322 -248 355 -962 17 -401 703 641 809 -84 637 533 320 1455 -385 -659 377 1004 79 862 -938 -1111 -613 454 -115 748 -1545 653 -760 -47 -1082 1077 847 -493 332 -843 -237 -265 -971 -684 -61 -452 -1503 788 -1588 576 43 814 471 -803 -1796 624 284 -233 -99 -1487 -754 1242 -818 -1101 26 -531 -66 353 770 -263 530 1286 1957 
90 -45 82 -274 748 41 300 -903 -92 -954 778 122 325 110 1183 -644 -115 1462 -1339 421 1005 399 273 169 926 729 28 -218 -203 -31 -1330 222 -446 1133 -72 -608 -220 794 169 816 485 336 -745 -716 128 270 797 -18 -707 -481 -625 -45 62 -247 383 643 947 416 233 1835 -632 574 -524 -698 242 315 -1043 352 -245 163 -689 1158 -305 -52 -268 773 600 -296 -91 -92 -121 -224 -899 122 9 -401 204 -1622 -254 670 -101 -227 1129 -543 1822 -505 -279 -251 614 -599 -1274 223 -107 -10 37 522 417 421 528 -495 136 197 344 -1098 -989 802 -218 583 -144 -275 460 375 866 39 -256 619 434 664 306 -987 -627 -518 -2130 591 -633 -461 -904 -49 -533 501 -6 334 937 653 -100 54 -904 -1033 950 722 -275 171 -1328 -251 306 -298 333 500 -341 789 904 289 76 -25 488 -130 233 -1078 -312 -300 -553 -595 -1122 -322 437 -78 527 35 938 821 42 764 -122 847 98 805 280 597 -189 -35 -58 -160 -407 -649 47 -80 -374 903 -330 543 -715 165 788 -250 440 472 86 -929 -376 -657 437 12 -71 981 989 1720 1571 -1132 -108 -355 -233 512 960 -36 544 -238 -202 -414 -248 1788 -222 -1035 281 -181 -500 951 -58 -395 215 -290 1044 -370 -86 457 -270 740 271 276 430 1115 -1064 331 -344 -564 -585 1635 214 89 711 11 748 447 300 1039 736 1046 -1105 247 124 752 -213 -1012 1099 229 -1428 -236 224 542 201 1016 42 -466 1044 -177 -588 53 -1216 28 -988 556 -891 631 1288 983 634 462 -869 699 -1950 147 524 52 225 277 180 -197 -416 -671 46 93 -70 1563 863 -887 236 2379 -1148 -1318 -1083 -613 -1063 578 1382 -560 491 -363 1026 318 -591 114 -760 -1294 475 -526 287 -260 628 -479 -2007 87 630 -533 -86 -350 315 -44 -21 281 -423 -221 -792 -1063 -1281 361 166 230 310 -817 -659 544 -250 -1081 1919 -308 -146 -434 -851 -1817 -17 186 -7 -371 546 1834 977 117 639 -1176 -46 -807 -269 -198 89 -1273 -341 -23 -478 -1014 -372 774 1038 1563 -673 -499 61 -109 -322 -27 -168 880 
563 666 462 -98 -1336 525 358 -307 -417 -1147 -295 57 1289 420 737 -369 530 344 65 -412 348 871 42 829 402 218 348 -468 -112 -631 -350 -595 -265 -262 891 676 143 324 589 -280 -101 -92 -207 -1241 -236 375 547 -348 91 768 242 -1229 -389 875 -38 269 -397 10 1132 279 -531 -725 274 418 -604 484 664 -1043 -798 -683 422 -329 1432 -335 282 576 -1257 -287 -1035 -279 205 -250 186 1856 -1159 -539 -1187 -496 -1078 -372 -52 -883 52 -766 -474 -1102 1005 -379 75 -743 397 308 -566 -501 114 -364 -921 194 -1155 -593 93 482 -721 -1820 863 1147 1618 105 941 268 -682 308 -122 383 58 -702 -590 539 -483 161 832 -385 197 -562 -507 670 410 671 468 971 -1581 -236 -469 -382 -928 -97 -382 -270 41 -596 -1213 365 -293 855 -213 675 204 341 -1409 -156 533 1224 661 294 816 -169 -833 173 337 -134 -28 -228 -1561 -489 -627 -96 314 277 1303 -868 -680 -485 -100 -735 -120 -811 -705 189 1147 -290 -571 44 242 -1210 -6 147 380 1004 212 -829 -765 1041 690 -220 -770 -175 -125 -447 1002 515 -358 450 109 -322 -506 323 157 -589 322 -2 -475 -189 -486 115 687 426 214 -727 -236 -828 1537 79 42 -265 -412 1470 -216 -1216 -278 -649 257 681 696 649 -782 -1095 -297 252 46 -490 -655 -122 617 687 -366 -875 572 1183 -474 801 -246 269 355 43 509 528 -680 114 -982 1122 -894 -1031 337 -657 421 148 1555 -154 -72 -1519 -94 98 352 356 -138 423 34 324 -85 -687 173 -922 -1439 1086 236 -487 532 -82 -424 556 -1314 -886 -829 904 -265 -174 314 1504 1322 -827 -1385 552 1576 -468 36 -833 694 347 461 -134 790 331 188 -337 93 -386 -202 63 1444 303 -1033 897 860 497 -756 -823 795 829 1400 -310 -457 -285 413 197 269 -569 872 -177 -348 -15 507 -157 -28 253 -336 425 934 1020 1487 -894 702 332 281 -343 -264 -292 1195 177 -229 665 -7 443 -647 -803 589 -912 1100 -75 33 -1077 -823 -180 345 591 319 -344 927 -136 514 111 -657 1129 664 -123 148 -1047 3 1563 1303 -1037 
265 309 -1377 -480 -608 248 328 1279 784 -603 998 -676 -817 -44 135 135 -288 558 -838 -879 596 -359 1027 -18 946 133 201 1023 534 532 -313 171 -49 -51 75 172 393 862 -744 339 -1309 230 311 327 907 -1124 1473 -150 -26 -938 -433 -467 -166 -1273 477 1049 687 667 596 99 50 328 242 1132 286 -238 56 299 -996 -1146 -2016 58 -427 206 -1114 -327 1128 -1473 -151 447 -75 253 -554 -901 917 -470 386 3 -240 663 -173 -540 -1038 680 1658 444 276 -439 -64 -833 -1185 -262 -1126 -65 478 1122 2315 -217 222 628 584 -136 487 -558 458 81 -269 264 -704 -842 480 171 477 -68 465 -1456 -630 -247 438 428 -128 23 611 524 349 533 -59 138 158 644 813 -2010 -37 44 81 177 -92 1056 -112 989 980 -408 -605 1090 278 384 -433 798 560 100 -824 -965 -750 -1532 -2061 -938 -287 12 -275 881 446 557 -163 -674 712 -814 -311 618 494 -37 -147 -104 987 510 606 1589 -1194 -209 -537 -79 -169 -98 -736 229 1359 -393 870 659 872 805 -551 1293 784 30 452 559 661 -732 138 -461 -976 612 83 302 36 652 -268 -876 1519 -168 641 -1041 -380 284 1083 1054 241 1083 2105 531 -1193 1302 709 955 -666 -60 -1884 -350 828 -656 -5 246 853 203 753 -1410 -969 326 105 420 183 -605 -1075 -604 167 -1366 125 -80 -298 421 -404 19 -516 -37 127 -70 17 -2 96 -24 138 -555 525 608 66 108 53 1118 -647 -1518 -172 684 179 402 -463 -282 820 494 242 126 -427 -467 -1492 -231 980 483 486 -64 1651 -485 -102 -1517 -563 86 -733 -852 382 338 -574 -75 -1668 296 -484 -774 533 -75 360 1602 964 -149 -998 -217 341 98 -933 417 -234 -390 -487 944 163 -468 -790 143 -19 -344 -236 1203 535 850 -1756 -868 -1035 248 -1247 2711 -715 4 79 -2274 726 -76 191 962 806 -448 -788 1088 420 815 -1518 597 -1041 63 -458 -1182 1162 109 747 99 712 -546 -1086 71 447 395 -1263 801 -355 612 -937 -993 391 -452 546 -110 -459 839 30 -269 -1343 449 672 -216 1381 -540 -645 186 -374 -242 
858 -1508 -730 180 -555 -548 81 351 595 -465 619 774 -545 -80 982 -590 -1964 -849 18 -189 98 -355 -6 -148 -251 153 515 1375 -394 931 206 -1688 569 462 821 -186 -54 -193 -471 -1056 540 291 483 1412 -136 -152 1757 -69 209 675 705 -1180 203 -412 138 -233 -544 135 -282 -710 324 -796 93 420 -134 623 -877 -634 43 -278 -496 624 229 144 436 428 9 612 -550 -360 1285 -383 514 468 -559 1008 870 -1171 -387 -92 -1276 -1281 744 670 -319 261 -626 738 583 -440 467 341 -1208 677 487 212 -731 -527 -386 -318 -1114 -842 97 -646 1204 625 -1007 -476 -422 352 392 813 346 -198 -444 104 364 -1 -307 91 -80 435 -364 -271 643 -1040 979 -439 -781 1186 -819 -555 -75 -232 -263 -190 -259 345 -869 -181 -947 -708 1183 -88 242 -234 -300 19 678 -762 -461 -296 138 109 -985 -507 -55 328 140 250 -1248 1340 753 -423 -2043 -133 731 401 89 -701 689 -485 116 575 508 -401 760 -176 274 -803 873 -98 797 -501 -128 377 -862 -322 -781 290 -1489 -1017 -586 447 952 -240 154 237 -608 -1189 -1108 311 -355 -387 147 -590 -304 348 311 771 -149 -155 91 935 408 -628 115 332 178 222 -306 -295 55 -1601 -1012 1142 -1623 153 -1640 -1872 -926 758 -562 -1772 286 -525 261 -1001 895 -201 730 -1160 1363 187 -942 -1083 1848 1745 99 984 347 -810 -1008 -1205 583 444 -247 208 251 -791 -601 -635 554 212 243 357 385 -217 -34 1270 -1810 565 -30 107 468 474 482 -672 508 807 -1459 -1059 -1132 -949 -12 836 378 27 426 -404 201 -578 1011 -372 1000 699 177 -286 -99 -417 -599 610 470 -867 -187 853 -368 556 164 372 1322 944 -1505 -104 -279 -652 254 -676 -932 689 -133 238 502 782 181 817 338 -1292 178 519 -408 -704 -105 72 -273 -84 674 -968 -995 -1811 -118 -138 -50 567 1008 39 -44 -7 -685 1298 -889 411 -648 -584 662 -552 1192 -1938 758 -722 454 447 903 -562 172 -359 354 -1050 -256 -77 308 540 -1283 942 595 -933 921 -637 -60 170 115 303 1284 -651 -563 587 1134 -650 31 499 
356 1584 -335 -230 297 149 278 785 178 -229 -85 -122 -644 -15 -391 -149 460 -133 1194 156 -48 1584 1694 969 -218 -462 -281 -882 -256 -546 -507 485 -1495 464 -525 558 -492 -475 158 -182 807 -634 1235 51 -906 556 -105 1227 -474 1018 208 -27 -550 -984 -5 161 184 -1730 -361 -730 -903 -651 22 -818 -65 106 432 11 340 1201 1027 632 1568 335 -1013 351 1095 694 1347 1231 1124 317 -1319 685 594 394 44 -815 -1011 -382 -111 -2209 222 658 151 657 -25 243 312 -1060 1509 -133 746 -127 -1573 -85 385 -626 447 -288 946 -451 1736 -1509 496 -459 412 -47 -778 -1621 -798 135 339 -492 169 -1176 1000 1343 471 -47 -463 -691 942 2029 -1124 -841 -978 248 -416 -654 -679 579 101 138 246 1460 -444 -1078 254 -93 772 240 -108 -257 555 -289 127 -540 422 1032 -168 -357 -283 277 635 -72 -455 33 -1095 816 1240 184 -354 -1302 -342 1671 -617 -87 -876 214 -1115 122 607 -1138 -219 -663 -558 -111 339 194 -800 1047 -4 30 -22 330 584 419 -238 -1005 -637 1583 1269 -199 41 560 429 910 664 -497 -384 -817 -457 424 643 -1130 78 -296 -156 -267 -565 -110 230 527 152 43 469 -140 -739 1970 414 -312 -865 412 974 -361 -620 462 -106 -933 65 925 -392 295 -322 -136 391 248 -71 1178 -1080 8 -575 -474 504 866 -280 -55 110 653 504 43 -107 199 1549 -413 637 -1070 122 -422 -268 -103 208 1043 -492 134 -45 1455 -1008 -1088 -514 942 -666 -158 -773 -810 823 -1376 -943 1382 536 262 -1179 -619 285 1008 836 852 -119 1017 -205 1848 395 1043 -390 957 -356 -380 -464 222 628 55 353 -1206 599 -587 -1773 624 -1477 -67 -514 937 -1499 303 1050 -944 364 971 700 120 100 -853 774 662 6 -725 291 -261 -68 -2 327 22 -849 217 15 -1758 -621 303 1496 98 402 426 169 6 -408 -45 -275 -901 342 433 898 455 -220 1438 671 -77 84 -104 -195 1105 253 -47 440 -1671 764 -1204 115 -55 -513 772 -242 -608 363 -53 -217 703 526 -748 369 -378 726 -494 97 1403 -63 -627 460 254 -296 740 
288 10 -1283 -173 331 -417 946 519 -234 -108 -893 -415 -1180 -218 -867 -1518 179 -1506 952 -361 1450 287 278 -1038 421 -1245 -1219 -634 -627 231 316 89 832 314 -450 -590 -1146 -595 1186 -404 -118 -242 -360 -717 -1251 -494 -685 -851 -221 1579 556 -631 -1065 506 -4 -4 -541 -925 844 -693 -824 834 -588 -1472 -1057 -153 -373 978 1603 450 1535 327 -58 26 373 997 964 621 328 1268 1738 248 1466 -89 -1132 -415 -1202 -1333 -208 -1232 -32 -575 -230 -1075 687 871 1447 -747 -593 595 850 -27 247 430 -898 -1647 -1065 608 -258 830 446 -199 198 -119 591 -1451 486 -356 -214 -551 -797 -505 413 -582 -1284 -384 -825 35 550 -132 787 576 569 332 -536 335 763 -744 -629 -1299 207 161 273 -98 1316 -634 179 -336 510 923 -794 552 -76 136 -82 69 925 587 125 -996 825 -763 -1320 -506 -955 505 -215 -301 1192 -1192 229 -174 53 -578 -494 -230 -373 613 281 -1116 -686 420 -36 1398 394 -362 -503 -735 716 1161 -782 -228 117 76 -348 -2325 469 1329 -724 -999 -262 -157 1024 -218 973 -1420 -953 436 -202 185 -33 253 -821 5 -682 -606 1146 -474 -934 -1238 192 -32 -644 2139 716 -1522 -174 -423 563 149 -753 -1208 11 194 -96 606 -874 -469 -536 -1242 614 -813 242 1391 -1175 2243 36 333 1298 847 -1219 -970 521 -868 616 -163 81 -549 -524 41 373 -67 1271 1824 1 -29 375 -1021 -62 482 654 43 1087 -484 -480 187 -173 371 2047 -1879 582 -184 428 -1366 75 151 136 -682 768 -163 -716 -105 -1467 138 -408 -108 -312 1061 -542 -215 475 137 248 1275 178 -195 723 -595 864 -1298 229 4 2127 1168 1095 123 -659 -10 -614 411 -774 -62 350 -574 -197 877 1755 -867 639 -262 946 -222 446 -523 -182 -297 237 -951 -1481 2157 61 1047 -225 346 -162 1008 33 -2259 59 419 483 -514 1155 -993 603 -546 6 -1124 203 -258 -354 674 -195 891 -104 182 479 -761 -459 -562 -671 -441 -381 929 -138 296 1258 -464 -458 497 929 -70 -1924 288 191 520 372 -832 524 -443 -1436 -838 645 -311 796 246 975 -425 -256 -102 
879 -668 647 -1115 -464 -719 452 -207 534 -662 -466 -34 329 -1131 -1275 1046 -282 564 -485 -723 97 1052 891 327 743 -268 -429 -663 -468 -212 705 -912 1043 910 1427 957 71 733 -514 4 108 -731 -1010 267 289 -736 -804 136 -1017 175 503 776 -151 -844 -697 -896 227 931 0 276 -145 -1523 109 156 -729 556 -403 -378 -480 825 680 698 -467 -645 -414 -524 -6 -23 388 -321 530 301 -160 1367 -803 200 363 -1319 272 997 1247 -658 -185 729 520 1245 -190 -624 -81 -233 874 -466 -460 236 1128 209 407 1421 249 21 -145 66 1299 547 431 -545 -135 -368 73 146 -11 803 -155 986 -48 831 -523 -1165 -827 705 -36 1251 -828 24 1130 -136 658 715 -2 -264 -407 182 457 -427 751 1408 382 368 -854 -525 -833 319 -423 184 -849 -816 -366 -103 -445 742 1271 551 1032 734 -199 -148 167 742 273 333 -234 -341 -1492 809 -18 705 971 331 -92 -133 -41 438 -907 -999 1166 -554 455 858 471 -322 278 -814 86 -211 -658 -305 -461 -1437 -347 -945 -1036 508 644 -974 -1077 318 -114 -358 -1091 642 907 -471 -1563 334 124 1200 -99 208 615 448 -497 518 -783 841 1293 177 1229 852 772 229 486 -43 175 -454 -289 393 -905 -154 157 -1011 1147 47 -175 166 -187 549 -324 -164 -698 118 52 -1289 -1219 -334 343 822 -462 -281 -797 -282 142 6 -14 1209 -254 1084 339 412 -90 165 627 56 -588 88 1547 -10 555 447 864 672 1021 504 -1155 1806 -409 -1209 -55 -916 23 310 -504 488 -167 729 1113 182 1866 -316 23 365 483 783 564 -365 166 1296 -468 621 -591 -692 -1043 -41 196 1034 116 202 431 -366 1344 1385 -775 319 -54 899 35 563 -89 -1198 25 -72 631 -237 374 1097 221 513 -661 -69 -403 816 364 -47 123 -1100 82 -1087 -422 172 -78 -19 -536 -262 629 398 219 -358 -133 1499 -1167 -500 -37 -993 272 380 -157 728 558 -662 633 -496 -384 -1222 -932 -151 292 -1022 542 -898 265 -1864 785 412 501 -850 -1295 -73 -12 1260 235 -16 509 134 391 374 148 -375 -793 -547 422 -205 
-1502 -1133 226 -423 -371 58 490 143 225 1618 -887 -311 -1663 -584 418 -662 -97 -362 839 -655 886 571 1574 -1238 10 -737 931 -164 125 -881 -179 77 1076 -366 345 1128 -585 220 -718 -1803 670 -275 -617 -717 -532 -230 -935 715 -1489 1131 338 -346 -214 143 -287 666 213 -1454 -602 1172 739 -1645 -392 28 790 512 1297 -875 -815 873 17 1252 -184 750 590 -265 -969 49 939 831 623 -944 -215 -952 -279 356 -28 360 63 367 -1069 -450 -222 731 -441 527 822 -474 493 430 -42 -340 713 -229 -1228 -849 876 -325 953 1633 -28 84 -360 117 685 183 877 208 -270 1165 701 -1037 1219 415 1181 -156 -15 1278 485 106 -36 -276 -110 -1641 61 481 -267 -648 496 1086 -258 -36 1656 319 -170 -1030 280 -1770 1237 -104 1215 -1009 -1106 -384 847 -342 1702 1748 1049 -338 1031 -540 -387 520 -442 -791 -131 -908 592 -902 -27 1346 -526 -215 -904 934 233 226 -775 -1283 24 -493 110 464 -529 -828 958 -559 -253 -980 363 -100 631 152 1158 347 269 -512 -2051 1108 90 576 -155 620 -6 623 -146 -140 -207 131 -1027 -54 -454 624 -296 -525 738 1092 -886 -347 -1024 -96 1009 -578 651 117 -107 -505 235 -235 718 -119 481 -569 476 187 -802 -368 262 -825 336 -28 112 1076 -589 326 357 1165 -738 -274 -559 9 -1124 187 1015 -503 -866 -119 -906 -830 822 -516 -1041 -437 712 1024 1064 1228 -1516 83 -349 828 -1111 -941 -573 -42 24 517 -338 668 751 -552 268 342 -1196 -445 501 -616 -811 226 600 636 -274 252 -1130 -327 734 388 348 760 94 224 36 -510 126 173 -1064 972 -32 401 -18 -2086 -409 -1014 30 -150 -237 -1198 740 -141 -239 -920 -1086 385 -333 -216 24 508 -477 -622 -478 -296 -28 -601 36 -1736 -282 1555 645 -868 -403 -753 157 368 -88 350 -849 -1022 1400 573 956 -952 622 194 -81 -608 847 820 -768 11 240 142 -446 185 -250 -141 670 -80 0 -349 -1794 -1311 556 -381 859 -628 811 338 -1024 87 1028 -1273 -215 -681 -306 246 -1429 -226 622 1170 -661 -885 553 191 1179 -39 1096 -537 548 1027 
49 -224 -78 -930 -516 -254 1511 -376 1655 -176 -814 685 679 -1116 736 634 1208 1065 491 1095 664 -824 68 -898 1396 114 1028 -202 -707 -656 -1130 -1112 -31 1212 -140 263 22 112 1192 892 450 -556 -163 1040 -550 -486 400 1290 -296 317 1401 -432 19 -639 289 -165 1600 -1075 -771 649 -184 197 1717 -10 595 1472 739 -74 -210 1284 575 -545 966 6 -581 -1191 -657 -194 -1801 -612 -479 422 -564 802 -536 706 -96 607 -253 846 946 -902 -1419 443 1062 23 -290 597 197 -496 -581 -98 147 -1250 1079 -847 862 -531 -20 -487 409 149 1197 869 1080 -1662 772 -312 242 4 -905 -720 -345 -748 657 540 516 1258 884 -69 160 -70 1015 617 -1482 116 -1566 -1090 -730 384 570 -1173 291 -293 -1761 112 901 55 -846 367 -273 -1142 -113 -51 -349 369 807 -661 -412 418 443 -268 293 209 711 -581 -367 618 -739 628 -219 26 -327 1620 -236 1404 367 -198 -440 -364 -1231 237 -106 -582 148 774 -502 907 500 142 445 77 365 -1475 29 61 -235 133 -1535 1332 -412 2282 -1133 232 -210 -21 78 1038 -215 409 720 -15 37 413 -34 -414 707 1376 -1146 259 158 113 729 -375 96 -1970 1144 1115 -653 630 632 827 291 488 159 -195 -1650 429 3 -1572 -741 -158 -1139 658 168 613 -633 359 405 564 -235 1266 1008 471 -606 628 -523 475 1387 -106 762 -216 201 659 807 629 27 346 125 17 -160 -860 58 -483 -737 -128 -918 100 -66 121 90 -40 -169 744 516 -369 1788 194 -1435 -974 -635 384 919 206 -46 359 -1162 484 -727 -509 -170 715 284 255 -137 795 599 6 132 712 -547 -622 358 -836 801 794 137 1708 -693 285 -872 -168 338 -374 264 -343 661 296 -1021 -882 -416 -1880 283 318 -1152 341 102 433 -1235 -1315 -978 -22 310 1014 431 -582 165 -917 -418 182 -605 -327 667 -672 -936 262 688 -1235 -395 340 -152 1061 1256 -470 -533 1284 -701 -134 106 491 853 -315 -265 266 -211 264 -128 435 -1371 -316 -369 605 -290 -481 -1847 260 1376 -1517 -1072 723 195 -64 -1297 -551 806 429 845 -586 -1011 427 
-1621 -443 578 -1178 -824 -489 -1397 575 120 628 1202 845 938 -656 -931 0 -207 -1026 561 1154 -60 749 768 1020 35 -829 -446 326 598 -885 -931 -22 -791 551 28 1405 -27 1264 -873 -689 -77 312 -893 -1455 -694 -1343 -234 27 -88 -157 -648 1032 -802 -10 127 -275 -456 -493 669 -993 -243 71 -160 118 842 -236 -953 1112 -462 -595 1671 377 76 -455 970 -56 654 1244 -477 -1247 890 386 -970 -577 166 -244 -503 -243 -781 394 712 966 1681 181 -354 874 1378 626 280 46 1393 -1524 594 670 -495 164 -1014 -218 -207 594 -524 -1414 206 -245 1208 -287 -97 -532 461 1021 306 35 861 -359 -726 -1629 2174 -1399 245 -961 293 809 -270 16 -342 378 504 -714 -680 -966 -335 -694 191 1456 -356 -29 100 -1099 -1206 -140 227 288 -139 928 487 -309 80 -540 -665 -885 595 668 -863 964 1333 -848 1093 -973 -534 332 -314 -285 395 211 -392 1131 270 -375 -244 -96 -719 335 -442 25 550 -673 -276 745 495 -277 218 -751 -245 278 -87 -990 -293 63 324 -782 -699 -274 655 -1006 -819 -272 81 26 586 502 683 384 890 38 -1219 1199 705 113 -147 -1117 41 447 -334 542 1683 -873 56 145 -434 1029 -526 -578 427 -971 730 2 931 -668 22 1580 303 -146 1875 987 350 -175 -544 604 980 45 116 -5 -383 -19 413 936 -1059 88 -8 82 57 905 1514 205 -460 183 -510 -496 -694 254 -904 1195 1328 -208 1539 573 -289 -377 -420 -1349 977 -134 309 -548 -330 -105 -238 -596 1638 962 -24 1039 -179 298 221 327 61 954 -1725 -699 -545 -529 -313 723 287 337 647 -712 13 882 484 1395 -372 751 -110 591 156 -789 -1225 936 608 -230 -503 590 -662 -511 439 752 -449 -17 -2 -88 837 711 -616 -976 -386 -434 -525 1902 85 121 -904 -265 540 -506 389 57 674 515 -216 -286 191 -103 -307 248 262 -694 389 -161 141 83 -361 -126 208 1529 518 -243 -597 -408 -861 447 121 698 -109 -17 752 -69 305 -399 248 -189 1910 86 -712 -175 210 -589 40 -269 959 111 -834 1146 -347 1243 -1136 -216 321 41 
383 214 539 -133 183 -1128 943 -210 1014 -854 -1156 1079 888 -100 364 -1039 64 -479 -293 55 -253 1001 -1119 -108 -1051 344 269 -751 216 482 297 1202 -122 -961 -732 31 -58 286 -1052 -50 -1473 406 23 -157 -290 1204 885 -624 -574 253 -577 569 428 -168 46 -189 400 295 -40 -520 32 -494 -939 -275 1785 6 54 160 -318 -793 -155 -893 214 1655 142 -393 1970 -171 -468 -439 -998 974 -70 1314 -464 625 1111 927 35 699 -982 -1017 -564 1128 -554 45 -175 846 -626 -525 -34 -694 -130 -1325 641 -183 659 302 1504 560 314 -603 202 402 70 -578 144 512 1136 -880 845 348 -228 435 -1035 -623 -88 -972 783 11 -959 193 -700 -396 1162 -70 627 883 -276 279 451 -531 -6 383 24 -193 380 -841 -245 102 708 -180 -660 1238 -1416 -697 -295 -154 -823 686 -1122 334 -227 76 -897 -927 103 -783 605 -1990 257 198 -96 765 -25 -1401 -641 -600 61 472 630 84 -205 94 441 -648 -63 253 248 847 1883 179 -466 105 -30 -528 913 898 539 906 716 -243 -145 934 455 509 511 -1964 194 -563 1406 -681 215 -447 21 -846 407 -96 -195 326 326 408 989 -1040 383 283 231 761 -669 133 -386 -557 608 -158 3 356 -119 1408 500 -1350 1332 -775 -1366 194 462 -64 -376 -13 -517 671 -917 -33 -1091 384 -881 346 38 -634 -343 174 -962 390 -313 399 -442 -263 1430 -24 -74 858 -499 493 -860 891 589 -231 -455 -349 -568 147 130 283 2616 753 -546 41 1437 909 -709 -202 173 298 500 771 731 793 -997 -500 779 -1332 -798 -96 908 -243 89 386 1515 -371 881 -42 486 -135 -522 299 -387 -44 -415 936 963 -1411 124 -214 -591 13 -986 792 -804 132 -1140 -56 389 -459 -463 143 647 49 -1407 724 434 -279 -1027 24 26 -639 -259 190 -89 369 405 -463 432 -1182 -781 -248 -551 523 -1142 -424 -880 347 -443 456 712 505 -83 131 914 720 -250 -779 -651 928 -227 -610 -913 111 -456 -158 195 -695 -314 709 1356 461 -193 315 -133 -777 248 802 1007 495 -904 -1178 -627 236 493 -649 -368 -124 
235 -554 -135 -422 -390 -1028 709 -1386 242 542 1217 -1059 -1405 -302 213 -246 -812 814 -287 73 76 729 -41 -23 911 -156 1146 676 -412 -36 407 154 -594 -64 -252 225 109 -209 -471 -462 375 -690 -811 -1072 192 1538 -1637 284 219 -1187 85 495 1121 1591 168 -782 -609 17 44 349 -335 -485 -406 -1139 -701 -196 -72 -1194 -487 1109 -107 164 -429 -2 -671 -711 -181 488 862 542 1448 45 1109 514 -349 1559 543 728 -885 520 78 -822 1002 -796 846 -528 -352 -628 1088 426 -15 509 37 -492 318 -913 -467 452 229 -95 -395 1004 62 -1279 385 337 1181 -795 344 -792 -1040 -1583 -61 1267 -45 -771 -1145 -133 629 -54 277 -446 749 348 -945 -1 -701 -236 737 906 -707 -574 810 -620 -54 209 721 891 -57 650 -321 -739 541 858 530 -1136 1308 -274 137 210 -591 -239 -200 1287 -342 929 -233 -379 -665 -416 473 58 1255 -802 -875 -312 -407 -350 -279 -881 -975 94 483 -805 -1304 -1017 153 -951 -412 -173 -466 483 552 216 -989 -393 -442 -212 -654 -899 -658 193 807 -551 -2294 28 72 714 -73 1212 -274 37 240 -1614 236 -512 -242 535 -233 1312 223 296 -891 -673 -748 1258 1070 778 860 -145 484 1159 625 1269 658 -40 -156 1025 -195 -935 246 252 -1174 70 665 -421 -577 356 769 -1014 462 -289 -1015 -440 916 68 742 590 -159 1132 -253 319 385 92 217 -551 181 174 19 481 324 386 359 18 491 -130 731 -149 -508 398 -274 1029 -826 -120 24 -12 -5 615 756 555 924 -21 -1089 -356 444 635 244 -1790 473 497 711 -245 -815 94 -450 -196 -934 914 576 -293 -302 124 1762 -697 625 477 325 -451 676 150 -360 -74 416 932 -469 337 382 -146 -380 -626 1304 -805 866 -411 63 360 -856 1203 101 -1278 111 120 -129 329 -291 -1107 -445 -825 -438 200 -157 767 -83 1317 518 -1243 409 213 233 -66 -335 -144 322 -210 399 -725 -220 -270 -261 1133 134 112 -112 853 -60 -1675 993 202 -53 -92 -150 -244 8 -327 47 -816 1075 -103 -1087 -534 752 438 -951 1445 901 172 -515 1364 396 -1485 
-31 715 -734 -255 618 184 227 859 -1322 -283 87 -544 -648 -566 -365 -1217 846 538 -728 328 -34 950 44 -1279 607 488 -391 -889 1012 240 26 -676 448 627 667 -288 795 -380 -1373 -1489 -218 1869 175 -41 -1011 -1279 443 861 -941 -17 -115 209 -139 56 556 -124 -436 -130 754 -350 884 -126 -450 -36 217 141 -2011 -128 375 671 67 589 -166 -680 214 349 550 885 98 1031 1022 1483 292 551 -778 31 -1016 -93 -973 -878 -748 -498 367 -413 201 -136 20 814 166 -341 1384 233 411 918 -1280 -244 -108 468 -1362 -690 971 -400 817 183 631 756 38 556 427 585 -1786 1073 -118 -1196 1149 -514 -614 -631 -718 757 293 1729 -188 122 -112 723 1043 -66 786 484 1403 1839 -388 74 -68 597 882 -547 148 -1177 1434 -450 129 -75 -175 319 -363 -463 -54 -1247 -558 426 -802 264 278 -679 -641 -102 -639 1356 -311 -1117 -2194 924 -634 830 -185 -493 1738 621 70 -298 -191 422 852 418 863 93 -501 418 297 895 -694 -602 -749 55 -1475 -194 209 364 -1474 -1310 48 203 248 478 227 -4 -100 -585 607 -554 -704 1601 47 1225 1238 632 461 569 61 -1194 -65 -33 622 -305 -2081 641 -225 -563 -244 628 -20 -49 401 -722 -788 -101 -246 523 304 -220 -280 203 78 143 203 -674 162 708 -114 -240 -733 -692 -842 857 -38 112 -82 -1663 -687 813 82 220 88 1007 376 -1109 526 -1002 469 1027 288 -844 715 -70 227 1048 -823 -602 276 -142 107 -314 860 519 -241 -360 -718 287 1004 268 -189 330 -113 803 56 -71 559 -384 -185 -417 769 293 -749 -1459 -945 317 248 -2238 629 -891 -932 288 936 -273 -841 384 -196 146 396 -16 -27 961 354 102 195 230 -950 -842 760 503 954 -986 -991 -38 1187 -1589 -388 -219 -490 -473 -21 -1071 -335 363 158 -409 -229 -237 -72 1374 16 503 352 -645 -310 655 214 -192 662 450 624 20 -1322 106 1081 -558 -114 -460 -601 120 -138 1194 1265 -333 504 -356 1607 -838 -445 1975 294 -937 467 140 -1836 -175 -271 521 358 -143 1423 216 -1519 -549 -1529 284 -268 -411 
-564 968 -1454 -408 551 -787 -1510 -1056 -1089 341 -404 1095 -474 -645 -511 -411 536 -1302 65 -816 -1274 -51 -508 -79 -1096 -446 356 -318 260 1888 675 347 -1355 -1042 -1399 555 -823 711 -666 -710 -783 -617 -733 -229 581 -1059 -417 -1029 1348 -50 -918 -960 -533 -195 825 517 1259 -35 -104 -491 157 232 150 -491 612 509 -566 682 769 -113 364 2432 331 -321 699 705 597 500 -750 -1533 95 -777 -625 -1107 -540 -1160 -61 -408 -815 1082 910 -1029 2154 -155 -866 -96 85 58 11 305 789 -892 131 -1781 1278 -481 504 1593 553 -595 -156 1215 -718 -8 -610 -807 462 -415 -104 986 95 615 -1343 142 328 230 215 -1286 -317 -1197 -324 -540 187 370 -765 -8 342 -571 -971 206 -135 469 234 730 -1855 -423 -1035 848 60 -559 258 366 82 -1816 157 7 1049 -2009 1494 -726 516 78 -677 -208 -27 1275 90 -58 -6 180 1945 -158 879 -454 -1066 556 -487 407 942 -1382 644 780 -759 1010 267 807 -407 416 898 -1387 294 185 -366 302 1320 -707 -839 70 -739 381 171 615 503 -234 206 29 -31 1015 -372 706 892 -349 -540 275 -200 434 1017 -202 1225 275 779 -546 -161 532 246 -456 492 448 -464 1093 82 892 1650 -584 -531 -894 -511 -690 -1472 201 931 193 596 -66 -432 414 818 632 927 -1096 -234 972 341 873 397 -171 -1930 -111 -76 402 1183 879 -776 -925 -70 -620 -931 -1671 -1380 -1104 1482 651 170 -865 1030 -131 -258 328 -1301 -1275 1418 6 -291 -709 -856 169 -282 625 -355 -169 609 856 -604 1018 -12 -907 220 -292 -676 802 -1049 -13 706 164 -424 961 610 355 320 583 -321 -965 -779 243 -1022 -486 159 507 -581 726 -33 -604 239 -424 465 165 443 -300 128 -1279 -1895 -485 453 -475 -262 -1039 967 -1273 762 1731 492 -295 342 -711 -1584 -435 1801 -959 786 250 375 551 -783 -643 -788 35 1080 361 635 -1043 -74 -230 -604 1122 1368 689 888 389 -422 465 527 604 -931 1223 311 -192 -193 364 1485 -236 -395 129 2169 -1063 341 -17 26 1251 273 -772 381 -651 505 -863 2475 -757 -764 134 1547 -1321 
434 -624 -1712 -822 -293 663 220 28 45 -689 27 266 -476 615 213 -390 -241 252 -155 105 757 189 426 -2198 1220 582 -266 173 52 399 207 1140 -507 440 -973 -552 933 -107 692 343 -221 706 -867 -675 766 1491 -1053 911 192 -594 -1506 -971 -249 1196 224 -997 972 220 828 36 -419 96 -914 -687 102 -507 1193 -54 386 -1269 442 199 -1851 155 477 432 1125 73 981 -172 666 2061 338 957 -1576 391 75 35 394 -818 -1254 289 -1021 -727 -487 -2144 165 197 -1014 747 139 0 -197 310 -370 -1335 1222 292 879 -264 391 -735 275 129 781 750 -1126 -576 23 1123 -401 627 -631 402 1122 -294 -1107 -564 844 -1160 -179 -1243 -370 691 271 1094 -251 347 -803 83 1195 -716 -673 418 111 -932 333 565 334 1488 252 -422 -1458 -464 157 -360 789 -260 -876 -263 -1857 1011 -95 100 -948 595 56 301 1143 757 -179 -793 1675 758 -1048 -1429 -579 -44 53 -920 -405 -62 860 1062 740 -141 -646 -2206 826 829 728 -1262 955 -760 -115 -1102 707 528 -225 -118 -776 3 335 635 714 -496 -321 491 999 612 609 66 610 89 477 769 -252 585 1558 127 137 -380 1921 201 -1082 -863 268 1001 447 -505 281 430 142 -238 -1351 1018 -679 382 -1188 727 507 -627 -257 -114 158 4 357 -1105 864 306 -163 -687 928 1022 -766 -135 252 -989 -1190 -73 -578 798 477 -79 -121 202 1095 479 -59 -105 24 -843 -1580 2206 -803 1040 797 126 -678 718 -78 1425 308 -1148 -703 602 679 -73 164 -321 819 -904 686 413 -295 -1056 819 221 414 -447 -1616 341 -201 -334 519 781 -1601 -423 -472 -645 -1430 -126 -776 343 -320 -761 -265 246 1486 -787 793 -272 1069 621 -333 -402 567 28 165 -1092 643 86 -1476 -1926 1062 -1029 69 701 459 -1595 -516 -807 -1043 649 358 848 -744 1236 -628 4 -831 -571 324 453 1393 199 711 -274 974 517 -126 -119 493 -1156 -86 -506 4 1379 463 979 -789 1566 1286 -687 687 1268 1167 80 973 -135 -872 1520 634 75 -625 68 1171 126 -61 -333 -1292 -995 79 -45 -1031 1519 487 -202 -1230 96 
-817 -98 998 260 1535 -245 -125 -864 977 331 -107 560 -343 21 290 93 -1608 -1389 -391 274 625 607 1529 207 297 -1861 -215 -220 -1217 -421 -106 13 -345 867 1221 518 1353 -39 -69 -800 124 -359 -637 161 -332 -343 320 -332 1506 528 424 372 -53 1103 53 -753 -213 -923 -287 -1515 -520 -86 419 -807 1032 1967 -595 246 -1154 117 -1532 -393 701 1283 -592 -997 -877 422 -857 256 -626 -349 -252 -407 314 -794 -745 156 -190 -19 -64 45 565 1154 -289 987 -971 -383 994 412 -1454 1534 272 -333 -166 208 -462 -1389 290 -759 -381 -824 564 275 1484 1065 594 -756 -137 338 774 -522 -575 756 -398 -282 422 34 108 -514 161 -880 -418 -685 -114 -404 -125 50 469 1480 -39 222 1268 683 -1075 454 890 -23 1410 -656 18 279 -281 -271 602 -375 44 939 -255 -411 -871 -1113 896 -81 -2 568 952 340 -71 -1530 -425 1250 -826 556 251 -57 -402 -266 -69 -284 89 1755 54 -394 -1351 -311 596 268 -726 -1133 -116 -411 -369 42 300 752 -680 433 -527 -93 -541 568 -509 -1338 962 -1592 -426 -508 673 40 0 -286 646 101 1512 -739 -564 -413 -376 1679 -775 -558 -194 787 514 450 795 1372 -147 -1305 80 364 642 -786 -546 225 -148 -1150 -1181 -793 -606 1030 530 78 -424 -853 1586 1188 112 -798 175 -600 491 341 104 270 -462 988 -208 -237 -1773 -50 437 -521 436 228 -1117 -109 -1316 -1069 537 545 401 -525 296 -572 -216 514 -790 327 -962 1249 -546 215 1614 182 845 -13 778 -228 234 -805 -384 -33 -500 145 1035 -625 -455 745 -563 -390 -245 -1158 1233 -586 -1006 -1533 -71 581 99 -504 -386 449 -637 -521 1673 4 -82 -54 203 320 992 918 -869 43 -1182 547 -66 393 -124 1152 -588 73 184 -1555 -342 286 709 679 1245 325 -891 -669 760 -269 378 50 294 227 -985 -551 501 -134 -548 -447 -44 71 -119 429 -24 1158 -1248 -1297 -8 1512 -481 237 271 -42 2100 -1227 154 -151 619 418 1116 488 170 535 -163 490 20 1347 63 1110 75 611 124 -288 -643 -1061 -517 14 -830 -325 712 -503 40 630 
-562 230 -424 834 -924 -348 455 1181 1345 14 680 352 -406 -545 -551 2069 -436 -1763 805 -438 -67 -943 -162 439 334 -443 305 120 -685 -678 773 -246 -244 -688 474 1838 -697 42 245 36 -701 -786 -150 -1037 -805 -216 -63 -202 -534 -653 -338 -61 1115 -371 -2097 -880 712 -479 1335 661 -1265 1196 -441 578 1183 -569 -1089 -305 -703 -220 666 -246 -818 389 -227 -396 573 420 468 1306 -684 -879 -582 -1477 -96 -1001 250 1082 -584 -509 -1261 557 -763 1032 -1128 -1199 176 -1158 -676 279 1181 -454 1958 -930 -671 -958 407 -300 509 -306 552 -459 1130 1210 -462 280 -606 -365 -919 149 -287 576 -233 -1227 -1168 1422 255 -719 109 201 -568 13 65 -86 634 -1284 -633 -1044 402 -1220 -454 33 1985 54 -95 -145 -823 -884 192 -807 353 61 -591 -1009 735 -1034 -125 -204 387 1570 -316 -482 -646 105 -7 -709 690 -397 -426 398 710 -769 499 -907 -244 -1245 873 -545 -891 -2212 -486 365 -184 970 -77 -341 -293 808 329 -1034 -365 708 422 761 425 1985 352 -136 -35 -263 -707 503 -388 -1695 -165 -298 -561 -1457 -129 372 -7 891 -578 313 -1191 454 -874 -1121 1062 -457 -978 -383 69 209 444 249 685 456 148 305 -648 -1067 8 -980 -113 784 124 1141 -204 33 174 -242 373 -372 -505 125 1080 9 167 -771 91 -139 -49 -806 71 624 -318 440 572 789 -881 1061 -217 899 791 -1912 -369 1009 306 346 2102 754 -162 843 410 -58 -960 -481 550 -768 712 506 578 327 582 146 -713 -591 383 857 -376 -159 174 -295 726 208 -549 16 461 405 64 -730 -451 586 -567 -670 -219 -720 674 1897 436 452 148 585 377 417 -27 104 -975 163 -540 -48 -783 1145 -340 -328 2125 -901 713 667 492 -274 -1355 124 -1310 531 -512 997 -298 887 1463 -858 -130 10 -989 -1472 -652 -184 21 77 901 0 107 1846 837 506 -176 90 -1059 -517 -192 -635 120 -273 -1555 835 114 1121 -114 -1562 321 1101 -114 -1672 -113 994 -218 -1172 348 -35 -68 -947 -504 -737 367 539 -288 928 1032 224 -671 445 220 -356 -99 383 1255 -335 1222 1244 
1185 287 -932 -804 44 454 -132 -673 -395 -1309 -35 -66 -355 762 410 -873 -272 533 -636 -601 -1043 575 -434 -1304 934 1195 271 512 -913 820 84 1229 -330 -230 -1020 997 -802 68 577 746 -315 -317 -944 -358 -582 301 -312 -307 89 -740 -342 1313 126 -133 550 -354 719 205 -508 -537 -457 459 242 -412 1473 -468 709 173 -883 636 1356 293 -703 -369 -137 1138 774 837 -511 -258 -147 1239 -21 -818 7 -72 -776 -536 129 751 -312 -439 -801 317 -1173 -448 -1064 877 -634 858 647 1553 -608 -951 51 -1485 635 -601 -450 -88 -18 458 -430 90 862 -1336 -1274 -620 433 -201 893 -601 -152 586 205 -338 67 -677 -309 -649 742 -714 -338 1483 -729 -328 -748 -19 -1023 638 498 -15 1531 647 437 -200 -399 -383 215 1080 474 300 407 512 -1012 242 805 450 -296 504 155 -474 -1427 210 -423 232 1412 1760 -447 -697 807 597 -730 -1514 1117 -605 1092 -871 227 -202 1016 -483 84 627 363 976 -694 -275 910 -19 1057 864 550 471 -720 -232 400 -479 -216 -136 -645 631 711 1314 -35 -706 101 -499 293 490 448 790 -1303 192 -267 -1115 -116 1218 303 547 742 147 1001 168 -350 -1130 496 -148 695 1003 704 -996 1332 -1129 -1532 -1297 72 915 340 30 -319 -416 71 -115 -628 -312 -120 597 170 497 -240 -277 -492 -771 271 -585 73 -1575 -402 -293 1817 976 -5 113 -579 27 -195 -413 489 -279 1302 -329 678 1009 1167 -493 -842 -597 297 -77 622 -526 648 1039 -107 1256 248 352 125 -1246 -706 -869 1566 1386 83 932 -483 -190 834 -41 -891 308 1716 -1721 445 -515 -400 116 824 1158 -1845 -705 490 1379 -1026 149 329 -234 502 183 -372 -893 -282 -11 -615 -313 -116 -758 756 971 1222 -1001 630 -133 702 967 390 1317 -1324 1095 533 -1074 456 551 374 495 -1253 -203 130 -359 480 1012 465 181 -363 193 128 395 -8 1111 361 -1747 -1750 326 594 -39 -223 -138 -1229 -500 -1582 1028 -749 -194 -1069 30 -608 -122 -39 792 -555 -223 343 -1281 460 169 707 -491 0 45 -416 -125 364 -212 -1010 -1443 807 755 -354 -22 
517 1203 -160 -360 -16 116 -298 1296 320 -328 362 17 983 -356 187 -567 -935 -575 28 298 -1700 64 -326 -534 448 -1093 548 -1125 -844 770 -738 1316 -484 572 527 -895 -397 12 434 -995 -19 -465 277 -758 610 234 398 1301 -399 -599 1402 -1983 -608 1280 -871 338 452 -375 -1025 -576 -59 185 -5 537 -312 1273 293 -1366 -563 -462 -721 -576 -62 234 -689 384 -881 -75 606 -30 527 -1165 891 -1042 -503 -477 1038 -40 -44 365 -1034 -223 682 -783 -1312 -1480 -415 -304 271 -1297 614 -576 -77 -507 -705 -541 68 3 1088 -418 23 509 876 -1284 -491 -912 -1209 -66 528 1421 -1021 -682 64 167 -695 1460 560 134 -402 -872 46 522 33 287 75 -51 1338 37 335 1110 116 795 292 568 84 567 1026 514 217 -729 -1284 -612 1447 -646 345 278 -1578 269 -161 -114 192 1026 1178 1376 -253 -235 -1678 -216 249 -149 210 -892 -99 -539 -1326 1 631 2220 313 -80 -541 -688 -996 590 46 -420 702 6 559 -349 444 -1098 312 -164 417 1795 -142 -376 826 712 771 -1943 462 -953 -21 644 -456 -745 408 197 -1046 -1002 645 -386 -462 1120 257 -20 -1381 262 -632 -653 672 -298 -48 146 -1330 -1701 -412 151 -688 279 -237 -88 131 701 1053 -1105 724 200 294 -1005 381 842 -741 575 873 -887 1115 -150 -80 931 362 -1211 144 -675 -407 -420 -1066 21 -534 -848 -215 -905 -61 1214 118 -193 -833 -184 101 179 -881 -559 -574 -403 638 -682 -2104 -325 456 598 725 -267 998 514 514 286 238 1095 849 -1 16 -403 438 1466 -580 338 -591 -514 -69 -782 531 480 -466 -1849 -794 328 1156 -301 8 -348 -87 933 -264 10 551 -1148 -95 -377 1086 116 724 -1587 -441 466 328 -262 354 -978 -203 -161 -930 -798 155 751 588 534 357 -330 -20 -1041 1164 -258 -812 -227 440 1348 346 1275 1153 213 422 982 850 -34 1252 417 -208 530 -383 -340 -46 690 972 152 -90 -513 -328 356 491 484 -365 -1021 234 -12 440 -115 640 -31 -640 903 -1282 1793 485 -507 -18 19 -261 1197 -1157 -1196 -846 312 -461 186 513 1357 478 -537 
339 888 588 -397 982 -5 345 -255 -665 125 -259 -123 -1282 640 250 -845 -203 -218 987 -1215 234 1092 1165 -292 -458 -403 -103 8 472 788 -1102 -500 -84 -748 759 1196 63 -607 -262 -78 973 -88 215 -938 -304 403 -622 -1 -770 -726 1061 -926 736 323 120 -278 -718 -288 -118 905 -688 -235 -144 -891 -293 604 -285 -395 337 15 42 -687 -530 761 729 935 446 -620 1219 -1402 759 1 -788 -761 -445 -941 -807 -1133 321 -396 -479 -11 324 -507 -610 -112 -196 613 -470 1232 -237 -1186 -70 1828 -1115 1618 364 -294 -280 -990 -356 -268 -838 55 722 344 -30 737 64 328 -143 -1212 155 -168 302 560 205 861 60 -277 -1039 932 884 1156 -1047 -391 2212 640 273 727 505 -145 -848 486 -375 18 35 114 363 248 999 1118 -1583 -620 352 -1549 -664 -700 813 -522 -1069 431 -181 263 -1136 -197 687 166 -186 111 19 638 612 104 24 -360 -1453 -902 -99 410 -305 82 393 -540 384 616 -855 -891 138 -453 -454 -207 634 173 -315 1751 -410 684 874 13 978 214 -107 503 -1137 154 -198 220 -166 162 262 -716 -1450 324 -37 -367 -304 10 -688 -446 -450 -441 -315 -380 -348 -878 -1354 -1102 -228 -37 106 -825 -819 -871 1186 1159 1262 927 476 1120 1105 -1380 1703 766 358 494 959 -337 -350 1055 431 118 -415 -17 159 19 514 -676 -266 987 -1178 -161 529 530 1978 -188 -873 -662 1011 1367 -1017 -170 -280 -413 309 307 413 -63 -150 -413 1406 -288 1012 -1409 251 -708 -88 138 495 -770 907 -741 -171 -597 -471 -110 -689 -30 -648 1744 467 -17 -316 -1109 -215 -362 -804 -1127 150 -509 -177 -196 715 377 -769 422 -279 -655 -309 -293 -329 44 246 547 59 370 -1503 381 92 1045 -802 1431 -77 -2817 -527 -1032 -747 -572 -954 885 754 269 1160 -207 -225 202 1303 1665 91 1337 -887 862 -67 936 -797 442 -679 1387 229 -979 474 -363 890 -404 202 -42 -457 -336 470 -967 526 -262 653 -67 884 -371 -530 -768 -140 256 -240 -25 735 940 1051 408 -1074 -453 -166 -702 59 1195 735 1273 303 752 -1145 745 354 -956 
38 -279 230 -276 103 366 68 -280 187 174 -466 774 235 -13 -1645 42 -236 55 423 -878 -155 802 -166 -858 221 351 360 -1553 -180 -845 517 -1506 -500 395 -1086 -1032 -358 369 136 1209 -674 325 21 1038 1 862 87 682 957 -439 83 895 -941 -276 1542 -922 -856 -319 -684 -2138 -358 -1160 598 -478 -1756 108 -193 -361 371 -218 -598 -804 1183 57 -113 -281 48 208 19 -263 1414 1126 -424 -389 -809 -112 -1700 -1183 344 796 107 214 -1181 -369 -707 -408 153 249 -1317 445 -134 -510 47 961 864 -704 93 -152 -924 -234 2039 -312 51 -1047 220 -980 1082 -909 -214 -453 49 310 -738 689 467 836 -1755 -91 215 237 1039 -497 -672 -217 19 -356 -552 62 1369 318 -229 -431 307 28 -313 -715 153 1243 3 773 -351 -701 -252 76 -67 -440 869 580 316 176 445 -1131 1072 491 -11 1435 -1006 1363 1193 353 -283 420 287 61 751 -741 1231 -1422 668 -1416 -437 1676 -58 -441 261 1188 -110 0 -1127 284 -565 -127 -722 -1474 -1501 -500 304 -222 -745 1042 -869 -265 1986 225 -948 -1677 -391 -77 -957 -545 -595 -201 325 882 192 -795 282 1034 -293 -159 1165 -490 -630 -170 -212 -1053 -142 -224 -386 -342 1297 -776 221 -255 749 -614 748 935 -1177 -576 -1127 -1776 -819 107 49 -1279 -139 -1066 -215 -539 -253 500 -17 -499 -1186 -110 843 66 -828 -541 -445 300 1416 -701 186 -556 -486 445 1021 -324 440 -1103 -424 -212 -582 297 1127 229 -49 114 1151 -101 371 -63 194 766 669 -25 -153 -1037 60 -1363 19 377 1301 237 176 -1271 167 -273 -1386 850 -1031 42 -178 42 0 304 62 -78 354 855 -1178 682 -656 709 -422 -564 1159 550 1079 926 -455 527 1167 -499 -489 -1218 -25 91 1292 -806 656 -1155 699 -218 -588 -612 -604 798 1040 1682 -788 -477 -1784 1079 1422 -1069 -233 490 757 560 1068 -1087 -833 470 72 520 521 -600 2177 718 -310 -1869 -1543 -231 -136 33 382 -428 -1693 -1876 -1396 -668 282 -971 1529 939 -703 702 -1041 328 -60 -1016 -572 95 -276 -520 -1081 -1158 1024 1399 -219 -1840 -755 -410 -457 911 -505 342 
-869 1243 1212 417 656 308 -1345 1067 -735 1213 -138 -717 64 -581 367 -164 967 200 317 427 788 150 125 366 -553 324 1808 842 -664 -292 -30 -947 -746 662 683 -891 835 -98 -475 366 -537 524 190 -204 379 1379 91 989 130 491 -338 491 -570 -1049 -419 -1347 1378 40 -23 118 1441 -318 875 176 560 467 698 -530 -347 -625 -340 332 -784 -762 -1600 1278 587 339 -918 19 1241 306 -313 35 1546 876 39 254 -661 -12 14 -171 -413 537 -1262 -648 473 943 35 -508 -138 1008 -618 -73 184 -418 -136 774 312 183 511 232 280 379 -4 -282 844 -171 331 805 -506 -81 -993 762 500 29 -360 565 246 -676 -993 -966 -1146 604 -147 555 -344 -77 -184 -376 -283 -1468 528 623 -303 792 -513 418 294 510 668 169 -500 199 -293 -1672 -332 70 -489 -2109 450 326 143 -204 -1190 -321 1172 824 40 479 149 -106 85 -360 1249 189 -1807 -445 177 -225 -269 274 -222 -505 340 -785 62 455 -1217 -665 -434 330 -785 -814 -337 -721 -296 315 483 -164 -541 721 -497 361 379 -640 273 -876 1562 -521 -722 977 -765 -465 -79 367 716 -200 -954 573 -31 -359 -564 -203 -689 437 607 1019 922 -969 949 -200 -489 140 -243 -738 196 606 -516 -952 132 728 -649 438 1067 -782 416 69 1281 -220 272 -125 989 698 628 1094 -111 982 -321 799 -347 1393 -367 -397 -828 95 1175 -11 537 -618 895 -1127 -1002 160 61 62 -1081 -782 124 155 -95 -201 445 -582 -29 -1360 180 -834 454 275 633 -262 58 247 479 -368 1251 19 320 -1136 -361 -47 -1183 -356 165 251 1200 -254 -296 638 334 -729 1413 413 -1156 1123 14 211 610 -93 -570 647 527 -559 -161 0 -1111 642 721 770 -461 404 454 1132 -928 221 -1354 286 440 -618 280 -119 -594 -1398 287 569 521 333 -197 -1080 94 -1004 -839 -139 -702 363 -269 -254 241 -384 41 -188 437 -509 809 299 445 1325 121 525 -663 -1006 1562 220 525 335 -122 -749 -691 88 -539 39 979 257 -105 -583 210 -424 -588 696 1012 -1050 466 1130 896 -162 -475 -589 -227 766 
-1167 -682 -497 392 496 -734 1627 -165 40 760 785 788 -496 -57 435 1863 -509 45 -409 110 -1382 -1135 249 397 -702 162 1340 42 1395 -579 -464 -399 -1005 -1510 489 865 -299 760 -379 -522 1039 -1500 828 -624 569 -1513 -823 222 1772 0 -809 -1795 -86 -55 61 -81 27 -249 693 1122 275 -564 -5 -382 -545 -641 -443 1385 -412 765 150 24 58 -728 562 -352 34 597 -584 -310 330 -574 1463 -476 -1039 -507 1002 -825 86 832 -965 437 -269 130 -658 -416 -569 -144 -252 175 -98 -2203 30 -257 -717 1359 -436 1128 14 1091 -1342 -885 -429 -922 -984 -218 -154 1394 -293 24 25 34 391 931 -663 735 -554 778 470 242 -821 515 294 1699 648 386 321 611 282 151 -483 1387 233 -1284 564 709 -3567 277 636 1719 -538 -687 -1449 74 1048 -487 1283 190 192 485 -136 -1069 511 -250 813 -687 419 142 -1397 754 -370 -534 238 -1064 -103 -701 -35 1345 89 -193 -177 97 2169 1200 -672 -692 -346 -360 1169 -666 -93 1163 220 11 -973 975 -387 499 -90 -672 236 -755 63 -601 -562 -273 581 -111 -1453 -267 -123 559 -91 93 332 -1027 62 -308 -424 -655 -712 174 975 -416 600 -1046 1042 2095 56 -217 -355 266 -767 1741 959 -492 -348 -86 118 705 1329 223 998 -346 -751 -436 -500 882 -305 317 -1378 1749 365 596 -198 -224 736 321 -929 1245 -175 -1380 -530 -1027 -485 -56 -332 1568 -1051 -351 -137 -92 837 459 384 253 968 307 -2045 440 -15 -209 -156 -1278 582 -182 315 243 -461 673 764 347 -416 343 -675 698 98 -46 61 -596 -447 327 1146 1557 -388 -552 -524 -565 750 -86 416 97 -107 -527 1257 -399 -1297 -1468 -139 -831 887 -74 -1278 758 751 -754 2197 -573 -482 -1390 528 1560 -6 -793 -1069 -744 -154 410 -767 1498 2526 -354 -652 -62 -378 -88 207 399 -1219 1334 180 408 -117 389 1252 -183 572 -775 -45 587 -65 -156 2309 92 -991 -388 310 -1226 780 563 -264 -197 -123 181 -46 666 922 -2070 1399 184 1371 65 256 -987 -487 -486 680 -856 -24 -1480 122 -839 -172 -528 -350 -387 358 409 -709 381 
-323 -233 -4 86 -245 146 -928 441 829 231 -250 -383 1003 -1202 -632 371 111 898 -1624 922 34 1264 -901 525 662 -657 809 -819 416 -1 719 -340 1317 687 -25 -327 224 641 -9 229 84 332 -777 -622 1166 -879 334 -436 174 184 -411 -513 -1289 410 322 -120 -327 -1066 -953 901 -2 -479 -676 17 -1046 938 -1320 1286 467 473 -632 -305 -1219 157 215 788 224 364 343 522 41 -8 -520 -276 1408 -38 -1113 47 342 1236 696 509 1059 -247 -1567 -906 -446 987 -425 430 -645 -370 1114 280 259 -941 -535 -877 -1141 -880 -203 -325 -1137 721 857 624 340 364 -23 -24 -76 -337 -553 488 242 -1538 1827 -981 -585 -672 417 94 -971 -34 -274 693 83 367 1353 706 287 -29 737 454 165 -605 -401 109 -555 36 -159 -331 199 -453 1096 1006 126 1067 -942 1232 179 130 -269 -326 740 -195 687 -133 -27 758 687 -920 894 -264 66 -1093 982 79 -1200 303 -1153 699 236 1092 -1206 -355 533 336 -246 308 585 313 -555 -156 -127 324 731 681 30 1523 -57 693 1831 -433 -1171 -202 -635 566 681 54 -777 -638 -874 -335 -991 -261 430 -505 20 -102 216 -445 344 938 1273 1377 -363 457 -1019 -1076 869 -719 890 -1061 -171 219 948 -1031 68 1648 -1021 -428 368 -255 510 -737 -460 1038 669 1868 1103 -1160 279 -284 -895 -139 -2717 -154 -275 -1677 1537 978 -500 -137 884 281 -723 -1176 266 -129 104 -996 1536 -1024 -229 -315 -589 -560 537 814 151 -482 300 471 -771 640 57 224 991 -580 -553 5 -76 -1161 2080 1062 123 -725 -655 280 -812 -238 118 -99 -816 1428 1238 -1327 1211 165 495 -466 709 -625 829 -807 1642 -1180 -325 807 1115 -184 -503 75 -372 -142 81 -712 473 205 804 329 35 924 30 -221 968 -426 -352 -784 238 -158 -58 -973 -1169 -1266 672 -248 814 967 1178 890 378 66 -735 177 -436 1524 -1458 -792 -341 377 -133 -1170 323 -403 1097 -1280 445 457 -336 906 -503 465 -1538 -1705 921 140 -320 -141 180 581 -191 59 -323 -651 805 1096 474 -969 -149 66 -216 -349 -822 -482 -71 -782 -12 69 
133 -374 269 964 236 -226 661 -545 264 -1595 1367 397 -152 -721 -192 663 -282 -1995 -202 -52 1149 -274 53 1473 215 1074 680 -1364 1183 447 -1180 -547 -1332 245 -251 434 717 -223 -726 72 -592 218 -1188 -1359 -320 -179 742 856 -93 -717 701 1068 -58 -1369 723 181 86 942 340 -250 -76 -30 -1721 196 1874 -1840 683 1106 -1528 -195 -1210 -1104 652 516 -1949 -598 784 263 1385 -990 1029 257 1248 1155 -247 -1106 851 -1209 -1402 323 209 -37 -476 415 603 1124 319 1238 -54 -502 1069 557 -320 423 266 713 548 -649 -483 18 -1032 107 -1909 -1043 54 -373 -530 -772 755 -872 405 -802 -686 -89 774 28 471 -167 -1852 -121 -389 -21 1 651 -422 -807 388 -197 1261 225 730 -315 -8 -211 574 -729 -1271 -468 -1610 106 -1491 -493 -310 1483 358 -1120 55 -24 -129 785 249 83 -452 -364 -409 -710 -461 -753 383 -607 155 1224 294 -392 564 732 729 136 -294 -121 -918 -458 -527 151 -529 -251 345 985 749 -1509 -923 649 1195 183 128 -259 596 434 1437 -257 -395 88 -134 -226 -880 -542 -945 753 -261 -25 110 316 -1307 121 -680 -475 683 220 39 -715 -465 994 215 493 -73 -92 -233 -1029 -607 1299 -508 -1192 -423 -273 688 1012 -299 -709 -549 -9 961 -79 749 -1078 -1108 -683 -294 757 -880 -112 -683 -945 6 -838 -253 -981 -62 -476 -434 1415 1574 -156 -1267 563 306 -203 -1129 495 289 1040 608 1030 1023 487 -472 -194 -111 1013 228 1475 -302 85 869 274 -548 -1637 -460 -164 -255 173 334 -128 380 -1808 -836 101 -351 -1933 44 -805 1112 -656 1546 -377 -871 -1140 -268 -733 1106 -328 -1456 -527 233 522 -812 -155 452 -283 191 -362 -150 611 -242 119 -249 -330 125 659 256 -241 -753 252 893 -376 834 857 -1095 -689 -10 817 494 -1438 -189 -888 -317 72 1088 -962 430 -1220 1434 -289 734 -710 191 -240 288 288 -958 1690 647 -498 -278 238 -953 10 -685 -35 -120 -523 1556 -664 -368 -261 -1258 -2105 165 -1030 944 -264 78 908 -211 1791 -262 -922 396 765 -615 -113 833 741 418 -608 456 476 -405 -158 700 -225 
439 560 352 -583 511 444 -870 -158 569 154 1348 -36 421 656 -258 202 97 24 -1610 579 679 837 1694 -1173 1309 233 527 -1357 154 -1398 266 1240 294 17 -1006 150 -247 209 416 -1200 -679 1030 -459 -922 -1131 518 630 -1409 -155 171 -658 -599 -98 731 -970 576 -379 -1040 449 498 -78 -474 267 -2238 419 -477 -556 542 28 680 -567 -332 260 197 -802 753 583 873 -168 694 -368 718 -623 -233 -1605 60 -663 -961 -666 -1064 74 129 -876 76 11 616 708 -368 382 -453 826 -440 -836 1102 395 -68 -165 575 1734 899 222 856 829 -718 914 -562 458 -292 860 -1165 119 -861 1209 -1058 -564 -966 -804 837 1100 -543 19 -584 -283 2046 -459 710 -997 -383 959 403 2054 -682 -1238 -475 1027 -673 216 -352 130 755 313 -1868 673 354 431 125 -18 -8 833 -69 -1060 -341 -229 1386 106 44 -922 1736 -424 258 29 -1493 651 -372 -22 729 -243 647 1 1273 -355 711 -93 -361 103 -129 -1188 -905 -92 784 -893 -865 728 -139 -820 -1013 -253 145 -763 -803 -1054 517 -392 54 -746 489 -1856 266 1798 914 -480 -93 235 -79 -85 220 4 -393 1699 136 -1249 -913 -106 -260 -418 -79 -27 -1126 233 279 783 -571 95 -15 1029 906 -793 450 -311 -350 791 153 -676 810 -308 -872 -1215 598 511 996 1002 413 790 -1157 500 1533 -324 -1360 2726 -45 1619 -638 1084 1402 268 -1275 1329 -39 277 739 4 -50 493 1218 -125 303 -117 2001 1095 -1078 619 -521 -1237 140 72 -765 -1060 -883 -1413 -543 671 713 710 323 494 670 -967 245 -746 130 521 245 325 -67 -834 1215 941 963 467 -883 772 278 253 -595 371 294 -296 1306 271 439 -417 878 -612 -103 479 -496 81 -467 1628 -1010 125 -419 911 -537 -244 1112 -2369 -889 196 -313 -1094 -1218 -895 457 -613 -862 -272 -91 138 -1830 -742 97 -916 205 -1251 -699 371 169 1998 1031 611 -253 -187 -773 1693 113 -983 -281 643 100 1471 1434 -932 -559 1447 12 -218 -948 -1310 102 384 -572 856 407 652 -696 -767 463 -639 -165 527 -1157 -86 246 355 -298 -295 -268 -214 238 
-904 -1174 498 780 -763 -814 1636 -517 -673 573 -1036 -1282 1319 -20 -325 187 -173 563 -795 -629 -678 -508 -873 1044 -363 -404 -165 -716 -683 -236 249 -575 -1213 -1736 -1421 -93 998 937 466 860 -788 649 -524 -713 814 639 234 -1116 1536 142 412 -406 85 60 -832 -446 -201 228 -310 -1089 -1528 -382 -793 -4 724 491 24 587 -1458 -954 459 24 -334 23 332 363 -178 288 -666 -457 -217 71 -759 102 863 491 -909 800 8 50 -289 -156 -557 38 299 1040 -197 250 -23 749 -11 1711 237 -4 -1461 -42 -1547 -819 336 -728 -1224 -1262 -339 -726 528 1260 775 -1096 -1133 -113 212 22 -210 154 174 -979 101 -293 477 234 542 1197 49 229 -662 484 92 344 -410 530 -970 -912 601 -20 -431 -353 -1479 936 256 193 -977 122 -456 -152 255 1260 1139 -45 -503 -154 200 -776 616 -1372 -261 -484 227 -304 293 -195 79 -775 198 1415 -922 -340 262 165 -834 -33 -194 525 390 588 684 525 -941 662 359 1731 195 -686 -102 -75 -67 -664 -237 -517 619 1159 -360 -715 644 51 -185 96 -984 130 -676 -421 409 676 1232 -1428 -984 426 909 914 355 -385 -229 889 -1172 -750 599 -180 422 1146 -281 -855 -543 -102 985 1514 -185 7 166 -1218 157 917 436 956 -115 -996 278 788 209 -1072 -376 1124 -1048 -1204 876 1126 760 -487 630 588 -1521 653 921 744 235 55 -157 -1014 -1248 1113 -41 -211 286 1566 -603 54 -69 159 628 71 263 -1578 450 -473 -985 -173 110 81 574 1409 450 210 -144 413 898 366 -486 -1235 53 -702 227 57 -736 1501 78 -482 -424 483 -262 -1259 425 -383 75 428 342 -141 1176 -150 -381 -180 -1072 51 398 -159 374 772 -135 -531 -586 270 -627 -56 343 446 -1192 -42 -663 566 -449 449 481 346 918 -248 560 -199 188 518 216 -1033 -134 -151 -404 -571 -483 256 1543 20 64 -901 816 34 -582 -453 -64 193 182 99 295 903 236 842 -325 321 799 -789 -202 -626 1423 1518 508 139 1311 -403 93 -585 -401 1149 314 85 489 -186 -1054 -1394 -406 1646 -884 -218 969 -1621 938 1110 
-463 -319 -1051 -528 132 440 1066 -263 90 -1203 -455 -313 -1532 403 -8 -646 298 193 -57 -810 -344 585 -189 -1116 2209 -924 -976 -1877 574 497 66 1134 -922 381 -334 40 535 68 66 -702 -379 1241 -855 -165 711 583 27 -924 440 897 -256 867 -70 -1365 -88 336 -550 730 600 1060 -28 -309 -1262 -882 -1019 -1130 212 1397 -945 -32 -240 438 -2308 -1506 316 -595 1244 875 1546 779 533 -79 874 -292 -1134 72 376 -739 1031 -46 823 -702 -491 -833 -943 -693 315 -779 678 -446 185 -477 50 -1068 -127 571 -456 -568 736 205 -681 -879 -97 369 659 -543 581 1279 223 924 -151 -851 -1198 882 -263 -306 224 -422 137 473 -1395 -408 282 286 -542 -280 -1119 399 -399 417 836 -38 939 -650 -323 -840 -444 -733 683 -451 -286 507 -902 85 133 169 518 -625 60 964 -790 -787 417 -110 -188 -757 690 -264 854 324 -1507 -308 10 -1714 -319 23 948 596 -364 -96 473 -158 1030 -175 -681 554 788 -353 -260 649 401 1062 407 790 -217 474 637 27 472 -772 696 411 -406 450 198 -294 -346 398 -645 -526 1474 -961 523 855 -329 -57 51 62 59 905 1214 241 59 -22 -423 1434 -260 209 -869 232 1349 -80 -242 1521 -302 376 -419 296 222 608 -575 -674 -587 -241 -952 -1570 1937 58 -681 -1238 1344 -653 -376 -236 -109 -78 -49 886 791 -295 1317 -583 -1208 631 112 -247 1789 166 483 -898 647 740 -49 453 96 -251 -167 437 -295 -115 0 -407 -966 -66 293 -1140 592 -95 -771 169 -141 -901 116 -178 -947 -617 901 -1098 -299 776 -153 -264 359 299 537 -114 -120 -380 -554 366 -8 46 -75 540 81 -147 775 -1942 -1397 131 933 -102 -671 -49 -265 -454 1629 -615 871 80 -1002 -1539 -508 -515 394 -387 325 621 -438 507 -214 -1382 363 -1489 -1238 -760 -836 -471 -10 2549 890 -97 400 -210 104 -300 664 -460 -449 -141 589 -295 -1000 903 -758 454 -30 -6 -55 -137 -144 1494 392 -40 -20 -7 95 -917 109 -247 357 -570 180 1152 -238 173 1258 -29 182 758 -775 605 -392 -1310 -666 502 310 84 90 49 
-625 430 -335 -650 -295 -708 1143 584 471 -624 79 -221 7 1321 -757 226 370 -1125 -912 224 391 203 1229 -350 -1065 88 -100 45 -122 -126 -143 -1217 1120 -609 -1 1103 -1021 247 -999 375 -172 758 938 -972 -182 1419 699 115 457 -1954 -1142 -255 1406 725 271 -94 -23 483 843 664 -182 -1239 -593 -618 166 362 217 363 -228 -222 1182 176 10 15 321 -1538 -332 774 -879 -676 265 35 188 -27 346 394 286 89 -323 -816 -101 -384 365 697 -254 476 514 900 -254 -666 749 -366 57 242 442 544 -805 1201 613 127 73 1258 243 -872 334 -141 -39 -155 486 890 -759 1313 1032 121 204 123 -981 546 55 -129 -451 -1097 -910 373 1454 814 147 -35 -389 -877 -437 -734 -760 -444 67 -481 607 -475 -1103 1401 -663 -556 -82 -205 -51 -733 66 -1152 1421 1028 1481 504 -617 -380 -783 871 888 -292 -491 466 207 529 -487 -494 -1624 -1649 -215 -801 467 -58 289 1055 -681 1629 -691 894 -680 71 803 -328 166 -391 1346 -62 534 1406 52 -324 -161 -726 -534 -636 537 -309 67 538 -880 -660 -1144 1075 -443 327 -1298 695 -290 548 772 -1568 -591 -846 -30 331 -321 -545 1016 -747 -30 358 611 468 511 -222 506 -1226 -211 402 168 364 -525 -652 1470 405 -762 -1214 -1068 44 -977 -1135 1293 -994 -21 -916 -217 -843 -1123 -610 605 69 -330 1810 -511 464 64 1449 273 -50 -336 72 -366 -43 -153 -318 34 -832 671 -512 1183 846 453 281 -180 784 48 -1185 -182 125 -483 -41 -467 346 -685 -1237 1011 30 787 1411 -176 -356 -58 -249 -998 1265 424 355 -328 -22 -31 300 912 446 -388 295 734 -795 344 -1182 1517 507 884 122 -1004 -216 -843 1393 -552 255 -391 -127 364 -67 -581 532 -136 -301 -754 860 194 -382 -1288 -275 -655 358 -505 24 541 320 -68 48 -576 -242 328 -1543 -443 -635 1334 -1629 1636 731 -879 -472 206 -212 -13 442 258 -517 217 -97 924 -375 -721 -2072 445 580 -71 -289 120 498 857 -250 320 -50 -104 -360 371 -1094 -319 -398 806 -55 -967 196 -220 988 -1 1150 -748 -650 -419 -732 
-1509 431 -541 -578 -178 1135 521 335 -430 370 -553 697 310 5 943 673 1288 523 491 296 -552 -2153 181 -248 -617 499 97 1318 -198 -642 -833 543 -504 952 1350 -1018 576 -1047 -580 -619 1500 1100 761 -319 171 523 616 292 390 34 444 -895 -1212 938 -35 -880 238 504 -255 -98 -350 -89 173 428 -200 935 -378 8 -467 -254 -1575 337 -862 -546 39 870 398 199 -170 -1676 -477 1179 -759 288 318 213 1449 -887 -199 1367 63 -531 -186 -56 637 -201 127 116 -466 -1282 -1781 1 897 -1618 179 -99 687 -741 -390 546 412 -1238 2157 171 71 861 111 759 49 -758 786 -57 264 -629 191 -939 -875 -57 -177 -1548 158 0 -153 537 -822 265 -56 -176 -580 489 284 -2592 -959 -1165 -526 -1017 -246 252 559 456 717 -242 -592 1148 -227 -252 -780 -782 433 -957 -375 -85 94 331 96 -518 1312 479 691 327 339 579 -66 11 -408 345 -146 338 -413 828 77 -888 1050 -792 148 1203 -372 -1640 850 962 -233 -195 557 -252 226 -275 172 60 1054 1024 -457 -3 13 385 17 -957 -573 50 332 -290 -115 -598 1367 308 605 165 395 890 979 -151 -457 -523 211 494 737 986 767 -354 846 539 -336 -614 359 1320 131 -848 972 117 -220 -492 147 61 -511 -461 262 -776 343 391 1494 33 92 1830 -1023 435 -1722 173 815 512 454 -827 597 248 -364 530 911 -364 718 -1393 -611 -280 -1136 -452 -473 731 -1060 212 -185 264 -156 -630 9 45 401 -342 -152 -833 -358 116 -433 -1064 1556 216 564 292 952 -1017 77 284 -64 -1058 -212 -627 -163 607 471 904 -879 -981 214 1141 -569 498 -688 431 344 576 -545 -206 -931 -648 566 -569 90 420 2020 -432 -519 -702 -406 -2329 1300 63 863 -635 -2148 -552 -655 -136 722 163 -1012 -407 -653 1001 295 565 -485 820 921 639 -1138 -895 -645 -756 -74 1153 -1004 941 1066 -1639 -856 1179 -111 146 -419 54 268 -882 466 531 472 -71 654 -893 1173 326 -114 -173 656 -1408 81 1186 -613 761 -797 467 213 821 438 -143 86 1891 523 1113 -292 979 -317 -481 195 -67 
82 406 -1022 1353 583 224 -1080 169 801 790 -283 -455 -301 498 446 -637 1045 -1345 -138 -817 -27 -2 -78 -880 -1623 335 587 -650 -1109 1080 -473 1151 -703 -408 -724 2576 -683 -1499 -301 -408 -1158 547 56 874 -434 -446 1376 -638 800 -101 -337 20 -11 -418 830 839 -565 775 211 -283 148 871 -178 1573 10 7 376 1170 786 1119 1146 53 474 -906 473 665 -188 -317 839 -543 -392 -826 1079 -1405 1348 -762 310 -585 -1614 640 169 -1369 -61 -665 -676 1613 1160 -709 -522 -228 -444 883 817 -713 -392 -134 -919 -541 575 232 565 -1571 -738 253 -2267 -156 131 -133 -773 176 -1568 1002 -1256 -358 626 1114 102 -1191 -965 5 -629 -921 -406 -1518 22 482 1140 301 -707 -237 -1153 -410 -65 1286 -696 -692 -335 -168 593 -406 1001 1128 -1362 -449 1141 815 -552 -198 101 698 -473 159 229 399 16 1050 -155 -345 49 22 -897 -863 58 -126 -675 -1 42 -1200 478 -150 1228 654 -1050 296 524 515 -35 915 -427 -553 -1117 -375 631 362 -1447 -341 239 106 582 -777 647 -1 780 -134 1550 -492 393 -346 -845 272 -860 1181 192 -284 -162 -259 190 0 84 1358 -127 -410 -42 538 1244 455 -708 140 -508 823 -1094 -483 -1182 -249 -853 -202 -627 -2014 402 961 552 -1068 1819 92 65 430 788 -601 -228 -1970 325 -419 -339 493 981 -897 1155 167 -101 354 -915 -495 -318 92 713 987 605 -96 935 -1322 791 1285 651 262 909 -842 572 173 1247 -574 -738 674 532 613 -861 -442 -1087 -307 88 1645 967 -251 207 -313 -105 -46 470 420 161 111 -356 -352 625 -822 -653 -579 414 -319 -110 679 -872 -367 622 663 -546 -526 930 -271 756 481 362 4 179 -589 -712 731 1578 857 666 -605 992 305 -293 -312 246 421 1048 546 417 1361 -1293 -108 -865 -921 376 485 -292 -130 88 392 26 1005 -394 -101 -304 147 532 941 -308 -1131 453 -1832 -379 752 59 -707 -428 323 910 -316 28 -208 424 -669 -839 -455 -931 -136 1110 134 -420 -208 -24 -1385 373 -394 -277 168 1447 72 811 334 767 224 356 -1365 422 -281 1288 -36 
623 632 -199 300 815 71 820 304 888 -418 -218 -1195 -466 903 -411 1066 -1132 210 229 297 433 -796 -604 107 508 -123 940 -98 441 -520 -1465 -788 57 -721 513 -817 734 737 -203 -25 646 -2072 339 -1101 1344 793 -889 -342 831 -1608 -18 331 -601 1010 -517 -653 421 875 681 513 93 -321 -1621 -202 359 -1108 -109 -290 -218 -772 -588 -21 -95 -232 406 -1404 420 -993 -265 2148 -349 -485 795 1172 -89 110 1045 697 133 144 -466 1123 923 217 506 -626 -1105 411 655 1117 35 763 29 447 -249 368 -837 56 -875 -48 -39 742 -324 1385 130 1453 566 -59 362 1064 -739 -1838 -215 1259 -443 847 -651 130 -714 769 -1151 -259 1461 -318 -690 -1049 -357 -435 -167 294 -806 -223 249 19 -539 -272 149 159 1541 -121 -81 318 -197 1735 -3 -1514 -527 958 -187 100 -933 -145 -102 -998 871 -64 603 793 -1043 -407 -481 -1602 -191 -1045 99 -260 -592 102 -14 339 199 -617 746 662 -1609 256 295 282 1069 -1734 523 190 263 469 113 113 -946 -29 -424 -628 331 113 -551 22 1404 190 1122 1144 -154 -405 -288 -128 602 -1487 -113 4 623 -604 -1285 569 -481 -232 752 1229 -581 -712 384 342 -1676 1336 -336 703 -415 -147 -365 1091 -121 281 1087 -446 -233 769 -1308 804 -32 -76 952 319 -867 -1625 -97 -613 142 -1067 -588 -665 -24 1040 573 810 -757 819 34 159 -184 -695 654 97 1301 78 117 1034 -215 1299 905 788 52 -96 0 814 -1644 567 -564 133 715 308 348 854 -416 44 -283 -421 -993 -1484 348 -450 -269 -481 -386 -677 212 16 -507 -184 439 -806 -2 241 344 -1015 396 442 1084 -233 748 -1632 739 617 700 -914 -1022 -170 1443 155 -143 -598 -1576 -753 518 962 -344 1453 -392 20 456 -1189 1194 679 298 -2154 204 -1203 -60 376 -125 130 -1021 579 -741 -929 -256 -339 -55 1944 -548 -1849 435 466 -1266 1440 -762 -180 457 -2 -889 -81 246 -390 -533 333 285 -712 1491 252 -246 689 -267 1762 -1062 -352 101 869 -388 -434 464 -1246 1 -1600 -909 -111 285 -408 -1099 -745 -783 -1714 1422 -1139 -884 -1320 
712 -1309 -1349 506 537 -108 -340 632 828 151 -542 421 85 554 -130 -40 276 -2295 -294 1473 57 1258 -39 -408 334 77 -22 -327 208 -391 -460 268 -235 -994 -738 -575 -191 1029 -1405 86 -760 485 -122 163 157 752 -935 717 -861 832 -1237 539 813 507 611 -149 -1162 522 568 -659 -43 -30 259 -677 -1233 -449 2081 77 -856 695 338 -937 -665 -449 158 -601 172 -184 -325 -382 -489 142 -382 -187 843 77 -888 -626 691 -745 947 146 -291 264 -255 -832 -563 -101 473 -224 640 -73 -510 552 530 -648 -347 385 -29 287 -809 420 -79 1769 -652 897 -237 483 585 -247 105 -1028 -704 -138 1129 882 -1020 147 -768 -1346 -597 -827 467 33 1035 85 -208 -506 -758 663 187 -11 -87 -28 -634 -737 179 -412 196 -113 -1258 428 -1335 -284 -1416 -1020 -529 -637 -1031 356 -1856 -981 239 537 -70 1720 182 -904 532 224 622 -22 763 -27 281 -737 -1609 -435 1083 -135 1017 162 1218 678 -1336 -17 452 -1012 368 -558 1346 349 -939 -102 -248 537 1488 -189 131 345 -750 1175 -564 -110 570 1005 772 -592 518 -6 291 -489 -205 -545 -265 -700 335 1406 -679 607 508 -2060 -941 225 -2027 315 65 -311 -1158 -1289 975 225 953 -660 -963 -872 1234 556 -206 -76 -727 -57 19 525 -1108 911 248 53 -355 576 -947 89 -38 -212 427 894 -95 764 -726 -757 64 -853 -3 -996 -1916 623 1345 1115 434 1325 412 -918 -164 -648 -230 -336 -835 255 391 -839 280 827 134 70 1295 1697 185 -133 958 -524 -1137 -333 -111 -234 1562 668 -915 -628 -143 441 316 370 -1191 569 -603 965 2195 -1785 86 -125 913 1056 635 1241 -826 -1490 -776 456 868 -26 -920 -323 657 -858 -936 -286 5 -158 -1229 -13 24 394 364 118 -625 1219 -491 1368 594 -1078 -853 29 -126 -1085 301 -1285 -361 -206 512 -1657 165 371 -197 303 -1791 294 376 -194 685 224 -1218 694 -710 -30 1517 521 973 246 -206 381 1803 159 -1928 -327 940 384 -44 359 -832 -358 503 35 419 887 272 653 629 -153 -26 -45 -315 585 -278 -1037 736 -1828 -818 173 -710 -1037 
-322 425 29 -735 -273 -1439 446 918 -386 -726 405 190 -143 -1009 -220 109 -857 42 461 880 540 402 1315 -583 -1135 -88 236 -127 774 -212 -83 -358 -483 1164 206 -619 623 -78 -656 -1102 -640 1046 1152 408 -906 -370 -2 -1131 -84 501 836 255 -31 804 693 -26 -507 -736 407 312 53 -32 252 335 -389 -751 438 -644 230 190 709 -778 1404 -165 -385 -500 937 -132 -1571 315 -111 -112 247 620 1122 -375 -226 540 -512 -546 324 -1221 -410 1616 946 -362 -774 289 -365 -637 1526 516 -458 -835 -194 -131 -422 572 -945 -278 -428 -1232 109 -276 706 -340 423 -1078 17 -408 181 172 -659 98 785 -886 -270 -230 649 -1346 -759 -112 -1061 486 -427 -1579 1450 655 537 899 384 324 520 -651 703 -530 100 58 1047 -415 270 1740 533 254 981 -770 859 -686 -788 335 789 -726 -539 484 -234 -174 -385 714 513 698 80 479 941 1111 -970 1037 -1293 -548 88 -598 602 623 263 174 290 -421 -268 757 -798 -487 67 157 -596 -94 -170 640 -442 -390 -511 1490 -179 -1165 29 571 448 943 -664 -172 -246 853 -664 -247 -412 255 -488 -667 448 591 -108 -311 -146 1253 -268 564 307 -653 1083 1169 1320 371 592 677 504 274 115 277 564 -730 855 59 383 -166 826 11 406 -893 321 329 163 -472 1161 -609 100 -987 -981 -1094 1723 487 -390 952 -442 -936 33 -290 409 -808 972 48 1359 -784 636 138 162 -889 422 444 -465 1147 -375 -544 369 1538 -632 904 660 348 737 70 -1055 1443 -278 -813 -446 1288 -166 -1077 1206 279 -183 544 390 -38 -382 190 -705 -235 -706 -171 -696 -273 -331 239 1631 -534 834 -286 709 -917 19 -437 1000 -197 893 1902 -1158 -366 -126 711 1227 1742 414 -333 -250 753 -176 -361 511 240 -959 104 1001 1142 -415 261 228 -323 1 -22 1088 -190 -217 -1018 148 642 -569 836 -38 362 577 1471 280 87 423 10 321 -203 108 -271 351 162 -705 -407 -1520 -503 919 -588 -39 -1233 -178 -323 -1076 32 418 -530 608 666 126 -531 -735 -1305 465 -392 -35 1268 -753 169 -806 139 -335 209 
547 218 465 429 -1064 -37 -259 442 -94 -438 -1365 -1089 437 -654 440 -185 -1044 -518 -344 -1516 1055 -110 -1333 645 115 -714 -65 946 565 -412 -700 985 673 -150 556 374 461 615 587 370 38 -1131 -1404 -346 -731 113 -610 -598 210 -8 378 -287 -11 -552 -17 13 -23 -1402 53 1239 490 -507 -536 -1238 797 42 -1262 864 -232 329 624 -520 -469 -121 554 739 -734 -357 508 1337 -606 138 532 436 465 -435 320 1232 -304 551 680 1934 74 -223 -560 608 876 357 -831 1191 -674 83 202 -987 -810 -1301 -650 -839 567 -55 -395 2064 -9 -247 -377 -303 1653 -68 529 706 -277 -907 -764 761 115 -160 1410 -1226 1428 1268 -671 -7 -242 -122 -1033 452 -413 -869 238 334 249 719 386 202 675 -191 -1031 896 166 -1088 712 913 444 -1304 41 -967 -480 80 401 -73 -302 929 938 102 953 680 235 -455 -506 -720 -321 -209 282 -359 295 -622 -808 413 -854 466 -126 1141 19 -85 692 -398 -14 1040 -429 794 -1068 -80 -155 431 6 -1135 -753 1762 613 -238 -472 64 -661 -236 -563 1356 212 661 3 -224 1358 -409 -738 -742 -511 518 -321 -1318 -520 -7 1136 718 1826 397 905 -1091 143 -1542 -117 -179 -470 -234 -835 -256 124 649 411 726 -340 452 435 -874 95 -830 -36 -295 85 511 417 -105 594 -739 -629 -169 -158 -1131 -1014 -126 4 -71 -554 -1461 340 1022 100 -380 -796 -869 746 379 15 -1479 304 -207 138 -538 265 130 126 -1151 -487 180 115 1075 -1082 1163 -426 -845 125 403 -1029 -1053 -600 350 189 234 322 -458 653 125 -592 -741 -94 522 -70 25 191 -772 -197 -122 -1154 -261 343 231 1321 518 1228 238 949 -366 1041 99 95 854 -439 -355 -110 539 1210 1074 -949 1680 -794 1063 -160 -406 642 669 -796 -560 -659 -1239 479 -268 494 231 165 375 1115 -432 672 -178 951 555 218 1103 -674 1844 453 -195 941 267 769 -120 355 -803 -402 -315 -782 418 292 -932 223 -490 599 -945 -935 804 -855 -814 -489 -71 -1568 -498 -514 -529 -946 1406 -767 485 764 -936 970 248 460 188 -917 -189 -993 -665 
-230 -359 -4 -169 1347 -724 -418 224 868 -510 -1741 103 -164 404 1108 -101 849 -436 853 -817 -1152 -83 1065 -82 32 126 206 517 431 505 92 -1179 39 -289 233 202 -1600 -545 -848 668 802 149 92 1136 2111 494 -1542 -660 462 -610 -650 -1112 511 -420 180 -338 -46 1524 -1200 99 1511 434 1075 381 1087 -20 621 32 -17 320 2367 -239 -981 -1731 -395 -410 759 -1309 859 713 446 -423 1153 300 -5 -19 645 10 228 -556 -663 -255 -172 211 -5 -195 -249 -1011 -155 -1017 438 -831 -1790 187 244 702 -1786 -439 974 1009 -355 6 345 41 -854 346 761 12 -331 -27 1422 1474 -413 -1040 -181 153 443 -7 1167 146 219 585 21 1280 254 -368 -387 96 281 -281 434 -297 1219 -677 1059 -494 -460 361 37 -504 214 -19 -512 471 -1160 -149 738 -1244 24 -264 534 174 487 -2091 -13 335 -381 715 -683 8 -335 -2 -48 517 1517 -587 44 -543 2031 -825 -376 -925 912 852 473 201 -1258 545 638 -86 -387 -413 42 -1088 -950 603 743 819 446 -166 536 687 -363 -359 96 280 1114 962 454 -447 511 721 716 -475 128 -53 1276 -1165 -163 1137 -128 242 298 -779 234 -772 -479 -348 490 -418 935 207 -1271 368 650 -1318 567 941 -114 320 1067 -935 -382 -1881 -200 -70 871 -665 -731 121 -994 -562 -140 -765 -1257 546 -1013 -20 353 -78 516 -1194 -876 -1061 163 424 -949 -287 -246 1527 276 -398 -80 404 -432 190 -80 -728 -738 -100 521 569 88 281 -278 -10 -776 -507 -211 639 -324 190 -492 -17 1377 -1174 -401 -1179 1048 572 -129 109 -339 221 -117 154 -109 -1519 511 -49 -519 -982 1024 557 478 101 -800 297 631 -1058 -356 -117 -745 655 -423 -413 -1010 397 -73 456 8 670 -666 1017 -405 -387 -685 254 -542 -443 875 -1275 -208 -616 318 1259 -1620 1334 12 867 90 -795 206 60 520 -457 -1654 -710 -90 264 -487 -736 734 483 1456 1144 174 -807 1927 -453 452 -234 425 -1367 1729 62 -266 -680 -235 1022 44 -635 1461 343 622 -957 -362 550 134 -103 479 -524 1005 -303 -380 -246 -1132 307 -734 -143 
-289 -194 -108 1076 192 -1506 834 -186 -480 520 775 573 -420 752 694 -1702 680 542 615 305 1177 -702 447 435 874 -666 -1014 552 -414 -301 22 713 49 -518 418 -1362 203 -213 444 28 370 -283 407 -239 -2300 240 -571 -159 540 -849 1044 -111 867 -631 626 575 -111 -398 5 864 -830 742 458 -679 -1197 -171 -348 -150 -599 474 602 491 -442 -255 947 325 -994 -109 1 800 451 -1406 327 190 -547 357 -447 1712 519 -768 335 1028 -492 208 88 554 210 -676 -340 1014 777 -30 1417 -39 -1106 -19 -170 -430 629 318 -687 -774 911 -183 1009 365 -198 -1059 574 699 -302 -736 638 -329 460 -265 939 106 361 364 3 419 488 -1380 -228 -135 304 -391 -164 257 -206 -695 530 240 -594 1468 -46 -328 149 954 3 -355 -154 779 603 -490 -859 1024 -256 -197 758 380 426 -155 -705 -2035 1180 -234 -1194 -1451 801 126 366 754 246 1397 945 824 -752 667 -588 698 880 -465 202 -315 -750 -1823 -591 732 1826 207 -189 -491 -157 1399 1229 -753 633 -410 -1115 -848 817 426 -509 -258 -1267 510 1378 -628 -93 -742 -218 913 -1140 12 72 -33 1266 1000 -887 465 145 -708 858 280 -667 -910 -211 -365 154 808 561 319 309 848 416 -307 -83 503 740 1231 272 -164 552 324 46 726 1064 -604 91 319 -73 -1833 -409 356 -392 365 1304 -1207 160 75 781 -96 696 -924 -921 -856 194 166 -313 12 64 -660 -286 -424 1536 1488 -60 -1204 32 454 -1601 -60 1528 -679 -1134 236 2273 -802 -162 -167 -500 -1348 -808 -304 905 1058 784 814 -4 -224 -376 719 -184 -428 -279 -1896 500 -522 1722 276 502 251 1250 -553 -824 127 -696 -1313 116 590 -683 -155 22 -1549 -580 404 -619 522 213 -350 919 -275 289 -296 -371 1058 -14 -773 -452 -537 470 256 665 219 -906 -660 -1044 -382 -141 1278 868 522 993 -504 1018 -333 688 171 -771 -88 -499 505 -841 -631 221 -37 -1614 -560 406 -362 47 -990 48 710 505 456 -1564 496 72 306 924 126 1120 1738 -348 336 1140 -283 624 222 -1420 -66 -1109 273 394 322 810 39 
-16 1088 -1381 -942 105 1664 905 783 -932 617 -1007 -724 -260 -1244 -1265 -902 -357 -400 -91 531 1378 904 -311 -567 772 109 406 -302 -128 1160 -70 -311 834 -905 -801 -526 -856 -40 1839 -617 1259 383 207 318 -973 249 573 1127 -810 -1357 540 34 -268 1084 1159 -624 1027 -897 -1160 -37 -308 -149 -74 -695 -1698 -632 -355 1483 174 -1171 -173 1071 -450 -139 -255 -1019 -333 1521 503 1319 -215 111 -68 226 296 215 -229 -913 -1637 -266 -71 -398 861 -703 461 -444 102 -758 -550 131 -76 -1063 879 495 -969 -1393 1307 35 -843 -219 155 632 -707 325 764 1328 664 76 385 67 -1022 -918 675 651 -68 256 36 -1282 -1194 1697 597 719 -424 -673 127 -503 -532 -747 356 359 -555 238 -816 2150 25 -20 260 -395 315 -160 -1368 -647 217 362 154 -1032 -1282 791 -368 -702 -1109 260 1072 -1531 122 466 583 -1116 -653 -378 328 509 438 269 -137 -865 -567 -193 932 -1024 875 -1736 -1242 -543 -720 764 -84 -86 1020 445 114 -31 374 -893 828 1552 -544 253 -369 500 43 -451 -233 75 694 -625 542 1618 -131 -885 -357 205 -112 466 -54 133 50 796 -216 24 -28 509 1110 106 175 870 -1193 -1118 -559 -2039 948 657 -1468 -153 -1164 373 -659 83 -414 -950 -520 -389 -986 -928 399 -187 152 -357 -178 602 -469 -79 421 -875 32 177 -815 449 781 266 270 -121 -411 -57 1114 378 -799 96 -591 -264 -1011 9 283 201 -109 -1056 -880 99 382 114 -373 1571 1103 638 956 -1011 56 -628 1277 1961 1164 622 -1427 -491 -220 1071 607 191 -224 126 -418 -745 -1010 1738 -508 -444 761 -1297 28 -1080 11 368 72 -112 69 -268 669 54 348 21 1024 231 1085 -533 -435 189 -612 326 563 -673 396 -515 -91 -310 596 -234 1461 -136 58 -144 -920 -921 298 336 -1548 754 629 -1059 -427 77 -956 370 -326 178 -602 1180 487 458 263 38 1661 365 -172 1172 92 -909 812 -807 -873 767 91 -121 -81 583 512 661 -801 507 293 -956 760 1205 -1031 146 187 -43 773 -232 -652 886 -211 -156 89 961 1203 629 -352 119 -489 171 
-1302 -483 1250 -470 543 207 -620 417 711 100 540 483 1059 -37 -1233 -42 -1148 1167 -703 403 -1048 -607 490 768 -1427 -1172 -380 1775 268 -650 178 -804 -565 -1059 -226 -74 1564 -156 686 336 -349 145 125 576 596 -1145 -123 -1766 -211 -81 -730 370 -97 287 795 -1326 426 -1661 602 1525 -1340 -183 371 -389 -1056 -1129 -369 -386 535 -272 527 67 300 -916 397 860 -64 198 1342 -621 -857 26 146 -1083 -504 -1168 1432 -1313 607 276 -169 203 -387 138 -1377 29 207 -856 -448 101 764 991 -538 68 505 40 -55 -886 -582 299 677 -181 -327 -1144 -516 -737 -126 -276 -769 -52 -493 827 -825 -38 183 748 1604 960 258 -544 -624 326 16 251 314 638 856 472 -1629 -233 -800 658 2379 -971 385 -264 -1141 616 583 790 -153 -104 -689 -644 106 -591 144 1743 -1304 1321 290 1163 -3 485 178 603 -164 -317 -767 733 1108 -77 19 48 -299 -254 -719 560 -474 -566 -311 450 408 -473 878 -228 294 632 222 576 92 -630 259 855 60 422 -120 658 -251 120 807 -746 524 -437 -309 -453 -2 1413 -891 -116 441 -166 -1300 181 -639 934 1556 -290 -674 -443 -245 259 1253 131 -872 -500 742 -226 -472 -442 -151 -618 -304 -1014 -238 807 -190 -503 1016 592 465 695 1249 1008 14 613 957 -1193 -622 -1910 592 -773 984 -155 -732 199 -386 303 -106 483 -209 -362 -1048 -297 1056 -876 -191 -446 -437 -22 -969 -1123 -551 -535 -487 1559 22 791 -48 -443 -221 1690 -244 -591 -230 211 -1066 96 -20 631 90 231 -1109 -706 -1524 388 1751 -174 -387 286 547 547 1178 848 1549 -346 -701 308 -1449 -862 -481 1551 -390 891 -138 -1882 -485 48 -498 757 435 -89 -786 6 -959 107 702 733 521 -174 -679 11 -916 -739 -638 -902 762 -151 2098 4 235 -834 1127 -445 -394 86 -134 969 -659 357 -310 -759 1083 -872 -1179 1729 -204 452 2601 -915 -333 -680 -981 187 -292 315 683 123 512 -663 283 99 48 -299 429 669 -749 -393 1153 569 948 -481 139 -349 -88 -278 -1626 -608 333 800 180 -1116 520 698 -343 -208 981 -729 -349 -302 
-343 937 -611 652 321 -1556 560 -103 419 -103 730 -409 -441 -592 1195 -281 -503 -1551 -361 312 1026 272 346 683 -383 164 1034 1081 -301 88 573 25 -72 -759 926 857 -306 -763 719 641 -307 883 -406 275 -1783 8 757 -233 356 1186 -679 325 606 -420 806 -858 401 83 1151 315 412 350 154 45 -56 537 1300 -319 -1163 -1714 -110 1085 109 835 198 -879 471 84 -235 -1000 356 237 -147 -1407 713 -16 -730 -400 -1389 156 -568 -1494 -522 -297 269 -1105 1149 143 447 831 367 -4 -179 -53 -187 -400 -895 295 -467 11 -921 142 426 44 432 -408 103 773 785 1222 346 -1064 714 -89 788 813 -2099 -524 -944 157 140 1774 -1523 768 256 1114 498 -589 940 171 46 329 -404 -679 864 -891 188 136 -148 499 -127 1388 -312 313 -1553 899 -944 -303 -45 -923 -140 1678 -601 619 -237 -701 990 -515 1517 -1054 -1380 138 450 -291 -353 964 -277 722 -475 317 78 411 -490 645 -1425 45 -1086 -1406 -827 47 -524 511 151 -1013 232 953 -670 -445 579 -706 -428 838 -1140 -825 -460 -653 -516 -358 -19 -540 -342 767 499 1060 -888 203 -470 430 -1089 -674 218 -932 -68 798 622 -382 -475 -307 -149 -516 -343 -783 -1045 -11 346 327 -188 -879 449 -396 -213 -906 828 -435 332 110 -676 1555 518 276 535 50 733 617 -194 322 -352 -588 -190 -963 -1280 -1102 424 1222 978 874 847 -690 79 -1381 -784 855 -697 397 1196 -453 -1322 -1067 1221 326 -158 886 42 -963 826 -1034 -159 -666 130 -477 -291 130 110 -1119 -619 113 1467 895 381 -1234 -516 -880 246 1227 899 915 -105 1290 -529 311 822 -750 61 975 894 759 1155 357 241 75 -1308 -294 247 -63 197 1389 993 1758 111 -959 899 -455 -962 -923 864 189 69 -923 551 50 918 1321 -617 -339 -512 4 1092 -179 209 142 159 310 -572 -1451 -584 412 948 624 -418 -607 369 -424 -122 -173 -932 -868 509 -245 1087 -1333 -264 413 -742 -497 28 880 940 2449 -190 -712 -370 1265 -375 -120 -293 -43 179 -397 187 -364 -733 -1194 -34 -162 -835 1452 1164 265 -280 -1014 
-342 -1294 188 -426 235 -83 440 23 -2238 -127 760 608 1117 961 -159 177 -1028 -214 -166 928 875 -539 144 1002 -368 296 -843 -461 -193 337 -562 -433 -568 -428 -69 -801 -407 1273 -292 113 1217 501 509 285 -1530 -114 -1665 -477 -947 1765 -450 749 278 451 374 -384 -995 1701 -573 -901 704 -627 1368 -886 236 -396 -395 633 -649 542 -627 644 171 29 -57 -1370 -512 650 426 -606 -751 72 506 -771 833 947 96 119 601 -1053 39 -564 1939 -1531 807 881 245 -451 -48 -891 576 -1282 -225 375 -125 -252 -325 -342 914 -586 131 228 -173 -202 -865 -18 -352 -525 -312 345 587 -19 494 -188 -199 540 1048 1044 221 549 1273 91 -576 1300 -1513 -871 -207 -674 -685 345 -752 189 -1442 201 167 -122 145 1267 -102 -1480 -38 602 -1291 1360 864 -469 482 374 283 -394 -109 -119 -181 -677 -695 -790 -797 -297 729 -295 1055 -866 1074 -308 -574 83 -1031 -1234 1418 -536 1943 -169 -403 260 633 -514 1256 -1266 921 1778 455 878 77 -395 1237 560 -144 -206 294 -1361 373 -1042 279 106 336 208 477 208 1681 1840 359 1369 360 1011 -233 67 55 -284 414 -400 389 -105 -360 -1228 386 -244 78 1212 704 -1046 635 1058 214 1088 158 -1618 834 -47 162 -1381 -556 150 -293 -1087 91 280 63 501 912 -1521 1136 -1098 -282 -323 865 506 -599 1072 407 747 207 -1828 35 706 -790 987 384 182 -608 -1288 -894 495 -267 580 1393 -1034 588 70 -485 474 1 1311 -662 182 -55 221 37 -454 -1090 -77 -1091 -1159 -2263 -157 -648 -499 72 -268 -406 447 293 861 174 -271 461 -936 -1126 1191 -354 -1122 323 -959 760 -1819 1294 164 -566 -64 875 12 -10 -781 -776 -228 348 450 -346 201 -1168 1002 -651 -1012 543 342 -186 -916 -300 1025 775 -783 257 430 -564 -164 -660 -206 41 -753 482 286 -230 -554 1260 328 1795 -1623 -633 -162 -1401 494 -543 1351 -38 -245 -848 164 176 -893 -108 546 656 -75 -290 267 -1601 -1213 -277 847 354 -1169 308 -684 -608 535 770 -397 462 -274 195 -345 -1345 -136 -399 -186 282 436 -1455 1566 214 79 
-13 -292 -427 -288 52 -1091 -13 -1124 -724 1312 -405 643 -559 -1200 1087 50 -989 -80 -1209 1470 -724 -1283 -351 322 -506 -1226 196 553 1535 -783 801 -1136 -152 -625 -172 -233 693 -295 887 -301 -409 135 2322 1051 1142 -592 546 375 1110 -428 1244 -328 209 269 205 -723 -530 -115 424 -623 -1963 378 103 -273 339 962 445 342 -176 -634 219 -517 852 509 1174 -758 -809 -129 -359 -430 -391 58 -171 -352 279 771 286 -21 -367 -863 -1216 -208 182 -865 -870 -404 311 -222 842 -405 -269 -236 250 528 843 -12 -451 -853 -65 -527 490 -420 -641 1210 168 -1109 299 633 -836 -388 -796 536 -293 150 -556 1208 76 219 -79 1422 783 1612 597 75 402 -587 885 365 -165 234 -354 183 66 399 499 -193 -1123 979 831 -226 -1160 -183 -502 -252 137 -683 1498 774 -326 139 667 -612 490 -195 -989 307 -873 96 1392 75 326 -276 282 1350 -375 -686 -414 -548 -476 722 430 -800 830 -383 250 438 281 1262 -704 925 -177 875 -532 -498 -45 -86 -1380 -356 -239 186 165 594 1716 -417 -732 -556 -210 -863 -59 -1064 960 281 -620 585 700 -1076 197 1407 -206 -334 -866 227 -506 74 813 -88 187 74 -98 -613 594 622 -486 971 -275 -535 382 -214 100 749 97 -698 -88 -176 604 -1028 -166 -301 344 210 632 -204 21 354 -1003 399 108 -390 -552 -155 -657 -1479 -283 864 440 22 -460 -819 -356 -514 -204 444 111 -239 -122 -87 718 1658 -765 837 1073 -143 611 -983 765 1219 -290 375 1547 -506 189 565 550 -66 1024 -852 418 -349 -18 -301 425 35 1590 147 1065 -543 333 -232 678 -449 -119 -329 -1022 877 -573 1644 -410 -885 1087 -1203 372 64 -454 -904 209 -452 1192 20 -497 278 659 -190 1227 -501 -1103 -1425 762 1353 -1319 246 1860 -345 -244 243 725 -548 -1343 1308 -219 1277 687 800 -183 -511 -1303 -753 -1146 -790 86 -307 -111 191 237 -1454 -238 160 -833 -58 608 200 -340 42 -819 933 -398 -1491 669 831 283 651 699 103 421 -627 -1184 -119 -654 -864 -186 -57 495 476 -1172 -263 -1502 -192 -1017 -400 640 -576 
-296 171 58 266 723 -436 1094 692 141 565 351 1280 406 815 -8 320 -1073 60 161 -63 1076 1284 -51 -754 -2409 397 130 270 863 522 1109 993 -208 -486 -508 105 -816 287 828 -633 -94 384 822 377 308 4 1135 -230 -1003 324 -235 -607 343 474 -13 -272 810 44 -944 -247 -2057 71 216 710 259 -635 335 -37 -2164 978 -706 -349 -757 774 1103 -83 -26 -503 255 871 -1129 229 257 -756 555 -1349 414 -448 170 905 371 -1147 83 -292 -410 -811 -783 1026 -111 363 471 -642 236 244 283 32 50 -64 1679 -689 263 -109 -211 -305 -480 647 947 1849 -586 -1054 1135 156 907 928 -843 -40 -202 507 569 68 -869 5 90 169 -652 188 1161 -1000 -2136 968 847 -245 -1162 -323 422 344 16 568 -301 277 -76 -1270 -877 961 -842 299 -563 882 -881 -344 221 -615 749 911 -615 -315 -1044 434 18 -733 185 -280 -604 755 407 508 -448 -155 -274 1066 -74 223 -638 -1153 47 291 1176 -203 391 900 358 -521 457 -482 -337 -457 1565 -66 -1206 101 928 1139 659 394 -79 844 1635 -368 325 -527 -882 573 -817 24 -757 420 982 105 -717 -743 -874 -1128 503 156 613 -1075 522 143 822 -256 -584 -527 -1503 -2132 -1768 63 1267 443 -130 -516 -422 -449 105 -796 741 -747 57 45 597 541 307 85 651 621 302 -655 868 282 249 -455 -398 -230 -620 1546 -553 -351 789 -119 147 -940 306 -260 573 489 -702 493 -388 -296 400 897 -519 675 983 1181 -436 -139 -408 699 -51 -1334 3 277 -1104 161 -799 1119 -855 71 843 -1190 366 490 549 -298 744 61 -243 -809 -1138 -378 -217 -1052 218 -95 -685 822 -1094 -398 1052 -1125 651 740 60 115 591 446 655 -669 -412 431 426 -1058 -173 -844 -981 827 -197 185 -242 -733 -1306 888 -75 278 -449 -244 -1450 -128 -232 -384 44 661 -118 163 245 -717 199 -608 -678 -770 264 -118 -573 -315 1215 -465 42 -59 332 76 -320 -436 -467 -1063 -362 -595 -292 754 -602 524 14 787 129 -1265 185 -14 -368 311 852 -742 305 -12 4 1052 -113 466 1362 487 -543 185 
489 97 -408 -34 967 1112 117 -214 -1072 -407 -2175 1086 1159 134 -1020 395 839 75 -945 527 -841 -605 -1141 -892 71 -472 247 1419 -953 -281 -163 623 -913 1444 -665 -2056 -115 -1261 620 -568 -832 551 702 -227 -55 1104 992 81 -568 565 -278 269 -1162 115 -1062 144 -532 -803 -595 -1074 -150 -25 480 -381 -155 304 -317 -116 793 319 -583 -311 -821 1061 -316 1254 -176 -559 -1358 -347 -1766 399 798 588 563 143 132 1201 189 1070 258 1609 -455 -2 -450 -574 549 -440 -115 205 -559 -67 1640 600 649 -627 -1119 -832 -827 -1035 -776 2263 -283 -90 -701 -195 -1172 234 1112 -609 890 -284 16 180 -170 40 -307 -519 -485 -856 -257 -33 -369 612 671 -199 -35 -1018 250 620 940 -1089 207 -1196 828 -1184 -53 -1202 -322 236 316 -668 -85 187 -1739 1466 -1382 143 407 -511 -627 846 -1272 143 290 691 1483 529 456 362 -167 -441 -190 453 420 -49 640 -163 204 459 1048 -341 -746 817 -1201 477 375 -1543 -76 -1002 1165 -1419 -505 135 -186 -140 36 1146 -647 -97 950 -243 -720 239 -14 959 -798 -767 -634 -69 160 -377 772 -892 -1063 -403 -569 -587 -678 -81 -1416 -168 -120 -139 -536 1063 -206 -888 -464 -108 -613 -186 -1022 712 -807 1255 -155 -893 529 -579 -65 554 -179 1069 -613 -955 1333 -208 -206 -191 -364 632 -299 1570 505 -784 -500 889 757 -493 -543 -859 -785 705 -1018 -384 -70 993 -1065 -672 -510 -679 -266 442 -244 -394 59 948 778 153 81 520 105 -184 333 770 271 836 -742 -203 598 852 5 441 -217 -861 1920 1087 718 255 896 862 812 -33 130 -724 650 -507 617 900 507 321 -415 -1371 24 644 412 -240 -539 -45 -394 -15 -296 -489 20 -667 282 -922 119 -892 377 22 -1166 -26 -296 292 -191 -260 546 -743 -623 -559 637 -897 913 -1072 -1223 1715 -659 672 -56 -704 -998 233 -295 -325 388 182 -234 207 221 411 44 -401 1091 -460 918 -418 246 -1539 -728 -39 1387 239 -932 1264 -130 546 -152 -682 857 -33 -1019 -1121 -695 870 -149 208 -532 359 -502 313 85 -446 364 -349 826 953 -829 -243 
884 -521 324 -1166 148 -412 -317 321 1014 -985 -357 255 -1100 315 624 631 241 1348 -979 -543 1618 363 -203 1201 92 666 -972 -845 446 50 551 631 -443 48 922 1233 620 1357 284 -111 -457 146 -199 -750 813 -681 -981 -186 1008 519 512 -468 -71 -78 21 691 197 516 1081 -433 579 80 -1584 1064 1093 -65 92 -1067 -200 218 20 -1654 1238 418 632 -1553 -1146 640 -586 67 -557 -128 -1316 262 56 151 662 723 447 -144 -514 571 -193 410 196 -363 -393 1270 485 676 -169 -1237 153 1377 65 699 -104 527 18 486 -3 721 -312 840 265 -627 389 -835 -255 833 -802 -40 736 -1063 425 -1 676 334 -1143 -239 -501 -1025 10 482 1980 1010 494 -154 1252 -1567 280 1039 -1952 -237 850 614 -240 1217 44 -230 5 -556 -878 -826 366 149 -72 -148 -1400 -500 -153 -675 1228 178 -503 108 710 86 -1118 606 961 -441 296 190 814 -688 425 -605 -1570 -29 -492 -1355 -409 -1125 -373 -680 800 555 -235 25 -521 -656 119 -333 -666 433 -574 -225 -630 519 762 -1803 562 66 794 -424 505 -1361 -126 229 -469 35 1069 310 1046 -722 -991 -916 10 797 -441 8 -1282 87 -274 -1315 1205 -781 -752 -874 767 64 -218 13 -624 -409 -13 613 875 -223 -360 -623 559 1338 467 40 -1044 1332 -1399 -414 -447 282 515 278 -356 -1525 627 1099 -381 692 -848 -269 -316 -994 -1145 -399 679 -805 303 1355 -756 294 -394 -478 1042 -223 563 206 1010 876 -1270 241 97 -649 169 627 210 290 -1260 2 396 -1741 898 236 -75 337 38 456 -36 -870 492 40 -487 -855 503 -766 750 94 244 342 -2619 -1537 -447 142 458 153 595 796 326 -247 520 526 141 29 -416 -84 325 -598 -64 -721 1563 1547 -1051 -527 -692 124 -730 775 568 26 1191 1751 247 -1319 1571 79 -851 499 -332 1120 158 1332 -483 1260 -900 404 -335 -486 347 916 340 1208 -256 94 -415 -1123 -228 1150 -389 990 -1814 374 -550 -1044 62 -1000 -814 939 984 -797 921 75 -1392 396 -80 -511 -776 -395 -291 -605 910 768 -163 -22 -1753 161 -518 1677 597 -598 
954 -1097 236 544 -350 638 -406 -611 579 1381 -246 183 169 -75 236 1056 -811 1166 -678 350 -213 557 64 -258 870 1175 -157 -447 -491 190 37 -1203 -121 617 -878 -1098 571 24 -331 920 -26 -787 -215 500 -683 -344 -1305 -90 465 -660 -4 979 -1297 -1271 -1634 -115 -2409 -228 -469 -548 -223 912 123 -198 -527 537 64 490 217 -169 -319 565 -175 1142 -1061 -117 209 -574 844 1080 -1132 442 769 -84 -54 -238 -27 -356 1358 -4 374 -952 428 419 729 752 80 1371 -341 -107 755 77 -350 320 676 49 125 64 1579 66 111 609 -655 -364 476 350 -423 -215 -1373 30 -56 -171 720 -241 147 -272 1932 112 -2508 1468 1033 -899 -526 1633 367 -606 -265 471 -1198 1321 -121 -591 693 -157 117 -356 961 108 480 21 699 277 672 68 522 269 1798 491 425 -197 698 -16 -43 -972 -765 544 -458 -80 -1371 -414 258 -51 -1107 267 1439 -547 231 -781 -152 497 -494 1058 864 -253 236 369 -960 1619 7 27 868 354 436 -348 853 -672 725 553 -795 -331 -751 -966 512 -1364 -1178 -1483 51 399 323 24 275 -671 865 1047 1093 -235 -283 190 -176 1469 -211 327 -360 -202 -1491 -155 -183 -185 -612 -7 1838 -2162 334 -930 926 378 -750 10 -920 -212 623 1352 546 772 -778 -871 380 595 -306 -258 -1001 273 49 -1515 -74 -381 -1318 -164 786 129 -916 -8 -737 -887 57 1622 -473 465 810 -338 -95 -847 -812 -296 -113 -19 -185 215 502 74 694 -217 -1212 720 29 21 1228 -456 -178 -745 -151 -973 406 -707 -618 38 -285 366 -310 -7 246 2383 -1858 911 192 -139 -7 43 201 -401 -149 274 124 -266 -956 744 -1578 -409 133 -974 -1648 102 -814 -1247 -182 -557 912 -1437 -192 366 750 557 1142 285 -2240 -1528 -1060 1524 1566 595 -1174 -571 -1156 -1277 561 -56 -969 299 217 -1387 -621 -48 694 607 -632 -364 -221 -155 -106 446 -1329 1400 -280 765 -897 1051 -577 -471 -727 -719 730 -460 -101 -61 -984 -233 113 -1305 344 -460 888 76 -776 -1623 -381 823 -1746 709 -76 1181 -163 293 87 -396 652 -327 -973 1061 82 519 
806 455 663 -43 845 -608 414 634 -13 288 774 -409 -438 1685 651 -25 -170 600 -818 -400 459 -97 -812 -494 149 -267 -484 -224 -100 -764 93 5 556 -1624 -9 -206 681 -264 -29 2024 -36 826 -1675 -502 -80 308 -583 -985 -509 -983 93 -306 -245 185 10 -408 990 568 677 -84 166 738 -680 -1002 203 377 -599 1008 216 -255 1159 570 -1108 520 1387 501 589 -875 -875 474 -466 854 829 -218 -215 -128 327 -476 -879 -826 973 -1500 916 -1543 -346 785 494 -941 235 384 269 105 -673 -582 -1413 987 286 351 -33 -341 85 -814 -660 1042 -886 1426 -426 -252 -550 306 -382 -638 509 689 636 -748 547 -1147 573 -20 629 729 262 -619 -1237 -683 289 -347 -89 51 137 981 -839 -128 -500 1139 457 401 941 -1632 -253 -2 -1167 -91 625 -922 1201 -1720 -246 459 -1157 -1350 748 -881 11 -631 206 -488 503 -1467 -1022 -684 747 -1292 -543 22 -158 228 305 396 1302 197 -125 346 56 -1482 229 179 734 1028 400 928 1315 -15 -962 508 -232 934 300 15 409 611 -368 -1158 -466 -121 -91 305 1396 -521 180 -46 507 1408 350 -283 1191 -398 1000 1051 176 -38 -79 139 -803 -308 -51 838 658 -1554 104 -448 -748 331 254 -159 689 684 564 91 354 1091 735 -921 1259 1107 90 207 -341 -1067 117 -727 -1245 -319 703 36 -9 -982 -662 688 128 878 -1543 -143 -496 -818 -944 -790 375 -434 877 -936 410 -169 443 -494 -1797 -303 -1103 -1132 526 -1085 1070 925 -535 -974 -630 -815 1223 -266 -1136 512 587 -1662 841 868 -173 -550 215 -628 807 1004 281 1244 -669 -303 -424 80 588 -173 1222 -771 2207 -27 790 -447 93 -3 -483 -210 -324 20 261 -915 -667 -1200 -937 -736 362 170 636 222 -38 199 -784 671 1085 1278 -1582 218 -541 -373 660 665 -1289 -255 -1142 -512 -907 706 343 104 -30 243 -1509 549 -786 -62 880 305 -1223 340 1135 1118 -974 882 -1096 243 544 1139 -83 566 -264 -90 497 1316 -502 -809 187 -544 1140 -583 -23 85 468 -1000 1439 -568 1271 -112 624 879 1357 113 56 -586 1011 -626 1241 -64 
1140 -127 -641 335 143 1088 973 -34 424 -148 377 613 -268 -997 158 364 141 932 -390 97 1005 -690 354 -426 -524 -517 1070 148 -645 -775 448 -943 -85 -389 -195 -242 -1488 306 160 -773 -41 1129 -145 -674 -2198 1066 594 -258 137 -836 1008 -5 529 205 -50 -667 -688 -680 -263 -184 22 -746 361 367 -893 -1128 579 -93 322 1192 650 -95 174 343 1074 179 -324 -198 -166 -207 -534 143 -168 -549 -250 477 386 -191 -594 -194 345 1034 -301 826 -766 -500 -814 -1191 -1153 -872 71 -66 795 712 -701 558 -647 -737 -699 258 -264 75 484 -1447 -281 -661 782 -98 389 869 -204 -869 -1323 -2135 421 -359 -594 617 -162 1013 -450 -568 18 -30 1238 586 -792 712 1693 -372 -385 -1216 -196 -1496 124 -90 -1005 -394 132 -589 -970 501 572 -664 717 -818 -397 2296 -107 -399 -333 940 -1379 442 286 -916 -510 630 1662 480 -863 -74 638 1093 -885 -72 870 -47 92 7 156 112 -332 920 -261 604 469 210 -1559 -864 781 1199 297 1130 -1018 876 -109 -59 335 371 317 595 737 187 -88 518 -183 475 -347 751 -1137 197 -162 929 -1106 -187 -494 569 -1890 -2078 -134 -408 588 544 142 -257 -181 -2047 668 405 1407 -33 303 153 201 -158 -72 -1377 367 -85 -1184 -824 323 -630 -588 -320 12 567 485 1202 1066 -101 654 823 -384 490 -225 -255 644 -386 -513 377 1862 675 -379 930 -87 -890 -188 846 -95 218 -872 652 1003 -511 -416 -447 731 627 471 760 1361 -928 657 393 -101 860 287 -932 -369 109 1796 347 -206 1036 3 778 -443 -83 187 -1573 -1556 -176 200 9 551 1043 1020 -395 937 310 691 337 520 819 469 -79 -318 161 -547 466 -590 -200 -110 773 726 291 -285 -537 -820 -231 630 -544 1248 460 227 661 -479 -496 75 540 -656 -290 -716 -1268 -23 -1233 416 -378 939 1036 170 -1359 1480 -952 357 -208 -968 568 829 843 508 -866 474 -512 -801 -344 1275 -1463 43 775 -1026 -124 -375 -369 335 657 -1671 -1047 69 -1506 417 -154 219 477 972 -815 512 343 -135 -508 -747 -504 354 1151 1238 227 -1118 1365 
-74 -1248 -924 -328 938 -211 -222 -827 -531 -495 -361 801 -567 -19 368 -553 242 -3 200 849 -313 6 -150 -26 280 -95 -515 151 -51 490 511 -599 -482 1057 -596 -732 -951 -359 1160 372 -305 298 -256 327 377 -229 -1217 -386 -369 -325 297 -588 -739 309 105 -538 632 -689 -889 -1221 245 120 770 -1420 -986 30 -538 1382 676 410 -1339 671 141 148 304 -479 -315 879 -220 241 -114 916 -73 324 261 1329 903 -995 727 431 682 148 223 -962 -1499 -623 -1498 457 699 596 -1000 1277 -308 -601 -229 147 -116 -204 1335 123 -1653 -993 -427 1047 1228 23 284 -1215 -890 -45 1128 -854 567 212 196 266 126 -86 -1145 -201 896 -158 -187 -259 -934 -144 -525 339 -1543 305 -928 908 339 -165 -1418 -824 433 -66 566 -893 348 1144 -1041 1064 544 1474 879 529 -699 -206 -272 443 836 747 -142 848 -790 -487 484 734 -1115 148 346 -641 1499 408 73 -687 -34 430 -307 -419 540 -663 57 804 -527 673 -126 -70 553 -105 307 319 -48 -399 215 538 -1236 846 -417 1355 811 -321 -2016 449 -539 1451 958 38 -1244 90 -95 -332 1212 228 -16 1784 575 -278 1125 219 417 1067 185 -12 35 80 551 -204 523 144 118 -336 67 -311 1117 -561 -1013 401 -516 -438 39 503 -181 -963 -1325 -37 -1126 290 689 -1074 563 800 -348 64 396 -11 337 1637 506 -1229 -626 0 -159 655 -1528 -946 439 -577 -562 -2 46 590 320 927 -1284 -513 1861 737 -255 -863 -761 587 136 -297 -52 -1890 550 343 1799 460 537 -254 83 157 -667 -242 -88 660 740 32 -132 379 792 1063 104 -714 -860 602 285 139 1467 -198 -95 80 -716 273 -608 367 190 1049 323 -330 1011 -1301 1175 -477 -807 280 -739 -105 1897 1243 9 -413 -274 549 274 1221 -551 789 131 443 996 -83 -607 765 546 38 6 -512 576 388 162 94 -333 -527 837 245 547 1718 1074 -809 -18 139 1133 -446 -900 -925 335 -1086 -152 -1001 -119 -1379 479 -513 -1147 606 324 -509 -608 686 -931 -742 45 364 -535 -246 -610 -695 699 309 -270 779 763 218 -597 453 
1550 483 -496 -479 1058 -1018 -22 -352 -1186 900 76 1101 438 -640 112 -12 1024 284 1468 931 107 -1072 -230 1021 1202 -518 -590 -452 294 387 -318 -1095 365 -677 87 432 -670 -1008 -207 -5 183 519 196 485 -1178 -59 -202 1125 -326 -683 -754 -380 593 -13 -1169 848 -1208 -570 59 -330 125 71 103 -301 832 284 -604 509 1783 47 -1202 433 -448 434 -592 -874 403 -521 -1265 1554 824 -265 681 433 457 138 157 -491 36 -1164 671 -123 -591 -1667 -668 17 1653 837 -1336 199 692 615 537 379 607 645 -536 -34 -697 104 366 -759 234 -469 -458 239 1137 -1560 325 -1026 -253 -342 508 83 343 753 -1148 687 -377 871 -132 -203 -83 577 368 -1713 370 -397 5 410 935 -545 -290 467 -387 84 432 1093 -466 286 115 406 1625 48 1231 -8 686 655 910 383 -38 -159 1142 -153 708 754 -324 -1318 -308 356 -236 -16 225 1216 -1423 384 152 -418 -277 -861 268 344 -418 -680 -1692 -1058 865 98 1468 -1018 636 1156 1296 1159 1058 -605 1103 -533 315 -409 493 480 1374 -832 1760 52 -67 42 -1475 -579 -747 -177 -259 -525 -93 -636 -1253 356 167 -2310 252 -974 -163 705 -485 -161 -883 -636 -1570 1315 241 -847 43 993 1529 -645 -448 258 -824 -247 -1813 770 -706 -655 -818 245 -183 -504 31 -691 -685 -124 -498 -781 314 500 951 -594 -298 105 1332 104 700 105 -464 -656 15 463 669 770 -608 301 402 -867 19 488 -1472 -200 -551 1027 791 -1409 -610 14 -1420 126 -694 196 253 -496 -509 -84 364 14 -298 -93 -713 -277 -710 404 138 -443 -330 1290 140 -1273 -4 -391 467 -356 939 195 2 -1810 745 -585 778 -486 -492 -537 423 358 -634 -94 498 -924 -759 -275 1522 -544 -1105 257 1225 1369 196 874 -200 60 -1274 -906 185 -566 -1025 102 -1135 678 686 -1168 -1377 -713 462 67 -271 1208 -260 459 382 423 14 583 419 454 -344 -123 497 -521 140 -278 136 1017 68 -290 -690 140 -390 -154 1175 39 -88 -150 413 794 -775 565 128 -614 1748 -661 111 -891 309 0 -847 40 -950 341 -699 704 289 695 
118 -967 282 416 1021 -1492 -50 511 1311 733 -1291 560 -282 -880 515 -267 1067 -304 -697 -186 -1571 -772 829 1081 195 903 918 -229 289 -32 82 -1341 537 -1624 6 560 1219 -540 97 128 -277 254 155 1177 266 -394 -826 445 678 45 -458 -498 77 -42 -15 -295 -426 -793 661 -369 -387 913 -380 84 411 872 1084 -432 -393 -152 85 -347 468 -298 -29 212 -430 436 -1127 -238 1447 -572 -1092 -25 111 -260 -10 234 438 -17 -274 -852 42 1306 -373 167 -304 -1106 -695 -455 552 -552 -273 -1255 -1081 245 1123 179 1108 -107 1400 -334 982 -443 740 -1038 -427 495 -379 962 695 -239 -269 -414 -3 1175 -586 391 159 -113 34 619 293 -772 -691 -920 257 533 994 -748 -1897 416 1569 -383 -540 362 278 -505 782 -394 -453 360 -33 -946 -324 -82 263 983 437 374 1145 -640 840 -577 190 72 1333 -497 -44 -1047 235 -122 1219 142 -197 -648 -384 47 -977 -438 -935 27 -270 -917 -724 -853 -307 589 -1246 -33 553 173 -337 -232 307 648 524 -353 -466 362 -907 -444 -199 -334 550 -476 -716 -1906 -1752 -516 -1088 655 -28 -1634 -481 -501 875 -960 -9 -1249 39 41 1196 -1057 180 -631 1082 -1373 -658 -588 -139 -836 872 1024 -648 1127 -153 852 -28 -758 -268 1370 -1429 368 -1141 557 -418 319 -621 588 -853 -62 768 -87 -258 477 -447 -383 -134 -315 -214 875 -701 270 376 217 1248 738 369 1073 205 -445 113 -820 4 -1315 508 -133 -428 -49 -871 -365 -66 133 -355 1775 1326 1644 98 584 -914 -205 1117 -354 583 173 -24 -641 -476 -1789 196 873 -354 858 -1498 603 -407 -738 -637 -289 -1225 249 636 766 -874 -840 -133 639 -497 -178 800 116 409 766 -556 -180 732 43 -371 -72 206 576 78 -336 -310 565 -302 738 -372 -1515 617 160 -242 -1277 1321 300 385 619 -239 392 -32 -1646 -549 -11 279 388 1231 -622 369 -69 -99 -1165 1251 -678 -282 -295 -428 928 1306 437 -106 517 421 -695 165 319 703 154 330 -425 697 -635 -864 249 -125 -1161 -558 417 444 178 -1647 731 -326 -1097 -1055 235 -57 256 -1126 -937 
-212 946 447 27 -660 398 -816 -234 -166 114 -562 -305 -134 155 -381 -402 -441 -763 -32 1738 -1746 219 -49 -572 1606 -479 -836 -1429 209 -1994 366 241 1653 -1445 1413 481 -1742 -452 -932 1448 123 92 355 -1659 14 1436 -350 736 951 -990 282 -631 441 -391 407 412 58 525 608 -455 332 -984 181 723 1177 12 -323 -411 -66 -857 -105 -331 -962 551 3 1196 -653 491 792 -389 -445 -341 -1513 -1015 -965 230 1890 -176 -105 867 80 1522 1641 -1336 993 49 676 -1955 -331 -481 251 630 -102 -232 -430 -544 178 228 -612 -93 1161 -1068 417 1060 -808 1164 -25 -89 870 -58 110 -351 -175 1049 -2 1471 602 495 743 -75 672 1469 -473 857 -402 850 -602 -215 152 1012 -281 -1631 -443 -158 -716 -1532 1100 75 139 -511 1160 133 -84 -747 -1309 35 349 1228 68 168 169 -74 -317 573 386 -163 52 -755 65 -88 534 446 -737 794 -670 755 -1059 546 1198 1907 178 -41 -334 -1360 -652 -112 1363 581 -302 665 638 -2121 -114 -775 -601 -939 -1116 367 -145 -1293 -59 108 -418 162 -356 380 -1566 541 123 1072 601 -70 88 -105 -818 388 -940 750 304 -374 1398 427 -569 -1239 -986 139 304 41 18 102 81 -83 798 1293 57 236 180 506 138 -172 -736 -14 -615 1330 271 -1369 733 -914 256 -40 781 -430 -661 500 -573 42 -271 -279 -236 -1070 -1068 -187 660 1181 -267 -809 -164 350 -341 78 -916 799 -861 -726 -703 134 1356 -718 -210 -569 -1050 316 -157 -1710 0 977 -307 400 785 1055 734 -503 82 644 -646 221 -877 1342 187 258 -359 912 -169 208 712 168 -420 901 804 254 498 -203 435 1059 -194 -242 835 -1151 221 -123 507 -569 -53 -580 1902 -916 1487 -388 -1201 -48 -300 -58 712 -648 -650 -22 1013 -154 269 34 285 573 -231 192 -217 101 638 -674 -549 -272 -518 -784 -1126 811 -418 -803 -160 1010 636 -1472 -1609 -273 731 496 -668 788 -101 -663 8 322 837 109 -695 1188 -173 502 -72 -346 -34 -55 568 575 1138 985 -734 -259 583 -281 -1349 656 1097 1071 154 1669 -281 179 638 -470 349 224 
318 -348 -177 -105 158 -959 409 -1090 -67 -629 -869 -161 761 488 537 122 -1261 25 1408 124 -185 596 -288 -1098 -1178 -42 1004 960 -458 185 -461 155 227 -646 -926 -1201 361 -493 923 416 -585 -672 -1605 1512 1623 -286 988 1315 609 -98 310 419 1206 -20 -194 -543 -83 -31 245 -1020 -168 -910 461 426 -1271 757 341 90 1086 481 -332 -842 526 -186 -322 314 -316 16 -534 -545 44 721 1199 -495 1037 1813 -105 -662 46 15 -17 -400 -478 1682 -253 167 141 433 202 887 -8 -54 -500 184 642 -240 -880 905 -152 -1079 -758 -1529 260 -98 849 328 226 730 -1718 -459 -1604 -413 106 933 224 -746 1030 561 683 -233 -5 -111 981 -839 527 1970 -699 231 1382 534 -1135 -216 -168 425 140 132 -101 294 -537 -482 -816 -368 553 -589 990 -17 -579 -298 1072 1178 439 887 -731 549 520 212 -1163 424 77 -747 791 841 364 667 421 188 562 444 -823 4 518 1226 67 678 -905 475 -1139 534 1025 -361 -548 -67 -520 122 825 538 788 45 92 -204 171 1550 204 -481 -461 -678 926 1302 239 -237 -1875 -253 540 -1088 -80 540 -553 133 -590 837 -1040 918 -1121 1999 -780 657 1639 -95 -246 -344 -1005 -478 -302 -645 -346 -634 442 -1839 -515 -602 1156 1599 272 -1520 249 -1283 439 -542 565 732 -881 253 1467 -139 68 -342 84 832 -386 806 -53 1346 716 149 956 -529 183 1420 340 -910 793 -1346 421 561 -1166 613 297 -803 515 88 647 -573 1142 -656 462 -1170 627 1091 -371 -149 1031 879 613 -174 -579 -359 414 106 314 823 45 32 -315 -742 750 2295 -375 -639 -990 -406 369 -347 -83 -200 -1235 -567 150 -107 -260 355 159 -823 -120 45 -8 740 924 -106 -80 -435 -317 -323 -856 740 -310 -262 1314 -52 1551 1123 691 1183 137 113 1251 -173 354 268 -297 57 61 -808 -208 -1157 790 416 1030 -1207 -481 152 -1043 293 -641 -616 -678 128 349 319 20 -1386 -888 220 -1195 -481 395 357 1566 509 41 941 35 -273 -129 415 -102 -609 502 -187 671 149 -618 -126 896 1909 -148 -340 154 -305 -526 89 
836 -95 -931 559 -346 58 1041 249 333 1384 1405 207 -947 234 -18 755 -487 -476 -662 -650 53 -49 187 -521 946 -1312 -84 36 1655 -896 1077 517 -1217 -1186 -871 -829 147 -1104 -15 -917 -109 -234 -54 -2342 652 -653 -215 1088 -345 -247 1328 -64 -11 -92 -1014 -421 -2026 202 -200 -1012 -690 21 492 -562 -685 -876 -65 1128 -85 -145 -326 79 -986 -208 340 -1566 557 -158 1308 656 -1173 212 283 -317 112 -367 520 -232 54 -681 368 922 329 122 -103 663 60 -10 -114 -417 558 -127 1014 -851 -130 348 -666 403 497 187 -826 -437 2 -1033 -387 445 850 -795 -22 -564 -652 395 -179 476 68 393 1374 81 1854 -186 194 -428 626 462 519 -511 -1862 128 75 53 628 872 -888 239 -912 823 318 -1133 1422 -948 -330 -475 -1157 463 1391 -602 639 -9 37 514 129 -937 317 -142 -81 -1139 -184 712 1219 530 912 -1122 -76 -710 -882 -1231 862 -508 563 -61 -492 -198 39 -534 396 -397 845 -507 232 -71 577 -566 -1227 -247 -507 1896 -1442 -436 156 443 729 -1981 376 426 -177 347 485 521 177 1115 1117 1120 658 352 1462 655 -174 787 18 770 -1422 853 1081 -317 -1327 -231 317 473 -87 -395 233 897 -592 1609 1075 315 1012 205 1414 153 414 425 -569 427 -322 -16 387 -311 -3 -384 472 406 1523 -269 -1495 838 421 779 -123 573 307 -1258 -1031 -656 -111 -249 -89 153 -570 -1378 254 1846 -1286 1147 -105 -66 181 1401 520 -304 643 633 -1391 832 -36 -553 306 71 -551 740 942 -1231 532 -426 71 42 344 -1427 272 1435 784 -698 845 -1287 650 -1109 -797 287 857 -1293 533 -2557 -1066 -10 -675 -440 -373 358 533 -986 745 223 375 1954 -65 -314 -100 -974 597 -484 739 364 163 -27 459 343 415 638 -162 -907 1115 3 893 -203 -1164 -870 -208 133 464 559 -96 960 554 112 554 -1160 -54 488 -1561 825 773 402 677 -225 964 -962 143 134 510 1312 -150 -791 -493 1397 -791 -1553 -121 -1111 1523 -369 255 11 719 -1585 -566 50 198 927 -404 930 -164 -1191 -255 1446 -429 -415 261 -588 -612 -264 
-656 -1126 318 306 555 809 -1027 468 1139 1505 392 461 961 382 935 1063 1063 937 -369 352 16 -1678 -363 -1057 -1431 -587 560 132 108 -1794 664 -1533 547 238 399 342 744 -120 238 205 1100 7 -1177 333 -97 726 -579 939 -342 249 -1228 1704 399 -371 -494 325 66 -913 919 -1652 31 -670 294 -17 -281 -629 -343 692 -385 490 269 133 -547 254 34 -813 261 1237 967 4 -189 -584 -1432 317 1253 -210 42 489 719 685 688 394 23 303 -797 350 -441 955 117 -228 -1292 -1266 448 474 -344 -47 295 -989 975 -612 -324 -5 -157 147 732 649 756 -539 -306 -1249 1172 186 358 329 324 -473 -500 -7 568 71 -66 -267 507 727 970 -665 89 533 -361 -537 586 276 266 -435 -201 -164 -776 167 -239 -105 851 -675 99 -347 -982 420 -6 -615 200 -661 268 -1059 391 -840 1379 -674 -310 -349 -822 0 747 -502 -458 96 1416 939 938 -918 -758 1289 187 -13 52 358 1505 1814 1013 525 -1478 -470 532 40 -711 347 292 -467 -618 226 252 698 -28 436 780 219 -623 -156 898 -918 -1009 558 -317 -67 275 -895 -510 980 283 75 605 664 -608 -514 1151 263 128 612 -687 201 -707 53 124 -737 -221 -623 -700 148 -315 -184 -748 -1446 -274 126 500 -952 725 -123 -69 -201 -786 175 969 18 496 1224 20 1077 435 230 -312 497 -161 -955 -655 817 545 -212 -879 768 340 -1411 596 1467 -1743 596 -634 166 -667 -1332 116 206 -369 -228 292 -980 425 1103 657 51 -422 -1029 129 385 281 -197 605 866 1007 27 -831 -396 713 305 297 80 201 208 517 338 -1162 323 674 449 454 1778 -112 76 318 787 -353 1029 -77 -51 725 483 -446 -247 260 375 -279 696 -632 -308 640 559 -92 -772 494 -900 -251 -1103 684 125 521 -473 394 847 -574 105 -266 -722 144 -504 496 673 -306 -299 134 -1112 -1168 -682 -815 816 291 -928 -178 361 1032 537 632 -339 735 143 358 -479 812 982 -391 -236 -74 1236 1677 -1052 930 -1095 348 -78 -466 -25 -455 -79 1058 -172 47 -459 692 -273 -611 -18 -928 -666 
129 -361 22 -599 -544 -290 -97 -391 -699 -647 -1388 990 -17 -133 572 -1700 588 -689 695 -1413 535 238 66 -172 482 563 -186 123 560 360 -650 380 -1156 -342 39 162 141 167 659 -486 -58 556 -604 361 -3 346 1416 -786 652 401 -512 -927 210 -1084 917 -1352 472 -679 1608 -700 -1080 -385 1022 245 -451 -571 902 801 -1566 -1007 562 -255 690 583 27 62 399 -203 -1671 -282 -1356 -93 576 -276 -545 -1019 196 594 -1196 -1055 1186 -414 -19 77 599 210 223 487 -403 -903 41 993 -785 1055 1185 256 -188 2058 -1349 -1737 -83 -657 226 25 -113 1113 -370 -43 164 -357 1840 -749 190 -295 -211 507 -443 -136 160 -79 429 333 458 -6 1360 348 -542 325 -504 619 578 620 -938 -982 358 551 283 1856 -187 241 -326 5 -1275 -415 -1013 734 420 -293 275 122 157 -126 748 1312 -715 713 261 -105 520 -1217 -95 -1139 -1602 -1385 -506 -557 -235 -714 -190 630 633 644 -783 374 -490 -59 1341 -142 -172 740 -732 125 535 7 -167 -806 819 497 -772 854 235 1168 -665 272 377 -31 -442 -407 937 -582 97 557 1017 24 470 278 519 135 799 587 -322 794 -676 1700 -560 -43 747 -315 -174 -212 140 79 345 651 -546 -1030 -1315 -528 -474 -1103 -1295 -815 530 541 35 -745 -276 235 -367 -142 476 34 212 -664 681 -654 771 239 -119 722 -23 -542 438 -784 -764 -1635 84 330 655 -465 458 -1012 500 39 -457 -1814 -127 1212 1521 359 -767 -640 660 -463 417 -971 -272 -135 -566 1087 -26 -52 267 294 949 1294 362 -268 -169 -95 -236 332 319 901 203 504 -485 1090 -1053 813 129 -248 495 263 669 486 -721 89 1690 -309 260 771 382 18 842 984 -431 119 524 259 -707 -194 -382 459 136 1550 191 -95 13 157 -135 -120 -174 -513 -143 -701 917 -11 173 -1864 1324 735 -842 -379 184 -800 55 459 306 -667 169 -606 -80 8 533 -932 -176 1134 242 -350 972 -232 264 -1187 76 144 17 634 348 -331 293 -172 374 365 120 -154 -244 315 -673 -386 885 1326 706 -363 -573 -417 -122 556 255 -1260 
494 718 -706 -420 1180 -1167 -774 -1016 -359 -68 1637 -1485 330 27 700 1831 -27 -164 -650 180 -275 -717 684 409 -794 -288 -212 -209 374 90 1501 -333 657 -1241 116 -180 -1455 -375 218 -284 -219 -2038 1348 -451 -1351 695 -781 -1349 901 653 558 -83 915 -352 126 378 -84 13 1007 176 231 -13 -28 510 -498 -594 -967 189 174 -21 157 831 -466 1661 873 891 -414 -393 101 -294 -793 -502 442 -1046 657 84 -332 1153 -304 87 727 11 875 -512 900 -340 722 -1000 -217 -663 -1346 -1125 319 929 -647 1863 -455 -104 1273 -831 -167 53 -307 -452 -169 -14 -395 488 -143 116 756 -1003 381 -617 -1545 685 -622 -671 194 1061 574 -1292 726 -41 -842 -55 296 -118 1147 1878 -205 -635 -1081 0 844 -325 -851 138 -222 -190 -471 769 77 -674 -172 539 544 1424 49 -173 187 558 752 -324 -1479 -191 -1837 938 -675 -95 -471 -116 732 383 -448 -20 111 979 568 1375 -497 261 200 -575 -764 1380 -866 -473 152 543 -123 -64 1352 339 40 462 -57 280 -491 -125 -282 -48 438 -467 -1260 95 -681 -1044 -515 746 -486 402 1344 -957 -62 654 -150 159 224 -347 -409 107 789 -371 -194 -122 222 -832 60 -293 -1419 -163 308 510 1024 -221 418 -505 -787 131 107 1746 1082 1480 -92 -659 -216 -243 876 861 826 783 -1032 -307 75 -753 189 -137 175 844 -915 -227 1048 213 83 -242 312 373 -519 -495 -79 702 528 223 943 787 -671 -1315 -1529 432 335 -98 340 -385 -1378 1348 -959 110 1015 -286 759 856 -640 708 -878 -436 -388 1167 -146 -278 53 -636 -1647 -74 658 -125 -158 -456 100 387 385 1176 -217 214 -26 -7 1867 -923 10 -58 -900 500 -2 -1178 802 170 1858 -750 250 844 329 616 -408 543 92 256 145 143 457 1071 -13 16 -527 -916 -225 -301 202 423 -246 -79 -482 228 -819 559 -541 -1521 1095 1326 -490 73 -1100 -1150 -103 876 304 -101 -333 -253 -753 -489 1480 1547 -1554 -818 -1143 1066 -1015 -517 -558 636 836 -105 -576 -686 -156 -312 -727 -48 -1029 1049 -680 -147 -804 -440 55 351 -448 343 -941 95 
72 -520 -1619 -776 -947 335 -46 330 -1388 56 545 -230 485 1028 -242 1576 -158 622 1221 592 -1107 -433 -1154 -1303 359 593 -67 313 1274 374 -1073 -1082 -640 -26 -85 -187 -475 -89 639 390 721 375 332 -280 159 449 -822 959 378 394 616 -301 -367 169 -1090 -1072 -30 -312 -731 739 -764 1702 784 -946 -812 806 80 -713 -207 232 -1372 933 -242 -731 -444 -61 1665 -998 682 -413 218 -534 402 -332 31 315 367 -53 105 106 939 -181 -928 -554 -248 1919 -1138 -270 -1077 -32 -1403 -535 465 1301 -21 -181 -140 -1732 123 373 268 -159 1417 -492 -798 -372 -55 318 -1309 -283 -604 -815 965 -541 -158 -379 -645 226 1383 -458 441 355 -758 -1774 -212 -156 -414 193 -882 603 -494 -796 -339 1220 -1491 -133 -577 -701 -822 -81 369 -336 156 474 622 -1176 227 -1508 -196 659 433 265 -248 1032 382 711 1487 -571 -929 -505 418 -721 820 472 -623 -112 -10 -755 160 -344 -195 1453 -934 -1141 487 383 -1268 821 1435 -304 -465 1368 1053 243 -236 -670 256 -174 541 -343 -28 -1000 323 785 609 1286 -112 -348 -485 -909 961 1041 806 822 1367 884 1243 -124 298 99 -508 -891 822 -348 775 694 602 328 -203 -256 -867 -741 -445 -2111 809 -859 992 -798 652 1468 143 -7 1330 -868 1501 449 -329 87 1684 -466 270 -1148 380 566 -944 480 437 442 689 1303 908 -132 237 191 183 311 -519 341 -892 -1037 114 -1921 -282 1323 -1049 703 584 -249 -1731 -520 127 69 1408 444 600 -976 -229 836 -333 273 925 -937 288 -397 -518 310 696 -1126 -1216 227 65 -569 721 -11 518 -1246 -133 505 -96 1373 657 492 -1224 -287 -468 1472 694 -1406 -694 -1096 1055 57 -8 -977 110 -12 175 217 223 396 -1388 1308 -19 1568 -725 761 351 -963 -1396 210 -384 -1269 -239 492 -1140 -100 -362 -302 1182 824 -273 470 -614 -1039 956 96 232 -447 -1219 -781 -342 552 -572 528 131 -484 -1364 -720 -662 171 488 -336 883 -1070 1045 306 -502 -1512 -727 1077 244 -880 797 -114 229 38 299 -370 166 -28 1379 0 -925 -341 414 977 -582 -435 1268 225 
-111 -53 -453 -606 -420 -1197 786 -839 414 368 -1069 -796 -159 -264 1558 1210 -50 887 -267 -585 -339 838 -1358 -407 730 420 -273 -741 -130 -145 440 -1171 740 -936 1352 -1092 321 983 -1456 930 1081 -586 -1435 434 332 337 108 256 260 885 1818 282 1810 -1103 -863 -253 -305 1370 -2 -1 217 -993 -914 1693 -660 747 124 -86 -125 -180 -1023 -1451 -396 577 118 335 432 -31 540 -567 270 629 -388 -663 110 -427 574 870 201 -73 -634 320 313 75 -921 -370 -418 180 815 684 473 -570 953 40 963 -81 755 806 1571 142 -96 176 410 1003 143 1171 921 733 -1 -435 -762 1181 51 312 -107 839 -40 698 -735 13 -1160 44 -197 1193 106 -296 -344 205 -401 854 626 -1405 564 -1091 262 -303 -893 433 -627 855 544 54 -2049 -1042 707 -1037 -106 -364 143 -1233 -1647 834 -944 -60 1521 -748 1204 -96 -564 576 -431 326 -1694 -118 -539 1262 737 -346 101 -145 -373 -173 -151 1012 378 2164 -158 -991 1734 -1472 898 1194 -362 93 1082 1251 12 -423 792 -235 -697 2 446 657 443 371 719 1324 -704 -154 -78 -302 285 100 832 329 15 639 95 903 -1144 -827 -610 -474 -133 1620 29 161 139 -37 -457 -373 378 447 169 -845 -1217 -445 321 320 -584 1082 -1597 -854 88 308 1038 -172 405 475 -245 939 278 -1137 310 59 83 -462 9 1 -508 -375 -681 -1178 316 -556 -541 453 1392 -1090 499 1135 193 -1111 1379 -239 262 -1 -542 461 1060 -1098 -731 -965 -742 -865 -1066 1097 242 -478 -670 1057 437 734 -2535 123 872 830 643 -974 -1559 -222 -303 1468 -199 1883 342 -946 -972 249 -937 356 -109 -1220 -93 831 -732 490 -1547 -464 -1167 -1335 275 -106 -505 -852 -369 365 -439 -540 187 64 145 852 -1047 722 418 -266 -931 -418 191 635 -362 -507 571 -120 20 -943 -333 -132 -2069 -860 -245 171 709 690 -484 125 -1431 -124 -829 138 -57 308 227 -465 1491 181 -1265 502 114 -95 179 127 80 -1713 -364 316 702 -1115 -712 364 779 -140 165 1320 -42 255 -547 1286 30 263 -545 -822 253 -653 -1423 -1627 357 88 
4 59 1008 255 840 838 -890 460 -502 -625 -79 852 152 91 289 883 -930 -158 756 1203 633 -1046 -142 666 -1537 101 -28 61 221 -463 -83 482 -879 -248 870 -806 -667 557 493 1239 -1117 669 -422 102 -697 529 -95 -552 -1650 -483 645 680 182 1626 -827 -793 50 -229 -363 -1172 243 1158 488 -615 -1079 -191 947 -162 735 -1265 -359 -248 -212 166 52 -1772 -721 -535 55 -360 -1376 -315 547 -139 -106 -852 -223 -508 -997 -478 -321 -71 12 1339 347 420 -90 -208 192 376 -570 576 -1006 529 408 -933 528 -926 -757 295 -549 1233 -517 1189 -215 511 -732 438 -598 1179 462 -921 52 -363 259 -56 -232 -772 313 -894 710 -323 -736 -801 -202 -724 1366 225 -885 -506 -336 747 -1493 179 -1648 -47 13 -786 129 -1902 -265 621 -262 -538 -484 -111 -888 -181 -531 -661 387 -905 44 378 -342 732 -296 -47 221 -869 -536 447 150 2025 -439 937 -785 1215 276 967 -923 308 -639 -180 52 491 -79 843 -311 -818 -220 80 178 -197 -371 -716 445 -1777 -1157 774 -700 -571 210 549 677 -897 610 -1037 854 -483 620 467 1557 276 -287 1249 1038 642 517 109 241 1336 -69 -647 -1326 -120 -568 -1157 -579 408 1246 -426 558 399 -162 360 71 -858 280 -1040 1061 438 1381 -203 779 139 -1151 -608 196 -1304 864 993 9 -142 1512 -447 -145 505 -77 474 218 -131 1721 -480 -1123 -168 -108 -907 -1516 -537 1680 -765 -2154 -1246 -127 309 -925 1674 1152 -333 -528 576 -71 1090 343 -48 -626 -807 -140 362 -61 368 194 1341 93 -1047 745 -257 -1804 661 -5 24 779 -678 295 -838 -613 1076 25 -357 508 997 443 948 603 -530 294 -545 -1089 -667 664 -413 -58 -1419 777 557 286 -1207 -780 977 -557 1347 -157 485 -939 -2 -1790 16 1148 898 -779 -1228 -887 -688 169 -265 -146 62 1018 282 1090 748 -218 -871 -692 -268 -576 1222 1180 1190 -531 -369 -530 1021 596 1046 342 -563 -393 150 -100 -47 -1432 -299 -54 -633 1266 -908 -1245 -96 1270 707 -263 1175 928 -477 -473 216 -1034 352 220 -368 -299 -839 -187 197 1262 518 1125 1216 
-162 -358 -73 -108 -320 416 -187 -730 2176 -524 -160 -90 395 1115 -1035 -617 -310 25 52 -373 560 302 282 20 -386 -403 -330 -904 195 908 -841 -32 66 959 681 225 -1532 -137 -149 -701 -752 -305 -384 821 -993 865 760 -849 -397 -309 405 307 246 -183 277 272 -909 1273 256 814 293 -657 -173 -1162 -41 -476 110 -1030 -434 141 649 -108 -343 -1693 437 721 -200 412 -600 -525 330 318 -469 157 -727 996 -494 477 -1309 426 588 -59 -1230 -188 606 121 186 166 1195 87 298 660 393 -130 1248 -882 1217 251 -1203 -965 215 -404 -798 15 778 871 -521 -544 870 919 591 336 594 -499 1745 -582 -790 569 -1087 249 31 -615 -542 -1047 114 278 312 704 677 -174 -408 -294 -350 -655 176 -256 -21 -288 229 -1162 -568 425 44 -95 83 184 928 86 -1433 710 3 684 -342 5 -200 1907 328 597 -374 -158 -1796 113 -241 -578 -461 542 -1581 -663 -128 939 -528 -672 57 1338 -160 -429 -462 1496 -938 -755 -626 -539 154 -150 -1261 -577 -1037 -997 -402 -839 -672 -33 -115 -186 -198 416 -1525 -1128 -1755 -918 -876 71 -1291 611 -425 -395 1479 877 -279 -835 -122 171 -147 391 592 -389 -141 -944 553 98 -185 44 719 -583 -233 154 569 -652 -781 -446 1558 564 -317 -61 128 -1220 -569 -556 -644 1361 -299 16 -699 91 292 398 607 -23 230 -678 711 1843 950 -97 -255 71 653 84 604 67 1077 -406 665 -431 1463 170 626 -7 268 -84 101 -398 -84 -635 361 1336 -301 -27 6 -195 161 -94 240 776 -428 598 509 490 -474 -162 -924 -385 -123 393 78 -70 -124 -666 -1290 -99 -850 195 835 842 -694 -440 -1328 -653 293 736 -456 -121 -517 -554 411 -673 440 548 468 -865 -433 -120 53 -858 414 -569 558 301 485 -5 -759 64 -317 -180 2060 -242 532 -579 243 -556 -175 -675 -1615 -246 -1558 239 851 1031 -275 -453 -56 843 -416 345 -499 1275 -1255 -39 -932 -211 -685 1053 -761 143 430 -589 1138 298 391 462 -92 -82 1085 -311 456 223 -156 -651 -737 1418 758 521 1763 -70 202 -552 150 -202 -128 -802 
160 -634 -200 -295 -596 -894 -878 -835 311 978 -698 -1293 834 -565 634 1321 237 359 -880 64 -234 10 333 -97 542 476 696 550 -735 146 -558 899 1120 80 485 417 846 593 -151 -1130 574 -1106 655 -685 808 -1139 -642 -778 -460 654 -628 -349 -1006 -498 157 860 578 908 405 546 744 -500 -346 -41 -806 -609 -225 538 -815 -219 -129 1774 -776 168 97 557 919 866 301 -1623 -138 667 -1120 138 88 863 121 -529 -1753 709 -419 187 -51 -362 -387 -765 -717 -27 889 100 315 -664 -907 -440 -237 284 1171 944 25 -870 968 176 304 644 -639 -1433 147 -60 -221 -706 -163 113 -224 91 259 474 492 -164 231 -572 1368 -743 -750 854 -519 1790 -257 1068 -606 374 -1578 -424 -141 935 -325 270 248 -1 -717 206 93 -92 -386 -405 97 -692 966 -395 -579 -92 671 -341 -571 36 305 833 510 58 -209 -634 921 -306 -617 558 369 410 -285 -278 -1029 457 -767 1351 -32 -224 2462 502 -1438 793 -180 677 305 -276 -25 -938 136 401 -630 1043 1660 -31 390 -182 -75 -159 358 170 250 -1775 -125 692 665 258 -1123 -384 693 938 533 372 -71 165 67 -299 -189 -852 992 -316 96 493 611 104 -1267 -505 111 205 -225 50 -94 243 -328 984 34 24 -1131 616 763 553 -977 401 -118 -283 -840 -257 241 -390 1454 -790 -238 531 -765 -1088 1228 464 528 630 -1593 238 1016 -250 869 -553 662 664 -498 -355 159 456 -37 -534 225 -1915 794 -1237 38 279 -378 -1562 -76 605 -315 -335 -367 1241 -123 -323 622 106 -725 -71 160 -557 -266 727 -451 652 -98 941 473 349 -77 1578 -360 273 536 -256 1064 300 208 442 -796 -75 -971 440 -648 -108 577 540 -1348 -403 -509 1924 -931 8 742 -958 456 1017 -1353 -567 -22 254 -687 733 461 -113 -916 1247 -432 -212 792 -426 -157 -494 553 658 -57 1275 -581 -593 540 388 351 32 295 765 542 188 657 -103 789 -345 642 -343 -211 -614 -512 1124 -224 452 -282 -176 1340 467 183 -751 1495 -442 -354 -535 -473 -640 1319 968 29 51 20 -71 -728 364 -12 -773 
48 933 -398 692 316 -323 253 -1099 -656 1039 -759 493 -171 -150 -180 -1513 -465 -429 564 -358 147 1190 26 -19 -671 514 244 864 -418 960 188 -733 115 -350 -564 -43 -90 67 -614 -901 246 934 -199 388 -336 1667 259 235 773 -1202 -1047 149 356 -672 85 670 -1139 800 -1232 -689 -233 -1865 -768 -1519 45 1655 -811 -121 -728 -414 54 -351 2163 -360 1044 -347 -175 10 -1009 16 742 -1629 929 -757 1497 421 2059 -187 415 -176 1077 -366 659 1159 -833 246 -442 432 162 501 109 -706 -431 -537 1080 1672 546 682 336 1296 -239 410 869 -544 373 -967 -308 -40 284 960 810 503 595 23 348 -596 -724 -1014 -373 -239 442 -62 785 51 1477 -82 -312 -535 -83 -208 1053 250 -1136 48 757 -1448 61 761 218 273 -347 -1252 -598 445 1148 127 68 1316 574 408 99 -476 1073 433 -1670 801 426 -305 404 -1472 1468 693 -139 -226 -1078 -799 181 -247 -170 -610 -488 -528 308 641 185 -670 1328 -481 -664 -485 643 93 -283 -106 -287 -1110 -16 -684 281 328 -379 -1453 -1253 181 619 -351 1132 875 591 -167 726 1088 -1110 -816 310 -1387 -122 995 519 -436 45 -873 -1036 2617 -335 139 553 193 -351 315 401 900 1347 278 552 -1017 817 341 -1326 1836 -1115 -414 -791 -773 -123 79 660 663 -784 810 -526 -979 741 753 -1043 96 -77 1368 -1148 -14 -923 -142 387 -944 -881 -133 992 706 -265 -1331 430 -73 -308 1049 939 -373 -349 -476 -628 -492 -695 -905 -977 580 301 836 1679 402 -1241 885 488 635 1051 -240 139 1351 1397 705 -437 -425 -666 2379 -1198 -763 235 276 825 -141 -727 -562 723 -693 -676 687 -307 563 -722 660 -407 511 1265 199 437 825 -1218 367 365 -573 -271 -421 -329 536 -779 -509 859 99 848 967 -550 -358 23 515 -457 -909 -1132 1078 370 -1587 -728 507 311 -790 1539 363 775 -1212 1398 -361 445 215 352 1181 -1171 -364 460 -204 1589 496 144 111 564 -1479 -354 -98 1755 1289 316 120 -1114 197 -147 -1531 -541 163 -228 179 1808 555 -1423 -669 -349 -488 286 -382 335 1127 -984 785 -21 401 
543 -396 -153 358 -745 -426 336 -756 734 -1134 -1008 898 66 753 -103 206 -968 -1571 664 -988 183 961 404 391 505 100 333 1788 176 -568 -983 18 541 -119 -435 -1324 318 1203 660 -738 -842 578 -400 -583 307 -1220 983 978 744 -162 -580 -492 650 1667 863 -414 1035 284 -417 263 -557 643 -302 -562 -178 -774 123 380 -293 -107 -571 -978 940 267 487 -1146 175 -141 -561 -544 106 -281 -579 -605 -338 -180 432 1036 -1647 -176 -800 321 166 -57 -249 -477 397 11 865 867 -967 -304 -20 -609 794 -1723 554 -439 91 -635 -255 -457 1038 49 -639 76 -795 299 -94 478 39 -663 524 -1111 1430 -381 -596 566 -54 783 366 -356 -1077 -843 -143 -698 -354 -955 -303 430 83 -715 -66 -141 176 -284 90 -531 -1736 -70 74 -342 387 34 -544 -921 -369 -1272 167 -575 -525 444 -1073 -277 853 -264 294 -442 -655 492 619 -297 896 -97 465 116 183 1660 742 -1224 -438 571 327 736 350 -229 -791 -1751 181 -1035 -257 -181 1448 -1400 515 1072 582 743 1071 -340 683 -418 -243 1606 1308 466 -19 811 523 125 -584 366 -152 572 -491 1448 -993 672 679 -630 121 -320 -639 -209 -456 1620 854 -738 62 -759 -676 398 -734 -1964 -87 163 -346 -105 527 537 -174 181 -842 -797 -350 -62 335 -81 1329 218 -112 -529 -709 607 58 -1086 246 -725 -1134 601 709 -414 90 521 -389 -1211 174 -13 -917 166 -728 -184 -752 -180 672 193 164 729 1 -762 -850 -136 -649 -456 951 -8 89 -491 816 444 -145 430 -1015 1499 99 -636 446 1111 98 875 -1400 -598 154 551 353 -244 45 79 -777 -911 -53 693 -2323 -1150 -683 549 274 96 16 -19 -379 92 1314 -912 -812 -93 302 -1084 868 682 -407 -1171 -751 125 -419 -530 -669 552 468 -311 -459 558 -1143 -193 -770 -815 -309 1323 937 -508 573 1271 -316 -169 -9 31 76 -392 302 -149 244 -252 -140 86 -1155 967 88 -257 -810 -785 1818 177 -1054 -910 -1392 -318 549 -117 -1007 -430 643 -1102 -626 225 601 970 -410 -1149 -289 -215 -782 -577 -399 341 460 586 312 255 1219 -1084 
-520 40 -1663 -68 -575 -55 253 2642 -15 -749 460 218 -409 -767 100 -258 -1128 -2187 814 67 -407 -526 -43 -732 -213 -129 117 314 -241 325 218 -1067 603 -474 -118 860 769 -1175 484 272 -1258 248 -772 -293 224 -985 78 205 -105 -841 469 -479 636 2233 719 -592 1245 -710 365 -835 -354 1083 274 -1129 240 -1036 -130 608 -267 132 -223 492 -689 -102 -1084 -350 647 1649 -1154 -1704 -664 2205 -892 -170 -628 1327 -1148 279 174 -745 348 -492 299 -337 349 41 59 272 -1243 -491 -39 880 838 -871 -239 454 709 1360 -1244 131 1809 -1348 1948 189 -997 -262 -324 -810 -59 -440 388 -803 -597 -172 -1328 -1251 -1388 643 -421 -453 -1760 832 1290 953 -847 99 -331 -48 -270 95 -183 789 -325 1022 -1256 -440 365 436 757 -1207 1038 547 1075 147 656 -352 -359 -1213 1566 404 -701 -499 -1292 1215 327 -152 177 -948 179 1071 507 -1021 372 1398 94 517 -554 157 -154 -554 -168 1648 -392 1248 528 466 433 -785 335 598 -158 -269 557 -211 -157 -147 -852 -515 710 849 41 611 -670 -156 214 295 -635 -114 -518 1243 107 476 387 874 -945 483 336 -421 -708 -1307 195 -608 1150 -45 394 686 -436 462 -378 -326 -1240 87 -287 -213 341 352 -936 1057 -1338 548 -236 -1602 -501 -540 -3 -241 -1216 -1360 604 488 -35 -1120 85 534 404 59 -201 -1109 524 -214 -434 -319 93 301 80 -186 -269 87 619 -223 -288 183 231 374 401 -533 -280 60 550 1070 -709 631 680 1023 -572 113 891 375 -939 -98 -725 -218 794 126 -123 110 -1286 26 -375 -590 27 831 146 -97 -1187 -699 6 1357 -840 1659 417 -80 67 -470 231 648 564 147 89 -315 -75 -191 950 -296 87 739 -2 2 518 -702 381 328 -791 -517 801 1834 52 -1099 340 -817 -388 1025 -604 -551 -381 2305 113 -219 -1360 -622 -653 -952 861 -837 83 -1192 -371 -1365 75 889 764 59 308 392 -55 558 -43 -531 226 916 1152 450 -277 -1164 238 854 -299 -1328 -255 -630 306 790 -174 -555 784 -207 692 122 -688 117 -937 -150 -623 358 -146 1862 807 -12 -92 1045 
368 554 541 300 -786 352 -32 -706 604 624 1355 -856 412 1040 -1199 927 892 -744 -368 -234 498 945 727 1702 -322 1525 626 -1860 841 -612 -690 -689 513 -219 535 -454 -1350 -141 749 348 440 -599 -487 -531 -1093 447 407 517 660 -1549 1369 -786 -1070 -1257 1103 -331 -453 469 55 402 -65 1504 -528 -393 1685 947 -1612 -596 -163 -709 -196 396 296 -751 -110 398 1035 -259 -315 -13 -12 -550 -290 330 602 169 126 367 -617 928 -638 424 285 -584 1091 -597 -77 1341 84 465 175 452 -466 -203 -39 -604 1339 385 1117 -56 489 568 -522 -12 29 -42 -8 -633 1047 996 807 -669 385 -371 -987 281 900 -454 -1063 1024 -52 -387 390 493 698 -1488 1214 -392 479 706 241 -626 -1070 432 -387 1009 -1234 -961 694 -130 -333 179 -676 -301 -171 412 773 791 -1161 197 458 108 640 -303 -1835 110 83 436 -939 97 -23 -606 -222 -439 160 -63 296 -1629 -1038 102 -728 -1384 583 -32 -8 568 -195 -619 -32 941 -706 -70 -702 -816 -26 596 414 635 384 218 105 -590 796 269 120 -562 362 -445 -9 -1175 50 -379 -362 286 608 -1009 -548 1178 241 178 81 1229 -927 -324 -212 -347 -172 -59 -1976 203 -1021 121 -1540 574 123 278 -689 93 -1157 324 -49 1387 244 2147 482 -125 -801 -184 1256 1264 -689 -408 -1107 -464 -1141 491 -646 586 -590 -230 490 172 -721 1081 1028 -458 -777 69 -1016 2000 88 146 -400 1487 178 -480 415 -1002 765 -1461 319 -2264 748 58 394 193 609 -331 549 -1261 677 -942 -398 480 320 -553 -306 -441 -669 -1172 -1243 756 483 -594 -1191 -1016 -713 129 -174 22 274 71 117 -661 249 1188 567 -2408 474 279 118 1249 -795 -976 482 -47 308 -819 243 173 874 591 -597 -294 525 -602 -366 455 178 -459 1503 -1208 868 -1114 -2 1040 -66 -212 -438 1640 640 -286 197 1200 -357 -14 -211 104 412 744 103 -1091 1431 -860 -1106 124 -83 195 541 360 935 -569 -874 -1058 -395 -361 -533 161 -224 107 144 356 -1107 -95 -143 167 50 470 827 -548 1051 1830 -308 822 -1658 -576 -658 44 218 1413 
-157 69 916 -257 -914 185 -474 -896 -177 591 54 457 70 606 698 700 15 1018 208 -374 176 136 -188 465 -1001 18 -944 789 -8 1669 -291 -529 -856 -444 -1767 410 -6 -891 -1111 -1860 992 -17 526 -184 88 -112 -675 -685 818 -149 940 -375 922 201 326 267 36 -309 -1162 468 -549 -676 -988 -1106 -50 -251 -418 -8 599 243 -237 -414 1914 -128 -275 -517 -997 696 1304 -32 14 -249 -682 666 22 -1350 1 91 195 -121 261 64 -705 -689 -648 476 -150 -241 205 109 498 -642 605 788 -507 1233 -235 173 1086 -1434 -1360 80 -2 -950 1275 -1157 379 -1611 -626 824 -294 5 1372 494 -1378 -518 -224 -329 -634 416 328 218 637 65 -1364 -662 1992 -1049 -315 135 634 1087 -1252 -645 -506 129 -2234 900 -314 675 1014 -1068 -718 -872 784 1305 749 -1009 814 -932 358 -929 1866 -227 -555 433 -679 -1130 623 -188 1610 602 -223 265 -179 29 429 -204 25 -969 549 -17 1074 171 132 -310 -774 -620 127 75 604 -800 687 802 226 1613 -460 -36 -565 960 -404 654 409 -516 167 628 -949 2083 379 1975 -165 1199 -86 313 559 -600 430 -5 351 -922 -229 -940 334 -724 193 -1678 319 -927 -806 318 -678 -6 -1013 1191 -1228 1328 -1410 -623 -1079 1585 -51 2256 93 -982 -35 62 1311 64 708 1271 -658 -953 387 106 719 306 314 441 -978 454 1332 85 -1084 680 401 -1674 28 -1333 76 1052 56 -175 -318 -572 1008 -214 1003 869 -492 -1970 -244 28 -956 -871 -743 738 179 756 -498 -365 21 1330 -79 158 242 88 745 -1 -400 -756 72 -177 -118 -98 -201 1370 -1396 312 31 7 -765 -310 1 -361 -179 142 1178 -152 -355 504 197 -502 -1019 -688 -740 702 -242 -966 -830 655 -1354 -431 -147 901 486 -78 -776 130 610 40 -829 -384 488 330 -212 279 837 -402 -61 826 406 -724 650 2505 213 636 43 1147 982 509 -361 -80 -477 -287 -36 716 300 -638 279 1102 -239 -919 -37 -1004 322 -672 -830 -504 -70 1017 499 523 -1114 376 912 -90 -479 227 -1974 -1305 -172 -1174 -541 1055 -1279 -1025 -910 486 291 539 
-378 -641 128 -379 -24 -223 -585 21 -35 183 805 -275 987 -576 780 -687 1138 49 -945 764 662 -1082 144 874 572 1379 1331 -761 1437 1938 689 381 -282 -126 -447 244 -1144 211 -633 -120 -788 -120 -1084 -232 337 119 1257 -201 323 -1200 -1555 -546 745 -384 -469 -724 -307 978 -965 845 759 614 28 -150 -294 550 -96 297 491 -72 1062 -325 92 -1055 -812 372 469 1462 757 246 -785 1273 -236 -567 -310 -524 -1558 -1025 -137 835 -397 1505 21 -55 -1042 -370 711 677 -30 393 385 -775 -618 -387 -275 327 -511 -214 1143 633 -567 -724 -1912 442 -710 42 -126 891 47 -1403 -183 277 477 -751 -695 -120 204 -369 822 45 197 -365 92 -979 -870 211 -420 -741 -388 -709 -528 -213 2506 -683 621 -754 -676 -1759 160 603 -380 -810 -737 726 667 318 122 55 217 -67 529 -1533 -1585 -833 -700 959 -629 272 -226 593 -868 -1505 -649 221 -595 -1067 492 217 807 -524 -786 -656 334 508 1336 107 -1412 -846 -768 537 -335 322 -537 -254 882 1214 -209 1142 -335 -611 -1232 1011 -280 -465 361 -1044 -449 -491 -424 -1402 23 -108 -538 335 -382 175 1227 -162 336 1139 692 -960 -666 40 398 -63 -497 -107 -609 305 536 15 217 458 -200 361 -51 379 -502 -22 6 -1180 -313 599 -672 -133 -1390 336 422 -618 -1382 814 571 -556 -23 408 877 -320 1201 1004 1333 -580 -950 191 -80 569 -1113 -729 935 -440 900 1120 501 -328 965 -303 -384 1455 602 -635 645 87 18 733 135 557 -353 -394 536 411 -30 924 -553 -560 944 -431 -559 -448 76 389 133 1418 -262 165 1093 346 408 -342 -255 -767 944 485 -100 -396 456 595 366 1029 270 -277 -684 753 52 -153 -1313 -1613 -266 1000 -237 -760 -423 -1058 -173 719 -178 -574 466 -638 321 563 127 377 -1180 -472 20 433 175 -750 -1376 -688 55 -1364 785 -747 381 263 -312 -975 268 954 141 548 652 -358 820 580 -415 303 -250 -838 657 579 349 -459 246 -667 217 262 562 179 509 -1414 -533 239 720 527 -2707 1086 -802 457 245 758 802 -789 164 223 -819 -1062 1074 90 
-1499 1032 185 -1701 -147 -19 482 60 -265 -440 20 -209 -550 90 -498 514 1108 -1134 241 1210 -29 208 -889 -627 514 -1243 -819 -705 35 408 1124 -1194 -800 179 -601 -281 631 -1016 -120 81 -1232 -651 1078 200 292 -528 -582 375 294 -1427 741 271 26 542 421 441 -288 -1328 -189 1704 -497 -491 988 2419 318 -708 -239 -244 -1525 -2177 359 792 -396 -1844 485 -468 516 463 -485 1079 1035 -816 -451 -904 359 536 600 296 -441 -401 688 -360 1154 -58 -50 -485 114 -823 1098 464 -51 437 -296 -847 481 -269 -937 450 -400 1456 1083 159 1232 147 -342 -81 -196 193 -393 1717 -1253 35 144 285 -211 335 174 -1464 2188 -453 556 937 530 -1 625 -62 -587 663 -1077 -792 -617 649 -548 1835 -782 1010 880 151 -723 -384 -768 -711 -346 -1078 -115 189 209 346 75 518 262 20 831 521 -1429 -834 -624 226 36 802 -78 -459 281 -87 -510 116 730 -1084 -1621 -137 480 -1478 -350 8 9 397 980 -106 848 376 410 227 -1032 -711 -332 494 -479 -94 -1310 347 -676 99 -40 -1202 31 -575 -891 -423 -152 430 -259 908 -724 -1117 884 1771 368 1451 464 1148 857 -69 269 -378 283 -1115 -619 -495 -12 1430 -221 607 365 1887 1381 -639 754 -564 1023 -100 1101 1062 -1446 468 476 523 -498 -576 404 436 -219 279 67 -270 382 387 -491 -30 1087 1288 5 1153 -754 -790 855 135 1167 161 377 830 -627 235 564 -284 368 -530 33 -49 25 56 -592 -322 -296 -759 -56 -353 67 -778 -162 1764 379 334 1236 474 272 1785 425 226 -271 1198 210 -694 701 -202 -780 -1112 37 2353 -523 -388 -324 -43 -646 -13 724 267 -562 88 1091 656 -152 272 150 317 481 -305 -698 -634 1026 -643 -288 -1216 451 867 -1235 -1512 -238 -439 612 -790 -153 -432 1600 -655 -729 1275 444 -729 456 71 271 -2058 -196 -332 788 -321 465 -621 -325 -187 536 -945 238 -310 100 22 720 -329 24 139 604 -1051 111 435 -1509 -367 -706 -46 882 -1214 1120 1559 -450 -38 -1168 -742 405 -267 524 -61 1425 -1091 542 797 378 -436 -402 -289 -237 794 
432 1214 -103 166 -1174 -89 345 -1171 -38 -1102 -87 182 29 -178 422 531 947 -576 894 -1494 313 109 -1840 190 -350 -58 -305 800 63 530 -2014 1456 -477 375 440 867 422 320 -133 -585 1128 -730 -421 878 10 -443 200 -838 899 -536 -234 599 -92 297 161 -446 593 58 -128 -147 -184 -417 271 130 112 1 77 -1536 716 72 -1223 201 1197 266 835 1330 -413 -934 854 -708 518 746 1034 -1091 453 -185 364 -307 -217 981 778 435 253 1346 479 -620 -362 573 -874 -147 -91 -1508 -984 -188 389 1665 -399 -358 169 -1215 -137 -188 -801 415 346 -350 -200 -529 33 684 -578 606 -325 284 98 -1180 1034 532 685 173 440 -686 677 -974 667 -193 -239 -1852 -29 -454 -898 501 -881 585 -1282 -725 74 522 -475 -2001 1399 540 1180 -715 -693 478 31 444 1357 -642 589 -519 313 679 -115 564 457 151 349 -657 1528 26 652 93 938 -2214 -869 1135 0 269 727 551 -811 -143 270 -209 -325 925 -952 -477 256 -197 -316 -168 1402 -851 205 -777 317 405 495 207 -507 9 264 518 -192 171 62 1541 -810 -475 107 -185 -1129 -545 -983 -1361 295 -922 -415 1337 -222 1097 589 -465 -305 -939 -315 1509 -23 -670 316 481 -172 682 -166 700 2487 590 -304 -596 421 60 -1079 147 -675 3 -827 1791 822 -359 -19 1348 143 -116 191 805 -100 950 -587 1540 -847 525 -45 -418 794 945 -975 1228 98 -458 -416 -362 815 883 89 -1627 701 -1490 418 -377 1 -146 -178 838 1132 -127 -90 -104 284 61 -861 -1336 -710 -370 310 -58 -724 -320 864 -365 -369 -900 1303 1165 -266 -78 -397 803 -705 254 262 92 -137 -150 -330 1469 11 1282 699 1251 550 1589 743 -741 -917 -965 13 1044 -1629 -171 467 -346 1604 -182 215 621 51 -353 -224 943 770 1401 131 270 449 667 10 337 29 52 -829 380 920 1305 -758 -25 -447 1353 -761 -397 605 -269 -945 -589 1133 1067 144 -1083 47 -582 -3 -186 94 450 -171 1746 471 -642 -462 378 -71 593 910 273 -278 -572 260 59 -126 121 246 -904 483 115 797 1775 -646 231 
113 -186 -762 -890 199 896 250 -310 113 12 -27 -1076 -807 -763 -259 -72 132 -640 1530 -276 -2079 -282 -650 -414 301 -361 -467 583 1238 -556 717 611 508 -601 -229 65 -423 -1124 -1225 84 613 -1556 -1005 251 939 -347 -628 705 -944 3 767 -411 -115 68 -242 39 -849 -222 289 -522 560 -1203 -129 1589 187 -1031 1334 -687 894 -196 -325 655 -1206 37 144 464 360 392 738 184 678 -192 -85 -49 -168 670 623 332 398 -263 697 33 490 1383 576 391 -478 61 690 635 252 -158 1151 155 -190 -298 348 241 24 2224 1303 -433 712 113 1240 -564 -751 -288 52 680 -264 -526 -133 -572 -142 583 924 886 123 710 -1330 -438 -50 -1018 -735 560 149 -2002 267 -155 808 -908 -59 830 341 -533 -94 -226 -1333 -278 544 20 1222 -1141 441 501 -105 -117 431 -1068 373 306 -181 674 449 -975 807 -722 1529 400 1001 867 722 -236 -850 922 23 -1699 -842 487 321 -537 104 290 113 362 -342 310 323 -425 -1072 867 278 295 117 -320 930 -73 1002 -527 -385 15 1311 -157 -691 736 -533 1111 -221 -501 -649 -590 -277 -475 200 -212 -129 -454 -1158 523 507 -567 190 503 -809 -621 -959 -1492 -20 1429 -430 -882 -517 -371 72 -1734 912 -70 580 175 -11 958 927 -918 -277 176 -516 590 -336 1131 198 345 214 9 -902 1032 -505 -457 1077 -425 -400 155 -806 -948 644 -196 158 333 -146 -158 37 -300 -1150 842 -713 641 306 -1164 -1312 -146 630 -1021 719 -570 -615 -89 -505 929 -469 -585 -65 196 517 -432 571 -404 73 846 -364 538 -259 15 396 29 -409 1158 -311 -747 -594 1715 131 -370 -863 -597 -730 1004 -1119 271 609 1 869 -1076 -844 668 408 -1380 186 -430 -35 -668 -435 168 -543 -1081 -117 349 -106 800 -1375 -586 -599 -546 503 277 -269 -488 33 81 1640 -42 -524 -1615 -867 767 685 180 -231 587 -1001 -980 -1397 -75 273 -971 -1182 -1053 420 -477 548 -1267 331 -857 -232 -554 367 -1278 24 -221 1038 -653 209 -279 -870 340 -145 605 483 -1015 61 -478 725 463 -491 53 409 -87 -633 -503 -424 -427 
-204 -498 -226 -633 534 55 1006 468 275 765 -824 616 -176 452 -1129 774 1185 -378 146 -2016 583 223 246 1180 642 203 838 174 423 444 1277 -415 -504 133 178 -924 1726 382 -946 -314 -1237 -197 18 -45 -82 -67 -167 -274 876 -45 335 -1069 171 664 -459 -22 -142 420 114 189 -1957 968 -784 287 -627 419 -918 305 -4 150 -1006 1604 772 -1046 490 61 480 100 979 -420 2 -242 416 -881 -140 399 650 -606 44 786 245 92 744 80 320 767 128 -326 -733 344 -472 -376 288 -596 -494 1046 -79 710 373 97 59 -830 1097 1098 -1147 12 472 1175 -1451 717 -72 622 -1194 -935 -652 -345 1565 397 -418 -203 -1357 1062 889 217 -50 -113 744 -339 480 104 -1066 -801 -479 399 343 970 -1130 -735 -310 -1002 -825 428 -551 -1050 260 -87 -177 293 -940 -510 688 -697 -180 -812 -61 -740 -44 971 638 220 -583 349 -231 322 1985 179 24 -936 -590 285 -1255 -380 -167 500 372 210 -171 1027 451 -160 27 1608 -697 -190 443 312 1005 111 2063 -1099 932 -1067 -52 -1249 1060 339 -18 -1122 -2092 -94 800 -518 554 637 845 -1085 1336 -267 -911 -1202 -199 290 -85 -310 -357 -102 1207 1395 -1303 -497 -114 649 315 -236 -257 450 598 -679 -582 179 -175 58 864 -491 -814 294 1017 535 -258 196 -750 421 567 566 723 792 -1390 323 -55 -458 774 -1771 744 1086 -137 1014 -792 -405 168 120 1104 1358 -1012 -1609 669 -380 -427 573 623 -113 -809 -589 236 -994 -1477 -474 128 -486 711 -966 333 -74 949 -66 -118 -288 490 553 31 544 579 266 530 232 -626 -178 -18 661 -27 115 1097 90 -727 654 -1158 479 108 3 370 -219 -803 759 -607 -258 -655 -301 363 -714 -392 1267 -734 1075 917 -1113 -1622 -595 -468 846 -1144 -375 58 -690 -727 -895 213 496 -503 -1274 -735 638 -1228 -428 -358 630 144 -2194 -854 -1570 -1344 -578 -89 -930 471 -612 917 -135 -661 1260 4 -161 1192 290 -293 19 -621 580 -1023 -538 -277 229 215 905 588 -468 188 389 -192 402 347 -354 114 -194 -1201 356 582 236 -193 -689 -355 546 
-156 -247 -261 546 218 -508 -174 90 456 -521 -243 -391 -754 -619 1176 -204 383 743 1319 96 -334 -583 19 -351 -799 1346 -263 296 117 -303 189 206 -1539 -178 -431 -1987 -237 426 324 -187 1526 -824 511 1205 -343 806 -202 -88 -178 804 193 -604 -1017 1894 234 -91 -1129 620 -1351 29 855 -266 529 -508 -28 1100 -1360 -1858 560 -762 310 -51 375 95 561 -881 -154 873 173 541 699 -784 -969 -1429 -122 -262 -507 591 156 -943 275 -888 500 -62 -827 -585 -815 -513 458 452 712 -745 -1435 -172 1487 -1704 -12 539 -1407 -307 498 731 -646 -132 318 -337 763 331 -645 376 -27 -629 -17 487 -473 419 980 764 -1135 -925 -480 278 -684 -472 863 -860 585 103 1228 -49 -895 1273 -687 -259 7 -551 -315 714 794 724 255 715 853 -220 208 -1184 503 652 -595 -1203 613 382 33 602 -719 792 -306 149 -592 1728 833 734 149 -685 -908 -570 -860 -1000 246 723 -979 1294 146 1688 547 -1084 594 -41 368 -389 -77 818 -838 -204 2153 -200 241 127 1813 -57 156 -889 -720 -486 -174 -342 26 574 228 -620 -380 -694 884 110 2456 -861 -78 -86 -275 -1444 -358 784 567 166 1583 -708 386 299 -272 -453 395 813 -239 21 -356 -89 -747 -486 -1015 571 164 -722 603 902 -1067 -41 -211 158 438 -35 -13 1245 854 419 -728 150 -38 -962 -47 -1178 85 -613 832 297 1058 223 -659 -1148 133 -682 368 2042 779 -287 -1020 -1492 756 -1224 -403 -544 1077 66 267 -1319 0 139 782 765 -30 760 -626 -860 851 -296 -675 -795 -657 819 -145 -599 -46 -426 -30 1131 983 570 -630 793 890 -82 -1414 -117 -617 -1284 -6 -1133 -301 -124 620 -3 1614 -102 -698 846 765 -1146 923 2531 45 302 -991 1243 -514 -1387 -902 -945 -247 -658 166 388 934 1486 333 -324 -341 466 -428 -218 506 170 130 -555 359 -164 410 -255 888 -747 585 -961 511 1109 16 -659 -13 -677 1039 2308 -239 -750 -503 689 884 -1206 -35 93 2539 397 -393 -919 -381 1104 908 -216 -1514 1163 -92 -57 -137 -305 -546 -25 -182 1013 263 2841 288 1024 -550 -675 
-299 839 -355 -808 -444 -481 698 -379 213 245 -385 656 1067 166 201 -490 -253 -208 785 -188 766 465 -70 693 -82 781 -230 -175 461 487 -76 -498 1467 -131 835 -1321 -69 1495 1054 607 -415 73 126 756 -324 -634 567 1639 -830 998 45 -216 690 238 5 139 23 -462 366 780 -706 108 41 -485 1066 1806 -910 -1012 832 -519 571 -1570 1252 -284 1133 -508 -379 293 11 89 117 -29 -1061 -604 601 -354 -472 -18 -447 1404 111 44 -948 295 -359 4 767 -585 872 71 -318 -988 -703 49 2934 -400 685 128 -703 -465 857 150 343 -311 989 -60 195 682 1797 -104 -359 1254 -1279 -718 1065 1066 679 451 1626 299 621 341 -994 -376 -772 -211 26 714 -726 547 -519 -391 -1135 195 -86 724 1765 4 -2409 125 -334 459 -298 122 -568 367 -1187 -307 -294 -522 174 547 -409 1203 -891 180 265 -674 916 80 922 -207 -1062 462 331 341 -1144 -104 -452 -224 -1025 -17 -23 -527 -1389 858 1134 -153 -759 231 693 783 -475 -728 888 -26 1289 -511 -103 -118 -767 509 -1249 1356 746 1075 480 768 -1468 988 640 -155 -628 147 -1042 543 -321 -547 386 -913 -1331 -739 -110 467 850 171 -206 778 -772 -581 1228 431 952 -809 -340 342 847 -1586 -1009 472 1032 385 -1314 -496 2330 632 -540 73 374 1260 -1015 -266 -900 -284 419 217 225 -20 -673 -793 569 146 630 85 852 -154 216 59 -203 462 -502 -613 363 597 -154 789 -602 644 -120 1568 -1169 206 17 -261 729 883 754 -57 10 -1195 -923 -159 271 47 -96 53 810 733 -914 -208 181 403 962 233 172 1221 1172 -761 -322 -377 1345 -63 -667 707 -534 -1217 -540 266 -512 288 498 -1189 -280 -184 -909 -218 1205 -318 -1082 1523 51 -80 734 224 -1549 773 -1404 15 -91 11 -119 563 -340 195 76 -76 2019 -432 449 -533 -310 -966 274 -179 -1013 -53 -175 -618 131 -658 -711 337 620 -34 -449 1497 674 725 453 785 -194 -756 -846 -987 -63 379 759 -446 429 -373 -239 -942 -213 -159 -802 -421 -298 -337 279 -345 114 758 -835 83 -59 1327 -795 -1370 -915 249 
244 -715 -22 95 1240 -442 -476 -960 166 -610 328 513 1269 -953 203 1763 -1087 1172 -170 693 -937 -96 694 614 -828 469 255 986 782 -583 -634 199 -1139 390 -501 -704 1128 -191 106 -720 256 483 1229 1122 -138 112 907 506 -274 1079 148 453 -417 -422 599 -515 -149 906 584 -1489 -496 1138 386 -532 351 -411 515 -1148 -46 -601 -316 -869 456 1097 -524 86 -6 -435 -433 -677 123 249 613 -569 388 -735 55 1356 1039 -605 -151 713 -53 1029 243 237 1191 1952 -117 -959 -378 -82 -653 297 1551 159 223 1203 551 -955 -162 743 -1103 702 523 -13 -459 -589 360 -1833 697 8 -1508 362 -852 -632 -731 253 132 410 -1980 195 -2 93 569 -1175 324 826 -356 -683 -754 -1841 434 -326 133 999 200 710 -610 950 -211 -266 -623 1604 483 -1118 -225 1191 -381 -345 -580 -1061 394 -585 -302 -455 -1133 316 -396 375 -67 -203 -904 137 547 403 -289 -203 -113 4 -1109 922 1100 -657 -592 221 408 -132 137 -559 -111 -294 618 1512 -55 -125 204 470 319 468 751 820 -404 1358 -1731 -400 797 -155 500 -163 1008 -31 102 -21 614 -1082 1014 -399 9 597 -729 512 -113 -927 -572 363 803 1499 21 -1018 -766 -587 -424 134 -41 -273 -113 708 282 -225 -1009 -1310 -89 167 511 -254 1211 -422 -653 -1188 783 618 -86 -617 153 -193 742 93 -595 -773 246 -672 1081 604 1032 1970 -376 583 -612 328 -524 -109 765 -675 34 144 -101 -436 -1115 137 669 315 600 -150 -1541 483 1160 -111 -270 -1190 -483 185 -676 -579 -1333 -514 146 -782 -538 -1878 -615 -1407 -100 404 391 -400 -270 -34 97 -238 487 -325 1366 -20 -679 10 -210 -499 -396 -173 -370 -244 1295 540 1256 529 143 787 -239 889 -90 25 1343 -279 -1375 -181 497 -1127 556 392 -190 -1073 -1520 -602 1201 68 -63 -1258 -8 -808 -890 500 529 -384 128 -811 112 724 -43 464 -1094 454 -79 -950 -36 44 -975 -473 -682 -3 898 -118 280 -331 599 991 -183 682 -583 204 -1127 -189 912 -183 -425 1141 -329 -373 369 -807 243 1154 -493 -664 138 787 -951 157 234 -24 
254 -1936 190 -282 513 -399 -745 305 -263 77 448 337 -96 -370 606 1375 -1774 1175 -924 1232 -803 161 -417 86 -760 827 228 -358 -784 170 -443 -220 -1195 -544 -630 -573 -500 935 -700 222 -747 24 -220 1883 903 -1112 433 -663 256 387 1107 606 30 280 161 94 -194 328 -1508 698 251 184 -906 1430 823 198 -73 -855 109 -1041 99 -953 -288 -105 1155 886 352 -749 552 -737 -122 -426 486 -745 -65 139 -287 -546 970 298 726 -426 477 -927 -792 -122 -278 -558 -115 -1196 -465 -137 -412 -726 -357 468 -932 404 126 184 526 -813 -59 311 -1351 -480 -243 1801 -27 -1441 -798 -359 480 1297 -628 -1392 -62 -49 -54 422 -286 170 549 33 -1332 -1184 306 961 1539 248 329 -89 -444 -242 662 -240 -375 1731 -261 424 -416 28 -701 1024 -214 168 -681 1161 -1880 1115 -1201 -247 164 -1281 1270 492 -1846 1398 973 -383 287 49 406 549 344 813 -517 -676 -1113 1388 -843 -896 101 -2072 -443 -493 -148 178 82 347 -1030 227 -706 1150 -740 -615 329 -232 839 -931 1126 890 97 -687 -1628 943 287 590 1074 849 -519 258 1050 -741 426 -893 479 -798 -644 508 1416 -390 353 275 937 1268 1158 106 418 -618 -1147 1037 -540 857 558 -1212 -239 -513 296 -118 58 -178 799 248 1293 481 525 505 -64 -768 -197 -784 1475 224 721 -1329 -1114 -337 -1450 -533 213 -248 1124 1568 -677 -631 -50 -913 -1069 747 -615 1164 373 201 68 204 -415 -1042 -533 119 148 -181 1681 473 -1038 115 893 115 -1587 281 -587 -278 -100 -667 1320 -1259 183 -1289 -219 -1584 1101 507 -458 1299 405 -293 -115 27 577 1812 -1228 -1206 480 -260 35 319 411 -1146 256 1324 1755 -55 -814 -903 154 -100 240 -340 -572 -162 90 -86 799 -1293 -142 885 -318 -501 -49 311 -460 745 522 -828 1115 324 370 425 -951 488 -1093 -915 1172 -337 -388 106 378 -1034 357 -730 -1544 -156 -196 -470 353 -537 -614 -196 -654 4 -488 488 429 30 -1049 -183 -1074 -461 -1690 217 796 -188 843 -60 -190 -110 1402 214 586 -449 -436 262 502 -620 -1186 551 213 -1374 148 363 
0 36 -756 -960 -1017 415 461 27 38 92 144 -259 -983 -736 -1540 -151 -96 408 556 -787 -322 -754 614 -159 -467 84 308 948 -1883 428 753 -92 1030 -1320 -190 -172 -149 -600 341 -650 -927 17 -117 -1298 925 -708 57 85 -1340 368 -473 453 765 1152 -728 -360 -907 -690 -709 1287 902 -762 -554 -247 -176 553 511 61 906 518 -1224 -722 -1591 -156 -593 558 804 132 890 -155 268 550 -721 -389 -886 495 -758 -796 524 729 -1855 409 -1123 -807 -217 1073 -353 -38 565 284 43 141 188 929 540 928 125 1063 990 818 550 -869 -297 -496 -304 -1546 -645 119 -164 -692 -230 379 -1583 140 -97 -195 -229 640 544 340 480 -55 -1230 1169 6 653 -62 112 -794 137 1131 -1579 -465 785 -541 1737 -907 31 -147 372 -555 46 15 620 712 -749 424 1632 1514 -398 559 -288 -1022 -707 -579 362 972 -588 -836 699 -691 191 -1110 683 -1076 -796 829 -254 -532 521 1245 960 -764 -306 353 429 670 1533 78 995 767 1536 -251 648 -383 508 -248 863 419 269 1171 -689 -583 -468 289 -121 943 527 13 339 -554 -562 -1499 40 -145 -292 658 734 -1266 -293 -784 -892 -717 889 121 1038 -547 183 313 31 -142 -160 826 -704 1211 -1203 -328 352 -45 417 -146 1282 446 -323 -261 -10 -525 -735 730 -553 110 -1256 102 -47 882 -161 485 -485 669 176 1042 434 -1196 986 -465 398 599 1126 22 -489 832 -1305 -494 -4 -1179 607 282 1738 -881 -139 -38 -377 587 -304 426 -587 -1362 -107 -391 -1603 -1208 246 795 -1496 429 -98 244 9 987 788 374 329 281 36 414 -144 805 -596 -556 -534 935 800 -1359 -100 -210 -329 -314 -37 -117 -739 -1631 -454 -287 -932 -507 275 -353 -151 38 611 473 512 78 1086 -246 1011 -259 -686 -327 -127 -599 100 985 -350 -945 -1029 144 -1078 -458 -1733 -4 -440 527 433 -436 -608 777 -389 -724 115 -883 358 -1778 -1109 308 815 1776 -78 -1557 -891 -137 -410 -274 -179 -428 -450 -665 -528 -414 149 1266 -930 -1074 682 562 1229 -1066 66 118 109 -1122 1174 -827 251 524 226 -1214 -1227 874 118 
-181 326 709 -433 -785 158 -516 115 12 -293 -1683 -215 339 1607 1523 -1343 260 667 334 424 224 -426 205 -526 -943 -101 10 -315 765 -556 10 -991 477 1137 2 327 -939 462 -104 -690 414 -421 1761 1119 -734 648 1184 999 446 74 1678 -973 -719 -401 -623 -39 -1605 270 -522 -462 754 267 -544 -142 -1163 416 -557 907 461 645 623 513 351 1196 -191 855 39 453 720 -868 3 140 -536 496 -23 274 -66 576 421 -67 781 -561 -204 848 -392 -799 504 750 -1663 -587 773 826 -496 -1223 1455 1408 529 -319 -150 -957 -637 -91 -259 -388 -850 325 1028 -166 -414 268 398 -618 -678 -754 -132 368 -94 191 -124 -426 55 -241 -382 -161 137 -673 -562 298 377 399 -276 -521 450 658 543 570 310 -286 -609 -600 766 522 169 -399 877 1070 523 -503 -2224 594 -796 647 -471 921 -467 -109 -223 1045 -876 586 -240 1205 817 841 -812 475 -1263 488 541 523 -87 -279 -418 -375 145 94 973 199 680 118 1203 218 424 -1454 511 -300 588 1459 -739 -363 133 -859 -343 1085 919 1434 -1872 -861 911 694 -1163 596 885 1467 -410 -1285 499 783 -842 129 -965 1073 -700 -415 660 398 608 448 -253 615 -1433 -837 39 -981 58 623 -1054 -924 -293 745 97 -194 260 353 36 -137 346 -61 282 568 -779 1073 327 623 -195 -1511 -22 -587 -681 355 -4 248 -642 1102 294 154 -992 316 -1119 -1866 3 -1017 200 -257 -539 601 -889 -973 -520 -690 -711 -341 769 -1448 1154 -129 -178 681 11 995 -899 163 -179 191 -2448 268 -325 772 265 253 230 411 268 -503 808 1235 644 -64 -806 246 105 -33 -30 -322 1078 -357 87 559 -1626 -72 485 -1331 -129 100 -394 -545 916 621 1917 481 -998 421 157 -353 -64 640 668 -544 -538 581 1033 489 -197 411 -133 -1136 772 813 377 174 1789 -72 465 -1537 -798 -21 61 -533 26 541 -275 561 958 1250 -481 191 -219 -431 468 -563 391 234 -676 -1281 -810 841 324 -456 -865 1039 1071 702 374 1104 -179 1155 -311 -350 1352 369 614 -263 932 -422 -118 430 -303 -1306 -1744 689 
-3 -1412 1384 -1490 -1078 293 751 743 -1327 -1037 -1166 362 280 -382 -632 -1044 1535 -679 103 180 -1298 -1996 590 -50 200 -785 -306 -317 -239 -14 526 641 901 -938 48 340 206 -702 736 -391 609 1228 1172 -84 -494 -426 998 125 -392 730 797 -213 -1036 584 429 -774 -206 162 199 -61 650 135 742 -220 -882 1121 276 1662 -182 327 -855 258 438 937 191 1168 -239 273 292 -949 391 1165 1091 -44 759 772 566 -352 105 -104 -26 -351 1386 -580 -705 -2320 286 -685 -510 -892 100 -113 762 119 85 664 -178 517 -1873 359 -43 786 -856 1012 212 -1025 808 1452 292 -1037 930 -487 -99 592 516 -363 -768 863 116 -112 -340 -297 710 -417 1105 1047 93 640 342 -590 -1481 661 864 -641 621 450 -721 1050 -174 -1199 -548 132 -275 990 -564 8 455 790 229 727 486 -256 -1277 -78 12 -861 -1025 327 27 254 188 544 -782 398 -851 -137 269 375 659 -533 157 -20 89 240 -410 -1184 862 229 -4 125 179 1151 710 531 -257 -1079 -1087 -370 -572 325 -288 533 -370 189 806 1443 -705 335 520 54 802 776 333 -849 64 910 1663 218 204 -1216 430 1518 1180 -1048 602 385 -159 154 421 -1483 1209 -1217 306 255 24 1279 177 186 246 575 377 -853 -631 371 -1078 692 -430 -86 -57 -38 66 475 -608 1944 -318 -740 -808 -389 -191 -418 -620 69 -202 -1269 114 636 895 349 -391 66 -1126 -707 200 -651 -45 211 -671 672 -431 853 -487 -278 -692 -218 -860 -1154 929 42 -237 1398 -594 -246 216 -860 -1479 -829 382 46 -728 1935 -714 260 -482 2242 637 -756 -842 -394 -1237 815 -784 -1562 801 -2126 1089 -403 -526 -602 227 -214 774 538 -100 -552 691 1758 -136 -413 1097 -1234 545 -218 -1566 -1097 715 711 95 889 874 -432 -35 -234 -93 -490 -106 -479 -230 683 895 -894 -155 26 594 -1015 77 -14 -490 -247 -433 -440 943 843 353 478 864 288 947 1284 167 555 -1474 -305 1653 -215 587 727 214 -243 -1041 -815 517 -342 -276 -624 -822 -565 -136 -531 -338 -5 -1233 -159 -432 -1036 467 676 808 360 117 71 
308 -934 1239 62 -491 -368 -239 -573 18 -1003 -152 798 515 -392 690 -169 773 39 -310 315 662 510 243 -766 566 639 -773 557 -747 -1213 -161 -1 -257 627 -23 310 132 -267 -433 -1595 71 -113 -32 -199 -1245 447 492 352 -394 624 674 -69 262 466 -1556 -502 1055 683 -1071 468 276 -291 825 -11 -236 154 -7 629 -255 1014 1037 1081 412 448 -485 781 -1024 -220 303 209 510 16 754 688 1107 -283 -450 111 -1188 152 -368 -176 308 -730 -568 -255 -128 -232 -264 -1597 924 1260 -15 794 -21 315 -208 -914 -231 -207 -384 915 640 293 -1178 -1036 -183 326 520 -1211 -492 -408 1422 -667 -804 665 -56 932 -221 -1224 113 142 702 1107 -499 437 385 44 -131 -878 672 1881 119 440 253 25 221 -396 -297 700 -956 -726 263 -937 -930 -89 -1933 -959 1098 -591 -489 -660 -596 -297 -218 -925 -569 1430 -750 1237 48 -1286 1175 -64 -644 -66 620 1351 -782 -787 -242 132 457 -13 -382 354 -1079 -972 152 601 -327 -738 1056 -584 -408 1711 -1270 -841 523 -300 18 564 -839 520 -103 1837 90 -454 -788 2311 273 501 -386 185 -41 -1003 -753 -373 514 -646 108 626 326 112 1034 -1105 338 272 -524 176 -38 2215 554 208 2046 -686 152 472 249 241 697 -1083 -361 1364 -1038 -560 172 -534 -767 229 -151 121 413 993 1002 -202 81 969 -635 -799 -133 -1228 762 270 -923 163 1071 -36 47 1262 -1173 502 269 240 687 -627 359 -1686 1898 -837 140 536 -618 -230 647 823 -1026 -336 -118 127 730 528 181 -392 -736 44 -1379 -109 -308 823 -419 -313 -467 -221 -1512 67 -5 417 -174 -742 728 280 1037 936 474 -737 -128 345 -896 524 900 -1090 -557 524 -26 -189 578 -362 -1198 -557 -293 -131 829 93 -313 229 -477 22 -682 -1009 -1060 -295 -394 690 784 681 -541 -566 -550 -950 476 -560 -743 561 431 -604 -646 -383 1077 558 931 109 434 374 -540 1254 -812 245 -957 123 885 2050 -437 -332 -508 273 202 -1723 -14 713 -742 -426 -884 -660 -244 -875 -103 1262 -895 -828 280 1019 1199 477 -501 432 84 1477 -45 -26 
-695 227 -509 -1167 223 369 -287 606 -61 1096 -497 1150 390 -158 523 499 -1497 -561 175 266 116 -631 62 42 0 -107 1349 1032 387 832 -74 -773 -332 443 1417 1499 652 26 888 964 -626 488 168 452 562 -425 1533 933 -530 482 -596 -618 1208 -636 -409 371 564 -304 770 -902 879 1255 -654 664 -691 -582 -5 -708 780 -1426 32 -288 -728 1049 381 598 -682 -427 -141 -172 -789 259 -347 -1038 -1129 821 792 354 -214 -25 -403 24 1439 -669 -237 334 215 49 624 -343 -1220 707 -275 1314 308 -7 -1488 278 -536 -168 836 -712 281 -620 330 1108 -1158 52 165 944 -997 419 834 -672 -37 1228 887 -84 -111 1161 -643 1149 -666 -361 58 421 1172 623 -907 565 569 755 112 -1008 -436 20 -110 333 -743 -970 -325 -89 577 141 -237 -32 -1686 -1724 811 133 -135 862 146 -14 -1056 -187 602 -1333 1052 -394 207 204 -169 -1036 -788 800 -29 -565 -209 364 -217 -318 -1122 1168 570 -367 10 246 97 -350 43 -553 619 458 522 -1134 -1191 1199 491 1055 377 828 902 53 -675 1479 -525 -1894 -864 -874 261 -796 108 548 91 323 1083 698 394 734 138 -805 93 -254 369 1046 -667 328 433 -151 190 417 785 59 23 555 370 252 -754 -1600 375 -1343 -752 752 919 -1205 -656 -441 638 195 126 -200 -708 1510 -1201 495 -798 589 -706 169 -212 151 -915 -1637 782 880 -576 -760 -510 -498 -1747 -516 1242 -434 857 977 770 -316 117 973 -217 752 339 -398 -1284 169 155 -490 1495 1037 404 -9 -41 -165 122 -898 649 515 -1214 836 -483 491 869 -633 183 311 -804 1619 308 873 -967 150 -223 -1304 20 -399 -1732 -1021 530 -760 -1479 238 134 -962 1046 -1886 -957 -34 -406 816 -61 -138 -7 1172 -472 -357 -177 87 -160 -125 328 669 1636 -402 1076 605 -167 1099 500 8 692 304 -1499 -120 104 -478 -1640 217 522 941 154 -536 465 536 457 -375 -892 -511 -355 -614 -250 -510 841 -129 243 990 -16 731 1393 -1629 -1419 169 205 761 -1441 59 946 730 1273 798 364 -115 -406 -301 288 389 -385 -1423 1058 -691 
336 235 -94 -225 -117 -697 -262 -1551 245 -1004 -123 266 62 -1079 -811 -472 89 136 438 690 448 103 285 -76 -334 -719 -421 -494 615 -562 -1376 -373 1155 -781 -914 -949 -295 255 -631 -713 -419 969 -278 496 28 -1557 645 327 576 -931 1357 -92 -764 168 252 1404 628 1155 474 243 17 102 -297 987 803 692 700 24 659 -462 -92 -1184 559 -399 -1195 -617 -791 -698 -715 1358 711 -269 640 1761 -634 -113 -165 -774 587 590 1388 -126 -1832 958 399 1649 170 -589 645 -48 41 445 -674 556 2053 1410 400 642 -1341 293 404 -900 460 862 788 -758 -775 -1497 -736 -318 -1962 -1256 987 -29 1143 1279 -188 882 109 -779 292 -970 114 -625 -117 1193 579 -1385 628 308 379 -152 -478 35 285 528 94 100 -906 -271 -614 -982 -1145 304 661 1246 139 82 183 -386 -552 -312 434 287 352 9 -883 -1186 603 -174 470 820 -599 1833 -7 580 755 485 945 -326 -146 -232 -373 -1503 -266 127 127 -608 547 -658 -238 -1031 -111 912 -1451 -712 522 520 -784 515 503 -17 -439 697 -267 -478 -873 997 -729 -832 -1224 1124 79 874 303 914 -241 713 146 861 -310 1099 -1399 40 -209 -1051 776 484 330 -485 -1402 -539 830 47 -10 -152 -1483 -783 200 -968 -170 723 -981 859 -17 -402 -34 462 -418 -74 -390 -196 -146 -897 -23 -890 1076 -290 1289 815 369 611 -377 54 -1348 -32 -598 1785 505 1223 -18 -517 483 -970 -754 785 525 -213 250 473 116 -909 -661 -502 438 -577 -6 1649 135 -1112 239 -1071 1232 -267 46 733 10 1406 691 -162 1357 -348 -429 129 -1221 -313 -697 -202 -245 -131 -195 768 -721 -1256 214 1408 825 275 1147 1035 -752 -497 92 -360 357 788 1102 -540 -496 -1090 475 -747 -467 725 381 1400 -978 1238 541 748 -207 -184 -407 -646 -489 -905 -611 39 473 -1424 -695 -309 -680 559 -876 1250 -33 1072 41 930 460 172 -240 -804 -1096 -112 542 1228 -112 191 -5 -1366 -393 1000 -169 465 -170 -83 -501 678 305 533 340 -602 -449 -756 451 -435 -1014 -207 -65 202 -76 277 -1485 -712 -189 1539 165 768 
-384 1206 370 256 284 -480 -789 634 615 -1971 -295 -547 -22 335 1246 -511 -375 -531 -475 -606 333 799 1102 511 -230 -447 -468 657 398 -271 -175 248 406 -334 425 238 394 -594 735 175 -167 -39 1416 -303 464 -1148 140 457 22 366 493 395 -570 506 344 -449 198 -357 -1775 754 -447 468 1094 -109 646 422 130 100 817 -505 1134 -651 -562 769 1062 -675 194 -653 747 551 160 245 -723 -176 -194 -826 280 -291 -653 -199 1411 -789 99 -65 -761 -797 -588 -788 -153 585 1564 -521 -754 316 103 -995 1029 280 -528 276 107 896 -215 865 889 853 822 1137 1120 416 386 398 72 805 -423 -613 514 881 25 -1182 1254 719 -485 -1209 754 -777 -114 546 -1278 -596 -1298 177 836 40 597 780 1184 -369 187 831 988 -876 -173 -2 -592 1168 -152 2124 -593 472 -647 1101 -811 -47 -373 -1327 339 182 -1114 183 -57 1135 233 -275 -479 497 552 -514 -1460 -640 -659 -273 181 50 67 -553 106 -223 278 -366 556 -2 781 967 420 -506 319 -477 121 772 -1277 -351 -146 215 264 121 1085 -218 313 232 -927 -157 614 81 -1174 -592 -885 97 -361 97 522 400 811 -97 -228 254 -773 -966 244 -1112 1132 -141 -1542 -475 871 1283 -517 -625 633 661 503 -194 84 450 520 -812 308 358 -1750 563 -346 -368 -703 -207 1432 -424 -1206 65 -168 -35 -852 -320 -97 -842 397 -619 945 96 -1082 -488 -109 -321 -223 577 447 -116 -812 57 251 1079 -450 96 -99 -106 960 307 1164 594 26 1298 155 -489 127 -1290 482 1010 -635 -734 988 -904 -174 -304 -4 1227 -503 -8 1491 635 727 164 -1376 455 394 580 356 -305 470 238 751 -744 880 -1271 101 990 126 967 -1388 1742 590 440 445 537 194 461 -405 -1187 152 -508 1432 -352 1023 -106 -195 14 -534 1189 292 385 1050 -1046 -396 353 1373 -1765 -297 608 379 -505 -177 567 250 -208 -585 991 429 -850 1406 368 320 237 -530 661 201 157 318 -1 1209 -309 -1162 -537 684 521 -339 670 1 341 -156 -977 207 171 -839 0 458 -177 -406 1546 310 -212 -68 -125 
600 856 5 -1076 19 183 -201 645 195 243 -602 -91 -470 31 -557 573 254 -706 -448 -232 -5 1365 102 1341 1230 -173 880 222 320 142 -92 531 60 -502 549 657 3 484 572 328 -281 817 295 -295 37 1172 937 33 499 1708 -14 -252 -493 -217 -1220 -284 -21 896 -42 534 323 29 52 -245 78 -401 872 339 524 -848 -370 -440 431 789 -364 264 153 -1188 -330 816 -1168 -452 770 -1138 331 -476 -1283 -242 1520 417 -667 -459 878 -413 434 -244 355 857 -1549 -353 815 -978 -111 1013 -344 -354 -650 -224 -792 125 -305 -604 906 191 -1440 -820 595 -424 1175 -223 341 -1170 1016 -637 -894 -966 1239 1003 1036 632 -192 340 575 -305 761 1616 334 -1208 104 -1672 564 -355 771 -285 848 295 532 -464 1028 -181 1398 -186 862 586 161 -374 224 -146 -21 -128 618 277 -484 -3 -354 176 570 851 -165 -416 708 426 719 -162 -57 -830 -491 598 -816 286 -187 -238 -822 393 -224 -642 -730 883 311 -470 -153 599 -1038 1462 -506 340 -534 157 -1050 910 516 238 -524 -67 1442 432 -583 955 260 632 -1717 -73 -742 -660 -238 206 -351 -2030 -97 -121 -404 -1306 130 1163 -360 226 399 90 -164 277 436 -966 -321 286 706 278 -593 -68 1353 391 -1196 110 87 858 -499 389 1299 -205 -608 911 1011 -838 1062 -475 1534 -1160 -839 -789 -511 318 -353 184 -146 862 346 423 562 -1624 691 1647 -688 -429 -759 -446 1171 -177 942 -501 -433 -926 -947 58 775 -585 -842 3 806 -1219 944 33 -298 -368 -316 -140 1036 707 122 747 -70 -372 647 826 -584 419 -333 500 852 684 54 527 -533 -805 39 -706 -194 549 1335 -66 331 430 -1993 -993 -893 677 -785 627 -1958 -853 115 488 60 -236 -732 68 95 232 348 -370 -208 554 695 232 68 -6 -358 -436 199 -845 -239 -202 559 -129 -630 -82 -1425 -270 -439 -597 -1115 1035 403 -978 -582 986 -188 -710 -677 -770 1016 -573 -152 1393 -66 -151 201 410 -299 986 -951 480 -48 -330 -668 182 607 248 -643 -722 1898 -658 758 -722 -163 41 60 -1173 -860 -937 -103 91 
-976 83 -659 368 7 326 144 -286 1104 -598 -246 393 1112 -1279 -320 1729 880 -383 -108 -344 -251 395 305 779 -53 89 -689 -296 554 -1169 -185 -481 -1347 -274 -879 192 277 319 -598 -1211 -1548 -279 -450 1131 163 527 -695 -747 523 431 -2 -72 -1093 -898 129 -832 539 -481 -671 479 -2077 -451 578 -359 -57 -456 -400 -708 -738 -351 -442 -30 1713 -733 -196 -84 955 845 -401 38 -752 -691 -1096 76 -721 -591 40 868 117 743 412 -784 14 -7 -1189 788 115 -104 -146 640 621 -634 -560 -222 -106 -285 -941 -188 47 1271 -580 1290 -526 691 281 -120 -569 -238 -395 -182 595 427 797 356 -988 -34 -298 -1594 -696 -790 -1391 -353 -668 1184 -926 -1048 377 78 -204 899 -1375 540 177 -498 1105 -912 -1597 1583 -1417 1381 819 -1082 451 -179 -1194 242 -497 35 257 -11 -295 -1066 1113 304 -432 -189 157 487 172 1050 105 21 -1132 -1314 1178 -729 -246 -1177 -330 -331 -598 -1179 1155 -45 663 698 227 -61 857 -791 -500 -440 387 826 -110 -26 -500 -241 -1731 -73 177 227 -600 77 -449 1140 -238 -1347 -75 -92 907 -392 871 -767 333 431 52 -1017 45 199 -731 -864 33 195 -229 -639 -350 1453 -147 -986 -346 -837 -1051 -1383 -675 -1171 427 -1146 391 765 -269 1141 1150 352 -67 -623 -441 100 -53 40 52 -80 -183 -83 -556 1242 -1136 443 -8 560 -555 -762 -439 -653 -84 -522 -629 -66 -525 -1070 -68 233 -671 1148 -187 52 391 -1072 55 659 461 -1453 -274 -302 -107 -502 -1274 -965 229 -309 652 713 567 512 -291 842 1120 1150 232 521 347 194 -779 -788 -61 -476 169 659 -270 1200 288 -399 -151 1579 -4 -203 872 457 262 154 -395 -309 282 -680 -380 -79 507 -1423 751 -442 129 119 -1120 576 -261 -64 -1239 -79 251 890 229 -434 -1282 -112 -949 -1085 84 -517 351 -257 286 358 221 2042 590 160 8 180 234 60 157 -304 -326 -423 404 -1120 441 -112 -775 -1041 -72 -999 -1337 196 -359 -368 -82 -89 -457 663 -231 -653 -3 -393 -1289 -1424 -33 -213 -1180 -542 -480 -1267 -279 933 208 -228 836 1021 731 -248 
623 1082 511 675 -112 -809 -899 974 795 -784 80 -175 -129 -149 587 -796 -219 1356 -621 219 -577 -27 178 -185 864 -517 191 -102 -912 -392 152 -395 -479 138 1109 -364 -372 364 -1297 762 556 -113 -557 268 135 -491 401 -809 49 710 -7 1164 542 -648 779 339 618 -1140 94 -516 -971 -1024 -225 -281 488 -102 -103 -815 717 -490 -653 -398 -24 227 -165 -490 393 1174 618 -358 -82 -474 539 -655 -276 777 1199 -41 627 221 -331 783 -749 406 -1157 -717 -1282 204 924 1545 -623 -330 -107 30 757 -947 263 -647 -382 20 86 -69 1064 -40 1375 -843 -305 219 -881 468 -125 431 229 -431 -817 -1097 583 1166 267 -62 -204 1319 -422 835 173 -1517 -52 175 -770 -1060 -62 793 -86 -990 -1911 -273 -42 -826 -196 -346 693 550 1576 1227 -697 -735 514 -556 -129 -852 -142 148 1215 -752 394 332 -785 978 -1109 89 -846 592 719 -184 -376 435 -538 103 345 573 -1521 -1594 1170 1349 131 -1068 -93 -35 868 153 1354 660 0 -1097 293 25 251 -790 340 -154 -394 371 1029 -172 -105 468 1235 -319 -571 82 238 -133 578 63 -84 -1631 100 1272 -139 -794 1624 503 1092 -1079 163 507 -627 178 -81 600 58 -1213 271 287 -844 -1550 489 988 2268 -674 504 416 448 -832 451 -636 1104 786 -372 -130 -795 -1047 -695 882 183 845 -539 -828 -710 1201 64 88 -202 478 -27 -1032 -103 834 666 -588 2126 -27 603 70 319 679 -1021 1062 -29 -471 1680 -723 743 748 96 1089 -167 -162 -57 278 -369 829 -1170 -507 -103 -394 -157 -170 720 -514 458 -262 921 507 1101 585 571 313 1134 -537 510 399 1704 -61 -83 -1326 616 402 -1626 265 -139 -1060 -951 -848 -658 -7 -809 976 607 566 218 -1359 90 94 -106 719 -278 514 462 -348 9 -382 1240 60 -402 -251 -1229 344 270 361 -243 -567 -265 -246 -370 -312 -954 -1031 707 736 -1171 -4 12 -87 482 -221 12 745 -385 -583 -1946 1295 822 -254 -172 -598 44 -1025 -52 -753 224 435 -29 149 244 -75 271 -570 -80 718 -563 550 372 342 -469 -376 915 -812 71 623 
-74 532 266 -283 799 244 -188 -187 -565 115 931 -577 382 -469 178 -227 1153 256 -160 22 -139 1542 -556 215 -3 -1089 147 115 -469 -1735 -1747 24 192 -1527 -247 136 33 299 1209 386 1143 301 -210 -99 135 -501 352 217 1408 -1101 -775 2018 1099 -1060 -778 48 2187 -809 1598 -368 276 -30 872 -1132 1329 465 712 1463 22 -229 173 -1625 642 -328 -701 615 -1282 -769 -1003 416 -1287 71 47 -91 -198 -2080 879 570 -544 -1598 522 132 460 710 -534 -1701 -105 -32 -317 30 -227 354 384 -50 217 -549 -588 -802 63 194 -931 19 -1063 1380 409 159 -146 516 -1072 -689 756 -1239 351 561 -230 -117 -1118 -153 422 -748 -813 273 432 -205 -901 -125 1104 -138 181 -264 6 -602 352 -670 -450 -210 -2043 1829 321 -362 -411 -54 -971 -987 -757 -583 700 1269 -571 251 -30 -1084 1784 -997 1935 231 -440 234 1168 -429 411 -13 -190 -332 271 -712 -994 -264 -724 591 1186 178 295 -728 441 265 -467 1138 1218 568 -1701 -100 -253 2003 -759 206 -670 127 -675 439 392 2236 368 -56 186 -274 349 -54 426 51 751 -573 -165 -964 -42 -33 446 458 70 -1178 562 535 676 1664 -547 -402 -118 609 169 -184 -439 -1099 46 734 -282 -66 218 172 -68 631 -1281 -119 550 874 230 -310 13 -153 -323 1105 559 -833 31 -247 -113 -392 -718 -428 -487 40 -96 1472 707 511 -580 -820 260 860 130 429 28 282 1027 -269 73 443 -553 -1987 -482 -738 999 -969 -93 677 -476 594 41 206 254 -1391 2 -315 -19 539 548 408 -2104 821 64 -263 -441 -338 769 5 331 -45 1003 -753 -1510 688 -1475 530 249 78 831 -203 278 1040 -346 -148 -260 1583 107 357 348 124 -1297 -547 -52 -878 414 -424 418 -455 -486 545 -113 41 440 278 -651 -894 564 140 794 -257 -682 -403 -628 673 -419 386 -582 524 -583 1 -1027 -84 574 -127 -403 399 195 -618 334 993 -500 379 -211 -362 -959 35 270 -123 -290 751 -64 -2 -1339 336 -1536 -570 298 161 1008 452 -132 1666 484 -389 -832 -666 -193 1081 -446 -34 -171 -106 -235 1121 
682 163 -631 248 2218 -700 287 -667 649 265 232 -59 -205 343 908 -679 591 -783 111 725 -339 1419 240 942 -448 -693 587 -1065 -1556 1088 224 -395 211 272 943 404 -89 1143 -920 -648 92 -37 23 178 94 1295 690 261 148 -134 -224 -1659 366 24 -284 -76 -2472 693 891 -1005 -1966 1167 635 630 1267 622 1205 203 -1328 1694 378 -1181 465 -303 66 1079 688 -216 868 -542 -545 166 -37 -468 -513 161 -992 340 -912 896 473 761 572 258 212 -39 1743 239 -386 -338 1118 398 -414 -377 -376 1260 -273 257 448 -683 970 1024 -1272 1092 -1379 -37 59 -1110 -132 872 -317 426 -1074 -681 561 126 99 177 153 346 -1510 -780 165 1176 522 -229 -1022 195 -429 45 -217 92 -1090 734 416 1524 351 -70 179 29 -397 526 -339 112 1021 -563 1249 -1437 50 -108 -1099 -99 1351 -972 -2019 422 133 -1956 -1144 286 683 912 -66 147 -271 1220 -671 1313 -445 -22 258 -56 -633 -304 160 -27 1582 422 708 -295 -806 418 -948 -1521 416 403 -298 570 374 -725 1303 -596 -248 176 1219 -1232 57 1212 1066 -162 -222 -1014 148 382 51 470 226 790 -185 108 -1091 -1120 -431 -291 -598 1274 674 431 1745 214 430 -1320 1649 911 -363 241 -543 1334 -459 1219 521 -891 -110 135 -272 291 284 -1199 -458 -605 298 178 29 -1078 241 697 269 -383 -395 -548 -526 753 -830 -564 -1298 -194 267 270 -803 182 -719 -227 215 -598 1243 429 -601 -943 -1277 782 -559 1446 1074 469 -1239 899 -1094 -29 871 214 -639 408 -966 -472 -205 -728 -545 148 -278 -308 -612 108 -271 -555 -483 -663 -705 -343 -286 1501 -2202 -1028 1030 871 -772 -431 76 -395 462 -1003 -1071 1438 1525 30 -493 6 -454 -833 808 -59 -448 514 -157 -590 -587 1017 -164 141 -1212 21 1335 1288 -50 -1119 1291 866 -78 -97 -516 292 -619 950 42 -156 -263 -695 -32 -805 413 1060 -654 -246 -651 636 747 1539 -1011 200 818 117 789 1088 -1905 116 -651 -273 -39 41 1272 451 817 1084 2644 217 -149 -19 797 -259 -1361 -81 -772 748 50 784 1431 -1033 -406 485 593 1183 
578 -794 386 17 909 12 1725 -841 34 1271 -57 -35 -227 -660 -1498 822 -804 121 656 -194 90 394 -406 -327 -1065 598 474 814 -181 1635 738 1170 586 1303 -1228 -92 -653 212 279 116 -694 91 447 563 527 -143 -167 119 -795 -220 150 -812 -531 705 138 619 284 692 906 -437 -1031 -170 -301 624 -598 231 814 -637 -415 -338 -10 530 326 -234 -700 1254 -217 -288 -360 -443 208 -176 670 -431 -133 249 815 -926 170 -53 -1332 -1318 -1096 -550 -157 359 233 472 668 1056 -71 723 573 796 -221 154 -689 1065 -993 780 439 -164 -388 -147 731 -498 468 4 -76 240 125 485 -630 1290 -350 514 -919 -999 -410 133 -18 166 211 373 -8 921 639 -1159 161 -710 282 -46 -364 -1020 1528 277 -1106 -288 -413 21 -1088 -515 -899 -1483 158 419 37 -558 1139 -588 514 402 -715 -160 56 913 404 297 1075 -1118 253 965 -1258 -1649 42 578 -562 206 -68 -802 311 595 98 -770 370 51 -207 -434 -629 -646 179 -555 -822 617 -398 982 1217 -89 1036 -687 -530 31 -642 353 -1347 -317 -454 1711 -1142 -452 2 -988 -277 514 49 -813 -113 309 -371 443 -630 426 -43 24 189 -130 223 131 1031 -201 -631 -1633 -1151 -272 -559 -106 -912 -401 -597 236 104 -423 -268 -217 699 -401 764 -295 -980 -589 282 -303 224 112 -339 -738 1260 124 -111 781 -476 244 136 411 501 -561 -1159 409 1013 84 429 130 -293 -735 -57 1489 -343 -547 -189 28 577 338 -406 589 -402 -598 170 -1047 -547 -657 1446 -8 -556 391 -176 -503 424 222 737 192 300 409 975 -9 -125 1954 -165 -1676 -239 563 -111 -900 475 -297 674 334 -896 -533 609 59 -1107 853 100 373 -410 538 -392 -853 -535 -923 52 -78 291 -9 1104 1581 59 391 -628 300 1295 435 656 -405 690 -392 -8 -348 43 418 917 -937 -1469 398 316 -208 510 -364 1337 717 318 -1005 219 226 1372 -179 -513 397 616 -1164 -1048 870 788 31 581 240 263 -311 106 -148 772 59 -4 -957 210 -349 -377 -279 563 363 26 145 328 1639 1044 235 1074 187 -602 432 
-64 906 630 127 -689 -151 -351 -121 -499 -83 161 -851 1373 347 -548 -1183 -1018 -517 -593 13 -740 -523 -536 -27 1280 1272 -1371 1823 494 -348 264 -881 -134 -923 321 -301 -119 -1452 -746 684 1249 1008 379 355 -82 -481 367 615 -450 560 -1117 36 -419 -1082 -84 243 458 1257 -467 -737 -108 -331 283 -934 -392 350 -253 1426 502 -222 1427 -1477 -502 -1593 -1302 517 490 -106 739 -476 1587 13 -350 519 -825 -451 -212 84 -47 505 833 -242 -521 -177 -86 -788 1175 -92 1577 658 -327 435 -564 641 1288 -1523 -699 -114 -858 -818 112 -406 488 399 -990 -6 14 194 351 -102 562 686 -343 -444 66 1361 -992 156 850 -352 -709 1242 -962 -395 918 2396 112 859 -924 144 -358 647 96 -1215 -541 230 298 -113 -1181 1224 -74 54 -1275 202 -487 235 1747 -1148 -1100 -424 -476 322 244 -977 732 -222 -417 0 -861 1311 -534 680 -639 208 292 -466 68 50 1165 -451 139 -172 -129 443 265 183 -1025 -879 731 430 486 710 427 280 -980 -563 -933 1285 -49 -766 -1245 716 -815 247 -4 41 2152 -1127 -500 580 1803 962 -586 1000 246 -729 737 1849 -158 559 463 -244 -435 454 819 -297 -361 117 94 747 71 627 -280 -947 1198 133 788 -377 -252 -121 11 9 -491 -168 -160 2812 1248 -727 14 682 -1772 500 861 529 283 -957 -141 772 -775 -255 -500 -426 163 792 242 -1003 -178 557 1887 374 818 279 -10 328 1157 346 1343 -990 -1203 -1346 -477 969 -519 265 -462 -558 -288 16 584 1083 -1866 -1239 -1765 1697 -703 1069 773 -364 356 331 -1512 391 1253 1388 -1389 -335 1768 237 524 37 -1228 1023 -1344 649 -390 366 90 -3 -420 163 -1329 -222 -411 33 107 -891 -278 -229 -693 200 169 -671 -78 116 -1540 -1728 358 347 575 -951 387 -804 -390 466 59 698 21 401 166 -153 -462 -455 -196 -196 -628 449 230 252 1227 -768 -1218 279 -1033 751 -451 -417 321 215 515 1223 -1175 -132 1511 -779 1235 -441 -664 610 -1316 202 -1453 -1015 131 599 -767 895 -619 653 261 194 415 -141 392 -1507 284 -697 -1193 -375 963 -770 
-980 1287 -167 70 -116 88 -767 1090 -75 405 -45 -1229 876 936 150 -348 309 231 227 153 43 -247 329 -431 159 -9 -487 -377 266 531 709 -808 118 -871 831 727 62 -48 361 -292 46 557 192 -406 -188 1065 428 -122 -102 -1748 450 -387 -665 321 -331 -163 368 289 312 1424 216 1277 -240 -501 902 -523 31 -632 -3 -8 634 -214 -439 -1024 221 198 549 284 430 -479 -1183 -968 -1578 -796 785 942 52 -209 -810 648 416 451 -989 -452 -124 292 -414 387 -81 792 -405 352 -697 -1060 -596 -187 246 -2060 -1111 -1033 -238 396 -945 -145 -612 1021 -796 384 -1075 -626 236 744 642 -918 -521 67 -921 889 -1016 -602 977 268 450 36 1245 1275 423 79 215 -768 -1170 218 1093 -752 -1541 391 199 -1508 -167 -725 32 -336 729 -236 40 -749 -1030 136 -1172 270 2314 -826 -25 -990 -1094 423 301 -184 -2153 79 -1246 -709 654 1172 -295 868 -784 239 -745 -82 563 -68 -1206 -589 86 -596 246 -72 -812 -82 -573 -333 -263 -1182 -9 1336 -833 -1309 -1291 -1235 538 -495 -826 -1974 1285 -581 251 -145 -1378 -230 -1014 494 592 864 -823 -508 33 1704 -248 -961 -1110 -133 429 146 -124 1079 769 -1149 247 -428 28 1034 -346 -112 89 371 976 169 -666 799 -968 -361 908 70 1190 -114 -521 -1372 565 96 -592 -753 -968 1772 -978 390 613 -63 -1085 -121 -174 316 -643 353 60 -834 -192 482 -449 -307 776 1116 12 -695 -1251 -353 -633 -444 -499 -41 -2289 461 -319 316 346 -1041 -892 141 372 1767 -786 531 458 95 -1269 -900 88 444 -51 109 -658 -129 501 135 72 -1089 1152 -1557 -15 -306 1642 -324 -883 89 943 -451 1669 253 -881 -748 -591 701 635 437 -282 299 146 596 504 -301 -79 506 627 693 -274 547 755 -793 608 -110 -79 -178 -636 -86 -238 472 -1210 -325 -450 464 419 -219 -505 -775 -441 -727 478 -797 380 1051 891 -1886 -134 1014 -89 127 -555 -610 -43 213 -26 -952 -354 -523 134 507 328 -777 -414 252 1117 686 -1247 1149 -212 1243 -78 2 1337 317 1140 -348 -417 299 -23 1293 390 -1146 -926 68 
18 -257 -271 78 193 -408 1055 906 23 -954 645 -235 424 -197 778 -1004 -1368 -288 -769 984 -660 324 386 -157 639 309 -1100 -1083 -164 -263 756 -10 655 715 135 664 430 -378 38 -1616 -37 -31 1055 -565 149 -708 -785 41 2303 552 -345 -358 -1090 757 -607 -5 -1966 547 803 -20 -504 710 -15 982 -550 -327 -50 -41 -77 -108 -743 978 67 -197 697 -2 10 1552 9 534 1294 -257 565 1373 356 -113 -366 21 1139 1385 239 -51 228 -616 -1074 589 -1312 -804 -152 379 27 -910 915 357 -415 1116 791 106 -261 -615 -2178 1741 7 123 780 -289 1307 590 843 -641 333 81 -360 1563 -16 681 967 -238 783 596 860 418 707 412 617 -1331 56 737 -695 724 -1695 -506 139 284 1527 559 -940 756 -32 1204 210 -52 327 727 -736 1437 431 869 -377 -298 191 -276 616 -155 -203 -475 390 -2099 -557 -68 733 -110 299 -1040 -388 395 1555 -402 -96 -616 583 -555 36 -473 406 671 263 -288 235 1122 594 -541 -339 168 -125 -764 882 -885 -130 972 -602 -1484 561 -995 -570 -773 -1550 -89 -299 123 -283 258 381 -1700 -199 -123 -644 -645 1266 1831 -1089 -1622 -2173 -515 210 -88 41 -1322 490 -274 768 243 365 619 -314 -739 259 593 1042 -208 91 1104 -435 430 -1396 1240 315 739 -505 175 766 314 510 242 168 -962 480 583 911 320 -961 -103 -1217 -279 214 -297 744 -33 746 721 -689 847 472 323 -266 275 416 570 -143 -1169 -333 -89 -1314 652 544 -160 1214 1321 -150 -89 1122 529 -603 -1102 6 61 923 254 129 616 633 -152 368 511 -734 -1767 -113 -561 -711 -529 -2087 205 78 602 -51 -943 72 -336 1007 1215 1669 447 262 -915 1230 177 -329 168 911 -496 -495 595 -695 425 -1374 -357 1399 -1152 1878 -566 -287 944 239 464 -1047 -315 395 -517 825 1339 456 346 1030 696 -352 588 536 182 303 3 53 1074 -249 749 949 -1554 158 -352 -1159 1270 392 211 753 -413 602 1058 -79 593 80 -184 -238 7 -887 102 -523 -508 -304 -99 -1342 -864 -687 -616 -165 -101 718 163 371 865 1638 199 
369 -1399 521 -948 -1176 -613 209 -521 568 544 -515 -745 -97 443 271 -977 751 1269 646 169 -182 207 -915 -557 162 -676 -1034 58 23 -383 -1241 -324 -658 -48 -450 300 -676 -308 -77 -41 533 -437 774 -985 480 303 -998 -586 -1347 -726 886 305 -337 -22 -288 -635 537 -617 1098 711 526 1167 -226 1566 -159 -851 -552 -291 100 -215 84 644 -2100 32 -314 -30 205 -395 -188 80 -822 216 -630 -100 -935 -321 -81 1181 -96 526 661 799 -232 527 -1368 -7 282 -617 -340 337 -234 -562 -296 168 353 28 1082 279 478 657 229 -781 643 1057 -342 29 332 284 -315 300 -1285 -344 6 -639 -1399 727 -1464 309 507 -1539 1092 -829 510 -1317 713 -156 63 978 877 -781 83 843 -215 -260 275 1081 480 -382 842 -595 -145 1471 216 646 -290 -1307 976 284 -254 588 659 -2126 -133 -354 337 199 291 193 27 -791 -1369 1662 -965 -371 242 -268 406 136 604 -322 -715 790 727 -39 1131 -1412 182 -25 -1356 768 -158 310 -116 -146 249 569 559 -165 -1735 939 229 388 283 550 354 884 -17 -1305 338 -339 481 200 244 -404 -310 1428 -640 -390 -139 -138 409 1634 68 -842 749 862 383 254 799 819 -908 49 -752 352 -1604 530 562 -539 643 -846 802 -171 335 807 -426 1245 -169 -530 381 430 448 875 -37 -5 -531 -1168 2044 -440 422 -1193 590 1091 851 -68 216 910 315 -213 223 548 412 474 -1623 -294 852 -874 431 -1119 329 -350 -138 -884 66 656 304 789 -681 376 950 459 -263 -522 -569 1360 1697 -1396 36 -54 -56 -720 28 -33 -65 98 239 1011 89 -302 663 790 707 252 820 626 424 -218 466 -614 78 321 804 667 122 143 -337 -18 -120 -22 -181 1768 -1260 -926 -315 153 -16 803 123 -30 -443 -35 390 -133 739 245 382 1036 -1460 -110 -480 920 1143 224 -586 703 863 218 521 509 -44 1375 -1031 102 279 -871 -446 -1463 242 -719 26 107 -205 68 477 -497 -622 -1070 -435 -19 -799 452 38 -290 598 142 -243 337 -690 890 603 569 781 1086 182 -807 -497 53 438 -844 32 368 
-796 -711 -1722 -23 -290 -268 1064 -1435 783 10 -447 -14 148 -711 268 -428 -281 265 -97 -219 796 -1293 79 -694 538 -226 389 -776 964 624 -1139 195 -181 831 -1343 148 318 264 -923 -1414 505 -592 -103 -1335 1120 30 -580 703 -578 -168 11 -818 -183 -920 734 996 -3 13 -461 894 751 -422 -1213 132 -239 123 315 -933 -1605 -79 46 144 1014 -118 414 -1057 54 -1076 -356 -213 903 -747 -713 589 636 68 935 -394 -108 640 468 562 766 -719 539 -181 -830 -395 178 -235 746 245 -413 -1532 888 792 1141 630 -793 -1385 -464 429 1018 170 546 -324 49 407 -400 250 864 -131 281 483 1113 774 -596 -391 -1013 -1194 -572 -1140 260 95 759 -169 -232 223 -100 285 92 -128 383 -324 -1201 665 -708 -1083 1299 -801 -8 605 -885 -359 973 -112 206 -861 -931 -143 -47 -1205 -835 331 -548 207 360 166 57 130 369 -371 -227 -231 -798 490 -643 359 75 -178 188 131 590 442 -784 -428 -222 139 995 -597 1113 -1310 -605 893 261 995 117 175 928 -242 1270 -189 -275 -883 521 1394 -117 324 -1311 480 -954 -448 -1005 -792 30 1638 339 -936 51 -1027 202 174 137 -1156 -301 -1722 315 199 169 -102 312 -392 398 1231 -79 712 -397 449 -929 -525 -750 -639 142 794 -1213 -566 756 600 -381 907 -282 -1221 -982 800 681 -19 88 -795 -251 781 925 615 667 165 416 357 693 70 725 1052 908 1568 724 -1029 -335 -1378 -597 355 -719 -379 81 -117 -316 290 124 -309 438 181 -994 438 221 -291 558 486 68 431 -704 -101 -591 30 1925 -150 -660 -1688 641 381 740 -589 758 -1589 -1984 -949 99 -1754 1346 553 911 -540 234 -465 -1909 -222 1225 479 -709 1043 1688 604 -830 -119 -287 -215 -774 -202 1249 662 -59 1502 -451 117 -983 662 -791 115 -102 -71 -653 -516 -655 9 843 -176 -1075 844 -590 364 251 -389 240 657 288 -30 416 1170 -598 -17 275 36 -295 -143 -374 321 319 685 1152 -421 -437 540 -374 -231 1001 -1366 -608 328 -618 -72 388 -53 147 -216 132 724 398 -236 1167 -349 -978 575 -800 956 
-102 119 -314 -935 405 -474 -443 -194 277 -2273 287 -2227 325 -151 -214 754 -203 529 1458 -355 -46 784 -216 1000 -639 -1230 -560 337 -866 -806 -1507 -701 -501 -707 -332 660 622 1188 424 1495 148 -506 -2085 -134 -16 -85 -619 -186 928 581 57 -409 87 -65 714 -319 785 -596 -837 -308 178 135 -563 -48 325 -1594 189 20 -719 812 -442 198 651 1017 722 -838 780 214 -65 -593 243 -355 730 18 -2051 -328 839 -53 524 60 292 623 592 -921 101 518 1034 -1320 -281 -38 230 575 -50 294 530 -701 -52 -1052 359 1849 -1039 158 -503 320 -1157 -1462 -309 -641 674 -536 -324 187 -646 -801 331 -481 -267 264 362 737 -447 1364 -386 66 1747 -967 -1192 -258 -346 -682 -602 -1009 769 515 1168 68 -117 123 -652 1277 -391 744 248 -175 699 -1631 70 311 -883 -597 -1154 -66 -428 300 -175 -1052 -275 23 -673 671 622 -1256 1962 1330 366 364 -579 -447 -1465 -973 -142 102 -457 568 -760 -410 458 -181 1161 -726 77 -266 922 -65 181 166 1152 -1158 59 -750 -169 -1819 1841 973 -251 -250 102 -652 1251 1377 956 1081 55 159 -502 -929 -177 -759 300 917 -7 -424 256 764 690 794 -218 327 258 425 -318 -56 -1128 -68 -469 -701 -31 1805 1054 -514 200 33 -197 -758 -219 700 -1007 -1087 985 -948 174 -137 -72 320 800 -568 -1215 -313 -1243 -209 -19 -1008 -566 -147 164 -136 -368 352 65 1422 1267 -648 159 1555 348 -117 -106 -330 225 192 -1489 531 -971 -458 -1536 343 -644 -879 922 -545 -143 960 -324 410 -1924 435 353 1758 -225 124 -395 -863 -230 1015 -467 -597 -508 99 668 -121 -672 1725 205 -993 293 639 -120 56 898 423 -887 252 759 -1081 -746 -162 -337 -468 -902 -335 645 1179 28 264 -238 -654 673 745 236 350 427 633 -288 468 -144 -221 390 -255 497 -205 1149 -944 624 391 1372 -79 -13 3 2095 218 -254 -171 -309 984 -605 101 -875 676 -372 956 -876 815 289 -867 -496 -657 -1319 8 82 -394 32 641 70 386 -19 -127 -249 -2023 1550 810 -258 167 -532 1625 364 359 1378 109 404 441 
18 80 -553 -843 14 1224 -682 -780 179 217 1150 107 752 62 -2219 -643 691 -1777 529 1048 313 1652 1008 270 -750 -107 510 -72 966 989 395 -423 97 337 -344 -485 678 -300 -126 -615 -861 72 68 -270 -446 225 -853 985 -746 701 -494 310 990 354 599 225 -294 -1028 153 163 -461 -369 205 -602 -420 -735 -1535 -195 500 1346 -1013 258 -108 -909 -309 -1646 -285 432 -202 195 904 311 37 438 154 935 -32 506 -402 271 23 427 -386 492 1017 -2 386 -624 97 360 -441 -733 802 745 293 39 -102 438 -1935 -185 165 -185 170 -448 1112 -193 -150 195 313 462 -1010 -357 203 -1014 233 83 122 40 239 1239 454 506 -1207 115 -207 157 437 304 -141 -2005 242 -264 158 -425 333 961 -1009 -547 -1712 609 21 1000 937 762 -222 -194 -1089 420 -728 122 6 -1391 68 539 275 -262 -220 382 1005 616 -151 326 -328 1207 358 1619 -98 561 1301 533 -501 -553 549 -40 -638 -422 280 -375 -1220 -189 1263 -205 -19 3 -951 -554 -267 -667 -1242 396 -236 5 -427 -770 792 -255 611 762 329 -330 356 -443 -896 -356 127 -75 209 757 -1403 -409 -168 -207 -81 -338 -34 -1124 514 843 -608 966 355 143 -903 -219 -316 -473 165 -331 1426 -173 -510 1023 264 2395 -160 1231 -287 -329 -14 386 48 315 -1295 680 690 1376 1312 -651 1192 -105 -201 194 594 174 -364 367 -140 166 877 147 547 1042 -337 901 846 252 -473 238 -731 125 497 2 -35 -699 -553 -787 -566 1125 1052 -906 852 -81 -265 72 652 229 31 788 -40 363 -513 -1524 -511 -212 -940 -1081 232 578 -342 1264 914 256 -1262 70 -1591 -1202 192 -687 -904 700 811 344 28 -1749 -263 507 -480 1085 -856 1222 -532 948 -1699 158 1601 -645 -79 -1317 -1222 32 774 757 -125 288 1026 -416 1605 -122 402 -4 1345 629 -389 -1126 -935 -42 260 -628 -1027 161 180 -508 470 13 -267 834 322 -551 752 84 -934 -514 844 304 -864 -144 213 165 -815 -99 -95 734 -178 551 -865 -92 718 -1890 -222 996 -733 -850 -865 258 -1667 -196 -990 647 -1055 7 
268 -1168 1184 -750 115 137 1019 26 -33 -421 -221 1314 1525 390 153 699 -962 -534 964 300 1514 599 -524 -1551 646 -411 -433 -1257 377 46 162 20 523 1796 732 -453 1596 -131 851 -1330 675 546 -213 1086 -282 -1043 1564 631 190 -412 -9 -668 629 659 594 852 -20 -122 908 264 -1242 -514 111 644 489 -763 -161 470 372 1255 -804 -268 -855 -645 -1157 -358 678 -415 -53 -247 -115 332 1176 1273 811 1490 -1280 127 970 -626 68 -422 -534 381 448 -4 1013 182 1102 852 851 -583 -271 -420 -1130 -122 -620 -546 408 1068 -217 -548 753 -794 1174 334 -124 -252 183 -1187 -112 1704 -410 -704 -575 -642 133 276 515 215 -147 -675 52 -478 -581 745 -839 606 -523 -714 1570 509 -774 14 743 693 605 -867 -347 1346 -138 624 -242 -153 -128 72 226 206 617 282 -596 519 85 661 37 -673 -706 -1263 -104 -148 -342 -254 -265 206 -598 -175 187 635 -730 9 510 854 -410 1247 -496 1104 -23 130 709 -142 164 544 -147 1021 944 -470 -300 -778 -1870 -604 519 -194 -943 -485 1106 -252 567 1160 -640 537 551 325 39 -546 761 231 -67 -844 334 239 -315 637 -967 -423 96 -324 496 63 -56 996 881 -99 251 -33 74 -616 -226 811 874 205 67 -95 462 -262 -368 -350 -385 -613 1153 -636 1159 -562 570 -862 -1345 -534 -107 352 -394 -284 -151 -149 -916 -1117 657 -385 741 1164 -910 183 -1486 407 1148 -123 1599 1153 -292 -616 -1458 1019 394 384 -1234 -856 499 -273 -134 -218 1125 -892 -697 -144 -557 -102 -754 -318 -223 166 -887 1398 -625 -2007 973 -596 -254 416 -723 -153 -1043 -604 -249 502 -198 -301 181 -1214 820 1565 470 365 716 336 132 781 -565 596 -680 1056 701 -311 -766 244 -553 338 987 486 1134 377 207 -1327 28 286 -756 777 1043 -376 -235 339 -170 -762 -250 83 529 -707 1083 -324 -449 -878 -720 -208 354 365 -924 -442 -440 -58 -470 639 -601 1088 -508 1652 750 187 -200 156 -250 313 -123 -684 -1022 819 1163 493 -567 -604 259 34 -809 -158 1153 -639 1139 -359 672 -486 -172 -63 620 -124 
-92 142 -153 55 409 287 -682 72 -1050 1970 573 1148 -722 189 -200 317 121 498 736 2321 469 -455 -562 -826 -442 -266 -721 -346 972 -960 1212 -1073 -762 622 -1305 -728 601 -427 271 -272 -484 581 2361 312 -332 596 730 202 923 -4 1380 802 -1358 509 774 -49 407 -505 86 -846 -498 1850 763 -103 546 841 -721 -733 -121 -687 557 1183 727 229 331 -1083 479 -379 582 1591 606 -828 674 -1303 1131 -229 739 527 842 -1044 870 -694 1102 -945 907 308 219 154 -415 -163 640 444 451 -75 -183 -398 -591 786 -1247 410 -340 -311 678 -538 592 1226 1144 -46 -566 -80 -1028 1617 1489 -1347 -324 -21 -168 -445 -619 81 101 48 1144 -216 -505 -1854 318 184 -298 -1571 879 33 1527 1007 -72 -49 581 110 1319 522 570 991 1414 -1781 1686 154 -468 -451 -496 -481 1280 -306 488 -702 -675 324 -585 1007 -531 1224 312 -242 -460 116 -38 -808 711 277 370 1110 -1036 77 307 69 -507 -1198 365 1481 381 1380 791 200 724 139 610 -594 529 -1402 -1159 506 -59 -519 753 -829 638 -34 -828 578 -342 -521 -8 1111 479 301 131 -258 206 667 -46 1062 736 -105 293 52 410 -1139 312 -55 150 58 -315 499 1019 -274 1182 122 287 -580 -500 3 -348 647 -150 1023 -274 -564 1333 -381 597 -1039 235 1357 -1163 346 -582 856 -576 -1192 523 -64 -374 -1019 381 232 118 1281 -371 147 -236 -1006 432 296 1191 -729 -166 -303 -747 443 603 -578 527 164 -1208 46 -352 -569 -485 -471 900 -1176 -528 -329 140 148 -944 -608 -1047 118 -758 2015 -195 -1623 -746 -1233 -878 -587 -559 -995 -401 169 555 268 366 -1304 -745 -481 104 -643 -908 -349 -443 341 -775 1014 -190 562 187 -77 565 -20 -735 290 -208 175 496 -328 219 559 -536 1747 1025 -636 -653 155 1251 -159 -294 -409 -67 611 -464 571 -98 -549 67 -1325 -890 38 -474 -291 1026 773 337 -111 178 1573 -184 -513 -163 -578 557 353 83 516 -542 -258 467 -875 -422 -692 -778 1022 375 466 469 158 728 513 728 -1609 412 178 -578 -581 -356 -21 -268 943 -1316 35 
480 -389 74 195 -829 1323 264 602 -199 261 284 10 -524 26 350 -554 1360 480 -393 -74 -255 -461 -2890 297 -1165 -117 -1005 461 -172 370 -1116 194 -13 262 -1013 -364 295 -1111 533 -218 -782 177 410 131 -771 -119 -468 1078 1239 404 417 -1148 -1630 703 -1216 453 -254 483 -105 -360 66 1096 356 565 336 -218 2214 -11 -292 -385 1007 203 -1123 1316 1148 481 1805 699 -192 -1034 1337 217 435 52 113 -703 -137 -607 -1731 890 -205 -546 46 740 564 584 -1219 341 394 481 858 -184 944 357 -382 -890 1102 -331 -467 345 -321 -110 -477 508 -1234 739 -280 265 -1039 -420 146 1330 -396 727 -784 -1290 175 -872 3 -740 604 795 700 -458 -155 -890 490 671 -680 620 -38 541 -1250 997 -858 461 -505 328 -795 -705 850 -1056 972 657 -523 118 508 -802 -700 130 165 -1687 -57 723 -540 539 6 -1269 757 -769 -450 356 -437 -610 -629 -537 154 -252 -550 -703 666 -210 -228 773 -571 -640 -980 882 205 -235 -74 -437 9 1488 576 -1613 584 -629 -422 1773 -334 592 -53 160 437 23 -766 -725 -605 652 567 1015 -20 -393 -199 -375 1773 -79 -380 -443 1193 1436 752 -989 860 -144 430 -353 -254 196 -512 1119 -245 962 -65 215 -547 -3030 -743 -696 1267 1640 -285 -270 -819 566 -193 -1014 140 545 -923 1140 -155 440 2089 267 58 703 782 497 -335 365 105 -265 -566 1675 845 243 -253 -1216 644 1196 609 418 -468 -1034 -285 577 1307 -488 -1357 416 1116 -81 -39 -433 1191 -957 139 372 1076 -284 750 -648 229 136 -154 -234 -269 -895 572 654 -533 -409 -399 1816 203 1319 -810 -17 325 656 250 707 -955 -18 -370 57 384 -179 920 -878 -439 -328 56 214 -994 -78 -1092 131 170 -235 814 -464 -1338 1239 -1026 334 21 116 -1198 253 -655 182 -257 -920 -405 -829 -634 -907 208 -339 -45 375 -2 -185 821 -273 165 51 1594 817 -460 512 97 -1098 424 332 -859 726 -1522 -280 135 738 -441 -369 -304 -373 609 -650 -94 -232 799 -461 -129 752 938 530 -50 -775 303 -233 -433 -1 107 464 697 504 -206 871 
-929 -43 -382 538 -212 -533 -1080 -1041 759 1437 717 139 23 277 -21 -714 -1413 -100 562 1498 772 -34 -316 -1505 -57 204 1176 576 519 -424 -756 217 1670 -1183 422 -669 -266 -1254 -397 -247 32 456 -211 -1341 -776 -168 718 463 719 -484 -977 131 143 -277 264 -636 118 -1240 1582 327 744 268 59 177 911 -1153 131 807 -94 -1803 579 -179 -338 309 526 -423 -941 448 716 318 516 -129 227 296 -2194 -221 149 800 219 -1600 -19 539 -357 47 -1378 -869 774 -525 326 -480 559 56 88 1781 553 -1330 1097 583 -195 1785 1779 -9 -378 38 623 647 -367 -197 68 127 -570 224 -198 950 -724 151 -1210 -505 -478 999 236 -382 -213 -736 1030 215 185 224 373 -2247 1061 -1054 254 290 -438 -489 -611 -652 916 1366 -522 -376 -1088 1070 1287 -211 -638 1128 635 -84 864 923 364 2140 1197 -87 272 544 -12 1064 277 464 -766 -338 491 -1271 -778 -337 57 428 -89 883 732 1663 -762 -966 223 -485 -1084 -356 727 193 -176 -657 -1029 73 667 -393 -793 142 -1156 -444 -115 647 -478 -931 600 -234 717 -11 518 651 -252 479 659 -350 -306 1857 2087 1595 6 -97 807 251 176 277 -390 840 -1125 840 678 386 -258 264 -52 -103 -1705 204 304 10 -186 -1066 -1399 1075 929 -1844 -106 134 647 -339 -249 963 487 -295 -654 445 629 -136 318 712 -613 -211 -71 481 534 -456 -802 822 90 -307 200 1169 -43 935 939 54 551 138 -280 881 -603 90 288 1062 -56 75 -234 -638 369 472 359 -222 -1280 996 382 1154 -65 -666 78 -423 180 -357 1529 408 -399 208 1673 -449 -477 -233 -63 2068 799 611 325 -818 -396 -193 1293 -469 731 -58 581 -658 638 -1432 -370 598 -772 -118 744 -673 211 1121 366 -1243 -1278 530 1376 -532 -254 -702 527 -930 -663 400 -309 -675 -468 -109 207 344 90 467 574 -624 731 467 -332 180 -599 54 290 -717 -90 -717 334 711 -1326 382 -432 -205 1137 956 -1181 745 555 -96 -203 -923 -15 863 1345 -518 -140 65 -181 -560 265 -610 1128 821 -281 167 743 -215 -149 -682 466 -659 
254 -540 -664 -690 130 -31 399 7 26 941 -53 -1608 384 600 91 1314 -104 491 9 -1147 -1224 -208 814 -596 479 429 -1177 43 -115 -1117 535 -21 338 -918 46 -873 -91 -711 -491 -1026 1160 -1338 1895 -592 706 -690 -220 167 -1113 308 524 262 81 -1151 151 -1058 229 925 644 992 1415 676 -1094 1188 63 453 403 822 1128 -2286 -29 -1243 233 -4 -978 202 322 809 556 166 -617 -1240 -742 276 578 341 -219 570 24 392 246 839 2443 -1287 977 -425 -910 -730 -200 -891 -100 -585 -486 838 1345 861 -638 959 1736 413 618 -71 -62 795 482 959 83 172 -302 -1064 35 428 -240 200 833 -1 -203 45 -770 -572 2030 -79 -932 769 1502 897 -548 -73 -737 199 197 405 -776 501 301 -731 825 21 875 -712 -1309 -142 -978 -103 -848 -239 -115 -250 -333 175 1468 270 -518 -1824 -403 324 455 269 -365 521 1249 225 -1072 858 239 -477 107 -347 942 197 1349 114 -529 -109 -125 -103 987 1084 -669 -265 -391 31 -654 -824 -269 1072 -413 100 922 564 631 1338 -52 -400 -167 296 -426 -707 219 3 -1127 -123 -816 -330 347 634 908 1090 1251 -534 284 -931 586 13 -455 -692 1075 702 -634 362 -54 364 1196 -32 -342 300 280 490 595 -123 1030 -179 -864 -1299 61 -724 -582 374 293 -92 -402 -83 -687 -1814 -294 -554 225 397 -616 -645 1368 -412 -1364 463 40 -167 577 88 -889 -1181 -704 114 -457 271 602 840 -509 696 -146 -149 -890 689 -530 -186 -1091 519 75 -242 -457 -21 881 -54 332 600 1607 -566 1653 -43 -339 452 812 -112 1057 794 835 236 228 -346 1037 62 -1563 54 -124 175 466 -610 -832 -680 1595 -61 -303 303 -22 812 955 -1345 1353 493 -275 276 -199 -545 -262 350 -618 576 327 109 1251 -412 -1346 813 661 907 192 868 214 -415 69 177 -682 -112 11 178 -542 -1140 -35 1798 -228 569 -972 197 -79 651 935 941 -359 160 -1260 367 805 -228 207 1232 -303 -338 -884 -142 346 507 31 1545 -1411 199 -246 200 -950 1261 -152 -720 -258 1206 -1084 -18 90 -272 -1974 -50 -743 -434 
825 1012 116 -51 -555 396 -797 -223 -498 61 584 -192 707 -731 334 -1556 -1005 925 -866 737 -384 392 284 757 -1305 -1629 -515 853 591 -230 1414 137 -443 -655 -1559 856 -722 -1705 25 582 -431 -1287 -368 691 -1462 330 418 -831 1109 736 50 -725 -846 -1043 -640 -740 -270 1818 -398 -219 -593 539 -94 503 -114 -13 -858 56 60 -467 -423 8 1106 349 -913 666 -11 128 989 -337 447 -335 106 -1317 -397 -786 -414 -389 -812 89 -527 -19 313 -383 -618 183 1101 -1160 1340 1008 399 523 -117 -477 -367 -1217 -549 1124 -604 745 589 -469 -1021 -781 -928 -373 -636 1082 -100 -772 188 320 610 304 -360 625 -115 -648 -442 1131 218 710 1140 -609 645 742 -608 879 380 516 -446 852 -660 -334 -365 829 1001 612 -1216 -1021 199 -1989 -574 -1629 617 -89 -909 -448 -260 -48 -156 506 531 -188 133 241 -939 389 146 -538 -686 -275 -1842 -472 -973 -404 -52 -846 -39 1597 -87 -234 -554 -167 -191 456 -471 2085 -783 -237 -1397 394 -654 -358 -310 -685 -659 413 292 -259 -129 695 -942 -634 -272 304 -1127 -253 42 219 1223 490 988 -458 100 250 409 441 883 165 613 339 1713 1843 93 229 -506 -684 -902 358 630 819 371 929 1911 -993 1957 221 -457 -1063 287 1583 937 112 189 -892 82 249 -34 934 1920 664 -964 370 -705 913 -585 -949 -543 97 1244 541 502 556 -641 175 519 -923 -16 -695 1249 202 96 641 598 -242 1111 97 -975 253 940 290 377 -907 507 2559 -1154 -1147 -266 1134 1863 -462 -411 1533 140 -90 -2077 1295 -831 605 -156 276 -26 -508 1796 -595 195 347 1278 -808 605 260 -593 -118 385 -388 869 135 400 31 1012 -427 587 191 -612 -222 -32 307 -1142 -846 -488 1954 -446 -301 415 -116 1221 -235 -419 767 -838 1552 1030 909 751 -1576 738 1441 312 -240 939 -351 -942 951 767 424 -1374 1304 926 -682 457 115 1164 -644 446 785 -314 -234 -208 -1330 3 978 -1826 593 -93 -43 746 -554 470 692 -725 521 326 14 -368 -43 -31 -598 -103 803 -121 303 422 93 -732 -956 436 -285 889 -481 
-600 -308 1610 697 249 -800 -115 920 993 -599 1090 1447 -440 335 151 882 -379 306 -1004 1479 1008 -703 -1627 1295 -1039 522 -303 -2128 1484 -1152 50 -690 1038 738 -94 210 1328 537 -150 -404 -293 -280 -496 524 300 -2167 542 177 -116 372 -536 308 -663 626 -710 194 368 -336 15 424 -19 194 -923 1181 624 -664 15 1650 -1097 -255 -485 579 493 49 70 1573 -868 1006 -37 1345 -16 -566 -195 526 -592 -849 -1854 -181 201 874 318 462 33 156 -565 783 -280 999 325 303 -278 1059 1245 -403 -227 1065 -242 -366 -403 -193 258 -58 -1136 400 231 -849 -784 212 -855 532 -271 -1114 -78 656 1246 989 367 -25 -715 159 -497 -74 1013 180 -712 483 481 633 387 -359 283 1796 1227 898 817 2125 -376 -266 -898 314 -82 88 -430 -160 63 -80 -687 -270 47 224 428 -346 -247 580 310 104 622 423 429 417 719 -615 -229 1001 28 -163 157 344 -675 -30 -44 373 533 -366 -131 -339 311 349 -100 1179 -499 616 -1123 -52 895 37 37 1838 -1028 56 -197 -466 760 67 -252 -402 209 -60 -1015 81 683 -163 836 808 171 -328 -909 -906 627 217 -201 111 -329 -661 778 -275 -1016 616 -628 -162 -762 -1037 -607 573 88 -924 -442 -92 -870 862 55 1337 42 774 391 124 289 -59 -750 -558 -198 -468 222 -150 341 -42 -460 942 308 -538 669 837 204 579 -287 476 -991 -249 1284 423 1105 912 -143 -854 -718 176 857 592 261 -1246 -1264 -653 30 172 -1326 -344 -640 575 889 -1097 -137 -30 -477 222 -649 103 -1582 -868 -730 -541 614 441 1991 -399 -1040 217 -284 594 -178 -627 55 -455 -443 205 360 -1298 99 -582 -27 1393 1365 -1796 949 -570 -897 104 -35 -1061 727 296 -949 589 83 2167 234 175 916 -764 -804 -736 525 299 -343 -300 -378 308 -484 219 1168 -614 1898 21 2018 14 -369 186 674 203 690 606 592 -377 -314 -349 -1946 377 -467 1050 513 -58 223 -349 -235 603 303 -748 -474 -856 99 1106 1241 182 518 -432 -119 -942 -890 800 453 -725 -56 386 163 -351 -1701 -1644 -264 431 119 -412 
-170 -797 898 562 93 556 -1390 -612 61 -261 -299 443 1393 219 -377 274 748 -464 731 202 -230 228 -739 1733 -2012 827 568 -368 129 -454 -232 -947 853 -140 -77 146 -445 586 14 -294 802 1025 -75 -468 -175 64 495 1433 627 91 -558 7 -1049 346 130 -529 914 -1831 75 1777 414 146 -127 -633 324 302 1070 362 -793 611 530 1549 706 -310 -125 -559 -519 423 -1370 -1002 208 -901 267 413 -524 723 565 -199 -44 -400 -233 1351 1278 -247 -509 -488 424 356 737 48 -254 -1165 -777 -400 -46 71 750 646 -436 445 -663 958 -763 630 -603 1435 789 -314 -674 -1131 369 -388 -404 -232 2434 -248 -626 -241 547 -1067 737 -426 -33 -1246 282 -1194 952 -601 531 -1053 -1074 111 47 -363 412 1038 -507 -1337 -37 322 -603 919 340 -876 -656 -943 32 -113 -1246 -904 579 802 -269 247 1130 -34 -175 130 -1368 3 733 -169 1169 536 460 83 -685 472 -1708 941 -89 -190 -574 -1283 233 274 -255 -1211 658 263 244 -295 537 1300 17 23 -1357 -113 -421 1830 -801 1219 -1250 2155 -895 257 -65 -224 340 -60 354 1350 43 -118 -808 -134 508 541 339 -533 761 -171 -950 -284 956 922 68 -1781 -307 -175 -902 1245 812 214 -838 666 77 -126 -599 -1077 -621 577 611 -744 624 -1875 -1222 187 1354 -192 -665 359 -1419 828 2 -700 -1156 936 -49 -127 -6 472 -52 378 398 -108 -116 69 -190 -65 -1233 -474 -946 177 -326 -584 -1003 -604 364 254 -418 -729 -262 1254 726 -1283 50 1078 434 -355 -515 85 292 446 1348 -217 -509 -1988 -1 245 761 -568 390 135 -64 835 -273 1694 -464 -283 979 454 -193 -1481 -45 -848 449 40 195 -314 1118 0 -1221 775 -327 704 -1410 -148 257 438 -558 1153 -695 1389 -1441 -356 1167 -650 3177 165 180 -1142 867 324 -407 408 -302 -285 273 -592 1429 1991 -546 488 81 -1154 902 973 564 361 1720 -451 -560 693 -227 504 -813 -239 -1191 1383 -238 12 527 270 -278 -354 -763 -666 -1049 818 -609 -46 1027 603 -1102 -1057 324 2150 976 -505 237 -148 156 -983 415 522 300 1206 -674 711 
585 598 306 905 723 440 861 446 260 514 -447 -142 -250 -1543 25 250 520 -433 -285 -984 1074 1494 352 40 1069 103 764 -1707 -717 101 -381 -682 -1334 1552 -183 -478 -632 199 -315 1628 355 -39 -1039 1050 -257 433 -2011 234 8 -744 -375 -289 511 390 878 -739 526 1148 917 106 -621 -1532 922 395 157 -52 -613 -229 769 -736 -491 -573 685 1043 551 176 734 -936 1026 458 -1156 -743 297 -593 -559 200 -409 15 1147 1091 212 798 219 -928 374 626 -194 -892 101 265 523 163 -175 662 -1043 1133 -1841 -411 885 157 -496 481 -365 1545 -1462 -290 -221 494 199 166 254 -645 -308 -731 274 627 965 1034 -384 712 -1743 -270 1891 -163 979 -417 -897 -979 1354 258 -179 800 -519 331 1022 -675 894 546 259 -314 -73 -1070 -352 -808 -475 407 -186 -348 -407 311 293 1726 -1423 -441 -753 942 -73 539 83 507 -214 -1360 -391 598 766 -842 215 -572 1069 -359 -634 1340 272 608 -498 -731 441 -1057 181 -906 94 -597 945 1380 -265 51 2224 46 193 -1724 1230 229 234 394 1287 466 1188 751 -8 746 352 -627 431 -140 -753 -221 -759 -1353 -765 -778 491 -712 -208 206 -825 1090 262 -854 -62 -1509 -15 838 1225 -320 836 -57 -381 -836 1860 246 1117 -1001 721 428 -1279 162 1099 654 43 -558 -143 43 -91 -989 -202 -490 -851 -446 28 -540 15 -990 176 -56 -305 379 -138 218 -791 1088 -502 551 416 1236 -30 322 669 -547 1493 -381 -652 171 589 737 1435 -166 -1030 -35 510 -591 -152 -211 -284 -1214 -770 658 223 493 -1147 1124 1139 396 -7 -500 79 -897 1123 780 304 -493 703 105 -355 311 -443 -305 923 463 1063 967 -918 646 526 -368 461 -14 -882 -952 -819 -580 -1202 -521 -176 -812 367 -213 -633 -206 -139 12 -628 1026 -170 -952 -693 189 402 390 -1000 -464 -1600 -702 -1080 388 -461 222 -701 231 -1480 -363 203 -777 -676 736 -1154 -134 -736 1139 -128 -261 530 97 -1022 236 -33 264 92 239 769 -432 147 -1044 267 1195 210 -132 512 -87 -1450 -450 424 -816 427 -1097 -145 176 128 1190 -60 1520 
-1759 -253 991 431 42 -998 -1194 152 311 615 1042 -267 -244 -508 -1545 1068 121 -325 -507 324 148 -130 76 -171 -17 405 1011 338 -370 -970 2320 -609 193 -90 -293 -295 -359 -241 -943 -489 -638 83 102 134 -778 144 695 475 419 162 -631 890 1593 449 402 -107 -46 417 -227 -628 1056 -608 933 -557 -1031 -1163 -591 375 946 -770 275 -1586 -631 779 -1027 -956 -354 311 461 -1437 -374 -1219 1133 -687 -416 -1153 -346 1514 1372 -62 -783 1684 369 509 757 345 1282 -1452 139 -979 -616 47 90 291 234 -465 -330 451 416 744 436 267 310 94 63 -837 -369 -124 -388 -254 395 -694 -682 -1169 -259 176 708 655 -189 868 -1054 -82 409 980 1000 -236 340 697 422 -345 640 -806 -87 -510 425 -1563 729 175 -659 567 468 -621 -874 -474 453 -1227 -286 1313 -271 -187 1222 184 -423 -502 557 -453 500 983 -125 351 136 -606 -564 571 1555 -815 -332 414 1814 92 -1010 -3 -473 222 -857 876 1014 -41 -1589 615 -637 -737 -654 -298 -1100 48 -500 336 -720 647 1137 1830 -242 114 883 -399 -1139 -624 422 320 -197 685 -914 -133 914 -16 646 892 811 298 258 -759 -176 342 -312 437 105 702 1187 -657 929 1142 1273 79 642 -234 -155 455 -254 -700 -1074 -715 -434 300 -1344 -1180 -469 -193 -218 867 905 1298 -323 -282 -358 -362 207 1 -65 -253 -1632 -516 768 -844 1304 -356 209 595 853 1167 -449 -709 1257 -731 -256 462 155 -379 -1289 -447 277 118 -118 -624 -1428 725 333 381 -529 598 198 -72 -305 526 43 62 -492 281 642 155 -802 255 -407 248 -17 -5 469 311 -1214 399 1464 532 -276 -2 -197 822 962 -454 530 1090 -539 722 -288 -138 -471 229 87 -184 -539 -846 -73 -58 -70 -235 -1005 -818 -1336 -424 517 -850 877 298 -1339 -430 333 452 -850 -1499 564 461 -726 502 69 245 152 -2386 -1960 1223 204 -485 -1598 -378 4 -1177 228 1091 -330 1021 494 218 496 181 -1318 -372 387 360 -350 368 350 -213 -409 -275 222 1065 1251 -173 584 -59 -1101 996 -95 -761 -138 197 1 279 624 -783 -233 468 
-955 1247 -1242 -951 -398 334 -79 1281 -350 -210 1282 -528 845 1287 90 1781 546 -613 -24 -1330 899 45 1469 128 -539 -1124 165 -832 157 66 -321 -569 145 -1207 693 314 -318 -159 -789 538 -775 -56 -797 225 188 -605 -23 -39 393 -770 1196 321 385 -896 401 324 -55 -1175 -624 -118 103 1539 310 1096 94 -193 -21 -1017 -552 167 -161 -739 373 -1264 976 -400 252 -1975 203 249 555 -948 -1368 -76 395 -514 760 -61 -559 2230 1174 -480 -255 493 102 -175 -228 -461 -392 616 -208 -1215 1026 1226 -498 -39 -136 -309 -350 -64 1230 -624 2 -231 -29 -100 217 284 -596 -731 -1324 -459 2137 172 29 63 191 552 1063 -1019 -464 -500 705 298 145 -726 -102 1277 21 413 -68 -494 843 197 -1505 -706 -1744 -1283 81 -2560 -1357 -1168 326 250 1006 -34 -352 -1135 1649 -1185 -17 -889 16 1015 867 512 -1167 185 166 368 -244 441 249 27 922 77 284 263 -1838 -169 293 -1252 507 -307 164 323 98 144 123 -302 -728 414 -702 1062 490 -567 -665 38 569 24 -429 -810 1284 396 203 586 485 458 -257 -678 159 -62 101 583 -640 821 -240 264 -287 1092 70 -239 923 1580 985 -410 -77 -348 125 2259 -1164 -626 -787 169 1271 -516 45 -963 1124 123 913 -623 279 -951 419 6 -790 679 407 1101 -96 -1145 -2207 1289 162 64 82 747 1185 377 824 -860 -1077 -965 182 -611 -702 384 -228 123 1030 -780 963 470 -851 47 879 -72 235 -304 426 -894 761 1156 -212 183 -1120 546 762 -163 538 479 542 -106 820 -1196 406 67 213 -626 210 -14 421 1055 -1932 4 -500 187 139 286 545 698 156 1080 701 1077 179 -1308 -738 -623 -839 1307 56 -1044 -124 384 691 -219 -102 -865 324 -587 272 -297 -390 763 -542 -933 82 1104 -209 228 329 144 -1586 -1121 -760 -1533 1199 237 604 470 44 -687 590 777 -2064 -613 -1374 367 88 -540 605 -285 -78 -948 1328 -905 574 -93 580 -1115 -833 1243 -42 -1539 -1085 317 -198 -985 181 236 51 -1131 158 -181 -67 -97 665 -504 9 -281 -616 -612 -223 174 58 -539 1429 57 
-132 336 22 1178 537 -191 -844 -1300 374 2 38 -1342 691 -285 431 79 -173 -543 626 1242 -123 760 -777 -54 -3 231 330 -122 -154 -644 358 -497 1146 313 491 649 -4 355 -461 1108 -406 1074 -585 151 -81 -159 -653 790 1013 -1563 4 -148 -826 -41 348 -701 138 714 -320 -313 1172 345 -338 -551 -217 -887 1435 92 -460 -1346 -173 76 1103 242 -619 -1795 -295 -362 571 245 -58 -81 117 289 623 -282 -443 715 -1303 -1133 -102 97 -829 -450 -948 495 -448 503 -168 543 -142 -89 -615 260 2 -113 1156 1028 -1111 -1224 -22 937 -1294 1362 134 944 430 -698 -681 135 221 -93 -718 1354 -356 -184 -2104 -875 -122 470 1118 72 229 357 643 -130 16 528 27 -620 -978 -948 -827 1031 -438 -1354 535 -1405 -160 777 -2 380 -427 983 -220 -979 -567 -1318 418 -1399 -810 1584 -438 -1390 300 1161 499 -848 -835 -581 -904 -270 -662 776 -414 -2200 -482 -137 941 -705 343 1674 232 718 -2440 407 305 382 487 821 -442 391 -531 302 828 -661 177 82 -526 344 931 -1361 -1850 251 442 -1819 -478 654 -103 -152 -9 83 -379 996 225 -1427 -1270 948 590 744 402 -29 -1134 235 1312 -204 -447 201 -442 -581 170 78 -821 -1110 -261 139 -403 -230 -525 1759 367 -1484 -809 -796 -495 -363 -458 -1165 -220 -840 -1350 -85 -975 37 489 -219 -249 -274 -195 -128 -976 -866 216 541 -792 873 -75 642 -580 -117 -1033 633 78 1072 68 672 57 -1028 509 158 877 502 978 -1037 1306 -27 604 400 -12 -66 1133 -719 842 298 -340 -229 -684 363 -38 141 -554 16 289 1967 478 -33 301 -96 -108 564 802 1269 -429 382 -288 -1015 1145 -227 -693 137 -793 -1375 900 1024 -625 434 -916 1004 245 -601 1284 881 -511 214 43 -1727 -1645 50 917 659 246 -199 -940 -351 -775 353 944 252 -1515 39 -506 170 227 -488 200 89 -272 -741 365 -414 1420 1018 -171 -436 1689 1781 -9 -1197 46 -477 1683 -380 -191 83 -454 757 893 1166 621 304 135 498 841 1377 -596 -359 -202 207 67 -322 -586 -639 614 -1244 812 1153 -331 323 -806 -543 
-257 -1477 -729 -903 -490 601 1085 441 267 752 -548 1206 -2112 264 -671 76 -406 68 259 -165 -1205 -21 47 593 -1608 -96 327 1322 -259 688 733 -1123 -447 -1485 811 -1076 -544 -176 -9 -179 -2 181 645 577 87 1307 -1021 -145 -445 -713 925 -234 -294 947 -639 620 -959 992 -874 358 -249 560 219 172 -43 -923 -653 310 769 433 -115 608 -1541 -115 -44 1223 -273 224 934 -203 -95 -39 1 -165 -1594 393 -501 1184 1914 -446 -377 -1987 740 162 1513 -444 -35 -288 67 -905 1091 281 681 -678 -846 -150 1025 -226 18 -247 -110 70 16 338 -1583 1039 1901 193 -382 821 567 -1295 -143 -821 -1144 402 1441 -411 282 -295 -575 -1005 481 585 553 -1078 1158 -74 -1134 807 -554 -269 -1521 -703 923 -585 -534 616 1557 -172 937 -61 237 1447 238 570 730 65 0 58 1090 123 -488 616 629 -1062 -597 -1062 -976 375 516 923 -345 -1461 1045 -286 77 -964 1009 1431 321 442 -298 -192 -138 -234 518 -1153 682 1017 89 -1047 -577 -1325 -648 -569 1712 1567 844 1715 790 -118 46 117 -1318 636 1384 1120 931 -983 -31 1073 -538 193 -43 587 698 1074 775 172 -1617 -207 280 -1963 -1384 846 51 -276 154 563 457 -334 131 -852 533 237 -233 -257 -1181 -134 1103 86 1835 178 418 1263 -13 13 1052 935 -887 364 176 307 373 413 -571 111 -356 -780 -1058 -373 872 -851 1381 322 -738 -598 -449 -433 -329 266 -831 1239 -169 1395 295 100 438 -1190 -824 671 -614 265 20 -499 -436 -123 106 848 -750 418 -239 -772 957 683 -472 -581 -962 409 196 339 -488 431 725 130 279 665 -23 166 72 1356 705 -4 -1247 35 -1724 -1541 352 -141 738 -106 -226 -728 763 -1652 1504 -574 419 -20 1327 651 1097 854 -910 -415 -363 480 1329 89 -559 -389 -423 -195 -322 724 49 -290 -184 851 933 57 397 -448 -18 -1435 1469 -338 -956 725 880 -566 64 900 7 -308 -279 -396 396 -341 257 -296 172 -1317 56 -1032 851 -1324 -788 490 2094 -1114 952 763 360 873 1045 -282 -423 316 566 -605 -238 399 1398 -583 -709 481 -297 1010 
-221 297 -47 -381 1268 724 738 -250 107 -1174 -219 -1 225 1644 1501 148 617 825 115 -1424 155 223 1241 -341 641 -1818 -416 652 35 201 1421 1179 306 346 -217 -501 271 807 -94 1019 -1060 -290 320 -304 57 279 466 -806 248 823 408 959 361 238 640 139 657 24 -38 -77 358 594 309 -804 -1004 -1009 -487 19 299 -366 -704 713 -921 1044 89 -197 547 -1343 54 -307 488 -360 33 -95 46 -589 -1033 -518 -679 336 348 313 -167 -270 -162 870 -778 -2417 -455 961 -282 -1197 661 98 -528 170 526 -1965 649 682 473 239 125 -926 307 -28 -640 -650 -280 -312 1495 773 593 -1188 -122 809 661 273 1159 -332 369 -747 -672 -765 -1256 329 287 224 -212 811 12 821 847 566 1093 -247 -227 -1436 973 440 -767 -136 -544 277 -1221 -364 700 -968 683 68 -174 378 -1230 -752 621 385 426 -40 600 340 -468 232 956 -184 -698 548 239 -419 -225 -1789 1042 -390 198 -10 -236 1773 -1128 -295 981 418 1149 1770 -994 20 -29 917 810 1395 418 -447 253 -824 1228 -1636 183 235 -968 -1546 -644 -681 -466 -1808 706 545 783 -193 240 443 -634 -104 -798 300 2002 -521 1593 472 444 1315 528 -727 -666 -22 -90 -579 -1401 191 -104 651 406 -1065 821 684 419 -865 -446 -496 -771 -116 -909 -555 -570 433 556 -293 556 -615 654 366 -920 1245 497 -913 350 855 -628 -122 -1043 540 344 -1440 1223 -643 116 -537 524 775 520 175 -516 759 791 -102 815 -1300 -864 406 -303 -1106 919 283 117 996 130 519 -988 569 507 -327 208 319 475 939 -48 1652 514 122 -196 140 -338 522 -324 1762 -1532 -156 510 -900 185 1236 -74 -231 62 -581 895 577 -807 730 -63 1412 177 42 421 146 417 -204 -235 148 -506 1247 -603 778 675 737 615 581 -1596 829 -1108 778 -781 -485 -940 -757 -597 -691 252 48 383 -1233 647 -131 363 334 -187 -204 468 287 204 157 765 -1065 322 1171 496 -750 298 297 778 -824 42 -407 563 153 290 -793 1127 1369 468 554 566 -995 -1054 -220 -733 -277 662 -113 1485 -23 -189 -1523 
-298 -708 -50 -1052 466 939 100 184 -1080 -252 -581 436 -165 -529 -650 -195 -1152 -780 -526 -686 -1435 -18 -1010 -1538 -223 -632 836 -335 37 608 733 152 -708 204 -891 -694 -69 18 -826 -392 905 422 1193 850 144 344 317 33 -929 1837 238 165 -763 -33 -357 874 1151 447 1296 -578 -932 -588 584 -728 -725 -364 511 1882 -20 -212 927 590 -233 -522 41 570 152 -89 -310 -984 -1014 -440 504 -184 2275 2288 -387 601 1526 508 630 412 -626 439 -707 966 -24 837 1312 773 -1257 329 75 -499 55 -381 68 -1291 -549 -378 -1462 -452 319 -738 1366 -761 -1233 874 -1221 -569 -110 1698 -607 -528 1906 -346 -452 275 200 357 -537 -796 300 -215 -158 895 -774 -293 28 -776 122 -1029 -607 -625 308 -449 -746 -1256 1481 -254 1432 -283 -376 -370 364 1796 -133 -364 151 -390 382 187 -161 -683 -1579 416 -318 596 -66 619 -979 -196 -313 1454 -684 1055 17 -580 -542 -134 -797 1256 -517 1385 58 379 -239 144 59 -662 304 922 -1638 -1097 -955 338 -465 -597 -501 -84 347 -317 -154 -591 -127 -1178 387 -870 -100 1003 -462 933 473 645 -203 492 126 1211 -543 -1373 488 -385 1022 -316 911 -713 1048 323 1870 -1558 1282 -128 -365 885 -1030 -819 1398 162 1311 1070 -1241 -392 239 438 -102 776 -122 -493 -33 190 -581 -1367 1163 527 424 561 89 655 -773 -369 411 -222 -82 132 -1194 826 1526 887 -776 -625 508 890 -520 -1049 -1478 -1187 100 1588 -816 -283 -532 -702 1307 -481 -243 -673 574 118 422 -289 628 2174 -372 -304 -250 426 515 1282 -918 697 420 200 -112 -872 -208 -527 -77 -941 767 1107 -640 -801 282 -656 384 -1 -662 -148 -315 -966 -532 -459 235 -539 330 -285 1235 -445 204 -3 -129 -1935 -1906 -293 666 1844 643 59 -231 -670 -996 -1551 -1488 -225 -147 64 326 517 932 220 -30 -747 1295 -726 8 -590 742 -170 -483 909 607 557 -903 1319 -45 -524 568 134 -406 36 -1584 305 -645 -723 -634 -634 -436 435 -159 -49 -341 162 -1269 615 -310 -905 745 -354 -69 84 -214 536 -127 9 536 1110 135 -1190 -300 1357 
-543 -372 455 -104 -770 -77 -180 353 498 -1511 -969 179 944 680 230 -708 221 675 -136 1031 -124 -143 -939 -485 1569 452 116 712 -142 17 166 -462 -14 364 1188 -530 -242 -45 59 1171 -215 752 -1843 426 -152 2 435 -1501 -697 -980 549 -1210 -571 1441 -1252 233 -1059 -310 6 -743 697 -594 284 931 -929 118 -22 -398 91 -659 -66 1193 -1101 762 -398 -886 319 689 153 -636 -896 -526 -395 519 414 529 349 -29 777 1301 789 470 -402 182 -1043 -564 -864 920 -199 1010 -1209 -327 89 -762 511 -727 933 -180 534 1758 849 347 -164 -37 92 469 -537 369 282 -35 954 496 -503 530 -469 -152 -480 626 -102 -682 361 898 63 1842 296 11 -550 689 -1461 -288 -239 -738 204 -979 354 -1203 -2 300 -152 1001 674 -1351 -78 962 -1366 -1843 269 232 600 -744 226 439 -814 -62 -369 182 -56 -1016 -303 917 298 -1090 -698 519 -271 -336 -484 592 816 -697 -771 -323 260 -197 -749 56 -732 -316 1101 -1154 884 -1189 -217 -1036 1426 -1238 199 89 -261 546 1033 933 -26 659 -242 -469 -1023 236 -150 -683 1788 351 518 342 759 -85 -503 1077 1142 1024 848 -766 172 -1265 -230 -352 759 1277 161 322 996 1035 885 -133 -968 825 991 1082 803 -137 91 -583 -1026 291 165 -87 -708 -44 -825 -244 -351 375 1204 689 -414 209 -140 94 -113 457 -178 211 -858 -1088 -338 578 -574 -212 824 -355 483 -12 93 -442 -475 359 -65 -420 -407 405 808 227 187 -303 1521 364 275 637 1065 344 973 -79 73 707 -588 530 -777 1167 -597 1647 -152 804 177 1305 170 654 -918 1290 -1113 -302 -48 -320 1044 -599 -1228 -523 -28 449 -705 214 -1014 -1202 1486 921 -88 -125 156 -606 -552 -556 -1055 694 -4 281 -1017 -785 -514 346 607 174 -115 530 457 -714 466 2229 -1209 200 376 159 -369 -477 722 438 1764 741 -209 -248 926 995 -683 -120 26 -1265 -716 -233 1079 -136 46 449 873 -113 -633 -203 -630 325 -1776 452 757 -1174 -418 -252 -165 1132 -115 -781 -390 222 187 -1256 -22 -85 413 -63 -175 493 161 -305 1241 -1136 
1011 -290 -145 -200 -356 -1031 476 733 -260 -597 -417 823 -618 453 -1552 -336 201 -255 -10 -986 370 293 203 -323 -142 691 615 966 1180 -554 -857 -482 246 -128 596 -332 -255 82 -1396 -1157 1404 -348 -699 -716 846 510 -278 -1018 122 -948 -1117 -578 925 -1112 622 1669 -743 361 913 1107 602 -104 375 1282 -367 -1418 702 335 -398 -186 357 142 -809 -178 212 402 345 -1001 152 -1129 811 823 -392 161 -461 465 -716 -647 -505 186 157 -713 -282 94 -174 -780 247 -1066 769 -634 -223 667 -212 512 -377 245 374 -441 -334 -500 932 1051 251 -776 -245 976 579 907 -501 242 -811 -960 624 -148 106 78 873 -422 -250 -594 -87 392 645 373 -1567 11 334 -677 -106 -78 994 -339 -466 -1464 -93 -573 -428 -803 482 491 -549 15 -713 -166 -1126 -311 -608 527 446 -798 -1598 -480 111 -492 1533 734 277 -1043 1141 381 -56 1047 392 -1393 815 1558 -80 667 -90 -56 368 232 917 -444 251 890 -1273 -231 -96 -348 -314 -43 536 -1205 -525 685 638 57 -557 -555 285 1006 896 -863 -684 -811 601 1107 -284 -1489 -333 851 -677 359 -1017 374 677 -316 4 230 -377 88 -515 -69 -1612 -475 -619 -1391 2269 254 532 1749 -648 647 115 48 -376 -665 -22 -1639 -64 460 545 -434 -1187 -216 -329 703 950 -337 163 43 1049 502 1222 1266 773 -247 384 -1180 -28 943 411 691 846 -257 -992 -292 -273 485 -904 -274 -383 264 -242 712 670 -755 -42 -517 538 -369 -265 695 -203 47 266 161 55 -623 223 72 -2106 -335 700 -565 -275 -772 -177 -1103 578 41 262 1209 -834 -821 750 -425 -141 -721 -1436 991 219 706 508 643 -201 -1231 -253 -3 -196 6 265 784 -462 -599 -378 -537 -789 -815 -924 -815 197 -1527 125 72 1132 1010 1501 467 -790 97 567 -262 -275 984 -95 239 127 491 -1004 1333 -432 808 -730 577 1245 318 347 -41 -543 -791 -263 1151 -388 24 312 -908 24 -738 47 -687 1327 -731 1162 618 1099 39 665 -655 -277 552 881 -1569 362 392 220 -398 -213 1185 -374 -859 -604 385 -170 -851 340 -339 133 -41 
-135 -416 -9 -762 -387 -595 22 811 557 -524 -800 185 -677 -128 -1098 -1053 -237 743 129 -2052 -136 -6 1168 21 -854 -811 -260 375 -1024 243 304 56 -214 625 -651 -580 1056 -516 -1049 -627 57 946 -315 -465 -959 -913 1086 180 -1403 -302 1287 880 257 732 -981 391 786 672 -891 350 2 415 -85 -309 217 775 477 -936 673 -869 1408 1171 522 -98 632 251 400 220 -398 -77 1307 146 -736 698 -395 -706 -78 1334 410 -240 -39 -875 94 5 580 -823 -1043 -318 397 231 128 -519 -570 334 811 -634 1370 -21 -297 -270 -687 -537 112 280 171 -1129 275 -215 102 -388 -427 734 2111 -837 -305 483 -1384 -121 393 -210 109 724 391 -395 622 -773 611 1708 204 -878 188 344 155 -1030 357 570 877 442 -255 1694 -703 -990 -99 678 239 609 569 -1030 -1043 545 346 -815 389 -1818 407 -705 491 -142 137 -776 -1428 -256 -1958 -2084 -947 536 784 149 -422 -1131 -1118 -404 1622 -639 -1516 -1770 538 63 51 677 1018 -1247 -1219 353 -17 1507 65 -1451 1015 -1395 -117 922 288 -1516 961 1267 -1251 189 -468 -62 -829 -691 -659 -136 -335 489 -217 186 132 -721 567 1052 1208 -924 317 -172 194 712 -974 -19 -6 1186 -402 102 -726 -158 1258 -1304 501 205 -240 -967 -8 19 575 372 335 97 -800 787 -509 533 -639 -519 518 -829 273 -697 -162 -550 -50 -1211 1083 35 749 -1028 745 876 -571 -93 233 628 469 -99 93 -744 3 -107 511 -47 760 277 -1304 -586 42 392 -133 73 -511 1071 462 -350 167 660 -251 -878 1044 124 -1448 -529 -449 -408 -317 626 81 21 -904 -157 -807 98 385 580 140 -544 165 -804 -1811 -667 273 1257 -354 -398 -14 779 415 561 -432 -76 -344 -143 1469 -826 -160 -1112 -594 -187 -298 842 198 392 -1241 -382 -87 -502 183 -197 117 -317 242 -176 -900 -11 81 -18 979 -1094 329 1846 163 -89 -57 458 -98 -535 67 655 185 -642 138 74 -905 -4 -22 -863 -580 2 -612 836 -225 -385 466 -1377 -318 -864 965 295 -977 4 42 928 -1677 1446 300 -635 -545 834 599 -455 -40 -239 
368 -894 1176 214 -72 -1216 971 1326 -1335 -476 -1358 -295 -629 -682 -373 -1210 576 -747 -67 256 -328 -2091 722 -218 411 341 596 331 -798 699 -318 -345 -732 -994 807 349 -657 -401 -85 -226 -727 137 296 -596 -424 835 894 -220 -838 125 885 105 234 934 172 1080 308 300 -397 559 1528 -1194 736 -372 155 -138 -209 615 -383 -163 -209 -94 288 -330 -423 9 -824 -146 -1712 -227 566 113 -260 -157 1320 283 865 245 456 195 -191 672 258 331 466 -715 295 -518 -40 -480 -563 282 -1141 -2000 269 1258 229 1679 421 -528 348 -737 -213 -1108 569 -235 -480 1116 441 -1614 -210 -517 720 316 11 -772 -663 159 1043 -139 736 57 468 345 -1871 433 431 -174 258 -203 -895 -823 919 -888 -156 1583 -781 779 -719 420 -50 -800 -1376 979 151 760 -1002 -69 1244 528 -161 -555 -42 -73 -133 -920 -124 -1216 297 21 381 1279 -1068 561 -493 486 -313 284 169 494 1090 288 -493 -9 948 -1103 163 224 708 -584 -126 504 441 -383 1480 584 -1023 232 682 -895 -668 828 649 729 -311 -661 -931 -111 1064 1470 -1822 -489 -1028 -1503 -81 1126 369 -129 1356 -354 -461 -122 -695 259 10 1794 2250 -104 267 630 11 882 842 1323 1207 479 196 -78 152 -368 -607 29 -568 -807 1321 -829 -625 -1110 -229 -1129 630 -244 488 173 -1412 -570 45 202 -200 1130 -243 863 1017 1117 393 391 576 -131 -919 -414 -1191 330 362 709 -1177 -1770 -134 236 436 461 -762 451 -273 116 521 -764 948 501 669 -61 -1408 22 -565 780 -232 -313 1179 -127 293 963 580 -924 -687 886 -522 -186 207 98 -61 -87 -205 249 -489 -1582 1314 162 168 1956 -76 -680 1106 159 -724 407 756 568 -118 940 -384 -476 -144 -802 -266 -834 119 -195 373 -207 630 246 -822 -422 719 164 627 993 18 112 -362 -854 -713 380 1033 -120 -103 -582 -767 -51 -353 -501 1003 56 -1143 67 -817 52 1976 16 -388 1041 294 -814 249 128 -1389 655 297 -716 451 333 -543 -555 -285 946 164 84 1211 894 -27 -433 -105 696 335 -643 1 646 -124 224 -517 994 
-734 571 877 -442 -710 1332 -299 1268 -347 625 -2972 691 -45 692 -189 -253 -159 -61 1640 1261 271 -865 -501 -1012 -1262 -1077 -145 1279 -837 70 46 -266 -117 300 -740 -112 578 -1174 -400 1327 -1262 919 -201 -183 103 366 1013 979 -674 -1310 -386 -1193 1341 208 -43 -163 395 973 -1334 449 204 -204 2343 163 27 -81 163 -1178 420 299 -533 289 45 -948 -768 276 524 138 206 -97 40 -1472 -181 535 -649 211 602 953 -267 229 -323 -400 777 -29 752 -265 -401 -1168 465 -996 -393 -249 1745 376 -320 -580 -138 31 -1529 1156 -434 -1177 -882 -768 212 -141 660 -571 536 378 -114 -281 948 495 230 661 -160 -107 -710 102 -597 396 -136 -1452 -269 1199 -207 856 -677 1119 -815 254 -88 -1227 -397 -209 527 1184 -981 -605 462 -8 1034 -706 -614 -148 -571 -181 1255 -661 94 -891 1210 -646 -450 -436 797 -1170 66 -224 -236 128 -128 -578 -103 997 646 -82 -51 661 1048 491 -250 -278 -521 -1216 1196 18 -788 226 -78 -212 -297 342 694 818 150 777 54 229 139 1063 40 -523 370 37 1438 1108 -723 290 59 289 -107 -770 -1309 230 1189 -166 -361 1221 -144 -153 -341 474 -490 805 -1007 263 174 -217 516 -81 1228 609 -162 27 805 -1464 246 -750 877 -639 231 344 -805 281 826 374 -619 -471 282 -615 56 376 255 763 -350 1295 1028 763 -785 -91 -1169 559 511 -776 -60 -34 206 -824 -539 -71 39 384 -862 -634 1924 -320 -645 259 -409 644 -625 -574 1679 1118 -556 -560 -1440 617 -113 -1417 440 203 739 1138 489 933 -12 1899 250 -243 -127 -847 777 -209 -688 414 -1302 480 -937 709 814 216 -23 -859 -518 232 200 134 -776 -705 1378 -699 -520 -327 296 -256 657 -808 -1832 -1019 270 1356 -983 286 -3 838 2091 -739 154 657 75 388 98 -939 -752 -419 -349 -813 1116 -174 -885 -580 1471 281 299 -694 1536 86 -251 564 629 703 -120 -424 -702 -456 -463 28 -177 -95 514 -895 -544 -267 15 -499 -490 278 1381 -2422 -44 885 647 1085 -532 351 603 910 -1440 470 182 477 1141 105 -40 -579 2269 -234 
-319 360 -49 -373 819 -295 -1619 413 576 -27 471 412 1151 634 664 -927 320 -167 272 -135 209 -710 923 -1542 -770 -538 357 770 -150 561 -393 345 -564 464 -255 932 79 239 327 -506 -826 188 96 -551 -545 523 86 -22 -1417 460 313 247 1402 -462 254 650 -1827 -884 -867 17 -440 -1102 1689 505 1084 1464 1186 860 730 1301 257 663 64 217 320 -156 -334 -1168 71 130 -551 396 -218 1492 -690 620 -1281 17 -1143 -1038 845 -151 141 774 890 406 698 253 11 194 461 -935 -90 1059 -327 -618 -52 -851 465 -73 220 773 -454 483 -578 1382 976 -517 -844 571 -1240 -687 197 558 71 -112 487 -87 148 796 980 592 -121 -893 -339 1047 -697 -1100 482 7 467 -1530 795 -214 -914 381 -561 -12 731 129 -169 468 348 -1031 603 -251 -1856 305 309 -300 279 822 -538 -335 -748 -1930 -291 -396 298 -140 -961 -422 1085 860 1136 2278 -368 145 5 452 1014 516 532 1428 279 -44 -349 -544 -955 288 -871 292 668 -14 -364 -1016 -78 -16 -520 1117 -511 301 284 610 -91 -2 1604 -461 1075 -1048 -8 -644 680 -437 620 -96 395 871 1136 -800 -127 183 -1789 1095 -246 388 620 -175 579 1298 178 43 -448 -1225 -128 -88 -995 -629 1450 -1336 563 -272 482 -1417 325 -725 -61 1179 1070 -1053 111 -658 -1431 453 -898 746 -306 7 643 -220 -317 117 -1421 1611 -219 74 -8 -809 -1154 127 -741 -1328 -1102 -98 385 -1562 -1661 771 -379 -293 363 137 -4 606 371 -83 -54 655 331 -1242 796 -562 3 -1065 1543 -368 -1012 681 1707 547 -816 -505 740 -303 -5 -591 366 356 -617 193 915 -154 -457 -807 -425 371 -380 -545 582 -1438 146 -290 721 -27 608 -221 645 1007 -413 1131 154 663 -875 608 39 -1536 674 -122 -170 -164 -688 -1115 1081 676 685 -597 -1576 190 -327 -818 -41 -139 802 645 926 180 -570 -250 -188 318 348 -8 -1454 81 452 662 -483 -884 -1411 275 -1740 -56 -202 -894 1471 -299 125 140 -69 -226 -207 483 -142 901 -1347 -184 -373 293 -139 78 -458 -759 730 828 -639 -352 502 -165 687 567 
-226 59 -670 318 -196 -459 -1037 -145 -747 -478 409 -253 35 82 -376 1160 -1443 317 1665 426 -85 -864 -57 1081 534 -804 1289 -53 473 453 571 -973 -778 -660 -462 -1076 -1271 -326 1026 135 -7 -1274 -252 -1044 922 -512 245 -736 -733 1438 -626 1440 1306 -566 -322 850 -497 239 57 -203 620 1088 482 -200 803 -75 -1543 -194 -326 -229 1969 -1675 -1319 285 -347 -334 -232 264 -89 597 424 112 -508 -277 -1155 372 229 -53 -20 -888 103 659 640 -274 1022 386 -1390 -103 66 -596 -795 -1282 -561 789 165 -823 1005 1177 -136 -163 -28 -837 1091 505 -350 -537 -1273 -5 -465 -897 325 -297 65 -60 -938 -338 365 78 378 847 242 792 -494 -284 -1322 -282 -815 -596 -409 -410 -778 -147 585 -989 -1455 205 -1462 -200 -607 -434 -173 -687 550 223 591 -205 -656 150 365 349 -344 175 187 138 -253 -1300 -1054 -349 -229 1337 1164 -671 -906 535 -113 159 465 668 717 1030 -80 386 204 -50 205 -364 -174 -461 -177 1328 305 -561 298 27 -590 235 474 4 732 456 -644 1102 -211 -294 -280 817 210 -207 1297 -204 -637 424 -144 424 -705 1663 1045 -33 539 -17 445 137 662 175 -452 304 -4 -169 -16 -347 -1146 1427 -169 1209 1133 -250 -408 -224 471 570 -216 767 91 725 1004 -607 -224 -188 1111 730 -30 -1402 -101 -185 1331 249 -1024 -489 673 335 581 -130 -650 624 382 -100 122 688 575 -568 413 -1390 744 93 -592 262 -360 543 328 -433 -519 194 -575 833 69 263 221 104 -20 -286 -868 784 -646 681 449 -692 -620 546 362 -814 535 1434 -894 -126 -884 -311 680 177 355 -127 -140 20 136 267 1161 454 -1404 261 -84 -599 -98 546 -418 767 422 -700 -894 93 -863 1902 1060 767 149 531 -597 90 -1509 -398 857 189 508 639 477 -694 -88 -79 -1234 40 -636 -721 637 -798 1025 -23 789 -1177 252 -152 96 860 -1035 -103 -208 -519 497 554 290 -615 -622 911 -123 -335 -766 -252 44 842 1290 -207 -169 -433 809 -270 741 392 -960 1035 303 280 896 -488 -114 -571 -2 -1003 229 -215 -70 774 539 1520 
222 -124 -517 -255 47 1575 -227 -574 50 -597 -996 -205 -1436 -1798 -543 -373 -177 -830 -105 -1491 20 581 312 -4 1663 -309 -268 -427 1121 931 -145 -223 206 338 -819 855 -47 -33 -346 -1741 99 23 -488 -422 -88 1015 349 596 -475 -489 -733 542 -558 -594 -388 951 -382 384 190 645 359 -323 -1271 -540 -688 -357 176 941 -346 -1262 -261 -10 -1235 273 -1529 -524 517 -163 -286 205 -553 564 1771 996 -13 -245 269 568 998 19 121 168 233 356 -102 599 759 985 -88 545 801 -412 -693 -548 1142 -267 524 975 600 -427 -958 -136 621 -274 574 -426 690 259 -324 -182 246 -89 -869 -422 212 -658 3 363 767 -353 9 118 454 -1247 477 138 -172 -611 -272 -35 1627 -1514 -1583 473 -484 544 -19 55 -1134 249 -116 -1172 172 678 974 -1064 1751 -55 -896 452 -761 -674 -527 -148 -618 -271 -533 365 -136 249 -139 484 229 -393 -1221 29 -409 -532 327 1119 -255 59 411 -352 -1483 687 338 790 950 -2044 -401 170 -1066 -261 300 -228 -740 559 -530 -589 225 965 447 165 346 -693 -781 377 -1390 -349 860 -218 -554 -301 -724 -1030 636 282 -926 -831 -29 -306 14 -1086 -106 28 -1908 988 226 400 793 -217 -663 170 962 -793 862 935 344 221 -400 833 1204 142 39 -382 594 785 228 -144 1143 109 -329 -602 -1 -263 -782 74 660 985 126 241 -97 -731 1187 818 436 45 -130 1194 747 -118 167 -224 -54 497 803 278 -1143 -915 1128 25 -138 381 7 872 186 -348 -242 -115 315 -700 67 -1739 401 -77 -70 -1072 65 -1028 -112 -589 -167 311 524 -986 217 -80 579 -264 265 -619 137 -276 -710 -111 468 903 332 -708 -1289 286 -646 518 -581 76 199 1809 70 -2 766 284 193 -50 751 -69 1124 1 564 -585 -1508 -722 -1406 598 554 257 237 -338 259 -746 563 1021 258 -126 663 572 -160 740 173 -444 -373 11 575 -1703 30 373 397 -232 687 -1069 839 720 -341 354 432 -1148 -116 114 1247 180 -239 990 549 -304 59 -817 -452 -615 -35 436 -314 7 659 -144 1089 838 -2284 262 448 -1145 
985 975 -1139 177 -1312 -983 53 80 -334 1923 -246 305 733 630 -198 1372 -465 -94 346 335 867 -337 734 217 -810 1663 475 -1724 994 -390 -606 251 -3 -1136 218 -608 -1345 18 500 361 -277 1000 653 55 -322 -144 407 372 -47 163 -1180 -156 -599 1142 296 -923 -42 511 400 -494 -239 235 910 306 -62 631 875 -147 979 -1404 -379 17 -336 -776 674 101 -438 -716 -586 -623 -140 -262 -798 -1212 962 114 118 104 -1604 -806 -529 -334 -547 1011 -366 350 -308 849 1406 -789 420 513 -919 -192 -791 -788 240 -966 -467 815 -15 676 -222 332 638 -703 211 830 774 -58 -109 -730 601 -249 -375 528 -1253 149 -846 -484 1137 154 256 -93 585 -137 1 361 -617 -507 33 -558 -442 56 -331 -579 122 -639 -153 66 201 722 -253 359 -658 327 88 718 -566 -758 364 610 471 46 -526 526 622 -2 409 -813 1243 -318 77 -290 -892 -470 147 -88 -425 145 -8 -1442 -1704 -173 -203 1533 188 371 -1720 -990 1399 -1621 799 -632 -460 -520 -809 243 -955 883 -852 -1445 -654 -513 874 -379 -5 -639 -156 -525 149 -253 -285 317 100 -181 -652 611 174 1070 122 805 2500 610 651 331 730 -1131 -34 -237 -36 202 -142 -1563 539 1844 -491 -638 189 41 -66 449 -571 509 1429 560 -208 -6 908 -21 -538 -713 -158 226 244 -163 883 639 -338 -449 87 -1141 -169 -999 454 -558 -308 -345 -444 601 364 861 -838 -366 474 518 -386 -308 891 -111 -618 -3 756 506 59 -922 348 1006 -426 805 116 1097 194 572 1135 -946 663 905 -369 -1234 -1025 -485 -204 413 658 270 -101 -257 -680 -421 -398 -2220 183 1365 456 898 213 -293 275 -837 569 -403 -1281 -626 617 -961 -659 -843 609 -236 -200 629 591 130 -484 551 730 -1177 388 -738 2 -1230 1232 44 908 249 520 -52 1252 -682 782 -832 -1486 -465 -1437 262 -790 816 -798 -46 -1708 -544 1146 -250 -104 442 138 -40 339 93 -501 572 617 -1172 -235 538 -129 1590 -270 -1319 -573 -28 -7 108 149 -399 -279 -991 1058 614 529 -333 483 631 439 -630 1705 -192 834 -111 
865 -569 240 1485 1537 -187 -395 205 -978 155 662 166 39 -965 -398 -241 -787 957 -600 959 -219 -160 -300 66 -96 1433 -183 100 -609 1344 -429 461 798 586 -306 -571 565 -296 129 -541 -159 1134 140 388 138 -272 1797 -817 405 -1048 -569 676 242 1642 370 -269 -1188 888 -670 -631 -151 558 -1488 -1382 -476 -8 262 303 -218 843 -291 -508 -438 -205 1004 -290 204 334 -403 390 -535 -1083 1257 -242 316 -548 601 -62 496 42 1027 -942 184 266 -857 1625 227 -413 207 -815 -345 1078 -1070 1165 81 944 -1020 -360 1580 -461 -797 1158 781 207 373 -25 -714 -399 740 -66 363 -663 -341 770 -997 -1112 524 1525 -1579 332 -505 -373 -591 -647 1005 -409 -67 287 -319 20 -227 59 -856 -697 816 399 -968 -1799 43 1372 -400 305 311 785 365 -879 -234 -398 181 -958 -831 579 240 107 800 -268 -155 -1450 -528 -1251 750 490 -1002 1218 -923 659 833 48 793 1005 -1354 699 1085 124 -222 -652 -77 -1200 -457 850 709 -674 1527 1006 276 1188 353 274 929 75 265 -902 -376 1030 543 501 106 100 1292 -664 384 -2188 -457 -254 21 -120 -350 -653 -365 -249 -857 3 158 -776 533 1742 -300 -132 -53 -148 1296 -2139 -1340 -66 -700 -575 616 -225 -501 231 553 -713 -922 -1127 -178 633 341 -406 -584 57 -305 -336 245 -404 1323 1762 -18 -675 468 -163 -168 -1533 790 -575 -1260 454 202 -1626 -375 -124 -1031 195 -693 883 492 9 36 -428 340 1049 -251 -1114 -308 880 -603 -190 1749 -133 -1374 71 -913 713 1130 539 -329 -620 -1077 -1393 776 -2003 -766 -81 207 1144 382 73 -677 -832 66 414 -569 25 -661 1059 -662 -577 316 59 -730 -388 591 1363 -195 -1016 -224 15 -723 -227 863 -260 -182 -79 664 -805 -1055 -349 682 -111 -1258 -200 -520 244 -561 -1120 -571 363 -366 -790 138 107 -1094 668 116 -622 1255 183 324 117 79 -667 -1057 298 -25 49 593 -217 1002 -2173 -109 477 1482 642 -1404 -869 613 922 -64 127 -492 382 1365 -1497 1755 0 -522 -354 -865 599 -935 456 -247 553 -695 -925 458 1103 -71 -299 290 -402 
517 -10 675 1470 -238 -296 -450 1591 -346 683 -753 1398 -201 -632 864 833 -632 477 579 831 -298 -526 -885 94 678 -229 78 -724 -95 -1759 -281 484 922 365 1130 -544 -1340 364 -162 1093 675 354 -13 1020 42 -327 1073 580 859 -95 284 -448 629 -337 -351 979 -431 264 -518 830 1396 -285 505 -307 -710 400 710 -1275 186 52 6 861 827 -190 -986 -1173 232 -857 16 1041 442 -641 -224 29 1519 323 18 907 897 -808 -894 -1284 -259 424 406 315 221 -385 1267 -253 944 -247 -138 -936 145 848 -287 1289 805 572 1234 182 266 -1530 468 569 97 19 -187 28 -1135 -767 179 439 1382 -1229 265 -194 -775 74 470 -1026 -747 221 86 65 1638 -381 420 906 130 1347 -559 -1566 -159 736 1110 -208 799 -318 860 130 -180 -807 410 533 -1026 1077 -648 252 -1184 1213 -61 553 822 356 287 -1022 814 -167 -329 62 632 361 -549 1092 244 1587 520 1001 354 200 -1114 -817 -544 1070 -643 1005 1070 -296 -11 -550 -398 -193 1558 579 -367 440 455 485 -352 -301 -775 1216 -48 -155 -1501 496 214 1470 158 416 -118 480 1097 34 -418 -1504 675 -1079 -296 -219 -1 107 108 415 -930 895 227 -638 -60 123 412 101 1214 78 -271 127 17 338 -221 290 630 412 67 -1763 507 -409 389 -809 1006 -122 -285 -1298 400 1434 -1827 653 -1055 -63 685 -726 439 -2107 -195 -977 357 -571 -163 -1274 -1155 -233 -400 -410 841 628 9 -744 319 101 926 726 -450 327 681 -522 -743 708 692 -345 -1640 -990 766 -179 -962 1190 585 -22 -419 51 -716 -741 570 658 907 282 -1224 1270 -419 -1001 210 1199 482 -1902 -275 8 -4 -535 -279 -482 53 -821 -578 671 -774 711 128 1204 1017 -451 1255 599 96 131 -283 -963 296 -210 646 620 1213 932 897 215 821 576 -826 1034 141 -1122 -313 276 -790 -885 -31 -49 -1139 -319 -4 410 757 -856 -164 423 -1392 651 -296 817 443 711 79 215 -195 964 332 599 -496 -408 63 -317 -59 -46 503 -1209 620 -572 1447 -145 602 -278 -969 -1448 252 -1118 -51 -572 470 -392 -873 -792 
747 -874 -188 96 845 548 -304 -720 471 105 1026 751 -357 -389 -526 249 -1040 -579 975 557 380 745 1509 196 4 -408 -388 179 -273 -835 1202 435 331 276 -868 708 -771 569 702 -629 -242 -935 560 -644 360 364 875 -607 574 865 -1579 -187 -1405 316 -738 1719 246 16 693 1391 -986 -289 -808 -934 246 -171 -120 -200 -893 67 1046 555 662 1148 807 545 -10 -691 -219 -99 -1519 -1271 -322 374 -903 -842 148 339 -355 994 645 576 128 384 -1104 -596 -385 218 -1061 -23 92 971 155 -175 -845 -676 -181 -681 244 371 317 34 -737 -16 548 247 780 -297 -207 -1060 729 748 -1099 1300 1224 -394 -864 226 210 493 151 -1098 58 264 272 -12 -683 -584 -271 266 1256 257 -129 1003 961 -626 -432 -351 -367 1397 116 -1126 -702 100 -971 680 791 -190 -560 -329 660 1051 1376 -397 -74 -317 -438 558 -1189 -546 215 -165 325 -1468 -303 -960 349 481 1140 -568 218 40 397 1074 -416 588 309 1190 249 -35 268 -157 -1787 -1433 -298 -321 -416 -17 -564 308 -229 464 267 -348 256 139 -88 -166 -1600 79 -339 -240 -1243 -568 -281 2054 666 -122 -545 137 207 -558 431 -795 298 -1831 833 -11 259 -405 -152 422 -1285 -419 -81 893 489 1203 -568 353 524 966 1332 262 519 -389 627 -1115 -287 -577 1011 -25 54 727 -1279 -1015 1091 302 -733 802 44 -124 443 -218 -1518 37 925 -24 -406 527 -509 -1728 -449 -235 -300 1645 -561 -786 267 253 500 1121 -341 896 -15 1109 -91 -1043 -645 -590 -187 833 -389 1620 -749 106 -61 316 -604 1836 240 -417 -56 -199 -601 -111 500 -971 541 -234 -1180 -332 -114 185 404 -1149 -190 264 773 670 -751 200 -591 1391 7 -353 1178 720 1111 -331 -1093 66 -1195 219 -279 261 -692 -103 129 327 -1352 187 -599 -235 933 314 1199 -798 922 626 635 -159 -268 29 48 467 522 1170 2291 49 876 -106 -258 643 74 -56 -94 -159 -125 717 -1166 -551 -1016 577 602 946 -927 -302 -713 714 -433 -739 145 -986 -617 501 318 597 -464 82 -364 -941 715 1368 936 -326 979 -217 -981 642 
507 -478 -543 -2042 1297 1615 269 21 1202 830 686 291 349 406 -1256 453 735 597 -774 128 -1106 930 859 36 65 -159 -276 -823 1390 1428 -163 -987 -1122 1473 -925 1163 -81 -518 758 -314 -31 196 1183 -437 7 1129 -665 547 -772 20 -741 -438 301 -762 -453 -1473 20 299 966 1197 -1009 727 -638 895 242 -163 -425 -969 -89 389 -28 365 -126 1191 -6 927 176 -1189 1434 422 -427 11 1252 1176 357 -507 -343 652 -320 714 -182 -283 -737 38 980 18 308 717 -779 -258 578 -1164 405 554 -1345 878 -233 -1680 -263 -467 1201 324 -1740 -331 1053 -253 262 -768 51 381 -445 -522 913 -1207 -800 -976 1173 1138 834 753 -567 -401 -1106 -1250 -872 -775 -98 -585 -463 1533 -529 -279 281 407 -342 -990 879 511 380 158 -46 -1348 68 1416 -75 -977 258 -165 1250 -131 892 270 980 -896 147 -608 96 329 -563 -814 277 -248 -585 -1073 -298 -773 817 -820 491 -962 474 -1169 561 142 -489 -1405 -566 -31 1315 853 -177 610 855 109 67 -88 319 917 -903 -792 819 631 1331 -76 -807 390 264 948 -772 16 581 -957 395 136 516 -331 949 -25 31 492 -849 -301 1451 -300 883 132 253 1408 -263 -229 -638 154 277 -1478 32 72 -292 751 352 -390 523 -964 -423 -607 882 -1292 53 -337 56 -328 -665 380 10 -642 243 970 -641 657 837 277 1871 1 509 362 654 -39 -449 -894 -475 -1162 -824 -266 667 1191 170 856 1376 6 -587 -289 696 1292 280 52 -215 1176 -842 -1508 586 -501 412 -255 -1472 -404 1504 -1038 226 -942 -1453 -59 608 1050 -381 -746 -269 -722 367 265 -372 327 1085 -685 678 -387 -819 -382 77 -139 956 -986 -342 1695 -1129 179 -161 -144 -418 637 178 1455 -864 -173 -35 -1278 -1376 -621 1005 684 -275 -543 -1250 -1865 181 662 -402 -326 1242 -841 -878 296 593 -1224 486 408 323 -525 -323 1407 515 -111 -44 -301 435 197 -467 -1002 -305 -1033 78 -46 261 -96 947 522 -841 579 148 -193 1876 67 57 233 1144 788 466 56 -183 445 -1385 314 106 1041 -892 -79 -292 -751 7 1380 459 -141 
897 -486 992 539 346 -167 -10 -178 1854 -466 -579 178 -359 304 1045 -453 -884 -1116 762 573 -259 -762 -751 -798 -976 36 883 -219 47 -666 505 -228 910 385 172 861 278 -412 -163 488 567 39 310 -649 666 -849 85 629 -64 -226 831 -637 -154 72 352 -251 -931 -480 -1074 -1339 106 1982 871 -806 337 280 153 282 -767 186 -1198 207 164 1097 211 817 406 584 1519 -646 2752 -286 764 281 -728 652 -4 21 256 -1199 653 -12 1914 1106 -930 -1367 -160 255 607 256 1086 -697 220 91 332 635 1499 1400 -203 361 1585 -846 -1714 -555 -54 -382 233 -3 -1338 528 670 616 -1149 -770 -598 -403 256 1070 -207 -215 416 1831 1903 -1247 446 21 1166 -61 1779 308 1149 123 -1410 618 10 -473 452 -282 -260 106 1176 -573 552 -358 2348 -11 756 -331 -181 -556 802 -588 -185 1328 -436 -1328 -518 -1145 172 -445 41 1513 610 1005 -193 -477 805 736 -1823 14 -1263 934 -892 -322 889 157 279 -271 1497 260 -342 1759 -133 8 726 -93 -446 -608 732 -149 283 -1029 372 575 -157 -1078 -613 47 23 672 704 1467 0 1161 -1823 -1050 -353 655 -650 -446 -1553 990 32 603 1654 1654 -926 -1300 -141 -700 -498 -94 966 315 -829 -765 443 -861 -436 1146 453 791 43 -1295 -1223 -786 200 790 -52 277 244 1402 492 285 417 -842 -666 310 -606 243 1562 -209 -2653 539 45 -806 761 128 256 -1283 921 161 -57 -4 10 -529 1343 213 457 580 413 -1303 952 122 -386 -1003 -8 -234 -97 -405 -783 523 1202 -376 -35 314 1314 -862 388 593 286 -1308 106 794 -859 859 -499 14 477 693 536 -1696 102 40 -705 -629 -66 -279 -977 -1292 -14 -1449 634 304 -83 -448 703 -245 -111 708 -712 -402 -16 575 -791 322 1064 831 -505 577 1734 -533 -54 678 -737 -268 357 -140 -956 -295 -183 -1045 777 -444 821 -139 324 -54 -682 255 107 -1202 -466 -690 2283 47 -24 -1047 -96 -271 568 -153 -566 -258 -387 -1549 55 -915 -1252 942 -12 464 490 1290 122 -953 394 116 998 -64 -746 478 -747 423 1234 1069 -428 -314 976 12 
706 -766 1034 -391 -802 -36 -453 -82 53 -167 501 -1319 1601 -102 -1234 -1253 762 1167 -284 1210 1701 -22 867 -639 313 513 -511 203 -546 304 487 460 -739 74 74 -264 -70 247 290 430 -230 428 -293 1129 -661 -19 -67 -899 -74 -873 -210 361 305 541 377 232 -1792 -846 -485 839 704 -561 370 536 -624 -189 -199 -915 322 -520 417 -1268 -671 -93 -1463 -542 542 99 225 -593 -430 -87 -172 -461 518 -1057 -634 273 126 1260 383 2 115 -387 489 378 -561 -599 -1085 99 677 254 437 136 -289 -408 650 1214 396 263 847 -323 920 -488 962 -128 1094 -238 787 -782 -67 -338 624 -278 -1323 589 1352 1010 303 244 605 411 528 930 888 90 94 177 617 -927 -399 -601 -936 764 -384 -294 273 -408 -778 835 -655 -966 322 442 495 568 -345 -254 397 595 -286 147 -834 200 436 -48 -701 -446 309 -379 1017 -9 -1306 4 -410 -473 318 -1495 1595 -438 1241 301 -814 531 -974 376 323 950 -904 1054 -231 962 338 163 -77 -200 102 437 -1038 872 -822 -308 180 1318 -129 1349 210 1275 137 -675 295 342 -721 -572 466 147 1634 -137 281 1200 -406 225 -250 -97 -288 -566 -413 -357 -885 1347 805 1056 161 -117 179 -245 -1339 -434 925 -477 963 124 789 -133 31 1612 847 498 999 -35 1111 595 627 -258 -477 122 -180 -924 -504 -315 -66 320 -305 657 1329 102 764 -569 622 614 1332 283 365 -568 674 -1236 946 895 -782 -1363 1813 571 468 1225 820 -368 798 135 -506 841 484 -1358 -100 227 283 -115 398 244 -1820 -1327 227 1105 -762 499 203 1272 -1444 -264 -938 -508 244 -232 -942 190 -1314 22 998 -199 -392 590 824 107 161 -758 -1065 1334 -567 237 -853 -549 -404 215 732 1079 -851 -703 242 -1077 776 -1113 -404 -1399 301 -400 -187 -675 245 -1233 -1079 619 251 -559 -779 209 -584 -262 -480 893 247 -907 -279 41 -184 -894 536 -496 789 -1056 596 129 -355 66 586 -889 1291 -374 314 792 119 861 -645 -532 117 421 -5 602 -724 -1377 1091 307 574 -202 -54 -940 -1237 -1115 -1331 -319 -389 -228 
-478 -933 78 -1135 -654 440 707 905 -965 372 -540 486 388 1206 1070 -40 -1349 689 -254 -770 692 -18 -593 -672 406 -629 -1832 274 661 340 318 -738 -674 -471 744 350 -456 -963 417 -528 550 -365 -360 -198 -197 -497 -144 -188 36 -673 103 -370 -657 -147 -923 830 -818 -3 102 -1153 1003 139 -1220 197 -1790 -164 -410 2072 721 -1242 410 -1273 223 164 486 588 -460 647 -1057 86 -431 495 481 -198 798 -273 547 -1286 905 116 -1555 1459 -880 -625 -195 469 881 935 -911 -644 -1094 -215 498 -636 1408 566 -308 -800 621 -347 -432 -230 291 -332 401 -302 -669 -340 242 -889 -766 411 13 -1175 735 -734 321 -39 326 -658 643 1359 -606 1051 -15 -92 1272 301 553 14 17 533 -252 -217 -277 -294 120 680 -985 -327 -141 -949 -1514 -478 1512 -620 864 1350 299 67 -672 -1016 -1536 -22 -1104 -1074 -26 -757 1196 931 900 -1019 -749 955 -685 -76 -515 -623 -774 768 -713 1202 -649 -711 230 674 -142 705 -21 -579 609 387 1024 -867 577 449 67 438 -1422 -93 -163 439 683 89 -791 -1242 -521 -310 -44 -957 -1416 816 -281 722 843 927 -200 418 410 -329 -893 -471 14 156 148 -440 -149 46 -1363 -28 245 1499 569 1922 -924 373 -1170 218 -612 -748 -112 -331 -927 672 728 -283 -650 -1221 177 -112 704 -81 -787 -361 855 -1544 -135 -182 -717 -13 774 661 6 -647 -177 381 -559 -820 112 336 -353 -263 -603 -13 190 14 2123 387 917 -775 324 -1306 -733 -650 -679 -147 316 699 1093 -646 283 950 533 1177 -722 -206 370 41 -861 213 502 291 75 638 -266 -84 108 205 -1001 -233 359 832 80 19 1544 687 -1053 554 -797 -657 -279 -89 454 -81 -237 787 -466 823 -42 -962 332 -601 1175 119 -509 -1412 300 -837 1296 -279 -892 414 1481 -51 467 1667 738 23 35 1110 894 142 -568 -617 1343 254 70 358 69 65 545 777 238 -66 -1010 -862 461 -582 -570 690 -1322 -819 284 -559 1069 162 -306 -53 1603 1194 -462 1500 -2019 459 1208 459 -375 -48 1036 484 -810 -85 312 -1799 615 453 -613 52 101 1850 
-1142 -342 642 -218 -353 -1232 -128 621 -373 577 712 561 1262 1180 238 -199 -34 341 -302 -890 604 285 -962 -590 286 1976 -1162 812 -397 -85 -1478 938 -665 -438 -1100 1239 781 -614 389 195 -344 -27 1511 1571 -583 314 468 -138 91 -753 774 183 -156 -1010 -271 -525 1377 -346 -296 570 250 -941 -820 337 309 -593 -1004 -249 -250 -1340 -515 868 206 302 -536 -70 756 -1350 127 42 -549 -2178 905 337 682 749 -365 747 -1279 1175 534 863 -714 168 -106 15 -19 2 -420 905 -96 -324 -911 409 -31 1203 -1734 -970 486 806 407 129 85 125 -905 440 285 125 -794 1168 175 -592 164 -695 -182 -410 657 158 -256 559 -387 568 174 -276 -790 576 937 -131 -574 -214 -103 221 590 775 18 650 147 26 973 -830 1387 555 -907 72 866 7 61 295 -17 834 -79 248 2231 -106 1396 441 920 114 -641 -797 120 600 -215 734 -318 -54 -136 66 -489 -913 372 -274 -559 -358 1160 -281 180 28 1096 1630 -207 810 -87 488 -1181 793 662 -662 178 -453 1208 -329 -367 -1100 -1298 1095 244 401 -932 485 431 -137 483 725 295 -207 50 -523 -455 -110 -1361 639 458 378 933 -293 -541 1177 -550 1171 -1048 -741 -833 -588 -64 -378 -995 -1136 1108 650 -727 -665 785 -178 324 654 71 -326 797 -875 -87 686 640 -570 422 -499 119 187 -1294 301 571 -555 -308 854 -307 -166 741 655 116 -271 -293 1836 -2261 -425 -229 -412 189 -248 -1607 -650 -670 -78 1315 1244 51 -1306 -1019 152 79 2066 -33 763 -1188 970 1157 463 -882 1271 362 87 258 -119 1246 -359 -978 -378 -498 8 -194 380 -84 666 240 -231 458 -1038 -1126 -209 323 119 -251 -1069 1238 244 -360 461 1574 614 163 441 624 -1010 -821 961 -322 -31 980 758 -267 522 -188 -522 773 547 -940 679 1553 -1436 -1483 1695 -303 -15 -805 966 -646 230 386 -372 1159 -869 -275 -49 540 1199 -560 -1686 -1281 440 1057 300 966 507 1360 398 -98 170 -377 593 -166 1199 -950 -58 -1117 -583 667 -423 597 420 -147 35 -685 1284 -867 35 -394 -987 936 -966 1627 506 
211 570 -180 101 -76 -145 275 575 -328 528 -335 392 -289 -100 -405 -458 718 -545 1054 508 -1112 -292 745 -307 -47 -537 455 252 -473 45 792 331 -65 275 453 590 72 -823 110 -701 -371 1553 111 358 477 -88 774 -361 -674 -234 -786 -797 -293 991 -992 229 -740 872 -804 23 -398 727 1367 1200 -618 360 784 -1683 -318 -107 -842 -486 -660 -672 -1043 352 79 371 -446 -203 -16 58 616 -203 286 -459 -221 -1120 291 491 -32 274 -161 775 693 945 564 -442 -129 547 315 482 -131 72 87 -1123 502 1181 -547 -141 636 330 436 101 -1081 34 -874 -89 112 -139 335 -302 776 248 -623 -410 -377 31 1169 -573 -8 -168 -424 -1016 481 364 346 327 -1193 -582 -702 667 -779 681 -1530 1069 824 45 484 -920 46 443 680 -850 74 96 382 113 1579 -1167 -1813 -19 81 952 -744 41 144 188 -257 -231 -1291 -250 -393 -406 1028 -258 -957 -675 -398 422 -384 -435 630 -926 -1007 -1029 1065 418 -977 -802 -1106 76 -1177 -194 516 -202 -1124 728 -675 -422 127 -977 -965 345 165 -1292 -1050 -792 -16 -258 -792 1586 893 -1283 1952 984 -995 278 1792 138 593 -492 -336 553 -1209 -384 -532 336 -951 247 130 -150 -713 837 1416 37 1936 518 -419 -766 674 1186 -568 -835 478 -256 414 763 -267 -39 343 -491 -907 1173 -1322 435 -585 1390 379 -81 353 1099 -43 -661 246 963 200 -225 -607 -202 144 -746 177 -73 832 440 -432 -812 -360 242 -622 -441 -314 -285 -1132 -1021 761 -309 -1079 -190 -26 -1145 -248 638 -577 -356 551 416 -416 53 611 966 -149 -1721 -241 -694 539 1018 -1223 -634 -109 -945 -144 -1045 1180 532 -228 -481 372 -958 293 399 182 740 983 225 343 614 -1157 -1150 287 862 218 78 -584 1447 180 -2068 615 40 371 3 -513 -704 164 -466 -358 160 1741 449 58 984 458 -655 76 -461 27 -61 -412 -156 -278 289 667 -981 401 80 372 499 150 43 -115 602 889 925 -15 176 -250 484 139 215 994 -100 -356 -45 1023 54 -1838 -174 1757 777 -734 -391 96 1411 1158 468 -154 593 36 554 
335 711 -621 128 1125 -569 -965 128 -1163 348 588 -1238 -540 -59 547 -969 -401 1643 409 1278 76 461 -236 550 -1691 76 315 984 -260 752 -23 63 -121 -49 681 -463 336 1273 189 -411 -1705 1299 842 -790 -403 1336 377 12 1254 -492 347 -370 141 613 128 -874 -757 842 186 -561 311 1801 -223 -410 63 -1183 -776 1075 543 -606 987 990 -569 788 -230 -481 1085 -2287 -521 -881 -971 -72 -1523 -1586 81 -63 -168 850 -296 -579 -518 395 13 1797 236 151 -46 1576 -60 287 -1434 -1448 -137 554 -394 -196 278 -939 -1135 317 -32 313 -711 514 270 890 391 513 -1078 -1661 550 890 -305 -348 -1185 -1598 -207 -687 833 -249 262 47 293 -154 986 -38 665 698 -832 493 733 -414 -1434 44 666 1736 766 1108 -138 -175 977 -422 -355 863 -199 333 -366 182 84 -1003 1156 305 -1124 613 -488 -448 437 -1148 -929 1203 -265 -110 -321 460 697 -337 -12 785 -451 -375 516 -779 -1961 -419 203 1246 1107 402 -502 405 1522 941 631 -823 -616 -188 -473 1150 -372 1344 387 -805 -979 -447 508 224 -1259 -74 586 -693 -216 1142 -654 1409 233 1357 404 242 721 994 -1449 554 -236 220 597 -450 92 903 -306 -770 -2213 -533 454 -61 546 -832 -222 662 -362 649 -283 -1154 988 -403 1388 -545 -1661 -847 942 667 -594 471 -228 41 -133 -573 -261 313 164 -269 646 476 710 871 597 190 658 -1408 -148 -567 87 -769 120 -385 201 -98 -585 -911 -137 -614 -256 590 506 -409 63 244 820 432 354 291 -482 86 55 -1179 686 -599 -433 662 4 -1787 458 438 66 522 459 625 503 836 -434 563 428 231 -30 -492 -221 851 -471 -159 -15 -1073 415 -480 889 728 30 505 -132 852 480 371 -398 842 522 173 -773 425 -892 -1165 378 1218 -638 702 -854 -904 -1135 548 -978 -634 310 131 1746 741 -733 -329 1241 505 422 -490 -302 -342 445 -952 15 185 1428 -296 744 -2071 814 165 1180 -406 -1095 -154 574 -288 -151 873 214 -390 -818 -318 112 -57 -510 246 -465 764 -223 74 -937 -959 -16 1091 -149 980 928 -1222 -61 -1338 
381 276 318 -1229 967 117 -946 -710 29 -308 -173 -73 -413 401 -1052 -1707 768 599 1056 131 -1340 188 -151 -1 1372 405 883 634 1000 816 -138 -63 -268 -191 188 378 -823 93 141 288 -305 -664 -81 -710 -58 -158 -647 -761 273 -103 -684 153 133 -484 -855 1614 38 544 -34 208 770 -2411 216 -380 -356 351 -1137 1089 -188 1658 191 -255 172 -104 -741 -374 -415 -279 -1116 -150 -1438 -88 501 -1198 -1315 -1623 -136 -339 720 -372 39 -86 321 -648 84 686 1277 -149 850 -713 1016 469 -458 -422 -59 186 653 -169 341 -430 1053 -1160 1128 -660 -331 551 -827 308 -188 535 487 -798 104 -1427 -258 109 783 1180 -105 -856 -1380 -217 322 373 -1629 462 -1202 -758 927 -446 1916 152 1526 108 -1776 -811 1366 767 1549 -79 358 -886 1020 622 -469 -200 655 1245 1007 646 -496 -379 166 1178 -134 -1643 -1614 1411 -1530 652 -88 117 -394 207 -87 499 -677 60 -231 226 -722 -351 -84 774 -443 -266 839 666 323 -747 -658 335 -126 -418 15 -291 -231 701 -496 -59 821 1017 -62 618 1548 3 -487 -1362 1012 -311 981 680 -752 511 523 -556 499 652 -75 117 -7 -188 931 311 235 879 975 93 621 568 696 1463 1371 711 2298 -33 607 1386 1090 267 -286 -426 -449 672 -350 -260 719 -1336 220 -518 46 -389 290 -440 558 364 -418 -270 -552 13 -481 352 627 -1353 -420 -238 241 -1334 788 200 -513 1152 394 670 753 524 1225 -601 -854 564 -276 876 -254 918 813 -254 541 -1154 -364 10 534 951 732 759 4 2115 -1000 388 -480 128 -671 749 558 1071 -39 -1047 -488 2049 -1044 1120 251 -408 -691 -1225 554 -314 -1238 -199 -352 -1376 -469 93 -129 -491 92 -547 154 163 -76 -1265 -812 -372 -649 -1675 -1116 132 -1 -134 1048 -146 -1366 463 -1053 -786 -863 542 180 1699 344 164 -644 -606 1406 477 -43 398 516 454 960 352 -112 -457 -1345 -353 -116 1928 671 1458 -591 -338 44 9 1661 -205 697 -64 788 -1421 -758 -372 -134 -882 960 245 -24 -307 -31 308 199 587 222 -389 -290 -76 150 922 1307 -1294 1275 1106 
115 -1287 1319 -570 -238 -212 385 34 -677 -121 289 170 -309 -476 -933 -441 -32 608 -61 1163 -872 -727 86 881 -1725 242 647 682 -309 777 633 974 -890 -544 -1024 -966 -143 341 99 230 297 -179 717 691 362 86 1420 -1647 -400 924 1454 70 -965 1023 -345 -740 -188 1177 631 112 -208 445 -426 1381 436 -455 768 -518 243 364 -991 421 1063 -158 -573 82 141 477 -606 -383 -907 475 395 -146 -186 -221 2103 -191 -120 1074 264 586 600 -791 -654 -187 562 406 -1152 376 -915 908 230 -1025 -558 1261 369 155 -243 1260 96 -352 -832 459 893 259 462 432 448 -1067 264 1222 1019 877 -108 319 -512 -490 320 -1360 -1271 92 692 -1220 536 -184 353 -216 -993 -682 -189 -185 1710 275 80 1276 315 161 467 860 -330 -608 -300 232 204 359 448 1414 -511 -251 -334 148 75 676 699 -688 -254 -79 -494 -304 -142 1088 39 -624 -884 -541 1029 279 559 879 444 667 -768 308 968 -261 85 54 -1270 341 359 592 -827 817 -437 723 -516 35 -1328 996 814 -617 4 1101 236 717 1299 38 550 -198 160 -423 -382 138 -119 169 -154 -637 -650 1148 -974 520 161 -221 921 253 378 796 153 169 -700 490 347 573 -7 948 -607 -284 553 -757 405 -284 562 163 737 -300 -382 -599 970 -1187 1469 1245 -637 -835 460 33 688 31 68 830 -140 1 -668 -141 251 1742 -1408 -2045 591 -894 18 203 -653 577 187 46 618 -425 -829 -1051 -119 1747 292 1312 -669 -74 1250 207 59 -351 -1479 -130 -302 437 -1895 -11 -11 -290 -366 324 1021 -1723 668 534 1069 36 -660 333 1076 121 -964 -485 888 -1061 693 22 253 -1178 20 -951 461 940 94 -98 -325 1143 293 -113 -299 -1105 -643 -813 460 -252 -135 -460 852 302 438 47 -59 1106 180 -286 597 -376 49 -592 -247 25 834 800 1316 -896 1416 1463 -777 826 648 50 -1168 149 -459 -324 1121 -753 896 -454 107 310 -511 791 887 456 -269 -881 57 71 -168 28 -239 460 311 -1062 -1576 -1021 -1706 -138 449 575 -448 414 489 196 -490 -385 93 -320 452 306 
-53 123 -347 541 -225 465 447 -1014 -210 900 761 -246 825 -267 -1656 -450 -1097 -136 460 -955 294 -342 -953 297 1317 678 -41 738 277 -168 -164 -90 293 889 -1124 582 168 -725 -1099 -292 -398 -208 -311 -50 256 -498 415 1830 170 -692 -1026 -121 -141 841 -1308 684 425 1485 -147 653 835 -1911 -323 760 149 788 384 51 136 -1613 251 899 360 -1251 286 1129 441 1258 -806 213 601 -113 200 -1489 -541 -360 -258 412 -655 -933 -880 -492 -370 -541 -99 500 478 157 942 348 -603 464 -296 -237 -660 -898 1425 13 -559 646 503 124 143 -356 -539 352 -105 -903 814 212 -976 390 -632 1113 1140 -1212 627 132 307 87 183 368 631 102 -1000 492 540 -547 19 -723 -383 -342 -961 313 -252 268 454 5 -256 438 208 342 887 591 333 -69 692 523 -1199 -38 -424 506 -408 -327 -282 -252 959 -764 -2595 336 212 -19 -548 -535 -1003 -1184 4 -414 759 1191 -551 -407 -824 -759 844 -425 -256 -31 -44 -1456 88 -583 -1278 -708 -1526 107 1081 -1691 -679 432 534 -369 195 202 -16 -1271 270 965 97 -716 -671 114 -919 -100 -866 -165 -737 135 -408 -697 -447 -614 791 793 942 1580 203 -313 -35 -1144 -821 1057 -302 220 -231 533 -607 -1394 -409 577 -946 647 -836 -366 -370 13 -385 -144 -807 1503 -412 534 156 611 236 -487 -998 419 113 -79 666 -272 1014 -206 375 111 -152 -791 -243 -296 -1078 1708 -304 108 657 -348 961 -1634 -330 362 -276 205 -847 1274 623 -653 201 901 -1579 1126 624 700 310 111 291 1005 783 373 41 -1679 -237 86 2064 -407 -106 220 -533 514 513 1137 -548 473 -138 661 -646 804 -19 -1037 717 774 -512 -1288 -204 546 847 170 123 74 1032 46 705 -57 -591 -678 180 365 2002 -585 -35 612 -56 -215 1150 9 -154 966 320 218 -641 499 59 199 -329 1037 -1235 744 -252 160 291 -507 133 -623 87 393 -1724 115 1040 -773 -397 315 -557 1389 694 14 -1370 127 -417 -747 794 607 -463 704 210 -864 290 437 210 670 -1510 -611 -1066 -632 716 1153 102 903 469 -917 590 564 
731 138 1275 -481 668 -1027 336 -135 1897 -266 -14 -1098 371 -361 53 633 -1078 -14 -70 -292 277 -353 -487 837 668 -196 -1015 -568 -208 -243 1262 206 -142 272 92 1043 -125 -1135 133 598 -352 -416 -886 1385 755 -557 890 466 195 -931 313 1066 31 -682 734 -605 93 478 -813 -1627 153 -1090 -418 602 557 -685 1092 -598 148 -658 -839 -153 566 915 -371 -254 1182 -178 -943 -390 1314 1017 -938 -570 296 -1037 -345 -57 -22 -462 793 514 -886 336 183 -195 -65 -1110 267 366 1080 -1369 426 825 1353 -644 1825 720 -155 -470 1447 1138 -113 -447 -721 30 539 270 292 1075 5 756 1320 1121 -582 325 -412 -878 1469 -1337 470 -2 916 -471 1997 10 -1342 -838 771 -1235 -434 -381 -1089 1034 -234 873 -113 -452 565 -285 -1710 636 -106 -1105 1706 -1292 845 713 -51 -168 -507 338 407 1177 -33 -172 141 144 -322 305 -941 -95 -150 -506 -815 -877 221 408 -685 460 251 650 -919 801 -415 584 282 651 -669 -944 -516 -204 -1170 535 -224 771 -184 -242 60 -795 176 -715 428 -826 404 440 1171 1310 -1063 65 -796 779 443 544 724 -630 -1016 543 -165 586 -471 681 -45 167 469 512 -273 -39 548 -105 -650 790 -249 107 -737 -226 1021 -335 533 -42 -622 452 53 -593 -437 518 395 -207 438 281 417 -584 -727 217 -444 -1350 -262 -113 -565 -729 -24 128 -1596 -1107 1108 -865 456 138 -602 916 858 681 248 -94 528 -45 1199 867 134 -603 608 453 -540 -264 -1078 225 624 453 1111 -884 -1505 58 -272 63 266 -157 737 253 559 7 -250 -1729 -654 235 1115 -760 -537 482 84 -397 -1094 154 -395 1872 1079 -1131 189 1124 1259 34 1169 196 263 797 -409 -638 -796 823 163 89 773 -148 -3 -911 -949 -1025 974 330 1488 92 874 750 198 -424 -1246 -532 5 760 -241 -273 1604 -278 226 -7 314 724 -155 1072 -768 -963 15 1495 -1600 -1139 1022 278 1425 175 -174 71 1160 365 330 -1267 195 -1192 710 1504 -92 148 177 214 -183 424 -463 349 -415 719 795 475 364 411 959 -1258 1291 -1153 -77 -369 663 -192 
-2246 549 382 460 -37 -905 -60 -1427 227 -177 -228 -761 65 -2183 850 -872 770 -1655 -287 15 -500 -186 -823 -466 296 -804 -1784 616 -382 -224 -340 1124 -264 539 -735 674 155 -381 457 507 314 -448 -418 -554 -306 509 -318 412 -31 -1047 2111 652 388 -462 52 -1006 39 -920 -142 413 394 -1234 -1341 -927 651 -607 -761 1071 -618 -597 -159 202 -7 -54 387 -561 41 237 303 -1149 200 -310 124 300 -812 619 1173 70 -189 -360 -275 -3 520 -564 -108 -1562 397 -1310 -551 -520 722 -1438 -584 70 -631 33 -216 566 807 872 139 295 -537 921 332 147 1088 -536 540 586 587 588 495 -282 9 546 540 -965 324 -1273 -1627 -219 -1573 67 -844 34 -166 -543 -1101 376 -873 1279 -1240 -431 -1337 -1182 104 -333 610 -189 78 181 -896 606 587 -189 601 440 -1268 -1033 -1000 114 592 1759 -542 -174 -225 -526 -869 328 -364 -655 108 -315 -467 -295 486 125 -1227 212 1201 411 -694 -376 445 -327 -87 141 1274 667 -98 896 76 -10 217 -1049 154 -537 134 78 92 -1316 -394 554 -813 146 839 -692 -483 145 1176 233 -22 -367 51 -85 -929 1796 711 290 799 -919 -1101 -307 36 1193 87 -332 -192 302 745 -190 -462 -525 739 638 155 -413 340 412 475 -566 -201 -751 1180 -688 -1020 -233 198 -172 -253 1616 69 -281 -738 -794 -491 1464 -1336 930 -1329 613 -334 212 313 -766 589 276 813 955 -703 259 -281 581 550 452 1128 624 -783 -674 -87 572 -246 309 163 -265 -504 -180 -301 1279 625 566 -1013 324 -920 880 -107 519 88 299 -223 138 701 654 785 270 802 -808 331 -1165 184 1912 888 166 250 -669 865 238 -673 -305 621 -126 1436 1284 659 451 387 94 -72 -1452 431 713 -914 -514 -454 -1126 345 305 949 501 906 208 179 1110 38 126 -555 101 -996 1888 564 1105 -153 1777 -43 311 -724 -436 464 -320 316 -25 919 -170 1395 19 -1131 -544 185 1112 1019 -198 473 100 45 -918 -525 -794 115 -750 -740 116 -6 1165 -234 -431 688 1097 -969 18 1668 206 -107 332 -10 -143 426 1008 -180 358 
-1186 949 -458 -493 474 -215 16 1661 -331 -19 -565 -274 -45 128 -761 1732 -261 -393 716 8 -176 1708 -91 1256 -964 864 531 -697 325 -276 -99 -638 -936 15 608 -1011 99 398 -257 1798 -708 -384 49 1016 -22 -304 204 -317 -118 -499 104 7 1045 735 -1157 -895 -549 1289 -340 220 800 -402 1058 1218 275 -891 148 -91 485 -618 -502 -1062 796 -17 -235 -35 -170 -237 -854 661 345 -266 1231 -1310 375 -34 -506 -378 85 -1132 111 863 621 -425 1419 183 -2346 -931 -61 -262 348 -333 79 243 -385 595 1023 748 -1735 943 -306 -812 156 612 -409 -758 -485 1059 -280 -761 877 -1348 -317 553 1049 94 -253 692 -262 888 912 890 1180 518 257 526 1198 -466 9 -110 -1316 312 428 -37 -240 -1205 -636 175 307 818 577 -1236 -843 1032 258 -165 -162 978 61 230 -1034 -504 1118 784 -847 -411 -587 228 -598 782 883 215 903 201 680 -1497 649 -1627 -1357 -587 667 -563 -1038 112 -264 719 282 -884 1088 1048 -207 1743 -349 -1134 321 -338 738 539 -110 -31 -385 -1245 332 -910 -375 -710 1337 149 -528 22 -679 -653 -2 702 273 -758 654 -128 -268 -1029 -60 -394 -250 751 14 835 751 -648 -540 -805 -205 -443 249 1547 425 -757 -674 165 1190 -39 1334 602 -1008 -738 124 -155 -331 83 -817 860 -127 338 -134 -558 838 -508 -319 15 289 672 411 -1031 -512 502 951 -479 186 108 638 -97 459 481 -123 498 -112 332 486 513 1624 50 -962 232 1651 -191 210 133 -587 264 198 696 -793 -78 1208 -908 564 1050 440 -651 102 165 1329 1370 120 -343 -551 794 -591 494 -730 -1137 -131 599 -348 -458 1101 -26 -1180 313 1099 -1566 731 -1100 1200 -338 -174 -158 -529 -186 -381 -553 1269 -496 -142 619 -1288 -289 262 -262 1518 -779 302 1323 -595 -1042 -883 -91 422 -823 874 306 102 -900 231 -1643 354 210 -117 -349 457 -253 -439 -645 1042 2018 -474 -536 324 -48 219 -341 -205 802 -75 -199 409 -571 495 -326 -35 -979 421 806 -1600 961 -127 -67 -909 128 429 -540 52 53 255 211 -925 176 -150 -482 282 1572 
-952 -413 16 1386 -271 -742 -1158 -587 687 938 237 -1283 737 -38 -512 277 84 60 -623 1000 258 645 696 1441 -843 247 885 527 113 -731 373 -544 519 971 -135 -2 1074 -131 -86 -662 -1030 821 274 -749 -78 -79 -324 -26 -82 -41 -166 -519 -396 651 61 330 147 -854 432 920 131 41 -205 44 617 525 -269 905 402 -885 -1166 432 647 -654 -394 330 -363 -196 -657 -603 -155 134 -922 258 -807 -959 -1349 -235 -662 -597 -679 977 244 132 -540 -1043 497 334 -930 78 378 478 -587 21 -459 -210 179 823 -143 -705 284 -198 -453 235 -849 -12 885 -116 -807 1422 93 239 138 -547 -1174 2 460 -987 303 -248 208 -329 -1652 1931 648 1886 -154 126 -387 109 -146 286 -757 -205 274 -49 -996 -686 315 -255 666 16 659 383 558 -1296 -951 707 -387 -326 922 -165 -993 119 1214 -516 -186 758 -2049 63 -262 -1270 598 879 1750 -138 803 830 374 -651 -1423 -410 -143 -993 649 403 -244 -63 1654 840 -887 -846 1192 -966 -418 1206 -741 1628 -293 -222 -756 -1234 -965 261 604 -26 407 -691 992 -818 -537 1242 -510 -970 977 49 27 308 476 36 -523 -1415 -1417 -51 -386 -182 875 -741 -878 -279 -607 465 -1023 -1277 647 -378 545 -1031 -1674 1853 -1380 -241 539 -3 1377 -702 349 -602 -51 -1007 -156 379 395 401 -34 -528 -675 -371 -355 556 -111 580 -125 1392 495 171 -129 -1278 540 217 -396 -763 1118 -612 23 -58 -101 155 279 -1275 -753 329 -893 967 -543 -1366 279 -417 -655 347 270 94 206 535 329 -1098 -1482 -846 1151 459 -1151 -337 -522 219 -372 -329 686 485 -452 224 601 -1638 -372 705 -495 513 1065 -726 -1701 230 -1786 391 -489 778 1070 596 1002 402 569 -176 -874 575 -318 204 618 -2755 -589 -1562 -433 769 678 -1168 -59 293 231 164 1009 251 -1775 235 319 -433 -222 309 -984 -1202 1479 1004 516 -1757 938 -761 -355 -1400 -298 582 -342 -411 -87 1140 -322 -371 790 28 605 -1628 -189 -1131 -565 647 201 -115 -934 267 751 -772 -916 77 -694 197 1068 -708 -861 1522 571 -605 -291 640 1225 -623 
-341 -1257 290 -486 186 1377 66 -1203 725 -137 1074 -1519 320 199 1207 250 -72 233 514 932 719 98 -268 -479 153 532 1010 -1076 -1005 -866 -768 -491 -123 948 157 955 -419 156 616 960 751 -390 112 1284 69 -99 -1026 -896 569 54 -176 -253 3 -679 255 -564 781 -854 1593 -1255 -597 -1000 121 1291 519 670 334 -508 116 666 -9 907 229 -1475 -827 537 -4 565 -962 1236 -4 -363 -722 1035 -472 156 823 -252 -301 -689 -757 75 694 -1008 -159 -451 -1303 934 1171 1130 -1115 294 449 -16 -204 -455 289 928 427 1089 1624 -218 340 168 586 139 -731 -561 -571 1023 14 -1770 241 -1217 -904 -178 -1005 1992 -252 1251 206 733 330 -76 -99 297 -273 -392 -679 328 -559 969 867 -59 -98 -472 857 707 990 -352 383 -396 800 366 784 -869 -392 822 -107 -230 22 997 -137 300 -698 1025 -313 -871 -719 -1559 -892 -47 415 -423 759 -81 -126 493 1138 574 -827 -55 -22 333 577 -1197 -1428 -309 1368 -153 56 1139 1021 -30 -924 248 356 -129 -638 -399 121 15 -104 -269 297 -1095 -662 1214 1347 523 -140 -569 -58 -333 841 -22 -455 -408 -589 -814 155 -1989 1978 109 933 -339 595 10 147 -100 -1007 -731 -483 -12 -535 580 -8 408 991 -1094 345 371 -1302 469 -1923 118 -24 489 -675 586 888 775 -643 189 163 441 -934 -1133 912 677 2045 621 529 -239 709 827 -1524 -782 1295 -1100 -459 939 -167 -815 276 -292 952 655 -595 -854 992 -786 255 534 -286 -212 -317 943 -141 -1324 -721 -1199 277 -1161 237 517 232 -826 -276 -288 297 -224 1166 -492 300 1584 -189 477 889 98 -440 1637 769 -1462 -284 269 985 -399 -108 -645 -1034 456 286 -340 -770 208 -1904 301 915 94 -795 471 921 553 -8 -1180 -846 -99 133 -380 832 -58 1096 226 1190 286 -87 54 -367 -402 -549 -2323 85 40 -67 43 -753 -300 732 1523 -792 -1089 346 196 -435 -319 494 -348 126 -393 1015 1007 738 230 -139 711 -712 369 -728 714 -258 -406 -485 -75 1086 -431 214 -399 192 586 -673 21 -237 755 191 -266 -435 444 -186 -259 
-1237 244 339 479 -215 1126 446 611 -416 -231 -135 -97 53 659 -993 -208 140 -533 -976 -288 496 -786 205 -562 -183 843 -368 -1574 -444 -1054 57 -1426 182 -1263 -294 -105 -258 -481 -916 -1321 -180 -357 941 359 -305 -715 -1413 800 487 235 -728 1065 138 1946 1133 13 1057 826 -722 -2050 1102 1015 477 -7 -358 -249 -1489 504 678 -501 -493 -474 -1781 -445 686 47 -696 -37 -317 296 -81 -1523 295 -816 243 -311 -172 32 -70 1197 1771 411 1492 -304 634 1389 1138 -569 265 1110 -250 -576 -21 -1187 -1285 -1116 -844 -538 -650 2 -23 -1213 -236 -83 531 770 74 -33 -263 172 -91 -557 -22 372 522 -185 1342 -7 -962 -58 331 93 186 -1724 -570 203 1595 -258 244 709 1240 -442 670 1551 275 384 1697 280 -182 217 -17 505 975 -1235 -305 -131 1060 86 901 590 840 -414 267 -1572 -563 -726 36 -693 721 -70 -591 730 -492 434 -737 1376 -351 485 581 -946 158 -1474 37 90 302 -267 417 1173 -16 677 6 -888 -707 301 -598 -674 -583 343 642 -173 -169 -432 240 -949 845 -444 -1192 1550 128 -550 214 -273 -5 535 -598 704 -821 52 206 754 655 -88 1235 -519 -23 -662 -580 -494 -557 -1689 244 -1039 -100 -1017 -525 184 1065 -518 -19 640 294 83 -59 -1138 -564 944 582 -973 -462 -246 680 -485 63 238 -35 96 -120 -1550 1079 -311 293 -516 -309 159 -496 -930 773 -119 53 -1208 581 432 345 -1307 -597 -566 818 -994 612 -636 357 -178 1233 246 -377 -72 -1775 881 1375 -426 -561 -751 -830 323 837 -401 502 431 41 10 206 -800 -734 -388 -1503 -155 595 -1657 -284 -1441 330 724 -185 632 -411 -334 559 -1173 1128 1386 667 53 -263 -263 330 863 -354 -262 -947 569 -1134 -852 -34 -154 247 1132 -202 -938 -964 -687 -501 358 -500 -178 -953 441 666 -618 719 -979 -1056 231 201 -950 -111 196 -357 -853 -342 347 -752 1019 -473 -272 -1333 -1184 255 -1071 -124 858 75 -1056 59 1607 -508 -62 -191 -643 -860 -599 -334 1115 139 -841 433 354 1847 -892 -102 424 -981 -215 -304 -1355 -551 -1232 1275 -784 -629 535 
-330 -997 224 -599 -619 1182 -634 315 261 -1017 -1422 -314 -1207 -14 -591 -178 -524 333 -1269 -1160 -666 -98 -411 -95 935 -1751 1029 519 -682 786 -17 210 1334 -191 985 -399 644 429 1436 -664 741 -575 -1451 -711 1419 331 146 -673 926 5 -264 318 -780 155 849 1093 678 -280 959 1250 259 193 -1174 -232 -347 1461 -647 1601 532 253 -900 -1149 -704 -312 -1071 522 -667 54 -87 164 -718 718 1821 1161 902 126 -339 -764 1037 1428 -540 988 133 317 -199 158 40 1640 645 2278 -872 -11 -645 71 212 747 -652 776 92 717 85 -462 364 525 17 794 -97 2008 -740 -781 -877 -229 -228 -469 -811 -637 360 -405 1481 995 -480 888 1729 -623 -434 939 -76 -274 209 242 1154 -174 -115 289 409 297 -149 -404 291 -29 169 -172 87 20 5 -1241 -1094 967 1317 -298 503 -4 -1674 428 -809 -1605 -407 -1084 365 -180 -426 -408 621 -560 892 -1137 -496 171 -829 749 -724 246 -324 677 -653 1043 -792 -177 16 -241 -904 15 245 -160 354 333 -950 -391 -64 615 -254 697 -79 -290 -160 592 -206 395 441 325 1628 17 -1312 -1619 -521 1585 508 -831 228 714 -828 -581 -324 620 -189 1214 -312 358 -1573 -205 1171 269 -498 477 516 1334 1050 360 -215 -72 939 -290 447 109 722 547 -888 340 173 -111 1567 -41 -872 239 -1279 -443 -1430 -405 1407 -1912 1015 194 -776 -1432 297 -4 -242 819 -692 1354 -668 -797 1041 768 -1450 -21 -159 87 -45 370 -170 -405 -417 377 -188 -463 -378 42 -1036 -800 21 855 -1468 -480 155 -886 508 395 19 1448 -541 -376 986 -1017 307 -1285 722 -758 353 -1127 -201 -80 578 -1554 1000 839 200 22 1757 -92 -916 1382 982 699 -1130 1358 -724 -572 352 -757 471 1005 -2188 -1546 2117 -337 1180 -416 1048 -1956 371 -1462 86 -413 152 550 248 258 620 323 -461 595 859 133 787 -291 -764 1661 -426 514 175 -192 -381 -1172 605 -5 629 99 135 -85 -507 19 36 97 409 -426 -1458 -235 -542 -1053 -209 524 -295 507 -66 232 -373 -783 -1309 423 -1390 -270 236 247 602 -737 923 -915 -62 23 
-410 -297 649 645 -1003 850 429 -203 875 -462 441 -749 630 -144 417 -981 463 -683 -874 -807 84 1289 519 -605 522 -287 -101 -105 423 -103 -223 194 1344 -1031 -85 530 614 883 347 -426 -893 -1245 -286 636 -528 321 968 -782 700 -287 287 -137 189 -1237 -55 -713 -270 -170 556 529 835 -231 -171 1657 1340 555 -990 1264 79 -73 123 218 1453 -1181 1235 238 648 409 265 823 1123 -299 404 -209 1310 -367 -81 -307 255 1331 560 916 898 -809 -644 -750 463 355 -578 297 -270 151 306 289 -107 1862 -1790 117 -407 1011 -931 -1123 -1165 -1453 154 -504 -317 -607 -474 1093 132 -470 99 -56 -1006 -116 881 -1118 634 193 -256 176 282 -143 -345 -619 162 -766 624 622 234 619 63 61 594 -11 -1826 -405 -675 356 602 -1689 38 -141 -330 534 373 175 -9 -1320 381 -319 279 -758 -21 -1689 -283 -919 -12 24 -199 -238 -539 -1181 245 -1389 1696 -51 554 -194 557 -402 767 -905 -279 -47 -1264 502 -81 253 611 717 57 1765 -693 198 -675 -363 -328 -667 -913 583 -102 73 -74 -248 -984 829 -433 -483 138 -404 647 -344 -1163 585 -1784 -1675 228 472 -292 350 907 -154 651 -417 -79 322 -691 472 543 -1062 223 705 -497 216 951 -192 747 -156 -402 464 -1202 -116 -1071 -805 -231 -1364 -1014 1136 101 -206 -43 1227 -438 22 1776 -305 2686 526 251 217 -1329 -1456 -506 129 -539 102 -86 321 -640 1274 -282 219 545 -841 510 71 809 1287 -102 -1007 -9 308 -209 1184 -777 -331 935 92 1213 536 24 729 40 453 -28 55 416 -127 397 -1154 -284 145 -794 -978 711 -201 -916 816 -183 178 -155 1444 -402 -635 470 891 -344 -592 -661 933 656 -261 -760 -941 -180 -214 71 -197 294 -876 -277 1680 369 -30 507 -125 45 711 -115 -179 930 854 395 -244 1064 -407 503 -1661 46 -246 9 426 -478 1193 616 -786 -1040 -125 1595 182 662 -90 -437 -430 -33 36 -630 -2 -591 1246 -926 -307 -21 923 -239 230 -306 -229 -177 -2279 1326 -1008 -131 -1261 -494 995 581 1783 422 -313 725 -734 -911 830 -911 -496 343 1235 
-9 589 823 676 739 311 1508 -157 830 -472 -720 -68 455 -1252 -136 -680 17 -1021 901 -86 -39 -750 198 1369 372 529 523 198 331 973 1208 588 -172 1723 738 -1238 795 533 -402 -843 -257 8 -147 1020 -891 544 402 634 -705 -195 252 166 350 83 700 1281 -387 839 -351 -311 560 -561 151 -1128 -1440 325 726 554 977 352 -279 315 -852 -839 -97 -496 570 -801 1021 408 -217 -536 -321 640 1122 1089 -55 2005 494 -387 -387 -276 -453 977 145 350 79 533 26 -403 461 770 1470 270 -1003 603 1100 -805 1569 -530 935 782 238 1291 357 -481 410 -830 877 1065 -530 -1097 -419 -692 1157 -513 935 490 -112 -165 -26 -533 215 -315 153 479 235 -1322 1255 529 -294 -193 788 557 670 578 106 203 1355 13 -1627 -110 308 836 1927 784 16 -331 1152 27 -274 185 -691 -1824 -181 1110 451 752 -181 1059 -336 1509 -35 4 493 -263 -1096 545 -317 -1207 116 558 -481 330 -766 245 -1069 -255 -598 496 -210 204 -971 481 315 990 -422 955 1934 -363 836 501 777 865 911 455 26 129 362 -29 850 -1957 -275 2236 481 -700 -688 -490 -1072 -302 -78 -629 -862 -391 -556 635 1322 351 902 -455 644 677 27 -891 105 505 457 897 437 90 -1643 -798 -853 -725 -1337 -1884 549 582 -626 168 542 -2052 -64 -626 -515 789 14 -531 -1330 -212 -2 -620 -387 -2 784 -181 743 394 418 1092 -1327 -219 179 -1332 -41 542 -265 244 -257 -503 716 156 321 360 405 -725 977 -1347 1154 -707 -812 -423 -944 -1137 -697 -678 163 -340 -754 431 -219 186 1120 958 908 -429 -231 -214 -59 460 1217 -327 70 -1122 -512 1392 1290 -741 40 164 -94 237 -29 -309 -138 -603 -963 945 -109 647 -451 -477 -13 9 886 -1315 211 590 -1679 -102 76 -240 493 -362 -404 980 -667 62 -644 459 -383 629 123 -457 -120 899 -2281 -792 -1729 -7 -1019 552 -1207 1078 -1334 1815 -967 461 -742 -845 -189 252 -164 584 -308 -260 158 1825 -129 476 232 -551 -216 -584 727 1306 1656 530 -370 13 357 -166 -220 -207 -24 -215 -1326 -543 -199 -809 
1315 -724 -121 299 271 141 -298 524 -812 -885 -1113 -792 -110 -109 -671 -1030 66 -31 -356 682 1008 104 -675 -1070 -387 56 -54 -84 1129 1768 630 589 900 891 -151 653 257 551 53 -857 -1066 1247 739 -563 -1051 436 1541 190 -35 -1050 -851 -417 -157 491 -350 -38 486 -322 -239 -728 514 110 328 -993 -1327 950 -1027 641 -818 22 -383 528 -733 100 156 -407 145 -648 -783 648 717 323 -656 -737 614 443 -87 -627 -410 -29 -440 1356 -562 -696 -579 -318 1329 1269 -84 903 108 -1600 1401 249 -605 447 -130 1347 -608 -166 -1281 -49 -800 183 847 148 -26 158 -297 -1278 -526 590 907 1116 -1132 -118 -867 -737 823 187 454 860 -997 -15 -360 564 624 1447 -483 -77 1365 -1565 1438 257 437 898 568 153 -599 1091 -114 547 607 431 674 220 742 698 313 -313 900 -190 -436 -1946 -436 146 937 -288 44 1046 -768 819 -721 -225 327 -795 1363 -523 680 704 559 -31 572 381 -891 -413 -355 -287 -638 307 1400 -603 -551 962 -651 442 -422 -16 -1428 -157 -328 143 445 -1329 -392 -565 -562 -1078 70 345 -368 -1259 -634 -1097 -1472 -518 1138 -353 -345 416 43 -8 -19 218 1012 349 -475 -1077 181 -1066 -740 -14 -1966 -721 193 264 1199 1244 -269 -1088 -1229 -1123 -339 684 -1971 71 358 -71 -1035 1654 818 -1244 -436 555 244 -783 69 -830 578 -918 664 -175 -490 698 -693 470 26 -893 241 -306 855 1417 588 -1054 -163 -1621 -35 1019 1433 901 666 19 -406 114 234 327 625 83 1502 -378 300 -183 -307 157 165 682 305 -207 889 -115 -461 -69 -163 -379 -80 -211 814 -243 -450 580 -309 -136 1694 -625 688 -18 724 -811 -528 -702 -1253 -462 307 742 275 1658 525 -19 -67 446 468 256 540 79 2003 139 -274 -137 72 789 -162 -730 1071 -123 738 870 52 -1250 -1261 552 2198 -266 -1095 109 709 -341 938 -321 -979 914 778 -220 -133 104 281 86 382 -1534 -463 151 -69 317 216 138 -1939 -315 -563 1180 396 439 960 133 -144 -528 677 -1057 -1519 804 638 1490 -1425 1246 -164 236 -330 -457 -369 -538 133 -1066 
992 525 -150 -109 -110 352 1332 -1136 -64 -637 -776 -293 -1417 489 718 1001 719 149 746 -531 -954 -2 -457 1110 1327 241 -593 11 703 -249 -299 66 939 -434 425 -615 -343 315 180 43 931 -2072 -595 -655 956 -992 -451 364 -90 427 626 40 503 -974 -426 -81 -390 145 676 887 -86 1098 -803 68 410 79 494 -398 147 156 1714 659 1311 -868 114 866 432 -211 383 -975 168 255 -421 1042 -917 -464 -890 292 1023 1378 -223 570 -78 205 857 895 148 208 745 285 -325 757 -608 -939 1165 788 -409 -527 893 464 -140 -767 96 441 215 -33 -707 -93 -351 480 1092 718 -5 -1906 -171 -1466 2134 -1304 1005 -796 378 246 117 684 -1154 -369 -124 -567 -842 -164 263 680 -418 -991 552 -1509 -87 -1109 663 52 -865 117 -425 -358 -134 420 1012 -154 -1640 173 -784 739 -51 462 -385 -280 -127 -1038 -668 2086 140 -1056 1415 331 -529 250 361 -746 -900 558 -59 230 85 -823 935 -579 -1032 -284 295 -1088 -1108 1105 -285 -1146 -227 309 408 -109 -591 -1220 -504 633 164 229 -200 711 -244 497 -1072 175 733 464 -185 943 -148 -626 545 558 186 -1507 -227 -576 928 4 -19 152 -5 362 -651 850 797 705 26 394 231 212 -16 -344 232 1372 236 200 -10 -315 -296 883 -823 229 -37 -522 -1052 483 782 -719 377 -907 -283 -344 -114 -1354 77 1229 -94 -1233 596 42 1082 243 -383 -134 -1271 -166 831 593 218 706 -1353 575 611 109 485 1142 -2282 333 -1050 342 -653 -840 819 -668 82 1288 -5 445 -2002 -1108 309 -1075 65 812 50 -489 1342 -1302 550 1 -747 233 -1677 -328 -1178 -64 -660 -670 -369 1046 -1353 161 -587 -118 -835 459 -1743 1198 -31 -2107 406 129 -101 135 1073 218 19 -651 -395 -15 97 -846 147 180 -234 406 717 1535 685 189 1251 649 674 21 241 -333 636 -945 -313 -1007 -79 -746 280 15 -96 7 420 385 -409 546 -1256 126 444 -848 591 447 -367 -2118 -440 -1803 1308 -735 193 693 1085 -91 522 -321 310 998 -497 454 176 -1483 105 28 979 457 68 1343 109 -612 -90 -71 
-345 812 -1521 288 26 -1394 607 -9 -1445 557 135 23 -601 -550 1190 186 -81 -1023 636 149 947 -509 -493 -795 1133 96 130 576 857 763 739 326 812 -79 -100 -647 -110 41 -2058 295 -101 -614 -392 98 702 -64 88 826 253 -83 231 -1907 982 984 551 -848 -745 120 -594 1024 553 -1655 1433 -300 215 -826 171 297 150 75 -421 1240 -322 -683 -607 -122 795 -876 -707 597 71 159 138 -354 -775 1268 -436 -1268 404 -59 -1561 -798 944 361 246 930 471 -1144 -825 -214 699 576 -110 1056 -1170 1260 -803 234 887 463 -214 -504 1237 -1237 373 -387 -245 -401 -427 -1209 728 -787 475 -458 -641 1126 -290 -578 -332 649 -206 115 222 1568 -628 1309 330 525 1062 377 -1 -1220 -1195 -218 1007 1110 -935 367 -340 -377 -347 597 -779 -1550 -63 -489 0 184 1392 606 -781 96 -292 -511 444 110 857 -248 1132 859 519 941 151 607 -1243 -362 1134 976 120 398 2194 -262 132 668 -766 -226 752 -103 1335 -121 -64 652 -777 -476 565 -459 1352 -178 806 -275 1140 -205 696 -273 563 126 -961 -634 -676 337 -896 1334 -170 -565 -273 -447 -479 410 103 -779 -886 -1356 -1671 40 -231 659 838 -334 878 784 -1003 -294 -756 412 -573 -1014 -606 112 -530 942 343 1064 345 119 1728 -719 -129 40 308 396 430 -680 292 -1398 -602 584 -418 177 -1293 738 -914 406 -103 1778 -1732 33 454 310 1271 -966 -1183 166 374 719 196 -791 490 -114 -1262 1187 -455 290 505 -784 -808 -7 -633 198 126 22 -1917 465 -1 -826 1849 1077 178 637 770 94 -403 -346 -428 -6 -384 864 2015 -882 285 595 -479 1018 -273 481 537 -738 1170 -151 1039 649 1079 164 -23 2 -515 -941 675 291 773 -418 724 1157 504 699 1200 1763 1088 276 -1395 337 1244 367 -646 350 -1621 50 -339 -1004 -633 -498 -1832 552 -540 1348 562 -648 -427 893 -1084 373 -1076 -968 195 -173 1321 -395 -334 220 35 679 1305 -227 -255 -343 264 -967 586 252 644 368 292 507 -4 286 180 -1331 -162 246 -227 -866 703 -195 -83 -248 -230 -912 82 -483 427 -647 
-1264 159 606 -879 -165 36 -985 -297 -1127 156 172 595 267 209 107 303 266 1293 548 -695 -1806 -417 1170 -272 -1433 -274 202 -224 -961 -278 746 573 -921 -1225 -827 254 -884 -669 -748 -778 -886 -755 -1243 1234 641 360 1416 343 1313 1 395 283 1346 -419 438 31 -1250 -185 -283 -412 -80 951 339 -165 -6 -849 -235 45 1084 -79 1209 273 -206 600 626 59 -891 91 -425 -401 -345 -1577 161 645 979 -1097 849 270 1662 894 337 1328 -492 1483 351 -1456 128 1524 524 -312 -2274 -92 -281 -960 -487 124 -1395 -858 -202 -973 538 385 79 -1023 1183 651 396 795 -910 137 767 10 -198 346 -92 -294 -284 83 -746 833 -532 -104 -282 -799 327 46 -563 778 35 934 -441 42 1549 -1641 205 337 -630 293 -514 760 346 -324 -29 -112 -1129 1358 87 76 -736 53 1443 -515 395 -66 1302 -151 -608 -239 -104 -1386 -490 1382 -368 -20 -194 1386 1196 750 -1248 -191 -555 119 74 -555 880 -199 11 -183 -81 692 -600 -287 786 694 -999 86 892 86 170 1282 -68 203 874 331 -1424 -374 -262 1601 69 -9 603 -330 -881 -64 -74 652 816 -64 -45 292 850 160 864 271 -635 151 -574 756 -85 410 875 -366 1630 590 465 133 171 224 439 -1182 230 911 493 1527 -988 410 -376 -323 242 -551 9 1083 579 1230 -536 319 -1308 568 -609 -30 -649 1094 284 -1477 897 -682 -135 966 -331 -158 1015 -567 257 769 -75 -874 -622 70 89 1119 628 7 -988 -877 -555 -275 565 1986 -995 509 -19 -187 51 -117 -743 -1203 -20 800 -1039 370 214 242 105 177 473 -474 -827 448 -412 1241 -775 -269 -450 -785 -1164 -108 -593 -1132 -737 488 -1 -53 -265 -1017 -261 1117 347 -1095 -372 -1023 513 -1093 -646 -2141 -266 -483 325 -2118 1672 -735 -344 199 282 557 1305 451 525 347 -578 824 1359 -546 380 -34 -366 -820 141 -530 637 -720 -1406 430 -1248 587 -246 -312 -985 72 773 -889 -1497 677 -14 -468 158 327 637 -1013 322 -433 1331 -248 205 -40 -109 -789 -250 -195 -479 381 -625 -1489 471 1650 -105 -617 2431 -456 178 608 
87 -529 -625 103 736 -74 -960 -140 -1268 -214 1 212 260 -785 -1058 505 -89 742 741 826 -683 1179 617 1152 -237 491 88 -1546 -723 1399 -649 766 756 -764 44 640 -445 729 271 85 -206 22 -696 -907 1253 28 -148 277 -256 -549 398 -343 -166 910 -121 230 988 -702 -265 -40 -804 -205 -43 -594 755 1240 266 884 -496 -49 -66 766 522 383 -91 317 -308 508 -636 957 -242 -876 -135 491 -675 443 661 302 581 -863 -39 751 1105 1420 289 258 -566 1361 424 -236 905 752 14 767 -126 288 -644 485 352 -309 865 61 495 609 135 304 610 -472 -485 -283 -1120 417 -601 -61 -449 258 -65 -244 280 737 -499 855 723 492 515 120 358 -1016 130 -935 -1129 36 -475 442 591 373 -244 -122 849 163 -89 -6 417 187 315 -414 638 -635 438 288 -16 -320 -189 310 -166 -512 631 -1052 -158 -296 1171 -105 202 837 -1089 543 -980 -447 -1049 613 -289 -345 -1145 710 559 1176 580 -1377 128 -927 -410 -2176 809 60 496 302 2 -151 297 822 1152 -1002 581 222 -1147 438 329 565 176 328 -78 683 204 -685 -1337 -797 -22 -599 398 194 200 -81 151 -385 100 -161 -302 640 754 -654 182 -223 -58 66 -982 -745 -72 1318 -215 -1070 -545 763 112 809 -443 888 247 -533 328 -528 631 -859 -1020 -579 131 -1143 1084 742 428 1211 831 -55 28 -1367 -431 545 274 736 168 1385 848 -194 124 261 -500 426 -236 68 888 875 -321 628 -450 555 367 640 -654 1093 -1900 169 -267 -192 1413 -1147 293 162 -312 575 -443 414 -536 634 -1069 688 -29 764 -640 -69 546 333 -447 -632 1166 -478 372 -1288 -129 192 -487 -1625 -55 -594 274 1806 459 -1256 -1226 -343 2 -51 456 1193 -1421 554 -116 690 937 347 88 160 305 194 597 1414 20 716 374 547 204 -56 468 -1009 -685 1245 1008 624 -580 341 112 -522 -281 -998 310 1232 -354 -1076 191 -763 -6 -619 325 -966 402 -98 -502 -250 136 271 -122 -853 469 -167 -1327 773 -651 -294 414 0 10 -536 -875 -39 354 1999 -757 816 1237 -25 848 901 
-624 226 -136 112 824 46 -396 -702 620 180 96 569 -328 583 -1122 1974 236 -402 1140 920 600 -662 469 75 -513 -779 -221 -1534 -64 -199 233 -684 1808 1232 -192 394 595 166 -571 208 -1136 -325 -641 -45 -696 -3 1295 440 330 1048 1642 507 710 -254 -167 -1078 626 -298 323 -500 172 -280 101 -555 354 -323 -1421 598 -105 219 574 21 838 -438 -800 -747 838 -1320 -17 231 233 372 -1284 -551 -364 373 -5 932 364 -578 288 1232 413 950 -831 -78 51 -380 1011 -165 1015 -921 450 601 631 -1114 660 856 1622 247 244 -293 76 732 1165 470 -468 -741 -23 -175 1654 291 346 66 182 -266 7 -515 1055 -32 555 741 -1132 -946 222 782 -147 -341 1196 -85 714 -340 377 704 21 -671 -1514 -330 -200 420 91 -640 -166 -1133 1353 -841 597 508 -851 626 -87 302 -539 858 -415 -401 228 1603 1280 1315 -583 -303 670 304 706 1032 897 -160 -377 -343 -933 -169 406 149 -603 651 666 31 -1691 -1518 172 -10 -828 -1316 -529 583 123 -641 -742 222 -40 -2295 519 -374 587 -769 -589 -61 962 -263 361 205 230 1601 702 -1661 319 -815 -544 1258 -712 19 -463 -178 -150 350 -303 989 1306 33 -946 -670 103 -559 -785 -478 723 1010 765 172 -142 -503 -107 550 591 99 15 -217 234 -999 -903 -393 508 -1096 -869 256 216 961 711 -278 -481 104 -1102 1099 -873 164 721 520 237 -515 722 -90 -219 450 1302 668 -250 -292 536 693 -625 -871 -374 -684 0 -177 -280 466 1675 -934 -4 -1495 179 277 -518 830 588 933 -15 172 -664 475 211 24 716 816 -114 462 -259 -165 395 -384 -185 1386 -1041 1774 -1779 -989 -358 -692 -159 805 263 333 -766 158 1142 467 -1329 17 356 688 336 -1476 -634 -499 -467 -160 -739 228 -167 32 1144 -297 -92 -156 -243 -1571 -511 522 -465 -386 299 551 491 37 -915 -922 314 -488 -1972 -11 -1043 -537 -761 505 -888 -656 -90 -302 727 217 -516 141 265 131 -43 -848 923 503 1593 216 306 -140 -358 156 -1480 1449 -665 472 481 -151 29 -399 -634 604 34 -364 -249 -260 
-990 679 -96 -136 -910 144 -673 -138 -359 396 630 1100 -565 431 25 -1356 -550 271 892 -1423 5 96 112 356 295 168 29 -607 467 848 -1008 211 -294 300 -611 613 387 -298 -184 122 -1119 -970 -681 -1298 1355 -1025 -615 -693 -243 255 -764 622 116 575 499 -1048 746 -2009 1157 436 93 -114 -1509 435 1016 847 776 -593 1231 -231 -46 301 -975 -424 1500 -563 117 1218 -954 -157 1036 -718 212 -372 -1704 -35 157 -666 331 -1001 -1263 -549 530 -407 -1178 -400 269 509 -859 746 472 -361 -538 -154 1235 -514 467 315 943 375 867 -434 -130 721 865 138 36 25 469 -1905 -216 -413 -2581 640 -20 -399 -743 828 -121 -334 -991 132 138 374 -1634 -728 -470 -1258 -1483 -590 -1632 -354 648 58 343 1097 0 41 -249 -377 1220 -381 148 -805 -646 -1979 -740 236 487 -417 -316 -994 -938 1187 540 793 442 -44 305 -784 678 -779 744 -1048 -189 123 -16 129 -355 -464 -604 -148 1014 -108 -1012 72 -199 -103 150 -1133 -96 376 1186 -604 -422 748 245 134 -861 -39 234 91 388 1315 -1498 530 1027 58 -1479 1182 263 832 2030 -123 -666 -838 471 -745 -275 -830 60 -777 1428 341 -329 1496 -849 -517 -187 444 -498 261 320 1266 933 935 659 740 158 -190 319 -484 -264 -62 958 884 1281 67 134 -537 -1083 277 -22 -442 1210 46 284 -339 -165 1715 -257 1595 -1857 13 -287 -706 763 -882 639 147 -514 201 1086 -250 -124 176 423 1513 -713 1585 -896 -436 -161 739 -161 -273 -281 -744 -100 214 696 47 -1392 -688 -21 -441 -248 -512 -365 -636 1108 -478 479 -906 976 423 1052 445 -738 -960 106 -284 -62 565 775 -429 99 1048 235 -970 772 755 834 -589 607 -37 925 43 946 -235 -91 446 1724 -328 -426 -291 -749 -879 353 -541 -182 865 139 774 -1640 411 679 -750 -145 330 261 811 709 310 477 662 -429 1340 -606 53 769 -283 24 1436 -224 -1140 106 -94 -1229 120 -988 -108 -500 1115 -160 17 -132 -1120 498 -208 1585 -443 -524 2020 369 -563 -308 -1165 -721 -986 -393 -352 -460 -773 137 184 804 1627 262 -260 
-16 1120 608 -152 -53 -80 -152 -205 -206 -920 97 -365 -484 -237 -816 -44 -8 -202 -291 57 254 -727 -104 368 890 -77 690 -30 136 -32 240 -67 -1207 511 -1303 -294 450 -1005 615 609 166 455 547 -1880 -202 567 -956 -530 -38 -40 47 1203 -638 385 1700 -66 398 177 20 625 -469 -600 86 -809 -578 -1018 156 76 -46 375 304 -312 55 -585 -548 609 522 196 938 -805 498 983 209 -554 -407 -2562 760 -18 -131 -1117 -202 278 -464 -1244 388 -136 342 -1115 -80 -848 24 151 938 223 -637 434 974 -1038 -1515 -198 -648 -992 -1144 -758 -203 -660 -555 13 978 627 -593 -352 -464 -1087 296 115 -549 -217 -56 215 -1110 199 130 -880 -2079 230 249 -376 -1043 -686 952 202 1058 551 58 -92 -1651 1009 -91 -330 -636 279 437 688 697 756 207 -443 -26 639 -220 -952 305 -319 -182 -1216 -512 969 -345 -823 1236 -224 958 -539 -230 63 399 -298 709 128 426 -640 -835 -1171 880 -627 209 182 632 64 -12 460 -777 -633 -717 -632 301 331 -8 -1735 1023 583 696 -197 -550 -1112 -202 -659 144 1240 -970 194 166 826 -912 -621 135 664 -447 -305 -874 1387 1278 431 -219 -26 728 546 354 83 -384 1020 -183 981 706 -986 711 418 364 -905 40 1294 -498 -101 677 -1168 -176 441 517 -728 -1152 30 383 -118 445 238 -639 -167 161 -10 -255 -569 710 576 523 -866 255 785 -589 -67 -259 -146 233 679 -714 -502 1638 -449 -575 -601 -46 310 -1254 -1193 -1167 -647 1450 75 466 235 800 -82 -375 -599 -47 -299 353 -705 356 -1037 57 -787 479 349 337 -401 -1680 93 -210 332 243 929 -263 -95 1112 803 -906 -409 318 -602 99 -1290 -245 -1158 79 638 352 -202 308 222 -384 -1133 32 -994 127 395 -127 40 381 1388 94 -832 -322 -508 206 -2173 557 816 -452 198 630 -584 -828 -445 -273 -70 351 -11 1685 -535 82 308 -974 2105 -1638 1244 -890 1198 878 1518 -716 361 199 -708 -173 -492 1018 -1439 717 329 -165 -1004 19 805 -54 -290 1115 -869 -931 -555 -1242 48 -662 1678 613 1027 105 568 699 189 
-456 -921 -628 37 115 577 -996 728 -763 1340 587 -1347 -643 -949 -294 609 -249 381 1297 86 -1834 -675 -97 493 503 -88 211 185 -202 633 52 -135 -1473 -412 125 520 -606 -30 -1241 961 78 202 -535 332 -446 18 -1987 722 -515 -635 486 609 -438 367 -845 -105 -230 129 309 -527 585 315 -695 375 714 -971 741 629 902 -469 -1110 1097 -1214 -1207 -268 -252 331 -623 535 -93 -650 445 -710 267 -261 1550 777 -470 124 111 -185 373 -131 -499 340 1350 605 1078 370 284 459 602 -243 655 -424 399 -154 52 65 433 1524 -645 802 1331 -21 -816 -722 -1285 -143 63 236 -537 -174 -4 293 -163 -191 -859 508 -533 1023 896 -152 415 -446 1296 474 -382 1324 473 -574 384 -1100 -491 -436 458 744 242 321 -595 689 -1166 -224 -5 -1066 -403 788 -308 -536 6 369 514 559 119 -1318 2071 190 -1253 -540 -1698 727 53 -98 681 -535 405 55 -591 365 -404 -12 1057 -274 -714 783 262 497 912 511 624 -539 -950 -439 -78 -650 -964 818 -49 1074 -287 152 -833 102 271 832 -216 -1133 -706 962 -542 -159 -723 259 573 129 706 961 713 -715 -571 1217 651 365 439 -196 76 401 -114 -267 -177 -753 -493 114 -603 111 -764 211 1031 699 -37 545 -472 366 -85 695 1008 433 -169 -113 57 206 -1036 -398 344 268 501 -451 1006 322 -571 293 163 577 -590 -556 91 651 -129 49 -105 289 196 -333 -873 -1779 316 925 -597 -357 798 -1419 691 1789 34 1182 -918 -81 -595 474 656 1068 -791 440 -338 1153 15 -193 364 -1047 -350 678 1735 -45 408 1280 609 -886 788 237 1954 840 -214 -252 997 300 132 -203 -53 1127 -991 435 4 -459 792 -115 -466 -441 44 -497 -981 155 569 634 578 356 -21 -57 -728 426 85 190 -178 63 99 -265 1186 -971 -858 94 -112 757 -990 204 323 -5 -1310 51 -669 876 188 -908 -854 -277 347 1019 -579 -203 -1021 155 56 1988 -830 -685 456 -360 -154 114 546 651 -536 284 -37 468 213 -1012 231 889 355 -690 641 315 180 -255 73 -735 -494 37 98 -51 596 
347 1185 77 -137 1654 577 1756 -253 -958 -327 -205 301 -517 -291 378 -194 373 585 -142 -345 -851 914 -334 167 53 -13 -379 1640 -1628 -431 -273 -255 -223 622 130 -1188 1581 1084 1215 778 -768 867 1995 -35 141 825 305 -27 -1014 -75 -486 302 396 1283 -2398 -92 -571 908 42 -407 -305 -860 1226 -1276 -1055 159 1300 108 37 427 4 1279 -390 507 -377 36 -508 -1012 -1378 156 368 630 -302 -744 1160 -238 -1509 -171 -677 -896 -183 -20 -135 1381 681 -78 -46 62 -780 -111 -788 -536 -1243 -196 -476 -534 -754 433 -1051 -490 -68 -144 870 -798 679 -379 -669 509 857 72 -90 -269 -739 -38 94 -222 -627 672 456 -568 23 -771 -305 -632 434 797 585 -77 -887 963 -191 893 -793 803 -434 174 1674 -863 -280 47 146 -760 1459 475 -741 -844 -721 -935 -640 -1317 -607 622 304 1612 -101 -887 559 1713 243 957 -640 -69 -392 283 185 -677 -629 131 658 1189 -351 500 -316 -629 -971 743 842 -1094 329 429 141 -903 978 606 -62 117 -214 955 -808 1001 167 96 -1084 -264 223 -586 -200 -121 371 794 1396 -1073 773 571 481 747 -1468 -123 201 232 -199 1179 -257 -527 879 899 -99 21 894 -1148 -173 908 -652 -637 875 637 420 973 -260 166 139 892 -400 -582 681 1061 443 -1576 -1749 323 19 -1004 633 -550 -552 452 135 331 229 -1231 66 546 185 -90 -960 26 1094 -963 699 -571 -210 973 338 -268 -676 497 1028 -651 1276 -848 666 171 -717 -961 452 1086 372 401 94 -144 -660 -212 493 793 -22 491 -72 -36 771 -1156 150 108 -159 -1139 236 659 -528 552 235 215 1333 204 -132 -829 -51 -314 -109 161 -305 -227 -641 -901 -499 374 380 -8 -559 1366 -108 1477 148 -213 318 -319 -684 299 -260 -615 -130 -106 945 -1248 -664 170 -1285 -640 -11 569 344 -484 144 -189 180 -329 -496 -1043 -54 -32 -190 -86 989 401 -829 -1240 -168 -166 -33 -651 4 1271 379 -177 572 -60 -1250 598 -142 504 61 -617 39 697 -192 706 -536 -322 -415 77 -880 999 -337 120 42 308 498 150 -55 -170 -1347 -684 
318 863 646 77 262 136 97 1008 210 -2378 -751 -470 990 -559 -594 530 609 -310 -1018 -60 374 -630 1112 -283 -122 120 -134 -399 492 -967 -438 -739 1343 -303 608 -13 -1052 -559 313 622 704 -545 1123 795 1227 45 -193 1140 333 -648 -94 25 -99 61 -532 -633 125 -678 -673 857 521 -1596 -265 465 -745 -940 614 228 -274 -663 -938 -186 -569 -1188 1255 286 -40 -2072 560 -279 202 197 609 -421 983 724 1164 -1164 334 -151 -335 734 -352 -656 -278 -253 1180 -1339 -139 1280 442 821 -1544 1686 151 1066 -38 -1611 1051 329 610 263 1335 1084 996 -346 -982 1556 1157 180 308 883 -89 907 -94 72 836 492 1426 357 20 807 -408 -42 -12 1020 445 206 -50 -203 -495 -1661 -1023 -211 1152 1150 207 -716 -703 383 -1167 166 -856 301 -973 486 233 1179 -203 -114 -838 722 -808 -298 -725 580 -993 569 813 2193 -243 1499 -34 1023 798 461 1592 -145 -569 -415 -967 -740 -237 -502 946 -127 616 -818 -202 -12 -745 -2058 53 198 -871 -129 196 1633 773 -1435 -326 14 -1165 452 -1063 17 381 923 554 -223 -135 -537 -1095 484 1112 276 180 615 -61 -1685 -245 413 476 -1335 -218 -1251 1139 514 921 615 -577 -652 -145 -134 246 567 -481 -342 -690 926 -764 693 -411 656 1004 722 761 -236 -1472 405 -87 -840 1589 -13 -705 897 -1291 53 -656 -159 -251 183 -772 309 -607 247 953 -134 -305 -35 -418 -853 -833 227 -288 -715 802 -1152 -56 902 69 -634 -363 -891 -475 12 728 -986 240 24 136 558 -461 -1090 320 -283 -321 1141 279 -1780 -799 -341 -768 -72 -950 1018 -487 1149 -1033 -1068 -658 -585 -120 965 -467 -1609 16 1724 1913 384 -345 375 -375 38 -105 399 -644 -839 -1099 -519 767 239 -128 -115 -904 -242 1226 -221 529 -751 -195 -19 -507 744 -280 1114 -566 -1303 684 -189 706 -668 -24 -897 1488 -254 1152 -47 -357 -33 -35 824 991 -1560 -146 -1159 332 1150 746 -555 82 -10 34 -579 -1648 129 956 1744 426 -553 767 1472 4 74 -400 -771 -1115 -623 -965 -131 -352 -762 167 1804 13 1238 889 -896 -1137 469 
-436 292 -311 1170 517 7 1459 -77 744 463 -315 -1021 -473 302 992 -57 570 158 1289 124 -186 609 -177 -163 1657 -281 -678 -147 480 242 876 -877 385 -572 1046 182 -339 236 -832 820 252 31 -176 1177 703 -1426 -790 -153 305 302 686 -673 990 -256 1044 -62 -888 1220 573 -847 -296 -1036 323 -722 -87 -568 514 -298 290 828 -100 -724 -805 -1026 -1181 93 100 -84 -430 -637 -17 -375 -104 85 126 101 -350 1087 729 791 227 -1014 -765 371 993 1173 -369 -83 705 1484 830 -317 516 -420 1182 -1678 -175 -1743 1069 697 -314 -150 407 850 1813 569 -1206 -42 -415 588 1113 731 -652 -529 -1579 1164 -696 12 -43 -657 -912 0 -67 -298 -965 305 -1509 -13 929 -585 194 -460 1077 -639 -1067 -518 -578 -917 1190 223 -111 81 -1011 24 -755 682 1108 1332 751 339 -1314 -4 520 607 20 671 421 -130 253 879 -922 -438 -72 458 -215 538 -527 463 -432 -11 945 919 330 -687 -1354 -4 30 -207 91 -408 322 1055 -392 566 -1845 529 -241 -732 -911 -1421 317 126 420 -345 179 -285 254 418 604 -270 170 -183 1487 518 1111 -1834 -328 1165 424 1726 -1052 854 605 484 156 1185 1386 1503 328 803 266 740 -1230 26 -701 -1646 382 736 -166 279 177 1384 -816 27 1181 -234 453 -349 1549 -1064 -709 74 310 623 1315 94 920 697 -503 -404 -387 263 -609 -1634 988 -487 -989 1062 373 -351 318 773 1506 317 1230 292 972 323 -380 123 -375 -302 -476 -573 -91 702 368 -226 715 186 985 387 -175 -467 -134 -16 -808 313 193 388 -27 -148 77 690 0 -211 335 -516 -521 -187 -912 10 -407 985 329 -208 254 727 -785 -73 675 -1223 -138 -639 472 -1854 557 68 557 -944 1549 155 307 4 -1661 744 -264 -681 -177 -1497 478 -680 -948 277 698 -918 448 252 166 239 -1106 -390 -367 475 -683 212 168 -430 -318 -254 1256 -926 -207 -986 175 -1344 -21 -203 -756 -194 877 -328 -1068 -482 1956 -509 728 1051 -700 -224 -1453 -205 1079 180 -357 527 495 788 1115 274 809 391 628 511 -82 -2243 212 84 455 622 
-715 -792 640 631 76 417 -566 -936 1119 206 -540 -810 1106 1318 -27 -60 -401 276 164 -917 -171 -478 -213 -134 1914 -574 -400 -661 149 -542 763 -879 643 199 566 -671 363 -1387 -649 -36 479 1371 -398 -68 1461 821 -53 841 -251 664 -320 1079 405 -170 879 27 -882 -179 -905 -385 368 871 704 -234 -563 236 254 -37 -490 50 -578 447 283 -7 -120 270 292 1023 712 -95 119 -1366 127 -496 -169 -7 -36 91 32 -221 812 -1278 -1217 184 -160 1121 398 -1769 875 -920 504 436 931 -81 1194 779 -304 -1513 321 516 76 548 478 -1302 -733 -293 -495 -654 -519 651 790 704 788 -770 -819 1493 179 245 35 -332 203 654 -95 -973 560 -494 253 7 960 347 234 -191 -315 -1102 79 -808 1198 -363 1155 -8 -820 1546 749 465 -89 342 -565 -226 687 426 694 -100 -161 336 398 1071 1861 -1833 -1542 753 -918 -250 -94 266 -110 -1123 -690 -170 246 -232 -550 92 40 356 -374 -432 -681 -716 -521 -822 -238 -942 -145 923 -324 786 1305 -773 404 1239 -585 -252 -418 417 1328 -128 -259 656 -1794 -294 -35 1174 -319 -104 -33 -677 -89 -357 -99 -601 571 -1070 -171 -250 74 473 -373 -843 455 797 -995 -1015 -421 136 -155 445 -364 186 391 1747 -1623 -916 -523 87 -793 -345 370 1364 -1340 388 449 505 -617 241 491 448 -1054 -872 213 -987 560 -543 355 -1630 700 408 340 252 -16 526 683 577 1066 -223 93 -833 -287 204 1012 277 547 -120 -223 1306 170 1236 -650 1344 197 667 -285 1031 118 -519 308 -132 -111 -614 -628 -1359 758 442 -370 322 -221 -96 749 192 26 -342 -623 437 348 511 -416 188 1104 -811 -153 950 166 -497 -910 235 389 -1376 558 858 -138 1275 678 -156 -410 963 459 1743 -102 374 827 -865 277 -92 -198 250 1111 252 -385 -161 -378 359 73 108 156 455 -546 930 624 -178 -329 -35 448 -1790 494 23 -124 -204 -921 -865 -277 -466 472 -449 -172 21 302 -28 17 -24 -278 -4 467 -1186 796 -247 -341 305 489 363 -1308 314 750 303 -36 -112 -678 459 -1087 -137 441 376 
-296 -52 -29 -176 -17 -193 -551 590 450 161 582 -121 -329 -1052 703 574 418 -307 -248 478 90 833 1034 317 507 513 -860 -922 140 106 -1481 1428 -155 -201 644 952 -740 41 -589 811 485 456 -675 41 -29 -615 -966 -420 189 192 414 173 603 -1742 -553 -26 3 -132 -684 -121 -324 -181 -558 436 513 98 412 -1572 -718 -906 424 1006 317 64 354 -460 -560 207 -1229 -292 393 -1095 116 333 505 -461 943 -121 -539 -15 -695 -75 1273 -973 -135 652 -364 557 362 570 1256 -986 -603 -678 -106 758 800 1074 1540 854 -60 290 -470 876 223 1291 710 1021 718 -476 643 -1100 449 1669 -198 106 423 1050 -321 161 -489 481 50 -109 -997 -1091 322 -480 -958 -228 -656 1312 925 -204 449 -424 -211 -671 693 1080 790 290 -225 -753 -209 -463 -1330 1086 239 -1916 -644 285 94 1092 -431 1655 180 119 670 -187 -155 148 -1426 -125 -215 -406 522 155 136 575 746 -758 452 -634 -678 878 774 -379 768 333 -569 -484 -33 440 -925 771 -857 -360 278 -317 -988 -1334 -514 189 420 -297 -219 -565 491 -327 685 -1681 263 553 -49 -860 343 -1055 -875 -505 143 -240 82 -26 -305 -407 -365 -700 -304 -50 429 -1092 232 1112 -147 288 -1364 -1473 1361 -22 155 -475 30 724 -1437 -523 1750 752 -372 -1628 1544 557 -1233 526 -218 785 -919 -440 671 -214 -1246 -473 -22 673 -274 498 195 -624 -909 -1021 -492 1564 -880 554 641 268 991 804 822 177 -752 -981 299 -1129 867 -511 -965 269 -289 -381 -484 -1272 312 -238 470 732 -127 2 131 -1281 -281 -133 -33 286 -809 -528 -863 1200 -285 679 -1031 89 535 187 635 770 118 -493 -1342 -1378 603 1117 113 -428 301 1278 -832 593 -150 -1357 436 84 -735 -1732 -832 -417 252 -627 -746 -57 -546 45 1532 -674 -493 1213 24 -1229 -49 199 -444 -1260 -4 1295 447 904 -9 881 20 -471 585 213 -1321 541 815 -864 -1239 145 -845 87 952 -553 350 1080 -1233 -69 -798 -176 1403 -129 -58 580 -688 -562 626 -1144 -462 -455 45 176 403 957 1768 -445 -868 -593 -328 419 -793 1770 
-547 -1047 -141 593 -742 455 -225 399 834 322 -324 -1966 306 -650 358 85 -511 -227 740 -1017 -8 -139 724 1176 1339 295 943 -1243 451 -1592 926 684 -367 502 -931 402 -239 415 132 1348 -336 488 -671 325 211 458 100 -941 398 -731 -1429 911 629 -1253 -86 -71 157 -1013 939 204 -540 -849 -270 -559 -88 -386 64 1870 1165 1482 178 -1065 -541 534 -1092 -615 429 112 1409 507 -101 1090 -397 -249 -89 -391 398 60 1689 -143 19 -16 -340 -971 -317 727 1396 904 -1334 996 1053 328 981 -664 -40 593 762 -1580 -210 229 291 -1473 -279 -99 -263 -1073 716 -580 -128 -296 136 326 -165 -949 -491 113 -189 1483 1538 976 -321 79 -821 828 2065 83 -738 -775 -946 797 446 619 -726 -1167 656 170 56 206 1953 466 422 772 -658 489 482 -333 937 -402 360 1196 -32 592 -126 298 -623 -540 943 -105 -207 915 63 -1611 1134 722 575 -768 1246 -154 434 -432 -68 -51 1014 587 676 1097 746 383 1316 1280 -921 -769 -382 332 -385 -1031 74 -534 655 705 -910 285 1121 1323 748 -1151 920 4 -805 -322 340 415 -242 -572 806 -95 -630 367 -112 244 -352 -797 372 840 -142 -751 23 187 305 -80 205 -203 -871 171 297 769 834 517 -93 487 -1201 -527 242 -1962 186 -859 341 -463 -503 -426 414 -331 951 750 -908 519 145 76 160 -113 1000 802 -148 -160 554 -778 1087 -474 1263 -748 1657 476 768 2014 -313 120 -327 545 612 -344 251 -8 -799 829 -161 848 319 20 -255 295 -1049 -368 -248 1118 -345 964 954 -471 -389 146 -1181 741 712 -23 176 892 1483 -190 228 273 235 -79 -876 441 311 -505 1070 261 271 417 -68 -1135 -543 1365 -1340 -89 -463 279 627 -11 1574 29 -513 -91 33 331 -700 422 182 -441 951 -856 -1137 1267 1129 1238 -709 356 -860 -30 94 -570 1152 -56 499 129 -418 40 1725 654 649 -12 -486 -810 -864 -371 327 -465 420 851 -9 311 -743 -1144 219 -962 152 -1047 -266 1061 644 -397 -662 116 22 -618 -500 822 856 1088 1068 -1759 -1310 1755 -425 221 -1506 -83 -487 509 
-473 -513 740 -338 -1410 165 334 398 -281 524 91 -10 267 -288 1362 -617 223 815 -337 -358 -694 357 134 1372 782 661 -558 241 -344 -1866 -408 534 -695 290 -525 -743 -1089 -769 417 205 682 569 286 -106 370 -408 480 -1445 -585 -1968 788 305 -1537 -639 -368 -1267 49 220 -122 156 476 1502 -497 1020 686 -503 299 42 -133 -1464 496 -1370 -487 166 -1111 967 626 251 217 284 376 -726 -886 300 -989 -1217 -333 235 -403 1888 164 1278 1906 751 -746 -1004 -1545 939 -1305 -272 -200 315 333 -715 1116 -218 -1595 -380 -1175 859 -400 404 173 719 76 -1176 -30 123 750 758 241 -501 -431 -96 -73 -478 -435 358 949 -838 145 -606 420 221 879 -719 -1074 -695 -565 395 -591 -912 180 58 -375 -1390 -881 1288 366 -1184 338 -1812 0 1218 516 -641 1355 305 -1372 -158 77 -406 -99 -9 -544 -571 -1253 -46 814 -605 263 109 547 -210 -1558 366 391 -86 -261 -277 -550 -52 54 465 386 -279 -1392 1098 2203 -969 -45 48 -265 -1364 367 -1169 -821 234 -742 372 -1261 373 455 155 -152 1248 -716 828 -666 675 -18 -39 733 -823 -91 467 171 1045 -375 -97 -655 -316 1017 -287 660 -419 -556 952 -159 1483 -462 -225 790 980 -532 -519 -1327 -319 105 167 1787 615 -865 1205 -72 1109 -517 762 1542 -295 -236 144 577 -217 -129 -420 -453 -95 -1177 -3 -37 87 106 -411 25 -342 -71 -426 -957 -945 914 240 -430 454 -210 1009 371 221 557 -177 53 277 314 -10 -1177 308 -45 -833 982 -18 -196 729 -844 -1033 903 668 1149 48 -130 578 1228 -672 691 -1076 1233 236 138 -730 3 -253 -1422 -141 359 -368 314 -81 -264 1141 -42 -452 -790 132 563 -739 -114 338 -708 -117 -271 -659 -1056 -942 634 127 -1034 -50 -759 -884 665 -747 -1296 -72 -909 -84 409 53 -246 13 -747 660 -196 -738 -541 -415 229 673 -461 215 -500 247 -77 -258 661 642 -75 -173 -62 569 1301 -661 -197 -646 436 524 619 -1542 -641 -259 -543 446 77 -96 577 -694 -129 -880 51 -424 6 -740 -521 358 -516 -1175 -172 -25 1037 -964 569 1837 
249 454 545 -1246 -350 -477 178 335 148 95 688 -218 -1364 -1703 423 1437 145 -562 -797 -128 43 -174 879 796 -1208 772 -137 -9 -123 -1788 590 880 870 24 484 599 538 -207 -2173 270 -637 -1105 -881 -473 -323 179 -747 728 67 -518 -316 -742 -394 158 671 -291 581 1320 485 524 1161 -66 -977 -180 397 -857 488 -202 418 844 867 523 -592 35 -648 982 133 -260 351 -165 1182 136 -38 -267 241 -503 -162 743 386 -151 -636 53 1089 -136 -126 -1735 176 -623 352 158 -350 -33 -578 -4 -1355 91 426 -536 -1318 -290 362 -413 -441 -699 40 -438 339 396 -201 2008 -906 -609 -756 614 1216 74 -437 313 -52 12 -380 -261 -293 -98 -938 539 1141 -1651 767 625 -174 781 -413 -469 33 911 489 -1284 -447 -2952 312 134 -1125 484 -130 328 -789 -1903 627 -132 -775 389 -281 -36 288 448 780 281 42 722 -39 -294 -71 -639 -437 887 -107 -30 123 -607 -741 314 -800 -136 157 -582 -474 -853 198 87 -932 -306 88 -184 -646 -2 -1254 723 282 491 -114 838 471 80 -1738 288 277 387 -62 -706 174 -1426 -345 1148 -829 -1075 -395 -709 -488 1610 79 -53 563 -703 344 319 -426 842 553 -1970 885 28 293 66 791 -688 -68 90 -608 445 -530 -877 -822 586 1042 715 -1241 -51 -123 45 220 293 -1012 -235 870 670 -138 526 -240 696 -704 296 346 -104 1140 990 -369 789 -767 -131 183 598 698 24 847 738 308 122 -298 62 274 1220 268 -361 -1356 278 -328 -1551 1138 -1656 -543 -57 -916 -286 291 58 536 -1249 -159 742 -243 -498 589 -38 926 -14 -298 1007 477 857 301 -622 -946 -1377 -357 -350 2048 -643 1339 402 565 -1108 -64 -74 -687 -759 -847 125 1317 -384 -808 -1720 -583 -150 -335 -643 237 616 848 -144 713 522 623 -260 -1156 -538 -166 429 -118 1096 698 1177 724 -980 268 -624 -799 880 70 -1765 -340 1319 911 111 -1580 -297 -225 831 921 -216 335 1131 -26 567 775 -600 877 -1386 596 232 -283 -1126 821 98 409 13 1010 193 414 -629 -340 40 -653 -441 1032 -440 368 -413 -52 -59 
-577 183 452 -748 501 803 -795 0 -214 863 652 -320 -1032 -739 98 -868 1479 535 78 353 296 -14 1279 -177 -1174 -588 525 177 -605 -7 118 703 -1059 -245 -987 181 -213 -1162 385 -302 -330 -500 938 1263 -896 1042 -326 849 -856 -232 612 -20 229 -482 477 668 435 150 213 -151 91 831 -47 22 673 234 -366 55 874 196 295 -271 -339 -1483 653 -69 -226 -436 694 924 1117 998 -483 -501 -652 -696 -105 815 308 -24 -439 -933 -393 -401 -558 -750 500 267 19 64 -780 325 -1696 735 -1547 -1305 -269 171 -289 -829 862 6 456 1126 727 -91 -409 93 -96 952 -290 668 129 105 10 -348 194 -566 1366 -340 -1762 -976 -395 -219 644 2056 -311 -342 -611 2 -220 862 -64 -468 984 1684 654 288 -213 229 1322 -456 -623 -975 517 1951 -1024 -1124 -415 -659 -1595 -215 -803 349 -1624 -1609 667 60 -594 422 -272 -386 1166 -451 239 -149 280 -1120 -1413 684 -75 1085 813 -394 1130 234 -382 -39 -186 706 -923 50 599 99 -791 303 1376 -1480 70 1423 -310 -257 -961 1111 189 53 -149 22 921 801 -1276 -628 939 106 772 851 -221 401 -383 406 89 -934 206 -576 -39 -1157 -158 72 -77 526 -535 -31 -1455 -915 226 -149 -6 -74 225 199 309 -366 185 3 785 974 142 -468 -69 768 -399 649 -479 -258 275 817 881 -429 357 -489 114 -629 293 -96 344 397 298 -717 136 -1030 311 -115 -960 -425 -311 -615 -1113 -1188 -276 1740 -216 -598 44 -987 783 -256 -229 -338 -706 973 406 -542 399 -371 403 665 -742 641 778 214 -526 -1382 -240 -423 -383 1442 223 -237 -1305 1654 784 627 -881 -168 -798 1199 -1345 408 337 314 -161 -442 -62 296 237 -355 -170 387 -50 491 -201 -120 -645 -617 470 -1198 -1007 741 535 -812 -764 678 -774 -961 1448 29 -15 444 1319 -141 221 459 -395 -434 562 68 -798 -1006 -217 -366 215 116 1263 -905 -608 -1470 -521 -598 469 -1660 -1381 128 -478 -353 -87 -511 -468 -474 -1266 1268 -386 696 -310 -734 267 290 -632 -921 403 -210 410 -228 -50 300 -258 1102 -593 -19 -1072 -590 
-102 31 -546 8 -322 291 320 193 262 -297 930 1455 676 553 540 670 852 -1143 -205 655 586 -742 -146 -963 -321 520 -243 -736 1192 -782 1335 345 -1488 -231 -448 -554 -714 518 -1149 821 -5 46 -107 -548 -854 -1210 -597 -376 144 369 -1087 -1175 54 -174 233 29 386 -242 195 783 -630 -488 758 366 611 -436 -388 -766 -430 -192 -825 971 1705 -454 1237 -169 -727 -967 -545 -1110 -1075 59 -673 -730 666 -674 69 979 -1317 -177 -567 441 -1213 -1269 412 -482 199 -1169 288 227 -785 -280 1286 46 -422 -135 529 -663 350 540 -239 154 147 -272 -462 -766 431 422 809 -1220 -1277 -402 731 349 801 -784 -1499 110 1063 -10 -571 -1542 -37 -1766 -389 115 -234 1047 -766 542 802 1232 697 -1205 -1429 57 -531 -696 -2007 -417 1629 -1660 -1439 -43 295 712 1571 914 -195 -448 1041 481 -89 237 575 1 -442 -1522 391 -2207 534 -797 976 -509 -483 -1016 535 836 444 -468 98 -167 265 -1396 371 109 -1013 79 -324 428 640 -528 379 -760 68 -305 -514 455 868 -380 -1314 395 -20 -193 330 378 -108 -886 813 -208 545 -210 -20 1449 1677 458 202 -1582 651 -1566 248 -1482 1107 -223 -107 -318 -1397 -531 -1199 1096 300 1563 592 375 208 387 -1196 -480 1757 904 23 -11 -793 158 302 -694 -1276 -417 857 120 164 106 -1007 -583 -398 -36 -580 -261 219 309 -956 -289 366 195 -1002 -954 477 -844 -234 130 -1010 321 -854 497 590 -195 883 762 -1734 -276 -581 1237 165 -373 -32 -175 -485 1684 -1405 -542 17 1031 -471 384 1868 -13 -669 -1070 1011 175 106 -114 913 -841 -462 -143 -52 1576 -811 411 1087 747 -782 987 75 1113 -763 1064 -29 -101 754 308 -809 -879 586 1047 -225 859 -421 -977 -986 168 793 18 -585 -672 -1126 -727 259 -939 -2038 762 86 -159 341 -488 253 -303 1513 -155 1001 822 -384 -941 -651 -154 -631 -187 1691 -631 -326 205 0 1030 -1120 625 -475 737 153 922 510 121 -93 1047 802 226 -799 323 116 417 403 -1117 268 475 269 367 -1522 -236 -267 116 1050 -1099 116 -928 -197 733 -512 457 582 -13 
-506 -816 -976 1484 -1267 -1149 -987 -1063 265 296 -606 85 -590 -195 -430 -749 -142 -1611 205 1257 833 -701 -246 -220 -506 218 1693 -996 1144 -777 286 -886 -624 -992 -1494 -424 1610 141 -757 834 -298 421 311 128 -88 1183 -1221 -58 176 1028 853 737 332 -862 1733 -262 469 266 705 -826 1161 -822 -98 -171 593 523 448 -1576 -1434 -554 547 735 117 -948 556 -354 119 1459 9 -838 39 258 -278 -270 43 1855 231 765 446 -23 -78 -329 -246 -54 528 -494 855 -883 -70 -575 430 720 -776 -745 1480 -628 669 283 284 850 993 -800 873 552 -612 -105 611 -397 253 -494 103 281 -1159 157 746 911 688 439 -376 635 -807 350 -395 936 1053 502 -189 589 -476 -1491 726 -882 386 548 490 553 -608 597 774 -304 553 867 -261 -636 -543 105 -496 -680 12 -423 -414 530 -1881 1161 -24 1138 1230 -130 -1126 -643 370 901 -591 105 884 627 -426 -452 159 165 -213 -610 -409 625 -268 796 500 1238 -804 -131 497 713 37 -486 -384 -204 712 -474 1008 1250 -457 343 -373 652 608 -344 451 -287 37 -486 479 1085 -744 20 -244 -443 744 -286 633 435 534 -71 668 -812 -475 -1940 450 -273 31 43 580 -216 -512 -288 -579 -735 -347 906 6 -204 -357 -283 638 146 1061 1564 831 1449 222 -181 319 -327 447 593 -780 910 -610 -436 -1591 -186 66 -1018 327 1382 120 891 743 1234 857 -13 122 -67 243 -323 -571 -1207 151 289 -162 -161 849 76 -901 672 181 -270 252 494 -906 75 -675 -881 -21 800 -764 -517 57 572 927 -354 -15 53 578 -120 -692 629 598 -201 -41 159 -965 342 366 -62 60 335 -1952 -195 740 590 -85 1393 544 1256 377 175 1246 619 -731 -1013 -503 626 -120 -118 144 939 -219 958 19 1 -338 57 -96 -174 966 534 -314 257 154 -1178 188 303 -304 155 -818 956 551 -365 963 194 -220 -788 -214 -175 439 220 339 589 1342 -390 857 188 226 -119 1665 -897 772 -94 -257 281 -1396 109 338 -452 852 1385 -254 943 -665 159 -244 -42 1049 60 261 802 -1100 -923 -234 -314 
-1733 -1176 1379 -456 281 299 -279 -257 532 -324 -155 2112 -141 -1120 -1181 461 -379 89 -450 -23 -267 -541 583 -1755 630 802 463 -479 324 57 -1569 753 -1579 1142 -533 -785 -122 -44 382 322 283 1555 -209 526 -217 137 -664 568 -10 1005 691 194 -431 350 -913 -510 -210 -1753 -622 -154 -58 -792 562 -1159 -1116 1099 -620 -991 -722 653 -67 670 -312 -379 -190 889 -359 -379 -914 2058 -397 -612 -821 978 -732 321 -27 -1083 661 -48 1212 -885 -183 299 -103 96 377 861 -963 243 216 -380 1365 878 322 -972 -287 -347 189 105 -90 -425 1310 -284 213 -390 -704 294 10 -574 323 -328 597 171 -1189 322 990 289 211 494 -312 -8 -971 -1970 567 712 -438 -147 1054 118 1406 90 1712 -767 -272 734 572 -50 439 138 -503 -75 -1052 -485 534 -402 448 -252 577 279 -52 1193 -300 540 -676 351 175 1328 293 -1095 235 -259 -158 504 -728 -504 639 517 450 -741 721 465 -1028 157 -513 -1512 -179 -307 153 -413 1697 -338 352 721 -762 -555 763 88 -1300 9 85 322 -332 -247 286 272 681 -758 -1730 162 -790 1179 847 -360 -429 264 -320 283 -1114 29 -403 398 -248 83 -541 218 1818 -356 -104 -428 548 -1423 358 -723 -563 338 194 76 235 419 -84 -27 358 1491 450 -325 -566 952 -615 -1574 163 540 660 215 -1088 -53 -1007 -593 1618 1731 529 -481 427 206 -826 11 689 -104 -500 709 -63 -935 446 -721 -178 -167 354 680 -984 230 -383 940 -703 -410 -48 120 -336 1280 -709 -763 577 -696 -773 -322 -184 1750 717 816 -422 16 -767 661 -897 -614 -339 -441 937 464 -517 -102 74 1481 -121 -1322 40 392 -817 -179 406 -344 240 404 -272 277 396 120 818 1262 1725 -517 709 -37 -1377 1091 680 1145 599 -574 -248 -310 -309 -215 -284 -827 -129 -563 902 -373 1096 -1068 667 -483 141 -1417 -82 28 265 97 -383 -66 -267 656 -203 613 -1281 -344 78 -26 -224 -268 -1001 -396 377 -1076 84 145 -1488 -389 -1497 -1239 374 -877 762 567 -1316 -748 83 343 -1195 350 1136 1043 1072 -1615 -844 -907 -336 -67 -934 624 
287 -930 522 -405 -357 323 -97 462 -1143 -618 342 36 -1477 1496 -149 -1130 -325 -688 -1276 -107 382 150 -79 -1082 -158 113 18 100 63 -2150 -923 -214 357 -1137 -870 -792 -1258 -92 -465 -842 1754 -177 1768 -243 -930 -149 718 -129 -274 -365 -1960 -357 400 -246 -517 738 964 580 31 -475 27 947 -1245 -172 -43 -2417 -368 66 335 379 -30 995 -463 -658 274 -768 238 418 809 1035 110 -711 1021 652 1117 -1095 -57 -138 -1062 -1196 425 -1430 1337 -1623 380 -710 -1458 389 719 -675 -723 -75 -1004 508 1105 -156 785 206 -1023 -88 1030 359 23 -942 317 -228 45 -420 -352 318 405 -1231 978 -1739 38 -580 -1041 -416 -231 397 -211 -913 -1240 512 -788 185 -221 406 -117 -355 961 1082 -1108 -818 241 -549 452 317 -1085 35 395 650 -878 418 1205 431 -1178 -948 -251 -196 -1681 -226 582 -1121 -560 -136 -326 67 -446 925 1443 136 -503 -675 212 578 188 -396 -790 1289 -49 -321 -229 -276 1856 -474 1233 -1435 355 710 -27 -584 -461 886 -202 -863 113 256 1512 321 1567 -680 964 1949 -280 674 25 414 -935 1324 737 332 -513 -64 -1087 -321 -160 -72 340 -204 240 194 470 -942 -101 -398 385 -1026 -112 -1173 -260 1005 -21 793 360 -1201 419 454 -937 437 1712 20 -138 782 3 -775 -210 -392 223 15 136 0 -274 -489 -407 -480 -816 568 1518 -1283 -617 442 743 1268 642 -139 553 -1148 477 -621 -762 768 -907 39 755 -108 -535 -295 142 484 -686 -131 -82 -1031 944 85 88 1188 393 604 50 706 -304 -343 -184 79 -497 -771 -363 -92 -132 -1549 -528 -720 -623 867 -1468 779 -698 -843 637 703 439 -905 -145 -873 -960 497 -501 1087 183 -15 167 -284 663 590 -478 -1142 43 227 -252 -1246 248 -211 836 572 -836 -647 1048 340 1437 -238 105 -455 25 -156 -593 527 1426 -485 258 429 -503 246 1280 -1979 1029 689 838 60 407 980 250 78 111 167 622 194 -169 -322 556 1238 -298 592 -989 -692 -444 -1007 276 700 521 366 203 331 980 -993 -679 2013 -761 -1706 1473 -1201 -1157 -1063 1120 -204 -1384 169 -1510 -1527 
-483 572 1302 99 -520 556 714 -97 -487 1223 -123 49 -976 808 -861 -286 567 -168 -64 -43 314 91 -180 -1615 561 286 90 118 403 489 391 298 285 1198 -488 -358 790 -687 582 -85 -460 930 102 -349 17 -188 1277 81 509 -442 -146 1427 -1120 370 64 183 616 1036 -15 -319 -71 -461 155 1506 -1159 676 894 885 -431 -383 -227 -133 311 435 -748 1700 -1280 384 -388 1296 -901 -725 472 -1229 -582 -657 88 197 1052 515 -387 -986 -284 592 761 691 156 529 94 -185 259 -133 266 183 -402 -393 380 -833 -980 712 -1344 -1041 258 -631 -577 836 -296 843 37 -595 -687 245 1114 -1029 -242 494 463 783 -422 -71 -427 -989 -367 -540 -525 2119 -89 -578 975 930 1725 -1398 676 299 -79 825 408 107 573 1457 -1105 -395 449 -358 185 1250 75 354 1257 -1311 -727 -641 -723 128 -800 -157 1084 2289 71 -106 -2088 1116 -873 -389 -669 -42 506 471 793 1412 619 -272 55 154 -1893 -352 -84 116 -928 514 51 -127 547 292 -1062 838 40 -1226 373 822 793 -205 -87 -289 651 -539 -24 457 37 610 -432 -894 -669 -1065 -277 -820 -47 -689 222 1060 620 -799 217 -564 241 -632 679 492 88 1263 -303 881 743 -21 -84 730 369 -774 333 521 -1211 -1773 -118 43 627 506 -404 1035 -341 -524 -221 -51 -181 -427 230 -319 -417 -1595 -88 -107 -1359 383 1145 1433 -47 382 506 -750 1041 -696 -457 471 959 -1002 2298 -1240 659 -692 -512 -517 831 18 -367 -53 -621 -1062 219 -1104 100 -93 -56 258 217 1365 325 -393 -1127 791 138 -88 -1244 280 -372 -32 -1603 -278 -76 244 -259 158 -1161 -678 538 -745 -2459 201 1367 248 -999 454 -821 701 -1076 823 -2009 436 -963 13 -135 -1202 395 270 707 -577 -719 129 -454 -691 -1862 451 -319 -519 -690 1243 1681 678 475 -765 -924 270 163 1214 437 -781 893 -432 939 142 1388 1169 1194 -622 -604 -973 107 1512 -188 100 -1081 -254 415 352 -589 519 -280 -47 -407 1073 -314 -286 -1062 740 769 480 161 595 -811 -503 1010 1322 -1068 415 456 840 502 -1003 110 -344 -1002 328 
-114 -1828 -323 256 -561 -487 1025 55 -386 -634 -1042 2083 -375 90 -1712 524 270 -668 -933 -1102 123 228 -942 -294 589 -40 207 -477 1607 672 -652 -1351 -65 -154 1185 -395 -632 24 573 245 1283 -162 237 -356 684 538 -433 325 37 1278 -231 1054 -272 -817 1568 239 -41 -1617 458 -675 -305 104 -288 -119 -290 1650 590 1360 -1167 -468 48 -185 -1117 -666 160 -184 123 -178 290 -1432 484 413 411 229 -597 -932 -711 -879 696 162 -309 -727 313 42 642 755 69 -1121 -2 169 -591 704 -382 1169 378 273 947 615 523 -1331 -788 -562 1108 -551 151 1472 -650 1849 -64 -184 321 649 638 -411 869 405 508 -153 2142 -255 243 313 -207 -1062 25 -362 -638 -13 -210 691 747 -736 -1506 -506 -975 -578 2277 -1140 1549 452 -171 418 -1049 -335 -592 -523 155 -1346 360 516 -571 -1775 247 529 -354 -457 967 143 1098 -758 -471 -824 628 244 175 -1202 -543 -786 -209 -1178 1531 -130 -217 -517 16 521 -372 -1401 168 -330 493 -393 908 -943 -73 281 379 -634 91 60 252 342 58 1291 1126 921 127 -646 -386 -579 -640 580 -391 1235 94 -309 1115 -356 476 -1711 -116 -938 -1286 -17 -166 978 265 338 481 -346 -565 -640 -75 -136 -443 118 141 96 66 144 -512 -478 11 1001 1530 297 39 525 447 458 -100 -34 -1012 47 261 -85 -229 -127 182 434 1127 306 657 -61 -582 277 -92 366 230 -167 -353 -1137 50 848 -435 -869 -728 268 860 -683 -126 25 12 590 340 -402 -396 -374 -347 -437 -476 -584 -2195 -905 1700 -190 687 30 -269 -1355 -183 813 -577 -1666 -276 1315 894 -454 46 26 -204 -205 290 400 -916 5 471 -20 -332 -1334 -392 353 -302 465 554 -337 -347 -272 599 735 1482 347 -795 -894 409 648 1083 1648 754 -468 -474 -366 93 -576 80 714 -321 -260 501 839 101 -389 -235 -722 636 -580 -1124 1005 -19 -902 -242 -242 733 128 -334 301 756 -738 -478 -755 -671 -316 533 -269 -161 -200 39 1045 -895 -2073 494 635 113 -192 792 -672 324 -122 -803 -197 814 1284 1975 -1047 -1425 7 409 226 582 -146 
-14 -762 -621 -499 436 1207 -531 2 -961 -456 -475 -1161 -471 -379 1504 46 1061 882 477 1218 72 -64 -680 -262 -849 450 650 -618 314 -1440 -220 3 1304 -700 -1318 1239 -125 1318 -7 -1245 -1451 421 -390 21 680 272 -281 395 -28 -352 1185 83 -373 -481 550 -61 -265 -374 690 -456 190 380 -190 -1343 843 931 -639 -748 -239 -95 562 203 -684 411 -104 -613 -284 -262 -689 687 -460 122 -1410 -157 1517 -137 -319 -165 -883 -643 432 376 -361 1259 209 130 -743 -577 74 -541 676 -1188 -2145 454 -83 119 199 177 -684 -342 159 315 -1127 -731 360 116 -968 -941 -970 1399 1118 -256 -847 1131 535 -671 414 -77 573 645 247 -1021 -302 -954 -320 -23 -1113 771 -4 239 129 -950 612 1135 -602 -532 -1131 -144 -359 -49 -76 -60 -523 -815 652 614 1882 540 223 -254 232 -829 923 -137 -360 -1 -122 -625 492 393 209 738 1563 1064 -527 273 1239 -330 -267 307 -596 -840 -405 -125 -690 69 983 -5 -300 153 -865 -62 -705 -563 202 -1294 580 -375 -1154 876 635 -1017 -828 -221 -461 -391 -872 359 626 -81 195 393 594 -984 98 -1344 1020 653 -265 816 565 760 1207 -810 815 -1267 -703 778 -358 -729 -82 577 447 -1241 -759 -928 -1650 -749 -85 -778 128 513 -503 -611 216 -1012 -760 -393 -373 -940 -610 -701 -320 -152 419 -17 -21 579 689 -754 -339 -200 61 -1104 -304 -569 -1475 570 -107 509 -154 -460 -1004 501 2035 -897 277 -552 -155 476 76 -621 1099 -908 -703 -548 1702 33 -502 -615 -821 102 2205 -152 405 -73 -4 -1194 495 -1295 179 -522 -1098 521 -1598 -418 -229 404 -1566 304 -201 -491 9 569 -439 289 -570 -403 -989 -302 618 453 243 -629 62 90 135 787 -120 593 -535 995 937 890 -1037 504 -75 226 671 682 417 -766 -1149 -1517 713 -697 -194 -2309 497 663 21 -679 -259 -30 -266 -434 1067 124 325 353 115 990 -374 -495 -811 -871 269 -124 -385 -153 63 298 3 -188 569 296 -417 340 -761 1612 603 275 1381 -12 273 -933 211 145 655 458 843 61 -650 704 350 1733 979 -864 -964 -127 
275 803 -156 429 12 515 -290 270 1399 1350 -572 -843 533 390 -159 -5 521 423 102 -1725 -327 1822 238 638 -16 -1128 721 -1886 -64 670 -360 -153 648 -380 1270 625 452 -1525 331 1033 603 467 -864 -473 -1052 192 -89 -478 -421 -82 1097 -1984 1650 -286 168 -641 -347 -523 974 552 887 689 92 -1050 -578 583 696 -623 1081 613 14 9 -898 227 -1147 811 330 -60 881 443 -961 691 -308 357 -323 980 -422 97 102 429 -556 -139 278 278 -281 -679 -21 -12 69 713 -715 1051 757 -890 -304 754 1673 585 -1094 627 614 -596 764 -537 -1285 547 -313 -598 -12 -806 -295 1565 -1251 -307 324 -75 1360 902 441 1038 457 -715 562 -178 1404 252 -699 817 611 -81 177 -611 324 484 431 1354 923 -159 -346 -1881 508 -924 583 -233 -744 -321 341 107 23 644 56 465 -672 504 -138 380 -162 -105 -162 370 129 1342 655 1030 429 915 192 -948 -458 -531 -338 608 175 -722 988 -883 -616 1058 -1401 -1443 -417 404 -95 414 -331 130 -722 -508 -700 1094 -814 401 -254 -803 896 1338 727 -174 -244 112 943 -389 -1895 -950 253 230 1611 -1356 450 156 110 -1195 -864 -1544 -660 -779 -868 -253 -245 -240 -145 -51 571 253 192 763 355 -804 -638 122 14 -271 -897 -1050 694 2050 412 -262 303 1252 -1336 1306 -706 -764 1174 -83 -356 -190 788 -1434 -753 467 242 -665 -140 -1138 290 108 -464 464 406 199 -852 154 1465 -407 872 1458 -886 286 272 -141 341 320 -1238 -168 555 64 -490 -1383 721 -828 385 -510 -4 1338 995 -291 1323 1464 -151 -566 -1727 90 745 -15 -373 -1074 668 864 -514 -187 42 -20 -248 532 -881 309 -913 -173 -826 246 -1332 -905 -276 1419 -1405 199 77 -898 -1267 -179 1305 407 298 450 -385 -431 -611 -947 -520 -4 -21 120 -891 -421 1335 -1019 531 523 157 1733 -175 -1988 83 51 597 -186 -1264 -189 -119 16 -915 -1411 -78 646 763 385 1223 719 -158 -49 177 192 1684 -664 72 -236 -704 -114 171 -1153 30 -1015 2069 -15 563 -1278 648 850 82 21 -1858 824 -439 649 -1286 -405 1717 -39 
830 335 1173 319 213 -1057 1299 -311 929 970 -803 -658 842 -1357 1167 -61 -664 638 -431 1605 378 -137 -203 279 -378 538 252 -560 130 -796 1442 -343 286 61 364 729 -359 395 502 380 1014 67 466 333 -977 395 964 -269 1061 -912 1427 -558 -818 -759 -1075 -153 99 -544 1852 851 -371 1820 467 1730 158 -265 631 44 -416 -1211 479 -258 -725 762 -195 -823 -992 -139 57 110 -794 -315 -97 226 845 -950 321 -332 -1099 77 -37 -1094 530 -157 -1319 -119 513 992 -230 144 776 -340 149 -437 358 750 616 -63 686 284 176 267 -370 59 839 397 -554 231 -210 -454 -931 -85 564 509 -167 -636 -447 -583 1066 -417 1171 -70 -252 -133 -1577 466 -440 -933 -495 1222 228 -2412 -163 -1091 676 -365 625 1746 -1011 905 -685 -1537 1030 -43 -661 -1969 348 -323 -744 301 463 -1423 1320 -1242 -111 -28 -897 171 588 -636 298 1834 259 -980 -1288 1017 -486 -209 -825 5 -37 -187 201 -548 2 -588 -1022 -711 159 119 -607 -565 876 -1330 458 -150 781 962 -541 73 75 265 -893 -1201 -245 -632 858 -317 928 -324 -435 442 233 73 -997 -726 -710 46 282 -235 179 388 -788 -215 -598 -207 150 -981 486 -161 508 -13 -54 -506 539 32 46 -59 -302 272 328 25 -60 828 -802 -1228 -138 -190 -14 -317 283 -17 412 -675 -4 -1156 1578 1176 -680 130 -1030 948 1532 -1290 1032 -520 -706 -138 -937 900 -353 -542 203 103 -873 925 -930 -740 -191 97 185 643 1204 193 -1249 -580 947 -391 496 -697 262 -5 697 64 1205 480 -192 471 -955 169 -1151 620 -666 1773 366 -371 -267 -1976 1108 195 -424 -684 888 936 278 -622 78 1004 -1130 34 514 284 184 -172 -990 454 -288 403 274 365 525 -884 1400 -88 -442 -642 816 -448 493 603 457 244 -1106 -581 479 918 -911 -347 -153 191 619 490 80 -269 655 -59 453 264 532 808 -681 506 226 238 555 565 -644 -451 -770 -504 1087 -40 -1346 -814 486 48 -536 1087 1050 -108 -504 676 40 1016 -265 318 -273 -670 -344 458 615 -190 908 -43 -494 451 1276 175 -615 1690 
-414 -613 -598 -286 941 -733 713 -176 -706 445 591 -1264 151 -259 634 -2400 -315 523 443 -1067 646 -200 218 229 413 -456 485 373 -497 287 -785 135 178 212 101 -220 -660 952 221 -1205 -374 596 563 513 -363 1619 727 185 783 474 -383 -78 -688 1187 -424 -748 36 595 -784 -263 561 -203 810 432 59 -165 99 324 -789 -1047 1456 390 -362 -431 1587 1715 -413 860 -23 418 -181 -602 -282 -917 -327 -192 -817 -504 -404 86 -587 212 -584 112 -1644 -368 473 341 -537 1167 -410 421 -223 33 -1229 77 740 -1179 599 596 -576 -1282 63 -1221 915 337 711 1069 183 -844 1114 -246 -743 -750 394 -393 426 464 -160 -255 -313 579 1275 -468 153 -451 358 986 -69 2 -557 296 679 479 -248 -1094 221 565 326 -1538 -881 -1154 880 873 -1302 139 200 -760 -722 -584 -1357 -419 1410 337 -301 916 560 1042 -250 82 833 -468 -18 -239 -537 488 279 -38 -280 115 595 -923 -947 6 -692 30 1477 -645 -695 236 -885 217 -152 -1505 -1234 519 374 1092 -698 778 626 -118 -39 1462 972 769 -167 -945 -720 -382 -180 1167 -454 -172 -1523 -531 942 852 210 -473 1109 1215 1082 -500 978 810 -848 -8 817 73 -194 204 -128 -451 1695 0 -666 772 120 -615 286 89 -41 -1262 293 -101 1939 171 -475 -317 932 12 -705 1362 438 760 49 120 -1164 -230 1450 957 685 598 90 249 266 1139 550 -130 -208 -543 -504 -1020 -107 -152 638 416 921 -292 204 172 933 1195 1843 776 828 76 374 647 693 -463 -1116 397 -188 385 -36 489 -346 -596 295 1141 84 -1123 -83 655 -238 -1184 198 -534 -398 -24 1441 1047 2181 1176 -316 -1146 527 -458 1749 -392 304 732 -326 534 -1141 -72 866 -535 513 670 1152 -858 -48 1398 166 692 -430 360 142 1463 -544 206 -1192 30 -588 -1277 -336 -950 1194 106 806 -691 -392 -1222 -747 372 1238 1040 -79 -259 1065 -68 508 -186 -567 -564 1146 -438 313 256 739 199 -282 379 -90 70 -925 -203 -271 -366 -119 -40 542 224 -204 -548 -654 1047 451 -629 -639 514 -208 866 594 -1627 -1292 1052 
-401 58 -879 -591 -349 480 1689 260 -612 476 875 774 -311 84 -301 156 -1626 1574 1967 1094 -552 -998 518 -276 1245 -339 -1299 -218 -902 2 1499 321 -480 -540 -1626 66 944 271 172 18 -1481 2061 552 89 1363 -561 851 -583 -825 1140 81 800 -242 1664 422 -186 -522 505 10 460 -1679 241 -312 54 207 255 641 -649 -241 -150 467 -549 -608 -105 1156 -1319 -777 22 909 546 315 -270 1 81 -1089 -374 932 -242 649 939 -721 -2026 -450 -392 -470 1531 601 -484 92 -641 -363 1323 875 -1 -819 0 712 -1896 -1082 242 -520 -220 -906 -201 1473 -855 -720 -823 1204 344 -270 847 1013 -1049 417 384 -636 -818 401 810 -345 736 338 594 -46 -31 605 -910 -648 -860 306 298 -111 256 367 175 543 1147 -400 569 217 195 12 -321 -56 872 -924 -486 -35 1454 -1377 -526 843 173 -26 68 495 264 738 -849 730 412 596 580 -1015 -145 -86 162 253 -121 724 36 593 324 -614 -63 890 693 407 1694 1959 -23 20 -118 280 1485 988 -290 130 -207 -1208 -941 7 1758 453 -42 -743 -1600 -553 856 1266 -474 -81 -379 359 818 -723 466 133 -417 -563 -193 218 610 893 385 -1441 490 -1097 84 737 451 806 -241 -822 -134 982 88 1098 1406 -417 -510 -556 -276 1086 -139 587 -244 -613 306 215 588 673 -319 -335 654 -1229 1003 -368 851 1616 -674 175 546 -1192 187 -153 -126 -96 -331 -64 -338 -178 -845 5 603 -866 443 526 -70 805 -248 458 -1158 666 625 1464 -312 -577 590 -713 -45 -629 558 -133 408 -143 -299 -610 241 257 200 694 -206 -778 -206 -1484 -313 812 -301 -369 -23 -605 -3 846 -185 -186 948 347 826 1799 251 -467 -435 218 -760 225 -235 -15 1186 363 -1319 -868 -1381 -598 1390 173 -15 -786 705 -1064 -752 179 -363 -1031 -109 732 -90 -1824 740 -485 -291 -735 1132 1127 -230 -103 119 59 -1395 -180 1201 1683 -662 779 601 -473 -581 -840 -157 -493 -431 -578 -655 -76 671 -168 -552 852 -483 -634 505 -68 -120 -967 318 592 -462 241 -536 -1065 398 380 1594 -1086 -380 992 607 634 -1022 
1403 357 770 1273 253 -6 -487 408 118 780 281 -124 -953 649 -186 -659 146 -638 -1506 -971 -1139 118 898 854 -488 -2110 -206 1139 -527 -1455 -328 -195 345 84 -948 1126 1319 -490 983 293 153 -62 6 -822 1882 -352 -666 -819 -1195 -535 -216 -90 -743 378 -1779 990 -945 375 71 -876 -731 -508 -531 -330 334 -623 1015 1394 -282 110 -226 710 -1209 -521 -1170 399 -172 397 793 510 -248 475 -821 -178 -500 890 -633 -664 -1156 -578 1365 -89 -225 -741 415 122 -34 -119 -20 1003 -272 1619 -714 -1433 -217 487 208 -385 74 -776 -1040 -409 -519 686 571 106 -1138 -1359 -568 120 -831 495 324 584 321 -420 986 -485 -642 243 -432 -311 -433 -18 -330 1338 -107 -1298 679 674 -34 879 265 -524 90 -16 1399 36 -93 187 417 187 -931 994 -41 36 765 -497 501 876 -666 -721 -466 -81 912 -882 193 -747 694 -199 -420 -640 1134 -62 449 569 34 17 -248 10 -4 2340 -534 790 873 -768 -223 -903 -1348 -900 -583 -1330 300 -382 -10 -515 -687 610 218 -9 212 840 -15 -899 -859 -2054 -96 263 198 -223 -598 -585 678 -331 -1247 -61 -801 -934 158 -365 -178 343 -330 803 145 -1343 331 403 843 -115 -613 47 -466 565 -1572 113 567 -722 -693 684 -184 370 669 44 -155 -301 -388 393 -62 -462 517 51 -13 682 66 247 607 239 -412 543 693 346 26 -617 -1032 158 -605 -1598 126 -2391 212 11 -297 1290 736 304 -1285 -805 176 229 -637 -42 -800 -233 -278 -704 -165 1173 321 380 488 -271 -22 -298 406 123 -148 1207 816 -69 595 27 1286 -754 -223 585 -633 -66 649 1279 399 160 85 -444 -260 -773 325 1338 391 -280 -1140 523 -559 291 -296 -324 -1113 631 1113 -118 671 -132 -652 -1 -610 -786 684 365 -27 508 919 182 688 662 -8 -326 -673 1201 -253 -1476 1258 258 1025 130 379 -871 -451 527 223 948 841 -72 -471 -788 -73 -1103 670 188 985 504 -503 -1444 -105 220 -691 -965 469 629 -485 762 1 632 343 393 -219 854 1264 1337 -559 -33 -108 -1207 -397 924 -701 -434 646 -101 -1199 320 
-169 -75 -24 -1042 1568 259 -170 -66 -636 24 -505 -248 1079 16 1412 1542 -571 -1084 247 37 809 1299 -41 -40 -897 -468 -1154 649 -1093 642 -490 -199 -345 603 521 -774 1008 815 110 537 515 -798 -1321 342 660 -54 -979 665 18 230 -44 825 911 -1399 296 584 -223 282 -882 -1323 222 -763 -179 347 23 -1037 -897 284 -319 -443 12 -598 690 777 298 -413 -790 -393 -187 -1073 535 1047 1594 586 448 -55 403 2096 -604 578 203 1188 405 696 -28 13 621 -729 -1096 -970 0 1140 430 783 636 -560 1069 977 -289 -316 646 1560 -556 661 -1450 -1108 410 -461 1029 78 320 582 -314 -94 498 679 -1236 -1078 -817 1019 373 -422 -324 979 594 -613 -1025 807 176 116 112 1440 -696 -199 1398 -25 -38 -1345 -1214 679 268 -665 13 80 371 -196 -833 322 -87 -1063 153 346 926 -413 -461 573 1231 -175 173 -547 762 33 -842 -1377 -404 32 -249 735 396 650 -125 892 623 877 23 1533 955 -178 -724 -376 -284 -169 -430 488 70 -38 -646 -623 259 -294 -488 284 -446 135 -195 1056 330 152 -495 504 -934 238 -280 610 997 1754 -868 237 -39 536 711 308 -1381 1143 -1012 242 73 -526 -927 334 199 -6 -493 747 -65 -62 -554 -489 -474 876 -568 -382 -600 -358 897 -223 422 540 -438 -657 169 -1678 -366 -163 1669 -187 -66 -522 -776 -896 -719 -940 -1388 -86 -858 -89 -662 1157 -106 -310 -57 -241 292 -697 -202 564 593 -1079 -363 1289 611 -344 -798 572 559 -154 -1174 -287 -681 473 1394 1268 -276 279 -129 -58 245 -1028 845 -203 -76 69 -12 -3 270 83 -968 247 -737 778 762 1033 -636 283 123 -135 -465 -870 -251 112 -374 -6 1072 -551 516 -727 -867 149 -145 535 -1010 -220 -42 1271 823 364 -615 -567 -326 -220 1164 239 -847 -553 276 1004 454 -961 2133 1137 364 670 268 -1068 1019 -1576 441 -776 -799 183 1451 255 577 -268 532 19 200 -348 -225 -350 266 -642 707 -633 -12 1268 -1016 1201 438 -40 -115 -686 -411 426 -184 -519 573 -449 -445 130 396 -178 -133 -306 942 -31 -1189 218 227 163 
-199 -9 -554 -636 331 690 -1029 794 -431 -517 -1311 836 426 -110 -321 60 -397 -677 738 -228 -218 862 830 24 192 -240 -668 924 -125 -813 -141 -358 19 -1088 76 -401 826 1267 -771 -45 -323 -311 570 -278 1360 -420 111 -321 226 -513 359 395 847 540 -1020 1209 380 -772 248 1351 997 -711 526 -680 302 789 -561 -377 -1014 -62 -597 -990 297 -551 144 42 460 302 -59 205 -303 -623 -234 -1138 -67 -307 1241 177 336 688 -776 -108 987 -72 -944 -797 -1879 -245 -432 172 220 -952 101 746 680 -233 -1099 16 1 664 -824 314 358 1640 1076 -224 309 1076 2099 -288 249 -146 884 493 638 -30 89 792 697 -694 -14 194 1017 370 345 57 -538 -703 790 309 -352 650 758 -1418 184 -495 -561 -365 401 898 154 -672 -57 537 -447 551 -451 -454 441 1399 -1288 253 141 -667 766 974 -1215 -412 708 -571 691 107 525 -617 -663 826 147 814 -1276 -1158 332 -536 876 465 125 348 171 -342 683 107 691 15 -384 -177 -512 491 -52 -297 567 -272 258 -434 -1306 -17 -369 100 -439 364 460 236 -998 -379 845 -1930 -636 1517 -1078 -1214 778 -75 1829 -169 600 1124 -911 289 790 -1032 -772 507 167 -118 384 -1 -1242 -357 -1118 643 181 1276 -1352 -209 -1209 -487 124 167 464 -22 -689 291 98 -470 2124 111 548 -498 -379 1220 -199 927 -762 -606 1027 -134 -857 -1453 733 276 -811 -28 226 -815 -629 -1277 -22 605 -1123 -892 -241 -91 -339 -557 -65 -389 -333 1216 113 1203 300 -59 718 816 191 255 1677 -150 553 588 -541 235 -118 420 -1657 592 158 -167 660 1416 368 837 406 -438 -135 -1009 531 -138 46 -192 288 -12 -111 -1391 430 -453 -686 439 -264 -906 242 -222 -624 -1981 -1168 -679 -1718 -129 -1101 314 617 -19 -145 -390 -90 -290 -1874 459 806 505 75 -483 354 -1036 -262 334 -183 -552 406 -1412 497 332 426 -157 206 672 -355 -432 312 13 -1183 -999 372 -1536 1180 669 331 1379 -1488 -638 -750 169 -687 892 400 -521 -413 -23 1725 -921 289 -856 249 -406 352 -576 -410 125 -682 -539 28 646 
10 -832 -82 -147 -28 135 -230 -532 -210 814 -195 1025 330 286 406 -95 -400 523 1351 -350 134 -42 -477 -1558 466 858 -951 -205 -340 -500 837 630 180 419 -632 361 -706 866 -958 -1175 -680 -460 -142 1124 -242 -1179 -629 -299 -762 -285 471 638 769 -406 713 395 -358 -1285 -633 -499 -112 -1143 98 1123 566 -131 -668 -140 -441 255 -651 -346 1347 1387 -370 -518 196 228 -716 -388 83 131 468 -487 136 20 -199 852 -915 -996 -862 -1062 -344 -1303 74 -200 -782 407 -836 1199 535 -181 -115 -772 626 -743 -302 1602 188 286 283 -329 332 316 644 -726 8 -433 -998 223 -324 203 -497 -915 -341 778 -445 -356 -561 -526 1507 -95 -207 857 -679 -1423 -223 -745 -1002 -1012 276 -87 365 415 -1275 104 220 -195 -1787 -1058 606 340 82 65 -33 249 -601 944 478 -702 -457 -1171 37 119 -826 -176 -923 -363 500 -262 1026 196 369 376 -22 859 -355 703 905 -90 -1520 -949 97 -35 367 0 452 -219 -20 -384 -609 -1308 270 -175 1272 288 573 -547 427 -509 -313 434 286 1691 -514 -1019 -305 1039 -276 1745 -271 161 524 -752 212 4 -1382 281 1558 696 296 -279 -961 1331 -292 718 -325 -1600 165 653 -643 131 113 -727 498 -1418 779 283 158 -454 -545 -79 -284 -586 1386 328 -359 -766 1849 228 0 -635 -1864 159 785 34 -1138 -525 -408 423 29 591 508 30 833 -328 -200 -957 105 1347 -256 17 466 -1094 144 -1106 -290 -527 78 -316 447 -570 -82 -977 -106 774 -238 -211 699 -753 374 190 -773 374 246 310 -840 251 402 -1078 353 -727 -138 -860 686 264 263 504 65 42 965 -751 267 -179 160 -332 -385 1910 -291 405 225 637 -225 -887 -946 310 -1491 -1070 -529 1862 223 -316 -144 408 548 1055 -776 103 472 223 88 812 -196 1901 -117 984 -957 -463 373 -637 1115 -70 1038 950 -72 171 -1151 -549 116 51 -387 -21 -229 -559 -419 -6 913 144 493 -83 1650 110 -204 95 -592 -508 973 139 725 163 -426 30 -475 912 -766 -1562 88 1354 721 -1285 -42 -541 -863 -489 240 151 488 1509 -192 48 
336 -466 -180 -622 -1039 -840 -907 359 77 -499 24 824 1239 113 -709 -264 322 582 -807 335 -632 166 -287 -101 540 -679 403 -103 -423 158 -258 -105 -271 -4 -680 207 967 283 410 -868 -27 -301 573 -1551 1018 876 1100 678 -867 -584 -1475 91 -1351 -44 608 1197 1800 303 89 492 -365 533 118 -337 914 253 -200 -1203 -194 -222 592 -1039 865 -740 567 1412 1140 -95 641 -102 -1005 535 75 -69 393 -169 235 386 363 1696 869 -48 343 1037 449 176 293 -70 476 -345 706 471 -91 -284 1224 -329 -1345 9 1308 -818 887 660 -201 218 77 702 120 308 -297 -789 -40 655 458 659 541 116 134 -713 436 -2445 337 804 829 229 -73 -61 -138 756 -86 736 687 -1332 -1175 1162 600 -838 1109 335 -93 862 274 99 -595 -324 -1097 -785 23 -699 -2104 1114 -179 220 -717 133 -972 377 129 502 132 -45 -526 -232 692 367 -347 510 -158 -983 500 -530 510 -374 1580 135 -584 11 438 1430 670 214 312 -1006 -586 -721 538 -665 -894 633 -366 182 -794 476 40 -866 1005 981 29 -124 -368 595 241 1741 -659 584 -1093 531 586 1350 -1380 -1004 -727 -140 -120 -1296 -413 -834 950 -35 -490 -995 405 -103 891 471 -157 -1100 382 39 411 179 857 -158 -237 248 1260 275 1996 731 -10 -73 -1500 -203 101 321 -360 667 -290 843 775 -695 1279 -200 152 212 -1163 505 684 -1078 1532 -164 210 126 515 -102 406 -643 -863 422 -230 -141 162 14 212 300 -74 533 -238 -890 825 596 -1072 1200 85 1810 515 15 -316 -93 -1146 925 134 12 -619 -674 1562 973 660 -458 -722 1236 650 438 -504 1459 215 -12 -628 169 -577 1067 422 470 424 -1400 99 -758 1438 1081 49 791 -418 -1135 -168 692 -1004 1174 975 633 3 17 -359 -913 -484 -384 -672 -67 297 -148 500 71 254 304 347 502 -2414 -96 -672 792 -624 -941 -33 -615 -215 412 -60 1304 -28 614 -530 -349 -408 -597 -205 619 -577 133 -619 -127 -361 -664 1399 -606 640 -599 109 752 5 -30 -1172 -132 644 353 -238 1565 88 -474 -943 -753 177 -39 
256 -63 229 -757 409 762 -480 730 -158 35 1272 24 121 -350 143 245 1279 256 758 891 375 288 -14 -487 563 -282 355 120 1082 -847 633 949 -93 -49 -939 797 -1406 -1642 -668 -1195 80 -1 -442 826 -167 -2075 412 -467 -169 -1016 -420 -250 -605 -228 -128 -341 -24 -44 460 486 -931 262 1021 -35 -302 617 1347 -125 -15 -275 1005 1740 1110 -1891 -746 -723 -152 -733 105 247 -170 1012 -349 195 -10 236 137 594 -1320 -226 832 -161 -91 731 189 975 666 848 -832 -109 -298 99 612 436 9 -896 -890 975 -259 1019 305 685 533 -160 -542 -724 241 -100 -194 251 -354 559 1157 -212 -1204 -901 999 -245 -143 -206 9 -963 637 -196 2337 -385 -975 165 549 -1120 -108 565 -517 -24 855 -91 -1374 -1414 -374 -688 -263 -538 -1062 -483 1440 761 610 826 -440 158 -682 654 78 -524 1073 251 306 918 494 625 -410 -282 -1029 -11 -545 -670 337 -1216 -74 458 1995 -682 -1178 -142 -357 -849 -164 696 -545 -535 -841 -88 -348 -241 -433 100 950 157 -1500 -436 -326 -1248 -411 -635 379 157 29 -741 25 373 439 653 1231 -110 1167 -468 -1422 1085 534 858 199 -201 -914 103 -630 576 -431 -76 -350 -475 -198 41 -1888 165 -11 -99 -191 -37 178 -190 -864 -305 894 473 -1306 120 -344 -57 -1035 364 1186 12 -263 -375 -559 -595 293 -555 710 935 881 -986 630 555 -1682 849 597 -399 1093 1056 1215 -356 6 -951 -304 -32 613 367 120 -482 96 441 605 598 3 795 -910 539 -919 437 639 -966 -306 859 812 1218 -493 1162 47 -700 862 -621 -105 276 56 -1009 303 511 -773 873 -1760 -150 219 -748 613 553 874 -1314 973 589 -647 952 -913 632 636 400 739 419 848 -197 1862 -404 -1524 683 875 425 -1430 -102 -643 -366 -972 -778 -431 549 610 31 -516 1222 163 780 147 317 -684 -349 522 -1185 977 335 -339 -429 831 956 -306 -1153 1142 -1463 194 -705 -540 -253 -66 196 1253 86 -1119 253 -83 1345 281 -531 1152 -332 -250 -998 -1261 -138 -133 266 82 909 530 120 1163 -879 -191 -243 715 429 -118 -375 
-47 586 -1016 -405 -1256 -76 -47 434 616 -873 -594 -1122 838 -1407 -465 397 1322 -806 446 67 -994 -956 -702 -415 -2140 668 577 331 228 661 296 896 603 -1447 48 335 313 75 -50 569 12 325 312 565 214 187 -148 5 -57 -654 -816 114 1397 691 196 -162 77 767 -422 582 -477 609 144 -1084 -1475 -605 221 -598 -691 -727 221 -1700 -1039 -784 -252 -395 -304 2649 -424 57 -673 653 -30 1212 676 -241 -283 -143 1565 644 1027 910 -1032 427 -1346 174 297 1992 872 -64 720 -1094 605 -280 -390 1045 292 721 -796 -109 495 700 -115 338 301 537 -1394 1113 -1257 -290 -137 -136 -576 742 393 351 -1680 -57 140 -752 -58 -149 320 -366 237 54 180 -644 -1353 -1057 -623 430 -312 -789 280 194 -1320 -880 1434 821 1881 -484 -48 1463 -717 676 62 -853 1879 -1070 -1896 -206 -412 795 -370 780 495 -530 -96 -482 -725 468 -1262 -785 635 -169 39 -230 -344 -71 -44 -331 209 889 -108 1642 -1483 -1130 898 47 -494 -262 259 540 1446 107 666 -271 -152 803 449 -438 -846 104 -810 -143 37 -722 -324 -1638 -663 -546 -1050 -389 -573 -388 936 933 -157 1248 762 197 -1126 569 299 -1401 146 -738 444 -1077 181 -1016 -736 -406 220 -1492 -649 151 228 -903 419 95 -845 562 -1660 -960 1510 388 136 718 -137 1009 -746 1312 1590 138 974 -367 861 -262 -981 -465 -531 -1111 -575 340 -106 -119 1260 -104 1193 -825 644 68 -680 -22 717 231 -127 -858 1546 -1206 468 1172 1311 -53 941 -209 -1416 -397 1083 322 -417 -176 557 915 -238 327 1017 397 -744 965 -196 1160 -1397 308 586 790 -516 -6 -163 508 114 177 -283 -1196 -1068 -1139 -1367 -1761 -980 -864 165 -785 8 -94 896 474 -25 -1059 48 -357 -725 368 -1270 596 150 -1124 866 146 -460 -732 1039 -674 1005 725 -2005 267 287 160 590 -1260 -205 441 -40 718 768 -766 874 -824 25 753 176 1248 -63 -1219 680 -571 -356 -274 -312 -421 226 -111 -411 1457 -1467 -24 259 -510 58 325 -135 -403 -547 -643 -656 2 -119 658 754 1566 383 850 -429 5 242 592 -384 931 
-716 1037 -330 19 -235 828 645 -457 -391 754 1036 751 -375 47 147 1000 416 -336 911 -870 1459 -808 -361 -189 771 -42 -862 -528 484 596 1177 -22 -388 -1996 1676 -525 154 -419 222 654 1471 746 -860 308 -653 -258 -545 -143 -549 838 1502 1074 993 -612 -456 -605 -183 -738 325 -933 368 556 769 -1230 997 4 -319 640 734 -792 -557 -851 152 131 -75 -1550 -268 -583 541 -111 330 -571 336 -53 324 -26 -120 478 848 -982 1009 -1548 -919 -505 630 1003 473 -27 -731 -1294 370 1072 -753 -1027 292 -224 -89 192 364 -588 -14 -812 776 202 -203 1092 -750 -1296 429 -797 -14 -230 76 -484 -97 201 -984 -358 -265 364 397 -649 149 -211 -643 -1295 -768 -579 1209 -369 1019 375 -424 -80 -2236 -1288 1172 -783 43 -910 -389 1149 397 -801 443 -861 -648 -375 200 -137 -676 336 891 -211 314 -56 -43 -541 1067 -673 -81 666 345 969 -864 -385 -766 -247 326 -664 -736 -187 962 -846 87 459 -261 294 832 -842 -254 361 977 200 50 357 -34 -743 1319 -258 47 -190 489 273 -1128 276 894 441 819 920 -11 1583 823 -549 1328 999 -321 -11 1260 695 -18 -349 333 641 -1675 -192 762 271 528 354 341 960 1506 1272 -477 -25 -1328 93 -669 -642 -623 -514 124 -746 1577 377 1223 -596 303 177 -951 -206 1731 -701 -330 -357 111 -76 -194 694 -72 -987 1126 897 325 -1575 -14 653 669 -513 796 786 795 117 -237 -2393 -1165 507 -803 176 -355 -214 567 681 208 -465 -540 -149 -1128 654 339 -284 575 528 -799 -876 -352 -1415 240 -93 321 -504 -174 -1344 -492 -940 -461 -1038 107 529 -48 -961 1072 -602 729 34 1276 1704 -412 -260 -853 487 160 35 -46 405 -10 480 261 1087 -390 -390 251 611 -487 1405 103 610 -927 260 -125 91 517 1149 -380 887 1532 -1416 -59 -1013 -2030 731 258 1096 -120 -1103 -987 -718 -88 -1293 -472 -513 -218 320 284 -158 -4 598 -734 746 1785 -923 305 875 -637 -6 -352 -511 -88 1443 154 963 -1108 -77 237 285 2102 629 -73 -1098 356 318 -670 -87 927 510 -614 -229 591 -799 
1167 199 39 -698 479 -1069 -1545 -914 -500 269 -634 -441 202 684 -553 -117 -250 -43 823 -88 -170 588 -648 452 -453 -314 -1727 1899 -1051 -336 438 -231 -1364 -1394 -755 -1180 -270 -1522 -101 -110 1208 -482 -262 -678 -315 -171 273 -1231 -1112 -526 -145 669 387 832 -326 316 554 -194 521 352 760 1307 443 627 240 146 -1039 224 1309 -562 990 136 119 1070 -263 -262 -394 899 -247 587 421 -776 -421 -834 428 -1240 -496 -1100 -1068 -85 970 334 1577 -404 724 313 435 168 770 100 1018 658 -229 -303 146 -578 -665 205 1020 86 -23 -139 -534 436 630 -21 -1246 705 32 -319 -193 539 -614 189 -815 -1022 -575 -80 488 -129 849 92 802 -708 323 -894 959 -819 -944 -434 -416 191 -901 -361 -864 207 39 -770 -110 297 334 421 -594 -866 -424 1016 -344 -976 601 -231 -129 132 -942 -646 -599 90 571 -1596 -1101 -158 376 -1191 -1240 873 -489 -694 740 -65 -244 510 354 524 -615 -1156 -10 -52 -80 -852 -312 534 628 -602 490 -610 964 -213 -153 -287 -735 165 790 1441 -987 32 1111 -218 -117 -529 504 -391 -245 553 866 74 -204 -1644 -1276 1202 1547 -77 -272 126 696 640 -487 215 -463 -1103 -555 -1118 480 1574 950 203 -1035 861 -857 -30 -477 1220 595 449 -601 -6 297 -21 -582 -571 -804 736 1558 906 -247 31 1171 -43 -316 -849 -447 -1255 1573 -483 892 -456 -1068 569 -123 677 -1155 160 412 831 493 -434 -53 -900 1220 -958 327 -1277 -806 -627 -64 -269 283 1924 -1473 272 -1082 -188 -203 332 688 865 8 1006 877 -644 -579 -77 -773 1700 -914 -409 581 445 -5 -181 518 645 1070 746 281 893 1382 -1303 -789 406 51 926 335 -2052 529 1028 338 -1558 -67 -794 308 1044 -1083 -1974 -389 342 -1191 -287 -226 -446 350 -934 -1188 -738 -1518 -340 -1177 328 309 114 -220 -1069 -1052 -443 -406 -1065 -430 -524 1425 779 -234 -1058 -138 7 132 32 -260 81 -72 557 -440 -91 649 1128 790 1054 -680 -299 219 254 880 -941 -48 -658 -162 322 929 867 262 108 1000 -1252 -556 1761 704 -780 87 849 433 1158 835 -691 
143 -464 403 -168 360 -163 1274 -330 -609 -298 358 -472 -277 846 1281 1209 -518 769 -495 -836 271 -1444 920 281 1100 348 1047 -483 -496 -220 -668 -1191 -1995 1477 484 254 1052 888 127 -564 -267 -711 237 -2 -209 170 532 -502 -378 1305 704 1310 93 492 160 -600 -269 851 240 715 -181 91 477 454 -554 346 -316 -1455 -272 38 -260 -106 35 242 995 -848 -343 -703 -490 213 -55 -294 184 704 1019 934 -663 794 -947 -389 -561 -794 -969 -352 -81 492 -359 -164 -215 -1513 -681 -634 214 -1027 -203 1446 -680 -1762 -1144 -1182 593 -681 523 -637 -191 -210 636 -655 518 25 -425 -536 388 -949 497 145 -627 41 591 177 -209 -450 650 -248 -1645 -1862 487 -350 -164 980 -580 -696 1105 300 -1088 387 -8 962 289 -255 88 579 78 84 501 -848 -3 701 211 384 386 1012 -1214 606 -808 -1193 86 344 -613 -804 -1357 348 382 1036 -282 751 -150 -302 -576 -762 -1007 -341 -189 -128 765 -687 -253 -74 676 -834 -679 -353 630 984 -255 423 -6 -379 433 173 -112 -246 -378 667 -939 444 -223 -340 701 -606 -461 -631 -351 918 1678 745 560 -703 -310 768 -428 -39 -71 -288 575 -176 -20 -326 -152 -819 137 1105 525 -250 1337 1310 -998 442 190 -495 156 147 -308 576 438 -182 -51 -261 640 -1321 439 -1038 -149 178 -114 954 84 1103 -409 149 182 192 -140 481 580 324 114 -286 -1294 -661 -641 -153 416 -395 -817 -52 709 910 871 -237 415 -222 182 -917 879 -448 480 352 46 293 -1190 -604 164 -666 -598 -912 456 -969 -52 -620 945 -562 -211 -219 -653 398 -562 360 291 -193 90 -809 167 -1060 -391 461 -257 823 -835 -440 314 469 254 213 -334 631 -706 742 23 1145 -1464 14 1422 -833 -1245 537 -1162 368 -453 836 668 -34 -379 -984 -81 -72 -913 155 -1058 -134 264 290 -182 -987 694 -448 -701 -1858 -303 -356 719 557 -465 -845 -268 156 -474 -168 406 -344 908 -1316 1831 386 29 -909 1207 -606 -679 582 153 32 -405 85 93 -76 954 266 161 -735 -776 -1020 -434 -26 -16 718 1125 -26 788 -433 
753 1366 414 328 84 114 301 167 16 1813 844 -779 -1204 -451 -599 1119 -148 -497 -1360 684 -717 -300 -348 -1591 -215 345 111 -236 332 -302 2024 319 553 -955 670 -406 -4 804 -569 -772 585 -978 -8 -221 -270 849 -597 -507 142 -1324 248 649 -900 712 -108 294 -1060 1413 107 -338 -392 -59 222 299 -2145 -394 -682 698 327 -1413 323 -235 -382 109 324 618 -156 644 275 -1906 189 -189 -95 641 1086 -633 1040 860 -84 486 -889 1311 -298 -693 -357 -199 -435 736 264 -655 -590 200 -276 230 -1048 651 396 -978 998 285 812 19 -551 -1101 -640 1164 421 -92 -326 -279 280 536 66 -816 -283 -92 -802 -836 529 1721 103 660 1495 -782 -132 -63 458 1190 -1154 -687 585 -1435 -2018 668 -1448 -636 -241 -552 1781 774 -234 -182 397 138 340 -865 -574 -166 91 -392 265 -508 981 -248 -18 151 985 -131 -1076 -1955 -1167 -436 -69 -564 -1276 -499 298 257 1672 -392 -176 -1699 -941 -150 -284 -158 386 -1349 -73 186 -307 -408 833 -784 -24 1010 -690 -1774 86 505 -238 -1295 774 220 239 389 -392 -1190 -506 -200 510 -1047 -950 726 -444 9 -648 360 -100 97 -1210 -293 -900 -1107 429 119 -843 -15 -740 -403 873 197 115 137 -463 774 590 803 1820 -1218 -274 269 828 626 -318 485 -2273 19 1089 -1361 225 451 -347 -40 -369 -207 1017 -494 210 -566 -608 -469 758 73 902 845 58 256 -1164 -741 -124 403 382 -1383 992 -645 -40 841 170 -1347 655 -573 -181 -390 87 -201 -517 -861 -315 -332 47 481 -727 -87 186 -225 -68 -678 39 1063 -582 -967 416 -605 638 -239 -1289 -516 192 -1290 602 436 -564 1220 -917 -429 676 -1185 309 -360 180 914 -397 -1459 215 -231 -1860 248 129 -1678 159 -431 -94 -651 -34 -661 178 507 1245 255 -554 187 82 144 380 1407 -373 -161 63 1264 525 -618 24 -514 1002 -717 -241 590 762 415 371 409 598 1326 746 -345 -922 -322 288 550 -434 -494 -193 -321 -510 -1289 -787 1015 -933 -612 -979 654 -1285 701 2 979 -572 -858 777 665 -920 216 133 950 554 -1457 253 -927 -43 -753 
-968 143 -83 -1099 -10 -427 -1199 1151 -179 -639 -180 -18 1849 -29 -172 1079 308 1662 -1129 1384 23 153 397 1400 -132 -207 78 51 -173 -336 438 -671 -890 78 381 589 705 430 -885 -41 -484 -203 -440 653 884 -1260 -251 -879 -184 -1152 153 -411 -775 -817 467 -1127 -731 -1930 1460 -540 73 866 -236 -640 1286 686 -774 838 92 -492 -1984 908 -1474 -541 -681 -81 -1322 -9 685 -1600 711 -843 -667 900 1396 431 1126 -1292 -255 53 1542 667 -892 302 -47 -41 149 -965 -262 -670 327 413 -803 130 1512 113 806 934 -1782 -85 490 -103 -23 171 30 -464 -140 -412 168 1447 1169 -804 -157 -334 452 -683 -608 -740 -360 -676 485 277 -318 53 891 22 -789 884 303 72 -182 -403 568 242 -518 -1082 -583 196 -120 168 250 -143 747 -466 -506 10 -328 -2164 160 309 -523 1071 1073 69 675 169 -140 -106 -97 -1020 -809 -38 197 507 -1111 822 -22 -43 -170 -1495 -474 929 94 537 -409 115 993 1097 536 164 -338 63 22 647 1371 -1618 198 -850 -316 196 -326 -842 740 -478 622 459 -841 -110 163 -852 -148 547 1673 1118 -286 -1480 -98 -109 830 600 493 -457 948 116 -716 718 -490 922 -362 658 5 -766 459 755 -1301 -386 -851 -93 -466 1145 -160 -619 -785 -67 -658 950 -466 624 -528 377 -1032 -756 1129 70 -169 -33 1162 -139 322 -1138 710 1457 -1198 -910 1219 -256 -492 -58 -311 731 153 -267 1206 -202 -423 436 -769 826 714 585 10 -695 -660 -1331 -1600 137 386 889 -81 499 1315 641 1588 1094 -91 -424 736 385 -274 -236 873 -286 644 1172 727 454 -331 -226 -1409 974 337 -1213 -1054 -267 222 -592 594 193 -1953 -15 443 475 336 -343 144 420 -200 71 788 481 -175 950 -113 1276 -492 -110 614 -870 58 -297 978 -1009 -1707 -632 790 -600 549 -129 -696 231 -820 -482 346 -1366 20 -215 78 -652 -265 -687 -222 604 -66 437 832 486 -318 -1727 1369 -263 194 258 177 -795 1008 550 183 1096 723 1429 862 32 265 -437 -31 942 1779 894 499 162 1290 -881 720 -149 -772 393 -636 302 -96 202 
-479 -309 -298 -173 -153 211 108 424 -788 1086 1943 652 -128 344 -1103 236 135 405 458 1593 -302 -1851 -59 -800 -519 -1552 821 -486 -822 565 44 265 -522 301 -227 -916 -408 905 569 488 629 -218 -470 409 514 -488 1424 1000 1131 -195 85 -226 113 -917 536 417 1742 277 -25 -367 356 629 -498 30 670 -123 -380 -1334 -1899 -439 -1432 1536 876 -3 -474 -334 -311 -195 -333 -1040 -713 -1056 732 330 713 814 824 347 -401 1057 -104 1198 158 1043 -807 -1341 -1336 -327 307 641 267 -330 405 -589 758 -1001 556 406 98 134 -18 -414 -656 926 552 243 -278 862 677 -513 1341 622 1204 459 -326 -139 -444 756 465 372 -232 -1096 203 -1159 -84 -1211 -610 670 165 -20 -561 288 1012 50 -180 -147 -165 -64 -666 600 327 -906 -909 70 131 64 328 71 -2131 315 551 -65 30 -658 664 726 1042 -428 -871 -781 499 -716 -337 -1372 -1079 -1249 847 -665 -402 -506 -795 173 41 1238 -768 -696 387 1033 -343 -382 2434 559 -1399 955 -612 596 202 -636 -449 -1456 -80 -592 1745 -386 878 -156 429 -1454 756 407 -1552 -697 -305 -295 2068 1623 533 -456 -166 -141 -629 398 722 -1348 -1571 718 1368 1570 -521 333 -461 959 526 -790 -1849 -180 -216 747 -145 -905 301 136 905 244 1014 -915 -80 -987 710 -437 -558 864 -292 -1136 599 273 1 72 -222 1359 534 -80 -75 -828 -232 144 -528 471 468 -1434 -948 736 -1121 403 84 238 -823 -260 -662 2279 204 500 819 327 100 28 1410 -839 1344 -663 -763 -760 -567 -344 1134 309 53 303 -751 1431 557 355 -709 -688 317 -717 1384 -292 -139 -194 -373 1368 262 -639 1123 -305 -569 432 1147 259 131 230 -1000 -535 504 -154 1125 -232 -326 -1280 1112 -425 -583 601 -344 -185 -513 1205 714 53 483 -104 248 -1425 730 -324 743 514 696 598 -79 1006 -721 898 298 -568 -1193 1263 153 -563 -564 -170 232 -717 -235 -250 162 104 624 1276 -71 1381 653 57 -1891 497 -1354 1486 589 480 -727 -1127 -314 -599 715 722 860 135 -538 295 389 1404 -915 -402 -119 -199 397 292 698 -401 
38 -919 796 -1930 1444 312 853 865 557 -66 6 -164 791 -807 30 496 771 566 -1137 -61 -591 -700 229 941 400 888 -1243 642 535 156 493 362 364 -271 -124 434 256 -37 -1071 -1224 -1601 822 460 1099 -33 36 164 1492 -1245 1743 -1255 -177 -1273 181 -960 2 11 1419 -652 -768 -1075 341 1165 482 421 1366 438 -110 823 -252 55 651 -414 639 -795 514 -2616 -584 -543 -659 300 651 -87 -20 41 -508 -449 -214 -1084 2359 -1045 325 -903 1329 883 -693 888 -774 119 -176 373 -438 113 -134 -684 -621 689 -174 -624 -650 -303 933 -85 -344 335 -242 92 -273 741 -150 332 1017 914 -195 -183 631 -356 1266 -572 125 -97 75 93 219 631 933 250 -186 -752 -433 1459 -254 2102 -607 444 471 -554 -88 -939 200 -710 -748 364 218 51 1325 216 -911 -280 -728 940 875 1367 -462 -127 -61 418 219 -67 682 197 191 -514 -473 -946 -101 508 925 -375 -896 695 -1058 -338 160 75 -234 453 -161 -741 193 -144 -712 96 -584 619 140 -181 -85 -718 214 266 -605 586 697 -262 1065 34 -630 -1278 -264 327 -341 -218 -394 -758 -562 -1086 831 514 105 610 488 -308 -509 1026 -132 300 827 -40 -82 293 1668 100 -949 -69 761 -130 -250 1167 -1818 -616 169 -948 258 -667 -447 617 -24 -423 -564 -41 101 -376 1489 241 -112 178 807 -1071 -604 -473 -989 -430 -363 -514 971 -705 1008 -1279 -358 -336 230 -393 -57 801 -170 563 633 196 -379 699 1398 -6 -185 507 -493 631 -663 427 -37 901 155 -607 860 982 119 687 -500 597 1401 16 377 -331 924 287 -235 -122 -661 -1266 -1444 1104 -397 -180 -842 -259 315 -329 -767 109 -973 16 190 -960 786 20 -946 232 -978 -692 -761 4 -1023 691 -405 235 -1195 -194 904 367 -312 -50 -562 1029 -100 1417 -514 -524 9 742 -854 1476 -856 88 972 -554 -1 206 383 1107 735 664 1544 406 399 114 -334 1243 -39 79 -1031 -643 964 645 948 -648 -413 -844 927 944 -523 -1179 188 -687 104 -1085 -750 -1165 388 249 130 -644 -128 406 357 440 -548 214 904 -473 -1142 
127 234 834 -1245 74 -1280 1244 -132 148 112 -364 259 -870 415 -107 -750 64 1178 -918 126 -818 -357 -1029 951 -903 1714 -186 -803 380 230 -1189 -471 1289 658 -256 -1622 837 20 265 1021 -323 415 268 -52 978 486 -672 -296 -1226 67 1489 -907 137 -269 1299 810 -556 275 28 407 -592 383 -855 -598 5 -228 128 -1497 624 622 240 -424 144 62 329 98 -905 -117 -1503 657 65 -888 -1379 -1297 -576 773 83 -85 920 598 -75 -606 576 -883 394 -317 -340 548 -456 1093 -534 431 -271 332 929 -504 406 -90 754 605 -83 785 130 988 -1568 -219 -623 -540 537 333 -286 12 -943 995 -484 -17 -772 583 -952 1099 763 716 127 82 367 -160 -106 -432 443 13 769 1290 1257 -2223 222 599 321 195 1371 -537 787 506 -1214 199 11 -512 -1337 -1260 527 391 -167 101 -909 969 -508 -379 638 277 124 1145 122 841 611 -1004 -398 -434 -568 357 -857 -19 -37 -726 998 520 1880 -832 300 241 -901 371 1333 -381 903 614 -1005 583 -291 -899 -288 1055 -337 331 -494 2 -1610 1062 1844 887 560 462 1249 -519 -434 -890 433 -514 -979 524 554 1129 281 326 -273 -1047 160 -36 -609 66 321 -851 88 525 -46 -482 -425 -2 1577 -966 44 250 158 486 88 176 197 304 -472 -866 -569 -971 256 592 671 860 -775 605 888 -197 537 330 -995 330 630 673 -85 527 -386 964 718 -339 -1241 -612 -1397 1301 658 -28 -1236 -115 -1610 171 -250 -981 241 239 520 589 940 444 -149 454 835 -28 -325 -270 -1749 -208 -1524 -558 156 542 484 759 -520 -258 -248 397 1239 828 -41 59 -406 27 -192 -1157 -516 470 -915 -932 691 397 -116 -686 1230 -817 -1154 -669 -2011 806 -559 1093 1447 -473 -320 166 -744 144 473 155 41 -612 -408 946 1417 -953 93 941 678 1158 1288 -254 -630 -86 481 -242 311 -466 769 -472 469 -923 265 206 411 346 -1734 -1107 -224 -229 -1123 -1091 -958 12 -228 -172 1670 5 -757 -97 103 -921 -184 -99 -190 -1520 -375 428 -121 -81 324 3 -625 707 -523 601 1180 -564 -2016 -221 -12 310 
1061 30 -420 1445 1423 618 963 -774 681 65 543 -56 685 422 267 -727 148 -749 417 19 -125 945 -110 943 -803 -258 577 -754 -409 477 -717 -418 -564 -229 -391 -400 356 -762 685 301 143 32 1017 -316 655 -575 -119 1658 -1714 910 607 -888 -99 759 1050 397 -381 -221 -194 -374 -948 -450 1658 -1148 1202 -350 237 -791 597 189 149 -386 1051 -470 105 -768 -812 -466 -691 -387 -560 624 841 1057 -798 951 -346 550 869 -727 -1133 462 361 930 1086 -187 524 880 348 706 410 92 -367 -306 -316 -990 -297 -889 1039 174 984 851 -51 -474 -435 -859 -240 430 -240 -220 261 -718 -1272 -1134 484 -856 692 -268 -649 -58 181 1284 1638 41 -112 1347 70 372 629 -1157 -976 526 -560 188 1472 1087 -371 -668 1226 428 787 -1560 455 892 -205 191 -216 -1543 139 -197 -52 -191 -161 670 602 327 -252 -348 -222 -347 -471 -362 46 -1133 887 -493 867 1087 -148 -1098 1269 127 -906 -1399 -610 490 125 -212 667 669 563 269 -2 72 -151 927 -402 344 -36 838 587 -263 281 -132 -544 -12 282 1063 342 -312 430 -48 -398 192 971 -253 -233 -367 -900 -1146 -344 -600 -1723 -332 -1055 602 -423 -342 -411 -163 9 783 -332 321 462 278 209 2014 669 104 -450 1587 -856 124 362 0 -555 -420 556 961 141 -12 353 -23 781 607 1 -710 -858 -222 -289 285 579 1149 1009 -322 518 -95 950 -432 -1289 1101 15 736 -420 -197 -222 638 -51 -665 -162 31 556 284 -203 -661 743 877 390 -932 -116 -1024 -471 -339 368 -178 -189 -488 326 138 428 -656 -734 -332 665 345 1382 409 1313 -705 -104 -789 -356 136 -345 467 396 63 16 285 -1448 42 -373 47 310 -944 -558 182 -2024 -365 996 -996 102 758 819 593 -725 393 673 216 -279 -55 282 -208 780 -1107 989 -90 758 241 653 -232 240 -527 -437 400 804 100 342 -82 920 325 -797 243 -716 971 -700 862 -266 -173 -663 -150 996 420 457 79 233 337 766 -277 -1296 -1152 -1055 -36 -900 74 491 -850 403 414 -441 270 -978 815 -637 -810 -1294 753 -636 608 
646 -128 263 1324 33 353 -196 -403 -971 1057 31 9 112 -179 289 318 -601 79 230 -1214 387 27 352 824 471 545 -396 -474 2131 -141 238 -350 1642 309 1278 369 -372 -682 841 -1528 522 -348 1184 -745 -514 -319 1140 842 -501 629 181 119 -38 533 -1360 -418 -1019 -151 1135 -511 202 543 -183 -230 -562 295 822 277 396 -121 -135 -538 -638 -241 -793 -1006 678 217 11 841 -471 -204 -240 -981 -803 -252 1253 539 2258 611 1393 -1670 124 699 -736 594 -460 292 457 -458 1376 884 -234 -1666 696 -42 450 324 212 -935 -265 1095 1243 -862 756 1396 -672 343 -38 -201 1496 31 14 -840 545 182 281 -1388 747 -526 -1241 -163 659 671 751 2 -96 482 118 1133 420 -201 -767 1000 511 -202 1480 196 347 -23 259 586 -88 -732 -58 -606 -55 186 998 378 -665 -221 546 -888 181 298 -181 406 -832 338 -395 402 -1108 -1208 -1233 -452 128 -53 -674 -501 -2 899 78 -1380 -481 -89 788 1323 -304 -1167 155 488 26 -1551 323 2191 149 -381 88 192 988 -277 121 -968 -1289 -1212 565 -188 -198 50 -536 540 421 1024 442 -567 -1058 -633 -4 258 -319 -654 1006 -1035 -276 -312 -481 363 394 -246 190 -900 -217 -1248 -706 1904 37 801 -799 20 -1139 -34 -236 412 882 495 542 -220 606 1055 -535 40 38 666 -540 1057 -503 621 418 -765 -852 -1332 1255 -529 535 467 -370 -1391 -123 -527 -668 -1165 -854 23 -280 -667 -54 -283 303 1042 -1008 -54 -1083 30 -364 57 -156 748 129 -420 2233 -387 273 1422 804 202 -1257 -590 -650 106 -571 -27 728 -336 338 -32 -1127 -645 -516 -408 -1370 -899 455 -49 -164 291 -589 141 682 797 -336 1381 -222 -270 -1796 694 977 702 578 410 -902 282 222 -559 264 216 1010 -390 -890 -452 482 604 -15 830 -471 -608 2059 -151 404 -396 326 1307 -576 -1197 243 -1265 111 -98 138 -926 -73 -127 431 -2 146 415 -220 -1034 -109 186 1677 808 -176 782 183 -62 -460 698 -812 413 -1475 463 1237 -387 355 755 484 1599 -464 -695 881 437 -689 46 864 560 -143 1915 -787 -1625 
-285 1082 333 -326 15 309 841 226 -331 -138 -869 -196 300 -92 -781 650 981 353 -331 118 -1255 -973 -15 902 296 -15 -121 -952 -112 -102 -253 -153 -34 400 -274 -741 -105 549 -1531 -196 317 -513 -754 -2142 -582 1101 267 64 202 -1249 -24 -732 -483 -407 211 -844 56 358 515 -364 15 474 5 1394 -415 -511 -35 889 356 -620 -172 -726 640 567 -341 22 1863 216 -203 -1757 592 503 433 835 -411 465 -824 -54 1635 646 24 110 557 602 820 211 -755 -928 563 -281 699 276 -935 520 346 1352 729 513 -176 582 687 175 -1507 -452 94 751 -233 -272 518 189 -9 334 983 560 183 -561 375 -366 148 -1915 -4 -184 -617 -832 -266 824 197 1286 29 341 640 -2058 -165 -583 642 462 955 -788 603 312 -73 -96 310 490 575 673 -703 421 -827 -674 645 149 250 314 -199 -1152 700 1287 -256 2112 -388 -223 -471 182 1224 1812 -101 420 -799 1475 558 -828 -400 -153 -99 -357 712 -214 -22 703 -660 182 -1025 -481 -1388 -814 -13 51 -227 756 947 225 -341 -1447 -49 -153 -435 -420 481 329 -863 -1210 -279 -647 265 -317 -197 1 -482 -754 43 1337 -963 179 -365 642 -825 1952 639 493 347 -947 147 115 258 222 1044 -1036 902 -663 128 -287 -183 -939 -509 -1299 -362 -692 -320 762 104 -695 -1944 -935 509 431 118 -1851 940 252 -713 557 706 -971 254 93 -271 -295 -174 -686 810 1107 1060 -573 -270 -1008 648 -928 -311 1436 -1354 -342 -863 765 9 -428 121 -1198 -159 -1126 -60 174 1740 443 571 -154 -545 500 209 -763 721 -284 43 -809 -205 -520 -234 629 46 442 29 126 325 266 -767 1224 92 -1305 -283 -416 661 426 828 -241 -668 -172 -1094 -1373 272 616 523 457 -110 -1400 -304 -310 729 614 -713 670 900 -504 1236 -523 706 1019 -1359 226 -801 156 -55 242 -1052 -417 -277 -1072 -39 -430 -1127 -385 223 -88 1474 110 410 576 -395 172 89 -896 -598 1046 774 -225 -1447 -233 -41 -1435 288 -346 154 -193 1292 162 -346 893 159 374 665 179 925 1220 -783 368 131 -491 -542 -1135 -717 473 
-216 -2902 -665 -228 -888 -714 175 -875 268 1033 -241 -1007 218 1055 -823 13 -852 376 -397 364 93 -726 -467 571 1720 818 711 -606 -1351 -440 -115 -1272 -1078 -381 -136 525 150 183 -343 -214 -727 361 -157 -246 809 1076 -397 129 -1140 2747 -222 1926 -696 -650 998 -796 -187 -841 341 -368 483 -476 -849 879 -519 -562 -305 78 -927 856 -893 856 -764 311 176 1204 478 -420 230 -771 -652 378 -1581 1527 -1280 697 281 -289 478 123 355 132 -118 -594 -390 402 1368 -653 1080 -212 412 -275 229 203 36 -163 168 -273 -593 -657 716 -566 238 -353 -818 -205 -328 204 -677 -293 411 -335 -262 -750 759 374 1190 227 -262 172 924 420 525 364 207 1231 -1029 511 1081 59 444 335 608 -772 99 -60 427 541 1586 161 184 1113 -243 -115 -250 -18 139 -559 991 1161 -100 140 -455 800 -220 275 182 32 -143 -182 -734 723 -155 -670 738 884 -92 -1266 -1315 -1884 242 -12 331 1270 99 -1125 171 -248 16 1678 41 318 -149 990 60 -1290 172 502 -248 658 349 -793 -432 -124 617 489 -750 -736 168 -585 935 265 -1229 -2059 1113 -338 286 395 801 -352 -77 338 1090 33 1497 -1338 2055 748 781 170 -416 455 50 -181 -76 -162 -377 1048 -1068 242 1429 -871 592 501 -1471 845 941 1095 47 -352 -459 -215 -444 875 -675 -275 -576 1648 -488 -1651 -140 -226 -260 637 212 504 502 114 773 -236 169 107 -838 56 764 -660 193 1 314 -503 1188 31 -758 653 523 -805 140 -359 119 291 625 -526 -749 -320 1115 -393 1338 -1317 533 -203 66 229 -464 189 -860 991 889 463 -65 -119 -1034 18 669 -1709 863 -896 -1507 -148 260 -316 1569 -351 -683 1247 164 -301 395 -574 270 661 35 588 -132 309 388 -66 1118 676 1276 297 924 589 65 749 1621 121 -507 -335 -214 -335 301 -44 -367 -2 985 644 -271 -182 403 888 1015 -425 808 38 -486 -1060 74 237 447 67 -478 92 -10 793 1467 -455 305 -52 -288 -575 -1112 -1006 501 137 -943 720 -138 132 657 1180 23 156 1421 756 -179 -36 1031 -525 420 -778 
-995 -30 59 -554 -1282 -243 -1204 -266 -270 439 -854 1002 -161 -401 -358 706 -307 -404 236 -470 598 -121 1097 -480 -779 -1284 503 -100 -221 -680 311 -1079 -204 -434 715 -171 227 -975 1816 -207 969 1018 1118 351 188 507 54 614 -1096 982 -424 -75 784 495 1204 595 922 -1852 316 -903 287 -1860 -1024 -1362 674 -1129 506 -1197 783 -1156 -601 -98 -268 325 1032 -1667 -1106 1356 736 551 -1022 -693 -841 110 -872 983 2026 498 1397 -873 618 -186 -856 21 515 -1184 234 -8 364 -726 554 -123 1011 -455 -535 -469 640 -519 -170 -38 634 482 988 -130 68 267 -37 -366 -1411 236 -335 537 161 -366 3 525 520 1338 -171 -437 -664 218 751 -1970 -89 298 407 -205 -147 -1435 -949 -735 -333 -366 154 -334 955 -943 1217 -429 199 66 859 -1075 -658 -876 -963 -585 1135 -63 1067 -71 -323 1710 -1321 -458 -1479 -68 -1638 997 193 769 -267 97 -228 619 237 300 -644 199 -54 548 -3 985 323 -569 960 1137 1046 -24 -317 -144 819 656 -80 -971 -288 385 509 966 505 169 -116 666 -546 1902 1716 311 -1090 -394 -809 526 -1311 195 594 76 -1360 2165 -69 -1676 -177 66 524 -175 -35 -1195 75 -248 -705 -57 -845 1116 541 309 194 360 -497 1527 -1429 489 -1617 -30 -198 -637 1323 -506 -282 -790 67 86 -872 -331 696 1189 649 -284 -291 657 -1739 768 840 568 -642 -105 -172 413 88 827 -572 -174 -283 362 -401 -419 -98 -431 217 -475 -1468 383 -900 -385 -1047 -34 -1021 -363 -52 102 -747 -149 -232 357 1364 -257 541 166 -578 155 -388 29 1213 -815 128 -955 19 -424 -804 1573 616 812 -185 -1134 -232 144 -23 -57 84 859 -479 258 494 959 -726 -1387 1347 1144 1110 477 130 339 -1306 -16 -572 -455 279 140 372 -430 467 -690 -282 -274 685 -277 -268 799 489 -417 451 273 1646 914 -891 274 -76 110 -2 -75 -646 -148 1389 -18 102 741 -1146 -386 1481 540 144 1102 -820 -1183 122 -398 -1325 158 549 -483 -479 -357 -545 1056 -183 1347 -451 -721 345 346 -487 -655 510 512 -172 28 -72 445 1202 1059 324 277 
-1564 -485 77 509 147 318 -346 404 555 268 -1026 751 13 -1015 146 400 -109 -751 578 -558 44 -350 149 347 335 -257 -424 -500 113 -1034 -335 -539 -24 -1219 15 170 -1022 -261 -1344 -28 64 -785 -374 96 852 -1071 439 122 80 1093 -108 -225 673 -568 456 -629 185 -799 -1118 -168 102 -1337 919 546 309 1311 262 727 1067 288 -173 -347 -430 -706 -798 513 -123 -752 411 -209 -419 -130 501 310 -1247 -374 -714 -35 -531 -232 260 319 311 -434 -1463 160 812 -826 -82 -189 607 -105 1723 -707 400 -1784 74 303 67 138 453 -628 -1360 398 -529 171 1232 435 -214 -154 -410 -389 -892 1894 175 -1003 -18 -1117 -148 -424 157 -1069 478 -357 -466 165 -815 536 1015 -156 -776 -290 452 -759 -359 -266 221 212 148 556 919 440 -185 -520 307 329 913 675 1131 1238 640 267 208 -143 1288 417 335 376 -451 -913 -1885 732 -640 451 -848 935 871 323 -141 711 -404 841 939 1285 -962 -1811 490 924 -657 -544 -878 -591 19 -135 224 -653 151 -526 212 -537 256 88 1291 -11 -1566 -238 -864 -443 -98 -539 -701 1337 360 -866 2 -539 610 797 652 -1562 178 381 418 -266 -658 132 603 -163 -60 -1253 1227 -1231 -568 -672 505 212 -119 1318 -246 -9 -416 417 -93 489 -168 399 114 363 1000 -1520 956 -749 793 -180 933 -91 -652 504 -408 -288 521 -249 -551 -196 603 -803 85 267 -885 -319 -554 -67 221 -772 -585 -358 76 700 -346 -275 -289 496 -213 397 -1997 317 -232 -1222 235 61 1272 -983 410 -863 1847 293 892 346 -13 146 -83 -6 1497 1011 1351 -440 -129 -866 278 -155 229 114 229 205 -768 -414 -660 352 1715 1242 446 828 -567 1791 1267 -1265 397 -543 654 -1021 59 -408 588 2057 -386 1389 -395 -462 1601 -414 420 -109 -499 341 291 0 795 348 836 105 -342 217 1602 -206 264 269 444 144 158 -1129 -252 304 0 715 -154 -35 -755 759 -1014 -707 291 210 -59 -309 -171 -1472 598 440 -526 375 436 449 389 127 -1254 -827 821 452 446 -42 104 1169 -763 -376 -33 -1037 1979 -428 958 -119 
884 -611 1740 314 -507 -897 -662 -900 -8 437 292 591 -162 475 -983 273 -981 584 -315 -281 1100 -471 210 942 -408 267 296 -69 1602 384 350 879 525 187 529 -866 1056 -996 1834 -499 -762 -52 397 -1455 -126 -932 435 586 -949 -610 570 -305 449 1458 -536 -177 -158 187 1969 -157 346 -9 -1105 1722 -409 1661 -78 -169 -789 -149 1046 -211 -1163 248 1025 -1788 -111 864 778 -521 -700 -548 118 -225 847 450 226 -1333 187 66 -544 -18 -905 615 -1765 1112 58 1013 777 -140 -865 -349 -808 1463 548 -40 384 -180 206 -72 118 -633 401 119 1336 -752 -834 702 -657 -361 260 1187 -192 -184 487 487 926 -1118 1089 138 813 1170 -300 -718 -1012 1963 954 -707 -385 -563 -260 136 -888 1046 205 1347 -62 -1253 -156 1130 470 -286 -697 -33 -709 -281 494 -524 693 592 463 -713 -1143 124 -689 1359 608 -1053 889 -1179 29 -71 -593 698 -773 -672 643 -649 236 -627 886 632 -101 1076 465 -194 93 101 -721 1438 1430 -688 175 -778 1378 -114 702 653 -239 1039 397 -510 -119 82 -595 -427 -1547 -808 -569 -504 -168 32 -1431 229 -653 326 -307 -612 295 -295 -257 798 320 -1209 241 -1554 183 1142 -861 316 645 -8 -5 -419 91 484 390 94 -528 -249 527 147 -459 928 1820 283 -314 -84 9 304 -285 -371 558 -708 311 -91 1005 6 624 603 243 532 93 283 290 -70 -160 -181 384 -315 -720 -71 -1760 -1302 639 1096 171 -274 -98 -320 389 -306 -497 -186 -338 1302 963 1380 243 -49 35 -495 -335 959 542 -1462 -644 672 704 -122 -782 1390 2295 452 1109 43 -1290 -401 -529 -1357 367 -718 1128 453 300 -1067 288 559 380 437 338 320 283 1421 45 837 -537 -506 74 307 -673 144 -1428 345 941 -696 405 479 394 -1168 1865 1688 1906 196 -559 -1054 -782 -782 -243 1698 1411 484 -240 -16 894 -18 -489 497 538 75 -384 -1170 -46 -1425 -250 -942 -1444 405 910 504 -1101 -217 -704 -253 -473 -742 -44 1369 -432 380 328 -1125 181 -488 -1409 -1317 175 -493 35 -381 -923 -516 1159 -768 -2533 173 259 565 118 -1414 
-176 273 -103 300 -34 889 -1364 105 -536 -561 -15 260 -24 -769 -116 516 -1316 -955 -520 684 -461 639 -198 849 2 36 -1316 225 -362 841 283 572 -765 -289 1042 -168 -206 885 324 1201 1078 480 24 -870 12 -54 311 -235 183 1155 -2027 498 -461 1847 -847 -127 1057 -810 -869 -72 -431 638 1318 705 176 -352 -188 132 -335 -737 514 -379 187 -284 2019 -669 585 204 550 -322 -1446 -530 306 -301 40 -1614 114 -588 1599 554 -948 -152 -78 333 -678 466 202 -170 -465 -661 854 45 568 1297 448 458 157 -1498 770 278 -988 -372 -819 231 714 -439 -1990 751 940 -206 252 400 -517 -1173 -107 -73 791 498 -106 -292 -121 170 -1556 -1487 -560 974 1193 355 44 1404 -192 -1113 -158 1278 -771 -2103 826 -706 -907 313 -150 -239 312 214 -368 -89 29 640 -130 -745 483 -32 -817 -1269 -285 -984 773 339 65 -581 -622 -108 57 190 -216 -508 -457 -251 -694 1225 14 -1091 325 -349 28 734 205 1122 346 861 862 -221 251 529 611 -363 -884 -112 -53 -340 -571 -1024 859 -225 -374 -350 571 -1236 -293 774 -24 -1037 -164 679 721 992 -940 -722 -1361 -541 -71 -936 1382 329 -947 758 128 -307 614 341 919 456 652 659 -920 -615 514 1088 217 1444 1138 -12 190 855 -112 852 421 -621 -152 401 696 507 -364 -338 267 -58 -161 96 -436 -623 -776 249 78 50 -532 1601 755 391 -1107 45 1194 -100 594 -654 873 620 1213 65 473 -325 303 564 470 38 847 919 -337 -885 105 -642 -1470 405 207 608 -352 -1248 -256 349 -670 -1618 -1312 -799 -1262 -925 344 -380 57 32 556 935 587 156 -433 879 -280 197 1392 -84 -867 -1429 343 -313 -169 -414 -1443 705 -851 -696 -1407 848 303 -81 -59 -1124 -612 -534 335 -400 863 563 -154 -388 -718 -539 518 220 -581 -880 -52 364 -998 676 -1569 -158 -2 -381 -196 -378 477 -871 -391 613 -406 252 -748 2266 -271 937 268 -1586 -410 561 474 169 -973 669 801 -662 297 -571 1598 1481 -415 271 306 1802 -939 -659 -345 361 23 -733 346 -285 -49 536 -281 -679 986 -12 
-547 -436 -310 -2487 -337 924 -1605 1602 -1129 -198 -851 346 -452 872 -356 -260 -76 37 348 517 80 1655 17 286 627 293 -1546 -89 628 26 43 -625 -674 -827 740 594 -902 -455 -603 -769 -260 -420 12 -1529 400 709 -464 -1879 254 -1706 1380 -508 -190 -1246 -15 -316 330 -448 -144 92 -583 384 352 488 -161 -428 -1087 -72 418 39 -807 863 863 -31 379 -673 651 -857 817 -1046 338 92 -24 -1796 -215 417 321 -1522 27 -680 -591 -980 686 -667 481 -634 325 625 -550 632 534 428 1159 -93 -593 293 -177 64 430 129 -1177 49 -414 -565 -1097 -408 337 -433 -28 92 869 -893 19 -1970 -1842 1839 222 -1232 -682 -1740 -321 -159 781 925 -1024 170 -274 -560 634 643 303 894 656 940 458 -118 -390 359 -466 -160 70 212 491 -308 -682 353 1521 1096 159 605 -306 -1501 944 -1082 -961 -425 -810 774 2943 406 1037 -98 164 -617 -290 1063 88 -864 -1162 534 -525 -1444 -257 -265 -202 -517 729 -795 -214 245 275 -197 556 -92 -139 615 -105 180 -902 -510 1583 464 -361 -1801 -781 -211 -1434 -788 4 183 -19 1086 1498 241 240 475 58 102 -622 358 9 1258 287 70 -703 421 524 -526 267 -1173 -385 1120 551 1201 -69 -258 1404 1845 -50 -302 932 33 623 1181 -1335 671 1461 -343 667 170 -187 105 1147 -997 349 -1618 777 790 355 -940 174 -325 220 643 -253 -275 -103 -1296 -869 644 353 -570 -847 -1573 -577 -734 314 523 1059 1371 899 -23 -185 -1807 150 193 -1399 166 4 251 1488 -143 -424 587 -612 -1110 108 -1049 -263 -398 -744 -382 -625 -464 -387 -1017 -2432 1428 448 254 -1097 -792 541 456 -349 139 -1339 -368 -997 -437 555 -1046 10 -171 265 404 -492 -513 -418 958 -876 171 763 423 -548 489 -465 -303 -178 171 100 -624 -169 674 -142 1008 401 1150 445 709 203 -574 -160 -908 1442 -1649 2041 -563 90 1269 443 879 233 -1357 -76 101 -377 -50 803 472 157 -1069 27 -104 -558 1680 1262 -282 354 883 412 -128 572 -715 -93 542 -527 164 111 809 -352 262 98 -217 -210 -499 -82 -228 326 -456 
792 618 -275 714 493 -376 -782 -596 -778 -52 -232 -208 1320 -785 1774 -384 1196 -920 -499 458 1155 230 114 108 -301 -300 -465 718 1234 -682 725 588 2090 1990 -812 31 142 234 2611 449 370 484 -779 427 -1440 129 1251 747 -443 -112 327 -481 -297 -261 529 -707 566 -1069 -1061 995 -263 -655 1325 24 391 383 -96 -938 372 133 -543 1898 509 -28 -173 273 -1087 -366 205 1745 93 831 620 -735 41 420 -127 -210 -115 -969 -143 172 -491 -377 -1059 -2172 652 260 -625 1351 32 814 -486 463 -6 -813 -563 -54 -183 -5 -349 1008 -741 -116 -683 -36 191 514 122 1090 315 1308 -629 1201 88 -1009 -309 491 -189 -381 376 -1099 118 -338 -137 -161 117 -623 319 -316 -253 2001 201 1093 252 478 -319 346 -59 340 -57 -254 -295 -1042 153 101 -1448 -290 -608 -582 -13 233 -637 924 -659 736 499 382 109 716 -459 -410 601 -687 109 -1181 271 533 -338 -1157 1358 631 440 -77 -651 -339 -222 651 577 -1605 -61 1074 -765 711 1242 -1006 167 -310 -10 -342 -1912 -316 -415 665 941 347 235 220 -40 311 -347 -346 -458 13 672 -134 -755 -948 1476 -412 483 702 22 1197 253 -1000 324 -986 -1533 193 -748 328 -57 -124 336 -812 97 -355 -1416 2585 -872 -1078 240 16 1158 -1826 -384 190 1216 1589 602 -361 43 536 -173 667 -1753 -12 -1135 -451 1232 1032 81 318 -918 -1896 -283 -45 -710 111 -960 310 -534 680 305 -404 -1087 -878 311 345 1238 -266 546 -1916 357 198 -25 843 177 426 -148 -682 -794 338 -1006 393 549 354 -764 1464 -1283 -840 577 -483 1021 -163 726 -1046 -839 226 913 810 -888 314 -99 -1033 120 265 -270 -350 -657 -97 474 80 -547 -225 441 1537 114 4 -302 294 -543 614 1372 -391 675 609 -1168 633 65 -1498 -1004 -490 288 226 323 164 68 22 1878 -1076 -367 -879 933 63 -169 -641 540 164 1209 306 269 -835 1635 267 455 1000 204 26 -205 572 472 286 98 736 546 825 435 574 -967 1020 -7 -370 707 -1338 -842 -151 -411 -460 273 332 90 997 -712 535 -196 -60 -1271 995 
644 1159 -546 58 359 -802 526 -787 1207 398 -431 472 903 -639 360 -766 1423 -284 320 -680 -672 99 650 -267 3 -196 3 -1445 -664 -323 -544 -245 1429 428 -432 991 412 -699 -492 -98 -511 456 74 -232 655 -952 -870 -171 -638 831 1652 -951 396 -142 204 704 -1038 -176 255 959 -419 -306 -645 -211 -1813 443 351 853 41 -580 25 -363 -780 -54 10 288 -261 -596 -141 1375 672 672 95 -140 -192 271 -1081 -358 -460 -1355 -180 -51 851 -737 -265 779 -624 -1156 391 34 -741 1353 -526 509 213 313 -5 510 -898 291 -496 371 943 492 -665 -560 332 -322 -192 464 1444 528 375 -215 678 258 397 -90 -226 165 -82 -352 201 -267 988 924 586 296 1911 -272 297 2298 -1309 647 895 -257 -1494 -15 359 -671 -1186 -120 673 -53 -466 341 -478 -100 905 1013 -1097 -1208 -138 -468 -37 218 -819 915 -57 -392 -264 -153 898 846 1909 809 51 971 129 -486 316 -848 -132 -56 -22 -150 -447 1280 965 -767 198 274 974 -868 82 -992 77 -1478 139 765 53 -859 -1865 948 444 -81 -448 -197 -257 184 779 -838 -252 -1470 847 -696 -173 -153 -491 -579 -1134 773 -594 -494 -355 -851 -629 -98 124 -975 -814 779 394 -242 867 -449 1271 -32 -960 -887 -314 1212 24 580 -1344 -1223 -528 142 -134 387 -316 1185 620 1638 334 -11 -344 105 346 -306 -103 -770 602 -321 -1184 31 111 -106 541 -263 -101 444 1580 479 661 -603 -565 470 156 -465 556 -1543 495 -769 -1263 -1172 1328 1148 -617 -460 849 134 -908 -907 -511 -386 -976 -403 271 -829 -144 -157 -112 325 -588 1541 -582 1047 281 71 259 -910 -346 683 -909 719 698 31 58 -930 -1187 -718 -692 -1892 -799 88 -22 913 470 -252 1065 1002 -1172 -721 -1107 7 -842 25 -325 475 -694 -1156 125 150 253 -479 -170 -83 981 448 -490 302 -1487 166 -1727 -459 -483 81 -566 -1925 1230 -224 -53 476 913 1153 665 1021 86 189 -16 -80 87 -621 549 91 -935 -1166 -439 -652 -366 201 -375 -172 -999 -551 329 303 -195 -815 -811 -560 -987 543 -254 587 -751 -423 830 -657 
369 29 145 13 -241 -894 984 -82 -243 74 -521 -604 414 608 -1306 -1191 -60 865 -639 -90 -456 16 1153 2228 236 857 172 -282 90 608 861 -516 415 161 1246 -572 -697 118 535 262 -68 524 80 -823 60 272 29 561 41 -581 1056 -515 -436 754 1546 -420 836 330 398 82 -422 712 -10 -1095 478 1 1624 -737 296 365 40 250 1869 -670 -17 458 -244 1164 -1538 -484 -308 810 -2516 389 605 276 -853 454 1622 -11 150 -40 357 -1131 702 87 -655 1958 574 1000 311 -185 -98 299 -429 77 241 318 -366 -822 -853 205 -873 632 -144 126 644 -1352 1025 -1152 -143 26 463 -397 600 -901 -368 161 -666 -674 1002 696 301 -598 390 -662 -242 -247 437 -631 -195 968 -26 1101 121 -63 -1146 938 316 -591 603 -694 -4 494 500 357 -372 48 -149 -254 238 280 810 789 -472 292 -171 282 343 328 45 212 706 -358 -484 -536 161 224 550 1588 456 -4 694 -278 1515 434 378 -5 46 -94 -44 684 147 604 944 1062 -1808 -654 22 914 -1340 878 -82 902 1099 913 1261 547 523 1014 509 373 928 188 -1445 141 -1270 -342 -548 -904 -85 570 -993 363 -61 -68 -822 964 -675 284 -113 -496 -317 252 -125 -437 194 -524 1488 910 -305 1555 -240 11 -970 681 -49 -999 384 -132 -130 -473 -113 904 -90 -172 725 -439 37 -187 159 -31 -438 -438 645 -393 61 204 -1530 -299 -1041 450 367 194 -445 162 -567 10 -543 27 167 -563 -249 -32 571 -660 1082 680 -225 -1730 102 -860 -20 -510 -755 546 81 -175 -582 -164 347 123 239 212 810 40 281 -5 -1352 130 590 -279 -809 -345 614 922 300 -292 -61 -83 653 -428 182 -848 -33 1472 -2192 1173 -640 -397 -1244 -1216 -933 506 1272 1410 1012 -1757 -755 1005 265 780 133 440 -361 -759 1765 259 -46 -1189 -831 -722 898 -947 -621 323 -230 -1254 186 1386 0 -1511 -335 879 -219 677 -761 -383 -732 1255 -71 419 -1005 -205 488 -859 -274 933 -875 -431 -1094 -382 156 -1094 -90 706 -491 -1312 -305 432 -1382 1765 -894 696 421 -393 -608 133 -940 1928 
-133 416 -845 1019 1287 458 1266 -622 -920 461 -704 282 -991 -29 -135 -463 -59 1218 1106 -830 -499 -1405 -190 -342 -903 -913 452 -123 486 -1139 223 -498 -1100 389 868 4 633 29 521 190 1373 447 822 901 1196 183 368 1248 1323 -17 -108 -460 -258 634 536 120 756 687 -61 -794 118 83 -284 161 -57 184 299 -1117 -425 -1751 709 -1152 533 941 540 96 268 1299 -470 950 911 -912 -804 327 -174 715 548 1323 717 -686 -657 -881 -724 -224 -1596 -3 -821 1121 734 1139 -462 -9 72 547 -271 -1079 -453 -444 -1180 -492 921 -1732 -412 855 712 -27 584 75 -526 847 -175 587 684 258 -147 -819 -1047 271 -567 -341 1669 -377 -643 -106 595 197 -554 954 -118 -1573 -89 1041 -641 -70 -1604 -984 68 724 -785 -2106 1578 -2033 557 894 300 384 569 -460 603 -123 563 -92 1369 52 -942 593 -792 231 166 -1340 545 1167 -375 425 -560 -799 85 826 315 -658 -312 -662 248 -526 -2 -1823 -460 241 863 1145 275 10 21 -578 -334 -209 234 -605 675 666 -322 272 748 -276 196 105 994 51 565 76 -525 255 -149 1701 -792 -550 168 394 668 319 717 780 120 -266 1063 1269 -808 44 181 -112 208 66 644 428 -671 -1131 428 844 -274 950 1110 259 -1057 -507 786 -688 510 -13 -108 -685 -296 -262 1060 204 19 995 515 587 -831 1155 246 312 514 861 -40 -839 -17 -253 -1010 -1773 315 162 -347 242 47 1077 -406 456 -1291 -43 -123 -569 774 -448 931 587 399 -292 842 -195 1415 -537 -547 -1654 636 -690 1031 228 -284 163 1721 556 853 545 -265 1348 -719 218 395 847 764 479 -317 222 -1368 899 487 -568 -664 817 -20 -202 -235 -332 1373 479 -386 19 469 -591 -1215 -744 1062 422 -591 775 -164 -125 1478 -13 823 667 705 -1262 604 96 -1000 -984 -454 -440 1164 -715 78 631 -19 -594 -322 -1026 61 906 -551 -188 -596 -235 194 263 190 1734 -326 121 -414 998 726 -463 1482 427 199 1507 -787 -508 -695 -559 905 1194 -181 21 45 -333 -851 -290 190 135 -410 -944 -549 405 1454 557 752 -814 
-268 -1411 1507 105 -471 -621 1944 201 651 -874 274 -199 557 -1067 664 534 1098 2082 -191 639 164 -1328 -818 1403 -41 1140 -1023 -949 -786 -132 -308 -152 132 -713 -411 -210 1118 436 -602 902 39 991 122 769 -143 460 224 -859 -451 -746 573 247 474 -844 -12 -1071 784 385 -478 530 187 -90 -438 1128 845 1016 1260 806 -129 -524 -260 303 1500 834 -300 125 -226 -512 -105 931 378 -1030 613 110 -518 -470 507 -499 -22 1360 32 -499 119 -282 341 30 -1110 350 1031 1134 158 547 -294 923 -1374 265 348 -570 -266 1514 716 -659 -1193 819 1162 -285 -752 -528 -45 1177 -214 1056 1234 -499 169 256 961 468 92 -1251 -769 181 1254 -954 -605 79 -31 791 -85 -343 241 55 451 -399 -305 -110 -709 -185 -160 -1037 -533 -646 -1211 -179 420 1090 179 -770 -796 -452 850 -47 -94 -675 917 969 1749 1172 989 -453 435 284 254 -731 -746 11 -995 -1907 -1090 468 903 1166 -532 -29 337 -83 543 -472 116 -152 344 -64 -628 -158 762 -275 1038 439 47 144 1035 -308 447 89 856 421 271 9 -1392 855 119 1473 299 -509 -150 -172 274 -1016 -432 -207 371 981 -550 -175 653 -343 338 921 1190 -380 977 1129 961 490 63 22 -661 -684 833 -524 -39 476 -1167 537 612 -121 72 -99 -904 -16 321 -1282 -76 -1486 213 -811 911 1084 -430 1116 -777 890 229 -302 -1 785 519 313 842 421 -84 -580 -280 -448 -86 -303 1804 -510 261 1102 -1950 237 581 284 513 196 1303 -641 421 87 884 -134 357 519 -227 1415 423 81 -1426 -543 171 1334 -67 31 336 350 654 274 -539 -713 872 979 728 -1257 1216 899 1 137 159 -267 -233 -1310 710 1043 -764 357 -702 158 -81 -1011 -908 -1164 -525 1438 -362 -592 526 654 605 -918 -559 952 799 -74 708 128 -282 -183 -913 -615 -433 -344 -1131 -1 311 118 -112 -523 -156 -338 -1874 118 330 490 -281 -204 -822 981 -92 -1014 -792 -429 1062 -631 778 -255 456 637 571 -151 -453 -672 -796 539 -908 -495 1230 261 735 -771 628 1103 -311 -811 -1724 -669 598 -304 457 981 
1098 585 -763 317 -177 273 75 -806 5 25 -101 164 -1121 -602 800 -226 -123 47 -344 -1212 790 952 -642 846 1307 -969 -370 28 655 -630 178 -605 147 670 969 -29 -642 -1672 123 1117 671 479 445 -1014 -852 1004 12 -966 430 245 -198 -358 502 -1288 232 374 -763 568 1885 -1016 -444 -262 1069 631 -538 -1044 569 -165 518 930 298 310 -404 590 423 -506 306 474 528 -490 105 488 254 980 -1532 -592 -691 645 692 653 -589 1731 -696 -1975 -885 -326 -1032 -193 -403 1111 -268 -145 251 61 107 -83 -1627 -288 -922 210 -106 346 -23 789 385 14 159 -101 -913 1458 -397 -704 -402 248 -1359 325 466 -34 -362 -15 -475 623 -33 -912 329 854 -861 -606 -836 173 3 210 109 133 -411 -511 234 -356 -208 -48 -318 -261 975 715 176 -429 995 546 -536 -700 145 32 1693 1574 -54 -550 54 -105 1528 424 -318 452 947 -1240 -156 52 -328 -900 126 -632 -1701 434 642 -515 -667 -199 -43 353 107 621 313 572 -211 -235 -29 -72 -798 387 1040 -236 -464 -903 -169 -1444 -485 -252 -623 329 -993 -798 984 166 -969 66 535 -277 -282 -866 162 -447 -15 -346 1441 147 -143 -319 -682 205 -516 -197 -183 -826 -194 259 62 -374 355 401 -912 61 -286 -145 266 -1514 -1715 -1711 15 -467 1125 123 503 559 360 -982 -843 901 1312 790 1261 1013 399 63 128 661 1076 329 182 -505 -282 -187 -158 1181 6 -446 484 169 676 -1385 -831 244 477 -799 -110 7 -300 1608 -2728 415 494 -1106 -427 -2037 573 342 -491 -1160 -959 940 694 574 -378 -1235 823 123 341 161 -341 -646 566 205 -726 118 667 1226 29 985 177 -268 61 288 -506 1103 -807 926 568 -1187 -116 1404 -538 502 -918 23 -471 -127 -195 1080 -48 -191 -130 -708 740 -239 1194 -555 71 -392 1451 416 -550 305 635 -186 -360 253 115 -486 294 190 204 -910 41 -203 -504 1306 88 -933 -1068 -27 309 1069 24 -93 8 510 451 -607 1441 -794 659 -507 -1136 898 789 -1703 452 -630 792 -540 129 916 208 984 -1593 1566 -937 742 -477 1853 1166 -284 
1177 -963 1474 -1097 -821 -919 -1037 54 -583 396 -1415 -1046 1021 2052 766 -842 -995 -513 -1317 -249 580 -219 733 -273 -872 178 -487 1315 591 -214 -833 341 45 -415 -798 53 -180 -1018 -130 867 -461 183 -549 -117 -508 562 -637 1706 47 1525 -383 29 -1333 -723 173 -1033 -230 1165 -505 -720 -969 668 -252 574 -877 120 1232 192 51 -1821 2007 345 536 -317 606 1229 123 -857 -75 560 -308 263 -568 -305 -180 -72 -657 -1134 -56 -801 -12 669 567 -514 -151 -1306 1607 106 -1030 -631 -20 982 1093 -491 600 -1667 -700 1325 3 390 -592 709 -814 1 -289 468 654 -845 353 -828 -8 1057 -152 931 512 -573 -547 -764 117 415 -613 428 -377 -102 698 -694 -516 643 787 -76 808 -1064 575 74 1315 116 -1296 1024 -16 244 -531 268 48 -1009 731 -665 161 122 336 -178 68 -379 63 131 -758 1626 588 97 1284 -771 1434 539 1542 744 456 -881 -743 764 17 -230 1989 521 1748 110 -90 -496 -323 -914 -90 43 -687 7 97 -90 -339 -307 872 105 -940 -1105 271 -621 625 1303 1151 304 -412 16 -49 1398 -211 -467 -390 279 -768 -287 572 -373 398 640 878 158 -443 1433 -469 -1218 -696 -1494 -350 -22 -184 -506 -842 -686 87 -417 -393 -2156 452 224 -794 444 -866 129 -640 -954 1261 -356 931 -34 -438 -45 -473 -212 -367 885 -560 417 -125 -502 -1328 -612 122 223 -766 471 -912 -157 757 -610 -879 -922 -931 80 -1368 -904 211 873 -260 -960 -371 111 1038 -1191 888 351 212 54 -196 71 164 415 407 770 -82 -863 -201 616 1492 -430 -242 878 -553 274 323 1233 747 -72 137 -180 -171 177 -464 1844 -1030 1245 787 -1335 359 37 131 -1228 884 370 457 -197 -746 -857 504 339 -971 -684 1100 -191 320 48 -394 238 -1073 171 138 -135 392 21 -253 325 -518 34 -436 -455 263 26 -103 546 -716 28 483 -244 -868 -751 -473 -710 434 668 698 -95 493 297 -59 454 -1016 124 112 235 1572 573 -318 339 1349 445 -1222 -878 -140 -287 1058 45 -216 -421 1233 -536 59 9 329 335 -249 -124 -1368 248 405 967 
-1033 27 -617 174 -594 225 444 1451 -341 -40 -974 1039 1100 -347 -643 -376 439 -553 22 -47 -1374 80 586 -340 548 899 250 1330 259 11 -1432 426 605 -846 501 -288 -426 756 652 -859 917 1094 1482 -727 -578 292 -415 190 174 -113 -774 -496 -583 1952 -61 -894 114 689 -908 858 -297 -412 -453 -863 242 999 -117 -1014 -159 -865 350 -1414 247 -1034 350 1139 -244 -29 4 -15 -316 380 -337 -1063 525 143 91 527 658 1096 -1040 -357 -370 930 20 -92 1612 92 390 -271 1197 -300 1024 -475 -353 -1703 560 413 53 1231 341 -185 213 1183 -602 328 -383 213 370 -1427 885 -1129 53 -599 1030 -532 953 414 212 201 34 -542 -1123 -1128 434 375 -41 -232 -969 332 -213 -592 510 410 463 -354 -1359 -687 -907 1284 623 -969 -800 -455 23 -753 46 90 -91 849 35 1159 -610 929 -1062 245 1431 49 -570 853 1150 682 -601 -971 -963 -317 1428 714 115 -86 384 -456 1093 -631 -1580 262 767 -1094 -102 315 -460 -206 956 348 465 40 -449 189 -421 -99 -848 1377 -88 1053 811 188 942 416 -13 -232 -579 773 622 1381 -695 -14 -391 589 311 -1510 84 790 -120 -1730 612 656 975 -254 145 20 1279 -183 56 262 -317 -2067 464 -145 1080 1896 -813 343 -331 980 -77 -299 944 556 506 -9 -735 -34 -589 -1776 -776 1299 -1489 14 -159 -883 70 -812 -377 -272 -520 -1054 -421 -887 -709 397 -707 -625 545 1266 -387 -745 771 460 -312 -663 -57 604 920 -581 572 -211 -850 -813 1035 1369 1790 -756 -1054 380 276 1306 196 407 -434 -533 -713 -303 133 472 -97 -345 -41 -145 -68 2255 -99 557 -661 13 980 655 -1009 -628 -400 -723 1359 469 -953 -883 884 -397 29 -16 -126 -615 390 -615 497 402 -662 460 363 -72 -1199 910 -356 -2082 -1012 684 -78 1148 -121 -1471 174 -1014 -291 35 -637 -461 -513 805 -69 941 64 -528 370 160 -1079 -603 -240 1037 581 -254 -413 436 -237 1318 116 -582 850 439 -143 1133 272 521 564 -1497 779 362 628 -1245 -850 -303 -692 980 1303 139 149 241 -350 742 -218 -457 -591 90 
346 269 -127 159 -508 370 447 668 -549 -132 -1592 480 -497 292 -92 385 599 33 1204 -228 -120 -1241 -506 385 204 -532 654 660 1177 119 -1040 -1348 803 -508 106 375 -452 1102 -221 151 -237 1531 1437 -305 485 -174 329 2206 443 -1235 -118 -180 -215 -576 -885 -1253 -161 389 41 -306 530 -106 574 -990 1203 863 29 1519 765 65 -422 -197 -1044 249 -152 -909 76 -210 -1850 869 836 269 -633 377 -1670 736 321 665 -860 -955 -913 -1039 -583 1064 250 -917 -176 64 -916 288 -1 -964 4 -393 916 508 900 -327 388 786 -614 -818 232 -127 625 882 533 1530 -30 -176 598 -412 1024 -79 -323 -296 340 -155 436 -756 991 525 -996 282 -27 -597 1746 -113 541 -31 236 72 303 1290 -298 -1119 -671 919 35 640 989 -349 1737 956 -527 192 758 -84 62 510 899 -1310 1630 -1240 15 406 735 -407 48 372 208 358 1823 1673 644 -107 -3 264 1212 453 -622 -788 -1069 347 503 -287 124 436 364 271 1278 -1048 181 -1545 -70 -15 494 -327 -1416 403 185 -44 -354 -257 1032 612 11 -565 61 -628 -889 910 -734 114 -620 -1512 283 -622 -269 425 -117 974 -1124 91 -35 231 312 120 -589 56 -89 -1152 634 489 -1306 -639 -400 627 612 -245 -808 -396 589 739 -832 -1351 -331 1002 1235 -393 -1094 127 -906 -582 691 -34 -146 397 497 -396 204 683 -296 596 908 -341 -233 -1417 -1431 -1842 -21 66 -57 -215 -425 5 -1281 82 -72 -83 1182 313 -66 595 -348 -520 -376 2591 590 -726 -1594 -460 -320 -866 965 -67 -199 -523 412 274 1007 -937 770 -525 72 -796 208 -766 372 -368 -39 261 391 619 -236 934 471 641 -259 -2419 -469 -699 -1207 -1958 2020 554 -60 -85 1135 -1009 577 -927 938 13 -856 153 -167 697 -901 466 -998 -1011 277 -503 -1322 409 103 111 -1760 -708 706 -363 326 -1113 45 793 806 -489 377 936 -1028 524 -98 2393 -693 908 -709 -559 -634 32 -1138 -894 16 -383 -620 1159 -774 915 -260 5 -400 1257 917 427 -345 -1187 961 -254 -578 -20 814 -452 559 237 -751 152 570 -1110 -401 -1610 
-1281 470 -444 329 -288 283 -149 -1000 -1072 1420 1220 661 -673 -339 -2 -7 -143 -1680 -629 1101 -160 -74 509 116 -1977 30 1444 527 897 457 821 -598 416 -2233 -880 -389 -407 -110 -242 -1732 740 115 1400 -923 843 -203 -258 -720 -1125 1038 -728 1710 126 -646 -298 51 -1723 -643 -814 -200 -205 50 254 -16 108 128 842 1393 -265 270 378 -299 424 -803 1529 -385 97 316 242 184 -94 413 43 -620 -810 242 -469 -803 507 766 106 -274 758 40 -925 -623 395 -800 -1504 144 1513 -315 -361 -384 742 342 184 493 -270 -625 -151 862 -602 -197 -1629 1409 -89 1077 -635 150 -227 1255 277 1846 -104 1190 507 -556 53 -641 142 -16 1252 -295 894 -133 -1176 -78 581 -284 -440 73 353 -253 724 -222 -586 -1093 200 -407 -154 -195 -1369 -1495 1002 -653 -856 -380 -92 -667 -129 -292 -617 410 528 -84 -434 -887 1466 -547 1611 201 366 611 233 -441 -791 -1501 -346 -1181 587 -852 -135 115 2186 994 -639 -1535 -1444 -230 618 -1393 447 547 -1102 -476 9 1271 -1377 383 -28 307 -941 1236 -1363 898 629 248 435 1043 -546 202 -19 -543 -1861 -935 810 1393 -663 875 -1579 381 -1083 647 200 378 865 -147 906 -133 135 362 1579 219 -180 -458 -208 -2090 1026 -655 30 358 1133 561 -156 1078 1296 194 288 -417 790 -432 -786 -73 794 98 -735 -308 -253 -112 -1566 579 -275 -461 330 -941 -75 -945 -189 -136 602 59 -419 -520 -302 -523 -564 -1139 865 -532 -80 -79 -70 -318 -442 -524 -562 919 -375 2022 -365 1600 -1041 -491 517 476 -762 68 754 -836 -1005 -102 -393 107 869 242 237 -1969 -1109 187 -988 -315 -36 880 41 -1340 -821 72 980 459 -579 261 799 -955 -34 -958 -813 356 817 -261 -877 -166 805 -71 -1091 -49 448 589 1023 384 -937 978 304 52 -999 -263 -75 -82 77 -27 777 -1382 -513 -1219 781 -1216 78 -454 872 -1655 475 104 1082 -348 1877 -30 1727 -121 308 -721 290 -332 385 -895 191 437 154 60 -900 -128 769 29 -720 534 -390 -6 119 945 462 128 324 -514 1444 52 1378 -1024 -505 -1074 -135 -51 
1711 -862 -676 122 21 1277 -389 703 32 2 461 383 -360 557 151 193 -46 712 583 -973 -123 -548 -572 -382 194 -204 -387 -340 -52 -488 -763 -145 432 -732 1289 797 594 -229 -762 -626 998 320 153 305 -282 17 256 -308 372 1281 431 -403 685 928 205 -514 -81 -142 207 -1019 1126 82 -463 -813 -425 -574 380 -45 1414 -78 57 587 -17 918 595 -1444 532 575 629 -854 -221 -889 -992 356 379 1575 844 -265 790 -35 -1979 -1502 -197 382 -1506 745 -608 303 552 774 31 189 792 -122 227 -246 -873 -1299 -368 -782 162 327 -798 19 -149 416 516 232 -1111 -962 1004 533 -298 -655 346 -165 -1369 -480 479 134 -283 14 148 -14 223 -1298 723 491 968 -390 -1307 225 323 375 592 -23 -762 -1999 -364 -1221 -273 728 165 169 550 -1180 -639 -875 -33 73 -213 -668 450 756 548 963 -311 34 645 55 -926 733 -270 -1074 -1548 95 -515 690 -267 -722 287 -465 306 496 -854 102 82 992 -85 -574 743 1288 -349 655 -277 742 -714 438 1110 -1086 -501 254 -791 791 -245 -484 -49 1661 288 1109 1006 699 -703 70 796 -13 -642 -459 1431 459 -879 430 1090 -1162 -140 -772 897 519 162 630 151 -21 -420 1182 -595 409 -481 1005 -600 403 660 -45 878 -169 527 -244 1435 -778 424 141 -903 -819 -562 1492 487 191 1087 700 -2166 58 1142 444 -992 -242 1507 669 -536 268 -1526 -137 654 2410 200 501 335 -72 -696 1212 -490 903 -719 516 1708 168 -540 -166 -955 -537 519 963 959 116 -1126 567 -428 -191 1253 -710 -293 224 210 -228 -125 1310 46 717 486 627 1417 396 734 273 1391 -1463 1118 -1319 -73 -230 -22 -1096 1315 -523 219 -1029 -433 311 104 47 304 -390 -265 -673 1156 -362 -815 1561 -568 -821 -624 1476 -4 -854 50 498 -396 216 455 -401 111 -427 338 457 -213 834 -245 -487 357 189 -1095 1002 1038 358 791 506 -588 1111 611 -889 -77 -1355 1097 -561 1173 323 -410 31 -508 -1302 153 164 638 -109 49 -794 830 -43 491 911 189 -3 337 -410 -193 -1370 -85 -244 1336 -1038 297 698 
-704 -374 633 -339 361 143 -591 -52 555 -431 195 326 59 106 -376 -268 492 1181 9 -297 -462 467 65 -568 -1669 -767 -578 -854 535 899 1088 -268 27 -1976 396 765 709 463 -811 -112 -257 -257 459 765 315 -78 1425 -713 2170 216 -50 -24 690 -243 -275 -267 1230 -424 -391 96 13 358 -667 631 1537 813 -170 615 583 -220 -554 759 -201 719 666 106 -579 25 234 287 -1280 39 634 -509 1021 -1013 343 -1113 1063 213 664 1357 407 809 -902 -63 378 246 -112 -341 -249 598 1177 380 -402 434 -362 -560 1776 -1116 -564 445 1243 725 1872 -220 -1544 -1049 680 965 -1392 413 -1139 323 -785 -81 412 402 1047 1581 -1505 -56 593 -959 -781 -46 177 -758 -225 -542 602 -993 473 -565 249 -222 -60 11 482 146 628 -468 -480 88 -1169 -760 -162 1734 832 -711 -139 414 313 -605 246 579 -376 526 1057 -814 376 -274 1416 -337 -719 -443 -389 -80 382 740 568 -421 813 955 -778 761 242 833 -801 117 300 365 -755 -9 711 -319 -685 158 -689 -1312 -456 1634 782 -616 -687 -36 -197 -170 669 -334 -2159 968 232 363 123 1292 -1804 -412 -55 534 762 -1397 437 -531 -807 -810 -554 219 -410 95 -566 -665 310 -1034 -231 577 -1264 283 498 -862 -738 -807 -663 -331 -233 0 697 -54 3 42 -153 -620 1660 -1114 535 635 294 -617 -383 1175 -980 1862 352 -210 188 -198 -634 119 -745 858 250 -929 -423 413 -483 163 529 517 -741 1116 -1526 115 1549 69 -83 -870 174 -58 -59 -1362 -953 891 271 453 -1312 1048 -362 871 735 1189 -588 740 6 1106 729 -679 530 236 -837 616 -170 -320 -1654 1605 -213 450 472 709 120 563 311 -44 357 169 -138 1486 -206 461 549 -1470 -1725 -1777 621 -677 714 -757 -83 -735 777 37 -1043 -94 1202 -60 -360 125 -263 -191 -106 -620 -684 -639 -803 -1880 494 -34 -882 -744 -910 -1244 -901 -217 -65 -2004 -909 -619 -636 697 212 -584 13 475 487 1981 -748 1427 -1068 1519 519 319 82 380 -150 301 209 514 -789 -430 1105 -683 -502 -220 -345 -388 520 -66 797 -1201 -221 87 
-341 197 -486 -545 -337 -1067 302 1015 -603 -780 991 -527 -585 723 352 -1214 -365 -148 -253 -462 50 136 97 -142 625 -827 603 -1074 -1177 524 460 -221 -920 -1466 -415 207 -1082 -137 -509 -647 -546 40 629 -475 109 445 -842 -554 21 207 -286 -284 160 -704 233 -364 749 0 1335 507 314 -345 145 -175 147 -162 -128 -717 -387 -376 -448 -300 833 -112 741 -1224 -966 837 1950 696 1169 -494 -496 206 211 -419 -250 -32 -8 -66 -129 229 -56 -968 435 -571 -207 410 -110 803 1057 603 -1015 951 643 -252 -291 851 -788 -331 1313 -334 -533 283 929 -580 43 256 39 174 -305 509 194 -108 188 8 -1000 -201 -57 817 -1044 -48 -18 -335 32 -263 -35 -904 406 -1005 -440 150 344 364 -2114 -113 -492 408 -153 -347 750 -1457 -311 838 317 392 -107 -1225 -58 93 188 5 273 -836 329 -57 266 -118 -861 93 526 -192 -1302 345 341 919 -55 450 824 844 -521 239 -231 -171 -275 -270 412 -229 59 -25 -361 272 -340 -1057 1021 -899 -16 -502 316 -325 1655 581 647 -239 269 163 -498 133 1547 -444 -654 -6 1315 365 1563 219 403 260 -218 -513 283 -229 1251 920 792 838 274 200 639 -768 301 397 854 1374 65 -224 -163 95 484 -148 469 1298 -1037 943 316 969 1259 208 363 -304 -434 -1016 -133 -384 1639 -1 -219 387 -556 -462 340 2069 -8 18 1606 104 358 -554 250 -1119 -26 105 -12 592 -684 -317 436 408 -388 -105 992 -515 746 289 -12 -431 509 -40 786 553 554 166 109 -1384 -213 -342 892 134 233 -98 -510 -126 -44 657 981 661 811 1164 126 -165 175 -730 623 1022 1285 -1133 -179 465 -384 -855 180 -737 201 -498 -215 621 -1445 2002 3 147 -337 -350 -564 288 637 -864 -650 -14 1032 525 601 -461 127 1112 328 1178 433 758 -272 322 104 -768 599 -852 -697 -586 -646 -1608 62 36 752 -467 -626 231 -459 -274 -609 506 208 414 -1224 63 1063 -465 894 328 410 788 -396 619 -28 -187 498 1459 175 438 1248 -1343 1426 -402 373 -513 -1246 -61 1015 957 -259 415 915 -93 
187 115 199 1584 -149 -525 934 343 278 -472 236 403 127 79 67 564 474 591 -85 -15 581 -1242 -130 173 -187 143 -3 -1267 594 -169 -1580 262 -166 495 171 540 340 -55 -1113 -205 497 1318 -300 -730 162 -616 1124 658 589 939 -261 264 -350 -285 438 -186 293 1547 -114 452 374 880 -231 1833 -196 86 -258 -534 -125 722 259 285 654 1405 451 -921 622 -513 1448 244 100 -709 449 297 1298 83 -205 -738 2 182 59 -1450 -91 1831 817 -100 423 -815 590 -223 -849 704 1089 219 401 -249 5 -420 350 617 -948 -647 -609 47 272 -957 1049 -166 441 923 -443 1352 1143 -226 -642 387 352 -919 -675 214 -261 281 -149 -158 579 -1769 -837 1425 414 -73 404 1130 257 -704 304 205 333 880 -980 -1936 394 393 789 835 -368 194 35 -412 111 1578 1044 442 1174 1706 382 1584 -1256 33 537 -687 -156 208 -765 30 -195 960 651 961 15 -68 707 877 825 501 -1379 -616 770 298 -776 -211 604 -812 -193 -73 -30 -696 333 194 -234 -926 176 636 -993 215 1586 -450 -163 549 742 561 801 1309 -309 -632 -1100 786 -214 -1831 531 -26 107 642 480 -739 45 15 179 216 204 1615 285 -494 -158 950 133 -436 215 -501 -1291 79 285 -1912 -1214 -543 835 320 1397 808 -473 157 725 936 -189 -1020 -159 230 67 -167 175 -493 656 792 -493 -895 963 38 891 1001 1222 -377 336 485 1273 149 467 45 -396 944 988 -26 427 783 -610 111 -838 873 873 37 -349 1407 -453 -324 -15 362 -436 -587 -203 667 -598 469 -94 232 -1163 333 675 56 -107 943 -429 -167 810 -43 1419 -446 -224 1431 -495 140 701 148 267 -23 -738 1406 1136 1386 562 -140 -629 -883 475 -461 948 340 249 267 -216 -321 -280 244 421 285 -446 -676 19 -635 -676 -330 262 -611 326 726 -274 79 -1256 -649 -29 695 -1078 156 -1263 478 47 -1175 -15 1441 -362 -27 1178 -446 494 -785 1256 479 -135 -295 1819 -1208 767 506 509 -986 820 -572 -1315 -354 1038 -520 374 1195 477 315 155 302 -412 247 753 -315 -517 -293 
-1882 -393 48 394 -38 -1216 833 695 -1041 -2168 157 -504 400 -1251 126 658 532 -509 -65 -125 -1059 462 430 676 -896 -79 -330 -1410 -796 1337 396 -152 -1017 -591 -21 -117 -1486 985 -364 -879 629 715 724 201 1835 -690 -795 -729 -454 -249 444 -675 189 431 411 -253 -788 -384 1176 -70 -599 434 -922 233 758 -1010 -231 744 1127 537 -57 -586 -659 -2340 -87 -166 193 1224 472 877 -376 -374 150 764 -234 -63 297 -1053 1417 -803 485 -66 412 618 -37 434 -1492 1422 1081 -216 -249 -785 -594 546 -739 559 -276 300 86 305 -654 603 174 -624 -65 -820 -2056 -827 220 458 -892 -842 -770 256 -269 -325 -316 25 -544 1 -1915 226 -287 66 -467 -724 -217 256 366 -1073 -187 650 257 -339 -456 676 -673 850 258 -17 -421 689 561 1063 -1608 -466 -1683 -1181 -265 -859 -491 -548 319 -753 -1124 -44 -463 690 414 -1678 -136 126 -284 -124 616 813 -249 446 -274 371 341 44 15 -677 331 911 -810 -1671 770 -123 52 535 -486 -262 317 -271 659 -306 320 -569 1843 -439 -737 118 -439 29 859 693 702 85 -294 -973 1739 -976 -668 -843 -1101 978 -742 -171 288 585 325 222 -1163 1110 -33 614 -861 -555 -289 190 -88 310 -1443 931 1124 -402 1394 -1800 -1285 248 64 693 -952 171 -152 -3 -692 606 -955 368 766 121 -1044 -791 110 73 1355 890 -322 141 268 -914 63 -12 -1197 -577 1142 1815 -707 -583 -498 -289 -455 -602 627 -127 -374 1013 -406 253 233 -874 -1282 -1046 2116 2210 593 429 -396 -475 -100 -749 315 -282 758 -142 602 -857 988 1776 912 18 369 -1165 -85 -441 -112 906 914 -117 -562 1442 58 46 804 790 -937 52 -74 -196 723 -469 -136 442 -808 -373 -522 -1062 228 -515 311 -697 810 -372 142 -1046 323 -608 -178 460 1319 -1494 -46 -909 -466 348 88 -621 -1572 118 1346 -1494 348 -1188 489 -2507 530 1662 -2342 -30 757 1380 101 -186 208 325 -1312 -105 -242 273 625 853 -46 1841 -874 -246 402 -688 326 256 -626 645 -1440 377 217 12 -587 534 -1016 240 298 -95 442 544 -359 640 951 568 
1059 -169 -655 -282 515 -27 -765 -675 260 -1200 -222 1847 -1251 -503 -726 -32 249 426 1677 157 -973 -1846 -575 732 -6 440 -1407 23 487 268 329 302 -1448 532 -1135 -778 -228 -243 445 -1233 -913 105 -266 722 377 357 422 722 633 514 -1059 1300 -1415 -18 -3 220 11 1203 -262 -588 247 34 1194 208 -352 -1237 443 -88 -570 366 1147 -1099 155 717 -579 -1246 -560 585 -1191 -315 1258 45 598 87 359 -794 6 -1367 772 -829 883 120 -835 616 198 747 -794 1318 -660 269 -1149 -1815 -249 -650 119 -1092 -1049 243 -1202 456 -418 -78 -321 -650 467 260 756 649 -240 -965 -1198 202 769 260 -249 -950 23 -360 290 37 941 -523 810 -98 476 -1116 -137 -6 -510 -1995 -922 -183 348 -326 522 636 -143 160 -356 489 2123 280 1940 122 605 1257 -343 804 424 715 615 -590 370 387 239 -363 624 -372 -264 -931 450 475 361 -470 -783 476 -652 579 347 111 -479 -1120 -107 381 200 -1098 146 990 -62 -540 -270 -1213 218 470 -485 -650 -834 -836 -60 -1012 -94 -206 716 -1229 -275 -1439 -599 72 -59 227 -1094 -210 433 -350 1716 781 296 -1478 98 -237 126 84 762 220 743 -273 467 -116 -748 -44 216 354 847 808 -760 353 90 170 1159 1407 181 -624 -416 413 274 793 -39 388 552 -843 -400 -426 1153 145 -738 567 1287 459 -70 1150 278 1229 746 -220 917 736 211 -818 -30 -1192 19 -13 332 -1202 -353 -65 -1070 -630 -560 493 496 -73 -1221 -674 -190 -1098 121 -142 537 1190 83 262 950 -151 191 883 737 557 -1117 -60 455 -42 -859 150 4 -1434 157 1032 864 -526 448 563 -795 -318 691 884 97 165 471 -340 47 -558 -1132 621 -215 649 333 785 485 -478 -1254 -541 -291 -593 -1306 -889 633 -2696 -335 229 328 -488 -940 -680 -281 879 405 447 -469 349 -723 79 681 406 -1236 424 651 -75 770 161 1804 5 -31 -40 -203 -1228 -807 522 -1500 859 -320 22 457 95 259 456 850 640 1800 303 -70 159 -770 464 -688 298 -282 -1374 342 -317 -65 -393 86 -695 1158 -536 135 -147 -390 104 
89 1127 -771 -578 1335 -381 -566 -587 -195 327 -1377 937 -938 -56 -1124 702 542 -85 -417 -926 -575 -584 -474 -34 706 616 -524 -655 232 1813 -723 417 95 248 143 -455 -782 1279 -658 -453 -863 860 917 347 269 530 -314 -792 -457 -874 124 -240 596 1640 493 389 7 225 36 -338 39 -153 -1223 143 290 -292 -1622 -24 335 -595 -453 -144 -527 -36 1033 536 565 -88 -1040 -115 -1859 895 -1149 -157 -276 1317 976 1145 1790 308 -1225 -35 -472 1499 51 -11 449 1017 601 671 59 183 -539 -1542 -157 -126 -569 -1233 719 -647 564 -1069 -1060 264 -1084 -458 -663 -431 341 623 711 274 -119 -1524 802 -255 -394 -965 800 -182 -1202 -709 -364 -1840 -6 -546 -181 598 -1024 81 -493 -47 343 438 -819 717 197 269 -716 -525 94 55 556 -1202 -188 241 381 -772 -398 155 140 995 -892 908 -1007 -486 716 0 -120 153 -674 -1243 417 540 -338 -664 86 980 -32 -505 857 -390 -778 200 -129 433 -260 -664 199 -42 741 -419 897 -420 -827 1127 1234 -509 -67 26 686 441 -8 1329 289 -175 326 -947 -453 25 -278 93 496 487 -879 1433 -541 -490 -254 -71 329 -290 -164 -671 164 -147 -183 1349 492 825 -49 -723 1953 -646 -709 851 668 -44 231 814 10 -725 -677 -346 -242 -241 -485 -492 950 -576 -1264 -248 206 -99 173 -479 42 -488 15 -502 556 -377 -1152 -156 -512 -708 352 -457 6 -801 681 -799 515 -41 -324 1055 -1143 -323 76 559 640 -598 -94 1996 -1573 487 -667 -224 -94 81 -988 -34 -266 -400 415 675 432 -498 -286 -439 -17 1148 615 -1456 562 1286 -150 -165 -226 1309 -9 376 769 -1176 -926 747 693 -694 -253 507 1304 282 -1090 286 -440 400 859 -2063 878 418 370 80 -235 565 29 478 -646 -302 -1720 480 -620 -845 265 -834 441 64 -776 366 -1067 -1548 -951 -2222 -704 -324 1296 264 926 -188 -93 369 -1055 -1661 941 158 354 -126 -781 -704 -277 449 -302 1130 -184 -499 -1282 421 -308 87 748 -100 -646 -1062 383 -632 -2 -1154 -1780 -567 1710 842 54 565 398 -354 -901 -402 664 302 -990 -1408 
122 462 -616 1255 552 -104 -1681 346 991 400 65 68 -361 796 1609 -321 -539 1033 1102 -640 -570 984 -862 -1660 -478 -548 -1295 535 -16 479 -334 -94 122 145 595 232 -492 11 -706 -375 1174 -761 -961 654 651 554 -1013 328 955 517 -994 -585 518 14 794 398 -700 -339 -297 228 785 497 -1141 -381 234 -1244 -1234 -407 -114 478 234 -1269 -230 -157 -164 -141 524 161 1650 115 -492 9 2006 -912 -150 -740 453 -941 529 -467 914 889 -292 -316 -532 1883 44 -1067 1218 908 -1087 -468 253 1474 760 -940 -12 732 1917 279 -1009 32 981 -725 -77 710 1131 778 -153 -449 637 -67 188 -188 -541 887 892 -264 95 227 278 228 -991 -573 -724 -9 -1655 336 199 -305 603 -360 692 -602 -610 1579 311 -1225 197 -1226 508 567 -261 -1659 -1239 -1399 -404 631 527 615 184 742 -663 -65 880 -604 555 -716 378 -1812 39 -889 651 -249 -56 494 -769 1219 1183 -254 310 861 -262 21 -145 -35 1043 -729 -2150 708 1192 930 534 -657 -856 668 389 -233 -243 -872 323 -451 657 443 1269 -401 -403 -1073 -217 84 821 122 263 960 -1040 -485 1249 -2402 -1282 425 -1225 -634 333 -1274 -957 733 -179 -590 9 377 288 -911 222 1348 -1428 -481 846 1148 -464 -517 1481 -769 126 904 574 1296 762 765 1222 -841 -977 580 442 -300 406 263 1685 -1282 108 -510 116 1063 -1948 291 324 544 -278 229 933 644 1075 -548 -165 -507 -75 -291 -663 944 315 -810 -1024 56 168 699 -1415 -107 -237 -51 1003 -291 -316 367 -367 -166 -125 -837 -200 -332 1536 250 -557 208 51 -190 1781 296 -605 368 781 -1488 -172 813 -508 886 -699 389 155 -141 505 -357 449 89 -62 853 -1193 -513 630 -421 -33 -371 453 628 -334 163 88 -1203 83 88 -74 -1206 690 1834 1023 248 437 -340 -489 759 278 1306 392 -464 604 -655 -7 -298 969 -255 -672 669 -1016 -1163 -585 382 1531 1138 -1496 273 1051 -859 -1486 1603 598 368 1628 429 479 -873 -428 408 13 -641 362 118 350 1120 -921 508 1101 81 431 -115 819 -1184 -66 -470 -642 -318 -100 -391 
1454 -144 -890 -26 -632 349 1509 -367 -337 -796 -127 -947 -706 20 -879 -1002 231 415 -663 -1969 238 -1562 -915 611 -33 -149 -1 280 -1546 1157 891 530 -554 -179 248 -646 1762 -239 1654 295 80 -115 1819 -1627 -54 -343 -1025 -969 -121 232 724 654 1437 588 160 276 838 241 871 -133 858 -273 1192 -1373 673 -1085 -492 1461 1364 242 336 63 -320 322 314 129 -28 663 628 1051 -15 -375 133 378 -160 -1147 -457 743 473 310 1250 -223 1058 -711 248 18 -1944 659 546 182 -1052 -77 1105 763 310 -19 -805 -149 -1372 559 -1078 1175 -425 -467 768 -569 -443 -1617 483 676 30 -184 -1621 788 321 588 378 805 -1053 -281 55 275 -790 -1777 -962 712 920 -489 315 -768 554 -12 -361 -688 -694 -1233 1105 1214 40 -539 -847 -1061 1067 121 -44 -458 -17 211 23 593 485 -1206 24 -1022 356 -547 449 159 365 288 992 -153 -53 -34 -255 1848 -315 -319 -671 -558 847 787 -446 -94 713 62 80 255 866 717 574 646 -446 217 -494 168 -426 685 648 733 635 -166 -306 91 -427 637 -940 839 833 464 7 -544 -613 -631 -369 474 313 -648 712 597 -500 756 2336 180 -155 352 953 -34 665 -387 -436 1068 1273 1184 -785 -390 -751 316 -731 -324 201 752 -725 -933 -307 -13 1526 64 -119 50 -126 26 -495 135 1285 -1841 903 1518 1016 347 -1002 452 -111 -1283 -181 -846 159 -1448 -8 -265 958 218 -682 528 1305 -343 1542 -188 -1184 587 -100 -599 467 -534 14 931 1206 350 251 -359 170 -669 1292 -510 -711 -23 239 153 231 131 -811 -455 -336 762 -731 -936 424 407 -1009 1000 -340 -131 -265 -17 133 -1052 -389 1075 -5 -163 647 -959 561 -867 350 -608 -123 190 -772 375 -410 30 221 -109 445 530 -246 451 686 -678 225 345 667 147 31 -413 438 -626 96 363 -545 150 -948 1244 -448 101 -260 -372 100 550 -1773 -136 -767 226 -553 -2 364 -270 -1151 1417 388 -1079 458 -1207 755 512 421 -913 -76 528 -494 -23 -834 953 755 518 1073 278 -37 -596 -206 236 -888 432 -58 611 -373 -4 115 -336 
440 679 1000 -1065 -669 -894 -554 -194 165 467 872 -672 932 925 -156 538 131 899 -585 -380 814 -1706 -449 1101 -1198 -1269 930 -74 419 -533 347 -1559 812 -108 -706 -537 271 -359 661 741 957 111 522 910 1105 -282 172 -705 -1186 -134 -442 -240 -596 1053 -97 -799 -202 -306 342 -1125 -311 698 -870 -2110 -24 465 -212 -1087 632 746 -175 -527 -653 -83 363 358 858 643 1065 -177 108 1163 -841 195 -670 294 346 -272 -393 -74 -1506 -549 -768 -479 -682 690 961 436 1066 180 -1423 -1469 -47 -747 249 97 948 -1289 371 -1602 -504 303 -672 -381 359 821 -302 -1117 377 -1317 -348 139 371 -1423 -73 -1278 -52 -370 -753 739 773 -221 849 -800 21 158 966 -595 -267 309 -89 185 -169 275 140 257 1103 163 291 -1114 1514 1484 -192 -562 319 -178 915 -240 -125 404 32 44 399 625 1084 2390 1055 -236 951 -229 640 -79 667 615 -98 345 716 -1954 366 -261 -521 428 -364 -761 840 104 706 1820 -1089 994 -328 -180 271 407 93 -562 644 993 -276 1432 -738 -631 1038 -1389 -1087 359 -1626 -323 799 -946 -276 1014 -148 535 93 586 747 -238 232 596 -902 360 239 134 -118 256 -1392 -176 -605 -45 -299 -678 -121 892 -124 1486 376 -38 -253 43 -644 1322 -103 207 1533 -794 -328 164 973 -262 -337 256 -79 -274 95 662 -1213 924 1135 98 -442 159 -196 2102 -48 -142 -484 546 -423 -1988 -974 -389 -409 1291 547 741 496 359 -284 -458 -166 430 300 -756 -101 162 223 -899 -484 -398 165 276 -1790 -904 1214 -418 -52 -113 -54 -537 1403 60 -1098 -637 -379 257 537 -592 1188 1006 604 1411 796 -1689 361 395 846 466 361 1696 580 -1166 -444 -327 -419 347 -334 -990 260 -391 469 -931 619 -700 385 898 660 1154 -419 -355 -1547 -122 125 289 236 -1488 82 795 -112 250 -474 313 -165 870 -241 1028 -1114 1621 314 17 -538 1732 258 -480 539 -121 314 617 1343 484 81 -452 307 -294 1319 -137 268 513 697 134 -1097 680 -252 -674 7 149 -142 656 182 -121 -652 -450 454 1493 -374 -108 -600 -678 88 -465 
857 1298 -1194 874 -972 -639 -981 -1049 -174 -31 1211 360 389 1186 652 152 -589 -585 -439 963 6 326 -507 -522 198 1316 -614 -119 291 786 774 900 248 -31 -652 628 369 -658 -490 -85 506 -250 207 -351 -1551 -954 -133 114 270 403 245 -436 -377 536 722 -347 43 667 -821 -413 -24 829 940 -913 -820 -172 -702 -890 127 -371 1326 307 -48 627 -12 185 549 317 180 215 231 -1191 -476 -1159 -2540 -925 -366 744 -1361 -1748 -213 1133 571 444 -824 834 116 -939 244 91 -41 64 -35 608 495 -849 -458 183 400 -445 -94 116 -592 470 -482 76 -528 -47 -1216 -1246 -100 -600 -865 641 -288 180 -382 830 -14 1290 265 1579 -69 -1453 1019 -392 -176 -212 -378 -410 -851 -261 217 -264 -9 -1247 233 -404 -487 -548 -4 -993 520 -1810 -51 179 -61 337 724 -303 -17 -252 449 539 1250 276 548 970 -386 330 -392 -607 -962 -1557 -216 425 531 -822 634 89 -130 -1149 -1150 696 -804 -351 1448 383 -833 -1249 -522 802 -784 -404 -1789 -128 -249 -1163 518 275 -444 392 -240 832 774 -997 -325 119 593 249 -1034 972 -538 756 364 -965 701 817 1668 -34 1115 -677 601 127 -237 -621 -74 -859 -63 332 -135 -398 -895 -543 -331 549 -281 -426 -648 617 -1153 -503 -273 -1108 -369 289 -618 58 1302 104 467 384 824 -113 -125 338 -141 -612 -159 -1119 1469 526 281 1298 -379 -1860 45 -382 -838 -876 743 1129 27 -303 915 695 -397 862 -900 723 -516 -678 -25 -74 365 -613 -1007 -188 -662 -429 -572 -84 531 17 -241 1025 41 605 20 813 -653 -824 869 476 -470 -149 600 460 813 409 -90 -155 89 670 46 684 534 -421 937 204 338 398 -86 -1899 26 -28 385 -418 -316 967 386 1177 1005 233 -591 -9 -672 -1065 -1657 325 -743 -307 -1358 146 -689 411 194 -1375 723 1186 352 1475 -391 -34 -140 -1184 -1075 678 725 -324 244 -105 -366 -594 -29 -419 -333 -328 438 -104 1945 130 -159 214 312 -542 579 -1059 708 1465 925 1071 -764 1160 552 228 830 -286 -752 404 31 -424 -721 -1482 -952 -283 788 -224 74 794 
0 -189 137 93 33 -95 510 135 -356 430 1035 -863 1432 -873 63 -35 359 -282 -97 -163 989 -691 -247 -628 872 -66 450 662 -55 -465 -154 -1325 258 283 218 -1456 -27 1303 1219 -1265 -133 -538 -237 -287 -1334 865 1197 780 671 1056 -746 990 520 27 210 22 1107 -39 1175 28 -506 -74 760 -750 1326 1028 972 429 -343 1089 584 176 -105 388 -32 423 1287 -642 -1803 -38 -5 -1021 -386 339 -1139 -22 -663 714 -389 -35 220 -916 795 643 -665 460 1162 -200 269 -1097 -580 -159 668 -45 580 -449 -683 -1215 -79 -751 -724 -24 332 -333 -466 1197 -259 -402 -682 -17 1171 166 -711 -1243 -776 -290 1030 288 503 639 -1508 -449 -256 -505 182 619 399 -1203 112 -377 420 -1704 702 691 -35 216 -826 -186 -166 1641 -542 1188 199 118 -555 -231 -322 -675 -1341 -919 533 -307 1048 -1374 -120 -6 1015 -390 311 261 -671 -135 -871 1045 162 -24 403 -45 -149 -1691 1416 -1264 -26 1158 -896 -243 -56 260 2056 348 548 1854 209 322 1612 -105 216 -343 -277 -714 -483 1784 -118 12 1748 363 -394 -1183 1210 -701 1312 -374 -326 -1400 -103 -392 -385 84 -1107 -469 31 83 199 494 447 603 1383 432 545 -76 529 20 -1156 -747 -234 -1306 764 85 77 -295 91 881 375 552 -689 -842 -6 1168 887 245 540 758 -915 1627 -614 229 -796 -297 520 660 -304 -645 -732 1081 -604 1013 350 -40 -1544 99 -712 989 596 1401 -224 -222 -461 138 854 219 709 176 271 -620 -300 1061 -367 170 2410 -713 -12 364 -916 1284 -860 -719 -222 15 -790 -1011 55 -1166 -746 -54 -978 -600 1764 -73 890 -70 -575 -812 -157 1031 -1231 272 943 -461 -515 -30 -120 -528 -447 307 487 -531 -73 48 254 463 -111 -135 -749 202 711 -806 672 162 -318 13 102 -1580 -872 1384 -1033 -368 255 481 1 -342 131 -833 -296 1211 386 1122 -1191 264 -816 -79 -891 -823 323 -886 -1025 1232 -529 -1056 -337 7 74 149 -288 -1678 -454 -218 -382 -462 -963 -299 -546 187 1611 461 178 -395 210 353 1269 309 21 -1825 -100 356 -155 76 1232 -1264 -1540 124 
-233 -724 517 -179 1437 1269 603 367 729 -1379 724 161 -1485 15 1483 -874 889 606 -1425 181 275 216 -1440 -243 -1315 124 -627 -1397 694 -539 -1047 -71 645 -656 -40 -704 -42 427 -869 1105 137 1411 306 1543 -142 -887 -242 -6 -1064 34 1036 -1705 -1327 -1832 70 210 -506 31 -1316 163 401 377 737 -248 252 -233 -1221 -193 -394 444 -575 1612 -586 594 310 253 771 -695 535 873 -342 134 -1354 30 -148 -493 1 -889 573 97 283 -119 138 -206 -419 -267 -1361 -34 -741 172 -1515 1151 1596 1912 631 678 -56 -1472 -464 368 342 -1074 -225 -1092 -1673 1065 -126 1626 -1783 614 411 -145 626 -448 379 -219 -122 31 -366 1096 0 146 -395 -509 1460 -871 -149 992 895 1352 -1010 498 1 -683 373 -360 336 -122 236 -739 135 -215 -114 494 25 -406 -620 1014 -537 362 1158 -346 -363 -543 623 -514 595 -475 -463 -301 -848 593 773 -574 683 -1172 795 -474 740 -1030 491 166 83 613 -447 -668 299 1251 -704 -730 790 -1068 669 918 -238 -621 1394 512 -128 898 -629 -1227 1046 643 1191 396 -310 252 -31 -223 -531 704 -701 -1254 1452 -552 571 -1747 746 162 -218 317 626 -208 -1013 -419 -1461 -341 -291 679 2185 -1623 -251 683 -1805 1515 268 760 364 -560 1035 -1022 83 373 -504 1194 -304 -659 -14 -204 965 351 -753 100 -1414 -528 1469 -296 619 -793 440 995 -470 330 576 726 -611 992 -710 835 7 1283 593 260 -571 836 -848 1633 937 489 -154 -756 80 -883 -769 215 -424 -226 -476 327 394 -954 -30 -365 950 -181 -561 -514 490 496 616 -907 -1416 -133 -238 -383 1090 -248 923 -161 -68 1104 133 -864 -961 604 430 -1033 532 308 990 -201 241 -399 739 -760 243 -488 -61 479 519 98 -679 466 198 -164 -862 -486 1275 456 -335 441 -1005 -751 157 616 -582 994 2469 -180 -724 16 -603 79 1822 -321 -118 13 -1038 1184 591 -670 996 -240 -241 -681 -92 1184 23 -835 -707 -334 670 -264 833 -924 346 -1265 19 716 952 -1532 318 665 -26 815 29 60 550 1660 1107 574 -1160 -330 338 -795 939 270 -326 1560 
-1131 504 161 418 839 1247 496 -649 -1022 626 -285 -996 1666 841 -800 518 810 -417 840 -44 478 -319 402 -260 56 195 249 463 70 754 -606 -685 -114 -230 55 -227 -595 548 497 75 239 -71 500 -293 -1619 738 327 -198 718 -1513 420 -629 74 -1433 -598 -841 -104 -1476 -918 -541 332 633 112 725 431 -277 183 -288 -1473 -478 -433 -532 702 -1348 233 -558 197 53 -902 -1295 561 -650 156 539 -615 431 1400 741 -441 -1058 168 -363 75 254 -777 -1190 -391 -146 -547 -1027 -676 -32 -165 538 -606 116 -561 1182 3 593 437 1337 -210 22 13 578 -1742 117 693 1186 323 947 -322 -404 -1040 -1434 -1308 -1285 656 -1055 578 -487 -664 875 -124 115 -519 1333 -545 -40 -855 -599 -1013 795 768 273 -1066 78 -1106 -173 357 -908 -768 1180 587 512 1234 1672 -41 -320 -473 -114 1307 -308 -1334 647 459 889 -1014 -313 -202 897 -1091 1101 808 422 -545 459 -666 -400 631 -633 -371 -444 979 1012 -73 82 278 -236 -179 -570 -206 610 210 -36 286 -791 -609 -32 -481 -1294 -668 527 -304 117 -1306 -1187 1854 -36 -165 -211 1026 1277 -835 16 455 984 497 1205 -754 -357 -503 -61 17 -132 -746 -781 113 563 1356 -1486 574 264 24 -800 854 -134 360 -569 -903 451 -1274 -930 809 -347 -954 -100 139 1363 -779 1625 205 -101 539 -646 -268 317 2085 -317 -1113 -327 256 -660 -816 -655 -514 563 -611 -474 243 -393 -873 -1097 -52 462 182 325 -685 96 -217 -1684 39 -2277 665 231 -331 927 -339 159 977 837 -675 202 140 760 567 408 1305 -1122 -573 143 -556 162 -194 -655 271 820 -56 -693 -138 92 -471 1525 688 535 156 -8 -397 -953 -539 130 -422 -949 1248 194 -149 -456 -821 -504 -856 80 -1295 759 -92 -194 -398 336 -309 599 64 -895 -98 848 -1300 -139 -80 -242 -799 67 227 -471 -749 335 1272 1060 477 -841 -205 -516 -433 -283 496 -28 719 -404 1025 -208 -115 26 -85 -284 -454 -127 194 600 -976 1666 -1095 399 -691 574 378 239 -236 -560 -95 555 478 -95 671 221 -1488 216 124 51 -13 349 194 -1162 
965 1376 -51 -129 1260 -737 627 136 -817 -1193 -1237 798 -441 7 -542 839 510 -1377 -76 477 -598 -594 1048 -1546 84 431 -789 904 569 -24 -279 -561 -385 -307 800 1558 -552 737 -1035 -464 2549 653 738 130 1122 133 290 -222 746 308 -1354 -621 -1938 -606 289 1001 -15 -117 -1146 948 -608 -759 792 -994 -319 -999 -238 824 892 1031 -1129 -13 306 -1317 -655 -759 303 -222 -377 -119 135 -673 -2260 -1102 101 782 -547 -345 285 224 -788 -16 994 1376 1147 -702 384 -716 1798 199 553 -328 -671 587 194 -413 -732 80 958 -107 -519 1201 -947 -191 342 596 -314 1285 -119 414 -791 1245 866 -1023 -218 495 1380 2066 73 -886 459 -1050 -1056 695 353 564 -210 1501 -1694 1825 -294 501 429 -537 -991 -384 392 -246 392 515 1376 -223 92 -1320 595 922 386 -295 -393 282 -152 -812 533 -1480 -707 -337 -703 587 -1023 1354 105 16 1219 -64 307 -882 479 1012 -85 351 981 -1139 412 445 1229 -304 309 -413 -264 -502 1075 569 -306 40 71 -73 -1997 -550 -2280 -964 510 489 -710 253 58 718 -103 442 -1139 721 -239 -566 -411 418 731 -520 -488 1234 1225 -1165 -583 212 -483 -46 87 180 701 45 -18 1062 446 2119 345 601 877 -138 259 -367 -619 -33 260 803 -302 -314 -439 -268 73 -1316 418 1313 386 536 459 -523 -130 427 -1606 970 -1411 677 1032 -388 -690 756 -845 -2 -1669 909 89 -567 -740 -415 1070 -36 612 -157 -269 -208 210 -48 499 59 -2239 -524 175 -1090 -921 -631 690 -6 225 403 -689 537 -740 -286 -361 248 -170 -757 -103 787 206 -993 -995 36 255 1631 -242 -441 134 -318 -107 -2595 -807 1462 1008 -914 -492 -451 122 -262 -2294 381 -502 748 404 -1054 556 -195 -1095 -73 -28 -871 -1503 -363 -580 -1176 -664 267 -614 -1828 414 240 1193 -177 157 -83 -705 1079 -427 1238 -533 -100 -382 -552 18 -617 322 1334 1185 -2206 -368 167 -105 86 604 -39 1087 436 -157 322 1452 829 318 -92 -205 152 -257 -277 532 1143 -125 1052 -703 -636 -142 288 -492 -483 -673 -863 848 483 90 347 655 -1005 334 135 
398 450 192 475 -718 201 -710 -1771 391 376 447 -273 -137 -501 -619 -123 1062 -1148 -1353 -623 -797 430 -108 263 281 -133 232 -133 -497 -1704 -1021 -607 -473 455 -629 348 -929 947 -67 71 965 -302 -181 75 -1431 40 -246 1463 942 335 -683 -979 -922 -773 -469 -332 -62 581 210 -614 531 992 -272 -339 -698 -423 -57 -740 -628 -246 -934 1317 612 403 -930 696 338 274 113 236 -920 138 -724 -526 -285 25 -1483 -371 -592 1652 547 544 888 461 -708 -582 273 -98 -715 64 378 187 -267 -333 212 73 17 667 522 1718 876 360 703 -97 -262 -161 -262 701 -130 -280 -670 414 555 216 23 4 -380 86 -727 605 282 -1611 -79 -785 704 -897 5 1067 -415 -692 254 -1467 -859 414 -1007 -1860 926 -1184 -15 492 -123 33 -741 575 248 1200 723 11 -735 113 -477 -1649 442 1004 -340 451 671 173 -635 533 319 -343 304 -1559 -227 -213 377 -846 28 -165 -182 147 -637 702 -268 933 -1104 -183 543 -687 -1445 1013 -1188 -872 -119 -923 727 -729 -737 1185 137 504 858 838 -268 -282 308 -262 -737 -381 260 469 480 -1371 1019 -993 1455 1272 -118 349 1097 -630 -637 507 50 109 90 934 -59 316 552 462 379 -478 -252 -278 -643 748 103 -1352 -280 760 -737 362 -2068 -609 -1219 -499 389 -240 761 814 -653 979 -1053 571 427 540 -1534 -15 -260 838 105 -1279 1416 817 264 -776 -443 -29 -317 -345 1056 995 1712 371 -165 293 -657 -1007 481 -643 -659 203 -64 1125 1267 -170 247 -934 2121 -482 -387 262 1320 1919 221 134 -208 140 1434 21 -878 -199 -20 20 950 884 -1096 259 -618 643 1091 -396 -570 -152 530 -442 1134 -23 -1164 -871 802 -472 -293 -378 -110 -234 -675 -353 788 877 -792 1082 -182 -412 75 1230 740 660 605 567 267 -1024 60 608 1108 -802 912 -215 1040 1549 116 1240 -1137 633 -1246 574 1236 639 -280 555 -145 1018 1136 475 -767 504 152 900 -3 792 -502 -906 -26 217 -443 -507 -791 -392 -1014 1169 1656 -411 -451 -201 1089 629 -792 361 1441 567 -608 342 174 -470 -157 134 -285 663 
520 -872 749 -397 -194 1866 -377 436 1057 96 1458 195 206 -1031 -691 -591 714 -1196 -1017 -1301 208 189 1086 -559 102 -453 -215 227 988 1562 757 -519 33 -1048 839 1864 -537 -49 -201 -505 -1121 -171 -1213 1560 202 -1084 -19 -1456 -843 325 -194 71 -215 -1728 -899 -297 1022 -991 -817 945 -905 -1312 -114 -226 -398 816 -18 959 650 284 -94 326 -61 -1008 -161 -129 -1323 -660 676 -371 521 -130 338 -64 -891 -491 446 781 249 454 578 -1035 276 110 214 -186 840 -476 1105 379 707 6 457 1335 -1101 64 331 40 948 581 205 10 107 666 184 -646 663 185 421 -588 1044 188 -489 -76 -493 -168 654 776 243 1133 -1066 1016 1072 65 -333 -139 71 973 -843 -453 392 552 43 578 -1085 -511 -323 301 1499 -329 817 -207 -424 -1088 358 1634 854 1299 -392 617 -521 1105 785 -561 132 591 -1868 74 863 -744 -1183 344 184 -26 -281 -2148 323 17 -1401 790 -187 404 776 818 22 -148 -383 1930 -1406 141 -279 420 -160 -490 969 274 -930 534 -125 594 536 -470 838 409 661 145 -359 -840 -443 825 -100 -53 -7 189 -656 175 1587 -644 -410 -568 -58 -588 1285 -163 -167 -216 336 -429 667 692 408 -531 -213 703 390 242 -1483 -500 1815 -978 763 -691 1636 931 24 331 347 444 26 -329 -148 -283 775 558 143 -796 405 -318 -74 316 -1056 -1863 -958 -1009 412 -132 582 68 288 291 338 1195 -1348 -814 82 941 1123 542 44 -530 -326 -870 332 338 735 504 -481 97 61 1227 184 -78 -41 -494 1389 1327 -604 623 -589 -86 -1119 -165 519 913 -87 299 165 654 -381 -490 -582 995 -580 337 -1010 -1222 -948 444 165 -601 797 2012 -1339 -860 -124 -697 13 -738 -62 -787 94 359 -688 -231 -264 559 349 112 -465 198 229 83 921 -306 145 853 982 692 -297 125 -116 -1276 -192 -171 -319 37 -912 111 -28 -912 -792 -1405 -230 1861 -332 -681 185 -120 385 82 -1528 -230 -70 -337 412 -467 -778 617 496 753 -774 218 -432 375 161 -1881 -634 239 484 1083 591 -208 3 -1202 -101 -234 -169 -1035 -763 1117 
-181 -353 -257 118 -407 -1640 -732 -144 -645 1103 -1073 -1061 554 -415 -206 35 -396 -186 -553 1028 -837 -151 400 -1030 97 724 -406 -1054 328 211 -173 -254 -475 372 276 652 320 409 -641 -396 537 696 692 75 1025 321 -74 -592 0 -74 917 -646 94 -108 1353 479 48 841 673 -19 -491 1006 -1258 793 -501 -701 -123 -1041 -487 -1028 -540 -1530 84 1260 -1482 -11 1109 -99 -138 458 -1061 -1189 304 -330 1300 -519 1508 324 -524 776 648 567 0 -1373 1218 1568 -1221 -1052 529 152 173 168 474 -154 236 1180 358 790 -1126 1293 115 -52 449 1386 -180 -437 -74 -85 -1609 -1093 1001 -555 279 295 -956 -1384 -853 1393 53 223 209 965 388 279 -388 -126 -320 1083 -917 715 629 149 -1056 -1341 -686 33 -70 -34 608 -331 658 451 -1059 -679 327 456 -856 -469 1127 271 642 -1574 -89 -778 -461 -700 -1427 583 -161 -695 -386 -439 881 -494 -53 452 -357 529 1063 1274 -839 -61 1183 -145 -869 -115 1278 -947 -779 169 122 507 -513 793 -489 126 -834 -844 -286 -1702 286 819 -633 3 47 675 988 -163 -1386 743 1230 550 -400 28 41 -584 254 673 -233 -468 564 765 -551 -1780 -56 507 -949 615 -1415 -1883 -442 588 -744 579 43 161 -1015 397 964 -485 -552 -340 -1699 217 1016 -150 200 1464 -33 -1699 557 -535 -627 -331 391 0 -223 -728 149 -354 -307 -342 243 -694 -194 443 -615 33 432 -205 878 455 801 -383 347 -649 795 1351 -1136 -1417 -330 1123 -905 15 201 -551 610 756 -201 -472 186 -445 -240 284 -775 225 -566 -1151 -565 375 294 -200 -975 429 735 406 -233 982 -323 -117 -682 122 -428 -987 37 176 109 478 -251 822 1039 349 -181 24 -419 683 -287 248 -1248 387 609 -166 1190 539 456 1239 -868 7 -14 125 -154 1393 -1030 -581 -388 48 -851 -882 32 -168 -171 -70 -383 -767 710 -253 567 -1224 199 -76 -428 -273 -167 181 867 242 -724 11 613 -517 392 1898 -71 -573 174 500 60 401 -203 972 634 -393 196 1277 -637 354 -738 516 -40 -927 247 257 -317 -44 -104 755 -463 1850 513 466 
232 522 -339 -502 381 -159 225 -146 -1055 353 -1612 68 -303 149 209 -194 357 -220 1103 -699 1327 -1346 -18 634 -950 92 -605 673 -312 -670 -1321 390 75 -1065 -98 -678 660 -84 2608 -1382 -620 272 1421 653 -314 558 2046 580 108 -12 911 -1029 673 -514 -841 12 -553 -866 -1073 1354 -1606 979 961 -1053 -1083 43 916 -717 -155 -142 1386 -1255 216 -59 349 -120 711 376 400 526 -1242 -1318 -118 -1110 -77 -111 727 -450 -640 640 -448 -865 -957 -1233 -143 -208 527 1175 -642 -367 -1755 -66 -334 473 -751 -487 -1424 -645 -742 74 -882 -40 1039 5 3 -36 533 555 -504 -422 76 507 655 -176 372 -346 -730 883 -283 -526 -379 32 1214 236 745 -905 1160 178 -1539 -1929 585 -365 -144 955 -549 278 -377 -89 -280 330 -673 -1096 740 -124 488 58 -780 -484 -210 -900 -739 -2030 530 252 -2006 113 -1076 -350 -458 -516 1049 326 1342 639 -942 -753 -861 511 -685 -639 -188 1231 49 -461 -218 -271 170 274 463 2110 -84 444 1154 112 442 -173 -338 358 -514 1830 379 542 -1441 1060 890 1536 -34 -856 -446 -80 1157 1345 -1999 120 -949 -829 158 8 -453 390 -298 71 -675 -176 619 -780 -1399 -565 -433 -112 -7 -102 -350 1814 265 -143 -460 26 -754 -899 777 -685 923 -283 60 -437 1282 -867 211 -23 860 921 713 866 1098 646 127 36 536 317 30 -766 621 711 -39 864 1150 43 -1182 -597 -457 -1016 -345 488 130 85 -236 497 -354 -1025 322 -860 -1148 -1409 1165 -894 1688 -36 -467 1326 956 -771 -757 -522 -517 -1539 118 -127 904 224 639 -97 274 -31 -495 707 -434 -155 -443 579 740 280 -1828 -1590 -1150 892 -451 271 -199 -119 -1905 -81 77 13 1 859 -547 -875 -186 -570 -862 227 -973 1874 -1616 232 -16 -239 628 -766 -109 -1726 64 -1500 -710 -457 -665 -820 305 399 1174 1405 -158 -187 879 -772 -392 112 -40 466 464 -210 -631 368 479 -624 -567 -366 -309 319 146 -1265 163 -1170 1871 1616 -211 -605 -1881 364 -1079 -837 -1459 -797 -2 112 167 -202 670 -599 -1556 -141 -331 314 -1843 270 54 -391 230 -628 
-291 617 1373 973 1411 1356 189 194 977 -742 240 1270 979 -798 -16 1440 -355 -170 -593 468 483 -308 428 169 -359 1033 369 -458 -488 -1269 -317 -879 459 1388 607 -211 900 31 862 -217 559 176 -348 529 1760 296 -330 632 -571 -295 -727 -762 974 -576 426 697 1222 -92 -232 -363 -1145 -1126 -474 -1167 271 693 569 96 -1167 496 428 -366 589 560 -4 -782 263 968 424 -335 -63 -503 342 517 234 1099 -1190 -136 -136 1774 170 -810 555 931 523 445 -239 -543 734 -254 315 -240 331 731 -1693 158 2300 -26 -177 -1105 560 56 397 44 -550 -121 -433 -264 -443 274 1835 -1739 236 -632 593 557 -247 1024 -589 186 -677 666 -1037 683 396 -471 540 -153 -62 1308 669 -627 -898 -186 -968 -365 -415 94 822 931 112 1350 -1062 -654 216 -1403 422 -351 -648 -1433 -935 1432 -865 -2009 -11 -776 908 269 -157 256 -156 -174 -674 -521 631 -1367 -209 -343 110 -236 -209 688 -221 1294 255 2346 -1136 -946 413 -340 1149 54 672 1202 -353 -10 285 1142 1523 109 441 1500 156 180 -742 332 2192 198 -1692 -64 -5 1323 353 401 -182 -383 355 517 -1401 -89 322 92 -1838 -574 160 513 669 -1082 1874 -604 -744 731 123 -806 -770 -730 -390 -649 43 -582 -666 -637 645 -1163 554 -405 466 -103 -1803 396 -990 -517 493 -321 65 438 -147 -168 607 634 -224 -1398 -303 600 187 -486 618 -97 1630 -497 361 -655 1102 337 1015 689 -658 -829 -447 -549 -695 -136 1412 949 838 -671 510 -243 -705 -131 89 427 560 -574 300 798 -240 672 -965 486 -1048 1155 -672 -77 -964 780 741 543 -664 697 124 592 271 745 -277 318 528 269 -459 473 -682 -14 -39 -603 535 -393 -395 1227 251 -817 114 -429 543 -190 -474 342 -112 881 762 -622 -305 -793 -464 -559 -1309 -93 -1589 -1499 361 -194 -1184 -1211 -19 583 -112 -1560 820 -1036 200 -788 6 -470 -131 -31 222 -543 -587 -722 -495 -44 -179 1130 1056 -1120 474 1093 -18 563 -632 -989 -706 -485 109 306 -844 -307 1220 826 -833 0 1876 247 205 -933 978 -818 -970 594 826 -782 
2034 -94 -131 74 -199 -82 747 -53 -722 253 -597 -75 -156 830 393 -310 -1125 -739 -738 -936 -286 -308 1303 -195 -170 -783 -242 -860 -101 -525 -716 -672 1581 -174 996 411 -733 217 924 781 409 552 -123 -522 704 -595 208 462 -70 436 -799 -1299 1148 -150 789 44 48 1264 1714 -666 -533 -304 -1155 -42 198 761 -1266 453 710 -257 -607 -1069 -422 171 15 -1157 703 719 -838 -1062 139 149 666 -347 -466 529 212 -1972 377 -896 237 152 -343 -33 312 1093 194 -1095 698 160 -266 209 -417 -700 389 766 1701 244 246 328 155 -323 1163 492 -300 998 -115 -1168 -409 -506 486 -641 1034 -285 442 -173 1420 -1111 227 -567 -1446 815 -1415 -927 -699 658 708 867 42 -592 1841 -1625 165 176 253 -306 454 -377 501 829 -130 712 128 -52 117 -119 585 -180 613 171 -842 -491 -146 -887 664 69 1021 -3 -640 -193 -520 277 576 464 1491 242 -79 84 124 679 1088 500 116 866 1396 755 -228 -1148 58 -499 -765 -1414 166 -257 131 -862 147 -3 1373 400 -121 145 642 -398 129 377 522 -362 627 -654 306 -779 -104 642 534 684 792 -1088 -461 -134 -455 -518 -435 -179 -899 -87 -771 53 510 -550 89 -285 -556 -1604 314 243 1164 2167 1317 -278 372 -39 595 362 -254 45 217 -210 -20 -598 110 -663 -203 -1024 -1110 -806 1628 -1127 -59 56 -1839 176 -305 749 371 -1378 -994 -48 1279 -47 -843 -426 -315 1774 1035 -882 -848 2159 83 119 -914 1191 40 1236 1348 -1124 747 1989 -624 483 141 -1369 148 229 703 -452 -438 -277 978 -397 885 210 273 -527 -636 -541 -148 -67 533 -60 -1067 -40 313 720 874 1529 573 400 573 -532 -1325 535 414 -975 481 396 -507 -572 -471 749 367 -416 269 182 1567 198 1703 32 -684 1195 -155 1892 973 1520 67 -1115 200 1209 -130 -194 -722 371 379 -286 -1818 1090 -37 392 -262 1022 -1035 1437 -966 783 -388 1182 -900 925 579 -637 -2434 1383 293 -168 1299 -257 -499 609 56 -748 -398 206 -253 -537 563 465 611 -695 34 -603 320 459 -40 187 217 298 -92 -1588 1121 37 
-146 -48 818 -441 422 138 15 -789 -1133 1339 1110 330 -258 260 54 -21 -1118 -1789 -128 104 979 -355 408 -764 125 -876 -51 -958 218 445 1007 -660 -462 108 -419 611 -152 768 24 -761 1231 1218 1399 -543 323 32 -1001 -287 -289 1130 -128 -171 -122 126 1606 -1524 -643 1837 1585 -334 -1021 -837 792 1570 1234 78 -232 -199 118 54 17 -752 452 -1659 103 -85 -1068 699 309 780 -218 409 596 -67 -302 -566 -1226 1513 249 300 -2243 -654 -157 942 308 -834 -214 -132 915 529 708 -1635 1035 727 358 -656 -1296 -516 667 -234 -391 726 -755 -635 1087 -50 277 1393 1611 468 -1042 -949 1579 -1137 1188 716 1532 -389 -560 557 -212 -1494 -260 -1229 -203 858 681 -150 -1360 669 -537 707 142 625 53 -541 284 349 69 852 360 3 -334 230 119 1468 -1402 152 -1431 665 -880 887 -307 868 171 133 379 123 120 -1194 -305 -1613 -222 -589 743 801 -1425 -390 879 -275 1050 -734 -159 197 617 1395 502 -645 -596 668 -1261 696 -363 -171 -1348 270 -315 1308 -1481 -302 741 -260 -105 134 1010 1530 293 337 -188 -105 -342 6 3 1136 -1215 1867 -297 -1026 -676 -27 -1076 506 -304 1263 -1141 550 -951 227 -1944 -387 928 197 596 594 -71 701 -168 -32 1258 1491 -247 327 434 632 1706 -391 790 1628 1165 -240 -584 -284 477 312 -35 648 -612 516 -756 186 -107 566 -1188 1081 931 666 -680 324 -1527 -545 -1389 157 425 -354 462 1040 -71 773 96 398 -226 814 687 382 944 519 -99 912 1054 -101 217 -977 -2005 -944 1216 -1547 238 -354 -82 481 -1021 -461 -385 -1227 973 -737 559 -346 1565 593 1322 -1849 29 871 -590 -386 803 -92 977 197 674 -126 70 -311 -519 579 -32 -178 1205 107 494 -106 -445 -1110 873 -694 -842 -262 -504 -1088 469 -773 787 656 339 -1248 774 1200 12 294 697 -603 347 -95 -1757 1097 -67 208 -564 417 -823 -680 108 730 -37 705 382 734 74 -651 310 -782 -274 935 1632 275 1053 171 -468 990 820 758 742 843 -143 -7 -80 -1049 48 -191 1070 -509 799 -448 -1090 -1451 76 391 409 -1221 
864 -256 83 -1046 2009 -617 -489 -594 341 356 701 953 -27 23 -1184 -1851 959 780 -8 174 -125 968 -291 635 -481 -694 -778 330 319 686 756 -749 -998 29 294 1356 -600 -694 -68 -264 -254 621 1252 264 -462 -658 -1214 -829 -258 1126 172 -700 327 -920 280 293 -332 260 -337 -113 725 -152 665 524 -563 -381 115 -354 590 -610 308 526 -321 -118 410 261 -234 -762 -380 20 -322 -508 762 1060 -1368 -186 -358 -1633 1526 -475 145 128 -1048 -721 -595 819 765 846 -200 1587 -1946 923 -515 207 457 854 -1241 -224 728 1490 1021 -726 -282 -247 -453 -900 1077 250 -597 -130 -778 1097 298 477 -642 -396 -606 560 798 1871 -589 349 857 -998 194 1740 -796 -79 -5 -1552 997 939 275 328 483 246 -319 863 460 687 79 -265 524 -37 -635 341 -60 -51 134 217 597 9 992 -281 -40 -283 -372 -165 727 -623 -246 -147 -164 -262 988 -14 131 -697 1118 -541 997 -669 -403 553 142 -836 1478 427 248 -47 -170 226 -393 -990 -716 -1079 579 -190 -470 -1321 -422 133 607 321 724 1647 -37 -156 547 148 784 873 -384 -949 21 -86 -508 191 736 -600 -434 -417 726 -756 300 -633 -756 -1 35 1013 339 -797 -1028 554 -326 -1110 87 -463 -1101 -604 698 -179 1712 -258 -79 820 758 401 -265 -67 -318 -144 1190 334 -531 -77 -614 -671 -393 442 692 42 212 740 -346 410 -1286 88 -574 533 -653 -509 -958 -175 48 741 -437 211 417 1023 233 369 -863 -348 -1214 746 -93 -625 769 -572 268 468 -678 262 401 -131 460 237 749 774 623 -1179 227 -21 192 -579 -263 93 531 -484 233 -50 -649 -194 296 1554 -218 801 1158 919 1272 -582 -367 510 930 1030 284 -762 -203 -889 -112 -112 -812 425 492 -879 -106 140 -770 1406 -959 1252 686 -799 -316 739 -423 361 -37 -1093 -121 -542 -290 182 1492 -760 -111 751 15 782 759 -1035 244 -573 1201 -1735 57 -76 636 201 -1162 -48 102 863 -59 -1523 -346 -890 204 990 -196 383 264 -431 -596 -37 -1156 368 -3 -480 -693 -2011 211 -39 -111 -1343 415 -538 -901 754 
-105 -91 -414 1261 -303 -179 946 -171 1043 -150 -557 -480 104 -132 1306 -915 -575 -1299 -1002 33 -798 618 149 44 1034 -496 -282 577 739 -445 -558 635 -51 -535 -357 0 757 -124 -215 321 527 181 -1645 -397 323 -478 -961 -992 254 -958 657 -611 -563 573 220 -576 -738 286 299 -483 -539 285 615 -898 -957 -911 3 49 -1008 -574 -300 -272 -96 269 418 -575 930 617 -727 53 -149 519 538 -375 974 -394 430 -164 943 -735 596 1139 -146 -460 -484 73 -356 87 -1558 -476 429 -720 765 198 -45 -214 870 -327 -882 69 1052 183 453 682 -404 -1287 -1159 -219 -160 1878 890 -563 -500 -69 133 -320 505 -1197 -19 259 -67 -472 359 -86 804 265 -254 -982 225 -140 716 492 916 -196 -640 227 -561 -531 -75 -165 -50 -191 152 216 725 -499 256 168 118 719 -835 -332 80 396 -164 -824 -177 -988 443 232 320 -70 -454 -85 355 -979 800 693 -403 -305 -518 -566 652 -611 25 -957 -610 94 -97 -1112 690 409 622 557 785 447 749 -374 403 351 592 -647 79 -1154 -140 -37 64 -170 367 -865 287 621 -311 79 -332 -193 -341 -274 348 -37 536 476 526 -1299 45 -1130 130 187 -37 741 -793 -160 -36 1191 -1019 196 241 -349 142 1716 -564 2160 -306 542 -1303 -336 219 454 -423 -533 163 105 -246 1027 -129 -254 -204 -278 868 -38 -1365 -142 -78 -928 -650 123 1497 948 48 1065 -459 -593 -22 398 -940 -448 1137 -305 -1142 -1861 -136 -889 -26 -168 -272 770 1751 1162 233 12 13 -422 1093 205 467 555 -104 1 565 -613 244 258 -751 903 -756 -1941 -1186 -478 -527 870 -371 -4 -470 553 472 86 -1128 -261 -1554 214 381 -236 814 -574 -978 -473 316 -56 -649 425 -899 284 746 -1424 -28 250 -888 601 -710 173 -639 -247 -1490 -109 -893 -768 1010 893 -44 327 -211 -433 102 362 484 1082 2389 -999 -787 -852 -692 -407 192 -10 72 -919 -444 -346 750 -9 1577 -70 609 -760 331 83 -310 -219 -161 -376 6 -204 -376 -594 674 -434 539 131 392 722 447 -49 -637 -716 1010 811 -828 52 56 -203 
727 -138 -534 1172 121 658 -266 75 -460 808 -657 187 694 1399 226 114 345 -392 -644 76 468 -1238 238 588 -1237 66 -1467 380 738 812 1178 -313 -385 513 -152 193 -509 -785 626 -1356 -980 583 901 1153 839 1127 -679 901 -747 20 -111 43 258 1314 -546 -697 -788 575 -443 89 -683 -302 980 210 -1461 127 -76 284 781 -234 316 270 -54 386 1734 624 -581 218 -85 565 -155 671 742 -47 363 382 -223 -178 878 -818 101 -1468 374 -616 491 -892 -3 927 -1270 635 -278 -154 -533 -358 595 -16 -1227 -1292 381 -251 -1434 -40 -631 1508 623 -41 937 -1308 -117 1075 -582 -588 -593 -543 -1227 -385 -327 -1259 132 290 243 -624 -1169 -541 -1180 -496 247 -171 -819 -655 -1532 389 -161 -120 135 577 -661 1167 -1343 -1675 1220 -388 -1351 190 584 1267 -799 296 654 -190 841 -847 -739 -939 141 -105 720 -223 386 -1509 -652 94 456 618 -167 -107 -1029 1301 -412 946 761 157 270 -665 1240 11 -132 809 37 865 -210 76 1105 1 -374 1255 -140 13 322 304 295 175 -612 1143 -456 -580 618 690 1179 -715 212 150 -80 -247 -332 -467 36 -23 838 104 -10 -939 -784 1317 274 377 -463 -1072 1010 544 1212 -679 354 -1016 -551 569 2225 -1460 -63 1008 -746 826 -186 -267 469 1321 -58 -574 -49 -684 1260 -355 -96 1885 613 1487 -824 106 744 1213 -598 -525 -235 -303 -199 1376 15 -213 -782 -678 -189 -883 -214 -357 446 1274 -1322 -428 332 289 342 23 -1339 -863 1277 1050 -521 -126 -424 513 1320 -870 697 -1103 1247 -593 -807 835 -816 481 -70 422 -101 -852 -383 1399 -245 -594 226 834 1616 -1194 252 175 -1243 444 574 76 -452 346 1005 -579 320 362 293 210 -649 388 143 691 -1025 190 -278 -229 -50 -436 -124 971 492 1395 -732 -166 251 1372 2401 -583 561 1004 -63 -1085 327 -1169 26 -1056 -519 -29 -942 57 32 -128 147 368 -946 273 1409 -62 303 338 953 -688 97 -678 -363 -52 864 186 383 82 -1233 -1132 -362 -1344 -138 1820 -547 -565 545 786 182 -968 -840 -514 115 61 -252 670 -401 898 -61 337 
1249 1684 -234 765 717 32 -73 -11 1682 1202 -271 -393 -1155 545 321 -2180 157 -667 -78 365 -633 1844 409 1095 775 -1474 312 722 459 -162 -1113 385 31 -756 516 277 51 -1675 -292 -138 455 487 -133 402 -979 -1409 -863 699 351 -1238 241 -1785 -49 -933 801 262 1624 56 1154 689 1015 497 52 -119 -612 -1247 -171 581 1696 977 -29 887 -203 889 768 1057 840 -748 -382 -1061 154 1048 842 -258 92 -219 -1229 250 -942 -288 646 1072 606 1483 -134 865 169 -546 62 931 1561 781 -715 1234 7 1283 1133 -664 -733 -400 531 -1004 -123 -325 1103 -255 551 -556 -274 939 -364 -1847 493 180 253 402 1821 178 190 615 1013 1342 -8 72 330 523 1378 -70 1804 60 -876 1105 -1164 571 865 625 549 190 441 -537 456 175 550 8 530 -1 45 -1062 189 -580 256 -364 -537 -114 1009 468 877 -611 -1100 92 -1486 -453 48 -63 816 665 692 468 -917 -1092 -340 1135 -854 962 161 -79 -421 -454 -323 366 -518 -662 -287 -449 -277 -20 337 -302 516 1365 -784 -1208 1596 56 272 -387 1118 54 599 -1194 -381 -188 1039 1602 271 -701 493 -1283 -378 -613 175 548 88 817 500 245 31 203 536 -689 -758 273 -1261 -638 304 147 -1230 -656 43 204 1450 64 910 -70 147 -881 -136 -492 1281 133 219 -1018 -363 -662 -88 -713 504 -1368 -132 -995 1002 1097 113 -492 -50 327 -132 -1022 851 -639 -876 -439 354 438 92 1606 -10 1534 78 -538 -61 -853 -484 185 945 -427 268 -659 887 -1299 544 297 224 -1682 1068 936 493 439 -716 870 -824 -928 -240 1107 308 -71 746 501 890 -1302 552 -457 -548 1209 25 265 241 -223 69 447 990 -780 -506 -1136 1002 157 236 157 112 -231 736 -130 692 -188 1254 -418 163 -870 -826 -313 50 287 -216 345 -256 -182 86 425 683 815 -155 493 166 54 15 573 -95 1035 -366 294 736 -1599 -733 -909 -386 -394 -352 177 1011 -356 -1359 -379 -608 107 232 -123 1197 -303 414 743 -281 -171 1045 -129 1192 306 -88 217 493 -346 1247 294 107 157 -357 -272 -760 396 -283 -748 
1473 125 -264 -1219 1233 -400 641 -779 342 -470 -1284 -590 2175 1056 316 619 632 1323 2116 -492 -2 973 815 -678 -482 164 -830 -1300 -545 457 455 -221 -741 -130 324 -201 941 1306 402 56 -511 -269 -584 803 191 -502 -997 111 171 -582 909 -1397 -1114 1602 -68 137 233 715 435 1190 -714 1335 1119 -63 -802 -784 -873 -125 -479 -215 707 -764 210 454 -296 888 542 322 -811 -500 -579 376 -424 -477 318 295 618 -1068 -1691 259 1255 -937 -533 -364 -820 754 1061 -16 -145 56 -920 270 786 -19 -226 356 859 -135 -1851 -1643 -7 -863 -1549 351 -363 -409 564 64 -575 -234 724 -54 -716 -210 -367 -139 -1264 -542 485 -688 372 -697 1110 622 -258 -476 1017 1530 76 -24 -809 -549 -615 1343 233 648 -998 439 -1129 -211 365 -91 398 -772 -353 442 1523 491 -822 838 -686 -328 -123 -153 -437 -114 -585 772 -1069 -1674 -489 723 1232 971 -1132 672 -1181 133 7 -407 707 -456 700 -876 -92 523 583 -629 828 -64 217 -1083 1071 -328 413 1406 1368 -763 -1386 304 -326 56 792 -377 1324 -540 -1195 -1004 -567 322 38 1362 -868 608 -644 -234 1522 -332 -1020 -374 953 374 452 -447 146 271 -911 216 983 524 -37 -449 746 1142 -1288 465 160 1014 -140 2304 500 77 197 618 114 -21 378 26 226 722 -964 17 -243 115 768 -450 -257 -490 -447 -330 230 140 615 578 -32 -182 324 -825 400 744 675 -364 212 612 264 51 -493 -626 498 -661 1129 -430 873 -621 22 683 677 1793 393 -402 769 206 580 1010 -256 -1014 96 387 198 847 804 -159 189 783 -965 801 -1720 293 -889 567 79 105 442 866 336 -21 -97 -650 -1059 -223 116 -128 359 -854 -1024 1243 277 -850 588 571 -1433 -356 -19 274 -189 660 0 -49 -997 2163 1064 -332 -973 -1548 -422 -78 783 320 -505 2 -136 -113 -191 512 -443 397 203 366 -94 -403 -1272 -1251 483 221 460 1553 -310 -1826 -538 173 417 1400 -417 -234 332 -325 -222 -250 167 458 655 -655 80 -558 40 -37 -199 -568 -766 673 -633 -1070 573 888 -444 608 372 -642 -1154 -7 
161 501 -452 808 481 420 -235 520 884 1022 593 -586 443 -670 -547 134 -515 -2118 -430 628 1090 595 1232 45 -612 -578 575 879 1315 -640 -479 139 -721 -559 909 1581 -245 -200 -208 736 1091 595 1121 -829 86 -730 -518 375 -760 -1588 -364 313 -152 -560 -33 1187 -235 37 -243 208 -2033 -69 -298 -211 -186 -456 -381 342 114 564 -492 -162 -514 -1829 1436 783 793 -889 368 -234 66 -298 -159 -1149 1447 45 514 124 703 -316 499 -395 552 1381 1252 203 845 -642 -59 470 1754 -1277 590 1419 -61 -1172 -61 -991 -913 1501 -513 1193 400 237 -418 -105 -3 757 965 276 14 984 1002 10 -160 -299 -598 374 -237 280 -13 63 748 -687 681 -523 521 664 135 384 81 288 -466 917 251 1295 102 -956 795 601 -866 748 982 903 572 758 -928 1346 332 363 -732 -90 -222 -1143 -2136 1310 -1075 -361 -541 -320 -427 775 1016 347 249 204 348 521 934 597 28 -349 1527 750 749 -1232 146 -475 390 -1779 870 726 -372 581 -524 -485 -358 -664 1488 -457 -732 -625 -790 -5 -1397 -334 1373 -348 -807 -736 162 -361 -21 183 -768 -129 -697 1498 160 -1323 1142 -142 361 419 40 -317 -177 -958 -1658 -120 -141 -447 -445 -843 531 287 187 -16 989 1149 729 -395 195 -305 412 663 702 689 -934 1266 -393 424 -37 -509 -1529 1965 -2011 -710 1201 -166 -173 -619 644 -182 -712 -302 219 -20 366 54 258 -497 407 -517 233 -946 122 -57 -1218 83 -702 377 -799 17 696 -158 48 1110 -274 -219 -41 1319 328 -2192 18 132 708 93 267 -701 302 214 -1132 63 -116 590 677 901 -404 664 504 -435 -324 695 -1276 -262 -302 57 474 287 -1208 349 978 412 1033 125 -180 191 1200 -11 -417 -909 382 -574 1047 109 -736 157 -261 -608 571 -1220 -20 -559 -763 -644 -668 264 622 -312 -483 1523 25 -1258 -1211 36 1150 -178 -313 324 733 -1008 -18 -252 998 255 619 403 653 -483 -103 -155 -615 1245 -757 389 -690 -173 -1642 110 426 -191 -239 -1032 571 386 713 -733 -774 -1980 -1104 147 -94 -1004 152 -72 -785 -394 1221 53 
-101 563 -41 672 180 -928 723 1553 180 -327 17 829 260 757 1043 781 150 1482 -118 589 894 2008 414 1175 205 -103 298 -223 -203 -290 1212 -483 -111 -283 875 246 -1305 -702 -317 -323 -1079 -784 -379 437 -613 -1055 645 -781 865 468 -298 647 721 -490 -74 268 1369 87 -581 479 -286 1601 1703 309 -555 -410 1403 374 1118 142 757 -193 -149 -70 299 -1028 446 -440 157 -155 1097 -1308 -542 -918 1048 -1089 -1106 389 -1292 883 770 270 -615 177 1641 -371 717 -230 -988 697 1604 -317 -799 216 17 1443 709 -76 790 -1755 256 -932 -535 -1384 -1613 926 203 473 -1000 684 892 141 46 -499 -621 -934 490 1932 -302 -8 1685 -216 -420 784 412 -274 -131 -815 -481 -657 -916 621 269 56 454 26 -692 -1626 -356 116 1632 -867 -619 935 575 -974 -60 -18 294 -405 325 529 422 -1256 -589 1046 155 -55 -1463 2055 1432 -268 -1585 1782 -644 -385 297 117 994 197 -983 -1737 -191 -535 925 118 -205 94 419 -1054 145 128 -549 -1864 1123 -306 1378 -266 -335 -152 -158 -382 196 -1475 305 326 327 877 213 -937 -1873 618 1269 1133 75 -905 368 871 832 -1188 18 -371 958 485 822 -254 -238 -446 -718 46 1275 598 734 -644 -680 491 333 55 -526 416 326 2 460 -893 806 -546 -699 -539 903 305 337 -1094 -1914 -314 -790 228 -213 410 -16 1177 772 -466 -913 93 -505 353 746 123 -827 379 -224 -103 332 -543 612 369 -118 -203 -989 -744 644 1403 506 46 -843 -945 -2201 -238 648 56 -286 -353 151 693 -1247 -956 447 466 -689 -153 -367 -189 321 386 55 -1633 67 -251 272 -273 1191 -298 -43 -377 -1028 -1461 -494 827 -1430 -934 857 109 197 -818 -299 -888 592 1050 -84 -424 270 517 550 119 338 -43 -19 -392 195 1064 457 1043 -80 392 -1197 528 -718 99 -7 -368 -1374 171 -646 374 -1349 -129 -1057 -283 838 -445 -243 1714 -662 -330 -377 -792 694 -739 197 1085 555 -559 -1680 -512 134 -282 193 -100 3 645 -284 591 188 425 1469 -209 212 620 -1038 -436 117 -110 -213 -336 1095 444 989 -562 -112 -1623 
196 289 -74 -893 -316 767 -1765 345 95 -522 349 617 250 811 -33 -500 380 343 -365 -228 -734 -475 181 -312 203 1032 -200 -134 129 -1225 -376 -881 310 808 203 589 928 164 25 -529 195 749 2102 74 -577 117 357 692 773 435 -501 452 -976 226 875 245 1590 1266 517 -168 59 419 -394 1192 228 -287 -277 -1005 -229 569 -251 -637 412 630 -892 -832 -1297 796 -752 -188 -576 105 -199 357 704 -363 360 -290 60 -1089 1015 895 186 582 -475 26 -1242 273 -253 -89 -639 606 -733 -1227 -697 1785 -98 638 -356 181 -1317 -365 456 -287 -362 840 272 523 -304 -641 -300 -236 981 155 -449 622 -805 1888 -678 -177 -899 -62 -1125 -437 -737 -429 -141 -346 337 760 373 -705 -543 -273 89 -658 412 1588 -1085 464 716 -207 -1202 714 -186 -522 -150 -684 259 554 -649 190 1095 -332 1103 -1316 399 -724 394 372 408 -156 343 -1461 -409 -918 802 485 1092 420 136 -1903 -721 -1185 -1133 838 154 -178 480 888 383 545 -720 106 -204 -75 -948 -296 704 -146 -359 315 203 -424 968 -391 28 32 614 1278 -158 -1057 702 -258 -424 -217 -524 210 135 476 326 -949 -1171 965 939 -184 1335 -34 -544 -28 -890 -673 -403 309 -596 -1278 1930 368 636 -137 -577 -1024 -509 -1228 877 362 -327 518 -929 176 -104 1667 74 570 455 915 -59 -763 670 498 1196 -378 909 995 266 -1050 737 -864 -805 -342 -365 18 -42 236 -118 59 -1222 -849 -861 436 1557 -104 839 -336 -695 -168 -731 -543 -33 916 -455 443 1135 -937 1231 -1319 -154 -12 -66 -212 230 -232 -735 268 434 -555 -622 -4 857 781 720 -371 -219 -295 209 -74 579 243 -415 225 -469 -1086 -803 -533 565 606 117 41 413 59 54 -81 -358 228 -189 -47 -455 -735 -358 -307 -213 1285 -815 45 1052 -499 -141 119 452 -468 1126 -262 280 -1065 46 646 -1503 -133 2008 663 -1768 723 -78 -21 217 332 525 295 529 1633 -347 -426 1569 119 1246 -919 -1547 295 -207 -777 -1488 422 53 520 -204 168 -67 -1354 -169 701 -994 -383 548 26 452 -652 -207 -769 112 -575 
-152 -448 1193 -1327 -1517 -41 423 -248 142 -179 350 682 -426 18 480 -356 899 -697 -1038 1398 -71 335 -15 -1022 -590 675 -741 1044 -19 926 -755 779 -1095 22 -776 -49 -1267 475 -243 364 -995 31 1127 -1178 -79 -376 -420 313 -1612 145 518 -38 217 -25 -1090 -157 -237 537 611 244 -670 -923 -79 1441 169 -395 510 -430 -157 17 7 588 168 -26 -621 -1051 80 341 1264 852 -188 824 -291 -485 391 399 -192 -121 -1029 742 -280 -833 17 603 2397 -1497 1433 -610 61 -1104 780 -1184 273 1085 288 40 890 190 -167 1224 -641 -331 -445 -817 -24 -1211 41 -201 610 -1239 -817 -191 385 -1412 -45 249 442 610 -272 -227 167 -28 -1042 -910 -194 -909 266 1205 14 837 1109 952 412 -694 -792 1180 -255 1391 -1234 -2 -932 -542 49 -479 95 120 -328 882 807 550 -869 -85 -832 384 -1005 766 -2368 -426 1466 1434 320 1226 -597 752 -257 -335 570 1251 -681 159 -782 1129 820 -162 -677 -123 -1330 -455 -22 1057 544 897 1588 459 -1238 217 1085 1648 -826 411 152 246 -1109 -292 -500 163 331 622 -129 890 466 -277 -305 -250 407 111 -470 99 -520 -337 811 811 346 768 160 -754 247 -287 552 1626 -266 313 664 516 1563 -56 -825 -889 751 -410 840 926 436 364 -1431 -252 1052 -225 -485 717 -1195 1558 483 -601 -249 -154 -97 -60 -496 1402 236 213 -104 762 629 1006 534 -432 1940 -318 199 62 -567 -898 -182 -1186 64 -614 -984 -189 -439 955 65 585 -926 -777 -191 -1362 -629 66 -29 -1444 -171 -856 -62 1003 -330 -589 90 906 -387 984 -48 63 -664 703 160 899 -1445 1043 246 261 -31 -1913 -539 0 -58 -249 -173 -1042 -442 395 -204 -762 556 1486 1186 157 -119 -168 -251 99 255 747 -1034 -391 -890 1173 -414 2 814 196 76 154 731 -1469 -953 -503 -7 -1725 357 806 354 -1131 -297 -397 1553 356 1050 945 -288 441 -330 -349 509 -881 867 -371 748 804 -586 -141 -590 815 -1214 332 1366 -1262 39 -734 -116 186 -163 -462 -639 1036 158 620 891 1130 26 975 -1273 -1653 982 260 693 916 140 -717 
492 1091 266 959 666 700 -338 2 117 720 1016 -38 -85 -542 80 -1104 256 919 201 -961 -113 -259 -1034 359 46 728 339 -103 1265 606 770 415 -252 807 -246 -690 288 993 -606 -436 215 828 -701 1189 -474 -403 663 -80 341 930 1103 -1048 -1078 318 -415 -458 -1585 214 -368 -793 259 1239 3 1127 223 720 125 -503 -910 523 817 -750 577 28 -985 1687 1688 696 70 1541 -1971 -80 -621 561 40 509 -1182 478 286 611 -886 -253 -614 510 -1153 1160 -536 839 -814 212 414 394 -573 524 95 260 -300 28 427 -926 -329 -48 -121 -242 -621 -523 -230 -146 -122 -735 -12 388 -979 644 -341 178 935 -24 -1912 825 586 -348 576 850 799 239 -620 -341 969 8 -357 516 467 1241 980 1262 -1831 -23 -1094 -4 1182 -200 349 -103 -405 -747 -126 -1030 -1227 287 564 894 -523 120 -274 915 1131 1036 564 -539 -639 1039 -741 1196 1004 -369 -13 -182 1928 -189 -774 924 146 78 579 218 -1947 -237 -845 1204 300 124 -373 1226 -492 -42 -152 -434 -295 1291 275 634 125 646 1383 -76 614 360 1766 -1442 1322 828 828 -1745 -19 -318 661 -1122 -715 -518 -65 436 -555 32 1159 -294 153 43 743 514 1363 -1825 -75 -325 -914 -34 542 176 -406 -290 -378 49 634 436 -527 324 256 657 141 1482 173 632 -42 1066 1093 715 134 -1004 -498 459 426 512 865 -58 -25 635 503 -1582 -1174 62 -1193 318 551 -154 489 -171 -633 -632 -498 403 150 -354 1720 738 -1632 -473 856 -864 768 57 -1434 -259 -353 570 -535 -501 44 414 673 94 -1500 305 -180 -1011 1115 -529 1072 -2130 372 -306 -570 201 -1200 -69 -285 -286 1106 -1062 782 203 466 1167 -976 81 -1689 791 -741 1240 -181 -443 520 712 -1028 1740 348 410 -23 460 -108 1490 960 -387 -70 858 836 526 -633 -574 -92 -181 899 798 916 -494 -351 -124 -1635 -60 681 805 -1072 -1008 -774 268 -127 -759 -331 748 216 -480 -291 1014 -135 32 695 -955 -114 252 -279 989 -237 -626 934 149 -704 115 -486 -702 496 527 -1730 69 -1942 -167 -1606 -791 -232 -1074 -930 1214 
-1678 -571 -601 -146 -500 205 -163 -775 -1259 -203 384 -1028 -921 -535 1145 -496 1069 -161 1010 162 -336 38 -537 1246 579 27 -842 991 371 880 -594 -272 -88 -595 -131 -19 -116 495 21 -115 -308 -849 359 -157 31 968 -1443 730 -517 491 501 -976 1378 -844 -1118 -700 474 -58 -427 1225 194 -237 115 1147 263 -549 -225 -623 173 327 910 929 -849 351 -528 217 715 473 254 427 -499 -745 -261 -553 -355 936 -63 91 -976 178 -1189 1087 -1301 755 -680 -153 -536 661 -1690 1891 -193 -1297 1449 -496 -659 -285 -727 131 -380 1165 -532 -848 -181 597 -706 -265 -758 1268 -830 -517 -292 441 -277 -682 -440 479 453 -146 -636 601 881 -470 -2071 124 377 409 117 -264 -529 -608 -174 1166 1562 -689 289 -15 -819 846 -1419 172 385 -1065 705 696 -952 -671 -168 -1129 -201 -69 -195 -1847 -852 759 270 -8 645 17 -659 -154 -239 362 815 -1104 -149 465 -745 -25 -925 -1115 -892 -538 610 -82 807 381 -93 454 687 141 -167 509 464 -180 98 1311 1205 -292 179 -313 -157 692 1007 -458 742 -979 -1007 -614 -450 523 367 -984 165 -974 -62 509 -1636 -280 -924 -178 220 -10 -392 791 -501 701 -338 -607 -1081 -750 -1267 1059 -430 304 1177 -757 -354 156 88 -792 -355 1105 1255 -252 -69 797 -690 -560 368 -779 637 -419 -105 38 906 1453 534 670 143 -337 1252 -41 465 -641 451 173 -142 204 88 417 -566 476 -334 263 -425 -30 -716 603 -25 -275 715 279 390 -459 685 -763 402 -538 1126 -700 -236 -76 -279 -930 225 -261 -382 18 127 -128 687 -61 539 -145 1532 492 161 -268 163 450 548 264 -635 -1228 787 822 -372 262 -347 406 -143 -146 237 780 34 -229 -128 592 -933 1511 -486 1025 -262 1044 1913 556 -546 -680 70 -507 1385 -103 -994 102 -781 -205 -212 -393 112 90 1511 401 1043 910 1256 426 761 -1401 -338 534 362 90 153 458 129 -213 -547 -554 -68 376 995 27 -202 273 -514 624 -2 209 679 -280 270 -566 -1321 -860 43 1209 45 -223 -232 1186 898 77 -1018 658 -1199 158 -469 249 -484 -500 
-75 850 -962 673 -111 534 1208 -130 941 -427 1368 -885 -611 137 1402 988 1138 -1291 492 584 -1100 -480 1280 876 868 -1750 -565 -196 971 -972 190 -685 810 -190 577 -630 -640 -93 917 -161 880 -900 141 29 329 1229 -1971 116 422 457 352 -174 -1239 -53 -176 -51 402 -324 -258 -100 -1472 -78 550 -656 1490 627 -46 -1278 -526 -274 -27 -606 431 -626 -523 -348 397 907 404 331 1187 138 405 1585 -1046 -80 92 16 -820 -427 176 -854 202 272 1631 328 -747 -51 184 -445 421 -317 705 -700 1376 531 449 1191 38 398 -296 1236 -456 -316 -247 1398 -248 692 1636 -1723 340 220 800 -975 416 -131 -993 264 -411 -730 -40 -279 573 1206 -93 -685 387 227 808 160 1374 650 -959 1014 -518 267 391 1752 -45 1436 647 -612 181 662 56 -559 590 -151 -957 -1372 -1244 -75 339 -964 -472 -676 -1249 760 391 488 -477 395 -228 344 594 -725 -252 274 867 -23 -211 -993 441 -672 -431 110 893 -261 1061 276 -753 1560 -509 -527 888 -729 -1422 -418 -753 -126 225 -687 948 -1094 1113 -1032 -214 -473 339 -283 1452 806 698 196 656 -471 224 -1602 43 -1059 -555 -302 -667 64 -782 -835 -19 1307 -636 230 264 -271 -458 513 -247 -984 120 -612 571 -387 591 769 -101 613 -290 421 122 90 15 -1038 646 323 -1262 74 157 1483 -463 -401 707 383 -236 19 665 -112 395 752 -721 -476 -545 -908 -817 -244 551 1517 -474 673 -173 72 -687 -656 -49 -88 148 -219 -110 -288 -236 -1199 208 -477 458 688 977 157 216 -482 217 92 -469 -11 257 -899 -341 521 522 -675 -940 1096 62 176 519 -83 -544 -106 -161 -367 -1158 -101 -1242 -597 -1133 1081 -153 732 -592 1011 -605 -54 820 -1769 1358 1547 -376 -2215 -570 -342 584 -408 -1047 790 892 -782 -143 -285 373 251 707 203 -1 534 -818 349 1876 1834 -172 267 -252 705 1168 -410 236 70 -59 -598 153 1338 -544 525 -185 753 -58 88 -773 319 13 504 -889 -1106 619 200 -868 477 -46 1187 -901 40 -297 163 -5 -1711 406 63 1133 -437 1247 -215 -1114 1234 -1908 585 
-1180 270 -259 1116 580 754 154 1163 -828 -13 929 -1320 861 -699 -1180 1225 1561 -10 -610 651 521 -867 556 52 -121 -715 729 -895 -205 562 -1046 -116 638 -230 -782 -209 301 1112 -446 -846 -897 174 -1201 168 1033 -682 354 -499 -327 -80 -657 -669 -1334 443 -393 -307 -634 605 638 -133 -485 -669 -1007 465 147 145 250 573 -83 -705 231 -46 1060 -370 -296 -1049 914 576 -1008 1353 -455 -25 355 430 57 1017 -1019 413 -74 -766 951 -669 -947 1325 1441 715 -508 765 1025 356 1277 -182 -917 921 -361 689 -158 -821 -1389 266 792 -623 -630 -1399 426 248 1096 -27 380 752 336 1326 935 102 1057 -336 -603 -1143 141 -243 11 -724 828 181 948 574 -24 1129 -1288 537 -16 91 45 -430 -890 103 -1284 577 1662 -748 -873 771 918 457 713 1003 530 -15 672 -187 24 482 -502 -452 -1268 455 -150 -273 -300 32 -290 -1191 -102 528 -236 -913 -272 -369 -1545 -200 531 1239 -739 -154 -151 654 -1491 -225 -710 -1208 403 -599 -1902 -191 -1128 1126 -447 -185 203 102 1666 -1311 -926 -905 2032 -384 1239 -748 -62 -169 -453 -514 590 -844 890 365 132 904 95 607 -51 -879 -518 247 224 -337 128 823 395 38 -467 -627 -221 214 -450 1311 -1721 -1135 1075 -163 325 288 512 -418 143 453 -1546 587 -639 -186 -246 -881 -448 1021 -1424 245 919 -644 265 -871 -3 -1168 -1069 -1521 615 -809 420 374 613 218 1040 791 -717 -689 127 604 -193 -47 986 -817 -1208 451 -1157 1332 -99 -1057 1098 -348 -192 1463 -129 -49 1103 -420 19 502 -18 85 -1168 29 885 813 -583 -465 18 -508 -116 -422 -676 -404 -877 922 -328 62 589 -146 -441 -340 -1385 -88 279 177 737 658 131 176 -68 -557 -558 -1068 884 915 -212 1458 1089 -607 902 -625 133 802 373 238 -921 -1331 -1043 21 -456 70 735 -1126 855 622 251 -728 -639 673 768 -92 -465 1320 710 -660 -590 647 499 -259 484 1028 -1035 -945 -536 701 1099 -1232 862 216 52 1187 1135 -511 794 635 68 -232 643 585 -504 -555 1161 94 -7 -2513 158 -979 1521 -554 363 -395 1079 974 
426 1020 297 190 329 849 774 -471 -323 1101 437 -923 -155 -820 -318 -319 890 1377 725 -99 584 -318 -212 10 516 -136 656 -95 26 -1631 -915 437 737 -278 1765 -172 108 522 362 -278 -605 45 301 -912 833 248 -801 -1085 818 -1806 -355 -1649 -8 -1044 745 603 357 31 689 69 719 -1085 -517 499 -653 -406 -802 -433 -642 -846 115 839 -593 -586 201 -439 -671 1287 -850 -579 -1040 -1653 239 -628 233 -588 -859 1050 -32 1843 581 483 -254 -137 -858 261 -317 1220 587 772 -709 -299 44 -621 -484 1168 776 362 -1569 1368 -900 -1420 -321 509 78 -185 -946 1379 151 -250 400 -773 -1327 -903 455 368 -165 -393 -384 853 -754 733 -725 1068 -735 1238 641 490 -1467 -199 -631 788 511 1286 813 -645 -441 -1141 1145 17 1778 44 -265 1121 -570 56 -443 453 251 -1072 1499 350 255 -236 839 162 1277 50 -886 663 -943 -824 -464 -491 639 503 129 221 1780 924 -439 -1081 355 979 -334 811 -134 -120 -254 -1167 -459 1100 220 -323 103 729 -301 -254 -825 160 428 308 898 868 -25 81 -211 869 -433 -1164 654 408 -1140 -227 -36 -82 135 -907 1016 145 20 -803 430 241 532 -1216 -337 1002 -686 238 1439 -350 584 -1027 74 -175 -52 740 797 294 664 -1542 -804 -247 -227 699 401 1018 -258 -31 -1085 512 -2 565 1060 -531 595 -206 464 -555 -757 -211 -899 437 1856 406 -233 536 471 -856 -591 1080 -692 -932 1483 871 196 158 1407 -369 -100 -820 -78 50 -757 -566 -985 -169 -168 196 360 -88 571 -619 -230 72 237 1084 683 986 413 -99 237 -185 280 1081 186 463 234 -702 785 450 2063 501 873 -346 -179 -351 -146 -27 -399 598 369 174 -142 472 383 -237 584 -282 804 790 1218 -686 -123 -1593 761 1400 1015 -129 536 628 -203 -233 -321 1348 101 -297 -884 885 -498 446 871 1751 955 -1544 112 -272 -459 1195 -372 -433 1301 582 -1115 -1641 -671 -313 1155 -342 -208 441 515 102 72 311 -469 714 -819 -475 860 -1848 54 -1672 545 -492 430 -1676 -1370 -206 330 743 315 -264 -375 304 577 114 -1002 257 
-366 552 346 943 47 1272 -804 -155 -597 -313 1400 1258 174 -283 196 1385 -566 -322 513 877 1594 798 1132 -798 -524 588 488 -333 -199 -1009 515 -746 -384 -547 228 -100 -581 -1080 639 346 -537 930 -810 1095 743 -89 487 -690 -481 1434 -416 1860 403 -586 616 753 190 -31 -1142 1621 -396 232 -543 -1288 749 -38 -77 -1044 -300 146 865 -1633 -686 -926 -1275 -723 -543 -1379 908 390 -139 186 -154 119 -1324 -1092 -1590 -74 -1169 1186 22 -944 -417 -661 -770 1489 588 -1368 -3 -900 -552 2097 124 309 -27 -789 966 59 -783 -1651 -251 511 770 -559 -1325 1018 -350 -322 614 215 53 -373 413 555 70 -526 69 -752 -837 -36 -557 -857 431 523 -631 211 -1048 139 324 126 524 19 -273 -452 -464 -380 602 -495 -246 417 448 -1096 163 81 693 -130 -193 1252 -966 668 936 -448 806 -191 468 330 -753 214 280 -158 127 207 327 284 -139 -1010 57 -858 -788 -171 910 501 967 -1367 -288 323 -197 666 -1304 -380 -542 -1362 -1160 411 -276 -1138 -634 391 456 -108 -830 508 -683 -907 -539 1503 -439 -1136 731 205 265 -226 -107 -1101 508 1466 -698 -414 854 444 -45 -192 4 1333 -775 1097 1038 20 -85 760 213 558 -241 -1245 127 767 -1647 -550 171 -462 -1018 62 1329 593 447 -277 -815 -189 787 846 -447 -1398 -160 313 -377 -157 -1589 250 -1220 -521 -519 26 -68 2580 -1432 -1116 823 429 928 1561 366 -1455 -685 371 49 96 192 -395 -808 -152 -535 1663 -193 348 960 -539 -121 -140 -881 622 -9 -971 -543 714 714 -781 -1042 -776 161 -616 212 -368 695 -747 -1461 -860 143 444 1209 -282 -164 773 -199 973 -513 -370 562 408 -758 1373 87 -40 806 -1394 188 -359 -1204 -765 -652 -270 611 968 -10 1323 1277 775 214 -1044 573 252 -235 725 315 -330 -2060 -911 445 795 1199 -936 354 837 326 1299 -621 -725 -741 -59 175 -312 386 -659 -1390 -438 -140 990 369 306 -751 617 402 -443 273 -64 -36 -671 363 -927 -377 -118 48 907 21 -173 -1056 -1065 1115 25 226 -538 788 -938 92 1620 -690 -311 1166 601 960 -14 
888 -989 -877 780 -1331 590 -300 -481 120 -83 -151 381 541 769 -321 -788 113 -696 -343 177 1026 -922 1037 465 -44 -247 1605 946 1361 176 371 1371 4 -199 -245 -685 -1332 144 224 56 -427 -1049 783 -613 -458 536 1323 -1093 177 203 -881 -172 117 391 -768 -98 -304 -405 658 463 271 744 -166 -44 694 109 -634 -178 1535 368 -541 1005 185 550 838 435 1545 202 570 -394 -102 500 498 854 480 730 -26 -368 -713 335 94 757 -287 528 259 369 291 1077 69 -56 127 -60 -1088 953 -1257 -405 939 -981 -766 277 236 -1486 -461 573 59 -90 270 -482 -434 -2015 214 -634 -148 -109 -23 -514 -540 -1398 55 -255 -441 510 -689 -257 -759 -814 -914 -225 -839 -695 72 -943 -407 875 -215 466 80 -1032 628 883 128 463 -876 1246 981 -65 -776 880 287 -1440 -22 -494 -1189 -947 -399 89 414 -283 -102 213 -491 -1163 1012 -291 -588 263 695 -436 -608 558 33 -583 -871 1525 1063 718 -1069 -961 44 -265 301 -237 -169 -960 -421 -1346 696 -936 1646 350 -327 -569 -155 -207 1213 -600 849 -1355 -583 -1380 601 682 160 -465 -396 -478 245 590 119 646 710 -476 763 270 917 -49 623 -379 793 490 435 158 515 355 1271 601 -804 -269 -1085 -1053 1107 773 68 1566 78 360 -442 -583 601 -356 -578 485 -1147 353 2174 123 471 -242 561 1126 -83 -24 1082 326 -281 610 292 -103 258 823 731 1129 -385 349 984 -467 -126 424 68 -232 -55 820 221 1220 -586 -1022 -989 -764 -365 -689 552 788 -480 -364 -908 -27 -291 -920 -270 160 -309 -760 69 -348 941 133 508 -289 -269 -1238 480 1243 891 -515 510 511 376 -342 -933 -596 -1351 -168 -182 -521 -304 -303 -213 287 464 -551 572 1063 22 150 1768 -99 484 782 563 1279 -277 1321 133 600 747 417 -288 -936 -323 -1134 360 338 311 246 411 -387 153 -205 -126 800 170 456 -395 -666 856 -1381 -84 292 -1241 -687 -701 1526 -598 328 -1281 -983 776 293 -668 -90 300 379 65 -641 1114 363 -572 -2 -432 -767 746 1658 -746 99 1000 -1005 1039 -520 339 -367 
201 423 -309 -282 1240 580 -440 -140 120 217 1240 -1024 817 -280 -401 -588 960 -321 529 -150 -1174 -1890 -495 45 209 1526 -257 -309 -1076 -741 -498 -87 67 784 238 350 271 -382 757 -286 -135 412 928 43 1499 -15 -480 -306 -102 -418 438 -781 -365 274 -65 -1093 -280 -660 665 -647 522 -232 765 -38 -632 -363 -350 983 -514 621 -1342 164 727 110 -530 749 437 -324 796 1337 -196 -407 -521 -1034 -551 102 789 -869 325 49 338 -106 -742 113 536 -462 -678 380 -141 -23 -895 109 508 574 300 2011 -1334 753 -595 -738 169 -475 1462 1100 401 -953 88 -867 -1205 -1235 764 1273 -549 356 551 1761 -534 856 102 721 -91 427 532 -506 -405 -579 -601 443 190 -810 843 -701 83 346 -1108 1493 -949 227 686 -1356 -50 387 -50 -385 390 478 -429 -573 165 -230 -567 -350 1048 745 -97 365 -967 641 -254 194 -26 406 1019 1464 -908 -425 639 478 69 -825 810 -627 538 874 715 -146 591 146 253 459 718 1228 1212 177 52 -811 877 -806 -1178 -14 -459 -408 -149 1298 238 -537 604 940 -380 646 525 -45 935 -482 316 -822 647 -547 71 -34 -179 574 586 1054 604 -123 653 626 352 766 -942 1 72 958 -877 -1864 -1402 1143 -704 332 544 173 -943 -482 -161 282 676 283 -964 -1064 628 900 1248 747 284 -958 1657 757 1413 -159 137 -565 138 -205 181 487 -340 977 51 166 1004 -199 412 1148 -143 960 -1112 -534 -498 -577 -824 -877 -411 457 -568 381 226 -121 -82 -647 -1165 -499 -912 -490 882 341 820 -30 -398 -398 1183 403 -273 -172 585 301 -521 536 293 -352 -1163 -174 -36 -90 260 177 937 -387 639 851 451 -43 -367 723 642 -719 745 -1123 -164 1503 89 -541 -1431 463 563 1153 304 -587 163 -321 1380 -839 338 79 -63 1427 -230 -827 -558 329 422 738 -598 286 -225 -1609 -150 -1183 -594 566 289 -1426 657 501 -594 1355 1721 -473 668 -1151 1022 -267 -317 -104 626 1234 -514 -329 -368 1284 -79 632 -287 277 -1244 375 677 413 -604 -491 -722 -786 -196 -918 -1073 -697 666 2 -1500 1197 
1498 -456 -79 -979 826 907 -625 695 -10 -352 -544 630 -675 1215 1150 195 -236 -426 393 -500 399 130 267 484 -792 -107 582 -852 -242 -122 442 -1277 1780 329 269 637 -687 332 162 -279 205 -529 -114 -626 -601 637 -63 439 623 10 281 -502 800 -1475 -412 -80 -662 18 1389 524 -1291 683 -781 -75 568 116 -54 339 -734 -703 550 -794 -27 686 948 1245 -715 -689 -1694 301 192 -168 410 653 1492 1000 -645 -968 1005 -194 -404 442 -571 1742 -74 -523 197 619 41 -943 718 -1299 932 -1187 141 1071 -986 955 510 162 647 545 842 68 -155 92 -738 716 -481 21 -149 -1215 -33 -46 -263 -565 -184 -620 520 1169 -149 -437 71 211 833 -516 866 -1060 614 -534 865 1833 86 901 1305 938 -301 655 -93 492 -339 17 -816 -143 -707 -612 -406 582 -450 417 -603 -152 -531 333 -1533 -1230 306 -638 1662 -710 388 841 1216 -390 -94 150 -1111 296 -950 1098 -555 -47 376 457 -391 -73 189 131 1676 -882 99 789 -475 257 581 1014 544 -539 638 -704 -257 170 811 -1765 274 -146 -629 -403 -336 86 -455 450 -1202 -197 1002 -1291 183 -299 260 -405 -436 -450 99 -41 646 -1081 -183 774 737 -136 -366 556 499 -22 -638 -109 -464 556 -54 -48 706 84 70 -98 -555 -363 151 214 1466 -11 -623 -30 -523 -804 245 215 -83 -816 739 -202 -289 262 -453 -150 -974 11 -203 -66 -1100 993 -8 -128 742 491 757 -78 -398 -1363 -97 516 1120 -520 858 -1870 -288 183 155 641 1112 -766 -906 -41 898 -928 228 -354 837 322 -648 -106 679 -423 -667 -143 -952 637 674 -611 -497 812 -1006 -257 -376 -262 -823 22 -1629 2135 -368 635 -340 563 -575 -1256 -156 -333 -132 699 86 466 -377 2026 1252 503 -1007 830 258 588 -291 -92 -924 -447 -745 -1440 1116 -433 -844 -1220 -449 -246 455 -938 -852 273 -819 -474 779 1012 -381 -773 -682 191 99 756 1099 176 1025 832 1563 -145 618 -473 103 900 751 1396 -1056 113 830 -368 1034 17 806 151 1324 1 1061 160 1142 342 386 -1678 -318 263 -546 612 -778 662 -2370 331 
-1189 -419 -949 1394 557 -1013 645 90 -293 -285 -333 -742 1000 -679 507 58 -462 -1238 322 574 -273 -936 1499 -38 -152 281 -383 817 -871 -620 150 -673 1077 -171 151 619 -543 -30 -858 -827 748 11 685 1043 303 492 311 2038 1082 539 -686 -660 -649 -328 -785 454 376 1125 32 193 310 -413 -288 76 760 1827 -29 -15 491 776 -574 1514 557 41 -462 -977 298 -249 -420 176 928 -832 -109 1574 748 648 66 -1016 -1135 -928 280 114 203 -159 202 -117 672 -601 548 -632 -273 615 -666 630 -591 -348 -349 -328 -325 81 486 -37 1117 -547 1056 -393 267 -726 765 -279 -765 241 -953 1291 1120 -733 -214 -1456 -989 851 -93 436 -907 -693 1316 511 -978 -812 104 1481 -748 192 14 1061 -1404 646 1292 592 22 735 -66 114 244 -501 87 164 352 25 -229 742 -265 288 617 -126 213 694 130 -612 -472 -1147 -65 638 -510 1086 1470 422 402 -188 -958 436 394 742 54 -1125 -77 251 -755 177 498 72 84 -876 232 -352 467 990 174 446 963 -974 -43 47 -87 714 501 -1510 80 -415 1753 -457 251 383 -285 -100 542 -222 203 -334 676 -377 -165 -888 563 672 1241 265 550 829 283 669 -682 345 115 -278 8 675 570 1263 -1505 370 -734 385 155 -60 266 -1582 -1173 -553 372 -280 1220 44 -381 -1145 -1886 279 234 827 113 311 1069 469 -1001 -986 313 -241 93 -317 87 405 -591 -908 53 1016 -995 1049 198 356 -755 -435 -97 -33 -806 512 134 168 407 272 -441 873 -760 72 -936 -873 297 96 -55 794 -607 -1162 -822 288 99 -389 213 -1223 47 735 981 -654 274 933 -700 154 948 1061 -305 593 886 -238 -247 482 -275 857 1849 3 364 -133 -504 -231 -754 549 342 304 -1020 -497 343 -1558 189 672 232 -776 -761 2 -1208 428 60 -567 -67 -1133 17 -39 -930 44 -191 481 -132 686 613 -1564 -784 633 271 -110 -2095 781 -227 -434 -733 197 -819 -1156 213 -302 -131 749 -77 -778 53 49 -213 2218 465 290 -545 -1358 -203 -176 720 -153 1218 288 -430 1046 1171 -1329 328 323 1119 -425 
571 -845 225 1321 70 141 158 446 -250 170 814 -619 1125 174 990 607 490 829 -963 -848 394 -1017 -728 -602 -1282 887 -683 -488 -623 -431 -560 312 -187 428 390 374 -414 -379 442 -100 561 -655 334 -462 -508 -493 -65 -851 -1830 871 638 589 271 333 -540 661 -113 -1898 92 627 630 -200 -759 -63 -16 -120 -737 -1811 -741 -287 103 -937 1144 -737 954 447 358 -1088 -569 -120 -1406 699 -148 419 -206 -687 -342 807 136 730 1028 2094 387 74 495 -823 -132 1377 481 -823 -660 428 -271 94 -700 -617 -787 1559 -219 -1019 70 -396 -266 -367 799 -472 -1015 -1361 867 -86 746 335 663 842 311 -496 -697 -350 -748 -18 -427 493 877 -642 -505 -635 446 956 198 -199 111 1799 394 239 570 1196 -1262 236 -563 -1011 271 295 -90 -92 654 854 887 1135 -1813 80 606 1147 487 666 652 168 -1140 -840 194 1465 542 -729 366 -290 -124 -282 252 -636 -157 430 856 115 384 771 857 -1218 -698 322 20 -258 -1475 -577 -516 2302 -76 -167 -1036 -777 -710 -649 -554 -551 -589 -165 -175 593 -502 382 983 714 -249 -23 -459 887 -624 24 551 -67 -560 -420 358 603 115 355 1156 -1251 -437 776 -208 996 -476 204 -651 -654 197 1243 -707 -959 -132 159 -291 221 270 1811 277 -171 -242 1431 517 317 277 -380 -783 -465 385 -535 -1598 -283 -41 -244 245 -233 -1588 -442 -171 -243 927 -256 -197 -24 -480 1106 215 -43 789 -1193 846 -1251 244 -246 845 -353 -163 898 60 791 352 -462 -77 176 356 48 -1595 503 -556 67 -359 -428 -1224 450 -176 -269 -30 114 1303 -61 -766 670 -424 -184 102 615 379 -409 754 393 -1116 13 516 1097 -46 1032 -885 -651 404 91 543 -284 -629 -144 1092 -897 484 995 468 496 -767 -310 2462 -128 -1268 203 598 -89 2060 -1353 -351 -1188 -129 412 928 508 -943 673 -1033 927 -611 -686 -587 -546 -868 390 -75 -600 -1547 -972 143 280 1579 994 -392 835 660 320 -102 -460 -197 -193 502 -326 -432 288 -153 -1662 325 -406 -792 289 513 185 135 -851 -140 119 -1211 -195 276 49 778 689 
22 39 -1026 -845 -294 -1334 820 1210 -211 -584 -407 326 117 -508 810 -737 -281 361 -129 -990 -60 -799 347 1520 -339 -509 -646 835 -422 996 -470 -19 -357 279 81 7 11 1232 1710 -18 -1433 -171 1 1752 1385 348 14 41 -694 567 3 243 703 -1069 -1212 -418 42 234 51 -1191 1 570 499 -307 -435 -328 993 914 756 -1446 -591 212 -256 -358 -191 398 -183 156 -289 -35 340 25 658 -957 -463 -450 172 -1768 -108 -1327 -546 -1743 -366 638 1629 -56 -84 352 -348 685 -417 -164 -669 1355 -765 -38 1671 1215 -1087 766 9 -888 42 462 -1280 5 212 32 342 -347 1564 -1598 -1009 37 -365 -558 -337 349 270 -177 601 721 453 -270 792 229 1563 -340 -862 -503 -1255 1607 -77 -139 343 -391 548 738 912 -540 -806 107 212 925 12 -531 -484 -377 583 -499 -529 616 44 -1254 164 573 659 1030 -867 -668 391 719 -248 -497 613 1 -586 144 -160 357 1375 220 -1321 -882 2023 1674 111 75 1246 -7 -660 1668 773 18 84 -591 936 -479 468 1387 197 349 191 185 1300 -898 674 -634 162 151 534 337 1462 292 -374 -558 -904 -1326 605 -277 -542 900 168 1598 -535 530 -37 -2523 156 -131 -1148 -919 -273 46 913 -910 803 -441 -1041 -1207 -401 261 311 -1074 -479 203 791 -818 -2110 -301 669 258 562 729 -396 361 668 342 1188 541 1348 1353 1220 -1272 292 449 473 253 1371 -17 1018 -185 -207 59 -719 659 -1371 -177 -363 -682 725 -986 703 544 143 155 -161 461 -505 1085 392 37 864 -399 399 -237 -1327 -699 19 1224 977 382 -251 670 46 855 613 -245 -50 -47 -30 2084 -140 655 -515 142 -916 -742 -690 -1221 366 -1486 2314 1347 367 229 -1876 743 602 472 -2 1136 118 161 973 173 385 -687 -334 1779 132 -385 553 900 -1779 245 411 1369 434 -526 729 -549 147 -299 329 276 185 -862 -630 1191 763 7 261 1003 -51 -87 -797 -1147 525 -490 748 1977 -854 -542 -434 156 -45 -1613 -127 74 -842 38 -1044 418 1656 -3 -547 638 -476 -466 -234 1020 572 90 -25 -711 -1001 -241 -259 -412 
842 -1476 -193 -905 -536 1104 1986 -387 198 -648 -481 -60 1077 -386 -1632 -102 -64 -343 -680 -1127 -479 -45 11 -573 358 127 1474 -828 650 -1836 -337 -419 218 -772 230 422 -940 -276 635 92 304 -1298 17 95 416 1375 669 -885 257 -96 277 -158 -144 239 1719 -352 -907 -693 -57 925 290 577 230 -287 -1274 -335 152 292 107 467 -13 52 -438 -394 -24 -848 513 413 -370 724 448 -202 -192 -304 1000 -1173 1648 1515 1483 505 92 -397 -86 -888 328 -627 109 -44 616 -477 -437 -1019 1015 -315 -228 607 947 430 -713 -1093 907 397 -1017 -235 393 -832 -641 214 540 -1663 -135 -689 -283 -447 158 -561 39 808 640 -201 169 528 367 -1276 306 5 -84 -527 1020 415 -12 -727 971 -1407 76 -682 -1090 117 -84 135 221 -634 -453 36 435 -1072 -162 -36 32 -151 109 -1008 -466 146 141 -849 -677 272 -230 793 -230 41 791 1385 707 -137 460 -131 -442 634 537 -1103 215 -619 520 -519 425 860 -313 -343 -201 53 791 -906 1132 -180 229 -622 28 485 714 484 -1555 856 -553 -627 -1812 233 437 216 -772 1581 -2204 399 -1131 -755 -304 306 -137 -415 -213 -810 277 -795 -756 -1186 -319 312 -367 -285 1086 -166 29 618 1275 804 -449 1014 907 478 -946 -687 -311 -885 -299 216 -784 -586 5 -1037 600 -914 164 423 635 -592 236 -93 781 -878 -691 190 -269 121 1079 -1262 -1017 2207 -862 120 -640 773 -659 -370 49 -593 1073 -660 -217 -110 -327 -156 977 435 621 -1658 -586 82 -131 -1335 -274 -808 1093 537 -41 -243 1397 -190 -1044 -297 -32 -237 -40 -156 -290 1647 -590 -22 -1179 825 766 35 376 -2114 -276 591 558 -80 453 574 700 464 81 -180 -483 1091 -132 354 77 -186 -570 381 -685 -1570 1004 636 1163 -407 -94 533 -307 39 16 519 1018 -333 91 -1150 -86 216 -132 1232 919 -904 156 -378 141 -1031 -184 -80 317 386 116 77 -635 -193 644 -1477 885 463 218 687 416 397 -264 375 -854 278 -1240 -390 1109 -1174 364 1112 -706 77 142 -311 516 -689 1320 226 -430 -525 534 1079 180 856 -619 1446 
372 -1399 388 73 -1488 208 862 429 569 -20 -629 -984 742 -1200 1075 531 12 914 -316 -433 -966 -653 756 -1492 43 17 303 -332 806 -625 831 267 261 297 540 1887 121 -514 -219 683 26 107 704 1120 -1036 47 1721 -500 -1494 1508 -94 431 -85 518 -80 143 159 -657 -1280 -339 779 500 -985 150 -791 -4 -682 120 -467 -1468 557 511 -493 2352 68 -1234 1017 270 -32 1097 -967 341 -799 -564 -164 -24 179 -74 341 -1432 127 -268 760 -168 139 523 8 -1091 1527 260 542 176 -584 868 -447 603 1166 -918 -11 583 473 -728 915 -686 -963 76 -547 -51 -837 -733 209 1124 -598 -589 -370 -33 555 687 -166 -452 418 167 -665 -524 -791 -717 -346 187 -566 905 -997 -804 -543 1263 229 65 283 -1768 610 -531 903 464 -4 -788 547 -135 259 668 734 219 -397 -1511 -174 -665 -553 -1753 -881 -826 -521 -303 -1486 145 364 1531 -153 -784 822 -60 49 -677 474 -131 941 718 5 -48 -302 417 272 475 967 -222 428 147 1058 -301 -149 123 414 -903 397 -390 708 24 -422 -466 -227 -621 -69 -106 404 65 366 -887 1468 -1573 884 586 -448 -814 802 160 1442 -646 92 -650 681 1678 -547 -527 783 -330 629 -274 -84 1233 -109 -488 -509 1142 -14 -726 389 -499 749 275 -1133 676 -1879 817 382 56 -107 -1786 -44 -419 -514 -6 485 -735 -724 -1743 -525 -361 -382 422 -518 -624 9 189 -488 532 -351 -294 435 -563 -464 1038 1071 692 -142 281 -161 -59 -84 582 -488 -158 766 1221 -1076 -233 -310 -836 -301 -689 -333 88 -1153 -681 -939 656 -267 216 -289 -408 804 1537 552 -1467 1145 376 50 147 628 -389 890 -315 -1142 -372 78 -1217 170 -1010 70 -65 832 1151 -520 1142 455 -534 -339 -147 -356 159 457 164 -481 -638 -610 183 -592 606 -107 28 -1257 -1764 -112 -324 -516 973 183 -39 297 -859 -1620 -600 -701 -318 -150 511 119 -319 -943 -15 774 -619 -78 6 1185 2376 581 -39 -1364 -108 67 -381 81 -898 -19 977 -124 -33 186 494 852 -269 -1582 -407 -25 -218 403 -399 -1224 620 1080 94 323 1456 
-669 51 -354 688 -268 1053 134 -1236 527 1387 -127 339 413 -1101 218 900 25 -732 1330 -104 -299 254 1907 -21 701 440 1039 179 1047 -92 -161 -115 -1126 398 376 -320 210 -606 -158 441 423 1428 -1045 515 520 -504 666 1214 -885 216 -881 359 -634 555 305 210 1100 676 -753 -795 971 1 -2069 533 -18 770 -340 -990 235 -594 -1465 463 -664 373 -812 -677 -383 -282 136 -771 -1528 268 -1388 -733 -886 1415 635 353 1494 936 -613 -149 -833 -693 297 1458 914 -512 66 -1136 134 -596 -459 -100 -845 231 -558 -385 -32 644 -415 -688 2055 418 -992 727 1039 -393 -77 886 972 -77 -459 -446 83 -206 1447 374 -598 762 -595 292 -293 -94 240 385 -998 131 -324 -23 470 -671 -797 -247 43 233 1106 -418 1496 -922 -287 1041 392 -528 -1386 477 1127 -417 210 473 417 -282 1313 354 744 922 -779 631 -791 1636 -822 178 546 -200 708 651 -816 -1934 -542 291 34 1013 441 671 -202 487 516 485 -1230 -594 -217 171 -1078 -1018 147 1052 -374 -180 427 -82 665 1326 478 170 -256 -492 775 -858 -139 -110 1358 -357 596 -752 1629 -664 1120 575 -97 707 644 103 -158 -6 355 791 1122 2023 -850 906 -113 -650 944 -48 577 -597 -791 1541 508 -813 132 -692 -663 -508 -514 -195 458 298 -291 432 -165 -22 -200 889 -1315 705 -404 -414 -1047 -1335 -868 26 -903 -1003 -434 30 123 142 191 1071 -1124 -609 -1059 494 673 1311 -229 -201 957 -449 226 -610 -1308 816 1026 -465 -86 -1131 215 -377 -369 257 671 693 -580 -630 -728 200 -623 1180 -747 -198 563 693 67 -721 -253 921 -1713 -889 -1201 412 552 -322 -145 1614 -1103 -314 735 590 -1352 1397 -169 -897 383 -1075 292 402 -508 60 -868 43 122 1000 -698 -308 619 -1025 -498 -879 708 1004 -133 -382 -670 1285 1833 638 -787 448 366 -185 -140 -583 902 151 -703 -1116 -9 -1017 -322 -1049 482 -264 -629 709 -2814 375 301 -388 1218 -171 190 -879 198 -28 712 378 74 -295 38 195 1515 -613 -1374 280 -422 -49 1305 290 380 1570 280 711 220 -1487 776 194 206 1661 
1148 528 -191 168 -618 -204 -250 -835 418 -969 584 -877 1511 687 -374 -833 364 523 -1057 245 -1418 282 315 -61 1003 366 -102 285 -666 -50 128 1354 1301 -679 251 27 -95 -883 439 705 1109 -653 530 -235 635 -1636 -670 -17 1277 477 -878 485 -101 856 -159 -243 -521 771 -1139 326 89 -49 995 -168 -876 -421 -876 1824 1439 1071 -1395 -694 -917 -22 -348 -1140 154 304 1091 -668 -162 -286 465 -1102 -1104 50 36 -460 -369 237 824 -828 572 -656 164 3 447 -547 106 -669 -1268 1624 -1260 955 147 -1047 -52 -379 131 -577 1579 407 224 213 -515 -1771 564 -678 940 463 -1643 -818 -1490 271 -3 -291 149 489 664 220 1333 -800 -834 600 -211 374 -743 569 -841 -47 -710 -449 -1228 897 -581 -28 -534 255 2 -109 609 321 10 117 480 400 303 373 -56 -267 1143 2445 -955 -1366 -246 75 -1040 -197 24 -1240 297 -1181 318 -225 363 -966 113 18 546 289 -601 -177 -428 -691 529 522 -788 551 -735 394 -9 -133 261 390 -1269 -273 980 -385 -458 -532 -1277 827 -72 448 1285 -1434 207 658 1989 727 188 -352 -64 387 357 55 -1321 471 871 1890 55 -240 -400 177 -1617 753 36 -372 -33 1215 1736 -1543 138 604 -1532 -1549 1101 -1211 457 609 631 309 -283 -388 -28 -1032 -243 857 -125 932 -120 -929 280 -109 -674 -911 -766 -89 -772 -116 298 -594 -981 -79 129 -72 169 -82 -755 472 61 -611 -533 318 606 -18 903 -189 -24 -738 63 -974 -538 1067 715 775 -343 715 -493 355 155 430 -155 128 -163 186 646 598 44 623 -1653 -683 1158 813 -2 177 -331 -362 -107 -205 -599 686 505 197 7 -53 1279 -238 1011 549 -704 791 1084 -1097 40 -27 -813 -1406 -224 61 -1018 -690 -1195 -205 336 240 484 163 594 -1245 -375 -86 440 -490 -1189 817 -718 64 1611 720 -1010 220 -422 -1139 -561 568 897 399 -542 -203 -286 -40 -205 -307 -264 -228 -75 206 745 402 -911 565 -623 964 57 -15 -1078 812 301 -378 505 549 290 381 1367 -620 -983 -716 -697 1083 -106 478 39 -498 993 -304 263 -416 1293 -232 
319 677 -122 194 -96 895 -41 934 100 511 393 485 -409 -685 767 -602 747 522 -135 -660 -254 809 -1089 -82 1058 217 532 -587 565 -23 -343 -830 -21 -2538 1091 -1533 -292 -143 335 489 486 -335 -68 -510 152 610 26 1031 373 504 450 940 -493 -1521 -980 -474 -1767 -169 -1075 -520 1081 -792 344 521 25 1640 875 512 490 -167 414 316 -861 -425 -736 -324 -764 -364 551 -98 -139 293 -286 -553 455 -202 37 1366 1425 754 -767 -741 272 1112 510 -67 381 -492 -265 30 -520 240 368 -567 298 -16 396 64 2082 290 57 -234 -483 -776 600 -2 -987 498 1145 -256 -1118 -354 -918 767 119 223 2077 -445 -86 -85 -1 298 1506 -61 -266 1041 560 387 525 904 -38 532 110 -841 590 -169 59 -35 149 174 -297 -1279 -626 383 -76 496 -839 303 1318 195 -38 793 310 917 -1283 -415 503 -293 814 725 185 202 303 -910 -533 -741 324 178 -297 645 1220 395 -1398 -438 30 1228 282 -90 -1809 -124 430 67 -1140 -503 -19 354 -715 370 -588 457 589 158 -742 -605 603 -388 -100 -495 575 699 26 1071 155 231 -253 736 715 424 2022 252 -280 127 -584 99 153 271 245 1191 1018 376 -377 -230 -253 -168 1402 556 676 -1183 938 -683 264 1357 -119 177 1030 110 -446 -802 279 -137 235 -528 222 -994 427 1138 284 -557 457 -794 -397 -1446 183 -1227 913 974 1885 1742 -485 -686 -862 -991 -823 527 -1575 -307 522 -1502 236 132 -628 167 83 121 673 250 -701 615 140 261 439 -1300 784 -851 -362 -95 574 860 442 -1223 -828 -574 697 -439 6 352 -773 -518 -1034 -1203 1492 350 -117 94 -126 1369 -960 -320 1417 -794 -618 130 -1059 534 -202 -754 -269 423 -292 -852 1654 -116 -1676 -510 -321 600 -544 511 981 -661 -220 -311 305 -69 -724 47 1663 581 295 -1780 -453 253 745 -290 116 -517 -517 377 28 -807 -1474 -578 -472 -723 -1129 -23 1062 -764 728 -139 405 -1569 563 179 815 295 76 -685 349 -964 -525 551 -644 245 -1246 529 45 552 1139 393 -794 -599 566 -1019 -1281 470 -176 -961 -1220 -569 
436 2 257 -2274 6 30 460 110 533 298 -334 5 -69 548 95 -488 -1068 -1610 -706 -322 299 1723 876 963 -630 -113 1032 393 1198 -233 -682 587 292 -1733 -1342 302 1102 -313 -320 918 -1583 427 -884 45 -1006 -140 1909 -152 341 -1292 -389 841 -439 -624 -169 313 -687 1055 -537 -756 784 758 -29 -693 -490 -1361 -1274 979 -126 28 -308 -674 24 -114 1257 -355 1148 -658 519 -601 -91 -572 -290 251 464 -642 -253 -1339 -694 -672 967 1310 1363 18 -147 314 798 339 -1217 1002 627 826 -433 567 429 -27 -722 -303 -1120 521 -531 610 -645 39 -811 653 198 163 339 684 54 -594 -275 530 -564 908 -520 -85 -92 -431 -472 591 -354 -409 245 -659 151 -443 1064 -356 610 -473 -657 1022 288 1641 -809 131 518 -816 -50 377 167 1988 88 935 209 1117 -308 -574 -546 356 -104 -703 1153 -168 1141 411 -698 -859 -6 30 -595 260 -764 1298 181 34 -112 1703 491 -901 -108 757 -191 -454 495 597 -1312 596 -633 -875 -844 -374 -111 -1319 -526 210 -425 -253 1209 -1312 -578 1335 -444 553 1099 -172 -338 -82 -797 491 -256 -162 -1126 418 -546 8 -275 1016 1161 183 370 580 650 -664 201 -1897 -931 -101 -369 -267 -886 498 931 -54 676 -372 -772 420 -1055 -47 1002 1729 621 238 288 696 -586 755 1303 -281 1184 -998 -405 342 -1383 506 -294 -319 -361 -755 1224 656 -1014 -143 742 312 341 -156 405 1061 333 -43 973 -1 -22 149 -157 -333 152 743 -302 321 1011 1121 92 1000 -174 21 -98 -261 -577 870 -631 101 -302 360 -443 254 260 1000 -70 -1120 334 -1140 -206 521 -723 1004 573 -1458 -244 -325 383 311 -118 214 574 -133 302 -620 1203 1235 417 107 -571 -1291 -17 1093 -81 986 -736 -535 1056 1755 621 -359 -2 116 447 -183 -468 -489 -27 377 421 1018 -296 611 106 479 255 316 -358 -552 573 346 -930 -272 1307 1143 561 -240 1109 -1037 -290 -594 21 -562 -1130 82 -14 223 -581 -692 407 -344 -1238 121 425 -899 236 -1343 -132 -932 163 -930 -347 -67 478 -429 -552 1512 55 -159 -1465 -967 -359 -660 
-1455 361 -687 294 437 882 -599 336 -213 628 -210 -411 780 465 -665 4 -102 -852 424 -1379 625 244 1245 258 -235 -628 138 1015 -604 408 493 -211 -96 -980 -217 -59 639 -123 -126 169 622 566 -508 17 503 329 339 -428 -19 790 154 -876 143 -715 -813 550 1355 145 279 383 -128 -535 1169 804 667 -380 153 210 757 389 372 502 364 -16 -357 -10 646 283 839 -560 6 -578 1247 -212 -1150 1308 1176 -230 -317 888 746 -342 -738 3 290 619 254 -1226 1107 -375 -268 -619 548 1046 -1681 301 1453 694 -900 682 -25 -440 200 -655 339 -358 575 -776 -363 -90 -270 -24 1305 -599 422 838 537 -1016 -1423 378 -776 -701 827 1339 -269 2456 333 1948 -1473 -324 719 326 1698 -319 -473 -416 -421 491 -20 875 215 57 704 57 271 686 -125 8 -404 -744 231 401 573 -1353 59 -493 907 293 -1259 131 -8 -576 -1364 -270 1567 365 210 -95 -806 86 -479 448 -333 1048 1021 16 -976 -68 -1090 29 -36 -422 -434 209 621 408 491 1140 1505 1301 270 -541 -53 -1154 460 -172 343 107 20 -116 -121 745 1182 1289 -98 1105 168 -116 333 -1122 -414 213 1652 -825 -897 -350 -569 -295 -129 213 1172 359 -949 114 1026 660 -977 451 872 -310 -679 -280 711 906 -242 245 -767 128 90 1006 280 -1144 -54 -175 317 -837 -515 -937 -175 76 38 -1010 -435 537 1399 -461 -616 536 753 211 593 119 -2969 745 873 747 1346 833 543 655 -897 448 -279 -741 -594 -1125 987 639 -214 -280 985 -1136 213 -415 -157 287 1021 1252 561 344 -294 -69 1124 371 -749 323 -1430 201 315 127 -961 1609 -116 -463 1071 748 -563 158 1208 1564 -2115 593 716 673 -679 701 -113 175 -1390 -150 193 -82 -550 1346 2273 456 -926 6 315 -264 758 933 -511 -196 1199 -814 -712 124 430 -283 -293 862 -333 1000 -231 -848 -896 -501 92 2056 83 -288 -798 867 872 1152 -31 339 161 -547 -913 -59 567 -207 1605 -2011 250 403 -742 1200 -1021 366 -71 -233 -692 552 -692 -518 -576 231 -1327 -983 -405 -964 327 11 -240 -439 300 847 
-359 -262 90 475 -1504 -304 571 -217 -944 951 696 -639 40 -792 -502 -884 760 -631 735 681 -789 -1144 143 201 603 907 1039 477 1226 -97 -1885 -376 -176 -156 -908 656 395 461 212 80 554 -1782 -705 -705 470 -194 228 1052 -222 383 -719 948 396 -350 875 -249 -789 -1026 658 -275 341 -772 -612 -1555 470 246 345 332 467 -572 162 475 1222 -123 -448 -388 554 -404 50 -306 -161 339 53 699 -1045 694 41 812 1045 949 599 -114 452 1131 919 699 451 -248 -107 -760 -552 315 313 -982 -57 397 -130 -79 -744 -533 -808 439 9 290 954 -17 1100 394 -116 -97 218 -1030 245 1558 -609 -1261 -458 57 582 -201 -794 493 1052 482 -897 7 -777 1078 570 431 357 -977 -2043 -468 -1051 -236 522 -80 -431 463 378 -106 609 1499 1294 -304 243 -1377 482 -272 -21 -264 794 677 749 375 -656 370 -837 498 122 227 71 -24 -676 -895 -401 -179 -268 86 470 239 36 -413 -415 -2160 188 -210 74 -695 -260 1523 -1370 136 -1041 23 -37 1659 728 -1834 -467 -56 568 189 -1081 -102 141 1212 -1910 469 280 -347 356 -851 367 346 -400 1178 -409 658 846 -110 -537 -527 -655 1837 176 242 564 551 317 23 -560 756 442 -943 525 -267 1264 -94 -183 411 48 30 801 1509 -445 1098 -345 -691 288 -955 15 -405 -86 221 551 -876 719 975 -1137 81 139 298 -1324 -947 535 299 527 306 381 266 908 699 -251 770 -159 -243 235 34 -1022 251 -224 177 852 1244 863 -768 572 220 958 -441 -631 -81 1607 295 598 -355 -1021 -884 508 -404 -461 224 246 1020 249 -342 -729 -340 134 -168 232 65 -639 -235 1133 -321 507 -73 269 232 208 62 59 -1874 467 633 -357 -488 792 175 590 -693 23 77 117 -347 -531 -180 73 154 1541 1 106 -626 1008 554 282 -1055 -516 -1288 -831 1062 -95 940 -832 730 -421 -797 -701 -507 1582 -364 763 -183 -355 -689 -1498 542 42 137 -2 -857 -378 -306 680 -1344 307 477 529 452 758 502 154 -604 -181 547 -961 -21 285 518 155 729 1021 -615 -1177 -583 -802 315 
-768 -2263 1069 -588 388 532 96 -822 81 129 683 -387 -710 965 -183 991 -492 -759 237 -1765 -98 97 284 -355 -515 -170 782 530 -1167 -920 399 -826 683 -625 355 1134 490 -674 -100 -238 165 -627 -193 -292 -186 -178 1181 161 198 22 -48 369 75 832 -675 -1334 316 1025 -431 -724 490 -652 252 841 115 245 -563 -172 -557 212 -1019 -50 162 -817 108 -91 190 320 -726 -383 -1105 619 -764 -463 560 187 -58 -328 -374 -49 -350 965 -10 189 -310 520 -467 -761 -175 560 -1349 1452 492 372 39 -568 -912 240 239 157 -295 -41 -192 353 97 -500 -1523 797 -333 -196 869 -415 31 -1617 428 -116 383 -34 -828 -227 -518 -531 -274 -782 1035 767 -601 204 -177 -207 -695 282 1185 1493 598 -283 -75 -1646 251 -188 271 -209 -411 -334 -197 -316 991 -462 70 1856 257 1815 102 1046 -267 -1059 709 -116 -604 160 -49 438 -87 -456 1004 -1500 348 -1200 313 -1030 -400 480 -495 668 -142 867 1080 158 -38 -461 -1065 755 -1210 190 -981 -580 -694 -58 -242 178 1006 231 -79 -886 353 -562 -25 -728 -470 276 -1309 534 -889 664 325 1321 -752 154 -831 -144 -719 -78 753 -569 -372 772 932 1648 913 -1385 535 -751 -554 112 -559 1522 387 1308 -1178 -1220 662 22 -539 -546 13 -1154 -379 -656 314 -186 1177 -942 -379 194 -838 -809 -478 514 -867 264 131 -251 -474 678 766 1358 -1067 762 -737 377 -355 898 252 225 -329 -426 228 617 752 696 -1371 606 -4 -415 -149 -792 600 -212 498 -588 -12 222 -226 686 -1375 605 252 -860 -165 -453 268 -1345 -824 -1796 566 -468 -212 -285 114 553 -1487 511 -201 -787 45 -761 -218 -309 1637 -208 524 -140 743 676 -912 364 -529 -1746 287 1045 -236 247 -1278 -310 -718 1067 -867 253 668 -389 -463 465 -577 -716 -222 -196 773 686 183 607 -425 -1670 -533 82 -317 560 -754 -391 -240 -947 451 391 -892 -1164 -49 213 -47 1195 503 488 -608 238 1987 910 -288 -2 -599 -687 -361 1180 -398 816 731 -374 197 -1045 -500 91 765 559 696 -148 354 1427 337 922 702 -1596 -1065 286 
32 -380 -886 307 516 87 230 -821 322 -99 52 -275 319 -544 -1489 -479 -575 328 721 898 -976 103 -741 -806 401 25 -48 1189 -412 -382 233 824 9 383 -443 194 1035 106 -571 -1787 -1060 -1705 142 -607 1134 -15 -261 -27 912 892 -1246 -156 -332 -74 1090 -79 200 108 1713 493 633 -262 -365 135 270 85 1564 -216 768 177 809 73 -38 -332 897 -224 -87 -158 -880 355 359 173 1137 796 -759 354 -958 -1603 -424 -38 563 -240 881 506 1058 960 811 11 478 -1132 -589 491 -216 -75 -858 -571 -708 475 660 -297 166 -1281 334 480 784 -478 910 -625 -234 455 228 79 -611 468 -196 -1091 233 -640 44 786 392 -666 -537 -755 464 1021 -1119 -680 -647 1011 263 -1299 466 1560 -1988 882 138 375 -417 -201 -438 -580 38 -628 -473 380 -460 -369 -401 -52 373 491 426 -77 -1449 -361 -896 120 204 -1385 -53 491 -89 -221 -833 -261 0 -18 253 -1262 699 -510 -169 177 -783 -1607 -751 1252 1185 -653 222 -464 -314 791 771 -707 -38 -197 543 40 -867 984 823 -459 1148 -574 -58 -511 -996 -554 800 -32 -493 -1749 -92 449 -277 554 486 -17 793 -1134 1538 550 -648 967 816 -359 158 -620 -155 38 325 -789 -42 -489 78 -372 -842 537 1031 -691 -57 -516 -150 1069 -34 -541 -1120 644 -1155 718 490 173 -1713 137 219 836 -507 1624 1101 1012 83 275 595 590 1397 -707 -934 645 11 23 1720 -159 -864 -220 -739 246 478 -207 -1154 597 -1244 423 -355 -354 672 258 436 -165 -551 -295 -432 417 391 230 -79 -390 -182 336 -602 -294 750 -444 24 1137 452 308 -438 130 579 -617 -1548 813 -20 180 -444 -517 1163 630 251 765 -223 1203 982 289 43 1033 408 -241 -1386 335 -340 347 322 574 463 -1354 623 559 -1496 -581 959 -568 -262 -488 234 -362 -121 -497 -243 -1137 562 -103 -990 -257 32 -512 -964 -832 -47 -300 72 460 9 -675 -492 -598 -341 552 -801 379 -153 1157 763 309 -159 -525 1553 -1252 729 -157 272 110 1006 -141 338 471 526 -423 -208 -539 -121 -186 863 -988 533 -295 -254 -1127 
-63 574 235 -395 156 71 -846 306 -770 -62 -1070 185 787 -349 350 659 336 -1190 1602 965 -370 -1069 638 340 -1237 -834 -12 636 -466 -487 400 -437 -116 1072 95 75 -159 -300 724 -171 345 -419 -298 1175 -110 -523 -338 -806 -248 -70 672 -256 -109 667 791 -106 12 -495 467 63 366 -746 -71 1157 -370 -30 -236 -695 1458 701 -178 -820 361 575 -572 571 1003 688 399 -79 518 -329 -427 -528 852 357 334 -97 -387 1094 1491 247 423 550 263 917 -285 145 -208 488 507 1120 32 -620 22 711 -32 917 16 468 -831 -517 986 202 295 -1314 -1009 549 -307 -636 545 658 -437 -860 -532 -465 -1675 399 448 -627 358 -1378 -571 -1118 -1007 -21 -222 -1220 -986 -479 1175 135 -710 327 423 522 -248 -261 -1066 -825 1086 -330 1753 98 -356 930 -1026 76 182 898 -261 -1244 -722 168 -376 -239 -57 -96 -477 -708 1231 20 -234 437 146 821 1425 -428 -303 -395 196 490 353 -521 909 995 439 67 -280 348 -213 273 1424 379 716 -1545 773 -283 752 -537 -1504 73 -584 -1371 628 686 22 36 839 -311 -1221 -472 1599 224 -766 42 -1192 -1179 -286 -340 379 -606 82 853 -615 356 -396 -1680 -159 273 424 -72 14 -120 663 -984 1044 -447 -687 287 -1019 525 1236 -345 -2 737 -230 1347 513 1837 -198 568 134 -447 -6 211 -1215 504 -936 465 1224 1180 -483 753 105 -1592 92 -1053 -748 -632 735 -257 435 696 252 427 -290 -233 -537 -818 807 -770 -2000 -151 -368 217 949 146 771 -253 144 -752 -1416 -589 188 -37 195 1265 22 468 486 672 -660 -653 1607 409 656 -761 -388 883 -187 409 -175 -94 495 -339 -117 1569 -802 923 1625 -730 604 56 -426 -267 -223 -503 -594 385 -489 476 1592 1217 1733 524 -446 -1608 -808 -175 -343 544 -913 850 -198 -1221 394 166 402 -209 449 -883 1265 295 82 330 751 -1341 -430 876 -1164 142 -840 -1190 -45 -40 642 65 -37 437 320 1509 -640 -1306 1212 107 1486 -494 -791 -80 22 -392 -635 1105 1098 681 1019 -379 -644 502 -1479 -962 -836 371 -570 1352 -1370 224 837 -488 
99 293 794 -915 621 1176 -342 -827 164 206 -224 -1467 -209 -832 355 538 -249 443 -630 702 781 -344 -379 357 -446 -564 -352 609 -14 -303 1717 -850 839 -680 -53 -183 717 -842 -452 1094 -208 -421 -1468 -223 -1098 967 -1721 -242 -326 -652 1113 -372 9 -565 -1567 -1226 218 -187 674 245 -633 24 -880 687 -425 610 -2222 -121 -687 -590 -1516 746 -1521 1470 -86 1112 451 760 1093 -726 108 -281 -737 123 1416 -612 11 151 211 -434 -54 270 280 -344 -255 -145 962 -80 80 -498 -459 1137 -496 -964 23 460 952 -520 -327 -903 792 -253 -230 664 834 1175 100 -312 -152 144 -573 600 371 -312 -20 541 -556 -265 -485 -48 -681 295 -1128 -744 -1370 -488 -183 -332 -57 817 112 328 442 1277 -175 -843 -1339 -437 1135 -79 -25 296 128 -260 -122 -576 -118 -1296 15 265 -587 346 -58 -99 288 -94 683 146 -35 -1083 737 -183 -720 405 -299 578 -136 167 1480 879 -710 869 1471 -482 -391 678 -314 -1407 546 -433 1223 -649 -45 -797 132 92 745 -910 776 -13 931 -644 -427 263 -52 438 400 -644 -58 -757 803 328 870 -533 209 981 508 -573 629 -350 152 1045 1325 -753 1384 258 36 569 216 -271 -1630 -1107 -72 -1860 89 780 -207 401 -477 -780 878 919 -86 -238 -759 910 -38 -943 -268 1019 -695 722 1215 -481 -510 -359 -88 -74 -1076 -976 -296 671 1433 -255 383 304 -1241 -171 -111 -645 -515 550 -1271 -307 1331 -251 -793 -596 357 562 -680 1203 46 654 -1411 351 -437 502 1054 -977 -191 235 682 263 -220 67 343 350 343 1010 32 1180 -804 -399 709 676 -772 -68 -785 399 369 329 765 -97 -116 -166 1696 -754 -1168 -118 766 -1445 680 -557 88 456 1130 -229 -869 -487 -390 -64 -1060 -347 540 -887 -114 740 219 1241 391 -505 -220 1452 216 -38 986 110 -929 824 -707 -1527 -809 235 1091 518 90 897 59 -316 96 1082 -19 820 214 -810 270 817 100 1008 -648 293 -453 573 -538 663 -188 -20 782 -9 -167 93 368 385 -343 -841 463 -110 -296 574 -436 472 -4 1645 -523 1413 -481 978 475 -1333 
-729 -333 112 986 1220 -546 391 -168 162 458 -1204 1661 963 821 31 367 -78 -488 -200 -239 -617 359 -106 -1285 -722 -1157 611 62 -896 -578 397 -171 -883 820 345 -274 380 553 394 -1081 -351 717 1619 237 844 284 -1157 396 -969 1165 -824 -443 1121 -595 -903 108 11 -1639 -499 805 -187 -126 1027 -694 612 443 -236 244 -303 -483 143 968 -175 -403 -523 -443 -1094 719 -30 -515 -1644 -974 475 1708 -1093 236 -380 503 -289 -344 198 581 674 2064 604 -415 1135 -36 -914 -415 132 216 -873 -301 -462 683 247 335 -280 70 -535 -889 -2 475 -226 -362 145 978 339 -1468 1174 432 39 858 -16 28 -68 -1412 -165 387 566 -5 -582 997 -140 744 -1171 940 -1334 -891 1113 386 -28 -551 1009 -49 293 -166 -247 402 -1703 13 -566 -346 -869 159 -1131 501 187 -878 1154 448 353 -1055 181 -888 204 149 517 -162 -385 426 66 567 1313 -193 331 874 421 394 983 -758 424 614 1603 354 -9 -516 389 -790 -212 -859 106 473 184 809 756 -660 -158 -64 -159 -592 -736 1070 1070 400 -650 -161 -604 -111 -605 -755 -357 -436 -598 -48 -197 1032 -68 -230 -113 46 -1374 278 -84 -324 17 -858 137 470 -711 -288 128 -80 -949 -464 816 -978 731 84 108 -598 575 -1103 380 23 689 -819 -86 -1446 -151 -477 506 -186 -680 472 -1232 362 1248 -478 -274 -1870 -34 2032 -34 -624 687 370 -483 -310 -901 -647 -570 1212 461 -1185 -753 -279 1150 72 -306 -158 -1182 350 95 192 132 -1028 -579 270 -1504 -882 635 339 1212 870 103 -49 1029 504 466 -253 1172 -430 869 207 105 -643 -213 -405 971 139 528 416 344 794 397 -266 -312 -174 -1162 1175 -257 304 870 879 823 729 356 1114 982 -174 -785 334 -100 37 -98 416 1261 924 218 259 -23 -557 1580 -768 -1110 -1063 83 -473 1173 8 99 258 -539 -690 -467 -1142 -9 862 1000 -893 -114 739 446 265 -830 -2399 -74 -1178 -789 496 731 548 -633 -337 -1433 -650 -722 -1046 71 666 -1285 -455 -1119 -526 -1208 617 -422 100 -167 -2082 393 54 -357 285 -107 -1341 -523 292 
-190 -394 -876 466 -76 174 -918 9 -577 764 1466 1280 325 589 607 778 -81 228 444 480 1306 -742 -1288 7 737 1131 1000 317 690 869 -868 -1437 409 -581 472 -820 51 -307 345 -486 -609 57 -720 -2063 -470 -876 -307 897 -966 -11 248 1600 1209 -867 -884 360 -623 176 476 758 -47 -924 -74 1995 682 209 -416 553 -827 153 298 -89 545 415 408 -322 -1456 -470 0 288 259 503 -227 -1460 -565 -25 -917 -227 233 2268 130 1200 -485 157 607 1428 14 1262 -1596 605 1048 78 698 612 608 -311 -275 446 132 379 -277 -1172 -111 636 -667 -236 -1080 671 -245 347 -1069 483 28 -700 877 667 322 162 562 415 293 382 101 147 -509 1605 -1068 -1469 -475 -363 -108 -755 194 170 -20 -792 -589 -1014 -1311 -260 67 -631 29 225 474 -497 -355 -335 -371 1254 1400 -589 663 -505 1253 -916 576 883 131 47 367 437 -576 -914 1191 -520 749 -867 523 -601 -800 -1337 414 564 -107 -245 1034 -612 573 641 83 1357 623 161 515 1170 -459 -392 140 226 474 951 28 84 468 -257 1016 198 344 561 455 52 316 908 -360 894 -726 -57 250 -1721 -241 408 -1352 964 400 -565 1354 -500 627 38 -533 565 647 -255 -447 -343 -283 -1031 -504 -643 454 -323 -853 -629 1202 215 687 965 484 -231 -1272 -204 -857 597 100 -559 -300 -571 330 463 309 410 -51 316 -114 749 -87 -639 -988 -178 907 413 967 634 141 510 -368 -1249 1367 -148 624 -1883 577 -482 -627 -459 -554 -175 1367 -1667 150 -479 255 -93 232 -283 -1269 -118 882 -458 -1380 -493 166 797 537 912 -674 -320 717 106 85 -216 497 1776 -190 -114 -36 -354 -253 -232 442 492 -1911 503 -260 -958 206 -114 -791 1596 -555 -119 354 1020 250 -718 417 94 668 -90 -114 -438 -38 810 -184 -300 192 -1056 93 970 333 -696 655 688 847 -606 -629 26 -644 751 534 -1465 -519 -415 -874 153 1544 394 -707 1114 169 -1432 -445 -63 -1275 -547 949 529 -515 -648 75 152 -1240 914 -409 -38 145 366 922 -282 -1718 -574 -859 -211 -1501 420 1 -584 24 1717 
-152 -712 -159 658 142 -574 743 -1274 172 703 8 132 -64 -370 897 -819 -1082 414 505 -509 -916 645 -344 -66 506 154 -164 -1508 -885 1129 594 1414 463 531 20 556 910 1502 -537 -349 -806 814 -445 1201 232 -1536 744 -819 727 736 746 -795 623 711 -535 317 242 144 50 -112 708 237 -278 133 505 -628 275 -10 -150 294 -46 389 -427 -332 883 -982 -286 983 -443 -9 -37 -230 867 1943 -501 -666 364 667 819 -662 -51 -1047 629 -158 6 986 518 1111 309 -176 -56 838 -495 1032 -245 1171 1346 -403 466 247 859 -95 -1588 599 437 -480 -725 -412 333 79 -1273 379 -609 819 -124 1003 -804 -317 185 339 -116 545 -718 39 515 330 428 26 390 403 -663 74 257 516 1000 57 803 509 -248 645 -1220 200 -590 1123 538 -940 303 1510 -235 -627 270 1674 704 -654 -364 117 225 -170 -28 545 -313 50 -918 316 154 372 -110 1006 761 1000 405 894 29 368 663 228 -1138 -335 584 51 687 409 -234 -408 -399 255 -978 376 414 429 590 -1201 -1191 301 690 -119 -431 -784 382 -381 -541 495 -797 594 1088 -529 -352 -532 458 -198 172 -1159 524 -1171 -471 -56 -350 -449 -99 -331 1274 226 -389 -609 31 1277 588 -312 -636 405 773 -1170 -1368 784 658 -221 326 -527 -1186 -385 -752 -546 -509 -1010 -721 -1431 720 -476 -1473 846 -414 -1058 224 -1877 -493 -650 622 1162 1220 183 -810 934 1823 -1073 971 737 -369 791 896 -708 -320 157 544 371 -718 -831 484 438 422 1361 -475 608 692 480 -1690 411 -169 -464 387 -536 -482 251 431 687 -99 -167 951 -673 -57 356 -354 1071 -892 -622 -289 -986 -595 607 657 457 1273 -52 750 -90 -883 -971 -1225 124 537 575 1123 1328 -171 77 -1395 85 549 -1185 90 -415 -1349 -34 -464 413 -130 -195 -690 -187 -400 -298 -504 716 463 -21 -669 756 -1257 752 12 167 893 -1425 -755 -1108 37 -844 -112 -868 -662 26 753 1150 -447 -402 373 488 -1096 -520 -696 -384 163 -5 -651 790 0 -675 -202 -153 260 121 893 -15 161 -1168 318 151 -454 1318 -307 445 
288 166 41 -247 -692 -21 39 -372 595 -394 205 354 -1034 1119 623 703 330 -859 40 -157 -792 -606 -1195 422 126 -1533 314 222 -313 49 1092 -1011 610 -1026 245 124 -67 -1469 -651 130 -575 -1174 -570 -646 -162 645 536 -701 789 89 -555 1108 1114 -1203 288 217 282 -85 -867 -755 535 -486 170 1003 -1021 305 307 964 732 -122 -1154 637 58 1141 -734 -146 397 697 505 -1412 728 382 -74 1262 -926 909 -214 688 -309 869 1554 400 -49 48 414 -354 -558 -651 215 -456 -1040 -1330 385 599 604 634 -813 265 220 444 238 239 -396 68 -844 -755 116 38 41 -84 -1392 278 -867 700 -698 -141 664 165 399 743 1026 1067 -307 837 -151 -339 -798 -19 -1083 73 25 395 -1405 -896 -850 107 781 461 -1211 204 180 -254 686 -293 575 -253 1314 -20 345 825 806 -346 299 -818 -340 -876 -979 -1208 166 113 769 -77 -612 233 444 -1303 416 439 736 -518 -765 43 23 -529 89 -1066 -210 -1133 -398 -1101 -42 1279 606 -204 678 -1449 432 540 135 -264 -742 1198 657 -1624 790 -82 -237 -694 -767 -192 331 -25 -522 559 26 619 -392 -101 -251 -323 1443 343 531 353 405 282 677 628 734 918 134 -276 -264 367 -197 -768 754 -530 -1285 -1249 -545 -977 341 -1560 -1200 919 -462 36 1635 -141 -99 -127 -360 -582 -769 -1853 278 -365 -435 546 -558 1053 -1358 -465 -456 311 468 304 -348 -105 9 -11 -1031 857 1394 293 -556 -484 -1485 -165 399 -106 -924 -1444 -14 265 -879 -332 559 -215 -1279 -1229 1131 -1508 -40 -961 281 194 7 271 -491 -84 -1714 30 698 -138 657 1781 1038 -377 317 -235 -467 478 177 288 290 -10 841 -407 192 1037 -681 -267 823 -24 -846 -1199 -798 1163 -752 580 798 -88 243 -392 -391 144 526 -319 -824 869 1115 64 -1381 811 457 -547 -1491 350 352 -332 -456 -73 1017 351 -290 -78 -1685 -777 -303 29 -173 -1574 266 -1179 1089 -808 814 1196 533 -673 -505 -24 -2065 -197 569 -79 -305 54 842 379 397 752 776 19 -1024 1029 1110 -633 315 96 796 -623 1092 557 885 787 2372 -2005 
-260 454 -1162 73 -495 120 -43 135 120 -308 11 592 517 764 -24 814 -354 1337 827 257 -208 -1227 -94 -120 -1445 188 -159 -396 -1074 120 370 -664 327 -211 -1291 -1239 255 249 362 111 -1569 948 2167 -595 1335 904 636 -1069 395 526 -1413 1069 569 328 109 640 -88 -835 365 18 -375 178 508 -518 310 285 -312 395 685 -710 -185 13 -497 270 289 -328 135 527 -489 -56 -1126 -1192 292 -257 -454 -1205 -243 889 -303 -1277 -171 -208 319 808 -487 661 -702 -443 1282 47 -930 -1921 -105 -133 1087 1081 -766 690 -982 218 -1087 -183 105 -1552 697 820 -1133 1278 -2157 -281 865 674 -162 -1830 601 134 801 572 401 -839 10 -1300 -593 113 -610 -112 1509 833 -2448 485 932 -7 446 -1451 -984 -779 -510 389 103 385 999 1152 1248 -847 -341 880 -227 -63 -315 237 1586 -467 394 -664 -346 -1019 853 943 -723 12 1167 -479 -629 639 -273 -88 -149 995 1235 433 -887 -251 279 1063 -826 -341 627 -675 -296 401 663 -784 548 -932 537 -467 452 297 -643 1169 652 -422 -443 -1165 633 886 -274 -735 -187 -217 554 -607 -97 -233 59 499 1381 89 398 -448 -286 428 37 -976 174 1514 559 670 192 -569 223 763 378 -452 -338 476 156 357 293 -227 -255 -685 -558 587 -40 270 95 663 377 -569 -166 245 625 206 -510 469 114 226 320 -625 1163 562 -86 -48 -651 -457 125 -601 302 -692 1308 -145 -387 -576 1353 -396 659 1142 804 -1239 1444 72 -621 -1150 -839 -213 50 934 1449 557 -62 -1010 316 -172 1524 -1107 973 -480 -638 15 394 -189 -60 -221 -201 398 -1606 282 655 -17 581 83 -847 -784 -310 328 -383 -85 -527 -1155 415 -25 -1063 -89 -1980 666 576 -455 -195 1408 -215 -446 -420 436 -710 -433 -397 227 1154 -175 1092 -1008 -871 -955 758 -121 -1002 -494 -1099 1472 -79 378 -1415 175 -795 -949 910 326 331 121 93 -641 471 -184 1124 -12 662 -504 -431 -257 -573 -514 -369 -727 -185 -330 688 -612 -173 745 -550 258 1121 785 2 796 -440 1215 -184 -538 -155 -358 -278 180 -1133 27 321 496 -267 -1516 
799 -421 104 652 -471 -343 258 104 -542 -399 336 -1141 442 -707 347 -580 646 823 -1611 -1444 269 -499 689 916 -550 1256 -76 -475 -488 -96 -342 -230 713 669 -997 92 -1585 -878 2553 -582 -11 -447 1330 1494 -284 67 781 121 192 1064 16 729 -62 -551 -175 349 95 1204 -2269 123 -210 560 196 -149 1020 -101 -1071 -279 -617 1108 453 -573 -1106 -827 315 -636 -811 149 -180 715 -156 996 1022 -316 161 -66 415 52 338 -439 110 926 -951 -826 266 -222 682 1507 -1340 184 106 864 -104 -311 -70 -91 1 216 53 -184 -567 66 766 -262 65 -562 -1021 237 -1173 193 673 -1406 -65 -237 -879 -664 902 -570 -1384 -493 -1395 -1507 -587 25 -186 -920 -285 -1324 -105 844 -17 45 -1337 121 686 52 -1002 662 -1130 -183 94 -286 74 257 -682 -165 256 -441 -172 -617 -233 -91 -222 -1751 -304 431 13 -43 471 33 471 32 -189 -292 568 86 -126 -1238 1169 1171 -1042 1477 2106 208 -457 1738 -400 1285 -352 2014 -683 -187 -595 339 850 -52 1695 961 511 25 -1008 -310 -804 614 -289 -826 -216 -620 -199 -755 -1294 330 13 -233 946 -326 534 -1182 -282 956 492 50 33 233 519 -393 -480 -552 -601 827 263 -1243 -433 321 -831 -1374 941 -577 -1511 754 -162 -117 388 -1965 19 -681 -34 -1039 -363 940 -12 -216 -301 -57 363 884 -103 568 466 1172 576 1326 -735 -329 403 700 -247 -665 330 741 -113 -1523 721 -81 372 -1213 199 -608 574 375 702 -568 -164 384 468 -219 165 94 -457 692 1055 -995 162 766 564 253 -1420 400 1407 -347 0 819 227 -191 906 -468 -935 -1108 1052 298 -395 -487 -616 550 945 317 596 455 290 578 -18 219 -1290 289 990 -452 364 1088 -195 454 -178 727 -1145 -513 473 465 -337 92 -302 399 -420 -18 334 723 710 98 -341 -352 -525 -241 -5 -967 555 356 92 -1342 -522 -684 30 -123 -254 120 189 -695 632 -1464 -1432 320 1030 283 -1546 601 -89 -787 -45 507 216 1385 5 786 359 -170 -1555 -646 -712 -223 542 767 865 464 1017 612 -1411 1350 620 1141 -528 1183 -139 -395 
179 561 727 -347 361 -206 113 485 229 -878 213 -429 -437 869 38 -300 -424 275 -795 -754 137 -482 87 1003 -717 -553 384 172 784 -649 1087 -1036 366 956 -954 523 476 17 85 240 155 -349 526 605 185 409 -66 15 560 -824 -173 161 -622 -337 202 -841 -366 1505 -333 500 -508 -828 309 -1196 -44 -921 -2406 477 197 1302 -946 -321 1036 30 1304 -308 91 231 -32 -583 660 1676 -9 -133 819 -1481 -448 -1952 -893 625 -692 498 -560 -792 54 -416 -227 -1211 -637 663 1001 -1584 -592 606 628 -559 -858 -451 899 107 -345 1965 -423 -1357 -917 277 -50 1716 -69 353 388 524 656 76 -377 -260 -266 189 140 -193 623 371 -1634 -827 785 -345 -44 -1238 42 94 -1156 -135 360 -1021 138 -241 -558 745 1698 847 175 284 -1215 586 -687 -928 52 -264 619 692 -893 -228 -238 -773 79 -528 985 -244 -1150 -1390 309 107 -604 175 330 -489 -552 -224 1525 587 -453 308 -1151 1475 142 -418 -382 108 -267 384 204 -528 24 710 214 639 123 284 1834 -765 -546 -1242 942 792 721 -106 389 -34 220 -478 17 194 502 -756 461 -489 170 -371 184 -172 375 1526 781 67 81 106 1237 -1132 20 -1388 -874 7 113 -417 -757 35 1141 -152 227 -459 1823 1908 466 -1511 277 -341 845 150 434 -570 511 -554 -1155 835 -884 417 67 368 69 19 -1665 -201 855 -30 568 119 171 -1408 6 -534 -247 -1471 1122 74 1097 924 -616 806 415 523 -698 -502 219 -1245 1155 169 1094 -122 597 1042 -138 403 -426 31 839 -467 -68 690 891 -903 117 -86 -1155 -880 130 -409 594 1310 -979 -347 626 -688 -640 374 1138 -797 -843 1291 -202 681 1412 -381 -424 -391 439 105 -780 413 -159 99 1084 66 -1357 -900 -582 -739 1116 418 1690 -333 -48 -468 -842 1011 -390 -788 -135 -100 -260 161 -8 -1313 219 -403 -578 -155 -1192 1202 558 -417 2368 1534 -764 1370 -28 -812 -728 1430 -521 716 -1852 -1541 -295 -203 859 51 818 910 394 7 -230 -886 -374 670 -598 1831 -174 -539 -818 -1 736 -1167 1745 731 308 -197 459 262 316 153 
756 -969 -275 550 299 -1849 381 515 -27 74 -142 275 -250 356 -739 741 374 1192 -1206 312 425 161 -1195 561 26 589 1271 -916 -843 -254 -724 -218 -441 178 1327 320 1160 230 1351 -279 -101 -888 -579 93 351 -427 -596 -443 -615 556 -1687 1868 1032 -1287 71 958 494 -74 -965 240 -108 87 630 355 -782 374 -269 891 -219 -338 -65 -311 1119 -952 25 201 122 0 -412 225 453 -234 -708 960 568 -141 332 559 783 1177 667 1228 474 411 753 1713 -577 425 -807 -334 606 1184 874 883 384 201 -63 302 597 -27 308 54 1200 -1017 -915 800 306 -351 335 -27 123 -108 -59 462 2185 -279 415 -894 -111 -345 986 978 -186 1413 575 -325 -460 -663 832 -69 1238 146 -833 352 877 -311 736 426 538 523 -99 72 -972 -238 -471 -1269 -1137 969 203 734 -776 -66 1354 -1273 -93 -568 1517 -443 -292 -1244 1213 381 109 738 663 -769 -612 302 1095 -876 1756 93 -1020 -764 187 1526 499 307 -194 -580 254 -1371 -1026 -402 18 -126 625 -1040 -179 790 -487 767 -839 480 991 1829 1313 288 506 1077 -1203 -103 -1071 -396 -1001 591 -35 -208 664 866 -544 415 -1703 971 253 -1054 104 -1153 -349 -332 -135 852 768 1385 -2013 -1133 31 255 -375 62 -160 -424 1101 158 -601 -612 312 361 -1440 -257 718 -980 440 -378 443 -293 332 -69 991 -1763 -541 497 -42 471 -273 -1285 580 171 626 701 -295 -749 377 -178 855 5 293 -367 -1594 574 1004 422 -595 655 1285 -62 -1721 199 -160 142 37 1326 -520 1144 -1293 -123 760 -1261 988 -318 -156 -1491 -1152 -789 -299 165 -87 -581 -1094 -710 -1058 -617 270 325 442 -83 835 -339 -130 843 -179 -229 233 -347 454 493 -236 55 -50 370 -129 -806 -164 854 543 580 311 1031 257 42 336 1927 601 196 -3 392 -538 -665 602 -512 -394 440 -325 789 409 145 823 376 -226 941 248 672 -1915 855 -434 895 119 429 -1120 -656 -1355 276 -281 0 552 587 128 1085 -1138 70 -317 1065 -356 350 -51 179 701 631 -975 -342 -487 -1124 878 -5 -266 -1054 1351 -454 1276 -283 
-386 -203 1503 204 451 84 -1435 900 -231 288 -1064 -853 1701 -206 -2037 372 1086 365 -685 -34 887 -675 250 358 1127 326 -901 518 -1231 -585 -696 829 575 1226 -1452 -526 83 -459 760 895 -700 339 -281 -603 262 802 -716 -248 -853 -764 -283 -176 -809 -1145 -150 -1217 137 -1746 -352 -1210 -828 -344 302 526 -296 -782 1335 657 407 -89 -228 730 -167 577 -65 334 124 -7 -987 -522 459 580 -362 562 73 -444 441 -1085 -1166 630 306 -511 640 -170 513 -568 841 -251 -1001 -583 -1000 -46 1140 558 -1241 431 499 442 881 1044 240 362 -351 5 -229 165 -543 -945 1308 324 1112 170 148 73 -496 414 935 -523 92 -1519 690 -115 -775 494 1696 1257 -223 -382 488 -619 863 552 -420 -317 380 -381 -135 38 877 386 -810 282 150 -892 -364 -408 -101 -344 -905 -595 160 1167 -624 108 -690 -88 649 1049 -521 33 698 398 19 822 147 -394 794 492 35 278 727 381 533 298 316 -547 244 1255 -101 542 -619 -986 72 -368 118 -245 1265 43 -741 1021 -1465 -90 -544 610 1057 -428 -182 -1483 877 -529 633 720 2113 929 659 -721 -489 -288 -232 237 -1089 -74 -1137 -376 -1598 -584 -612 -1427 708 215 749 541 -334 733 -1245 -560 -453 -397 1073 -137 -665 -504 104 697 -397 -197 34 1156 -745 391 -765 -407 955 1439 434 1550 -981 914 398 -299 -898 297 312 -1824 -337 214 112 253 -1924 -155 399 555 -1009 572 -755 -63 -1056 1313 -91 316 1259 372 -1226 899 -62 -542 -227 230 247 386 568 916 -965 520 976 286 -399 450 -610 329 -162 177 -271 -742 866 556 79 -1318 154 610 146 786 -1035 581 -316 366 -461 115 294 -58 -32 2190 312 137 -283 763 -553 -820 -588 -721 -420 628 -773 288 368 -488 -195 380 -305 -291 -284 -933 -81 587 -42 69 -44 580 -142 16 -148 181 -670 -39 65 -68 264 -320 -502 938 -383 477 -311 -38 345 517 1061 -455 401 687 -264 -224 -697 -180 1059 -9 279 541 731 -607 338 586 -292 311 350 -976 -328 96 -120 602 607 488 -150 -112 51 -259 -228 732 329 -987 
-620 -328 -98 -133 676 538 247 -400 32 250 250 -482 614 303 463 1354 84 1126 1285 1479 -590 -678 -187 210 -370 -297 -218 -434 -1935 1287 1379 213 -214 139 -895 -1216 112 -1062 -92 -595 -608 -1309 -1041 -281 -672 -933 -1220 -220 -704 -348 -269 1027 638 940 1116 606 -111 -1342 114 334 -1569 -1367 82 -151 1328 830 -938 679 636 -218 946 -1011 -678 -314 63 106 254 1209 -459 620 89 -365 630 -629 -599 -1220 -73 -156 -118 -879 927 750 820 -819 -708 529 -521 -274 2163 -370 371 542 608 -834 -348 234 132 584 427 -714 -58 178 369 -2501 556 1211 -210 -657 67 -86 367 602 -1110 257 866 972 -226 -538 514 -932 -421 433 738 895 -1381 -1634 -619 -1108 -1690 314 -161 -789 1024 372 -636 -84 -601 933 570 -33 102 -866 -531 -1031 -155 499 -421 46 1724 684 -1261 -340 -966 -195 360 -329 232 352 363 -641 479 -515 -1533 366 -554 732 -573 -86 -897 -795 588 -1211 1493 -215 -149 255 1156 -675 1491 -460 -263 -937 689 85 660 963 92 -179 -199 795 -465 1642 598 -24 -670 -900 -14 53 704 -300 63 -181 191 -424 -328 647 -162 389 -567 -76 171 -865 681 156 -98 -648 -2116 1141 -437 -508 467 -15 585 66 -189 573 -213 -340 -600 -1187 1827 1673 -933 -184 34 -845 1202 893 1491 -459 -524 474 -426 299 1299 94 -810 691 1219 114 404 154 978 -249 556 -950 -810 448 -298 -889 703 -366 1154 1198 -644 180 -574 240 121 -30 461 -504 87 383 -916 719 706 699 -320 -502 -472 -456 332 -307 72 1389 903 460 -754 183 593 397 -463 152 102 -1338 -359 -756 763 1015 292 -535 569 57 909 262 -1206 338 -108 -379 910 -231 2 -760 -859 618 156 -1419 -792 396 -1617 -818 343 485 -655 -325 367 867 827 530 -1330 -158 -610 -351 -297 715 -593 -474 -560 827 -266 -724 670 -261 -648 365 495 527 197 -89 -1071 86 -593 -16 -285 -171 442 762 -1662 -499 -199 -682 988 409 338 -146 319 -1238 193 13 -629 -610 -1039 -483 926 111 1126 -610 935 -730 -2016 9 263 771 370 -173 618 242 708 775 
-121 348 635 -395 -385 -169 1565 435 -657 -56 -397 359 -304 113 -1456 1212 -476 1001 592 -336 -184 -131 630 446 438 787 703 -742 -299 955 522 -1557 117 -54 69 -929 140 1750 537 781 618 337 -250 -108 673 -27 -376 -623 183 -292 178 -323 191 -104 544 -1874 -1008 1016 876 -155 -448 706 57 -781 917 78 132 -718 -692 -1528 -417 -894 -332 -870 -246 201 220 -675 -670 -999 503 253 250 -135 96 1618 -376 302 811 268 -926 292 -1266 758 1259 -677 -363 482 -386 668 895 294 -996 -373 -778 1096 697 1247 216 526 823 -48 -637 313 1810 -834 -617 -123 145 113 841 238 492 -463 -146 -491 417 -12 -50 -763 -148 -472 -103 7 86 981 -241 567 717 902 -300 -206 -889 18 701 -958 87 -446 -986 762 -390 -340 -331 -85 -567 -544 586 96 -1810 -1013 -961 876 -212 1332 -666 -686 1487 -198 252 893 498 -32 959 571 897 -613 220 -400 309 -589 -947 -727 50 -809 659 511 -1226 141 -72 751 58 -407 -1016 -1844 535 966 279 -524 650 -1161 666 -1033 601 395 -625 -318 -1155 1372 680 -1323 -358 360 353 1245 589 163 858 596 271 -648 441 553 -485 -1817 -1135 1302 435 1107 -499 -817 801 890 -810 -791 63 -51 -82 -910 -668 2041 -790 792 255 -1094 1651 -443 762 -358 -127 -251 -401 219 -484 -1244 -1111 956 -760 693 -274 -687 -565 12 682 -1242 -1277 457 -1073 348 -339 -905 -354 -1377 58 184 -300 600 -530 -164 1182 933 -546 494 208 52 -169 -926 -75 -973 963 -987 -998 700 -313 1962 597 -785 1518 208 726 -291 409 728 -1044 -1074 -156 979 102 -616 -1280 711 67 -552 -498 431 -2044 1024 922 157 517 5 909 755 -707 -296 376 -641 567 1563 594 -335 -319 184 -95 -1357 423 180 343 1124 -1027 -1122 -190 -345 11 -430 1002 471 473 -150 -739 679 -1561 406 532 -286 -531 82 -1128 248 -258 -1319 -619 -979 924 -544 93 -348 -2050 268 -122 -109 1259 853 -551 358 179 600 153 975 9 327 -667 9 1577 -116 -442 331 523 -1089 -1317 -627 609 392 1154 991 623 123 -905 206 -551 -130 
898 848 -546 -529 150 -225 300 1047 -494 63 -297 -308 -674 -616 573 -155 123 -295 -58 994 1181 236 -1395 146 302 -440 -222 101 1442 544 -327 -403 29 -1313 -662 -139 -746 167 764 851 -296 177 660 -1334 -1046 -580 -1036 -167 -552 -456 757 -577 422 418 -244 -1315 -317 -626 740 966 313 -100 551 1116 -383 -216 -859 561 -115 -555 199 734 -1041 264 -61 -941 383 -1109 -722 -69 -941 -292 103 -626 803 -1150 724 -598 -584 -697 -744 -276 707 -618 -139 83 -243 333 136 334 413 -1099 705 -1122 159 -178 411 -1185 -712 201 -62 655 -751 362 851 91 -604 740 850 170 -1248 -133 -329 762 -773 25 570 1102 659 249 -418 753 -152 198 -759 809 -416 -2072 -592 448 140 -329 -388 359 1297 502 -1562 1006 -406 448 -703 -1328 1296 -436 -80 -1840 -990 -843 126 -874 516 -1544 -714 1163 -1689 -576 585 -403 -300 -5 605 -947 881 272 120 744 655 238 464 -156 644 -485 -826 -971 -265 -1351 364 -187 199 499 277 762 338 -1702 248 887 1179 782 14 -2173 752 -192 130 -1197 -656 -518 -157 306 1895 -690 -416 95 503 -139 260 1319 -721 130 416 -498 -1090 -970 437 -614 36 129 -192 863 809 -148 -62 1076 -848 205 1308 -39 907 523 1483 -570 356 1436 -222 -578 3 -663 -460 808 1215 57 496 686 1013 -836 1135 1507 -229 -284 834 -807 -740 -161 -217 -933 410 -829 178 -863 -898 -1281 -589 720 -761 -23 472 -40 -379 -538 417 -593 178 51 -940 158 -632 -82 -321 -1203 -537 516 190 529 434 -280 1129 -669 749 622 -468 -644 63 328 -171 -77 1343 -618 899 -203 889 -939 677 315 339 -308 1064 -108 -365 614 101 -233 -128 108 681 1165 -518 556 -65 -273 253 -992 210 -4 558 -27 1540 96 575 491 -273 -594 269 -951 -426 98 -947 -536 332 -7 292 1220 216 -55 -543 441 1347 1130 824 1532 1006 1096 41 471 485 286 -1116 -1065 451 -235 -603 998 227 216 -1410 434 -523 -165 682 -292 1402 -1051 1313 221 -1093 517 947 307 -445 -1373 1052 -157 -122 -2604 100 1173 942 1078 392 808 -229 -866 
-1266 -526 1301 -55 356 73 1585 -863 438 -386 1028 187 -1001 342 417 12 784 -569 -320 623 784 398 91 -835 947 495 -430 -1836 341 -1057 -442 810 -362 97 293 -393 749 365 260 -66 -1384 58 227 -1110 575 874 -504 -1424 -232 -342 -201 390 -846 -1470 100 -217 73 -576 40 -40 480 -807 182 68 625 86 -35 -318 -666 -711 -1105 -306 -608 -579 112 -106 386 -844 32 1234 1305 44 623 -365 -1011 305 627 347 341 -867 -983 -273 -1586 209 -229 260 -528 13 -779 64 -709 401 -303 -1066 -192 204 700 -442 311 359 214 -491 607 528 24 207 -551 461 -280 -201 52 1176 253 -412 620 264 -1032 1105 175 -437 -443 -102 205 -15 -462 -909 -398 1181 349 -489 125 -744 650 212 911 32 572 160 1156 15 -593 -95 -241 129 214 -105 765 51 -727 408 319 -157 41 439 107 130 556 1275 -954 -496 -203 -138 879 50 -167 31 -327 -21 -124 -140 917 874 1418 489 841 1338 -326 166 999 -568 470 844 962 -743 1016 471 352 -617 -297 -1172 243 -788 477 665 -149 -756 -380 -446 -1124 -1058 -703 -367 -46 -453 521 718 -779 -1921 -227 509 -888 455 -72 415 211 16 162 445 1554 32 364 -340 398 640 941 352 -741 416 582 -470 -47 418 -579 -400 -335 144 -583 944 -419 -408 -281 476 317 -402 -415 -1820 409 67 1101 77 -108 1243 -422 1058 -361 -507 1272 1204 812 945 -588 164 760 -679 397 -1261 -772 30 -896 -267 67 -1451 -930 1135 461 -535 1662 -539 194 -1468 -1614 -462 487 847 -1176 1022 -186 352 1061 250 -55 419 -156 -1244 312 -2063 -386 -836 246 -855 727 532 -197 -173 1017 559 1224 937 421 -489 251 -382 -87 1389 338 95 -814 540 761 -246 -692 123 248 -639 -262 -1225 -1409 1220 -431 332 353 -898 -235 1203 -277 49 -236 711 -188 473 -1871 -1272 1343 -245 1422 354 -329 -1391 -722 -429 344 344 167 946 -1200 685 -288 132 -164 -310 343 -233 -938 316 -496 788 321 -421 -553 264 -220 -634 -1070 -179 -611 768 -163 -962 821 79 44 871 -30 412 137 -100 -557 -463 -544 476 
1122 -737 -1172 -683 -81 714 739 -681 -711 302 807 855 -372 681 -723 -438 -248 604 45 -994 -243 -768 -1002 -985 789 622 -261 -160 1347 -92 44 945 -277 -281 1324 294 358 220 556 409 577 487 -430 -555 -269 76 944 -448 247 980 -942 422 -43 1541 928 974 -437 -410 436 613 689 433 -318 -278 151 345 1320 400 69 542 -352 747 -1043 764 640 594 1270 874 -818 -38 491 935 31 -568 -659 -450 353 -1603 1845 2 134 2 189 -2251 -1096 -275 -135 -175 -57 -220 -1184 61 -677 73 434 -388 224 1295 -1560 -49 -982 -1022 -370 -331 276 599 251 826 218 539 -582 -342 -1292 1595 -140 354 -964 1092 905 500 -219 -811 489 -763 -695 1035 -785 -953 656 -36 -666 -1503 388 -618 -1157 -279 -1138 -1107 -608 378 197 1152 -416 -763 995 -582 515 227 -73 1188 444 -665 505 1032 -11 -451 311 -703 53 -546 27 -91 72 322 -129 -276 -1054 -566 1034 220 756 -262 734 1237 -641 -781 222 -864 737 386 -285 -85 211 684 675 -1510 1150 -244 809 482 582 955 -399 484 -525 487 34 -696 86 -277 -329 1201 362 -775 623 -399 -64 1068 1260 82 527 -423 327 -922 706 -62 155 478 1533 814 752 -513 -48 -1149 -1257 397 442 573 -1394 90 60 -63 -750 5 9 567 -398 768 1220 351 362 -854 -952 -368 90 108 1364 356 -333 1190 -1588 2352 -1341 302 254 10 -168 710 -810 563 -197 377 441 668 1542 381 -180 -119 -1171 146 239 -269 433 -826 -97 -1058 1169 540 991 -1020 -361 -150 -394 -797 -1089 -89 -365 384 1352 318 -1121 -216 -562 897 773 -516 -638 -127 -177 -386 444 50 -142 -431 104 232 1367 554 743 -472 -894 148 -752 680 -1394 173 386 40 925 163 1436 200 833 -186 -833 -21 791 488 389 -122 1314 -57 339 432 1141 1042 -1504 -1474 -1765 1381 -516 -291 -484 -190 -68 -688 -874 -97 413 -385 -806 -74 136 -555 -649 -407 493 173 570 949 -255 785 -428 -144 589 732 439 932 -140 -75 1110 205 -16 833 -1742 -881 -925 -749 865 22 1093 -437 -648 -961 186 548 978 -321 -9 928 
-678 -140 -1148 897 -755 259 -280 438 -141 164 683 -1375 1183 571 -1185 -433 -328 158 -65 -748 60 320 698 815 1267 307 55 451 338 -924 -447 144 1627 1215 160 -399 -218 -709 -181 350 -639 -146 204 -727 352 642 -461 1644 354 -562 -110 183 -838 -930 -83 -829 199 -1442 43 685 -252 -1434 676 -846 922 159 -1108 236 155 213 -1055 493 1172 780 -107 -457 -246 1820 1118 -642 252 -950 -160 479 -56 -313 1391 -453 316 35 126 454 268 372 560 63 1514 587 20 -147 1599 1330 -98 -635 -304 24 1486 857 1072 1059 -231 1403 -80 -604 202 272 1228 526 -51 -330 436 -690 -1148 293 -41 808 -72 -600 -453 -1238 522 -930 379 1044 -84 227 -1267 -190 -391 -1274 -498 -1562 -535 -256 -397 -866 -473 -106 166 -157 663 106 -299 530 293 69 795 559 548 -548 835 780 2 -828 -32 -354 -413 392 269 519 -143 1516 -642 -217 661 251 -3 -1129 -364 781 -242 373 -397 -12 429 770 206 -186 -528 -675 190 -620 -617 782 215 434 726 -869 -548 -449 -384 274 -439 1371 -953 -65 1002 1194 -689 -87 -397 1023 869 366 -625 -811 -211 404 675 190 65 200 -353 946 273 238 674 -2242 16 820 1280 -302 242 -887 -171 -354 514 569 -1764 464 -198 -280 -700 558 -444 -1235 1388 -61 -886 -41 -10 -305 455 -535 -856 -15 -379 674 170 -162 -540 -1797 -541 174 -227 852 429 -798 163 1051 -796 -1094 -480 1092 -442 605 -1267 -487 -946 277 -311 -501 199 867 735 1183 -1197 -1565 -1575 -176 437 -294 52 702 170 490 -525 -399 1549 769 -182 -362 40 148 -1342 -282 -260 -495 -258 341 -763 129 351 1750 261 -183 704 -114 -480 -577 -702 272 -1617 -893 1842 -1081 1889 -811 28 663 -505 -616 -381 1283 -533 -441 283 525 -476 356 1088 -1335 1092 430 653 758 531 289 912 -970 -1011 -1376 361 -138 -1106 -682 625 1323 -1915 -1015 1346 -575 -374 1001 -329 1124 413 249 -1227 25 -301 -1780 -1741 864 -161 -254 289 257 293 523 -1945 -83 166 404 -647 -1053 -254 93 254 -864 385 556 713 1462 691 549 -654 -331 275 827 
-782 -275 1293 -330 -716 220 -915 1036 150 -74 995 -1161 249 559 1072 -450 -669 -850 1589 349 1058 771 723 1321 502 -413 -294 -596 -57 -309 -29 -90 509 735 686 -316 763 227 -1220 197 -172 -578 -893 635 320 565 -906 -488 685 -334 754 424 -438 6 -343 205 -55 912 -180 622 124 1530 -120 928 696 58 110 -1197 345 -1066 -637 152 -272 -377 -1367 -648 -647 -486 442 230 -93 83 1292 993 -809 -1109 109 794 116 592 -13 -1538 208 111 -30 801 747 -100 -808 -364 215 160 -277 -475 567 708 774 1019 -224 37 270 -447 679 305 718 1739 828 -462 -52 -1049 424 189 1052 152 -798 520 -314 565 -735 -900 1054 -199 129 -849 1204 -268 -492 489 -51 40 366 511 -841 -1439 -329 778 308 -596 467 340 -266 -144 1037 1245 -1126 892 626 -886 1333 -348 -657 256 -509 710 577 919 -633 -408 -1110 -1086 -1692 253 -540 -673 1134 298 357 -192 -98 560 -431 1352 -17 347 -890 -909 -364 -807 -1013 -429 -283 623 128 -746 -392 424 -177 -595 -1394 -47 320 -1258 176 -51 1053 591 -706 -600 -791 -794 250 -276 883 25 -664 194 1732 -67 840 1107 539 545 -645 63 480 110 -852 -1097 -1114 1408 -157 1365 -817 -664 1328 583 604 93 1219 -87 913 1007 -190 -756 301 1010 382 1678 446 -638 -404 28 -870 882 -682 1556 556 -675 71 -1327 -290 103 639 -1159 -19 -56 -884 148 887 190 -50 -1445 -231 -1497 539 547 669 -76 480 -198 -453 601 -1888 767 1234 -289 460 -67 -114 761 -22 -241 1104 222 527 -1390 -674 425 267 -517 381 -616 19 79 -1 266 138 -75 147 221 -187 87 525 -87 173 -213 -271 288 -1503 280 -185 533 1560 1016 -408 -592 -114 102 177 -291 -274 1431 736 1139 1730 -1092 -2 669 -353 -283 950 955 -1010 1322 -143 -345 62 297 -449 -68 -546 756 790 -552 26 155 -569 1069 -205 500 -52 -532 1275 -662 1692 6 -813 -1368 -264 270 578 -679 -668 -313 850 -398 49 -764 804 539 -430 -584 891 88 -708 785 -483 464 783 409 -393 -499 -227 745 -251 -531 -281 896 137 -542 
-141 -113 970 280 -2 -754 213 150 -58 -330 -970 427 -326 848 -84 -1043 -779 -253 -756 -601 239 354 317 -520 320 -905 -467 671 -484 31 1198 -827 323 417 -691 -856 868 -46 -517 641 -227 1290 1713 615 -57 1117 1209 444 159 -1342 577 -216 456 -92 61 -420 -266 1031 -935 -655 568 -1544 469 -1868 -492 1037 775 550 413 470 -415 453 1168 923 -59 94 25 -421 -362 -2285 1165 42 1064 -289 -297 535 -40 1086 -447 -56 -547 -830 668 301 -4 -291 130 -1217 20 -858 -981 -1278 -600 1326 476 540 -170 255 636 352 1111 -121 55 71 878 -670 831 -1271 92 -94 -92 1134 1523 -891 119 668 727 1044 1162 -68 -738 864 193 404 -337 1035 334 1154 -1534 71 303 65 -594 840 -4 1536 1029 25 638 -847 -465 -24 424 -170 -456 -668 232 -892 643 -2615 442 249 1456 921 -1205 -115 168 -450 -640 1042 275 681 -139 909 -1106 -100 179 651 1408 469 258 902 -782 234 904 565 453 451 -30 918 -789 243 -1324 -2234 260 683 -975 772 1208 -1335 1050 -464 1668 768 -185 614 -64 801 806 461 1086 88 -756 -166 -1887 949 828 272 1146 432 -499 358 -1173 -35 318 1068 -798 238 101 -169 1486 587 -279 -1318 1299 264 1132 -424 -319 -1628 -308 -108 511 -1063 1019 442 -83 139 -228 -23 -237 -839 400 507 -496 651 -1238 -715 214 -501 -767 -1291 -310 368 363 -1027 1662 525 50 -716 -1517 -794 -1369 -830 525 237 1306 -563 950 1507 -424 500 -1580 -428 994 195 886 -1684 -12 1588 -178 286 -745 -681 106 15 -319 686 -341 -1084 -373 407 453 699 1151 843 787 576 -312 -864 209 -328 856 396 -838 200 -1246 1504 1072 1940 -653 992 1199 1308 230 1107 -417 -258 416 -814 -114 -815 316 188 -425 838 1515 754 -17 -1203 75 372 71 896 -352 -547 2159 -171 -1084 -382 868 99 -260 43 296 111 -258 -1270 393 -117 91 161 596 701 351 -820 -560 -1233 771 379 120 -1387 -257 -1305 1034 -1969 763 -72 373 4 -889 -133 240 -121 930 -597 -661 578 -759 -310 -1303 607 676 -248 874 -1336 -231 606 826 -1129 
-991 -362 -446 -416 -750 -339 -887 259 -675 -507 -101 -169 -518 675 549 -16 -726 -1011 -558 15 235 -469 -541 -651 734 -233 -412 763 -456 -548 524 -1723 102 47 -510 -522 -812 -519 -130 214 117 -614 115 864 -307 -1157 48 882 798 217 499 1111 23 104 -237 -639 580 88 306 -160 -63 -579 5 -1822 1004 666 -619 -638 595 -895 -129 -380 -604 -916 1314 986 -1277 -203 3 958 595 -1909 -269 -69 1333 -732 968 82 -555 -1520 433 -799 1122 -430 -646 -1366 -181 1921 739 3 121 410 -76 63 596 -973 -903 -54 647 -492 300 644 -324 297 -258 528 336 -1387 -1036 -1082 -288 -1900 661 -238 39 360 884 859 380 916 38 -56 1399 -605 163 -519 -231 -514 704 -1636 -723 -101 904 -831 898 605 -1352 -20 1177 -823 187 1023 -911 -789 -53 -403 1474 -382 704 281 98 35 850 -1493 -306 553 133 -679 -730 -751 1291 697 352 -752 -860 -643 -195 502 332 820 819 -1066 -392 763 441 486 946 184 1243 -244 -441 -728 253 -127 1108 -1108 -185 -517 759 -188 912 -87 554 301 1000 -450 692 542 288 5 -988 -201 171 35 -285 -1408 -618 876 -735 171 420 -188 289 546 -609 -43 1516 -900 -365 136 -924 156 539 -1219 -552 27 -653 -1469 -37 63 -329 230 334 689 106 -248 1274 -36 -945 -365 -856 -440 820 326 -637 365 -991 599 -521 714 -353 -482 1518 994 -842 -466 -203 252 -27 201 -958 -124 112 -517 -23 -42 -1576 -927 -368 1527 131 -1236 -633 -440 1103 238 -1273 -382 -337 -308 -549 1789 -609 352 -649 79 -651 -935 386 882 275 152 1276 -246 -144 158 980 -381 -572 -688 421 -396 -245 844 211 -226 203 1048 -348 1322 126 -799 -748 498 -136 -1249 176 -55 859 -288 38 -425 -580 188 -863 -665 559 -288 1097 -286 828 -374 431 -105 1115 -128 -519 67 183 -1819 -1728 874 378 797 -1439 830 -815 -681 304 1327 105 47 -53 490 -362 800 -574 -342 69 -433 -51 181 -1363 73 -1168 1412 -1490 -85 -153 -371 -343 -461 722 -252 -223 310 -41 1190 -929 77 1154 -1016 1649 -84 -129 -674 -239 823 450 -458 
-23 -747 484 -680 -402 413 26 -1095 -262 -144 396 1407 908 -450 478 -243 -239 -48 315 249 211 -97 -763 -361 -886 886 332 -948 489 97 -696 174 -1206 272 176 166 -572 -51 -1307 1085 -296 -190 -1877 748 -1609 198 -1030 -36 -98 -626 138 716 -1075 -128 -19 -686 4 -634 -475 -890 1055 418 -1064 798 -189 463 42 -1730 -444 9 1633 84 -271 603 1184 1120 1249 1022 -376 -294 705 440 155 -292 -190 -52 1436 -994 763 -1289 -223 -107 264 -450 -751 466 680 750 264 727 -1216 -226 -322 -659 -1973 -38 641 -151 -130 -634 70 -612 -965 -1277 -270 -63 -833 -118 118 -741 -166 378 -1443 1057 1198 -609 1380 394 328 -517 -170 -35 1801 -1358 -1101 26 417 43 417 -214 268 159 356 -633 -15 -201 535 -654 -997 -909 411 -231 1497 -500 803 -923 1471 -401 537 644 -1158 -361 -1058 742 -634 1355 -846 -1120 100 -1421 258 646 464 133 -828 -518 211 -10 -85 633 77 -791 152 -323 247 -1063 -111 1637 341 -779 -85 -217 -251 -10 82 -35 -181 -25 -476 871 773 63 -341 -186 -1205 -1912 -572 310 -617 -736 -617 -679 -890 1723 -799 16 301 -320 -463 -1517 505 -948 780 -51 -279 -143 -1093 -244 529 1046 652 -976 864 158 1736 -2 1305 -107 452 372 -289 -770 -45 525 -558 76 -303 1629 385 -594 78 2066 -428 -189 721 74 -488 -1219 -259 736 1041 1365 -234 -1015 -399 -1092 -1055 -557 887 -167 -769 271 243 -808 -480 1107 327 -444 -811 -259 1744 -421 381 974 -311 -51 323 -630 -153 -518 306 -165 137 -397 325 -32 -160 539 -53 -1282 169 24 -534 -105 342 -14 -456 458 1146 128 -187 1444 232 1038 -224 -228 -180 -364 -579 363 -749 -489 163 616 745 -1373 -258 -1503 -306 951 -728 274 459 -104 -783 -473 -163 -470 -860 2356 -793 3084 -245 -554 -434 -1783 77 399 663 -39 -545 -837 -378 -1346 1264 2607 -176 -112 542 -1058 -542 883 603 -1205 -134 -428 102 -1745 759 -352 -418 -50 -1410 1216 -700 -251 -316 47 1013 65 -2014 -732 -166 -660 58 -1552 25 -589 907 -240 126 -187 1227 -525 -695 803 -269 -239 1065 -175 
-550 263 68 -218 -1357 -479 -3 -786 248 288 -144 391 -1218 -180 404 1497 184 -771 1016 783 -174 -31 268 -852 845 -269 -407 383 455 126 -117 182 -1202 53 -826 7 -8 -875 -213 389 215 -1495 2179 -421 -323 -724 -68 603 -403 -819 941 188 123 189 822 -392 4 324 -102 1630 -851 447 384 1156 -1182 -81 932 -1524 -1042 -304 -876 -298 -1097 -1091 136 -456 30 -589 -11 535 -418 937 -222 -209 550 -24 979 -648 689 429 -665 71 -618 -97 -643 -1372 -188 -239 197 126 554 -986 -601 415 115 -924 213 379 593 -212 577 -21 -278 960 1197 -1248 -430 857 -152 459 61 -146 -212 1317 919 279 99 247 416 -317 1481 -542 -585 391 -315 968 -1194 1332 114 -403 -246 207 184 -885 -829 -415 325 -786 -342 647 -561 4 -248 -1380 -617 -1308 202 278 -596 438 -419 379 -155 -988 -201 -594 -392 751 -65 470 -708 1129 994 375 -463 505 1261 362 -944 -743 541 -205 938 -263 915 263 -1099 -332 -659 434 715 11 332 422 12 134 233 278 98 -162 -159 -1098 -134 -591 761 56 -1219 -18 877 712 138 -700 -1274 -4 180 -326 -772 1040 39 -641 297 695 306 -405 -482 41 -591 -470 23 -218 750 48 -705 -235 -601 1095 852 -14 -132 418 614 1039 598 1514 -759 -558 451 -212 1457 52 1102 48 251 786 -495 -182 581 -1026 -49 340 -33 840 -388 1578 -59 473 485 -238 469 -391 -240 -68 -1124 295 -624 534 1155 -323 -160 -76 1111 624 230 -706 832 -828 684 60 -434 -227 905 -371 930 -22 223 -336 359 -476 1211 -43 -1313 -724 -746 798 -518 904 -125 325 834 925 -1268 -192 -1252 -389 278 -52 393 -97 223 -501 -542 -214 -130 553 56 -173 304 786 155 -166 1179 319 64 -533 -439 -691 -523 -184 -238 -1656 -643 -287 1043 237 560 -365 -604 -29 132 966 -1523 325 7 -858 258 514 450 312 276 -368 470 364 401 -1458 -444 322 -1203 554 -123 855 619 319 -369 80 273 920 -351 -415 -518 343 -439 1429 943 -417 -834 712 -803 820 -107 -364 -532 1440 324 -938 193 -506 222 173 -597 512 
472 1093 -264 240 -41 -1960 295 -384 1210 372 -533 -726 1509 -1913 95 9 332 679 -1168 937 -569 274 1165 54 -1019 -482 135 534 -235 -1194 -1490 1500 19 396 -799 1626 -283 -512 2207 -414 -48 -164 1349 420 79 -712 -410 -16 -904 -49 -820 -897 -137 312 286 -445 -97 -96 857 754 -934 -1005 -691 -89 -29 -809 1078 384 908 1308 -180 451 -177 369 -382 85 217 -215 450 70 -453 -213 157 -944 -1787 566 614 797 -305 -1389 222 -692 -1035 164 147 -400 1753 -432 411 898 -102 934 -332 326 -1776 -492 1230 -1059 -480 1234 -511 -859 -251 789 -546 -1402 989 407 41 -463 -72 -249 -444 104 -19 -84 -846 117 925 286 -1239 -555 -295 -132 593 1045 -162 528 -521 -1125 -1264 244 874 -698 513 958 559 -93 988 -123 608 310 623 602 -318 154 -1222 -143 293 -410 -16 597 -109 1300 -293 -282 -246 -172 -576 542 -683 331 817 55 832 291 768 339 -952 268 1137 192 -870 -2 1765 -576 619 745 1076 674 -579 331 714 189 -531 -1688 740 976 -175 295 1272 696 -650 139 203 -1551 1131 -343 447 617 -61 -652 891 -1222 -936 -674 31 769 -225 -577 15 -24 110 958 110 34 1223 -180 -99 -612 -846 -459 -346 -811 946 328 -69 225 -355 570 496 -487 -433 -288 918 -894 554 -1537 -346 1120 -991 133 501 -925 385 149 -121 304 -66 -231 1582 251 1149 1563 568 -865 174 -1031 1379 -1425 -1425 652 372 236 -1145 699 -1132 -72 -52 -1206 -1 -255 -656 446 -115 311 139 83 886 867 997 955 157 275 -530 979 -1437 -129 61 430 1320 -375 2623 323 -1006 564 348 -170 323 263 -1307 1122 74 -42 -799 -397 1429 12 669 471 -287 1 174 513 -770 849 -319 754 1667 31 -261 -828 -188 451 -664 -212 937 82 -764 656 211 75 -257 -324 1370 -750 -1140 1372 -5 -541 1548 765 218 -1442 -392 1039 516 -527 501 518 189 -1149 923 -436 1210 -856 -1327 374 1420 479 -1140 2401 636 -499 216 1090 -789 1175 531 743 166 -780 836 439 -584 -290 -365 -1112 -1231 -789 1371 -360 59 1353 -72 -22 161 -475 -126 260 
527 457 -1130 -346 51 -1997 -688 285 281 -194 1410 -1507 -465 -647 -1106 51 -1582 -870 -179 179 -1181 -141 -168 908 753 361 201 32 1374 480 765 -436 429 -1474 259 882 -94 1008 -848 363 685 -691 -1453 -719 548 -51 -262 111 1307 1141 -1519 921 27 -145 959 103 -513 -259 -659 123 -1318 -1733 -1164 393 -1014 242 369 731 -438 -1095 150 -537 -682 -761 -612 642 -373 998 -697 316 235 299 -790 -271 345 -1449 -43 896 546 -939 772 186 587 -783 -814 -817 435 31 1078 -198 383 -477 460 -569 -5 -143 -160 579 -149 -847 532 558 -981 -971 179 62 -424 -147 -136 -30 -328 -135 -1036 2333 -182 52 -696 -623 83 351 301 -163 346 1140 -311 -7 -629 -1137 597 -315 -717 207 1942 234 -15 466 -370 570 -299 471 -1501 776 -449 -213 -44 255 -1114 -278 -150 295 -573 372 106 148 9 531 -345 -749 -117 755 120 -992 407 -625 -514 -513 -439 1290 1358 -482 -964 -574 -236 -230 -697 -165 256 501 191 -38 346 -262 321 470 -374 -134 -410 962 -113 1119 -522 853 -573 310 -1357 -447 -592 867 671 923 -1070 -314 230 78 -433 82 -1156 280 561 -537 72 -1274 674 896 564 -486 1515 -536 -528 -367 -1195 -37 53 751 223 -859 185 1047 -86 37 -938 -216 503 45 128 359 457 192 1024 -1035 154 -599 -129 193 1202 713 -1184 -1078 -333 -162 -570 -889 -442 985 765 383 -1520 -190 149 -741 429 -494 217 -723 182 -656 -434 -955 -146 -180 967 -881 -1170 -656 -1307 -425 856 341 196 63 -867 -869 -733 -1547 345 511 239 -655 -116 -1494 -36 -155 398 1077 819 200 739 679 12 25 442 -539 -762 -429 -381 -374 440 -137 223 864 1099 384 -214 1020 252 161 714 360 1237 706 25 289 -1003 -75 557 -332 856 -1436 45 -124 -547 259 526 -804 -390 -785 73 691 -830 -405 1257 -12 726 172 -849 1313 1247 267 185 -829 -361 -799 -502 935 -678 -852 1326 -415 -189 717 -405 671 348 462 684 -136 -426 661 -113 -641 -1048 81 -1622 736 -189 -158 194 711 1273 -483 -707 -1759 1208 -544 -644 -709 -288 -112 -761 -197 
572 727 -1317 -537 -1744 -436 773 278 -241 -533 -535 -201 -905 5 -432 -1 -642 304 -311 -268 -895 -519 -667 1160 129 1342 -149 -359 -263 -994 80 -35 -153 -964 -99 -688 20 631 -1411 388 -1029 427 438 -911 -767 -170 661 47 -739 -319 358 -390 526 568 643 455 186 543 -1052 40 178 961 92 -697 -304 -1653 -93 418 -36 83 -31 556 -22 1132 1240 61 582 -337 1024 -907 451 -684 -198 184 1136 111 -217 372 666 -585 -432 120 455 -91 2045 153 -991 283 -644 959 706 -1450 159 -93 674 64 1204 -499 -944 -1148 81 -853 -1498 -525 -531 -113 150 1 -361 -83 -1544 -672 227 359 478 750 -850 182 -3 118 686 347 1674 973 -1344 291 458 55 -467 53 941 -563 -587 -388 -188 -942 443 -512 -390 -112 786 -108 -1 -5 -139 571 1379 -617 124 -682 443 -1017 -115 -711 -1363 -766 -336 -1566 -196 -355 -306 -783 219 -77 -663 124 -146 370 369 -590 -1448 -697 -353 721 -690 -599 -147 -519 1775 224 548 -800 116 -985 1344 -180 929 191 302 165 54 -212 -975 -396 -1113 332 -453 427 -453 149 -685 -471 -669 762 -172 253 270 883 146 -487 -147 -547 233 259 -3 -450 -457 -139 -241 544 616 -470 617 -231 43 298 -114 932 290 -182 590 -1017 -1280 -465 -1232 1813 -1263 -253 54 499 -1786 -750 -362 -1339 1237 -1757 560 -455 417 -744 -734 727 -670 12 1630 -1319 -70 942 -1044 526 148 -277 -7 10 554 720 343 -85 1161 -227 1110 513 -165 4 -423 -775 186 1111 487 -720 -1027 1094 372 -1338 -435 -1101 1981 173 -446 459 1012 -452 620 342 849 665 -735 -448 -647 -1372 51 -134 -86 -146 970 -289 -1120 472 763 96 -1802 -545 -573 452 444 -573 94 -1006 -807 327 -323 -503 -476 -139 -477 597 281 568 1102 423 -812 831 365 28 -707 1179 -2110 -683 725 -106 -579 483 114 -307 473 156 -556 921 609 1161 88 -379 -287 2294 -627 37 821 -1660 -252 -1552 202 -1006 -1823 308 -497 -522 907 -810 -1385 -6 2278 489 -1329 1214 -213 911 531 -727 1108 594 -704 83 -706 -668 255 1388 200 376 -305 -85 
-904 -748 662 1074 1354 -7 -983 415 592 -186 -333 542 433 -1471 293 159 278 305 205 235 -414 -1461 -801 -739 -592 624 -595 855 -1301 -540 -1108 201 2056 578 100 -14 437 547 -457 158 -2052 913 1055 222 1185 222 -766 814 806 7 547 736 -4 -815 -175 415 724 -478 -390 1234 -316 -340 -503 1005 310 1296 1011 254 -264 170 -515 -419 671 -258 948 172 -829 -1115 -562 -979 1123 -351 602 425 -574 430 2 -13 161 -412 -24 740 -281 994 619 141 15 -138 -383 697 428 -255 10 1267 77 -247 162 -341 -152 139 839 -988 312 1323 131 -997 307 116 242 773 188 2016 -989 -951 -151 -846 548 -1471 -955 -655 270 525 -759 -220 -305 311 971 -19 690 -66 -662 351 -160 1288 70 301 -997 1226 -224 304 -184 544 1158 -401 9 280 -432 466 16 159 28 -531 82 600 -51 -13 -337 360 -489 238 447 313 832 2731 1972 -357 328 1111 -283 367 506 637 622 -388 -231 561 -613 503 322 -298 399 -1002 1107 -862 435 214 271 -484 199 842 565 -688 -634 -191 -219 -332 38 -656 283 1290 1553 -374 1329 -352 -1738 207 121 -36 -385 -1136 -881 585 -675 -313 811 1183 496 1820 1293 -472 -697 364 -137 -151 702 -728 802 1537 -1227 141 928 1048 -1409 -957 521 494 718 -109 34 -919 -527 1252 794 -782 -30 -43 -135 139 -95 -120 536 300 -403 -514 -535 -209 -37 522 11 -909 -991 292 -315 -988 74 131 -580 996 1139 -756 512 -679 -984 174 -877 1256 400 594 173 -105 264 -671 346 -1072 1909 -1354 416 1227 -739 -473 -417 -199 -1184 -71 1118 1229 1016 -155 380 1055 -341 988 104 518 -172 407 826 152 1499 -505 -389 -152 -340 -118 -35 697 306 522 -401 1 1422 -56 -1417 1124 -620 -405 -508 492 483 598 602 -451 -710 889 10 -35 -584 -384 -280 77 431 -182 420 1476 -239 1789 511 1448 102 -397 950 -255 368 -462 1575 59 801 555 -7 83 704 -672 -916 249 285 453 -95 537 -366 -454 -623 -1074 841 -221 -378 473 344 639 448 -660 -1060 501 -949 -371 -79 -313 610 430 914 -375 
333 -1158 1065 299 -1281 452 911 456 1617 366 -209 -731 954 393 -1427 -802 -614 502 -408 -33 771 220 110 -82 698 -512 -881 -150 -87 -1403 627 -220 -345 116 1638 -354 114 545 95 530 505 -139 141 1311 -315 -19 -428 -375 659 -428 -477 1530 -501 -93 -296 603 1133 -727 -872 7 -397 472 -785 -542 -112 -1085 1095 141 370 469 663 -1332 157 -147 366 937 -283 615 551 -660 -100 622 423 81 905 -715 -465 -762 386 330 1632 1051 265 -629 41 -557 -209 -1027 -909 714 446 223 561 16 -143 -1089 535 -835 23 -909 -805 558 967 519 -776 -101 -345 -711 -129 682 827 -636 -663 -313 -622 -897 -502 1083 1095 -266 960 242 405 -1234 230 -2059 698 197 453 -173 -173 -130 971 -721 -531 -1091 1271 -1886 285 474 -1315 -269 775 1149 -387 -1875 433 -1419 1066 838 408 -754 -669 -380 349 826 -160 478 -841 -424 30 1490 -232 93 98 -816 -725 575 -1625 -548 355 565 578 -264 70 -703 -810 -390 -9 46 894 -253 565 374 328 852 732 355 706 -133 -103 -631 239 365 -444 -566 -419 -1312 85 -705 -139 129 -750 161 204 -440 -1530 -587 -365 -857 413 371 -629 -538 3 -761 -609 -1188 -498 398 1382 -906 -671 -64 -252 828 13 312 -88 -166 -23 1078 -578 310 -1970 1403 1275 226 -1339 940 469 -234 -1902 -565 492 -320 -1000 -562 668 -259 892 1100 1955 267 710 1034 -217 -261 526 -223 298 113 373 -13 -80 1269 350 242 863 -1465 1577 -132 -281 -610 995 -386 669 -81 415 9 -417 76 -116 636 1491 -45 -480 -1313 -494 391 1045 -124 -758 7 -701 1138 891 1243 -579 287 550 969 -1316 908 -1666 749 -61 -1604 -539 617 262 -1023 -28 1148 903 -770 -1671 -152 -243 -27 244 391 691 1109 -901 -471 235 762 529 279 758 -271 -472 -52 452 104 914 1654 1019 1353 -516 -1146 357 -304 392 -128 355 649 -325 -1598 -461 -505 -898 1534 434 -1028 10 -78 8 -969 -190 -1148 -421 -592 -8 562 390 -536 -635 458 -992 -1065 -50 1147 1407 914 -912 1748 242 -97 -208 1226 -245 27 -1718 -45 -570 924 -245 67 
-413 394 -449 -389 1589 554 2045 1050 -104 553 -342 1410 224 -576 -1045 17 -783 -487 -428 -131 -385 1193 727 583 -510 232 120 -115 -1530 1479 1579 -178 -307 -146 276 168 -1218 870 -755 302 217 463 -303 232 -214 -772 1836 9 138 -337 515 -149 1273 889 -931 1059 -561 185 131 -426 141 384 -1107 -151 -1298 -317 1006 49 884 -523 75 -898 436 -89 -373 -729 -368 261 -181 -323 205 528 925 -864 1772 1218 1207 493 247 -356 413 324 773 74 -48 -5 296 -526 -219 248 51 -588 -899 -745 -264 574 -451 -146 -337 1092 148 5 814 645 -198 -568 -172 -1141 923 744 938 997 790 995 154 222 -31 -1587 24 534 79 -124 947 -400 839 227 -248 369 426 805 -987 726 -883 -42 163 397 -936 -855 -836 379 -174 90 -805 -272 245 -35 -1090 256 -631 943 -1535 241 504 719 -697 800 433 297 139 226 371 -1010 -603 -387 -252 479 -507 -869 -2166 563 -433 520 -1097 -470 385 879 384 -597 -646 -1269 -255 156 -343 1649 -903 386 753 -139 850 195 549 -591 -1134 -512 -17 771 1120 339 70 484 -468 548 50 401 762 1008 498 297 363 386 -105 169 -303 747 531 471 -1257 320 -354 1136 1039 80 1058 -440 575 171 -224 792 -648 568 -97 1394 -1387 6 -259 -563 -686 460 805 546 62 637 729 -605 -1141 -1495 -27 1017 -511 593 -322 1092 -892 -1884 -966 55 -95 -417 139 1064 287 523 253 -817 268 723 530 -1396 -872 297 -1152 1866 451 69 -436 -135 1101 914 -1204 1098 -175 425 -678 -1675 -192 212 1100 2254 -830 1047 -241 356 -1153 -1091 553 -79 -51 212 472 -850 -5 -627 -1600 -216 -311 -567 -315 553 1285 -260 -102 1056 -249 -81 -1039 91 1190 -1075 -377 229 1107 254 65 -518 352 827 393 64 499 -635 279 209 -2457 -1902 345 695 -1075 330 -68 289 202 627 -1707 -341 -355 -1175 -828 140 -1036 -9 -762 1288 186 -835 448 -554 607 -89 273 -712 -318 -725 -699 -928 -279 897 -558 1412 726 -684 44 719 -619 -545 -543 -323 369 309 -726 634 -8 -1 -288 -637 906 -9 897 329 -689 571 
892 -1816 945 -187 348 -653 -229 -227 800 -314 -271 -242 550 294 -485 812 172 956 -1325 -929 -560 1390 334 -870 323 -1292 -666 -706 -143 -405 -67 -143 409 979 -103 -257 -262 1096 -655 -959 -209 -1116 113 -7 237 270 -203 -354 672 1349 -378 639 135 199 -229 278 -989 924 -749 -504 1295 -232 -1136 -224 -56 -197 -22 -376 1154 -523 -438 3 109 1274 378 95 -431 -259 369 -664 -311 40 1032 1029 698 -1378 -1282 -118 477 605 161 975 1424 482 43 -433 -528 846 176 -204 -1175 269 -229 236 891 -3 -752 803 1005 -763 -1112 955 350 411 337 183 143 386 -940 -39 1060 808 -784 48 -1115 -673 89 -658 -649 1312 -131 458 601 -1096 579 -753 930 103 -24 -332 -132 196 -661 -705 -578 432 -2 -847 -508 -2224 203 39 -64 -56 -892 82 -484 -442 -873 -631 1022 130 -613 -73 364 298 -249 -418 -323 -770 -194 -579 -528 442 -1374 375 269 310 570 1372 584 1436 -153 13 156 774 -107 -262 -211 -876 -226 239 -503 1073 -133 485 362 -381 1087 719 1076 1042 194 633 -613 487 -716 -1430 -874 1933 158 -968 819 193 -421 -213 760 -501 -998 -9 402 782 188 625 2329 500 -884 206 -204 808 -828 -1202 745 -224 420 374 -678 -842 1527 -259 885 1451 -262 169 -95 329 -106 -257 -543 530 1311 -358 -24 921 844 -331 -739 381 -739 -462 93 1371 -135 -597 -1329 939 -222 -208 -709 436 7 -175 -211 -1011 1751 -168 -294 -2326 574 270 -227 122 -286 890 -920 114 365 -367 -828 -428 -426 901 403 -235 -156 -530 -253 -721 -495 -649 581 -88 686 -306 1487 870 -289 665 -1180 93 200 238 -220 513 674 -307 881 -998 439 468 595 418 905 604 37 813 -874 7 -294 -891 -627 266 584 75 -519 267 1308 -415 1346 -700 287 1206 949 253 -552 -359 763 -851 -828 1 33 -976 -8 -603 -65 -460 -967 566 222 326 -600 124 -37 421 415 51 331 -60 627 -469 -1396 1719 1157 -120 -935 969 5 -632 -274 -1343 -90 -403 1207 814 19 152 -1493 1880 881 -247 -1019 -362 824 -732 -184 -880 -507 -141 28 974 
-1457 -168 -108 183 -851 -939 1831 1381 -164 -331 53 -287 -160 -1533 70 721 -187 -25 972 -462 -769 -467 622 459 -501 -246 886 -447 -46 273 35 -1416 171 -31 -22 -93 277 135 444 -743 -393 711 382 1296 -431 514 -1234 -33 23 391 209 -78 -560 -481 -440 256 -62 -1216 -616 823 -711 -648 -257 659 886 541 890 44 -112 -600 244 -34 1911 -921 721 -155 747 -629 978 813 762 -1358 699 -1225 67 554 -305 554 1226 -633 -90 -2232 -792 367 -253 -195 1461 766 1751 296 789 -574 677 974 -221 1649 -149 362 1102 816 -284 -388 987 -225 -363 -70 38 757 30 -185 254 576 481 -159 -827 -1412 -530 545 -568 154 572 855 454 -1686 -498 -199 962 -350 229 -484 217 486 103 -1008 -365 1011 -825 -1049 719 -486 -80 -53 -399 -276 -229 -878 -17 -571 -24 505 499 1041 -570 -10 -363 -116 98 -24 -741 -335 -568 548 -413 550 220 631 -44 1092 -748 -622 547 539 1232 850 225 257 267 -799 -625 -369 604 957 976 446 -80 776 -162 -110 434 -472 134 1175 -1153 -156 894 -1006 -1272 -1074 294 -734 -333 609 -267 583 -722 -463 999 -412 -2706 -1399 -408 262 232 -201 210 -774 -595 -493 81 -421 29 -143 211 251 1343 149 -245 -730 757 1868 -65 1311 -133 372 -108 -664 866 -466 -505 57 41 114 -755 -893 -567 -239 -445 482 82 -237 57 -937 -211 -1724 42 837 1203 890 374 368 -1111 -20 -430 417 -717 -660 -654 -153 -701 159 -923 -712 687 -483 -248 -1346 -361 245 1059 188 -285 25 89 -251 261 1153 628 25 -362 244 -574 284 92 -349 -1472 -299 -167 1177 -1053 391 600 970 -708 -730 -146 17 -777 393 199 -1604 242 299 -1108 386 288 104 630 900 778 401 -3 -1051 -1694 168 908 -317 479 -62 551 96 480 -939 -202 -234 -6 362 71 464 518 156 641 -51 -480 -246 -718 -994 -174 -313 265 293 245 103 463 -69 -913 1422 86 -185 1079 -713 -243 442 289 -94 -329 1485 -62 633 -476 404 -409 -1672 131 -21 -234 172 456 -103 -473 -70 279 497 1004 -268 -430 1633 -108 -818 -1050 572 
-416 -565 -124 -92 -93 -658 413 -430 -180 639 -1173 -706 428 746 222 386 423 -213 -213 373 552 -283 -507 772 358 741 -112 -42 475 288 461 563 155 1070 -648 -1285 407 253 351 1560 743 1554 1111 113 -347 1073 -110 -617 426 305 -144 -382 223 1168 1314 33 -85 1472 -934 1549 88 -173 777 -917 467 -12 485 -436 100 621 1773 316 872 221 513 114 119 224 -217 -120 2198 -496 -775 -245 815 -57 528 -181 -505 -678 -1421 -102 1280 -523 -797 -251 157 700 1182 -1031 -1301 -714 1995 -54 -352 -309 267 -424 -442 993 -651 -167 -1491 757 -792 624 602 -419 135 249 -817 -254 -334 -559 649 -1342 -629 132 -182 -776 523 -869 -1344 -1561 974 263 640 -1331 1433 -526 -1071 1097 717 -1195 287 -903 -719 -949 661 -591 805 -296 -1044 -243 248 335 -728 651 445 29 442 -164 947 230 -235 181 253 166 179 41 351 -88 604 -638 -615 577 -200 -225 -940 1208 1289 843 -1116 900 392 606 -1008 -764 491 783 416 150 -212 532 -1008 1282 -127 5 649 -178 -1448 -209 -82 202 -969 9 -676 -187 737 539 -458 1067 -1067 15 -346 592 -1252 -870 1048 -279 -395 1500 -574 -680 708 1350 -692 -1114 -805 -772 628 272 -759 -51 1204 743 416 -391 -580 1040 968 1002 -254 -1409 -980 -1021 -169 103 478 580 -241 -142 -408 365 992 621 -8 1128 -514 642 256 -231 -130 -327 -1097 -698 701 264 -962 -138 -260 -632 138 -880 -388 -360 -1344 751 1616 496 -337 -49 473 -1077 78 -486 -554 604 297 566 -525 1611 -100 70 309 201 44 -115 311 314 942 -179 18 1101 -650 -421 311 104 1581 -883 779 1124 437 -739 1947 728 -966 -914 -1164 -929 -556 -890 -822 -460 1038 -320 1386 333 252 611 1887 -463 964 -589 -827 -212 -957 236 338 -296 257 -14 723 245 -898 -1440 -690 603 350 -1081 -1193 220 -1214 -732 856 -644 1277 441 -149 -1215 2389 524 -424 658 226 -233 483 -270 -841 825 -73 -287 92 1062 -747 574 915 -1021 -704 -1160 -489 -671 581 -114 -729 -1058 528 -326 406 1017 475 536 361 -663 951 137 87 1251 874 652 
44 -109 92 -1604 34 -776 -1158 1268 -854 -599 47 -148 -339 -1064 1125 969 96 556 43 1901 -1021 580 -1113 -1971 78 -705 -1109 868 -407 1272 -879 171 401 -1223 387 -189 263 -1134 -199 -1012 514 91 -240 803 -406 -142 -923 1349 -1412 -613 894 -314 202 -270 1504 471 436 -764 -1153 838 1393 334 192 -126 113 1392 -1452 -228 966 -264 -275 67 162 743 80 525 22 23 660 102 -415 254 -76 -990 248 277 -769 117 1432 1248 27 -57 -761 -829 -849 -14 -156 -464 1658 -277 766 671 -1228 666 -308 1520 8 -140 570 -1529 887 -1069 404 890 210 -206 -741 317 391 54 -314 227 -940 -236 707 997 211 321 1300 224 129 625 91 -646 -704 -8 333 583 -495 1380 -231 702 -823 802 -1194 1011 -1041 -249 -733 139 -262 64 -975 -235 -491 217 -1007 -1018 489 -1738 -786 701 -293 843 -1385 390 -664 113 253 1351 448 -599 -855 690 -230 -726 1034 -709 -269 116 632 -667 -820 -368 -93 19 1383 -576 688 291 810 1829 -427 -1447 2330 504 -487 -994 -1021 -892 23 724 -678 791 -1027 522 277 154 1133 2177 -155 970 -655 -1441 -440 -105 506 1122 234 954 -103 -1676 68 642 748 -842 -23 -882 -199 -1440 1168 1609 -411 -206 -1003 -501 -326 723 -1741 -108 -493 -182 -722 397 382 1093 -1701 -1928 949 143 1512 41 295 31 291 243 -617 -174 -163 -1297 768 -320 -1130 63 802 459 1026 1124 -731 1219 -323 115 914 54 -545 -706 -759 419 -606 816 -535 -489 319 -89 -1565 -671 -1671 -1685 343 -1106 -563 -2 1059 346 -1672 -90 617 -1457 -602 1136 -137 -166 -240 392 -993 883 68 370 283 567 -315 -62 -928 -1425 -765 548 -482 140 -430 -586 -45 -300 669 -789 971 -50 -183 -72 -791 -96 -1031 -314 652 385 -93 -182 -297 -1173 -206 -435 -1346 -2432 265 -644 -230 82 406 -891 832 204 278 -460 523 -320 850 -1569 1295 29 -285 -554 -364 500 929 -1090 -1082 -818 475 -263 24 121 427 -525 1172 -763 -212 -107 -589 -1556 257 -738 180 368 511 363 436 -374 399 -1206 596 -344 -1489 823 -288 -520 1186 369 -390 -545 -740 63 
4 -906 645 743 444 -169 -354 1149 -981 1271 859 -195 -1252 -126 951 -802 -1134 -623 -498 72 -41 -242 1501 304 -1054 -565 85 2201 -1584 -1241 332 472 -1176 -691 -383 718 758 186 -381 130 324 655 1193 490 838 -1631 829 -112 -731 -274 148 -1005 -772 317 -1179 151 -730 -235 -66 -88 -91 -405 452 845 -335 -1196 465 -321 -1458 -653 -116 312 -1281 -638 -342 -550 654 61 -75 252 432 635 -437 -290 172 125 213 25 -96 -239 -1593 -1219 776 381 877 240 -157 441 316 226 1247 623 233 -241 -378 5 -644 -52 938 1560 1375 -638 922 -126 -1443 584 -759 -66 -433 358 26 -299 945 805 -737 151 538 198 -414 -552 -637 734 -504 664 -312 -156 -567 242 -735 537 35 -92 872 1 -868 597 -930 -400 2067 236 381 208 -202 -1124 -640 -228 892 -103 -1067 -944 -1183 -344 -1210 -946 521 -849 -493 -189 639 830 -36 839 1060 -1393 744 217 1232 602 -129 -404 581 -938 2035 604 1581 -2087 654 945 752 878 131 -80 273 -236 306 -128 -773 -369 -688 912 -1006 -806 706 -1499 265 246 588 -85 921 -414 -734 493 332 -970 1933 -516 125 627 540 -269 -1184 341 693 -334 -1205 -766 -715 -650 -1397 771 372 779 -1096 87 338 136 -778 -3 -91 217 -124 10 1358 -336 637 543 1151 303 -422 -645 531 -732 995 280 -567 -205 1006 243 -150 -654 -495 -36 194 -50 -789 -74 -183 232 226 -1224 2148 985 -864 462 -516 -849 -201 -129 -861 -42 842 1141 512 506 1302 559 -1040 436 -15 -941 -1312 1753 -575 72 407 -116 -1055 -710 2002 648 -185 -1451 48 -1172 -777 -1261 -65 725 -896 -389 -818 848 540 71 1158 -737 -137 66 137 -358 129 -230 311 249 410 -756 -217 -1156 -189 854 -31 460 -172 -323 -936 639 -516 1351 755 -684 -127 38 36 367 -534 249 -934 1149 615 -1194 477 884 263 40 712 -626 -83 -1360 -43 1036 240 -441 -669 150 -398 173 303 447 362 -1540 377 675 158 42 -434 -1251 -524 -779 -698 -848 43 1103 -495 -384 1498 -371 -85 -210 -213 560 -421 1161 -312 593 -521 203 2103 -99 792 1386 
-1058 14 -231 209 281 -1198 -1341 286 847 -449 -1174 -311 160 -539 725 -232 -957 201 912 -1420 756 343 -584 122 195 447 -490 1357 2072 -1129 -831 -221 767 -779 -1402 -94 793 991 -338 783 -482 -1659 -492 218 676 -429 -644 -481 413 932 -691 -1353 684 -1277 -117 266 234 1340 -374 178 -223 -94 -221 -1097 -1345 -460 -416 -227 -1681 -621 904 -1 -440 571 -1136 109 415 436 138 -558 -213 -1176 597 -1314 614 -355 38 -413 -2169 -1150 273 254 6 760 -1218 1019 -318 -102 -966 -592 -791 600 858 116 694 -444 411 828 1158 18 178 23 405 1193 1154 -955 -252 344 1 953 -612 -211 -1690 -433 6 230 353 578 -642 417 -238 855 773 595 -824 93 -592 -90 429 264 91 389 353 -660 -50 -509 -1451 -300 -1791 -74 487 259 -554 -554 -165 -1509 -292 -704 105 142 -1421 69 137 174 -222 830 464 75 -412 -1137 694 -67 -57 50 -852 559 -164 113 442 771 -1015 2742 -791 585 143 810 -78 241 -61 125 -444 -152 266 -479 463 1171 1094 306 32 -496 854 449 -3 540 -281 -524 -885 -739 -798 -237 1391 717 1186 -17 -1132 255 -492 -463 -1000 43 -684 700 20 -284 423 164 85 -1383 21 -1578 45 231 -919 -223 -437 -483 984 326 -2151 582 -956 128 -1059 120 -385 -684 66 64 -913 -647 1742 868 1338 -615 319 16 -1234 -1005 -341 501 478 15 365 -91 418 672 327 -179 1098 281 703 -1388 -473 -479 -841 -57 -180 222 289 -296 202 102 -138 -88 -1146 358 767 679 590 263 1180 334 -476 271 -444 -1214 -145 1697 972 -527 -674 466 116 910 -83 776 -479 -361 853 1220 884 -541 -476 -64 -19 961 -425 -786 264 418 -1739 -1347 -25 1507 768 620 804 175 -827 848 -618 1292 -955 758 -770 -483 -329 438 -1281 -877 668 -984 -116 511 140 39 -1361 826 1505 193 976 -295 -39 1127 246 -1476 -887 730 355 -130 -1894 -324 360 208 728 122 -515 433 186 72 585 782 433 -269 525 -222 80 -1643 169 203 -84 797 -812 256 276 -1545 140 -180 -89 151 -1809 667 -1114 49 638 -31 -907 905 494 -1285 
-519 1211 -980 -708 955 -927 -967 508 357 -138 487 -888 1030 195 -51 -245 115 579 1232 -7 -657 926 89 -817 1679 24 -876 821 -406 1602 236 210 213 -6 -274 229 704 272 -2001 211 -1324 -801 -765 -1048 195 -1113 -1541 703 -302 -1074 410 -214 -179 1145 1057 659 671 507 981 446 -2 -224 54 -373 -305 -180 -813 608 -212 -468 538 981 401 -186 -1256 -597 404 66 -542 -763 911 -159 -595 599 151 624 6 438 -31 333 -877 656 -615 -243 791 -267 579 -1122 773 830 559 131 -403 -954 -219 -119 -530 758 -309 1064 -654 -388 281 11 -753 179 420 110 110 -264 1056 478 -1516 -727 -975 -93 -931 -355 142 -149 -665 -654 -256 301 436 811 490 -1043 -619 -12 -58 262 -129 -6 -1348 936 -1600 519 -773 253 1137 -764 -23 -78 -1378 110 -200 -834 142 1023 859 0 407 1113 644 -270 741 -1048 -942 -751 -964 163 -999 498 1000 1317 1428 -988 721 598 -5 -190 -399 -1043 -1730 1118 1073 628 912 681 264 291 1247 319 -234 -560 679 -462 -621 -1055 -363 -373 -468 -827 2 -234 -989 125 78 -718 196 -267 945 -792 525 372 -110 694 -142 317 185 -192 -141 -358 88 1034 -1113 -306 -1709 -301 82 -444 -551 673 -328 -965 -206 1323 284 872 -941 1120 60 -1119 1474 25 -177 -183 272 -329 -316 739 -16 -823 1125 797 1426 208 1224 -259 749 136 -387 -237 -307 597 1162 1196 324 -29 486 -1346 863 658 -1005 1475 360 669 378 678 653 -678 -455 -225 -569 890 -1410 568 -1144 1154 -526 776 296 -569 -31 686 588 1514 1178 1004 1024 357 8 1057 -400 -1775 104 -88 679 455 565 293 -621 581 191 -312 1065 -748 -530 -17 -809 -642 -676 320 -200 624 229 1388 192 -389 220 6 -835 -517 -207 263 -1054 -1419 -1692 -608 -707 -1558 250 -495 -731 254 -214 117 -1125 -928 -714 -1142 -356 899 -1146 -437 977 1231 655 -1963 -317 -814 578 889 -681 -193 -11 -541 64 255 371 -1414 798 779 1104 -341 744 -1859 1016 -673 -691 154 -1249 -408 -783 -139 1684 -1506 -1186 510 -1472 -1310 -1084 467 -147 -92 -424 -454 203 283 
1479 -554 202 1081 -126 580 -774 1037 288 446 -143 -5 662 -56 -188 -1456 331 -454 -419 1281 -733 402 154 944 117 1431 -1380 -710 -1215 -9 334 829 501 163 494 1710 280 -244 -22 341 -896 1114 214 188 -317 987 -717 -29 -184 -1076 -605 -837 -1108 74 295 -880 -113 -110 -596 -402 -398 675 421 1377 1378 -1975 1270 1065 -1221 -1848 928 562 186 -165 -29 826 182 -889 656 -1066 216 -547 547 -191 431 -407 -1125 -1322 -803 -60 1290 1901 -929 54 -257 -174 10 -303 -781 693 1047 921 279 714 -488 -257 518 -583 -1018 727 903 681 -625 544 347 -948 203 -388 786 125 457 -37 -252 -574 156 394 484 547 -399 -56 769 663 -12 136 444 309 -536 -887 133 -76 52 -1108 194 435 -586 -1825 -15 657 -163 1258 -335 -551 121 -222 -1622 -649 61 -537 885 761 13 856 -478 -803 313 937 1122 -816 111 -340 282 35 1176 -1115 -249 -775 -69 273 -367 -796 854 -116 -750 677 -596 -219 598 -949 -870 -139 419 747 1841 632 -142 -490 206 -619 -278 -139 -418 -105 791 1267 -343 -161 -119 36 528 1460 -129 510 -531 -460 44 -771 150 -416 178 -585 367 445 -7 -312 827 -1652 683 -1482 373 569 831 146 1134 331 -1531 -24 -1743 427 -586 -46 949 -212 -1170 -794 -1060 188 435 -1160 419 -947 -23 -187 593 -486 -371 -622 572 411 -366 -850 -913 1199 485 794 289 47 229 200 -940 399 223 358 34 -236 1364 549 -1663 696 882 -202 -820 -792 1228 -938 -226 -1290 1583 -804 224 -103 -1305 -185 370 660 1395 -304 -409 355 -461 -644 -1194 -846 407 406 554 578 446 110 226 231 -486 490 315 1627 -340 -113 991 1141 -328 585 1191 757 -591 701 640 28 -733 -1245 44 -619 -2144 -198 489 -357 448 536 -142 62 249 -795 -728 473 -504 237 564 726 -223 -1083 -425 556 247 -603 -588 -431 -316 -137 -91 -130 440 -1926 384 -1268 -1835 458 -84 -312 -153 1807 760 -18 -1130 770 971 -638 506 -832 374 1551 951 -296 163 94 -618 1575 145 635 466 -634 -894 -758 525 -7 756 -638 -597 -617 516 -96 23 777 
-222 902 -1192 284 391 1062 -861 372 1205 -441 99 -610 359 -51 -1476 165 723 -854 -536 -424 478 1122 366 -1165 1962 -808 834 -964 483 -733 -77 174 1148 558 -70 -835 -1427 763 -407 379 422 -75 -844 -194 -355 -464 -194 366 418 35 -157 785 -317 -1397 508 1132 -1035 -860 -777 -38 1486 -514 56 -1312 -497 -188 -847 143 416 828 -996 -1026 224 457 -46 671 1205 651 -185 31 1364 155 1104 675 -105 -14 -314 -39 467 -535 180 -641 -69 -156 -20 -528 1169 8 515 -298 921 40 1134 -169 -763 -658 687 155 581 324 -748 367 1426 -633 -106 191 254 -263 36 112 -654 -202 -44 108 -174 -454 498 -725 115 664 -1090 -461 701 656 107 -369 -815 1128 1380 193 59 -504 -714 448 146 -711 -620 -857 405 -211 192 913 956 817 -38 -441 -1008 -816 -1044 -47 -948 -287 -180 858 1959 -375 3 -565 -113 80 183 -907 -114 204 1231 744 -54 614 628 936 -222 227 -387 -2080 -1142 0 -159 -218 404 -1520 -999 -933 -195 148 -28 480 139 50 -580 -664 345 899 615 -185 351 -588 363 -671 -374 -2004 -147 -236 219 -623 -141 723 -553 -392 1 1217 81 -61 481 310 -1418 802 -905 -676 -294 -344 451 -1261 -2412 -519 -317 -29 350 -415 -1060 -309 -1009 -99 -131 835 18 743 874 1153 -697 1956 -582 1253 501 -690 158 -344 -867 -653 -307 -539 -1207 -45 1153 -1419 961 -337 969 478 290 1383 185 -1093 1186 694 -1294 -474 71 -432 -738 906 189 219 -96 677 -1056 -575 786 -762 -449 511 1342 12 -467 363 221 269 -274 849 1117 250 -1234 -232 -406 1228 212 -832 288 -818 -390 376 -150 -400 -1400 888 -1196 1339 573 -742 -733 794 -330 770 -252 -340 -139 -271 326 -788 752 -1727 948 -779 -1223 93 321 600 -184 -842 -458 18 187 -1493 8 -289 58 -43 -919 423 262 -948 -773 942 -1483 -122 -280 1003 1146 522 -754 27 991 -32 1212 218 748 -205 783 -307 284 300 -1073 -256 -261 203 811 1360 -178 -919 429 -361 -886 -416 1036 -536 671 444 -73 -628 236 499 -12 -1576 -791 785 -151 -481 356 -75 437 1046 
-545 223 -1182 153 -341 -349 190 390 688 225 547 205 -216 -45 -767 410 1059 60 -218 37 16 203 715 1077 490 -967 722 -697 -283 -277 945 418 247 -219 710 -717 -7 709 -762 131 21 1018 -2037 -1296 389 -215 452 62 396 935 658 37 -107 -435 236 -156 -534 -267 1314 -256 192 254 -135 -314 -1449 -678 652 892 196 257 -430 222 211 -306 -594 -1838 207 802 52 -660 645 -844 268 1117 153 1316 -383 5 409 15 -284 898 506 -141 843 364 358 903 369 -37 247 1436 -174 -360 1051 1035 148 405 270 -116 81 -566 -71 -448 -680 754 795 -673 446 -496 325 -846 -760 178 147 -639 -521 -151 -520 464 49 -286 -328 744 1192 458 -1256 -272 -362 -100 405 331 178 -647 1210 267 -339 -743 472 572 -128 -267 -294 1232 -747 -100 449 615 521 673 779 1081 -1278 17 1160 -241 710 -1772 318 886 -918 336 23 -436 677 387 252 652 635 -852 -803 -111 -77 -1455 -121 655 -73 203 -11 271 -238 623 -64 -1142 345 -155 148 1081 775 68 -508 391 199 -504 356 -174 413 558 924 -363 -432 411 -399 834 652 1298 -294 641 -492 -1246 -100 454 139 -350 -800 -565 1026 1886 -1133 1726 -471 -983 582 394 -472 649 -482 879 417 -143 -1643 -1030 -89 -788 -981 -679 -67 -384 -746 -669 387 -243 700 431 398 -149 711 463 1067 1359 1405 255 -549 177 35 117 185 763 764 -748 719 -89 807 -162 -203 -881 -1077 -31 354 1885 -81 423 -803 -18 -451 -1057 -1103 -71 -601 680 -618 504 141 192 -1700 49 -1028 -1224 650 253 -206 -528 224 833 -344 -878 -141 508 500 -295 500 919 378 -1500 816 1942 260 37 -277 -273 -867 475 -514 313 -1021 -93 224 1231 -1028 -445 582 119 -132 -105 262 -345 634 -712 -1758 537 262 641 -261 632 -982 -280 535 -497 -152 -1040 -2 1002 396 -798 -130 -370 56 448 -740 384 1551 -134 -220 415 -659 75 106 93 -86 -952 -268 408 -90 325 108 -1081 -446 -115 371 -899 -477 -284 -33 -642 -604 708 682 -1086 605 259 280 -489 -343 465 911 1106 111 -381 529 336 
-350 853 976 158 -296 68 847 -812 -313 -212 -611 -152 1986 564 657 726 756 -455 157 1131 -369 192 737 -761 1448 -574 -357 -556 445 -49 223 899 64 914 -754 1488 740 -229 334 -205 310 175 635 1074 320 -281 -35 516 1054 224 -643 -586 1326 -116 488 69 262 1260 716 600 -191 -548 253 156 303 -104 -634 -1260 -107 208 -578 -1730 -343 413 126 -630 331 1337 36 -286 -651 -2293 683 581 864 -982 -360 1534 -642 -480 -690 402 81 34 -390 -261 -8 -563 653 -360 -542 -1103 790 558 -1083 -13 1360 470 -391 -1014 -737 -398 -641 1434 912 893 670 223 -968 807 -630 -252 -38 814 344 1297 214 479 -606 1423 828 481 478 613 -14 -350 476 749 544 -863 -1301 1202 -763 47 213 -351 584 299 -477 -574 -276 359 -596 -582 -798 570 -757 190 -261 -1277 -59 943 556 -311 -552 -828 -642 484 -1564 186 -39 -271 -148 -324 -646 443 657 195 48 -592 140 -512 -113 824 -701 470 -318 521 419 -31 -1269 -131 -681 -652 316 -376 412 -2190 -212 -155 -806 -635 46 219 1793 -1477 89 -33 -317 -179 -173 146 695 -187 435 955 355 -1044 436 -1002 801 -1586 -1242 435 -85 -225 953 -1116 367 114 841 206 -109 -85 164 -375 -551 607 786 31 88 -1443 -336 -549 545 -676 674 104 -184 528 1773 -182 402 1339 958 325 54 -48 -461 -331 225 19 778 -449 648 -1029 240 734 268 477 -634 657 775 -541 542 -553 -233 -66 20 -431 127 484 295 1207 890 790 67 -1015 138 749 -450 582 1732 -549 -208 571 109 -1116 -982 1248 -336 -120 1300 -702 -797 -1090 -124 217 53 -992 -636 -697 -1001 58 -791 -334 1139 -10 991 -796 -310 -271 91 -951 589 420 358 447 775 -816 759 -9 -377 -1417 -1044 -835 520 -338 272 -293 957 -136 513 -329 855 -466 -345 -37 1341 344 -709 1209 -375 -1100 877 2240 -784 876 -1464 -126 -262 -291 -878 450 144 352 972 -168 336 909 -914 2582 -468 364 -246 760 79 -47 714 103 -178 -285 1259 -315 -544 -945 -554 506 -980 -472 1260 -697 940 670 -406 289 -66 698 2244 943 
140 60 1449 488 -342 -423 -691 -375 206 110 -589 -59 -472 258 1276 1062 -777 -860 -1191 791 433 -539 -161 -278 477 562 596 862 330 -971 151 711 -852 -1224 -458 -693 -994 633 -713 670 749 7 -700 -218 -221 1744 -330 -463 -1465 32 164 -1428 -1808 393 -757 222 -453 192 -147 132 -449 1319 1240 -1297 -144 -411 275 103 -481 -1205 -427 611 40 -815 575 1191 896 -834 1184 816 -582 275 -806 -1161 -72 -131 -28 -402 -396 -1314 -294 -1023 -318 -1413 724 -106 715 195 318 771 849 539 -1090 328 491 -257 -683 -1068 1221 -1545 14 263 -600 -55 -539 171 36 -1105 1415 -677 583 -1365 523 58 -26 -370 599 -489 41 -661 453 1041 75 -612 -1231 259 404 454 1795 467 739 -748 446 -95 -106 -1468 -320 208 -1113 503 433 -977 -700 -935 543 436 973 -172 -139 16 -1779 -27 -1209 -946 244 354 -30 859 361 -700 171 373 1935 489 159 -1035 -1401 816 -321 1543 -938 1079 1617 -950 688 676 -644 -781 916 1562 -360 1287 -196 325 945 1067 -986 643 -739 346 -746 424 885 347 -462 -1484 283 105 995 -842 245 -478 680 711 188 -1100 822 285 -739 -914 -1274 148 -814 -246 -150 385 -2265 328 -398 -282 161 921 614 1473 215 43 -933 326 1998 1717 757 2162 -175 616 -95 -354 -629 -724 -425 466 927 -932 685 30 483 602 -617 -732 1462 -777 -468 1477 -201 1303 60 -542 -352 1223 -528 791 -896 -356 -1793 -70 -407 -611 114 334 -660 -570 685 96 271 -813 340 -387 5 981 -482 -776 -67 937 847 267 -1518 -581 -1539 -1749 -8 -127 -870 505 441 -536 332 -784 1226 591 596 464 583 -377 1084 -748 588 -1584 20 766 -1362 -234 -1033 -1135 1057 952 -1119 -1150 -153 137 -359 496 332 -195 -64 682 1470 -1019 -789 -31 -404 -116 -413 -798 -321 1622 318 -152 430 -501 -26 93 -2216 -253 453 -722 407 164 564 -235 1037 638 -1980 965 -106 1925 103 671 -1056 -929 118 -470 -729 1222 -408 -1832 1659 175 2402 50 -1217 -433 1693 398 674 -377 -253 596 -859 185 72 163 -607 641 88 18 703 355 -1269 -673 -561 -72 
931 -222 -864 527 -148 -701 -55 -1369 133 205 508 -912 903 1892 272 -560 1381 1356 1145 -1084 -1193 279 -36 -182 843 38 1678 -217 -487 -311 -348 -1059 75 -280 -808 -75 1118 181 526 -451 320 503 379 1135 -212 1298 -12 -1325 -961 -1081 -436 -921 599 107 1128 -262 -1256 1462 311 47 161 615 608 -683 105 -674 -456 -356 150 -1205 -631 228 694 -1329 401 627 873 847 2268 -1269 403 -406 -160 -264 -707 395 -884 452 -898 389 -626 87 -749 -888 -328 1047 -803 -1380 -8 1218 -534 -6 -674 301 -638 -207 1424 -190 -538 181 878 505 -659 -430 809 -499 -1176 80 -34 -300 379 261 -487 -842 1099 -441 758 985 -199 -303 287 -564 121 -1016 704 1162 143 967 -766 1353 -888 -1350 149 1772 378 -937 -417 -1151 376 209 266 -743 491 -447 -698 -688 1085 5 -187 -919 -846 -380 -266 -83 292 317 954 -268 -2112 282 -538 34 1073 345 2043 123 -837 -1616 1425 -569 1139 1161 -334 714 1231 693 -970 -158 -547 260 -1021 120 957 -623 -89 444 297 64 679 884 -166 -2068 487 928 -122 -506 -35 291 -709 -749 161 -854 -153 1062 425 -1300 353 -1244 1232 68 331 973 -898 -1698 196 401 -1114 668 546 -1507 653 1186 -488 -491 -330 1568 -686 -478 220 247 907 294 -71 -1305 717 -205 -855 -1117 252 -311 -1542 671 -794 -275 -43 151 485 -1724 -1249 -1099 -181 -171 1143 39 586 -435 -627 -915 -740 -960 1454 -102 69 319 630 468 647 1167 -127 -547 -1079 -951 -625 -1115 52 -521 -431 284 1597 475 -426 -373 -475 534 904 -680 -660 584 1270 386 201 -765 -148 668 -543 796 638 -610 -52 629 -468 301 -836 374 -659 -700 -432 619 -2080 -166 -247 284 -565 -530 -310 238 -1175 128 790 855 -420 64 691 72 770 -869 18 85 -883 -308 -879 -908 -644 758 -344 -185 376 -372 -316 1075 110 394 191 880 103 -321 105 234 100 -161 855 -27 -140 395 -1041 -404 828 430 596 -208 559 1392 1168 -831 1266 234 938 -540 -394 -363 867 -910 1164 521 1316 1965 -1304 -416 -906 -93 -415 -734 -166 742 -1525 35 -1145 401 629 -22 
-777 8 131 1069 262 360 818 -538 -1224 1195 59 387 802 -436 -220 1446 -539 -418 458 511 -371 282 78 -102 517 844 1877 -592 212 -14 -516 -698 393 1580 -158 487 -593 -689 -282 -104 674 882 592 -385 -703 1048 109 1022 -537 -596 -841 -892 -813 305 855 -610 732 1240 -621 -621 150 271 790 372 -753 -128 727 -850 -1367 -244 225 437 -65 -769 771 300 782 600 -379 713 -151 -829 98 -261 69 1570 -255 334 -916 -332 -1645 -1038 1031 200 99 207 142 31 1102 841 -71 1008 92 -530 -90 -262 -106 -304 -847 402 423 -85 -8 -1343 4 598 58 1274 -180 -513 -372 -187 274 -89 639 -15 -83 -739 47 -428 1048 -399 421 507 -457 351 9 -106 -1049 420 374 1423 -873 322 -10 187 -812 581 -362 -1677 562 1142 -427 -274 -877 -600 -268 -119 -247 64 -144 436 -243 -242 -705 514 -348 -326 578 -470 485 194 -603 952 1152 1169 -160 -849 602 -788 151 -699 366 18 844 -105 -613 -1144 406 -1391 -384 -31 -1015 552 -1140 630 -199 314 -166 -936 -840 237 -1142 -96 -745 203 1603 875 -571 -147 881 -449 153 907 -622 -261 290 513 1284 187 650 -493 294 1049 657 1082 -250 266 552 397 414 -942 -1167 -632 -117 -889 1729 -1213 -158 1412 -358 -1430 336 -1436 325 -203 640 717 197 171 -758 -1087 -1302 259 329 -284 -365 1193 -1655 392 389 -689 -541 -332 -535 200 -701 -296 -1007 -406 -1342 -790 245 -278 -247 759 -169 209 1074 -1162 335 759 745 668 555 -250 72 -849 800 750 -559 -460 -1194 79 272 -179 934 -455 -595 1583 -764 210 1033 -69 90 921 -1102 -1326 -778 -222 -310 416 948 1633 199 400 -1011 -716 -929 470 -904 267 -757 330 733 -474 714 201 537 -1419 742 -307 946 607 352 -181 1301 -13 -1059 -846 1611 -1014 108 36 -687 326 -120 -368 -195 -645 -665 -770 379 -564 370 567 -380 731 920 -210 -365 -1124 189 -660 214 -215 63 -570 -525 110 -337 401 -344 520 785 -28 37 456 -519 -330 152 -1741 126 339 -301 -248 -539 -677 -796 -659 -643 -432 721 -359 597 -118 36 -233 696 447 
232 -17 737 1219 -873 87 -174 -565 1256 904 780 365 626 354 -879 1063 474 -631 -566 93 1149 -1436 804 935 -1297 792 -976 -199 -1083 -1576 -384 -495 958 268 145 296 -311 -917 -794 631 -42 -272 58 -116 -584 -469 285 -372 -169 765 900 336 -963 613 169 -205 -725 437 503 -1142 -987 808 261 425 -1445 955 457 176 -969 496 312 1142 -230 81 863 810 1742 -1250 -31 -618 442 212 1059 -442 -584 684 353 -1104 -1005 -1113 1002 -565 110 -950 -496 470 -104 291 2090 652 -516 857 864 -515 -267 247 -21 -569 94 -372 -853 25 -328 -608 -977 640 769 -312 -356 -891 -112 357 -3 760 -69 -360 139 -106 599 -612 -52 328 1491 -682 990 695 508 1529 -757 -880 -2 151 25 619 -191 1259 -517 -888 133 -388 1092 1416 2 164 882 121 1242 905 -582 1167 -780 -1988 -407 100 744 1344 700 74 1331 -226 -982 1396 -5 -66 575 520 221 -887 -465 144 390 174 -347 329 614 -1800 957 471 -1496 -1084 -253 611 -1059 -375 247 -653 57 939 602 -665 689 203 -2 -1465 -195 -1042 -637 -499 938 -485 335 1229 -365 1019 1095 -421 -852 -152 -293 -1096 -517 88 -43 -1274 385 173 -471 1194 299 -1171 -742 -252 -1034 -136 -695 -620 333 -716 -150 808 -677 525 168 472 -1313 -317 -40 695 -764 803 1138 38 -1234 1341 -1037 107 276 567 163 56 31 -18 -369 552 306 1468 -294 -598 13 -592 1013 -1 476 -259 -364 245 990 -558 -551 741 701 135 410 -606 -1657 -1194 -476 185 851 -1644 300 -859 191 69 363 422 1062 139 390 -225 472 -100 663 30 -183 -686 -633 749 865 66 677 -524 966 -94 -1562 1024 185 -552 -59 -54 175 522 287 -253 -803 720 384 -689 -1069 1166 -385 448 679 439 359 264 804 748 -1146 -6 506 234 -824 -257 -711 -50 -968 52 -94 415 47 1096 -297 653 -934 -93 -1629 147 -55 515 -601 560 551 -526 918 87 -753 587 -67 10 576 -1219 -1141 628 -640 -295 -270 -739 125 1804 -402 1321 792 -1300 108 -657 651 140 711 195 -176 224 -388 1332 -301 638 1751 -391 -1192 -713 
-334 1223 -180 1388 -358 -49 1238 -588 -313 376 -996 1418 -1045 -590 357 1450 -676 -194 -964 -934 1256 -652 -54 -737 839 676 -86 183 -988 1308 1599 184 467 535 497 1017 -168 -299 -484 -48 207 -75 -280 410 -1278 724 378 -1827 -94 546 1558 619 384 -739 248 -127 -167 475 242 -785 387 278 143 -28 -357 -1366 944 -403 360 536 7 -351 425 -750 116 -794 -1681 -1035 637 305 537 -339 336 -546 -63 1648 519 500 1632 551 1063 -724 -998 112 301 -1251 -723 -44 -94 449 153 238 409 -166 237 634 -168 -112 -79 -81 -379 -272 -1057 624 538 -1101 418 -59 570 -330 -1033 424 144 -693 -519 360 417 445 605 1092 935 -250 1137 -593 52 -711 484 -29 -769 -102 -792 -187 722 -157 -1272 -1072 -370 -380 -1039 -675 -1186 332 114 -673 -53 15 307 -543 623 397 -248 -553 225 219 -350 232 -986 852 478 -186 345 -281 -379 216 -374 117 -309 227 -380 -120 -314 -345 -652 -812 197 -64 -1520 -445 318 -993 1018 -816 59 -738 363 1421 -759 175 -727 -585 472 345 0 -483 -179 -973 -770 -55 -838 772 148 -176 42 -376 -1052 -312 -1340 -138 -213 890 -1059 -256 699 -700 268 -47 -372 1546 418 -1295 1101 -244 -589 541 -366 981 33 -1118 -432 -670 -1841 -1006 -66 -117 932 547 645 -480 -823 -438 -493 -1042 111 623 46 -985 48 -642 -3 170 -164 -632 1071 -1117 434 1461 -594 1126 -407 -427 1717 -292 -391 -974 -596 196 -172 274 1228 -318 -283 1261 -287 199 -673 599 219 1024 440 285 364 1422 416 -590 -916 -806 592 -266 119 -21 -890 -377 609 30 1724 447 982 -621 545 -762 454 -1411 932 -173 -1455 -1418 95 1459 -276 951 -825 -55 -762 -713 -937 -503 1415 -673 -499 -483 782 -941 -382 -80 989 23 414 -151 -985 1282 42 189 -266 1015 -354 1108 545 -620 -1056 -718 450 -79 -46 -245 1508 -416 -502 -1447 -903 154 -551 386 323 286 -369 -518 1252 687 -198 597 1231 0 -773 -1072 -270 776 651 229 544 390 1337 -307 -425 -554 302 -928 149 260 848 463 462 240 617 -1403 1296 -303 473 -104 291 -765 
310 156 1848 884 542 860 1096 31 311 -539 -1359 661 598 -209 -264 157 6 213 -27 995 -81 1718 -968 -449 687 -269 -297 -185 -124 -212 304 663 -686 641 104 277 -601 4 672 170 480 823 544 968 15 528 -74 -1165 288 -814 -1284 574 700 -215 609 327 -252 276 357 -423 148 1276 -255 -1878 -1273 -1276 804 661 1364 245 -1157 -1749 16 516 -28 -449 345 680 -55 -129 -134 -352 -363 207 1006 -523 559 -222 968 912 -52 84 358 -689 118 -251 -1116 257 756 -693 468 -676 1445 536 -526 1008 50 1160 1042 -1219 341 161 -768 2280 1277 -527 -82 -1422 -188 598 -31 102 -663 934 423 848 1293 263 -156 -123 1033 545 -616 1180 -573 -730 -106 -995 -583 88 207 -630 -308 -1059 -696 -524 1737 -344 146 1046 -402 32 -1688 -771 -268 -126 -313 512 111 -178 -73 833 -704 194 -654 -894 -278 -535 528 665 752 395 631 -676 -440 -778 234 -355 73 1832 -394 1555 148 106 -927 1386 -381 -51 327 214 283 1002 -362 1278 597 -556 -290 69 151 -797 326 517 -1056 -744 553 45 350 286 -614 -9 592 183 -328 840 -842 -954 1264 1229 -350 -1275 -159 -476 -624 -121 -21 -146 -303 723 -178 -168 921 -884 -418 311 -563 428 -367 -946 -211 764 81 384 -833 801 -600 -443 373 -570 -407 382 963 -427 -253 426 -82 297 617 209 485 568 -149 727 -1042 -1231 188 -886 826 1434 -859 974 -273 610 30 1144 -68 127 -31 105 -275 413 526 538 -410 -1107 33 -954 -403 -759 -115 -140 891 1128 1903 -1260 -610 312 1674 198 -1864 797 363 445 -967 705 1027 -37 -759 -426 -721 793 397 -512 -514 -1028 -377 -86 30 -801 -705 -723 295 -647 -10 -1034 256 -473 275 1663 -137 -328 -184 33 -144 -732 -128 -497 847 -437 -392 -423 -207 515 -158 -493 -265 -512 -694 -305 1008 -1121 -274 441 -1090 -435 -138 600 253 -489 -1258 -373 -528 -959 -376 -142 1498 2105 1063 51 238 -646 968 957 522 158 268 180 -30 -850 -472 -469 -335 425 1198 -672 -202 141 889 60 -492 21 -692 585 -578 -593 678 -141 -539 945 782 -385 
-2000 -1285 -50 579 -561 -299 647 -125 471 398 942 -5 -268 28 -785 -685 -813 -115 -370 678 656 29 -456 377 601 413 -218 -829 -126 324 -4 -355 -1226 431 -798 750 340 112 -1206 286 178 -389 -121 678 -422 -785 -136 -2079 1253 -389 1030 774 -1122 684 129 -655 415 246 586 -1151 -848 -1133 -1362 377 466 367 949 1371 -1527 251 189 -409 1115 278 341 -471 -699 932 -507 -273 -713 -531 1219 528 -776 -356 -814 496 -316 -1367 547 56 1036 -250 -1215 1065 661 244 343 212 -663 -902 227 -91 737 243 -1073 246 416 534 -210 -453 -381 797 1130 -84 1126 296 548 407 -731 -146 491 -758 -316 320 1066 1008 611 1040 -793 400 2089 1659 -509 -142 -936 -920 -140 -1198 474 750 1345 -647 497 -1095 -354 561 1201 1170 972 -384 -28 312 1021 -213 641 217 1084 -546 284 640 1516 257 -605 653 -182 889 -143 8 1272 -243 -895 474 -796 -400 -294 -58 1008 -395 57 171 510 1837 -1265 -462 453 -757 486 144 359 -437 752 49 459 61 202 -1392 -689 -643 -406 -340 -251 -151 -361 421 -196 -454 -96 -7 -666 324 1102 24 -281 -165 -275 -36 45 -45 -169 -528 -163 -1384 1252 -323 802 583 -162 -20 1496 64 1688 1183 -239 432 621 49 565 392 -48 -245 -64 1089 -1303 310 318 830 43 -1665 -565 -185 -302 -462 -746 -791 -281 -836 1113 1321 -1136 902 -1 301 -46 -574 1087 -252 482 -113 -167 808 1077 -1148 345 1344 1434 1462 -173 118 -1021 148 -1138 -1107 960 -856 202 -319 1176 -1076 397 479 -1376 671 86 725 -945 43 557 -539 608 210 -895 169 -1132 -1116 514 188 486 -1647 -524 -1128 154 -1557 898 -1405 -1075 1358 -1167 -845 809 910 -815 707 492 -208 -333 -940 -17 -1510 -1035 280 -1369 -207 -717 -694 82 1861 -121 -728 -653 -90 -490 589 -651 54 1315 328 -64 618 -141 -22 180 722 401 914 -1181 54 1781 -25 1278 765 -317 -437 64 -1801 -109 1569 -653 1250 226 -746 -607 -43 -1118 -265 -1346 280 -110 -927 -525 -458 -279 2093 -538 -2083 106 810 -257 408 -393 42 520 -955 -1774 154 1138 222 -676 -237 
19 -991 -136 435 -1138 -175 -716 1179 470 -833 21 320 1737 268 -1009 222 261 794 -776 306 -229 463 -1277 -311 -594 389 -919 -75 -1634 -1167 -1634 20 129 512 -361 1105 1267 -528 -307 1324 110 -7 -929 232 343 -1426 -598 74 -1154 226 1800 1337 277 -174 605 -1658 -724 -2143 631 34 124 -88 339 475 363 -461 -3 392 -845 561 -694 445 854 460 -36 -570 542 158 -145 -914 -554 1951 86 1206 -735 828 184 -629 -489 73 847 2 -509 -257 105 111 -1052 231 -1307 -525 -105 643 562 38 -378 -20 -586 497 808 684 -71 -564 -134 661 -31 -115 1741 1093 515 -383 1414 -16 541 -543 144 -230 -1686 19 -1213 -628 591 1277 305 297 -363 -566 -364 1151 1253 -1484 -546 291 -315 405 -210 75 -248 -694 269 -1661 -330 1355 -214 709 -760 -83 -64 -1178 -785 1514 -2342 331 -1110 537 1869 -16 -1130 1487 745 30 915 -1700 257 315 1096 213 64 544 -880 578 -1435 567 -1038 -642 -626 -855 114 641 -333 817 -27 -1153 -80 68 -543 -572 -622 -576 -219 -1148 -536 -369 -191 -262 -687 -393 29 704 -422 314 510 -164 1574 -104 -1001 -568 -90 162 -546 1069 -250 1408 -62 -723 124 852 -360 270 -163 -570 -646 -402 889 1016 32 -393 -1265 422 1886 -2 1 247 683 1387 825 -104 673 131 -820 -76 -477 -15 819 1243 -498 379 326 1545 -273 -1099 -446 439 -263 -584 536 248 441 299 752 602 -16 1128 -287 1141 313 -1349 4 -413 631 -467 1472 -475 181 1372 -113 809 8 -347 -457 437 1203 -203 -257 -694 1116 -139 39 -716 -343 26 -423 86 220 -178 -457 1019 -225 -408 14 126 -1063 -694 1033 627 174 -2320 367 -334 727 -228 647 520 773 -819 -1459 -205 368 539 -889 -46 2 255 -445 174 -445 1720 -131 466 -24 -10 158 -307 545 408 1095 482 420 1282 89 -9 -48 -1219 88 14 -960 1417 65 -680 1302 -538 -484 121 1898 55 226 864 -788 651 1179 91 756 851 214 -519 -134 646 -1277 30 1451 -663 -552 87 981 -1196 -53 -2109 -1339 197 -111 1038 929 3054 83 958 -1164 -339 476 -253 824 -141 
248 296 925 -696 -672 519 -81 1078 -1490 579 -1087 -578 339 -1121 -289 1616 -657 1064 -420 230 269 -740 1353 280 -748 -774 -489 -261 -1390 -969 1659 -1233 603 -639 1199 -686 934 181 610 31 560 -778 279 585 523 953 -1068 464 -98 1193 994 585 350 1423 -307 -594 -340 -700 285 -992 35 -73 -541 -441 526 643 818 -495 978 428 574 -467 -755 -235 882 -908 -1475 988 -676 -25 1681 705 -1010 -157 164 -196 -288 -345 695 -957 116 -311 532 -411 811 -79 1099 -169 -179 -115 -100 -243 324 1158 -2156 -1105 1713 407 -1853 -681 800 -1467 401 -1322 696 620 697 430 254 -254 45 460 792 -28 14 -1263 -515 509 -18 -662 919 430 524 -1405 35 1227 928 -671 -431 -735 451 1681 -592 1078 -1835 -509 904 494 169 67 426 -29 577 -1568 684 -1430 -174 -1260 429 -648 116 493 -74 283 -602 -416 -100 -554 686 962 300 730 -1147 822 -34 88 -223 -511 -828 118 651 302 -522 -465 1317 1593 -931 -45 1 -28 -57 739 605 121 1117 -143 -460 -882 -938 984 -914 180 766 37 47 332 1901 171 -331 -1030 -175 -370 -780 1413 -365 503 467 929 -1221 4 -276 86 331 617 -516 267 167 394 -901 -332 48 1708 217 -107 662 -625 -378 90 -123 8 156 903 496 -334 1562 770 -466 -699 -721 353 -845 -676 -944 1280 47 817 668 775 -1814 -469 -310 305 934 1153 399 -124 -246 444 -576 -1026 282 -14 -357 192 -391 -497 866 -469 346 -1311 1362 -224 710 1096 -727 -609 415 260 -374 -860 263 154 -630 1489 -1034 -241 -70 -384 -870 -910 -653 -1505 -423 -1127 -1082 452 163 354 -226 -495 228 226 546 1521 452 -528 -249 -595 -324 318 122 -1082 1329 285 562 724 -2461 941 249 -111 -1335 514 1538 716 -69 -67 389 -281 -187 222 -721 284 -963 -17 264 -601 152 -796 781 225 24 408 193 -950 494 696 -43 645 600 -3137 313 297 539 -463 -1075 177 596 -934 -62 244 -1356 -581 580 473 985 -1333 -60 -30 -117 -164 -806 2056 -684 -10 554 1651 482 -1542 -194 -496 -122 528 1113 584 13 192 -309 -664 52 60 
975 -580 -266 918 1277 -48 261 627 270 90 2255 -89 95 30 -958 1017 -494 65 -220 -213 -1079 543 1023 1256 954 863 247 -675 -794 -21 -9 -686 -493 126 -253 -1444 -104 107 -524 -444 -157 -333 580 265 -1007 -279 181 -743 -775 1342 123 12 -581 971 -481 -181 311 -39 -443 -709 798 543 -242 194 -972 941 318 -370 -36 1093 142 -948 -175 1177 -189 -1050 -495 -543 -755 526 757 -651 107 -1351 -166 -881 -413 26 1705 -1147 549 609 323 -208 -632 107 649 203 -30 -84 499 1174 -736 522 329 98 154 248 1133 -713 145 561 919 928 -1069 406 -972 -463 387 -738 -1041 1617 -1208 583 -631 224 111 75 437 153 -1396 -212 -220 -974 988 -1378 248 -498 986 -556 180 -433 738 782 -162 1253 917 1270 378 580 615 -1033 -283 -838 898 -1845 367 762 180 981 724 752 -129 1222 1375 760 -163 832 -1135 1859 -368 -59 -1035 534 467 -944 665 -342 172 688 273 664 -248 582 -412 -884 991 192 208 -956 -96 -97 447 255 126 641 -116 -1361 -974 2288 92 -265 75 272 377 474 -395 -1336 2466 -41 -470 -861 -229 -375 1460 -1139 292 -982 86 88 396 -895 411 -195 1293 -798 17 266 -547 228 -336 -530 -1304 -962 644 179 485 139 102 -414 -1166 -20 -707 -65 -500 1471 1323 -1414 -292 29 758 722 -814 -893 399 -371 -172 -673 -710 -157 -346 1121 965 -515 -993 257 971 -832 266 -1143 -302 -380 -209 -303 55 453 -260 -131 -1307 690 -277 555 -65 569 -1124 201 476 449 74 -596 -1078 -54 -517 -132 -581 349 -739 -356 114 -672 114 -516 -627 -369 -68 -23 1127 -29 553 699 350 134 424 -461 961 -101 599 136 -944 -321 314 328 -499 -857 -69 1249 -1098 811 -48 -1094 1062 1352 -431 -255 -382 319 21 -740 -538 -499 -51 217 -404 2 -846 828 421 -1541 -655 735 116 1377 315 58 57 -339 -922 519 -265 -897 659 1263 -721 -1406 -286 -523 650 1160 98 1172 269 -151 1085 -139 -393 -562 -386 154 -1102 -92 783 69 -389 929 -1277 857 -7 -112 610 -510 165 830 -193 -195 8 277 -657 -34 -487 206 
383 82 475 -248 270 427 102 740 1016 152 1187 924 152 984 -442 252 240 400 189 750 1471 622 727 -1104 532 -1568 461 -222 419 -855 944 1039 126 498 -545 -570 -366 417 -9 -667 -1084 -906 439 -201 -791 -1263 -674 -350 -329 -1255 -1279 231 215 1100 -27 1068 -522 -404 38 225 -468 -476 1038 -361 102 562 -1499 138 637 264 -93 -501 89 -443 1191 -1337 -606 298 443 -539 1775 -1069 -629 -1524 236 -496 -122 -1048 1169 -595 -411 -304 -480 -755 -88 -57 -166 -979 -1110 129 684 -1057 -4 345 807 109 216 -293 442 -946 -96 92 57 -165 -182 -1621 -1439 937 235 -357 -178 -191 1320 -1521 496 -117 784 878 32 -1146 751 -443 -437 684 680 -228 581 -314 1054 -432 548 697 2 804 -379 -466 238 -169 313 943 278 -831 242 -884 771 798 107 806 818 54 371 -478 -887 -887 13 -587 -619 610 -819 340 -151 -466 66 464 -521 -1920 -694 570 22 357 -496 -327 -548 -275 -623 -314 -179 461 -1357 199 1277 -649 -598 -276 -230 805 540 -827 -375 175 1125 -1273 813 -1079 381 -1870 -1346 -1112 -481 296 -1670 -549 -54 41 -201 909 -281 -142 221 -414 -844 760 891 488 247 -2251 734 1234 -255 505 544 431 519 282 -912 -226 79 -755 214 -1066 -244 -1114 325 1176 -1549 28 -62 -117 -631 112 -313 486 0 918 638 128 523 -1481 871 480 -392 139 1589 503 752 888 -52 1052 723 576 -1302 -420 626 -115 -1044 -903 191 61 690 368 901 -838 -289 59 1651 783 -164 -112 601 -458 897 -529 1095 95 295 347 -1341 817 469 189 -167 -112 401 -70 -296 -631 -416 111 -779 674 676 273 580 -202 852 -638 536 -195 251 -815 521 384 -674 -381 360 -249 394 390 951 -1047 990 -547 -1226 -1697 -65 -446 -1421 978 -603 -8 884 749 33 1388 413 -46 -171 -1114 -77 309 -369 -651 293 646 314 -1213 483 112 -583 373 1656 1091 420 -167 717 -14 -395 801 578 -736 -248 330 45 1345 -455 1014 400 447 -295 1044 -54 -961 -98 21 -14 203 204 972 895 -827 -809 -509 2005 283 -345 1139 -87 223 -972 1209 
77 -372 15 311 -15 1826 -1133 325 -254 -96 370 -341 491 139 836 835 245 848 1293 866 -651 -752 -926 -430 -89 546 -797 141 -173 1102 1191 -106 -793 355 252 -60 -235 826 -970 251 -817 -54 -568 -1562 47 299 -564 -1543 431 -272 274 667 331 460 -1934 -1282 -198 -520 -10 -1280 1209 652 753 -639 19 1327 -13 -472 1068 -467 387 145 -564 -418 410 908 -158 -98 -92 67 21 -613 -616 49 286 -457 -647 789 -166 -362 -767 261 582 -1252 -176 -1338 -47 69 281 698 -493 -1126 -137 1716 -1348 486 631 36 892 434 1619 -2528 -1977 -586 -49 703 -356 -1063 -403 813 288 -1102 -227 -692 -781 -543 320 828 239 -1235 1866 -643 -625 -1634 71 1292 45 -298 26 491 -432 1198 -146 -426 -608 -1650 -334 205 537 -520 259 -225 -116 -1500 876 996 1638 347 1244 -407 109 -173 1688 -153 359 818 -741 -454 1205 573 1011 481 -65 699 -635 202 56 -730 436 556 797 -619 196 -1055 327 32 -506 -560 -1142 -899 -884 -241 -738 645 1072 -124 -340 -1722 -509 558 629 310 1036 456 330 -272 -400 417 826 -1098 -382 -373 1089 -810 -165 414 1911 -836 -152 -1745 539 -82 371 463 -807 195 76 425 -515 186 932 120 238 -381 731 710 350 -411 -299 315 -879 781 -249 -373 -318 44 241 10 759 -427 573 819 908 798 61 202 45 761 -475 240 911 -1345 527 -2041 -1398 25 1790 -359 -127 -231 -634 116 -1145 -57 983 925 -1192 130 1077 1166 -343 224 -50 -772 -678 1955 -1842 -22 -851 -1044 222 -864 1289 1076 -328 -634 918 -279 -934 375 -1642 683 -971 -275 -425 125 -16 965 -114 -274 1589 133 -261 -44 -710 1020 110 -1036 -21 -897 1444 484 -1147 -739 320 -532 664 422 -947 996 -1405 645 484 379 -983 252 -985 -745 197 1030 -416 408 -533 -43 1030 -663 1713 992 -1141 -452 -157 -411 -36 1416 -44 441 -711 -363 -330 -89 -1139 294 167 -272 -204 -205 -545 -1052 342 427 1328 -194 -1067 -420 -919 -315 1002 -424 172 1016 961 -82 434 -712 517 56 801 975 -608 204 1249 -382 -1409 260 -1428 466 -589 211 622 -557 
-356 1686 -784 -87 -442 658 -447 374 25 -498 -673 -1229 -152 -194 -1088 -402 -162 -298 1658 586 -724 -211 -1278 -770 987 370 -697 -1415 790 -162 851 1199 1057 462 384 -1263 -1221 157 -1619 -253 756 -551 -1538 -534 -460 -366 195 162 449 -923 313 -786 214 50 269 819 -159 -183 540 -738 -68 -828 -1135 -16 79 -553 -848 943 330 538 814 -491 -513 491 -861 -1005 525 57 963 -531 1755 178 -836 -1158 514 -591 -387 619 -722 333 -594 -904 19 -426 604 497 -746 52 937 -234 -561 -869 1883 -422 32 763 351 417 565 -1087 -247 128 -331 434 32 11 334 -762 -769 -1112 -1096 -422 278 -215 -496 304 1151 459 1042 436 -417 281 -480 707 283 -709 -872 -1298 -916 115 104 -282 -732 -349 -738 587 -531 401 -1360 -1252 1314 666 768 -212 506 -652 -137 -429 20 840 568 -67 -51 -283 -562 -607 -585 82 -718 1108 -38 -289 -867 696 516 1224 591 739 1470 1312 -832 502 541 332 -1359 59 237 -377 1758 453 846 -582 1113 67 -318 198 1345 981 172 794 422 1778 376 462 70 -118 1313 480 30 -607 369 -214 2284 252 -45 -600 -331 -801 -185 -523 -786 381 835 -459 -130 239 -171 -1160 190 -678 -777 578 308 -486 -119 -329 1707 -161 938 -325 45 -979 -413 -1267 -313 229 270 -297 793 1621 -1460 1103 1186 -131 625 795 -1059 -870 1322 -89 -62 150 422 469 701 -998 -686 -463 1111 180 -113 394 2448 685 -580 316 -1816 1291 72 -673 -244 255 104 -858 -1027 -5 -106 493 1090 -1195 -607 -701 -450 -1812 -1611 668 147 751 17 -461 375 340 1231 878 365 -518 776 -696 -134 462 601 1948 -1279 306 33 -321 412 -95 -584 106 -345 50 404 -679 -179 496 -526 283 248 494 -721 -990 29 -417 -966 362 -768 194 -331 -1055 -927 -817 368 615 -298 -395 -883 553 -325 -26 148 440 519 644 -568 -798 163 170 -1105 -523 -1711 -297 -1298 824 -671 1312 1497 -4 -289 1383 568 -66 -1024 -913 317 -79 -91 193 614 -239 -341 -541 -213 417 6 5 225 1150 668 708 -614 -1526 -1974 -630 549 356 223 376 -306 -812 
-235 251 -375 -445 -780 -742 616 25 -52 -553 299 712 -85 288 503 -1733 976 252 505 352 341 -244 -411 162 -1062 -135 58 -523 269 1033 264 -244 -144 -482 782 -824 -611 185 1375 552 66 31 90 87 127 -654 -291 -580 -451 904 717 -663 -574 1030 657 -465 384 -391 -590 69 -749 408 859 622 436 -697 -818 -1271 -801 -905 959 -471 -1264 -697 953 20 -2330 353 -916 847 -989 -215 528 -1283 -1075 -1600 -507 791 1962 -814 877 259 97 905 -331 257 582 1118 547 -21 -995 1949 -374 99 193 -64 -172 -142 -924 188 172 -229 557 999 -689 193 -6 3 -998 219 -741 -444 -27 121 -287 874 277 808 1309 513 -74 -652 615 -326 639 -398 1069 -296 -331 -2129 -488 96 1254 308 169 -617 -1120 -634 1354 -738 964 -440 273 -167 -1 1457 -111 -1210 381 -377 1294 -954 254 1325 42 848 -134 1528 322 536 117 1119 -275 -854 1174 -940 -720 -1736 32 -157 1312 225 371 1736 600 -765 92 211 1720 313 -790 -736 152 -171 -142 -1785 691 569 -200 1992 931 504 720 554 -215 633 -1061 -1770 1032 485 264 860 205 445 1176 -439 140 555 443 209 304 -333 1325 -550 831 -1771 -780 -80 -325 -562 542 269 -166 -599 64 -679 425 -11 -319 111 1892 632 705 207 1024 -412 -309 -421 247 280 280 246 -10 1062 -699 635 873 -47 1343 -578 317 -95 725 -311 4 924 -233 717 754 340 279 -438 161 -778 -296 -690 -762 -177 610 -1028 972 -181 1043 -423 -645 -541 304 453 -1296 3 -403 139 1500 666 -257 -502 -743 21 -802 -245 445 -913 514 33 -1488 208 1013 -2 968 83 -689 257 716 -868 -694 -722 -25 -578 510 231 948 -557 891 248 169 -1141 -44 -491 -322 933 359 686 517 46 -610 285 713 -485 125 780 -1401 -354 -719 -239 -154 401 1285 -149 782 1607 -270 191 149 549 -749 1484 -89 336 689 122 -242 51 826 -369 -1227 357 915 1300 372 522 76 590 -683 789 -253 895 -569 -897 -4 -442 -858 768 -1062 331 1427 -494 -1139 -1029 340 801 1149 -45 272 -254 -177 80 -518 -1271 -663 664 
348 444 -119 -722 -441 468 95 201 626 -389 1090 -218 -861 130 586 -140 -495 -408 -855 -774 1943 855 1161 -584 -19 -766 1193 178 -1638 -392 -269 -111 -1235 35 807 920 -360 144 1069 474 -893 -468 -450 632 -82 987 998 -72 -562 -604 85 827 1235 -184 -224 245 -232 1102 531 -46 -433 -686 -127 806 241 262 -487 268 298 -252 -870 -1570 375 194 -925 -603 -1283 -542 -117 428 1118 808 963 -18 803 -399 -30 8 -1365 545 -57 231 -583 -100 1666 -800 301 840 -998 -604 -304 -93 498 479 508 243 -610 127 -36 1211 664 268 512 807 702 -1028 -196 454 944 -7 -344 -118 272 -1045 -1250 -683 -482 -559 -555 214 -1059 542 -733 461 270 -129 -27 -127 367 -103 2056 -455 -804 -1082 -735 -362 379 806 -802 111 373 -1367 1221 94 145 -66 -1247 6 -863 -82 -1976 296 -1319 1081 -1235 -1363 -886 -1476 909 -1172 -511 994 365 -507 -1439 -1010 298 6 579 -380 -769 -1396 272 -873 -237 1972 79 -683 833 817 119 17 160 328 -746 85 180 -1117 610 384 -970 421 568 922 110 -311 -753 -655 151 -61 -142 -89 27 -21 -1179 784 -674 366 307 865 994 -422 -783 1929 -96 697 -698 -588 -1533 338 -21 -96 -234 1076 -682 -487 -1034 158 -334 -649 -191 -715 971 -1083 1504 -1192 -49 246 -745 318 240 587 -573 -204 -226 -1106 39 774 234 133 -473 382 -177 574 1132 115 163 -678 567 -321 22 -287 326 -214 -1154 -985 -478 401 -650 673 -375 692 565 1599 1425 481 299 696 353 819 -268 -441 -850 235 578 -59 249 439 610 -251 330 114 608 -1832 957 436 -197 541 -920 840 748 385 -159 936 -3 1307 736 23 -295 877 -470 -662 117 -759 -57 -14 -73 -471 1452 222 1165 41 -475 -1096 -19 493 -1383 7 998 -895 -730 -109 -863 -709 -382 296 587 -1253 -522 -478 764 -243 -184 -254 -1292 -1408 -532 -74 -432 222 9 0 -362 569 464 -335 -215 -649 1201 1080 -233 -1006 -108 98 314 -792 -226 115 115 -276 340 797 -1588 1058 403 -293 871 -631 -778 402 -218 -153 1038 242 -33 -605 113 -176 981 332 
-161 280 892 -796 -82 861 557 -1755 -236 -280 529 -362 -515 442 49 -638 -1448 1158 -178 75 922 622 592 -1396 -225 -653 -676 1056 -247 1961 296 901 482 627 61 -314 -1041 1163 -183 -151 244 -1054 926 -104 812 -363 1008 -1012 -473 1584 -492 616 -996 -662 -575 -251 -685 164 155 907 -1221 -1041 -387 -655 11 -897 121 -19 -12 1070 16 1062 -640 994 -39 -206 812 -681 -342 1072 89 -442 754 -493 -548 224 67 -954 -757 134 619 774 176 614 -193 1857 690 154 1174 1022 491 -305 -74 1556 11 -1093 -335 -626 -638 1277 -605 -7 1210 -197 190 -606 -1032 -254 -761 1062 102 723 146 1448 -674 591 -320 -954 -16 252 -787 -335 447 594 953 -386 -1741 -1181 -1002 -499 104 -637 -466 1056 1133 798 411 -331 -810 912 -1243 792 999 -759 301 -872 -309 2611 1566 -527 861 -80 -1436 -703 -1519 -676 -822 -539 528 -997 208 44 -88 -1018 -1120 614 -448 -1556 335 -1096 682 1052 382 1087 414 871 -221 379 577 233 259 -590 -745 -1896 -486 -37 -52 33 12 -313 86 -350 -83 1236 414 28 -229 250 -1052 -191 1178 -511 -595 548 -218 64 -38 631 -788 1502 616 550 874 1118 953 1237 732 -27 2319 -527 -1193 -253 1410 -659 65 -51 -246 1602 -1620 -168 1550 -543 181 -19 -910 123 180 540 572 -1323 -516 -896 -530 -154 -1561 604 -626 1095 272 709 -1602 337 -42 513 -200 -20 1030 -1219 -1096 991 -151 -1349 403 -1758 106 -338 162 -214 229 435 36 -494 295 -4 -218 -148 -841 805 -25 -389 -1035 994 -115 -1059 232 1437 -718 865 127 -292 410 -612 -956 286 1109 288 -714 -589 154 148 -41 -530 438 -364 -14 763 623 -113 668 123 -694 889 1102 -158 55 959 -99 -530 -127 515 -806 712 843 160 -498 725 99 -387 -489 646 -454 1403 387 -471 -1640 -123 -522 -285 -623 -1390 698 1424 630 -793 465 -126 -314 -1575 -166 461 104 -248 -411 1158 63 1333 31 145 -1769 -421 -808 16 -236 546 187 375 -255 -468 11 -982 947 341 -340 -726 696 467 -1183 -768 1022 306 440 700 394 -159 2346 819 947 -475 1042 -809 
632 19 -226 -1637 1041 1579 803 211 157 -579 668 -143 -542 1188 1033 17 -22 781 469 304 320 -505 -194 611 127 -475 121 -256 1002 -420 691 -545 -161 753 170 271 -536 1172 -765 -1764 -415 -24 -802 -267 -834 489 360 -358 177 -505 1459 -1054 -170 -128 901 136 214 875 296 1133 -820 1026 346 -39 -92 -291 -946 562 223 -339 -158 651 -136 -956 1377 -4 1097 -135 79 -204 -417 -803 710 336 892 -27 -9 -65 -166 -8 -231 -820 715 -826 635 -833 -1341 -443 381 -541 625 -870 -693 242 -330 833 -386 -1068 853 207 107 198 -444 -80 -1421 303 293 -977 -199 -188 49 424 10 -211 -1132 -519 -515 -65 381 339 -445 348 476 -568 -271 -30 -1011 15 1088 136 -233 -289 662 455 567 1344 -974 -71 23 -909 -777 240 -573 -89 555 347 632 555 -443 660 266 -752 -761 -1698 -134 122 189 12 1056 20 74 215 483 55 -426 -81 242 23 -436 1053 -269 -295 36 278 -150 380 -111 -154 259 -367 -1103 94 862 -1201 1117 882 -448 1459 -1415 208 380 -789 456 143 351 -430 -448 -209 525 -827 -368 1081 563 -680 610 -679 1427 -2 -284 483 -791 -144 671 -724 -309 -444 -185 63 39 359 -601 524 48 96 -312 296 -1055 59 -195 -533 -146 101 1327 -631 42 -785 721 -888 975 -922 -162 -445 719 -1026 1019 38 497 545 -243 357 244 -575 -728 430 582 -274 -698 985 -1096 90 -151 1043 -944 590 332 338 603 -667 -386 -257 -326 -518 391 5 -1089 -243 -724 -868 -82 614 -427 96 165 -746 1039 596 355 -202 -389 593 579 93 -416 -165 239 383 15 112 -732 271 -697 -20 183 -803 301 598 422 -222 687 964 -240 -749 -715 378 433 -153 812 358 109 -314 -774 430 -154 1130 -155 -143 495 677 -177 947 440 -799 -51 -311 -381 495 -151 -947 -1081 242 194 -403 42 828 179 -39 -212 289 731 655 802 -710 447 1324 204 -1512 120 -143 52 -387 319 10 -33 -862 930 -712 -689 514 765 1948 1667 -1074 -857 -379 579 945 973 247 414 -44 -469 -465 -732 635 556 800 -448 13 -328 -127 
-81 863 -2274 -112 292 126 37 -49 -955 402 211 -555 292 -647 194 1023 -263 586 1216 728 -185 292 -150 -693 -674 -278 -490 1426 -37 685 1117 213 -239 239 25 -874 741 -821 309 -715 -398 395 62 -217 51 820 -445 -759 787 -26 1358 -7 -40 -628 -786 729 -1688 -169 745 706 -571 -725 1139 509 -201 1034 362 331 -433 -98 462 -947 1078 43 -1072 245 -639 -860 448 225 -147 667 47 -1187 -765 -202 -507 214 1517 253 -391 1035 274 -880 845 -96 -343 -986 -748 544 -17 -497 345 -199 -955 13 -1654 -1234 -1013 -61 -223 -99 141 -858 499 174 -964 440 -365 443 -222 810 1957 696 -2141 -773 -352 460 898 1178 -503 577 656 -90 154 384 -367 -829 354 -554 932 516 815 -556 -1683 -236 -991 699 803 187 -685 -95 698 -86 771 528 -177 -196 329 -235 1709 -252 1114 124 174 -785 -658 -133 142 734 1286 583 -37 -307 1809 -1067 335 -1276 477 -599 567 375 -317 -1324 -269 -444 -800 -1234 -965 -1447 743 1347 -655 -339 -561 596 304 52 -583 428 -367 183 -324 -1591 945 -398 244 381 1063 249 -294 -410 1217 -977 742 -565 -91 -12 1127 -125 -545 946 214 84 223 -73 696 -126 498 409 -37 -68 -1262 471 237 -556 1188 -535 1212 -223 -1000 -16 -621 -196 356 -1211 -171 -428 275 924 877 549 437 -165 -1744 332 535 -752 1302 171 -133 878 -215 -459 56 997 -96 -572 27 -33 -889 -778 56 448 -124 610 439 -984 -35 -416 107 86 -290 -813 -1219 1436 735 1064 356 -26 469 316 -467 -179 -514 -405 439 -524 689 -652 184 625 -47 -181 -511 -886 198 827 1272 -350 -273 -345 187 328 -213 922 706 -459 353 -700 -9 13 305 1214 936 -470 -840 90 -366 396 1445 360 -619 176 -725 -1183 -149 -216 506 304 -34 -344 782 -213 -925 255 725 438 -781 817 180 -291 1141 818 892 -840 -440 162 -599 -934 863 696 552 134 -338 577 314 8 50 -55 -540 -341 348 -893 1271 729 859 -199 988 -101 -70 388 -1032 248 -1262 1068 -600 1430 157 168 907 -825 570 560 -98 1277 -226 1042 556 1032 
-649 -878 234 -68 541 595 -200 -771 -197 -424 467 570 -422 35 596 144 -77 -419 1121 -1722 -158 -1238 -625 1227 -1869 791 -1905 -797 -1274 748 430 1458 -408 1183 177 -1360 279 -443 -574 -1473 -335 -502 542 1271 172 118 -909 -301 34 357 1214 -30 -936 -26 128 826 -22 426 -530 -78 -217 68 -784 34 1106 215 -11 -634 -946 -379 555 -800 5 -751 873 1210 -80 -1345 420 -140 275 22 -227 160 -629 -1959 316 198 273 1023 877 -344 213 868 -10 -65 -388 1391 211 628 996 -1561 -89 -480 1040 -845 -901 476 277 288 83 790 1280 456 1257 -1468 -270 22 137 -101 299 -633 -109 -931 -153 471 -127 -717 386 286 25 -113 566 -823 331 -135 -655 -4 -223 904 116 145 -156 -1153 292 1301 -257 455 83 -1017 681 259 -509 278 -683 -7 -230 -305 -1077 157 72 -692 576 1005 368 -172 1023 -25 158 -949 469 66 381 -1298 50 342 -38 768 -628 -305 981 90 -943 -528 1006 -597 1286 604 510 603 -740 475 -87 -201 -10 264 -515 -1036 754 213 911 -1043 99 289 -66 -604 -1080 95 656 1500 434 -596 644 -53 1447 -189 58 -122 -1781 -433 -702 291 421 836 327 -450 200 -1170 -51 -192 -281 213 -1207 -6 -793 -1201 350 -102 -31 99 437 705 -893 214 -329 1247 1235 270 176 583 1182 1058 -264 -126 -1218 398 -109 212 682 285 319 2239 -1255 -500 -202 554 960 -396 917 -521 643 -680 984 -419 -808 -659 -908 -467 -630 11 967 -396 1010 -570 105 341 573 -91 -27 -888 -614 -889 -153 -890 -159 1391 360 706 -119 407 594 217 -192 -1169 1458 -34 420 -606 579 212 -703 -936 1348 -4 401 961 556 -6 858 -442 399 481 1682 172 -1500 671 -593 -293 1355 -434 264 -597 -877 -1690 -412 1195 -1117 614 1082 -2014 -371 727 -67 440 1146 -98 -414 -578 -479 1381 -197 -951 69 -416 -348 159 -42 -231 -375 -361 21 657 278 188 -297 -169 -1805 492 -257 -1750 777 -19 324 72 -1105 280 -1441 -180 -88 -437 890 1276 -941 -284 -1598 207 354 641 40 -1452 36 172 -1589 716 331 661 107 59 -163 476 
13 -76 -113 457 -1262 556 487 731 -35 1404 260 -1852 843 463 -819 -943 -324 -811 -815 323 637 574 1132 -244 -10 -10 -692 361 -1091 1073 -1207 845 216 -1416 999 2195 481 700 1572 1322 638 -30 -866 -530 425 291 257 -1551 -231 292 -366 1511 -963 196 76 585 433 -614 281 -188 -863 -480 -1908 -830 -923 -113 -841 564 -395 576 87 1152 -64 -1530 721 -1466 513 846 -23 -267 -1807 -286 -98 398 1664 -460 208 1485 346 -1004 1307 -921 -369 -295 361 1026 -717 -66 868 -439 -1062 720 1094 -494 -229 -121 608 -402 -132 -266 -119 302 1658 1509 127 948 324 645 354 -1540 -507 458 -3 -272 -765 337 -836 18 78 -14 49 -395 -497 -521 -870 1341 -1138 -398 -1712 -450 -776 -445 -548 1171 -462 -528 -697 -585 -268 -455 529 1129 -559 694 659 343 -388 1342 -513 776 -571 -1267 430 962 407 -769 -344 -144 -433 -668 122 -767 -520 183 2078 -1800 -397 -1581 439 1360 -536 140 323 -418 273 183 -279 -400 -1461 149 135 -820 131 87 -973 -558 -573 694 133 -1183 -392 321 -779 -197 -818 1 -30 272 1417 -1242 -282 318 393 -778 729 2345 278 -605 720 1876 -1056 -1322 987 -702 421 -873 -468 326 48 467 552 472 -1264 -1287 -220 997 1219 1086 470 708 -892 -1065 -505 -172 551 592 1368 959 -571 849 496 973 831 -276 115 -654 1569 531 1270 -551 -431 -1945 -704 -255 -15 -459 -1380 1202 1714 289 1578 276 -644 743 -124 -239 412 337 -613 -521 -1113 -363 255 863 1778 -1089 -401 -267 -538 588 344 459 -693 -48 802 1196 405 218 178 1231 -300 138 -2155 47 77 -110 440 -1238 -2016 54 450 540 697 128 265 -75 1206 356 -125 56 -390 -166 381 642 -549 123 1793 237 -134 10 250 -226 -710 -254 -447 145 -871 -311 -287 -910 -310 -710 182 -240 1258 -207 1394 523 110 637 -882 959 -146 600 -44 1706 -1042 278 -1154 -864 -1740 -720 340 -591 -1457 -624 1170 -165 761 -107 17 464 -502 -866 -14 465 -1162 267 -1603 145 -83 288 -711 -1119 1120 -371 -246 -599 57 -24 -420 576 -681 652 732 840 -1131 106 1336 -599 
389 -92 -906 -138 -1097 -95 -150 -325 919 -51 42 -248 1261 -368 -974 309 1689 89 304 716 -589 -55 478 0 358 -7 -1475 0 -420 670 -1485 -1045 413 1328 -296 716 -413 -244 -363 559 -1058 -231 -1079 -1621 -369 -89 -391 1222 1125 -1088 793 -1522 -475 -688 -745 520 -834 -1062 -296 -379 147 658 947 1338 353 -254 403 -713 229 143 1090 604 -142 -805 635 537 1457 68 549 -1246 -445 1418 -349 1199 605 -981 927 -13 -507 -257 97 -340 -86 356 -556 -590 16 -73 -1089 454 502 -336 187 1205 -534 -750 132 -416 1000 -518 542 -833 -641 -870 1004 1848 639 56 -590 868 -227 426 544 1790 338 -177 161 503 7 -1171 840 962 54 -806 814 -575 -1096 542 101 -180 3 -542 -363 1647 246 -725 -547 -375 -565 -102 -12 232 118 -937 1067 -323 505 1286 -979 983 234 -368 -1009 -277 200 -52 -1104 1210 408 1189 -635 -833 -248 -1186 -121 1050 -431 -306 -728 -588 332 1451 798 221 166 -1028 -248 1190 648 74 1320 -138 672 358 -667 -1463 187 412 -638 -37 -628 -57 186 -108 -6 -924 1097 626 312 -483 92 1336 799 446 200 -899 -1014 230 242 -367 -981 -782 159 1003 -1593 -840 -259 -210 -1484 993 -744 -739 189 460 672 -39 -898 -587 -328 110 852 782 166 456 459 -523 377 -1155 -771 1229 -599 -377 506 1588 -1235 767 682 313 -658 488 854 1124 229 -761 -241 885 405 1210 -39 289 -634 489 595 1306 423 641 -246 -1541 -677 561 -346 4 -10 150 -1012 276 866 269 -1338 592 320 -741 250 -369 -338 -349 -1507 -343 -322 -454 -975 140 3 10 766 -21 164 -629 -1535 408 516 1032 -1130 887 -423 -94 -956 -812 -426 40 153 1163 -162 -387 -141 -669 711 24 532 62 787 274 -56 1629 912 -1416 516 -495 901 559 209 -916 100 -320 -124 -1386 843 342 90 192 76 803 537 -943 -106 -295 -264 -535 -2068 163 717 297 -6 24 -489 1010 -532 -219 -377 513 -1212 787 128 -894 -847 901 60 -718 325 371 50 70 -106 -1469 480 1299 261 -150 -744 -67 711 -1231 700 620 -519 -224 -292 -10 -816 1449 
307 -79 -113 -571 -224 311 -892 1034 -1954 -633 106 760 -378 -1099 889 211 815 -91 -613 1170 -206 -1004 -462 -804 -456 -1249 39 -42 -278 -387 257 -1201 -358 301 -892 -418 1891 407 141 -949 162 562 721 841 381 -77 613 1042 -150 1925 359 -261 -444 90 199 -981 1022 -586 -361 -923 474 704 -313 923 -550 261 -46 362 -127 368 15 180 212 273 -661 -349 -856 -969 238 1758 585 599 -1422 288 578 -102 -173 902 79 103 -756 -1309 33 -877 985 -173 292 287 -647 -1702 407 375 532 43 456 226 383 -54 -1198 -95 1714 58 -722 86 -707 -68 73 1599 578 -863 87 959 1127 644 -133 626 -1059 -866 301 888 -658 -1542 -828 -1432 85 410 968 -185 -14 1069 19 1352 657 599 352 230 -72 -1121 822 -437 -688 -1237 -592 -251 309 180 -616 -1411 406 -210 -449 -46 -219 168 -141 -40 479 445 753 -297 35 617 231 -659 914 1643 -785 -372 36 -1070 178 -1406 -842 980 -867 615 2050 -462 660 1134 -793 308 -709 1176 1471 207 -807 -449 704 1864 -217 -628 -14 -1129 201 429 -545 -676 595 580 -492 -1026 -534 1169 2561 753 66 -964 -591 405 109 -19 627 -400 -706 -2298 -43 701 153 -129 995 -191 626 -731 -1051 685 3 172 -764 19 -906 -318 -183 -592 -482 104 955 110 -645 -709 -242 387 -870 -137 303 688 -433 260 294 -822 322 809 -660 -765 10 696 -167 -331 -1457 -684 791 -222 1025 -891 -1590 209 -876 348 1497 -267 42 257 355 -38 -95 766 -427 949 486 222 -248 408 -401 333 466 -1546 -605 -402 -72 -223 1487 -325 593 -239 -1524 137 -142 684 470 -1141 42 105 -1335 -322 -592 14 -507 -568 1478 -1413 735 180 957 335 -320 85 -109 1016 37 -162 25 -111 5 -277 -462 -19 91 357 1068 743 -1110 165 -697 42 432 -215 261 710 852 512 249 -361 960 -449 715 254 -479 -549 -773 -782 -867 727 803 1282 -429 -1381 -577 -411 -174 -107 517 -803 -189 -92 435 1281 116 926 -180 -1662 505 506 -207 -659 -1588 1153 455 1070 -551 157 1205 512 -382 -182 -44 -862 328 -522 -852 594 
774 -310 1334 19 -588 -1247 -1388 428 571 659 514 584 -156 -468 -583 -1518 -83 -1584 -59 -1063 1329 810 544 -568 -360 -810 717 -945 -207 -128 -373 482 907 -534 -153 983 -747 287 -1486 691 169 606 -1519 29 -309 400 1823 307 960 320 -718 -665 -185 554 622 -1529 -432 488 -336 -1076 -986 -315 -27 16 74 -18 448 -653 -3 22 -370 643 136 403 -231 383 663 44 817 -310 -31 264 1045 377 297 232 -262 39 -552 -765 -231 -1029 42 818 127 -59 977 571 1015 291 796 812 -120 252 42 -703 -118 -530 1899 -1206 691 541 -1234 1017 71 142 2064 -557 -16 316 -1126 -268 -764 160 125 260 946 318 768 1410 -297 1094 -483 -160 -127 -478 579 -472 777 59 140 517 79 405 40 -408 -1091 -1139 685 849 -466 979 56 -465 922 427 747 -1960 -289 -1099 -1191 1318 368 921 532 805 191 -106 864 640 -773 -551 1009 319 -314 -1616 1386 656 1214 -667 187 460 78 970 -561 233 -100 -344 -207 12 -665 -461 -62 -450 -814 -1086 -1321 845 -871 193 -861 -420 -199 -197 828 -289 -662 1522 206 -198 427 -142 78 198 -548 -493 -786 722 490 677 749 311 -985 663 742 -139 -447 -221 -90 -307 -67 901 -1114 2 917 -320 -604 -363 59 -229 7 -1185 -1212 764 -941 238 642 -169 232 755 -1271 12 881 1235 -1808 -395 201 -867 -1060 -67 786 -1233 451 1434 1232 -412 -1219 941 -68 681 486 1339 -287 582 835 -742 47 -157 1111 -1205 704 1417 1041 841 -295 -656 -1402 -427 -411 552 -602 -915 -213 922 -613 -1550 1016 -543 -1769 -142 -662 -410 -375 1222 37 296 321 -312 277 120 -457 -446 408 -1320 -235 123 984 -2240 58 737 -161 194 -87 1457 -1093 447 -185 -467 -456 -1729 166 -1003 -1112 16 -14 -1115 1971 418 -814 -184 362 -1193 1676 -30 -166 585 1032 -1371 -914 457 -787 162 178 467 -1369 869 517 1083 -295 -442 -170 96 -148 -435 2 448 -1202 -86 -67 221 -354 1021 986 -145 -583 -1393 -333 407 504 -576 -441 916 717 87 1623 -775 -1275 -1288 888 694 -354 259 965 -137 -542 -818 -77 -921 -496 -766 
-1228 -800 139 -210 1732 1376 730 402 -1059 -686 973 -331 -451 84 1146 654 -40 -51 -1924 552 241 451 828 -1084 413 1179 -257 -2472 -99 -889 81 106 -678 543 -472 31 -910 510 85 -311 10 -612 -705 -48 -127 692 10 21 -1183 1064 -544 774 214 -345 312 -208 1722 -1071 -388 -610 -512 94 -592 -21 -246 176 -1071 268 308 111 -415 -56 -708 -118 1082 21 552 740 425 211 383 443 -237 965 -573 -283 1190 -716 975 616 -367 -681 1017 -1308 1198 -1155 -680 626 107 -341 -228 -1495 180 -311 -734 50 968 685 1177 -671 144 853 534 -375 686 -444 -212 1350 1038 -121 406 1046 786 978 128 179 -56 1086 -80 1236 -783 828 24 414 -1040 -597 -1499 269 -867 1041 675 -359 739 2 -132 342 1724 340 684 -275 -982 -97 -696 523 -1122 879 239 -165 -167 232 -1099 -221 228 -699 -513 493 -1216 817 17 296 -249 149 -1038 777 362 325 -9 -142 59 250 -128 -1674 622 -380 151 969 672 -1294 1451 202 320 -1567 -432 -1071 1337 -542 78 86 301 -352 685 256 189 -124 -556 709 -480 270 -56 -1734 -44 -2065 190 -359 2166 926 1253 125 -539 476 1332 -788 2139 118 165 12 -170 1181 833 -544 -512 -148 -641 -684 -417 752 -797 1172 -700 -1307 503 -1018 -488 -610 640 254 -108 670 -235 -468 746 -124 106 411 683 -934 -298 -1152 286 -557 -1333 3 537 -388 791 -305 -1642 535 626 1008 -237 -207 225 -163 -338 -732 -139 225 -126 -425 -2 -376 -25 250 970 1078 982 -1584 105 367 -1277 -215 365 21 708 -357 245 27 -71 -278 -311 1604 -1918 -1027 -79 209 129 186 -587 -1203 -475 -276 -201 408 -332 -465 -1028 54 1084 704 997 181 124 313 257 -338 247 -317 -528 -156 -561 -680 -676 -894 1272 -1096 30 -655 -224 519 265 950 -1034 968 737 738 -375 323 801 217 769 -1485 1155 -408 1005 -34 -289 -532 525 875 -165 1145 304 -750 -1203 -659 1192 311 -143 -545 501 -267 -407 1528 84 102 -192 306 607 -312 425 -193 -784 -592 -478 312 -174 -188 -64 600 -1101 -326 -122 161 45 417 808 1030 -618 225 
-664 -855 -893 278 -146 152 614 -638 85 -367 -1173 1728 -1189 -134 1213 -176 -1498 -243 -593 -729 1161 1261 919 -277 -441 -1219 -1240 1349 -1691 -673 -254 -41 84 -93 519 744 -180 -711 -133 622 729 -244 303 177 305 100 -734 127 876 255 36 35 -912 339 892 -188 -837 -174 -108 -30 -744 -1140 -291 -417 676 -761 1215 -195 583 699 -47 -53 -905 468 1269 -38 -192 -630 877 -589 772 -374 748 -497 -892 -111 -394 -1149 -1179 -2241 -27 -2114 1081 -640 -1042 -219 -926 -1274 -199 -257 -974 668 824 518 1537 -815 308 -851 908 317 -170 807 476 -656 72 -489 844 593 217 1036 -808 381 987 -397 531 -1184 417 676 -404 838 -375 -634 105 -1827 -367 -95 630 519 240 -31 -341 403 794 -533 -572 -1019 1497 235 -104 137 -733 377 308 3 129 82 -171 292 945 581 361 176 238 541 -962 215 -327 -1309 109 243 128 966 -660 -692 -944 -736 -109 149 -1512 -309 -238 415 -478 867 735 -615 533 864 -213 -570 187 -2061 -558 663 426 -35 -410 -983 708 281 626 442 345 272 -504 -232 -621 478 -123 420 -1220 -529 -310 -398 -1517 968 -1306 -60 741 -636 -952 215 309 -11 -48 368 86 -1050 75 296 627 -430 -107 963 418 658 661 -703 -1047 1389 317 600 771 13 -535 -1693 -363 -1169 847 909 1187 619 250 135 126 -1328 -412 447 -1142 23 542 -1128 351 -216 83 850 182 -388 -1301 -568 -71 379 -879 245 303 170 1311 -388 -102 -28 -812 603 -72 -1235 -276 784 166 -305 1230 -235 162 658 -45 -228 615 535 1101 81 -1285 454 -53 -1693 202 -324 528 -432 -419 543 1315 -1498 -210 -27 708 245 -1072 -1429 298 683 263 -15 -277 -1549 1235 592 928 63 -1027 -2179 -324 193 -453 -136 -69 151 567 -639 -995 611 619 199 458 971 -675 -234 -452 -324 1092 2127 1424 1471 -130 -583 -335 -1509 417 1732 -44 -25 770 -1560 295 800 -689 122 -256 203 632 1111 296 -965 -167 -1513 -147 -89 -258 -728 -1125 -78 229 -53 437 451 -367 400 29 -496 1283 95 473 -1442 -267 553 -152 385 -362 674 335 -22 -399 -141 
225 728 45 -279 401 -521 50 -536 431 -1612 -1700 -519 -21 447 255 198 -708 -580 656 1106 416 282 -314 259 9 -2288 -230 508 -10 -256 -182 -698 -320 -1263 600 -199 1498 -758 876 1201 579 -376 65 810 480 177 187 167 133 -87 731 604 566 1070 637 792 138 -514 -305 -1103 631 -912 -564 706 689 -1583 -906 635 1120 -494 -280 36 923 269 -940 -1069 522 -326 172 -418 -1048 646 609 -417 736 -288 723 5 651 -888 1284 -1463 -846 1 695 812 -86 -1374 -427 554 525 1167 -297 -754 -167 469 -619 -1209 -570 -500 1642 -597 545 715 -230 743 -616 -190 126 -207 71 629 -393 202 815 182 89 819 1911 -1336 -447 -14 -6 -830 -384 828 -434 23 -536 342 -272 -2005 270 208 -810 -429 881 -917 517 572 -758 108 -61 -1399 -349 344 -479 -933 434 142 755 -2 -1176 96 696 -1398 -883 578 -1302 1080 195 -83 -384 666 474 130 244 823 -75 -1015 204 57 -1076 -505 358 362 196 836 251 -251 -37 940 823 331 1422 -1075 -621 38 -77 -180 -681 763 -369 -90 1220 1077 878 349 -406 111 101 590 -1150 1467 229 -758 88 503 742 -114 108 132 -1565 67 -575 62 -913 -785 -1742 118 -402 92 340 -382 257 -139 -873 2176 -260 365 -655 -518 -820 -699 1195 780 -490 -1482 -999 -503 -756 16 971 -704 -636 605 -500 -1057 -694 -870 386 15 532 98 1315 -985 600 2101 1378 577 1042 -74 -494 -687 -659 251 138 -278 -76 -730 -826 1243 -514 -262 -214 -1215 -78 156 -204 -20 -1141 -542 1297 164 -967 -376 269 -259 -225 -4 16 -1356 -312 -316 90 872 -1179 884 1094 283 29 -255 -1005 -184 -739 -205 131 522 -1424 1308 -93 -735 874 1424 902 1045 -994 168 -461 1592 -1682 540 300 28 1245 -12 275 639 432 -291 1103 -99 -53 93 -562 366 -71 -707 -595 -438 -275 -44 27 -945 -464 516 597 -1213 -87 -531 1096 52 -622 -241 -880 648 409 852 -136 -839 431 736 697 -386 1614 -705 769 296 -1572 -358 -1529 -144 44 357 -21 507 -341 -487 -759 -361 -415 -19 808 -157 -772 76 448 -664 656 -714 
-37 -245 -872 1050 -124 -243 -313 163 -205 -678 -379 -530 -229 -773 -615 -37 -499 -753 330 1401 -1104 1261 317 464 -42 -451 864 259 -51 -499 75 723 1010 301 327 1254 423 -219 -1246 729 -135 -453 -437 -1470 347 -766 -496 1109 379 313 -1418 369 -1302 -221 -71 781 9 426 -250 748 975 -243 -425 82 -1092 816 1358 565 -2 0 -320 383 701 395 -312 1062 -357 -1208 693 -1690 571 -98 42 -721 -125 -200 -1375 144 1784 140 -848 -411 482 281 -526 -238 468 -435 400 208 536 961 949 304 -866 -294 -20 -179 629 240 500 -352 -201 571 307 -1056 463 -433 -875 80 92 37 -154 1389 1723 1020 -965 -253 -1299 638 485 1125 -479 988 -1278 1573 23 -1658 -1484 683 443 -227 160 -319 -1290 -316 463 437 488 302 9 -572 60 -46 -111 -575 235 -655 -188 810 784 -90 1146 1410 -933 894 426 -1130 -961 336 8 -652 1436 495 -1115 735 -549 32 -1794 -833 -1011 -402 41 -883 -234 -539 60 -504 129 -1758 -989 -485 1188 -173 -438 -1340 -19 -134 -9 -665 -433 -167 -137 -261 -633 75 299 842 -517 -514 90 -85 -425 2053 -1374 145 -115 -874 -118 407 1179 -833 -482 109 674 438 -249 -643 788 133 -1022 -1208 -294 -118 74 -279 -186 279 -264 1026 -274 -1663 -790 1068 513 193 492 -366 597 -1226 -739 -202 1192 -1048 1189 -960 692 -1574 235 -380 208 -264 601 1120 749 549 -327 70 1161 401 895 554 264 1148 -280 142 433 -385 -747 -278 511 41 64 -242 -110 415 -160 -184 320 -326 1279 113 -106 -1224 -1404 339 -98 -310 -919 -1021 777 866 -312 1885 -114 -283 -372 -402 482 158 -198 -710 -125 107 -963 1987 -328 -1399 -670 185 -1497 -1427 -196 9 -427 224 488 366 -789 -19 925 111 1287 129 -213 583 86 -174 -706 1024 1627 -560 21 -1236 487 665 -789 -402 365 188 91 1054 238 942 -507 589 1080 375 -409 -668 110 -1380 -101 -1138 -952 -107 -96 71 16 184 243 -814 -610 217 304 -267 -462 301 51 482 449 -319 -286 26 558 944 156 247 527 -675 728 -685 -1059 179 342 958 656 -282 -20 758 
431 649 603 670 308 960 72 355 602 -667 -42 1340 -585 -1070 -2068 2086 1501 414 453 1142 608 -1405 -89 -149 -1226 -653 624 -218 -1035 -1618 716 -18 -929 270 -177 -326 -634 -173 -648 129 -250 -146 1264 419 32 447 346 -991 -445 1549 -1239 274 947 21 114 947 662 -407 -364 734 -1422 394 83 -437 -547 -539 727 634 -1051 693 -846 275 -105 294 -1446 -858 -120 -540 -343 -1546 -477 868 108 1167 52 309 -816 798 344 693 -138 70 -494 -246 -98 444 -693 78 581 -164 427 503 150 -509 -933 -833 292 -503 -735 -170 207 488 580 -90 -824 1048 1667 -358 478 104 -174 635 416 296 389 -739 -107 896 -82 -947 -577 -749 -750 294 480 -637 -573 -860 -750 -866 2023 543 495 -231 247 -1182 448 17 459 1136 1069 -561 115 -35 66 29 -732 -238 -1033 675 -1131 194 6 323 1183 -37 -848 871 197 1355 154 1313 994 81 636 232 260 173 449 -1399 -773 679 -487 624 -531 -43 208 1136 232 -922 423 540 -912 -2214 569 -1205 462 876 96 -356 -546 -1448 224 362 52 397 -230 -171 526 86 1739 -936 494 1096 1015 1024 252 659 430 -1222 -425 -403 -508 -500 -996 814 457 2212 492 -540 -772 714 240 -413 197 318 50 -576 -40 -310 -375 -346 -17 -911 -829 171 1432 472 648 -227 -1664 758 1040 -81 203 936 247 1148 -933 949 -250 -413 -335 1303 45 77 44 77 -596 -1841 -765 242 -2556 474 -142 1569 -554 -295 -383 280 788 710 -582 -111 -630 -1097 -480 -1048 554 -207 1164 -149 94 -328 365 503 1347 379 -192 121 195 28 -555 125 1131 197 939 818 1792 -421 718 -135 -159 -1357 -494 1143 -440 -776 -717 572 -185 -716 -560 -132 -77 586 1562 105 -1021 -1854 -7 516 -165 -715 959 -310 -743 900 -420 315 966 603 436 59 -57 -254 -695 -606 911 -74 1037 488 634 248 169 202 62 -1058 1349 280 -488 14 -1367 -386 1214 -457 451 844 39 764 462 49 -7 790 -571 -101 214 -336 183 951 599 924 246 -1100 -817 1135 616 -241 624 -642 46 -1772 -1212 719 57 1537 1266 25 -601 -1808 
-160 -2163 1248 -968 519 -1669 -533 151 -1676 -856 -395 -895 -236 -672 861 -1999 -903 286 296 272 607 1147 -531 -337 282 2015 -334 324 -468 -346 -190 335 189 -247 268 -1246 -21 151 -1262 -371 -617 217 436 -426 53 768 -608 -54 392 -164 317 100 -45 -569 -104 -1151 -216 1667 -72 157 9 746 -50 -60 249 495 -165 -265 435 -928 1056 -273 -999 58 82 717 238 25 246 363 565 -1720 310 1003 492 -579 -995 301 -1294 -506 -783 -5 489 548 -735 -744 1597 243 341 -1010 -746 718 -530 432 -434 -1183 495 267 -1100 230 -499 655 -186 491 1426 728 1641 769 -314 -641 -97 669 -111 124 -751 -782 340 -435 55 108 443 -676 78 -1187 -363 -590 -403 1050 221 840 -47 -1249 193 955 425 124 583 1049 776 -335 956 645 1346 1493 -99 -511 -963 -201 -370 -746 1108 -112 -718 -485 -227 81 886 -4 982 -1202 -27 775 283 -348 -507 561 -898 -26 -316 838 984 1175 -189 -41 208 -1697 176 -1235 338 503 280 100 1261 -581 -173 -1043 147 -358 -396 -564 -387 569 -980 155 203 964 -786 1137 -157 525 117 -37 -125 -1091 -855 235 -173 219 683 298 -814 257 -1002 -350 1213 2288 -482 -3 681 -459 -107 -114 -346 -567 431 335 253 -811 284 -358 173 348 262 -362 856 557 -817 1037 -36 -932 280 -244 -697 -803 -278 -300 -89 -435 261 -1615 148 878 1064 887 538 197 308 349 -157 72 -582 -998 211 -895 -445 -560 350 -140 -669 -188 -713 -319 -1375 1425 999 117 657 255 -1400 468 -1388 93 -1226 -372 1694 -1305 -425 848 981 -382 -374 -329 -12 -394 1485 243 1081 -1795 -136 -73 173 490 -241 491 -689 394 -105 -696 -1334 -179 1337 -684 137 528 431 -271 -1787 -23 394 767 -1959 704 328 1061 417 -520 368 1173 675 308 -278 -1011 -947 -145 -1142 -230 -803 -896 572 506 -1124 -472 427 147 -65 -708 -415 309 531 -284 -605 471 -61 -353 343 -263 674 -1547 -1088 -488 -390 768 36 -1280 -93 32 9 -891 -427 671 447 -1288 -672 1437 660 -442 685 695 29 602 -560 486 -36 -669 -72 -189 -155 -565 1583 -33 
460 522 501 -145 679 -490 -194 711 -273 -2046 963 -326 90 -981 490 -279 847 -544 -871 -243 791 461 -887 560 -428 195 -598 -665 347 -266 548 -470 739 729 -506 -889 -1637 -316 -227 -529 497 -305 -553 815 -489 -1462 -1083 122 120 417 147 322 -131 -696 -586 -285 -988 856 189 -1472 1227 847 -86 -743 -531 -221 -1346 465 1440 741 -75 -1110 -1406 214 -858 -516 343 562 427 60 430 988 952 260 624 -1771 -350 -576 -76 -359 828 -582 712 -1210 -325 778 -643 801 -982 -512 1553 74 -789 41 1306 240 618 -42 -321 133 -468 441 14 357 317 -165 -415 -594 -37 -409 1587 -1191 -306 347 -423 -513 926 -339 85 10 219 -922 651 -603 906 -499 -334 -1011 252 753 190 1392 -1345 -804 487 -712 -158 -610 387 -224 -1011 -715 1109 16 548 487 -569 -541 -386 -149 -966 470 -704 9 -324 521 -905 348 525 917 -140 -633 125 -595 246 11 624 86 494 -461 -1 -373 -125 255 -1150 625 708 -267 387 -278 104 112 -1199 893 131 -792 241 -530 -379 -287 -624 -82 -720 -520 701 -86 -1725 1027 506 -267 -842 -513 255 -24 1598 -1196 69 350 1413 648 455 -595 114 691 166 163 -648 671 -408 1360 159 -931 -1499 -1519 -326 1075 2 -1011 -967 791 -449 22 150 -767 -819 -152 -791 818 349 1543 -146 -611 171 356 368 33 -659 -137 356 -794 -684 781 299 -1853 -626 -245 -839 -649 241 127 188 512 952 -378 434 517 -841 -2072 440 -833 157 1582 -801 369 604 446 -1221 -772 686 -101 -293 -361 -306 40 -193 -899 -49 235 -316 -598 127 199 -452 -670 -542 347 136 56 516 -1627 1137 553 -45 -377 864 132 766 -247 -60 151 1220 -58 144 -772 -488 -1749 431 692 -42 -247 1349 668 -335 -263 330 -210 -331 -797 -208 163 28 664 -866 98 -674 -1064 138 -530 313 820 -2423 -63 818 -1834 244 -86 -631 326 863 781 914 1135 -5 -1200 343 -1154 1146 592 69 416 1363 -99 -435 -432 392 -52 -740 36 590 -238 179 -326 -777 -221 -719 892 1874 1820 1472 10 -697 -708 737 -885 -142 365 -467 175 -91 943 
11 530 -678 -98 52 -29 -21 -283 198 -40 1586 540 -549 -78 1 -833 1280 -614 1279 -289 47 -205 -907 -2 440 781 777 461 -188 -76 -394 -1185 -245 -285 -298 524 -366 -1344 -32 -370 -129 -178 -927 -1463 -90 94 -1651 107 1544 -568 -2179 1105 374 -326 -130 -671 -600 1189 -689 -904 678 -336 855 -1263 324 679 577 59 -322 -93 74 -2008 685 -721 -346 874 80 -420 -28 382 88 1942 655 -1130 -1043 -878 -1335 519 776 1168 -488 723 201 -1472 1153 1140 1361 -469 -1108 -263 793 1278 -92 898 1507 -734 -1525 -173 -67 1008 -717 -372 -120 474 -163 151 552 -1487 483 1067 394 -1455 -655 -14 1237 -855 1464 50 -297 395 -668 -542 -335 955 694 -619 -573 -1107 -602 274 1244 115 -208 756 -507 -531 834 -54 -107 620 376 -1347 775 -102 775 1369 1650 133 370 1061 -947 546 1244 825 264 -188 -102 -1081 -29 1051 545 -82 -523 175 -719 -131 941 -1875 157 -889 585 -202 521 25 -714 -8 1042 1954 -1431 -1797 170 232 745 178 -18 -302 -331 633 1030 -582 -359 110 198 1029 -200 366 -868 533 828 223 -907 -308 -481 -778 -812 448 -628 -1062 -131 -578 1000 -115 -652 1102 -103 431 -429 -1182 -281 471 1138 -354 1505 619 1410 -671 -545 -176 892 676 579 -424 -599 -1205 -217 -480 1030 177 465 -931 -258 103 268 26 -321 -451 -703 -112 15 -176 -201 -340 -642 -43 -859 -437 550 -546 337 -1042 283 -925 884 1013 1301 417 -738 -65 1252 -901 -389 -243 -428 -377 56 68 182 -885 333 118 373 -232 674 2074 5 445 -491 -673 -18 -751 -998 406 -1065 -44 335 75 -422 1985 115 222 -243 -562 -790 263 -1011 925 -536 5 1245 -476 561 -456 422 -1056 378 -645 -862 29 52 -382 130 -62 562 -21 -838 -1187 300 686 -835 479 -831 1184 549 149 -1961 -863 1473 455 509 -1000 -836 -585 -499 23 -751 48 387 -53 180 30 1061 -419 -1401 -767 442 1211 452 -319 -227 -604 886 117 -669 1254 -1128 103 458 468 -457 117 -738 815 238 -406 -907 280 624 -665 -1120 -177 -164 -253 -1723 -60 236 414 -53 1091 93 570 
-1412 192 196 405 -15 899 -784 -1017 -678 167 -484 312 1582 121 -596 273 550 608 805 1517 -256 -223 -721 498 -561 357 1462 503 613 -240 -1387 -902 -526 -171 -814 -408 1838 524 238 563 575 539 -1160 297 -318 -918 1186 552 -1557 27 -1743 -862 427 534 432 188 2034 -1020 874 1930 -648 169 719 283 -137 -801 106 -610 -1537 -250 -155 -22 -163 -1148 -1119 -300 -69 -763 -773 649 -1784 -572 -967 -546 103 -7 -1050 1267 -193 -989 1153 117 -180 -503 -1008 817 -334 1596 849 113 530 524 373 498 374 -834 -808 317 -364 223 672 1508 -495 791 1383 123 -54 625 -75 -416 -1536 -983 -165 70 896 -289 270 334 -46 162 197 -634 481 854 -440 311 -783 -666 -379 -528 216 1088 112 408 1587 -450 -538 845 -65 654 495 -382 590 -188 322 -225 197 -62 818 1581 781 877 -531 349 741 173 433 615 -1508 744 2060 -1017 -167 -514 237 282 -525 -1998 -94 -600 -425 307 -86 30 -1680 53 406 1108 559 -194 790 525 77 191 465 -408 187 -249 -212 1537 -227 384 -349 -641 -136 -895 1036 0 585 -834 821 504 136 -1531 -172 -225 988 -799 52 -75 46 4 446 -999 350 -1490 1135 199 61 -138 470 -652 113 77 -920 270 -383 390 -191 1105 -816 -1758 -1117 -579 -46 -881 -1774 -487 -126 -363 -668 -419 -61 -21 -991 415 -685 -126 1178 601 847 1229 73 582 -1134 426 364 -857 1431 331 -336 -278 1001 -903 -129 -166 48 -760 -897 -375 399 -1081 -579 34 518 -524 1212 528 -337 -765 -1357 57 672 -628 954 538 -560 -155 -628 1276 -75 1103 451 565 -415 -301 -494 417 -196 565 -870 1061 812 -1321 559 48 389 -299 106 815 -122 -980 494 932 -600 -116 593 1715 -19 455 -1022 252 -1034 477 -583 337 -801 -747 -537 -1966 -49 -1985 1100 -252 -1022 324 -93 -883 -6 1469 -303 -448 57 1005 1179 -19 573 -397 -211 -775 -524 -1268 -538 378 -470 -63 -650 1752 -195 1454 788 -263 86 -133 -135 677 -520 1517 515 -1177 178 -329 119 -780 130 -422 386 636 -424 483 -158 1125 -1593 756 -199 -649 -1291 978 -200 -521 
866 -1642 -598 34 977 -1101 -318 256 63 -1852 -627 -1219 -313 -801 1569 53 944 -761 -734 329 -152 1172 936 1305 620 689 -538 522 -719 -318 142 -183 -1001 -406 -256 276 -750 395 -1447 -512 -339 159 -446 1303 -1018 110 -447 -72 105 107 -422 231 96 -457 -1292 324 -875 1146 -439 873 566 -467 -305 -220 -379 -266 465 -670 115 2204 62 -30 -435 248 145 -1064 1592 -681 196 479 51 394 -161 590 496 -941 -69 184 164 862 924 -307 1648 -1327 -431 -832 -554 742 105 1170 262 29 -694 1350 -476 255 -1045 -1138 493 -269 1255 -356 579 -338 783 -789 -532 454 1008 -259 597 -917 723 642 -571 -735 996 751 323 -603 -1753 -26 505 260 116 -1787 -392 -90 1660 1671 -639 233 648 352 -65 1172 -1430 715 -126 -491 -693 42 63 349 1138 649 1525 454 -199 -35 -1435 367 116 -964 366 -605 -1178 100 -146 -54 281 996 474 234 19 872 1331 -61 -248 -549 -458 -1174 1226 -432 619 -1003 629 -710 998 -285 486 933 75 940 537 388 67 -359 1600 -232 458 -174 -370 400 1514 -67 -757 446 1870 -150 156 -48 179 -1140 1063 -812 694 -824 1165 -1446 -289 -990 1178 451 788 -1200 398 528 -436 1366 675 -771 201 -76 293 633 -220 -520 419 79 113 760 -778 326 -1116 1068 918 188 -162 598 272 -902 -201 -112 -39 -436 -123 418 883 122 503 361 -38 -1105 -90 -483 768 -175 758 1261 18 53 -92 -634 839 516 949 -597 -226 -546 1436 -40 -484 113 -594 320 -132 1409 -814 -1600 -631 1016 -889 -19 1270 115 847 554 -1099 -871 -1164 -36 -984 354 -304 477 176 584 -1149 538 148 -463 806 -565 1528 457 -439 216 -114 -614 3 -241 186 -696 -191 780 -865 397 -466 0 -1992 -97 -485 172 -1015 -1179 18 -65 442 146 159 1268 -1703 -640 -660 -943 989 -259 598 623 -1423 -300 -143 -321 58 478 -379 -1470 -74 1600 -859 1034 -287 -575 161 -411 886 726 605 -613 1389 1073 -226 -914 503 -807 1272 708 -761 -467 -708 -1240 362 77 776 -577 1310 -491 565 -152 -199 624 373 -370 281 307 135 199 1679 547 
-642 -1942 -1057 -374 -341 -1223 1230 219 -826 -409 -75 -1628 -219 -567 564 143 1011 -215 -390 1461 954 -740 -409 -560 467 37 -9 -1325 79 1516 88 429 265 -492 -485 760 24 76 -596 519 -467 302 -907 -578 769 -251 209 -1067 -168 599 1257 512 -194 -455 1037 -230 689 1044 306 896 -1199 -421 179 1177 434 -940 231 1047 -317 -66 -36 750 1771 -499 1407 1146 -425 859 247 -33 9 834 701 592 -349 498 -79 496 -329 303 603 1026 -331 -453 1009 1483 -857 -146 835 314 282 704 205 567 113 -440 -480 -284 -912 118 -492 -592 -192 495 -804 -133 1110 964 204 242 541 -832 1221 -1205 -348 -195 -196 258 -346 798 -1125 -219 787 -622 -164 692 -1166 -1751 -1114 -331 194 493 471 721 -127 108 -37 -704 882 137 -904 339 1006 774 248 707 -350 907 -12 -18 -123 522 1167 -485 -616 -47 -661 -158 856 -785 288 -252 1010 66 -670 1019 70 -818 -138 -1028 709 -1641 616 1480 531 -512 -432 -1318 95 -170 -448 -698 -124 46 -263 -24 935 -752 -202 156 -34 -1097 -340 1880 509 -234 385 516 -505 486 802 -336 74 -1255 -466 -949 -873 -221 216 324 167 1007 876 1567 -429 202 350 -1353 -286 -651 192 213 769 842 -489 961 250 1030 -389 -221 187 946 -698 720 -756 190 -674 455 958 -728 -689 -610 892 -1161 -134 -228 249 1691 1299 -372 925 -802 -249 395 173 206 302 -617 1039 1001 772 685 1067 619 -119 -1136 -994 738 2322 788 -289 334 -188 -581 -1089 -534 -725 1378 -829 -546 -1035 -233 -744 328 54 -1022 -1234 -212 569 503 852 -858 -1007 499 259 -57 260 -346 120 -448 -838 -1086 465 981 -683 135 -644 -123 -1172 646 642 -425 -445 602 856 -7 -785 -1273 -1426 951 596 -406 -321 -711 -101 1191 231 466 -11 626 -529 -859 -210 69 264 -63 507 901 470 127 -846 -807 206 361 -224 800 -333 -1515 848 -54 442 359 -213 813 -539 -266 851 -109 -1201 -753 278 796 114 342 -976 7 -507 -665 -745 -533 -61 -277 -784 214 -435 416 -287 -811 294 1072 -980 210 -229 784 -1431 344 934 223 333 178 
53 158 -77 -720 553 691 -152 -442 -793 -979 1160 -685 606 -1070 -185 -213 -586 844 64 627 -1586 188 -177 -279 -843 138 -192 -1416 562 1022 467 1031 307 215 -314 -1210 -792 77 -310 1973 -715 505 -369 -1154 -102 -1179 -651 -624 734 -496 -637 -525 -662 -78 187 606 -585 -29 144 1774 -87 854 -421 342 1090 -1180 -732 904 -156 343 1367 1182 100 -140 1015 243 1212 28 -925 -1019 1542 467 -316 -251 -558 817 443 904 268 -119 146 250 -1309 -1067 423 253 260 1351 584 240 687 800 -611 504 -56 131 -167 -786 -393 1540 2120 -726 95 1046 180 -1449 281 193 1085 -828 -836 180 -1819 335 -294 -1242 -1957 -1235 443 199 -575 48 -164 1316 -669 -905 -161 -235 -1099 552 758 899 -543 717 -371 1574 -1010 510 -195 410 736 43 -1160 1473 -55 126 -813 -712 -375 -1006 227 1026 -179 830 -442 900 -264 -164 1121 -1733 645 -142 910 1177 925 -233 -101 -464 -1589 -938 -792 -263 682 7 -659 418 -1316 -570 774 801 985 146 422 -1622 -1158 -1174 206 28 -240 -336 -708 259 -611 -160 -251 -1224 -353 282 800 565 1263 315 -1385 -1870 941 117 953 270 1430 703 1909 -1269 -267 979 382 -1429 199 -97 -17 1148 1183 -395 -134 117 -21 -525 -738 822 -313 -666 435 441 -856 -378 -554 -162 -987 642 218 940 32 -307 -916 365 467 1470 -130 -201 -263 -246 54 -234 1042 -40 898 145 471 37 560 1598 225 -715 530 -186 -1026 377 -226 455 1327 -282 -230 -651 504 -492 -735 1055 -173 -306 -599 577 525 -76 61 57 693 902 460 -124 502 -185 350 632 979 -3 -364 1364 -100 137 -479 297 817 1377 1016 -119 -340 907 -103 -971 309 589 174 -927 -211 -61 196 179 -647 159 785 87 -666 -579 74 -64 -146 -276 664 901 390 236 -934 -698 217 -144 1096 1194 536 -1060 -64 869 1566 -1346 -289 576 165 -473 123 -639 1242 -148 -457 -556 939 1330 702 -1005 -482 -203 500 -459 1024 -1193 -786 974 844 -86 -1403 1102 786 -571 617 -304 -1366 651 880 362 1597 -933 452 -867 259 -94 1038 707 246 -481 -107 -515 -146 1206 
-1156 221 -722 826 -892 1210 -1915 -308 -368 -642 410 -925 493 -119 -351 288 107 -715 82 477 217 -584 -1125 407 -598 -518 -182 453 36 -96 -1404 -981 903 290 -199 761 650 313 -640 475 1174 559 -496 104 432 -586 -895 163 -1211 -895 487 1516 92 552 15 272 161 -1464 687 -151 -473 -1628 -79 85 1232 234 442 420 -1022 258 824 356 425 -287 1015 -869 -178 -286 -460 -577 280 262 -44 -517 -663 557 -124 -964 -575 -1455 32 1025 639 -202 -1092 485 454 316 -141 -577 -583 -1022 1197 -138 221 475 641 -36 374 -467 616 -877 -572 1150 -537 -173 -887 359 1247 -498 -366 884 -258 22 557 50 661 -762 814 908 251 -32 912 514 -882 522 -139 -327 -1681 -253 337 -417 208 350 -364 -433 220 -1354 -284 273 1195 1089 -1058 478 -140 -1994 -239 322 216 648 -202 -151 -1297 -366 1297 1036 1129 -133 967 -664 653 -24 638 96 1061 -863 -427 -473 -53 -574 732 -1065 -258 848 -50 777 803 -474 89 -618 -190 -304 476 225 757 433 623 720 779 -1343 -134 436 -795 -411 289 -1777 -1245 -122 1004 372 120 1535 -625 189 152 591 147 -413 -2125 311 1108 -367 89 -423 -439 -499 -1051 -1320 1044 -868 -72 -441 465 1095 -467 431 265 480 348 294 223 -472 -1231 99 230 1302 -42 1065 -2213 -301 317 -395 -117 -536 -477 -113 -962 -53 1200 581 -497 183 -630 1789 -870 1204 1012 328 481 -185 -376 521 511 238 -70 471 -1267 1154 1093 57 -476 493 563 1136 -285 -307 -709 419 357 -601 -256 996 -341 -166 639 152 862 -107 -357 -955 -1114 610 437 641 -1440 302 1189 80 297 -1061 669 -300 70 -516 301 -442 562 -392 1036 42 -1266 -43 871 1763 -1380 484 -989 7 -997 -7 -1122 -1955 218 -485 702 447 -1503 1107 -226 -769 -835 -950 -510 282 992 89 -607 692 698 -337 -471 -893 267 264 418 1621 114 742 1124 820 -418 -762 -736 -452 -812 1120 958 648 -1204 451 -143 -2032 580 1334 145 40 -471 -861 329 -1114 451 747 84 531 -248 -255 -586 259 -101 789 516 665 404 685 437 509 -589 484 678 -525 
1008 -505 70 -263 567 -624 -308 18 -662 295 1602 1551 -158 435 1381 -149 154 269 393 663 -1241 377 169 190 -317 -102 -517 -367 801 308 631 -449 -814 713 -659 -609 -904 479 -259 -153 -1062 400 809 246 -353 -798 211 432 -724 910 -1434 -490 -113 1872 -11 898 -330 140 429 -253 -1231 637 -163 970 910 -953 35 -1060 592 93 558 -196 -390 522 306 -618 68 1127 66 1321 74 -911 -36 -67 -241 871 -693 415 85 -533 -89 -1045 -245 -164 779 179 685 405 -483 222 -654 936 112 -284 1258 772 -747 600 330 -1193 566 -537 326 238 -789 -280 -51 -191 838 -1201 -1120 1102 -76 809 -1783 -417 -1147 -406 583 435 -233 125 678 228 -84 -2120 -842 1169 182 -1149 430 648 185 174 1671 1145 438 -272 -675 -258 142 237 -1033 1874 -59 386 -903 667 -363 254 150 387 222 325 22 241 -900 596 784 237 122 -865 -1397 1307 -628 -659 -727 -86 455 509 -283 -123 97 -741 523 234 1114 -471 711 1080 -2 -59 -519 573 796 108 -166 -319 -941 264 -116 1676 -300 1111 1576 -151 -1378 -409 1309 1051 611 1441 1272 -962 1226 -887 -190 1168 574 446 -696 -146 359 1383 920 291 -734 824 -571 1257 -452 408 1689 804 411 -1393 987 -79 -636 -368 510 1494 -448 -21 -499 -637 -383 -474 657 28 -80 683 107 722 1005 1049 580 -57 1215 995 498 1114 197 636 -441 732 1070 1228 173 -420 438 1209 665 179 -1214 393 395 -459 749 -187 -780 635 -566 -923 -289 1166 -476 525 -307 -421 -908 -268 -595 681 -334 77 -345 1208 -499 -130 -479 -158 -885 -72 -311 -294 303 -434 -751 174 1445 276 297 147 -82 -979 678 717 1 434 -1043 -345 987 -616 -675 -172 -678 1118 555 242 850 -685 96 410 -508 559 -313 2148 -42 -269 8 1541 -284 301 252 -696 -149 516 -1957 -1173 656 -2572 -89 -77 -413 -989 218 -1069 591 -37 -639 1400 289 -1967 -120 -113 454 703 -686 133 1098 826 218 793 192 690 -718 343 -363 -1035 -297 -538 758 129 252 -568 -288 173 258 350 -676 1268 -597 -335 132 -315 132 960 -362 -221 
-88 412 342 -479 508 789 -386 67 492 -1029 -995 -1039 492 414 -694 -743 -1591 1208 -1339 -236 -1648 304 354 -771 613 327 892 456 25 169 153 845 515 752 -51 -759 337 387 -557 -697 232 -4 37 -257 828 311 753 -213 -100 216 483 132 -145 544 -757 824 380 -712 -584 -7 497 225 -115 -893 1064 620 -1065 -1190 -352 -1164 -1579 -556 -668 343 640 910 -45 -933 448 286 671 -844 919 -168 608 -858 -310 -274 -1722 91 -650 21 186 40 -131 -790 -44 160 1327 -1282 -1040 -364 -1061 1175 -215 653 581 674 189 -1027 1110 259 80 1260 -534 175 -285 285 983 -858 -95 34 566 -246 -2070 108 926 -479 164 -312 -1247 536 447 -403 -747 671 629 1234 667 633 870 24 664 1011 67 1477 386 -68 -520 -205 -153 -38 9 460 -174 -461 -247 -427 -681 -425 -231 1132 -1009 -1274 226 -439 -207 816 -65 -85 -856 429 58 384 -457 -330 714 373 547 -204 -1228 -427 965 1101 717 -1857 20 210 348 129 -373 359 366 730 372 1006 1460 64 1510 95 1044 -1108 114 -193 -43 66 -284 -633 -781 -134 -693 619 283 -1500 576 -1142 1692 -278 -979 -38 480 -114 941 -1498 66 416 405 -552 117 -561 -61 649 805 -330 -37 -358 829 87 787 943 738 -434 -1173 -428 -739 858 867 -1079 -978 750 463 1083 1177 -1084 933 -116 -317 117 -46 146 962 475 -286 838 -2284 247 764 445 -1042 157 537 -202 713 -644 1189 607 -88 14 -297 -954 556 -1318 565 824 -119 424 -330 912 -22 -88 -255 645 887 375 -128 232 -71 -22 -9 586 737 -103 1307 -667 -405 320 1063 757 -1436 -758 346 1214 -765 -875 -857 -540 151 -895 -411 -317 -385 -411 901 619 -832 -18 398 250 29 722 -552 440 -1154 -811 -807 146 255 334 28 -369 -409 -714 978 -1164 595 -174 761 -184 -674 -301 -1114 -567 112 378 -515 406 -755 510 495 -226 -1060 -18 -838 748 526 -472 -840 -1856 -662 -1523 -748 341 -976 353 620 529 -294 -911 335 894 1543 -1072 -394 718 67 135 -764 654 -528 -30 -295 717 246 477 745 -234 -2169 520 29 -1095 
1643 337 1384 409 -680 237 1534 318 -1139 -879 -268 -445 317 630 627 -1114 308 1467 -3 352 369 -237 -139 -103 368 674 -1442 618 -924 417 1276 262 -68 564 38 -69 196 -86 675 -356 835 13 1183 1734 429 226 -237 -120 -887 35 1048 653 330 639 482 199 463 506 148 1029 -361 456 -1412 1312 -222 607 -921 4 -87 -121 -312 -243 286 -154 -205 -527 499 99 1137 387 420 -1034 1152 777 237 98 -486 218 337 2095 -242 -1246 -177 -1566 -1269 414 -573 378 457 -47 -571 945 374 13 768 1064 616 1179 1293 -554 -58 -387 804 -293 737 158 655 -1164 -213 1025 -1549 45 270 -120 -143 461 1593 400 681 -703 -1452 569 -405 -421 735 -334 587 958 -1118 -233 200 1009 -915 171 102 308 -141 -373 952 13 -632 67 -175 912 489 100 -169 -165 9 -1082 -756 -523 729 299 -164 -172 -989 727 -403 1292 933 -231 -758 -61 174 441 -338 -64 307 -120 627 -213 236 -678 440 -279 -1141 -1352 448 77 -243 -577 -581 -290 -135 766 702 -107 -158 -741 96 -167 19 753 -361 366 -206 390 236 -664 -294 -552 -131 -1332 760 -344 1 -767 713 743 -517 485 -401 1433 1511 -574 -601 206 -980 449 850 1836 -980 -1109 -629 717 100 115 16 -863 657 573 668 711 -2230 81 0 -52 689 1235 960 -164 -257 1001 -343 122 778 532 -1878 -870 26 137 298 -1383 1055 742 554 -978 483 1458 -823 -5 -869 -67 752 16 269 -817 946 -456 368 473 206 734 764 -235 66 148 -641 471 738 -241 -871 452 -603 394 722 -795 -349 33 -173 -627 1308 -593 -152 678 89 -439 543 -1943 -1048 156 242 -746 -298 -363 124 -494 494 481 165 -471 985 -1035 546 57 -324 -382 -11 117 242 105 127 192 786 -76 743 1273 767 294 -139 534 289 455 -351 803 126 -584 -65 429 795 40 -673 138 303 500 -247 -22 -1035 867 223 202 778 498 -724 -1997 -358 -249 -1289 103 -331 -783 740 -1321 798 -1102 161 446 244 334 -1286 612 637 -1116 -361 -31 -740 783 713 188 -733 494 162 324 -255 -348 -358 436 84 -208 
829 -839 390 -789 -43 870 160 -637 -376 312 479 478 -1136 924 730 398 -631 226 377 912 409 35 184 -846 -502 825 1066 140 1402 1212 248 -346 -896 -1356 -804 -86 -1046 -905 632 -1169 -144 -1084 108 66 -183 -1573 -337 -299 -1947 567 26 -1188 -82 789 -320 1694 862 708 -1118 -907 18 2116 -148 408 -35 378 -140 -468 -78 638 814 -44 1133 882 -152 240 -80 -595 -12 547 -1154 654 504 -1363 105 537 -435 -250 -850 123 628 138 278 -617 220 1107 1291 656 154 -428 44 -541 187 809 741 -185 -1141 -120 166 1100 435 -100 -2236 1110 -425 -316 458 -973 824 -1470 -825 739 1155 634 -98 290 -308 658 -806 295 364 170 1005 -97 -209 -741 1431 -232 -885 997 547 159 897 337 362 242 -24 -836 -471 220 -824 -358 -171 -925 403 1341 60 -93 1028 -485 224 -507 -337 373 -914 310 -1347 191 -19 -204 120 -1200 186 -49 -739 1206 483 -584 -942 897 -576 -699 -386 -1008 -66 -177 -326 -554 -827 -254 -861 1067 786 1159 -171 809 -2050 451 666 391 1370 -498 379 1293 -954 -504 648 561 -1282 1177 -194 -190 -273 -131 -764 67 1772 1050 101 197 -62 129 760 -586 -136 -618 -804 1313 -726 85 681 77 -612 -979 1364 382 -1056 155 -384 -1319 213 163 259 566 592 2232 -1249 -433 649 -1474 -778 -635 -1307 -454 524 1315 401 -1717 -467 -14 74 -151 371 -761 -369 1162 -701 256 740 -1114 -337 -578 -1050 -1229 -287 1426 -641 917 1737 186 -21 85 306 -233 -62 -143 -144 -944 383 -177 744 188 1385 75 -1183 -795 -796 800 -893 -408 487 228 -430 1272 -619 326 349 407 -714 614 410 -1091 27 -556 -432 -410 -871 167 -40 -242 20 383 131 -286 97 -1586 -529 -387 -734 -173 542 601 1507 820 -425 859 -1798 636 -680 452 -181 957 -905 1088 879 -840 -1044 -1565 494 -1083 -255 618 -698 -1394 -723 431 599 -161 1377 955 782 -734 -328 -535 773 -976 493 -24 -1173 22 746 -151 3 660 1015 -746 1783 -792 -29 193 468 -867 -48 -770 -436 45 -271 -118 196 355 -1117 -37 863 -1880 1035 -1041 -1729 625 370 893 
-454 1353 -361 706 175 -696 191 -436 1083 1069 -531 -478 336 -545 754 -506 1138 -1245 -288 -703 -261 -679 1005 174 731 -384 1041 -285 1076 -332 -971 162 753 -209 1010 762 -1588 264 -70 736 611 -278 -223 -340 237 49 -387 142 -846 639 -809 -1266 -223 -1177 -1459 -621 -337 624 674 -33 -34 -1438 -907 -383 -477 -602 309 -204 -414 -293 337 1658 739 -309 479 498 1210 -419 56 959 -1332 -305 -645 195 -1906 883 -291 -932 7 -211 -811 -477 -497 -29 601 -414 -1123 -468 988 -111 -150 -696 601 -272 -411 -100 501 107 1200 -385 -311 957 775 327 -121 -1108 1 -144 -8 497 1078 90 383 -939 -701 1363 572 -2 -292 1540 -882 986 540 872 -1219 243 -460 224 -781 533 431 -44 192 -1091 955 -514 -801 -86 522 -851 1148 84 -484 1558 -870 268 -99 -399 -990 -483 -77 403 1009 1739 -1291 261 -538 -765 221 -586 -40 106 458 136 550 40 -746 54 1187 335 -523 -363 716 997 686 -1334 195 -1082 1534 -1697 436 143 -639 86 -997 -637 1367 -460 -1109 -547 1284 273 -711 -982 194 199 289 299 -733 -1156 -525 -1047 -260 -1134 -535 -98 6 994 -581 -1761 30 -263 -451 204 666 -156 -138 656 971 509 -585 1181 459 -754 325 -709 1162 -255 635 606 422 438 -638 -264 -1280 6 177 953 -917 1289 -1424 32 406 76 376 -281 -864 58 1170 274 -1139 -806 413 455 -538 -329 -377 604 -241 19 -1060 1256 -1561 710 236 -8 -186 395 -838 46 -19 -743 -409 -526 -127 -543 -391 -975 750 -952 257 1685 559 -244 -442 1818 693 126 632 1217 715 1414 255 -858 454 -1509 630 -203 -740 97 760 472 231 1092 98 439 79 -227 1732 87 -2083 -775 32 -372 -156 699 247 519 54 -618 -322 -281 -84 -613 -70 -446 -617 1770 -282 139 23 -251 420 663 151 -1070 302 868 -20 204 284 -966 -850 -268 -1763 -100 400 23 -1879 1651 -1721 -1097 759 1459 897 108 645 108 1589 -1757 922 129 379 -332 -917 325 328 214 490 -753 -315 -1067 -208 627 -403 -248 -162 347 -886 -444 -1442 -1324 -789 -401 975 -348 497 -1039 432 292 
-570 463 -854 1380 1031 -888 -121 201 -10 117 -468 49 771 1254 -97 208 195 -184 -69 -798 -432 -651 1388 -108 601 -40 318 -184 -890 37 -480 -915 1347 -259 1698 -103 -811 -307 -736 -951 1124 -518 -142 -561 474 105 110 469 669 -1492 108 289 -50 -21 -62 211 -26 -785 -106 -579 -431 -7 -577 -1467 410 -189 571 500 -1111 -748 -197 -555 84 1646 -1002 466 -845 -1536 -1425 -756 123 -1269 500 410 -247 177 -560 795 131 -204 -321 535 861 815 217 9 719 264 -335 87 -531 -367 -203 62 -725 517 -486 561 369 -736 361 706 399 1226 -35 595 -700 -670 -445 382 852 25 -698 797 -489 -367 -391 151 1507 -51 -782 -325 401 385 -232 361 671 744 -14 -70 -50 -1550 -550 -811 -828 -984 893 -124 -19 -681 -83 -188 -566 993 -78 -709 239 -397 447 -264 882 1406 75 298 -17 -280 -51 -405 497 1180 -507 -220 579 931 -782 -1443 -382 1364 -89 -304 344 -358 -394 47 -361 456 336 -1721 815 -941 -582 -454 635 547 -119 362 -165 -1041 260 -123 491 902 -564 459 -307 260 302 1028 1050 380 -567 522 -21 264 -748 417 219 -68 301 -337 -617 -2 -1171 -218 398 -606 -336 -91 414 -714 -819 -603 128 -511 210 112 -866 -1444 -702 687 325 -454 -367 -137 -26 -613 593 936 265 -154 -174 -142 -412 609 -113 -1453 -1990 218 -337 -639 -322 221 -1033 -169 -1217 -466 1369 -747 -1297 -302 292 -172 136 97 309 532 -394 -1235 -559 1107 516 -555 -737 -365 -614 -1191 321 1944 -406 -720 -249 564 -558 -539 451 174 1117 -620 305 -887 -375 -1197 327 -658 -202 849 850 -57 29 -470 1 -252 1516 104 -75 -88 934 24 -639 249 1046 -300 905 169 261 1707 490 -1275 -6 944 396 1538 -431 81 -223 241 1082 84 603 -739 494 -448 -1555 -684 -1869 790 -211 -691 -535 139 469 321 -285 1401 159 78 -622 640 -1579 -26 -517 -923 -139 333 -495 336 -1111 -1343 1748 308 667 -583 48 265 84 641 -426 -89 -940 168 339 362 -9 468 913 -755 -337 783 -902 -695 -974 -704 445 421 -595 962 1284 135 -789 -640 
